word,key
宗教,宗教学.总论
宗教观,宗教学.总论
宗教学,宗教学.总论
宗教哲学,宗教学.总论
宗教史学,宗教学.总论
比较宗教学,宗教学.总论
宗教现象学,宗教学.总论
宗教人类学,宗教学.总论
宗教人种学,宗教学.总论
宗教民族学,宗教学.总论
宗教社会学,宗教学.总论
宗教心理学,宗教学.总论
宗教的本质,宗教学.名词、术语
超自然,宗教学.名词、术语
自然,宗教学.名词、术语
超自然力,宗教学.名词、术语
自然力,宗教学.名词、术语
超自然境界,宗教学.名词、术语
自然境界,宗教学.名词、术语
有神论,宗教学.名词、术语
超在论,宗教学.名词、术语
内在论,宗教学.名词、术语
泛神论,宗教学.名词、术语
自然神论,宗教学.名词、术语
不可知论,宗教学.名词、术语
怀疑论,宗教学.名词、术语
无神论,宗教学.名词、术语
宗教的根源,宗教学.名词、术语
宗教的自然根源,宗教学.名词、术语
宗教的社会根源,宗教学.名词、术语
宗教的认识根源,宗教学.名词、术语
宗教的认知根源,宗教学.名词、术语
宗教的心理根源,宗教学.名词、术语
宗教的认识论根源,宗教学.名词、术语
物活论,宗教学.名词、术语
前万物有灵论,宗教学.名词、术语
物神论,宗教学.名词、术语
有灵论,宗教学.名词、术语
万物有灵论,宗教学.名词、术语
泛灵论,宗教学.名词、术语
超自然体,宗教学.名词、术语
精神体,宗教学.名词、术语
灵体,宗教学.名词、术语
自发宗教,宗教学.名词、术语
人为宗教,宗教学.名词、术语
宗教的发展,宗教学.名词、术语
宗教的类型,宗教学.名词、术语
宗教分类法,宗教学.名词、术语
进化论分类,宗教学.名词、术语
人种学-语言学分类,宗教学.名词、术语
地理学分类,宗教学.名词、术语
历史学分类,宗教学.名词、术语
现象学分类,宗教学.名词、术语
拜物教,宗教学.名词、术语
拜神教,宗教学.名词、术语
自然宗教,宗教学.名词、术语
多神教,宗教学.名词、术语
一神教,宗教学.名词、术语
二元神教,宗教学.名词、术语
轮换主神教,宗教学.名词、术语
交替主神教,宗教学.名词、术语
单一主神教,宗教学.名词、术语
单拜一神教,宗教学.名词、术语
部落宗教,宗教学.名词、术语
民族宗教,宗教学.名词、术语
国家宗教,宗教学.名词、术语
民间宗教,宗教学.名词、术语
世界宗教,宗教学.名词、术语
圣典宗教,宗教学.名词、术语
入世型宗教,宗教学.名词、术语
出世型宗教,宗教学.名词、术语
传统宗教,宗教学.名词、术语
新兴宗教,宗教学.名词、术语
膜拜团体,宗教学.名词、术语
邪教组织,宗教学.名词、术语
宗教的要素,宗教学.名词、术语
宗教信仰,宗教学.名词、术语
宗教教义,宗教学.名词、术语
宗教教规,宗教学.名词、术语
宗教戒律,宗教学.名词、术语
宗教信徒,宗教学.名词、术语
教徒,宗教学.名词、术语
宗教组织,宗教学.名词、术语
宗教制度,宗教学.名词、术语
宗教感情,宗教学.名词、术语
宗教经验,宗教学.名词、术语
宗教体验,宗教学.名词、术语
宗教活动,宗教学.名词、术语
宗教场所,宗教学.名词、术语
宗教圣地,宗教学.名词、术语
宗教院校,宗教学.名词、术语
宗教神话,宗教学.名词、术语
神话,宗教学.名词、术语
宗教神学,宗教学.名词、术语
宗教经典,宗教学.名词、术语
宗教圣物,宗教学.名词、术语
宗教用品,宗教学.名词、术语
宗教艺术,宗教学.名词、术语
宗教节日,宗教学.名词、术语
宗教的作用,宗教学.名词、术语
心理慰藉,宗教学.名词、术语
精神慰藉,宗教学.名词、术语
精神抚慰,宗教学.名词、术语
心理安慰,宗教学.名词、术语
心理补偿,宗教学.名词、术语
道德教化,宗教学.名词、术语
社会控制,宗教学.名词、术语
族群整合,宗教学.名词、术语
文化传承,宗教学.名词、术语
宗教的消亡,宗教学.名词、术语
鬼,宗教学.鬼神、崇拜
神,宗教学.鬼神、崇拜
妖精,宗教学.鬼神、崇拜
灵魂,宗教学.鬼神、崇拜
精灵,宗教学.鬼神、崇拜
曼纳,宗教学.鬼神、崇拜
自然神,宗教学.鬼神、崇拜
社会神,宗教学.鬼神、崇拜
拟人神,宗教学.鬼神、崇拜
抽象神,宗教学.鬼神、崇拜
部落神,宗教学.鬼神、崇拜
民族神,宗教学.鬼神、崇拜
家神,宗教学.鬼神、崇拜
行业神,宗教学.鬼神、崇拜
守护神,宗教学.鬼神、崇拜
至高神,宗教学.鬼神、崇拜
创世主,宗教学.鬼神、崇拜
地母,宗教学.鬼神、崇拜
偶像,宗教学.鬼神、崇拜
崇拜,宗教学.鬼神、崇拜
自然崇拜,宗教学.鬼神、崇拜
动物崇拜,宗教学.鬼神、崇拜
植物崇拜,宗教学.鬼神、崇拜
图腾崇拜,宗教学.鬼神、崇拜
祖先崇拜,宗教学.鬼神、崇拜
遗物崇拜,宗教学.鬼神、崇拜
鬼魂崇拜,宗教学.鬼神、崇拜
偶像崇拜,宗教学.鬼神、崇拜
膜拜,宗教学.鬼神、崇拜
启示,宗教学.鬼神、崇拜
天启,宗教学.鬼神、崇拜
塔布,宗教学.鬼神、崇拜
亵渎,宗教学.鬼神、崇拜
迷信,宗教学.鬼神、崇拜
巫术,宗教学.法术、仪式
法术,宗教学.法术、仪式
巫医术,宗教学.法术、仪式
妖术,宗教学.法术、仪式
感染巫术,宗教学.法术、仪式
接触巫术,宗教学.法术、仪式
模拟巫术,宗教学.法术、仪式
顺势巫术,宗教学.法术、仪式
感染律,宗教学.法术、仪式
接触律,宗教学.法术、仪式
相似律,宗教学.法术、仪式
模拟律,宗教学.法术、仪式
炼金术,宗教学.法术、仪式
点金术,宗教学.法术、仪式
哲人之石,宗教学.法术、仪式
点金石,宗教学.法术、仪式
占星术,宗教学.法术、仪式
星占学,宗教学.法术、仪式
丧葬仪式,宗教学.法术、仪式
禁欲,宗教学.法术、仪式
斋戒,宗教学.法术、仪式
巫师,宗教学.法术、仪式
祭司,宗教学.法术、仪式
僧侣,宗教学.法术、仪式
礼拜,宗教学.法术、仪式
祈祷,宗教学.法术、仪式
献祭,宗教学.法术、仪式
忏悔,宗教学.法术、仪式
诅咒,宗教学.法术、仪式
皈依,宗教学.法术、仪式
修行,宗教学.法术、仪式
神通,宗教学.法术、仪式
法力,宗教学.法术、仪式
特异功能,宗教学.法术、仪式
伪科学,宗教学.法术、仪式
神灵拟人说,宗教学.学说、思潮
感恩造神说,宗教学.学说、思潮
先贤造神说,宗教学.学说、思潮
恐惧造神说,宗教学.学说、思潮
惊异造神说,宗教学.学说、思潮
人死封神说,宗教学.学说、思潮
神人无涉论,宗教学.学说、思潮
人文主义,宗教学.学说、思潮
启蒙运动,宗教学.学说、思潮
宗教批判,宗教学.学说、思潮
青年黑格尔派,宗教学.学说、思潮
人本主义,宗教学.学说、思潮
自然主义,宗教学.学说、思潮
世俗化,宗教学.学说、思潮
原教旨主义,宗教学.学说、思潮
宗教极端主义,宗教学.学说、思潮
神秘主义,宗教学.学说、思潮
千禧年运动,宗教学.学说、思潮
灵学,宗教学.学说、思潮
心灵学,宗教学.学说、思潮
超心理学,宗教学.学说、思潮
新时代运动,宗教学.学说、思潮
宗教市场论,宗教学.学说、思潮
马克思主义宗教观,宗教学.学说、思潮
进化论学派,宗教学.学派、机构
维也纳学派,宗教学.学派、机构
功能学派,宗教学.学派、机构
宗教心理学欧洲学派,宗教学.学派、机构
宗教社会学协会,宗教学.学派、机构
宗教科学研究协会,宗教学.学派、机构
宗教研究协会,宗教学.学派、机构
国际科学宗教心理学委员会,宗教学.学派、机构
中华宗教文化交流协会,宗教学.学派、机构
培根,宗教学.人　物
霍布斯,宗教学.人　物
培尔,宗教学.人　物
孔德,宗教学.人　物
施特劳斯,宗教学.人　物
鲍威尔,宗教学.人　物
布鲁诺·鲍威尔,宗教学.人　物
斯宾塞,宗教学.人　物
麦克斯·缪勒,宗教学.人　物
马克斯·缪勒,宗教学.人　物
泰勒,宗教学.人　物
冯特,宗教学.人　物
兰格,宗教学.人　物
史密斯,宗教学.人　物
弗雷泽,宗教学.人　物
弗洛伊德,宗教学.人　物
列维-布留尔,宗教学.人　物
迪尔克姆,宗教学.人　物
杜尔凯姆,宗教学.人　物
涂尔干,宗教学.人　物
博厄斯,宗教学.人　物
韦伯,宗教学.人　物
马雷特,宗教学.人　物
施密特,宗教学.人　物
奥托,宗教学.人　物
舍勒,宗教学.人　物
荣格,宗教学.人　物
马林诺夫斯基,宗教学.人　物
吉尔松,宗教学.人　物
本尼迪克特,宗教学.人　物
马塞尔,宗教学.人　物
李维汉,宗教学.人　物
罗竹风,宗教学.人　物
任继愈,宗教学.人　物
吕大吉,宗教学.人　物
宗教的自然史,宗教学.著　作
基督教的本质,宗教学.著　作
《黑格尔法哲学批判》导言,宗教学.著　作
论犹太人问题,宗教学.著　作
英国状况：评托马斯·卡莱尔的《过去和现在》,宗教学.著　作
德国农民战争,宗教学.著　作
布鲁诺·鲍威尔和原始基督教,宗教学.著　作
启示录,宗教学.著　作
神灵世界中的自然研究,宗教学.著　作
论原始基督教的历史,宗教学.著　作
社会主义和宗教,宗教学.著　作
论工人政党对宗教的态度,宗教学.著　作
论战斗唯物主义的意义,宗教学.著　作
宪法与思想自由,宗教学.著　作
自然的伦理观与孔子,宗教学.著　作
非宗教者宣言,宗教学.著　作
宗教与自由平等博爱,宗教学.著　作
湖南农民运动考察报告,宗教学.著　作
寻乌调查,宗教学.著　作
《中华苏维埃共和国宪法大纲》第十三条,宗教学.著　作
关于喇嘛和喇嘛寺暂行条例,宗教学.著　作
《社会学大纲》批注,宗教学.著　作
新民主主义论,宗教学.著　作
关于回回民族问题的提纲,宗教学.著　作
共产党对宗教的态度,宗教学.著　作
在信仰自由的旗帜之下,宗教学.著　作
发挥人民民主统一战线积极作用的几个问题,宗教学.著　作
关于基督教问题的四次谈话,宗教学.著　作
关于天主教基督教问题的指示,宗教学.著　作
关于处理接受美国津贴的文化教育救济机关及宗教团体的方针的决定,宗教学.著　作
关于积极推进宗教革新运动的指示,宗教学.著　作
不信教的和信教的要互相尊重,宗教学.著　作
进一步加强党的统一战线工作,宗教学.著　作
关于正确处理人民内部矛盾的问题,宗教学.著　作
在全国第七次统战工作会议上的发言,宗教学.著　作
关于我国民族政策的几个问题,宗教学.著　作
在回族伊斯兰教问题座谈会上的讲话,宗教学.著　作
关于民族工作中的几个问题,宗教学.著　作
在民族工作会议上的讲话纪要,宗教学.著　作
关于加强宗教问题的研究,宗教学.著　作
任继愈宗教论集,宗教学.著　作
中国社会主义时期的宗教问题,宗教学.著　作
宗教学通论,宗教学.著　作
西方宗教学说史,宗教学.著　作
当代中国的宗教工作,宗教学.著　作
中国的宗教问题和宗教政策,宗教学.著　作
宗教工作基本方针,宗教学.政策、法规
《中华人民共和国宪法》第三十六条,宗教学.政策、法规
关于我国社会主义时期宗教问题的基本观点和基本政策,宗教学.政策、法规
19号文件,宗教学.政策、法规
中共中央、国务院关于进一步做好宗教工作若干问题的通知,宗教学.政策、法规
中共中央、国务院关于加强宗教工作的决定,宗教学.政策、法规
宗教事务条例,宗教学.政策、法规
外国人宗教活动管理规定,宗教学.政策、法规
藏传佛教活佛转世管理办法,宗教学.政策、法规
佛教,佛教.总　论
释,佛教.总　论
内教,佛教.总　论
外教,佛教.总　论
空门,佛教.总　论
浮屠教,佛教.总　论
原始佛教,佛教.总　论
部派佛教,佛教.总　论
山林佛教,佛教.总　论
都市佛教,佛教.总　论
人生佛教,佛教.总　论
人间佛教,佛教.总　论
大众部,佛教.教派、组织、机构
上座部,佛教.教派、组织、机构
说一切有部,佛教.教派、组织、机构
大乘,佛教.教派、组织、机构
小乘,佛教.教派、组织、机构
中观学派,佛教.教派、组织、机构
大乘空宗,佛教.教派、组织、机构
空宗,佛教.教派、组织、机构
瑜伽行派,佛教.教派、组织、机构
大乘有宗,佛教.教派、组织、机构
有宗,佛教.教派、组织、机构
北传佛教,佛教.教派、组织、机构
中国佛教,佛教.教派、组织、机构
汉传佛教,佛教.教派、组织、机构
般若学,佛教.教派、组织、机构
六家七宗,佛教.教派、组织、机构
即色宗,佛教.教派、组织、机构
心无宗,佛教.教派、组织、机构
本无宗,佛教.教派、组织、机构
毗昙学派,佛教.教派、组织、机构
毗昙宗,佛教.教派、组织、机构
涅槃学派,佛教.教派、组织、机构
涅槃宗,佛教.教派、组织、机构
地论学派,佛教.教派、组织、机构
地论宗,佛教.教派、组织、机构
摄论学派,佛教.教派、组织、机构
摄论宗,佛教.教派、组织、机构
成实学派,佛教.教派、组织、机构
成实宗,佛教.教派、组织、机构
俱舍学派,佛教.教派、组织、机构
俱舍宗,佛教.教派、组织、机构
三论宗,佛教.教派、组织、机构
法性宗,佛教.教派、组织、机构
天台宗,佛教.教派、组织、机构
法华宗,佛教.教派、组织、机构
日莲宗,佛教.教派、组织、机构
日莲正宗,佛教.教派、组织、机构
三阶教,佛教.教派、组织、机构
普法宗,佛教.教派、组织、机构
律宗,佛教.教派、组织、机构
南山宗,佛教.教派、组织、机构
净土宗,佛教.教派、组织、机构
莲宗,佛教.教派、组织、机构
净土真宗,佛教.教派、组织、机构
唯识宗,佛教.教派、组织、机构
法相宗,佛教.教派、组织、机构
慈恩宗,佛教.教派、组织、机构
华严宗,佛教.教派、组织、机构
贤首宗,佛教.教派、组织、机构
禅宗,佛教.教派、组织、机构
佛心宗,佛教.教派、组织、机构
南北宗,佛教.教派、组织、机构
五家七宗,佛教.教派、组织、机构
沩仰宗,佛教.教派、组织、机构
临济宗,佛教.教派、组织、机构
黄龙派,佛教.教派、组织、机构
杨岐派,佛教.教派、组织、机构
曹洞宗,佛教.教派、组织、机构
云门宗,佛教.教派、组织、机构
法眼宗,佛教.教派、组织、机构
黄檗宗,佛教.教派、组织、机构
曹溪宗,佛教.教派、组织、机构
密宗,佛教.教派、组织、机构
真言宗,佛教.教派、组织、机构
东密,佛教.教派、组织、机构
台密,佛教.教派、组织、机构
密教,佛教.教派、组织、机构
显教,佛教.教派、组织、机构
藏传佛教,佛教.教派、组织、机构
喇嘛教,佛教.教派、组织、机构
宁玛派,佛教.教派、组织、机构
红教,佛教.教派、组织、机构
噶当派,佛教.教派、组织、机构
萨迦派,佛教.教派、组织、机构
花教,佛教.教派、组织、机构
噶举派,佛教.教派、组织、机构
白教,佛教.教派、组织、机构
达波噶举,佛教.教派、组织、机构
香巴噶举,佛教.教派、组织、机构
帕竹噶举,佛教.教派、组织、机构
止贡噶举,佛教.教派、组织、机构
达垅噶举,佛教.教派、组织、机构
雅桑噶举,佛教.教派、组织、机构
主巴噶举,佛教.教派、组织、机构
绰浦噶举,佛教.教派、组织、机构
叶巴噶举,佛教.教派、组织、机构
玛仓噶举,佛教.教派、组织、机构
修色噶举,佛教.教派、组织、机构
噶玛噶举,佛教.教派、组织、机构
蔡巴噶举,佛教.教派、组织、机构
拔戎噶举,佛教.教派、组织、机构
觉域派,佛教.教派、组织、机构
希解派,佛教.教派、组织、机构
觉囊派,佛教.教派、组织、机构
夏鲁派,佛教.教派、组织、机构
布顿派,佛教.教派、组织、机构
格鲁派,佛教.教派、组织、机构
黄教,佛教.教派、组织、机构
甘丹派,佛教.教派、组织、机构
藏密,佛教.教派、组织、机构
旧密,佛教.教派、组织、机构
新密,佛教.教派、组织、机构
白莲宗,佛教.教派、组织、机构
南传佛教,佛教.教派、组织、机构
上座部佛教,佛教.教派、组织、机构
云南上座部佛教,佛教.教派、组织、机构
左抵,佛教.教派、组织、机构
允,佛教.教派、组织、机构
耿允,佛教.教派、组织、机构
摆孙,佛教.教派、组织、机构
摆坝,佛教.教派、组织、机构
摆庄,佛教.教派、组织、机构
耿龙,佛教.教派、组织、机构
多列,佛教.教派、组织、机构
大寺派,佛教.教派、组织、机构
无畏山寺派,佛教.教派、组织、机构
暹罗派,佛教.教派、组织、机构
阿摩罗普罗派,佛教.教派、组织、机构
罗曼那派,佛教.教派、组织、机构
法相应部,佛教.教派、组织、机构
大部派,佛教.教派、组织、机构
偏袒派,佛教.教派、组织、机构
全缠派,佛教.教派、组织、机构
善法派,佛教.教派、组织、机构
瑞琴派,佛教.教派、组织、机构
门派,佛教.教派、组织、机构
金陵刻经处,佛教.教派、组织、机构
支那内学院,佛教.教派、组织、机构
武昌佛学院,佛教.教派、组织、机构
闽南佛学院,佛教.教派、组织、机构
汉藏教理院,佛教.教派、组织、机构
中国佛学院,佛教.教派、组织、机构
中国藏语系高级佛学院,佛教.教派、组织、机构
中国佛教协会,佛教.教派、组织、机构
居士林,佛教.教派、组织、机构
香港佛教联合会,佛教.教派、组织、机构
摩诃菩提会,佛教.教派、组织、机构
世界佛教徒联谊会,佛教.教派、组织、机构
世界佛教论坛,佛教.教派、组织、机构
释迦牟尼,佛教.人　物
释迦,佛教.人　物
悉达多,佛教.人　物
乔答摩,佛教.人　物
瞿昙,佛教.人　物
净饭王,佛教.人　物
摩耶夫人,佛教.人　物
五比丘,佛教.人　物
十大弟子,佛教.人　物
迦叶,佛教.人　物
摩诃迦叶,佛教.人　物
舍利弗,佛教.人　物
目犍连,佛教.人　物
摩诃目犍连,佛教.人　物
目连,佛教.人　物
须菩提,佛教.人　物
富楼那,佛教.人　物
迦旃延,佛教.人　物
阿尼律陀,佛教.人　物
阿那律,佛教.人　物
优婆离,佛教.人　物
优波离,佛教.人　物
阿难,佛教.人　物
阿难陀,佛教.人　物
罗睺罗,佛教.人　物
提婆达多,佛教.人　物
频婆娑罗,佛教.人　物
阿阇世王,佛教.人　物
波斯匿王,佛教.人　物
须达多,佛教.人　物
给孤独长者,佛教.人　物
香姓,佛教.人　物
六师,佛教.人　物
大天,佛教.人　物
耶舍,佛教.人　物
阿育王,佛教.人　物
阿输迦,佛教.人　物
目犍连子帝须,佛教.人　物
帝须,佛教.人　物
摩哂陀,佛教.人　物
僧伽蜜多,佛教.人　物
须那,佛教.人　物
那先,佛教.人　物
弥兰陀,佛教.人　物
四日,佛教.人　物
鸠摩罗多,佛教.人　物
童受,佛教.人　物
马鸣,佛教.人　物
迦腻色迦,佛教.人　物
胁尊者,佛教.人　物
迦叶摩腾,佛教.人　物
摄摩腾,佛教.人　物
竺法兰,佛教.人　物
世友,佛教.人　物
安世高,佛教.人　物
支谶,佛教.人　物
支娄迦谶,佛教.人　物
严佛调,佛教.人　物
牟子,佛教.人　物
昙摩迦罗,佛教.人　物
龙树,佛教.人　物
提婆,佛教.人　物
朱士行,佛教.人　物
支谦,佛教.人　物
康僧会,佛教.人　物
竺法护,佛教.人　物
敦煌菩萨,佛教.人　物
佛图澄,佛教.人　物
帛远,佛教.人　物
帛尸梨蜜多罗,佛教.人　物
支敏度,佛教.人　物
支道林,佛教.人　物
支遁,佛教.人　物
道安,佛教.人　物
僧伽提婆,佛教.人　物
无著,佛教.人　物
世亲,佛教.人　物
天亲,佛教.人　物
慧远,佛教.人　物
净影慧远,佛教.人　物
法显,佛教.人　物
四大译经家,佛教.人　物
鸠摩罗什,佛教.人　物
罗什,佛教.人　物
道生,佛教.人　物
竺道生,佛教.人　物
道融,佛教.人　物
佛驮跋陀罗,佛教.人　物
佛音,佛教.人　物
法护,佛教.人　物
铁萨罗,佛教.人　物
僧肇,佛教.人　物
昙无谶,佛教.人　物
智猛,佛教.人　物
畺良耶舍,佛教.人　物
求那跋陀罗,佛教.人　物
慧琳,佛教.人　物
昙曜,佛教.人　物
道荣,佛教.人　物
昙摩罗,佛教.人　物
宝唱,佛教.人　物
陈那,佛教.人　物
僧祐,佛教.人　物
僧朗,佛教.人　物
法云,佛教.人　物
安慧,佛教.人　物
护法,佛教.人　物
二十八祖,佛教.人　物
菩提达摩,佛教.人　物
达摩,佛教.人　物
达磨,佛教.人　物
菩提流支,佛教.人　物
惠生,佛教.人　物
慧生,佛教.人　物
昙鸾,佛教.人　物
司马达等,佛教.人　物
慧光,佛教.人　物
慧可,佛教.人　物
法上,佛教.人　物
慧皎,佛教.人　物
真谛,佛教.人　物
慧文,佛教.人　物
慧思,佛教.人　物
毗尼多流支,佛教.人　物
阇那崛多,佛教.人　物
戒贤,佛教.人　物
智凯,佛教.人　物
信行,佛教.人　物
吉藏,佛教.人　物
法顺,佛教.人　物
杜顺,佛教.人　物
灌顶,佛教.人　物
道绰,佛教.人　物
智首,佛教.人　物
法砺,佛教.人　物
圣德太子,佛教.人　物
戒日王,佛教.人　物
道信,佛教.人　物
法融,佛教.人　物
道宣,佛教.人　物
月称,佛教.人　物
法称,佛教.人　物
玄奘,佛教.人　物
唐僧,佛教.人　物
辩机,佛教.人　物
智俨,佛教.人　物
弘忍,佛教.人　物
神秀,佛教.人　物
善导,佛教.人　物
圆测,佛教.人　物
元晓,佛教.人　物
怀素,佛教.人　物
义湘,佛教.人　物
道昭,佛教.人　物
窥基,佛教.人　物
义净,佛教.人　物
慧能,佛教.人　物
惠能,佛教.人　物
法藏,佛教.人　物
慧沼,佛教.人　物
实叉难陀,佛教.人　物
玄昉,佛教.人　物
行思,佛教.人　物
行基,佛教.人　物
神会,佛教.人　物
金刚智,佛教.人　物
善无畏,佛教.人　物
一行,佛教.人　物
怀让,佛教.人　物
慧日,佛教.人　物
慈愍三藏,佛教.人　物
无相,佛教.人　物
鉴真,佛教.人　物
寒山,佛教.人　物
拾得,佛教.人　物
桑希,佛教.人　物
巴·赛囊,佛教.人　物
莲华生,佛教.人　物
寂护,佛教.人　物
静命,佛教.人　物
仁钦乔,佛教.人　物
宝胜,佛教.人　物
摩诃衍那,佛教.人　物
希迁,佛教.人　物
石头和尚,佛教.人　物
不空,佛教.人　物
马祖,佛教.人　物
道一,佛教.人　物
湛然,佛教.人　物
怀海,佛教.人　物
百丈,佛教.人　物
法照,佛教.人　物
莲花戒,佛教.人　物
般若三藏,佛教.人　物
澄观,佛教.人　物
惠果,佛教.人　物
最澄,佛教.人　物
空海,佛教.人　物
无言通,佛教.人　物
从谂,佛教.人　物
赵州从谂,佛教.人　物
宗密,佛教.人　物
朗达玛,佛教.人　物
圆仁,佛教.人　物
管·法成,佛教.人　物
贝吉多杰,佛教.人　物
义玄,佛教.人　物
良价,佛教.人　物
洞山良价,佛教.人　物
慧寂,佛教.人　物
圆珍,佛教.人　物
本寂,佛教.人　物
曹山本寂,佛教.人　物
布袋和尚,佛教.人　物
契此,佛教.人　物
文益,佛教.人　物
清凉文益,佛教.人　物
延寿,佛教.人　物
永明延寿,佛教.人　物
源信,佛教.人　物
益希微,佛教.人　物
公巴饶萨,佛教.人　物
仁钦桑波,佛教.人　物
知礼,佛教.人　物
四明知礼,佛教.人　物
鲁梅·楚臣喜饶,佛教.人　物
玛·雷必喜饶,佛教.人　物
绛曲微,佛教.人　物
阿底峡,佛教.人　物
方会,佛教.人　物
卓弥·释迦益希,佛教.人　物
索尔波且,佛教.人　物
慧南,佛教.人　物
黄龙慧南,佛教.人　物
仲敦巴,佛教.人　物
草堂,佛教.人　物
玛尔巴,佛教.人　物
博多哇,佛教.人　物
贡却杰波,佛教.人　物
丹巴桑结,佛教.人　物
粗赤拔,佛教.人　物
米拉日巴,佛教.人　物
义天,佛教.人　物
罗丹喜饶,佛教.人　物
克勤,佛教.人　物
圆悟克勤,佛教.人　物
卓浦巴,佛教.人　物
达波拉结,佛教.人　物
琼波南交,佛教.人　物
宗杲,佛教.人　物
昆·贡噶宁波,佛教.人　物
帕木竹巴,佛教.人　物
都松钦巴,佛教.人　物
杰擦,佛教.人　物
向蔡巴,佛教.人　物
林热·白玛多吉,佛教.人　物
源空,佛教.人　物
法然,佛教.人　物
荣西,佛教.人　物
道济,佛教.人　物
智讷,佛教.人　物
藏巴甲热·叶希多吉,佛教.人　物
行秀,佛教.人　物
亲鸾,佛教.人　物
萨班·贡噶坚赞,佛教.人　物
道元,佛教.人　物
噶玛拔希,佛教.人　物
道隆,佛教.人　物
日莲,佛教.人　物
胆巴,佛教.人　物
八思巴,佛教.人　物
突结尊追,佛教.人　物
一宁,佛教.人　物
陈仁宗,佛教.人　物
札巴僧格,佛教.人　物
布顿·仁钦珠,佛教.人　物
大司徒·绛曲坚赞,佛教.人　物
博东·乔列南杰,佛教.人　物
隆钦饶降巴,佛教.人　物
索南坚赞,佛教.人　物
道衍,佛教.人　物
仁达哇·薰努洛追,佛教.人　物
释迦也失,佛教.人　物
宗喀巴,佛教.人　物
贾曹杰·达玛仁钦,佛教.人　物
绛央却杰,佛教.人　物
克主杰·格雷贝桑,佛教.人　物
班禅一世,佛教.人　物
唐东结布,佛教.人　物
根敦朱巴,佛教.人　物
达赖一世,佛教.人　物
薰努贝,佛教.人　物
根敦嘉措,佛教.人　物
达赖二世,佛教.人　物
巴俄·祖拉陈瓦,佛教.人　物
莲池,佛教.人　物
锁南嘉措,佛教.人　物
达赖三世,佛教.人　物
紫柏,佛教.人　物
真可,佛教.人　物
憨山,佛教.人　物
德清,佛教.人　物
罗桑确吉坚赞,佛教.人　物
班禅四世,佛教.人　物
法藏,佛教.人　物
多罗那他,佛教.人　物
汉月,佛教.人　物
隐元,佛教.人　物
蕅益,佛教.人　物
智旭,佛教.人　物
通琇,佛教.人　物
阿旺罗桑嘉措,佛教.人　物
达赖五世,佛教.人　物
嘉木样协巴,佛教.人　物
元绍,佛教.人　物
了观,佛教.人　物
罗桑益西,佛教.人　物
班禅五世,佛教.人　物
仓央嘉措,佛教.人　物
达赖六世,佛教.人　物
萨罗难迦罗,佛教.人　物
司徒却吉迥乃,佛教.人　物
松巴·益西班觉,佛教.人　物
章嘉·若必多吉,佛教.人　物
土观·罗桑却吉尼玛,佛教.人　物
贡塘·丹白准美,佛教.人　物
贝丹益喜,佛教.人　物
班禅六世,佛教.人　物
彭绍升,佛教.人　物
蒙骨王,佛教.人　物
拉玛四世,佛教.人　物
工珠·云丹嘉措,佛教.人　物
杨文会,佛教.人　物
杨仁山,佛教.人　物
虚云,佛教.人　物
李斯·戴维斯,佛教.人　物
菊弥庞,佛教.人　物
南条文雄,佛教.人　物
敬安,佛教.人　物
八指头陀,佛教.人　物
村上专精,佛教.人　物
谛闲,佛教.人　物
织田得能,佛教.人　物
印光,佛教.人　物
奥登堡,佛教.人　物
烈维,佛教.人　物
达摩波罗,佛教.人　物
福舍尔,佛教.人　物
谢尔巴茨柯伊,佛教.人　物
高楠顺次郎,佛教.人　物
蒲辛,佛教.人　物
荻原云来,佛教.人　物
望月信亨,佛教.人　物
常盘大定,佛教.人　物
铃木大拙,佛教.人　物
境野黄洋,佛教.人　物
欧阳竟无,佛教.人　物
欧阳渐,佛教.人　物
乔尝必,佛教.人　物
梁启超,佛教.人　物
蒋维乔,佛教.人　物
应慈,佛教.人　物
丁福保,佛教.人　物
倓虚,佛教.人　物
大谷光瑞,佛教.人　物
慈舟,佛教.人　物
伯希和,佛教.人　物
圆瑛,佛教.人　物
三界智,佛教.人　物
帕塔恰里亚,佛教.人　物
弘一,佛教.人　物
李叔同,佛教.人　物
陈垣,佛教.人　物
黄忏华,佛教.人　物
木村泰贤,佛教.人　物
叶恭绰,佛教.人　物
宇井伯寿,佛教.人　物
班禅九世,佛教.人　物
曲吉尼玛,佛教.人　物
小野玄妙,佛教.人　物
喜饶嘉措,佛教.人　物
苏曼殊,佛教.人　物
韩清净,佛教.人　物
熊十力,佛教.人　物
能海,佛教.人　物
太虚,佛教.人　物
胡適,佛教.人　物
汤用彤,佛教.人　物
持松,佛教.人　物
吕澂,佛教.人　物
王恩洋,佛教.人　物
塚本善隆,佛教.人　物
周叔迦,佛教.人　物
马拉拉色克拉,佛教.人　物
法尊,佛教.人　物
广洽,佛教.人　物
明真,佛教.人　物
清定,佛教.人　物
观空,佛教.人　物
白圣,佛教.人　物
高观如,佛教.人　物
印顺,佛教.人　物
道安,佛教.人　物
宏船,佛教.人　物
赵朴初,佛教.人　物
本焕,佛教.人　物
迦叶波,佛教.人　物
东初,佛教.人　物
巨赞,佛教.人　物
虞愚,佛教.人　物
圆拙,佛教.人　物
妙善,佛教.人　物
妙湛,佛教.人　物
季羡林,佛教.人　物
正果,佛教.人　物
茗山,佛教.人　物
叶均,佛教.人　物
常凯,佛教.人　物
真禅,佛教.人　物
明旸,佛教.人　物
宣化,佛教.人　物
张澄基,佛教.人　物
郭朋,佛教.人　物
圣严,佛教.人　物
张曼涛,佛教.人　物
净慧,佛教.人　物
班禅额尔德尼·确吉坚赞,佛教.人　物
班禅十世,佛教.人　物
佛学,佛教.教　义
三科,佛教.教　义
五蕴,佛教.教　义
色,佛教.教　义
受,佛教.教　义
想,佛教.教　义
行,佛教.教　义
识,佛教.教　义
十二处,佛教.教　义
十八界,佛教.教　义
六根,佛教.教　义
六根清净,佛教.教　义
五情,佛教.教　义
五欲,佛教.教　义
六识,佛教.教　义
六境,佛教.教　义
境界,佛教.教　义
六尘,佛教.教　义
尘缘,佛教.教　义
色相,佛教.教　义
法印,佛教.教　义
三法印,佛教.教　义
四法印,佛教.教　义
一实相印,佛教.教　义
诸法实相,佛教.教　义
无常,佛教.教　义
诸行无常,佛教.教　义
无我,佛教.教　义
诸法无我,佛教.教　义
涅槃,佛教.教　义
灭度,佛教.教　义
圆寂,佛教.教　义
十二因缘,佛教.教　义
无明,佛教.教　义
痴,佛教.教　义
六入,佛教.教　义
名色,佛教.教　义
触,佛教.教　义
爱,佛教.教　义
取,佛教.教　义
有,佛教.教　义
生,佛教.教　义
缘起,佛教.教　义
因缘,佛教.教　义
因果报应,佛教.教　义
四谛,佛教.教　义
四圣谛,佛教.教　义
八苦,佛教.教　义
八正道,佛教.教　义
三十七道品,佛教.教　义
四念处,佛教.教　义
四正勤,佛教.教　义
四如意足,佛教.教　义
四神足,佛教.教　义
五根,佛教.教　义
五力,佛教.教　义
七觉支,佛教.教　义
三学,佛教.教　义
定,佛教.教　义
三昧,佛教.教　义
般舟三昧,佛教.教　义
常行三昧,佛教.教　义
一行三昧,佛教.教　义
禅,佛教.教　义
禅定,佛教.教　义
五停心观,佛教.教　义
数息观,佛教.教　义
止观,佛教.教　义
般若,佛教.教　义
般若波罗蜜多,佛教.教　义
波罗蜜,佛教.教　义
六度,佛教.教　义
六波罗蜜,佛教.教　义
菩提,佛教.教　义
阿耨多罗三藐三菩提,佛教.教　义
菩提心,佛教.教　义
无分别智,佛教.教　义
方便,佛教.教　义
权,佛教.教　义
实,佛教.教　义
究竟,佛教.教　义
法界,佛教.教　义
实相,佛教.教　义
真如,佛教.教　义
佛性,佛教.教　义
如来藏,佛教.教　义
三贤位,佛教.教　义
四善根位,佛教.教　义
业,佛教.教　义
三业,佛教.教　义
引业,佛教.教　义
满业,佛教.教　义
表业,佛教.教　义
无表业,佛教.教　义
业障,佛教.教　义
四业,佛教.教　义
烦恼,佛教.教　义
惑,佛教.教　义
根本烦恼,佛教.教　义
随烦恼,佛教.教　义
三毒,佛教.教　义
解脱,佛教.教　义
出世,佛教.教　义
三天使,佛教.教　义
五位七十五法,佛教.教　义
法,佛教.教　义
有为,佛教.教　义
有为法,佛教.教　义
无为,佛教.教　义
无为法,佛教.教　义
心,佛教.教　义
六因,佛教.教　义
四缘,佛教.教　义
五果,佛教.教　义
五位百法,佛教.教　义
心法,佛教.教　义
八识,佛教.教　义
末那识,佛教.教　义
阿赖耶识,佛教.教　义
三性,佛教.教　义
三自性,佛教.教　义
三无性,佛教.教　义
四分,佛教.教　义
种子,佛教.教　义
熏习,佛教.教　义
现行,佛教.教　义
三类境,佛教.教　义
唯识无境,佛教.教　义
唯识五位,佛教.教　义
五种姓,佛教.教　义
一阐提,佛教.教　义
阐提,佛教.教　义
戒律,佛教.教　义
通戒,佛教.教　义
止持戒,佛教.教　义
作持戒,佛教.教　义
性戒,佛教.教　义
遮戒,佛教.教　义
声闻戒,佛教.教　义
菩萨戒,佛教.教　义
在家戒,佛教.教　义
出家戒,佛教.教　义
出家二戒,佛教.教　义
五戒,佛教.教　义
八戒,佛教.教　义
十戒,佛教.教　义
具足戒,佛教.教　义
大戒,佛教.教　义
清规,佛教.教　义
清规戒律,佛教.教　义
羯磨,佛教.教　义
性相,佛教.教　义
共相,佛教.教　义
自相,佛教.教　义
三界唯心,佛教.教　义
二谛,佛教.教　义
俗谛,佛教.教　义
真谛,佛教.教　义
第一义谛,佛教.教　义
性空,佛教.教　义
假有,佛教.教　义
空,佛教.教　义
空空,佛教.教　义
中道,佛教.教　义
不二法门,佛教.教　义
戏论,佛教.教　义
三谛圆融,佛教.教　义
一心三观,佛教.教　义
一念三千,佛教.教　义
性具,佛教.教　义
四种三昧,佛教.教　义
六即,佛教.教　义
十恶,佛教.教　义
十善,佛教.教　义
常乐我净,佛教.教　义
涅槃四德,佛教.教　义
海印三昧,佛教.教　义
性起,佛教.教　义
理事,佛教.教　义
四法界,佛教.教　义
法界缘起,佛教.教　义
因门六义,佛教.教　义
十玄门,佛教.教　义
六相圆融,佛教.教　义
相即,佛教.教　义
相入,佛教.教　义
本觉,佛教.教　义
始觉,佛教.教　义
初转法轮,佛教.教　义
菩萨十地,佛教.教　义
四无量,佛教.教　义
二障,佛教.教　义
有为四相,佛教.教　义
四有为相,佛教.教　义
正法眼藏,佛教.教　义
顿悟,佛教.教　义
渐悟,佛教.教　义
棒喝,佛教.教　义
禅机,佛教.教　义
转语,佛教.教　义
机锋,佛教.教　义
心传,佛教.教　义
公案,佛教.教　义
话头,佛教.教　义
看话禅,佛教.教　义
参话头,佛教.教　义
如来禅,佛教.教　义
祖师禅,佛教.教　义
默照禅,佛教.教　义
野狐禅,佛教.教　义
生活禅,佛教.教　义
拈花微笑,佛教.教　义
心心相印,佛教.教　义
明心见性,佛教.教　义
本来面目,佛教.教　义
见性成佛,佛教.教　义
二道,佛教.教　义
难行道,佛教.教　义
易行道,佛教.教　义
二门,佛教.教　义
圣道门,佛教.教　义
净土门,佛教.教　义
定散二善,佛教.教　义
定善,佛教.教　义
散善,佛教.教　义
念佛三昧,佛教.教　义
十六观,佛教.教　义
往生,佛教.教　义
回向,佛教.教　义
金刚界,佛教.教　义
胎藏界,佛教.教　义
咒,佛教.教　义
真言,佛教.教　义
陀罗尼,佛教.教　义
五明,佛教.教　义
判教,佛教.教　义
教判,佛教.教　义
教相判释,佛教.教　义
三时教,佛教.教　义
五时,佛教.教　义
八教,佛教.教　义
化法四教,佛教.教　义
化仪四教,佛教.教　义
五教,佛教.教　义
十宗,佛教.教　义
内学,佛教.教　义
外学,佛教.教　义
义学,佛教.教　义
宗门,佛教.教　义
宗下,佛教.教　义
教门,佛教.教　义
教下,佛教.教　义
旧译,佛教.教　义
新译,佛教.教　义
禅学,佛教.教　义
阿毗达磨,佛教.教　义
对法,佛教.教　义
法数,佛教.教　义
名数,佛教.教　义
偈,佛教.教　义
颂,佛教.教　义
长行,佛教.教　义
三时,佛教.教　义
像法,佛教.教　义
末法,佛教.教　义
正法,佛教.教　义
乘,佛教.教　义
一乘,佛教.教　义
二乘,佛教.教　义
三乘,佛教.教　义
五乘,佛教.教　义
法轮,佛教.教　义
宿缘,佛教.教　义
三界,佛教.教　义
五趣,佛教.教　义
五道,佛教.教　义
四生,佛教.教　义
六道,佛教.教　义
六趣,佛教.教　义
六凡四圣,佛教.教　义
十界,佛教.教　义
四摄,佛教.教　义
五行,佛教.教　义
三世,佛教.教　义
宿世,佛教.教　义
轮回,佛教.教　义
六道轮回,佛教.教　义
流转,佛教.教　义
劫,佛教.教　义
四劫,佛教.教　义
万劫,佛教.教　义
刹那,佛教.教　义
须臾,佛教.教　义
由旬,佛教.教　义
四大,佛教.教　义
六大,佛教.教　义
六界,佛教.教　义
有情,佛教.教　义
众生,佛教.教　义
格义,佛教.教　义
表诠,佛教.教　义
遮诠,佛教.教　义
记别,佛教.教　义
授记,佛教.教　义
方等,佛教.教　义
佛法,佛教.教　义
三宝,佛教.教　义
大宝,佛教.教　义
法宝,佛教.教　义
五法,佛教.教　义
腊,佛教.教　义
慈航,佛教.教　义
慈悲,佛教.教　义
感应,佛教.教　义
即身成佛,佛教.教　义
不可思议,佛教.教　义
冷暖自知,佛教.教　义
葛藤,佛教.教　义
外道,佛教.教　义
卐,佛教.教　义
吉祥海云相,佛教.教　义
印可,佛教.教　义
印,佛教.教　义
印契,佛教.教　义
印相,佛教.教　义
加持,佛教.教　义
名,佛教.教　义
名相,佛教.教　义
三密加持,佛教.教　义
六字真言,佛教.教　义
恒住五念,佛教.教　义
那若六法,佛教.教　义
拙火定,佛教.教　义
大圆满法,佛教.教　义
宁玛九乘,佛教.教　义
大手印,佛教.教　义
道果论,佛教.教　义
道果法,佛教.教　义
他空见,佛教.教　义
中阴救度法,佛教.教　义
因明,佛教.因　明
能立,佛教.因　明
能破,佛教.因　明
量,佛教.因　明
现量,佛教.因　明
比量,佛教.因　明
为自比量,佛教.因　明
为他比量,佛教.因　明
共比量,佛教.因　明
自比量,佛教.因　明
他比量,佛教.因　明
圣教量,佛教.因　明
宗,佛教.因　明
宗体,佛教.因　明
宗依,佛教.因　明
因,佛教.因　明
因三相,佛教.因　明
三相,佛教.因　明
九句因,佛教.因　明
喻,佛教.因　明
喻体,佛教.因　明
喻依,佛教.因　明
合,佛教.因　明
结,佛教.因　明
五支作法,佛教.因　明
三支作法,佛教.因　明
离,佛教.因　明
真唯识量,佛教.因　明
都扎,佛教.因　明
佛经,佛教.经籍书文
大藏经,佛教.经籍书文
三藏,佛教.经籍书文
经藏,佛教.经籍书文
律藏,佛教.经籍书文
论藏,佛教.经籍书文
南传大藏经,佛教.经籍书文
汉文大藏经,佛教.经籍书文
宋藏,佛教.经籍书文
开宝藏,佛教.经籍书文
金版大藏经,佛教.经籍书文
金藏,佛教.经籍书文
赵城藏,佛教.经籍书文
元藏,佛教.经籍书文
明藏,佛教.经籍书文
南藏,佛教.经籍书文
北藏,佛教.经籍书文
嘉兴藏,佛教.经籍书文
乾隆版大藏经,佛教.经籍书文
清藏,佛教.经籍书文
龙藏,佛教.经籍书文
高丽大藏经,佛教.经籍书文
高丽藏,佛教.经籍书文
频伽精舍校刊大藏经,佛教.经籍书文
频伽藏,佛教.经籍书文
大正新修大藏经,佛教.经籍书文
大正藏,佛教.经籍书文
续藏经,佛教.经籍书文
大日本续藏经,佛教.经籍书文
卐字续藏,佛教.经籍书文
缩刷藏经,佛教.经籍书文
缩藏,佛教.经籍书文
大日本校订缩刷大藏经,佛教.经籍书文
中华大藏经,佛教.经籍书文
内典,佛教.经籍书文
外典,佛教.经籍书文
十二部经,佛教.经籍书文
贝叶经,佛教.经籍书文
石经,佛教.经籍书文
疑伪经,佛教.经籍书文
阿含经,佛教.经籍书文
三轮法轮经,佛教.经籍书文
那先比丘经,佛教.经籍书文
本生经,佛教.经籍书文
太子瑞应本起经,佛教.经籍书文
瑞应本起经,佛教.经籍书文
过去现在因果经,佛教.经籍书文
修行本起经,佛教.经籍书文
佛本行集经,佛教.经籍书文
贤愚经,佛教.经籍书文
法句经,佛教.经籍书文
佛所行赞,佛教.经籍书文
佛本行经,佛教.经籍书文
百喻经,佛教.经籍书文
四十二章经,佛教.经籍书文
般若经,佛教.经籍书文
大般若经,佛教.经籍书文
金刚经,佛教.经籍书文
心经,佛教.经籍书文
般若波罗蜜多心经,佛教.经籍书文
宝积经,佛教.经籍书文
大宝积经,佛教.经籍书文
无量寿经,佛教.经籍书文
观无量寿经,佛教.经籍书文
观经,佛教.经籍书文
阿弥陀经,佛教.经籍书文
般舟三昧经,佛教.经籍书文
三昧经,佛教.经籍书文
弥勒下生经,佛教.经籍书文
弥勒上生经,佛教.经籍书文
大方等大集经,佛教.经籍书文
大集经,佛教.经籍书文
华严经,佛教.经籍书文
解深密经,佛教.经籍书文
楞伽经,佛教.经籍书文
法华经,佛教.经籍书文
妙法莲华经,佛教.经籍书文
维摩经,佛教.经籍书文
维摩诘经,佛教.经籍书文
胜鬘经,佛教.经籍书文
大般涅槃经,佛教.经籍书文
涅槃经,佛教.经籍书文
遗教经,佛教.经籍书文
大日经,佛教.经籍书文
金刚顶经,佛教.经籍书文
楞严经,佛教.经籍书文
圆觉经,佛教.经籍书文
梵网经,佛教.经籍书文
五部律,佛教.经籍书文
四分律,佛教.经籍书文
摩诃僧祇律,佛教.经籍书文
五分律,佛教.经籍书文
十诵律,佛教.经籍书文
菩萨戒本,佛教.经籍书文
百丈清规,佛教.经籍书文
俱舍论,佛教.经籍书文
阿毗达磨俱舍论,佛教.经籍书文
异部宗轮论,佛教.经籍书文
大毗婆沙论,佛教.经籍书文
成实论,佛教.经籍书文
理惑论,佛教.经籍书文
牟子理惑论,佛教.经籍书文
大乘起信论,佛教.经籍书文
往生论,佛教.经籍书文
无量寿经优波提舍愿生偈,佛教.经籍书文
净土论,佛教.经籍书文
四论,佛教.经籍书文
三论,佛教.经籍书文
中论,佛教.经籍书文
百论,佛教.经籍书文
十二门论,佛教.经籍书文
三论玄义,佛教.经籍书文
大智度论,佛教.经籍书文
肇论,佛教.经籍书文
般若论,佛教.经籍书文
瑜伽师地论,佛教.经籍书文
唯识三十颂,佛教.经籍书文
唯识二十论,佛教.经籍书文
成唯识论,佛教.经籍书文
唯识论,佛教.经籍书文
大乘五蕴论,佛教.经籍书文
八识规矩颂,佛教.经籍书文
大乘法苑义林章,佛教.经籍书文
摄大乘论,佛教.经籍书文
十地经论,佛教.经籍书文
华严经探玄记,佛教.经籍书文
探玄记,佛教.经籍书文
华严五教章,佛教.经籍书文
华严一乘教义分齐章,佛教.经籍书文
五教章,佛教.经籍书文
华严经疏,佛教.经籍书文
大疏,佛教.经籍书文
清凉疏,佛教.经籍书文
华严大疏钞,佛教.经籍书文
华严原人论,佛教.经籍书文
原人论,佛教.经籍书文
天台三大部,佛教.经籍书文
摩诃止观,佛教.经籍书文
法华文句,佛教.经籍书文
法华玄义,佛教.经籍书文
天台四教仪,佛教.经籍书文
往生论注,佛教.经籍书文
净土论注,佛教.经籍书文
安乐集,佛教.经籍书文
观无量寿经疏,佛教.经籍书文
四帖疏,佛教.经籍书文
四分律行事钞,佛教.经籍书文
因明入正理论,佛教.经籍书文
因明大疏,佛教.经籍书文
菩提道灯论,佛教.经籍书文
菩提道次第广论,佛教.经籍书文
密宗道次第广论,佛教.经籍书文
清净道论,佛教.经籍书文
楞伽师资记,佛教.经籍书文
六祖坛经,佛教.经籍书文
坛经,佛教.经籍书文
古尊宿语录,佛教.经籍书文
景德传灯录,佛教.经籍书文
五灯会元,佛教.经籍书文
祖堂集,佛教.经籍书文
禅源诸诠集都序,佛教.经籍书文
宗镜录,佛教.经籍书文
碧岩录,佛教.经籍书文
指月录,佛教.经籍书文
出三藏记集,佛教.经籍书文
历代三宝记,佛教.经籍书文
开元释教录,佛教.经籍书文
佛祖统纪,佛教.经籍书文
至元法宝勘同总录,佛教.经籍书文
佛祖历代通载,佛教.经籍书文
释氏稽古略,佛教.经籍书文
一切经音义,佛教.经籍书文
弘明集,佛教.经籍书文
广弘明集,佛教.经籍书文
法苑珠林,佛教.经籍书文
高僧传,佛教.经籍书文
梁高僧传,佛教.经籍书文
续高僧传,佛教.经籍书文
唐高僧传,佛教.经籍书文
宋高僧传,佛教.经籍书文
大慈恩寺三藏法师传,佛教.经籍书文
大唐西域求法高僧传,佛教.经籍书文
西域求法高僧传,佛教.经籍书文
大唐西域记,佛教.经籍书文
入唐求法巡礼行记,佛教.经籍书文
南海寄归传,佛教.经籍书文
法显传,佛教.经籍书文
佛国记,佛教.经籍书文
释迦方志,佛教.经籍书文
洛阳伽蓝记,佛教.经籍书文
阅藏知津,佛教.经籍书文
翻译名义集,佛教.经籍书文
禅门日诵,佛教.经籍书文
毗尼日用,佛教.经籍书文
大悲忏法,佛教.经籍书文
梁皇忏,佛教.经籍书文
释老志,佛教.经籍书文
藏文大藏经,佛教.经籍书文
甘珠尔,佛教.经籍书文
丹珠尔,佛教.经籍书文
丹噶宫目录,佛教.经籍书文
桑耶寺详志,佛教.经籍书文
巴协,佛教.经籍书文
五部遗教,佛教.经籍书文
语合两卷,佛教.经籍书文
两卷本词语集,佛教.经籍书文
翻译名义大集,佛教.经籍书文
雅隆教法史,佛教.经籍书文
红史,佛教.经籍书文
新红史,佛教.经籍书文
西藏王统记,佛教.经籍书文
西藏王臣记,佛教.经籍书文
汉藏史集,佛教.经籍书文
蒙古佛教史,佛教.经籍书文
安多政教史,佛教.经籍书文
土观宗义源流,佛教.经籍书文
郭扎佛教史,佛教.经籍书文
宗喀巴传,佛教.经籍书文
如意宝树史,佛教.经籍书文
弥勒五论,佛教.经籍书文
慈氏五法,佛教.经籍书文
量理庄严论,佛教.经籍书文
量理藏论,佛教.经籍书文
因明七论,佛教.经籍书文
量学七书,佛教.经籍书文
时轮经,佛教.经籍书文
教派广论,佛教.经籍书文
嘉言库,佛教.经籍书文
卫藏道场圣迹志,佛教.经籍书文
善逝教法史,佛教.经籍书文
布顿佛教史,佛教.经籍书文
青史,佛教.经籍书文
大宝伏藏,佛教.经籍书文
噶当祖师问道语录,佛教.经籍书文
噶当弟子问道语录,佛教.经籍书文
三律仪论,佛教.经籍书文
米拉日巴传,佛教.经籍书文
解脱道庄严论,佛教.经籍书文
解脱道论,佛教.经籍书文
印度佛教史,佛教.经籍书文
佛学大辞典,佛教.经籍书文
望月佛教大辞典,佛教.经籍书文
佛教大辞典,佛教.经籍书文
法音,佛教.经籍书文
结集,佛教.历史事项
第一次结集,佛教.历史事项
第二次结集,佛教.历史事项
十事,佛教.历史事项
五事,佛教.历史事项
第三次结集,佛教.历史事项
第四次结集,佛教.历史事项
沙门不敬王者,佛教.历史事项
灭佛,佛教.历史事项
三武一宗灭佛,佛教.历史事项
法难,佛教.历史事项
魏太武帝灭佛,佛教.历史事项
周武帝灭佛,佛教.历史事项
唐武宗灭佛,佛教.历史事项
会昌法难,佛教.历史事项
周世宗灭佛,佛教.历史事项
一向一揆,佛教.历史事项
废佛毁释,佛教.历史事项
阿育王石刻铭文,佛教.历史事项
佛苯斗争,佛教.历史事项
达磨废佛,佛教.历史事项
前弘期,佛教.历史事项
后弘期,佛教.历史事项
上路弘传,佛教.历史事项
下路弘传,佛教.历史事项
顿渐之争,佛教.历史事项
伏藏,佛教.历史事项
南部伏藏,佛教.历史事项
北部伏藏,佛教.历史事项
佛,佛教.佛、菩萨、诸天
佛陀,佛教.佛、菩萨、诸天
浮屠,佛教.佛、菩萨、诸天
十号,佛教.佛、菩萨、诸天
如来,佛教.佛、菩萨、诸天
世尊,佛教.佛、菩萨、诸天
天尊,佛教.佛、菩萨、诸天
大雄,佛教.佛、菩萨、诸天
七佛,佛教.佛、菩萨、诸天
过去佛,佛教.佛、菩萨、诸天
毗婆尸佛,佛教.佛、菩萨、诸天
尸弃佛,佛教.佛、菩萨、诸天
毗舍婆佛,佛教.佛、菩萨、诸天
拘楼孙佛,佛教.佛、菩萨、诸天
拘那含佛,佛教.佛、菩萨、诸天
迦叶佛,佛教.佛、菩萨、诸天
释迦牟尼佛,佛教.佛、菩萨、诸天
四方佛,佛教.佛、菩萨、诸天
三世佛,佛教.佛、菩萨、诸天
西方三圣,佛教.佛、菩萨、诸天
阿弥陀三尊,佛教.佛、菩萨、诸天
药师三尊,佛教.佛、菩萨、诸天
东方三圣,佛教.佛、菩萨、诸天
日光遍照菩萨,佛教.佛、菩萨、诸天
月光遍照菩萨,佛教.佛、菩萨、诸天
阿弥陀佛,佛教.佛、菩萨、诸天
无量寿佛,佛教.佛、菩萨、诸天
药师佛,佛教.佛、菩萨、诸天
药师如来,佛教.佛、菩萨、诸天
威音王佛,佛教.佛、菩萨、诸天
毗卢遮那佛,佛教.佛、菩萨、诸天
大日如来,佛教.佛、菩萨、诸天
卢舍那佛,佛教.佛、菩萨、诸天
香积佛,佛教.佛、菩萨、诸天
五方佛,佛教.佛、菩萨、诸天
宝生佛,佛教.佛、菩萨、诸天
多宝佛,佛教.佛、菩萨、诸天
燃灯佛,佛教.佛、菩萨、诸天
阿众佛,佛教.佛、菩萨、诸天
弥勒菩萨,佛教.佛、菩萨、诸天
弥勒佛,佛教.佛、菩萨、诸天
未来佛,佛教.佛、菩萨、诸天
三十五佛,佛教.佛、菩萨、诸天
五十三佛,佛教.佛、菩萨、诸天
佛身,佛教.佛、菩萨、诸天
三十二相,佛教.佛、菩萨、诸天
八十种好,佛教.佛、菩萨、诸天
三身,佛教.佛、菩萨、诸天
法身,佛教.佛、菩萨、诸天
报身,佛教.佛、菩萨、诸天
应身,佛教.佛、菩萨、诸天
化身,佛教.佛、菩萨、诸天
菩萨,佛教.佛、菩萨、诸天
法王子,佛教.佛、菩萨、诸天
八大菩萨,佛教.佛、菩萨、诸天
四大菩萨,佛教.佛、菩萨、诸天
观音,佛教.佛、菩萨、诸天
观世音,佛教.佛、菩萨、诸天
观自在,佛教.佛、菩萨、诸天
六观音,佛教.佛、菩萨、诸天
十一面观音,佛教.佛、菩萨、诸天
千手观音,佛教.佛、菩萨、诸天
文殊,佛教.佛、菩萨、诸天
文殊师利,佛教.佛、菩萨、诸天
普贤,佛教.佛、菩萨、诸天
大势至,佛教.佛、菩萨、诸天
水月菩萨,佛教.佛、菩萨、诸天
不空绢索观音,佛教.佛、菩萨、诸天
白衣观音,佛教.佛、菩萨、诸天
地藏菩萨,佛教.佛、菩萨、诸天
金刚萨埵,佛教.佛、菩萨、诸天
金刚手,佛教.佛、菩萨、诸天
准提菩萨,佛教.佛、菩萨、诸天
药王菩萨,佛教.佛、菩萨、诸天
药上菩萨,佛教.佛、菩萨、诸天
韦驮,佛教.佛、菩萨、诸天
维摩诘,佛教.佛、菩萨、诸天
善财,佛教.佛、菩萨、诸天
那吒,佛教.佛、菩萨、诸天
阿罗汉,佛教.佛、菩萨、诸天
罗汉,佛教.佛、菩萨、诸天
斯陀含,佛教.佛、菩萨、诸天
一来,佛教.佛、菩萨、诸天
须陀洹,佛教.佛、菩萨、诸天
预流,佛教.佛、菩萨、诸天
阿那含,佛教.佛、菩萨、诸天
不还,佛教.佛、菩萨、诸天
四向四果,佛教.佛、菩萨、诸天
声闻,佛教.佛、菩萨、诸天
缘觉,佛教.佛、菩萨、诸天
独觉,佛教.佛、菩萨、诸天
十六罗汉,佛教.佛、菩萨、诸天
十八罗汉,佛教.佛、菩萨、诸天
五百罗汉,佛教.佛、菩萨、诸天
金刚,佛教.佛、菩萨、诸天
四天王,佛教.佛、菩萨、诸天
四大金刚,佛教.佛、菩萨、诸天
伽蓝神,佛教.佛、菩萨、诸天
二十天,佛教.佛、菩萨、诸天
天主,佛教.佛、菩萨、诸天
转轮王,佛教.佛、菩萨、诸天
魔,佛教.佛、菩萨、诸天
波旬,佛教.佛、菩萨、诸天
阎罗,佛教.佛、菩萨、诸天
阎王,佛教.佛、菩萨、诸天
十殿阎王,佛教.佛、菩萨、诸天
天龙八部,佛教.佛、菩萨、诸天
夜叉,佛教.佛、菩萨、诸天
龙众,佛教.佛、菩萨、诸天
天,佛教.佛、菩萨、诸天
阿修罗,佛教.佛、菩萨、诸天
修罗,佛教.佛、菩萨、诸天
饿鬼,佛教.佛、菩萨、诸天
罗刹,佛教.佛、菩萨、诸天
色界诸天,佛教.佛、菩萨、诸天
无色界诸天,佛教.佛、菩萨、诸天
四无色天,佛教.佛、菩萨、诸天
四空天,佛教.佛、菩萨、诸天
四空处,佛教.佛、菩萨、诸天
四禅天,佛教.佛、菩萨、诸天
忉利天,佛教.佛、菩萨、诸天
三十三天,佛教.佛、菩萨、诸天
夜摩天,佛教.佛、菩萨、诸天
六欲天,佛教.佛、菩萨、诸天
梵天,佛教.佛、菩萨、诸天
大黑天,佛教.佛、菩萨、诸天
玛哈噶拉,佛教.佛、菩萨、诸天
他化自在天,佛教.佛、菩萨、诸天
帝释天,佛教.佛、菩萨、诸天
兜率天,佛教.佛、菩萨、诸天
非想非非想处,佛教.佛、菩萨、诸天
非非想,佛教.佛、菩萨、诸天
护法神,佛教.佛、菩萨、诸天
本尊,佛教.佛、菩萨、诸天
密集金刚,佛教.佛、菩萨、诸天
胜乐金刚,佛教.佛、菩萨、诸天
喜金刚,佛教.佛、菩萨、诸天
时轮金刚,佛教.佛、菩萨、诸天
马头观音,佛教.佛、菩萨、诸天
马头明王,佛教.佛、菩萨、诸天
明王,佛教.佛、菩萨、诸天
不动明王,佛教.佛、菩萨、诸天
吉祥天女,佛教.佛、菩萨、诸天
吉祥天母,佛教.佛、菩萨、诸天
班丹拉姆,佛教.佛、菩萨、诸天
佛母,佛教.佛、菩萨、诸天
空行母,佛教.佛、菩萨、诸天
明妃,佛教.佛、菩萨、诸天
度母,佛教.佛、菩萨、诸天
金刚亥母,佛教.佛、菩萨、诸天
欢喜天,佛教.佛、菩萨、诸天
双身佛,佛教.佛、菩萨、诸天
娑婆世界,佛教.佛、菩萨、诸天
极乐世界,佛教.佛、菩萨、诸天
安养,佛教.佛、菩萨、诸天
西天,佛教.佛、菩萨、诸天
净土,佛教.佛、菩萨、诸天
九品莲台,佛教.佛、菩萨、诸天
化境,佛教.佛、菩萨、诸天
三千大千世界,佛教.佛、菩萨、诸天
大千世界,佛教.佛、菩萨、诸天
四大部洲,佛教.佛、菩萨、诸天
四洲,佛教.佛、菩萨、诸天
东胜身洲,佛教.佛、菩萨、诸天
南赡部洲,佛教.佛、菩萨、诸天
西牛货洲,佛教.佛、菩萨、诸天
北俱卢洲,佛教.佛、菩萨、诸天
须弥山,佛教.佛、菩萨、诸天
地狱,佛教.佛、菩萨、诸天
八大地狱,佛教.佛、菩萨、诸天
阿鼻地狱,佛教.佛、菩萨、诸天
无间地狱,佛教.佛、菩萨、诸天
沙门,佛教.称谓、教职、教制
桑门,佛教.称谓、教职、教制
和尚,佛教.称谓、教职、教制
比丘,佛教.称谓、教职、教制
比丘尼,佛教.称谓、教职、教制
尼姑,佛教.称谓、教职、教制
沙弥,佛教.称谓、教职、教制
沙弥尼,佛教.称谓、教职、教制
高僧,佛教.称谓、教职、教制
尊者,佛教.称谓、教职、教制
上人,佛教.称谓、教职、教制
僧伽,佛教.称谓、教职、教制
僧,佛教.称谓、教职、教制
道人,佛教.称谓、教职、教制
法师,佛教.称谓、教职、教制
大德,佛教.称谓、教职、教制
阿阇梨,佛教.称谓、教职、教制
禅和子,佛教.称谓、教职、教制
头陀,佛教.称谓、教职、教制
居士,佛教.称谓、教职、教制
优婆塞,佛教.称谓、教职、教制
优婆夷,佛教.称谓、教职、教制
式叉摩那,佛教.称谓、教职、教制
学戒女,佛教.称谓、教职、教制
七众,佛教.称谓、教职、教制
四众,佛教.称谓、教职、教制
三藏法师,佛教.称谓、教职、教制
经师,佛教.称谓、教职、教制
律师,佛教.称谓、教职、教制
论师,佛教.称谓、教职、教制
大师,佛教.称谓、教职、教制
宗师,佛教.称谓、教职、教制
施主,佛教.称谓、教职、教制
檀越,佛教.称谓、教职、教制
功德主,佛教.称谓、教职、教制
空门子,佛教.称谓、教职、教制
缁门,佛教.称谓、教职、教制
法名,佛教.称谓、教职、教制
释子,佛教.称谓、教职、教制
戒和尚,佛教.称谓、教职、教制
羯磨师,佛教.称谓、教职、教制
教授师,佛教.称谓、教职、教制
三师七证,佛教.称谓、教职、教制
戒腊,佛教.称谓、教职、教制
赐紫,佛教.称谓、教职、教制
护法,佛教.称谓、教职、教制
梵志,佛教.称谓、教职、教制
僧制,佛教.称谓、教职、教制
上座,佛教.称谓、教职、教制
长老,佛教.称谓、教职、教制
住持,佛教.称谓、教职、教制
方丈,佛教.称谓、教职、教制
三纲,佛教.称谓、教职、教制
两序,佛教.称谓、教职、教制
东序,佛教.称谓、教职、教制
西序,佛教.称谓、教职、教制
头首,佛教.称谓、教职、教制
知事,佛教.称谓、教职、教制
首座,佛教.称谓、教职、教制
西堂,佛教.称谓、教职、教制
后堂,佛教.称谓、教职、教制
堂主,佛教.称谓、教职、教制
书记,佛教.称谓、教职、教制
知藏,佛教.称谓、教职、教制
知客,佛教.称谓、教职、教制
知浴,佛教.称谓、教职、教制
知殿,佛教.称谓、教职、教制
都寺,佛教.称谓、教职、教制
监寺,佛教.称谓、教职、教制
监院,佛教.称谓、教职、教制
副寺,佛教.称谓、教职、教制
典座,佛教.称谓、教职、教制
直岁,佛教.称谓、教职、教制
维那,佛教.称谓、教职、教制
悦众,佛教.称谓、教职、教制
参头,佛教.称谓、教职、教制
庄主,佛教.称谓、教职、教制
化主,佛教.称谓、教职、教制
寮元,佛教.称谓、教职、教制
水头,佛教.称谓、教职、教制
门头,佛教.称谓、教职、教制
净头,佛教.称谓、教职、教制
行者,佛教.称谓、教职、教制
云水僧,佛教.称谓、教职、教制
云水,佛教.称谓、教职、教制
游方僧,佛教.称谓、教职、教制
行脚僧,佛教.称谓、教职、教制
行脚,佛教.称谓、教职、教制
净人,佛教.称谓、教职、教制
僧祇户,佛教.称谓、教职、教制
僧兵,佛教.称谓、教职、教制
僧录,佛教.称谓、教职、教制
僧官,佛教.称谓、教职、教制
管属僧尼,佛教.称谓、教职、教制
监福曹,佛教.称谓、教职、教制
昭玄寺,佛教.称谓、教职、教制
昭玄曹,佛教.称谓、教职、教制
崇玄署,佛教.称谓、教职、教制
僧统,佛教.称谓、教职、教制
昭玄统,佛教.称谓、教职、教制
沙门统,佛教.称谓、教职、教制
僧正,佛教.称谓、教职、教制
左右街僧录,佛教.称谓、教职、教制
僧录司,佛教.称谓、教职、教制
左右街功德使,佛教.称谓、教职、教制
试经度僧,佛教.称谓、教职、教制
宣政院,佛教.称谓、教职、教制
金瓶掣签,佛教.称谓、教职、教制
法王,佛教.称谓、教职、教制
帝师,佛教.称谓、教职、教制
国师,佛教.称谓、教职、教制
僧王,佛教.称谓、教职、教制
喇嘛,佛教.称谓、教职、教制
上师,佛教.称谓、教职、教制
活佛,佛教.称谓、教职、教制
达赖喇嘛,佛教.称谓、教职、教制
达赖,佛教.称谓、教职、教制
班禅额尔德尼,佛教.称谓、教职、教制
班禅,佛教.称谓、教职、教制
扎仓,佛教.称谓、教职、教制
堪布,佛教.称谓、教职、教制
格西,佛教.称谓、教职、教制
拉然巴格西,佛教.称谓、教职、教制
林赛格西,佛教.称谓、教职、教制
磋然巴格西,佛教.称谓、教职、教制
多让巴格西,佛教.称谓、教职、教制
孜仲,佛教.称谓、教职、教制
呼图克图,佛教.称谓、教职、教制
诺门汗,佛教.称谓、教职、教制
格贵,佛教.称谓、教职、教制
墀巴,佛教.称谓、教职、教制
法台,佛教.称谓、教职、教制
甘丹墀巴,佛教.称谓、教职、教制
钵阐布,佛教.称谓、教职、教制
呼毕勒罕,佛教.称谓、教职、教制
转世,佛教.称谓、教职、教制
坐床,佛教.称谓、教职、教制
翁则,佛教.称谓、教职、教制
大宝法王,佛教.称谓、教职、教制
大乘法王,佛教.称谓、教职、教制
大慈法王,佛教.称谓、教职、教制
明封三大法王,佛教.称谓、教职、教制
哲布尊丹巴,佛教.称谓、教职、教制
章嘉呼图克图,佛教.称谓、教职、教制
帕巴拉呼图克图,佛教.称谓、教职、教制
嘉木样呼图克图,佛教.称谓、教职、教制
热振呼图克图,佛教.称谓、教职、教制
噶玛噶举黑帽系,佛教.称谓、教职、教制
噶玛噶举红帽系,佛教.称谓、教职、教制
本末制度,佛教.称谓、教职、教制
法衣,佛教.法衣、法器、梵乐、艺术等
五衣,佛教.法衣、法器、梵乐、艺术等
二衣,佛教.法衣、法器、梵乐、艺术等
袈裟,佛教.法衣、法器、梵乐、艺术等
三衣,佛教.法衣、法器、梵乐、艺术等
衲衣,佛教.法衣、法器、梵乐、艺术等
百衲衣,佛教.法衣、法器、梵乐、艺术等
粪扫衣,佛教.法衣、法器、梵乐、艺术等
紫衣,佛教.法衣、法器、梵乐、艺术等
络子,佛教.法衣、法器、梵乐、艺术等
班霞,佛教.法衣、法器、梵乐、艺术等
五佛冠,佛教.法衣、法器、梵乐、艺术等
法器,佛教.法衣、法器、梵乐、艺术等
钟,佛教.法衣、法器、梵乐、艺术等
梵钟,佛教.法衣、法器、梵乐、艺术等
鼓,佛教.法衣、法器、梵乐、艺术等
法鼓,佛教.法衣、法器、梵乐、艺术等
云鼓,佛教.法衣、法器、梵乐、艺术等
铃,佛教.法衣、法器、梵乐、艺术等
藏铃,佛教.法衣、法器、梵乐、艺术等
金刚铃,佛教.法衣、法器、梵乐、艺术等
钲,佛教.法衣、法器、梵乐、艺术等
木鱼,佛教.法衣、法器、梵乐、艺术等
引磬,佛教.法衣、法器、梵乐、艺术等
铛子,佛教.法衣、法器、梵乐、艺术等
铪子,佛教.法衣、法器、梵乐、艺术等
钹,佛教.法衣、法器、梵乐、艺术等
铙钹,佛教.法衣、法器、梵乐、艺术等
云板,佛教.法衣、法器、梵乐、艺术等
斋板,佛教.法衣、法器、梵乐、艺术等
念珠,佛教.法衣、法器、梵乐、艺术等
幢,佛教.法衣、法器、梵乐、艺术等
金幢,佛教.法衣、法器、梵乐、艺术等
幡,佛教.法衣、法器、梵乐、艺术等
蒲团,佛教.法衣、法器、梵乐、艺术等
手炉,佛教.法衣、法器、梵乐、艺术等
香炉,佛教.法衣、法器、梵乐、艺术等
戒尺,佛教.法衣、法器、梵乐、艺术等
钵,佛教.法衣、法器、梵乐、艺术等
衣钵,佛教.法衣、法器、梵乐、艺术等
锡杖,佛教.法衣、法器、梵乐、艺术等
禅杖,佛教.法衣、法器、梵乐、艺术等
戒刀,佛教.法衣、法器、梵乐、艺术等
拂子,佛教.法衣、法器、梵乐、艺术等
护身符,佛教.法衣、法器、梵乐、艺术等
度牒,佛教.法衣、法器、梵乐、艺术等
戒牒,佛教.法衣、法器、梵乐、艺术等
七宝,佛教.法衣、法器、梵乐、艺术等
法轮,佛教.法衣、法器、梵乐、艺术等
三宝物,佛教.法衣、法器、梵乐、艺术等
宝盖,佛教.法衣、法器、梵乐、艺术等
供具,佛教.法衣、法器、梵乐、艺术等
三衣六物,佛教.法衣、法器、梵乐、艺术等
六物,佛教.法衣、法器、梵乐、艺术等
十八物,佛教.法衣、法器、梵乐、艺术等
百一物,佛教.法衣、法器、梵乐、艺术等
长物,佛教.法衣、法器、梵乐、艺术等
道场,佛教.法衣、法器、梵乐、艺术等
曼荼罗,佛教.法衣、法器、梵乐、艺术等
坛场,佛教.法衣、法器、梵乐、艺术等
坛城,佛教.法衣、法器、梵乐、艺术等
五谷,佛教.法衣、法器、梵乐、艺术等
舍利,佛教.法衣、法器、梵乐、艺术等
佛牙,佛教.法衣、法器、梵乐、艺术等
坐具,佛教.法衣、法器、梵乐、艺术等
尼师坛,佛教.法衣、法器、梵乐、艺术等
狮子座,佛教.法衣、法器、梵乐、艺术等
僧籍,佛教.法衣、法器、梵乐、艺术等
金刚杵,佛教.法衣、法器、梵乐、艺术等
金刚橛,佛教.法衣、法器、梵乐、艺术等
手鼓,佛教.法衣、法器、梵乐、艺术等
嘎巴拉碗,佛教.法衣、法器、梵乐、艺术等
颅骨碗,佛教.法衣、法器、梵乐、艺术等
曼札,佛教.法衣、法器、梵乐、艺术等
经幡,佛教.法衣、法器、梵乐、艺术等
风马旗,佛教.法衣、法器、梵乐、艺术等
嘛呢堆,佛教.法衣、法器、梵乐、艺术等
嘛呢轮,佛教.法衣、法器、梵乐、艺术等
转经筒,佛教.法衣、法器、梵乐、艺术等
佛像,佛教.法衣、法器、梵乐、艺术等
佛曲,佛教.法衣、法器、梵乐、艺术等
梵呗,佛教.法衣、法器、梵乐、艺术等
转读,佛教.法衣、法器、梵乐、艺术等
变文,佛教.法衣、法器、梵乐、艺术等
变相,佛教.法衣、法器、梵乐、艺术等
经变,佛教.法衣、法器、梵乐、艺术等
宝卷,佛教.法衣、法器、梵乐、艺术等
哈达,佛教.法衣、法器、梵乐、艺术等
唐卡,佛教.法衣、法器、梵乐、艺术等
灯节佛供,佛教.法衣、法器、梵乐、艺术等
酥油花,佛教.法衣、法器、梵乐、艺术等
酥油灯,佛教.法衣、法器、梵乐、艺术等
格乌,佛教.法衣、法器、梵乐、艺术等
察察,佛教.法衣、法器、梵乐、艺术等
归依,佛教.礼仪、节日等
皈依,佛教.礼仪、节日等
三皈依,佛教.礼仪、节日等
剃度,佛教.礼仪、节日等
鬻度,佛教.礼仪、节日等
出家,佛教.礼仪、节日等
披剃,佛教.礼仪、节日等
得度,佛教.礼仪、节日等
度僧,佛教.礼仪、节日等
南无,佛教.礼仪、节日等
发心,佛教.礼仪、节日等
传戒,佛教.礼仪、节日等
受戒,佛教.礼仪、节日等
布萨,佛教.礼仪、节日等
灌顶,佛教.礼仪、节日等
瑜伽,佛教.礼仪、节日等
修行,佛教.礼仪、节日等
苦行,佛教.礼仪、节日等
安居,佛教.礼仪、节日等
自恣,佛教.礼仪、节日等
参禅,佛教.礼仪、节日等
坐禅,佛教.礼仪、节日等
同参,佛教.礼仪、节日等
打七,佛教.礼仪、节日等
禅七,佛教.礼仪、节日等
佛七,佛教.礼仪、节日等
威仪,佛教.礼仪、节日等
四威仪,佛教.礼仪、节日等
跏趺,佛教.礼仪、节日等
结跏趺坐,佛教.礼仪、节日等
打坐,佛教.礼仪、节日等
手印,佛教.礼仪、节日等
入定,佛教.礼仪、节日等
飞锡,佛教.礼仪、节日等
挂单,佛教.礼仪、节日等
朝山,佛教.礼仪、节日等
坐化,佛教.礼仪、节日等
取经,佛教.礼仪、节日等
荼毗,佛教.礼仪、节日等
火葬,佛教.礼仪、节日等
礼拜,佛教.礼仪、节日等
顶礼,佛教.礼仪、节日等
五体投地,佛教.礼仪、节日等
合十,佛教.礼仪、节日等
合掌,佛教.礼仪、节日等
传法,佛教.礼仪、节日等
嗣法,佛教.礼仪、节日等
上堂,佛教.礼仪、节日等
问讯,佛教.礼仪、节日等
长跪,佛教.礼仪、节日等
互跪,佛教.礼仪、节日等
功德,佛教.礼仪、节日等
供养,佛教.礼仪、节日等
赕,佛教.礼仪、节日等
鲁,佛教.礼仪、节日等
布施,佛教.礼仪、节日等
法施,佛教.礼仪、节日等
熬茶,佛教.礼仪、节日等
托钵,佛教.礼仪、节日等
化缘,佛教.礼仪、节日等
结缘,佛教.礼仪、节日等
机缘,佛教.礼仪、节日等
劝化,佛教.礼仪、节日等
大化,佛教.礼仪、节日等
大事,佛教.礼仪、节日等
开悟,佛教.礼仪、节日等
忏悔,佛教.礼仪、节日等
拜忏,佛教.礼仪、节日等
开光,佛教.礼仪、节日等
超度,佛教.礼仪、节日等
施食,佛教.礼仪、节日等
普请,佛教.礼仪、节日等
持斋,佛教.礼仪、节日等
六斋日,佛教.礼仪、节日等
十斋日,佛教.礼仪、节日等
闭关,佛教.礼仪、节日等
参,佛教.礼仪、节日等
朝参,佛教.礼仪、节日等
晚参,佛教.礼仪、节日等
小参,佛教.礼仪、节日等
大参,佛教.礼仪、节日等
普说,佛教.礼仪、节日等
禁语,佛教.礼仪、节日等
四事供养,佛教.礼仪、节日等
四种报恩,佛教.礼仪、节日等
五逆大罪,佛教.礼仪、节日等
放参,佛教.礼仪、节日等
七七,佛教.礼仪、节日等
百日,佛教.礼仪、节日等
佛事,佛教.礼仪、节日等
法事,佛教.礼仪、节日等
经忏,佛教.礼仪、节日等
忏法,佛教.礼仪、节日等
水陆道场,佛教.礼仪、节日等
水陆法会,佛教.礼仪、节日等
水陆斋,佛教.礼仪、节日等
焰口,佛教.礼仪、节日等
放焰口,佛教.礼仪、节日等
法会,佛教.礼仪、节日等
无遮大会,佛教.礼仪、节日等
水忏,佛教.礼仪、节日等
慈悲水忏,佛教.礼仪、节日等
追福,佛教.礼仪、节日等
追荐,佛教.礼仪、节日等
斋七,佛教.礼仪、节日等
佛诞节,佛教.礼仪、节日等
浴佛节,佛教.礼仪、节日等
成道节,佛教.礼仪、节日等
盂兰盆会,佛教.礼仪、节日等
腊八,佛教.礼仪、节日等
涅槃节,佛教.礼仪、节日等
萨噶达瓦,佛教.礼仪、节日等
跳神节,佛教.礼仪、节日等
强木,佛教.礼仪、节日等
羌姆,佛教.礼仪、节日等
煨桑,佛教.礼仪、节日等
传召,佛教.礼仪、节日等
雪顿节,佛教.礼仪、节日等
转法轮节,佛教.礼仪、节日等
竹巴慈希,佛教.礼仪、节日等
燃灯节,佛教.礼仪、节日等
沐浴节,佛教.礼仪、节日等
泼水节,佛教.礼仪、节日等
关门节,佛教.礼仪、节日等
开门节,佛教.礼仪、节日等
吠舍佉节,佛教.礼仪、节日等
卫赛节,佛教.礼仪、节日等
普桑节,佛教.礼仪、节日等
佛牙节,佛教.礼仪、节日等
暖佛节,佛教.礼仪、节日等
世界佛陀日,佛教.礼仪、节日等
迦毗罗卫,佛教.圣地、名山、寺院等.圣地、名山
蓝毗尼,佛教.圣地、名山、寺院等.圣地、名山
菩提伽耶,佛教.圣地、名山、寺院等.圣地、名山
佛陀伽耶,佛教.圣地、名山、寺院等.圣地、名山
大菩提寺,佛教.圣地、名山、寺院等.圣地、名山
菩提树,佛教.圣地、名山、寺院等.圣地、名山
拘尸那迦,佛教.圣地、名山、寺院等.圣地、名山
鹿野苑,佛教.圣地、名山、寺院等.圣地、名山
王舍城,佛教.圣地、名山、寺院等.圣地、名山
曲女城,佛教.圣地、名山、寺院等.圣地、名山
灵鹫山,佛教.圣地、名山、寺院等.圣地、名山
祇园,佛教.圣地、名山、寺院等.圣地、名山
祇树给孤独园,佛教.圣地、名山、寺院等.圣地、名山
胜林给孤独园,佛教.圣地、名山、寺院等.圣地、名山
祇园精舍,佛教.圣地、名山、寺院等.圣地、名山
竹林精舍,佛教.圣地、名山、寺院等.圣地、名山
阿马拉瓦蒂,佛教.圣地、名山、寺院等.圣地、名山
阿努拉达普拉,佛教.圣地、名山、寺院等.圣地、名山
蒲甘,佛教.圣地、名山、寺院等.圣地、名山
五台山,佛教.圣地、名山、寺院等.圣地、名山
峨眉山,佛教.圣地、名山、寺院等.圣地、名山
普陀山,佛教.圣地、名山、寺院等.圣地、名山
九华山,佛教.圣地、名山、寺院等.圣地、名山
鸡足山,佛教.圣地、名山、寺院等.圣地、名山
乐山大佛,佛教.圣地、名山、寺院等.圣地、名山
天坛大佛,佛教.圣地、名山、寺院等.圣地、名山
普陀山南海观音,佛教.圣地、名山、寺院等.圣地、名山
灵山大佛,佛教.圣地、名山、寺院等.圣地、名山
南山寺海上观音,佛教.圣地、名山、寺院等.圣地、名山
寺,佛教.圣地、名山、寺院等.寺　院
佛寺,佛教.圣地、名山、寺院等.寺　院
寺院,佛教.圣地、名山、寺院等.寺　院
伽蓝,佛教.圣地、名山、寺院等.寺　院
阿兰若,佛教.圣地、名山、寺院等.寺　院
兰若,佛教.圣地、名山、寺院等.寺　院
精舍,佛教.圣地、名山、寺院等.寺　院
丛林,佛教.圣地、名山、寺院等.寺　院
十方丛林,佛教.圣地、名山、寺院等.寺　院
禅林,佛教.圣地、名山、寺院等.寺　院
梵刹,佛教.圣地、名山、寺院等.寺　院
庵,佛教.圣地、名山、寺院等.寺　院
尼庵,佛教.圣地、名山、寺院等.寺　院
昭庙,佛教.圣地、名山、寺院等.寺　院
殿堂,佛教.圣地、名山、寺院等.寺　院
山门,佛教.圣地、名山、寺院等.寺　院
三门,佛教.圣地、名山、寺院等.寺　院
大雄宝殿,佛教.圣地、名山、寺院等.寺　院
佛殿,佛教.圣地、名山、寺院等.寺　院
金堂,佛教.圣地、名山、寺院等.寺　院
天王殿,佛教.圣地、名山、寺院等.寺　院
毗卢殿,佛教.圣地、名山、寺院等.寺　院
藏经阁,佛教.圣地、名山、寺院等.寺　院
万佛楼,佛教.圣地、名山、寺院等.寺　院
转轮藏殿,佛教.圣地、名山、寺院等.寺　院
金刚殿,佛教.圣地、名山、寺院等.寺　院
伽蓝殿,佛教.圣地、名山、寺院等.寺　院
祖师殿,佛教.圣地、名山、寺院等.寺　院
祖师堂,佛教.圣地、名山、寺院等.寺　院
开山堂,佛教.圣地、名山、寺院等.寺　院
法堂,佛教.圣地、名山、寺院等.寺　院
讲堂,佛教.圣地、名山、寺院等.寺　院
罗汉堂,佛教.圣地、名山、寺院等.寺　院
禅堂,佛教.圣地、名山、寺院等.寺　院
方丈,佛教.圣地、名山、寺院等.寺　院
堂头,佛教.圣地、名山、寺院等.寺　院
丈室,佛教.圣地、名山、寺院等.寺　院
悲田院,佛教.圣地、名山、寺院等.寺　院
养济院,佛教.圣地、名山、寺院等.寺　院
香积厨,佛教.圣地、名山、寺院等.寺　院
布书,佛教.圣地、名山、寺院等.寺　院
那烂陀,佛教.圣地、名山、寺院等.寺　院
超戒寺,佛教.圣地、名山、寺院等.寺　院
大寺,佛教.圣地、名山、寺院等.寺　院
无畏山寺,佛教.圣地、名山、寺院等.寺　院
佛牙寺,佛教.圣地、名山、寺院等.寺　院
本差玛布皮特寺,佛教.圣地、名山、寺院等.寺　院
玉佛寺,佛教.圣地、名山、寺院等.寺　院
吴哥通,佛教.圣地、名山、寺院等.寺　院
大吴哥,佛教.圣地、名山、寺院等.寺　院
吴哥寺,佛教.圣地、名山、寺院等.寺　院
小吴哥,佛教.圣地、名山、寺院等.寺　院
广济寺,佛教.圣地、名山、寺院等.寺　院
广化寺,佛教.圣地、名山、寺院等.寺　院
法源寺,佛教.圣地、名山、寺院等.寺　院
通教寺,佛教.圣地、名山、寺院等.寺　院
雍和宫,佛教.圣地、名山、寺院等.寺　院
黄寺,佛教.圣地、名山、寺院等.寺　院
西黄寺,佛教.圣地、名山、寺院等.寺　院
潭柘寺,佛教.圣地、名山、寺院等.寺　院
戒台寺,佛教.圣地、名山、寺院等.寺　院
碧云寺,佛教.圣地、名山、寺院等.寺　院
卧佛寺,佛教.圣地、名山、寺院等.寺　院
云居寺,佛教.圣地、名山、寺院等.寺　院
大悲禅院,佛教.圣地、名山、寺院等.寺　院
临济寺,佛教.圣地、名山、寺院等.寺　院
外八庙,佛教.圣地、名山、寺院等.寺　院
柏林寺,佛教.圣地、名山、寺院等.寺　院
隆兴寺,佛教.圣地、名山、寺院等.寺　院
龙泉寺,佛教.圣地、名山、寺院等.寺　院
崇善寺,佛教.圣地、名山、寺院等.寺　院
华严寺,佛教.圣地、名山、寺院等.寺　院
殊像寺,佛教.圣地、名山、寺院等.寺　院
罗睺寺,佛教.圣地、名山、寺院等.寺　院
显通寺,佛教.圣地、名山、寺院等.寺　院
塔院寺,佛教.圣地、名山、寺院等.寺　院
菩萨顶,佛教.圣地、名山、寺院等.寺　院
金阁寺,佛教.圣地、名山、寺院等.寺　院
观音洞,佛教.圣地、名山、寺院等.寺　院
黛螺顶,佛教.圣地、名山、寺院等.寺　院
佛光寺,佛教.圣地、名山、寺院等.寺　院
南禅寺,佛教.圣地、名山、寺院等.寺　院
玄中寺,佛教.圣地、名山、寺院等.寺　院
悬空寺,佛教.圣地、名山、寺院等.寺　院
大召,佛教.圣地、名山、寺院等.寺　院
席力图召,佛教.圣地、名山、寺院等.寺　院
极乐寺,佛教.圣地、名山、寺院等.寺　院
般若寺,佛教.圣地、名山、寺院等.寺　院
玉佛寺,佛教.圣地、名山、寺院等.寺　院
龙华寺,佛教.圣地、名山、寺院等.寺　院
静安寺,佛教.圣地、名山、寺院等.寺　院
圆明讲堂,佛教.圣地、名山、寺院等.寺　院
沉香阁,佛教.圣地、名山、寺院等.寺　院
栖霞寺,佛教.圣地、名山、寺院等.寺　院
灵谷寺,佛教.圣地、名山、寺院等.寺　院
大明寺,佛教.圣地、名山、寺院等.寺　院
高旻寺,佛教.圣地、名山、寺院等.寺　院
广教寺,佛教.圣地、名山、寺院等.寺　院
金山寺,佛教.圣地、名山、寺院等.寺　院
定慧寺,佛教.圣地、名山、寺院等.寺　院
天宁寺,佛教.圣地、名山、寺院等.寺　院
西园戒幢寺,佛教.圣地、名山、寺院等.寺　院
寒山寺,佛教.圣地、名山、寺院等.寺　院
灵岩山寺,佛教.圣地、名山、寺院等.寺　院
兴福寺,佛教.圣地、名山、寺院等.寺　院
隆昌寺,佛教.圣地、名山、寺院等.寺　院
灵隐寺,佛教.圣地、名山、寺院等.寺　院
七塔寺,佛教.圣地、名山、寺院等.寺　院
天童寺,佛教.圣地、名山、寺院等.寺　院
阿育王寺,佛教.圣地、名山、寺院等.寺　院
大佛寺,佛教.圣地、名山、寺院等.寺　院
法雨寺,佛教.圣地、名山、寺院等.寺　院
普济寺,佛教.圣地、名山、寺院等.寺　院
雪窦寺,佛教.圣地、名山、寺院等.寺　院
国清寺,佛教.圣地、名山、寺院等.寺　院
高明寺,佛教.圣地、名山、寺院等.寺　院
迎江寺,佛教.圣地、名山、寺院等.寺　院
乾元寺,佛教.圣地、名山、寺院等.寺　院
琅玡寺,佛教.圣地、名山、寺院等.寺　院
化城寺,佛教.圣地、名山、寺院等.寺　院
祇园寺,佛教.圣地、名山、寺院等.寺　院
旃檀林,佛教.圣地、名山、寺院等.寺　院
肉身宝殿,佛教.圣地、名山、寺院等.寺　院
百岁宫,佛教.圣地、名山、寺院等.寺　院
甘露寺,佛教.圣地、名山、寺院等.寺　院
地藏寺,佛教.圣地、名山、寺院等.寺　院
西禅寺,佛教.圣地、名山、寺院等.寺　院
涌泉寺,佛教.圣地、名山、寺院等.寺　院
雪峰崇圣寺,佛教.圣地、名山、寺院等.寺　院
南普陀寺,佛教.圣地、名山、寺院等.寺　院
广化寺,佛教.圣地、名山、寺院等.寺　院
开元寺,佛教.圣地、名山、寺院等.寺　院
承天寺,佛教.圣地、名山、寺院等.寺　院
龙山寺,佛教.圣地、名山、寺院等.寺　院
南山寺,佛教.圣地、名山、寺院等.寺　院
能仁寺,佛教.圣地、名山、寺院等.寺　院
东林寺,佛教.圣地、名山、寺院等.寺　院
云居寺,佛教.圣地、名山、寺院等.寺　院
真如寺,佛教.圣地、名山、寺院等.寺　院
兴国禅寺,佛教.圣地、名山、寺院等.寺　院
湛山寺,佛教.圣地、名山、寺院等.寺　院
少林寺,佛教.圣地、名山、寺院等.寺　院
白马寺,佛教.圣地、名山、寺院等.寺　院
相国寺,佛教.圣地、名山、寺院等.寺　院
五祖寺,佛教.圣地、名山、寺院等.寺　院
玉泉寺,佛教.圣地、名山、寺院等.寺　院
归元寺,佛教.圣地、名山、寺院等.寺　院
开福寺,佛教.圣地、名山、寺院等.寺　院
麓山寺,佛教.圣地、名山、寺院等.寺　院
岳麓山寺,佛教.圣地、名山、寺院等.寺　院
光孝寺,佛教.圣地、名山、寺院等.寺　院
六榕寺,佛教.圣地、名山、寺院等.寺　院
南华寺,佛教.圣地、名山、寺院等.寺　院
云门寺,佛教.圣地、名山、寺院等.寺　院
罗汉寺,佛教.圣地、名山、寺院等.寺　院
白玉寺,佛教.圣地、名山、寺院等.寺　院
弘福寺,佛教.圣地、名山、寺院等.寺　院
圆通寺,佛教.圣地、名山、寺院等.寺　院
华亭寺,佛教.圣地、名山、寺院等.寺　院
筇竹寺,佛教.圣地、名山、寺院等.寺　院
松赞林寺,佛教.圣地、名山、寺院等.寺　院
大昭寺,佛教.圣地、名山、寺院等.寺　院
小昭寺,佛教.圣地、名山、寺院等.寺　院
布达拉宫,佛教.圣地、名山、寺院等.寺　院
甘丹寺,佛教.圣地、名山、寺院等.寺　院
哲蚌寺,佛教.圣地、名山、寺院等.寺　院
色拉寺,佛教.圣地、名山、寺院等.寺　院
热振寺,佛教.圣地、名山、寺院等.寺　院
楚普寺,佛教.圣地、名山、寺院等.寺　院
粗朴寺,佛教.圣地、名山、寺院等.寺　院
桑普寺,佛教.圣地、名山、寺院等.寺　院
噶玛拉顶寺,佛教.圣地、名山、寺院等.寺　院
类乌齐寺,佛教.圣地、名山、寺院等.寺　院
昌珠寺,佛教.圣地、名山、寺院等.寺　院
雍布拉岗,佛教.圣地、名山、寺院等.寺　院
桑耶寺,佛教.圣地、名山、寺院等.寺　院
敏珠林寺,佛教.圣地、名山、寺院等.寺　院
扎什伦布寺,佛教.圣地、名山、寺院等.寺　院
纳塘寺,佛教.圣地、名山、寺院等.寺　院
夏鲁寺,佛教.圣地、名山、寺院等.寺　院
萨迦寺,佛教.圣地、名山、寺院等.寺　院
托林寺,佛教.圣地、名山、寺院等.寺　院
多吉扎寺,佛教.圣地、名山、寺院等.寺　院
大兴善寺,佛教.圣地、名山、寺院等.寺　院
慈恩寺,佛教.圣地、名山、寺院等.寺　院
青龙寺,佛教.圣地、名山、寺院等.寺　院
草堂寺,佛教.圣地、名山、寺院等.寺　院
香积寺,佛教.圣地、名山、寺院等.寺　院
法门寺,佛教.圣地、名山、寺院等.寺　院
报国寺,佛教.圣地、名山、寺院等.寺　院
万年寺,佛教.圣地、名山、寺院等.寺　院
华藏寺,佛教.圣地、名山、寺院等.寺　院
拉卜楞寺,佛教.圣地、名山、寺院等.寺　院
塔尔寺,佛教.圣地、名山、寺院等.寺　院
瞿昙寺,佛教.圣地、名山、寺院等.寺　院
丹斗寺,佛教.圣地、名山、寺院等.寺　院
夏琼寺,佛教.圣地、名山、寺院等.寺　院
阿琼南宗寺,佛教.圣地、名山、寺院等.寺　院
佑宁寺,佛教.圣地、名山、寺院等.寺　院
隆务寺,佛教.圣地、名山、寺院等.寺　院
海宝塔寺,佛教.圣地、名山、寺院等.寺　院
宝莲禅寺,佛教.圣地、名山、寺院等.寺　院
艋舺龙山寺,佛教.圣地、名山、寺院等.寺　院
开元寺,佛教.圣地、名山、寺院等.寺　院
佛光山寺,佛教.圣地、名山、寺院等.寺　院
药师寺,佛教.圣地、名山、寺院等.寺　院
法隆寺,佛教.圣地、名山、寺院等.寺　院
东大寺,佛教.圣地、名山、寺院等.寺　院
唐招提寺,佛教.圣地、名山、寺院等.寺　院
延曆寺,佛教.圣地、名山、寺院等.寺　院
比叡山,佛教.圣地、名山、寺院等.寺　院
金刚峰寺,佛教.圣地、名山、寺院等.寺　院
高野山,佛教.圣地、名山、寺院等.寺　院
教王护国寺,佛教.圣地、名山、寺院等.寺　院
东寺,佛教.圣地、名山、寺院等.寺　院
知恩院,佛教.圣地、名山、寺院等.寺　院
总持寺,佛教.圣地、名山、寺院等.寺　院
大石寺,佛教.圣地、名山、寺院等.寺　院
万福寺,佛教.圣地、名山、寺院等.寺　院
妙心寺,佛教.圣地、名山、寺院等.寺　院
永平寺,佛教.圣地、名山、寺院等.寺　院
久远寺,佛教.圣地、名山、寺院等.寺　院
海印寺,佛教.圣地、名山、寺院等.寺　院
一柱塔,佛教.圣地、名山、寺院等.寺　院
窣堵波,佛教.圣地、名山、寺院等.佛　塔
偷婆,佛教.圣地、名山、寺院等.佛　塔
浮图,佛教.圣地、名山、寺院等.佛　塔
浮屠,佛教.圣地、名山、寺院等.佛　塔
塔,佛教.圣地、名山、寺院等.佛　塔
宝塔,佛教.圣地、名山、寺院等.佛　塔
桑奇大塔,佛教.圣地、名山、寺院等.佛　塔
瑞大光塔,佛教.圣地、名山、寺院等.佛　塔
仰光大金塔,佛教.圣地、名山、寺院等.佛　塔
世界和平塔,佛教.圣地、名山、寺院等.佛　塔
塔銮,佛教.圣地、名山、寺院等.佛　塔
婆罗浮屠,佛教.圣地、名山、寺院等.佛　塔
佛牙舍利塔,佛教.圣地、名山、寺院等.佛　塔
妙应寺白塔,佛教.圣地、名山、寺院等.佛　塔
应县木塔,佛教.圣地、名山、寺院等.佛　塔
六和塔,佛教.圣地、名山、寺院等.佛　塔
云岩寺塔,佛教.圣地、名山、寺院等.佛　塔
虎丘塔,佛教.圣地、名山、寺院等.佛　塔
四门塔,佛教.圣地、名山、寺院等.佛　塔
嵩岳寺塔,佛教.圣地、名山、寺院等.佛　塔
崇圣寺三塔,佛教.圣地、名山、寺院等.佛　塔
景真八角亭,佛教.圣地、名山、寺院等.佛　塔
曼飞龙塔,佛教.圣地、名山、寺院等.佛　塔
瑞丽姐勒大金塔,佛教.圣地、名山、寺院等.佛　塔
大雁塔,佛教.圣地、名山、寺院等.佛　塔
小雁塔,佛教.圣地、名山、寺院等.佛　塔
石窟寺,佛教.圣地、名山、寺院等.石窟寺
石窟,佛教.圣地、名山、寺院等.石窟寺
阿旃陀石窟,佛教.圣地、名山、寺院等.石窟寺
巴米扬石窟,佛教.圣地、名山、寺院等.石窟寺
敦煌石窟,佛教.圣地、名山、寺院等.石窟寺
莫高窟,佛教.圣地、名山、寺院等.石窟寺
千佛洞,佛教.圣地、名山、寺院等.石窟寺
榆林窟,佛教.圣地、名山、寺院等.石窟寺
云冈石窟,佛教.圣地、名山、寺院等.石窟寺
龙门石窟,佛教.圣地、名山、寺院等.石窟寺
麦积山石窟,佛教.圣地、名山、寺院等.石窟寺
炳灵寺石窟,佛教.圣地、名山、寺院等.石窟寺
响堂山石窟,佛教.圣地、名山、寺院等.石窟寺
克孜尔千佛洞,佛教.圣地、名山、寺院等.石窟寺
库木吐喇千佛洞,佛教.圣地、名山、寺院等.石窟寺
大足石窟,佛教.圣地、名山、寺院等.石窟寺
基督教,基督教.总　论
原始基督教,基督教.总　论
早期基督教,基督教.总　论
中世纪基督教,基督教.总　论
现代基督教,基督教.总　论
东派教会,基督教.总　论
西派教会,基督教.总　论
天主教,基督教.教派、组织、机构.天主教
罗马公教,基督教.教派、组织、机构.天主教
加特力教,基督教.教派、组织、机构.天主教
公教,基督教.教派、组织、机构.天主教
旧教,基督教.教派、组织、机构.天主教
隐修修会,基督教.教派、组织、机构.天主教
隐修院修会,基督教.教派、组织、机构.天主教
第三会,基督教.教派、组织、机构.天主教
仁爱女修会,基督教.教派、组织、机构.天主教
安东尼派,基督教.教派、组织、机构.天主教
本笃会,基督教.教派、组织、机构.天主教
本尼狄克派,基督教.教派、组织、机构.天主教
加尔都西会,基督教.教派、组织、机构.天主教
克吕尼修会,基督教.教派、组织、机构.天主教
重整本笃会,基督教.教派、组织、机构.天主教
苦修会,基督教.教派、组织、机构.天主教
熙笃会,基督教.教派、组织、机构.天主教
西多会,基督教.教派、组织、机构.天主教
西尔维斯特会,基督教.教派、组织、机构.天主教
托钵修会,基督教.教派、组织、机构.天主教
乞食修会,基督教.教派、组织、机构.天主教
方济各会,基督教.教派、组织、机构.天主教
法兰西斯派,基督教.教派、组织、机构.天主教
小兄弟会,基督教.教派、组织、机构.天主教
利奥小兄弟会,基督教.教派、组织、机构.天主教
嘉布遣小兄弟会,基督教.教派、组织、机构.天主教
卡普秦修会,基督教.教派、组织、机构.天主教
多明我会,基督教.教派、组织、机构.天主教
多米尼克派,基督教.教派、组织、机构.天主教
奥斯定会,基督教.教派、组织、机构.天主教
奥古斯丁会,基督教.教派、组织、机构.天主教
加尔默罗会,基督教.教派、组织、机构.天主教
圣衣会,基督教.教派、组织、机构.天主教
布里吉特会,基督教.教派、组织、机构.天主教
至圣救主会,基督教.教派、组织、机构.天主教
现代虔诚派,基督教.教派、组织、机构.天主教
安布罗斯派,基督教.教派、组织、机构.天主教
耶稣会,基督教.教派、组织、机构.天主教
遣使会,基督教.教派、组织、机构.天主教
辣匝禄会,基督教.教派、组织、机构.天主教
仁爱会,基督教.教派、组织、机构.天主教
苏尔比斯会,基督教.教派、组织、机构.天主教
稣尔比斯会,基督教.教派、组织、机构.天主教
巴黎外方传教会,基督教.教派、组织、机构.天主教
寂静派,基督教.教派、组织、机构.天主教
苦难会,基督教.教派、组织、机构.天主教
受苦派,基督教.教派、组织、机构.天主教
马利亚会,基督教.教派、组织、机构.天主教
玛利亚会,基督教.教派、组织、机构.天主教
圣母升天奥斯定会,基督教.教派、组织、机构.天主教
宗座米兰外方传教会,基督教.教派、组织、机构.天主教
保禄会,基督教.教派、组织、机构.天主教
撒肋爵会,基督教.教派、组织、机构.天主教
鲍斯高会,基督教.教派、组织、机构.天主教
慈幼会,基督教.教派、组织、机构.天主教
圣母圣心会,基督教.教派、组织、机构.天主教
圣言会,基督教.教派、组织、机构.天主教
公教进行会,基督教.教派、组织、机构.天主教
马利诺外方传教会,基督教.教派、组织、机构.天主教
玛利诺外方传教会,基督教.教派、组织、机构.天主教
圣高隆庞传教会,基督教.教派、组织、机构.天主教
圣母军,基督教.教派、组织、机构.天主教
主业会,基督教.教派、组织、机构.天主教
主徒会,基督教.教派、组织、机构.天主教
泰泽社团,基督教.教派、组织、机构.天主教
东仪天主教,基督教.教派、组织、机构.天主教
高卢派教会,基督教.教派、组织、机构.天主教
詹森派,基督教.教派、组织、机构.天主教
羊森派,基督教.教派、组织、机构.天主教
老公会,基督教.教派、组织、机构.天主教
古老公教会,基督教.教派、组织、机构.天主教
正教,基督教.教派、组织、机构.正　教
东正教,基督教.教派、组织、机构.正　教
东正教会,基督教.教派、组织、机构.正　教
东正教自主教会,基督教.教派、组织、机构.正　教
希腊正教会,基督教.教派、组织、机构.正　教
埃拉多斯正教会,基督教.教派、组织、机构.正　教
塞浦路斯正教会,基督教.教派、组织、机构.正　教
君士坦丁堡正教会,基督教.教派、组织、机构.正　教
安提阿正教会,基督教.教派、组织、机构.正　教
亚历山大里亚正教会,基督教.教派、组织、机构.正　教
耶路撒冷正教会,基督教.教派、组织、机构.正　教
俄罗斯正教会,基督教.教派、组织、机构.正　教
格鲁吉亚正教会,基督教.教派、组织、机构.正　教
塞尔维亚正教会,基督教.教派、组织、机构.正　教
罗马尼亚正教会,基督教.教派、组织、机构.正　教
保加利亚正教会,基督教.教派、组织、机构.正　教
波兰正教会,基督教.教派、组织、机构.正　教
乌克兰正教会,基督教.教派、组织、机构.正　教
芬兰正教会,基督教.教派、组织、机构.正　教
芬兰自治正教会,基督教.教派、组织、机构.正　教
阿尔巴尼亚正教会,基督教.教派、组织、机构.正　教
捷克斯洛伐克正教会,基督教.教派、组织、机构.正　教
日本正教会,基督教.教派、组织、机构.正　教
美国正教会,基督教.教派、组织、机构.正　教
俄罗斯正教,基督教.教派、组织、机构.正　教
俄罗斯正教会主教公会,基督教.教派、组织、机构.正　教
主教公会,基督教.教派、组织、机构.正　教
禁欲派,基督教.教派、组织、机构.正　教
东正教长老派,基督教.教派、组织、机构.正　教
约瑟夫派,基督教.教派、组织、机构.正　教
属灵基督派,基督教.教派、组织、机构.正　教
莫罗勘派,基督教.教派、组织、机构.正　教
旧礼仪派,基督教.教派、组织、机构.正　教
分裂派,基督教.教派、组织、机构.正　教
教堂派,基督教.教派、组织、机构.正　教
别洛克里尼茨派,基督教.教派、组织、机构.正　教
反教堂派,基督教.教派、组织、机构.正　教
菲利普派,基督教.教派、组织、机构.正　教
费多谢耶夫派,基督教.教派、组织、机构.正　教
韦特卡派,基督教.教派、组织、机构.正　教
史敦达派,基督教.教派、组织、机构.正　教
托尔斯泰派,基督教.教派、组织、机构.正　教
约翰派,基督教.教派、组织、机构.正　教
英诺肯提乙派,基督教.教派、组织、机构.正　教
非饮酒派,基督教.教派、组织、机构.正　教
基督教救世派,基督教.教派、组织、机构.正　教
否定派,基督教.教派、组织、机构.正　教
革新教派,基督教.教派、组织、机构.正　教
真正东正教会,基督教.教派、组织、机构.正　教
活的教会,基督教.教派、组织、机构.正　教
吉洪派,基督教.教派、组织、机构.正　教
东正教传教士团,基督教.教派、组织、机构.正　教
俄罗斯东正教会驻耶路撒冷传教士团,基督教.教派、组织、机构.正　教
世界东正教青年组织联谊会,基督教.教派、组织、机构.正　教
东正教会宗教学校,基督教.教派、组织、机构.正　教
斯拉夫-希腊-拉丁学院,基督教.教派、组织、机构.正　教
东方较小古老教会,基督教.教派、组织、机构.东方较小古老教会
科普特教会,基督教.教派、组织、机构.东方较小古老教会
埃塞俄比亚教会,基督教.教派、组织、机构.东方较小古老教会
阿比西尼亚教会,基督教.教派、组织、机构.东方较小古老教会
亚美尼亚教会,基督教.教派、组织、机构.东方较小古老教会
格列高利教会,基督教.教派、组织、机构.东方较小古老教会
亚美尼亚-格列高利教会,基督教.教派、组织、机构.东方较小古老教会
叙利亚教会,基督教.教派、组织、机构.东方较小古老教会
叙利亚麦勒卡派,基督教.教派、组织、机构.东方较小古老教会
马拉巴派,基督教.教派、组织、机构.东方较小古老教会
圣多马派,基督教.教派、组织、机构.东方较小古老教会
马龙派,基督教.教派、组织、机构.东方较小古老教会
聂斯脱利派,基督教.教派、组织、机构.东方较小古老教会
新教,基督教.教派、组织、机构.新　教
抗罗宗,基督教.教派、组织、机构.新　教
抗议宗,基督教.教派、组织、机构.新　教
耶稣教,基督教.教派、组织、机构.新　教
路德教,基督教.教派、组织、机构.新　教
路德宗,基督教.教派、组织、机构.新　教
信义宗,基督教.教派、组织、机构.新　教
信义会,基督教.教派、组织、机构.新　教
虔敬派,基督教.教派、组织、机构.新　教
加尔文教,基督教.教派、组织、机构.新　教
加尔文宗,基督教.教派、组织、机构.新　教
归正宗,基督教.教派、组织、机构.新　教
长老宗,基督教.教派、组织、机构.新　教
长老会,基督教.教派、组织、机构.新　教
归正会,基督教.教派、组织、机构.新　教
阿明尼乌派,基督教.教派、组织、机构.新　教
胡格诺派,基督教.教派、组织、机构.新　教
卡米撒派,基督教.教派、组织、机构.新　教
安立甘宗,基督教.教派、组织、机构.新　教
安立甘教会,基督教.教派、组织、机构.新　教
圣公会,基督教.教派、组织、机构.新　教
英国国教会,基督教.教派、组织、机构.新　教
高教会派,基督教.教派、组织、机构.新　教
皮由兹派,基督教.教派、组织、机构.新　教
崇礼派,基督教.教派、组织、机构.新　教
低教会派,基督教.教派、组织、机构.新　教
清教徒,基督教.教派、组织、机构.新　教
不从国教者,基督教.教派、组织、机构.新　教
长老派,基督教.教派、组织、机构.新　教
苏格兰长老会,基督教.教派、组织、机构.新　教
苏格兰国教会,基督教.教派、组织、机构.新　教
誓约派,基督教.教派、组织、机构.新　教
公理宗,基督教.教派、组织、机构.新　教
浸礼宗,基督教.教派、组织、机构.新　教
浸会,基督教.教派、组织、机构.新　教
浸信会,基督教.教派、组织、机构.新　教
浸礼会,基督教.教派、组织、机构.新　教
门诺派,基督教.教派、组织、机构.新　教
门诺会,基督教.教派、组织、机构.新　教
公谊会,基督教.教派、组织、机构.新　教
贵格会,基督教.教派、组织、机构.新　教
教友派,基督教.教派、组织、机构.新　教
卫斯理宗,基督教.教派、组织、机构.新　教
卫斯理派,基督教.教派、组织、机构.新　教
循道宗,基督教.教派、组织、机构.新　教
循道公会,基督教.教派、组织、机构.新　教
卫理公会,基督教.教派、组织、机构.新　教
监理公会,基督教.教派、组织、机构.新　教
美以美会,基督教.教派、组织、机构.新　教
斯威登堡派,基督教.教派、组织、机构.新　教
新耶路撒冷教会,基督教.教派、组织、机构.新　教
基督会,基督教.教派、组织、机构.新　教
坎伯尔派教会,基督教.教派、组织、机构.新　教
基督复临派,基督教.教派、组织、机构.新　教
基督复临安息日会,基督教.教派、组织、机构.新　教
安息日会,基督教.教派、组织、机构.新　教
基督复临会,基督教.教派、组织、机构.新　教
五旬节派教会,基督教.教派、组织、机构.新　教
神召会,基督教.教派、组织、机构.新　教
使徒信心会,基督教.教派、组织、机构.新　教
圣洁会,基督教.教派、组织、机构.新　教
普利茅斯兄弟会,基督教.教派、组织、机构.新　教
奋兴派,基督教.教派、组织、机构.新　教
教会复兴派,基督教.教派、组织、机构.新　教
一位论派,基督教.教派、组织、机构.新　教
反三一论派,基督教.教派、组织、机构.新　教
内地会,基督教.教派、组织、机构.新　教
圣经会,基督教.教派、组织、机构.新　教
伦敦传教会,基督教.教派、组织、机构.新　教
主内联合弟兄会,基督教.教派、组织、机构.新　教
基督弟兄会,基督教.教派、组织、机构.新　教
圣约翰福音会,基督教.教派、组织、机构.新　教
救世军,基督教.教派、组织、机构.新　教
基督教青年会,基督教.教派、组织、机构.新　教
青年会,基督教.教派、组织、机构.新　教
基督教女青年会,基督教.教派、组织、机构.新　教
女青年会,基督教.教派、组织、机构.新　教
福音派,基督教.教派、组织、机构.新　教
新福音派,基督教.教派、组织、机构.新　教
世界福音联盟,基督教.教派、组织、机构.新　教
福音联盟,基督教.教派、组织、机构.新　教
世界福音派团契,基督教.教派、组织、机构.新　教
世界归正宗联盟,基督教.教派、组织、机构.新　教
国际读经协会,基督教.教派、组织、机构.新　教
世界基督教学生同盟,基督教.教派、组织、机构.新　教
浸礼宗世界联盟,基督教.教派、组织、机构.新　教
世界浸礼宗联盟,基督教.教派、组织、机构.新　教
拿撒勒人教会,基督教.教派、组织、机构.新　教
基要派,基督教.教派、组织、机构.新　教
世界基督教宣教协会,基督教.教派、组织、机构.新　教
世界信义宗联盟,基督教.教派、组织、机构.新　教
世界基督教教会联合会,基督教.教派、组织、机构.新　教
世界基督教协进会,基督教.教派、组织、机构.新　教
基督联合教会,基督教.教派、组织、机构.新　教
联合基督教会,基督教.教派、组织、机构.新　教
景教,基督教.教派、组织、机构.中国基督教
也里可温教,基督教.教派、组织、机构.中国基督教
十字教,基督教.教派、组织、机构.中国基督教
中国天主教爱国会,基督教.教派、组织、机构.中国基督教
中国天主教主教团,基督教.教派、组织、机构.中国基督教
中国天主教教务委员会,基督教.教派、组织、机构.中国基督教
中国天主教修院,基督教.教派、组织、机构.中国基督教
中国天主教神哲学院,基督教.教派、组织、机构.中国基督教
佘山修院,基督教.教派、组织、机构.中国基督教
中国东正教,基督教.教派、组织、机构.中国基督教
中华东正教会,基督教.教派、组织、机构.中国基督教
北京东正教传教士团,基督教.教派、组织、机构.中国基督教
北京东正教总会,基督教.教派、组织、机构.中国基督教
中国东正教会北京总会,基督教.教派、组织、机构.中国基督教
俄国东正教驻北京传教士团,基督教.教派、组织、机构.中国基督教
哈尔滨东正教会,基督教.教派、组织、机构.中国基督教
新疆东正教会,基督教.教派、组织、机构.中国基督教
中华基督教教育协会,基督教.教派、组织、机构.中国基督教
中华全国基督教协进会,基督教.教派、组织、机构.中国基督教
广学会,基督教.教派、组织、机构.中国基督教
中国基督教三自爱国运动委员会,基督教.教派、组织、机构.中国基督教
中国基督教协会,基督教.教派、组织、机构.中国基督教
金陵协和神学院,基督教.教派、组织、机构.中国基督教
燕京神学院,基督教.教派、组织、机构.中国基督教
爱德基金会,基督教.教派、组织、机构.中国基督教
异端教派,基督教.教派、组织、机构.其　他
基督教诺斯替派,基督教.教派、组织、机构.其　他
拿撒勒派,基督教.教派、组织、机构.其　他
曼达派,基督教.教派、组织、机构.其　他
约翰派基督徒,基督教.教派、组织、机构.其　他
孟他努派,基督教.教派、组织、机构.其　他
撒伯里乌派,基督教.教派、组织、机构.其　他
阿里乌派,基督教.教派、组织、机构.其　他
一性论派,基督教.教派、组织、机构.其　他
鲍格米尔派,基督教.教派、组织、机构.其　他
阿尔比派,基督教.教派、组织、机构.其　他
韦尔多派,基督教.教派、组织、机构.其　他
里昂穷人派,基督教.教派、组织、机构.其　他
胡斯派,基督教.教派、组织、机构.其　他
圣杯派,基督教.教派、组织、机构.其　他
加里克斯廷派,基督教.教派、组织、机构.其　他
饼酒同领派,基督教.教派、组织、机构.其　他
塔博尔派,基督教.教派、组织、机构.其　他
马列万内教派,基督教.教派、组织、机构.其　他
真耶稣教会,基督教.教派、组织、机构.其　他
耶稣家庭,基督教.教派、组织、机构.其　他
基督徒聚会处,基督教.教派、组织、机构.其　他
聚会处,基督教.教派、组织、机构.其　他
彼拉多,基督教.人　物.外　国
比拉多,基督教.人　物.外　国
瓦伦廷,基督教.人　物.外　国
孟他努,基督教.人　物.外　国
德尔图良,基督教.人　物.外　国
希坡律图,基督教.人　物.外　国
奥利金,基督教.人　物.外　国
奚普瑞安,基督教.人　物.外　国
戴克里先,基督教.人　物.外　国
君士坦丁大帝,基督教.人　物.外　国
马其顿尼,基督教.人　物.外　国
阿塔纳修,基督教.人　物.外　国
亚大纳西,基督教.人　物.外　国
普利西利安,基督教.人　物.外　国
奚利尔（耶路撒冷的）,基督教.人　物.外　国
安布罗斯,基督教.人　物.外　国
哲罗姆,基督教.人　物.外　国
克里索斯脱,基督教.人　物.外　国
金口约翰,基督教.人　物.外　国
德奥道罗,基督教.人　物.外　国
奥古斯丁,基督教.人　物.外　国
奥斯定,基督教.人　物.外　国
佐西玛,基督教.人　物.外　国
聂斯脱利,基督教.人　物.外　国
本尼狄克,基督教.人　物.外　国
本笃,基督教.人　物.外　国
查士丁尼一世,基督教.人　物.外　国
伊西多尔,基督教.人　物.外　国
马克西姆（忏悔者）,基督教.人　物.外　国
菲利普,基督教.人　物.外　国
佛提乌,基督教.人　物.外　国
奥列加,基督教.人　物.外　国
弗拉基米尔一世,基督教.人　物.外　国
雅罗斯拉夫（智者）,基督教.人　物.外　国
安东尼（基辅的）,基督教.人　物.外　国
格列高利七世,基督教.人　物.外　国
额我略七世,基督教.人　物.外　国
安瑟伦,基督教.人　物.外　国
乌尔班二世,基督教.人　物.外　国
涅斯托尔,基督教.人　物.外　国
格拉蒂安,基督教.人　物.外　国
多明我,基督教.人　物.外　国
多米尼克,基督教.人　物.外　国
柏朗嘉宾,基督教.人　物.外　国
方济各,基督教.人　物.外　国
法兰西斯,基督教.人　物.外　国
英诺森三世,基督教.人　物.外　国
大阿尔伯特,基督教.人　物.外　国
路易九世,基督教.人　物.外　国
波拿文都拉,基督教.人　物.外　国
托马斯·阿奎那,基督教.人　物.外　国
多玛斯·阿奎纳,基督教.人　物.外　国
卜尼法斯八世,基督教.人　物.外　国
邓斯·司各脱,基督教.人　物.外　国
谢尔盖（拉多涅日的）,基督教.人　物.外　国
威克里夫,基督教.人　物.外　国
胡斯,基督教.人　物.外　国
约翰二十三世,基督教.人　物.外　国
若望二十三世,基督教.人　物.外　国
约纳,基督教.人　物.外　国
尼古拉（库萨的）,基督教.人　物.外　国
亚历山大六世,基督教.人　物.外　国
尼尔·索尔斯基,基督教.人　物.外　国
约瑟夫·沃洛茨基,基督教.人　物.外　国
马卡里,基督教.人　物.外　国
马丁·路德,基督教.人　物.外　国
路德,基督教.人　物.外　国
茨温利,基督教.人　物.外　国
拉提美尔,基督教.人　物.外　国
奥基诺,基督教.人　物.外　国
科威得勒,基督教.人　物.外　国
法雷尔,基督教.人　物.外　国
闵采尔,基督教.人　物.外　国
依纳爵·罗耀拉,基督教.人　物.外　国
依纳爵,基督教.人　物.外　国
门诺·西门斯,基督教.人　物.外　国
廷得尔,基督教.人　物.外　国
胡波尔,基督教.人　物.外　国
梅兰希顿,基督教.人　物.外　国
俄西安德,基督教.人　物.外　国
庇护四世,基督教.人　物.外　国
里得雷,基督教.人　物.外　国
帕克,基督教.人　物.外　国
加尔文,基督教.人　物.外　国
塞尔维特,基督教.人　物.外　国
阿法纳西,基督教.人　物.外　国
维若特,基督教.人　物.外　国
威沙特,基督教.人　物.外　国
诺克斯,基督教.人　物.外　国
科利尼,基督教.人　物.外　国
伯撒,基督教.人　物.外　国
莱利奥·索齐尼,基督教.人　物.外　国
奥兰治亲王,基督教.人　物.外　国
马尔尼克斯,基督教.人　物.外　国
勃朗,基督教.人　物.外　国
约夫,基督教.人　物.外　国
格尔莫根,基督教.人　物.外　国
费拉烈特,基督教.人　物.外　国
约瑟夫一世,基督教.人　物.外　国
阿明尼乌,基督教.人　物.外　国
阿巴特,基督教.人　物.外　国
方济各·撒肋爵,基督教.人　物.外　国
季奥尼西,基督教.人　物.外　国
劳德,基督教.人　物.外　国
伯麦,基督教.人　物.外　国
格哈得,基督教.人　物.外　国
涅罗诺夫,基督教.人　物.外　国
彼得·莫吉拉,基督教.人　物.外　国
约瑟夫二世,基督教.人　物.外　国
尼康,基督教.人　物.外　国
弥尔顿,基督教.人　物.外　国
泰罗,基督教.人　物.外　国
皮季利姆,基督教.人　物.外　国
阿瓦库姆,基督教.人　物.外　国
约阿基姆,基督教.人　物.外　国
班扬,基督教.人　物.外　国
斯彭内尔,基督教.人　物.外　国
伊格那提,基督教.人　物.外　国
彭威廉,基督教.人　物.外　国
德米特里（罗斯托夫的）,基督教.人　物.外　国
斯捷凡·雅沃尔斯基,基督教.人　物.外　国
马太·亨利,基督教.人　物.外　国
捷尼索夫,基督教.人　物.外　国
尔斯金,基督教.人　物.外　国
费奥凡·普罗科波维奇,基督教.人　物.外　国
贝克莱,基督教.人　物.外　国
本格勒,基督教.人　物.外　国
斯威登堡,基督教.人　物.外　国
莱马鲁斯,基督教.人　物.外　国
亲岑道夫,基督教.人　物.外　国
爱德华兹,基督教.人　物.外　国
约翰·卫斯理,基督教.人　物.外　国
怀特菲尔德,基督教.人　物.外　国
白拉米,基督教.人　物.外　国
色姆勒,基督教.人　物.外　国
傅雷彻尔,基督教.人　物.外　国
墨累,基督教.人　物.外　国
阿斯伯里,基督教.人　物.外　国
科克,基督教.人　物.外　国
希克司,基督教.人　物.外　国
施莱尔马赫,基督教.人　物.外　国
尼布尔,基督教.人　物.外　国
禅宁,基督教.人　物.外　国
查尔麦斯,基督教.人　物.外　国
菲拉列特,基督教.人　物.外　国
坎伯尔,基督教.人　物.外　国
尼安德尔,基督教.人　物.外　国
包尔,基督教.人　物.外　国
庇护九世,基督教.人　物.外　国
比约九世,基督教.人　物.外　国
梅尔,基督教.人　物.外　国
维内,基督教.人　物.外　国
皮由兹,基督教.人　物.外　国
纽曼,基督教.人　物.外　国
伊瓦尔德,基督教.人　物.外　国
爱默生,基督教.人　物.外　国
雅裨理,基督教.人　物.外　国
莫理斯,基督教.人　物.外　国
黑尔佐格,基督教.人　物.外　国
基列耶夫斯基,基督教.人　物.外　国
曼宁,基督教.人　物.外　国
利奥十三世,基督教.人　物.外　国
良十三世,基督教.人　物.外　国
克尔凯郭尔,基督教.人　物.外　国
替申多夫,基督教.人　物.外　国
金斯莱,基督教.人　物.外　国
沙夫,基督教.人　物.外　国
陀思妥耶夫斯基,基督教.人　物.外　国
威廉斯,基督教.人　物.外　国
里敕尔,基督教.人　物.外　国
厄德赛姆,基督教.人　物.外　国
韦斯特科特,基督教.人　物.外　国
莱特夫特,基督教.人　物.外　国
托尔斯泰,基督教.人　物.外　国
布斯,基督教.人　物.外　国
侯茨曼,基督教.人　物.外　国
戈卢宾斯基,基督教.人　物.外　国
司布真,基督教.人　物.外　国
尼古拉,基督教.人　物.外　国
穆迪,基督教.人　物.外　国
库依帕尔,基督教.人　物.外　国
撒巴帖,基督教.人　物.外　国
普夫莱德勒,基督教.人　物.外　国
桑基,基督教.人　物.外　国
韦尔豪森,基督教.人　物.外　国
赫尔曼,基督教.人　物.外　国
杜姆,基督教.人　物.外　国
哈那克,基督教.人　物.外　国
黑斯廷斯,基督教.人　物.外　国
哥尔,基督教.人　物.外　国
乔·亚·斯密士,基督教.人　物.外　国
庇护十一世,基督教.人　物.外　国
比约十一世,基督教.人　物.外　国
华尔克,基督教.人　物.外　国
英格,基督教.人　物.外　国
饶申布什,基督教.人　物.外　国
特劳赤,基督教.人　物.外　国
吉洪,基督教.人　物.外　国
索德布鲁姆,基督教.人　物.外　国
梅列日科夫斯基,基督教.人　物.外　国
摩法特,基督教.人　物.外　国
尼古拉·洛斯基,基督教.人　物.外　国
保加科夫,基督教.人　物.外　国
米哈伊尔,基督教.人　物.外　国
斯特里特,基督教.人　物.外　国
别尔嘉耶夫,基督教.人　物.外　国
贝加也夫,基督教.人　物.外　国
庇护十二世,基督教.人　物.外　国
比约十二世,基督教.人　物.外　国
麦尔希谢杰克三世,基督教.人　物.外　国
尼科里斯基,基督教.人　物.外　国
阿列克塞一世,基督教.人　物.外　国
富司迪,基督教.人　物.外　国
汤朴,基督教.人　物.外　国
布尔特曼,基督教.人　物.外　国
蒂利希,基督教.人　物.外　国
田立克,基督教.人　物.外　国
巴特,基督教.人　物.外　国
阿特纳哥拉斯,基督教.人　物.外　国
维坚斯基,基督教.人　物.外　国
布鲁内尔,基督教.人　物.外　国
弗洛罗夫斯基,基督教.人　物.外　国
叶弗列姆二世,基督教.人　物.外　国
吕巴克,基督教.人　物.外　国
保罗六世,基督教.人　物.外　国
保禄六世,基督教.人　物.外　国
维辛斯基,基督教.人　物.外　国
弗拉基米尔·洛斯基,基督教.人　物.外　国
拉纳,基督教.人　物.外　国
孔加尔,基督教.人　物.外　国
巴尔塔萨尔,基督教.人　物.外　国
朋霍费尔,基督教.人　物.外　国
特里莎,基督教.人　物.外　国
德肋撒,基督教.人　物.外　国
维塔里,基督教.人　物.外　国
施莱比克斯,基督教.人　物.外　国
约翰-保罗二世,基督教.人　物.外　国
若望-保禄二世,基督教.人　物.外　国
希克,基督教.人　物.外　国
库罗奇金,基督教.人　物.外　国
尼古丁,基督教.人　物.外　国
阿列克塞二世,基督教.人　物.外　国
景净,基督教.人　物.中国（包括来华传教士）
玛尔谷,基督教.人　物.中国（包括来华传教士）
约翰·孟德高维诺,基督教.人　物.中国（包括来华传教士）
若望·孟德高维诺,基督教.人　物.中国（包括来华传教士）
方济各·沙勿略,基督教.人　物.中国（包括来华传教士）
罗明坚,基督教.人　物.中国（包括来华传教士）
利玛窦,基督教.人　物.中国（包括来华传教士）
杨廷筠,基督教.人　物.中国（包括来华传教士）
龙华民,基督教.人　物.中国（包括来华传教士）
郭居静,基督教.人　物.中国（包括来华传教士）
徐光启,基督教.人　物.中国（包括来华传教士）
李之藻,基督教.人　物.中国（包括来华传教士）
罗如望,基督教.人　物.中国（包括来华传教士）
庞迪我,基督教.人　物.中国（包括来华传教士）
邓玉函,基督教.人　物.中国（包括来华传教士）
金尼阁,基督教.人　物.中国（包括来华传教士）
孙元化,基督教.人　物.中国（包括来华传教士）
毕方济,基督教.人　物.中国（包括来华传教士）
艾儒略,基督教.人　物.中国（包括来华传教士）
曾德昭,基督教.人　物.中国（包括来华传教士）
罗雅各,基督教.人　物.中国（包括来华传教士）
汤若望,基督教.人　物.中国（包括来华传教士）
利类思,基督教.人　物.中国（包括来华传教士）
潘国光,基督教.人　物.中国（包括来华传教士）
卜弥格,基督教.人　物.中国（包括来华传教士）
罗文藻,基督教.人　物.中国（包括来华传教士）
叶尔莫根,基督教.人　物.中国（包括来华传教士）
南怀仁,基督教.人　物.中国（包括来华传教士）
柏应理,基督教.人　物.中国（包括来华传教士）
吴渔山,基督教.人　物.中国（包括来华传教士）
徐日昇,基督教.人　物.中国（包括来华传教士）
张诚,基督教.人　物.中国（包括来华传教士）
马克西姆·列昂捷夫,基督教.人　物.中国（包括来华传教士）
伊拉里昂（列扎伊斯基）,基督教.人　物.中国（包括来华传教士）
白晋,基督教.人　物.中国（包括来华传教士）
铎罗,基督教.人　物.中国（包括来华传教士）
多罗,基督教.人　物.中国（包括来华传教士）
嘉乐,基督教.人　物.中国（包括来华传教士）
安东尼,基督教.人　物.中国（包括来华传教士）
郎世宁,基督教.人　物.中国（包括来华传教士）
伊拉里昂·罗索欣,基督教.人　物.中国（包括来华传教士）
俾丘林,基督教.人　物.中国（包括来华传教士）
比丘林,基督教.人　物.中国（包括来华传教士）
马礼逊,基督教.人　物.中国（包括来华传教士）
米怜,基督教.人　物.中国（包括来华传教士）
梁发,基督教.人　物.中国（包括来华传教士）
麦都思,基督教.人　物.中国（包括来华传教士）
英诺肯提乙,基督教.人　物.中国（包括来华传教士）
裨治文,基督教.人　物.中国（包括来华传教士）
罗孝全,基督教.人　物.中国（包括来华传教士）
郭士立,基督教.人　物.中国（包括来华传教士）
伯驾,基督教.人　物.中国（包括来华传教士）
文惠廉,基督教.人　物.中国（包括来华传教士）
雒魏林,基督教.人　物.中国（包括来华传教士）
叔未士,基督教.人　物.中国（包括来华传教士）
卫三畏,基督教.人　物.中国（包括来华传教士）
古里,基督教.人　物.中国（包括来华传教士）
理雅各,基督教.人　物.中国（包括来华传教士）
巴拉第,基督教.人　物.中国（包括来华传教士）
弗拉维昂,基督教.人　物.中国（包括来华传教士）
晏玛太,基督教.人　物.中国（包括来华传教士）
丁韪良,基督教.人　物.中国（包括来华传教士）
韦廉臣,基督教.人　物.中国（包括来华传教士）
倪维思,基督教.人　物.中国（包括来华传教士）
杨格非,基督教.人　物.中国（包括来华传教士）
戴德生,基督教.人　物.中国（包括来华传教士）
林乐知,基督教.人　物.中国（包括来华传教士）
狄考文,基督教.人　物.中国（包括来华传教士）
花之安,基督教.人　物.中国（包括来华传教士）
马相伯,基督教.人　物.中国（包括来华传教士）
谢卫楼,基督教.人　物.中国（包括来华传教士）
李提摩太,基督教.人　物.中国（包括来华传教士）
明恩溥,基督教.人　物.中国（包括来华传教士）
梅子明,基督教.人　物.中国（包括来华传教士）
李佳白,基督教.人　物.中国（包括来华传教士）
卜舫济,基督教.人　物.中国（包括来华传教士）
穆德,基督教.人　物.中国（包括来华传教士）
英敛之,基督教.人　物.中国（包括来华传教士）
西蒙,基督教.人　物.中国（包括来华传教士）
乐灵生,基督教.人　物.中国（包括来华传教士）
陆徵祥,基督教.人　物.中国（包括来华传教士）
尉礼贤,基督教.人　物.中国（包括来华传教士）
卫礼贤,基督教.人　物.中国（包括来华传教士）
刚恒毅,基督教.人　物.中国（包括来华传教士）
司徒雷登,基督教.人　物.中国（包括来华传教士）
雷鸣远,基督教.人　物.中国（包括来华传教士）
维克托尔,基督教.人　物.中国（包括来华传教士）
贾玉铭,基督教.人　物.中国（包括来华传教士）
王文成,基督教.人　物.中国（包括来华传教士）
诚静怡,基督教.人　物.中国（包括来华传教士）
德日进,基督教.人　物.中国（包括来华传教士）
余日章,基督教.人　物.中国（包括来华传教士）
赖特烈,基督教.人　物.中国（包括来华传教士）
赵紫宸,基督教.人　物.中国（包括来华传教士）
蔡宁,基督教.人　物.中国（包括来华传教士）
田耕莘,基督教.人　物.中国（包括来华传教士）
谢扶雅,基督教.人　物.中国（包括来华传教士）
赵振声,基督教.人　物.中国（包括来华传教士）
吴耀宗,基督教.人　物.中国（包括来华传教士）
张家树,基督教.人　物.中国（包括来华传教士）
黎培里,基督教.人　物.中国（包括来华传教士）
皮漱石,基督教.人　物.中国（包括来华传教士）
文幼章,基督教.人　物.中国（包括来华传教士）
吴经熊,基督教.人　物.中国（包括来华传教士）
于斌,基督教.人　物.中国（包括来华传教士）
李伯渔,基督教.人　物.中国（包括来华传教士）
段荫明,基督教.人　物.中国（包括来华传教士）
罗光,基督教.人　物.中国（包括来华传教士）
董文隆,基督教.人　物.中国（包括来华传教士）
杨高坚,基督教.人　物.中国（包括来华传教士）
丁光训,基督教.人　物.中国（包括来华传教士）
金鲁贤,基督教.人　物.中国（包括来华传教士）
宗怀德,基督教.人　物.中国（包括来华传教士）
董光清,基督教.人　物.中国（包括来华传教士）
郑建业,基督教.人　物.中国（包括来华传教士）
王良佐,基督教.人　物.中国（包括来华传教士）
韩文藻,基督教.人　物.中国（包括来华传教士）
刘元仁,基督教.人　物.中国（包括来华传教士）
胡振中,基督教.人　物.中国（包括来华传教士）
傅铁山,基督教.人　物.中国（包括来华传教士）
上帝,基督教.信仰、教义、神学、思潮
耶和华,基督教.信仰、教义、神学、思潮
天主,基督教.信仰、教义、神学、思潮
三位一体,基督教.信仰、教义、神学、思潮
圣父,基督教.信仰、教义、神学、思潮
圣子,基督教.信仰、教义、神学、思潮
圣灵,基督教.信仰、教义、神学、思潮
圣神,基督教.信仰、教义、神学、思潮
上帝之创造,基督教.信仰、教义、神学、思潮
天主之造化,基督教.信仰、教义、神学、思潮
受造之物,基督教.信仰、教义、神学、思潮
立约,基督教.信仰、教义、神学、思潮
弥赛亚,基督教.信仰、教义、神学、思潮
默西亚,基督教.信仰、教义、神学、思潮
受膏者,基督教.信仰、教义、神学、思潮
基督,基督教.信仰、教义、神学、思潮
基利斯督,基督教.信仰、教义、神学、思潮
上帝的话语,基督教.信仰、教义、神学、思潮
上帝之道,基督教.信仰、教义、神学、思潮
道成肉身,基督教.信仰、教义、神学、思潮
以马内利,基督教.信仰、教义、神学、思潮
救世主,基督教.信仰、教义、神学、思潮
救主,基督教.信仰、教义、神学、思潮
救赎,基督教.信仰、教义、神学、思潮
耶稣复活,基督教.信仰、教义、神学、思潮
永生,基督教.信仰、教义、神学、思潮
重生,基督教.信仰、教义、神学、思潮
再生,基督教.信仰、教义、神学、思潮
天国,基督教.信仰、教义、神学、思潮
上帝国,基督教.信仰、教义、神学、思潮
三德,基督教.信仰、教义、神学、思潮
罪,基督教.信仰、教义、神学、思潮
原罪,基督教.信仰、教义、神学、思潮
本罪,基督教.信仰、教义、神学、思潮
天堂,基督教.信仰、教义、神学、思潮
地狱,基督教.信仰、教义、神学、思潮
炼狱,基督教.信仰、教义、神学、思潮
涤罪所,基督教.信仰、教义、神学、思潮
天使,基督教.信仰、教义、神学、思潮
天神,基督教.信仰、教义、神学、思潮
魔鬼,基督教.信仰、教义、神学、思潮
撒旦,基督教.信仰、教义、神学、思潮
沙殚,基督教.信仰、教义、神学、思潮
千年王国,基督教.信仰、教义、神学、思潮
千禧年,基督教.信仰、教义、神学、思潮
世界末日,基督教.信仰、教义、神学、思潮
末日,基督教.信仰、教义、神学、思潮
最后审判,基督教.信仰、教义、神学、思潮
末日审判,基督教.信仰、教义、神学、思潮
八福,基督教.信仰、教义、神学、思潮
真福八端,基督教.信仰、教义、神学、思潮
启示,基督教.信仰、教义、神学、思潮
天启,基督教.信仰、教义、神学、思潮
异象,基督教.信仰、教义、神学、思潮
神视,基督教.信仰、教义、神学、思潮
信理,基督教.信仰、教义、神学、思潮
信条,基督教.信仰、教义、神学、思潮
教义,基督教.信仰、教义、神学、思潮
神学,基督教.信仰、教义、神学、思潮
教会传统,基督教.信仰、教义、神学、思潮
圣传,基督教.信仰、教义、神学、思潮
口传,基督教.信仰、教义、神学、思潮
信理神学,基督教.信仰、教义、神学、思潮
教理神学,基督教.信仰、教义、神学、思潮
教义神学,基督教.信仰、教义、神学、思潮
系统神学,基督教.信仰、教义、神学、思潮
基本神学,基督教.信仰、教义、神学、思潮
圣经神学,基督教.信仰、教义、神学、思潮
教牧神学,基督教.信仰、教义、神学、思潮
教牧学,基督教.信仰、教义、神学、思潮
实用神学,基督教.信仰、教义、神学、思潮
实践神学,基督教.信仰、教义、神学、思潮
自然神学,基督教.信仰、教义、神学、思潮
启示神学,基督教.信仰、教义、神学、思潮
超自然神学,基督教.信仰、教义、神学、思潮
奥秘神学,基督教.信仰、教义、神学、思潮
神秘主义神学,基督教.信仰、教义、神学、思潮
奥利金主义,基督教.信仰、教义、神学、思潮
亚历山大里亚学派,基督教.信仰、教义、神学、思潮
安提阿学派,基督教.信仰、教义、神学、思潮
奥古斯丁主义,基督教.信仰、教义、神学、思潮
教父学,基督教.信仰、教义、神学、思潮
教父哲学,基督教.信仰、教义、神学、思潮
经院哲学,基督教.信仰、教义、神学、思潮
士林哲学,基督教.信仰、教义、神学、思潮
唯名论,基督教.信仰、教义、神学、思潮
实在论,基督教.信仰、教义、神学、思潮
唯实论,基督教.信仰、教义、神学、思潮
柏拉图主义,基督教.信仰、教义、神学、思潮
托马斯主义,基督教.信仰、教义、神学、思潮
新托马斯主义,基督教.信仰、教义、神学、思潮
新经院哲学,基督教.信仰、教义、神学、思潮
杜宾根学派,基督教.信仰、教义、神学、思潮
埃尔兰根学派,基督教.信仰、教义、神学、思潮
现代主义,基督教.信仰、教义、神学、思潮
自由主义神学,基督教.信仰、教义、神学、思潮
社会福音,基督教.信仰、教义、神学、思潮
新正统神学,基督教.信仰、教义、神学、思潮
新正统主义,基督教.信仰、教义、神学、思潮
基要主义,基督教.信仰、教义、神学、思潮
存在主义神学,基督教.信仰、教义、神学、思潮
生存神学,基督教.信仰、教义、神学、思潮
希望神学,基督教.信仰、教义、神学、思潮
过程神学,基督教.信仰、教义、神学、思潮
新自然主义,基督教.信仰、教义、神学、思潮
危机神学,基督教.信仰、教义、神学、思潮
辩证神学,基督教.信仰、教义、神学、思潮
世俗神学,基督教.信仰、教义、神学、思潮
上帝之死派神学,基督教.信仰、教义、神学、思潮
妇女神学,基督教.信仰、教义、神学、思潮
女权神学,基督教.信仰、教义、神学、思潮
解放神学,基督教.信仰、教义、神学、思潮
处境神学,基督教.信仰、教义、神学、思潮
十字架神学,基督教.信仰、教义、神学、思潮
伦理神学,基督教.信仰、教义、神学、思潮
道德神学,基督教.信仰、教义、神学、思潮
契约神学,基督教.信仰、教义、神学、思潮
圣约神学,基督教.信仰、教义、神学、思潮
福音派神学,基督教.信仰、教义、神学、思潮
后现代主义神学,基督教.信仰、教义、神学、思潮
后现代神学,基督教.信仰、教义、神学、思潮
后自由主义神学,基督教.信仰、教义、神学、思潮
生态神学,基督教.信仰、教义、神学、思潮
生命神学,基督教.信仰、教义、神学、思潮
对话神学,基督教.信仰、教义、神学、思潮
普世神学,基督教.信仰、教义、神学、思潮
历史神学,基督教.信仰、教义、神学、思潮
神学诠释学,基督教.信仰、教义、神学、思潮
梵二会议神学,基督教.信仰、教义、神学、思潮
宣教学,基督教.信仰、教义、神学、思潮
传教学,基督教.信仰、教义、神学、思潮
阿里乌主义,基督教.信仰、教义、神学、思潮
半阿里乌主义,基督教.信仰、教义、神学、思潮
上帝一位论,基督教.信仰、教义、神学、思潮
一位论,基督教.信仰、教义、神学、思潮
基督中心论,基督教.信仰、教义、神学、思潮
基督论,基督教.信仰、教义、神学、思潮
基督奥迹,基督教.信仰、教义、神学、思潮
基督宝血,基督教.信仰、教义、神学、思潮
基督复临,基督教.信仰、教义、神学、思潮
基督身体,基督教.信仰、教义、神学、思潮
基督奥体,基督教.信仰、教义、神学、思潮
基督一性论,基督教.信仰、教义、神学、思潮
一性论,基督教.信仰、教义、神学、思潮
逻各斯,基督教.信仰、教义、神学、思潮
救赎论,基督教.信仰、教义、神学、思潮
双重预定说,基督教.信仰、教义、神学、思潮
预定论,基督教.信仰、教义、神学、思潮
前定论,基督教.信仰、教义、神学、思潮
堕落前预定说,基督教.信仰、教义、神学、思潮
后定论,基督教.信仰、教义、神学、思潮
堕落中预定说,基督教.信仰、教义、神学、思潮
堕落后预定说,基督教.信仰、教义、神学、思潮
阿明尼乌学说,基督教.信仰、教义、神学、思潮
因信称义,基督教.信仰、教义、神学、思潮
恩宠,基督教.信仰、教义、神学、思潮
恩典,基督教.信仰、教义、神学、思潮
恩宠论,基督教.信仰、教义、神学、思潮
有效恩宠,基督教.信仰、教义、神学、思潮
功库,基督教.信仰、教义、神学、思潮
功劳宝库,基督教.信仰、教义、神学、思潮
善功,基督教.信仰、教义、神学、思潮
贝拉基主义,基督教.信仰、教义、神学、思潮
圣灵论,基督教.信仰、教义、神学、思潮
人性论,基督教.信仰、教义、神学、思潮
灵魂论,基督教.信仰、教义、神学、思潮
神修学,基督教.信仰、教义、神学、思潮
虔修神学,基督教.信仰、教义、神学、思潮
圣事论,基督教.信仰、教义、神学、思潮
变体论,基督教.信仰、教义、神学、思潮
同体论,基督教.信仰、教义、神学、思潮
安息日论,基督教.信仰、教义、神学、思潮
安息日主义,基督教.信仰、教义、神学、思潮
祭献说,基督教.信仰、教义、神学、思潮
圣母马利亚学,基督教.信仰、教义、神学、思潮
圣母学,基督教.信仰、教义、神学、思潮
圣母无染原罪说,基督教.信仰、教义、神学、思潮
圣母无罪成胎,基督教.信仰、教义、神学、思潮
教会学,基督教.信仰、教义、神学、思潮
选民,基督教.信仰、教义、神学、思潮
天主子民,基督教.信仰、教义、神学、思潮
上帝的儿女,基督教.信仰、教义、神学、思潮
有形教会,基督教.信仰、教义、神学、思潮
无形教会,基督教.信仰、教义、神学、思潮
费布罗尼奥主义,基督教.信仰、教义、神学、思潮
约瑟夫主义,基督教.信仰、教义、神学、思潮
末世论,基督教.信仰、教义、神学、思潮
千禧年主义,基督教.信仰、教义、神学、思潮
锡利亚主义,基督教.信仰、教义、神学、思潮
辨惑学,基督教.信仰、教义、神学、思潮
护教学,基督教.信仰、教义、神学、思潮
本体论,基督教.信仰、教义、神学、思潮
神正论,基督教.信仰、教义、神学、思潮
上帝正义论,基督教.信仰、教义、神学、思潮
圣灵发生论,基督教.信仰、教义、神学、思潮
教皇永无谬误说,基督教.信仰、教义、神学、思潮
罗马主教首席权说,基督教.信仰、教义、神学、思潮
教宗的首席权,基督教.信仰、教义、神学、思潮
保罗特权,基督教.信仰、教义、神学、思潮
诺斯替主义,基督教.信仰、教义、神学、思潮
灵知主义,基督教.信仰、教义、神学、思潮
孟他努主义,基督教.信仰、教义、神学、思潮
神学二元论,基督教.信仰、教义、神学、思潮
普世主义,基督教.信仰、教义、神学、思潮
大公主义,基督教.信仰、教义、神学、思潮
赫尔梅斯主义,基督教.信仰、教义、神学、思潮
社会训导,基督教.信仰、教义、神学、思潮
普世性救恩,基督教.信仰、教义、神学、思潮
匿名的基督教,基督教.信仰、教义、神学、思潮
高卢主义,基督教.信仰、教义、神学、思潮
公会议至上论,基督教.信仰、教义、神学、思潮
反教权主义,基督教.信仰、教义、神学、思潮
神人合作说,基督教.信仰、教义、神学、思潮
信徒皆可为祭司,基督教.信仰、教义、神学、思潮
清教主义,基督教.信仰、教义、神学、思潮
宽容主义,基督教.信仰、教义、神学、思潮
基督普在论,基督教.信仰、教义、神学、思潮
唯信主义,基督教.信仰、教义、神学、思潮
信仰调和论,基督教.信仰、教义、神学、思潮
混合主义,基督教.信仰、教义、神学、思潮
虔敬主义,基督教.信仰、教义、神学、思潮
格罗宁根神学,基督教.信仰、教义、神学、思潮
纽黑文神学,基督教.信仰、教义、神学、思潮
福音主义,基督教.信仰、教义、神学、思潮
保守的福音主义,基督教.信仰、教义、神学、思潮
泛福音主义,基督教.信仰、教义、神学、思潮
东正教神学,基督教.信仰、教义、神学、思潮
东正教传统主义,基督教.信仰、教义、神学、思潮
东正教禁欲主义,基督教.信仰、教义、神学、思潮
东正教哲学,基督教.信仰、教义、神学、思潮
神权,基督教.信仰、教义、神学、思潮
教随国定,基督教.信仰、教义、神学、思潮
显容,基督教.信仰、教义、神学、思潮
变容,基督教.信仰、教义、神学、思潮
圣召,基督教.信仰、教义、神学、思潮
神召,基督教.信仰、教义、神学、思潮
福音,基督教.信仰、教义、神学、思潮
奇迹,基督教.信仰、教义、神学、思潮
亵渎,基督教.信仰、教义、神学、思潮
圣经,基督教.经籍、书文、报刊
旧约圣经,基督教.经籍、书文、报刊
旧约全书,基督教.经籍、书文、报刊
旧约,基督教.经籍、书文、报刊
十二小先知书,基督教.经籍、书文、报刊
新约圣经,基督教.经籍、书文、报刊
新约全书,基督教.经籍、书文、报刊
新约,基督教.经籍、书文、报刊
福音书,基督教.经籍、书文、报刊
同观福音,基督教.经籍、书文、报刊
创世记,基督教.经籍、书文、报刊
创世纪,基督教.经籍、书文、报刊
诗篇,基督教.经籍、书文、报刊
圣咏集,基督教.经籍、书文、报刊
箴言,基督教.经籍、书文、报刊
训道篇,基督教.经籍、书文、报刊
传道书,基督教.经籍、书文、报刊
雅歌,基督教.经籍、书文、报刊
马太福音,基督教.经籍、书文、报刊
玛窦福音,基督教.经籍、书文、报刊
马可福音,基督教.经籍、书文、报刊
玛尔谷福音,基督教.经籍、书文、报刊
路加福音,基督教.经籍、书文、报刊
约翰福音,基督教.经籍、书文、报刊
若望福音,基督教.经籍、书文、报刊
启示录,基督教.经籍、书文、报刊
默示录,基督教.经籍、书文、报刊
七十子希腊文本圣经,基督教.经籍、书文、报刊
七十子译本,基督教.经籍、书文、报刊
通俗拉丁文本圣经,基督教.经籍、书文、报刊
圣经通俗译本,基督教.经籍、书文、报刊
圣经古卷,基督教.经籍、书文、报刊
圣经古抄本,基督教.经籍、书文、报刊
死海古卷,基督教.经籍、书文、报刊
库姆兰古卷,基督教.经籍、书文、报刊
蒲纸抄本,基督教.经籍、书文、报刊
草皮纸书,基督教.经籍、书文、报刊
正典圣经,基督教.经籍、书文、报刊
正经,基督教.经籍、书文、报刊
次经,基督教.经籍、书文、报刊
伪经,基督教.经籍、书文、报刊
圣经学,基督教.经籍、书文、报刊
圣经考古学,基督教.经籍、书文、报刊
圣经注释学,基督教.经籍、书文、报刊
解经学,基督教.经籍、书文、报刊
圣经批判学,基督教.经籍、书文、报刊
圣经评断学,基督教.经籍、书文、报刊
圣经形式批判,基督教.经籍、书文、报刊
圣经文本批判,基督教.经籍、书文、报刊
使徒后教父著作集,基督教.经籍、书文、报刊
伪克雷芒著作,基督教.经籍、书文、报刊
依纳爵书信,基督教.经籍、书文、报刊
致狄阿格内图书信,基督教.经籍、书文、报刊
致夫拉维安论道成肉身,基督教.经籍、书文、报刊
优西比乌编年史,基督教.经籍、书文、报刊
优西比乌教会史,基督教.经籍、书文、报刊
克雷芒致哥林多教会书,基督教.经籍、书文、报刊
反异端论,基督教.经籍、书文、报刊
护教篇,基督教.经籍、书文、报刊
护教论,基督教.经籍、书文、报刊
论原理,基督教.经籍、书文、报刊
驳塞尔索,基督教.经籍、书文、报刊
论公教会合一,基督教.经籍、书文、报刊
论教会合一,基督教.经籍、书文、报刊
反阿里乌教派,基督教.经籍、书文、报刊
论神职人员的使命,基督教.经籍、书文、报刊
论教士的责任,基督教.经籍、书文、报刊
上帝之城,基督教.经籍、书文、报刊
天主之城,基督教.经籍、书文、报刊
忏悔录,基督教.经籍、书文、报刊
上帝为何降生为人,基督教.经籍、书文、报刊
名言集四编,基督教.经籍、书文、报刊
教父言论集,基督教.经籍、书文、报刊
伪亚略巴古人著作,基督教.经籍、书文、报刊
伪丢尼修著作,基督教.经籍、书文、报刊
论自然的区分,基督教.经籍、书文、报刊
为愚人辩,基督教.经籍、书文、报刊
证道篇,基督教.经籍、书文、报刊
反异教大全,基督教.经籍、书文、报刊
日耳曼神学,基督教.经籍、书文、报刊
效法基督,基督教.经籍、书文、报刊
师主篇,基督教.经籍、书文、报刊
告德意志族基督教贵胄书,基督教.经籍、书文、报刊
告日耳曼贵族书,基督教.经籍、书文、报刊
基督徒的自由,基督教.经籍、书文、报刊
论教会的巴比伦之囚,基督教.经籍、书文、报刊
基督教原理,基督教.经籍、书文、报刊
奥古斯丁书,基督教.经籍、书文、报刊
论宗教宽容,基督教.经籍、书文、报刊
经过批判处理的耶稣生平,基督教.经籍、书文、报刊
耶稣传,基督教.经籍、书文、报刊
耶稣生平研究,基督教.经籍、书文、报刊
时代书册,基督教.经籍、书文、报刊
信条史,基督教.经籍、书文、报刊
基督教会史,基督教.经籍、书文、报刊
现代谬误学说汇编,基督教.经籍、书文、报刊
错谬要略,基督教.经籍、书文、报刊
巴门宣言,基督教.经籍、书文、报刊
论基督徒,基督教.经籍、书文、报刊
信经,基督教.经籍、书文、报刊
使徒信经,基督教.经籍、书文、报刊
尼西亚信经,基督教.经籍、书文、报刊
尼西亚-君士坦丁堡信经,基督教.经籍、书文、报刊
阿塔纳修信经,基督教.经籍、书文、报刊
教会法规歧异类解汇编,基督教.经籍、书文、报刊
格拉蒂安教令集,基督教.经籍、书文、报刊
东方教会法纲要,基督教.经籍、书文、报刊
都主教法规集,基督教.经籍、书文、报刊
天主教会法典,基督教.经籍、书文、报刊
俄罗斯正教会管理条例,基督教.经籍、书文、报刊
小教理问答,基督教.经籍、书文、报刊
海德堡问答,基督教.经籍、书文、报刊
罗马教理问答,基督教.经籍、书文、报刊
拉寇问答,基督教.经籍、书文、报刊
威斯敏斯特小教理问答,基督教.经籍、书文、报刊
九十五条论纲,基督教.经籍、书文、报刊
奥格斯堡信纲,基督教.经籍、书文、报刊
伯尔尼信纲,基督教.经籍、书文、报刊
加尔文教义问答,基督教.经籍、书文、报刊
高卢信纲,基督教.经籍、书文、报刊
三十九条信纲,基督教.经籍、书文、报刊
比利时信条,基督教.经籍、书文、报刊
特兰托会议信纲,基督教.经籍、书文、报刊
庇护四世信条,基督教.经籍、书文、报刊
威斯敏斯特信纲,基督教.经籍、书文、报刊
二十五条信纲,基督教.经籍、书文、报刊
马利亚无原罪始胎令,基督教.经籍、书文、报刊
永恒之父通谕,基督教.经籍、书文、报刊
新事物通谕,基督教.经籍、书文、报刊
四十年通谕,基督教.经籍、书文、报刊
世上和平通谕,基督教.经籍、书文、报刊
教会通谕,基督教.经籍、书文、报刊
八十年公函,基督教.经籍、书文、报刊
人类救主通谕,基督教.经籍、书文、报刊
百年通谕,基督教.经籍、书文、报刊
光荣颂,基督教.经籍、书文、报刊
光荣经,基督教.经籍、书文、报刊
圣母经,基督教.经籍、书文、报刊
玫瑰经,基督教.经籍、书文、报刊
日课经,基督教.经籍、书文、报刊
圣礼书,基督教.经籍、书文、报刊
经文日课,基督教.经籍、书文、报刊
公共礼仪书,基督教.经籍、书文、报刊
复活节早祷文,基督教.经籍、书文、报刊
公祷书,基督教.经籍、书文、报刊
赎罪书,基督教.经籍、书文、报刊
圣徒传,基督教.经籍、书文、报刊
天路历程,基督教.经籍、书文、报刊
罗马观察家报,基督教.经籍、书文、报刊
敦煌景教文献,基督教.经籍、书文、报刊
利玛窦中国札记,基督教.经籍、书文、报刊
天主实义,基督教.经籍、书文、报刊
七克,基督教.经籍、书文、报刊
天学初函,基督教.经籍、书文、报刊
在华耶稣会士列传及书目,基督教.经籍、书文、报刊
明清间在华耶稣会士列传,基督教.经籍、书文、报刊
圣教杂志,基督教.经籍、书文、报刊
中华归主,基督教.经籍、书文、报刊
清季教案史料,基督教.经籍、书文、报刊
教务记略,基督教.经籍、书文、报刊
中国基督教传教年鉴,基督教.经籍、书文、报刊
中华基督教会年鉴,基督教.经籍、书文、报刊
中国基督教差会指南,基督教.经籍、书文、报刊
中国丛报,基督教.经籍、书文、报刊
中国文库,基督教.经籍、书文、报刊
中华见闻录,基督教.经籍、书文、报刊
教务杂志,基督教.经籍、书文、报刊
教会新报,基督教.经籍、书文、报刊
万国公报,基督教.经籍、书文、报刊
益世报,基督教.经籍、书文、报刊
金陵神学志,基督教.经籍、书文、报刊
燕京神学志,基督教.经籍、书文、报刊
三自宣言,基督教.经籍、书文、报刊
天风,基督教.经籍、书文、报刊
中国天主教,基督教.经籍、书文、报刊
艾赛尼派,基督教.历史事项
奋锐党人,基督教.历史事项
希律党人,基督教.历史事项
使徒时期,基督教.历史事项
耶路撒冷使徒会议,基督教.历史事项
耶路撒冷会议,基督教.历史事项
教父,基督教.历史事项
使徒后教父,基督教.历史事项
使徒教父,基督教.历史事项
希腊教父,基督教.历史事项
拉丁教父,基督教.历史事项
护教士,基督教.历史事项
护教教父,基督教.历史事项
十大迫害,基督教.历史事项
叛教者,基督教.历史事项
背教者,基督教.历史事项
地下墓窟,基督教.历史事项
巴尔·科赫巴起义,基督教.历史事项
复活节日期之争,基督教.历史事项
多纳图分裂,基督教.历史事项
米兰敕令,基督教.历史事项
公会议,基督教.历史事项
普世会议,基督教.历史事项
七大公会议,基督教.历史事项
尼西亚公会议,基督教.历史事项
“和子句”纠纷,基督教.历史事项
亚历山大里亚会议,基督教.历史事项
圣所庇护权,基督教.历史事项
君士坦丁堡公会议,基督教.历史事项
瓦朗斯会议,基督教.历史事项
以弗所公会议,基督教.历史事项
以弗所强盗会议,基督教.历史事项
卡尔西顿公会议,基督教.历史事项
阿卡西乌分裂,基督教.历史事项
什一税,基督教.历史事项
圣像破坏运动,基督教.历史事项
反拜像之争,基督教.历史事项
丕平赠礼,基督教.历史事项
丕平献土,基督教.历史事项
教皇国,基督教.历史事项
君士坦丁赠礼,基督教.历史事项
伪伊西多尔教令集,基督教.历史事项
加洛林王朝文化复兴,基督教.历史事项
佛提乌分裂,基督教.历史事项
罗斯受洗,基督教.历史事项
神圣罗马帝国,基督教.历史事项
鄂图特权,基督教.历史事项
克吕尼运动,基督教.历史事项
色路拉里乌分裂,基督教.历史事项
东西教会大分裂,基督教.历史事项
格列高利改革,基督教.历史事项
赎罪券,基督教.历史事项
赦罪符,基督教.历史事项
神命休战,基督教.历史事项
主教叙任权之争,基督教.历史事项
克勒芒会议,基督教.历史事项
克莱蒙会议,基督教.历史事项
十字军东征,基督教.历史事项
耶路撒冷拉丁王国,基督教.历史事项
圣殿骑士团,基督教.历史事项
医护骑士团,基督教.历史事项
条顿骑士团,基督教.历史事项
沃尔姆斯宗教协定,基督教.历史事项
桑斯会议,基督教.历史事项
十二世纪文化复兴,基督教.历史事项
拉特兰公会议,基督教.历史事项
里昂公会议,基督教.历史事项
异端,基督教.历史事项
异教,基督教.历史事项
异端裁判所,基督教.历史事项
宗教裁判所,基督教.历史事项
方济各会规之争,基督教.历史事项
阿维尼翁之囚,基督教.历史事项
维埃纳公会议,基督教.历史事项
天主教会大分裂,基督教.历史事项
西方教会大分裂,基督教.历史事项
比萨公会议,基督教.历史事项
康斯坦茨公会议,基督教.历史事项
胡斯战争,基督教.历史事项
巴塞尔会议,基督教.历史事项
费拉拉会议,基督教.历史事项
佛罗伦萨会议,基督教.历史事项
保教权,基督教.历史事项
教皇子午线,基督教.历史事项
教宗子午线,基督教.历史事项
敌对教皇,基督教.历史事项
对立教皇,基督教.历史事项
伪教皇,基督教.历史事项
文艺复兴,基督教.历史事项
神圣联盟,基督教.历史事项
宗教改革运动,基督教.历史事项
莱比锡论战,基督教.历史事项
沃尔姆斯会议,基督教.历史事项
沃尔姆斯敕令,基督教.历史事项
卡匹尔战争,基督教.历史事项
维滕贝格协议,基督教.历史事项
反宗教改革,基督教.历史事项
天主教改革运动,基督教.历史事项
特兰托公会议,基督教.历史事项
维斯蒂亚论战,基督教.历史事项
百条宗教会议,基督教.历史事项
奥格斯堡和约,基督教.历史事项
伊丽莎白宗教和解,基督教.历史事项
胡格诺战争,基督教.历史事项
圣巴托罗缪惨案,基督教.历史事项
天主教同盟,基督教.历史事项
马尔普雷莱特论战,基督教.历史事项
南特敕令,基督教.历史事项
清教徒运动,基督教.历史事项
激进派改革运动,基督教.历史事项
千人请愿书,基督教.历史事项
罕普顿御前会议,基督教.历史事项
新教联盟,基督教.历史事项
天主教联盟,基督教.历史事项
多尔德会议,基督教.历史事项
三十年战争,基督教.历史事项
威斯敏斯特会议,基督教.历史事项
神圣盟约,基督教.历史事项
托伦大会,基督教.历史事项
容忍法,基督教.历史事项
俄罗斯正教改革,基督教.历史事项
索洛维茨基起义,基督教.历史事项
俄罗斯正教会分裂运动,基督教.历史事项
旧俄国教派分裂运动,基督教.历史事项
全东正教会议,基督教.历史事项
东正教地方主教会议,基督教.历史事项
全俄东正教教俗两界代表大会,基督教.历史事项
东正教独立教会首脑和代表会议,基督教.历史事项
索隐派,基督教.历史事项
威斯特发里亚和约,基督教.历史事项
大觉醒运动,基督教.历史事项
信仰自由法令,基督教.历史事项
一八○一年宗教协定,基督教.历史事项
一八○一年教务专约,基督教.历史事项
托管制问题,基督教.历史事项
牛津运动,基督教.历史事项
兰柏特会议,基督教.历史事项
本色教会运动,基督教.历史事项
梵蒂冈公会议,基督教.历史事项
梵二会议,基督教.历史事项
梵二会议文件,基督教.历史事项
礼仪改革运动,基督教.历史事项
越山主义,基督教.历史事项
教宗极权主义,基督教.历史事项
纽伦堡宣言,基督教.历史事项
梵蒂冈囚徒,基督教.历史事项
道德重整运动,基督教.历史事项
重整道德运动,基督教.历史事项
拉特兰条约,基督教.历史事项
巴门会议,基督教.历史事项
普世教会运动,基督教.历史事项
教会再合一运动,基督教.历史事项
基督教慈善服务,基督教.历史事项
奋兴运动,基督教.历史事项
圣洁运动,基督教.历史事项
排外主义运动,基督教.历史事项
公教工人运动,基督教.历史事项
灵恩运动,基督教.历史事项
学生志愿运动,基督教.历史事项
脱离罗马运动,基督教.历史事项
美利坚主义,基督教.历史事项
新经院哲学运动,基督教.历史事项
基督教学生运动,基督教.历史事项
社会主义基督徒,基督教.历史事项
生活与工作运动,基督教.历史事项
信仰与体制运动,基督教.历史事项
神恩复兴运动,基督教.历史事项
马林斯会谈,基督教.历史事项
牛津会议,基督教.历史事项
坦巴拉大会,基督教.历史事项
基督教家庭运动,基督教.历史事项
拉丁美洲主教会议,基督教.历史事项
世界主教会议,基督教.历史事项
勒费弗尔分裂,基督教.历史事项
教士独身制之争,基督教.历史事项
妇女任神职之争,基督教.历史事项
洛桑世界福音大会,基督教.历史事项
大秦景教流行中国碑,基督教.历史事项
泉州古十字碑,基督教.历史事项
嘉定会议,基督教.历史事项
远东三代牧,基督教.历史事项
清初历法之争,基督教.历史事项
东学西传,基督教.历史事项
西学东渐,基督教.历史事项
中国礼仪之争,基督教.历史事项
清朝教禁,基督教.历史事项
百年禁教,基督教.历史事项
教案,基督教.历史事项
南京教案,基督教.历史事项
青浦教案,基督教.历史事项
西林教案,基督教.历史事项
马神父事件,基督教.历史事项
贵阳教案,基督教.历史事项
重庆教案,基督教.历史事项
台湾教案,基督教.历史事项
扬州教案,基督教.历史事项
天津教案,基督教.历史事项
济南教案,基督教.历史事项
大足教案,基督教.历史事项
巨野教案,基督教.历史事项
曹州教案,基督教.历史事项
拜上帝会,基督教.历史事项
太平基督教,基督教.历史事项
义和团运动,基督教.历史事项
耶稣教自立会,基督教.历史事项
中国天主教本地化运动,基督教.历史事项
中国新教本色教会运动,基督教.历史事项
全国基督教传教大会,基督教.历史事项
在华传教士大会,基督教.历史事项
在华宣教百年大会,基督教.历史事项
基督教全国大会,基督教.历史事项
中华归主运动,基督教.历史事项
非基督教运动,基督教.历史事项
中华公教进行会全国代表会议,基督教.历史事项
控诉运动,基督教.历史事项
中国天主教反帝爱国运动,基督教.历史事项
中国天主教全国代表会议,基督教.历史事项
基督教三自革新运动,基督教.历史事项
中国基督教三自爱国运动,基督教.历史事项
后宗派时期,基督教.历史事项
济南会议,基督教.历史事项
神学思想建设,基督教.历史事项
亚当,基督教.《圣经》人物、词汇
夏娃,基督教.《圣经》人物、词汇
厄娃,基督教.《圣经》人物、词汇
该隐,基督教.《圣经》人物、词汇
加音,基督教.《圣经》人物、词汇
挪亚,基督教.《圣经》人物、词汇
诺亚,基督教.《圣经》人物、词汇
亚伯拉罕,基督教.《圣经》人物、词汇
亚巴郎,基督教.《圣经》人物、词汇
以色列,基督教.《圣经》人物、词汇
雅各,基督教.《圣经》人物、词汇
雅各伯,基督教.《圣经》人物、词汇
约瑟,基督教.《圣经》人物、词汇
若瑟,基督教.《圣经》人物、词汇
亚伦,基督教.《圣经》人物、词汇
亚郎,基督教.《圣经》人物、词汇
摩西,基督教.《圣经》人物、词汇
梅瑟,基督教.《圣经》人物、词汇
参孙,基督教.《圣经》人物、词汇
桑松,基督教.《圣经》人物、词汇
以利亚,基督教.《圣经》人物、词汇
大卫,基督教.《圣经》人物、词汇
达味,基督教.《圣经》人物、词汇
所罗门,基督教.《圣经》人物、词汇
撒落满,基督教.《圣经》人物、词汇
以赛亚,基督教.《圣经》人物、词汇
约伯,基督教.《圣经》人物、词汇
施洗约翰,基督教.《圣经》人物、词汇
马利亚,基督教.《圣经》人物、词汇
玛利亚,基督教.《圣经》人物、词汇
希律,基督教.《圣经》人物、词汇
黑落德,基督教.《圣经》人物、词汇
耶稣,基督教.《圣经》人物、词汇
十二使徒,基督教.《圣经》人物、词汇
十二宗徒,基督教.《圣经》人物、词汇
十二门徒,基督教.《圣经》人物、词汇
彼得,基督教.《圣经》人物、词汇
伯多禄,基督教.《圣经》人物、词汇
约翰,基督教.《圣经》人物、词汇
若望,基督教.《圣经》人物、词汇
马太,基督教.《圣经》人物、词汇
玛窦,基督教.《圣经》人物、词汇
西门,基督教.《圣经》人物、词汇
西满,基督教.《圣经》人物、词汇
犹大,基督教.《圣经》人物、词汇
马可,基督教.《圣经》人物、词汇
玛尔各,基督教.《圣经》人物、词汇
玛尔谷,基督教.《圣经》人物、词汇
路加,基督教.《圣经》人物、词汇
保罗,基督教.《圣经》人物、词汇
保禄,基督教.《圣经》人物、词汇
东方三博士,基督教.《圣经》人物、词汇
东方三王,基督教.《圣经》人物、词汇
司提反,基督教.《圣经》人物、词汇
斯德望,基督教.《圣经》人物、词汇
伊甸园,基督教.《圣经》人物、词汇
地堂,基督教.《圣经》人物、词汇
先知,基督教.《圣经》人物、词汇
玛门,基督教.《圣经》人物、词汇
哈利路亚,基督教.《圣经》人物、词汇
亚肋路亚,基督教.《圣经》人物、词汇
和撒那,基督教.《圣经》人物、词汇
贺三纳,基督教.《圣经》人物、词汇
最后的晚餐,基督教.《圣经》人物、词汇
荆棘冠,基督教.《圣经》人物、词汇
各各他,基督教.《圣经》人物、词汇
髑髅地,基督教.《圣经》人物、词汇
锡安山,基督教.《圣经》人物、词汇
熙雍,基督教.《圣经》人物、词汇
西奈山,基督教.《圣经》人物、词汇
何烈山,基督教.《圣经》人物、词汇
客西马尼园,基督教.《圣经》人物、词汇
使徒,基督教.《圣经》人物、词汇
宗徒,基督教.《圣经》人物、词汇
知善恶树,基督教.《圣经》人物、词汇
禁果,基督教.《圣经》人物、词汇
洪水灭世,基督教.《圣经》人物、词汇
大流激,基督教.《圣经》人物、词汇
挪亚方舟,基督教.《圣经》人物、词汇
方舟,基督教.《圣经》人物、词汇
和平鸽,基督教.《圣经》人物、词汇
橄榄枝,基督教.《圣经》人物、词汇
巴别塔,基督教.《圣经》人物、词汇
罢伯耳塔,基督教.《圣经》人物、词汇
吗哪,基督教.《圣经》人物、词汇
玛纳,基督教.《圣经》人物、词汇
约柜,基督教.《圣经》人物、词汇
会幕,基督教.《圣经》人物、词汇
帐幕,基督教.《圣经》人物、词汇
圣所,基督教.《圣经》人物、词汇
至圣所,基督教.《圣经》人物、词汇
替罪羊,基督教.《圣经》人物、词汇
负罪羊,基督教.《圣经》人物、词汇
敌基督者,基督教.《圣经》人物、词汇
假基督,基督教.《圣经》人物、词汇
兽数六六六,基督教.《圣经》人物、词汇
犹太人,基督教.《圣经》人物、词汇
希伯来人,基督教.《圣经》人物、词汇
以色列人,基督教.《圣经》人物、词汇
法利赛人,基督教.《圣经》人物、词汇
撒都该人,基督教.《圣经》人物、词汇
外邦人,基督教.《圣经》人物、词汇
撒马利亚人,基督教.《圣经》人物、词汇
好撒马利亚人,基督教.《圣经》人物、词汇
逾越节的羔羊,基督教.《圣经》人物、词汇
盐和光,基督教.《圣经》人物、词汇
五饼二鱼,基督教.《圣经》人物、词汇
磐石,基督教.《圣经》人物、词汇
人子,基督教.《圣经》人物、词汇
加百列,基督教.《圣经》人物、词汇
米迦勒,基督教.《圣经》人物、词汇
所多玛,基督教.《圣经》人物、词汇
应许之地,基督教.《圣经》人物、词汇
拿撒勒,基督教.《圣经》人物、词汇
纳匝勒,基督教.《圣经》人物、词汇
教会,基督教.称谓、教职、教制
教省,基督教.称谓、教职、教制
大教区,基督教.称谓、教职、教制
总教区,基督教.称谓、教职、教制
教区,基督教.称谓、教职、教制
堂区,基督教.称谓、教职、教制
本堂区,基督教.称谓、教职、教制
使徒教会,基督教.称谓、教职、教制
教阶体制,基督教.称谓、教职、教制
圣统制,基督教.称谓、教职、教制
神品,基督教.称谓、教职、教制
圣品,基督教.称谓、教职、教制
大品,基督教.称谓、教职、教制
正级神品,基督教.称谓、教职、教制
小品,基督教.称谓、教职、教制
次级神品,基督教.称谓、教职、教制
教士,基督教.称谓、教职、教制
神职人员,基督教.称谓、教职、教制
教牧人员,基督教.称谓、教职、教制
代牧,基督教.称谓、教职、教制
事工,基督教.称谓、教职、教制
平信徒,基督教.称谓、教职、教制
主教制,基督教.称谓、教职、教制
长老制,基督教.称谓、教职、教制
公理制,基督教.称谓、教职、教制
会众制,基督教.称谓、教职、教制
自由教会,基督教.称谓、教职、教制
福音教会,基督教.称谓、教职、教制
教皇,基督教.称谓、教职、教制
教宗,基督教.称谓、教职、教制
宗座,基督教.称谓、教职、教制
圣座,基督教.称谓、教职、教制
梵蒂冈,基督教.称谓、教职、教制
梵蒂冈城国,基督教.称谓、教职、教制
罗马教廷,基督教.称谓、教职、教制
枢机,基督教.称谓、教职、教制
红衣主教,基督教.称谓、教职、教制
枢机团,基督教.称谓、教职、教制
枢机主教团,基督教.称谓、教职、教制
康格拉夫,基督教.称谓、教职、教制
教廷使节,基督教.称谓、教职、教制
教廷特使,基督教.称谓、教职、教制
教皇钦使,基督教.称谓、教职、教制
宗座大使,基督教.称谓、教职、教制
教廷大使,基督教.称谓、教职、教制
圣座大使,基督教.称谓、教职、教制
教廷公使,基督教.称谓、教职、教制
宗座公使,基督教.称谓、教职、教制
宗座代表,基督教.称谓、教职、教制
宗座代牧区,基督教.称谓、教职、教制
宗座监牧区,基督教.称谓、教职、教制
宗主教,基督教.称谓、教职、教制
牧首制,基督教.称谓、教职、教制
牧首,基督教.称谓、教职、教制
牧首区,基督教.称谓、教职、教制
宗主教区,基督教.称谓、教职、教制
法纳尔,基督教.称谓、教职、教制
白光塔,基督教.称谓、教职、教制
普世牧首,基督教.称谓、教职、教制
督主教,基督教.称谓、教职、教制
督主教管辖区,基督教.称谓、教职、教制
都主教,基督教.称谓、教职、教制
大主教,基督教.称谓、教职、教制
总主教,基督教.称谓、教职、教制
坎特伯雷大主教,基督教.称谓、教职、教制
主教,基督教.称谓、教职、教制
会督,基督教.称谓、教职、教制
监督,基督教.称谓、教职、教制
副主教,基督教.称谓、教职、教制
教区长,基督教.称谓、教职、教制
署理主教,基督教.称谓、教职、教制
正权主教,基督教.称谓、教职、教制
辅理主教,基督教.称谓、教职、教制
助理主教,基督教.称谓、教职、教制
领衔主教,基督教.称谓、教职、教制
蒙席,基督教.称谓、教职、教制
首席主教,基督教.称谓、教职、教制
阿布拿,基督教.称谓、教职、教制
卡多利柯斯,基督教.称谓、教职、教制
大司祭,基督教.称谓、教职、教制
大司铎,基督教.称谓、教职、教制
首席长老,基督教.称谓、教职、教制
大长老,基督教.称谓、教职、教制
执事长,基督教.称谓、教职、教制
助祭长,基督教.称谓、教职、教制
会吏总,基督教.称谓、教职、教制
司铎,基督教.称谓、教职、教制
随军司铎,基督教.称谓、教职、教制
工人司铎,基督教.称谓、教职、教制
司祭,基督教.称谓、教职、教制
神父,基督教.称谓、教职、教制
神甫,基督教.称谓、教职、教制
牧师,基督教.称谓、教职、教制
长老,基督教.称谓、教职、教制
执事,基督教.称谓、教职、教制
助祭,基督教.称谓、教职、教制
辅祭,基督教.称谓、教职、教制
会吏,基督教.称谓、教职、教制
六品,基督教.称谓、教职、教制
副助祭,基督教.称谓、教职、教制
襄礼员,基督教.称谓、教职、教制
诵经士,基督教.称谓、教职、教制
诵经员,基督教.称谓、教职、教制
传道员,基督教.称谓、教职、教制
司门员,基督教.称谓、教职、教制
驱魔员,基督教.称谓、教职、教制
教父教母,基督教.称谓、教职、教制
教父,基督教.称谓、教职、教制
教母,基督教.称谓、教职、教制
代父,基督教.称谓、教职、教制
代母,基督教.称谓、教职、教制
望教者,基督教.称谓、教职、教制
慕道友,基督教.称谓、教职、教制
文化基督徒,基督教.称谓、教职、教制
修士大牧长,基督教.称谓、教职、教制
总修道长,基督教.称谓、教职、教制
修道制,基督教.称谓、教职、教制
隐修制,基督教.称谓、教职、教制
僧侣制,基督教.称谓、教职、教制
修士大司祭,基督教.称谓、教职、教制
修士大辅祭,基督教.称谓、教职、教制
大助祭,基督教.称谓、教职、教制
隐修会长,基督教.称谓、教职、教制
隐修院长,基督教.称谓、教职、教制
女隐修院长,基督教.称谓、教职、教制
修道长,基督教.称谓、教职、教制
修士,基督教.称谓、教职、教制
修女,基督教.称谓、教职、教制
嬷嬷,基督教.称谓、教职、教制
隐修士,基督教.称谓、教职、教制
修道士,基督教.称谓、教职、教制
隐修女,基督教.称谓、教职、教制
女隐修士,基督教.称谓、教职、教制
留院隐修,基督教.称谓、教职、教制
修会,基督教.称谓、教职、教制
善会,基督教.称谓、教职、教制
差会,基督教.称谓、教职、教制
外方传教会,基督教.称谓、教职、教制
隐修院,基督教.称谓、教职、教制
修道院,基督教.称谓、教职、教制
俄罗斯正教修道院,基督教.称谓、教职、教制
神学院,基督教.称谓、教职、教制
主日学,基督教.称谓、教职、教制
星期日学校,基督教.称谓、教职、教制
东正教教会法,基督教.称谓、教职、教制
东正教教规法,基督教.称谓、教职、教制
宗座特赦法庭,基督教.称谓、教职、教制
宗座最高法庭,基督教.称谓、教职、教制
圣轮法庭,基督教.称谓、教职、教制
十诫,基督教.称谓、教职、教制
摩西十诫,基督教.称谓、教职、教制
四规,基督教.称谓、教职、教制
圣教四规,基督教.称谓、教职、教制
圣人,基督教.称谓、教职、教制
主保圣人,基督教.称谓、教职、教制
教皇诏书,基督教.称谓、教职、教制
教宗通谕,基督教.称谓、教职、教制
教廷通牒,基督教.称谓、教职、教制
教宗自动诏书,基督教.称谓、教职、教制
宗座简函,基督教.称谓、教职、教制
宗座训诫,基督教.称谓、教职、教制
牧函,基督教.称谓、教职、教制
教令集,基督教.称谓、教职、教制
最终裁定权,基督教.称谓、教职、教制
革除神职,基督教.称谓、教职、教制
革除圣职,基督教.称谓、教职、教制
绝罚,基督教.称谓、教职、教制
发愿,基督教.称谓、教职、教制
封圣,基督教.称谓、教职、教制
列入圣品,基督教.称谓、教职、教制
真福,基督教.称谓、教职、教制
礼拜,基督教.礼仪、节日、教历
联合礼拜,基督教.礼仪、节日、教历
家庭聚会,基督教.礼仪、节日、教历
祈祷,基督教.礼仪、节日、教历
祷告,基督教.礼仪、节日、教历
主祷文,基督教.礼仪、节日、教历
天主经,基督教.礼仪、节日、教历
阿们,基督教.礼仪、节日、教历
亚孟,基督教.礼仪、节日、教历
代祷,基督教.礼仪、节日、教历
祝福,基督教.礼仪、节日、教历
降福,基督教.礼仪、节日、教历
赞美诗,基督教.礼仪、节日、教历
尊主颂,基督教.礼仪、节日、教历
唱经班,基督教.礼仪、节日、教历
唱诗班,基督教.礼仪、节日、教历
圣乐团,基督教.礼仪、节日、教历
格列高利圣咏,基督教.礼仪、节日、教历
高卢圣咏,基督教.礼仪、节日、教历
讲道,基督教.礼仪、节日、教历
圣事,基督教.礼仪、节日、教历
圣礼,基督教.礼仪、节日、教历
洗礼,基督教.礼仪、节日、教历
浸礼,基督教.礼仪、节日、教历
告解,基督教.礼仪、节日、教历
办神工,基督教.礼仪、节日、教历
坚振,基督教.礼仪、节日、教历
覆手礼,基督教.礼仪、节日、教历
按手礼,基督教.礼仪、节日、教历
祝圣,基督教.礼仪、节日、教历
派立礼,基督教.礼仪、节日、教历
晋铎,基督教.礼仪、节日、教历
晋牧,基督教.礼仪、节日、教历
终傅,基督教.礼仪、节日、教历
圣体,基督教.礼仪、节日、教历
圣体血,基督教.礼仪、节日、教历
弥撒,基督教.礼仪、节日、教历
净礼,基督教.礼仪、节日、教历
洗手礼,基督教.礼仪、节日、教历
圣餐,基督教.礼仪、节日、教历
神交圣礼,基督教.礼仪、节日、教历
共融,基督教.礼仪、节日、教历
领圣体,基督教.礼仪、节日、教历
婚配,基督教.礼仪、节日、教历
避静,基督教.礼仪、节日、教历
斋戒,基督教.礼仪、节日、教历
小斋,基督教.礼仪、节日、教历
大斋,基督教.礼仪、节日、教历
朝圣,基督教.礼仪、节日、教历
殉道,基督教.礼仪、节日、教历
十字架,基督教.礼仪、节日、教历
祭台,基督教.礼仪、节日、教历
祭坛,基督教.礼仪、节日、教历
圣桌,基督教.礼仪、节日、教历
圣杯,基督教.礼仪、节日、教历
圣爵,基督教.礼仪、节日、教历
主教权杖,基督教.礼仪、节日、教历
主教权戒,基督教.礼仪、节日、教历
主教冠,基督教.礼仪、节日、教历
圣牌,基督教.礼仪、节日、教历
圣像,基督教.礼仪、节日、教历
十四处苦路像,基督教.礼仪、节日、教历
苦路十四处,基督教.礼仪、节日、教历
圣衣,基督教.礼仪、节日、教历
祭服,基督教.礼仪、节日、教历
三重冠,基督教.礼仪、节日、教历
圣灰礼仪日,基督教.礼仪、节日、教历
大斋首日,基督教.礼仪、节日、教历
主日,基督教.礼仪、节日、教历
安息日,基督教.礼仪、节日、教历
降临节,基督教.礼仪、节日、教历
将临节,基督教.礼仪、节日、教历
圣诞节,基督教.礼仪、节日、教历
耶稣圣诞瞻礼,基督教.礼仪、节日、教历
圣诞老人,基督教.礼仪、节日、教历
显现节,基督教.礼仪、节日、教历
主显节,基督教.礼仪、节日、教历
圣母领报节,基督教.礼仪、节日、教历
大斋节,基督教.礼仪、节日、教历
封斋节,基督教.礼仪、节日、教历
主显圣容节,基督教.礼仪、节日、教历
耶稣显圣容日,基督教.礼仪、节日、教历
棕枝主日,基督教.礼仪、节日、教历
圣枝主日,基督教.礼仪、节日、教历
受难节,基督教.礼仪、节日、教历
耶稣受难瞻礼,基督教.礼仪、节日、教历
复活节,基督教.礼仪、节日、教历
耶稣复活瞻礼,基督教.礼仪、节日、教历
耶稣升天节,基督教.礼仪、节日、教历
耶稣升天瞻礼,基督教.礼仪、节日、教历
圣灵降临节,基督教.礼仪、节日、教历
圣神降临瞻礼,基督教.礼仪、节日、教历
五旬节,基督教.礼仪、节日、教历
三一主日,基督教.礼仪、节日、教历
天主圣三瞻礼,基督教.礼仪、节日、教历
圣三主日,基督教.礼仪、节日、教历
基督圣体节,基督教.礼仪、节日、教历
耶稣圣体瞻礼,基督教.礼仪、节日、教历
圣家节,基督教.礼仪、节日、教历
圣家族节,基督教.礼仪、节日、教历
忏悔节,基督教.礼仪、节日、教历
濯足节,基督教.礼仪、节日、教历
圣周四,基督教.礼仪、节日、教历
宗教改革纪念日,基督教.礼仪、节日、教历
万圣节,基督教.礼仪、节日、教历
诸圣瞻礼,基督教.礼仪、节日、教历
诸圣日,基督教.礼仪、节日、教历
万灵节,基督教.礼仪、节日、教历
追思节,基督教.礼仪、节日、教历
追思已亡节,基督教.礼仪、节日、教历
圣母升天节,基督教.礼仪、节日、教历
圣母升天瞻礼,基督教.礼仪、节日、教历
圣母安息节,基督教.礼仪、节日、教历
狂欢节,基督教.礼仪、节日、教历
谢肉节,基督教.礼仪、节日、教历
嘉年华会,基督教.礼仪、节日、教历
感恩节,基督教.礼仪、节日、教历
东正教十二大节,基督教.礼仪、节日、教历
教会圣历,基督教.礼仪、节日、教历
教历,基督教.礼仪、节日、教历
东正教教历,基督教.礼仪、节日、教历
儒略历,基督教.礼仪、节日、教历
格列历,基督教.礼仪、节日、教历
额我略历,基督教.礼仪、节日、教历
公历,基督教.礼仪、节日、教历
基督纪元,基督教.礼仪、节日、教历
公元,基督教.礼仪、节日、教历
纪元,基督教.礼仪、节日、教历
禧年,基督教.礼仪、节日、教历
圣年,基督教.礼仪、节日、教历
教堂,基督教.教堂、修道院、圣地等.名词、术语
礼拜堂,基督教.教堂、修道院、圣地等.名词、术语
罗马式教堂,基督教.教堂、修道院、圣地等.名词、术语
哥特式教堂,基督教.教堂、修道院、圣地等.名词、术语
拜占庭式教堂,基督教.教堂、修道院、圣地等.名词、术语
巴洛克式教堂,基督教.教堂、修道院、圣地等.名词、术语
洛可可式教堂,基督教.教堂、修道院、圣地等.名词、术语
文艺复兴式教堂,基督教.教堂、修道院、圣地等.名词、术语
主教座堂,基督教.教堂、修道院、圣地等.名词、术语
主教大堂,基督教.教堂、修道院、圣地等.名词、术语
小教堂,基督教.教堂、修道院、圣地等.名词、术语
西斯廷小教堂,基督教.教堂、修道院、圣地等.外　国
圣彼得大教堂,基督教.教堂、修道院、圣地等.外　国
圣伯多禄大堂,基督教.教堂、修道院、圣地等.外　国
圣保罗大堂,基督教.教堂、修道院、圣地等.外　国
圣保禄大堂,基督教.教堂、修道院、圣地等.外　国
罗马圣母大堂,基督教.教堂、修道院、圣地等.外　国
圣母马利亚大堂,基督教.教堂、修道院、圣地等.外　国
圣马可大教堂,基督教.教堂、修道院、圣地等.外　国
米兰大教堂,基督教.教堂、修道院、圣地等.外　国
卡西诺山,基督教.教堂、修道院、圣地等.外　国
巴黎圣母院,基督教.教堂、修道院、圣地等.外　国
巴黎圣母大堂,基督教.教堂、修道院、圣地等.外　国
夏特大教堂,基督教.教堂、修道院、圣地等.外　国
沙特大堂,基督教.教堂、修道院、圣地等.外　国
圣丹尼斯修道院,基督教.教堂、修道院、圣地等.外　国
圣米歇尔山,基督教.教堂、修道院、圣地等.外　国
龙尚教堂,基督教.教堂、修道院、圣地等.外　国
朗香教堂,基督教.教堂、修道院、圣地等.外　国
圣索非亚大堂,基督教.教堂、修道院、圣地等.外　国
圣墓大堂,基督教.教堂、修道院、圣地等.外　国
复活大堂,基督教.教堂、修道院、圣地等.外　国
司提反大堂,基督教.教堂、修道院、圣地等.外　国
圣斯特凡大教堂,基督教.教堂、修道院、圣地等.外　国
威斯敏斯特教堂,基督教.教堂、修道院、圣地等.外　国
西敏寺,基督教.教堂、修道院、圣地等.外　国
圣保罗座堂,基督教.教堂、修道院、圣地等.外　国
圣保禄座堂,基督教.教堂、修道院、圣地等.外　国
坎特伯雷大教堂,基督教.教堂、修道院、圣地等.外　国
科隆大教堂,基督教.教堂、修道院、圣地等.外　国
乌尔姆教堂,基督教.教堂、修道院、圣地等.外　国
慕尼黑圣母大堂,基督教.教堂、修道院、圣地等.外　国
安特卫普大教堂,基督教.教堂、修道院、圣地等.外　国
圣家族大教堂,基督教.教堂、修道院、圣地等.外　国
圣家教堂,基督教.教堂、修道院、圣地等.外　国
马夫拉大教堂,基督教.教堂、修道院、圣地等.外　国
乌普萨拉教堂,基督教.教堂、修道院、圣地等.外　国
奥斯陆大教堂,基督教.教堂、修道院、圣地等.外　国
圣十字教堂,基督教.教堂、修道院、圣地等.外　国
圣伊斯特万大教堂,基督教.教堂、修道院、圣地等.外　国
神圣约翰大堂,基督教.教堂、修道院、圣地等.外　国
河滨大教堂,基督教.教堂、修道院、圣地等.外　国
水晶大教堂,基督教.教堂、修道院、圣地等.外　国
圣里普西梅教堂,基督教.教堂、修道院、圣地等.外　国
诺夫哥罗德索菲亚大教堂,基督教.教堂、修道院、圣地等.外　国
弗拉基米尔圣母升天大教堂,基督教.教堂、修道院、圣地等.外　国
涅列季察救世主教堂,基督教.教堂、修道院、圣地等.外　国
莫斯科圣母升天大堂,基督教.教堂、修道院、圣地等.外　国
瓦西里升天大堂,基督教.教堂、修道院、圣地等.外　国
沟边圣母大堂,基督教.教堂、修道院、圣地等.外　国
救世主大教堂,基督教.教堂、修道院、圣地等.外　国
圣凯瑟琳修道院,基督教.教堂、修道院、圣地等.外　国
里拉修道院,基督教.教堂、修道院、圣地等.外　国
萨纳因修道院,基督教.教堂、修道院、圣地等.外　国
诺尔-格季克修道院,基督教.教堂、修道院、圣地等.外　国
戈沙万克修道院,基督教.教堂、修道院、圣地等.外　国
基辅洞窟大修道院,基督教.教堂、修道院、圣地等.外　国
阿索斯山修道院,基督教.教堂、修道院、圣地等.外　国
斯涅托格尔修道院,基督教.教堂、修道院、圣地等.外　国
达尼洛夫修道院,基督教.教堂、修道院、圣地等.外　国
奥普塔小修道院,基督教.教堂、修道院、圣地等.外　国
瓦拉姆修道院,基督教.教堂、修道院、圣地等.外　国
伊帕季耶夫圣三一修道院,基督教.教堂、修道院、圣地等.外　国
谢尔盖圣三一大修道院,基督教.教堂、修道院、圣地等.外　国
斯帕索-耶弗菲米也夫修道院,基督教.教堂、修道院、圣地等.外　国
圣母修道院,基督教.教堂、修道院、圣地等.外　国
神迹修道院,基督教.教堂、修道院、圣地等.外　国
吉利尔·别洛泽尔斯基修道院,基督教.教堂、修道院、圣地等.外　国
博罗夫斯克的帕甫努季耶夫修道院,基督教.教堂、修道院、圣地等.外　国
索洛维茨基修道院,基督教.教堂、修道院、圣地等.外　国
约瑟夫·沃洛科拉姆斯克修道院,基督教.教堂、修道院、圣地等.外　国
圣山修道院,基督教.教堂、修道院、圣地等.外　国
新圣母修道院,基督教.教堂、修道院、圣地等.外　国
顿斯科伊修道院,基督教.教堂、修道院、圣地等.外　国
亚历山大·涅夫斯基大修道院,基督教.教堂、修道院、圣地等.外　国
阿维尼翁教皇宫,基督教.教堂、修道院、圣地等.外　国
耶稣诞生教堂,基督教.教堂、修道院、圣地等.外　国
马尼拉大教堂,基督教.教堂、修道院、圣地等.外　国
麦哲伦十字架,基督教.教堂、修道院、圣地等.外　国
东京圣玛利亚大教堂,基督教.教堂、修道院、圣地等.外　国
巴西利亚大教堂,基督教.教堂、修道院、圣地等.外　国
圣母山,基督教.教堂、修道院、圣地等.外　国
伯利恒,基督教.教堂、修道院、圣地等.外　国
迦南,基督教.教堂、修道院、圣地等.外　国
加利利,基督教.教堂、修道院、圣地等.外　国
加利肋亚,基督教.教堂、修道院、圣地等.外　国
耶路撒冷,基督教.教堂、修道院、圣地等.外　国
橄榄山,基督教.教堂、修道院、圣地等.外　国
波斯寺,基督教.教堂、修道院、圣地等.中　国
大秦寺,基督教.教堂、修道院、圣地等.中　国
北京房山景教十字寺,基督教.教堂、修道院、圣地等.中　国
北馆,基督教.教堂、修道院、圣地等.中　国
罗刹庙,基督教.教堂、修道院、圣地等.中　国
南馆,基督教.教堂、修道院、圣地等.中　国
北京南堂,基督教.教堂、修道院、圣地等.中　国
北京宣武门天主堂,基督教.教堂、修道院、圣地等.中　国
北京北堂,基督教.教堂、修道院、圣地等.中　国
北京西什库天主堂,基督教.教堂、修道院、圣地等.中　国
北京东堂,基督教.教堂、修道院、圣地等.中　国
北京王府井天主堂,基督教.教堂、修道院、圣地等.中　国
北京西堂,基督教.教堂、修道院、圣地等.中　国
北京西直门天主堂,基督教.教堂、修道院、圣地等.中　国
圣米厄尔天主堂,基督教.教堂、修道院、圣地等.中　国
东交民巷天主堂,基督教.教堂、修道院、圣地等.中　国
北京崇文门教堂,基督教.教堂、修道院、圣地等.中　国
亚斯立堂,基督教.教堂、修道院、圣地等.中　国
北京缸瓦市教堂,基督教.教堂、修道院、圣地等.中　国
中华圣经会北京分会会所,基督教.教堂、修道院、圣地等.中　国
米市大街教堂,基督教.教堂、修道院、圣地等.中　国
天津望海楼教堂,基督教.教堂、修道院、圣地等.中　国
天津老西开教堂,基督教.教堂、修道院、圣地等.中　国
法国教堂,基督教.教堂、修道院、圣地等.中　国
大名天主教堂,基督教.教堂、修道院、圣地等.中　国
献县张庄天主堂,基督教.教堂、修道院、圣地等.中　国
宣化天主教堂,基督教.教堂、修道院、圣地等.中　国
太原解放路天主教堂,基督教.教堂、修道院、圣地等.中　国
呼和浩特市天主堂,基督教.教堂、修道院、圣地等.中　国
内蒙古三盛公天主堂,基督教.教堂、修道院、圣地等.中　国
圣母帡幪教堂,基督教.教堂、修道院、圣地等.中　国
哈尔滨东正教堂,基督教.教堂、修道院、圣地等.中　国
哈尔滨天主堂,基督教.教堂、修道院、圣地等.中　国
圣索菲亚教堂,基督教.教堂、修道院、圣地等.中　国
南岗基督教堂,基督教.教堂、修道院、圣地等.中　国
长春基督教堂,基督教.教堂、修道院、圣地等.中　国
感恩堂,基督教.教堂、修道院、圣地等.中　国
沈阳市天主堂,基督教.教堂、修道院、圣地等.中　国
董家渡天主堂,基督教.教堂、修道院、圣地等.中　国
徐家汇天主堂,基督教.教堂、修道院、圣地等.中　国
佘山圣母堂,基督教.教堂、修道院、圣地等.中　国
佘山天主堂,基督教.教堂、修道院、圣地等.中　国
上海东正教圣母堂,基督教.教堂、修道院、圣地等.中　国
上海主显堂,基督教.教堂、修道院、圣地等.中　国
上海圣尼古拉教堂,基督教.教堂、修道院、圣地等.中　国
怀恩堂,基督教.教堂、修道院、圣地等.中　国
沐恩堂,基督教.教堂、修道院、圣地等.中　国
上海国际礼拜堂,基督教.教堂、修道院、圣地等.中　国
南京石鼓路天主教堂,基督教.教堂、修道院、圣地等.中　国
圣母无原罪始胎堂,基督教.教堂、修道院、圣地等.中　国
南京基督教莫愁路堂,基督教.教堂、修道院、圣地等.中　国
南京圣保罗堂,基督教.教堂、修道院、圣地等.中　国
苏州圣约翰堂,基督教.教堂、修道院、圣地等.中　国
扬州萃园路礼拜堂,基督教.教堂、修道院、圣地等.中　国
杭州老天主堂,基督教.教堂、修道院、圣地等.中　国
杭州大方井墓地,基督教.教堂、修道院、圣地等.中　国
杭州崇一堂,基督教.教堂、修道院、圣地等.中　国
宁波天主教堂,基督教.教堂、修道院、圣地等.中　国
合肥基督教堂,基督教.教堂、修道院、圣地等.中　国
圣救主堂,基督教.教堂、修道院、圣地等.中　国
福州花巷堂,基督教.教堂、修道院、圣地等.中　国
福州苍霞洲基督教堂,基督教.教堂、修道院、圣地等.中　国
鼓浪屿天主教堂,基督教.教堂、修道院、圣地等.中　国
福建漳州后坂天主堂,基督教.教堂、修道院、圣地等.中　国
新街礼拜堂,基督教.教堂、修道院、圣地等.中　国
三一堂,基督教.教堂、修道院、圣地等.中　国
莆田基督教堂,基督教.教堂、修道院、圣地等.中　国
庐山基督教小礼拜堂,基督教.教堂、修道院、圣地等.中　国
济南洪家楼天主堂,基督教.教堂、修道院、圣地等.中　国
青岛基督教堂,基督教.教堂、修道院、圣地等.中　国
青岛天主教堂,基督教.教堂、修道院、圣地等.中　国
青岛圣弥厄尔教堂,基督教.教堂、修道院、圣地等.中　国
长沙北正街教堂,基督教.教堂、修道院、圣地等.中　国
武汉感恩堂,基督教.教堂、修道院、圣地等.中　国
武汉荣光堂,基督教.教堂、修道院、圣地等.中　国
武汉救世堂,基督教.教堂、修道院、圣地等.中　国
圣雅各布堂,基督教.教堂、修道院、圣地等.中　国
开封天主教堂,基督教.教堂、修道院、圣地等.中　国
肇庆圣堂,基督教.教堂、修道院、圣地等.中　国
仙花寺,基督教.教堂、修道院、圣地等.中　国
广州石室圣心堂,基督教.教堂、修道院、圣地等.中　国
石室,基督教.教堂、修道院、圣地等.中　国
救主堂,基督教.教堂、修道院、圣地等.中　国
光孝堂,基督教.教堂、修道院、圣地等.中　国
东山堂,基督教.教堂、修道院、圣地等.中　国
重庆圣若瑟天主堂,基督教.教堂、修道院、圣地等.中　国
成都平安桥主教座堂,基督教.教堂、修道院、圣地等.中　国
平安桥总堂,基督教.教堂、修道院、圣地等.中　国
昆明耶稣圣心堂,基督教.教堂、修道院、圣地等.中　国
西安北堂,基督教.教堂、修道院、圣地等.中　国
西安南堂,基督教.教堂、修道院、圣地等.中　国
利玛窦墓,基督教.教堂、修道院、圣地等.中　国
北京传教士墓地,基督教.教堂、修道院、圣地等.中　国
大三巴牌坊,基督教.教堂、修道院、圣地等.中　国
伊斯兰教,伊斯兰教.总　论
清真教,伊斯兰教.总　论
天方教,伊斯兰教.总　论
回教,伊斯兰教.总　论
正教,伊斯兰教.总　论
大食法,伊斯兰教.总　论
大食教度,伊斯兰教.总　论
教门,伊斯兰教.总　论
逊尼派,伊斯兰教.教派、组织、机构.外　国
逊奈和大众派,伊斯兰教.教派、组织、机构.外　国
什叶派,伊斯兰教.教派、组织、机构.外　国
十叶派,伊斯兰教.教派、组织、机构.外　国
赫瓦利吉派,伊斯兰教.教派、组织、机构.外　国
哈瓦利吉派,伊斯兰教.教派、组织、机构.外　国
苏非派,伊斯兰教.教派、组织、机构.外　国
苏非主义,伊斯兰教.教派、组织、机构.外　国
新苏非派,伊斯兰教.教派、组织、机构.外　国
新苏非主义,伊斯兰教.教派、组织、机构.外　国
易巴德派,伊斯兰教.教派、组织、机构.外　国
艾巴德派,伊斯兰教.教派、组织、机构.外　国
伊玛目派,伊斯兰教.教派、组织、机构.外　国
凯萨尼耶派,伊斯兰教.教派、组织、机构.外　国
凯桑派,伊斯兰教.教派、组织、机构.外　国
栽德派,伊斯兰教.教派、组织、机构.外　国
五伊玛目派,伊斯兰教.教派、组织、机构.外　国
伊斯玛仪派,伊斯兰教.教派、组织、机构.外　国
七伊玛目派,伊斯兰教.教派、组织、机构.外　国
巴颓尼叶派,伊斯兰教.教派、组织、机构.外　国
内学派,伊斯兰教.教派、组织、机构.外　国
卡尔马特派,伊斯兰教.教派、组织、机构.外　国
德鲁兹派,伊斯兰教.教派、组织、机构.外　国
努赛里耶派,伊斯兰教.教派、组织、机构.外　国
阿拉维派,伊斯兰教.教派、组织、机构.外　国
尼扎里耶派,伊斯兰教.教派、组织、机构.外　国
尼查尔派,伊斯兰教.教派、组织、机构.外　国
新伊斯玛仪派,伊斯兰教.教派、组织、机构.外　国
阿萨辛派,伊斯兰教.教派、组织、机构.外　国
盖德里耶派,伊斯兰教.教派、组织、机构.外　国
意志自由派,伊斯兰教.教派、组织、机构.外　国
反宿命论派,伊斯兰教.教派、组织、机构.外　国
穆尔吉埃派,伊斯兰教.教派、组织、机构.外　国
延缓派,伊斯兰教.教派、组织、机构.外　国
贾卜里耶派,伊斯兰教.教派、组织、机构.外　国
宿命论派,伊斯兰教.教派、组织、机构.外　国
穆尔太齐赖派,伊斯兰教.教派、组织、机构.外　国
分离派,伊斯兰教.教派、组织、机构.外　国
意见派,伊斯兰教.教派、组织、机构.外　国
伊拉克学派,伊斯兰教.教派、组织、机构.外　国
圣训派,伊斯兰教.教派、组织、机构.外　国
哈乃斐教法学派,伊斯兰教.教派、组织、机构.外　国
库法学派,伊斯兰教.教派、组织、机构.外　国
马立克教法学派,伊斯兰教.教派、组织、机构.外　国
沙斐仪教法学派,伊斯兰教.教派、组织、机构.外　国
罕百里教法学派,伊斯兰教.教派、组织、机构.外　国
扎希里耶学派,伊斯兰教.教派、组织、机构.外　国
札希里学派,伊斯兰教.教派、组织、机构.外　国
奥扎仪教法学派,伊斯兰教.教派、组织、机构.外　国
塔哈维学派,伊斯兰教.教派、组织、机构.外　国
马图里迪学派,伊斯兰教.教派、组织、机构.外　国
崇真派,伊斯兰教.教派、组织、机构.外　国
艾什尔里学派,伊斯兰教.教派、组织、机构.外　国
新凯拉姆学派,伊斯兰教.教派、组织、机构.外　国
艾赫巴尔教法学派,伊斯兰教.教派、组织、机构.外　国
乌苏勒教法学派,伊斯兰教.教派、组织、机构.外　国
谢赫学派,伊斯兰教.教派、组织、机构.外　国
伊斯法罕学派,伊斯兰教.教派、组织、机构.外　国
贾法里学派,伊斯兰教.教派、组织、机构.外　国
加法尔学派,伊斯兰教.教派、组织、机构.外　国
第五教法学派,伊斯兰教.教派、组织、机构.外　国
拉斐德派,伊斯兰教.教派、组织、机构.外　国
拒绝派,伊斯兰教.教派、组织、机构.外　国
十二伊玛目派,伊斯兰教.教派、组织、机构.外　国
精诚兄弟社,伊斯兰教.教派、组织、机构.外　国
百科全书派,伊斯兰教.教派、组织、机构.外　国
苏非教团,伊斯兰教.教派、组织、机构.外　国
卡迪里教团,伊斯兰教.教派、组织、机构.外　国
苏哈拉瓦迪教团,伊斯兰教.教派、组织、机构.外　国
沙兹里教团,伊斯兰教.教派、组织、机构.外　国
里法伊教团,伊斯兰教.教派、组织、机构.外　国
拜克塔什教团,伊斯兰教.教派、组织、机构.外　国
比克特西教团,伊斯兰教.教派、组织、机构.外　国
库布拉维教团,伊斯兰教.教派、组织、机构.外　国
契斯提教团,伊斯兰教.教派、组织、机构.外　国
哈勒瓦提教团,伊斯兰教.教派、组织、机构.外　国
哈尔瓦提教团,伊斯兰教.教派、组织、机构.外　国
努尔巴赫什教团,伊斯兰教.教派、组织、机构.外　国
尼玛图拉教团,伊斯兰教.教派、组织、机构.外　国
毛拉维教团,伊斯兰教.教派、组织、机构.外　国
巴达维教团,伊斯兰教.教派、组织、机构.外　国
萨法维教团,伊斯兰教.教派、组织、机构.外　国
纳格什班迪耶教团,伊斯兰教.教派、组织、机构.外　国
赛努西教团,伊斯兰教.教派、组织、机构.外　国
提加尼教团,伊斯兰教.教派、组织、机构.外　国
巴布派,伊斯兰教.教派、组织、机构.外　国
瓦哈比派,伊斯兰教.教派、组织、机构.外　国
瓦哈比耶派,伊斯兰教.教派、组织、机构.外　国
艾哈默底耶派,伊斯兰教.教派、组织、机构.外　国
阿赫默底亚派,伊斯兰教.教派、组织、机构.外　国
阿拉伯国家联盟,伊斯兰教.教派、组织、机构.外　国
世界穆斯林大会,伊斯兰教.教派、组织、机构.外　国
世界伊斯兰大会,伊斯兰教.教派、组织、机构.外　国
伊斯兰世界联盟,伊斯兰教.教派、组织、机构.外　国
穆斯林世界联盟,伊斯兰教.教派、组织、机构.外　国
伊斯兰合作组织,伊斯兰教.教派、组织、机构.外　国
伊斯兰会议组织,伊斯兰教.教派、组织、机构.外　国
伊斯兰国家组织,伊斯兰教.教派、组织、机构.外　国
伊斯兰事务最高理事会,伊斯兰教.教派、组织、机构.外　国
世界清真寺最高理事会,伊斯兰教.教派、组织、机构.外　国
世界穆斯林青年大会,伊斯兰教.教派、组织、机构.外　国
非洲伊斯兰中心,伊斯兰教.教派、组织、机构.外　国
巴基斯坦穆斯林联盟,伊斯兰教.教派、组织、机构.外　国
印度穆斯林联盟,伊斯兰教.教派、组织、机构.外　国
印度尼西亚穆斯林联盟,伊斯兰教.教派、组织、机构.外　国
穆斯林兄弟会,伊斯兰教.教派、组织、机构.外　国
马来西亚伊斯兰教党,伊斯兰教.教派、组织、机构.外　国
美国穆斯林传教会,伊斯兰教.教派、组织、机构.外　国
智慧馆,伊斯兰教.教派、组织、机构.外　国
托普卡珀宫,伊斯兰教.教派、组织、机构.外　国
爱资哈尔大学,伊斯兰教.教派、组织、机构.外　国
库姆经学院,伊斯兰教.教派、组织、机构.外　国
穆斯坦绥里耶大学,伊斯兰教.教派、组织、机构.外　国
卡拉维因大学,伊斯兰教.教派、组织、机构.外　国
伊玛目海推布学院,伊斯兰教.教派、组织、机构.外　国
伊斯兰历史、艺术、文化研究中心,伊斯兰教.教派、组织、机构.外　国
麦地那伊斯兰大学,伊斯兰教.教派、组织、机构.外　国
巴基斯坦国际伊斯兰大学,伊斯兰教.教派、组织、机构.外　国
马来西亚国际伊斯兰大学,伊斯兰教.教派、组织、机构.外　国
法赫德国王《古兰经》印制局,伊斯兰教.教派、组织、机构.外　国
老派,伊斯兰教.教派、组织、机构.中　国
格底木,伊斯兰教.教派、组织、机构.中　国
老教,伊斯兰教.教派、组织、机构.中　国
依禅派,伊斯兰教.教派、组织、机构.中　国
白山派,伊斯兰教.教派、组织、机构.中　国
白山宗,伊斯兰教.教派、组织、机构.中　国
黑山派,伊斯兰教.教派、组织、机构.中　国
门宦,伊斯兰教.教派、组织、机构.中　国
哲赫林耶门宦,伊斯兰教.教派、组织、机构.中　国
哲合忍耶门宦,伊斯兰教.教派、组织、机构.中　国
高念派,伊斯兰教.教派、组织、机构.中　国
虎非耶门宦,伊斯兰教.教派、组织、机构.中　国
低念派,伊斯兰教.教派、组织、机构.中　国
嘎底林耶门宦,伊斯兰教.教派、组织、机构.中　国
格底林耶门宦,伊斯兰教.教派、组织、机构.中　国
尕得林耶门宦,伊斯兰教.教派、组织、机构.中　国
库不林耶门宦,伊斯兰教.教派、组织、机构.中　国
大拱北门宦,伊斯兰教.教派、组织、机构.中　国
灵明堂,伊斯兰教.教派、组织、机构.中　国
文泉堂,伊斯兰教.教派、组织、机构.中　国
撒拉教,伊斯兰教.教派、组织、机构.中　国
穆夫提门宦,伊斯兰教.教派、组织、机构.中　国
胡门门宦,伊斯兰教.教派、组织、机构.中　国
毕家场门宦,伊斯兰教.教派、组织、机构.中　国
鲜门门宦,伊斯兰教.教派、组织、机构.中　国
明德堂,伊斯兰教.教派、组织、机构.中　国
华寺门宦,伊斯兰教.教派、组织、机构.中　国
北庄门宦,伊斯兰教.教派、组织、机构.中　国
洪门门宦,伊斯兰教.教派、组织、机构.中　国
板桥门宦,伊斯兰教.教派、组织、机构.中　国
北山门宦,伊斯兰教.教派、组织、机构.中　国
南川门宦,伊斯兰教.教派、组织、机构.中　国
沙沟门宦,伊斯兰教.教派、组织、机构.中　国
伊赫瓦尼派,伊斯兰教.教派、组织、机构.中　国
伊合瓦尼派,伊斯兰教.教派、组织、机构.中　国
新教,伊斯兰教.教派、组织、机构.中　国
遵经派,伊斯兰教.教派、组织、机构.中　国
新行派,伊斯兰教.教派、组织、机构.中　国
西道堂,伊斯兰教.教派、组织、机构.中　国
汉学派,伊斯兰教.教派、组织、机构.中　国
赛莱菲耶派,伊斯兰教.教派、组织、机构.中　国
赛莱夫派,伊斯兰教.教派、组织、机构.中　国
崇古派,伊斯兰教.教派、组织、机构.中　国
中国回教俱进会,伊斯兰教.教派、组织、机构.中　国
中国回教学会,伊斯兰教.教派、组织、机构.中　国
中国回民教育促进会,伊斯兰教.教派、组织、机构.中　国
中国回教协会,伊斯兰教.教派、组织、机构.中　国
中国回民抗日救国协会,伊斯兰教.教派、组织、机构.中　国
中国回教文化学会,伊斯兰教.教派、组织、机构.中　国
中国回民青年学会,伊斯兰教.教派、组织、机构.中　国
中国回民救国协会陕甘宁边区分会,伊斯兰教.教派、组织、机构.中　国
中国回民文化协进会,伊斯兰教.教派、组织、机构.中　国
香港伊斯兰联会,伊斯兰教.教派、组织、机构.中　国
香港回教信托基金总会,伊斯兰教.教派、组织、机构.中　国
香港中华回教博爱社,伊斯兰教.教派、组织、机构.中　国
台北中国回教协会,伊斯兰教.教派、组织、机构.中　国
台湾回教会,伊斯兰教.教派、组织、机构.中　国
中国伊斯兰教协会,伊斯兰教.教派、组织、机构.中　国
中国伊斯兰教教务指导委员会,伊斯兰教.教派、组织、机构.中　国
成达师范学校,伊斯兰教.教派、组织、机构.中　国
上海私立伊斯兰师范学校,伊斯兰教.教派、组织、机构.中　国
上海伊斯兰回文师范学校,伊斯兰教.教派、组织、机构.中　国
国立陇东师范学校,伊斯兰教.教派、组织、机构.中　国
明德中学,伊斯兰教.教派、组织、机构.中　国
中国伊斯兰教经学院,伊斯兰教.教派、组织、机构.中　国
新疆伊斯兰教经学院,伊斯兰教.教派、组织、机构.中　国
宁夏伊斯兰教经学院,伊斯兰教.教派、组织、机构.中　国
兰州伊斯兰教经学院,伊斯兰教.教派、组织、机构.中　国
昆明伊斯兰教经学院,伊斯兰教.教派、组织、机构.中　国
郑州伊斯兰教经学院,伊斯兰教.教派、组织、机构.中　国
沈阳伊斯兰教经学院,伊斯兰教.教派、组织、机构.中　国
北平清真书报社,伊斯兰教.教派、组织、机构.中　国
中国回教经书局,伊斯兰教.教派、组织、机构.中　国
穆罕默德,伊斯兰教.人　物.外　国
赫蒂彻,伊斯兰教.人　物.外　国
海底彻,伊斯兰教.人　物.外　国
艾卜·伯克尔,伊斯兰教.人　物.外　国
阿布·伯克尔,伊斯兰教.人　物.外　国
栽德·本·哈里塞,伊斯兰教.人　物.外　国
宰德,伊斯兰教.人　物.外　国
艾卜·苏富扬,伊斯兰教.人　物.外　国
阿布·苏富扬,伊斯兰教.人　物.外　国
奥斯曼,伊斯兰教.人　物.外　国
阿卜杜·拉赫曼·本·奥夫,伊斯兰教.人　物.外　国
比拉勒,伊斯兰教.人　物.外　国
艾卜·欧拜岱,伊斯兰教.人　物.外　国
欧麦尔,伊斯兰教.人　物.外　国
赛尔德·本·艾比·瓦嘎斯,伊斯兰教.人　物.外　国
祖拜尔,伊斯兰教.人　物.外　国
泰勒哈,伊斯兰教.人　物.外　国
阿里,伊斯兰教.人　物.外　国
穆阿维叶,伊斯兰教.人　物.外　国
艾卜·胡莱赖,伊斯兰教.人　物.外　国
哈芙赛,伊斯兰教.人　物.外　国
哈福赛,伊斯兰教.人　物.外　国
法蒂玛,伊斯兰教.人　物.外　国
赛勒曼,伊斯兰教.人　物.外　国
栽德·本·萨比特,伊斯兰教.人　物.外　国
伊本·欧麦尔,伊斯兰教.人　物.外　国
阿伊莎,伊斯兰教.人　物.外　国
伊本·阿拔斯,伊斯兰教.人　物.外　国
哈桑,伊斯兰教.人　物.外　国
伊本·祖拜尔,伊斯兰教.人　物.外　国
侯赛因,伊斯兰教.人　物.外　国
哈桑·巴斯里,伊斯兰教.人　物.外　国
欧麦尔二世,伊斯兰教.人　物.外　国
阿慕尔·本·欧拜德,伊斯兰教.人　物.外　国
瓦绥勒·本·阿塔,伊斯兰教.人　物.外　国
贾法尔·萨迪格,伊斯兰教.人　物.外　国
艾卜·哈尼法,伊斯兰教.人　物.外　国
阿布·哈尼法,伊斯兰教.人　物.外　国
奥扎仪,伊斯兰教.人　物.外　国
马立克·本·艾奈斯,伊斯兰教.人　物.外　国
马立克,伊斯兰教.人　物.外　国
艾卜·优素福,伊斯兰教.人　物.外　国
阿布·优素福,伊斯兰教.人　物.外　国
穆罕默德·本·谢巴尼,伊斯兰教.人　物.外　国
舍伊巴尼,伊斯兰教.人　物.外　国
哈伦·拉希德,伊斯兰教.人　物.外　国
哈伦·赖世德,伊斯兰教.人　物.外　国
沙斐仪,伊斯兰教.人　物.外　国
伊本·罕百勒,伊斯兰教.人　物.外　国
穆哈西比,伊斯兰教.人　物.外　国
马蒙,伊斯兰教.人　物.外　国
麦蒙,伊斯兰教.人　物.外　国
左农·米斯里,伊斯兰教.人　物.外　国
肯迪,伊斯兰教.人　物.外　国
铿迭,伊斯兰教.人　物.外　国
比斯塔米,伊斯兰教.人　物.外　国
布哈里,伊斯兰教.人　物.外　国
艾卜·达伍德,伊斯兰教.人　物.外　国
阿布·达伍德,伊斯兰教.人　物.外　国
穆斯林·本·哈贾吉,伊斯兰教.人　物.外　国
伊本·马哲,伊斯兰教.人　物.外　国
提尔密济,伊斯兰教.人　物.外　国
泰伯里,伊斯兰教.人　物.外　国
塔百里,伊斯兰教.人　物.外　国
奈萨仪,伊斯兰教.人　物.外　国
祝奈德,伊斯兰教.人　物.外　国
哈拉智,伊斯兰教.人　物.外　国
拉齐,伊斯兰教.人　物.外　国
法拉比,伊斯兰教.人　物.外　国
马图里迪,伊斯兰教.人　物.外　国
艾什尔里,伊斯兰教.人　物.外　国
麦斯欧迪,伊斯兰教.人　物.外　国
马苏第,伊斯兰教.人　物.外　国
比鲁尼,伊斯兰教.人　物.外　国
阿尔比鲁尼,伊斯兰教.人　物.外　国
伊本·西拿,伊斯兰教.人　物.外　国
伊本·西那,伊斯兰教.人　物.外　国
巴格达迪,伊斯兰教.人　物.外　国
米斯凯维,伊斯兰教.人　物.外　国
马沃尔迪,伊斯兰教.人　物.外　国
哈基姆,伊斯兰教.人　物.外　国
古谢里,伊斯兰教.人　物.外　国
库萨伊里,伊斯兰教.人　物.外　国
伊本·哈兹姆,伊斯兰教.人　物.外　国
侯吉维里,伊斯兰教.人　物.外　国
朱韦尼,伊斯兰教.人　物.外　国
楚瓦伊尼,伊斯兰教.人　物.外　国
安萨里,伊斯兰教.人　物.外　国
加扎里,伊斯兰教.人　物.外　国
宰迈赫舍里,伊斯兰教.人　物.外　国
札马赫沙里,伊斯兰教.人　物.外　国
阿布杜勒·卡迪尔·吉拉尼,伊斯兰教.人　物.外　国
吉拉尼,伊斯兰教.人　物.外　国
伊本·巴哲,伊斯兰教.人　物.外　国
伊本·图麦尔特,伊斯兰教.人　物.外　国
伊本·图马尔特,伊斯兰教.人　物.外　国
伊本·图菲勒,伊斯兰教.人　物.外　国
伊本·路西德,伊斯兰教.人　物.外　国
萨拉丁,伊斯兰教.人　物.外　国
撒拉丁,伊斯兰教.人　物.外　国
法赫鲁丁·拉齐,伊斯兰教.人　物.外　国
苏哈拉瓦迪,伊斯兰教.人　物.外　国
伊本·阿拉比,伊斯兰教.人　物.外　国
沙兹里,伊斯兰教.人　物.外　国
哲拉鲁丁·鲁米,伊斯兰教.人　物.外　国
鲁米,伊斯兰教.人　物.外　国
奥斯曼一世,伊斯兰教.人　物.外　国
伊本·太米叶,伊斯兰教.人　物.外　国
伊本·白图泰,伊斯兰教.人　物.外　国
纳格什班迪,伊斯兰教.人　物.外　国
伊本·赫勒敦,伊斯兰教.人　物.外　国
贾米,伊斯兰教.人　物.外　国
加米,伊斯兰教.人　物.外　国
苏优蒂,伊斯兰教.人　物.外　国
阿克巴,伊斯兰教.人　物.外　国
希尔信迪,伊斯兰教.人　物.外　国
萨德尔·设拉子,伊斯兰教.人　物.外　国
穆拉·萨德尔丁,伊斯兰教.人　物.外　国
瓦利·安拉,伊斯兰教.人　物.外　国
瓦利·阿拉·沙,伊斯兰教.人　物.外　国
穆罕默德·伊本·阿布杜勒·瓦哈比,伊斯兰教.人　物.外　国
瓦哈比,伊斯兰教.人　物.外　国
奥斯曼·丹·福迪奥,伊斯兰教.人　物.外　国
赛努西,伊斯兰教.人　物.外　国
哈吉·欧麦尔·塔尔,伊斯兰教.人　物.外　国
赛义德·艾哈迈德汗,伊斯兰教.人　物.外　国
哲马鲁丁·阿富哈尼,伊斯兰教.人　物.外　国
阿富汗尼,伊斯兰教.人　物.外　国
马赫迪·穆罕默德,伊斯兰教.人　物.外　国
穆罕默德·艾哈迈德,伊斯兰教.人　物.外　国
马赫迪,伊斯兰教.人　物.外　国
穆罕默德·阿布笃,伊斯兰教.人　物.外　国
赛义德·哈桑,伊斯兰教.人　物.外　国
拉希德·里达,伊斯兰教.人　物.外　国
伊克巴尔,伊斯兰教.人　物.外　国
阿迦汗三世,伊斯兰教.人　物.外　国
霍梅尼,伊斯兰教.人　物.外　国
毛杜迪,伊斯兰教.人　物.外　国
哈桑·班纳,伊斯兰教.人　物.外　国
哈桑·巴纳,伊斯兰教.人　物.外　国
赛义德·古特布,伊斯兰教.人　物.外　国
阿里·沙里亚提,伊斯兰教.人　物.外　国
宛葛思,伊斯兰教.人　物.中　国
斡葛思,伊斯兰教.人　物.中　国
优素福·哈斯·哈吉布,伊斯兰教.人　物.中　国
马哈茂德·喀什噶里,伊斯兰教.人　物.中　国
阿难答,伊斯兰教.人　物.中　国
毛拉·额什丁,伊斯兰教.人　物.中　国
毛拉·额西丁和卓,伊斯兰教.人　物.中　国
秃黑鲁帖木儿汗,伊斯兰教.人　物.中　国
郑和,伊斯兰教.人　物.中　国
胡登洲,伊斯兰教.人　物.中　国
王岱舆,伊斯兰教.人　物.中　国
张中,伊斯兰教.人　物.中　国
伍遵契,伊斯兰教.人　物.中　国
李延龄,伊斯兰教.人　物.中　国
常志美,伊斯兰教.人　物.中　国
马哈茂德·楚拉斯,伊斯兰教.人　物.中　国
黑鸣凤,伊斯兰教.人　物.中　国
阿帕克和卓,伊斯兰教.人　物.中　国
舍起灵,伊斯兰教.人　物.中　国
舍蕴善,伊斯兰教.人　物.中　国
马注,伊斯兰教.人　物.中　国
祁静一,伊斯兰教.人　物.中　国
刘智,伊斯兰教.人　物.中　国
马来迟,伊斯兰教.人　物.中　国
金天柱,伊斯兰教.人　物.中　国
马明心,伊斯兰教.人　物.中　国
毛拉·尼亚孜,伊斯兰教.人　物.中　国
蓝煦,伊斯兰教.人　物.中　国
马德新,伊斯兰教.人　物.中　国
马复初,伊斯兰教.人　物.中　国
马化龙,伊斯兰教.人　物.中　国
毛拉·穆萨·赛拉米,伊斯兰教.人　物.中　国
马联元,伊斯兰教.人　物.中　国
王宽,伊斯兰教.人　物.中　国
马元章,伊斯兰教.人　物.中　国
泰剑立·萨依布,伊斯兰教.人　物.中　国
马启西,伊斯兰教.人　物.中　国
马万福,伊斯兰教.人　物.中　国
杨仲明,伊斯兰教.人　物.中　国
马良骏,伊斯兰教.人　物.中　国
达浦生,伊斯兰教.人　物.中　国
张子文,伊斯兰教.人　物.中　国
马福祥,伊斯兰教.人　物.中　国
王静斋,伊斯兰教.人　物.中　国
虎嵩山,伊斯兰教.人　物.中　国
谢木斯丁,伊斯兰教.人　物.中　国
哈德成,伊斯兰教.人　物.中　国
买俊三,伊斯兰教.人　物.中　国
包尔汉,伊斯兰教.人　物.中　国
包尔汉·沙希迪,伊斯兰教.人　物.中　国
刘品一,伊斯兰教.人　物.中　国
马松亭,伊斯兰教.人　物.中　国
马以愚,伊斯兰教.人　物.中　国
纳润章,伊斯兰教.人　物.中　国
阿木提大毛拉,伊斯兰教.人　物.中　国
庞士谦,伊斯兰教.人　物.中　国
沙梦弼,伊斯兰教.人　物.中　国
马坚,伊斯兰教.人　物.中　国
言木力哈,伊斯兰教.人　物.中　国
张杰,伊斯兰教.人　物.中　国
马福龙,伊斯兰教.人　物.中　国
安士伟,伊斯兰教.人　物.中　国
陈克礼,伊斯兰教.人　物.中　国
沈遐熙,伊斯兰教.人　物.中　国
伊玛尼,伊斯兰教.信　仰
总信,伊斯兰教.信　仰
分信,伊斯兰教.信　仰
六大信仰,伊斯兰教.信　仰
安拉,伊斯兰教.信　仰
主,伊斯兰教.信　仰
真主,伊斯兰教.信　仰
安拉的美名,伊斯兰教.信　仰
真主的尊名,伊斯兰教.信　仰
胡达,伊斯兰教.信　仰
信仰五基,伊斯兰教.信　仰
真一,伊斯兰教.信　仰
数一,伊斯兰教.信　仰
体一,伊斯兰教.信　仰
本然,伊斯兰教.信　仰
天使,伊斯兰教.信　仰
天仙,伊斯兰教.信　仰
天神,伊斯兰教.信　仰
四大天使,伊斯兰教.信　仰
启示,伊斯兰教.信　仰
默示,伊斯兰教.信　仰
使者,伊斯兰教.信　仰
安拉的使者,伊斯兰教.信　仰
先知,伊斯兰教.信　仰
预言者,伊斯兰教.信　仰
圣人,伊斯兰教.信　仰
列圣,伊斯兰教.信　仰
钦圣,伊斯兰教.信　仰
大圣,伊斯兰教.信　仰
至圣,伊斯兰教.信　仰
品级,伊斯兰教.信　仰
鲁哈,伊斯兰教.信　仰
灵魂,伊斯兰教.信　仰
末日,伊斯兰教.信　仰
世界末日,伊斯兰教.信　仰
死后复活,伊斯兰教.信　仰
复生日,伊斯兰教.信　仰
复生,伊斯兰教.信　仰
报应日,伊斯兰教.信　仰
清算日,伊斯兰教.信　仰
功过簿,伊斯兰教.信　仰
后世,伊斯兰教.信　仰
来世,伊斯兰教.信　仰
善行簿,伊斯兰教.信　仰
恩霖阴,伊斯兰教.信　仰
恶行簿,伊斯兰教.信　仰
信禁,伊斯兰教.信　仰
天园,伊斯兰教.信　仰
乐园,伊斯兰教.信　仰
天堂,伊斯兰教.信　仰
阿甸园,伊斯兰教.信　仰
斐尔道司园,伊斯兰教.信　仰
火狱,伊斯兰教.信　仰
多灾海,伊斯兰教.信　仰
高处,伊斯兰教.信　仰
艾尔拉夫,伊斯兰教.信　仰
天桥,伊斯兰教.信　仰
天秤,伊斯兰教.信　仰
前定,伊斯兰教.信　仰
定然,伊斯兰教.信　仰
命定,伊斯兰教.信　仰
前定与自由,伊斯兰教.信　仰
教门原根八件,伊斯兰教.信　仰
伊斯兰教法,伊斯兰教.教法、伦理
沙里亚,伊斯兰教.教法、伦理
什叶派教法,伊斯兰教.教法、伦理
塔基亚,伊斯兰教.教法、伦理
公议,伊斯兰教.教法、伦理
类比,伊斯兰教.教法、伦理
创制,伊斯兰教.教法、伦理
法特瓦,伊斯兰教.教法、伦理
婚姻法,伊斯兰教.教法、伦理
无效婚姻,伊斯兰教.教法、伦理
待婚期,伊斯兰教.教法、伦理
遗嘱法,伊斯兰教.教法、伦理
继承法,伊斯兰教.教法、伦理
商事法,伊斯兰教.教法、伦理
里巴,伊斯兰教.教法、伦理
伊斯兰刑事法,伊斯兰教.教法、伦理
瓦克夫法,伊斯兰教.教法、伦理
瓦克夫,伊斯兰教.教法、伦理
同态复仇,伊斯兰教.教法、伦理
伊斯兰诉讼程序法,伊斯兰教.教法、伦理
律例,伊斯兰教.教法、伦理
主命,伊斯兰教.教法、伦理
天命,伊斯兰教.教法、伦理
法雷兑,伊斯兰教.教法、伦理
圣行,伊斯兰教.教法、伦理
逊奈,伊斯兰教.教法、伦理
副功,伊斯兰教.教法、伦理
五种行为规范,伊斯兰教.教法、伦理
当然行为,伊斯兰教.教法、伦理
天理,伊斯兰教.教法、伦理
瓦吉布,伊斯兰教.教法、伦理
十诫,伊斯兰教.教法、伦理
可嘉行为,伊斯兰教.教法、伦理
穆斯台哈卜,伊斯兰教.教法、伦理
可许行为,伊斯兰教.教法、伦理
木巴哈,伊斯兰教.教法、伦理
可憎行为,伊斯兰教.教法、伦理
麦克鲁海,伊斯兰教.教法、伦理
被禁行为,伊斯兰教.教法、伦理
哈拉姆,伊斯兰教.教法、伦理
库夫尔,伊斯兰教.教法、伦理
善行,伊斯兰教.教法、伦理
伊赫桑,伊斯兰教.教法、伦理
三品十条,伊斯兰教.教法、伦理
三德十行,伊斯兰教.教法、伦理
三乘,伊斯兰教.教法、伦理
礼乘,伊斯兰教.教法、伦理
道乘,伊斯兰教.教法、伦理
真乘,伊斯兰教.教法、伦理
超乘,伊斯兰教.教法、伦理
五典,伊斯兰教.教法、伦理
五伦,伊斯兰教.教法、伦理
伊斯兰伦理原则,伊斯兰教.教法、伦理
伊斯兰伦理规范,伊斯兰教.教法、伦理
伊斯兰道德修养,伊斯兰教.教法、伦理
伊斯兰幸福观,伊斯兰教.教法、伦理
性灵,伊斯兰教.教法、伦理
立意,伊斯兰教.功修、礼仪
举意,伊斯兰教.功修、礼仪
举乜提,伊斯兰教.功修、礼仪
净仪,伊斯兰教.功修、礼仪
大净,伊斯兰教.功修、礼仪
小净,伊斯兰教.功修、礼仪
土净,伊斯兰教.功修、礼仪
代净,伊斯兰教.功修、礼仪
五功,伊斯兰教.功修、礼仪
天道,伊斯兰教.功修、礼仪
五常,伊斯兰教.功修、礼仪
念功,伊斯兰教.功修、礼仪
清真言,伊斯兰教.功修、礼仪
作证词,伊斯兰教.功修、礼仪
谛言,伊斯兰教.功修、礼仪
拜功,伊斯兰教.功修、礼仪
礼功,伊斯兰教.功修、礼仪
乃玛孜,伊斯兰教.功修、礼仪
朝向,伊斯兰教.功修、礼仪
宣礼,伊斯兰教.功修、礼仪
邦克,伊斯兰教.功修、礼仪
外宣礼,伊斯兰教.功修、礼仪
内宣礼,伊斯兰教.功修、礼仪
宣礼词,伊斯兰教.功修、礼仪
大赞举手,伊斯兰教.功修、礼仪
鞠躬,伊斯兰教.功修、礼仪
叩首,伊斯兰教.功修、礼仪
跪坐,伊斯兰教.功修、礼仪
主命拜,伊斯兰教.功修、礼仪
当然拜,伊斯兰教.功修、礼仪
圣行拜,伊斯兰教.功修、礼仪
副功拜,伊斯兰教.功修、礼仪
五番拜,伊斯兰教.功修、礼仪
晨礼,伊斯兰教.功修、礼仪
晌礼,伊斯兰教.功修、礼仪
晡礼,伊斯兰教.功修、礼仪
昏礼,伊斯兰教.功修、礼仪
宵礼,伊斯兰教.功修、礼仪
单数拜,伊斯兰教.功修、礼仪
卫特尔拜,伊斯兰教.功修、礼仪
聚礼,伊斯兰教.功修、礼仪
主麻拜,伊斯兰教.功修、礼仪
主麻日,伊斯兰教.功修、礼仪
呼图白,伊斯兰教.功修、礼仪
会礼,伊斯兰教.功修、礼仪
间歇拜,伊斯兰教.功修、礼仪
示意礼拜,伊斯兰教.功修、礼仪
指点礼拜,伊斯兰教.功修、礼仪
坏拜事项,伊斯兰教.功修、礼仪
斋戒,伊斯兰教.功修、礼仪
封斋,伊斯兰教.功修、礼仪
斋月,伊斯兰教.功修、礼仪
赖麦丹,伊斯兰教.功修、礼仪
看月,伊斯兰教.功修、礼仪
自愿斋,伊斯兰教.功修、礼仪
副功斋,伊斯兰教.功修、礼仪
坐静,伊斯兰教.功修、礼仪
课功,伊斯兰教.功修、礼仪
纳天课,伊斯兰教.功修、礼仪
天课,伊斯兰教.功修、礼仪
扎卡特,伊斯兰教.功修、礼仪
开斋捐,伊斯兰教.功修、礼仪
索得格·菲图尔,伊斯兰教.功修、礼仪
施舍,伊斯兰教.功修、礼仪
出散,伊斯兰教.功修、礼仪
散乜帖,伊斯兰教.功修、礼仪
朝觐,伊斯兰教.功修、礼仪
朝功,伊斯兰教.功修、礼仪
正朝,伊斯兰教.功修、礼仪
副朝,伊斯兰教.功修、礼仪
受戒,伊斯兰教.功修、礼仪
受戒方式,伊斯兰教.功修、礼仪
戒关,伊斯兰教.功修、礼仪
巡礼克尔白,伊斯兰教.功修、礼仪
巡游天房,伊斯兰教.功修、礼仪
奔走,伊斯兰教.功修、礼仪
驻米那,伊斯兰教.功修、礼仪
站阿拉法特,伊斯兰教.功修、礼仪
射石,伊斯兰教.功修、礼仪
投石,伊斯兰教.功修、礼仪
宰牲,伊斯兰教.功修、礼仪
辞别巡礼,伊斯兰教.功修、礼仪
谒圣陵,伊斯兰教.功修、礼仪
吉哈德,伊斯兰教.功修、礼仪
圣战,伊斯兰教.功修、礼仪
卧尔兹,伊斯兰教.功修、礼仪
赞念,伊斯兰教.功修、礼仪
诵经,伊斯兰教.功修、礼仪
解经,伊斯兰教.功修、礼仪
讨白,伊斯兰教.功修、礼仪
忏悔,伊斯兰教.功修、礼仪
迪克尔,伊斯兰教.功修、礼仪
寂克尔,伊斯兰教.功修、礼仪
齐克尔,伊斯兰教.功修、礼仪
起指,伊斯兰教.功修、礼仪
归真,伊斯兰教.功修、礼仪
殡礼,伊斯兰教.功修、礼仪
者那则,伊斯兰教.功修、礼仪
都阿,伊斯兰教.功修、礼仪
阿敏,伊斯兰教.功修、礼仪
阿米乃,伊斯兰教.功修、礼仪
古兰经,伊斯兰教.经籍、书文.《古兰经》及其注释
可兰经,伊斯兰教.经籍、书文.《古兰经》及其注释
孩听,伊斯兰教.经籍、书文.《古兰经》及其注释
法蒂哈,伊斯兰教.经籍、书文.《古兰经》及其注释
讨拉特,伊斯兰教.经籍、书文.《古兰经》及其注释
引支勒,伊斯兰教.经籍、书文.《古兰经》及其注释
宰逋尔,伊斯兰教.经籍、书文.《古兰经》及其注释
传闻经注,伊斯兰教.经籍、书文.《古兰经》及其注释
意见经注,伊斯兰教.经籍、书文.《古兰经》及其注释
逊尼派古兰经注,伊斯兰教.经籍、书文.《古兰经》及其注释
什叶派古兰经注,伊斯兰教.经籍、书文.《古兰经》及其注释
苏非派古兰经注,伊斯兰教.经籍、书文.《古兰经》及其注释
古兰经解总汇,伊斯兰教.经籍、书文.《古兰经》及其注释
泰伯里经注,伊斯兰教.经籍、书文.《古兰经》及其注释
拉齐古兰经注,伊斯兰教.经籍、书文.《古兰经》及其注释
幽玄之钥,伊斯兰教.经籍、书文.《古兰经》及其注释
揭示启示真义,伊斯兰教.经籍、书文.《古兰经》及其注释
凯沙福经注,伊斯兰教.经籍、书文.《古兰经》及其注释
拜达维古兰经注,伊斯兰教.经籍、书文.《古兰经》及其注释
启示光辉和经义奥秘,伊斯兰教.经籍、书文.《古兰经》及其注释
伊本·凯西尔古兰经注,伊斯兰教.经籍、书文.《古兰经》及其注释
哲拉莱尼古兰经注,伊斯兰教.经籍、书文.《古兰经》及其注释
圣训,伊斯兰教.经籍、书文.圣训及其注释
哈底斯,伊斯兰教.经籍、书文.圣训及其注释
逊奈,伊斯兰教.经籍、书文.圣训及其注释
艾赫巴尔,伊斯兰教.经籍、书文.圣训及其注释
穆宛塔圣训集,伊斯兰教.经籍、书文.圣训及其注释
布哈里圣训实录,伊斯兰教.经籍、书文.圣训及其注释
穆斯林圣训实录,伊斯兰教.经籍、书文.圣训及其注释
艾卜·达伍德圣训集,伊斯兰教.经籍、书文.圣训及其注释
提尔密济圣训集,伊斯兰教.经籍、书文.圣训及其注释
奈萨仪圣训集,伊斯兰教.经籍、书文.圣训及其注释
伊本·马哲圣训集,伊斯兰教.经籍、书文.圣训及其注释
六大圣训集,伊斯兰教.经籍、书文.圣训及其注释
圣训两真本,伊斯兰教.经籍、书文.圣训及其注释
四部圣训经,伊斯兰教.经籍、书文.圣训及其注释
四圣书,伊斯兰教.经籍、书文.圣训及其注释
宗教学大全,伊斯兰教.经籍、书文.圣训及其注释
教法自通,伊斯兰教.经籍、书文.圣训及其注释
法令修正篇,伊斯兰教.经籍、书文.圣训及其注释
教法修正,伊斯兰教.经籍、书文.圣训及其注释
圣训辨异,伊斯兰教.经籍、书文.圣训及其注释
辞章之道,伊斯兰教.经籍、书文.圣训及其注释
宗教学原理大全,伊斯兰教.经籍、书文.圣训及其注释
哲学家的矛盾,伊斯兰教.经籍、书文.圣训及其注释
希达耶教法经,伊斯兰教.经籍、书文.教法学
教法指南,伊斯兰教.经籍、书文.教法学
国家政权与教法,伊斯兰教.经籍、书文.教法学
道德修养与心灵净化,伊斯兰教.经籍、书文.伦理学
论道德修养,伊斯兰教.经籍、书文.伦理学
宗教和世俗礼仪,伊斯兰教.经籍、书文.伦理学
麦加的启迪,伊斯兰教.经籍、书文.苏非主义
苏非学说概论,伊斯兰教.经籍、书文.苏非主义
泰伯里历史,伊斯兰教.经籍、书文.苏非主义
宗教与教派,伊斯兰教.经籍、书文.苏非主义
伊斯兰宗教思想之再建,伊斯兰教.经籍、书文.苏非主义
论最高哈里发和伊玛目制度,伊斯兰教.经籍、书文.苏非主义
伊斯兰社会主义,伊斯兰教.经籍、书文.苏非主义
伊斯兰政府,伊斯兰教.经籍、书文.苏非主义
爱资哈尔杂志,伊斯兰教.经籍、书文.苏非主义
阿拉伯人,伊斯兰教.经籍、书文.苏非主义
伊斯兰大团结,伊斯兰教.经籍、书文.苏非主义
伊斯兰灯塔,伊斯兰教.经籍、书文.苏非主义
古兰经汉语译本,伊斯兰教.经籍、书文.中国译著、刊物
古兰经译解,伊斯兰教.经籍、书文.中国译著、刊物
古兰经马坚译本,伊斯兰教.经籍、书文.中国译著、刊物
古兰经大义,伊斯兰教.经籍、书文.中国译著、刊物
古兰经中阿文对照详注译本,伊斯兰教.经籍、书文.中国译著、刊物
古兰经译注,伊斯兰教.经籍、书文.中国译著、刊物
古兰经维吾尔语译本,伊斯兰教.经籍、书文.中国译著、刊物
古兰经哈萨克语译本,伊斯兰教.经籍、书文.中国译著、刊物
圣训经,伊斯兰教.经籍、书文.中国译著、刊物
圣训珠玑,伊斯兰教.经籍、书文.中国译著、刊物
布哈里圣训实录精华维吾尔语译本,伊斯兰教.经籍、书文.中国译著、刊物
正教真诠,伊斯兰教.经籍、书文.中国译著、刊物
清真大学,伊斯兰教.经籍、书文.中国译著、刊物
希真正答,伊斯兰教.经籍、书文.中国译著、刊物
归真总义,伊斯兰教.经籍、书文.中国译著、刊物
清真指南,伊斯兰教.经籍、书文.中国译著、刊物
天方典礼,伊斯兰教.经籍、书文.中国译著、刊物
四典要会,伊斯兰教.经籍、书文.中国译著、刊物
大化总归,伊斯兰教.经籍、书文.中国译著、刊物
四篇要道,伊斯兰教.经籍、书文.中国译著、刊物
回教真相,伊斯兰教.经籍、书文.中国译著、刊物
阿拉伯-伊斯兰文化史,伊斯兰教.经籍、书文.中国译著、刊物
伊斯兰六书,伊斯兰教.经籍、书文.中国译著、刊物
大学,伊斯兰教.经籍、书文.中国译著、刊物
宗教学科的复兴,伊斯兰教.经籍、书文.中国译著、刊物
宗教学复苏,伊斯兰教.经籍、书文.中国译著、刊物
圣学重光,伊斯兰教.经籍、书文.中国译著、刊物
教典诠释,伊斯兰教.经籍、书文.中国译著、刊物
回教哲学,伊斯兰教.经籍、书文.中国译著、刊物
伟戛业教法经解,伊斯兰教.经籍、书文.中国译著、刊物
回教法学史,伊斯兰教.经籍、书文.中国译著、刊物
伊斯兰教法概略,伊斯兰教.经籍、书文.中国译著、刊物
伊斯兰法——传统与衍新,伊斯兰教.经籍、书文.中国译著、刊物
拜功之理,伊斯兰教.经籍、书文.中国译著、刊物
伊斯兰伦理学,伊斯兰教.经籍、书文.中国译著、刊物
昭元秘诀,伊斯兰教.经籍、书文.中国译著、刊物
天方性理,伊斯兰教.经籍、书文.中国译著、刊物
道行究竟,伊斯兰教.经籍、书文.中国译著、刊物
归真要道,伊斯兰教.经籍、书文.中国译著、刊物
麦克图巴特,伊斯兰教.经籍、书文.中国译著、刊物
伊玛目兰巴尼书信集,伊斯兰教.经籍、书文.中国译著、刊物
天方至圣实录,伊斯兰教.经籍、书文.中国译著、刊物
穆罕默德生平,伊斯兰教.经籍、书文.中国译著、刊物
正统哈里发传,伊斯兰教.经籍、书文.中国译著、刊物
伊斯兰教简史,伊斯兰教.经籍、书文.中国译著、刊物
伊斯兰教史,伊斯兰教.经籍、书文.中国译著、刊物
中国伊斯兰史纲要,伊斯兰教.经籍、书文.中国译著、刊物
中国伊斯兰教史,伊斯兰教.经籍、书文.中国译著、刊物
考证回教历史,伊斯兰教.经籍、书文.中国译著、刊物
喀什噶尔史,伊斯兰教.经籍、书文.中国译著、刊物
拉失德史,伊斯兰教.经籍、书文.中国译著、刊物
经学系传谱,伊斯兰教.经籍、书文.中国译著、刊物
中国伊斯兰教派与门宦制度史略,伊斯兰教.经籍、书文.中国译著、刊物
突厥语大词典,伊斯兰教.经籍、书文.中国译著、刊物
福乐智慧,伊斯兰教.经籍、书文.中国译著、刊物
近现代伊斯兰教思潮与运动,伊斯兰教.经籍、书文.中国译著、刊物
新编卧尔兹演讲集,伊斯兰教.经籍、书文.中国译著、刊物
中国伊斯兰文献著译提要,伊斯兰教.经籍、书文.中国译著、刊物
中国伊斯兰百科全书,伊斯兰教.经籍、书文.中国译著、刊物
伊斯兰教辞典,伊斯兰教.经籍、书文.中国译著、刊物
醒回篇,伊斯兰教.经籍、书文.中国译著、刊物
月华,伊斯兰教.经籍、书文.中国译著、刊物
清真铎报,伊斯兰教.经籍、书文.中国译著、刊物
突厥,伊斯兰教.经籍、书文.中国译著、刊物
成师月刊,伊斯兰教.经籍、书文.中国译著、刊物
回教文化,伊斯兰教.经籍、书文.中国译著、刊物
中国穆斯林,伊斯兰教.经籍、书文.中国译著、刊物
传统学科,伊斯兰教.学说、思潮
理性学科,伊斯兰教.学说、思潮
古兰学,伊斯兰教.学说、思潮
古兰经注学,伊斯兰教.学说、思潮
古兰诵读学,伊斯兰教.学说、思潮
古兰经受造说,伊斯兰教.学说、思潮
古兰经无始说,伊斯兰教.学说、思潮
古兰经永恒说,伊斯兰教.学说、思潮
圣训学,伊斯兰教.学说、思潮
圣训传述世系,伊斯兰教.学说、思潮
伊斯纳德,伊斯兰教.学说、思潮
凯拉姆学,伊斯兰教.学说、思潮
教义学,伊斯兰教.学说、思潮
认主学,伊斯兰教.学说、思潮
信仰学,伊斯兰教.学说、思潮
穆斯林神学,伊斯兰教.学说、思潮
经院哲学,伊斯兰教.学说、思潮
无如何论,伊斯兰教.学说、思潮
教法学,伊斯兰教.学说、思潮
伊斯兰教律学,伊斯兰教.学说、思潮
教法原理学,伊斯兰教.学说、思潮
伊斯兰法理学,伊斯兰教.学说、思潮
教法根源学,伊斯兰教.学说、思潮
伊斯兰哲学,伊斯兰教.学说、思潮
伊斯兰伦理学,伊斯兰教.学说、思潮
伊斯兰史学,伊斯兰教.学说、思潮
单子论,伊斯兰教.学说、思潮
存在单一论,伊斯兰教.学说、思潮
万有单一论,伊斯兰教.学说、思潮
见证单一论,伊斯兰教.学说、思潮
现象一元论,伊斯兰教.学说、思潮
五圣界说,伊斯兰教.学说、思潮
大世界,伊斯兰教.学说、思潮
小世界,伊斯兰教.学说、思潮
马赫迪思想,伊斯兰教.学说、思潮
伊玛目教义,伊斯兰教.学说、思潮
哈里发制度,伊斯兰教.学说、思潮
伊玛目不谬说,伊斯兰教.学说、思潮
伊玛目无罪教义,伊斯兰教.学说、思潮
伊玛目隐遁说,伊斯兰教.学说、思潮
复生教义,伊斯兰教.学说、思潮
阿拉穆特教义,伊斯兰教.学说、思潮
霍加派教义,伊斯兰教.学说、思潮
神智论,伊斯兰教.学说、思潮
照明哲学,伊斯兰教.学说、思潮
穆罕默德之光,伊斯兰教.学说、思潮
穆罕默德实质,伊斯兰教.学说、思潮
完人论,伊斯兰教.学说、思潮
伊斯兰教两世观,伊斯兰教.学说、思潮
伊斯兰政治观,伊斯兰教.学说、思潮
伊斯兰经济观,伊斯兰教.学说、思潮
伊斯兰金融思想,伊斯兰教.学说、思潮
泛伊斯兰主义,伊斯兰教.学说、思潮
大伊斯兰主义,伊斯兰教.学说、思潮
伊斯兰现代主义,伊斯兰教.学说、思潮
伊斯兰原教旨主义,伊斯兰教.学说、思潮
赛莱菲耶思想,伊斯兰教.学说、思潮
伊斯兰复兴运动,伊斯兰教.学说、思潮
伊斯兰觉醒运动,伊斯兰教.学说、思潮
伊斯兰社会主义,伊斯兰教.学说、思潮
伊斯兰伦理思想,伊斯兰教.学说、思潮
近现代伊斯兰教法改革,伊斯兰教.学说、思潮
阿拉伯人的多神信仰,伊斯兰教.历史事项.外　国
哈尼夫思想,伊斯兰教.历史事项.外　国
古莱什部落,伊斯兰教.历史事项.外　国
哈希姆家族,伊斯兰教.历史事项.外　国
哈申家族,伊斯兰教.历史事项.外　国
象年,伊斯兰教.历史事项.外　国
象军侵犯麦加,伊斯兰教.历史事项.外　国
希吉来,伊斯兰教.历史事项.外　国
乌玛,伊斯兰教.历史事项.外　国
麦地那章程,伊斯兰教.历史事项.外　国
麦地那宪章,伊斯兰教.历史事项.外　国
白德尔之战,伊斯兰教.历史事项.外　国
伍侯德之战,伊斯兰教.历史事项.外　国
联盟之战,伊斯兰教.历史事项.外　国
壕沟之战,伊斯兰教.历史事项.外　国
侯代比亚和约,伊斯兰教.历史事项.外　国
攻克麦加,伊斯兰教.历史事项.外　国
侯奈因和塔伊夫之战,伊斯兰教.历史事项.外　国
代表团之年,伊斯兰教.历史事项.外　国
辞朝,伊斯兰教.历史事项.外　国
塞基发会议,伊斯兰教.历史事项.外　国
正统哈里发,伊斯兰教.历史事项.外　国
正统哈里发时期,伊斯兰教.历史事项.外　国
里达暴动,伊斯兰教.历史事项.外　国
里达叛乱,伊斯兰教.历史事项.外　国
亚历山大和约,伊斯兰教.历史事项.外　国
舒拉会议,伊斯兰教.历史事项.外　国
骆驼之战,伊斯兰教.历史事项.外　国
隋芬之战,伊斯兰教.历史事项.外　国
纳赫拉万之战,伊斯兰教.历史事项.外　国
拿赫鲁宛之战,伊斯兰教.历史事项.外　国
卡尔巴拉之战,伊斯兰教.历史事项.外　国
卡尔巴拉惨案,伊斯兰教.历史事项.外　国
忏悔者运动,伊斯兰教.历史事项.外　国
穆赫塔尔起义,伊斯兰教.历史事项.外　国
栽德派起义,伊斯兰教.历史事项.外　国
达尔·伊斯兰,伊斯兰教.历史事项.外　国
达尔·哈尔卜,伊斯兰教.历史事项.外　国
达尔·苏勒赫,伊斯兰教.历史事项.外　国
十一税,伊斯兰教.历史事项.外　国
什一税,伊斯兰教.历史事项.外　国
土地税,伊斯兰教.历史事项.外　国
人头税,伊斯兰教.历史事项.外　国
伍麦耶王朝,伊斯兰教.历史事项.外　国
倭马亚王朝,伊斯兰教.历史事项.外　国
艾布·穆斯林起义,伊斯兰教.历史事项.外　国
阿布·穆斯林起义,伊斯兰教.历史事项.外　国
阿拔斯王朝,伊斯兰教.历史事项.外　国
阿巴斯王朝,伊斯兰教.历史事项.外　国
黑衣大食,伊斯兰教.历史事项.外　国
后伍麦耶王朝,伊斯兰教.历史事项.外　国
白衣大食,伊斯兰教.历史事项.外　国
法蒂玛王朝,伊斯兰教.历史事项.外　国
绿衣大食,伊斯兰教.历史事项.外　国
马蒙宗教敕令,伊斯兰教.历史事项.外　国
圣训派与意见派之争,伊斯兰教.历史事项.外　国
翻译运动,伊斯兰教.历史事项.外　国
舒欧布运动,伊斯兰教.历史事项.外　国
苏欧布运动,伊斯兰教.历史事项.外　国
什叶派世纪,伊斯兰教.历史事项.外　国
穆拉比特王朝,伊斯兰教.历史事项.外　国
阿尔摩拉维德王朝,伊斯兰教.历史事项.外　国
穆瓦希德王朝,伊斯兰教.历史事项.外　国
阿尔摩哈德王朝,伊斯兰教.历史事项.外　国
赞吉起义,伊斯兰教.历史事项.外　国
黑奴起义,伊斯兰教.历史事项.外　国
大小隐遁时期,伊斯兰教.历史事项.外　国
卡尔马特运动,伊斯兰教.历史事项.外　国
抗击十字军东侵,伊斯兰教.历史事项.外　国
阿尤布王朝,伊斯兰教.历史事项.外　国
马穆鲁克王朝,伊斯兰教.历史事项.外　国
马木留克王朝,伊斯兰教.历史事项.外　国
奥斯曼帝国,伊斯兰教.历史事项.外　国
讹答剌事件,伊斯兰教.历史事项.外　国
花剌子模宗教会议,伊斯兰教.历史事项.外　国
黑羊王朝,伊斯兰教.历史事项.外　国
白羊王朝,伊斯兰教.历史事项.外　国
萨法维王朝,伊斯兰教.历史事项.外　国
亚齐王国,伊斯兰教.历史事项.外　国
莫卧儿帝国,伊斯兰教.历史事项.外　国
马吉里西宗教改革,伊斯兰教.历史事项.外　国
乌苏勒教法学派与艾赫巴尔教法学派之争,伊斯兰教.历史事项.外　国
瓦哈比派运动,伊斯兰教.历史事项.外　国
清净教运动,伊斯兰教.历史事项.外　国
巴德利运动,伊斯兰教.历史事项.外　国
坦志麦特,伊斯兰教.历史事项.外　国
德欧班德运动,伊斯兰教.历史事项.外　国
亚齐抗荷战争,伊斯兰教.历史事项.外　国
高加索战争,伊斯兰教.历史事项.外　国
阿里迦运动,伊斯兰教.历史事项.外　国
巴布派起义,伊斯兰教.历史事项.外　国
巴布教徒运动,伊斯兰教.历史事项.外　国
马赫迪运动,伊斯兰教.历史事项.外　国
阿拉伯大起义,伊斯兰教.历史事项.外　国
哈里发运动,伊斯兰教.历史事项.外　国
黑人穆斯林运动,伊斯兰教.历史事项.外　国
伊斯兰教国运动,伊斯兰教.历史事项.外　国
伊朗伊斯兰革命,伊斯兰教.历史事项.外　国
麦加禁寺事件,伊斯兰教.历史事项.外　国
撒旦诗篇事件,伊斯兰教.历史事项.外　国
天方,伊斯兰教.历史事项.中　国
大食,伊斯兰教.历史事项.中　国
大食遣使通唐,伊斯兰教.历史事项.中　国
古太白东征,伊斯兰教.历史事项.中　国
怛罗斯战役,伊斯兰教.历史事项.中　国
大食助唐平定安史之乱,伊斯兰教.历史事项.中　国
渡泸之役,伊斯兰教.历史事项.中　国
喀喇汗于阗战争,伊斯兰教.历史事项.中　国
喀喇汗高昌战争,伊斯兰教.历史事项.中　国
吐鲁番王室,伊斯兰教.历史事项.中　国
回回屯田,伊斯兰教.历史事项.中　国
亦思巴奚事件,伊斯兰教.历史事项.中　国
哈密回王,伊斯兰教.历史事项.中　国
大小和卓之乱,伊斯兰教.历史事项.中　国
张格尔之乱,伊斯兰教.历史事项.中　国
苏四十三起义,伊斯兰教.历史事项.中　国
田五、张文庆起义,伊斯兰教.历史事项.中　国
陕西回民起义,伊斯兰教.历史事项.中　国
甘肃穆斯林起义,伊斯兰教.历史事项.中　国
新疆穆斯林起义,伊斯兰教.历史事项.中　国
云南回民起义,伊斯兰教.历史事项.中　国
贵州回民起义,伊斯兰教.历史事项.中　国
河湟起义,伊斯兰教.历史事项.中　国
海固事变,伊斯兰教.历史事项.中　国
海富润事件,伊斯兰教.历史事项.中　国
南华文艺侮教案,伊斯兰教.历史事项.中　国
北平新报事件,伊斯兰教.历史事项.中　国
中国回教近东访问团,伊斯兰教.历史事项.中　国
中国回教南洋访问团,伊斯兰教.历史事项.中　国
中国留埃学生朝觐团,伊斯兰教.历史事项.中　国
华北回民朝觐团,伊斯兰教.历史事项.中　国
阿丹,伊斯兰教.《古兰经》人物、传说
哈娃,伊斯兰教.《古兰经》人物、传说
好娃,伊斯兰教.《古兰经》人物、传说
努海,伊斯兰教.《古兰经》人物、传说
伊德里斯,伊斯兰教.《古兰经》人物、传说
易卜拉欣,伊斯兰教.《古兰经》人物、传说
伊布拉欣,伊斯兰教.《古兰经》人物、传说
易司玛仪,伊斯兰教.《古兰经》人物、传说
伊斯玛仪,伊斯兰教.《古兰经》人物、传说
易司哈各,伊斯兰教.《古兰经》人物、传说
伊斯哈各,伊斯兰教.《古兰经》人物、传说
鲁特,伊斯兰教.《古兰经》人物、传说
叶尔孤白,伊斯兰教.《古兰经》人物、传说
优素福,伊斯兰教.《古兰经》人物、传说
以色列的后裔,伊斯兰教.《古兰经》人物、传说
赫德尔,伊斯兰教.《古兰经》人物、传说
希兹尔,伊斯兰教.《古兰经》人物、传说
赫资勒,伊斯兰教.《古兰经》人物、传说
穆萨,伊斯兰教.《古兰经》人物、传说
母撒,伊斯兰教.《古兰经》人物、传说
哈伦,伊斯兰教.《古兰经》人物、传说
法老,伊斯兰教.《古兰经》人物、传说
阿西叶,伊斯兰教.《古兰经》人物、传说
鲁格曼,伊斯兰教.《古兰经》人物、传说
胡德,伊斯兰教.《古兰经》人物、传说
扈代,伊斯兰教.《古兰经》人物、传说
撒立哈,伊斯兰教.《古兰经》人物、传说
萨利哈,伊斯兰教.《古兰经》人物、传说
舒尔卜,伊斯兰教.《古兰经》人物、传说
舒阿卜,伊斯兰教.《古兰经》人物、传说
达伍德,伊斯兰教.《古兰经》人物、传说
苏莱曼,伊斯兰教.《古兰经》人物、传说
赛伯邑,伊斯兰教.《古兰经》人物、传说
塞白,伊斯兰教.《古兰经》人物、传说
优努斯,伊斯兰教.《古兰经》人物、传说
伊利亚斯,伊斯兰教.《古兰经》人物、传说
双角人,伊斯兰教.《古兰经》人物、传说
租立格尔乃尼,伊斯兰教.《古兰经》人物、传说
山洞人,伊斯兰教.《古兰经》人物、传说
麦尔彦,伊斯兰教.《古兰经》人物、传说
马尔焉,伊斯兰教.《古兰经》人物、传说
尔撒,伊斯兰教.《古兰经》人物、传说
伊萨,伊斯兰教.《古兰经》人物、传说
麦西哈,伊斯兰教.《古兰经》人物、传说
艾哈默德,伊斯兰教.《古兰经》人物、传说
艾哈迈德,伊斯兰教.《古兰经》人物、传说
阿赫默德,伊斯兰教.《古兰经》人物、传说
鲁姆人,伊斯兰教.《古兰经》人物、传说
夜行,伊斯兰教.《古兰经》人物、传说
登霄,伊斯兰教.《古兰经》人物、传说
吉卜利勒,伊斯兰教.《古兰经》人物、传说
哲布勒伊来,伊斯兰教.《古兰经》人物、传说
米卡勒,伊斯兰教.《古兰经》人物、传说
米卡伊来,伊斯兰教.《古兰经》人物、传说
伊斯拉非勒,伊斯兰教.《古兰经》人物、传说
阿兹拉伊勒,伊斯兰教.《古兰经》人物、传说
伊兹拉伊来,伊斯兰教.《古兰经》人物、传说
马立克,伊斯兰教.《古兰经》人物、传说
蒙卡尔,伊斯兰教.《古兰经》人物、传说
乃基尔,伊斯兰教.《古兰经》人物、传说
精灵,伊斯兰教.《古兰经》人物、传说
镇尼,伊斯兰教.《古兰经》人物、传说
易卜劣厮,伊斯兰教.《古兰经》人物、传说
撒旦,伊斯兰教.《古兰经》人物、传说
晒依陀尼,伊斯兰教.《古兰经》人物、传说
拉特,伊斯兰教.《古兰经》人物、传说
欧萨,伊斯兰教.《古兰经》人物、传说
乌札,伊斯兰教.《古兰经》人物、传说
默那,伊斯兰教.《古兰经》人物、传说
马纳特,伊斯兰教.《古兰经》人物、传说
萨比教徒,伊斯兰教.《古兰经》人物、传说
沙便人,伊斯兰教.《古兰经》人物、传说
拜星教徒,伊斯兰教.《古兰经》人物、传说
穆斯林,伊斯兰教.称谓、教职、教制
穆民,伊斯兰教.称谓、教职、教制
信士,伊斯兰教.称谓、教职、教制
有经人,伊斯兰教.称谓、教职、教制
卡非尔,伊斯兰教.称谓、教职、教制
圣门弟子,伊斯兰教.称谓、教职、教制
撒哈比,伊斯兰教.称谓、教职、教制
迁士,伊斯兰教.称谓、教职、教制
穆哈吉尔,伊斯兰教.称谓、教职、教制
辅士,伊斯兰教.称谓、教职、教制
安萨尔,伊斯兰教.称谓、教职、教制
哈里发,伊斯兰教.称谓、教职、教制
海里凡,伊斯兰教.称谓、教职、教制
信士的长官,伊斯兰教.称谓、教职、教制
伊玛目,伊斯兰教.称谓、教职、教制
伊玛姆,伊斯兰教.称谓、教职、教制
赛义德,伊斯兰教.称谓、教职、教制
谢里夫,伊斯兰教.称谓、教职、教制
素丹,伊斯兰教.称谓、教职、教制
苏丹,伊斯兰教.称谓、教职、教制
埃米尔,伊斯兰教.称谓、教职、教制
艾米尔,伊斯兰教.称谓、教职、教制
贝伊,伊斯兰教.称谓、教职、教制
巴依,伊斯兰教.称谓、教职、教制
帕夏,伊斯兰教.称谓、教职、教制
谢赫,伊斯兰教.称谓、教职、教制
筛海,伊斯兰教.称谓、教职、教制
欧莱玛,伊斯兰教.称谓、教职、教制
乌里玛,伊斯兰教.称谓、教职、教制
穆智台希德,伊斯兰教.称谓、教职、教制
阿亚图拉,伊斯兰教.称谓、教职、教制
穆台凯里姆,伊斯兰教.称谓、教职、教制
穆夫提,伊斯兰教.称谓、教职、教制
卡迪,伊斯兰教.称谓、教职、教制
戛最,伊斯兰教.称谓、教职、教制
阿訇,伊斯兰教.称谓、教职、教制
阿洪,伊斯兰教.称谓、教职、教制
毛拉,伊斯兰教.称谓、教职、教制
满拉,伊斯兰教.称谓、教职、教制
哈吉,伊斯兰教.称谓、教职、教制
哈只,伊斯兰教.称谓、教职、教制
德尔维什,伊斯兰教.称谓、教职、教制
卧里,伊斯兰教.称谓、教职、教制
圣徒,伊斯兰教.称谓、教职、教制
吾里,伊斯兰教.称谓、教职、教制
穆尔什德,伊斯兰教.称谓、教职、教制
穆尔西德,伊斯兰教.称谓、教职、教制
老人家,伊斯兰教.称谓、教职、教制
教主,伊斯兰教.称谓、教职、教制
哈菲兹,伊斯兰教.称谓、教职、教制
诵经家,伊斯兰教.称谓、教职、教制
教长,伊斯兰教.称谓、教职、教制
掌教,伊斯兰教.称谓、教职、教制
回回大师,伊斯兰教.称谓、教职、教制
海推布,伊斯兰教.称谓、教职、教制
海提卜,伊斯兰教.称谓、教职、教制
穆安津,伊斯兰教.称谓、教职、教制
宣礼师,伊斯兰教.称谓、教职、教制
道祖,伊斯兰教.称谓、教职、教制
依禅,伊斯兰教.称谓、教职、教制
伊禅,伊斯兰教.称谓、教职、教制
和卓,伊斯兰教.称谓、教职、教制
和加,伊斯兰教.称谓、教职、教制
苏非,伊斯兰教.称谓、教职、教制
经师,伊斯兰教.称谓、教职、教制
寺师傅,伊斯兰教.称谓、教职、教制
四师傅,伊斯兰教.称谓、教职、教制
热衣斯,伊斯兰教.称谓、教职、教制
乡老,伊斯兰教.称谓、教职、教制
社头,伊斯兰教.称谓、教职、教制
学董,伊斯兰教.称谓、教职、教制
东干人,伊斯兰教.称谓、教职、教制
缠回,伊斯兰教.称谓、教职、教制
三掌教制,伊斯兰教.称谓、教职、教制
三道制,伊斯兰教.称谓、教职、教制
掌教制,伊斯兰教.称谓、教职、教制
教长制,伊斯兰教.称谓、教职、教制
世袭制,伊斯兰教.称谓、教职、教制
选聘制,伊斯兰教.称谓、教职、教制
搬阿訇,伊斯兰教.称谓、教职、教制
戛最制,伊斯兰教.称谓、教职、教制
卡迪制,伊斯兰教.称谓、教职、教制
乡约制,伊斯兰教.称谓、教职、教制
尔德,伊斯兰教.节日、文化、礼俗.节　日
开斋节,伊斯兰教.节日、文化、礼俗.节　日
肉孜节,伊斯兰教.节日、文化、礼俗.节　日
宰牲节,伊斯兰教.节日、文化、礼俗.节　日
古尔邦节,伊斯兰教.节日、文化、礼俗.节　日
忠孝节,伊斯兰教.节日、文化、礼俗.节　日
圣纪,伊斯兰教.节日、文化、礼俗.节　日
圣忌,伊斯兰教.节日、文化、礼俗.节　日
登霄夜,伊斯兰教.节日、文化、礼俗.节　日
登霄节,伊斯兰教.节日、文化、礼俗.节　日
米尔拉吉夜,伊斯兰教.节日、文化、礼俗.节　日
盖迪尔·胡姆节,伊斯兰教.节日、文化、礼俗.节　日
盖德尔夜,伊斯兰教.节日、文化、礼俗.节　日
高贵之夜,伊斯兰教.节日、文化、礼俗.节　日
坐夜,伊斯兰教.节日、文化、礼俗.节　日
白拉特夜,伊斯兰教.节日、文化、礼俗.节　日
大赦之夜,伊斯兰教.节日、文化、礼俗.节　日
念夜,伊斯兰教.节日、文化、礼俗.节　日
阿舒拉,伊斯兰教.节日、文化、礼俗.节　日
阿舒拉纪念日,伊斯兰教.节日、文化、礼俗.节　日
阿舒拉节,伊斯兰教.节日、文化、礼俗.节　日
法蒂玛纪念日,伊斯兰教.节日、文化、礼俗.节　日
女圣纪,伊斯兰教.节日、文化、礼俗.节　日
姑太节,伊斯兰教.节日、文化、礼俗.节　日
伊斯兰教历,伊斯兰教.节日、文化、礼俗.文化、礼俗
希吉来历,伊斯兰教.节日、文化、礼俗.文化、礼俗
回历,伊斯兰教.节日、文化、礼俗.文化、礼俗
回回历,伊斯兰教.节日、文化、礼俗.文化、礼俗
三历表,伊斯兰教.节日、文化、礼俗.文化、礼俗
阿拉伯文书法,伊斯兰教.节日、文化、礼俗.文化、礼俗
经字画,伊斯兰教.节日、文化、礼俗.文化、礼俗
经堂教育,伊斯兰教.节日、文化、礼俗.文化、礼俗
寺院教育,伊斯兰教.节日、文化、礼俗.文化、礼俗
十三本经,伊斯兰教.节日、文化、礼俗.文化、礼俗
穿衣挂幛,伊斯兰教.节日、文化、礼俗.文化、礼俗
经堂语,伊斯兰教.节日、文化、礼俗.文化、礼俗
小经,伊斯兰教.节日、文化、礼俗.文化、礼俗
消经,伊斯兰教.节日、文化、礼俗.文化、礼俗
小儿锦,伊斯兰教.节日、文化、礼俗.文化、礼俗
伊斯兰教饮食禁忌,伊斯兰教.节日、文化、礼俗.文化、礼俗
清真饮食,伊斯兰教.节日、文化、礼俗.文化、礼俗
清真食品,伊斯兰教.节日、文化、礼俗.文化、礼俗
哈俩里饮食,伊斯兰教.节日、文化、礼俗.文化、礼俗
准白,伊斯兰教.节日、文化、礼俗.文化、礼俗
缠头巾,伊斯兰教.节日、文化、礼俗.文化、礼俗
戴斯塔尔,伊斯兰教.节日、文化、礼俗.文化、礼俗
礼拜帽,伊斯兰教.节日、文化、礼俗.文化、礼俗
羞体,伊斯兰教.节日、文化、礼俗.文化、礼俗
头巾,伊斯兰教.节日、文化、礼俗.文化、礼俗
面纱,伊斯兰教.节日、文化、礼俗.文化、礼俗
盖头,伊斯兰教.节日、文化、礼俗.文化、礼俗
阿里剑,伊斯兰教.节日、文化、礼俗.文化、礼俗
天房图,伊斯兰教.节日、文化、礼俗.文化、礼俗
克尔白图,伊斯兰教.节日、文化、礼俗.文化、礼俗
礼拜毯,伊斯兰教.节日、文化、礼俗.文化、礼俗
赞珠,伊斯兰教.节日、文化、礼俗.文化、礼俗
泰斯必哈,伊斯兰教.节日、文化、礼俗.文化、礼俗
炉瓶三设,伊斯兰教.节日、文化、礼俗.文化、礼俗
清真,伊斯兰教.节日、文化、礼俗.文化、礼俗
尔麦里,伊斯兰教.节日、文化、礼俗.文化、礼俗
乃孜尔,伊斯兰教.节日、文化、礼俗.文化、礼俗
起经名,伊斯兰教.节日、文化、礼俗.文化、礼俗
割礼,伊斯兰教.节日、文化、礼俗.文化、礼俗
成婚,伊斯兰教.节日、文化、礼俗.文化、礼俗
尼卡哈,伊斯兰教.节日、文化、礼俗.文化、礼俗
口唤,伊斯兰教.节日、文化、礼俗.文化、礼俗
海底耶,伊斯兰教.节日、文化、礼俗.文化、礼俗
汤瓶,伊斯兰教.节日、文化、礼俗.文化、礼俗
汤瓶壶,伊斯兰教.节日、文化、礼俗.文化、礼俗
唐瓶,伊斯兰教.节日、文化、礼俗.文化、礼俗
吊罐,伊斯兰教.节日、文化、礼俗.文化、礼俗
清真牌,伊斯兰教.节日、文化、礼俗.文化、礼俗
汤瓶牌,伊斯兰教.节日、文化、礼俗.文化、礼俗
清真香,伊斯兰教.节日、文化、礼俗.文化、礼俗
安息香,伊斯兰教.节日、文化、礼俗.文化、礼俗
费迪耶,伊斯兰教.节日、文化、礼俗.文化、礼俗
塔布匣,伊斯兰教.节日、文化、礼俗.文化、礼俗
游坟,伊斯兰教.节日、文化、礼俗.文化、礼俗
拿手,伊斯兰教.节日、文化、礼俗.文化、礼俗
色兰,伊斯兰教.节日、文化、礼俗.文化、礼俗
色俩目,伊斯兰教.节日、文化、礼俗.文化、礼俗
艾勒哈姆杜·利拉,伊斯兰教.节日、文化、礼俗.文化、礼俗
苏卜哈纳拉,伊斯兰教.节日、文化、礼俗.文化、礼俗
安拉乎·艾克拜尔,伊斯兰教.节日、文化、礼俗.文化、礼俗
玛沙安拉,伊斯兰教.节日、文化、礼俗.文化、礼俗
印沙安拉,伊斯兰教.节日、文化、礼俗.文化、礼俗
清真寺,伊斯兰教.清真寺、圣地等.名词、术语
礼拜寺,伊斯兰教.清真寺、圣地等.名词、术语
麦斯吉德,伊斯兰教.清真寺、圣地等.名词、术语
宣礼楼,伊斯兰教.清真寺、圣地等.名词、术语
宣礼塔,伊斯兰教.清真寺、圣地等.名词、术语
邦克楼,伊斯兰教.清真寺、圣地等.名词、术语
望月楼,伊斯兰教.清真寺、圣地等.名词、术语
敏拜尔,伊斯兰教.清真寺、圣地等.名词、术语
米哈拉布,伊斯兰教.清真寺、圣地等.名词、术语
壁龛,伊斯兰教.清真寺、圣地等.名词、术语
札维亚,伊斯兰教.清真寺、圣地等.名词、术语
里巴特,伊斯兰教.清真寺、圣地等.名词、术语
加米,伊斯兰教.清真寺、圣地等.名词、术语
海乙寺,伊斯兰教.清真寺、圣地等.名词、术语
稍麻,伊斯兰教.清真寺、圣地等.名词、术语
蕃坊,伊斯兰教.清真寺、圣地等.名词、术语
教坊,伊斯兰教.清真寺、圣地等.名词、术语
寺坊,伊斯兰教.清真寺、圣地等.名词、术语
禁寺,伊斯兰教.清真寺、圣地等.外　国
麦加圣寺,伊斯兰教.清真寺、圣地等.外　国
禁地,伊斯兰教.清真寺、圣地等.外　国
圣地,伊斯兰教.清真寺、圣地等.外　国
克尔白,伊斯兰教.清真寺、圣地等.外　国
天房,伊斯兰教.清真寺、圣地等.外　国
黑石,伊斯兰教.清真寺、圣地等.外　国
玄石,伊斯兰教.清真寺、圣地等.外　国
克尔白幔帐,伊斯兰教.清真寺、圣地等.外　国
渗渗泉,伊斯兰教.清真寺、圣地等.外　国
乃姆赖清真大寺,伊斯兰教.清真寺、圣地等.外　国
先知寺,伊斯兰教.清真寺、圣地等.外　国
双朝向清真寺,伊斯兰教.清真寺、圣地等.外　国
阿克萨清真寺,伊斯兰教.清真寺、圣地等.外　国
远寺,伊斯兰教.清真寺、圣地等.外　国
萨赫莱清真寺,伊斯兰教.清真寺、圣地等.外　国
圆顶清真寺,伊斯兰教.清真寺、圣地等.外　国
伍麦耶清真寺,伊斯兰教.清真寺、圣地等.外　国
倭马亚清真寺,伊斯兰教.清真寺、圣地等.外　国
大马士革清真寺,伊斯兰教.清真寺、圣地等.外　国
艾卜·哈尼法清真寺,伊斯兰教.清真寺、圣地等.外　国
阿西菲叶清真寺,伊斯兰教.清真寺、圣地等.外　国
巴士拉清真寺,伊斯兰教.清真寺、圣地等.外　国
库法清真寺,伊斯兰教.清真寺、圣地等.外　国
侯赛因清真寺,伊斯兰教.清真寺、圣地等.外　国
卡梁清真寺,伊斯兰教.清真寺、圣地等.外　国
布哈拉清真大寺,伊斯兰教.清真寺、圣地等.外　国
科威特大寺,伊斯兰教.清真寺、圣地等.外　国
卡塔尔欧麦尔清真大寺,伊斯兰教.清真寺、圣地等.外　国
多哈艾卜·伯克尔清真大寺,伊斯兰教.清真寺、圣地等.外　国
国王清真大寺,伊斯兰教.清真寺、圣地等.外　国
霍梅尼清真寺,伊斯兰教.清真寺、圣地等.外　国
巴德夏希清真寺,伊斯兰教.清真寺、圣地等.外　国
皇家清真寺,伊斯兰教.清真寺、圣地等.外　国
费萨尔清真寺,伊斯兰教.清真寺、圣地等.外　国
德里清真大寺,伊斯兰教.清真寺、圣地等.外　国
赫拉特清真大寺,伊斯兰教.清真寺、圣地等.外　国
雅加达独立清真大寺,伊斯兰教.清真寺、圣地等.外　国
马来西亚国家清真寺,伊斯兰教.清真寺、圣地等.外　国
阿慕尔清真寺,伊斯兰教.清真寺、圣地等.外　国
爱资哈尔清真大寺,伊斯兰教.清真寺、圣地等.外　国
欧格白清真寺,伊斯兰教.清真寺、圣地等.外　国
榟橔清真大寺,伊斯兰教.清真寺、圣地等.外　国
哈桑二世清真大寺,伊斯兰教.清真寺、圣地等.外　国
苏莱曼清真大寺,伊斯兰教.清真寺、圣地等.外　国
艾赫默德清真大寺,伊斯兰教.清真寺、圣地等.外　国
蓝色清真寺,伊斯兰教.清真寺、圣地等.外　国
科尔多瓦清真大寺,伊斯兰教.清真寺、圣地等.外　国
麦加,伊斯兰教.清真寺、圣地等.外　国
阿拉法特,伊斯兰教.清真寺、圣地等.外　国
拉赫玛山,伊斯兰教.清真寺、圣地等.外　国
萨法,伊斯兰教.清真寺、圣地等.外　国
麦尔卧,伊斯兰教.清真寺、圣地等.外　国
希拉山洞,伊斯兰教.清真寺、圣地等.外　国
麦地那,伊斯兰教.清真寺、圣地等.外　国
耶路撒冷,伊斯兰教.清真寺、圣地等.外　国
纳贾夫,伊斯兰教.清真寺、圣地等.外　国
卡尔巴拉,伊斯兰教.清真寺、圣地等.外　国
马什哈德,伊斯兰教.清真寺、圣地等.外　国
库姆,伊斯兰教.清真寺、圣地等.外　国
泰姬·玛哈尔,伊斯兰教.清真寺、圣地等.外　国
马赫迪陵,伊斯兰教.清真寺、圣地等.外　国
马赫迪宫,伊斯兰教.清真寺、圣地等.外　国
牛街礼拜寺,伊斯兰教.清真寺、圣地等.中　国
东四清真寺,伊斯兰教.清真寺、圣地等.中　国
天津清真大寺,伊斯兰教.清真寺、圣地等.中　国
定州礼拜寺,伊斯兰教.清真寺、圣地等.中　国
泊头清真寺,伊斯兰教.清真寺、圣地等.中　国
沧州清真北大寺,伊斯兰教.清真寺、圣地等.中　国
大同清真寺,伊斯兰教.清真寺、圣地等.中　国
太原清真古寺,伊斯兰教.清真寺、圣地等.中　国
呼和浩特清真大寺,伊斯兰教.清真寺、圣地等.中　国
包头清真大寺,伊斯兰教.清真寺、圣地等.中　国
沈阳清真南大寺,伊斯兰教.清真寺、圣地等.中　国
松江清真寺,伊斯兰教.清真寺、圣地等.中　国
小桃园清真寺,伊斯兰教.清真寺、圣地等.中　国
仙鹤寺,伊斯兰教.清真寺、圣地等.中　国
净觉寺,伊斯兰教.清真寺、圣地等.中　国
三山街清真寺,伊斯兰教.清真寺、圣地等.中　国
凤凰寺,伊斯兰教.清真寺、圣地等.中　国
真教寺,伊斯兰教.清真寺、圣地等.中　国
寿县清真寺,伊斯兰教.清真寺、圣地等.中　国
福州清真寺,伊斯兰教.清真寺、圣地等.中　国
清净寺,伊斯兰教.清真寺、圣地等.中　国
圣友寺,伊斯兰教.清真寺、圣地等.中　国
麒麟寺,伊斯兰教.清真寺、圣地等.中　国
济南清真南大寺,伊斯兰教.清真寺、圣地等.中　国
益都真教寺,伊斯兰教.清真寺、圣地等.中　国
青州真教寺,伊斯兰教.清真寺、圣地等.中　国
开封清真东大寺,伊斯兰教.清真寺、圣地等.中　国
郑州清真北大寺,伊斯兰教.清真寺、圣地等.中　国
怀圣寺,伊斯兰教.清真寺、圣地等.中　国
光塔寺,伊斯兰教.清真寺、圣地等.中　国
肇庆西门清真寺,伊斯兰教.清真寺、圣地等.中　国
桂林西门外清真寺,伊斯兰教.清真寺、圣地等.中　国
成都皇城清真寺,伊斯兰教.清真寺、圣地等.中　国
皇城寺,伊斯兰教.清真寺、圣地等.中　国
阆中巴巴寺,伊斯兰教.清真寺、圣地等.中　国
昆明南城清真寺,伊斯兰教.清真寺、圣地等.中　国
纳家营清真寺,伊斯兰教.清真寺、圣地等.中　国
沙甸大清真寺,伊斯兰教.清真寺、圣地等.中　国
拉萨河坝林清真寺,伊斯兰教.清真寺、圣地等.中　国
西安化觉寺,伊斯兰教.清真寺、圣地等.中　国
西安大学习巷清真寺,伊斯兰教.清真寺、圣地等.中　国
兰州西关清真寺,伊斯兰教.清真寺、圣地等.中　国
临夏南关清真大寺,伊斯兰教.清真寺、圣地等.中　国
临夏清真老华寺,伊斯兰教.清真寺、圣地等.中　国
临夏清真老王寺,伊斯兰教.清真寺、圣地等.中　国
西宁东关清真大寺,伊斯兰教.清真寺、圣地等.中　国
循化街子清真大寺,伊斯兰教.清真寺、圣地等.中　国
韦州清真大寺,伊斯兰教.清真寺、圣地等.中　国
同心清真大寺,伊斯兰教.清真寺、圣地等.中　国
银川南关清真大寺,伊斯兰教.清真寺、圣地等.中　国
台子清真大寺,伊斯兰教.清真寺、圣地等.中　国
艾提卡尔礼拜寺,伊斯兰教.清真寺、圣地等.中　国
艾提卡尔清真寺,伊斯兰教.清真寺、圣地等.中　国
莎车大寺,伊斯兰教.清真寺、圣地等.中　国
伊犁回族大寺,伊斯兰教.清真寺、圣地等.中　国
汗腾格里清真寺,伊斯兰教.清真寺、圣地等.中　国
台北清真大寺,伊斯兰教.清真寺、圣地等.中　国
中环清真寺,伊斯兰教.清真寺、圣地等.中　国
回教清真礼拜总堂,伊斯兰教.清真寺、圣地等.中　国
些利街清真寺,伊斯兰教.清真寺、圣地等.中　国
九龙清真寺,伊斯兰教.清真寺、圣地等.中　国
宛各思墓,伊斯兰教.清真寺、圣地等.中　国
泉州灵山圣墓,伊斯兰教.清真寺、圣地等.中　国
普哈丁墓,伊斯兰教.清真寺、圣地等.中　国
巴巴窑,伊斯兰教.清真寺、圣地等.中　国
牛街礼拜寺筛海坟,伊斯兰教.清真寺、圣地等.中　国
响坟,伊斯兰教.清真寺、圣地等.中　国
西域武公筛海墓,伊斯兰教.清真寺、圣地等.中　国
渤泥国王墓,伊斯兰教.清真寺、圣地等.中　国
苏禄东王墓,伊斯兰教.清真寺、圣地等.中　国
麻札,伊斯兰教.清真寺、圣地等.中　国
阿帕克和卓麻札,伊斯兰教.清真寺、圣地等.中　国
赫孜来提麻札,伊斯兰教.清真寺、圣地等.中　国
香妃墓,伊斯兰教.清真寺、圣地等.中　国
苏图克·布格拉汗麻札,伊斯兰教.清真寺、圣地等.中　国
秃黑鲁·帖木儿汗麻札,伊斯兰教.清真寺、圣地等.中　国
额西丁麻札,伊斯兰教.清真寺、圣地等.中　国
苏公塔,伊斯兰教.清真寺、圣地等.中　国
额敏塔,伊斯兰教.清真寺、圣地等.中　国
光塔,伊斯兰教.清真寺、圣地等.中　国
拱北,伊斯兰教.清真寺、圣地等.中　国
凤凰山拱北,伊斯兰教.清真寺、圣地等.中　国
临夏大拱北,伊斯兰教.清真寺、圣地等.中　国
鸿乐府拱北,伊斯兰教.清真寺、圣地等.中　国
道教,道教.总　论
玄教,道教.总　论
道门,道教.总　论
玄门,道教.总　论
方仙道,道教.教派、组织、机构
黄老道,道教.教派、组织、机构
五斗米道,道教.教派、组织、机构
鬼道,道教.教派、组织、机构
米道,道教.教派、组织、机构
清水道,道教.教派、组织、机构
太平道,道教.教派、组织、机构
帛家道,道教.教派、组织、机构
天师道,道教.教派、组织、机构
北天师道,道教.教派、组织、机构
南天师道,道教.教派、组织、机构
龙虎宗,道教.教派、组织、机构
楼观派,道教.教派、组织、机构
上清派,道教.教派、组织、机构
茅山宗,道教.教派、组织、机构
茅山派,道教.教派、组织、机构
灵宝派,道教.教派、组织、机构
阁皂宗,道教.教派、组织、机构
东华派,道教.教派、组织、机构
正一道,道教.教派、组织、机构
天心派,道教.教派、组织、机构
符箓派,道教.教派、组织、机构
三山符箓,道教.教派、组织、机构
丹鼎派,道教.教派、组织、机构
金丹道教,道教.教派、组织、机构
清微派,道教.教派、组织、机构
神霄派,道教.教派、组织、机构
全真道,道教.教派、组织、机构
全真派,道教.教派、组织、机构
南北宗,道教.教派、组织、机构
南宗,道教.教派、组织、机构
紫阳派,道教.教派、组织、机构
北宗,道教.教派、组织、机构
北七真,道教.教派、组织、机构
五祖,道教.教派、组织、机构
北五祖,道教.教派、组织、机构
南五祖,道教.教派、组织、机构
遇仙派,道教.教派、组织、机构
南无派,道教.教派、组织、机构
随山派,道教.教派、组织、机构
嵛山派,道教.教派、组织、机构
华山派,道教.教派、组织、机构
清静派,道教.教派、组织、机构
龙门派,道教.教派、组织、机构
老华山派,道教.教派、组织、机构
金山派,道教.教派、组织、机构
碧洞宗,道教.教派、组织、机构
伍柳派,道教.教派、组织、机构
真大道教,道教.教派、组织、机构
大道教,道教.教派、组织、机构
太一道,道教.教派、组织、机构
净明道,道教.教派、组织、机构
武当道,道教.教派、组织、机构
中派,道教.教派、组织、机构
东派,道教.教派、组织、机构
西派,道教.教派、组织、机构
闾山三奶派,道教.教派、组织、机构
重玄学派,道教.教派、组织、机构
中国道教协会,道教.教派、组织、机构
中华道教总会,道教.教派、组织、机构
香港道教联合会,道教.教派、组织、机构
澳门道教协会,道教.教派、组织、机构
新加坡道教总会,道教.教派、组织、机构
马来西亚道教组织联合总会,道教.教派、组织、机构
中国道教学院,道教.教派、组织、机构
上海道教学院,道教.教派、组织、机构
青城山道教学院,道教.教派、组织、机构
武当山道教学院,道教.教派、组织、机构
香港道教学院,道教.教派、组织、机构
中华道教学院,道教.教派、组织、机构
新加坡道教学院,道教.教派、组织、机构
老子,道教.人　物
老君,道教.人　物
庄子,道教.人　物
南华真人,道教.人　物
列子,道教.人　物
冲虚真人,道教.人　物
文子,道教.人　物
通玄真人,道教.人　物
亢仓子,道教.人　物
洞灵真人,道教.人　物
关尹子,道教.人　物
尹喜,道教.人　物
徐福,道教.人　物
严君平,道教.人　物
茅盈,道教.人　物
张道陵,道教.人　物
张陵,道教.人　物
张衡,道教.人　物
张鲁,道教.人　物
三张,道教.人　物
张盛,道教.人　物
魏伯阳,道教.人　物
费长房,道教.人　物
张角,道教.人　物
张梁,道教.人　物
张宝,道教.人　物
左慈,道教.人　物
于吉,道教.人　物
郗俭,道教.人　物
葛玄,道教.人　物
魏华存,道教.人　物
王浮,道教.人　物
陈瑞,道教.人　物
郑隐,道教.人　物
范长生,道教.人　物
许逊,道教.人　物
许真君,道教.人　物
许旌阳,道教.人　物
郭璞,道教.人　物
葛洪,道教.人　物
杨羲,道教.人　物
寇谦之,道教.人　物
孙泰,道教.人　物
孙恩,道教.人　物
卢循,道教.人　物
陆修静,道教.人　物
陶弘景,道教.人　物
王延,道教.人　物
王远知,道教.人　物
苏元朗,道教.人　物
成玄英,道教.人　物
孙思邈,道教.人　物
潘师正,道教.人　物
叶法善,道教.人　物
王玄览,道教.人　物
司马承祯,道教.人　物
李含光,道教.人　物
吴筠,道教.人　物
施肩吾,道教.人　物
卢梅娘,道教.人　物
刘元靖,道教.人　物
李筌,道教.人　物
李荣,道教.人　物
赵归真,道教.人　物
杜光庭,道教.人　物
谭峭,道教.人　物
刘海蟾,道教.人　物
彭晓,道教.人　物
陈抟,道教.人　物
张伯端,道教.人　物
王钦若,道教.人　物
张君房,道教.人　物
陈景元,道教.人　物
魏汉津,道教.人　物
张正随,道教.人　物
石泰,道教.人　物
刘混康,道教.人　物
林灵素,道教.人　物
薛道光,道教.人　物
王文卿,道教.人　物
曾慥,道教.人　物
萧抱珍,道教.人　物
宁全真,道教.人　物
王重阳,道教.人　物
孙不二,道教.人　物
刘德仁,道教.人　物
马丹阳,道教.人　物
马钰,道教.人　物
谭处端,道教.人　物
张道清,道教.人　物
谢守灏,道教.人　物
郝大通,道教.人　物
陈楠,道教.人　物
王处一,道教.人　物
刘处玄,道教.人　物
丘处机,道教.人　物
邱处机,道教.人　物
尹志平,道教.人　物
郦希城,道教.人　物
宋德方,道教.人　物
萧辅道,道教.人　物
李志常,道教.人　物
白玉蟾,道教.人　物
葛长庚,道教.人　物
李居寿,道教.人　物
张宗演,道教.人　物
张与棣,道教.人　物
张与材,道教.人　物
李道谦,道教.人　物
李道纯,道教.人　物
雷思齐,道教.人　物
张留孙,道教.人　物
俞琰,道教.人　物
吴全节,道教.人　物
陈致虚,道教.人　物
张三丰,道教.人　物
张正常,道教.人　物
张宇初,道教.人　物
刘渊然,道教.人　物
邵元节,道教.人　物
陶仲文,道教.人　物
陆西星,道教.人　物
伍守阳,道教.人　物
王常月,道教.人　物
刘一明,道教.人　物
柳华阳,道教.人　物
闵一得,道教.人　物
李理山,道教.人　物
陈撄宁,道教.人　物
岳崇岱,道教.人　物
易心莹,道教.人　物
张恩溥,道教.人　物
王教化,道教.人　物
陈国符,道教.人　物
闵智亭,道教.人　物
黎遇航,道教.人　物
傅圆天,道教.人　物
道藏,道教.经籍书文
开元道藏,道教.经籍书文
三洞琼纲,道教.经籍书文
天宫道藏,道教.经籍书文
大宋天宫宝藏,道教.经籍书文
万寿道藏,道教.经籍书文
玄都道藏,道教.经籍书文
正统道藏,道教.经籍书文
续道藏,道教.经籍书文
中华道藏,道教.经籍书文
道藏辑要,道教.经籍书文
道藏提要,道教.经籍书文
藏外道书,道教.经籍书文
敦煌道经,道教.经籍书文
度人经,道教.经籍书文
灵宝无量度人上品妙经,道教.经籍书文
玉皇经,道教.经籍书文
皇经,道教.经籍书文
三洞四辅,道教.经籍书文
心印妙经,道教.经籍书文
心印经,道教.经籍书文
阴符经,道教.经籍书文
黄帝阴符经,道教.经籍书文
灵飞经,道教.经籍书文
太平经,道教.经籍书文
悟真篇,道教.经籍书文
历世真仙体道通鉴,道教.经籍书文
黄庭经,道教.经籍书文
上清黄庭内景经,道教.经籍书文
上清黄庭外景经,道教.经籍书文
清静妙经,道教.经籍书文
五斗经,道教.经籍书文
道书十二种,道教.经籍书文
道德经,道教.经籍书文
老子,道教.经籍书文
老子五千文,道教.经籍书文
南华真经,道教.经籍书文
老子想尔注,道教.经籍书文
老子河上公章句,道教.经籍书文
道德真经河上公注,道教.经籍书文
西升经,道教.经籍书文
甘水仙源录,道教.经籍书文
参同契,道教.经籍书文
周易参同契,道教.经籍书文
真诰,道教.经籍书文
道枢,道教.经籍书文
坐忘论,道教.经籍书文
玄珠录,道教.经籍书文
玄纲论,道教.经籍书文
云笈七签,道教.经籍书文
无上秘要,道教.经籍书文
三洞珠囊,道教.经籍书文
道法会元,道教.经籍书文
重阳全真集,道教.经籍书文
长春子磻溪集,道教.经籍书文
磻溪集,道教.经籍书文
太上感应篇,道教.经籍书文
抱朴子,道教.经籍书文
灵宝毕法,道教.经籍书文
长春真人西游记,道教.经籍书文
搜神记,道教.经籍书文
文昌帝君阴骘文,道教.经籍书文
阴骘文,道教.经籍书文
神仙传,道教.经籍书文
列仙传,道教.经籍书文
性命圭旨,道教.经籍书文
老子化胡经,道教.经籍书文
上清大洞真经,道教.经籍书文
上清真经,道教.经籍书文
大洞真经,道教.经籍书文
养性延命录,道教.经籍书文
陆先生道门科略,道教.经籍书文
道门科略,道教.经籍书文
化书,道教.经籍书文
道门十规,道教.经籍书文
三教搜神大全,道教.经籍书文
道门通教必用集,道教.经籍书文
玄门必读,道教.经籍书文
道藏源流考,道教.经籍书文
中国道教史,道教.经籍书文
中国道教,道教.经籍书文
玉牒金书,道教.经籍书文
紫简,道教.经籍书文
龙章凤文,道教.经籍书文
天书,道教.经籍书文
道,道教.教义、道术
玄,道教.教义、道术
生,道教.教义、道术
一,道教.教义、道术
元气,道教.教义、道术
浑沌,道教.教义、道术
混沌,道教.教义、道术
虚无,道教.教义、道术
自然,道教.教义、道术
无极,道教.教义、道术
太极,道教.教义、道术
阴阳,道教.教义、道术
五行,道教.教义、道术
八卦,道教.教义、道术
道生天地,道教.教义、道术
生道合一,道教.教义、道术
道性遍在,道教.教义、道术
我命在我,道教.教义、道术
命受仙气,道教.教义、道术
返朴归真,道教.教义、道术
思微定志,道教.教义、道术
性命,道教.教义、道术
德,道教.教义、道术
啬,道教.教义、道术
损,道教.教义、道术
逆,道教.教义、道术
清静,道教.教义、道术
无为,道教.教义、道术
寡欲,道教.教义、道术
不争,道教.教义、道术
贵柔,道教.教义、道术
三元,道教.教义、道术
三宝,道教.教义、道术
承负,道教.教义、道术
造化,道教.教义、道术
盗机,道教.教义、道术
六极,道教.教义、道术
六合,道教.教义、道术
五道,道教.教义、道术
七伤,道教.教义、道术
七报,道教.教义、道术
八难,道教.教义、道术
十善,道教.教义、道术
小知,道教.教义、道术
大知,道教.教义、道术
道术,道教.教义、道术
方术,道教.教义、道术
符箓,道教.教义、道术
符水,道教.教义、道术
咒法,道教.教义、道术
符咒,道教.教义、道术
掐诀,道教.教义、道术
踏罡步斗,道教.教义、道术
步天纲,道教.教义、道术
禹步,道教.教义、道术
雷法,道教.教义、道术
云篆,道教.教义、道术
急急如律令,道教.教义、道术
精气神,道教.教义、道术
精,道教.教义、道术
气,道教.教义、道术
神,道教.教义、道术
三魂七魄,道教.教义、道术
三魂,道教.教义、道术
七魄,道教.教义、道术
服气,道教.教义、道术
服食,道教.教义、道术
服饵,道教.教义、道术
养气,道教.教义、道术
行气,道教.教义、道术
炼气,道教.教义、道术
炼形,道教.教义、道术
握固,道教.教义、道术
吐纳,道教.教义、道术
胎息,道教.教义、道术
元和,道教.教义、道术
玉液,道教.教义、道术
辟谷,道教.教义、道术
存思,道教.教义、道术
存神,道教.教义、道术
心斋,道教.教义、道术
坐忘,道教.教义、道术
五渐门,道教.教义、道术
导引,道教.教义、道术
道引,道教.教义、道术
守一,道教.教义、道术
抱一,道教.教义、道术
羽化,道教.教义、道术
飞升,道教.教义、道术
尸解,道教.教义、道术
九守,道教.教义、道术
五遁,道教.教义、道术
五尸,道教.教义、道术
守庚申,道教.教义、道术
脱胎换骨,道教.教义、道术
脱胎,道教.教义、道术
河车,道教.教义、道术
大周天,道教.教义、道术
小周天,道教.教义、道术
丹田,道教.教义、道术
上丹田,道教.教义、道术
中丹田,道教.教义、道术
下丹田,道教.教义、道术
琴心三叠,道教.教义、道术
泥丸,道教.教义、道术
天目,道教.教义、道术
黄庭,道教.教义、道术
黄婆,道教.教义、道术
筑基,道教.教义、道术
交梨火枣,道教.教义、道术
三花聚顶,道教.教义、道术
三阳聚顶,道教.教义、道术
五气朝元,道教.教义、道术
房中术,道教.教义、道术
内观,道教.教义、道术
内视,道教.教义、道术
炼丹,道教.教义、道术
内丹,道教.教义、道术
外丹,道教.教义、道术
金丹,道教.教义、道术
九转金丹,道教.教义、道术
还丹,道教.教义、道术
黄白术,道教.教义、道术
八石,道教.教义、道术
烧炼,道教.教义、道术
丹头,道教.教义、道术
点化,道教.教义、道术
炼精化气,道教.教义、道术
炼气化神,道教.教义、道术
炼神还虚,道教.教义、道术
真人,道教.神灵、神仙
神仙,道教.神灵、神仙
仙人,道教.神灵、神仙
散仙,道教.神灵、神仙
天尊,道教.神灵、神仙
天君,道教.神灵、神仙
灵官,道教.神灵、神仙
帝君,道教.神灵、神仙
真君,道教.神灵、神仙
元君,道教.神灵、神仙
星君,道教.神灵、神仙
玉郎,道教.神灵、神仙
金童玉女,道教.神灵、神仙
灵童玉女,道教.神灵、神仙
三清,道教.神灵、神仙
玉清,道教.神灵、神仙
上清,道教.神灵、神仙
太清,道教.神灵、神仙
元始天尊,道教.神灵、神仙
天宝君,道教.神灵、神仙
玉清元始天尊,道教.神灵、神仙
灵宝天尊,道教.神灵、神仙
太上道君,道教.神灵、神仙
上清灵宝天尊,道教.神灵、神仙
道德天尊,道教.神灵、神仙
太上老君,道教.神灵、神仙
太清道德天尊,道教.神灵、神仙
四御,道教.神灵、神仙
玉皇大帝,道教.神灵、神仙
玉帝,道教.神灵、神仙
玉皇,道教.神灵、神仙
勾陈南极大帝,道教.神灵、神仙
勾陈大帝,道教.神灵、神仙
紫微北极大帝,道教.神灵、神仙
中天紫微北极大帝,道教.神灵、神仙
后土皇地祇,道教.神灵、神仙
后土娘娘,道教.神灵、神仙
东王公,道教.神灵、神仙
东华帝君,道教.神灵、神仙
西王母,道教.神灵、神仙
金母,道教.神灵、神仙
王母娘娘,道教.神灵、神仙
九天玄女,道教.神灵、神仙
玄女,道教.神灵、神仙
元女,道教.神灵、神仙
东岳大帝,道教.神灵、神仙
中岳大帝,道教.神灵、神仙
西岳大帝,道教.神灵、神仙
南岳大帝,道教.神灵、神仙
北岳大帝,道教.神灵、神仙
碧霞元君,道教.神灵、神仙
斗姆,道教.神灵、神仙
斗姥,道教.神灵、神仙
太乙救苦天尊,道教.神灵、神仙
太一,道教.神灵、神仙
雷神,道教.神灵、神仙
邓元帅,道教.神灵、神仙
辛元帅,道教.神灵、神仙
庞元帅,道教.神灵、神仙
刘元帅,道教.神灵、神仙
毕元帅,道教.神灵、神仙
闪电娘娘,道教.神灵、神仙
电母,道教.神灵、神仙
金光圣母,道教.神灵、神仙
雨师,道教.神灵、神仙
风伯,道教.神灵、神仙
箕伯,道教.神灵、神仙
龙王,道教.神灵、神仙
梓潼帝君,道教.神灵、神仙
文昌,道教.神灵、神仙
文曲星,道教.神灵、神仙
文昌帝君,道教.神灵、神仙
三官,道教.神灵、神仙
三官大帝,道教.神灵、神仙
天官,道教.神灵、神仙
地官,道教.神灵、神仙
水官,道教.神灵、神仙
赵玄坛,道教.神灵、神仙
赵公元帅,道教.神灵、神仙
财神,道教.神灵、神仙
王灵官,道教.神灵、神仙
四值功曹,道教.神灵、神仙
六十元辰,道教.神灵、神仙
六十甲子,道教.神灵、神仙
六丁六甲,道教.神灵、神仙
三十六天罡,道教.神灵、神仙
三十六天将,道教.神灵、神仙
七十二地煞,道教.神灵、神仙
太岁,道教.神灵、神仙
护法四元帅,道教.神灵、神仙
黄帝,道教.神灵、神仙
黑帝,道教.神灵、神仙
白帝,道教.神灵、神仙
赤帝,道教.神灵、神仙
魁星,道教.神灵、神仙
奎星,道教.神灵、神仙
酆都大帝,道教.神灵、神仙
青龙,道教.神灵、神仙
苍龙,道教.神灵、神仙
白虎,道教.神灵、神仙
玄武,道教.神灵、神仙
真武大帝,道教.神灵、神仙
朱雀,道教.神灵、神仙
朱鸟,道教.神灵、神仙
四方四神,道教.神灵、神仙
关圣帝君,道教.神灵、神仙
关帝,道教.神灵、神仙
岳元帅,道教.神灵、神仙
赤松子,道教.神灵、神仙
广成子,道教.神灵、神仙
骊山老母,道教.神灵、神仙
黎山老母,道教.神灵、神仙
王乔,道教.神灵、神仙
安期生,道教.神灵、神仙
壶公,道教.神灵、神仙
三茅真君,道教.神灵、神仙
麻姑,道教.神灵、神仙
八仙,道教.神灵、神仙
汉钟离,道教.神灵、神仙
钟离权,道教.神灵、神仙
吕洞宾,道教.神灵、神仙
吕祖,道教.神灵、神仙
张果老,道教.神灵、神仙
铁拐李,道教.神灵、神仙
曹国舅,道教.神灵、神仙
何仙姑,道教.神灵、神仙
蓝采和,道教.神灵、神仙
韩湘子,道教.神灵、神仙
八仙过海,道教.神灵、神仙
妈祖,道教.神灵、神仙
天妃,道教.神灵、神仙
天后,道教.神灵、神仙
天上圣母,道教.神灵、神仙
黄大仙,道教.神灵、神仙
药王,道教.神灵、神仙
城隍,道教.神灵、神仙
门神,道教.神灵、神仙
钟馗,道教.神灵、神仙
二郎神,道教.神灵、神仙
道士,道教.称谓、教职、教制
乾道,道教.称谓、教职、教制
坤道,道教.称谓、教职、教制
道人,道教.称谓、教职、教制
道姑,道教.称谓、教职、教制
黄冠,道教.称谓、教职、教制
女冠,道教.称谓、教职、教制
先生,道教.称谓、教职、教制
种民,道教.称谓、教职、教制
天师,道教.称谓、教职、教制
方士,道教.称谓、教职、教制
羽客,道教.称谓、教职、教制
羽士,道教.称谓、教职、教制
童子,道教.称谓、教职、教制
道官,道教.称谓、教职、教制
道录司,道教.称谓、教职、教制
高功,道教.称谓、教职、教制
炼师,道教.称谓、教职、教制
方丈,道教.称谓、教职、教制
住持,道教.称谓、教职、教制
监院,道教.称谓、教职、教制
知客,道教.称谓、教职、教制
三都,道教.称谓、教职、教制
五主,道教.称谓、教职、教制
十八头,道教.称谓、教职、教制
法师,道教.称谓、教职、教制
戒律,道教.称谓、教职、教制
初真戒,道教.称谓、教职、教制
初真五戒,道教.称谓、教职、教制
老君五戒,道教.称谓、教职、教制
初真十戒,道教.称谓、教职、教制
女真九戒,道教.称谓、教职、教制
天尊二十七戒,道教.称谓、教职、教制
老君二十七戒,道教.称谓、教职、教制
中极戒,道教.称谓、教职、教制
天仙大戒,道教.称谓、教职、教制
功过格,道教.称谓、教职、教制
科仪,道教.科仪、斋醮、节日
斋醮,道教.科仪、斋醮、节日
打醮,道教.科仪、斋醮、节日
做道场,道教.科仪、斋醮、节日
仪范,道教.科仪、斋醮、节日
斋戒,道教.科仪、斋醮、节日
斋法,道教.科仪、斋醮、节日
忏法,道教.科仪、斋醮、节日
持诵,道教.科仪、斋醮、节日
祭炼,道教.科仪、斋醮、节日
炼度,道教.科仪、斋醮、节日
开光,道教.科仪、斋醮、节日
传戒,道教.科仪、斋醮、节日
授箓,道教.科仪、斋醮、节日
盟威,道教.科仪、斋醮、节日
冠巾,道教.科仪、斋醮、节日
稽首,道教.科仪、斋醮、节日
宿启,道教.科仪、斋醮、节日
发炉,道教.科仪、斋醮、节日
回向,道教.科仪、斋醮、节日
净坛,道教.科仪、斋醮、节日
步虚,道教.科仪、斋醮、节日
罗天大醮,道教.科仪、斋醮、节日
周天大醮,道教.科仪、斋醮、节日
普天大醮,道教.科仪、斋醮、节日
老君圣诞,道教.科仪、斋醮、节日
玉皇圣诞,道教.科仪、斋醮、节日
吕祖诞辰,道教.科仪、斋醮、节日
燕九节,道教.科仪、斋醮、节日
五腊日,道教.科仪、斋醮、节日
三元日,道教.科仪、斋醮、节日
东岳神会,道教.科仪、斋醮、节日
碧霞元君诞,道教.科仪、斋醮、节日
财神诞,道教.科仪、斋醮、节日
接财神,道教.科仪、斋醮、节日
拜太岁,道教.科仪、斋醮、节日
道服,道教.道服、法器、艺术
戒衣,道教.道服、法器、艺术
道巾,道教.道服、法器、艺术
混元巾,道教.道服、法器、艺术
纯阳巾,道教.道服、法器、艺术
鹤氅,道教.道服、法器、艺术
云鞋,道教.道服、法器、艺术
笏,道教.道服、法器、艺术
朝板,道教.道服、法器、艺术
灵幡,道教.道服、法器、艺术
举天尊,道教.道服、法器、艺术
韵腔,道教.道服、法器、艺术
十方韵,道教.道服、法器、艺术
全真正韵,道教.道服、法器、艺术
地方韵,道教.道服、法器、艺术
广成韵,道教.道服、法器、艺术
崂山韵,道教.道服、法器、艺术
武当山道教音乐,道教.道服、法器、艺术
武当韵,道教.道服、法器、艺术
正一道音乐,道教.道服、法器、艺术
全真道音乐,道教.道服、法器、艺术
步虚声,道教.道服、法器、艺术
游仙诗,道教.道服、法器、艺术
青词,道教.道服、法器、艺术
散花词,道教.道服、法器、艺术
道情,道教.道服、法器、艺术
道戏,道教.道服、法器、艺术
黄粱梦,道教.道服、法器、艺术
水神庙壁画,道教.道服、法器、艺术
朝元仙仗图,道教.道服、法器、艺术
暗八仙,道教.道服、法器、艺术
四灵图,道教.道服、法器、艺术
八仙图,道教.道服、法器、艺术
清源山老君像,道教.道服、法器、艺术
魏文朗造像碑,道教.道服、法器、艺术
仙境,道教.仙境、名山、宫观
三十六天,道教.仙境、名山、宫观
三十二天,道教.仙境、名山、宫观
九天,道教.仙境、名山、宫观
九霄,道教.仙境、名山、宫观
九幽,道教.仙境、名山、宫观
三清境,道教.仙境、名山、宫观
三清天,道教.仙境、名山、宫观
玉清,道教.仙境、名山、宫观
清微天,道教.仙境、名山、宫观
上清,道教.仙境、名山、宫观
禹余天,道教.仙境、名山、宫观
太清,道教.仙境、名山、宫观
大赤天,道教.仙境、名山、宫观
十洲三岛,道教.仙境、名山、宫观
三神山,道教.仙境、名山、宫观
蓬莱,道教.仙境、名山、宫观
蓬丘,道教.仙境、名山、宫观
昆仑,道教.仙境、名山、宫观
洞天福地,道教.仙境、名山、宫观
十大洞天,道教.仙境、名山、宫观
三十六洞天,道教.仙境、名山、宫观
七十二福地,道教.仙境、名山、宫观
五岳,道教.仙境、名山、宫观
泰山,道教.仙境、名山、宫观
华山,道教.仙境、名山、宫观
衡山,道教.仙境、名山、宫观
恒山,道教.仙境、名山、宫观
嵩山,道教.仙境、名山、宫观
茅山,道教.仙境、名山、宫观
句曲山,道教.仙境、名山、宫观
青城山,道教.仙境、名山、宫观
龙虎山,道教.仙境、名山、宫观
终南山,道教.仙境、名山、宫观
罗浮山,道教.仙境、名山、宫观
阁皂山,道教.仙境、名山、宫观
武当山,道教.仙境、名山、宫观
太和山,道教.仙境、名山、宫观
鹤鸣山,道教.仙境、名山、宫观
崂山,道教.仙境、名山、宫观
昆嵛山,道教.仙境、名山、宫观
王屋山,道教.仙境、名山、宫观
宫观,道教.仙境、名山、宫观
十方丛林,道教.仙境、名山、宫观
子孙庙,道教.仙境、名山、宫观
子孙丛林,道教.仙境、名山、宫观
道院,道教.仙境、名山、宫观
治,道教.仙境、名山、宫观
太清宫,道教.仙境、名山、宫观
上清宫,道教.仙境、名山、宫观
东岳庙,道教.仙境、名山、宫观
北京东岳庙,道教.仙境、名山、宫观
白云观,道教.仙境、名山、宫观
玉皇阁,道教.仙境、名山、宫观
北岳庙,道教.仙境、名山、宫观
永乐宫,道教.仙境、名山、宫观
玉皇庙,道教.仙境、名山、宫观
沈阳太清宫,道教.仙境、名山、宫观
无量观,道教.仙境、名山、宫观
五龙宫,道教.仙境、名山、宫观
上海城隍庙,道教.仙境、名山、宫观
南京朝天宫,道教.仙境、名山、宫观
苏州玄妙观,道教.仙境、名山、宫观
茅山元符宫,道教.仙境、名山、宫观
洞霄宫,道教.仙境、名山、宫观
抱朴道院,道教.仙境、名山、宫观
湄洲妈祖庙,道教.仙境、名山、宫观
万寿宫,道教.仙境、名山、宫观
西山万寿宫,道教.仙境、名山、宫观
天师府,道教.仙境、名山、宫观
龙虎山上清宫,道教.仙境、名山、宫观
三清宫,道教.仙境、名山、宫观
庐山仙人洞,道教.仙境、名山、宫观
岱庙,道教.仙境、名山、宫观
碧霞祠,道教.仙境、名山、宫观
崂山太清宫,道教.仙境、名山、宫观
中岳庙,道教.仙境、名山、宫观
鹿邑太清宫,道教.仙境、名山、宫观
武汉长春观,道教.仙境、名山、宫观
武当紫霄宫,道教.仙境、名山、宫观
武当山金殿,道教.仙境、名山、宫观
南岳大庙,道教.仙境、名山、宫观
黄庭观,道教.仙境、名山、宫观
三元宫,道教.仙境、名山、宫观
冲虚观,道教.仙境、名山、宫观
青羊宫,道教.仙境、名山、宫观
青城山上清宫,道教.仙境、名山、宫观
青城山天师洞,道教.仙境、名山、宫观
常道观,道教.仙境、名山、宫观
八仙宫,道教.仙境、名山、宫观
重阳宫,道教.仙境、名山、宫观
楼观台,道教.仙境、名山、宫观
西岳庙,道教.仙境、名山、宫观
土楼观,道教.仙境、名山、宫观
圆玄学院,道教.仙境、名山、宫观
青松观,道教.仙境、名山、宫观
蓬瀛仙馆,道教.仙境、名山、宫观
指南宫,道教.仙境、名山、宫观
北港妈祖庙,道教.仙境、名山、宫观
朝天宫,道教.仙境、名山、宫观
药王庙,道教.仙境、名山、宫观
道德院,道教.仙境、名山、宫观
民间信仰,中国民间信仰.总　论
汉族民间信仰,中国民间信仰.总　论
少数民族民间信仰,中国民间信仰.总　论
妈祖,中国民间信仰.汉族民间信仰.神　祇
法主公,中国民间信仰.汉族民间信仰.神　祇
都天圣君,中国民间信仰.汉族民间信仰.神　祇
保生大帝,中国民间信仰.汉族民间信仰.神　祇
广泽尊王,中国民间信仰.汉族民间信仰.神　祇
保安尊王,中国民间信仰.汉族民间信仰.神　祇
郭圣王,中国民间信仰.汉族民间信仰.神　祇
开漳圣王,中国民间信仰.汉族民间信仰.神　祇
圣王公,中国民间信仰.汉族民间信仰.神　祇
陈圣王,中国民间信仰.汉族民间信仰.神　祇
田都元帅,中国民间信仰.汉族民间信仰.神　祇
西秦王爷,中国民间信仰.汉族民间信仰.神　祇
清水祖师,中国民间信仰.汉族民间信仰.神　祇
七星娘娘,中国民间信仰.汉族民间信仰.神　祇
吉祥哥,中国民间信仰.汉族民间信仰.神　祇
吉祥菩萨,中国民间信仰.汉族民间信仰.神　祇
临水夫人,中国民间信仰.汉族民间信仰.神　祇
闽台王爷,中国民间信仰.汉族民间信仰.神　祇
紫姑,中国民间信仰.汉族民间信仰.神　祇
坑三姑娘,中国民间信仰.汉族民间信仰.神　祇
厕神,中国民间信仰.汉族民间信仰.神　祇
马头娘,中国民间信仰.汉族民间信仰.神　祇
马明王,中国民间信仰.汉族民间信仰.神　祇
青衣神,中国民间信仰.汉族民间信仰.神　祇
蚕丛氏,中国民间信仰.汉族民间信仰.神　祇
染神,中国民间信仰.汉族民间信仰.神　祇
梅葛二圣,中国民间信仰.汉族民间信仰.神　祇
马神,中国民间信仰.汉族民间信仰.神　祇
马王爷,中国民间信仰.汉族民间信仰.神　祇
和合,中国民间信仰.汉族民间信仰.神　祇
和合二仙,中国民间信仰.汉族民间信仰.神　祇
月下老人,中国民间信仰.汉族民间信仰.神　祇
福神,中国民间信仰.汉族民间信仰.神　祇
禄神,中国民间信仰.汉族民间信仰.神　祇
禄星神,中国民间信仰.汉族民间信仰.神　祇
寿星,中国民间信仰.汉族民间信仰.神　祇
喜神,中国民间信仰.汉族民间信仰.神　祇
吉祥神,中国民间信仰.汉族民间信仰.神　祇
床神,中国民间信仰.汉族民间信仰.神　祇
公婆母,中国民间信仰.汉族民间信仰.神　祇
土地神,中国民间信仰.汉族民间信仰.神　祇
土地,中国民间信仰.汉族民间信仰.神　祇
社神,中国民间信仰.汉族民间信仰.神　祇
土地公,中国民间信仰.汉族民间信仰.神　祇
土地爷,中国民间信仰.汉族民间信仰.神　祇
灶君,中国民间信仰.汉族民间信仰.神　祇
灶神,中国民间信仰.汉族民间信仰.神　祇
狐仙,中国民间信仰.汉族民间信仰.神　祇
屈原,中国民间信仰.汉族民间信仰.神　祇
鲁班,中国民间信仰.汉族民间信仰.神　祇
伍子胥,中国民间信仰.汉族民间信仰.神　祇
诸葛孔明,中国民间信仰.汉族民间信仰.神　祇
陆羽,中国民间信仰.汉族民间信仰.神　祇
黄道婆,中国民间信仰.汉族民间信仰.神　祇
朱天大帝,中国民间信仰.汉族民间信仰.神　祇
盘古,中国民间信仰.汉族民间信仰.神　祇
三皇,中国民间信仰.汉族民间信仰.神　祇
五帝,中国民间信仰.汉族民间信仰.神　祇
有巢氏,中国民间信仰.汉族民间信仰.神　祇
燧人氏,中国民间信仰.汉族民间信仰.神　祇
伏羲氏,中国民间信仰.汉族民间信仰.神　祇
女娲,中国民间信仰.汉族民间信仰.神　祇
无怀氏,中国民间信仰.汉族民间信仰.神　祇
葛天氏,中国民间信仰.汉族民间信仰.神　祇
神农氏,中国民间信仰.汉族民间信仰.神　祇
炎帝,中国民间信仰.汉族民间信仰.神　祇
黄帝,中国民间信仰.汉族民间信仰.神　祇
帝俊,中国民间信仰.汉族民间信仰.神　祇
颛顼,中国民间信仰.汉族民间信仰.神　祇
共工,中国民间信仰.汉族民间信仰.神　祇
羿,中国民间信仰.汉族民间信仰.神　祇
后羿射日,中国民间信仰.汉族民间信仰.神　祇
嫦娥,中国民间信仰.汉族民间信仰.神　祇
西王母,中国民间信仰.汉族民间信仰.神　祇
牛郎织女,中国民间信仰.汉族民间信仰.神　祇
重黎,中国民间信仰.汉族民间信仰.神　祇
羲和,中国民间信仰.汉族民间信仰.神　祇
刑天,中国民间信仰.汉族民间信仰.神　祇
精卫,中国民间信仰.汉族民间信仰.神　祇
精卫填海,中国民间信仰.汉族民间信仰.神　祇
夸父,中国民间信仰.汉族民间信仰.神　祇
夸父逐日,中国民间信仰.汉族民间信仰.神　祇
应龙,中国民间信仰.汉族民间信仰.神　祇
魃,中国民间信仰.汉族民间信仰.神　祇
汤谷,中国民间信仰.汉族民间信仰.神　祇
旸谷,中国民间信仰.汉族民间信仰.神　祇
虞渊,中国民间信仰.汉族民间信仰.神　祇
蒙汜,中国民间信仰.汉族民间信仰.神　祇
扶桑,中国民间信仰.汉族民间信仰.神　祇
三足乌,中国民间信仰.汉族民间信仰.神　祇
玉兔,中国民间信仰.汉族民间信仰.神　祇
防风氏,中国民间信仰.汉族民间信仰.神　祇
鲧,中国民间信仰.汉族民间信仰.神　祇
息壤,中国民间信仰.汉族民间信仰.神　祇
愚公,中国民间信仰.汉族民间信仰.神　祇
参辰,中国民间信仰.汉族民间信仰.神　祇
湘君,中国民间信仰.汉族民间信仰.神　祇
湘夫人,中国民间信仰.汉族民间信仰.神　祇
凤凰,中国民间信仰.汉族民间信仰.神　祇
龙,中国民间信仰.汉族民间信仰.神　祇
麒麟,中国民间信仰.汉族民间信仰.神　祇
龟,中国民间信仰.汉族民间信仰.神　祇
四灵,中国民间信仰.汉族民间信仰.神　祇
玄武,中国民间信仰.汉族民间信仰.神　祇
朱鸟,中国民间信仰.汉族民间信仰.神　祇
青龙,中国民间信仰.汉族民间信仰.神　祇
白虎,中国民间信仰.汉族民间信仰.神　祇
简狄,中国民间信仰.汉族民间信仰.神　祇
女歧,中国民间信仰.汉族民间信仰.神　祇
姜嫄,中国民间信仰.汉族民间信仰.神　祇
昆仑,中国民间信仰.汉族民间信仰.神　祇
悬圃,中国民间信仰.汉族民间信仰.神　祇
弱水,中国民间信仰.汉族民间信仰.神　祇
瑶池,中国民间信仰.汉族民间信仰.神　祇
建木,中国民间信仰.汉族民间信仰.神　祇
柏高,中国民间信仰.汉族民间信仰.神　祇
术数,中国民间信仰.汉族民间信仰.术　数
数术,中国民间信仰.汉族民间信仰.术　数
谶纬,中国民间信仰.汉族民间信仰.术　数
算命,中国民间信仰.汉族民间信仰.术　数
八字,中国民间信仰.汉族民间信仰.术　数
年庚,中国民间信仰.汉族民间信仰.术　数
星命,中国民间信仰.汉族民间信仰.术　数
星相,中国民间信仰.汉族民间信仰.术　数
华盖,中国民间信仰.汉族民间信仰.术　数
命运,中国民间信仰.汉族民间信仰.术　数
生克,中国民间信仰.汉族民间信仰.术　数
占卜,中国民间信仰.汉族民间信仰.术　数
课,中国民间信仰.汉族民间信仰.术　数
金钱课,中国民间信仰.汉族民间信仰.术　数
文王课,中国民间信仰.汉族民间信仰.术　数
拆字,中国民间信仰.汉族民间信仰.术　数
测字,中国民间信仰.汉族民间信仰.术　数
签,中国民间信仰.汉族民间信仰.术　数
求签,中国民间信仰.汉族民间信仰.术　数
签诗,中国民间信仰.汉族民间信仰.术　数
圆梦,中国民间信仰.汉族民间信仰.术　数
相术,中国民间信仰.汉族民间信仰.术　数
揣骨,中国民间信仰.汉族民间信仰.术　数
风水,中国民间信仰.汉族民间信仰.术　数
堪舆,中国民间信仰.汉族民间信仰.术　数
命士,中国民间信仰.汉族民间信仰.术　数
阴阳生,中国民间信仰.汉族民间信仰.术　数
阴阳家,中国民间信仰.汉族民间信仰.术　数
管辂,中国民间信仰.汉族民间信仰.术　数
李虚中,中国民间信仰.汉族民间信仰.术　数
徐子平,中国民间信仰.汉族民间信仰.术　数
纬书,中国民间信仰.汉族民间信仰.术　数
推背图,中国民间信仰.汉族民间信仰.术　数
麻衣相法,中国民间信仰.汉族民间信仰.术　数
黄历,中国民间信仰.汉族民间信仰.术　数
甲马,中国民间信仰.汉族民间信仰.术　数
纸马,中国民间信仰.汉族民间信仰.术　数
萨满教,中国民间信仰.少数民族民间信仰.教派、组织
本教,中国民间信仰.少数民族民间信仰.教派、组织
苯教,中国民间信仰.少数民族民间信仰.教派、组织
东巴教,中国民间信仰.少数民族民间信仰.教派、组织
打巴教,中国民间信仰.少数民族民间信仰.教派、组织
达巴教,中国民间信仰.少数民族民间信仰.教派、组织
盘瓠崇拜,中国民间信仰.少数民族民间信仰.教派、组织
冬,中国民间信仰.少数民族民间信仰.教派、组织
爱米,中国民间信仰.少数民族民间信仰.精灵、鬼神
浮合马法,中国民间信仰.少数民族民间信仰.精灵、鬼神
奥德马法,中国民间信仰.少数民族民间信仰.精灵、鬼神
卓碌玛法·玛玛,中国民间信仰.少数民族民间信仰.精灵、鬼神
火主,中国民间信仰.少数民族民间信仰.精灵、鬼神
敖教勒,中国民间信仰.少数民族民间信仰.精灵、鬼神
玛鲁,中国民间信仰.少数民族民间信仰.精灵、鬼神
舍卧刻,中国民间信仰.少数民族民间信仰.精灵、鬼神
博如坎,中国民间信仰.少数民族民间信仰.精灵、鬼神
透欧博如坎,中国民间信仰.少数民族民间信仰.精灵、鬼神
腾格里,中国民间信仰.少数民族民间信仰.精灵、鬼神
祖宗板,中国民间信仰.少数民族民间信仰.精灵、鬼神
苯教四大神,中国民间信仰.少数民族民间信仰.精灵、鬼神
十二丹玛,中国民间信仰.少数民族民间信仰.精灵、鬼神
四魔女神,中国民间信仰.少数民族民间信仰.精灵、鬼神
四药叉女神,中国民间信仰.少数民族民间信仰.精灵、鬼神
四女医神,中国民间信仰.少数民族民间信仰.精灵、鬼神
四助益母,中国民间信仰.少数民族民间信仰.精灵、鬼神
阳神,中国民间信仰.少数民族民间信仰.精灵、鬼神
男神,中国民间信仰.少数民族民间信仰.精灵、鬼神
鲁,中国民间信仰.少数民族民间信仰.精灵、鬼神
赞,中国民间信仰.少数民族民间信仰.精灵、鬼神
念,中国民间信仰.少数民族民间信仰.精灵、鬼神
雅拉香波,中国民间信仰.少数民族民间信仰.精灵、鬼神
通天之路,中国民间信仰.少数民族民间信仰.精灵、鬼神
拉,中国民间信仰.少数民族民间信仰.精灵、鬼神
禄,中国民间信仰.少数民族民间信仰.精灵、鬼神
乌佑,中国民间信仰.少数民族民间信仰.精灵、鬼神
溢萨,中国民间信仰.少数民族民间信仰.精灵、鬼神
依娜,中国民间信仰.少数民族民间信仰.精灵、鬼神
衣拉,中国民间信仰.少数民族民间信仰.精灵、鬼神
太平菩萨,中国民间信仰.少数民族民间信仰.精灵、鬼神
天菩萨,中国民间信仰.少数民族民间信仰.精灵、鬼神
素素阿普,中国民间信仰.少数民族民间信仰.精灵、鬼神
阿塞拉子,中国民间信仰.少数民族民间信仰.精灵、鬼神
阿都陆普,中国民间信仰.少数民族民间信仰.精灵、鬼神
拉子俄觉,中国民间信仰.少数民族民间信仰.精灵、鬼神
十三家神,中国民间信仰.少数民族民间信仰.精灵、鬼神
白石神,中国民间信仰.少数民族民间信仰.精灵、鬼神
雷公,中国民间信仰.少数民族民间信仰.精灵、鬼神
门神,中国民间信仰.少数民族民间信仰.精灵、鬼神
丢拉曼,中国民间信仰.少数民族民间信仰.精灵、鬼神
召厚曼,中国民间信仰.少数民族民间信仰.精灵、鬼神
木代,中国民间信仰.少数民族民间信仰.精灵、鬼神
木依吉,中国民间信仰.少数民族民间信仰.精灵、鬼神
梅吉,中国民间信仰.少数民族民间信仰.精灵、鬼神
团独,中国民间信仰.少数民族民间信仰.精灵、鬼神
阿依俄,中国民间信仰.少数民族民间信仰.精灵、鬼神
子劳阿普,中国民间信仰.少数民族民间信仰.精灵、鬼神
翠红葆白,中国民间信仰.少数民族民间信仰.精灵、鬼神
多格,中国民间信仰.少数民族民间信仰.精灵、鬼神
美利董主,中国民间信仰.少数民族民间信仰.精灵、鬼神
美利术主,中国民间信仰.少数民族民间信仰.精灵、鬼神
萨英威登,中国民间信仰.少数民族民间信仰.精灵、鬼神
优玛,中国民间信仰.少数民族民间信仰.精灵、鬼神
丁巴什罗,中国民间信仰.少数民族民间信仰.精灵、鬼神
阿明什罗,中国民间信仰.少数民族民间信仰.精灵、鬼神
宗巴拉,中国民间信仰.少数民族民间信仰.精灵、鬼神
代袜么·代袜那,中国民间信仰.少数民族民间信仰.精灵、鬼神
厄莎,中国民间信仰.少数民族民间信仰.精灵、鬼神
尼,中国民间信仰.少数民族民间信仰.精灵、鬼神
米斯尼,中国民间信仰.少数民族民间信仰.精灵、鬼神
稠哈,中国民间信仰.少数民族民间信仰.精灵、鬼神
摩咪,中国民间信仰.少数民族民间信仰.精灵、鬼神
常,中国民间信仰.少数民族民间信仰.精灵、鬼神
鲍尔陀,中国民间信仰.少数民族民间信仰.精灵、鬼神
鲍更嫡,中国民间信仰.少数民族民间信仰.精灵、鬼神
公陆铎,中国民间信仰.少数民族民间信仰.精灵、鬼神
公六夺,中国民间信仰.少数民族民间信仰.精灵、鬼神
南木,中国民间信仰.少数民族民间信仰.精灵、鬼神
拉祭,中国民间信仰.少数民族民间信仰.精灵、鬼神
格蒙,中国民间信仰.少数民族民间信仰.精灵、鬼神
布兰,中国民间信仰.少数民族民间信仰.精灵、鬼神
本主,中国民间信仰.少数民族民间信仰.精灵、鬼神
大二三神,中国民间信仰.少数民族民间信仰.精灵、鬼神
九坛神,中国民间信仰.少数民族民间信仰.精灵、鬼神
古乃尼,中国民间信仰.少数民族民间信仰.精灵、鬼神
阿姎白,中国民间信仰.少数民族民间信仰.精灵、鬼神
白乃,中国民间信仰.少数民族民间信仰.精灵、鬼神
色曼,中国民间信仰.少数民族民间信仰.精灵、鬼神
阿膜小贝,中国民间信仰.少数民族民间信仰.精灵、鬼神
石保爷,中国民间信仰.少数民族民间信仰.精灵、鬼神
树保爷,中国民间信仰.少数民族民间信仰.精灵、鬼神
婆王,中国民间信仰.少数民族民间信仰.精灵、鬼神
白公,中国民间信仰.少数民族民间信仰.精灵、鬼神
欧萨,中国民间信仰.少数民族民间信仰.精灵、鬼神
茂英充,中国民间信仰.少数民族民间信仰.精灵、鬼神
布洛陀,中国民间信仰.少数民族民间信仰.精灵、鬼神
姆六甲,中国民间信仰.少数民族民间信仰.精灵、鬼神
萨,中国民间信仰.少数民族民间信仰.精灵、鬼神
盘瓠,中国民间信仰.少数民族民间信仰.精灵、鬼神
盘王,中国民间信仰.少数民族民间信仰.精灵、鬼神
盘瓠王,中国民间信仰.少数民族民间信仰.精灵、鬼神
五婆圣帝,中国民间信仰.少数民族民间信仰.精灵、鬼神
禾母,中国民间信仰.少数民族民间信仰.精灵、鬼神
石祖神,中国民间信仰.少数民族民间信仰.精灵、鬼神
祖先鬼,中国民间信仰.少数民族民间信仰.精灵、鬼神
约加酋拉,中国民间信仰.少数民族民间信仰.精灵、鬼神
五位灵官,中国民间信仰.少数民族民间信仰.精灵、鬼神
嘎瓦斯,中国民间信仰.少数民族民间信仰.精灵、鬼神
傩神,中国民间信仰.少数民族民间信仰.精灵、鬼神
彭公爵主,中国民间信仰.少数民族民间信仰.精灵、鬼神
梅山神,中国民间信仰.少数民族民间信仰.精灵、鬼神
昆屯,中国民间信仰.少数民族民间信仰.精灵、鬼神
三界公爷,中国民间信仰.少数民族民间信仰.精灵、鬼神
雅达干祭词,中国民间信仰.少数民族民间信仰.经典、图文等
祭火经,中国民间信仰.少数民族民间信仰.经典、图文等
太波嘎列,中国民间信仰.少数民族民间信仰.经典、图文等
彝经,中国民间信仰.少数民族民间信仰.经典、图文等
毕摩特依,中国民间信仰.少数民族民间信仰.经典、图文等
开路经,中国民间信仰.少数民族民间信仰.经典、图文等
查姆,中国民间信仰.少数民族民间信仰.经典、图文等
梅葛,中国民间信仰.少数民族民间信仰.经典、图文等
上坛经,中国民间信仰.少数民族民间信仰.经典、图文等
中坛经,中国民间信仰.少数民族民间信仰.经典、图文等
下坛经,中国民间信仰.少数民族民间信仰.经典、图文等
解秽解煞词,中国民间信仰.少数民族民间信仰.经典、图文等
羌戈大战,中国民间信仰.少数民族民间信仰.经典、图文等
木姐珠与斗安珠,中国民间信仰.少数民族民间信仰.经典、图文等
木闹斋瓦,中国民间信仰.少数民族民间信仰.经典、图文等
东巴经,中国民间信仰.少数民族民间信仰.经典、图文等
打巴经,中国民间信仰.少数民族民间信仰.经典、图文等
亚米经,中国民间信仰.少数民族民间信仰.经典、图文等
崇搬图,中国民间信仰.少数民族民间信仰.经典、图文等
创世纪,中国民间信仰.少数民族民间信仰.经典、图文等
子吐丛吐,中国民间信仰.少数民族民间信仰.经典、图文等
查班绍,中国民间信仰.少数民族民间信仰.经典、图文等
鲁般鲁饶,中国民间信仰.少数民族民间信仰.经典、图文等
东巴画,中国民间信仰.少数民族民间信仰.经典、图文等
巴格贺枯,中国民间信仰.少数民族民间信仰.经典、图文等
巴格图,中国民间信仰.少数民族民间信仰.经典、图文等
牡帕密帕,中国民间信仰.少数民族民间信仰.经典、图文等
摩经,中国民间信仰.少数民族民间信仰.经典、图文等
殡王经,中国民间信仰.少数民族民间信仰.经典、图文等
古谢经,中国民间信仰.少数民族民间信仰.经典、图文等
访几经,中国民间信仰.少数民族民间信仰.经典、图文等
赎买经,中国民间信仰.少数民族民间信仰.经典、图文等
退仙经,中国民间信仰.少数民族民间信仰.经典、图文等
水书,中国民间信仰.少数民族民间信仰.经典、图文等
遮帕麻和遮米麻,中国民间信仰.少数民族民间信仰.经典、图文等
高皇歌,中国民间信仰.少数民族民间信仰.经典、图文等
盘王歌,中国民间信仰.少数民族民间信仰.经典、图文等
盘瓠王歌,中国民间信仰.少数民族民间信仰.经典、图文等
麟豹王歌,中国民间信仰.少数民族民间信仰.经典、图文等
祖图,中国民间信仰.少数民族民间信仰.经典、图文等
鹿回头,中国民间信仰.少数民族民间信仰.经典、图文等
萨满,中国民间信仰.少数民族民间信仰.称谓、教职
阿哈,中国民间信仰.少数民族民间信仰.称谓、教职
佛日朗,中国民间信仰.少数民族民间信仰.称谓、教职
莫昆萨满,中国民间信仰.少数民族民间信仰.称谓、教职
德勒库尔萨满,中国民间信仰.少数民族民间信仰.称谓、教职
阿嘎钦,中国民间信仰.少数民族民间信仰.称谓、教职
雅达干,中国民间信仰.少数民族民间信仰.称谓、教职
巴格奇,中国民间信仰.少数民族民间信仰.称谓、教职
毕摩,中国民间信仰.少数民族民间信仰.称谓、教职
苏尼,中国民间信仰.少数民族民间信仰.称谓、教职
木尼,中国民间信仰.少数民族民间信仰.称谓、教职
端公,中国民间信仰.少数民族民间信仰.称谓、教职
许,中国民间信仰.少数民族民间信仰.称谓、教职
释比,中国民间信仰.少数民族民间信仰.称谓、教职
鬼师,中国民间信仰.少数民族民间信仰.称谓、教职
巴代,中国民间信仰.少数民族民间信仰.称谓、教职
波莫,中国民间信仰.少数民族民间信仰.称谓、教职
召曼,中国民间信仰.少数民族民间信仰.称谓、教职
董萨,中国民间信仰.少数民族民间信仰.称谓、教职
斋瓦,中国民间信仰.少数民族民间信仰.称谓、教职
窝朗,中国民间信仰.少数民族民间信仰.称谓、教职
教奇艾,中国民间信仰.少数民族民间信仰.称谓、教职
奔柴,中国民间信仰.少数民族民间信仰.称谓、教职
魔巴,中国民间信仰.少数民族民间信仰.称谓、教职
东巴,中国民间信仰.少数民族民间信仰.称谓、教职
打巴,中国民间信仰.少数民族民间信仰.称谓、教职
达巴,中国民间信仰.少数民族民间信仰.称谓、教职
韩规,中国民间信仰.少数民族民间信仰.称谓、教职
师毕,中国民间信仰.少数民族民间信仰.称谓、教职
达曼,中国民间信仰.少数民族民间信仰.称谓、教职
魔巴,中国民间信仰.少数民族民间信仰.称谓、教职
尼扒,中国民间信仰.少数民族民间信仰.称谓、教职
尼古扒,中国民间信仰.少数民族民间信仰.称谓、教职
贝玛,中国民间信仰.少数民族民间信仰.称谓、教职
摩匹,中国民间信仰.少数民族民间信仰.称谓、教职
达干,中国民间信仰.少数民族民间信仰.称谓、教职
布摩,中国民间信仰.少数民族民间信仰.称谓、教职
雅牙,中国民间信仰.少数民族民间信仰.称谓、教职
南木萨,中国民间信仰.少数民族民间信仰.称谓、教职
纳木沙,中国民间信仰.少数民族民间信仰.称谓、教职
班瓦当,中国民间信仰.少数民族民间信仰.称谓、教职
朵兮薄,中国民间信仰.少数民族民间信仰.称谓、教职
三元老司,中国民间信仰.少数民族民间信仰.称谓、教职
活袍,中国民间信仰.少数民族民间信仰.称谓、教职
掌塞,中国民间信仰.少数民族民间信仰.称谓、教职
着巴,中国民间信仰.少数民族民间信仰.称谓、教职
着生,中国民间信仰.少数民族民间信仰.称谓、教职
白腊包,中国民间信仰.少数民族民间信仰.称谓、教职
莫培,中国民间信仰.少数民族民间信仰.称谓、教职
博帔,中国民间信仰.少数民族民间信仰.称谓、教职
博罱,中国民间信仰.少数民族民间信仰.称谓、教职
米亚楼,中国民间信仰.少数民族民间信仰.称谓、教职
尼玛,中国民间信仰.少数民族民间信仰.称谓、教职
布麼,中国民间信仰.少数民族民间信仰.称谓、教职
巫公,中国民间信仰.少数民族民间信仰.称谓、教职
登萨,中国民间信仰.少数民族民间信仰.称谓、教职
龙头目老,中国民间信仰.少数民族民间信仰.称谓、教职
庙老,中国民间信仰.少数民族民间信仰.称谓、教职
赛翁,中国民间信仰.少数民族民间信仰.称谓、教职
刀翁,中国民间信仰.少数民族民间信仰.称谓、教职
怕滔,中国民间信仰.少数民族民间信仰.称谓、教职
怕褛,中国民间信仰.少数民族民间信仰.称谓、教职
道公,中国民间信仰.少数民族民间信仰.称谓、教职
娘母,中国民间信仰.少数民族民间信仰.称谓、教职
崇公,中国民间信仰.少数民族民间信仰.称谓、教职
降生童,中国民间信仰.少数民族民间信仰.称谓、教职
梯玛,中国民间信仰.少数民族民间信仰.称谓、教职
博套,中国民间信仰.少数民族民间信仰.称谓、教职
登龙庆,中国民间信仰.少数民族民间信仰.称谓、教职
纽布,中国民间信仰.少数民族民间信仰.称谓、教职
领神,中国民间信仰.少数民族民间信仰.祭　仪
得染,中国民间信仰.少数民族民间信仰.祭　仪
雀喀扎法里,中国民间信仰.少数民族民间信仰.祭　仪
温给伦,中国民间信仰.少数民族民间信仰.祭　仪
了档子,中国民间信仰.少数民族民间信仰.祭　仪
奥米那楞,中国民间信仰.少数民族民间信仰.祭　仪
求“乌麦”,中国民间信仰.少数民族民间信仰.祭　仪
祭熊,中国民间信仰.少数民族民间信仰.祭　仪
春祭,中国民间信仰.少数民族民间信仰.祭　仪
祭敖包,中国民间信仰.少数民族民间信仰.祭　仪
祭尚西,中国民间信仰.少数民族民间信仰.祭　仪
雅达干祭典,中国民间信仰.少数民族民间信仰.祭　仪
跳墨都,中国民间信仰.少数民族民间信仰.祭　仪
祭中柱,中国民间信仰.少数民族民间信仰.祭　仪
谢水节,中国民间信仰.少数民族民间信仰.祭　仪
竹木惹,中国民间信仰.少数民族民间信仰.祭　仪
鸦鸣卜,中国民间信仰.少数民族民间信仰.祭　仪
做鬼,中国民间信仰.少数民族民间信仰.祭　仪
钻牛皮饮血酒,中国民间信仰.少数民族民间信仰.祭　仪
祭财门,中国民间信仰.少数民族民间信仰.祭　仪
祭土皇,中国民间信仰.少数民族民间信仰.祭　仪
祭迷多,中国民间信仰.少数民族民间信仰.祭　仪
祭迷士,中国民间信仰.少数民族民间信仰.祭　仪
祭路神,中国民间信仰.少数民族民间信仰.祭　仪
祭龙,中国民间信仰.少数民族民间信仰.祭　仪
祭虫王,中国民间信仰.少数民族民间信仰.祭　仪
祭牛王马祖,中国民间信仰.少数民族民间信仰.祭　仪
竹崇拜,中国民间信仰.少数民族民间信仰.祭　仪
祭青苗太子,中国民间信仰.少数民族民间信仰.祭　仪
尼慈兹,中国民间信仰.少数民族民间信仰.祭　仪
作斋,中国民间信仰.少数民族民间信仰.祭　仪
作帛,中国民间信仰.少数民族民间信仰.祭　仪
卓尼书,中国民间信仰.少数民族民间信仰.祭　仪
撮毕,中国民间信仰.少数民族民间信仰.祭　仪
策勒自第,中国民间信仰.少数民族民间信仰.祭　仪
祭秋架,中国民间信仰.少数民族民间信仰.祭　仪
密支节,中国民间信仰.少数民族民间信仰.祭　仪
祭密支,中国民间信仰.少数民族民间信仰.祭　仪
该耶介,中国民间信仰.少数民族民间信仰.祭　仪
用畜来,中国民间信仰.少数民族民间信仰.祭　仪
开禾仓,中国民间信仰.少数民族民间信仰.祭　仪
拖舍歹,中国民间信仰.少数民族民间信仰.祭　仪
诺格利,中国民间信仰.少数民族民间信仰.祭　仪
剖果,中国民间信仰.少数民族民间信仰.祭　仪
祭老,中国民间信仰.少数民族民间信仰.祭　仪
竹卜,中国民间信仰.少数民族民间信仰.祭　仪
能纽,中国民间信仰.少数民族民间信仰.祭　仪
祭社,中国民间信仰.少数民族民间信仰.祭　仪
扫寨,中国民间信仰.少数民族民间信仰.祭　仪
上刀杆,中国民间信仰.少数民族民间信仰.祭　仪
上刀梯,中国民间信仰.少数民族民间信仰.祭　仪
牙南,中国民间信仰.少数民族民间信仰.祭　仪
祭能尚,中国民间信仰.少数民族民间信仰.祭　仪
纳破,中国民间信仰.少数民族民间信仰.祭　仪
木闹,中国民间信仰.少数民族民间信仰.祭　仪
送魂,中国民间信仰.少数民族民间信仰.祭　仪
崩冬,中国民间信仰.少数民族民间信仰.祭　仪
金再再,中国民间信仰.少数民族民间信仰.祭　仪
做水鬼,中国民间信仰.少数民族民间信仰.祭　仪
祭水鬼,中国民间信仰.少数民族民间信仰.祭　仪
惹岛,中国民间信仰.少数民族民间信仰.祭　仪
猎头血祭,中国民间信仰.少数民族民间信仰.祭　仪
砍牛尾巴,中国民间信仰.少数民族民间信仰.祭　仪
拉木鼓,中国民间信仰.少数民族民间信仰.祭　仪
猛本,中国民间信仰.少数民族民间信仰.祭　仪
美布,中国民间信仰.少数民族民间信仰.祭　仪
吾布,中国民间信仰.少数民族民间信仰.祭　仪
厘布,中国民间信仰.少数民族民间信仰.祭　仪
诺布,中国民间信仰.少数民族民间信仰.祭　仪
古部,中国民间信仰.少数民族民间信仰.祭　仪
羽布,中国民间信仰.少数民族民间信仰.祭　仪
津温布,中国民间信仰.少数民族民间信仰.祭　仪
吉本布,中国民间信仰.少数民族民间信仰.祭　仪
纳西葬仪,中国民间信仰.少数民族民间信仰.祭　仪
干古木,中国民间信仰.少数民族民间信仰.祭　仪
东巴舞,中国民间信仰.少数民族民间信仰.祭　仪
归西毕,中国民间信仰.少数民族民间信仰.祭　仪
祭房头,中国民间信仰.少数民族民间信仰.祭　仪
杀羊开路,中国民间信仰.少数民族民间信仰.祭　仪
祭竜,中国民间信仰.少数民族民间信仰.祭　仪
乖脱,中国民间信仰.少数民族民间信仰.祭　仪
祭寨神,中国民间信仰.少数民族民间信仰.祭　仪
祭谷魂,中国民间信仰.少数民族民间信仰.祭　仪
祭谷神,中国民间信仰.少数民族民间信仰.祭　仪
祭五谷大神,中国民间信仰.少数民族民间信仰.祭　仪
祭竹鼠,中国民间信仰.少数民族民间信仰.祭　仪
祭摩,中国民间信仰.少数民族民间信仰.祭　仪
驱风,中国民间信仰.少数民族民间信仰.祭　仪
竜,中国民间信仰.少数民族民间信仰.祭　仪
艾玛突,中国民间信仰.少数民族民间信仰.祭　仪
摩密罗,中国民间信仰.少数民族民间信仰.祭　仪
密叟罗,中国民间信仰.少数民族民间信仰.祭　仪
祭幡杆,中国民间信仰.少数民族民间信仰.祭　仪
祭寨神树,中国民间信仰.少数民族民间信仰.祭　仪
祭舍勐,中国民间信仰.少数民族民间信仰.祭　仪
谷魂节,中国民间信仰.少数民族民间信仰.祭　仪
祭谷娘,中国民间信仰.少数民族民间信仰.祭　仪
祭天,中国民间信仰.少数民族民间信仰.祭　仪
祭吉地,中国民间信仰.少数民族民间信仰.祭　仪
祭蛇神,中国民间信仰.少数民族民间信仰.祭　仪
祭蛇树,中国民间信仰.少数民族民间信仰.祭　仪
祭家堂,中国民间信仰.少数民族民间信仰.祭　仪
请龙,中国民间信仰.少数民族民间信仰.祭　仪
犊龙,中国民间信仰.少数民族民间信仰.祭　仪
访几,中国民间信仰.少数民族民间信仰.祭　仪
怀雨,中国民间信仰.少数民族民间信仰.祭　仪
祭桥,中国民间信仰.少数民族民间信仰.祭　仪
祭齐不朗,中国民间信仰.少数民族民间信仰.祭　仪
祭升火,中国民间信仰.少数民族民间信仰.祭　仪
祭五谷神,中国民间信仰.少数民族民间信仰.祭　仪
祭多启崖者,中国民间信仰.少数民族民间信仰.祭　仪
祭天牛,中国民间信仰.少数民族民间信仰.祭　仪
祭海神,中国民间信仰.少数民族民间信仰.祭　仪
姑奶奶祭,中国民间信仰.少数民族民间信仰.祭　仪
祭祖游神,中国民间信仰.少数民族民间信仰.祭　仪
绕三灵,中国民间信仰.少数民族民间信仰.祭　仪
烧包会,中国民间信仰.少数民族民间信仰.祭　仪
安色曼,中国民间信仰.少数民族民间信仰.祭　仪
祭社王,中国民间信仰.少数民族民间信仰.祭　仪
供照化,中国民间信仰.少数民族民间信仰.祭　仪
供阳沟神,中国民间信仰.少数民族民间信仰.祭　仪
撮基披,中国民间信仰.少数民族民间信仰.祭　仪
社公祭,中国民间信仰.少数民族民间信仰.祭　仪
灶王祭,中国民间信仰.少数民族民间信仰.祭　仪
祭萨,中国民间信仰.少数民族民间信仰.祭　仪
祭社王,中国民间信仰.少数民族民间信仰.祭　仪
祭谷,中国民间信仰.少数民族民间信仰.祭　仪
度戒,中国民间信仰.少数民族民间信仰.祭　仪
盘王节,中国民间信仰.少数民族民间信仰.祭　仪
跳盘王,中国民间信仰.少数民族民间信仰.祭　仪
还盘王愿,中国民间信仰.少数民族民间信仰.祭　仪
分龙节,中国民间信仰.少数民族民间信仰.祭　仪
米孙叭,中国民间信仰.少数民族民间信仰.祭　仪
请吃牛鬼,中国民间信仰.少数民族民间信仰.祭　仪
请祖牵牛,中国民间信仰.少数民族民间信仰.祭　仪
哈节,中国民间信仰.少数民族民间信仰.祭　仪
做十保,中国民间信仰.少数民族民间信仰.祭　仪
新年祭,中国民间信仰.少数民族民间信仰.祭　仪
密雅波,中国民间信仰.少数民族民间信仰.祭　仪
播种祭,中国民间信仰.少数民族民间信仰.祭　仪
船祭,中国民间信仰.少数民族民间信仰.祭　仪
矮灵祭,中国民间信仰.少数民族民间信仰.祭　仪
达爱祭,中国民间信仰.少数民族民间信仰.祭　仪
庙节,中国民间信仰.少数民族民间信仰.祭　仪
曼日寺,中国民间信仰.少数民族民间信仰.寺庙、圣山
雍仲林寺,中国民间信仰.少数民族民间信仰.寺庙、圣山
郎依寺,中国民间信仰.少数民族民间信仰.寺庙、圣山
多丹寺,中国民间信仰.少数民族民间信仰.寺庙、圣山
布达次崩,中国民间信仰.少数民族民间信仰.寺庙、圣山
布里塔庙,中国民间信仰.少数民族民间信仰.寺庙、圣山
南诏土主庙,中国民间信仰.少数民族民间信仰.寺庙、圣山
盘瓠庙,中国民间信仰.少数民族民间信仰.寺庙、圣山
辛女圣地,中国民间信仰.少数民族民间信仰.寺庙、圣山
能尚,中国民间信仰.少数民族民间信仰.寺庙、圣山
官庙,中国民间信仰.少数民族民间信仰.寺庙、圣山
司岗里,中国民间信仰.少数民族民间信仰.寺庙、圣山
居那什罗山,中国民间信仰.少数民族民间信仰.寺庙、圣山
白水台,中国民间信仰.少数民族民间信仰.寺庙、圣山
阿明什罗灵洞,中国民间信仰.少数民族民间信仰.寺庙、圣山
罐罐山,中国民间信仰.少数民族民间信仰.寺庙、圣山
扁担山,中国民间信仰.少数民族民间信仰.寺庙、圣山
神都,中国民间信仰.少数民族民间信仰.寺庙、圣山
塞,中国民间信仰.少数民族民间信仰.寺庙、圣山
敢壮山,中国民间信仰.少数民族民间信仰.寺庙、圣山
布洛陀庙,中国民间信仰.少数民族民间信仰.寺庙、圣山
向王庙,中国民间信仰.少数民族民间信仰.寺庙、圣山
三抚庙,中国民间信仰.少数民族民间信仰.寺庙、圣山
