subject,predicate,object
祭寨神林,社会学特征,家庭平均分配祭祀牺牲
祭寨神林,社会学特征,摆长街宴通宵达旦
祭寨神林,民族学特征,哈尼族传统文化
祭寨神林,民族学特征,太阳历法和物候历法
祭寨神林,民族学特征,创世迁徙史诗和叙事长诗
祭寨神林,民族学特征,音乐舞蹈
祭寨神林,民族学特征,体察天意、顺应自然以及追求天人和谐的世界观
祭寨神林,历史学特征,祖先迁徙的历史
祭寨神林,历史学特征,源远流长
祭寨神林,符号学特征,哈吧古歌
祭寨神林,符号学特征,棕扇舞
祭寨神林,符号学特征,铓鼓舞
祭寨神林,符号学特征,乐作舞
祭寨神林,美学特征,歌舞升平的景象
大理三月街,社会学特征,文化交流
大理三月街,民族学特征,白族民俗
大理三月街,民族学特征,民族服饰表演
大理三月街,民族学特征,民族器乐演奏
大理三月街,历史学特征,始于唐代永徽年间
大理三月街,历史学特征,由庙会演变而成
大理三月街,历史学特征,与佛教传播相关
大理三月街,符号学特征,张灯结彩
大理三月街,符号学特征,花山搭建
大理三月街,符号学特征,门前放置花木
大理三月街,美学特征,风花雪月自然风光融合
大理三月街,美学特征,娱乐的世界
大理三月街,美学特征,商贸的海洋
大理三月街,社会学特征,射弩活动
大理三月街,社会学特征,摔跤竞技
大理三月街,社会学特征,赛马活动
大理三月街,社会学特征,龙舟竞赛
大理三月街,社会学特征,民族歌舞比赛
大理三月街,民族学特征,珠宝玉器交易
大理三月街,民族学特征,电脑产品市场
大理三月街,符号学特征,地方民族食品一条街
石宝山歌会,民族学特征,白族传统节日
石宝山歌会,历史学特征,流传千年
石宝山歌会,美学特征,白族歌谣艺术
弹弦对调,社会学特征,群体社交活动
本主崇拜,民族学特征,中央本主信仰
阿吒力佛教法事,符号学特征,宗教仪式象征
石雕女阴阿央白,符号学特征,生殖崇拜符号
烧香拜佛,社会学特征,民俗宗教实践
即兴对歌,民族学特征,口头传承方式
创作天才,民族学特征,集体文化创造力
研究资料,历史学特征,人类学价值载体
歌谣诞生地,历史学特征,文化起源标识
通海高台,民族学特征,军屯移民带来的粤闽文化融合
通海高台,历史学特征,清乾隆年间起源于七街镇
通海高台,符号学特征,不露筋骨的铁杆支撑技艺
通海高台,美学特征,顺乎自然天衣无缝的造型艺术
迎高台活动,社会学特征,农历正月十六日集体巡游仪式
高台会组织,历史学特征,清嘉庆道光年间多城镇相继成立
流动舞台设计,符号学特征,一台一戏的戏曲叙事结构
儿童演员选拔,民族学特征,四至五岁孩童扮装传统角色
民俗配套表演,社会学特征,毛驴灯与龙灯协同展演
吹打乐伴奏,美学特征,音乐与视觉艺术的动态平衡
高台制作工艺,历史学特征,《高台会碑》记载传承谱系
闰年规制,符号学特征,十二/十三台的数字象征体系
抬阁飘色渊源,民族学特征,跨省区的文化传播路径
戏曲故事表现,美学特征,微型化的舞台空间美学
浇花节,流行地区,云南省德宏傣族景颇族自治州
浇花节,时间起点,清明节后第七天
浇花节,持续时间,三天
浇花节,主要活动场所,本寨的奘房
浇花节,使用的乐器,象脚鼓
浇花节,舞蹈形式,堆沙舞
浇花节,宗教行为,为佛像冲浴
浇花节,祈愿内容,来年风调雨顺
浇花节,食物供奉方式,摆到佛像前的供盘中
浇花节,集体行动路线,排成长队以象脚鼓队为前导翻山越岭来到井旁或泉边取水
浇花节,取水仪式环节,举行取水供物仪式
浇花节,青年社交活动,传烟、对歌、赛舞等文艺表演
浇花节,文化涉及方面,宗教礼仪
浇花节,文化涉及方面,民间歌舞
浇花节,文化涉及方面,婚姻习俗
浇花节,文化涉及方面,传统饮食
昌宁苗族服饰,制作工艺,手摇机纺线+土布机织造
昌宁苗族服饰,图案创作主体,苗族妇女
昌宁苗族服饰,结构组成,十八一件套
昌宁苗族服饰,色彩特征,红/黄/橙/白为主色调
昌宁苗族服饰,工艺特色,刺绣技法
昌宁苗族服饰,关联文学形式,《种麻纺织调》
昌宁苗族服饰,关联文学形式,《纺织调》
昌宁苗族服饰,关联文学形式,《刺绣调》
昌宁苗族服饰,历史研究价值,追溯苗族历史发展进程
昌宁苗族服饰,反映内容,苗族审美意识
昌宁苗族服饰,社会学特征,民族传统手工艺传承
昌宁苗族服饰,民族学特征,苗族文化符号体系
昌宁苗族服饰,历史学特征,服饰演变见证史
昌宁苗族服饰,符号学特征,图案象征系统
昌宁苗族服饰,美学特征,大胆用色风格
绕三灵,社会学特征,强化文化认同感
绕三灵,社会学特征,增强白族凝聚力
绕三灵,民族学特征,本主崇拜仪式
绕三灵,民族学特征,插花戴朵服饰习俗
绕三灵,历史学特征,传承历史久远
绕三灵,历史学特征,一千多年历史
绕三灵,符号学特征,柳树枝与牛尾象征物
绕三灵,符号学特征,霸王鞭/金钱鼓法器
绕三灵,符号学特征,扇子舞/草帽道具
绕三灵,美学特征,一字长蛇阵队列形式
绕三灵,美学特征,载歌载舞动态艺术
绕三灵,美学特征,苍山洱海自然背景
绕三灵,符号学特征,三塔崇圣寺朝拜路径
绕三灵,符号学特征,南北朝拜空间结构
绕三灵,历史学特征,唐代三塔关联性
绕三灵,民族学特征,农忙节令时间选择
绕三灵,社会学特征,跨村庄集体参与
傈僳族刀杆节,民族学特征,自然崇拜的产物
傈僳族刀杆节,民族学特征,爱国主义精神和不畏艰险的民族精神的体现
傈僳族刀杆节,历史学特征,纪念明代兵部尚书王骥
傈僳族刀杆节,符号学特征,“阿堂得”意为爬刀节
上刀山,美学特征,表演者赤脚踏着锋利的钢刀逐级爬至刀杆顶端
下火海,美学特征,表演者踏入通红炽热的炭火中表演绝技
开天门、挂红、撒谷,符号学特征,上刀杆顶端依次进行的表演
傈僳族刀杆节,社会学特征,具有了更广泛的群众性
怒族仙女节,流传地区,云南省怒江傈僳族自治州贡山独龙族怒族自治县丙中洛乡
怒族仙女节,举行时间,每年农历三月十五日
怒族仙女节,持续时间,三天
怒族仙女节,活动类别,体育竞技
怒族仙女节起源说法一,源于,原始崇拜
怒族仙女节起源说法二,是,怒族早期母系氏族尊崇女性的遗俗
怒族信仰对象,包括,仙女
怒族信仰目的,为,祈求安泰
纪念对象,是,传说中的仙女阿茸姑娘
形成习俗时间点,在,阿茸姑娘死后的第二年农历三月十五
仪式环节,包括,主祭人念祝辞
仪式环节,包括,大家口头献贡
现代演变趋势,表现为,祭祀仪式渐渐淡化
现代主要活动内容,变为,歌舞求福和体育竞技
社会基础特征,体现,原始宗教意识
社会基础特征,包含,自然崇拜
社会基础特征,包含,生殖崇拜
文化影响因素,受,藏传佛教文化影响
文化价值,在于,对怒族传统文化传承有重要价值
传承状态,曾因外界冲击,一度中断
恢复时间节点,始于,十一届三中全会以后
卡雀哇节,社会学特征,剽牛仪式
卡雀哇节,民族学特征,跳锅庄舞蹈
卡雀哇节,民族学特征,火塘烧松叶求吉祥习俗
卡雀哇节,历史学特征,历法起源及变迁历史研究载体
卡雀哇节,符号学特征,木罗酒饮用仪式
卡雀哇节,符号学特征,射击猎物模型象征活动
卡雀哇节,美学特征,节庆时间跨度设计
卡雀哇节,美学特征,上下游村寨次第过节的空间序列美
卡雀哇节,社会学特征,社会组织机制研究样本
卡雀哇节,历史学特征,无文字族群文化保存实例
卡雀哇节,符号学特征,自然敬畏理念表达符号
卡雀哇节,美学特征,独龙江流域整体庆典景观
目瑙纵歌,流传地区,云南省德宏傣族景颇族自治州
目瑙纵歌,民族归属,景颇族
目瑙纵歌,产生年代,原始社会时期
目瑙纵歌,主要活动,跳目瑙纵歌舞
舞场中心木柱,功能,祭祀太阳和指示舞蹈路线
柱侧刀矛,象征意义,人民强悍刚毅的性格
柱档两端木雕,造型内容,犀鸟、孔雀
活竹高竿,寓意,生命常青
横匾图案,描绘对象,喜马拉雅山
目瑙节,现代性质,欢庆丰收的歌舞娱乐民俗节日
目瑙纵歌,表现形式分类,苏目瑙/巴当目瑙/定栓目瑙/结如目瑙等十几种
舞蹈动作特征,韵律特点,顿步摆肩
参与规模,范围描述,方圆百十里上万人
社会作用,功能体现,加强民族关系、增强民族团结
法定地位,确立机构,德宏州人大常委会
法定日期,时间规定,每年正月十五、十六日
跨境分布,居住区域,缅甸北部、印度北部
国内代表地区,典型区域,陇川县
文化价值,研究领域,景颇族历史文化研究
彝族火把节,举行时间,农历六月二十四日
赫章县,人口最多少数民族,彝族
彝族火把节,当地彝语名称,朵扔吉
彝族火把节,文化功能,增强本民族凝聚力
彝族火把节,社会作用,增进民族团结
彝族火把节,研究领域,民族学
彝族火把节,研究领域,天文学
彝族火把节,流行范围,彝族聚居村寨
朵扔吉,对应节日,火把节
德宏泼水节,民族学特征,傣族/德昂族/阿昌族共同参与
德宏泼水节,历史学特征,近千年的历史
德宏泼水节,符号学特征,浴佛仪式
德宏泼水节,符号学特征,燃放孔明灯
德宏泼水节,符号学特征,飘水灯
德宏泼水节,符号学特征,放高升
德宏泼水节,美学特征,歌舞活动
德宏泼水节,美学特征,武术表演
德宏泼水节,美学特征,男女丢包抛绣球
德宏泼水节,民族学特征,南传佛教宗教仪式与傣族传统礼仪结合
德宏泼水节,历史学特征,稻作文明基础
德宏泼水节,社会学特征,物质和精神文明传承载体
德宏泼水节,民族学特征,呈现傣族传统文化显著特点
傣医药,核心理论,四塔
傣医药,核心理论,五蕴
傣医药,核心理论,和解药理论
睡药疗法,类型,冷睡
睡药疗法,类型,热睡
傣族人口,主要分布地区,德宏傣族景颇族自治州
傣医四塔、五蕴学说,关联宗教,佛教教义
睡药疗法,符合,傣医理论
睡药疗法,符合,群众习俗
傣医药药物来源,特点,就地取材
傣医药资源特点,优势,资源丰富
睡药疗法,具有价值,广泛应用推广价值
彝医药,分布地区,四川凉山
彝医学,理论基础,天地元气分为清浊二气
人体,清气运行路径,络胸、腹、五脏
人体,六气作用方式,上下贯通制衡内外邪毒
水膏药疗法,治疗功效,清热解毒
水膏药疗法,使用水源,井水或冰水、雪水
水膏药疗法,调和介质,草药
水膏药疗法,敷用部位,患处
水膏药疗法,适用症状,疖肿疮毒尚未破溃
水膏药疗法,调制方法,切碎捣烂加井水或冰水、雪水调成糊状
水膏药疗法,外敷材料,纱布包住
水膏药疗法,更换频率,每天一次
所用草药,包括种类,地胆
所用草药,包括种类,迎春花
所用草药,包括种类,野菊花
水性透凉特性,治疗作用,清热
水性透凉特性,治疗作用,解毒
水性透凉特性,治疗作用,消肿
水性透凉特性,治疗作用,镇痛
彝族地区气候特征,环境特点,湿热
彝族地区疾病谱系,常见病症,瘴疠疫气
彝族地区疾病谱系,常见病症,毒疖肿痈疽
迪庆藏医骨伤疗法,基于,传统藏医创伤学理论
迪庆藏医骨伤疗法,构成步骤,整复
迪庆藏医骨伤疗法,构成步骤,外敷药加夹板或牵引固定
迪庆藏医骨伤疗法,构成步骤,功能锻炼
骨折初期,使用外敷药,伤科一号
伤科一号,成分包括,冰片
伤科一号,成分包括,红花
伤科一号,成分包括,雪山一枝蒿
骨折初期,内服藏药,桑琼丸
骨折初期,内服藏药,十味乳香丸
骨折初期,内服藏药,十八味杜鹃花丸
伤科二号,成分包括,铁箍散
伤科二号,成分包括,红花
伤科二号,成分包括,骨碎补
伤科二号,成分包括,当归
伤科二号,成分包括,榛皮
中期,内服藏药,接骨消炎丸
中期,内服藏药,八味榛皮丸
中期,内服藏药,达尔强散
后期,内服药丸,石榴日轮丸
后期,内服药丸,巴桑母酥油丸
云南藏族,主要分布地区,迪庆州
迪庆藏医药,应用人群以...为主,藏族群众
迪庆藏医骨伤疗法,交流交叉为用对象,傈僳族
迪庆藏医骨伤疗法,交流交叉为用对象,白族
迪庆藏医骨伤疗法,特点,疗效好
迪庆藏医骨伤疗法,特点,取材便宜
迪庆藏医骨伤疗法,受信任群体,周边人民群众
乌铜走银制作技艺,发源地,云南省石屏县岳家湾村
岳永兄弟,家族渊源,抗金名将岳飞后裔
乌铜走银制作技艺,经营方式,岳氏独家经营
乌铜走银,历史地位,与北京景泰蓝齐名并称天下铜艺双绝
乌铜走银,原料组成,铜、金等贵金属
乌铜走银,工艺步骤,熔化后做成坯
乌铜走银,工艺步骤,在坯上雕刻花纹图案
乌铜走银,工艺步骤,将熔化的银金走入细密花纹图案中
乌铜走银,工艺步骤,冷却后打磨光滑
乌铜走银,祖传工艺效果,使底铜变成乌黑色透出银金纹图案
乌铜走银,装饰特征,黑白黄分明
乌铜走银,命名原因,多以镶嵌白银为主
乌铜走银制品,常见类型,墨盒、笔筒、酒壶、香炉、花瓶等日常用具
乌铜走银制品,造型特点,奇巧
乌铜走银制品,制作水平,精细
乌铜走银制品,收藏属性,具有收藏价值
乌铜走银制作技艺,涉及传统技艺,冶金、錾刻、绘画
乌铜走银制作技艺,文化价值维度,历史、科学和文化艺术价值
乌铜走银制作技艺,传承模式,家庭内部传承为主
乌铜走银制作技艺,生产方式,全手工操作
乌铜走银制作技艺,濒危原因,制品价格高
乌铜走银制作技艺,现状评估,后继乏人
宣威火腿,齐名对象,浙江金华火腿
宣威火腿,别称,云腿
宣威火腿,产生时间,明末
宣威火腿,成名时间,清雍正五年
宣威火腿,获奖事件,广州名特食品会优质奖章
宣威火腿,生产模式演变,专业化、规模化、系列化生产
宣威火腿,品质基础,色香味美营养丰富风味独特
《宣威县志稿》,记载内容,“宣腿著名天下气候使然”
宣威火腿,核心秘密,自然环境、气候条件和制作工艺
宣威火腿,形态特征,形似琵琶
宣威火腿,结构特点,只大骨小皮薄肉厚肥瘦适中
宣威火腿,断面特征,香气浓郁色泽鲜艳
宣威火腿,肥肉颜色,乳白色
宣威火腿,骨头特征,略显桃红似血气尚在滋润
下关沱茶,民族归属,白族人民
云南下关,气候特征,空气湿润四季温和日照时间长
沱茶早期形式,文献记载,《滇略》
永昌祥商帮,开创时间,年大理喜洲时期
永昌祥商帮,业务类型,茶叶精制加工
沱茶工艺,产品类型,紧茶和饼茶
沱茶运输路线,贸易通道,茶马古道
沱茶生产技艺,操作方式,手工操作
沱茶工艺,技术属性,具有地区特征的技术知识
唐代,销售范围,内地和西藏
明代,消费盛况,士庶所有皆普洱茶
清代,贡品身份,朝廷增设官茶局专司茶事
宁洱哈尼族彝族自治县,产地,云南普洱茶
勐海县,旧称,佛海
佛海,称号属性,世界茶树发源地之一
范和钧,创建机构,勐海茶厂
勐海茶厂,生产品牌,大益牌普洱茶
大益牌普洱茶,品牌荣誉,中国名牌农产品
大益茶制作技艺,关键要素,拼配
大益茶制作技艺,关键要素,发酵
拼配,定义描述,根据茶叶品种特点进行有效合理组合取长补短
大益茶制作技艺,贡献领域,普洱茶生产发展
明代,市场状况,士庶所有皆普洱茶
清代,贡品地位,被列为贡品
清代,管理机构,官茶局
云南普洱茶,主要产地,勐海县
宁洱县普洱茶制作技艺,别称,贡茶制作技艺
贡茶制作技艺,形成基础,千百年实践经验积累
茶叶采摘前,仪式活动,祭礼/向茶神行敬献仪式
制茶者,原料选择方式,手摘
原料处理阶段,加工工艺,杀青揉晒
鲜叶加工目标产品,名称,晒青茶
蒸压成型工序,包含步骤,蒸、揉、压、定型、干燥、包装
普洱贡茶,文化属性,中华茶文化重要组成部分
普洱贡茶传统制作技艺,现代应用价值,工艺研发基础
普洱贡茶,研究学科领域,历史文化
普洱贡茶,研究学科领域,民族学
普洱贡茶,研究学科领域,民俗学
普洱贡茶,研究学科领域,科技史
普洱贡茶,符合现代趋势,健康文化消费
贝叶经,民族学特征,是傣族传统文化的重要载体
贝叶经,历史学特征,最早起源于古代印度公元世纪前后传入斯里兰卡复经缅甸、泰国传入我国云南省西南边疆地区
贝叶经,美学特征,具有多种规格包括每页四行式、五行式、六行式和八行式四种
傣文贝叶经,社会学特征,被傣族人民视为传世之宝并誉之为运载傣族历史文化的神舟
贝叶经,社会学特征,西双版纳的许多佛寺和普通百姓家都虔敬地加以珍藏
贝叶经,民族学特征,除傣文外还有用老挝文、缅甸文、泰国文刻写的版本
贝叶经,历史学特征,现在发现有遗存的国家包括中国、印度、泰国、缅甸、老挝、斯里兰卡等国
傣族象脚鼓制作技艺,历史时长,五百多年
傣族象脚鼓制作技艺,代表性人物,俸传诗
傣族象脚鼓,形状象征,白象腿
傣族象脚鼓,文化意义,图腾崇拜
傣族象脚鼓,使用场合,泼水节
傣族象脚鼓,使用场合,关门节
傣族象脚鼓,使用场合,千灯节
傣族象脚鼓,使用场合,开门节
傣族象脚鼓,使用场合,立幡杆节
傣族象脚鼓,文化功能,文化传承载体
傣族象脚鼓制作技艺,关联国家,缅甸
临翔区傣族象脚鼓,特色类型,中小型
临翔区傣族象脚鼓,设计特点,轻便型
临翔区傣族象脚鼓,地域特征,实用型
傣族象脚鼓制作技艺,影响范围,中缅边境地区
傣族象脚鼓,美学特征,真善美追求
傣族象脚鼓,哲学理念,人与自然和谐发展
秦汉时期,朱提/堂琅,生产朱提洗/堂琅洗
明代,云南铜器匠师,采用冷锻成型方法
斑铜矿石产地,东川附近,天然资源利用
斑铜成分,铜掺杂金/银,形成特殊辉斑
斑铜颜色类别,深蓝/紫金/赤红,包含金黄色最耀眼
斑铜工艺特点,表面抛光后,古铜色底子显斑彩效果
斑铜制品独特性,各器物斑影,无一雷同
斑铜技艺属性,云南传统手工艺,历史与文化价值
保护发展意义,展现民族文化创造力,重要意义体现
傣族织锦,民族学特征,傣族传统手工艺最早期的重要品种
傣族织锦,历史学特征,傣族先民劳动的产物
傣族织锦,符号学特征,高洁的荷花
傣族织锦,符号学特征,吉祥的孔雀
傣族织锦,符号学特征,庄重的大象
傣族织锦,符号学特征,威严的麒麟和龙凤
傣族织锦,符号学特征,佛塔
傣族织锦,美学特征,白底衬托单一独立的图案
傣族织锦,美学特征,多次重复的连续图案
傣族织锦,美学特征,剪影式的侧面造型
傣族织锦,美学特征,形象生动、轮廓鲜明
傣族织锦,美学特征,对称性
傣族织锦,美学特征,对比性
傣族织锦,美学特征,连续性
傣族织锦,美学特征,疏密结合
傣族织锦,美学特征,具象和抽象结合
傣族织锦,美学特征,含蓄又明朗
傣族织锦,美学特征,想像丰富
傣族织锦,美学特征,构思巧妙
傣族织锦,美学特征,手法独特
藏族黑陶烧制技艺,主要分布于,云南省迪庆藏族自治州香格里拉县尼西乡汤堆村
藏族黑陶烧制技艺,主要分布于,四川省稻城县赤土乡阿西村
藏族黑陶烧制技艺,主要分布于,青海省玉树地区囊谦县
汤堆村村民,拥有,烧制黑陶的传统手工艺
汤堆村藏族黑陶烧制工艺,采用原料,白色和红色陶土加风化沙石研磨而成的石粉
汤堆村藏族黑陶烧制工艺,包括步骤,练土
汤堆村藏族黑陶烧制工艺,包括步骤,制坯
汤堆村藏族黑陶烧制工艺,包括步骤,镶瓷
汤堆村藏族黑陶烧制工艺,包括步骤,磨光
汤堆村藏族黑陶烧制工艺,包括步骤,装饰
汤堆村藏族黑陶烧制工艺,包括步骤,阴干
汤堆村藏族黑陶烧制工艺,包括步骤,渗炭
汤堆村藏族黑陶烧制工艺,包括步骤,防裂
汤堆村制作陶坯方法,是,泥条盘筑法
汤堆村藏族黑陶手工艺产品,分为类别,日常生活用品
阿西村黑陶原料,由...组成,当地泥土加其他两种泥土混合
阿西村黑陶成型方式,采用,捏、捶、敲、打等手工技艺
阿西村黑陶装饰材料,使用,碎瓷片
阿西村烧制黑陶燃料,使用,松柴
囊谦藏族黑陶技艺起源,相传来自,唐代文成公主进藏和亲途经玉树地区时流传
囊谦藏族黑陶制作工艺,包括步骤,手工捣碎
囊谦藏族黑陶制作工艺,包括步骤,拉坯
囊谦藏族黑陶制作工艺,包括步骤,晾晒
囊谦藏族黑陶制作工艺,包括步骤,修整
囊谦藏族黑陶制作工艺,包括步骤,压光
囊谦藏族黑陶制作工艺,包括步骤,绘制
囊谦藏族黑陶烧制方法,采用,封罐熏烟渗碳法
囊谦藏族黑陶制品类型,包括,壶
囊谦藏族黑陶制品类型,包括,香炉
囊谦藏族黑陶制品类型,包括,宗教用品
囊谦藏族黑陶烧制技艺,具有价值,藏文化发展史研究方面的学术价值
囊谦藏族黑陶烧制技艺,具有价值,藏汉文化交流史研究方面的学术价值
囊谦藏族黑陶烧制技艺,体现特征,社会学特征
囊谦藏族黑陶烧制技艺,体现特征,民族学特征
囊谦藏族黑陶烧制技艺,体现特征,历史学特征
囊谦藏族黑陶烧制技艺,体现特征,符号学特征
囊谦藏族黑陶烧制技艺,体现特征,美学特征
碗窑村,所属地区,建水县
碗窑村,产业特色,烧制建水紫陶
碗窑村,从业人口规模,近三千人
建水陶器烧制技艺,起始时间,清代道光年间
碗窑村,早期制陶历史,宋元时代烧制一般陶器
元代龙窑,考古证据,陶器残片
建水陶土,颜色特征,紫色
建水紫陶,别称来源,所用陶土呈紫色
建水陶器,材料安全性,无铅无毒
建水陶器,物理特性,良好透气性能
建水陶器,音响特征,叩之清脆如磬
建水陶器装饰题材,主要内容,传统中国书法绘画
建水陶器风格,美学评价,古朴高雅文气盎然
白地东巴纸,社会学特征,家庭作坊进行生产
白地东巴纸,社会学特征,不外传
白地东巴纸,民族学特征,纳西族
白地东巴纸,民族学特征,东巴文化发祥地
白地东巴纸,历史学特征,中国造纸术与印巴次大陆造纸法兼容并蓄
白地东巴纸,符号学特征,写经用纸
白地东巴纸,美学特征,不易遭虫蛀可长期保存
白地东巴纸,原料,瑞香科丽江荛花
白地东巴纸,制作工序,采集原料
白地东巴纸,制作工序,晒干
白地东巴纸,制作工序,蒸煮
白地东巴纸,制作工序,洗涤
白地东巴纸,制作工序,舂料
白地东巴纸,制作工序,再舂料
白地东巴纸,制作工序,浇纸
白地东巴纸,制作工序,贴纸
白地东巴纸,制作工序,晒纸
白地东巴纸,工具,纸帘
白地东巴纸,工具,木框
白地东巴纸,工具,晒纸木板
白地东巴纸,工具,木臼
白地东巴纸,文化贡献,弘扬东巴文化
白地东巴纸,研究价值,研究我国手工造纸的难得实例
白地东巴纸,濒危状况,随时都有消亡的可能
白地东巴纸,保护需求,急需抢救和保护
芦笙,用途,民间娱乐
芦笙,地位,圣器
民间信仰,认为,芦笙带来风调雨顺
民间信仰,认为,芦笙使五谷丰登
民间信仰,认为,芦笙与神灵沟通
民间信仰,认为,芦笙与先祖交流
《楚辞》,记载,芦笙
《黔书》,记载,芦笙
贵州省凯里市舟溪镇新光村,居住着,潘姓苗族居民
新光村,有,芦笙工匠
新光家谱,记载,十九代定居
新光家谱,记载,五百多年历史
工匠们,使用工具,简单工具
工匠们,使用材料,本地竹木
工匠们,使用材料,响铜
新光村,被称为,芦笙村
新光村,是,国内唯一制作特大芦笙的地方
贵州省文化厅,命名为,芦笙制作艺术之乡
凯里新光芦笙,类型,六管芦笙
凯里新光芦笙,沿用音阶,中国传统五声音阶
响铜簧片,发音方式,气鸣发音
音准高低,确定依据,工匠辨音能力
每组芦笙合奏,符合原理,和声学原理
制作技艺,传承方式,父传子
学习者,积累经验方式,实践中靠悟性和感觉
芦笙,属性,精美工艺品
大理白族自治州大理市周城村,保留传统技艺,扎染
巍山彝族回族自治县的大仓、庙街等地,保留传统技艺,扎染
周城白族,被命名,民族扎染之乡
东汉时期,大理地区有,染织之法
唐贞元十六年,南诏舞队所着舞衣裙襦使用工艺,扎染
明朝,名噪一时的畅销产品,洱海卫红布
清代,名噪一时的畅销产品,喜洲布
清代,名噪一时的畅销产品,大理布
近代以来,周城成为,手工织染村
扎染,原料,棉白布或棉麻混纺白布
扎染,染料,植物蓝靛/板兰根
扎染主要步骤,包括,画刷图案
扎染主要步骤,包括,浸泡
扎染主要步骤,包括,染布
扎染主要步骤,包括,蒸煮
扎染主要步骤,包括,晒干
扎染主要步骤,包括,拆线
扎染主要步骤,包括,碾布
扎染技术关键,是,绞扎手法和染色技艺
扎染主要工具,包括,染缸
扎染主要工具,包括,染棒
扎染主要工具,包括,石碾
白族扎染品种,特征,多样
白族扎染图案,多为,自然形的小纹样
白族扎染图案分布,特点,均匀
白族扎染题材,寓意,吉祥
白族扎染,具有,美学价值
大理白族扎染,显示风格,浓郁的民间艺术风格
一千多种纹样,是,白族历史文化的缩影
大理白族扎染,折射出,民情风俗与审美情趣
大理白族织染文化,构成要素,各种工艺手段
产业化趋势,导致结果,部分传统扎染技艺走向消亡
产业化趋势,导致结果,原有的民间特色开始退化
当前问题,包括,污染问题日益突出
当前问题,包括,植物染料板兰根供不应求
白族扎染技艺传承,受到困扰因素,上述问题
傣族制陶技艺,民族学特征,慢轮手工制作
傣族制陶技艺,历史学特征,长达四千余年的制陶史
傣族制陶技艺,符号学特征,器物表面用有纹的木拍拍打出印纹
傣族制陶技艺,美学特征,与南方新石器遗址出土的印纹陶器相一致
傣族制陶技艺,用料讲究,泥土加砂石料改善成型性能
傣族制陶技艺,焙烧方式特点,包括露天焙烧和封闭半焙烧等多种方法
傣族制陶技艺,成坯方法多样化,无转轮制坯、脚趾拨动慢轮、手拨动转轮等方式
傣族制陶技艺,用途分类,生活用具、建材、赕佛用具等种类
傣族制陶技艺,历史文献记载,《百夷传》称“惟陶冶之器是用”
傣族制陶技艺,学术评价,被国内外考古学家认为是中国原始陶艺的代表及解开新石器时代烧陶之谜的钥匙
傣族制陶技艺,现状危机,原始制陶术处于即将消亡的状态亟待拯救和保护
傣族制陶技艺,经济效益问题,制作效益不理想导致从业者减少
傣族制陶技艺,传承范围缩小,仅少数村寨几户人家仍会制作陶器
傣族制陶技艺,文化象征意义,“板磨”在傣语中俗称土锅
白族民居彩绘,民族学特征,大理白族文化
白族民居彩绘,符号学特征,香草纹、如意云纹、回纹
白族民居彩绘,美学特征,风格朴素而不失庄重
白族民居彩绘,美学特征,雕画结合
白族民居彩绘,美学特征,泥作斗拱与浮雕
白族民居彩绘,美学特征,黑、白、灰主色调突出素白主体色
白族民居彩绘,民族学特征,白族与汉族文化交流印证
彝族撒尼刺绣,流行地区,云南省石林彝族自治县
彝族撒尼刺绣,起源时期,唐宋时期
彝族撒尼刺绣,使用群体,撒尼妇女
彝族撒尼刺绣,传承方式,世代传承
彝族撒尼刺绣,应用领域,日常生活用品
彝族撒尼刺绣,工艺手法,斜十字针
彝族撒尼刺绣,具体技法,单挑/双面挑/素色挑/彩色挑
彝族撒尼刺绣,制品类型,背包/桌布/窗帘/花包头/花围腰/服饰花边
彝族撒尼刺绣,工艺特点,针脚细密
彝族撒尼刺绣,工艺特点,组织匀称
彝族撒尼刺绣,色彩特征,色彩明丽
彝族撒尼刺绣,文化象征,民族风格
彝族撒尼刺绣,文化象征,地方特色
彝族撒尼刺绣,符号功能,图案构思巧妙
彝族撒尼刺绣,艺术价值,聪明才智体现
彝族撒尼刺绣,艺术价值,艺术创造力展现
剑川木雕,历史发展,宋代
剑川木雕,文献记载,《滇南新语》
剑川木雕,作者群体,剑民
剑川木雕,现代应用,首都人民大会堂
剑川木雕,现代应用,民族文化宫
剑川木雕,产品门类,嵌石木雕家具
剑川木雕,产品门类,工艺挂屏和座屏系列
剑川木雕,产品门类,格子门系列
剑川木雕,产品门类,古建筑及室内装饰装修
剑川木雕,产品门类,旅游工艺品小件
剑川木雕,产品门类,现代家具
剑川木雕,艺术风格融合,粗犷豪放
剑川木雕,艺术风格融合,细腻精巧
剑川木雕,文化价值,艺术价值
剑川木雕,文化价值,观赏价值
剑川木雕,文化价值,珍藏价值
剑川木雕,文化价值,实用价值
剑川木雕,民俗活动,八月初八木匠祖师鲁班会
剑川木雕,民间文学载体,木匠故事
剑川木雕,民间文学载体,木匠歌谣
剑川木雕,民间文学载体,叙事长诗
剑川木雕,民族归属,白族
剑川木雕,工艺特征,社会学特征
剑川木雕,工艺特征,民族学特征
剑川木雕,工艺特征,符号学特征
剑川木雕,工艺特征,美学特征
傣族剪纸,社会学特征,赕佛活动
傣族剪纸,社会学特征,丧葬习俗
傣族剪纸,社会学特征,喜庆装饰
傣族剪纸,社会学特征,居家装饰
傣族剪纸,民族学特征,南部上座部佛教信仰
傣族剪纸,民族学特征,边疆风物特产表现
傣族剪纸,历史学特征,受佛教文化影响
傣族剪纸,历史学特征,受中原文化影响
傣族剪纸,符号学特征,龙凤图案
傣族剪纸,符号学特征,孔雀形象
傣族剪纸,符号学特征,大象造型
傣族剪纸,符号学特征,狮子纹样
傣族剪纸,符号学特征,麒麟图腾
傣族剪纸,符号学特征,马鹿形态
傣族剪纸,符号学特征,骏马奔腾
傣族剪纸,符号学特征,游鱼动态
傣族剪纸,符号学特征,糯粘花植物
傣族剪纸,符号学特征,玫瑰花饰
傣族剪纸,符号学特征,菊花元素
傣族剪纸,符号学特征,茶花造型
傣族剪纸,符号学特征,杜鹃花卉
傣族剪纸,符号学特征,亭台楼阁建筑
傣族剪纸,美学特征,粗犷有力风格
傣族剪纸,美学特征,朴实无华特质
傣族剪纸,美学特征,整齐匀称构图
傣族剪纸,美学特征,生动形象表现
傣族剪纸,工具特性,尖利仄薄剪刀
傣族剪纸,工具特性,稳钻灵活凿子
傣族剪纸,制作方法,剪无需稿样
傣族剪纸,制作方法,凿需稿样
傣族剪纸,制品类型,扎董
傣族剪纸,制品类型,佛幡
傣族剪纸,制品类型,挂灯
傣族剪纸,制品类型,板状装饰
傣族剪纸,应用场景,佛殿门窗装饰
傣族剪纸,应用场景,佛伞纹饰
傣族剪纸,应用场景,演出道具
傣族剪纸,应用场景,节日彩棚
傣族剪纸,传承现状,艺人收入低微
傣族剪纸,传承现状,青年从业意愿弱
傣族剪纸,保护地位,国家级非物质文化遗产
傣族剪纸,代表性传承人,思华章
东巴画,主要描绘内容,纳西族民间信奉中的神灵、传说中的祖先及动物等
东巴画,表现形式,经卷图画
东巴画,表现形式,木牌画
东巴画,表现形式,纸牌画
东巴画,表现形式,卷轴画
经卷图画,包括元素,东巴图画文字
经卷图画,包括元素,封面装帧画
经卷图画,包括元素,经书扉页
经卷图画,包括元素,题图
木牌画,用途,插地祭祀活动
纸牌画,载体材料,自制的土纸
纸牌画,类型一,绘制的神像或竖于神坛供人祭拜或戴在祭司头顶
纸牌画,类型二,绘画谱典或用作绘画者的规范或用作绘画传承时的教本
卷轴画,绘制基底,麻布或土布
卷轴画,绘画内容,纳西族信奉的神祗
卷轴画,借鉴技法来源,藏、汉等民族的绘画技法
卷轴画,吸收文化元素,佛、道文化元素
卷轴画,吸取艺术特点,元、明以来藏族唐卡造像艺术的特点
《神路图》,所属类别,卷轴画
《神路图》,长度特征,全长十几米
《神路图》,组成方式,由一百多幅分格连环画组成直幅长卷
《神路图》,描绘数量,三百六十多个人物及动物形象
《神路图》,反映观念,纳西族灵魂不灭的生命意识和完善人生的伦理观念
东巴绘画,使用材料,木片、东巴纸、麻布等
东巴绘画,勾画工具,自制的竹笔蘸松烟墨
东巴绘画,色彩特性,绚丽多彩历经数百年而不褪色
东巴绘画,形象特征,具有强烈的原始意味
东巴绘画,表现手法,以线条表现为主并不注重事物外部的形体比例
东巴绘画,文字结合特征,亦字亦画保留了浓郁的象形文字书写特征
东巴绘画,研究价值,是研究人类原始绘画艺术的活化石
云南省,群众基础广泛地区,石林县和元谋县
元谋县小凉山乡彝族摔跤,彝语名称,格
格,含义,力量与技术
彝族摔跤,体现精神,勇敢坚强和不屈不挠
彝族,文化观念关联,自古尚武
火把节和其他喜庆节日,活动内容,开展摔跤比赛
摔跤赛目的之一,祈求,风调雨顺五谷丰登
摔跤赛目的之二,增强,团结
摔跤赛目的之三,增加,节日喜庆气氛
摔跤赛目的之四,培养,勇敢精神
石林县人民政府,举办赛事起始时间,世纪年代起
石林县,建立机构,石林业余少年体校
石林县,建立机构类型,训练点和训练网点
石林县培养的人才,贡献领域,云南省摔跤运动持续发展
章哈,民族学特征,流传于云南省南部边陲的西双版纳傣族自治州及思茅市江城、孟连、景谷等地傣族村寨
章哈,民族学特征,与傣族毗邻而居的布朗族中也有传唱
章哈,历史学特征,保存了诸多傣族最原始古老的歌谣、神话和传说
章哈,历史学特征,兴盛时期曾产生过康朗甩、康朗英、波玉温等享誉全国的著名艺人
章哈,符号学特征,既是歌手称谓也是作为曲艺表演形式的曲种名称
章哈,符号学特征,以傣族拉弦乐器玎伴奏称作哈赛玎
章哈,符号学特征,以单簧吹管乐器筚伴奏称作哈塞筚
章哈,美学特征,具有柔美抒情的特色
章哈,社会学特征,近年来因城镇化进程加快面临生存危机
章哈,社会学特征,老一辈歌手逐渐老去相继离世
章哈,社会学特征,外来的艺术和娱乐形式涌入导致听章哈的风习已远不及以往
章哈,历史学特征,今已无知名章哈歌手一些长篇的演唱内容也逐渐失传
关索戏,民族学特征,融合当地民歌小调和颂佛唱经旋律
关索戏,历史学特征,源于高腔并吸收滇剧腔调
关索戏,符号学特征,头戴面具象征角色身份与神秘性
关索戏,美学特征,无弦伴奏、敲锣打鼓的简约音乐风格
关索戏,民族学特征,使用本地方言进行唱白结合的表演
关索戏,历史学特征,专演三国蜀国故事歌颂刘关张功绩
关索戏,符号学特征,以锣鼓指挥转板换调形成节奏符号系统
关索戏,美学特征,男扮女装塑造鲍三娘与百花公主形象
关索戏,社会学特征,行当仅分生旦净且净脚限定二人
关索戏,民族学特征,唱腔包含长板/短板/报信板等特色曲调
关索戏,历史学特征,三百多年流行于云南澄江阳宗镇小屯村
关索戏,符号学特征,《点将》作为开场仪式强化叙事结构
关索戏,美学特征,不设舞台不受时空限制的露天歌舞形式
关索戏,社会学特征,正月十六结束演出后装箱送药王习俗
关索戏,历史学特征,保留娱神歌舞遗风的古老傩戏传统
关索戏,符号学特征,用面具替代胭脂脸谱的脸谱化表达
关索戏,美学特征,自由音域节奏下个性化演唱差异
白剧,形成方式,吹吹腔戏与大本曲剧合流
吹吹腔戏,兴盛时期,清代光绪年间
吹吹腔戏,表演内容,渔、樵、耕、读等戏剧人物
吹吹腔戏,衰微时期,民国初年
吹吹腔戏,保存原因,长期处于封闭环境不受外界影响
吹吹腔戏,保存成果,传统剧目和古朴演出程式完整保存至今
白剧,定名时间,现代
白剧,剧目总数,四百多个
白剧,传统剧目数量,三百多个
白剧,新创剧目数量,八十多个
白剧,整理改编剧目数量,约五十多个
白剧,现存状态,在白族民间仍然十分活跃
白剧,艺术形态特征,以原样的形态展现艺术活力
白剧,关联艺术形式,吹吹腔、大本曲
彝剧,社会学特征,展现出彝族人民的民族精神
彝剧,社会学特征,展现出彝族人民的宗教信仰
彝剧,社会学特征,展现出彝族人民的价值取向
彝剧,民族学特征,楚雄彝族特有的一种地方民族戏剧
彝剧,民族学特征,在云南省楚雄彝族自治州境内广泛流传
彝剧,民族学特征,注意突出彝族对话时常用比喻的特点
彝剧,民族学特征,含蓄地表现人物的心理活动
彝剧,民族学特征,场上对白时使用汉语彝腔尤能凸显彝族白话中的幽默感
彝剧,民族学特征,表演结合彝族人民能歌善舞的特点
彝剧,民族学特征,大量采用彝族三道弯、爬山式、跳跃式、打跳等生活中随处可见的步子使得表演动作舞蹈化
彝剧,历史学特征,是在彝族的传统节日和民俗活动中不断形成和发展起来的
彝剧,符号学特征,演出所用道具都是当地彝族人民常用的劳动工具
彝剧,符号学特征,服装、头饰则是彝族妇女手工精心制作而成
彝剧,美学特征,十分重视用音乐来烘托和渲染舞台气氛
彝剧,美学特征,围绕不同曲调、唱腔进一步以富有乡土气息的民族音乐来表现内容
彝剧,美学特征,具有鲜明的时代性、地方特色和浓郁的民族风格
清代咸丰年之前过境的商贾军民,带到,云南省腾冲县甘蔗寨
佤族民众,传播,清戏
佤族清戏,取材于,《三孝记》
佤族清戏,取材于,《白鹤传》
常演剧目,包含,《姜姑刁嫂》
常演剧目,包含,《逐赶庞氏》
常演剧目,包含,《芦林相会》
常演剧目,包含,《安安送米》
滇剧,流行地区,云南全省
滇剧,流行地区,贵州部分地区
滇剧,流行地区,四川部分地区
滇剧,流行国家,缅甸
滇剧,流行国家,泰国
滇剧,流行国家,新加坡
滇剧,流行国家,马来西亚
滇剧,声腔类型,丝弦腔
滇剧,声腔类型,胡琴腔
滇剧,声腔类型,襄阳腔
丝弦腔,起源,秦腔
襄阳腔,起源,汉调
滇剧,受滋养来源,云南民族民间音乐
滇剧,艺术特点,曲调自然流畅
滇剧,表演范围,各种样式
滇剧,表演范围,各种结构
滇剧,表演范围,各种情调
滇剧,荣誉称号,滇粹
滇剧,传统剧目数量,多达种
历代艺人,创作方式,结合时代特点
历代艺人,编演内容,反映边疆少数民族历史
历代艺人,编演内容,反映现实生活
滇剧,研究价值,地方历史文化
滇剧,研究价值,西南边疆艺术
腾冲皮影戏,流派分类,西腔
腾冲皮影戏,流派分类,东腔
东腔皮影,服务区域,云南省腾冲县境东南部
东腔皮影,演出剧目,《樊梨花征西》
东腔皮影,演出地点,旧城
东腔皮影,演出剧目,《孙庞斗智》
东腔皮影,演出地点,缅甸南坎
东腔皮影,演出剧目,《宝莲灯》
腾冲皮影戏,获奖作品,《长坂坡》
腾冲皮影戏,获奖作品,《斩三妖》
腾冲皮影戏,荣誉奖项,特别荣誉奖
腾冲固东镇,称号,中国民间艺术皮影之乡
刘家寨皮影,代表地区,西南地区
刘家寨皮影,参赛名称,金狮奖全国第二届木偶皮影比赛
刘家寨皮影,荣获奖项,表演综合铜奖
刘永周,获奖类型,造型制作奖
刘定三,获奖类型,造型制作奖
傣剧,起源形式,有一定人物情节的傣族歌舞表演及佛经讲唱
傣剧,吸收艺术营养,滇剧
傣剧,吸收艺术营养,皮影戏
清末盈江干崖土司署,组织,德宏历史上第一个傣戏班
德宏十个土司衙门,建立,傣戏班
德宏十个土司衙门,建造,戏楼
傣剧,扩散至,民间
民间,涌现,大量民间傣剧表演组织
新中国建立后,推动发展,傣剧
潞西县傣剧团,成立时间,年第一个专业演出团体
潞西县傣剧团,扩建为,德宏州傣剧团
初期傣剧男性角色,装扮模仿,滇剧
初期傣剧男性角色,动作套路模仿,京剧
演员表演方式,包括动作,上前三步演唱或做动作再退后三步听场边人提词
唱段之间,伴奏乐器,锣鼓等打击乐
唱腔发展形成,基本腔调之一,【喊混】男腔
唱腔发展形成,基本腔调之二,【喊朗】女腔
演出服饰,使用,傣装
表演动作,融入元素,傣族民间舞蹈的步态
伴奏乐器新增,葫芦丝)23.(伴奏乐器新增,二胡
伴奏乐器新增,象脚鼓)25.(传统剧目来源之一,"源自,傣族民间故事"
传统剧目来源之一,源自,叙事长诗
传统剧目举例,《相勐》)29.(传统剧目举例,《千瓣莲花》
传统剧目举例,《朗推罕》)31.(部分传统剧目,"翻译移植自,汉族剧目"
翻译移植剧目举例,《庄子试妻》)33.(翻译移植剧目举例,《甘露寺》
翻译移植剧目举例,《杨门女将》)35.(世纪年代以来,"整理改编创作演出剧目,《娥并与桑洛》"
世纪年代以来,整理改编创作演出剧目,《海罕》
《娥并与桑洛》,参加演出活动,西南区少数民族戏剧观摩演出
《娥并与桑洛》,被誉为,东南亚的明珠
较大傣族村寮,拥有,业余演出队伍
当前受众群体,主要为,老年人
傣剧传承现状,面临问题,困难日益凸现
云南壮剧,分支,富宁土戏
云南壮剧,分支,文山乐西土戏
云南壮剧最早唱腔形式,源自,富宁土戏
广南沙戏,形成时间,清代光绪年间
文山乐西土戏,形成时间,清代光绪年间
云南壮剧,艺术基础,壮族山歌
云南壮剧,艺术基础,舞蹈
云南壮剧,艺术基础,音乐
云南壮剧,艺术基础,说唱
云南壮剧,表演场合,陇端节
陇端节,文化习俗,有陇端必有戏无戏无陇端
云南壮剧,反映内容,精神追求
云南壮剧,反映内容,理想信仰
云南壮剧,涉及领域,日常生活
云南壮剧,涉及领域,节日庆典
云南壮剧,社会功能,百科全书
文山壮族苗族自治州,地理位置特征,边境地区
境外异国文化,影响方式,有形或无形
云南壮剧,文化价值,巩固中华民族的文化观念
云南壮剧,文化价值,巩固中华民族的文化习俗
花灯戏,社会学特征,载歌载舞
花灯戏,社会学特征,有说有唱
花灯戏,社会学特征,综合性质表演艺术形式
贵州花灯,民族学特征,吸收贵州本土语言
贵州花灯,民族学特征,吸收贵州音乐曲调
黔西花灯戏,历史学特征,二百多年历史
黔西花灯戏,历史学特征,流行于遵义/毕节/安顺/铜仁等市地
黔西花灯戏,符号学特征,武功表演
黔西花灯戏,符号学特征,音乐曲调桐子树
黔西花灯戏,符号学特征,舞蹈耍双扇
黔西花灯戏,符号学特征,衬词运用
代表剧目《拜年》/《姐妹观花》/《三访亲》/《刘三妹挑水》/《放牛拦妻》,美学特征,传统演艺形式
花灯艺术,社会学特征,艺人逐渐减少老化
花灯艺术,社会学特征,年轻一代丧失学习热情
花灯艺术,社会学特征,需加大保护扶持力度
花灯戏,社会学特征,剧场演出日益减少
花灯戏,社会学特征,剧团经费短缺
花灯戏,社会学特征,新剧目编排上演困难
花灯戏,社会学特征,年轻一代编创演出人员后继乏人
云南花灯戏,民族学特征,源于民间花灯歌舞
云南花灯戏,民族学特征,受当地方言影响形成不同风格
云南花灯戏,民族学特征,受民歌影响形成不同风格
云南花灯戏,民族学特征,受习俗影响形成不同风格
昆明花灯戏,历史学特征,保留明清小曲最多
昆明花灯戏,历史学特征,保留明清剧目最多
姚安花灯戏,历史学特征,民歌色彩浓重
玉溪花灯戏,历史学特征,革新最早被称为新灯
玉溪花灯戏,历史学特征,受滇剧影响较大
云南花灯戏,符号学特征,手不离扇
云南花灯戏,符号学特征,帕载歌载舞
云南花灯戏,符号学特征,崴步基本特征
云南花灯戏,美学特征,唱与做紧密结合
云南花灯戏,美学特征,舞蹈烘托情节
云南花灯戏,美学特征,舞蹈丰富人物性格
云南花灯戏,美学特征,曲调连接编曲方式
云南花灯戏,美学特征,具有板腔音乐特点
云南花灯戏,美学特征,包含各种民歌小调
熊介臣,历史学特征,最早把农村晒场簸箕灯搬上舞台
熊介臣,美学特征,擅演小生
熊介臣,美学特征,表演具云南玉溪乡土风味
《闹渡》,历史学特征,享誉云南戏曲舞台剧目
《刘成看菜》,历史学特征,享誉云南戏曲舞台剧目
《三访亲》,历史学特征,享誉云南戏曲舞台剧目
棕扇舞,流传地区,云南省红河与元江两县交界的哈尼族村寨
棕扇舞,表演场合,昂玛突祭祖节
棕扇舞,表演场合,库扎扎六月节
棕扇舞,表演场合,扎勒特十月节
棕扇舞,表演形式,人生礼仪活动
棕扇舞,道具特征,双手各持一柄棕树叶
棕扇舞,套路数量,六十多种
棕扇舞,仪式结构,长者领跳并吟唱古歌和祝词
棕扇舞,文化功能,折射对祖先迁徙历史的记忆
棕扇舞,文化基因载体,保留哈尼族传统文化
棕扇舞,具体模仿动作,白鹇展翅
棕扇舞,具体模仿动作,白鹇喝水
棕扇舞,具体模仿动作,蜂蝶采花
棕扇舞,具体模仿动作,老熊走路
棕扇舞,具体模仿动作,公鸡斗架
棕扇舞,具体模仿动作,猴子掰包谷
棕扇舞,生产生活映射,日常生产劳作姿态
棕扇舞,伴奏乐器,牛皮鼓
棕扇舞,伴奏乐器,铓
棕扇舞,伴奏乐器,钹
棕扇舞,伴奏乐器,唢呐
棕扇舞,伴奏乐器,三弦
棕扇舞,艺术构成要素,歌
棕扇舞,艺术构成要素,舞
棕扇舞,艺术构成要素,乐
棕扇舞,艺术构成要素,仿生表演
棕扇舞,社会价值属性,传统文化价值
拉祜族芦笙舞,社会学特征,男子吹芦笙围圈而舞
拉祜族芦笙舞,社会学特征,女子牵手在外围伴舞
拉祜族芦笙舞,民族学特征,表现原始宗教礼仪
拉祜族芦笙舞,民族学特征,模拟生产生活
拉祜族芦笙舞,民族学特征,展现人的欢乐情绪
拉祜族芦笙舞,民族学特征,崇拜葫芦视为祖先母体象征
拉祜族芦笙舞,历史学特征,由娱神祈福仪式演化而来
拉祜族芦笙舞,历史学特征,经过数百代加工锤炼形成一百多个套路
拉祜族芦笙舞,符号学特征,葫芦象征祖先诞生的母体
拉祜族芦笙舞,符号学特征,五根竹管代表特定文化寓意
拉祜族芦笙舞,美学特征,动作简练
拉祜族芦笙舞,美学特征,曲调优美
拉祜族芦笙舞,美学特征,风格深沉坚毅
拉祜族芦笙舞,美学特征,洒脱机巧
拉祜族芦笙舞,美学特征,具有古朴韵味
搓蹉,伴奏乐器,四弦的比柏
搓蹉,击节工具,羊皮鼓
搓蹉,别称,四弦舞
搓蹉,别称,羊皮舞
搓蹉,起源传说,普米族小伙子与仙女相会
搓蹉,形式之一,碗筷舞
搓蹉,形式之一,撞胯舞
搓蹉,艺术特点,歌、舞、乐三位一体
搓蹉,舞蹈结构,围成一圈或数圈
搓蹉,舞步特征,踏跺的力向为纵的关系
搓蹉,舞步特征,跨步的力向为横的关系
搓蹉,身体方向规律,退步时前偏上身和下身方向相反
搓蹉,快速表现,舞步粗犷、有力
开放式搓蹉,舞步套数,十二套
开放式搓蹉,队形包括,手牵手的单圆圈
开放式搓蹉,队形包括,半圆圈
开放式搓蹉,旋转方向,逆时针方向
开放式搓蹉,旋转方向,顺时针方向
双圆圈搓蹉,跳法类型,同方向跳
双圆圈搓蹉,跳法类型,不同方向跳
搓蹉,参与人数下限,几十人
搓蹉,参与人数上限,上万人
搓蹉,用途,自娱
搓蹉,用途,喜庆
搓蹉,用途,健身活动
搓蹉,表达情感,欢乐的情绪
搓蹉,受现代文化影响,出现生存危机
搓蹉,保护需求,急需保护传承
文艺工作者改编版搓磋,演出范围,国内外
文艺工作者改编版搓磋,获奖级别,省、国家级奖励
布朗族蜂桶鼓舞,反映,民族学特征
布朗族蜂桶鼓舞,体现,历史学特征
蜂桶鼓舞姿态优美壮观,具有,美学特征
蜂桶鼓舞,表达,历史观
蜂桶鼓舞,表达,道德观
蜂桶鼓舞,表达,价值观
蜂桶鼓舞,表达,思维方式
蜂桶鼓舞,承载,民族凝聚力
蜂桶鼓舞,展现,艺术感染力
蜂桶鼓舞,用于,祭祀活动
蜂桶鼓舞,源于,创世传说
男队身背蜂桶鼓边舞边敲,代表,社会学角色分工
女队手拿毛巾甩动起舞,体现,性别文化符号
单行或双行列队形式,反映,社会组织结构
三步优柔缓慢与五步激越刚健,对应,行为模式象征
广场与舞台适应性,显示,空间利用智慧
人数可多可少特性,反映,群体参与制度
纳西族热美蹉,社会学特征,手拉手围着火堆按顺时针方向边唱边跳
纳西族热美蹉,民族学特征,诗、歌、舞浑然一体
纳西族热美蹉,民族学特征,无道具使用
纳西族热美蹉,民族学特征,人数无限制
纳西族热美蹉,历史学特征,历经数千年传承至今
纳西族热美蹉,历史学特征,对丽江古乐产生影响
纳西族热美蹉,历史学特征,对《白沙细乐》产生影响
纳西族热美蹉,符号学特征,发自胸喉的天籁之声
纳西族热美蹉,符号学特征,舞蹈动作古朴自然
纳西族热美蹉,美学特征,唱腔几近呼喊但节拍一致达到和谐
纳西族热美蹉,美学特征,即兴发挥
彝族三弦舞,社会学特征,在休闲或欢乐时彝族人往往都会跳起它
彝族三弦舞,社会学特征,长期以来营造欢乐祥和气氛一直在增强群体意识促进民族团结方面发挥着积极的作用
阿细跳月,民族学特征,彝族阿细人最具代表性的民族民间舞蹈
阿细跳月,民族学特征,带有鲜明的民族和地域特征是彝族山地传统文化的典型代表
阿细跳月,历史学特征,发源于云南省红河哈尼族彝族自治州弥勒县西山一带
阿细跳月,历史学特征,在弥勒县彝族阿细人聚居的村寨及泸西、陆良等地广泛流传
阿细跳月,历史学特征,起源于远古时代有个叫木邓的人钻杉木取火为人们找到了保留火种的方法人们欣喜若狂拾柴架火围着篝火跳舞欢庆这就是阿细跳月的起源
阿细跳月,历史学特征,人称之为木邓比意为跳篝火
阿细跳月,符号学特征,在阿细语中称为嘎斯比意为欢乐跳
阿细跳月,符号学特征,因多在月光下的篝火旁起舞故名阿细跳月
阿细跳月,美学特征,节奏热烈欢快动作豪放粗犷舞姿矫健飘逸韵律强劲气势恢宏撼人心魄具有强烈的感召力
小三弦舞,社会学特征,音乐、舞蹈节奏缓慢故又称为慢三步
彝族三弦舞,民族学特征,不同地区和不同的彝族支系对三弦舞各有不同称谓流传于阿细彝区的三弦舞称阿细跳月流传于撒尼彝区的三弦舞称撒尼大三弦
彝族三弦舞,历史学特征,分为大三弦舞和小三弦舞两种年轻人跳舞时用的是大三弦所以叫大三弦舞中老年人跳舞时用的三弦较小因而称小三弦舞
阿细跳月,符号学特征,它集歌、舞、乐于一体有规范的舞步和套路其舞蹈可分为老人舞和青年舞舞步包括踹脚跳、鹤步单腿跳、弹跳步、跑步跳、转身跳、拍掌跳等形式音乐为宫调式大三度五拍节起舞时以大三弦、大中小竹笛、小三弦、三胡、月琴、唢呐、哨子等阿细民间自制乐器伴奏
彝族三弦舞,美学特征,它被有关学者誉为远古舞蹈的活化石为舞蹈起源与发展的研究提供了大量具有较高认识价值的宝贵材料
彝族三弦舞,类型,小三弦舞
阿细跳月,流传地区,阿细彝区
撒尼大三弦,流传地区,撒尼彝区
大三弦舞,参与者性别,男女都可参加
大三弦舞,使用乐器者,男子
小三弦舞,伴舞者,女子
大三弦舞,适用人群,年轻人
小三弦舞,适用人群,中老年人
小三弦舞,别称,慢三步
大三弦舞,别称,快三步
大三弦舞,功能,增强群体意识
大三弦舞,功能,促进民族团结
彝族三弦舞,学术评价,远古舞蹈的活化石
撒尼大三弦舞蹈,起源传说,避土司逼婚结合篝火起舞
撒尼大三弦舞蹈,起源传说,抢种庄稼烧荒地跳动发展
大三弦,制作材料,香椿树
大三弦,组成部分,三弦杆
大三弦,组成部分,皮线
快三步,伴奏乐器,中笛
快三步,伴奏乐器,小笛
快三步,伴奏乐器,哨子
快三步,别称,青年舞
快三步,别称,跳大三弦
撒尼人,居住地,云南石林
撒尼人,居住地,丘北一带
石林撒尼族,文化现状,家家都有大三弦
石林撒尼族,文化现状,人人会跳大三弦舞
撒尼大三弦舞,保护需求,制定方略
乐作舞,所属民族,彝族
乐作舞,流传地区,云南省红河哈尼族彝族自治州南岸红河县
乐作舞,彝族民间称谓,载比
乐作舞,哈尼族民间称谓,哈塞塞
乐作舞,哈尼族民间别名,龙纵撮
乐作,语音含义,“大家”
作,语音含义,“玩跳”
乐作,字面解释,“大家来跳乐”
乐作,名称来源地,石屏、建水
乐作,指代对象,红河南岸彝族舞蹈
乐作舞,历史演变时长,近百年
乐作舞,社交媒介作用,边疆各民族男女青年
乐作舞,促进目标,增进边疆各民族友谊和团结
乐作舞,表演形式限制,不受时间、地点、人数和形式限制
乐作舞,表演程序,先有乐队伴奏的抒情性歌唱
乐作舞,乐队行为特征,不参加舞蹈但摇晃身体并帮腔助兴
乐作舞,队形特征,多呈双数围成圆圈
乐作舞,动作特点,边跳边唱忽动忽停
乐作舞,肢体语言元素,拍手
乐作舞,空间调度方式,交错对穿
乐作舞,旋转技巧,翻身自转
乐作舞,形态保持要求,始终保持圆圈外观
乐作舞,姿态风格,优美
乐作舞,动作质感,柔和而轻盈
乐作舞,手臂动态比喻,蜻蜓振翅
乐作舞,膝盖运动特征,富有弹性地屈伸
乐作舞,舞步特点,套路丰富而完整
乐作舞,艺术风格属性,鲜明的民族风格
乐作舞,地域文化特质,浓郁的地方特色
乐作舞,现状评估,面临生存危机
乐作舞,威胁因素,保护措施不够健全
乐作舞,威胁因素,外来文化影响
乐作舞,需求方向,亟待保护传承
彝族左脚舞,民族学特征,原始崇拜
彝族左脚舞,历史学特征,刀耕火种生活形成
彝族左脚舞,符号学特征,起左脚垫三脚踢一脚
彝族左脚舞,美学特征,节奏明快
彝族左脚舞,社会学特征,不限人数不分男女老幼
彝族左脚舞,民族学特征,团结奋进、勇于创造的民族精神
彝族左脚舞,历史学特征,记录着彝族人民对天、地、日、月、火、虎、自然的原始崇拜
彝族左脚舞,符号学特征,串花、翻身等特殊动作
彝族左脚舞,美学特征,通俗易懂、表现力丰富
彝族左脚舞,社会学特征,内容涉及彝族文化、生产、生活方方面面
彝族左脚舞,民族学特征,独特的乐器制作技艺和服饰特色
彝族左脚舞,符号学特征,唱腔多样舞姿起时先起左脚
彝族左脚舞,美学特征,气势恢宏
彝族左脚舞,社会学特征,具有歌、舞、乐综合素质的传承人越来越少
彝族左脚舞,民族学特征,反映了彝族人民在漫长的历史发展过程中的文化传统和习俗
彝族左脚舞,历史学特征,亟待抢救保护
彝族左脚舞,符号学特征,基本步法有直脚、甩脚、垫脚等
彝族左脚舞,美学特征,高超的工艺水平和创造才能
彝族老虎笙,民族学特征,展现山地民族刚强性格
彝族老虎笙,历史学特征,反映彝族先民认为虎尸分解创造万物的创世神话
彝族老虎笙,符号学特征,以黑毡捆扎成虎皮、身体画虎纹装扮成老虎模样
彝族老虎笙,民族学特征,承载图腾崇拜习俗与原始记忆
彝族老虎笙,历史学特征,发源于双柏县法镇小麦地冲
彝族老虎笙,符号学特征,模拟老虎亲嘴/搭桥/擦屁股等习性动作
彝族老虎笙,符号学特征,包含送肥/犁田/耕地等农事模拟动作
彝族老虎笙,民族学特征,体现崇虎观及人与自然和谐发展观
彝族老虎笙,符号学特征,使用击鼓者和敲锣者作为伴奏形式
彝族老虎笙,民族学特征,自称倮倮即虎族的身份认同表达
彝族老虎笙,历史学特征,作为活史料保存彝族虎图腾崇拜传统
彝族老虎笙,美学特征,生猛有力的动态表现
彝族老虎笙,民族学特征,具有人类学/民族学/民俗学研究价值
彝族老虎笙,社会学特征,面临传统生活方式变迁导致的传承危机
彝族老虎笙,符号学特征,通过祭虎/接虎/跳虎/送虎仪式构建文化叙事
彝族跳菜,社会学特征,敬重宾客
彝族跳菜,社会学特征,增加喜庆气氛
彝族跳菜,民族学特征,彝族人民
彝族跳菜,民族学特征,善良淳朴
彝族跳菜,民族学特征,热情好客
彝族跳菜,历史学特征,传沿不绝
彝族跳菜,符号学特征,《奉圣乐》伴奏
彝族跳菜,符号学特征,旋转为主舞姿
彝族跳菜,符号学特征,舞袖旋转姿态繁多
彝族跳菜,美学特征,粗犷豪放
彝族跳菜,美学特征,刚健有力
彝族跳菜,美学特征,声音高亢嘹亮
彝族跳菜,美学特征,气势恢宏
席间跳菜,分类方式,头功跳菜/口功跳菜/手功跳菜
表演跳菜,分类方式,无量山系黑彝跳菜/哀牢山系黑彝跳菜/无量乡红星村白彝跳菜
广场跳菜,演员规模,少则数十人多则数百人
彝族跳菜,研究价值,原始宗教
彝族打歌,社会学特征,传统节日及婚丧嫁娶等重大活动中不可缺少
彝族打歌,民族学特征,云南省巍山县分布最广/影响最大/最为普及
彝族打歌,民族学特征,男半圈女半圈或男一对女一对舞动形式
彝族打歌,历史学特征,据清代嘉庆《景东直隶厅志》记载已广为流传
彝族打歌,符号学特征,以火为圆心自然围成一圈或数圈
彝族打歌,符号学特征,芦笙和笛子作为不可缺少的乐器
彝族打歌,符号学特征,三弦和月琴作为陪衬乐器
彝族打歌,美学特征,曲调旋律优美风格独特
彝族打歌,美学特征,队形变化不多人数双手扣手肩搭肩
彝族打歌,美学特征,歌词形式包括四句式/六句式/八句式等多种句式
彝族打歌,美学特征,音程跳动起伏不大多为上下句或四句乐段结构
彝族打歌,美学特征,可快可慢反复加花使用并能加进自我风格
象脚鼓舞,表演形式,独舞
象脚鼓舞,表演形式,对舞
象脚鼓舞,表演形式,群舞
象脚鼓舞,表演目的,祭祀神灵
象脚鼓舞,表演目的,驱灾避邪
象脚鼓舞,表演目的,庆贺丰年
象脚鼓舞,流传民族,德昂族
象脚鼓舞,流传民族,景颇族
象脚鼓舞,流传民族,阿昌族
象脚鼓舞,传播地区,东南亚
象脚鼓起源传说,内容,夫妻模仿芒果落水声音制成
象脚鼓起源传说,内容,人们杀死制造洪水的恶龙用龙皮欢庆胜利而制成
象脚鼓最早记载,文献,《百夷传》
象脚鼓演奏方式,动作描述,以手拊之
象脚鼓舞类型,分类,协光
协光包含形式,双人舞)20.(协光包含形式,对舞
协光包含形式,群舞)22.(象脚鼓舞类型,"分类,嘎光"
嘎光造型来源,动作溯源,早期人类采摘树上果实的动作
三道弯舞蹈造型,关联民族,南亚民族
三道弯舞蹈造型,关联民族,东南亚民族
手臂动作特征,向前掏转)28.(动作象征意义,"反映活动,傣族先民从背箩里取种、撒种"
社会发展阶段表征,历史时期,农耕时代
持鼓方式,身体部位,左肩背鼓
鼓面朝向,方向描述,鼓面对前
鼓尾方向,位置状态,鼓尾向下
主击打手,使用侧别,右手击鼓
配合手别,辅助部位,左手配合
敲打部位多样性,包括部位,拳
敲打部位多样性,包括部位,掌
敲打部位多样性,包括部位,指
特殊击打方式,使用身体部位,肘
特殊击打方式,使用身体部位,膝
特殊击打方式,使用身体部位,脚跟
特殊击打方式,使用身体部位,脚趾
步伐类型,具体动作,前点半步蹲
步伐类型,具体动作,后点半步蹲
步伐类型,具体动作,八字步半蹲
腿部动作元素,动作名称,悠腿
腿部动作元素,动作名称,抬腿
腿部动作元素,动作名称,踢脚
腿部动作元素,动作名称,吸腿跳
按鼓形分类,舞蹈类别,长象脚鼓舞
按鼓形分类,舞蹈类别,中象脚鼓舞
按鼓形分类,舞蹈类别,小象脚鼓舞
性别属性,参与者性别,男子舞蹈
艺术风格特点,风格描述,独特艺术风格
动作限制因素,器械影响,鼓身长对人体运动的限制
主要动作区域,身体部位侧重,下半身为主
典型下肢动作,动作示例,提蹲走步
典型下肢动作,动作示例,撩腿部
典型下肢动作,动作示例,大八字步
身体辅助动态,动作特征,身体的轻微闪动
受众接受度,群众态度,喜闻乐见
气质特征,舞蹈气质印象,充满阳刚之气
社会功能,具体效能,怡情悦性
社会功能,具体效能,强健身心
社交功能,交往方式,以舞会友
研究价值领域,学术范畴,认识傣族历史文化变迁
研究价值水平,评价等级,很高的学术研究价值
文化现状挑战,面临问题,外来文化强行介入
传承困境表现,艺人数量危机,掌握象脚鼓舞表演技艺的民间艺人寥寥无几
技艺流失情况,具体表现,高难度的击鼓技巧也已失传
保护需求紧迫性,应对措施建议,亟待有关方面加强保护措施及时抢救
基诺族,社会学特征,过特懋克节时跳大鼓舞最为隆重
基诺族,民族学特征,舞前寨老们杀乳猪、鸡供于鼓前
基诺族,民族学特征,七位长老磕头拜祭大鼓
基诺族,民族学特征,一人念诵祭词祈祷大鼓带来吉祥平安
基诺族,民族学特征,一人双手执鼓槌边击边舞
基诺族,民族学特征,有若干击镲、伴舞伴歌者参与
基诺族,民族学特征,舞蹈动作包括拜神灵、欢乐跳、过年调
基诺族,历史学特征,制造大鼓遵循严格程序
基诺族,符号学特征,大鼓象征创世女神阿嫫腰白的拯救之力
基诺族,符号学特征,大鼓作为神物具有神圣性
基诺族,美学特征,大鼓舞具有艺术性和观赏性
基诺族,社会学特征,目前只有名年过七旬的老人掌握大鼓舞仪式全过程及全部舞蹈动作
基诺族,社会学特征,大鼓舞已处于极度濒危的境地急需保护
石屏彝族烟盒舞,民族学特征,展现彝族的历史观、道德观、价值观和思维方式
石屏彝族烟盒舞,历史学特征,元明时期趋于成熟，清代和民国时期达到鼎盛
石屏彝族烟盒舞,社会学特征,传播范围遍及城乡
石屏彝族烟盒舞,民族学特征,以独特舞蹈语汇体现彝族文化身份
石屏彝族烟盒舞,历史学特征,传统吃火草烟习俗已消失导致风格变化
石屏彝族烟盒舞,符号学特征,仙人搭桥、蚂蚁搬家、倒挂金钩等技巧动作象征文化符号
石屏彝族烟盒舞,美学特征,下腰连环翻滚等高难度技巧具有艺术价值
石屏彝族烟盒舞,社会学特征,发展成为集歌、舞、乐、竞技于一体的综合性艺术
石屏彝族烟盒舞,民族学特征,反映彝族人民的舞蹈创作才能和艺术领悟能力
石屏彝族烟盒舞,历史学特征,山区和坝区两种风格及多种流派的形成演变
石屏彝族烟盒舞,符号学特征,手持圆形木制烟盒作为文化标识物
石屏彝族烟盒舞,美学特征,节奏明快气氛热烈的表演风格
曼村,民族构成,彝族花倮人
花倮人,文化传承,古滇先民舞蹈
古滇先民,舞蹈特征,屈肢顿足而周旋飞舞
曼村花倮妇女,服饰保留元素,羽冠和羽衣痕迹
葫芦笙舞,表演场合,重要节日时的场院
葫芦笙舞,舞蹈形式,围成圆圈翩翩起舞
葫芦笙舞,套路数量,七种不同的舞蹈套路
葫芦笙舞,音乐特点,丰富的葫芦笙曲调
葫芦笙制作工艺,结构特征,五根长短不一的竹管嵌簧片插入音斗
葫芦笙,声学设计,三支笙管侧面开有音孔
彝族葫芦笙舞,传承危机,表现形式日趋单一
彝族葫芦笙舞,保护需求,需尽快加以保护和抢救
阿尺木刮,历史学特征,清代余庆远《维西见闻录》记载
阿尺木刮,美学特征,热烈奔放风格独特
阿尺木刮,流传地区,云南省迪庆藏族自治州维西傈僳族自治县叶枝镇的同乐、新乐一带
阿尺木刮,生产方式关联,半农半牧阶段
阿尺木刮,生活关系对象,山羊
阿尺木刮,服饰特点,男挽髻戴簪/妇挽发束箍盘领衣系裙裤
阿尺木刮,传承现状,部分老人还会跳面临传承危机
傣族孔雀舞,民族学特征,傣族文化认同感
傣族孔雀舞,历史学特征,相传一千多年前由召麻栗杰模仿孔雀姿态创编
孔雀,符号学特征,幸福吉祥的象征
傣族孔雀舞,美学特征,细腻的情感表达
傣族孔雀舞,美学特征,婀娜优美的舞姿
傣族孔雀舞,美学特征,三道弯舞姿
架子孔雀舞,舞蹈语汇,飞跑下山
架子孔雀舞,舞蹈语汇,林中窥看
架子孔雀舞,舞蹈语汇,抖翅
瑞丽傣族孔雀舞,表演形式,单人舞为主
瑞丽傣族孔雀舞,表演形式,双人孔雀舞
瑞丽傣族孔雀舞,参与者性别,男性居多
傣族孔雀舞,动作特点,丰富多样的手形动作
傣族孔雀舞,技巧要素,跳转等技巧
傣族孔雀舞,身体运动方式,四肢和躯干关节重拍向下屈伸
傣族孔雀舞,身体表现特征,全身均匀颤动
傣族孔雀舞,展演场合,重要热闹的民族节庆
傣族孔雀舞,融合形式,集体舞嘎光
傣族聚居区,民俗活动,泼水节
傣族聚居区,民俗活动,关门节
傣族聚居区,民俗活动,开门节
傣族聚居区,民俗活动,赶摆
铜鼓文物,最早年代,春秋战国时期
铜鼓,象征意义,权力的象征
铜鼓,用途,驱邪祈福的神器
铜鼓,用途,娱神的乐器
铜鼓舞,起源,自然崇拜和祖先崇拜
壮族,信仰认知,敲铜鼓起舞可以为村寨降妖驱邪祈求平安
铜鼓舞,舞蹈形式,族群性的集体舞蹈
广南那洒镇马贵村壮族,舞蹈动作套数,十二套
十二套舞蹈动作,反映内容,一年四季十二个月不同的生产内容
麻栗坡、富宁等村寨,铜鼓舞用途,祈雨、求丰收和老人丧葬等民俗活动
壮族铜鼓舞表演,演奏方式,一人敲铜鼓另一人以木盒辅助形成共鸣滑音
彝族铜鼓演奏,技巧特点,一人用公、母两面铜鼓可演奏十二种音调组合
公鼓,代表含义,太阳
母鼓,代表含义,月亮
十二调,代表含义,一年十二个月
铜鼓舞,包含文化内容,本地民族的历法文化
铜鼓舞,积淀内涵,自然崇拜、祖先崇拜维系民族生存发展
铜鼓舞,具有特色,鲜明的民族、地域特色
铜鼓舞,具有价值,重要的历史、文化、艺术价值
外来文化冲击,影响结果,习铜鼓舞者锐减
铜鼓舞,面临状况,有消亡的危险
木鼓,符号学特征,族群象征
木鼓舞动作规范平稳,美学特征,粗犷奔放炽热狂野
木鼓舞歌词内容,历史学特征,述说民族历史
木鼓,符号学特征,通天神器/民族繁衍源头
木鼓舞组成部分,社会学特征,拉木鼓/进木鼓房/敲木鼓/祭木鼓
逆时针围圈移动,民族学特征,传统祭祀仪式动线
高格龙勐,民族学特征,代表性艺术作品
加林赛,民族学特征,代表性艺术作品
木鼓歌场,社会学特征,村村寨寨自有空间
七百多只木鼓,社会学特征,大中小型建制体系
踏节而歌,美学特征,集体韵律配合
屈膝弓腰姿态,民族学特征,对木鼓敬仰表达
跺脚甩手走步,美学特征,基础动作元素构成
领唱众人和,社会学特征,层级化演奏结构
木鼓祭祀全过程贯穿舞蹈,历史学特征,仪式完整性传承
勤劳勇敢性格特征,民族学特征,精神内涵外化表现
锅庄舞,民族学特征,藏族三大民间舞蹈之一
锅庄舞,历史学特征,已有上千年的历史
锅庄舞,符号学特征,圆圈歌舞形式
锅庄舞,美学特征,形式完整多样、地域特色鲜明、民族风格浓郁
迪庆藏族锅庄舞,社会学特征,深厚的群众基础
迪庆藏族锅庄舞,民族学特征,包含丰富的藏族文化内涵
迪庆藏族锅庄舞,符号学特征,按顺时针行进圆圈变换龙摆尾图案
奔子栏镇锅庄,社会学特征,表现系列礼仪程序如祝福、逐客等
奔子栏镇锅庄,民族学特征,在全国各藏区十分罕见
香格里拉市沾塘镇锅庄,社会学特征,古锅庄具有浓厚的祭祀性质
香格里拉市小中旬镇锅庄,社会学特征,新编的歌舞随时代变化
擦司,社会学特征,随着不同时代而新编的歌舞
白沙细乐,别名,别时细梨
白沙细乐,别名,别时谢礼
白沙细乐,流传地区,丽江市古城区
白沙细乐,流传地区,玉龙纳西族自治县
纳西先民,受影响来源,东汉白狼献诗
纳西族,文献记载,《蛮书》
白沙细乐历史渊源说之一,名称由来,元氏遗音
白沙细乐历史渊源说之一,情感特征,靡靡切切酸楚动人
白沙细乐历史渊源说之二,用途,凭吊战争亡灵之乐
和锡典,传承谱牒可考时间下限,两百年前
白沙细乐现存调名,包括,笃
白沙细乐现存调名,包括,一封书
白沙细乐现存调名,包括,三思及
白沙细乐现存调名,包括,美丽的白云
白沙细乐现存调名,包括,公主哭
白沙细乐现存调名,包括,跺蹉
白沙细乐现存调名,包括,北曲
白沙细乐使用乐器,包括,横笛
白沙细乐使用乐器,包括,直笛
白沙细乐使用乐器,包括,芦管
白沙细乐使用乐器,包括,苏古笃
白沙细乐使用乐器,包括,小曲项琵琶
白沙细乐使用乐器,包括,古筝
白沙细乐使用乐器,包括,二簧
白沙细乐使用乐器,包括,胡琴
白沙细乐表演形式,以...为主,合奏
白沙细乐表演形式,伴随元素,歌舞
赤足舞,对应名称,跺磋
云雀劳马磋,舞蹈类型,传统舞蹈
弓矢舞,对应名称,抗磋
白鹤舞,对应名称,夸磋
上述舞蹈,演奏场合,送葬时
白沙细乐艺术特点,音乐构成,元明遗音与纳西民间音乐结合
白沙细乐艺术特点,构思特征,独到
白沙细乐艺术特点,意境特征,深宽
白沙细乐艺术特点,曲调风格,抒情
丽江各级政府及相关部门,保护措施,制定《纳西族民间音乐保护和管理办法》
丽江各级政府及相关部门,保护举措,成立行业协会
丽江各级政府及相关部门,保护举措,成立传习馆
黄山镇长水村,被指定为,白沙细乐保护点
和凛毅,身份认定,传承人
和凛毅,承担任务,收徒授艺
弥渡民歌,历史学特征,清嘉庆初年《滇系》记载山歌九章证明悠久历史
弥渡民歌,符号学特征,《小河淌水》《弥渡山歌》等成为代表性音乐符号
弥渡民歌,美学特征,曲调丰富旋律婉转悠扬
弥渡民歌,社会学特征,反映人民群众生产生活和思想情感
弥渡民歌,民族学特征,包含舞蹈歌如《十大姐》和多种《打歌调》
弥渡民歌,符号学特征,“小河淌水”品牌建设推动文化发展
弥渡民歌,社会学特征,政府修建意境区、对歌场促进传承
弥渡民歌,民族学特征,音乐体裁包括山歌/小调/舞蹈歌/风俗歌
弥渡民歌,历史学特征,中小学乡土教材纳入《弥渡花灯民歌》内容
弥渡民歌,符号学特征,发行原生态《弥渡民歌选辑》《弥渡行》出版物
弥渡民歌,美学特征,代表性曲调如《埂子调》《密滴调》展现地方特色
弥渡民歌,社会学特征,举办民歌对唱大赛营造社会参与环境
弥渡民歌,民族学特征,哭亡调、祭祀歌体现丧葬礼仪文化
弥渡民歌,历史学特征,县委县政府提出建设花灯文化名县战略
弥渡民歌,符号学特征,赶马调、绣荷包等小调承载劳动记忆符号
洞经音乐,主要流行民族,白族
洞经音乐,主要流行民族,纳西族
洞经音乐,得名依据,《大洞仙经》
通海洞经古乐,流传中心,秀山镇
通海洞经古乐,流传中心,河西镇
通海洞经古乐,传播范围,九街镇
通海洞经古乐,传播范围,四街镇
洞经古乐,兴起时期,元代
洞经古乐,创立时期,明代初年
洞经古乐,兴盛时期,明末
洞经古乐,包含元素,西北音乐曲牌
洞经古乐,包含元素,江南音乐曲牌
洞经古乐,包含元素,演奏技巧
通海妙善学女子洞经古乐班,所属组织类型,女子洞经组织
通海妙善学女子洞经古乐班,成立时间,未明确年份
通海妙善学女子洞经古乐班,成员构成,少女
通海妙善学女子洞经古乐班,突破传统,封建礼教束缚
通海妙善学女子洞经古乐班,学习内容,工尺谱
通海妙善学女子洞经古乐班,学习内容,简谱
通海妙善学女子洞经古乐班,演奏能力,四十多首曲牌
通海妙善学女子洞经古乐班,首次公开演出地点,三元宫
通海妙善学女子洞经古乐班,创新举措,带入民间礼佛仪式
通海妙善学女子洞经古乐班,历史延续时长,六十多年
通海妙善学女子洞经古乐班,进京演奏时间,未明确年份月份
女子洞经会,演奏曲目,《阴阳调》
女子洞经会,演奏曲目,《鹧鸪天》
女子洞经会,演奏曲目,《叠落金钱》
女子洞经会,音乐类型分类,古典音乐
女子洞经会,音乐类型分类,江南丝竹音乐
女子洞经会,音乐类型分类,民间音乐
妙善学女子洞经音乐,继承传统,通海音乐演奏传统
妙善学女子洞经音乐,艺术风格特征,严肃中不失热情
妙善学女子洞经音乐,艺术风格特征,虔诚中显出慈善
妙善学女子洞经音乐,艺术风格特征,激昂中别见清脆
妙善学女子洞经音乐,艺术风格特征,舒缓中透着甜润
妙善学女子洞经音乐,演奏风格特征,纤巧细腻
妙善学女子洞经音乐,演奏风格特征,缠绵婉转
妙善学女子洞经会,历史地位,开女性弹演洞经先河
妙善学女子洞经会,文化价值,保留洞经弹演程序
妙善学女子洞经会,文化价值,保留洞经弹演内容
妙善学女子洞经会,研究意义,云南地方历史文化研究材料
妙善学女子洞经会,研究意义,民间艺术研究材料
通海妙善学女子洞经古乐班,现存人数,仅剩人
女子洞经音乐,现状问题,发展受阻
女子洞经音乐,保护需求,亟待保护传承
布朗族民歌,按题材内容分类,劳动歌、风俗歌、迁徙歌、恨歌、颂歌、情歌、儿歌等短歌和长篇抒情诗、叙事诗
布朗族弹唱,流行地区,西双版纳傣族自治州勐海县的布朗山乡、西定乡、打洛镇、勐满镇等布朗族聚居区
布朗族弹唱,起源,布朗族先民的歌唱并在布朗族民间音乐基础上吸收傣族音乐而形成
布朗族弹唱,基本曲调,索、甚、拽、宰、团曼
索调,特点,包括五个调子或欢快跳跃或舒缓深沉风格各异
索调,伴奏乐器,布朗族传统乐器四弦琴
布朗族弹唱,使用场合,重大节庆、婚丧嫁娶等场合
布朗族弹唱,演唱内容,涉及本民族迁徙历史、生产知识、祭祀等内容以及山歌、情歌、劳动生活和儿歌等
布朗族弹唱,代表作品,《欢乐的布朗》、《两朵花儿一样香》、《今夜月色多美好》
布朗族弹唱,现状,受外来文化的冲击和女子婚后不能在公共场合唱歌之类传统习俗的限制传承人越来越少急需采取有效措施进行保护
布朗族弹唱,社会学特征,已成为布朗人生活中不可或缺的重要内容
布朗族弹唱,民族学特征,反映本民族的文化传统和生活方式
布朗族弹唱,历史学特征,源于布朗族先民的歌唱并吸收了傣族音乐元素
布朗族弹唱,符号学特征,使用四弦琴作为伴奏乐器具有特定的文化符号意义
布朗族弹唱,美学特征,唱腔圆润委婉旋律清甜优美
彝族,主要聚居地区,四川省
彝族,主要聚居地区,贵州省
彝族,主要聚居地区,广西壮族自治区
彝族酒歌,流行区域,云南省楚雄彝族自治州武定县
挪衣,含义,听古代流传的歌
道嘎,含义,用清楚易懂的语言唱小调
起除挪衣八,含义,将嫁调与挪衣合在一起即将宫调式和商调式二者有机统一
命熬,含义,唱起歌词如同眼见一样
起除,含义,嫁调
早除,含义,歌颂的调子多表现祝贺、赞美、恭维等内容
南嘎,演唱形式,对唱
南嘎,演唱形式,齐唱
所稳切答除,代表曲目,《祝酒歌》
所稳切答除,代表曲目,《迎客调》
祭祀酒歌,伴奏器具,树叶
祭祀酒歌,伴奏器具,羊皮鼓
祭祀酒歌,伴奏器具,法铃
庄重的迎宾场合,伴奏乐器,月琴
庄重的迎宾场合,伴奏乐器,大三弦
庄重的迎宾场合,伴奏乐器,地筒
彝族酒歌,功能,彝族各支系密切交流的重要手段
彝族酒歌,承载内容,社会生活
彝族酒歌,承载内容,历史传说
彝族酒歌,承载内容,风俗民情
彝族酒歌,承载内容,伦理观念
彝族酒歌,研究价值,古代彝族音乐研究提供重要文献
彝族酒歌,研究价值,礼俗研究提供重要文献
彝族酒歌,研究价值,社会生活研究提供重要文献
彝族酒歌,现状,面临消亡的危险
姚安坝子腔,社会学特征,春耕栽种季节演唱
姚安坝子腔,社会学特征,秧苗拔绿时演唱
姚安坝子腔,民族学特征,融合彝族情歌小调
姚安坝子腔,历史学特征,明代洪武年间传入
姚安坝子腔,历史学特征,中原传入起源
姚安坝子腔,符号学特征,垛板/垛叶子
姚安坝子腔,符号学特征,数说村庄地名
姚安坝子腔,美学特征,声音圆润柔和
姚安坝子腔,美学特征,音律低沉优雅
姚安坝子腔,美学特征,声音高亢
姚安坝子腔,美学特征,音符跳度大
姚安坝子腔,美学特征,音域宽广
姚安坝子腔,符号学特征,主词与副词结构
姚安坝子腔,符号学特征,绕口令形式
姚安坝子腔,美学特征,笛子伴奏
姚安坝子腔,美学特征,二胡伴奏
姚安坝子腔,美学特征,打击乐器伴奏
姚安坝子腔,历史学特征,与当地民歌融合定型
姚安坝子腔,民族学特征,彝汉文化交融
彝族海菜腔,社会学特征,吃火草烟
彝族海菜腔,历史学特征,明清时期汉族移民影响
彝族海菜腔,历史学特征,清代地方志记载
彝族海菜腔,符号学特征,石屏腔
彝族海菜腔,符号学特征,大攀桨/倒扳桨
彝族海菜腔,美学特征,多乐段组合
彝族海菜腔,美学特征,独唱/对唱/领唱/齐唱/合唱形式
彝族海菜腔,社会学特征,群众性
彝族海菜腔,民族学特征,尼苏人村落传承
彝族海菜腔,历史学特征,形成及发展过程
彝族海菜腔,符号学特征,四大腔体系
彝族海菜腔,美学特征,大型声乐套曲结构
彝族海菜腔,社会学特征,传承危机
彝族海菜腔,历史学特征,文化娱乐形式替代现象
彝族海菜腔,美学特征,拘腔/空腔/正七腔/白话腔组成
彝族海菜腔,社会学特征,特定生态环境适应性
哈尼族多声部民歌,民族学特征,凝聚着哈尼族的音乐智慧和才能展现出哈尼族独特的演唱天赋
哈尼族多声部民歌,符号学特征,唱词结构以开腔用词、主题唱词、帮腔用词三部分构成一个小的基本段落
哈尼族多声部民歌,社会学特征,传承完全依赖民间歌手
哈尼族多声部民歌,社会学特征,具有多声部音乐综合素质的传承人日益减少
哈尼族多声部民歌,社会学特征,这一宝贵的民间音乐形式正处于失传的边缘
哈尼族多声部民歌,民族学特征,是研究哈尼族文化及其民族性格和审美观念的重要资料
木刮,历史学特征,反映傈僳族社会历史的广阔图景如《创世纪》《逃婚调》
木刮,符号学特征,以酒助兴边饮边歌的对唱形式象征文化交流与传承
木刮,美学特征,曲调朴实深沉具有苍凉古老的风格
摆时,社会学特征,集体性男女对唱或自娱性独唱于喜庆场合
摆时,民族学特征,歌词内容广泛涵盖爱情、时事及即兴编创传统
摆时,历史学特征,代表曲目《竹弦歌》《忆苦歌》记录民间记忆
摆时,美学特征,曲调热情奔放宜于表露内心激情
优叶,社会学特征,中老年火塘对唱追述旧时苦难与青年传情表意并存
优叶,民族学特征,两类分化体现代际文化差异与社会功能分工
优叶,历史学特征,《打猎歌》《砍柴歌》反映生产劳动场景与生存智慧
优叶,符号学特征,同性间对唱突破性别界限的特殊交际符号
优叶,美学特征,第二类曲调轻松活泼适配青年情感表达需求
摆时和优叶,社会学特征,口传文学艺术覆盖社会生活与民俗各方面
摆时和优叶,民族学特征,展现傈僳族诗歌句式、韵律及修辞特点
摆时和优叶,历史学特征,承载多声唱法、颤音技法等音乐演化轨迹
摆时和优叶,符号学特征,衬词运用构成独特的语言标识系统
摆时和优叶,美学特征,创造富于民族个性的艺术表现手法体系
《洛奇洛耶与扎斯扎依》,社会学特征,婚恋生死
《洛奇洛耶与扎斯扎依》,社会学特征,风俗习惯
《洛奇洛耶与扎斯扎依》,民族学特征,哈尼族碧约人
《洛奇洛耶与扎斯扎依》,民族学特征,原始崇拜
《洛奇洛耶与扎斯扎依》,民族学特征,精神信念
《洛奇洛耶与扎斯扎依》,历史学特征,抗租斗争
《洛奇洛耶与扎斯扎依》,符号学特征,铜钉象征压迫
《洛奇洛耶与扎斯扎依》,符号学特征,血淌七天七夜象征不屈
《洛奇洛耶与扎斯扎依》,美学特征,诗与事交相辉映
《洛奇洛耶与扎斯扎依》,美学特征,诗情浓郁
《洛奇洛耶与扎斯扎依》,传承方式,吟唱形式
《洛奇洛耶与扎斯扎依》,流传地区,云南省滇南哈尼族聚居区
《洛奇洛耶与扎斯扎依》,流传地区,普洱市墨江哈尼族自治县
《洛奇洛耶与扎斯扎依》,流传地区,江城哈尼族彝族自治县
《洛奇洛耶与扎斯扎依》,流传地区,宁洱哈尼族彝族自治县
《洛奇洛耶与扎斯扎依》,流传地区,红河州哈尼族村寨
《洛奇洛耶与扎斯扎依》,人物塑造,洛奇洛耶代表英雄智慧
《洛奇洛耶与扎斯扎依》,人物塑造,扎斯扎依代表美丽纯真
《洛奇洛耶与扎斯扎依》,情节结构,开头的歌
《洛奇洛耶与扎斯扎依》,情节结构,赶街相会
《洛奇洛耶与扎斯扎依》,情节结构,秧田对歌
《洛奇洛耶与扎斯扎依》,情节结构,串门求亲
《洛奇洛耶与扎斯扎依》,情节结构,成家立业
《洛奇洛耶与扎斯扎依》,情节结构,不死的魂
《洛奇洛耶与扎斯扎依》,情节结构,结尾的歌
《目瑙斋瓦》,民族学特征,展现景颇族的民族特色和文化传统
《目瑙斋瓦》,符号学特征,通过神话传说和象征意义表达景颇族的信仰和价值观
《目瑙斋瓦》,美学特征,具有独特的艺术形式和审美价值
《目瑙斋瓦》,保护传承,应当加以保护和传承，以保持景颇族文化的连续性和完整性
坡芽情歌,民族学特征,壮族文化
坡芽情歌,历史学特征,古代壮族生产生活
坡芽情歌,符号学特征,图画符号代表歌曲
坡芽情歌,美学特征,曲调优美委婉动听
坡芽情歌,社会学特征,记述青年男女爱情故事
坡芽情歌,民族学特征,壮语北部方言演唱
坡芽情歌,历史学特征,民俗礼仪研究价值
坡芽情歌,符号学特征,文字之芽研究线索
坡芽情歌,美学特征,修辞手法灵活多变
坡芽情歌,社会学特征,联曲式结构方式
坡芽情歌,民族学特征,服饰文化体现
坡芽情歌,历史学特征,《诗经》遗风
坡芽情歌,符号学特征,月/星/树等简单质朴图案
坡芽情歌,美学特征,韵律严密和谐
《司岗里》,流传地区,云南省澜沧佤族自治县
《司岗里》,流传地区,云南省西盟佤族自治县
司岗,含义,石洞/洞穴/葫芦
《司岗里》,主题内容,人类起源
《司岗里》,主题内容,祖先事迹
《司岗里》,主题内容,村寨史
《司岗里》,主题内容,家族史
《司岗里》,主题内容,民族史
《司岗里》,主题内容,民族关系
《司岗里》,主题内容,爱情故事
《司岗里》,涉及领域,自然现象
《司岗里》,涉及领域,传统习俗
《司岗里》,涉及领域,部落战争
《司岗里》,涉及领域,祭祀
《司岗里》,涉及领域,繁衍生息
《司岗里》,表达思想,劳动创造世界
《司岗里》,表达思想,原始宇宙观
《司岗里》,表达愿望,各民族友好相处
《司岗里》,表达愿望,团结和睦
《司岗里》,传承方式,口述传承
《司岗里》,发展形式,吟唱歌咏
《司岗里》,历史时长,上千年
《司岗里》,文化载体功能,民族历史
《司岗里》,文化载体功能,道德观念
《司岗里》,文化载体功能,宗教信仰
《司岗里》,文化载体功能,哲学思想
《司岗里》,文化载体功能,风俗习惯
《司岗里》,社会地位,民间口述文学经典之作
《司岗里》,研究价值,民族起源
《司岗里》,研究价值,文学艺术
《司岗里》,研究价值,风俗习惯
《司岗里》,研究价值,生产生活
《司岗里》,研究价值,宗教哲学
佤族,社会阶段跨越,原始社会末期→新民主主义社会
《司岗里》,出版形式,汉文译本
召树屯与喃木诺娜,民族学特征,代表傣家人典型性格
召树屯与喃木诺娜,历史学特征,历史久远版本众多
召树屯与喃木诺娜,符号学特征,佛寺壁画/经画创作题材
召树屯与喃木诺娜,美学特征,傣族独特艺术手法塑造完美形象
召树屯与喃木诺娜,社会学特征,忠于爱情/热爱家乡的高尚品德
召树屯与喃木诺娜,社会学特征,勇敢顽强/坚忍不拔的刚毅精神
召树屯与喃木诺娜,民族学特征,傣泐文记载/傣泐语吟唱
召树屯与喃木诺娜,符号学特征,金湖命名来源
召树屯与喃木诺娜,历史学特征,口头传承的说唱韵文长诗
召树屯与喃木诺娜,历史学特征,散文体长篇故事
召树屯与喃木诺娜,民族学特征,傣族人民理想追求
哈尼哈吧,民族学特征,哈尼族民族文化体现
哈尼哈吧,历史学特征,涉及古代社会生产劳动与原始宗教祭典
哈尼哈吧,符号学特征,庄重典雅的古老歌唱形式
哈尼哈吧,美学特征,结构严谨、规模宏大的连续演唱艺术
哈尼哈吧,民族学特征,以梯田农耕为核心的文化载体
哈尼哈吧,历史学特征,记录婚嫁丧葬及吃穿用住习俗
哈尼哈吧,符号学特征,一人主唱与众人伴唱的互动模式
哈尼哈吧,美学特征,一问一答、二人对唱加众人和声的表现手法
哈尼哈吧,社会学特征,表达节日祝贺与吉祥如意的集体心愿
哈尼哈吧,民族学特征,涵盖伦理道德与人文规范的教育功能
哈尼哈吧,历史学特征,反映文学艺术发展的活态文本
哈尼哈吧,符号学特征,《窝果策尼果》等代表性作品体系
哈尼哈吧,美学特征,多声部合唱的音乐表现形式
达古达楞格莱标,流传地区,临沧市镇康县
达古达楞格莱标,流传地区,耿马县
达古达楞格莱标,流传地区,双江县
达古达楞格莱标,流传地区,缅甸掸邦
达古达楞格莱标,流传地区,佤邦
达古达楞格莱标,文化属性,植物崇拜茶神
达古达楞格莱标,创作形式,集体创作的部落故事
达古达楞格莱标,文字载体,傣文抄本
达古达楞格莱标,结构组成,序歌
达古达楞格莱标,结构组成,茶神下凡诞生人类
达古达楞格莱标,结构组成,光明与黑暗的斗争
达古达楞格莱标,结构组成,战胜洪水和恶势力
达古达楞格莱标,结构组成,百花百果的由来与腰箍的来历
达古达楞格莱标,结构组成,各民族的繁衍
达古达楞格莱标,主题内容,德昂民族的诞生与发展
达古达楞格莱标,主题内容,同大自然顽强斗争的艰苦历史
达古达楞格莱标,文化内涵,悠久茶文化
达古达楞格莱标,历史渊源,古老茶农称谓
达古达楞格莱标,社会功能,指导人们行为规范
达古达楞格莱标,民族精神体现,德昂族的民族精神
达古达楞格莱标,研究领域,历史学
达古达楞格莱标,研究领域,文化学
达古达楞格莱标,研究领域,民俗学
达古达楞格莱标,研究领域,伦理学
达古达楞格莱标,保护现状,传承链条相对脆弱急需保护
查姆,彝语含义,大和起源
查姆,意译,万物的起源
查姆,记录者,毕摩彝族祭司
查姆,使用文字,彝文
查姆,载体形式,书笺
查姆,结构特点,庞杂
查姆,艺术风格,神话色彩浓厚
查姆,本质属性,神话史诗
查姆,哲学思想,朴素的唯物主义自然观
查姆,历史观点,朴素的历史进化因素
查姆,据载数量,一百二十多个
查姆,篇章划分,上部和下部
查姆下部,核心内容,天文地理、占卜历算、诗歌文学
查姆,文化定位,彝族百科全书
查姆,别称,根谱
查姆,人类发展阶段论述,三个发展阶段
查姆,进化观点,猴子变人
查姆,研究价值领域,彝族社会发展史
查姆,研究价值领域,民族形成史
查姆,传承危机原因,通晓彝文的人越来越少
查姆,保护现状,刻不容缓
梅葛,取名来源,彝语曲调名称
彝族民间歌曲,常用曲调,梅葛调
梅葛,表现形式,历史叙事长诗
口传彝族创世史诗,行数,五千七百七十余行
口传彝族创世史诗,组成部分,创世
口传彝族创世史诗,组成部分,造物
口传彝族创世史诗,组成部分,婚事和恋歌
口传彝族创世史诗,组成部分,丧葬
梅葛,类型,老年梅葛
梅葛,类型,中年梅葛
梅葛,类型,青年梅葛
梅葛,类型,娃娃梅葛
老年梅葛,别称,赤梅葛
老年梅葛,反映内容,彝族群众的劳动和生活
中年梅葛,主要内容,青年男女成家后生产生活的艰难
中年梅葛,曲调特点,凄婉忧伤
青年梅葛,别称,山梅葛
青年梅葛,演唱特点,即兴发挥
娃娃梅葛,俗称,娃娃腔
娃娃梅葛,演唱者,成群结伙的彝族青少年和儿童
娃娃梅葛,演唱形式,对唱
梅葛,勾画内容,彝族古代发展历史
梅葛,勾画内容,彝族先民生产劳动
梅葛,勾画内容,彝族先民社会生活
梅葛,展示内容,古代彝族先民的恋爱
梅葛,展示内容,古代彝族先民的婚事
梅葛,展示内容,古代彝族先民的丧葬
梅葛,展示内容,古代彝族先民的怀亲
梅葛,研究价值,民俗学
梅葛,研究价值,文学
彝族梅葛,需求,亟待保护
《阿诗玛》,所属民族,彝族撒尼人
《阿诗玛》,文学形式,叙事长诗
《阿诗玛》,语言载体,撒尼彝语
《阿诗玛》,创作方式,集体智慧结晶
《阿诗玛》,流派分布,南北两个大同小异的流派
《阿诗玛》,修辞手法,伏笔、夸张、讽刺
《阿诗玛》,表现技巧,谐音、顶针、拈连、比喻
《阿诗玛》,传唱场合,婚嫁、祭祀、葬仪、劳动、生活
《阿诗玛》,唱调类型,喜调、老人调、悲调、哭调、骂调
《阿诗玛》,外文译本,英、法、德、西班牙、俄、日、韩
《阿诗玛》,国内改编艺术门类,电影、京剧、滇剧、歌剧、舞剧、撒尼剧
《阿诗玛》,获奖记录,西班牙桑坦德第一届国际音乐最佳舞蹈片奖
《阿诗玛》,反映的民族性格,断得弯不得
《阿诗玛》,主题思想,光明终将代替黑暗/善美终将代替丑恶/自由终将代替压迫与禁锢
《阿诗玛》,传承危机原因,生活方式改变
《阿诗玛》,传承危机原因,教育体制变化
《阿诗玛》,传承危机原因,少数民族语言使用的社会空间改变
《格萨斯尔》,社会学特征,多民族民间文化可持续发展见证
《格萨斯尔》,民族学特征,草原游牧文化结晶
《格萨斯尔》,民族学特征,古代藏族/蒙古族民间文化最高成就
《格萨斯尔》,历史学特征,口耳相传方式传承
《格萨斯尔》,历史学特征,现存最早北京木刻版《十方圣主格斯尔可汗传》
《格萨斯尔》,符号学特征,母语表达主要载体
《格萨斯尔》,符号学特征,唐卡/藏戏/弹唱艺术灵感源泉
《格萨斯尔》,美学特征,表达民族情感功能
《格萨斯尔》,社会学特征,强化民族认同作用
《格萨斯尔》,社会学特征,调节社区生活角色
《格萨斯尔》,民族学特征,跨文化传播至蒙古国/俄罗斯布里亚特/卡尔梅克地区
《格萨斯尔》,民族学特征,流传至印度/巴基斯坦/尼泊尔/不丹等国
《格萨斯尔》艺人,社会学特征,文盲但具超常记忆力
《格萨斯尔》艺人,社会学特征,叙事创造力达几万至几十万行
《格萨斯尔》艺人,历史学特征,职业化群体萎缩现象
《格萨斯尔》艺人,历史学特征,老艺人相继辞世导致传承危机
《格萨斯尔》,社会学特征,受众群缩小面临消亡危险
《格萨斯尔》,历史学特征,现代化进程影响生计方式变化
社会学特征,哈尼族四季生产调,群众基础广泛
民族学特征,哈尼族四季生产调,技术要领
民族学特征,哈尼族四季生产调,天文历法知识
民族学特征,哈尼族四季生产调,自然物候变化规律
民族学特征,哈尼族四季生产调,人生礼节规范
历史学特征,哈尼族四季生产调,起源时间下限不晚于唐代
历史学特征,哈尼族四季生产调,见证梯田稻作文明变迁历程
符号学特征,哈尼族四季生产调,语言生动活泼
美学特征,哈尼族四季生产调,直白朴素
美学特征,哈尼族四季生产调,幽默风趣
美学特征,哈尼族四季生产调,审美体验
牡帕密帕,流传地区,云南省思茅市澜沧拉祜族自治县
牡帕密帕,文学形式,长篇诗体创世神话
牡帕密帕,内容主题,造天地日月
牡帕密帕,内容主题,造万物和人类
牡帕密帕,内容主题,人类初始阶段的生存状况
牡帕密帕,表演者角色,嘎木科会唱诗的人
牡帕密帕,表演者角色,魔巴宗教活动主持者
牡帕密帕,演唱方式,多人伴唱
牡帕密帕,演唱方式,多人轮唱
牡帕密帕,歌词特点,通俗简练
牡帕密帕,格律特征,对偶句居多
牡帕密帕,曲调特点,优美动听
牡帕密帕,调式差异,因地域不同而有差异
牡帕密帕,演唱风格,以字行腔
牡帕密帕,演唱风格,有说唱的特点
牡帕密帕,演出场合,传统节日
牡帕密帕,演出场合,宗教活动
牡帕密帕,演出场合,农闲期间
牡帕密帕,文化价值,拉祜族历史文化研究不可或缺的宝贵资料
牡帕密帕,文化功能,拉祜族文化的载体
牡帕密帕,社会作用,维系拉祜族精神生活的纽带
牡帕密帕,濒危状况,受现代文化冲击濒临失传
牡帕密帕,传承困境,后继乏人
牡帕密帕,现存传承人数量范围,仅剩至人
《遮帕麻和遮咪麻》,传承形式,唱诗和口头白话
阿昌族人口,数量,三万多
阿昌族主要聚居地,地点,九保、曩宋、陇川县户撒
宗教及民俗活动,念诵内容,《遮帕麻和遮咪麻》
普通百姓活动,包括,建房、迎候亲戚、娶亲迎候媒人
窝罗舞,伴随行为,边歌边舞
开头唱词,主题,盘家谱
开头唱词,颂扬对象,遮帕麻和遮咪麻
遮帕麻和遮咪麻,身份,阿昌族始祖
遮帕麻和遮咪麻,事迹,造天织地、制服洪荒、创造人类、智斗邪魔腊訇
遮帕麻和遮咪麻,神性地位,至尊善神
遮帕麻和遮咪麻,职能,护佑之神
遮帕麻和遮咪麻,祭祀角色,主掌之神
《遮帕麻和遮咪麻》,体裁类型,长诗
《遮帕麻和遮咪麻》,反映内容,人类从母权制向父权制过渡
盐婆神话,文化属性,古代西南民族游牧文化活化石
《遮帕麻和遮咪麻》,文化地位,阿昌族文化发展的丰碑
遮帕麻和遮咪麻的故事,知晓范围,家喻户晓
讲述群体,人员构成,阿昌族男女老少
史诗传承现状,面临问题,懂阿昌古语的人越来越少
能说唱史诗的活祀祭司数量变化,从...减至...,原来的人减为人
彝族祭山神仪式,民族学特征,白彝人与自然万物和谐融合的表现
彝族祭山神仪式,历史学特征,沿袭了千年的传统
彝族祭山神仪式,符号学特征,通过鸡、猪、酒、米等物质形式敬献给山神、石神
彝族祭山神仪式,美学特征,曲调委婉多变富有神秘感
彝族祭山神仪式,社会学特征,民族团结精神和凝聚力
彝族祭山神仪式,民族学特征,家传的主要传承方式
彝族祭山神仪式,历史学特征,入选云南省第四批省级非物质文化遗产代表性项目名录
彝族祭山神仪式,符号学特征,祭师与祖灵和天地神灵沟通的方式
彝族祭山神仪式,美学特征,旋律随唱词的声韵不断变化而终止音不变
祭祀龙神,目的,祈求风调雨顺、稻谷丰收、消灾除病
吞口,水语发音,及根
及根,含义,想吃什么就能吃什么/表吞灭之意
吞口种类,包括,人首、凸眼、犬耳、宽鼻、獠牙、咧嘴、伸舌、口含利剑等
吞口,按造型特征和功能用途分类,凶神恶煞型
吞口,按造型特征和功能用途分类,猩猩必煞型
吞口,按造型特征和功能用途分类,双剑雾煞型
吞口,按造型特征和功能用途分类,送子行煞型
吞口制作流程第一步,内容,举行仪式烧香、念咒、请师、报吉祥
吞口制作流程第二步,选材,香樟树、楸树、白杨树
吞口制作流程第三步,核心环节,勾图制作画线、雕刻
吞口制作流程第四步,关键操作,点睛上漆红、白、黑三色土漆
吞口制作流程第五步,活动内容,选择吉日良时请师傅给制作好的吞口举行仪式、念咒开光、驱邪避秽
水族吞口原作用途,降妖除魔、镇邪消灾)18.(水族吞口现演化意义,祭祀礼拜、祈求平安
水族吞口,表达情感,对美好生活的向往
水族吞口制作工艺和艺术形态表现,具有价值,历史价值
水族吞口制作工艺和艺术形态表现,具有价值,文化价值
水族吞口制作技艺现状,处于状态,举步维艰的窘地
水族吞口制作技艺,入选项目,云南省第四批省级非物质文化遗产代表性项目名录
水族吞口制作技艺,项目代表性传承人,郎万平
宝洪茶种植起源,引进品种,福建小叶种茶
宝洪茶命名依据,名称来源,宝洪山
制作工序,包括步骤,杀青/揉捻/初晒/复揉/复晒
使用工具,类型,铁锅和炉灶
技艺要点二,关键控制因素,火候掌握于各阶段
分枝结构特征,分布规律,基部/中部/上部三层分枝角递减
株型优势,功能特性,透光性强受光率高
叶片特点,形态特征,白毫丰满沿纵主脉内跷
生长周期,持续时间对比,比一般茶种长个月
化学成分组成,内含物质,高蛋白/高叶绿素/丰富碳水化合物
物候特征,开采时间,惊蛰节令即可开采
香气属性,复合香型,兰花香和板栗花香
抗逆性能,抵抗能力,抗寒/抗旱/抗病虫力强
冲泡美学表现,动态意象,芽头似鱼头/叶片展如鱼鳍
文化价值认定,非遗级别,云南省第四批省级非物质文化遗产
传承人身份,代表性人物,张文彬
张蝴绵制作技艺,传承代数,五代传人
张蝴绵制作技艺,核心工序类别,蚕丝制作和被胎制作
张蝴绵制作技艺,蚕丝制作工序,选茧、装袋、煮茧、漂洗、脱水蚕茧、剥茧、上绵、洗绵、脱水丝绵、定型、烘烤、检验、打包入库
张蝴绵制作技艺,被胎制作工序,称重、分绵、齐绵、撕铺子、铺子检验、扩铺子、铺芯
张蝴绵制作技艺,相关制品,蚕丝被、蚕丝枕头、蚕丝垫
张蝴绵制作技艺,原料,双宫蚕茧
张蝴绵制作技艺,产品特性,厚薄均匀不变形不脱节不起球
张蝴绵制作技艺,优势对比,克服普通手工丝绵被易变形/易脱节/需拆翻的短板；避免机制丝绵被板结弊端
张蝴绵制作技艺,工艺特点,不加药水、手工精制、透光台严格检验
张蝴绵制作技艺,使用寿命,三十年不变形
张蝴绵制作技艺,材料特性,桑蚕丝填充物、不用一针一线
张蝴绵制作技艺,品质特征,轻薄、贴身、透气
张蝴绵制作技艺,经济影响,带动周边地区蚕桑业发展
张蝴绵制作技艺,非遗级别,云南省第四批省级非物质文化遗产代表性项目名录
皇姑庙,纪念对象,安化郡主
安化郡主,身份关联,明永历皇帝朱由榔之妹
安化郡主,去世地点,云南广南县城北壮族村寨
村民,迁葬行为,革农村旁今太平寨
壮族乡亲,确立习俗,每年农历四月第一个寅日举行接皇姑仪式
接皇姑节,演变内容,上皇姑坟及接皇姑仪式结合
皇姑节内涵,包括信仰诉求,祈求风调雨顺、五谷丰登、平安幸福
皇姑节内涵,体现文化交流,壮汉文化互相学习友好
皇姑节内涵,象征意义,各民族的团结友爱精神
皇姑节活动,展示元素,广南壮族传统礼仪
皇姑节活动,展示元素,壮族服饰
皇姑节活动,展示元素,壮族歌舞
皇姑节活动,展示元素,壮族饮食文化
皇姑节影响范围,涉及省份,云南、广西、贵州
皇姑节参与者,民族构成,壮、苗、彝、瑶等各族群众
皇姑节参与人数,规模描述,每年多达上万人
皇姑节历史价值,研究领域,明末清初历史故事
皇姑节研究意义,学术方向,广南及周边民族文化交流史
皇姑节文化属性,包含要素,壮族众多文化元素
皇姑节研究价值,参考对象,广南地区生产生活习俗
祭祀活动,蕴含品质,感恩向善
祭祀活动,蕴含品质,团结包容
皇姑节功能,文化作用,弘扬壮族优秀传统文化
皇姑节功能,社会作用,增强民族自信心和自豪感
皇姑节功能,政治意义,促进民族团结
皇姑节功能,社会目标,构建和谐社会
皇姑节地位,非遗级别,云南省第四批省级非物质文化遗产代表性项目名录
皇姑节传承人,代表性人物,高泽州
弄驴壮族民歌,历史学特征,清代嘉庆年间已广泛流传并有碑刻族谱佐证
弄驴壮族民歌,符号学特征,使用赋比兴手法及赞美/夸饰/自谦等修辞构造词句
弄驴壮族民歌,美学特征,高亢明亮旋律配合真假声对比演唱技巧
弄驴壮族民歌,社会学特征,涵盖生产生活、宗教信仰、自然崇拜等内容体系
弄驴壮族民歌,民族学特征,以壮语无伴奏形式呈现同辈分男女集体歌唱传统
弄驴壮族民歌,历史学特征,李熙龄《广南府志》记载其作为婚恋媒介的功能
弄驴壮族民歌,符号学特征,五言为主杂言相辅且讲究首尾韵/尾腰韵/尾韵结构
弄驴壮族民歌,美学特征,通过不同曲调表意与相同曲调多义实现艺术表达
澜沧傣族传统手工造纸技艺,主要原料,构皮树、小叶树
构皮树,植物类型,常绿阔叶灌木
构皮树,种植特点,当地普遍生长易栽易活且农户房前屋后多有种植
澜沧傣族传统手工造纸技艺,工艺流程步骤,浸泡、蒸煮、捣浆、抄纸、晾晒
采料环节,时间特征,每年七八月间
采料环节,操作方式,用刀剥下构树主干或枝干的皮并去掉绿色表层
晒料环节,处理方法,将采剥来的构树皮挂在院内晒干后储存备用
拌灰环节,材料处理,先用筛子过滤火灰去除杂物后使火灰均匀附着于构皮以实现碱化
蒸煮环节,工具与时长,已盛水的锅中盖麻布用中火蒸煮三四个小时左右
清洗环节,清洁方式,在溪流中用水冲洗附着的火灰并用手浣洗清理杂质及硬物
捣浆环节,工具与标准,石墩上用木槌反复捶打至纤维能在水中自然散开
晒纸环节,干燥方式,将抄好的纸连同纸模抬到阳光下曝晒
砑光环节,时机与工具,纸晒到七八成干时用边缘光滑完整的瓷碗打磨纸模背面提升光滑度与色泽
揭纸环节,操作流程,纸晒干后先手撕一角再用光滑揭纸木刀轻揭整张纸
澜沧傣族传统手工造纸,材料特性,不添加任何化学制剂
成品用途,应用场景,缅寺抄写经文、民俗活动、日常生活、绘画、食品及茶叶包装
澜沧傣族传统手工造纸技艺,非遗地位,入选云南省第四批省级非物质文化遗产代表性项目名录扩展项目名录
澜沧傣族传统手工造纸技艺,代表性传承人,咩喃满
《鲁般鲁饶》,民族学特征,纳西族文化身份认同载体
《鲁般鲁饶》,历史学特征,东巴经文献与口头传统的互证关系
松柏自焚仪式,符号学特征,生死相随的精神图腾
十二岩子坡自缢场景,美学特征,自然景观与情感共鸣的意象构建
东巴文字记录版本,历史学特征,少数民族古籍存续案例
和强飞作为传承人,民族学特征,活态文化传承主体角色
牧奴迁徙记译名,符号学特征,社会变革的语言印记
高山牧场生活描写,民族学特征,游牧经济形态文学化呈现
父母干预叙事,社会学特征,代际冲突的结构性表达
殉情文学先河地位,历史学特征,文类起源研究的文本依据
光邦鼓,鼓身长度,一米左右
光邦鼓,制作材料-木材,攀枝花
光邦鼓,制作材料-皮革,小母牛皮
傣族男孩,学习年龄,岁左右
光邦鼓舞,最初功能,驱逐野兽
光邦鼓舞,现代功能,信息传递
光邦鼓舞,现代功能,预警
光邦鼓舞,现代功能,娱乐
光邦鼓舞,表演场合,红白喜事
光邦鼓舞,表演场合,宗教活动
光邦鼓舞,艺术性特征,较强
光邦鼓舞,观赏性特征,较强
表演队伍,组成单位,三人小组
三人小组,角色分工,鼓手
三人小组,角色分工,铓手
舞鼓者,左手动作,掌拍击左鼓面
舞鼓者,右手动作,执鼓棒擂击右鼓面
鼓音效果,特点描述,高低音混合
脚步动作,特征描述,前后踏进似欲进还退
配合乐器,包括,铓
配合乐器,包括,镲
鼓点节拍,类型数量,五种
光邦鼓舞,风格韵味,古朴
光邦鼓舞,气势特点,磅礴豪迈
光邦鼓舞,情绪表达,激昂高亢
光邦鼓舞,文化内涵,民族风俗
光邦鼓舞,文化内涵,宗教礼仪
光邦鼓舞,文化内涵,民间歌舞
光邦鼓舞,社会作用,傣族社会习俗传承延续的重要载体
光邦鼓舞,入选项目,云南省第三批省级非物质文化遗产代表性项目名录
光邦鼓舞,代表性传承人,帕安然
迪庆藏刀,历史渊源,吐蕃传入
迪庆藏刀,加工材料,银
迪庆藏刀,加工材料,铜
迪庆藏刀,加工材料,铁
迪庆藏刀,加工材料,牛角
迪庆藏刀,加工材料,玛瑙
迪庆藏刀,加工材料,硬杂木
迪庆藏刀,制作流程,破料
迪庆藏刀,制作流程,打制
迪庆藏刀,制作流程,整形
迪庆藏刀,制作流程,淬火
迪庆藏刀,制作流程,打磨
迪庆藏刀,制作流程,錾花
迪庆藏刀,制作流程,装配
迪庆藏刀,原料类型,铁料
迪庆藏刀,原料类型,钢材
迪庆藏刀,关键工艺环节,淬火
淬火工艺,技术特点,独特药水配制秘方
淬火效果判断依据,最佳颜色表现,黄白色
淬火效果判断依据,过长时间表现,蓝色
打磨过程,包含环节,刮刀
打磨过程,包含环节,开刃
打磨过程,包含环节,磨刀刃
錾花工艺,使用工具,尖口小錾子
錾花部位,实施位置,刀鞘
錾花部位,实施位置,刀叶
刀柄材质,可选材料,皮革
文化象征意义,功能属性,吉祥护身符
文化象征意义,功能属性,生活必备工具
非遗项目名称,具体名称,迪庆藏刀制作技艺
非遗保护级别,认定批次,云南省第四批省级非物质文化遗产代表性项目名录
项目代表性传承人,姓名,廖金明
艺术价值体现,装饰特征,花纹华丽夺目
临沧,野生型/过渡型/栽培型古茶树资源丰富,社会学特征
临沧,种茶制茶历史悠久,历史学特征
临沧,被誉为茶资源历史博物馆,符号学特征
临沧普洱茶传统制作技艺,包括采摘/揉捻/晒干等工序,民族学特征
传统手工制作的普洱茶,外形壮实圆直紧结完整,美学特征
熟茶,以陈香味主导并有枣香/参香/槟榔香等植物特殊香气,符号学特征
自然熟化的生茶,多以樟香/清香为主,美学特征
临沧普洱茶,按照形态分为团茶/沱茶/饼茶/砖茶/散茶等类型,符号学特征
邦东忙麓团茶,用忙麓山产的大叶茶为原料并用生白布包住紧压定型,民族学特征
沱茶,将凤山晒青毛茶与勐库茶晒青毛茶拼配后加压成碗状,工艺特征
普洱生茶,采摘后以自然方式发酵宜存放多年使茶性转温和,历史学特征
临沧普洱茶,作为云南的一张亮丽名片,社会学特征
临沧普洱茶传统制作工艺,入选云南省级非物质文化遗产代表性项目名录扩展项目名录,历史学特征
大词戏,传入时间,清代光绪年间
大词戏,传入群体,江西、湖广及江、浙一带的守城官兵
大词戏,融合元素,滇戏
大词戏,融合元素,洞经古乐
大词戏,融合元素,维西各民族的音乐
大词戏,融合元素,维西各民族的舞蹈元素
大词戏,文化特征,中原汉文化与边地少数民族文化结合
大词戏,曲牌风格来源,江西赣剧
大词戏,演唱形式,一人所唱众人帮腔
大词戏,伴奏乐器,锣鼓
大词戏,主要打击乐器,提板
大词戏,主要打击乐器,羯鼓/小鼓/统子
大词戏,主要打击乐器,堂鼓
大词戏,主要打击乐器,大钹
大词戏,主要打击乐器,小钗
大词戏,主要打击乐器,大锣
大词戏,主要打击乐器,小锣
大词戏,历史角色行当,生、旦、净、丑
大词戏,现行角色行当,生、旦、净、丑、杂
大词戏,脸谱风格相似于,滇剧
大词戏,脸谱风格相似于,京剧
大词戏,演出服饰通用性,一般戏曲服饰
大词戏,历史剧目,《目连寻母》
大词戏,历史剧目,《重耳走国》
大词戏,历史剧目,《平天下》
大词戏,历史剧目,《刘全进瓜》
大词戏,历史剧目,《唐僧取经》
大词戏,剧本结构特点,紧凑
大词戏,矛盾冲突特点,集中
大词戏,文学性评价,较强
大词戏,观赏性评价,较强
大词戏,传承现状,青黄不接
大词戏,保护级别,云南省第三批省级非物质文化遗产代表性项目名录
大词戏,代表性传承人,杨淑珍
大词戏,代表性传承人,赵寿珍
程海石湾洞经队,民族学特征,多民族融合传统
程海石湾洞经队,历史学特征,明清移民文化遗存
程海石湾洞经队,符号学特征,儒释道仪式符号体系
程海石湾洞经队,美学特征,丝竹乐与声腔结合艺术
三川东河洞经队,社会学特征,乡村礼俗实践载体
三川东河洞经队,民族学特征,汉彝文化共生现象
三川东河洞经队,历史学特征,土司制度关联性传承
三川东河洞经队,符号学特征,经文谱本记谱法
三川东河洞经队,美学特征,套曲结构韵律美
民间谚语,内容,丽江粑粑鹤庆酒大理酸鱼天下行
徐霞客,评价,酥油饼丝为“奇点”
酥油饼丝,类别,油炸粑粑
丽江粑粑系列产品,包括,灶烤粑粑/水焖粑粑/水蒸粑粑/锅贴粑粑
油炸粑粑制作工艺,要求面团特软)7.(油炸粑粑制作步骤,擀薄如纸后撒馅卷筒压饼文火炸黄
灶烤粑粑制作工艺,面粉加土碱掺水揉制烙饼后置鹅卵石翻转烤熟)10.(水焖粑粑与水蒸粑粑共性,先烙至二三成熟呈锅状加水加热
水焖粑粑烹饪方式,倒扣锅中焖熟)12.(水蒸粑粑烹饪方式,放在蒸板上猛火蒸熟
锅贴粑粑工艺特征,椭圆条状首尾相接贴锅距水面四五厘米焖熟)14.(锅贴粑粑口感特点,皮脆内绵兼有菜香
赵嘉红,身份,丽江粑粑制作技艺代表性传承人
苗族射弩,演变自,传统体育竞技活动
苗族射弩,列入赛事,全国少数民族传统体育运动会
大关苗族射弩,使用工具,传统弩
传统弩,制作材料,特殊良木
传统弩,制作材料,元麻绳
传统弩,制作材料,优质竹
春节,举行活动,射弩比赛
花山节,举行活动,射弩比赛
射弩技艺高超者,成为对象,苗家姑娘追求
射弩技艺高超者,成为对象,苗家小伙仰慕
苗族射弩,功能,强健身体
苗族射弩,功能,鼓舞斗志
苗族射弩,功能,增进民族团结
苗族射弩,功能,促进社会和谐
苗族射弩,角色,民族文化交流传统项目
苗族射弩,象征意义,文化符号
苗族射弩实践,体现精神,坚强
苗族射弩实践,体现精神,勇敢
苗族射弩实践,体现精神,稳重
当地政策,措施,鼓励老艺人收徒
当地政策,措施,集中传艺培训青年
优秀青年,参与赛事级别,市民运会
优秀青年,参与赛事级别,全国民运会
杨兴均,身份,项目代表性传承人
杨兴才,身份,项目代表性传承人
制陶工具,包括,花纹板来摩
制陶工具,包括,圆石恒
制陶工具,包括,木板达摩
制陶工具,包括,木槌火恒
制陶工具,包括,锅底板扁
原料,使用材料,当地灰色黏土
常见工序,包含步骤,取土
常见工序,包含步骤,晒土
常见工序,包含步骤,碎土
常见工序,包含步骤,筛土
常见工序,包含步骤,和泥
常见工序,包含步骤,制坯
常见工序,包含步骤,晾晒
常见工序,包含步骤,烧制
成品品种,包括,土锅
成品品种,包括,水缸
成品品种,包括,药罐
成品品种,包括,土盆
成品品种,包括,茶壶
传承方式,特点,家庭传承
传承规则,规定,传女不传男
历史经济功能,作为,家庭主要收入来源
现状变化,趋势,制作人数减少
现存技艺持有者,人物,刀玉化
技艺能力,掌握,完整制陶技艺
代表作品类型,包括,大小各异的土锅
代表作品类型,包括,多种样式的水缸
代表作品类型,包括,药罐等十多种器皿
非遗认定时间,入选年份,云南省第一批省级非物质文化遗产保护名录
代表性传承人,指定为,刀玉化
酥油花,民族性,体现藏文化和宗教艺术结合
酥油花,历史学特征,宗喀巴大师在拉萨大昭寺发起祈愿大法会组织制作大型立体酥油花
酥油花,符号学特征,题材包含佛神、菩萨金刚、飞禽走兽等宗教故事与传说戏曲
酥油花,美学特征,手法写实传神具有很高艺术水准
酥油花,材质特性,以酥油和颜料为基础揉捏调制
酥油花,工艺工序,需经过揉捏、混色、制模、粘贴、扎骨架等多道流程
酥油花,色彩体系,每种颜色按深浅不同最少配制四种
酥油花,保存限制,因酥油易化只能在冬季制作且无法长期保存
酥油花,文化价值,包含宗教学、美学、造型等学科知识
酥油花,非遗地位,入选云南省第四批省级非物质文化遗产代表性项目名录
酥油花,代表性传承人,阿安
西盟佤族甩发舞,民族学特征,源于生产生活的长发护理习俗
西盟佤族甩发舞,历史学特征,由民间艺人加工提炼自日常梳妆行为
西盟佤族甩发舞,符号学特征,黑红色服饰配银饰代表民族审美
西盟佤族甩发舞,社会学特征,集体协作的多人环形或排式队形
西盟佤族甩发舞,民族学特征,以长发为美的文化价值观体现
西盟佤族甩发舞,历史学特征,从单一前后甩发展到多样化甩法演变
西盟佤族甩发舞,符号学特征,银头箍/珠链/大耳环构成身份标识系统
西盟佤族甩发舞,美学特征,歌声与踏步节奏形成视听交响效果
西盟佤族甩发舞,社会学特征,自娱性群众文化活动属性
西盟佤族甩发舞,民族学特征,显示佤族女性社会角色认同
西盟佤族甩发舞,历史学特征,入选云南省非遗扩展项目名录
西盟佤族甩发舞,符号学特征,发梢触地动作隐喻自然崇拜
西盟佤族甩发舞,美学特征,垂直甩发瞬间塑造雕塑感造型
德钦藏族传统服饰,受影响因素,气候
德钦藏族传统服饰,受影响因素,海拔
德钦藏族传统服饰,特点,色彩艳丽
德钦藏族传统服饰,特点,雍容华贵
德钦藏族传统服饰,技艺,传统手工编织服饰技法
德钦藏族传统服饰,组成部分,腰带
德钦藏族传统服饰,组成部分,披肩
德钦藏族传统服饰,组成部分,藏袍
德钦藏族传统服饰,组成部分,楚巴
德钦藏族传统服饰,组成部分,古季皮套衣
德钦藏族传统服饰,组成部分,狐皮帽子
德钦藏族传统服饰,佩饰类型,耳环
德钦藏族传统服饰,佩饰类型,胸饰
德钦藏族传统服饰,佩饰类型,腰饰
德钦藏族传统服饰,佩饰类型,手饰
德钦藏族传统服饰,佩饰类型,藏刀
德钦藏族传统服饰,材料,金
德钦藏族传统服饰,材料,银
德钦藏族传统服饰,材料,珠宝
德钦藏族传统服饰,材料,石器
德钦藏族传统服饰,文化内涵,价值观
德钦藏族传统服饰,文化内涵,道德观
德钦藏族传统服饰,文化内涵,审美观
德钦藏族传统服饰,遗产类型,历史文化遗产
德钦藏族传统服饰,属性,观赏性
德钦藏族传统服饰,属性,艺术性
德钦藏族传统服饰,属性,实用性
德钦藏族传统服饰,入选名录,云南省级非物质文化遗产代表性项目名录扩展项目名录
阿细祭火,民族学特征,彝族支系阿细文化载体
阿细祭火,历史学特征,再现人类繁衍发展艰难历程
阿细祭火,历史学特征,钻木取火发明过程再现
阿细祭火,符号学特征,火神崇拜
阿细祭火,符号学特征,祖先崇拜
阿细祭火,符号学特征,人类生殖图腾崇拜
阿细祭火,美学特征,跳火狂欢
阿细祭火,美学特征,民间文艺表演
阿细祭火,社会学特征,传承人年龄结构偏大
阿细祭火,社会学特征,完整掌握流程者日趋减少
阿细祭火,民族学特征,质朴精神面貌
阿细祭火,民族学特征,勇敢精神面貌
阿细祭火,民族学特征,乐观精神面貌
阿细祭火,民族学特征,开放精神面貌
阿细祭火,历史学特征,由来久远
阿细祭火,符号学特征,祭火神树
阿细祭火,符号学特征,送新火种
阿细祭火,符号学特征,拜火神
耿马傣族刺绣,工序,备料、打布壳、剪样、贴花、精绣、缝合
傣族刺绣,经线材料,白纱线
傣族刺绣,纬线颜色,红、黑
傣族刺绣,图案构成方式,几种不同纹样连续构成
傣族刺绣,配色特点,亮度相同的色彩配色并置
傣族刺绣,纹饰主题,大象、孔雀、狮、马、花、树、缅寺、人纹及一些菱形等几何图案
傣族刺绣,使用材料,棉线或丝线有时加入金线
傣族刺绣,常见技法,平绣、挑绣、锁边绣、盘金绣
傣族刺绣,应用载体,鞋面、枕头套、门帘、佛幡、孩儿帽等用品
傣族刺绣,代表作品,绣花鞋
绣花鞋,特点,绣工精湛色彩绚丽
傣族刺绣,地域特点,鲜明
傣族刺绣,历史文化内涵,深厚
傣族刺绣,融合内容,民俗信仰、审美意识和价值观
傣族刺绣,文化研究价值,很高
傣族刺绣,入选名录,云南省第四批省级非物质文化遗产代表性项目名录
傣族刺绣,项目代表性传承人,罕云霞、刀永琴
速古笃,传入中国时间,约公元世纪
速古笃,流传朝代,宋、元、明、清
速古笃,主要流传地区,新疆、内蒙古及山西、河南、陕西一带
速古笃,宋末传入地点,丽江
速古笃,制作材料,核桃木
速古笃,木质特点,重实为佳
速古笃,耐用性,牢实耐用
速古笃,结构组成,琴头、琴身、上共鸣箱、下共鸣箱
速古笃,琴头长度,约厘米
速古笃,琴头宽度,约厘米
速古笃,琴头厚度,约厘米
速古笃,琴头倾斜角度,约度
速古笃,弦轸位置,左侧
速古笃,弦轸间距,相距厘米
速古笃,琴身别称,琴杆或柄
速古笃,琴身长度,长约厘米
速古笃,琴身上窄下宽趋势,上窄下渐宽
速古笃,上共鸣箱长度,长约厘米
速古笃,上共鸣箱宽度比较,比琴稍宽
速古笃,上共鸣箱与琴身相接处特征,有对称的棱角如竹节
速古笃,上共鸣箱音孔形状,凤眼形
速古笃,下共鸣箱长度,长约厘米
速古笃,下共鸣箱最宽处位置及尺寸,中下部最宽处约厘米
速古笃,下共鸣箱中部厚度,约厘米
速古笃,下共鸣箱形态比喻,如瓢状
速古笃,下共鸣箱蒙皮材质,蟒蛇皮或羊皮
速古笃,琴头弦槽位置,背面
速古笃,琴头弦槽宽度,宽约厘米
速古笃,两共鸣箱间音孔形状,月牙形
速古笃,琴码材质,竹制
速古笃,琴码长度,长约厘米
速古笃,琴码高度,高约厘米
速古笃,琴码形状特点,下宽上窄
速古笃,琴码下部特征,中空
速古笃,琴码触琴面宽度,两边触琴面处约厘米
速古笃,带子用途,便于演奏时挎琴
速古笃,清代失传地区,新疆、内蒙古、山西、河南、陕西等原流传地
速古笃,现今流传地,丽江
速古笃,形制特点,古朴
速古笃,制作方法特点,保存传统
速古笃,演奏技艺特点,保存传统
速古笃,对民族音乐和乐器发展研究价值,提供可贵的实物参照
速古笃制作技艺,入选名录批次,云南省第四批省级非物质文化遗产代表性项目名录
速古笃制作技艺,项目代表性传承人,和占环
昭通苗族古歌,民族学特征,使用古苗语作为唱词语言
昭通苗族古歌,历史学特征,记述苗族先民对天地及人类起源的解释
昭通苗族古歌,符号学特征,“九重天”比喻苗族社会的等级制度
昭通苗族古歌,美学特征,采用自问自答与多种修辞手法增强表达效果
昭通苗族古歌,社会学特征,在喜庆歌舞集会时身着盛装集体演唱
昭通苗族古歌,民族学特征,歌手“堵稿”在族群中享有威望并受尊敬
昭通苗族古歌,历史学特征,包含创世史、战争史、迁徙史和生产生活史内容
昭通苗族古歌,符号学特征,芦笙曲调与各篇章内容相匹配形成固定程式
昭通苗族古歌,美学特征,运用比喻、夸张、排比等修辞手法生动叙事
昭通苗族古歌,社会学特征,通过口传方式在不同地域形成程式差异
昭通苗族古歌,历史学特征,记录了苗族艰苦奋斗开创历史的功绩
昭通苗族古歌,符号学特征,五言句式与长短句并存体现自由韵律特点
怒族,传统乐器,三片高音口弦
三片高音口弦,社会学特征,传情达意工具
三片高音口弦,民族学特征,怒族/傈僳族文化符号
三片高音口弦,符号学特征,借音传话
三片高音口弦,制作材料,冬季向阳坡青竹
三片高音口弦,演奏方式,左手压执手右手拨弹
三片高音口弦,音区分类,腮掰/呆呆
腮掰,音区属性,高音区
呆呆,音区属性,中音区
口弦乐,代表曲目,《牵俄》
口弦乐,代表曲目,《情歌》
口弦乐,代表曲目,《路亚谱日吉奴》
口弦乐,代表曲目,《亚姆亚爬那米里》
云南省第三批省级非物质文化遗产,包含项目,口弦乐
口弦乐,代表性传承人,汝马你
口弦乐,代表性传承人,杨勇
花山节,社会学特征,男女青年谈情说爱的场所
花山节,民族学特征,苗族服饰展示
花山节,民族学特征,摔跤活动
花山节,民族学特征,爬花杆传统
花山节,民族学特征,芦笙舞表演
花山节,民族学特征,口弦演奏
花山节,民族学特征,情歌对唱形式
花山节,历史学特征,由比武活动演变而来
雄花杆插蓝色旗,符号学特征,代表父亲
雌花杆插红色旗,符号学特征,代表母亲
雌花杆较高,符号学特征,象征母亲操持家务辛苦
花杆装饰红黄绿三色纸,美学特征,色彩象征体系
踩花山仪式,美学特征,树木造型艺术
节日盛装与花伞,美学特征,视觉装饰效果
芦笙舞动态韵律,美学特征,音乐舞蹈美感
射弩竞技轨迹线,美学特征,力量运动美学
彝族喀红呗,民族学特征,反映古代狩猎和畜牧生活形态的模拟动作如羊角碰角/猴子爬树/老鹰展翅
彝族喀红呗,历史学特征,通过创世古歌与英雄史诗承载民族遭洪水/战争/迁徙等集体记忆
彝族喀红呗,符号学特征,白色孝布象征生死仪式、马铃铛作为节奏符号强化舞蹈结构
彝族喀红呗,社会学特征,老年人稳健舒展与青年人刚劲有力的代际动作差异
彝族喀红呗,民族学特征,跩脚步/甩铃步等十余种舞步构成独特的身体语言体系
彝族喀红呗,历史学特征,四马追羊/野鸡钻篱笆等动作再现古代生产劳动场景
彝族喀红呗,美学特征,直上直下大幅度动作创造强烈空间张力和节奏美感
彝族喀红呗,社会学特征,面临人走艺绝困境亟待抢救的濒危文化遗产现状
彝族喀红呗,民族学特征,左手持铃右握孝布的性别角色分工与祭祀功能关联
彝族喀红呗,历史学特征,每段舞蹈特殊技巧动作记录着族群技艺演化轨迹
彝族喀红呗,符号学特征,毛狗穿洞等拟态动作暗含自然崇拜的原始信仰密码
彝族喀红呗,美学特征,清脆铃声与人体律动构建多维度的审美体验空间
竹林村,所属民族,纳西族
竹林村,主要家族构成,素和尤两大家族
竹林村,森林覆盖率,高
竹林村,主要树种,云南松、高山栲、清香木、核桃、毛竹
竹林村,传统建筑形式,骑厦楼、蛮楼、闷楼、井干式木楞房
竹林村,文化特征,东巴文化传承保护最好
竹林村,非遗资源,纳西族热美蹉、东巴画、东巴造纸技艺、东巴舞、纳西族民居营造技艺、纳西族服饰、民歌谷气调
竹林村,著名人物,大东巴五敖五举、和仕诚
竹林村,保留仪式,祭天、祭猎神、丧葬、乔迁、办寿、满月
竹林村,重要活动,祭天
竹林村,传承群体,白沙细乐演奏队、文化艺术团、传承保护户
大东乡,荣誉称号,云南省人民政府评为大东纳西族热美蹉之乡
大东村,荣誉名录,第一批中国传统村落
竹林村纳西族传统文化生态保护区,入选名录,云南省第四批省级非物质文化遗产代表性项目名录
竹林村纳西族传统文化生态保护区,项目代表性传承人,和智生、和学强
面塑,俗称,花糕
面塑,俗称,捏面人
面塑,艺术类型,传统民间艺术
面团制作,关键步骤,精选上好小麦面粉和糯米面按比例混合
面团制作,添加材料,石蜡
面团制作,添加材料,蜂蜜
面团制作,添加材料,水
面团制作,处理方式,揉匀制成饼状
面团制作,烹饪方法,放入开水中煮熟
面团制作,冷却后操作,加入少许食盐和甘油揉搓
面团制作,防腐措施,加入食盐和甘油防止腐化
面团制作,着色材料,各色食用色素
面团制作,着色材料,液态广告画颜料
面塑艺人,使用工具,刻刀
面塑艺人,技法,捏
面塑艺人,技法,搓
面塑艺人,技法,掀
面塑艺人,技法,切
面塑艺人,技法,刻
面塑艺人,技法,划
面塑艺人,技法,挑
传统面塑题材,包括内容,十二生肖
传统面塑题材,包括内容,动物类
传统面塑题材,包括内容,水果类
传统面塑题材,包括内容,蔬菜类
传统面塑题材,包括内容,人物类
传统面塑题材,包括内容,器皿类
传统面塑题材,涵盖范围,四大名著
传统面塑题材,涵盖范围,民间故事
传统面塑题材,涵盖范围,神话传说
嵩明面塑,生产规模特征,未形成规模化量产
嵩明面塑技艺传承,现状问题,年轻一辈极少愿意投入时间
嵩明面塑项目,代表性传承人,梁俊丽
拖顶藏族酒歌,民族学特征,包含当地藏族人民群众的文化、价值、道德理念
拖顶藏族酒歌,符号学特征,头戴金边帽身着右衽藏红色氆氇楚巴足登长筒藏鞋内穿白色长袖衬衣踏足甩袖
拖顶藏族酒歌,美学特征,节奏欢快肢体动作幅度极大踢踏节奏激烈
哈尼族服饰,民族学特征,族群标志
哈尼族服饰,符号学特征,反映宗教信仰
哈尼族服饰,美学特征,色彩斑斓美观大方
绿春哈尼族服饰,装饰元素,花边/图案/银饰品
纺织工序,包含步骤,种植棉花→收棉→轧棉→弹棉→搓棉→纺线→绕线→煮线→洗线→捻线→拉线→排线→调线→集线→织布→靛染→凉布→裁缝→剪贴→刺绣
纺织器具,构成材料,木和竹
项目传承人,姓名,白玉收
非物质文化遗产,级别,云南省级
哈尼族服饰,文化载体功能,折射生产生活习俗
哈尼族服饰,研究价值,历史学/科学/文化学
服饰细节,装饰部位,袖口/领边/衣襟/脚边
服饰符号系统,编码信息,年龄/婚姻状况/身份
《濮侬论者渡》,社会学特征,丧葬礼俗应用
《濮侬论者渡》,社会学特征,婚礼仪式功能
《濮侬论者渡》,社会学特征,原始宗教祭祀载体
《濮侬论者渡》,民族学特征,壮族濮侬支系文化标识
《濮侬论者渡》,民族学特征,跨境越南侬族共享遗产
《濮侬论者渡》,历史学特征,洪水神话母题保存
《濮侬论者渡》,历史学特征,早期生产技术记录
《濮侬论者渡》,符号学特征,古壮字手抄本留存
《濮侬论者渡》,符号学特征,五言律诗结构体系
《濮侬论者渡》,符号学特征,首尾韵/腰韵/脖韵系统
《濮侬论者渡》,美学特征,口头韵律艺术表现
《濮侬论者渡》,美学特征,民俗音乐曲调变体
《濮侬论者渡》,美学特征,祭司表演仪式美感
《濮侬论者渡》,历史学特征,伦理道德规范承载
《濮侬论者渡》,历史学特征,生态平衡观念体现
《濮侬论者渡》,民族学特征,娘侄婚配习俗反映
《濮侬论者渡》,民族学特征,建房狩猎技艺传承
布朗族山康茶祖节,民族学特征,表现布朗族精神信仰与价值取向
布朗族山康茶祖节,历史学特征,承载重大历史和原始记忆
布朗族山康茶祖节,美学特征,民间歌舞联欢活动
山康茶祖节,社会学特征,未形成组织机制
山康茶祖节,民族学特征,体现朴素生态发展观
山康茶祖节,历史学特征,源于澜沧县惠民镇芒景村
山康茶祖节,符号学特征,茶魂台作为祭祀核心空间
山康茶祖节,美学特征,盛装前往古茶山祭拜
布朗族,社会学特征,传统生产生活方式日渐消失
布朗族,民族学特征,保留原始农耕文化与传统习俗
布朗族,历史学特征,发现驯化种植利用茶的活动
宗教仪式,符号学特征,接新水送饭给老年人
堆沙滴水,符号学特征,统一为死者献饭寓意先人保佑
黄粑酒肉,社会学特征,筹办用于接待各族来宾
三年轮祭制度,历史学特征,第一二年小祭第三年大祭
剽牛仪式,民族学特征,盛大祭祀茶祖的表现形式
万家四宝斋,社会学特征,前身为怀宝银楼
乌铜走银工艺,历史学特征,全手工操作
合金材料,历史学特征,红铜及黄金熔铸
制作流程,历史学特征,浇铸于石板或铁板上成薄块状
成型工艺,历史学特征,手工捶打至所需厚度
装饰手法,历史学特征,镌刻诗词歌赋/山水人物字画图案
焊药应用,历史学特征,祖传秘制配方
色彩变化机制,历史学特征,人体汗液接触后红铜变乌色
艺术表现,符号学特征,刻痕中灌注白银形成对比
工艺符号,符号学特征,"""走银""指银丝嵌入技术"
审美标准,美学特征,红铜与黄金合金比例恰当性
视觉美感,美学特征,白银在刻痕中晶莹白亮效果
造型艺术,美学特征,烟斗/墨盒/酒具等器型设计
装饰美学,美学特征,手工刻绘的精美程度决定品位
非遗认定,社会学特征,云南省级非物质文化遗产扩展项目
陆良彝族大三弦舞,民族学特征,彝族撒尼人文化传统
陆良彝族大三弦舞,历史学特征,世代流传无具体起源时代可查
陆良彝族大三弦舞,符号学特征,琴声和掌声作为召集信号
陆良彝族大三弦舞,舞蹈队形,圆圈和方队为主
陆良彝族大三弦舞,舞步类型,弹跳步、跑跳步、转自跳、十字档、弹脚转身跳、摆臂转圈
陆良彝族大三弦舞,动作特点,蹬脚有韧劲收脚有弹力
陆良彝族大三弦舞,节奏控制,随着音乐快慢和哨音长短变化舞步
陆良彝族大三弦舞,适用场景,广场大型文娱活动与舞台演出
陆良彝族大三弦舞,传承方式,节日聚会与中小学教育活动
陆良彝族大三弦舞,保护地位,云南省第一批省级非物质文化遗产
陆良彝族大三弦舞,代表性传承人,赵竹英
纳西族建筑彩绘,民族学特征,融合汉/藏/白族等多民族技艺
纳西族建筑彩绘,历史学特征,兴起于明代初期
纳西族建筑彩绘,符号学特征,包含佛/道/儒宗教文化图案
纳西族建筑彩绘,美学特征,三脉五脉晕口留白技法
纳西族建筑彩绘,社会学特征,入选云南省第四批省级非物质文化遗产代表性项目名录
纳西族建筑彩绘,民族学特征,具有纳西族特色和地方特点
纳西族建筑彩绘,符号学特征,使用桃木笔及朱丹/石绿/铅粉矿物颜料
纳西族建筑彩绘,社会学特征,维系丽江古城传统建筑风格
纳西族建筑彩绘,民族学特征,反映当地审美趋向与人文色彩
纳西族建筑彩绘,历史学特征,施作于殿宇/祠堂/寺庙等大型木结构建筑
纳西族建筑彩绘,符号学特征,防虫防潮增强木构耐久性功能
木庚锡,角色,项目代表性传承人
文盛街村,民族构成主体,汉族
文盛街村,历史地位,古丝绸之路开南古道重要驿站
文盛街村,荣誉称号,第二批中国传统村落
文盛街村,荣誉称号,第六批中国历史文化名村
文盛街村,建筑结构特征,土木结构青瓦屋顶
文盛街村,传统院落形式,三坊一照壁四合五天井合院建筑
文盛街村,传统院落形式,一颗印式院落
文盛街村,非物质文化遗产项目,密祉元宵灯会民俗活动
文盛街村,民间文学代表作品,《太极顶的传说》
文盛街村,民间文学代表作品,《珍珠泉的传说》
文盛街村,民间文学代表作品,《小河淌水的源头》
文盛街村,民间文学代表作品,《千年树王的传说》
文盛街村,传统音乐类型,弥渡民歌
文盛街村,传统音乐类型,洞经音乐
文盛街村,传统戏剧形式,密祉花灯
文盛街村,传统戏剧形式,花灯小调
文盛街村,传统美术工艺,彩扎
文盛街村,传统美术工艺,剪纸
文盛街村,家庭手工业类型,土陶制作
文盛街村,家庭手工业类型,麻纺
文盛街村,家庭手工业类型,编织竹编
文盛街村,家庭手工业类型,草编
文盛街村,家庭手工业类型,棕编
文盛街村,食品加工工艺,豆腐制作完整流程展示
文盛街村,传统饮食特色,豆腐宴
文盛街村,传统饮食特色,农村土八碗
文盛街村,服饰文化特征,清末风格延续
文盛街村,典型服饰符号,老年妇女头饰勒子
文盛街村,非遗展示场所数量,五处非物质文化展示场馆
文盛街村,文化生态定位,弥渡花灯生存发展空间
文盛街村,文化生态定位,弥渡民歌传承核心区
文盛街村,民俗活动保存完整性,正月十五龙灯会最完整地区之一
文盛街村,省级非遗名录入选时间,云南省第四批省级非物质文化遗产代表性项目名录
文盛街村,项目代表性传承人,石兴才
文盛街村,项目代表性传承人,王海富
盘王节,祭祀对象,盘瓠/盘王
盘王节,历史文献记载,《搜神记》
盘王节,历史文献记载,《蛮子歌》
盘王节,历史文献记载,《岭外代答》
盘王节,地域分布特征,大分散、小聚居
盘王节,统一节期设定时间,每年农历十月十六日
盘王节,核心仪式内容,祭盘王
盘王节,核心仪式内容,唱盘王
盘王节,核心仪式内容,跳盘王
祭盘王,主持者身份,祭司
祭盘王,供奉神像,盘王
祭盘王,供奉神像,三元
祭盘王,祭品类型,猪
祭盘王,祭品类型,鸡
祭盘王,祭品类型,鸭
唱盘王,歌曲类别,瑶族古歌
唱盘王,歌曲类别,信歌
唱盘王,歌曲类别,劳动歌
唱盘王,歌曲类别,情歌
跳盘王,舞蹈模拟对象,劳动
跳盘王,舞蹈模拟对象,动物
跳盘王,舞蹈模拟对象,神灵
盘王节,文化功能,促进民族团结
盘王节,文化功能,文化传承
盘王节,政策关联,非遗保护
盘王节,入选名录,云南省第四批省级非物质文化遗产代表性项目名录
盘王节,代表性传承人,蒋保寿
红河州河口瑶族自治县,举办活动,瑶族盘王节
还盘王愿,演变为,盘王节
盘王节,象征意义,五谷丰登
盘王节,象征意义,人畜兴旺
施甸龙会,社会学特征,集体参与
施甸龙会,社会学特征,社区凝聚力
施甸龙会,民族学特征,蒙古文化影响
施甸龙会,历史学特征,明代起源
施甸龙会,符号学特征,龙象征祥瑞
施甸龙会,符号学特征,水神信仰
施甸龙会,美学特征,彩绘龙衣设计
施甸龙会,美学特征,青黄配色方案
三沟头龙会,社会学特征,十八寨联合举办
太平羊皮会,民族学特征,竞技传统演变
龙形结构,符号学特征,三十六节建制
舞龙动作,美学特征,结盘造型
音乐配合,符号学特征,鼓点节奏控制
性别参与变化,社会学特征,妇女儿童加入
扎龙技艺,美学特征,木柄操控设计
宗教元素,符号学特征,请水仪式
刀杆节,民族学特征,傈僳族传统节日、积极借鉴与吸纳彝族/白族/汉族文化
刀杆节,历史学特征,纪念明朝三征麓川的兵部尚书王骥
刀杆节,符号学特征,上刀山/下火海仪式象征勇气与祈福
刀杆节,美学特征,唱词/手上舞蹈动作/五谷种子撒播寓意美好
刀杆节,传承现状,老艺人稀少且后继乏人面临失传危险
海润朝,身份属性,云南省第四批省级非物质文化遗产代表性项目传承人
碧寨山歌,社会学特征,男女传情达意
碧寨山歌,社会学特征,宾主迎来送往
碧寨山歌,民族学特征,各族人民参与歌会
碧寨山歌,历史学特征,见证经济发展历程
碧寨山歌,历史学特征,见证文化演变
碧寨山歌,历史学特征,伴随居民起源演变
碧寨山歌,符号学特征,十二花名象征体系
碧寨山歌,符号学特征,十二花甲计时系统
碧寨山歌,符号学特征,六十花甲演绎方式
碧寨山歌,美学特征,清新明快风格
碧寨山歌,美学特征,简洁有力表现
碧寨山歌,美学特征,即兴创作智慧
碧寨山歌,社会学特征,教化规范行为
碧寨山歌,社会学特征,文化传承功能
碧寨山歌,民族学特征,多民族共融体现
碧寨山歌,符号学特征,调子固定结构
碧寨山歌,符号学特征,临场发挥机制
碧寨山歌,美学特征,形象生动表达
碧寨山歌,美学特征,情意真挚特质
碧寨山歌,民族学特征,山地文化载体
碧寨山歌,民族学特征,农耕文化反映
碧寨山歌,历史学特征,入选省级非遗名录
太平花灯,保留内容,早期云南花灯演出习俗
太平花灯,仪式环节,祭灯神、接灯神、送灯神
太平花灯,祈求目标,平安五谷丰登
太平花灯,文化功能,群众精神文化生活重要内容
彝族太平花灯,起源民族,汉族
彝族太平花灯,传入时间,清嘉庆年间
彝族太平花灯,艺术模式,戏剧、歌舞、小唱三渠并流
彝族太平花灯,表演风格,悲喜剧闹剧为主
彝族太平花灯,融合元素,彝族民间秧老鼓、霸王鞭
彝族太平花灯,主要剧目,《李府拜寿》《大头送妹》《朱买臣休妻》《大凤阳》
彝族太平花灯,表演特点,生活化无程式化动作
彝族太平花灯,唱腔特征,吸收彝族音乐元素
彝族太平花灯,演员性别,男性
彝族太平花灯,旦角表现方式,小嗓演唱和道白
彝族太平花灯,伴奏乐器,彝族四弦小二胡和锣鼓钹等打击乐器
彝族太平花灯,传承方式,家族传承
彝族太平花灯,追溯代数,五六代人
彝族太平花灯,代表性家族,代国元家族和李家能家族
彝族太平花灯,研究价值,云南花灯早期形态参考
彝族太平花灯,入选名录,云南省第四批省级非物质文化遗产代表性项目名录扩展项目名录
永胜水酥饼制作技艺,传入地点,永胜县永北镇
永胜水酥饼制作技艺,初始传授者,湖南民间艺人
永胜水酥饼制作技艺,首代传承人,杨树轩
永胜水酥饼制作技艺,传承代数,三代
永胜水酥饼制作技艺,主要分布社区,东北街
永胜水酥饼制作技艺,主要分布社区,西南街
永胜水酥饼制作技艺,核心原料,精面粉
永胜水酥饼制作技艺,核心原料,鲜猪板油
永胜水酥饼制作技艺,关键工艺环节,浸泡
永胜水酥饼制作技艺,关键工艺环节,烘烤
永胜水酥饼制作技艺,传统馅料类型,豆沙
永胜水酥饼制作技艺,传统馅料类型,火腿
永胜水酥饼制作技艺,传统馅料类型,白糖
永胜水酥饼制作技艺,创新馅料类型,玫瑰
永胜水酥饼制作技艺,创新馅料类型,蛋黄
永胜水酥饼制作技艺,创新馅料类型,水果
永胜水酥饼制作技艺,产品特征,质地松软
永胜水酥饼制作技艺,产品特征,色香味美
永胜水酥饼制作技艺,产品特征,酥滑不腻
永胜水酥饼制作技艺,产品特征,易于消化
永胜水酥饼制作技艺,文化属性,云南省第四批省级非物质文化遗产代表性项目
永胜水酥饼制作技艺,代表性传承人,周玉华
九隆神话,民族学特征,纹身习俗
九隆神话,民族学特征,衣皆著尾的服饰特点
九隆神话,历史学特征,王位推举制
九隆神话,历史学特征,对偶婚群婚阶段
九隆神话,符号学特征,沉木象征性器官男根
九隆神话,符号学特征,龙舐九隆象征华夏图腾认同
九隆神话,美学特征,哀牢归汉雕塑艺术表现
九隆神话,美学特征,九隆传说浮雕视觉叙事
沙壹怀孕,生产方式,渔业经济形态
沉木化龙,政治策略,利用华夏图腾获取汉朝信赖
九隆为王,社会结构变迁,男性主导地位确立
种人皆刻画其身,文化标识,身体纹饰传统
衣皆著尾,物质文化,特色服饰形制
东巴面偶,民族学特征,反映古代纳西族万物有灵的观念
东巴面偶,历史学特征,伴随东巴教同期形成已有多年的历史
东巴面偶,符号学特征,东巴教宗教观念的外化表现
东巴面偶,社会学特征,对维持东巴仪式的存活空间和意义具有重要作用
东巴面偶,历史学特征,是研究藏彝走廊民族关系及文化融合发展的重要实证
东巴面偶,美学特征,保留有民间雕塑随性、率真的特点
东巴面偶,社会学特征,具有较高的审美价值、艺术价值、文化价值和学术研究价值
东巴面偶,民族学特征,纳西族东巴文化的重要组成部分
东巴面偶,历史学特征,《大祭风木牌画画稿》《大祭风仪式中各种设置物的做法及仪式规程》等近二十种东巴经典为代表作
东巴面偶,符号学特征,一般为圆柱体简化下半身突出上半身和面部神态
东巴面偶,美学特征,形象保留民间雕塑特点
无量山系彝族打歌,风格特点,上耸下踏的竖向运动
哀牢山系彝族打歌,风格特点,前后左右横向运动与连臂踏歌姿态
无量山镇红星彝族打歌,核心动律,双膝带动身体的屈伸运动
南涧彝族打歌,伴奏乐器组合,竹笛/葫芦笙/小三弦/大三弦
葫芦笙,形制分类,大葫芦笙和小葫芦笙
大三弦,别称,老广弦
伴奏者,双重身份,领舞者与节奏掌控者
南涧彝族打歌,历史地位,云南省第四批省级非物质文化遗产扩展项目
项目代表性传承人,姓名对应,鲁国花
无量山系打歌区域,行政范围,小湾东镇/碧溪乡/乐秋乡/拥翠乡
哀牢山系打歌区域,行政范围,无量山镇/宝华镇及南涧镇部分地区
无量山系主要套路,包含内容,喜鹊蹲窝/苍蝇蹉脚/脚踏步两翻两转跳步等
哀牢山系基础程式,必选起始动作,攒歌
红星彝族打歌套路,典型代表,老鸹歌/正喜歌/歌利得/直歌/弯脚歌
哀牢山系队形特征,视觉效应,紧密团结的整体力量感
伴奏体系功能,文化意义,调控打歌场的节奏和情绪气氛
盛大展演节点,特定时间,二月八过小年
南楞田村,建筑类型,传统木结构干栏式木掌楼
南楞田村,建筑类型,汉式平房
南楞田村,屋顶特征,茅草屋顶
村民信仰体系,包含元素,天神
村民信仰体系,包含元素,山神
村民信仰体系,包含元素,水神
村民信仰体系,包含元素,树神
婚礼习俗,象征行为,新娘剃光头
婚礼仪式,活动内容,唱拉祜族叙事民歌古本调
传统节日,包括项目,扩节春节
传统节日,包括项目,芭蕉节祭日
传统节日,包括项目,搭桥节毛稗魂
传统节日,包括项目,尝新米节
传统节日,包括项目,叫魂节
民间文学代表作品,《古本》)22.(民间文学代表作品,《阿加烈》
民间文学代表作品,《穷人》)24.(民间文学代表作品,《岩加另》
传统音乐形式,山歌)26.(传统音乐形式,小调
传统音乐形式,芦笙吹奏)28.(传统音乐形式,牛腿琴弹奏
传统舞蹈类型,打歌)30.(传统舞蹈类型,拉祜族芦笙舞
传统技艺,纺织)32.(传统技艺,服饰制作
传统技艺,酿酒)34.(传统技艺,竹编
传统技艺,铁器制作)36.(传统技艺,牛腿琴制作
传统技艺,拉祜族民居营造)38.(传统技艺,拉祜族饮食
文化地位,云南省文化传承示范村)42.(文物保护项目,云南省文物保护建设项目
传统村落名录,全国具有重要保护价值的传统村落名录)44.(非遗项目,云南省第四批省级非物质文化遗产代表性项目名录
服饰特色,临沧市拉祜族服饰保留最完整)46.(聚落性质,原始的拉祜族聚居地
文化完整性,"拉祜族民族风情、习俗传承最为完整)
1.(景东彝族女子","服饰特点,离不开刺绣品装饰"
景东彝族女子服装,制作方式,用精心绣制的刺绣品缝制而成
景东彝族女子盛装,组成部分,包头/上衣/披肩/围腰/腰带/裤子
景东彝族女子盛装,配饰类型,银饰和彩珠
景东彝族刺绣服饰,分类,婚服和便装
彝族婚服,用途延伸,去世时作寿衣用
彝族婚丧文化,体现形式,保存婚服至去世
景东彝族刺绣,绣法类型,挑/绣/补/纳/扣/单面挑/双面绣
景东彝族刺绣,绣花种类,排花/栽花/穿花/贴花/锁花/盘花/滚花/补花/刺花/纳花/纤花/平绣/链子扣/镂空/打字花/扣花/切针
刺绣制作流程,固定工具,绣花箍
刺绣图案主题,常见元素,牡丹/鸳鸯/花草/龙凤
刺绣工艺,针法运用,多种针法交叉使用
刺绣产品,物品清单,围腰/披肩/绣花鞋/文帐头/壁包/包头/头饰品/领带/童帽/伞套/桌布/窗帘/壁挂/信插/背包/挎包/钱包/腰包/小手袋
景东彝族刺绣,文化遗产地位,云南省第三批省级非物质文化遗产代表性项目名录扩展项目
景东彝族刺绣,代表性传承人,鲁桂枝/李海仙
昆湖牌拓东甜酱油,原名,永香斋
酿制原料,产地,云南玉溪华宁县青龙镇
酿制原料,品种,黄豆
制曲工艺,使用材料,朽稻草编成的草席
成品特征,外观颜色,黑褐色
成品特征,质地状态,清亮无杂质
成品特征,气味特点,浓郁的豆酱清香
成品特征,口感评价,咸甜可口
应用领域,搭配美食,豆花米线
应用领域,搭配美食,卤面
应用领域,搭配美食,凉白肉
应用领域,搭配美食,牛凉片
文化地位,非遗级别,云南省第四批省级非物质文化遗产代表性项目名录
熬制工艺,关键调料包成分,八角
熬制工艺,关键调料包成分,茴香籽
熬制工艺,增稠剂来源,大米酿成的饴糖
熬制工艺,调色材料,炒糊的糖
熬制工艺,增味材料,红糖
白族唢呐,应用于,生产劳动
白族唢呐,应用于,婚丧喜庆
白族唢呐,应用于,戏剧舞台
白族唢呐,应用于,民间风俗社火集会
白族唢呐,应用于,宗教礼仪
白族唢呐吹打乐,是伴奏音乐,吹吹腔
白族唢呐吹打乐,是伴奏音乐,白剧
白族唢呐,承载,本族丰富的文化信息
洱源白族唢呐,区别于,汉族唢呐
洱源白族唢呐木管背面,无,音孔
洱源白族唢呐正面,有,七孔
洱源白族唢呐,采用,借音吹奏法
洱源白族唢呐换气方式,采取,左右腮帮交替进行
洱源白族唢呐簧片,特点,短而较硬
洱源白族唢呐低音,特点,浑厚、稳健
洱源白族唢呐高音,特点,高亢、明亮
洱源白族唢呐,具有,粗犷、豪放的独特风格
洱源白族唢呐乐曲调式,以...居多,徵调式、羽调式
洱源白族唢呐乐曲调式,次之,商调式、角调式
洱源白族唢呐乐曲结构,由...构成,上下乐句
洱源白族唢呐乐曲结构,由...构成,单乐句反复
洱源白族唢呐乐曲结构,由...构成,四个乐句
洱源白族唢呐乐曲发展手法,以...较多,变奏
洱源白族唢呐传统曲目,已搜集到,多个曲牌
洱源白族唢呐,严格区分表达,喜庆
洱源白族唢呐,严格区分表达,祭祀
洱源白族唢呐,严格区分表达,哀伤
洱源白族唢呐吹打乐,用于伴奏,白剧
洱源白族唢呐吹打乐,用于伴奏,白族吹吹腔
洱源白族唢呐吹打乐,用于伴奏,白族民歌
洱源白族唢呐,入选,云南省第四批省级非物质文化遗产代表性项目名录扩展项目名录
洱源白族唢呐项目代表性传承人,包括,李家福
洱源白族唢呐项目代表性传承人,包括,毛六凡
阿舍乡巨美村村民,民族归属,壮族
彝族男子,行为习惯,携带壮族艺人制作的弦子赶集/集会时边走边弹
月琴弦子材料,主要木材,泡桐
结构工艺,连接方式,榫卯结构+胶水黏接
禁用紧固件,排除类型,铁钉/螺丝
品种分类,具体类型,龙头弦/马头弦/蚂螂头弦/平头弦
文化象征意义,代表内涵,民族团结
彝族人视角,文化定位,希望载体
壮族人贡献,智慧体现,结晶成果
非遗级别,认定层级,云南省级非物质文化遗产代表性项目名录扩展项目
项目传承人,代表性人物,江永富
漾濞县彝族打歌,民间舞蹈,欢迎来客仪式
客人到来时,献上美酒,跳额克
每年农历正月初二、十三和三月十九,举行庙会活动,鸡街乡菜白村、达村
庙会活动,燃起篝火,围着火塘打歌对调子直到天明
参加庙会打歌,得到神灵保佑,六畜兴旺五谷丰登
庙会,青年男女社交场所,
彝族打歌,独特风格和动作特点,笛子和葫芦笙伴奏
打歌时,提起侧肩膀身子及头部稍偏动,刚劲有力
主要舞蹈套路,包括,大三步、原地踢脚、左右三步、前三步后三步、退四步转身、踏两步转身、大三步转身
舞蹈动力点,在大小腿部、腰部、肩部,体现豪迈粗犷性格
男装,简洁大方,白对襟衣黑色绣花边马褂黑色或深蓝色长裤及黑布鞋
女装,艳丽多姿,头饰和上衣手工刺绣精美图案银饰品点缀腰系绣花围腰穿白色蓝色或绿色长裤脚穿绣花鞋
打歌活动,离不开,笛子和芦笙
打歌活动中,进行山歌小调对唱,抒发心中激情
漾濞县彝族打歌,入选,云南省第四批省级非物质文化遗产代表性项目名录扩展项目名录
项目代表性传承人,包括,常泽香、吴富海
云县彝族朝山会,社会学特征,参与面广
云县彝族朝山会,民族学特征,彝族聚居山寨传统节日
云县彝族朝山会,民族学特征,各支系日期不相同
云县彝族朝山会,民族学特征,朝拜对象不同
云县彝族朝山会,符号学特征,祭祀文化及民俗活动一体
云县彝族朝山会,美学特征,打歌唱调即兴对唱
云县彝族朝山会,美学特征,芦笙竹箫三弦伴奏
云县彝族朝山会,美学特征,黄灰不见脚的气势
云县彝族朝山会,社会学特征,跨地域聚会
云县彝族朝山会,社会学特征,会友串亲
云县彝族朝山会,民族学特征,山川百神朝拜对象
云县彝族朝山会,历史学特征,传统节日吸引力强
云县彝族朝山会,符号学特征,祭俗祭礼传承
云县彝族朝山会,美学特征,歌舞娱乐活动
云县彝族朝山会,社会学特征,多民族共敬神
云县彝族朝山会,民族学特征,土俚人香堂人俐侎人参与
云县彝族朝山会,历史学特征,入选省级非物质文化遗产
云县彝族打歌,民族学特征,彝族文化传统
云县彝族打歌,历史学特征,明清以来史籍记载
打歌起源传说,符号学特征,狩猎之时百鸟传艺箐鸡摆尾说
打歌起源传说,符号学特征,部落之争时摆迷魂阵的阿苏、阿赛说
打歌起源传说,符号学特征,为夜里驱寒的围火转圈说
打歌形式,美学特征,拉手或甩手、围圈转动
打歌形式,美学特征,逆时针方向转动
打歌形式,美学特征,顺时针方向转动
打歌类型,美学特征,模拟鸟兽动作
打歌类型,美学特征,模拟劳作动作
打歌功能,社会学特征,自娱
打歌功能,社会学特征,祭祀
打歌功能,社会学特征,教化
打歌功能,社会学特征,表演
打歌动作特点,美学特征,屈膝张弛
打歌动作特点,美学特征,重拍向下
打歌动作特点,美学特征,跑跳结合
打歌动作特点,美学特征,左轻右重踏
打歌动作特点,美学特征,跺胜于翻
打歌动作特点,美学特征,转跺脚几乎全掌落地
打歌伴奏乐器,符号学特征,大小芦笙
打歌伴奏乐器,符号学特征,竹箫
打歌伴奏乐器,符号学特征,笛子
打歌伴奏乐器,符号学特征,三弦
打歌伴奏乐器,符号学特征,竹鼓
打歌伴奏乐器,符号学特征,响篾
打歌步伐组合,美学特征,三步一跺
打歌步伐组合,美学特征,三步一转
打歌步伐组合,美学特征,三步一抬
云县彝族打歌,历史学特征,入选云南省第三批省级非物质文化遗产代表性项目名录扩展项目名录
云县彝族打歌,民族学特征,项目代表性传承人是杨天龙、布正昌等
村民民族归属,所属族群,彝族山苏支系
村落历史,存在时长,多年历史
生态环境特征,毗邻区域,磨盘山国家森林公园
植被类型,主要树种,高山常绿阔叶树种
竹类资源,包含品种,巨龙竹、白竹、刺竹、凤尾竹、苦竹、甜竹
特色植物,其他类别,中草药
村旁植被覆盖率,数值范围,达以上
传统民居结构,建筑形式,土木结构/土掌房
民居占比,土掌房比例,占民居建筑总数的
聚落格局,风貌特点,保持传统风貌
宗教信仰对象,崇拜神灵,山神、树神、天神、水神
建房习俗,保存状态,完整
婚庆习俗,保存状态,完整
丧葬习俗,保存状态,完整
传统节日,包括内容,春节、祭龙节、吃花酒、火把节
最具特色节日,名称,祭龙节
非遗项目,省级名录,花鼓舞
关联艺术形式,其他舞蹈,三弦舞、四弦舞
手工技艺,制作工艺,花鼓制作
传统游戏,活动名称,打陀螺
文化遗产载体,文献类型,彝文古籍
传习基地名称,机构设置,磨皮花鼓舞传习基地
专项设施,场所名称,磨皮花鼓舞传习所
文化推广活动,实施形式,花鼓舞进校园
技艺传授方式,活动类型,艺人传艺活动
民众态度,文化认同度,高
入选名单,批次类别,云南省第四批省级非物质文化遗产代表性项目名录
项目代表性传承人,姓名列表,易学昌、易成英
永子,社会学特征,皇室贡品
永子,社会学特征,国宝
永子,民族学特征,保山人文明和智慧的结晶
永子,历史学特征,承载着保山五百多年的历史文化
永子,符号学特征,围棋是国粹之一
永子,美学特征,质地温润如玉
永子,美学特征,细糯如玉
永子,制作工艺,选料
永子,制作工艺,破碎
永子,制作工艺,研磨
永子,制作工艺,焦煤窑熔炼
永子,制作工艺,手工滴制
永子,制作工艺,冷却
永子,制作工艺,打磨
永子,制作工艺,漂洗
永子,制作工艺,晾晒
永子,制作工艺,拣选
永子,制作工艺,包装成品
永子,原料,天然玛瑙
永子,原料,玉石
永子,原料,琥珀
云南围棋子永子制作技艺,非遗项目,中国第五批国家级非物质文化遗产代表性项目名录
云南围棋子永子制作技艺,传承人,李国伟
傣族果雕,伴随习俗,丧葬习俗
傣族果雕,原料来源,当地水果资源
傣族果雕,主要原料,半熟或未成熟的西瓜
傣族果雕,主要原料,南瓜
傣族果雕,主要原料,萝卜
傣族果雕,主要原料,葫芦
傣族果雕,主要原料,黄瓜
傣族果雕,主要原料,木瓜
傣族果雕,主要原料,苹果
傣族果雕,主要原料,梨
傣族果雕,辅助材料,鲜花
傣族果雕,雕刻主题,花卉
傣族果雕,艺术类比,剪纸
傣族果雕,技法名称,上下组合法
傣族果雕,技法名称,层层翻卷法
傣族果雕,技法名称,镂空组合法
傣族果雕,技法名称,切片重叠造型法
傣族果雕,从业者性别比例,女性居多
傣族果雕,主料特征,一种水果为主料
傣族果雕,辅料类型,绿叶
傣族果雕,图案元素,花
傣族果雕,图案元素,佛
傣族果雕,图案元素,鸟
傣族果雕,刻纹类型,平行斜线
傣族果雕,刻纹类型,弧形锯齿纹
傣族果雕,刻纹类型,圆环纹
傣族果雕,刻纹类型,凹凸曲线
傣族果雕,代表作名称,《南瓜花》
傣族果雕,代表作名称,《萝卜花》
傣族果雕,代表作名称,《孔雀》
傣族果雕,文化寓意,对佛的虔诚
傣族果雕,文化寓意,对美好生活的向往
傣族果雕,反映内容,审美情趣
傣族果雕,体现特质,聪明智慧
傣族果雕,体现特质,艺术才能
傣族果雕,体现特质,想象力
傣族果雕,非遗级别,云南省第四批省级非物质文化遗产代表性项目名录
傣族果雕,传承人姓名,喊乖
开远洞经音乐,社会学特征,年开远洞经音乐入选云南省第四批省级非物质文化遗产代表性项目名录扩展项目名录
开远洞经音乐,社会学特征,项目代表性传承人是何正昆
开远洞经音乐,民族学特征,俗称长联乐谱
开远洞经音乐,历史学特征,约于清代康熙年间传入
开远洞经音乐,历史学特征,经历代经师的传承保存大部分乐章仍然流传于世
开远洞经音乐,历史学特征,传承谱系清晰
开远洞经音乐,符号学特征,主乐章由九板十三腔组成
开远洞经音乐,符号学特征,九板即九个锣鼓打头
开远洞经音乐,符号学特征,十三腔是由《香赞》《慨古今》《大腔》《甘州歌》《懒画眉》《玉兰曲》《挂经索》《铛子腔》《赞圣号》等旋律优美的十三个曲牌集合而成的套曲
开远洞经音乐,符号学特征,演奏者分为主祭生和司乐生
开远洞经音乐,符号学特征,主祭生为洞经主持
开远洞经音乐,符号学特征,司乐生为洞经音乐乐师
开远洞经音乐,符号学特征,乐队由十人左右组成
开远洞经音乐,符号学特征,乐师分左右殿堂就座
开远洞经音乐,符号学特征,左排乐师持鼓、锣、镲、钹、碰铃、磬等
开远洞经音乐,符号学特征,右排乐师持木鱼、二胡、三弦、琵琶、箫、竹笛、板胡等
开远洞经音乐,美学特征,乐师们以温文尔雅的风度演奏众乐齐鸣悠扬动听
云州唢呐乐,流传于,云南省临沧市云县各个地区
云州唢呐乐,分布在,彝族土俚人聚居地
云州唢呐乐,分布在,香堂人聚居地
云州唢呐乐,分布在,俐侎人聚居地
云州唢呐乐,分布在,布朗族聚居地
云州唢呐乐,分布在,拉祜族聚居地
云州鼓吹,存续时间,数百年
《云县志》,记载,婚礼仪从为旌旗鼓乐
云州鼓吹,主要特征,乐队主次分明
云州鼓吹,吹管乐器主要是,唢呐
云州唢呐乐,演奏曲调,丰富多彩
云州唢呐乐,内涵,丰富
云州唢呐乐,功能,多样
云州唢呐乐,辅以乐器,大筒
云州唢呐乐,辅以乐器,长号
云州唢呐乐,合奏形式,每逢节日庆典、婚丧嫁娶时吹奏
云州唢呐乐,根据不同内容场合需要分成,礼乐
云州唢呐乐,根据不同内容场合需要分成,祭乐
云州唢呐乐,根据不同内容场合需要分成,歌舞乐
各民族,保留着,鼓吹班
哨街彝族土俚人鼓吹班,在澜沧江啤酒狂欢节上,有人同时合奏过
云州唢呐乐,有曲调类型,庆贺调
云州唢呐乐,有曲调类型,喜事调
云州唢呐乐,有曲调类型,打歌调
云州唢呐乐,有曲调类型,白事调
云县文化馆,收集整理,多首曲调
云县文化部门,补充整理,首曲调
马思聪,以...为音乐元素创作,《山林之歌》
《山林之歌》,音乐来源,云县大寨彝族鼓吹乐打歌调
云州唢呐乐文化习俗,传承于,云县各族人民群众中
云州唢呐乐文化习俗,作用,增进民族情感
云州唢呐乐文化习俗,作用,深化各民族的认同感
云州唢呐乐,入选,云南省第四批省级非物质文化遗产代表性项目名录
云州唢呐乐,项目代表性传承人,布正昌
百谐,民族学特征,藏族文化
百谐,历史学特征,古代出征动员仪式演变而来
百谐,符号学特征,刀作为德钦地区藏民对“百”的别称
百谐,美学特征,集宗教、舞蹈、说唱艺术于一体
茸百,内容类型,赞颂佛法僧及吉祥语
百夏,内容类型,挑衅、讽刺与娱乐性即兴成分
扎百,内容类型,赞颂战神与赞美武器
百谐活动时间,寺庙时段,每年藏历九月至十月间
百谐活动时间,民间时段,每年农历正月初
百谐功能演变,现代功能,节庆聚集时的纯娱乐性表演
百谐传承人,代表性人物,加都
百谐文化价值,入选项目,云南省第四批省级非物质文化遗产代表性项目名录
普洱祭茶祖仪式,民族学特征,涉及哈尼、彝、傣、佤、拉祜、布朗等世居民族
普洱祭茶祖仪式,历史学特征,源于发现、利用、驯化、种植和经营茶的活动逐渐演变成型
普洱祭茶祖仪式,符号学特征,视茶为神、敬茶为祖的原始崇拜
普洱祭茶祖仪式,美学特征,全场歌舞野餐聚会
普洱祭茶祖仪式,社会学特征,由寨老、乡村领导、摩巴、摩匹、白母、香通、竜头等主持
普洱祭茶祖仪式,历史学特征,择春分前吉日或春节期间或与祭竜同时举行
普洱祭茶祖仪式,符号学特征,祭茶树王、祭茶祖、祭茶神、茶祖会等不同称谓
普洱祭茶祖仪式,社会学特征,群众有序敬香、献供品
普洱祭茶祖仪式,历史学特征,连续举行并成为每届茶节的活动内容之一
普洱祭茶祖仪式,符号学特征,开坛请茶祖祭师诵祭词各族各界敬茶祖万民娱茶祖
普洱祭茶祖仪式,美学特征,表现了朴素的生态发展观
普洱祭茶祖习俗,历史学特征,入选云南省第三批省级非物质文化遗产代表性项目名录
普洱祭茶祖习俗,社会学特征,项目代表性传承人是张学才、苏国文
阿卑节,社会学特征,具有民族凝聚力的重要活动
阿卑节,社会学特征,维系民族精神的重要纽带
阿卑节,民族学特征,彝族支系阿鲁人的精神
阿卑节,民族学特征,彝族支系阿鲁人的信仰
阿卑节,民族学特征,彝族支系阿鲁人的生产生活
阿卑节,民族学特征,彝族支系阿鲁人的衣食住行
阿卑节,历史学特征,延续百年至今
阿卑节,符号学特征,祭祀寨神树
阿卑节,符号学特征,穿盛装
阿卑节,符号学特征,唱歌跳舞吹木叶
阿卑节,符号学特征,荡秋千
阿卑节,符号学特征,打磨秋
阿卑节,符号学特征,背确斗
阿卑节,符号学特征,射弩
阿卑节,符号学特征,游茶山
阿卑节,符号学特征,对歌
阿卑节,符号学特征,跳阿鲁舞
阿卑节,美学特征,身着盛装
阿卑节,美学特征,唱歌跳舞
阿卑节,美学特征,彻夜狂欢
芦笙舞,民族学特征,男子表演为主
芦笙舞,民族学特征,分为娱乐性与祭祀性两种类型
娱乐性舞蹈,具体形式,玩耍舞/三步舞/舂粑粑
祭祀性舞蹈,使用场景,丧事仪式
祭祀性舞蹈,包含动作序列,引子开门舞/早饭舞/午饭舞/指路舞/带路舞/出殡舞
芦笙舞动作特点,身体语言,转圈/半跪旋转/双腿略曲作揖叩拜
芦笙舞表演形式,组织规模,一人独舞/双人对舞/多人群舞
玩耍舞技巧动作,内容要素,翻/转/滚/跳/攻/打/让
主要动作体系,包含动作,高桩转步/矮桩转步/苍蝇搓脚/滚牛皮/拿酒喝
芦笙舞风格,美学特征,洒脱外露/古朴豪放
芦笙舞审美价值,美学特征,刚柔相济/舞姿独特/粗犷豪放
芦笙舞文化符号,符号学特征,即兴发挥抒发感情
项目传承体系,代表性传承人,邹家全
制作工艺,关键食材,巍山本地新鲜猪肉后腿/前腿/五花肉
制作工艺,烹饪方法,栗炭火烧烤至微焦后淘米水搓擦
制作工艺,炖煮配料,火腿、筒子骨、鸡肉
制作工艺,调味料,草果、生姜
饵丝原料,主材,巍山黄谷米
饵丝加工工艺,步骤,蒸熟舂制后切丝
民族关联,相关族群,彝族
符号象征,“肉”含义,烂糊软和的肉
美学特征,色彩搭配,黄白分明、红黄相映
美学特征,汤汁特点,汤白而稠
营养功效,健康作用,温中补气健脾健胃
社会学特征,群众接受度,最受群众喜爱且流行于云南各地
民族学特征,文化交融,南诏国时期多民族共猎传统延续
历史学特征,起源事件,大火烧山导致野猪被烧死后烹食创新
符号学特征,仪式化呈现,“盖上肉帽子”的造型符号
美学特征,成品形态,色鲜味正、香气四溢
陆良马街银器制作技艺,社会学特征,家族传承信物
陆良马街银器制作技艺,民族学特征,传统手工艺延续
陆良马街银器制作技艺,历史学特征,历史悠久手工传统保持
山水花鸟纹饰,符号学特征,自然意象象征
葫芦图案,符号学特征,吉祥寓意表达
银锁制品,符号学特征,护佑功能体现
千足银选材标准,历史学特征,材料纯度严格把控
八步工艺流程,历史学特征,传统技法体系化传承
锻打工艺,美学特征,肌理质感塑造
雕花錾刻,美学特征,精细图案表现
珐琅器制作,美学特征,色彩对比运用
郑氏寿昌银饰,民族学特征,地域品牌代表
非物质文化遗产名录,历史学特征,文化保护认定
郑建文传承人身份,社会学特征,技艺权威认证
餐具类银器,社会学特征,日常生活仪式化
孩童佩戴银饰,民族学特征,成长礼仪标记
焊接工艺,技术特征,结构稳固性保障
李海顺,迁入地点,云南昆明
天宝斋制墨技艺,继承者,李宏民
天宝斋制墨技艺,继承者,李玉霖
天宝斋,主要原料,松烟
天宝斋,主要原料,油烟
天宝斋,主要原料,胶
天宝斋,制作工序,煮胶
天宝斋,制作工序,筛烟
天宝斋,制作工序,和剂
天宝斋,制作工序,蒸剂
天宝斋,制作工序,研磨
天宝斋,制作工序,秤剂
天宝斋,制作工序,杵捣
天宝斋,制作工序,丸杆
天宝斋,制作工序,样制
天宝斋,制作工序,阴干
天宝斋,制作工序,著色敷彩
煮胶,采用材料,动物明胶
蒸剂,添加成分,松烟
蒸剂,添加成分,冰片
蒸剂,添加成分,金箔
蒸剂,添加成分,珍珠粉
秤剂,保温方式,火炉旁放置
杵捣,使用工具,铁锤
天宝斋,产品类型,墨条
天宝斋,产品类型,墨汁
天宝斋,品牌名称,松滋侯
天宝斋,品牌名称,松鹤春
天宝斋,品牌名称,兰烟
天宝斋,销售范围,全省
天宝斋,销售范围,邻省
天宝斋,销售范围,东南亚国家
天宝斋,极品品牌,云墨
云墨,原料成分,松烟
云墨,原料成分,珍珠
云墨,原料成分,玉屑
云墨,原料成分,龙脑
云墨,制作工艺,生漆杵捣多次
云墨,特点描述,光泽如漆
天宝斋,企业性质,老字号百年制墨企业
天宝斋,面临问题,原材料采购受限
天宝斋,面临问题,省外低成本墨制品影响
天宝斋,面临问题,从业人员不多
天宝斋制墨技艺,入选名录,云南省第三批省级非物质文化遗产代表性项目名录
天宝斋制墨技艺,代表性传承人,李玉霖
新平彝族傣族自治县土锅寨,采用工具,鹅卵石
新平彝族傣族自治县土锅寨,采用工具,木刀
新平彝族傣族自治县土锅寨,采用工具,小钢刀
新平彝族傣族自治县土锅寨,采用工具,钢锯片
新平彝族傣族自治县土锅寨,采用工具,石板
新平彝族傣族自治县土锅寨,采用工具,木板
新平彝族傣族自治县土锅寨,采用工具,碎布块
新平彝族傣族自治县土锅寨,采用工具,小簸箕
新平彝族傣族自治县土锅寨,原料组成,当地三种泥土按比例混合
新平彝族傣族自治县土锅寨,工序流程,取土
新平彝族傣族自治县土锅寨,工序流程,晒土
新平彝族傣族自治县土锅寨,工序流程,舂土
新平彝族傣族自治县土锅寨,工序流程,筛土
新平彝族傣族自治县土锅寨,工序流程,加沙和泥
新平彝族傣族自治县土锅寨,工序流程,制坯
新平彝族傣族自治县土锅寨,工序流程,晾晒
新平彝族傣族自治县土锅寨,工序流程,烧制
新平彝族傣族自治县土锅寨,产品类型,土锅
新平彝族傣族自治县土锅寨,产品类型,水缸
新平彝族傣族自治县土锅寨,产品类型,药罐
新平彝族傣族自治县土锅寨,产品类型,茶壶
新平彝族傣族自治县土锅寨,产品类型,背壶
新平彝族傣族自治县土锅寨,产品类型,土碗
新平彝族傣族自治县土锅寨,产品类型,土甑子
新平彝族傣族自治县土锅寨,产品类型,花瓶
新平彝族傣族自治县土锅寨,产品类型,花盆
新平彝族傣族自治县土锅寨,产品类型,工艺品
新平彝族傣族自治县土锅寨,主打产品,土锅
新平彝族傣族自治县土锅寨,从业者性别,妇女
新平彝族傣族自治县土锅寨,产业规模特征,家家户户从事制作
新平彝族傣族自治县土锅寨,市场范围,当地市场
新平彝族傣族自治县土锅寨,市场范围,东南亚国家
新平彝族傣族自治县土锅寨,收藏价值,民间工艺品
新平彝族傣族自治县土锅寨,年销售量,一万件以上
新平傣族传统制陶技艺,保护级别,云南省第一批省级非物质文化遗产
新平傣族传统制陶技艺,代表性传承人,刀拉爱
新平傣族传统制陶技艺,代表性传承人,白绍美
曼旦村,位于,西双版纳傣族自治州勐腊县勐腊镇曼旦村委会曼朗村
曼旦村,依山坡而建,周围是国家级自然保护区
曼旦村,有集体林地,森林保护状况优良
曼旦村,种植方式,原生态种植
南朗河,源头,曼旦村
曼旦村,传统民居建筑类型,傣族干栏式
曼旦村,村民居住形式,传统竹楼
曼旦村,保留的文化形态,章哈
曼旦村,保留的文化形态,象脚鼓舞
曼旦村,保留的文化形态,武术
曼旦村,保留的文化形态,高升
曼旦村,保留的文化形态,贝叶经刻写
曼旦村,保留的文化形态,雕刻
曼旦村,保留的文化形态,传统织锦技艺
曼旦村,保留的文化形态,传统服装缝制
曼旦村,保留的文化形态,象脚鼓制作
曼旦村,保留的文化形态,竹编
曼旦村,保留的文化形态,民间建筑
曼旦村,保留的文化形态,傣医
曼旦村,保留的文化形态,传统礼仪
曼旦村,保留的文化形态,传统傣菜
曼旦村,保留的文化形态,节庆习俗
曼旦村,活跃着,业余文艺队伍
曼旦村,节目特点,自编自演
曼旦村,雕刻地点,居室和寺庙墙壁
曼旦村,手工编织材料,竹子、藤蔑
曼旦村,手工制品类型,生活用具
曼旦村,象脚鼓材质,酸木
曼旦村,织锦产品类型,织帕垫床垫
曼旦村,织锦产品类型,被面
曼旦村,织锦产品类型,床单
曼旦村,传统服饰特点,朴实独到典雅别致
曼旦村,织机数量,最多
曼旦村,传承至今的习俗,泼水节
曼旦村,传承至今的习俗,开门节
曼旦村,传承至今的习俗,关门节
曼旦村,传承至今的习俗,赕佛
曼旦村,传承至今的习俗,男孩出家当小和尚
曼旦村,古风特点,日不上锁、夜不闭户
曼旦村,享有盛誉的产品,精美竹编
曼旦村,享有盛誉的产品,傣医药
曼旦村傣族传统文化生态保护区,项目代表性传承人,波罕丙
曼旦村傣族传统文化生态保护区,项目代表性传承人,岩涛
朴瓦彝族服饰,使用场合,节日和喜庆场合
头冠,颜色特征,红似火
头冠,形状特征,扇形
头饰组成部分,包括,头冠
帽子前部装饰,镶嵌物,银泡
帽子后部装饰,悬挂物,银泡
银泡排列形态,比喻为,马缨花
整体视觉效果,体现风格,雄壮/丰满/热烈/华贵
制作材料,包含,麻布
制作材料,包含,丝线
制作材料,包含,花边毛线
制作材料,包含,棕
制作材料,包含,苞谷杆
制作材料,包含,头发
工艺流程,包括,纺线
工艺流程,包括,织布
工艺流程,包括,染色
工艺流程,包括,晾干
工艺流程,包括,裁剪
工艺流程,包括,绣图
工艺流程,包括,订花边
文化属性,具有,浓郁民族特色
社会象征意义,代表,彝族贵族风格
遗产级别,入选,云南省级非物质文化遗产代表性项目名录扩展项目名录
鹤庆银器制作技艺,民族学特征,少数民族银器锻制的典型代表
鹤庆银器制作技艺,历史学特征,明代中期已有加工制作银铜器具的手工匠人
鹤庆银器制品,符号学特征,藏族、白族、苗族、彝族等各民族生活用品
鹤庆银器,美学特征,融民族审美与精湛技艺于一体
鹤庆银器,美学特征,造型丰富种类繁多
鹤庆银器,美学特征,光泽度好抗氧化不易变色
鹤庆银器代表性作品,符号学特征,九龙壶、银包木碗、青稞酒壶、佛盒、百家锁、寺庙建筑装饰物
鹤庆银器制作技艺,历史学特征,入选云南省级非物质文化遗产代表性项目名录扩展项目名录
鹤庆银器制作技艺,社会学特征,项目代表性传承人是寸发标、母炳林、董中豪、洪钰昌
祭公龙,社会学特征,全村男子参与杀黑猪献祭
祭母龙,社会学特征,女子专属祭祀且需回避男性
"阿哲语""咪汁边""",民族学特征,意为祭祀生命之源神
芦苇绕龙身,符号学特征,象征生殖图腾崇拜
长龙宴,民俗学特征,集体共享祭品强化社群联结
燧石取火,人类学特征,保存原始用火技术遗存
建龙宫,美学特征,临时建筑体现空间仪式美感
小羊串门,符号学特征,以动物媒介传递吉祥寓意
口传心授传承制,民族学特征,师传与家传双重体系并存
母系氏族文化,历史学特征,通过祭母龙仪式具象化表达
猎神祭祀,社会学特征,模拟狩猎活动维系尚武传统
火种回村,符号学特征,火焰作为生命力量的转喻载体
五谷丰登祈愿,民俗学特征,农业社会核心价值诉求
人畜平安主题,民族学特征,反映游牧向农耕过渡期信仰体系
黑白猪色选择,符号学特征,阴阳二元对立的色彩编码
三天时序安排,历史学特征,月相周期与农事节律同步
毕摩角色,社会学特征,宗教权威与知识保管者双重身份
非物质文化遗产名录,美学特征,活态文化展演的审美价值
蒙自洞经音乐,民族学特征,在城乡各民族间传承
蒙自洞经音乐,历史学特征,历史悠久，能追溯到始于晚清至中华民国初年
蒙自洞经音乐,符号学特征,以工尺谱传承，师傅们将注在经文旁的板眼符号编成浅显易懂的口诀歌（郎当谱）
蒙自洞经音乐,美学特征,乐队为双编制讲究成双成对，曲调分为经曲、牌子曲牌，谈演中采用联缀体结构
蒙自洞经音乐,社会学特征,有高度的适应性和广泛的群众性
蒙自洞经音乐,历史学特征,发展从侧面保存了蒙自的历史文脉
蒙自洞经音乐,社会学特征,传承规范完整，表现在经典正规、仪式规范、曲调完整
蒙自洞经音乐,社会学特征,各洞经会的传承队伍已经青黄不接
蒙自洞经音乐,历史学特征,入选云南省第三批省级非物质文化遗产代表性项目名录扩展项目名录
蒙自洞经音乐,社会学特征,项目代表性传承人是张应祥、车永安、纪枚
宜良大香会,社会学特征,演变为地区性民间民俗活动
宜良大香会,历史学特征,始于元代《宜良县志》记载二月北古城土主山演戏祈谷
宜良大香会,历史学特征,庙会日期由每年二月演变为固定不变的正月初八
宜良大香会,符号学特征,特异大香的制作与燃供为最大特色
宜良大香会,符号学特征,六炷大香分立于老戏台两侧
宜良大香会,美学特征,民间技艺队依次上台表演
宜良大香会,美学特征,会戏滇剧演出
宜良大香会,符号学特征,道士和数百名手持松枝、信香的善男信女抬轿仪式
宜良大香会,历史学特征,入选云南省第三批省级非物质文化遗产代表性项目名录
宜良大香会,民族学特征,传承人张庭楷、张国忠代表的文化延续
宜良大香会,社会学特征,村民自初七开始在本村办香饭三天
宜良大香会,符号学特征,土主老爷乘坐的轿子作为信仰载体
宜良大香会,美学特征,高跷、铁滚、班打等技艺训练与展示
牛灯舞,民族学特征,汉族与彝族文化融合
牛灯舞,历史学特征,明朝朱元璋西征移民带入云南
牛灯舞,符号学特征,十六盏灯象征不同寓意
牛灯舞,美学特征,音律自然流畅形式新颖
牛灯舞,民族学特征,包含对歌、跳脚等少数民族元素
牛灯舞,历史学特征,源于舜耕田的传说
牛灯舞,符号学特征,模仿牛的生活习性和劳作方式
牛灯舞,美学特征,表演灵活多样有较高的艺术性和观赏性
牛灯舞,社会学特征,在栽收两季、民族传统节日、婚礼、乔迁时进行祭祀活动
牛灯舞,民族学特征,中原文化与当地少数民族文化融合的见证
牛灯舞,历史学特征,入选云南省第四批省级非物质文化遗产代表性项目名录
牛灯舞,符号学特征,关公舞刀、童子牵牛等角色设定
牛灯舞,美学特征,唱词灵活多变主要调门有绣香带凤阳花鼓等
牛灯舞,社会学特征,家家户户均自发点起灯笼照亮田野跳起牛灯舞
牛灯舞,民族学特征,既有汉族花灯的特征又有彝族民俗特质
牛灯舞,历史学特征,据康熙《广通县志》记载
牛灯舞,符号学特征,狮子灯、公鸡灯、龙灯等灯具符号
牛灯舞,美学特征,内涵丰富风格独特
慎德堂,民族学特征,彝族医药学成果
慎德堂,民族学特征,白族医药学成果
慎德堂,民族学特征,回族医药学成果
慎德堂,历史学特征,清光绪年间创始
慎德堂,历史学特征,相传六代济世百年
慎德堂,符号学特征,"""慎其术也无往不利德以行之厥疾必疗"""
慎德堂,符号学特征,脉象鉴别
慎德堂,符号学特征,脉理分析
慎德堂,符号学特征,临床治疗
慎德堂,符号学特征,药剂处方
慎德堂,符号学特征,汤药煎制
慎德堂,历史学特征,云南省第四批省级非物质文化遗产代表性项目名录
慎德堂,代表性传承人,朱兆康
《阿姆妮惹》,民族学特征,彝族文化传统
《阿姆妮惹》,历史学特征,婚姻习俗演变
《阿姆妮惹》,符号学特征,角调式与宫商调式交替
《阿姆妮惹》,社会学特征,女性生存状态
《阿姆妮惹》,民族学特征,哭嫁仪式实践
《阿姆妮惹》,历史学特征,家族血缘关系维系
《阿姆妮惹》,符号学特征,“依字”衬词运用
《阿姆妮惹》,美学特征,曲调婉转平稳
《阿姆妮惹》,社会学特征,地域性社群结构
《阿姆妮惹》,民族学特征,口头传承方式
《阿姆妮惹》,历史学特征,非物质文化遗产认定
《阿姆妮惹》,符号学特征,散拍节奏形态
《阿姆妮惹》,美学特征,哭腔演唱技法
永胜县三川火腿,历史渊源,中原与边地饮食文化的结晶
三川镇人,每年冬季习俗,腌制几只火腿
永胜县三川镇,地理环境特点,独特的地理环境和气候特点
三川火腿,使用容器,水泥缸、木缸或瓮缸
三川火腿,辅助材料,囤箩、绳子、木炭灰、高度粮食酒和食用盐
三川火腿,制作步骤,将检疫合格的生猪进行屠宰
三川火腿,制作步骤,把生猪腿卸下来
三川火腿,制作步骤,将鲜腿皮向下摆放于干净的竹器上冷却一天左右
三川火腿,制作步骤,在鲜腿上淋上白酒撒上食盐
三川火腿,制作步骤,将上好酒和盐的鲜腿皮向下层层堆入腌制缸池
三川火腿,制作步骤,腌制三天后第二次上盐
三川火腿,制作步骤,腌制十天后上下翻动一次
三川火腿,制作步骤,二十五天至三十天出缸
三川火腿,制作步骤,去掉猪腿表层食盐贴好白棉纸
三川火腿,制作步骤,将晾好的猪腿放入缸箩内进行堆捂
三川火腿,制作步骤,加入灶灰完全覆盖火腿三个月后可取出食用
成品三川火腿,外观特征,色泽鲜红油润
成品三川火腿,感官特征,香味醇厚
成品三川火腿,保存特性,在自然温度下贮存三四年都不会变质
三川火腿,风味评价,风味独特
三川火腿,地位称号,滇西火腿中的名产
三川火腿制作技艺,入选名录,云南省级非物质文化遗产代表性项目名录扩展项目名录
会泽洞经音乐,传入时间,数百年前
会泽洞经音乐,地方特色,地方韵味
会泽洞经音乐,音乐特点,雅幽清
会泽洞经音乐,演奏乐器,小胡/中胡/二胡/竹笛/大阮/月琴/扬琴/琵琶/古筝/唢呐/大鼓/云锣/大镲/小锣
会泽洞经音乐,保存曲目,经腔开经赞
会泽洞经音乐,保存曲目,老卦腔
会泽洞经音乐,保存曲目,新卦腔
会泽洞经音乐,保存曲目,赞腔
会泽洞经音乐,保存曲目,大乘赞
会泽洞经音乐,保存曲目,将军令
会泽洞经音乐,保存曲目,倒拖船
堂琅古乐团,成立目的,发掘整理古乐曲目
堂琅古乐团,演出曲目,三通鼓
堂琅古乐团,演出曲目,将军令
堂琅古乐团,演出曲目,小鹧鸪
堂琅古乐团,演出曲目,开经赞
堂琅古乐团,演出曲目,倒拖船
堂琅古乐团,演出曲目,锁道龛
堂琅古乐团,演出曲目,新卦腔
堂琅古乐团,演出曲目,赞腔
堂琅古乐团,演出曲目,老卦腔
堂琅古乐团,演出曲目,大乘赞
堂琅古乐团,组织特征,固定活动场所
堂琅古乐团,组织特征,设施基本齐备
堂琅古乐团,组织特征,演奏水平稳定
会泽洞经音乐,非遗级别,云南省第一批省级非物质文化遗产
会泽洞经音乐,代表性传承人,田永光
堂琅古乐团,影响力范围,滇东北地区
《敏编咪编》,代表性传承人,曹加阳
《敏编咪编》,代表性传承人,田秀清
《敏编咪编》,传承方式,口传心记
《敏编咪编》,演唱形式,一人演唱
《敏编咪编》,演唱形式,多人轮唱
《敏编咪编》,演唱形式,多人合唱
《敏编咪编》,传承场所,家中火塘边
《敏编咪编》,传承场所,节日庆典
《敏编咪编》,传承场所,山野林间
《敏编咪编》,传承场所,桌席间
《敏编咪编》,内容主题,毁灭患难
《敏编咪编》,内容主题,兄妹传人种
《敏编咪编》,内容主题,哈尼族生产劳作
《敏编咪编》,内容主题,习俗礼仪
《敏编咪编》,文学特征,语言凝炼
《敏编咪编》,文学特征,歌词通俗简练
《敏编咪编》,文学特征,故事情节完整
《敏编咪编》,文学特征,人物形象鲜明
《敏编咪编》,研究价值,生产生活资料
《敏编咪编》,研究价值,习俗礼仪资料
《敏编咪编》,文化功能,传承传统文化
《敏编咪编》,文化功能,维系精神生活
《敏编咪编》,学科关联,社会学特征
《敏编咪编》,学科关联,民族学特征
《敏编咪编》,学科关联,符号学特征
《敏编咪编》,学科关联,美学特征
广南洞经音乐,乐器类型,管弦乐文乐
广南洞经音乐,乐器类型,打击乐武乐
广南洞经音乐,演奏形式,拉
广南洞经音乐,演奏形式,弹
广南洞经音乐,演奏形式,打
广南洞经音乐,特色乐器,马骨胡
广南洞经音乐,特色乐器,牛角号
广南洞经音乐,特色乐器,铜鼓
广南洞经音乐,特色乐器,羊角编钟
广南洞经音乐,艺术特征,综合性音乐艺术
广南洞经音乐,曲牌类型,诗词类
广南洞经音乐,曲牌类型,宫廷类
广南洞经音乐,曲牌类型,小调类
广南洞经音乐,曲牌类型,宗教科仪类
广南洞经音乐,代表曲目,《将军令》
广南洞经音乐,代表曲目,《南清宫》
广南洞经音乐,代表曲目,《清河颂》
广南洞经音乐,兴盛时期,世纪年代初
广南洞经音乐,组织名称,吉祥社
广南洞经音乐,组织名称,宏仁社
广南洞经音乐,传承方式,多支洞经队继续演出
广南壮乡礼乐队,创新举措,将铜鼓引入洞经音乐演奏
广南县洞经音乐,非遗级别,云南省第三批省级非物质文化遗产代表性项目名录扩展项目名录
广南洞经音乐,代表性传承人,李子兰
传统铜鼓演奏,社会学特征,壮族村寨文化符号
传统铜鼓演奏,民族学特征,壮族音乐元素载体
传统铜鼓演奏,历史学特征,军屯民屯移民史见证
传统铜鼓演奏,符号学特征,仪式性音响象征体系
传统铜鼓演奏,美学特征,节奏与旋律独特性
彝族花棍狮子舞,社会学特征,白鹤乡保存较为完好
彝族花棍狮子舞,社会学特征,年轻人外出打工导致传承人减少
彝族花棍狮子舞,社会学特征,传承人年龄多在岁以上
彝族花棍狮子舞,民族学特征,与火把节、祭祀、婚庆、乔迁等传统习俗节日结合
彝族花棍狮子舞,民族学特征,与传统服饰相互映衬相得益彰
彝族花棍狮子舞,历史学特征,套路完整
彝族花棍狮子舞,符号学特征,金竹制成的花棍
彝族花棍狮子舞,符号学特征,二胡、铃铛、打击乐器伴奏
彝族花棍狮子舞,美学特征,舞姿轻盈、变化多端、刚柔相济、节奏欢快
彝族花棍狮子舞,美学特征,激情四射而又豁达愉悦之美感
彝族花棍狮子舞,美学特征,高超的民间技艺水平
彝族花棍狮子舞,美学特征,浓郁的乡土气息
彝族花棍狮子舞,表演形式,女性表演者少则二三十人多则上百人
彝族花棍狮子舞,表演形式,每人手持金竹制成的花棍随节拍起舞自唱自跳
彝族花棍狮子舞,表演形式,伴奏者围绕跳舞场横排列队队形及位置自始至终不变
彝族花棍狮子舞,表演形式,双肩前后摆动左右扭腰送胯花棍围绕身体的主要关节碰击发出响声由此引动上身的扭摆及小腿的变化和双脚的跳动
彝族花棍狮子舞,表演形式,狮子舞由名男子完成两人合作各扮大、小狮子一人扮引狮郎有前空翻过狮子后空翻上高桌云里翻下梅花桩等高难动作
彝族花棍狮子舞,入选项目,云南省第四批省级非物质文化遗产代表性项目名录
彝族花棍狮子舞,项目代表性传承人,普长光
哈尼族莫蹉蹉,民族学特征,图腾崇拜
哈尼族莫蹉蹉,历史学特征,传统历史文化信息
哈尼族莫蹉蹉,符号学特征,白鹇鸟羽翼象征吉祥幸福
哈尼族莫蹉蹉,美学特征,古朴沉稳的舞蹈动作
哈尼族莫蹉蹉,社会学特征,喜庆民俗活动应用
哈尼族莫蹉蹉,民族学特征,成年男女集体参与
哈尼族莫蹉蹉,历史学特征,入选云南省第四批省级非物质文化遗产
哈尼族莫蹉蹉,符号学特征,铓鼓锣钹伴奏乐器象征性
哈尼族莫蹉蹉,美学特征,模拟自然形态的艺术表现
哈尼族莫蹉蹉,社会学特征,德高望重老人主持仪式
哈尼族莫蹉蹉,民族学特征,男女分工明确的舞蹈套路
哈尼族莫蹉蹉,历史学特征,古代起源与发展演变
哈尼族莫蹉蹉,符号学特征,道具如三叉/铜钱棒的文化寓意
彝族老人,祭祀对象,山神树
青年男女,活动内容,通宵达旦寻找意中人
六月六民俗活动,融入元素,毕摩祭祀祈福
六月六民俗活动,融入元素,赛装比美
六月六民俗活动,融入元素,爬油杆
六月六民俗活动,传承内容,传统歌舞
六月六民俗活动,传承内容,祭祀文化
六月六民俗活动,传承内容,体育文化
六月六民俗活动,传承内容,婚恋文化
六月六民俗活动,传承内容,服饰文化
六月六民俗活动,入选名录,云南省第四批省级非物质文化遗产代表性项目名录
六月六民俗活动,面临问题,外来文化冲击影响
六月六民俗活动,保护措施,培养习俗祭祀传承人
六月六民俗活动,保护措施,培养表演队与乐队传承人
六月六民俗活动,社会学特征,增强民族凝聚力
六月六民俗活动,历史学特征,据清康熙《广通县志》记载
六月六民俗活动,民族学特征,彝族独具特色
六月六民俗活动,符号学特征,晾晒衣被习俗
六月六民俗活动,美学特征,对歌跳舞通宵达旦
阿苏者跳歌调,形式特点,形式多样
阿苏者跳歌调,内容范围,内容广泛
阿苏者跳歌调,民族特色,古朴的民族特色
阿苏者跳歌调,反映对象,南华地区各族人民的生产生活状况
阿苏者跳歌调,反映对象,思想感情
阿苏者跳歌调,反映对象,道德情操
阿苏者跳歌调,展示内容,艺术创造才能
阿苏者跳歌调,功能作用,寓教于乐
阿苏者跳歌调,功能作用,启心明智
阿苏者跳歌调,唱词结构,七言两句
阿苏者跳歌调,尾缀词,阿苏者
阿苏者跳歌调,调式分类,农耕调
阿苏者跳歌调,调式分类,情调
阿苏者跳歌调,调式分类,喜调
阿苏者跳歌调,调式分类,欢乐调
阿苏者跳歌调,演唱方式,女方对答
阿苏者跳歌调,唱词特点,包罗万象
阿苏者跳歌调,唱词特点,言简意赅
阿苏者跳歌调,唱词风格,喻之雅韵含蓄
阿苏者跳歌调,唱词风格,巧妙贴切
阿苏者跳歌调,表现形式,诗歌形式
阿苏者跳歌调,表现主题,宇宙万物
阿苏者跳歌调,表现主题,世间百态
阿苏者跳歌调,科学性,具有科学性
阿苏者跳歌调,哲理性,具有哲理性
阿苏者跳歌调,传承现状,掌握艺人越来越少
阿苏者跳歌调,保护需求,亟待传承保护
阿苏者跳歌调,入选名录,云南省第三批非物质文化遗产代表性项目名录
阿苏者跳歌调,代表性传承人,杨凤
《神蜘蛛》,涉及人物,耿马土司罕虔
《神蜘蛛》,军事行动,起象兵十万分五路大举进犯滇西
《神蜘蛛》,危机地点,大理告急
《神蜘蛛》,危机地点,昆明告急
《神蜘蛛》,民族英雄,邓子龙
邓子龙,受命地点,姚关大关前
邓子龙,战绩,大破象阵
邓子龙,斩杀对象,湾甸土司景宗真
邓子龙,设伏地点,湾甸
邓子龙,直捣敌巢,耿马三尖山
邓子龙,战绩,三战三捷
邓子龙,收复地区,三宣六慰
三宣六慰,性质,中国明代在云南边地设置的九个重要的土司
《神蜘蛛》,文化地位,独特的傣族文化遗产
傣族民间故事《神蜘蛛》,传承方式,世代相传
傣族民间故事《神蜘蛛》,供奉对象,与释迦牟尼佛同等
《神蜘蛛》傣文经卷,功能,镇宅、消灾
《神蜘蛛》傣文经卷,功能,保佑孩子无病无灾
《神蜘蛛》,传承世家,湾甸乡万德美一家
万德美一家,祖上职业,傣族土司执掌记录工作
《神蜘蛛》,入选项目,云南省第三批省级非物质文化遗产代表性项目名录
《神蜘蛛》,代表性传承人,万德美
《神蜘蛛》孤本,特征元素,九头九尾象图
九头九尾象图,研究领域,社会学特征
九头九尾象图,研究领域,民族学特征
九头九尾象图,研究领域,历史学特征
九头九尾象图,研究领域,符号学特征
九头九尾象图,研究领域,美学特征
彝族器乐,流传地区,石林县
彝族器乐,流传地区,弥勒一带
彝族器乐,分支族群,阿细人
彝族器乐,主要乐器,唢呐
彝族器乐,伴奏乐器,小鼓
彝族器乐,伴奏乐器,小锣
彝族器乐,伴奏乐器,小三弦
彝族器乐,传统曲目,《喜鹊串门》
彝族器乐,传统曲目,《过街调》
彝族器乐,传统曲目,《平地调》
彝族器乐,传统曲目,《大战鼓》
彝族器乐,历史渊源,洞经音乐
彝族器乐,影响范围,西南一带
彝族器乐,借鉴地区,楚雄
彝族器乐,借鉴地区,大理
彝族器乐,借鉴地区,丽江
彝族器乐,借鉴地区,保山
彝族器乐,借鉴地区,红河
彝族器乐,借鉴地区,曲靖
彝族器乐,功能场景,红白喜事
彝族器乐,使用限制,喜调不在丧事中出现
彝族器乐,现代转型,搬上舞台
彝族器乐,现代用途,节庆活动表演
彝族器乐,代表性传承人,昂宝德
彝族器乐,别称,彝族小交响乐
彝族器乐,乐队规模,少则十几人
彝族器乐,乐队规模,多则几十人上百人
玎三赛,别称,牛腿琴
玎三赛,别称,马腿琴
玎三赛,别称,瓢琴
玎三赛,早期功能,自娱
玎三赛,早期功能,表达爱慕之情
玎三赛,组成部分,共鸣箱
玎三赛,组成部分,琴杆
玎三赛,组成部分,音品
玎三赛,组成部分,弦线
玎三赛,组成部分,琴码
玎三赛,组成部分,弹片
玎三赛,制作材料,杧果树
玎三赛,制作材料,椿树
玎三赛,工艺特点,整木剜刻
玎三赛,面板材质,薄竹片
玎三赛,面板材质,笋叶
玎三赛,面板材质,薄木板
玎三赛,雕刻图案,孔雀
玎三赛,雕刻图案,凤凰
玎三赛,雕刻图案,大象
玎三赛,演奏姿势,坐姿
玎三赛,演奏姿势,立姿
玎三赛,弹奏技法,勾
玎三赛,弹奏技法,挑
玎三赛,使用场景,民族舞伴奏
玎三赛,使用场景,独唱伴奏
玎三赛,使用场景,合唱伴奏
玎三赛,使用场景,情歌弹唱
玎三赛,使用场景,山歌弹唱
玎三赛,代表性传承人,约恩散吞
富源县墨红镇彝族刺绣,使用工具,剪刀、针、顶针、绷子
富源县墨红镇彝族刺绣,常用丝线颜色,红、黄、绿、紫、黑
富源县墨红镇彝族刺绣,布料选择,白、红、绿、黑
富源县墨红镇彝族刺绣,针法类型,缠针、乱针、长短针
富源县墨红镇彝族刺绣,技法类型,滚绣、锁花绣、挑花绣、插绣、垫绣、引绣、平绣、拼花绣
插绣工艺,制作步骤,事先在牛皮纸上绘制图案→剪纸镂空→粘贴于布料→绣制
平绣工艺,前置准备,在布料上画米字格、井字格、田字格后施针
挑花绣,技艺特点,直接根据布匹纹路创作无预先设计构图
衣领/袖口/衣角/鞋舌,功能需求,耐用性优先采用滚绣和锁花绣加固
胸襟/裤筒/围腰/鞋面,审美需求,采用挑花绣和插绣提升精美度
衣服刺绣图案,文化符号,狗牙图案/拉拉花/钩担花象征山水牛羊麦穗与美好生活愿景
花围腰刺绣主题,生育观念,龙凤图案寓意养儿如龙养女成凤
花草鞋刺绣元素,吉祥寓意,鱼象征年年有余/桃子代表心心相印
少女装&新娘装,固定搭配图案,豌豆花/铜钱纹/几何纹样
男装&儿童装&中老年装,固定搭配图案,星点与几何图案
富源彝族刺绣,非遗地位,云南省第四批省级非物质文化遗产扩展项目
富源彝族刺绣,代表性传承人,李良花
呈贡菱角编制技艺,民族学特征,中原文化与楚文化遗存
呈贡菱角编制技艺,历史学特征,无法考证确切起源时间
呈贡菱角编制技艺,符号学特征,三角形为唯一造型元素
呈贡菱角编制技艺,社会学特征,流行于昆明地区
呈贡菱角编制技艺,社会学特征,原料稀缺导致传承困难
呈贡菱角编制技艺,社会学特征,年轻人不愿学习因利润微薄耗时费力
呈贡菱角编制技艺,历史学特征,入选云南省第三批省级非物质文化遗产代表性项目名录
呈贡菱角编制技艺,民族学特征,李留美为项目代表性传承人
香童戏,所属文化类型,傩文化
香童戏,所属文化类型,戏剧文化
香童戏,所属文化类型,边地文化
香童戏,音乐声腔分类,神腔
香童戏,音乐声腔分类,戏腔
神腔,包含唱腔类型,太子腔
神腔,包含唱腔类型,平腔
神腔,包含唱腔类型,黑神腔
神腔,包含唱腔类型,瘟神腔
神腔,包含唱腔类型,猎神腔
神腔,包含唱腔类型,将军腔
戏腔,融合元素,滇戏胡琴
表演剧目,使用声腔,戏腔
香童戏,表演形式,多角戏
香童戏,表演形式,独角戏
香童戏,表演形式,哑剧
香童戏,入选名录,云南省第四批省级非物质文化遗产代表性项目名录
香童戏,代表性传承人,杨妮军
香童戏,代表性传承人,杨国礼
香童戏,代表性传承人,杨玉华
香童戏,伴奏乐器,彝族长号
香童戏,研究价值关联文化,哀牢文化
香童戏,研究价值关联文化,边地文化
朱苦拉村,尚存棵百年以上树龄的咖啡树,历史学特征
朱苦拉村,经专家鉴定属云南小粒咖啡最古老的波邦蒂皮卡品种,历史学特征
朱苦拉村,喝咖啡是当地村民的习惯,社会学特征
朱苦拉咖啡,栽种在海拔米以下、无霜的地区通常在沙土环境下种植,民族学特征
朱苦拉咖啡,采摘红色的咖啡果回家后用牙齿脱皮清洗后捞起置于阴凉处干燥,民族学特征
朱苦拉咖啡,将干燥的咖啡豆放入杵臼中用木棒撞击脱壳加用筛子或簸箕去壳清洗后晾干,民族学特征
朱苦拉咖啡,在煮饭的大铁锅里用鸡油或猪油将咖啡豆焙炒使用柴火加热先用大火炒然后逐渐改用小火炒至黑黄色起锅冷却晾干,民族学特征
朱苦拉咖啡,用石磨磨成咖啡粉装入围有塑料布的纸箱中储存,民族学特征
朱苦拉咖啡,煮咖啡时先放糖再放咖啡糖、咖啡的比例一般是,社会学特征
朱苦拉咖啡,先用一块粗白色纱布包上几勺咖啡粉备用然后在小茶壶里盛上冷水放到火塘里的三角架上煮沸再把包了咖啡粉的纱布包丢进去用一把勺子不停搅拌约分钟左右取出纱布包咖啡就煮成了,民族学特征
平川朱苦拉咖啡制作技艺,入选云南省第四批省级非物质文化遗产代表性项目名录,历史学特征
平川朱苦拉咖啡制作技艺,代表性传承人是杞凤华,社会学特征
云泉豆瓣酱,兼具功能,酱和菜
云泉寺,建于,宋元时期
云泉之名,来源于,云泉井水
主要原料,包括,蚕豆和小麦
生产工艺,包含步骤,人工分拣
生产工艺,包含步骤,炒制
生产工艺,包含步骤,粉碎
豆瓣颗粒,处理方式,泉水浸泡
混合材料,包括,加工好的小麦粉和滤过水的豆瓣
发酵周期,持续时长,长达个月
发酵管理,需要操作,每天翻搅
有益菌,产生于,翻搅过程
产品多样化,通过添加,各类香料
用盐比例,特征为,低
添加剂情况,不添加,防腐剂
品质特点,具有,细嫩化渣
品质特点,具有,酱香味醇厚
品质特点,具有,营养丰富
传承历史,延续至,民国初年
民间作坊数量,达到,百家
楚雄云泉酱园有限责任公司,曾用名,云南楚雄市酱菜厂
云泉商标,注册时间,年
制作技艺,入选项目,云南省第四批省级非物质文化遗产代表性项目名录
项目代表性传承人,是,左宗炽
猪膘肉,别称,琵琶肉
制作时间,季节,隆冬时节
制作过程,步骤,刮干净猪毛
制作过程,步骤,刮取瘦肉并取出内脏、骨头、脊肉等
制作过程,保留部位,猪头完整保留
腌制作料,包含,盐巴、花椒、生姜、大蒜
辅助材料,使用,酥油和蜂蜜
缝合工具,使用,麻线
成型要求,保持形态,整头猪的原型完整缝制
干燥方式,包括,太阳下晾晒几天或者阴干
存放位置,地点,家中神柜或灶台上堆码叠放
象征意义,代表,财富
社会认知,判断标准,神柜上放满猪膘肉象征家庭富有
保存时长,范围,短的一两年长的甚至可至年以上
烹饪方式,包括,蒸、煮、炖、炒
使用场合,包括,婚丧节庆、待客、祭祀
宗教仪式,必备品,转山节敬献格姆女神山
成人礼仪,形式,摩梭儿童年满岁站在猪膘肉上举行
文化普及度,表现,家家户户储存猪膘肉
非遗项目,名称,纳西族猪膘肉制作技艺
非遗级别,入选,云南省第四批省级非物质文化遗产代表性项目名录
传承人,姓名,哥洼扎西
官渡区彩扎,代表性题材,龙及水八仙
彩扎工艺,制作步骤,选材/破篾/编扎/造型/糊裱装饰
选材标准,竹龄要求,年以上的老竹
材料处理,剖分宽度,厘米的篾条
防虫工艺,内膜处理方式,刮去竹子的内膜
定型工艺,干燥方法,用水浸泡后置于太阳下曝晒数日
表面装饰,使用材料,棉纸或布料
艺术表现,装饰技法,手工彩绘
传统作品类型,包括内容,彩龙/麒麟/蚌壳/毛驴/旱船/小独龙/板凳龙/狮子/神像/盔头面具/风筝/灯彩/绢人
功能用途,应用场合,春节/元旦节/端午节等节日游艺道具及观赏品
民俗角色,参与活动,娱乐/庆赏/祭祀
传承现状,面临问题,城市化导致传统空间衰微
生产变革,替代方式,机械模式化生产
传承困境,人员结构,师傅们年事较高且后继乏人
保护措施,认定级别,云南省第三批省级非物质文化遗产代表性项目名录
项目传承人,代表人物,余国忠
社会学特征,文化变迁动因,城市化进程中的传统民俗转型
民族学特征,族群关联,汉族民间工艺的地方化演绎
历史学特征,传播路径,中原至云南的区域流变
符号学特征,意象系统,祥瑞动物与神话形象体系
美学特征,造型法则,编扎技艺与彩绘相结合的造型美学
撒弦乐,使用乐器,月琴
撒弦乐,音乐类型,民间音乐
撒弦乐,收录文献,《玉溪市民间音乐》
撒弦乐,收录文献,《江川县民间音乐荟萃》
撒弦乐,非遗级别,云南省第三批省级非物质文化遗产
撒弦乐,代表性传承人,安正雄
撒弦乐,演奏形式,独奏
撒弦乐,演奏形式,伴奏
撒弦乐,民俗场景,跳乐活动
撒弦乐,音色特征,清脆悦耳
撒弦乐,艺术风格,优雅奔放
撒弦乐,社会功能,增进民族团结
撒弦乐,社会功能,提高民众审美
彭长谷,身份,月琴师
彭长谷,俗称,月琴老板
撒弦乐,文化属性,社会学特征
撒弦乐,文化属性,民族学特征
撒弦乐,文化属性,历史学特征
撒弦乐,文化属性,符号学特征
撒弦乐,文化属性,美学特征
宰牛仪式,民族学特征,由阿訇主持并遵循回族传统习俗
前截干巴特点,符号学特征,膘多肉薄包括呛口骨/梆梆胸子/头道肋/二道肋/五对
揉搓工艺,美学特征,决定干巴酥嫩爽口感的关键步骤
悬挂晾晒过程,美学特征,确保肉壮形佳色鲜的成型工艺
徐用之祖辈与姑表,创立,永香斋
永香斋,历史变迁包括,分家/更名/建厂
昆明永香斋酱菜厂,恢复时间,重新恢复
昆明永香斋酱菜厂,合并对象,拓东酱菜厂
合并后名称,昆明酿造总厂)8.(现称,昆明拓东调味食品有限公司
永香斋玫瑰大头菜,所属公司,昆明拓东调味食品有限公司
永香斋玫瑰大头菜,制作流程包含,削皮破块
永香斋玫瑰大头菜,制作流程包含,出池滤水
永香斋玫瑰大头菜,制作流程包含,酱制发酵
永香斋玫瑰大头菜,制作流程包含,晒芥收贮
主料,上等鲜芥菜头)16.(腌制方式,三次入池腌制
酱汁成分,醅子酱)18.(酱汁成分,特殊处理的红糖
酱汁成分,饴糖)20.(酱汁成分,老玫瑰糖
酱汁成分,老白酱)22.(酱腌方法,装一层芥块淋一层酱汁
压制材料,篾笆/木板/石头)24.(晾晒时长,两天半翻面再晒半天
贮存发酵时长,八个月)26.(成品特征,皮色黑亮
成品特征,内心褐红)28.(成品特征,脆嫩滋润
成品特征,回甜清香)30.(食用方式,切片生吃
食用方式,切丝炒剁肉)32.(代表菜肴,炒三剁
入选项目,"云南省第四批省级非物质文化遗产代表性项目名录)
1.(姚氏中医妇科疗法","创立时间,清朝乾隆年间"
姚氏中医妇科疗法,创始人,姚方奇
姚氏中医妇科疗法,传承代数,八代
姚氏中医妇科疗法,影响地区,昆明地区
姚氏中医妇科疗法,理论基础,阴阳气血
姚氏中医妇科疗法,治疗特点,因人、因时、因地
姚氏中医妇科疗法,擅长病症,不孕症
姚氏中医妇科疗法,擅长病症,多囊卵巢综合征
姚氏中医妇科疗法,擅长病症,习惯性流产
姚氏中医妇科疗法,擅长病症,先兆流产
保产达生汤剂,用途,治疗习惯性流产
保产达生汤剂,用途,治疗先兆流产
保产达生大蜜丸,用途,治疗习惯性流产
保产达生大蜜丸,用途,治疗先兆流产
姚氏新加补血汤,应用领域,妇科临床治疗
四物通经汤,应用领域,妇科临床治疗
七炭止血散,应用领域,妇科临床治疗
外用珍珠散,应用领域,妇科临床治疗
姚氏中医妇科疗法,入选名录,云南省第四批省级非物质文化遗产代表性项目名录
姚克敏,身份,代表性传承人
姚克敏,传承辈分,第六代传人
祥云大营陶器制作技艺,民族学特征,精神信仰产物
祥云大营陶器制作技艺,历史学特征,数个世纪的历史变迁
祥云大营陶器制作技艺,符号学特征,传统手工技艺特征
祥云大营陶器制作技艺,美学特征,造型沉稳釉色庄重
祥云大营陶器制作技艺,社会学特征,相应的礼节与禁忌
祥云大营陶器制作技艺,民族学特征,劳动人民智慧呈现
祥云大营陶器制作技艺,符号学特征,慢轮车/高黏土/传统材料
祥云大营陶器制作技艺,美学特征,生活用品/祭祀用品/艺术品分类
祥云大营陶器制作技艺,社会学特征,技艺传承脉络清晰
祥云大营陶器制作技艺,历史学特征,入选云南省级非物质文化遗产扩展项目名录
祥云大营陶器制作技艺,民族学特征,代表性传承人罗晃照、罗志福
过桥米线,所属菜系,滇菜系
建新园过桥米线,品牌地位,云南最知名
建新园过桥米线,主要流传地区,昆明市
建新园,曾用名,三合春
建新园,创建时间,未明确记载
建新园,原址名称,福顺居
建新园,更名时间,未明确记载
建新园,继承传统,老店经营传统和惠民理念
建新园,技术传承来源,德鑫园老店
过桥米线选料-米线原料,使用谷物,籼米和粳米混合
过桥米线选料-猪肉来源,产地区域,玉溪、宜良
过桥米线选料-鸡肉来源,产地区域,昭通、文山、武定
过桥米线制作工艺-猪骨处理,初加工方式,冷水锅加温焯水
过桥米线制作工艺-汤底熬制时长,总耗时,小时
过桥米线配料组成,荤类食材,生猪肉里脊片、凉白肉片、火腿片、凉鸡块
过桥米线配料组成,蔬菜类食材,玉兰片、韭菜段、豆芽菜
过桥米线配料组成,特色辅料,鹌鹑蛋、豆腐皮
过桥米线食用器具,主容器类型,过桥大碗
过桥米线烹饪技法,汤水温度控制方式,高温加热至烫手
过桥米线调味料添加顺序,首步操作,放入味精、虾粉、胡椒粉
过桥米线调味料添加顺序,次步操作,浇入滚烫的老油
过桥米线食用步骤,首烫食材,生肉里脊肉
过桥米线食用步骤,特殊处理方式,用鹌鹑蛋上浆后放入汤中烫熟
建新园过桥米线,获奖荣誉,中国美食节金鼎奖
建新园过桥米线,获奖荣誉,中华老字号百年名小吃称号
建新园过桥米线烹制技艺,文化遗产级别,云南省第四批省级非物质文化遗产代表性项目名录扩展项目
建新园过桥米线烹制技艺,代表性传承人,张美楷
漾濞彝族大刀舞,民族学特征,彝族民间兵器舞
漾濞彝族大刀舞,符号学特征,驱邪气除歪风的象征意义
漾濞彝族大刀舞,社会学特征,红白喜事及节庆活动表演习俗
漾濞彝族大刀舞,民族学特征,与打歌同场渲染气氛的传统
漾濞彝族大刀舞,符号学特征,笛子、芦笙伴奏的文化标识
漾濞彝族大刀舞,美学特征,手工刺绣图案与银饰点缀服饰艺术
漾濞彝族大刀舞,社会学特征,鸡街乡各村寨组建打歌队伍和耍刀骨干
漾濞彝族大刀舞,历史学特征,入选云南省第三批省级非物质文化遗产扩展项目
漾濞彝族大刀舞,符号学特征,大开门、小开门等套路命名体系
漾濞彝族大刀舞,美学特征,有力热情奔放且富有感染力的舞蹈风格
嘎蒙卡兜舞,流传地区,永平县龙街镇安吉村
安吉村,称号,苗族歌舞之乡
嘎蒙卡兜舞,所属范畴,芦笙舞
大鼓芦笙舞,表演场合,祭奠死者
嘎蒙卡兜舞,别称,蚩尤之舞
嘎蒙卡兜舞,基本动作,转身
嘎蒙卡兜舞,核心动作精髓,邀约、苍蝇搓脚、滚松球、结疙瘩、解疙瘩、腌鸡锦鸡摆尾
嘎蒙卡兜舞,领舞者角色,芦笙吹奏者
嘎蒙卡兜舞,基础调度形式,两组交叉、转身
嘎蒙卡兜舞,服饰材料,生麻纺织
嘎蒙卡兜舞,服饰特征,色彩斑斓且重达公斤
嘎蒙卡兜舞,体现的民族意识,团结互助、积极向上
嘎蒙卡兜舞,入选项目,云南省第三批省级非物质文化遗产代表性项目名录
白彝彝族服饰,民族学特征,具有鲜明的民族特色和地域特色
白彝彝族服饰,历史学特征,反映彝族服饰的历史和文化内涵
白彝彝族服饰,符号学特征,男女装均以红绿两色搭配为主
白彝彝族服饰,美学特征,色彩明快、视觉效果极强
白彝彝族服饰,社会学特征,穿戴习俗体现社会分工
白彝彝族服饰,民族学特征,女装细分已婚/新娘/少女不同阶段
白彝彝族服饰,历史学特征,传承古法种麻养羊纺织技艺
白彝彝族服饰,符号学特征,使用植物染料染色工艺
白彝彝族服饰,美学特征,手工刺绣与缝制工艺精细
白彝彝族服饰,社会学特征,入选云南省级非物质文化遗产扩展项目名录
白彝彝族服饰,民族学特征,男装以黑白两色为主
白彝彝族服饰,历史学特征,保留传统披毡制作技术
白彝彝族服饰,符号学特征,宽一尺长条布形制规范
白彝彝族服饰,美学特征,古朴厚重与穿着舒适兼具
白彝彝族服饰,历史学特征,春季种麻秋季收麻的时序性生产
白彝彝族服饰,符号学特征,纺车捻线与织布机编织体系
白彝祖先,第一站迁徙地,罗平县
白彝分支,第二站迁徙地,师宗县
白彝另一部分,最终定居地,泸西
祖洞,彝语名称,阿巴西米
祖洞功能,用于,寄放祖宗灵牌
祭祖仪式别称,称为,入祖
同宗同姓人家,共择地点,村郊岩穴设祖洞
治丧习俗用品,使用植物,哥都嘎噜两种植物的根
灵魂载体制作材料,采用木材,栗树做成的魂木棺
裹魂服处理方式,需穿洞后层层包裹在魂木棺上)16.(搬运责任人,"由,大儿子背回家中"
供奉位置选择,悬于堂屋一侧或楼上)18.(大祭时间定例,农历十月进行
族群召集人身份,族头负责组织祭祖灵活动)20.(婚姻观念体现,夫妻死后必须共同入祖彰显不离不弃
祭祖活动安排特点,按家族姓氏分两天举行)22.(第一天仪式内容,包括请魂献祭等环节
第二天仪式流程包含步骤数量,十道程序依次实施)24.(传承形式类型,口头传唱形式代际相传
主要传承方式机制,家族传承模式)26.(代表性传承人物举例,黄绍明
代表性传承人物举例,黄金贵)28.(代表性传承人物举例,黄礼顺
文化内涵覆盖领域,反映彝族历史宗教文学艺术等方面)30.(核心价值体现方面,承载民族文化与人类学研究价值
《召赞与卯蚩彩娥翠》,民族学特征,苗族处世观
《召赞与卯蚩彩娥翠》,历史学特征,苗族进入乌蒙山后的生存状态
《召赞与卯蚩彩娥翠》,美学特征,讲与唱穿插的艺术形式
《召赞与卯蚩彩娥翠》,社会学特征,英雄观
《召赞与卯蚩彩娥翠》,民族学特征,苗语口头传承
《召赞与卯蚩彩娥翠》,历史学特征,收录于《中国西部苗语口碑文化集成》
《召赞与卯蚩彩娥翠》,美学特征,情节动人妙趣横生
《召赞与卯蚩彩娥翠》,社会学特征,入选云南省第四批省级非物质文化遗产代表性项目名录
《召赞与卯蚩彩娥翠》,民族学特征,项目代表性传承人是马兴才
阿哩,民族学特征,花腰彝族
阿哩,历史学特征,部落王国时代/渔猎时代
阿哩,符号学特征,五言体叙事长诗
阿哩,美学特征,比喻、夸张、排比、对仗等修辞手法
阿哩,社会学特征,反映彝族的审美观、人生观和世界观
阿哩,民族学特征,口耳相传的传承方式
阿哩,符号学特征,《创世史诗》《英雄史诗》《叙事长诗》三大类体裁
阿哩,美学特征,人物形象生动鲜明、情节曲折引人入胜
德培好,历史学特征,纪念先祖阿竜牺牲
德培好,符号学特征,竜龙同音译为祭龙
德培好,美学特征,歌舞狂欢与《祭龙调》舞蹈
咪嘎好,社会学特征,每年一次的祭竜活动
德培好,社会学特征,每属马年举行
德培好,民族学特征,世袭主持人家族传承
德培好,历史学特征,立春后第一个属马日举行
德培好,符号学特征,主辅祭坛设置象征日月轮回
德培好,美学特征,多层方桌叠起高达十余米
德培好,社会学特征,公祭仪式与分祭坛供品陈列
德培好,民族学特征,毕摩念诵彝文经书祈福
德培好,历史学特征,竜蛋穿石仪式传统留存
德培好,符号学特征,拍掌转身围圈起跳形式
德培好,美学特征,舞龙舞狮视觉展演
德培好,社会学特征,挨家挨户跳拜互动
德培好,历史学特征,承载原始记忆与历史文化信息
德培好,符号学特征,三天仪式结构：迎竜-狂欢-送竜
德培好,美学特征,杂舞表演艺术形式
德培好,社会学特征,云南省非物质文化遗产名录入选
普江,民族学特征,项目代表性传承人
德培好,历史学特征,石屏县哨冲镇/龙武镇地域渊源
彝族高山腔,流传地区,红河哈尼族彝族自治州蒙自东南部山区
彝族高山腔,支系归属,朴拉支系
彝族高山腔,支系归属,姆基支系
彝族高山腔,语言演变,从彝语演唱转为汉语诗歌体唱词
姆基支系雅哩嗼,曲体结构,曲头/曲调主体/曲尾三部分
姆基支系雅哩嗼,调式类型,羽调式民歌
姆基支系雅哩嗼,歌词句式,七字句
朴拉支系高山腔,结构形式,一段式或两段式
朴拉支系高山腔,调式类型,羽调式民歌
朴拉支系高山腔,歌词句式,七字句
彝族高山腔,演唱形式,独唱
彝族高山腔,演唱形式,对唱
彝族高山腔,艺术特征,帮腔
彝族高山腔,唱词结构,四字句/五字句/七字句
彝族高山腔,修辞手法,夸张
彝族高山腔,修辞手法,借代
彝族高山腔,修辞手法,双关
彝族高山腔,传承现状,能用彝语演唱者多在七旬以上
彝族高山腔,传承现状,熟练演唱者多在六旬以上
彝族高山腔,保护级别,云南省第四批省级非物质文化遗产代表性项目名录
宜良钩花扎染,鼎盛时期,清末
宜良钩花扎染,制作群体规模,约余人
宜良钩花扎染,入选名录,云南省第四批省级非物质文化遗产代表性项目名录扩展项目名录
宜良钩花扎染,代表性传承人,郭琼芬
宜良钩花扎染,底料材质,棉布或丝绸
宜良钩花扎染,核心工艺特征,钩针绕线点状扎组成图案
宜良钩花扎染,特殊织法,麻料色织
宜良钩花扎染,扎制工艺分类,扎、缝、钩、刺、绣、镂
宜良钩花扎染,镂花技法特点,人工隔行剪抽去部分经纬线构成图案
宜良钩花扎染,典型染法示例,拔染
宜良钩花扎染,补充手段,手绘、压绘
宜良钩花扎染,染料来源类型,植物
宜良钩花扎染,常用植物染料例举,柿子、板栗壳、板蓝根、紫茎泽兰、苏木、秋木、茜草、桉树、茶叶、核桃壳
宜良钩花扎染,板蓝根发酵时长,半年
宜良钩花扎染,板蓝根产物名称,青黛
宜良钩花扎染,基础色系代表,藏蓝色
宜良钩花扎染,深色调实现方式,反复上色一二十道叠加
宜良钩花扎染,产品类型,包袱、手帕、茶垫子、桌布、围腰、床垫、门帘、日本和服、马甲
宜良钩花扎染,销售范围,日本、韩国和欧美等地
安宁小调,产生于,彝、汉劳动人民
安宁小调,受影响因素,汉族文化
安宁小调,受影响因素,江南小调
安宁小调,结合对象,当地民歌曲调
安宁小调,结合对象,当地唱法
安宁小调,演唱形式,对唱
安宁小调,演唱形式,合唱
安宁小调,衬腔用语,我的情郎哎尼歌来
安宁小调,唱词内容类型,男女爱慕情意
安宁小调,唱词内容类型,倾诉苦难生活
安宁小调,唱词内容类型,希望五谷丰登
安宁小调,唱词内容类型,富贵平安
安宁小调,唱词内容类型,人丁兴旺
安宁小调,使用修辞手法,明喻
安宁小调,使用修辞手法,暗喻
安宁小调,使用修辞手法,对比
安宁小调,使用修辞手法,排比
安宁小调,使用修辞手法,形容
安宁小调,使用修辞手法,夸张
安宁小调,使用修辞手法,对偶
安宁小调,传承人,周存英
安宁小调,入选项目,云南省第四批省级非物质文化遗产代表性项目名录
绣法传承,历史学特征,历代绣娘的传承和创新
色彩运用,美学特征,红绿黑基色与强烈色系对比
构图设计,美学特征,图案丰富且对称工整
针法技艺,历史学特征,保留平绣/纸花绣/打籽绣/数纱绣/包花绣等传统技法
实用功能,社会学特征,集观赏性与实用性于一体
儿童饰品,民族学特征,鱼尾帽/兔头帽/狗头帽等特色造型
独立绣品,美学特征,六月牡丹/喜鹊眉头/蝴蝶芬芳/水仙争艳等观赏题材
非物质文化遗产,历史学特征,入选云南省第四批省级非遗扩展项目名录
传承人,社会学特征,王陆芬、王进秀作为项目代表性传承人
彝族阿噻调,演唱内容主题,天文地理
彝族阿噻调,演唱内容主题,山川河流
彝族阿噻调,演唱内容主题,花鸟鱼虫
彝族阿噻调,演唱内容主题,四时农事
彝族阿噻调,演唱内容主题,历史
彝族阿噻调,演唱内容主题,叙事
彝族阿噻调,演唱内容主题,传说
彝族阿噻调,演唱内容主题,故事
彝族阿噻调,演唱内容主题,求教
彝族阿噻调,演唱内容主题,盘问
彝族阿噻调,唱词结构特点,可长可短
彝族阿噻调,唱词形式,五言一句
彝族阿噻调,语言要求,讲求押韵
彝族阿噻调,使用语言,彝语
彝族阿噻调,演唱技巧特征,哼腔较多
彝族阿噻调,旋律风格,优美抒情
彝族阿噻调,音乐表现力,自由委婉动听
彝族阿噻调,音区特征,宽广
彝族阿噻调,一般音域范围,一度以上
彝族阿噻调,主要调式,羽调式
彝族阿噻调,次要调式,商调式
彝族阿噻调,音阶构成,六声音阶
彝族阿噻调,音阶时值特点,所占时值较长
叙事性阿噻调,演唱形式之一,主唱者领唱调头/调子+众人合声称帮腔
叙事性阿噻调,演唱形式之二,众人合唱调头+主唱者领唱+众人合声
情歌类阿噻调,主要演唱方式,男女对唱
情歌类阿噻调,特殊合声形式,男女双方互为合声
阿噻调调头,旋律特点,流畅
阿噻调调头,乐句长度特征,较长
阿噻调调头,节拍形式,散板
阿噻调调头,内容性质,客套话
阿噻调调子,功能定位,正腔即演唱正文
创世史诗《査姆》,演唱载体,阿噻调
演唱者群体,包括人员类型,毕摩
演唱者群体,包括人员类型,民间歌手
阿噻调语言风格,叙事演唱特征,朴实形象生动
阿噻调情歌特点,感情表达,真挚
阿噻调情歌特点,气韵特征,深长
彝族阿噻调,项目代表性传承人,方会香
彝族人民活动场景一,行为方式,一边做手工刺绣一边唱阿噻调
彝族人民活动场景二,行为方式,在彝族土掌房上打跳中唱阿噻调
曲靖蒸饵丝,社会学特征,民间传说
杨慎,历史学特征,明朝状元
筒子饵块,民族学特征,优质粳米制作
配料选用,符号学特征,肉酱/卤水/酸菜/韭菜/油辣椒/花椒/菜籽油/红皮大蒜
全竹蒸笼,符号学特征,不含金属材质
猛火蒸制工艺,历史学特征,传统烹制方法
筒子骨汤搭配,美学特征,葱花点缀
云南省第四批省级非物质文化遗产,历史学特征,技艺传承
高永芬,社会学特征,项目代表性传承人
双江县拉祜族葫芦笙舞,辅助乐器,箫
双江县拉祜族葫芦笙舞,辅助乐器,牛腿琴
双江县拉祜族葫芦笙舞,辅助乐器,小三弦
双江县拉祜族葫芦笙舞,音乐节奏型,四分之二拍
双江县拉祜族葫芦笙舞,表演时间,晚上
双江县拉祜族葫芦笙舞,舞蹈形式,群舞
双江县拉祜族葫芦笙舞,领舞角色,打歌师傅
双江县拉祜族葫芦笙舞,队形特征,圆圈
双江县拉祜族葫芦笙舞,基本动作,踏地跺脚
双江县拉祜族葫芦笙舞,旋转方向,逆时针
双江县拉祜族葫芦笙舞,核心动作元素,下蹲
双江县拉祜族葫芦笙舞,核心动作元素,转身
双江县拉祜族葫芦笙舞,内容分类,农业生产劳动类舞蹈
双江县拉祜族葫芦笙舞,内容分类,日常生活性舞蹈
双江县拉祜族葫芦笙舞,内容分类,娱乐性舞蹈
双江县拉祜族葫芦笙舞,内容分类,飞禽走兽类舞蹈
双江县拉祜族葫芦笙舞,内容分类,非农业生产劳动类舞蹈
双江县拉祜族葫芦笙舞,子歌示例,《大路歌》
双江县拉祜族葫芦笙舞,子歌示例,《找树歌》
双江县拉祜族葫芦笙舞,子歌示例,《箐鸡摆尾歌》
双江县拉祜族葫芦笙舞,子歌示例,《挖地歌》
双江县拉祜族葫芦笙舞,子歌示例,《栽秧歌》
双江县拉祜族葫芦笙舞,子歌示例,《敬你歌》
双江县拉祜族葫芦笙舞,起始曲目,《三脚歌》
双江县拉祜族葫芦笙舞,非遗级别,云南省第一批省级非物质文化遗产保护名录
双江县拉祜族葫芦笙舞,代表性传承人,毕玉明
老滔村,赶鸟习俗,历史悠久
中国古代,重视动物,鸡
鸡,称谓,五德之禽
过年习俗,包括活动,剪鸡、贴画鸡
新年首日,定为,鸡日
赶鸟式炼油渣,举行时间,每年正月初一
老滔村赶鸟,举行日期,大年三十和正月初一
大年三十,祭祀对象,山神、树神、土主
毕摩,主持仪式,树神前祭祀
大年初一,家庭活动,贴红对联、燃放爆竹
香火堂前,摆放物品,贡品、汤圆
扎鸟用途,用于,驱赶百鸟
孩子们行为,到每家时呼喊,“挖污”(彝语意为吉祥
贡桌前,进行动作,磕头
专人职责,集中贡品并背至,油渣山
全村人聚集地,娱乐活动地点,油渣山
油渣山活动内容,包括,唱调子、打扑克、下棋
毕摩仪式,祭树神用物,较大的肉
油渣分配方式,分给各家各户后剩余给,孤寡老人和困难户
赶鸟习俗作用,增强,民族凝聚力和家庭和睦氛围
赶鸟习俗体现品德,包括,民族团结、邻里和睦、社会和谐、尊老爱幼、团结互助
老滔村赶鸟习俗,入选名录,云南省第三批省级非物质文化遗产代表性项目名录
《哈尼阿培聪坡坡》,民族学特征,系统完整地记载了哈尼族从诞生、发展到一路迁徙直至今日所居之地的路线、历程
《哈尼阿培聪坡坡》,符号学特征,使用祖先流传下的哈尼哈吧古老歌唱调式吟唱流传至今
《哈尼阿培聪坡坡》,美学特征,具有文学价值且入选云南省第三批省级非物质文化遗产代表性项目名录
苗族妇女,创造对象,苗族刺绣
苗族刺绣,使用材料,彩色丝线/缝衣针/细麻布
苗族刺绣,应用载体,帽子/围裙/飘带/上衣/裙子/霞帔/鞋子
男性服饰,典型纹样,黑白杂花/蓝花/黄花
女性围裙,底色与图案组合,黑色或蓝色棉布绣制花卉图案
老年服饰,装饰方式,绣花飘带缠帽
纯手工全绣盛装礼服,使用场合,新婚/丧仪/祭祀活动
离世习俗,着装要求,必须穿盛装入殓
龙潭苗族刺绣,工艺特点,图案精美/针法独特
全套男女刺绣服装,表现形式差异,不同构成部件有不同刺绣形式
制作技艺,复杂程度,繁琐
项目代表性传承人,姓名,李菊香
项目代表性传承人,姓名,吴玉清
僰人支系弦子舞,队形,两个直排
僰人支系弦子舞,拍掌动作,多
僰人支系弦子舞,伴奏乐器,竹笛
僰人支系弦子舞,伴奏乐器,二胡
僰人支系弦子舞,伴奏乐器,木叶
僰人支系弦子舞,伴奏乐器,人声
僰人支系弦子舞,烘托气氛方式,用竹笛、二胡、木叶、人声等
尹武刺绣,民族学特征,彝汉文化融合
尹武刺绣,历史学特征,清雍正年间改土归流后成熟
尹武刺绣,符号学特征,消灾纳福寓意
尹武刺绣,符号学特征,爱情美满象征
尹武刺绣,符号学特征,多子多福表征
尹武刺绣,美学特征,红白黑白黄主色调对比
尹武刺绣,美学特征,细密圆润风格
尹武刺绣,美学特征,灵秀华美色彩
尹武刺绣,符号学特征,牡丹富贵意象
尹武刺绣,符号学特征,凤凰祥瑞表征
尹武刺绣,符号学特征,虎头帽图腾崇拜
尹武刺绣,历史学特征,古堂琅时期发源
尹武刺绣,民族学特征,彝族虎图腾元素
尹武刺绣,社会学特征,世代相承文化符号
尹武刺绣,历史学特征,云南省第四批省级非遗项目
尹武刺绣,民族学特征,汉彝工艺结合
阿昌族织锦技艺,流程环节,捻线
阿昌族织锦技艺,流程环节,纺线
阿昌族织锦技艺,流程环节,染线
阿昌族织锦技艺,流程环节,打线
阿昌族织锦技艺,流程环节,经线
阿昌族,传统经济模式,种棉花
阿昌族织锦,用途,筒裙
阿昌族织锦,用途,花腰带
阿昌族织锦,用途,上衣
阿昌族织锦,用途,筒帕
阿昌族织锦,用途,包头
阿昌族织锦,用途,衣服
阿昌族织锦,用途,裤子
阿昌族织锦纹样,分类,动物类
阿昌族织锦纹样,分类,植物类
阿昌族织锦纹样,分类,器物类
动物纹样,具体图案,鸡嘴
动物纹样,具体图案,羊角
动物纹样,具体图案,鱼眼
动物纹样,具体图案,毛虫
动物纹样,具体图案,蚯蚓
动物纹样,具体图案,蚂蚱
植物类纹样,具体图案,南瓜耔
植物类纹样,具体图案,丁香花
植物类纹样,具体图案,灯笼花
植物类纹样,具体图案,竹节花
器物纹样,具体图案,长刀
器物纹样,具体图案,托盘
器物纹样,具体图案,竹筒
器物纹样,具体图案,扭棍
阿昌族织锦技艺,传承主体,女性
阿昌族织锦技艺,生产性质,自给自足
阿昌族织锦技艺,存续状态,濒临失传
阿昌族织锦技艺,保护级别,云南省第三批省级非物质文化遗产代表性项目名录
阿昌族织锦技艺,代表性传承人,梁润仙
傣族狮子舞,历史学特征,自古相传的传统舞蹈
傣族狮子舞,符号学特征,用牛皮鼓、铓、锣等打击乐伴奏
傣族狮子舞,美学特征,充满浓郁的傣族舞蹈韵律特征
傣族狮子舞,社会学特征,承担角色单一（只会扮狮或引狮）
傣族狮子舞,历史学特征,每年春节和花街节期间表演预祝丰收
傣族狮子舞,符号学特征,使用绣球、驯狮棒、大刀作为指挥道具
傣族狮子舞,美学特征,武艺高超的领狮王表演红拳等武术套路
傣族狮子舞,历史学特征,由两人扮狮子一人扮驯狮者进行表演
傣族狮子舞,美学特征,双手持钢刀在八仙桌上自由翻滚腾跃的动作设计
傣族狮子舞,社会学特征,项目代表性传承人是封有兴
傣族狮子舞,民族学特征,人狮互动表演体现文化多样性
傣族狮子舞,历史学特征,保留历史传统的同时创新发展
傣族狮子舞,符号学特征,套路包含摇头、晃耳、抓脸、翻滚等基础动作
傣族狮子舞,美学特征,兼具观赏性、艺术性和表演性的综合艺术形式
镇沅黑陶,民族学特征,使用蚂蚁巢土作为主要原料
镇沅黑陶,历史学特征,乾隆二十八年建立陶瓷厂
镇沅黑陶,符号学特征,表面绘制图案
镇沅黑陶,符号学特征,集雕、镂、剔多种工艺于一身
镇沅黑陶,社会学特征,入选云南省级非物质文化遗产代表性项目名录扩展项目名录
镇沅黑陶,民族学特征,项目代表性传承人是徐世菊
镇沅黑陶,功能特性,吸附空气中的一氧化碳、甲烷等有毒气体
镇沅黑陶,功能特性,有效净化空气维护人体健康
镇沅黑陶,产品类型,各式花瓶
镇沅黑陶,产品类型,烟灰缸
镇沅黑陶,产品类型,樽
镇沅黑陶,产品类型,盂
米线节,社会学特征,持久性
米线节,社会学特征,民间传承性
米线节,民族学特征,农耕生活
米线节,历史学特征,历史悠久
米线节,历史学特征,历时最长
米线节,历史学特征,规模最大
米线节,符号学特征,米线为主食
米线节,符号学特征,大规模米线盛宴
米线节,美学特征,彩仗花灯
米线节,美学特征,民间文艺表演
米线节,历史学特征,入选云南省第三批省级非物质文化遗产代表性项目名录
保护区,地理位置,楚雄彝族自治州永仁县中和镇直苴村委会
传统民居类型,包括,木垛房/木楞房/土坯房
婚恋习俗核心场所,为,姑娘房
葬礼特色,表现为,围着棺材跳脚、敬酒、喝酒一夜到亮
婴儿命名习俗,彝语称,艾乃咪
年度重大活动,是,农历正月十五赛装节
口头文学形式,包括,神话/史诗/传说/故事/谚语
传唱内容类型,涵盖,叙事歌/劳动歌/山歌/习俗歌/情歌/婚嫁歌/酒歌/舞蹈歌/儿歌/祭祀歌
使用乐器,包括,五眼笛/哔噜/月琴/响篾
传统舞蹈,有,打跳/左脚舞
特色产品,为,做工精细的羊皮褂
民族体育项目,包括,耙田/捆驮子/射弩/踩高跷/顶肩/拔藤拔河
服饰特点,妇女穿,缝制刺绣的花衣服
服饰特点,男子穿,羊皮褂
文化称号,被誉为,赛装之源/梅葛故里/彝剧之乡/彝绣圣地
非遗入选项目,为,云南省第四批省级非物质文化遗产代表性项目名录
拈达,社会学特征,包容万物
拈达,社会学特征,敬畏生命
拈达,社会学特征,保护生态
拈达,民族学特征,普米族古老封禅式
拈达,民族学特征,祭祀本教祖师
拈达,民族学特征,传递对山川大地的敬畏和礼赞
拈达,民族学特征,人文精神体现
拈达,历史学特征,调整生活方式以适应环境
拈达,符号学特征,神柱十三节绘吉祥图案
拈达,符号学特征,四周绘制天兵天将画像
拈达,符号学特征,每节用木板画代表吉祥动物
拈达,美学特征,神柱造型艺术
拈达,美学特征,绘画装饰风格
拈达,美学特征,色彩运用与构图设计
拈达,生态文化,封山育林实践
拈达,生态文化,禁止上山砍柴伐木
拈达,福文化,禳灾祈愿仪式
拈达,福文化,平安富裕象征
拈达,福文化,幸福美好人生追求
拈达则封山仪式,传承人,偏初里
宁蒗县牛窝子村,文化遗址,拈达神坛
宁蒗县牛窝子村,文化活动,每年举办拈达节
德昂族,文化根基,茶
德昂族,传统活动,种茶
德昂族,传统活动,饮茶
德昂族,传统活动,送茶
茶,社会功能,社会交往
茶,医疗用途,防病治病
德昂族酸茶制作技艺,原料,当地大叶种茶
德昂族酸茶制作技艺,工具,簸箕
德昂族酸茶制作技艺,工具,竹笋叶
德昂族酸茶制作技艺,工具,竹筒
德昂族酸茶制作技艺,工具,竹筐
德昂族酸茶制作技艺,工具,揉茶机
茶叶采摘后处理,方法,竹制簸箕摊开晾晒
晾晒要求,条件,避免阳光直射
制作工艺步骤,包括,清洗茶叶
制作工艺步骤,包括,蒸茶杀青
蒸好的茶处理,方式,放置于簸箕晾至室温
揉茶方式,分为,手工揉捻
揉茶方式,分为,揉茶机揉捻
揉捻要求,标准,力度适中
揉捻要求,标准,时长适中
发酵容器,类型,竹筒
发酵容器,类型,竹筐
土坑发酵方法,操作,埋入土坑口朝下
土坑发酵方法,加压方式,用石板压住竹筒底部
土坑发酵方法,覆盖物,盖上泥土
地窖发酵方法,存放地点,地窖
地窖发酵要求,关键条件,确保密封
成品加工方式,方法,日光干燥
德昂族酸茶分类,类型,湿茶
德昂族酸茶分类,类型,干茶
湿茶保存期限,条件,适宜条件下可保存年
湿茶食用方式,添加佐料,番茄
湿茶食用方式,添加佐料,食盐
湿茶食用方式,添加佐料,花生
湿茶食用方式,添加佐料,辣椒
湿茶风味特点,属性,清香
湿茶风味特点,属性,微涩
湿茶风味特点,属性,回甘
湿茶功效特点,功能,健脾开胃
干茶嗅觉感受,特征,微酸
干茶口感评价,特点,轻柔爽口
干茶品质融合,兼具特点,熟茶的柔和
干茶品质融合,兼具特点,绿茶的清新
干茶回味特征,感受,回味甘甜
干茶功效作用,效果,解暑生津
相关制品形式,种类,条茶
相关制品形式,种类,圆茶
相关制品形式,种类,片茶
相关制品形式,种类,砖茶
相关制品形式,种类,团茶
德昂族酸茶制作技艺,荣誉认定,云南省第四批省级非物质文化遗产代表性项目名录
德昂族酸茶制作技艺,代表性传承人,杨腊三
石羊,得名原因,公羊舔土蒙氏掘地取卤得石似羊
石羊井盐生产,鼎盛时期,明末清初
石羊地区,经济特征,商贾云集、经济繁荣
石羊地区,别称,千年盐都
庆丰井,开凿时间,西汉
庆丰井,现状,沿用至今且保存完好
庆丰井构成部分,包括,井道、淡水井、卤水井
取卤水制盐前,仪式类型,祭祀仪式
卤水汲取方式,包括,辘轳提汲、竹筒抽汲及人工背运
煎盐灶类型,包括,蹄形灶、鸡窝灶
制盐步骤数量,为,四
制盐第一步,操作内容,把卤水倒入灶上的铸铁筒子锅中用柴煮沸使水分挥发
制盐第三步,操作内容,依次向前反复操作
制盐第四步,操作内容,制出盐沙趁热在含有少量水分时把盐沙舀入木模中锤紧后倒出做成盐团再用火烘烤使其干燥坚硬便于贮存运输
盐团形状,呈,圆柱体头平体圆
盐团重量,约重,千克
石羊盐特点,颜色,白
石羊盐特点,质地,沙粗
石羊盐特点,口味,无苦味
石羊盐用途,适宜,调味、制作咸菜和腌肉
盐水盐汁用途,用于,做泡菜、豆瓣酱、面酱或腌制火腿等
传统筒子锅制盐技艺,面临问题,耗薪多、污染大、耗能高濒于失传亟待保护
石羊筒子锅煎盐技艺,入选项目,云南省第四批省级非物质文化遗产代表性项目名录
祥云县刘厂镇王家庄村,碱地开发成熟时间,清末世纪年代
祥云县刘厂镇王家庄村,土碱制作技艺鼎盛时期,清末世纪年代
土碱制作技艺,主要基础设施,碱地
土碱制作技艺,主要基础设施,蓄水塘
土碱制作技艺,主要基础设施,碱水台子
土碱制作技艺,主要基础设施,硝房
土碱制作技艺,主要基础设施,熬硝房
土碱制作技艺,使用工具,撑杆
土碱制作技艺,使用工具,水桶
土碱制作技艺,使用工具,粪箕
土碱制作技艺,使用工具,长把瓢
土碱制作技艺,使用工具,草席
土碱制作技艺,使用工具,硝盆
土碱制作技艺,使用工具,硝箍盆
土碱制作技艺,使用工具,硝箍
土碱制作技艺,工序,铺撒泡灌
土碱制作技艺,工序,收获硝灰
土碱制作技艺,工序,过滤提纯
土碱制作技艺,工序,熬制
土碱制作技艺,工序,成形
土碱制作技艺,工序,晾晒入库
土碱制作技艺,工序,制硝牙
土碱产品,销售地区,下关
土碱产品,销售地区,大理
土碱产品,销售地区,洱源
土碱产品,销售地区,姚安
土碱产品,销售地区,大姚
土碱产品,销售地区,楚雄
土碱产品,销售地区,昆明
土碱制作技艺,入选名录,云南省第四批省级非物质文化遗产代表性项目名录
土碱制作技艺,项目代表性传承人,朱永明
火草纺织技艺,社会学特征,解决穿衣问题
火草纺织技艺,民族学特征,南华县彝族
火草纺织技艺,历史学特征,《南诏通纪》记载
火草麻布,美学特征,绵软洁白结实耐磨冬暖夏凉
火草麻布,美学特征,加工成衣裤绣上图案花纹作为节日盛装
火草纺织技艺,历史学特征,入选云南省第三批省级非物质文化遗产代表性项目名录扩展项目名录
火草纺织技艺,民族学特征,西南少数民族在纺织技术上重要的创造和发明
火草纺织技艺,符号学特征,孝服与节日盛装的文化象征意义
火草纺织技艺,民族学特征,罗应琴为项目代表性传承人
纳西族医药,民族学特征,融合藏族/白族/汉族医学知识
纳西族医药,历史学特征,《玉龙本草》载有本地产中草药种
纳西族医药,符号学特征,卢色阴阳、精威五行学说
纳西族医药,符号学特征,巴格图哲学观
纳西族医药,美学特征,药丸/汤剂/散剂/搽剂/酒剂/洗剂等剂型
纳西族医药,社会学特征,为当地群众服务且是现代医疗辅助
纳西族医药,历史学特征,清朝道光年间和介山著作《玉龙本草》
纳西族医药,民族学特征,纳西族哲学观为主线创造的医药体系
纳西族医药,历史学特征,入选云南省第三批省级非物质文化遗产代表性项目名录
纳西族医药,民族学特征,项目代表性传承人是和忠
彝族火草纺织,流传地区,石林西南部的圭山
彝族火草纺织,流传地区,长湖等撒尼人聚集区
彝族火草布,所属民族,彝族撒尼人
火草叶,生长时间,每年七八月间
火草叶,生长环境,山坡沟箐
火草叶,形态特征,呈尖毛状
火草叶,长度范围,至厘米
火草叶,宽度范围,宽厘米
火草叶背面,具有物质,一薄层乳白色具有一定韧性的纤维
火草叶背面纤维,用途,制作火草褂子的原料
撒尼妇女们,采集时间,每年夏末
采回的火草叶片,处理时限,三天之内捻成线绕成团
纺织时间,季节安排,冬季农闲时
一件火草褂子,所需原料量,至公斤的火草叶片
火草布制作工艺,工序数量,多道工序
火草布制作工艺,具体工序,采火草
火草布制作工艺,具体工序,洗火草叶
火草布制作工艺,具体工序,捻火草线
火草布制作工艺,具体工序,纺火草线
火草布制作工艺,具体工序,上线架拧线
火草布制作工艺,具体工序,圈火草线
火草布制作工艺,具体工序,提火草线
火草布制作工艺,具体工序,织火草布
火草布制作工艺,具体工序,量体裁布缝衣
火草布,特性,不生虫
火草布,特性,抗腐蚀
火草布制成服装,穿着体验,冬暖夏凉
火草布制成服装,功效,养身养颜
火草布制成服装,特性,防雨耐磨
火草布,用途定位,民族生产生活服装
紫茎泽兰,影响结果,滋生蔓延导致火草叶越来越少
火草布制作技艺,传承现状,传承乏人处于濒危状态
火草纺织技艺,入选名录,云南省第四批省级非物质文化遗产代表性项目名录扩展项目名录
火草纺织技艺,项目代表性传承人,杨竹兰
彝族刺绣,入选项目,云南省第四批省级非物质文化遗产代表性项目名录扩展项目名录
彝族刺绣,代表性传承人,吉珍琳
彝族刺绣,代表性传承人,胡花妹
彝族刺绣,图案主题,树木
彝族刺绣,图案主题,花
彝族刺绣,图案主题,鸟
彝族刺绣,辅助纹样类型,抽象几何纹样
彝族刺绣,装饰元素,银饰点缀
彝族刺绣,应用领域,服饰
彝族刺绣,应用领域,鞋子
彝族刺绣,应用领域,鞋垫
彝族刺绣,应用领域,背包
彝族刺绣,应用领域,钱包
彝族刺绣,应用领域,帐帘
彝族刺绣,应用领域,荷包
彝族少女,学习内容,多种刺绣针法
彝族少女,学习阶段进阶,拼接图案和色彩搭配
彝族新娘嫁衣,制作要求,亲手设计和缝制
彝族刺绣,文化符号功能,成就服饰华丽
彝族刺绣,技艺体现,高超
彝族火把节,活动时间,每年农历六月二十三至二十五日
彝族火把节,起源传说,黑体拉巴抗击恶魔
彝族火把节,起源传说,妮璋阿芝发动群众扎火把烧天虫
彝族火把节,祭祀对象,喝咱神堂
彝族火把节,祭祀目的,祈求衣禄神保佑家业兴旺
彝族火把节,祭祀行为,祭献祖宗追思感恩
彝族火把节,仪式流程,引取火种点燃小火把
彝族火把节,集体活动,围大火唱歌跳舞通宵达旦
彝族火把节,宗教功能,叫魂驱邪求平安
彝族火把节,文化内涵,火崇拜
彝族火把节,艺术形式分类,群众性音乐歌舞
彝族火把节,艺术形式分类,固定乐种/舞种
彝族火把节,社会功能,加强民族自我认同
彝族火把节,社会功能,促进社会和谐进步
彝族火把节,传承危机,传统观念及习俗淡化
彝族火把节,传承危机,节庆活动城镇化
彝族火把节,传承危机,民俗活动商业化
彝族火把节,代表性传承人,鲁文林
度戒仪式,民族学特征,蓝靛瑶与红头瑶支系共有习俗
度戒仪式,历史学特征,传承民族宗教知识与历史
度戒仪式,符号学特征,六道（天/地/人/佛/畜/鬼）象征体系
度戒仪式,美学特征,套组合舞蹈与音乐节奏展演
十戒十问,社会学特征,道德行为规范教育
日午灯筵/贡筵红楼/金楼明真,民族学特征,三级仪式等级制度
投坛投师,历史学特征,师承关系确立程序
喃师动鼓安帅,符号学特征,宗教法器与仪式空间建构
招龙运水,民族学特征,自然崇拜实践
功曹奏庙,符号学特征,神灵沟通符号系统
祝贺楼台,美学特征,建筑空间美学呈现
请圣证明,民族学特征,祖先崇拜仪式环节
启师授戒,社会学特征,社会身份转换认证
场筵奉送,符号学特征,宴饮礼仪符号编码
度戒仪式,社会学特征,社会参与资格授予
度戒仪式,民族学特征,民歌知识传承机制
度戒仪式,历史学特征,生产技能教育功能
制作材料,包含木材,刺桐/楸木/红木/黄杨/紫柚木
弦筒规格,类型,米大三弦/米中三弦/米小三弦
工艺步骤,初始处理,前一年砍下阴干
弦筒加工,形状塑造,四角形剜空后砂布打磨成形
装饰工艺,背面处理,题款、雕花
弦皮材质,来源动物,上等大羯羊皮
弦皮制备,干燥要求,晒五天以上干透
蒙皮前序,软化方法,泡软三天去毛及杂质
弦滚材质,使用部位,牛角制作
弦杆原料,木材种类,刺桐/楸木/红木/黄杨/紫柚木
弦杆尺寸,分类标准,大中小三种
配件材料,弦钮与弦山,龙竹/金梅花树
弦码造型,象征形态,虎头形雕刻
功能作用,声学调节,置于羊皮中央调节共鸣
传统线材,早期类型,浸蜡麻线/羊肠线/马尾毛/尼龙线
现代替代,现行主流,钓鱼线
结构连接,系弦方式,三根弦线系于菱形弦杆末端与弦轴间
表面涂装,基础涂层,素弦上清漆
艺术彩绘,装饰用漆,桐油漆/生漆配色彩图样
防护设计,护弦工艺,有色图钉固定
附属饰品,弦带特质,彝族少女手工刺绣品
图案主题,纹样内容,花鸟虫鱼
实用功能,佩戴方式,系彩色绣球便于胸前悬挂演奏
代表曲目,音乐作品,《江边小调》/《西南小调》/《高山小调》/《山鸽子》/《阿苏遮》
文化角色,仪式用途,婚丧歌舞祭祀农耕伴奏
社会价值,民族意义,促进民族团结传承传统文化
传承人,代表性人物,周建荣/起开才
慧光法师,建寺缘由,感恩救治之德
当地百姓,定庙会日,农历三月二十日
庙会活动,影响范围,云南东部及贵州西部
营上镇庙会,民俗活动,香客烧香/祈福诵经/拜佛许愿
地方特色饮食文化,包括,全羊汤锅/凉粉卷粉/酸菜猪脚/糯米粑粑
民间工艺展示传承,内容,竹编草编/剪纸刺绣
民间文艺活动,形式,山歌赛/竹竿舞/广场舞/民间乐器演奏
传统文体活动,项目,气功/魔术表演/耍龙舞狮/旱船表演
民俗功能,作用,保护民族传统文化
民俗功能,作用,弘扬民族传统手工技艺
民俗功能,作用,促进民间商贸营生
民俗功能,作用,增加人文交流
纳西族传统婚俗,民族学特征,多民族特点和民族文化多样性
纳西族传统婚俗,民族学特征,纳西、藏、白、汉及丽江其他民族参与互动
纳西族传统婚俗,历史学特征,反映自然环境、社会制度、经济制度、生产条件和发展轨迹
纳西族传统婚俗,符号学特征,媒约、聘礼、彩礼、宴席、回门
纳西族传统婚俗,美学特征,地方特色与民族特色
纳西族传统婚俗,美学特征,具有独特民族韵味的重要程序和经典内容
孟连傣族手工造纸技艺,传承方式,传女不传男
孟连傣族手工造纸技艺,使用原料,桑科植物构树皮
孟连傣族手工造纸技艺,别称,革皮树
孟连傣族手工造纸技艺,傣语名称,埋沙
孟连傣族手工造纸技艺,采集时间,每年至月
孟连傣族手工造纸技艺,工具类型,煮锅
孟连傣族手工造纸技艺,工具类型,抄纸器
孟连傣族手工造纸技艺,工具类型,木槌
孟连傣族手工造纸技艺,工具类型,戥子
孟连傣族手工造纸技艺,工具类型,木块或石头
孟连傣族手工造纸技艺,工具类型,砑光工具
孟连傣族手工造纸技艺,工艺流程环节,采构皮
孟连傣族手工造纸技艺,工艺流程环节,去杂质
孟连傣族手工造纸技艺,工艺流程环节,浸泡
孟连傣族手工造纸技艺,工艺流程环节,蒸煮
孟连傣族手工造纸技艺,工艺流程环节,漂洗
孟连傣族手工造纸技艺,工艺流程环节,打浆
孟连傣族手工造纸技艺,工艺流程环节,浇纸
孟连傣族手工造纸技艺,工艺流程环节,晒纸
孟连傣族手工造纸技艺,工艺流程环节,揭纸
孟连傣族手工造纸技艺,应用领域,制作佛教用品
孟连傣族手工造纸技艺,应用领域,绘画首选纸
孟连傣族手工造纸技艺,应用领域,普洱茶包装
孟连傣族手工造纸技艺,文化联系区域,东南亚国家
孟连傣族手工造纸技艺,入选名录,云南省第一批省级非物质文化遗产保护名录
孟连傣族手工造纸技艺,代表性传承人,波玉种
孟连傣族手工造纸技艺,代表性传承人,波艾胆
孟连傣族手工造纸技艺,代表性传承人,波艾章
孟连傣族手工造纸技艺,科学价值特征,较高
孟连傣族手工造纸技艺,经济实用价值特征,较高
迪庆唐卡,形制特点,竖长条幅
迪庆唐卡,制作基底材料,白布
迪庆唐卡,颜料类型,矿物颜料
迪庆唐卡,植物性颜料来源,藏红花/大黄/蓝靛
迪庆唐卡,动物性材料应用,骨/角
迪庆唐卡,构图特征,严谨
迪庆唐卡,手法特点,精细
迪庆唐卡,色彩风格,对比强烈
迪庆唐卡,内容主题,藏传佛教神佛体系
迪庆唐卡,涵盖领域,历史/文化/地理/科技/医学/历法
迪庆唐卡,功能属性,以画言史/叙事/载道/弘法
迪庆唐卡,发展历程阶段,探索/共融/成形/发展
迪庆唐卡,文化反映对象,迪庆藏族文化
迪庆唐卡,艺术地位,藏文化独树一帜的绘画形式
迪庆唐卡,宗教关联,藏传佛教文化瑰宝
迪庆唐卡,民族特色定位,藏族文化精髓
迪庆唐卡,非遗级别,云南省第四批省级非物质文化遗产
迪庆唐卡,传承人代表,鲁茸吉称
髹漆工艺,历史地区,云南
傣族漆器,使用场景,佛寺活动
傣族漆器,使用场景,日常生活
撒毫,傣语含义,饭箩
备料工序,包括步骤,选竹
备料工序,包括步骤,破篾
备料工序,包括步骤,选料
编制工序,包括步骤,编制箩身
编制工序,包括步骤,编制箩盖
编制工序,包括步骤,制作提柄
编制工序,包括步骤,制作支脚组装
装饰工序,包括步骤,铺地
装饰工序,包括步骤,上漆
装饰工序,包括步骤,彩绘
宽竹篾用途,用于编制,箩底
宽竹篾用途,用于编制,箩盖
窄竹篾用途,用于编制,箩身
撒毫内外侧处理材料,使用物质,草木灰与牛皮胶混合物
底色涂料类型,采用材料,土漆
傣族漆器图案设计,具备属性,美观
傣族漆器功能类别,包含类型,篱
傣族漆器功能类别,包含类型,墙
傣族漆器功能类别,包含类型,门
傣族漆器功能类别,包含类型,竹筏
傣族漆器功能类别,包含类型,桌
傣族漆器功能类别,包含类型,柜
傣族漆器功能类别,包含类型,席
傣族漆器功能类别,包含类型,饭盒
傣族漆器功能类别,包含类型,扁担
傣族漆器功能类别,包含类型,篓
傣族漆器功能类别,包含类型,提箩
傣族漆器功能类别,包含类型,甑子
傣族漆器功能类别,包含类型,供桌
傣族漆器功能类别,包含类型,鼓凳
傣族漆器文化角色,作为载体,传统文化
入选时间,列入名录年份,第四批省级非物质文化遗产代表性项目名录
项目代表性传承人,包括人物,陶志明
项目代表性传承人,包括人物,俸正和
项目代表性传承人,包括人物,俸文平
纳西族口弦调,文献记载,《鲁般鲁饶》
纳西族口弦调,制作材料,竹制
纳西族口弦调,类型,三片
纳西族口弦调,演奏方式,抻动
纳西族口弦调,演奏方式,手指拨动
当阔库,含义,拉奏之口弦
慨阔库,含义,弹奏之口弦
纳西族口弦调,音乐结构,三声部
纳西族口弦调,创作手法,拟声
纳西族口弦调,创作手法,状形
纳西族口弦调,创作手法,叙事
纳西族口弦调,创作手法,传情
纳西族口弦调,创作手法,达意
古老口弦曲调,数量,七十二调
民间流传曲调,包括曲目,狗追马鹿
民间流传曲调,包括曲目,铜盆滴漏
民间流传曲调,包括曲目,鹤舞凤唳
民间流传曲调,包括曲目,彩蝶恋花
民间流传曲调,包括曲目,牧人数羊
纳西族口弦调,反映内容,生产生活习俗
纳西族口弦调,反映内容,婚姻爱情
纳西族口弦调,研究价值,历史学材料
纳西族口弦调,现代冲击因素,流行音乐兴起
纳西族口弦调,非遗级别,云南省第四批省级非物质文化遗产
纳西族口弦调,代表性传承人,和冬月
勒巴舞,舞蹈类型,传统祭祀性舞蹈
勒巴舞,举行单位,自然村
勒巴舞,每年次数,一至二次
勒巴舞,举行时间,新春佳节
勒巴舞,目的,祈祷五谷丰登
勒巴舞,目的,风调雨顺
勒巴舞,目的,人畜平安
勒巴舞,包含仪式,迎神
勒巴舞,包含仪式,请神
勒巴舞,包含仪式,送神
勒巴舞,组成部分数量,五个部分
勒巴舞,特点,舞姿优美
勒巴舞,特点,队形多变
勒巴舞,特点,技巧性强
勒巴舞,特点,舞蹈语言丰富
勒巴舞,基本动作来源,模仿动物的形体
勒巴舞,基本动作来源,模仿动物的动作
勒巴舞,基本动作来源,模仿动物的神态
勒巴舞,具体动作,甩手帕
勒巴舞,具体动作,转三方
勒巴舞,具体动作,点地蹬步
勒巴舞,具体动作,点辗转
勒巴舞,具体动作,蹉步
勒巴舞,具体动作,鸽子喝水
男子服饰,包括单品,白色麻布长衫
男子服饰,包括单品,羊毛线裙
男子服饰,包括单品,红色头帕
男子服饰,包括单品,羊毛帽子
男子道具,左手持物,牦牛尾巴
男子道具,右手持物,板鼓
女子服饰,包括单品,白/蓝/灰衬衫
女子服饰,包括单品,红色短褂
女子服饰,包括单品,黑色百褶长裙
女子服饰配件,身后挂饰,红色带子
女子服饰配件,头戴饰品,红色头帕
女子服饰配件,耳饰,银耳环
女子道具,右手持物,鼓槌
勒巴舞,表演要求,手持道具进行
勒巴舞,风格特点,庄重大方
勒巴舞,风格特点,热情豪放
勒巴舞,风格特点,气势磅礴
勒巴舞,兼具属性,宗教祭祀严肃性
勒巴舞,兼具属性,民间歌舞娱乐性
勒巴舞,起源文化背景,藏传佛教
勒巴舞,研究价值领域,藏传佛教对纳西族的影响
勒巴舞,研究价值领域,藏族文化与纳西族文化相互融合
勒巴舞,入选名录名称,云南省第三批省级非物质文化遗产代表性项目名录
官渡《文明会大洞经坛碑记》,记载内容,最早的文字记载
洞经表达方式,包括形式,唱、念、诵、讲、读、说
洞经科仪载体,包含环节,礼请、谈经、庆诞、送圣
谈经活动类型,常见者,文昌会、上九会、孔子会、关圣会
所谈经文种类,最常见部,洞经、皇经和雷经
四腔,文化属性,彝汉交融产物
四腔,使用语言,汉语
四腔,音乐风格保留,彝族风格
四腔,组成部分,拘腔
四腔,组成部分,舍腔
四腔,组成部分,曲子
四腔,组成部分,白话
拘腔,功能定位,前奏
舍腔,别称,帮腔
舍腔,表现形式,独唱后齐唱
曲子,核心地位,是
曲子,句式结构,七字一句
曲子,细分腔体,头腔
曲子,细分腔体,二腔
曲子,细分腔体,三腔
曲子,细分腔体,四腔
头腔,字数特征,四个字
二腔,字数特征,三个字
三腔,字数特征,四个字
转板,完成条件,唱完一遍
白话,句式特点,五字句
白话,自由形式,可加入烟锅白话
白话,自由形式,讲玩白话
白话,自由形式,打酒白话
白话,自由形式,敬酒白话
白话,自由形式,还盅白话
四腔,演唱形式,男女声领唱
四腔,演唱形式,合唱
四腔,演唱形式,对唱
四腔,演唱形式,说唱
倒四腔,特殊唱法,花哨唱法
一夹三,特殊唱法,花哨唱法
二夹四,特殊唱法,花哨唱法
四腔,传承现状,能手减少
四腔,入选名录,云南省第三批省级非物质文化遗产扩展项目
四腔,代表性传承人,李成刚
《十挂小曲》,代表曲目,是
《十绣小曲》,代表曲目,是
《十爱小曲》,代表曲目,是
《十想小曲》,代表曲目,是
紫米封缸酒,历史地位,朝廷贡米
墨江县,地理标志,北回归线穿越
墨江紫米,品种分类,籼型水稻
产妇饮食习俗,食品,紫米甜酒煮鸡蛋
紫米封缸酒,发酵剂组合,小曲/酶制剂/酵母
紫米封缸酒,酒类归属,黄酒类
非物质文化遗产,批次编号,云南省第四批省级
项目传承人,姓名,李忠富
墨江紫米,别称,胭脂米
墨江紫米,别称,补血米
墨江紫米,别称,长寿米
紫米封缸酒,营养成分,原花青素
紫米封缸酒,营养成分,强心苷
紫米封缸酒,微量元素,铁/锌/钙/磷
墨江县,主产区,联珠镇
墨江县,主产区,龙坝乡
紫米封缸酒,感官特征,香气清雅
紫米封缸酒,感官特征,口味清爽
紫米封缸酒,余味特点,回味绵长
彝族四弦舞,文化渊源,滇文化青铜器编钟羽舞图踏歌跳歌
彝族四弦舞,劳动场景来源,割麻、剥麻、洗麻
彝族四弦舞,舞蹈形式,围圈手拉手肩并肩膝微弯曲前后摆动向逆时针方向舞动
彝族四弦舞,节奏特点,明快动律优美
彝族四弦舞,参与人数灵活性,可多可少
彝族四弦舞,伴奏乐器,四弦
彝族四弦舞,歌词风格,魏晋时期格律诗歌
彝族四弦舞,诗歌内容主题,男女相互赞美、谈情说爱
彝族四弦舞,教育功能,教授伦理道德、做官做人及生产生活知识
彝族四弦舞,文献载体,毕摩祭祀吟诵的《经书》
彝族四弦舞,传播方式,彝文手抄本流传后世供民间诵唱
彝族四弦舞,活动时段,月亮初上树梢至月影西斜朝霞满天
彝族四弦舞,情感激发方式,回味歌词内容激发情感豪情奔放
彝族四弦舞,表演规模范围,齐声唱或吆喝；多则成百上千人少则十几个
彝族四弦舞,文化冲击影响,年轻人兴趣减弱导致古老技艺濒危
彝族四弦舞,传承现状,掌握古老技艺者年龄偏大
彝族四弦舞,保护状态,入选云南省第四批省级非物质文化遗产代表性项目名录
彝族四弦舞,项目代表性传承人,李学亮
昆明微雕,社会学特征,从事艺人寥寥无几
昆明微雕,社会学特征,处于濒危状态
昆明微雕,社会学特征,亟须传承保护
昆明微雕,民族学特征,中华民族文化传统
昆明微雕,历史学特征,世纪年代
昆明微雕,历史学特征,年代
昆明微雕,符号学特征,吉祥
昆明微雕,符号学特征,护符
昆明微雕,符号学特征,避邪
昆明微雕,符号学特征,诗词
昆明微雕,符号学特征,花鸟
昆明微雕,符号学特征,人物
昆明微雕,美学特征,极高的技术水平
昆明微雕,美学特征,艺术境界
昆明微雕,美学特征,艺术奇葩
昆明微雕,材料,石质
昆明微雕,材料,牙
昆明微雕,材料,骨
昆明微雕,材料,象牙
昆明微雕,材料,果核
昆明微雕,材料,大米
昆明微雕,题材,经书微刻
昆明微雕,题材,立体茶壶雕刻
昆明微雕,题材,人物雕刻
昆明微雕,入选项目,云南省第四批省级非物质文化遗产代表性项目名录
昆明微雕,代表性传承人,冉隆全
石屏豆腐制作技艺,民族学特征,传承人吴勇
石屏豆腐制作技艺,历史学特征,使用石屏县特有的地下酸水点制凝固
石屏豆腐制作技艺,符号学特征,木框模具标准化生产规格
石屏豆腐,社会学特征,深受云南各地百姓喜爱
石屏豆腐,民族学特征,多种类型适应不同烹饪方式
石屏豆腐,历史学特征,传统手工工艺保留完整
石屏豆腐,符号学特征,抹盐巴分层滤水的工序标记
石屏豆腐,美学特征,烧烤形式成为特色饮食符号
昭通甲马,历史学特征,入选云南省第四批省级非物质文化遗产代表性项目名录扩展项目名录
昭通甲马,符号学特征,分为图画甲马和文字甲马
昭通甲马,美学特征,工笔细腻线条流畅
图画甲马,代表作品,《香花供养》
图画甲马,代表作品,《诸天驾》
图画甲马,代表作品,《解秽图》
文字甲马,内容类型,佛道经书
文字甲马,内容类型,章表奏疏
文字甲马,内容类型,牒札符命
文字甲马,具体文本,《十王疏》
文字甲马,具体文本,《瘟火牌》
文字甲马,具体文本,《土符》
文字甲马,具体文本,《功曹牒》
制作工艺,材料选择,梨木
制作工艺,步骤,雕版制作
制作工艺,步骤,印刷
雕刻方式,技法类型,阳刻
传承人,姓名,郎学志
传承人,姓名,罗廷良
舞狮表演,象征意义,吉祥如意
郎如伟,身份,项目代表性传承人
表演内容,取材来源,《西游记》
故事情节,主题思想,正义战胜邪恶
舞狮活动,民众意愿,消灾除害、求吉纳福
历史价值,关联事件,纪念唐僧西天取经归来
民族学特征,所属族群,水族
文化价值,核心元素,古老的水族民俗
主要材料,使用,纯银
核心工艺,包括,镂雕与纯银抽丝编盘工艺
工艺流程步骤,包含,回火雕花、抽丝备用
景泰蓝工艺,应用于,纯银抽丝压片饰物
景泰蓝着色,通过,胎着色上火烘烤
纯银鎏金工艺,步骤包括,清洗银丝/片
纯银鎏金工艺,材料准备,黄金粉末
鎏金操作,针对,花草部分挑金粉
成品定型,采用,吹火烘烤
产品特征,具备,品种繁多造型逼真
产品特征,呈现,晶莹剔透实用性强
设计来源,取材于,生活
艺术风格,体现,民间艺术色彩
代表性传承人,包括,汪开荣
代表性传承人,包括,陈荣
俐侎彝族服饰制作工艺,民族学特征,鲜明的民族风格和地域特色
俐侎彝族服饰制作工艺,历史学特征,《皇朝职贡图》记载距今多年前已成型
俐侎彝族服饰制作工艺,符号学特征,以黑色为主色调象征古朴典雅
俐侎彝族服饰制作工艺,美学特征,红黄蓝黑布片拼接的几何花纹图案
男子全套服饰,社会学特征,靛黑色简约风格
男子头饰,民族学特征,约七米长的黑色布包头
女子普通装,历史学特征,黑色布带缠绕包头与层叠包巾结构
新娘装,符号学特征,艳丽多彩体现喜庆仪式性
银饰佩戴规则,民族学特征,两耳大耳环/宽窄银镯/银铜戒指组合
胸襟装饰,美学特征,三十个小银泡与八个大银泡的排列布局
胸前挂饰,符号学特征,带银针筒和银铃的银挂饰
纺线织布工序,社会学特征,纯天然材料选择传统
靛染技艺,历史学特征,延续古代植物染色方法
刺绣纹样,美学特征,几何图形与色彩对比运用
缝纫工艺,民族学特征,摆裆裤与套裙结构的功能性设计
小腿套布筒,符号学特征,边脚花纹标识身份属性
绣花船头靴,美学特征,鞋面刺绣图案的文化表达
传承人李东妹/李从妹,社会学特征,非物质文化遗产代表性项目传承机制
云南省级非遗名录入选,历史学特征,传统技艺的现代保护实践
芒景村,辖有,村民小组
芒景村,保存了,传统习俗
芒景村,保存了,伦理道德
芒景村,保存了,节庆活动
芒景村,保存了,文艺体育
芒景村,保存了,宗教信仰
芒景村,拥有,芒洪八角塔
芒景村,拥有,翁基榕树群
芒景村,拥有,千年古茶林
民居建筑,类型为,干栏式木构瓦顶建筑
民居建筑,被称为,布朗族生态文化的露天博物馆
芒景村,保留完整,传统天文历法
芒景村,保留完整,民间医药
芒景村,举行,当堂祭祀活动
芒景村,举行,嘎冷祭祀活动
芒景村,举行,丁巴祭祀活动
芒景村,举行,祭山神活动
芒景村,传统节日包括,山康茶祖节
芒景村,传统节日包括,关门节
芒景村,传统节日包括,开门节
民间文学代表作品,包括,《哎冷传说》
民间文学代表作品,包括,《千年万亩古茶林传说》
民间文学代表作品,包括,《帕达大石岩传说》
民间文学代表作品,包括,《金伞传说》
传统音乐,包括,上新房调
传统音乐,包括,结婚调
传统音乐,包括,情歌
传统音乐,包括,祝福调
乐器,包括,象脚鼓
乐器,包括,片镲
乐器,包括,二胡
传统舞蹈,包括,象脚鼓舞
传统体育项目,包括,梭镖
传统体育项目,包括,舞棍
传统体育项目,包括,射弩
传统工艺,包括,纺织
传统工艺,包括,竹编
传统工艺,包括,榨糖
传统工艺,包括,制茶
传统工艺,包括,土制火药
布朗族,是,云南的独有民族
芒景村,正在打造,国家级景区
芒景村布朗族传统文化生态保护区,促进发展,当地旅游业
芒景村布朗族传统文化生态保护区,入选,云南省第三批省级非物质文化遗产代表性项目名录
巧家小碗红糖,社会学特征,分工明确的工匠体系[三大师/辅助工]
巧家小碗红糖,民族学特征,青藏川滇多民族地区消费偏好
巧家小碗红糖,历史学特征,始于清朝乾隆年间
巧家小碗红糖,符号学特征,小碗形状命名与模具成型
巧家小碗红糖,符号学特征,牛尾灶五口锅序列象征生产流程
巧家小碗红糖,美学特征,红黄色半透明外观质感
巧家小碗红糖,美学特征,糖模子塑造的多样化造型[小碗/大碗/砖/狮子]
巧家小碗红糖,历史学特征,云南省第四批省级非物质文化遗产
巧家小碗红糖,社会学特征,万兴全作为项目代表性传承人
昭通酱,原料成分,上等黄豆
昭通酱,原料成分,昭通炎山花椒
昭通酱,原料成分,自贡井盐
昭通酱,水源地,大龙洞山泉水
昭通酱,生产工艺,制作豆面
昭通酱,生产工艺,制作酱面
昭通酱,生产工艺,下酱
昭通酱,民俗技法,紧三把松三把不紧不松又三把
昭通酱,发酵容器,垫稻草的竹筐
昭通酱,非遗地位,云南省第三批省级非物质文化遗产代表性项目
昭通酱,传承人,黄智敏
昭通酱,衍生产品,肉酱
昭通酱,衍生产品,油酱
昭通酱,衍生产品,花椒酱
昭通酱,衍生产品,香椿酱
昭通酱,衍生产品,天麻酱
昭通酱,感官特征,色红如玛瑙
昭通酱,味觉属性,麻辣咸香
昭通酱,美学价值,酱香浓郁
昭通酱,功能用途,百味之母
昭通酱,适用场景,荤素皆宜
昭通酱,便携优势,携带方便
永仁彝绣,使用材料,棉麻/丝绣线/棉线/开司米线
永仁彝绣,绣法类型,平绣/十字绣/扣花绣/插绣/镂空绣/扣边绣
永仁彝绣,常见图案,日月星辰/风雨雷电/山水花木/飞禽走兽
公鸡帽,刺绣图案,山茶花/云雾花/麂子花/火焰花
衣服,刺绣图案,铜钱花/鸡冠花
裤子,刺绣图案,房顶瓦面/瓜影/山茶花/小人影
围腰,刺绣图案,树勾花/山茶花
挎包,刺绣图案,四叶花/狗脚印花
鞋子,刺绣图案,吊勾花/南瓜花
永仁彝绣,典型图案,马缨花/山茶花
传统永仁彝绣,底色特征,黑色
现代永仁彝绣,底色特点,五彩缤纷
永仁彝绣,造型风格,形象夸张
赛装节,展示内容,绣得最美的服饰
定情信物,常见载体,绣有马缨似火/山茶争艳/喜鹊闹梅/蝴蝶采花图案的挎包
永仁县,组织机构,刺绣协会/刺绣专业合作社
永仁彝族刺绣,非遗地位,云南省级非物质文化遗产代表性项目名录扩展项目
永仁彝绣,代表性传承人,殷绍庄
景东彝族打歌,民族学特征,彝族文化身份认同载体
景东彝族打歌,历史学特征,入选云南省首批省级非物质文化遗产名录
景东彝族打歌,符号学特征,葫芦笙/三弦/笛子作为文化象征乐器
景东彝族打歌,美学特征,五声音阶旋律与规整节奏结构
景东彝族打歌,社会学特征,围圈共舞的群体性互动模式
景东彝族打歌,民族学特征,动物模拟舞反映自然崇拜信仰
景东彝族打歌,历史学特征,代表性传承人曹爱民
景东彝族打歌,符号学特征,跺步甩腿等动作构成身体语言系统
景东彝族打歌,美学特征,腰腿动律与弹性膝盖的动态美感
景东彝族打歌,社会学特征,无量山按节庆定时举行制度
景东彝族打歌,民族学特征,哀牢山自由灵活的参与方式
景东彝族打歌,符号学特征,拉手挽臂体现社群联结关系
景东彝族打歌,美学特征,一调多舞的音乐通用性原则
景东彝族打歌,社会学特征,双人对面跳的特殊配对形式
景东彝族打歌,历史学特征,树叶演奏保留古老乐器传统
景东彝族打歌,符号学特征,口琴现代融入的文化适应性
景东彝族打歌,美学特征,翻身挺腰等造型的空间构图美
景东彝族打歌,社会学特征,圆圈/双圆/两排多样化队形组织
制陶工具,包括,卵石
制陶工具,包括,轮盘
原料来源,使用材料,当地黏土
工序步骤,包含环节,取土
工序步骤,包含环节,晒土
工序步骤,包含环节,筛土
工序步骤,包含环节,加沙和泥
工序步骤,包含环节,制坯
工序步骤,包含环节,晾晒
工序步骤,包含环节,烧制
制品类型,属于类别,生活用具
制品类型,属于类别,建筑材料
制品类型,属于类别,赕佛用具
厨具类制品,包括,土锅
厨具类制品,包括,水壶
厨具类制品,包括,陶罐
厨具类制品,包括,陶瓶
厨具类制品,包括,陶盘
家居类产品,包括,花瓶
家居类产品,包括,花盆
赕佛用品,包括,灯盏
赕佛用品,包括,高足盘
传承方式,特点,家庭内部传承
传承规则,规定,传女不传男
成坯方法,采用技术,无转轮制坯
成坯方法,采用技术,手拨动转轮
表面装饰工艺,使用工具,有纹的木拍
表面特征,呈现效果,印纹
文化关联,与...一致,南方出土的新石器时期印纹陶器
烧制技法,采用方式,堆烧法
社会功能,满足需求,傣族群众日常生活需要
价值体现,具有属性,历史研究价值
反映内容,体现方面,古老的手工制作方式
反映内容,体现方面,工艺流程
反映内容,体现方面,傣族的生产生活
反映内容,体现方面,传统生活方式及其变迁
非遗地位,入选项目,云南省第一批省级非物质文化遗产保护名录
云县鸡肉米线,流传社区,爱华镇城区爱华社区
云县鸡肉米线,流传社区,新云州社区
云县鸡肉米线,流传社区,草皮街社区
云县鸡肉米线,流传社区,毛家村社区
云县鸡肉米线,选用原料,传统木榨米线/酸浆米线
云县鸡肉米线,关键工艺特点,保留大米清香甘爽且具韧性柔软
云县鸡肉米线,鸡肉品种,黑肉土鸡
云县鸡肉米线,单只重量要求,公斤以上
云县鸡肉米线,食用时效性,当天宰杀当天食用
云县鸡肉米线,烹饪理念,三分米线七分汤
云县鸡肉米线,老汤熬制原则,一鲜二慢三原味
云县鸡肉米线,传统炊具,土锅
云县鸡肉米线,现代燃料选择,木柴或木炭
云县鸡肉米线,配料成分,草果
云县鸡肉米线,配料成分,盐巴
云县鸡肉米线,配料成分,姜片
云县鸡肉米线,传统吃法名称,滑米线
云县鸡肉米线,现代主流吃法,戴帽米线
云县鸡肉米线,烫煮温度,摄氏度
云县鸡肉米线,烫煮时长,秒左右
云县鸡肉米线,常见佐料,酱油
云县鸡肉米线,常见佐料,辣椒油
云县鸡肉米线,常见佐料,蒜泥
云县鸡肉米线,常见佐料,麻油
云县鸡肉米线,常见佐料,芫荽
云县鸡肉米线,常见佐料,小米辣
云县鸡肉米线,常见佐料,水腌菜
云县鸡肉米线,常见佐料,腊腌菜
云县鸡肉米线,非遗级别,云南省第四批省级非物质文化遗产代表性项目名录扩展项目
云县鸡肉米线,项目代表性传承人,尹庆美
天峰山歌会,起源,天峰山老君圣诞会
天峰山歌会,纪念对象,祝融
天峰山歌会,举办时间,农历二月十五
天峰山歌会,主要参与者,彝族同胞/信徒/香客
天峰山歌会,活动内容,彝族歌调对唱
天峰山歌会,活动内容,弹弦打歌
天峰山歌会,活动内容,洞经音乐会
天峰山歌会,传统仪式,祭歌会大旗仪式
天峰山歌会,祭祀对象,天/地/祖宗
天峰山歌会,活动内容,对山歌
天峰山歌会,活动内容,芦笙舞表演
天峰山歌会,活动内容,打歌
天峰山歌会,活动内容,朝山拜
天峰山歌会,相关仪式,歌会大典
天峰山歌会,相关仪式,竖会杆
天峰山歌会,文化属性,物质生活与精神生活积淀
天峰山歌会,历史关联,彝族历史事件
天峰山歌会,入选名录,云南省第四批省级非物质文化遗产代表性项目名录
天峰山歌会,代表性传承人,罗荣
天峰山歌会,研究价值,彝族历史研究素材
天峰山歌会,文化功能,展示彝族文化
天峰山歌会,文化功能,塑造民族形象
《阿乐攀乐》,历史学特征,古代传说
《阿乐攀乐》,符号学特征,天梯
《阿乐攀乐》,美学特征,讴歌斗争精神
衍生体育活动,社会学特征,团队合作
衍生体育活动,民族学特征,彝族传统
衍生体育活动,历史学特征,火把节习俗
衍生体育活动,美学特征,竞技美感
《阿乐攀月》,社会学特征,非物质文化遗产
《阿乐攀月》,民族学特征,云南省彝族
《阿乐攀月》,美学特征,神话叙事结构
罗朝明,社会学特征,项目代表性传承人
罗朝明,民族学特征,彝族身份
罗朝明,历史学特征,文化保护者角色
罗朝明,符号学特征,非遗活态传承标志
罗朝明,美学特征,民间艺术载体
龙陵县龙山镇阿昌族婚俗,包含环节,求婚
龙陵县龙山镇阿昌族婚俗,包含环节,婚礼
求婚过程,活动形式,唱情歌
求婚过程,活动形式,要烟吃
婚礼时长,男方持续时间,三天
婚礼时长,女方持续时间,两天
婚礼内容,组成部分,娶亲
婚礼内容,组成部分,长筷戏新郎
婚礼内容,组成部分,送亲
婚礼内容,组成部分,入洞房
婚礼内容,组成部分,认亲
婚礼内容,组成部分,坐满月
婚礼内容,组成部分,拜年
娶亲环节,特色活动,拦门关卡
娶亲环节,特色活动,泼水仪式
长筷戏新郎,使用道具,几米长的竹子
长筷戏新郎,文化象征,农耕文化展示
长筷戏新郎,民族性格体现,诙谐特质
入洞房仪式,象征意义,糯米饭团胶黏喻夫妻关系
认亲环节,礼仪行为,敬奉甜茶
坐满月习俗,回礼物品,鸡
拜年习俗,礼仪形式,跪拜礼
拜年习俗,赠品类型,鸡
现代影响,服饰变迁,民族服饰被现代服饰同化
现代影响,饰品淡化,银制头饰/手饰重要性下降
观念变化,涉及群体,青年男女
非遗认定,项目名称,阿昌族传统婚俗
非遗级别,认定批次,云南省第四批省级非物质文化遗产代表性项目名录
东山庙,原名,吴烈庙
白族迁入,带来文化,本主文化
清朝雍正年间,建造建筑,南天门
清朝雍正年间,建造建筑,法喜寺
东山庙会,日期,农历三月十三日
东山庙会,会期时长,三天
东山庙会,活动内容,祭祀拜神
东山庙会,活动内容,社交求偶
东山庙会,活动内容,春游聚会
东山庙会,文化交流形式,民歌对唱
东山庙会,文化交流形式,古乐演奏
东山庙会,文化交流形式,滇戏演出
东山庙会,融合元素,宗教礼仪
东山庙会,融合元素,民间音乐
东山庙会,承载历史,纳西族发展变迁史
东山庙会,承载历史,白族发展变迁史
东山庙会,承载历史,汉族发展变迁史
东山庙会,体现宗教并存,东巴教
东山庙会,体现宗教并存,道教
东山庙会,体现宗教并存,佛教
东山庙会,见证民族关系,相互包容
东山庙会,见证民族关系,共生共荣
东山庙会,象征意义,宗教文化多元性
东山庙会,象征意义,民族团结和谐
东山庙会,入选名录,云南省第四批省级非物质文化遗产代表性项目名录
妥甸酱油,生产周期,一年半左右
妥甸酱油,水源地,妥甸登高山小龙箐
妥甸酱油,技艺流程,备料、制曲、制醪发酵、压榨浓缩
妥甸酱油,主要原料,大豆和小麦
妥甸酱油,产品类别,老抽、生抽、白酱油
妥甸酱油,色泽特征,鲜艳
妥甸酱油,香味特征,浓郁
妥甸酱油,口感特点,咸甜适中
妥甸酱油,物理特性,稠能挂碗
妥甸酱油,营养成分,葡萄糖和各种氨基酸
妥甸酱油,保存特性,久存不变质、不生霉
妥甸酱油,非遗地位,云南省第四批省级非物质文化遗产代表性项目
妥甸酱油,传承家族,王氏家族
王文俊,身份,第三代传人
王文俊,角色,代表性传承人
妥甸酱油酿制技艺,发酵季节,冬、春旱季
妥甸酱油酿制技艺,传统工具,木榨法
麻洋纸制作技艺,主要传承民族,拉祜族苦聪人
麻洋纸制作技艺,依托自然资源,哀牢山野生桦竹
麻洋纸制作技艺,入选名录,云南省第四批省级非物质文化遗产代表性项目名录扩展项目名录
麻洋纸制作技艺,项目代表性传承人,罗志兴
麻洋纸,用途,糊斗笠
麻洋纸,用途,裱扇子
麻洋纸,用途,祭祀用品
麻洋纸,用途,包装纸
麻洋纸制作工艺,面临问题,原料不足
麻洋纸制作工艺,面临问题,生产产量低
麻洋纸制作工艺,面临问题,无人继承
麻洋纸制作工具,包括,柴刀
麻洋纸制作工具,包括,蒸锅
麻洋纸制作工具,包括,切皮刀
麻洋纸制作工具,包括,料缸
麻洋纸制作工具,包括,脚槌
麻洋纸制作工具,包括,清洗池
麻洋纸制作工具,包括,浸泡池
麻洋纸制作工具,包括,纸缸
麻洋纸制作工具,包括,人工压纸机
麻洋纸制作工具,包括,土窖
傣族三弦调,民族学特征,能歌善舞
傣族三弦调,历史学特征,记载历史演变
傣族三弦调,美学特征,曲风优美
三弦琴立姿演奏,社会学特征,情歌对唱
伴奏对歌,社会学特征,社会交往形式
傣族三弦调,社会学特征,反映社会变化发展
傣族三弦调,民族学特征,表现民族文化认同
傣族三弦调,历史学特征,诉说历史历程
傣族三弦调,符号学特征,歌词句式多样
傣族三弦调,美学特征,旋律优美
傣族三弦调,符号学特征,一拍一个语音
傣族三弦调,美学特征,言词质朴
傣族三弦调,符号学特征,使用引腔和拖腔
傣族三弦调,美学特征,感情细腻
傣族三弦调,民族学特征,传承民族文化
傣族三弦调,历史学特征,入选省级非遗名录
傣族三弦调,符号学特征,调子开头句讲究
五三腔,乐段结构特点,由五个腔口演唱三句唱词
五三腔,演唱形式,领唱与帮腔、对唱与帮腔
五三腔,演唱组成部分,拘腔、四六句、曲子、落腔、白话
五三腔,夹杂腔型,舍腔、空腔
五三腔,核心部分,曲子
曲子,分类,大曲、小曲、对口杂曲
大曲,常见曲目,十大格子、十进花园、十绣小曲、十会小曲
小曲,常见曲目,相逢曲、遇团曲、试探曲、牵挂曲、勾引曲、离别曲、闲聊曲、串联曲
五三腔,演唱技法,真假嗓结合、大声、轻声、哼鸣
五三腔,使用语言,汉语为主含少量彝语
五三腔,伴奏乐器,弦子/四弦、月琴、树叶
五三腔,唱词内容主题,男女恋情、社交礼仪
五三腔,呈现场合,彝族吃火草烟彝族民间社交、娱乐活动习俗中
五三腔,传承困难原因,结构庞大声腔连接需要群体完成
五三腔,非遗地位,云南省第三批省级非物质文化遗产代表性项目名录扩展项目名录
华溪甫甸何包田左和姚桂珍右,行为,演唱五三腔拘腔
彝族服饰,关联艺术形式,五三腔
老达保村民小组,支系,拉祜纳
保护区植被类型,种类,亚热带常绿阔叶林
村民传统习俗,内容,自觉保护森林植被
民间信仰体系,包含元素,基督教/寨神/山神/树神/地神/水神
主要节日列表,包含项目,春节/葫芦节/新米节/中秋节
春节特殊仪式,核心活动,抢新水接新水
国家级非遗项目,名称,《牡帕密帕》
省级非遗项目,名称,拉祜族史诗《根古》
文化符号载体,表现形式,婚庆及丧葬习俗
艺术表现形式,具体类型,民歌/刺绣/木雕/编织/制茶/葫芦笙制作
传统医药体系,实践领域,民间医药
体育活动项目,名称,打陀螺
创世史诗功能,研究领域,历史文化研究
芦笙舞动作特征,基本步法,跳/跺/扫/绕/蹉
服饰图案主题,内容题材,创世神话/民族迁徙/鬼神喻示/礼仪教化
管理机构设置,组织名称,保护区管理委员会
舞蹈传承设施,建设项目,拉祜族芦笙舞传承基地
非遗保护状态,民众参与度,自觉积极
荣誉资质认证,入选名录,云南省第四批省级非物质文化遗产代表性项目名录
代表性传承人名单,成员构成,李扎戈/李扎倮/李扎莫/李石开
勐永傣族传统制陶技艺,社会学特征,母传女、婆传媳的代际传递模式
勐永傣族传统制陶技艺,民族学特征,傣族文化身份标识
勐永傣族传统制陶技艺,历史学特征,曾作为上贡土司的地方特产
勐永傣族传统制陶技艺,符号学特征,盘条堆筑法工艺符号化表达
勐永傣族传统制陶技艺,符号学特征,鹅卵石与竹片工具的使用象征
勐永傣族传统制陶技艺,美学特征,成品美观大方的造型设计
勐永傣族传统制陶技艺,美学特征,黄褐色黏土与细沙的自然肌理质感
勐永傣族传统制陶技艺,历史学特征,就地取材的原料选择传统
勐永傣族传统制陶技艺,符号学特征,稻草/秸秆覆盖烧制的仪式性过程
土锅,功能符号,煮沸不溢且保温保味的饮食符号
陶缸,功能符号,防潮防虫及长效保鲜的储存符号
张如华,社会角色,云南省级非遗项目代表性传承人
勐永傣族传统制陶技艺,历史学特征,入选省级非物质文化遗产扩展项目名录
建水彝族花灯,传承代数,五代
建水彝族花灯,融入元素,彝族音乐
建水彝族花灯,融入元素,彝族舞蹈
建水彝族花灯,融入元素,彝族语言
建水彝族花灯,融入元素,彝族服饰
建水彝族花灯,剧本特色,白话部分常用五言句式
建水彝族花灯,剧本特色,彝语语气词
建水彝族花灯,舞蹈特点,融进彝族民间舞动作
建水彝族花灯,伴奏乐器,四弦
建水花灯,传统剧目,《打花鼓》
建水花灯,传统剧目,《打渔》
建水花灯,传统剧目,《打草竿》
建水花灯,传统剧目,《补缸》
建水花灯,传统剧目,《玉钓瓶》
建水花灯,传统剧目,《霸王下山》
建水花灯,传统剧目,《张三杀羊》
建水花灯,传统剧目,《劝赌》
建水花灯,传统剧目,《乡城吵闹》
建水花灯,传统剧目,《韩湘子渡妻》
建水花灯,文化贡献,提供音乐资料
建水花灯,文化贡献,提供剧本资料
建水花灯,荣誉,省级文艺汇演好评
建水花灯,仪式活动,请灯神仪式
建水花灯,仪式时间,农历正月十五
建水花灯,入选名录,云南省第一批省级非物质文化遗产保护名录
建水花灯,代表性传承人,白家顺
嵩明花灯,表演时间延伸至民间庙会,灯期长达一两个月
嵩明花灯表演形式,分为团场和坐场两部分)4.(团场,"作为开场节目,由十余名成对男女角色歌舞表演"
嵩明花灯小戏剧目,部分为无唱腔的讲口戏,其他流布区少见
世纪年代,团场被改编为《红灯舞》,总政歌舞团创作
常用曲调,包括《嵩明采茶》《王氏挑水》《双叠调》《老鹰亮翅》等)9.(嵩明花灯规模缩减原因,老艺人去世导致传承断层
年入选记录,云南省第一批省级非物质文化遗产保护名录)11.(代表性传承人,戚俊才
高跷舞狮,传入地区,中原地区
高跷舞狮,著名地点,云南省玉溪市通海县石景村
表演者,绑脚工具,布带
表演者,使用道具,木杆
表演人数,数量,六人
装扮角色,包括,驯引狮者
执绣球者,功能,引狮
四人装扮,分别为,雄雌两狮
表演内容,主题,双狮争抢绣球
老和尚动作,包括,高举拂尘打下驯服狮子
老和尚动作,包括,摇摆拂尘逗引狮子作乐
辅助队员,服饰特点,不同服饰
辅助队员作用,包括,渲染场面活跃气氛
动作步伐风格,有时,整齐有序
动作步伐风格,有时,疏乱自由
收场方式,为,老和尚双手合掌作揖向周围观众致谢
当地习俗,包括,闲暇时谈论和夸赞高跷舞狮
少年儿童活动,包括,用树杈木棍学踩高跷嬉戏作乐
面临问题,包括,人才青黄不接
传承困难原因,包括,艺人大量外出打工
经费状况,缺乏,稳定的经费作保障
项目代表性传承人,是,刘福德
大理白族剪纸,社会学特征,具有广泛的群众基础
大理白族剪纸,社会学特征,较大的社会影响力
大理白族剪纸,民族学特征,白族文化艺术的重要内容
大理白族剪纸,民族学特征,与刺绣艺术紧密关联
大理白族剪纸,符号学特征,使用临剪、重剪、画剪技法
大理白族剪纸,符号学特征,应用变形、夸张的手法
大理白族剪纸,美学特征,美观大方实用的民间风格
大理白族剪纸,美学特征,图案均为实用设计如腰带、帽子等服饰绣样
大理白族剪纸,美学特征,家居装饰题材包含鲤鱼跳龙门、鹿鹤同春
华宁县苗族,迁入时期,明、清时期
苗族服饰,别称,花衣
苗族妇女服饰,组成部分,头饰套头、上衣、围腰、飘带、裙子、绑腿、绣花鞋、配饰、银饰、缨须
苗族男子服饰,特征,头戴包头身穿紧袖、钉满银扣的对襟短装着素色褶腰大裤脚长裤
制作苗族服饰,工序数量,几十道
刺绣技法,类型,平绣、锁绣、辫绣、贴布绣、挑花
着重选用绣法,名称,平绣和辫绣
内衬材料,名称,牢实的卡几布
工艺手法运用,方式,织绣结合/挑中带绣/染中带绣
苗族服饰,象征意义,无字史书和穿在身上的史书
服饰图案元素,内容,红花、绿叶、蝴蝶、山川
图案反映情感,对象,对大自然的热爱
苗族服饰,艺术价值体现,民族审美心理的体现
苗族服饰现状,威胁因素,现代文化影响、各民族通婚、工序繁杂耗时大
项目代表性传承人,姓名,罗永英
无量山火腿,制作地点,南涧县山区
无量山火腿,传统用途,祭祀祖先
无量山火腿,入选名录,云南省第四批省级非物质文化遗产代表性项目名录扩展项目名录
无量山火腿,代表性传承人,李德恭
无量山火腿,形态特征,形似琵琶
无量山火腿,工艺步骤,干擦法腌制
无量山火腿,发酵现象,绿色和绿灰色松花霉/铜霉
无量山火腿,储存容器,纸箱或木箱
无量山火腿,压制工具,石磨/石头/木头/千斤顶
无量山火腿,选材标准,腿心丰满/皮质新鲜/瘦肉鲜红/肥肉洁白
无量山火腿,生产周期,每年十月中旬到腊月中旬
无量山火腿,文化符号,传统宴席必备美食
兴隆高竿舞狮,类别,南方醒狮类
兴隆高竿舞狮,角色分工,一人扮演狮头一人扮演狮身
狮头造型,参照标准,戏曲脸谱
兴隆高竿舞狮,文化体现,兴隆当地本土文化
兴隆高竿舞狮,研究价值,民俗学
表演特点,团队配合方式,狮头看佛头佛头听锣鼓
艺术特征,结合要素,形神意三者结合
艺术属性,包含特性,技术性健身性艺术观赏性
兴隆高竿舞狮,分类,地面舞狮
地面舞狮,动作示例,踩大四门或小四门
地面舞狮,动作示例,狮子滚桌耗子过梁
地面舞狮,伴随角色,大头佛引领孙悟空陪伴
兴隆高竿舞狮,分类,高台桌子舞狮
高台桌子舞狮,结构组成,高桌子层层叠加
高竿舞狮,表演者角色,饰演孙猴子和饰演狮子
高竿舞狮,表演动作,洗须舔身抖毛
高竿舞狮,表演动作,踩桩换位高空倒立
高竿舞狮,表演动作,鹞鹰展翅
传承保护机构,名称,兴隆高竿狮舞民间艺术团
象脚鼓,社会学特征,古代社会分工的遗迹
象脚鼓,民族学特征,浓郁的傣族特色
象脚鼓,民族学特征,口传心授的传承方式
象脚鼓,民族学特征,傣族先民的生存智慧
象脚鼓,民族学特征,傣族的审美情趣
象脚鼓,历史学特征,古代社会分工的遗迹
象脚鼓,符号学特征,以鼓会友的功能象征
象脚鼓,符号学特征,祈庆丰年的寓意表达
象脚鼓,美学特征,雕刻与彩绘工艺
象脚鼓,美学特征,织锦背带装饰
迪庆藏香,是,藏传佛教文化载体
迪庆藏香制作技艺,入选,云南省第四批省级非物质文化遗产代表性项目名录
江参,担任,项目代表性传承人
迪庆藏香,历史年限,三百多年
天木香,记载于,天木佛经
天木香,地位,佛教礼佛供养之上品
天木香,属于,显密典籍中五种殊胜供香之一
迪庆藏香原料,包括,柏树树干
迪庆藏香原料,包括,藏红花
迪庆藏香原料,包括,麝香
迪庆藏香原料,包括,白檀香
迪庆藏香原料,包括,红檀香
迪庆藏香原料,包括,紫檀香
迪庆藏香原料,包括,沉香
迪庆藏香原料,包括,豆蔻
迪庆藏香原料,包括,穿山甲
迪庆藏香原料,包括,甘崧
迪庆藏香原料,包括,没药
迪庆藏香原料,包括,丁香
制作工艺,包含工序,采摘
制作工艺,包含工序,选配
制作工艺,包含工序,研磨
制作工艺,包含工序,开孔牛角挤制成形
制作工艺,包含工序,晾制
制作工艺,包含工序,包装
原料处理,方法,水法炮制
原料处理,方法,火法炮制
迪庆藏香功效,具有,清心健脾
迪庆藏香功效,具有,美容养生
迪庆藏香功效,具有,祛痛提神
迪庆藏香产品类型,包括,塔香
迪庆藏香产品类型,包括,瓣香
迪庆藏香产品类型,包括,盘香
迪庆藏香用途,用于,敬神礼佛
迪庆藏香用途,作为,日常用品
三眼土洞箫,流传地区,云南省文山壮族自治州文山市追栗街镇大兴寨彝族诺科人仆拉支系聚居村寨
三眼土洞箫,文献记载来源,《文山地方县志》
三眼土洞箫,同类古乐器,埙
三眼土洞箫,制作材料,当地黏性较好的灰白土、棕红土或黄土
三眼土洞箫,形状特征,腰粗、底平、嘴尖的鸭梨状
三眼土洞箫,音色特点,低沉浑厚
三眼土洞箫,可演奏音符数量,四个
三眼土洞箫,音调影响因素,腔体大小
三眼土洞箫,美学风格,古朴醇厚
三眼土洞箫,气息要求,均匀饱满
三眼土洞箫,曲调类型,祭祀曲调和即兴曲调
三眼土洞箫,节奏特点,时紧时松忽快忽慢
三眼土洞箫,装饰手法,以上、下方二、三度做装饰润色
三眼土洞箫,古代功能,祝福五谷丰登
三眼土洞箫,现代作用,祭祀、抒发情感、振奋精神
三眼土洞箫,文化属性,彝族传统文化的重要内容
三眼土洞箫,非遗级别,云南省第四批省级非物质文化遗产代表性项目名录
三眼土洞箫,代表性传承人,李汉明
白倮彝族服饰,体现,民族学特征
白倮彝族服饰,承载,历史学特征
白倮彝族服饰,展现,美学特征
白倮彝族服饰,是,识别符号
白倮彝族服饰,表达,宇宙观
白倮彝族服饰,反映,传统信仰
白倮彝族服饰,记录,迁徙历史
白倮彝族服饰,体现,认知方式
白倮彝族服饰,强化,族群意识
白倮彝族服饰,依赖,纺线工序
白倮彝族服饰,使用,织布技术
白倮彝族服饰,应用,蜡染工艺
白倮彝族服饰,结合,刺绣技法
蜡染工艺,包括,点蜡工序
蜡染工艺,包含,染布步骤
蜡染工艺,涉及,泡布过程
蜡染工艺,需要,脱蜡环节
制作工具,包括,纺线机
制作工具,使用,织布机
制作工具,配备,土碗
制作工具,采用,蜡笔
制作工具,使用,针
制作工具,应用,过滤网
制作工具,包括,锅
制作工具,设有,泡布塘
服饰纹样,以...为主,蜡染图案
缝制工艺,保持,完整性
缝制工艺,维持,整体性
缝制工艺,确保,连续性
图案纹饰,作为,族群记忆载体
图案纹饰,反映,生产生活
白倮彝族服饰,承载,历史记忆
白倮彝族服饰,被喻为,穿在身上的史书
白倮彝族服饰,属于,优秀传统文化遗存
白倮彝族服饰,具有,地方特色
白倮彝族服饰,展现,民族特色
白倮彝族服饰,入选,云南省级非物质文化遗产代表性项目名录扩展项目名录
马腿琴,民族学特征,傣族传统弹弦乐器总称
马腿琴,历史学特征,入选云南省第三批省级非物质文化遗产代表性项目名录
马腿琴,符号学特征,"""玎喊/哩叮""命名体系"
马腿琴,美学特征,琴体雕刻藤子花纹饰
马腿琴,民族学特征,使用牛角制作拨片
马腿琴,历史学特征,以马墩树为原材料制作琴身
马腿琴,符号学特征,船底形腹腔结构象征
马腿琴,美学特征,音色柔美细腻
马腿琴,社会学特征,《恋爱调》《反悔调》《挖苦调》《花花调》传统乐曲流传
马腿琴,民族学特征,共鸣箱采用三角形排列出音孔设计
马腿琴,历史学特征,弦码由熔化铅浇固成型工艺
马腿琴,符号学特征,形似大象的造型隐喻
马腿琴,美学特征,琴体细长小巧造型
杨林肥酒,民族学特征,云南地区少数民族医药文化传承
杨林肥酒,历史学特征,参照明代兰茂《滇南本草》药酒仙方
杨林肥酒,符号学特征,“肥”象征营养丰富/滋补功能
杨林肥酒,美学特征,金黄色酒液与天然绿色素调配色彩
中华老字号称号,历史学特征,商务部认证的品牌历史价值
非物质文化遗产名录,社会学特征,省级政府对传统技艺的保护认定
豌豆尖/小茴香/青竹叶,符号学特征,天然植物作为绿色素提取的文化符号
党参/拐枣/肉桂/陈皮,民族学特征,中药材配伍反映地域性养生智慧
现代化生产工具应用,历史学特征,传统工艺与工业技术的融合演变
芦差冲村,民族构成,壮族土支系
芦差冲村,原始崇拜对象,水神
芦差冲村,原始崇拜对象,树神
芦差冲村,原始崇拜对象,雷神
芦差冲村,原始崇拜对象,山石
芦差冲村,民族节日,二月祭龙节
芦差冲村,主要节日,六月节（六一花饭节/过小年）
芦差冲村,民间文学故事,《开天辟地》
芦差冲村,传统民歌类型,古歌
芦差冲村,传统民歌类型,酒歌
芦差冲村,传统民歌类型,情歌
芦差冲村,传统民歌类型,山歌
芦差冲村,传统民歌类型,四季歌
芦差冲村,传统民歌类型,谢礼歌
芦差冲村,传统民歌类型,开路歌
芦差冲村,传统民歌类型,送别歌
芦差冲村,乐器种类,二胡
芦差冲村,乐器种类,笛子
芦差冲村,乐器种类,大小唢呐
芦差冲村,乐器种类,板胡
芦差冲村,乐器种类,大鼓
芦差冲村,乐器种类,木鱼
芦差冲村,传统舞蹈,《纸马舞》
芦差冲村,传统舞蹈,《霸王鞭》
芦差冲村,传统技艺,纺织
芦差冲村,传统技艺,编织
芦差冲村,传统技艺,染织
芦差冲村,传统技艺,雕刻
芦差冲村,传统技艺,银饰品加工
芦差冲村,保留设备,土布织布机
芦差冲村,保留设备,轧棉机
芦差冲村,保留设备,纺线机
芦差冲村,保留设备,绕线机
芦差冲村,种植作物,蓝靛
芦差冲村,文化特征体现领域,宗教信仰
芦差冲村,文化特征体现领域,生活常识
芦差冲村,文化特征体现领域,伦理道德
芦差冲村,文化特征体现领域,经济自然
芦差冲村,保护措施,资金支持
芦差冲村,保护措施,深度挖掘整理
芦差冲村,保护措施,展演活动
芦差冲村民族传统文化生态保护区,入选名录,云南省第三批省级非物质文化遗产代表性项目名录
芦差冲村民族传统文化生态保护区,代表性传承人,田国珍
芦差冲村民族传统文化生态保护区,代表性传承人,田达明
大理洞经音乐,融入元素,儒释道三教祭祀音乐
大理洞经音乐,完善成型于,道家道场
大理洞经音乐,发源地,云南大理
大理洞经音乐,最早经典,《三洞仙经》
大理洞经音乐,演奏形式,声乐和器乐
声乐部分,演唱方式,领唱和伴唱
声乐伴奏,乐队类型一,丝竹乐
声乐伴奏,乐队类型二,吹打乐
器乐部分,分类一,大乐曲牌
器乐部分,分类二,细乐曲牌
器乐部分,分类三,锣鼓曲牌
大理洞经音乐,音乐风格特点一,道教音乐的飘逸
大理洞经音乐,音乐风格特点二,宫廷音乐的典雅
大理洞经音乐,音乐风格特点三,江南丝竹的柔美
大理洞经音乐,音乐风格特点四,儒教音乐的浑厚
大理洞经音乐,音乐风格特点五,民间音乐的风韵
大理洞经音乐,主题风格一,古朴典雅
大理洞经音乐,主题风格二,柔美清正
大理洞经音乐,主题风格三,飘逸悠扬
大理洞经音乐,主题风格四,超凡脱俗
大理洞经音乐,主题风格五,教化育人
大理洞经音乐,主题风格六,礼乐兴邦
大理洞经音乐,历史价值,研究中国古代音乐文化
大理洞经古乐社团,活跃范围,大理城乡
大理市,洞经音乐社团数量多支)28.(洞经音乐社团组织,"载体形式,村社的民间宗教活动"
洞经音乐社团例子一,三元会)30.(洞经音乐社团例子二,宏仁会
洞经音乐社团例子三,下关洞经古乐会)32.(洞经音乐社团例子四,大理南雅音乐社
大理市洞经音乐,入选项目,云南省第三批省级非物质文化遗产代表性项目名录扩展项目名录
苗族芦笙,使用场合,丧葬祭祀
苗族芦笙,使用场合,踩花山
苗族芦笙制作技艺,流传地区,云南省昭通市威信县
苗族芦笙制作技艺,传承支系,白苗支系
苗族芦笙,结构类型,六管式
苗族芦笙制作,材料获取时间,夏至后伐竹/冬天伐木
苗族芦笙制作,工艺步骤数量,十个步骤
苗族芦笙制作,干燥处理方式,晒干或火烘干
苗族芦笙,粘合材料,牛皮胶/白乳胶
苗族芦笙,音律标准,小字组与小字一组
威信苗族芦笙制作技艺,入选名录,云南省第四批省级非物质文化遗产代表性项目名录扩展项目名录
苗族芦笙,文化属性,传统文化重要载体
苗族芦笙制作,核心危机,缺少制作艺人
舌簧制作,原材料,熟铜
舌簧形态,参照物,口琴簧片
苗族芦笙,功能定位,生活必备品
苗族芦笙制作,装饰目的,美化装饰
闹兜阳,社会学特征,引导人们崇贤向善
闹兜阳,民族学特征,苗族传统节日
闹兜阳,民族学特征,流传于马关县苗族聚居村寨
闹兜阳,历史学特征,纪念历史上叫兜阳的人
闹兜阳,符号学特征,招兜阳魂
闹兜阳,符号学特征,迎兜阳客
闹兜阳,符号学特征,问兜阳
闹兜阳,符号学特征,送兜阳魂
闹兜阳,符号学特征,跳兜阳
闹兜阳,符号学特征,选兜阳
闹兜阳,美学特征,对歌
闹兜阳,美学特征,打竹筒电话
闹兜阳,美学特征,丢鸡毛键
闹兜阳,美学特征,打陀螺
闹兜阳,美学特征,射箭
闹兜阳,美学特征,摆长桌宴
闹兜阳,社会学特征,鼓舞传统文化继承和保护
闹兜阳,民族学特征,以尊重人才、崇善、团结为宗旨
闹兜阳,历史学特征,入选云南省第四批省级非物质文化遗产代表性项目名录
闹兜阳,符号学特征,古歌
闹兜阳,美学特征,观赏性
闹兜阳,美学特征,参与性
闹兜阳,社会学特征,项目面临濒危状况
闹兜阳,民族学特征,只有年长者掌握整个仪式及相关禁忌
熊明清,角色,项目代表性传承人
鲁甸牛干巴制作时间,关养催膘期,每年农历正二月间
鲁甸牛干巴喂养方式,初期饲料,嫩草
鲁甸牛干巴饲养谚语,内容,厩干食饱牛长膘
鲁甸牛干巴屠宰仪式,执行者身份,回族阿訇
鲁甸牛干巴预处理流程,操作环节,铺通风处凉透
鲁甸牛干巴腌制配比,主要材料,盐
鲁甸牛干巴揉制标准,工艺要求,反复搓揉至肉质发软盐充分浸透
鲁甸牛干巴发酵容器,使用器具,陶制瓮缸
鲁甸牛干巴封装方法,密封材料,硬纸或麻布
鲁甸牛干巴腌渍时长,周期天数,天
鲁甸牛干巴晾晒规范,初始阶段时长,三天
鲁甸牛干巴陈化方式,后期保存环境,室内空挂
鲁甸牛干巴品质等级,最上等部位,饭盒里裆
鲁甸牛干巴食用特性,烹饪适应性,煎煮均可
鲁甸牛干巴风味特点,肋条部位特色,油多筋多炖吃鲜美
鲁甸牛干巴营养成分,主要成分含量,富含蛋白质
鲁甸牛干巴文化功能,应用场合,婚丧嫁娶等各种重要场合
鲁甸牛干巴衍生菜品,典型菜式,油淋干巴/五香干巴/厚干巴/干巴煨红豆/干巴炒藕/干巴夹乳饼/糖醋干巴/酸菜煮干巴/干巴豆焖饭
鲁甸牛干巴非遗地位,入选批次,云南省第四批省级非物质文化遗产代表性项目名录
鲁甸牛干巴技艺传承人,代表性人物,马飞
彝族鱼鳞片吹奏,流传地区,云南省红河哈尼族彝族自治州蒙自市北部坝区
彝族鱼鳞片吹奏,具体地点,长桥海
彝族鱼鳞片吹奏,具体地点,大屯海湖
彝族鱼鳞片吹奏,具体地点,蒙自坝
彝族鱼鳞片吹奏,具体地点,草坝
彝族鱼鳞片吹奏,起源时间,清代中叶
彝族鱼鳞片吹奏,历史跨度,上百年历史
彝族鱼鳞片吹奏,音色特点,清脆
彝族鱼鳞片吹奏,音色特点,明亮
彝族鱼鳞片吹奏,音色特点,悦耳
彝族鱼鳞片吹奏,选材来源,鲤鱼
彝族鱼鳞片吹奏,选材重量标准,六斤以上
彝族鱼鳞片吹奏,最佳取材部位,两肋部位
彝族鱼鳞片吹奏,鳞片直径规格,至厘米为佳
彝族鱼鳞片吹奏,材质要求,稍有硬韧度
彝族鱼鳞片吹奏,预处理工艺,修剪卷曲的边
彝族鱼鳞片吹奏,硬度调整方法,用布稍作打磨
彝族鱼鳞片吹奏,硬度调整方法,用小刀刮至适合
彝族鱼鳞片吹奏,演奏技法,收拢风门调节气流强弱
彝族鱼鳞片吹奏,发音原理,舌簧产生振动
彝族鱼鳞片吹奏,音高控制方式,调节气流强弱
彝族鱼鳞片吹奏,节奏控制方式,控制气息长短
彝族鱼鳞片吹奏,装饰手法,急吹
彝族鱼鳞片吹奏,装饰手法,滑音
彝族鱼鳞片吹奏,特技扩展音区,可达度
彝族鱼鳞片吹奏,文化反映内容,生活环境
彝族鱼鳞片吹奏,文化反映内容,生产生活状况
昭通披毡,民族学特征,汉族、彝族等民族共同使用
昭通披毡,历史学特征,曾作为向朝廷贡赋的贡品
昭通披毡,符号学特征,独特的毡制服饰代表区域文化身份
昭通披毡,美学特征,褶子细收的拢且结构致密
昭通披毡制作技艺,社会学特征,入选云南省第四批省级非物质文化遗产代表性项目名录扩展项目名录
昭通披毡制作技艺,民族学特征,传承人王开友为项目代表性传承人
昭通披毡制作技艺,历史学特征,年昭通毛毡制作技艺入选非遗名录
昭通披毡制作技艺,符号学特征,手工擀制工艺象征传统技艺传承
陆良草编,原材料,秧草
陆良草编,原材料,棕叶芯/蒲葵
牛尾巴草采集,最佳季节,秋季
牛尾巴草处理工序,包括,晾晒
牛尾巴草处理工序,包括,摔打
牛尾巴草处理工序,包括,脱籽
牛尾巴草处理工序,包括,除叶
秧草生长环境,位于,湿地周边
秧草生长环境,位于,秧田埂边
秧草采集特点,不分季节)12.(棕叶芯来源树龄要求,二十年以上
棕叶采集标准,新长棕叶六七十厘米左右)14.(棕叶加工工艺,"包括,煮"
棕叶加工工艺,包括,晾晒
棕叶加工工艺,包括,浸泡
产品类型,包含,小蒲箩
产品类型,包含,提篮
产品类型,包含,装饰摆件
产品类型,包含,收纳盒
产品类型,包含,宠物窝
产品类型,包含,包装盒
现代形状演变,圆柱形)26.(现代形状演变,椭圆形
现代形状演变,方形)28.(现代形状演变,葫芦形
现代形状演变,不规则形状)30.(知名产品,小蒲箩
材料特性,健康)32.(材料特性,环保
工艺特点,精细度高)34.(功能特性,保温
功能特性,经摔)36.(功能特性,耐用
文化属性,地方特色鲜明)38.(审美风格,朴素
审美风格,简拙)40.(传承现状,从业者多为老年人
传承困境,人员逐年递减)42.(保护状态,云南省第四批省级非物质文化遗产
代表性传承人,"王敖英)
1.(易门浦贝陶器","起源时间,明末清初"
易门浦贝陶器,就地取材,浦贝境内黏土/石英砂/釉料
易门浦贝陶器,制作流程,原料精选→坯料配制→拉坯成型→干燥→施釉→装窑→烧成→出窑→成品检验
易门浦贝陶器,功能属性,实用性与欣赏性统一
易门浦贝陶器,产品特性,耐酸碱/陶质细腻/腌制咸菜色鲜味纯/盛酒不走味
易门浦贝陶器,入选名录,云南省级非物质文化遗产代表性项目名录扩展项目
易门浦贝陶器,代表性传承人,杨建云
易门浦贝陶器,社会冲击因素,工业化推进导致制作销售受冲击
易门浦贝陶器,传承方式,窑工坚守传统技艺
易门浦贝陶器,文化价值,文化底蕴深厚/艺术价值高
易门浦贝陶器,应用领域,社会生活多领域需求满足
易门浦贝陶器,地方特性,土生土长/地方浓郁
开远羊街彝族花灯,起源基础,汉族花灯艺术
开远羊街彝族花灯,主要旋律来源,彝家山歌小调
开远羊街彝族花灯,使用语言,汉语
开远羊街彝族花灯,音乐组成部分,曲牌
开远羊街彝族花灯,艺术表现形式分类,戏曲型灯调
开远羊街彝族花灯,艺术表现形式分类,歌舞型灯调
戏曲型灯调,功能特点,表现剧中不同人物性格和感情变化
演唱型灯调,表演形式,独唱/对唱/齐唱
歌舞型灯调,节奏特征,明朗跳跃
歌舞型灯调,舞蹈性,强
歌舞型灯调,传统剧目来源,汉族花灯剧本移植
开远羊街彝族花灯,表演程式,歌舞表演于先、戏曲演出压台
开远羊街彝族花灯,伴奏乐器,笛
开远羊街彝族花灯,伴奏乐器,二胡
开远羊街彝族花灯,伴奏乐器,三弦
开远羊街彝族花灯,伴奏乐器,四弦
女演员俗称,角色行当,旦角
男演员俗称,角色行当,丑角
开远羊街彝族花灯,服饰类型,传统服装
开远羊街彝族花灯,道具,手巾
开远羊街彝族花灯,道具,扇子
开远羊街彝族花灯,道具,霸王鞭
开远羊街彝族花灯,文化特点,彝汉文化交融
开远羊街彝族花灯,传承代数,七代
开远羊街彝族花灯,非遗级别,云南省第四批省级非物质文化遗产代表性项目名录扩展项目
开远羊街彝族花灯,代表性传承人,张玲娟
哈尼族,支系数量,九个
哈尼族支系,包括,切第
哈尼族支系,包括,卡别
墨江哈尼族村寨,拥有,村寨神林
村寨神林,举行仪式,祭寨神林仪式
祭寨神林仪式,属性,庄严而神圣不可侵犯
祭寨神林仪式,受保护者,全寨人
哈尼族,传统节日,埔玛兔/祭竜节
祭竜节,时间范围,农历二三月间
祭竜节结束时间,依据情况,二月份
祭竜日子选定方式,基于属相,属龙的日子
祭竜日子选定方式,基于属相,属猪的日子
埔玛建立主持者,角色,摩批
埔玛兔活动主持者,角色,竜头/莫巴
祭寨神林地点,位置,寨神树下
寨神林功能,目的,保护人畜安全
寨神林功能,目的,确保衣食有保障
寨神林功能,目的,维护村寨安宁
寨神林功能,目的,促进家庭和睦
寨神林功能,目的,保障身体健康
寨神林功能,目的,实现人丁兴旺
哈尼民间观念,关联对象,人间兴旺看埔玛
哈尼民间观念,关联对象,姑娘俏丽看水井
建村立寨要求,措施,精心选择培育寨神林
建村立寨要求,措施,定时杀牲祭祀寨神
寨神职责,行为,护卫土地纯洁性
寨神职责,行为,阻止妖魔鬼怪入寨
寨神职责,行为,阻拦凶猛野兽涉足
祭寨神林项目内容,包括,祭竜活动
祭寨神林项目内容,包括,竜树的选择
祭寨神林项目内容,包括,竜头的产生
祭寨神林,体现价值,历史价值
祭寨神林,体现价值,文化价值
寨神林保护,反映信仰,万物有灵的自然崇拜
寨神林保护资料价值,研究领域,民族性格研究
寨神林保护资料价值,研究领域,价值观念研究
寨神林保护研究价值,学科范围,哲学
寨神林保护研究价值,学科范围,民族学
寨神林保护研究价值,学科范围,民俗学
寨神林保护研究价值,学科范围,生态学
寨神林保护研究价值,学科范围,环境学
祭寨神林现状特征,状态描述,逐渐退化萎缩
祭寨神林现状特征,濒危状态描述,处于濒危状态
墨江哈尼族祭寨神林,入选名录类型,云南省第四批省级非物质文化遗产代表性项目名录扩展项目名录
项目代表性传承人,包括,白开文
项目代表性传承人,包括,鲍荣贵
哈尼族,社会学特征,构建和谐社会
矻扎扎节,民族学特征,哈尼族三大节日之一
矻扎扎节,民族学特征,农耕文化代表习俗
李正林,历史学特征,项目代表性传承人
架设磨秋、秋千,符号学特征,祭祀仪式元素
杀牛祭祀,符号学特征,集体参与象征
梯田祭祀田神和水神,符号学特征,自然崇拜体现
相邀荡秋千、打磨秋、对歌跳舞,美学特征,民俗艺术表现形式
宾朋满座多民族参与,社会学特征,跨族群社交互动
人与自然和谐相处,民族学特征,朴素自然观实践
传承严谨,历史学特征,文化延续机制
产出低迫于生存压力,社会学特征,非遗传承困境
牟定铜器制作技艺,民族学特征,中原汉文化特点
牟定铜器制作技艺,符号学特征,生产足迹遍及滇西南及缅甸
牟定铜器制作技艺,美学特征,工艺考究
牟定铜器制作技艺,社会学特征,入选云南省级非物质文化遗产扩展项目名录
牟定铜器制作技艺,民族学特征,融合多民族文化元素
牟定铜器制作技艺,历史学特征,几百年历史延续
牟定铜器制作技艺,符号学特征,盐水抛光工艺标识
牟定铜器制作技艺,美学特征,形制多样包括炊锅/盆/碗/茶壶等
牟定铜器制作技艺,社会学特征,项目代表性传承人王子兴
牟定铜器制作技艺,民族学特征,跨区域文化传播至缅甸
牟定铜器制作技艺,历史学特征,地方史料记载佐证
牟定铜器制作技艺,符号学特征,模子成型技术体系
牟定铜器制作技艺,美学特征,细砂纸打磨光泽质感
罗平传统手工造纸技艺,民族学特征,当地群众称其为“抄纸”
罗平传统手工造纸技艺,历史学特征,已有三百多年历史且沿用东汉蔡伦发明的完整流程
罗平传统手工造纸技艺,美学特征,纸张纤维长、韧性极强且具有自然质朴的质感
罗平传统手工造纸技艺,社会学特征,成品用于扫坟祭祀等社会民俗活动
罗平传统手工造纸技艺,民族学特征,以构树皮等本地特有植物为原料
罗平传统手工造纸技艺,历史学特征,入选云南省级非物质文化遗产代表性项目名录扩展项目
罗平传统手工造纸技艺,符号学特征,应用于银行专用捆钞条体现信用象征功能
罗平传统手工造纸技艺,美学特征,通过七十二道工序形成独特的工艺美感
罗平传统手工造纸技艺,社会学特征,承载茶叶包装、卷伞、风筝等日常生活功能
罗平传统手工造纸技艺,民族学特征,项目代表性传承人是幸金改
罗平传统手工造纸技艺,历史学特征,制作工艺包含泡料、煮料、洗料等传统步骤
罗平传统手工造纸技艺,符号学特征,用于烟花爆竹引线兼具实用与仪式双重意义
罗平传统手工造纸技艺,美学特征,无毒环保防腐防蛀特性赋予材料持久之美
获那訇,社会学特征,部落群体参与的权利和义务
获那訇,社会学特征,村寨三老负责管理和监督耕种神田守则
获那訇,民族学特征,壮族野生稻种植仪式与传统习俗
获那訇,民族学特征,教育村民保护九龙山的草木水土
获那訇,民族学特征,男女老少遵规守道、与人为善等道德规范
获那訇,历史学特征,明清各代地方志均有大量记载
获那訇,历史学特征,历史或可追溯到母系氏族时期
获那訇,符号学特征,“获”意为田间劳作
获那訇,符号学特征,“那訇”意为神圣稻田
获那訇,符号学特征,“种神田”直译为种植神圣的稻田
获那訇,美学特征,反映壮族人的生态伦理观
获那訇,美学特征,传统物种多样性保护的文化表达
云龙白族刺绣,民族学特征,白族聚居区文化认同符号
云龙白族刺绣,历史学特征,蚕丝到毛线的材料演变史
云龙白族刺绣,符号学特征,牡丹/佛手/石榴等吉祥纹样体系
云龙白族刺绣,美学特征,红黄蓝绿黑白对比色配色法则
千层底绣花鞋,社会学特征,性别角色与手工技艺传承
围腰刺绣,民族学特征,精制与普通分级制度
五色丝线运用,符号学特征,单数花朵的数量禁忌
花绷工具使用,历史学特征,硬质绣品与软质绣物流派分化
头巾材质选择,社会学特征,高寒环境生存智慧
动物图案系统,符号学特征,狮虎龙凤的图腾崇拜
针法致密工艺,美学特征,立体感强的视觉表现
剪纸底样技术,历史学特征,传统纹样保存方式
日常生活用品应用,民族学特征,服饰文化的泛在性
彝良苗族芦笙舞,民族学特征,苗族大花苗支系综合性舞蹈
彝良苗族芦笙舞,历史学特征,最早记载于明代倪辂《南诏野史》
彝良苗族芦笙舞,符号学特征,以芦笙为主要器乐边吹奏边起舞
彝良苗族芦笙舞,社会学特征,集歌、舞、乐于一体的综合性舞蹈艺术
彝良苗族芦笙舞,民族学特征,包括滚山珠、跳竿、侧翻、滚翻、上梯倒立三转、旋转蹬、双人俯驮、仰驮等技艺
彝良苗族芦笙舞,社会学特征,在节日庆典、祭祀、丧葬、婚俗等仪式活动中表演
彝良苗族芦笙舞,符号学特征,以竹制六管大芦笙为道具和伴奏
彝良苗族芦笙舞,民族学特征,表演者身着苗族大花衣
彝良苗族芦笙舞,社会学特征,有家传和师传两种传承方式
彝良苗族芦笙舞,历史学特征,入选云南省第三批省级非物质文化遗产代表性项目名录扩展项目名录
彝良苗族芦笙舞,社会学特征,项目代表性传承人是杨永松、杨礼双
彝良苗族芦笙舞,符号学特征,“阿作”有聚成一帮、做一路的含义
彝良苗族芦笙舞,历史学特征,通过音乐和舞蹈再现了苗族艰难迁徙的历程
彝良苗族芦笙舞,美学特征,规模庞大曲调复杂动作难度大
彝良苗族芦笙舞,民族学特征,以古歌演唱随后芦笙主曲共九首每首三段每段三节
彝良苗族芦笙舞,美学特征,其中以壮烈争战最为有名
汉代,定为节日,上巳节
魏晋以后,改定日期,农历三月三日
后代,沿袭至今,农历三月三日
西山森林公园,源于,元朝大德十年
西山森林公园,包含文化,道、佛教文化
昆明人,参与场所,西山森林公园
农历三月三日,聚集地点,西山森林公园
昆明各族群众,活动内容,祈福求平安
昆明各族群众,活动内容,自娱自乐的活动
民间群众,表演形式,自唱自演
活动,包含内容,民族歌舞
活动,包含内容,山歌
活动,包含内容,舞龙灯
活动,包含内容,踩高跷
活动,包含内容,唱花灯
活动,包含内容,唱滇戏
活动,包含内容,对调子交朋友
活动,包含内容,春季野外踏青
活动,涉及民族,汉
活动,涉及民族,回
活动,涉及民族,苗
活动,涉及民族,白
活动,涉及民族,蒙
活动,影响力范围,昆明附近州、市
活动,参与人数,余万人
活动,知名度,家喻户晓
三月三耍西山,入选项目,云南省第三批省级非物质文化遗产代表性项目名录
三月三耍西山,喜爱群体,昆明各民族群众
三月三耍西山,传承方式,自发参与传承、传播
三月三耍西山,文化内涵,多元丰富的民族民间文化
三月三耍西山,激发认知,文化多样性及人类创造力的认识和尊重
维西洞经音乐,分类体系,九大调十小调
九大调,包含曲目,《八卦》《全八卦》《元始》《吉祥音》《普光》《奏章》《十供样》《小节记》《祝加曹》
演奏形式,分为类别,文乐/武乐
文乐,乐器类型,管弦乐
文乐,使用乐器,竹笛、小二胡、中胡、大胡、菜胡、三弦、琵琶、扬琴、古筝、板胡
武乐,乐器类型,打击乐
武乐,使用乐器,大鼓、小鼓、镲、板鼓、碰铃、木鱼、磬、锣、铜锣
传承方式,主要手段,口传心授
辅助记录形式,采用谱式,工尺谱
特色保留曲目,代表作品,《紫微八卦舞曲》
文化遗产级别,入选名录,云南省第四批省级非物质文化遗产代表性项目名录扩展项目名录
项目代表性传承人,姓名,杨镇远
项目代表性传承人,姓名,杨淑珍
社会影响范围,受众群体,各族人民
地域文化地位,具有影响,当地重要影响
霸王鞭,流行范围,白族节日活动
霸王鞭,功能,娱神娱人
霸王鞭,表演场合,安龙谢土
霸王鞭,表演场合,节庆
霸王鞭,表演场合,喜事
霸王鞭,属性,舞蹈道具
霸王鞭,文化根源,稻作文化
霸王鞭,艺术显现形式,艺术产物
霸王鞭,象征意义,四季
霸王鞭,镶嵌物,铜钱
铜钱数目,表示内容,十二个月
铜钱数目,表示内容,二十四节令
霸王鞭舞,表演时间,春节
霸王鞭舞,表演时间,火把节
霸王鞭舞,表演时间,本主庙会
霸王鞭舞,最大规模活动,绕三灵
大理白族霸王鞭,性别特征,女性舞蹈
舞者动作,持鞭方式,右手持鞭
舞者动作,左手动作,拍或拨鞭头与鞭尾
身体动态,随动部位,肩
身体动态,随动部位,胸
身体动态,随动部位,肘
身体动态,随动部位,膝
身体动态,随动部位,背
声音效果,特征描述,清脆悦耳
声音效果,特征描述,有节奏
上身动作,类型,扭
上身动作,类型,摆
双脚动作,类型,跳跃
舞蹈套路数量,数量级,上百个
特色套路,名称,周城八下
特色套路,名称,金河十一下
特色套路,名称,庆洞二十六下
配合元素,男性乐器,八角鼓
配合元素,女性舞蹈,双飞燕
组合动作,形式描述,心合心
组合动作,形式描述,背靠背
组合动作,形式描述,脚勾脚
队形图案,名称,五梅花
队形图案,名称,满天星
伴奏乐器,类型,龙头三弦
伴奏乐器,类型,树叶
伴奏乐器,类型,短笛
伴奏乐器扩展,类型,长号
伴奏乐器扩展,类型,唢呐
伴奏乐器扩展,类型,锣鼓
表演形式拓展,伴舞方式,抒情民歌小调
舞蹈风格,形容词,古朴幽默
舞蹈风格,形容词,典雅刚健
舞蹈风格,形容词,欢快明朗
舞蹈风格,形容词,清新活泼
精神内涵,体现品质,勤劳勇敢
精神内涵,体现品质,纯朴善良
精神内涵,体现品质,团结进取
非遗地位,入选批次,云南省第四批省级非物质文化遗产代表性项目名录扩展项目名录
项目传承人,姓名,杨锦开
傣族大鼓,社会学特征,节日庆典用具
傣族大鼓,民族学特征,椿木/甑子木选材传统
傣族大鼓,民族学特征,祭祀树神仪式
傣族大鼓,历史学特征,起源久远
傣族大鼓,历史学特征,流传广泛
傣族大鼓,符号学特征,象征寨名与佛寺名称
傣族大鼓,美学特征,人与自然和谐相处审美观
傣族大鼓,社会学特征,入寺安置仪式
傣族大鼓,民族学特征,佛爷念经加持
傣族大鼓,历史学特征,云南省第三批省级非物质文化遗产
傣族大鼓,民族学特征,波应光为代表性传承人
磨皮花鼓舞,领舞者道具,箐鸡尾
磨皮花鼓舞,历史背景,磨盘山彝族祖先保卫家乡
磨皮花鼓舞,队伍构成,男女两队
磨皮花鼓舞,男队名称,兵器队
磨皮花鼓舞,女队名称,花鼓队
磨皮花鼓舞,表演特点,亦文亦武同场表演
磨皮花鼓舞,套路数量,多种
磨皮花鼓舞,具体套路,出征
磨皮花鼓舞,具体套路,设阵埋伏
磨皮花鼓舞,具体套路,包围敌寇
磨皮花鼓舞,具体套路,驱敌出境
磨皮花鼓舞,具体套路,凯旋归来
磨皮花鼓舞,具体套路,颠跑步
磨皮花鼓舞,具体套路,蹬四脚
磨皮花鼓舞,具体套路,吸跳步
磨皮花鼓舞,具体套路,蹬脚跪
磨皮花鼓舞,表演场合,吃花酒
磨皮花鼓舞,表演场合,火把节
磨皮花鼓舞,表演场合,中秋节
磨皮花鼓舞,表演场合,春节
磨皮花鼓舞,表演场合,祭龙
磨皮花鼓舞,表演场合,办丧事
磨皮花鼓舞,表演场合,出殡日
磨皮花鼓舞,最小参与人数,人以上
磨皮花鼓舞,男队武器,大刀
磨皮花鼓舞,男队武器,双刀
磨皮花鼓舞,男队武器,二节棍
磨皮花鼓舞,男队武器,枪
磨皮花鼓舞,男队武器,三尖叉戟
磨皮花鼓舞,男队武器,勾镰
磨皮花鼓舞,花鼓队装饰,腰系红绸
磨皮花鼓舞,花鼓队装备,身背花鼓
磨皮花鼓舞,花鼓队执具,右手执鼓棒
磨皮花鼓舞,花鼓队执具,左手执白毛巾
磨皮花鼓舞,指挥者特征,左手持捆扎白鹇雉鸡尾木棍
磨皮花鼓舞,指挥者特征,右手执白毛巾
磨皮花鼓舞,伴奏乐器,大鼓
磨皮花鼓舞,伴奏乐器,腰鼓
磨皮花鼓舞,伴奏乐器,锣
磨皮花鼓舞,伴奏乐器,铓
磨皮花鼓舞,伴奏乐器,大钹
磨皮花鼓舞,伴奏乐器,小镲
磨皮花鼓舞,舞蹈结构,前奏表演
磨皮花鼓舞,舞蹈结构,战争场景
磨皮花鼓舞,舞蹈结构,欢庆胜利场面
磨皮花鼓舞,舞蹈形式融合,领舞独舞双人舞集体舞一体
磨皮花鼓舞,动作要求,手眼身步到位
磨皮花鼓舞,艺术风格,舞姿优美
磨皮花鼓舞,节奏特点,铿锵刚劲豪迈
磨皮花鼓舞,入选名录,云南省第三批省级非物质文化遗产代表性项目名录扩展项目名录
磨皮花鼓舞,代表性传承人,易学昌
磨皮花鼓舞,代表性传承人,易成英
巧家朱氏唢呐锣鼓,传承方式,家族口传身授父传子承
巧家朱氏唢呐锣鼓,乐队构成,朱姓家庭成员
巧家朱氏唢呐锣鼓,领奏乐器,唢呐
巧家朱氏唢呐锣鼓,合奏乐器,锣鼓
巧家朱氏唢呐锣鼓,音乐特色,吸纳当地唢呐优点形成地方特色民间音乐
巧家朱氏唢呐锣鼓,曲牌数量,唢呐曲牌首、打击乐曲牌首
巧家朱氏唢呐,全长,公分
巧家朱氏唢呐,哨口材质,麦杆制成
巧家朱氏唢呐,空管音高,降调
巧家朱氏唢呐,音色特点,浑厚而低沉
巧家朱氏唢呐演奏,上手数量,支
巧家朱氏唢呐演奏,下手数量,支
巧家朱氏唢呐演奏,上手音域,高音
巧家朱氏唢呐演奏,下手音域,低音
巧家朱氏唢呐锣鼓,音乐渊源,保留中原音乐遗韵
巧家朱氏唢呐锣鼓,演奏形式,独奏、合奏
巧家朱氏唢呐锣鼓,项目代表性传承人,朱永盛
巧家朱氏唢呐锣鼓,项目代表性传承人,朱远玉
景颇族传统乐器,是,文化生活中不可缺少的用品
景颇族传统乐器,分类包括,吹管乐器
景颇族传统乐器,分类包括,弹拨乐器
勒荣,属于,传统吹管乐器
洞巴,属于,传统吹管乐器
吐良,属于,传统吹管乐器
克挖,属于,传统吹管乐器
比笋,属于,传统吹管乐器
锐作,属于,传统吹管乐器
颇哈桑比,属于,传统吹管乐器
巴扎,属于,传统吹管乐器
三弦,属于,弹拨乐器
掌共/口弦琴,属于,弹拨乐器
大铓镲,属于,打击乐器
中铓镲,属于,打击乐器
小铓镲,属于,打击乐器
木鼓,属于,打击乐器
象脚鼓,属于,打击乐器
目瑙纵歌,使用场景,景颇族吹管乐
婚丧嫁娶,使用场景,景颇族吹管乐
进新房,使用场景,景颇族吹管乐
景颇族民间乐器,功能属性,演奏工具
景颇族民间乐器,研究价值,了解景颇族文化的重要组成部分
乐器及演奏,具有特征,独特性
乐器及演奏,具有特征,艺术性
景颇族吹管乐,价值体现,音乐创作源泉
景颇族吹管乐,展现,文化艺术创造力
景颇族吹管乐,流传范围,景颇族聚居区
景颇族吹管乐,受众群体,当地各族群众
景颇族吹管乐,社会作用,增进民族团结
景颇族吹管乐,经济作用,促进旅游业发展
景颇族吹管乐,经济作用,促进社会经济发展
景颇族吹管乐,入选项目,云南省第四批省级非物质文化遗产代表性项目名录
傈僳族期奔,民族学特征,傈僳族传统歌舞传承载体
傈僳族期奔,符号学特征,定弦调六种
傈僳族期奔,美学特征,音色清晰明朗欢乐动人
傈僳族期奔,美学特征,多声部配合衬托主旋律
傈僳族期奔,社会学特征,逢年过节婚嫁喜庆演奏习俗
傈僳族期奔,民族学特征,火塘边田间地角即兴表演形式
傈僳族期奔,历史学特征,项目代表性传承人阿称恒等五人
傈僳族期奔,符号学特征,《刮来甲俄》《尼肯减来》等特定曲目名称
傈僳族期奔,美学特征,形似说话般传达思想感情的演奏效果
傈僳族期奔,社会学特征,新房落成丰收猎获时的集体活动功能
傈僳族期奔,民族学特征,弹跳结合唱述的综合艺术形式
花街节,社会学特征,各部落首领相互结盟依存
花街节,民族学特征,壮族独有的民族传统习俗
花街节,民族学特征,融入会友/对歌/择偶等内容
花街节,历史学特征,七姊妹造街传说起源
花街节,历史学特征,以十二属相安排赶街日期
花街节,符号学特征,用银饰/花线/布鞋等物品表征身份
花街节,符号学特征,花糯米饭作为节日特定食品符号
花街节,美学特征,身着节日盛装展示服饰艺术
花街节,美学特征,对唱山歌的音乐表现形式
花街节,美学特征,群体分享食物的仪式美感
花街节,符号学特征,"""阖聋娃""壮语名称的文化隐喻"
花街节,历史学特征,农业社会的集会功能演变
花街节,民族学特征,青年男女田边地角幽会婚俗
花街节,符号学特征,红鸡蛋象征吉祥与祝福
花街节,美学特征,腊肉制作的传统技艺展示
花街节,符号学特征,"""开秧门街""标记农事周期节点"
花街节,历史学特征,广南县举办系列文化活动保护传承
花街节,民族学特征,集稻作/饮食/服饰等多文化元素
花街节,符号学特征,入选省级非物质文化遗产名录
建水小调,文化融合特征,彝汉文化相互吸收与融合
建水小调,唱词内容领域,社会生活各个领域
建水小调,终止式特点,第一乐句半终止于主音或五级音/第二乐句终止于调式主音
建水小调,地方色彩元素,衬词、衬句或衬腔乐句
建水小调,创作方式,根据词曲格律自由填词产生新作
建水小调,代表曲目,《小妹花》《寡妇放羊》《栽秧歌》《蒋二娘》《十大姐采花》
建水小调,非遗地位,云南省第三批省级非物质文化遗产代表性项目
建水小调,代表性传承人,普小芬、白绍芬
建水小调,节令连接手法,运用十二月/十朵/十合/五更等组织唱词
建水小调,吸收的艺术元素,彝族四大腔、烟盒舞曲的唱词格律和音乐元素
《都玛简收》,历史学特征,萌发于游牧向农耕转型期后千百年传承演变
《都玛简收》,符号学特征,遮天大树象征自然力量与历法体系
绿春县,地域关联,哈尼族集中居住区之一
陆波才,身份属性,《都玛简收》代表性传承人
云南省第三批省级非物质文化遗产,入选项目,《都玛简收》
序歌/歌尾,功能定位,传统诗歌演唱必备唱词
砍大树王,文化内涵,解释十月历与物候历起源
保护区,地理位置,楚雄彝族自治州南华县五街镇咪黑们村委会
村委会驻地,名称,马樱花山
马樱花山,地理特征,红河和金沙江两大水系的分水岭
保护区内建筑类型,包括,垛木房/木楞房/瓦房/草房/闪片房
村民信仰体系核心,包含,祖先崇拜/土主崇拜
宗教融合形式,形成,巫道佛结合的多层次信仰体系
自然村公共设施,建有,土主庙/山神庙/财神庙
家庭祭祀对象,供奉,谱颇汉意祖先
丧葬习俗特色,举行,教路仪式
文化组织,组成人员来自,五力么/咪黑们/大平地等村人
彝族古乐班功能,用于,祭祀/殡仪活动
传统婚俗元素,包括,姑娘房/喝交杯酒/抹花脸
节日列表,包含,过年/过小年/清明节/端午节/求雨节/火地节/炒食节/中秋节/喽底节祭农神
毕摩代表人物,现为,罗开礼
叙事主题,涉及,穿火草织麻布衣裳的起源
民间音乐类型,包括,对山歌/青棚调/仁意调/祭祀调/彝族古乐/彝族洞经音乐
民间舞蹈名称,含,宫挑宫欣(踏歌
集体舞蹈特点,表现为,快慢节奏适合男女老少参与
传统技艺,保留,火草麻布纺织技艺
服饰主色调,采用,黑/白/蓝
刺绣部位,位于,领口/袖口/衣角边
刺绣色彩风格,使用,浅色系图案
文化定位,被立为,彝族文化保护传承试点村
研究基地属性,关联,滇中乡土知识与生物多样性保护项目
非遗级别,入选,云南省第四批省级非物质文化遗产代表性项目名录
发嘎村,建村时期,东汉末三国时期
“发嘎”彝语含义,指代对象,石头
发嘎村地形特征,类型,高原山地地形
民居建筑结构,形式,传统土木结构半干栏式建筑
民居功能布局,特点,一楼一底人畜分住
传统习俗,包括内容,择向、选材、建新房、进新房
保留的建筑风格,属性,彝族白彝传统建筑风格
宗教信仰对象,具体神明,山神/树神/密枝林
传统节庆活动,列举项目,立秋节/泼水节/赶新街(青年节
民间艺术形式,类型,即兴演唱的四季歌、贺喜歌等山歌
竞技项目,包含内容,磨担秋/赛马/斗牛/拔河
特色药材资源,例举品种,民间草医和打不死
表演团体组织,性质,村民自发组建的山歌队与舞蹈队
代表性舞蹈作品,名称列表,《跌肩舞》《拖媳妇》《栽秧舞》《谈恋舞》
集体活动场所象征物,特定地点,寨子的大青树
服饰制作工序流程,步骤环节,纺线→织布→印染→刺绣
妇女服饰材质来源,主要用料,羊毛、麻
服饰主色调倾向,颜色选择,红色为主
图案设计元素构成,视觉符号体系,方块、线条
青年装饰偏好物品,典型配饰,花腰带、花包包
纹面习俗实施群体,目标人群,中老年妇女
纹面部位分布区域,身体位置,前额/上唇与鼻子之间/下颌
纹面图案形态特征,样式规范,黑色点状
纹面数量规则要求,数学特性,单数点数[三点、一点、七点]
建水洞经音乐,社会学特征,渗透在各阶层人民的社会生活中
建水洞经音乐,民族学特征,明代传入建水
建水洞经音乐,历史学特征,数百年历史
建水洞经音乐,符号学特征,一唱三拖的艺术形式
建水洞经音乐,美学特征,古朴典雅、文静和谐
建水洞经音乐,美学特征,气势宏大、韵律深沉
建水洞经音乐,符号学特征,经卷、礼、曲目整体保存完整
建水洞经音乐,民族学特征,保留引赞、陪赞、纠仪等礼仪传统
建水洞经音乐,历史学特征,使用洞经音乐祭祀孔子
建水洞经音乐,符号学特征,以儒家经典为主
建水洞经音乐,美学特征,曲调内容丰富
建水洞经音乐,符号学特征,谈、诵两部分皆用乐器伴奏
建水洞经音乐,民族学特征,多种传统乐器齐全
建水洞经音乐,历史学特征,入选云南省第四批省级非物质文化遗产代表性项目名录扩展项目名录
纳西族铜器制作技艺,技术来源,中原铜匠
纳西族铜器制作技艺,原料类型,紫铜原生铜
纳西族铜器制作技艺,原料类型,黄铜
纳西族铜器制作技艺,原料类型,青铜
纳西族铜器制作技艺,原料类型,白铜
纳西族铜器制作技艺,合金成分,锌
纳西族铜器制作技艺,合金成分,镍
纳西族铜器制作技艺,工序步骤,打制粗胚
纳西族铜器制作技艺,工序步骤,精细加工
纳西族铜器制作技艺,工序步骤,焊接
纳西族铜器制作技艺,工序步骤,锤击
纳西族铜器制作技艺,工序步骤,錾刻
纳西族铜器制作技艺,工序步骤,抛光
纳西族铜器制作技艺,工序步骤,点冷锤
纳西族铜器制作技艺,功能属性,日常生活用具
纳西族铜器制作技艺,产品类别,生产生活用品
纳西族铜器制作技艺,产品类别,工艺品
纳西族铜器制作技艺,工艺特点,纯手工制作
纳西族铜器制作技艺,工艺特点,成色好
纳西族铜器制作技艺,工艺特点,分量足
纳西族铜器制作技艺,工艺特点,品种多
纳西族铜器制作技艺,工艺特点,质地坚固耐用
纳西族铜器制作技艺,工艺特点,工艺精良
纳西族铜器制作技艺,工艺特点,图案精美
纳西族铜器制作技艺,工艺特点,外观锃亮
纳西族铜器制作技艺,工艺特点,富丽生辉
纳西族铜器制作技艺,研究价值,历史研究价值
纳西族铜器制作技艺,入选名录,云南省级非物质文化遗产代表性项目名录扩展项目名录
纳西族铜器制作技艺,代表性传承人,和积宽
纳西族铜器制作技艺,代表性传承人,和善均
纳西族铜器制作技艺,社会学特征,各族人民钟爱
纳西族铜器制作技艺,民族学特征,纳西族传统手工技艺
纳西族铜器制作技艺,历史学特征,与中原文化交流的活化石
纳西族铜器制作技艺,符号学特征,图案精美
纳西族铜器制作技艺,美学特征,外观锃亮富丽生辉
花腰彝族服饰,民族学特征,具有浓郁的民族特色和地域特色
花腰彝族服饰,历史学特征,历史悠久
花腰彝族服饰,符号学特征,每件绣片皆隐含一个故事或传说
花腰彝族服饰,美学特征,纹样丰富多彩色调层次分明
花腰彝族服饰,制作工艺,需经剪纸、刺绣、缝制几道工序
花腰彝族服饰,针法特点,以挑花技法为主
男装,色彩偏好,青年人喜穿浅色以黑、白、青色为主调
男装,装饰风格,花饰稍多
老年男装,色彩选择,喜欢深色以黑、青两面色为主
老年男装,风格特点,更严肃、庄重
妇女服饰,色彩特点,色彩丰富
女婴服饰,配饰特征,银饰较多
女婴服饰,色彩搭配,花饰色彩鲜艳常见黑底红花
幼女服饰,主色调,白色、粉红色为主调
幼女服饰,象征意义,表现女孩的童贞
花腰未婚女子服饰,基调色,大红、玫瑰红为基调
新娘服饰,标志性元素,花口索塔全身绣满鲜花
新娘服饰,重要标志,大红袖子
中年妇女服饰,主色调,粉蓝色为主
中年妇女服饰,寓意表达,表示成熟、端庄
老年妇女服饰,主色调,深蓝色、黑色为主
花腰彝族服饰,文化价值,隐含着花腰彝族人大量的历史文化信息
花腰彝族服饰,非遗认定,入选云南省级非物质文化遗产代表性项目名录扩展项目名录
花腰彝族服饰,传承人,普合妹
古城区洞经音乐,民族学特征,融合汉族与纳西族音乐元素
古城区洞经音乐,历史学特征,明、清之际传入的儒释道合流宗教性科仪音乐
古城区洞经音乐,符号学特征,使用苏古独、波伯及唐朝形制曲项琵琶等独特乐器
古城区洞经音乐,美学特征,汉族古典旋律雅韵与纳西民间风格融为一体的特殊流派
古城区洞经音乐,历史学特征,紧随汉文化传播浸入融合到丽江纳西族地区
古城区洞经音乐,符号学特征,频繁使用打击乐器构成奇特音乐效果
古城区洞经音乐,美学特征,综合性文化形态体现显要价值
古城区洞经音乐,社会学特征,洞经会/皇经会/乐会三类乐队组织形式
古城区洞经音乐,民族学特征,运弓方法和演奏技法的民族化创新
古城区洞经音乐,历史学特征,入选云南省第三批省级非物质文化遗产扩展项目名录
古城区洞经音乐,符号学特征,《关圣帝君觉世真经》《忠义经》《孝经》等代表性文本载体
古城区洞经音乐,美学特征,民间音乐、宫廷音乐与宗教音乐多元融合
金江号子,民族学特征,流传于绥江县境内
金江号子,历史学特征,金沙江航运史的重要历史见证
金江号子,符号学特征,引用古诗、评书和戏曲中的唱词
金江号子,美学特征,节奏粗犷豪迈、高亢雄壮
金江号子,社会学特征,因劳动作业的连续性形成联曲
金江号子,符号学特征,四句诗起头以评书或戏曲唱词续唱
金江号子,美学特征,高昂舒缓根据水流的湍急程度而变化
金江号子,社会学特征,经验丰富的号工则可即兴发挥自编自唱
金江号子,历史学特征,随着大帆船时代的逝去逐渐失去赖以生存的土壤
金江号子,符号学特征,被《云南省民间文学集成》《吟唱绥江》大量收录
金江号子,历史学特征,入选云南省第三批省级非物质文化遗产代表性项目名录
金江号子,社会学特征,项目代表性传承人是牟玉成
傣族传统武术,民族学特征,傣语称为整傣
傣族传统武术,历史学特征,先民模仿动物动作神态而发明
傣族传统武术,符号学特征,象脚鼓/铓/镲作为伴奏乐器
傣族传统武术,美学特征,动作与打击乐节奏协调一致
圆圈拳,傣语名称,整咩赖勐
绝招拳,傣语名称,整咩破
傣族传统武术,类型分类,拳术/器械/对练
拳术类,包含项目,四方拳/花拳/环绕拳/肘拳/防卫拳/圆圈拳/梅花坑/二十五路综合拳
器械类,包含项目,枪术/匕首/单刀/双刀/四棱铁/长短棍术
对练类,包含项目,单刀对双棍/双刀对棍/四闷拳对练/徒手对双刀
傣族传统武术,入选名录,云南省第三批省级非物质文化遗产代表性项目
项目代表性传承人,姓名,波温旺
栽秧会,社会学特征,调节社会关系
栽秧会,民族学特征,白族聚居村寨传统活动
栽秧会,历史学特征,传统稻作祭祀与生产结合
秧旗,符号学特征,象征五谷丰登
秧旗顶端彩扎升斗,符号学特征,农业信仰表征
栽秧会中的娱乐活动,美学特征,音乐节奏快慢起伏
插科打诨、嬉戏逗情,美学特征,诙谐喜庆氛围
关秧门仪式,历史学特征,谢水节祭祀传统
田家乐娱乐活动,民族学特征,酬谢水神龙王等神仙
秧官角色,社会学特征,民主协商推选产生
秧官职能,社会学特征,劳动协调与技术指导
集体栽插形式,社会学特征,换工互助机制
农业产业化发展,历史学特征,农用机械替代人工插秧
民俗文化简化,历史学特征,传统组织形式松散化
云南省非遗名录,历史学特征,第四批省级非物质文化遗产
宝翰轩字画装裱修复技艺,所属流派,滇派
宝翰轩字画装裱修复技艺,核心工艺过程,手工装裱
宝翰轩字画装裱修复技艺,核心工艺过程,镶覆
宝翰轩字画装裱修复技艺,适应因素,云南昆明地理气候特点
宝翰轩字画装裱修复技艺,材料特性,绫绢紧绷案面
宝翰轩字画装裱修复技艺,技术步骤,边展边托
宝翰轩字画装裱修复技艺,防虫防腐效果,不起皱不生虫不变形
宝翰轩字画装裱修复技艺,美学特征,颜色搭配协调雅致
宝翰轩字画装裱修复技艺,美学特征,干净平整
宝翰轩字画装裱修复技艺,美学特征,柔软结实
宝翰轩字画装裱修复技艺,市场挑战,原材料成本较高
宝翰轩字画装裱修复技艺,市场挑战,省外机制装裱低成本竞争
宝翰轩字画装裱修复技艺,保护状态,云南省第三批省级非物质文化遗产代表性项目名录
宝翰轩字画装裱修复技艺,代表性传承人,张志宏
宝翰轩字画装裱修复技艺,历史发展路径,继承传统手工修复技艺并创新
宝翰轩字画装裱修复技艺,符号学应用,圈档/上下隔水/天地头/惊燕/绫小边/通天小边
宝翰轩字画装裱修复技艺,民族学关联,云南地域文化适应性
羊皮舞,社会学特征,十几人至几十人的队伍组成
羊皮舞,民族学特征,彝族传统舞蹈
羊皮舞,历史学特征,普洱市景东县安定镇广为流传
羊皮舞,符号学特征,甩步/跺脚/跳步/转身
羊皮舞,符号学特征,两排或两个独立的圆圈队形
羊皮舞,美学特征,动作粗犷豪迈
羊皮舞,美学特征,节奏欢快热烈
羊皮舞,符号学特征,三弦/芦笙/竹笛为主要伴奏乐器
羊皮舞,社会学特征,打歌场可容纳上千人同时表演
羊皮舞,历史学特征,每月初四/十四/二十四组织活动
羊皮舞,历史学特征,春节/元宵节最为隆重
羊皮舞,社会学特征,群众自娱自乐大规模现场表演
羊皮舞,美学特征,适合舞台演出
羊皮舞,历史学特征,入选云南省第三批省级非物质文化遗产代表性项目名录
羊皮舞,民族学特征,项目代表性传承人是吴治东
羊皮舞,符号学特征,唱词内容祝贺新人相亲相爱/百年好合
羊皮舞,符号学特征,男女对唱情歌
草人舞,民族学特征,壮族土支系文化
草人舞,历史学特征,稻作传统
草人舞,符号学特征,动物头饰寓意
草人舞,美学特征,稻草服饰造型
龙头头饰,符号学特征,权威象征
蚂螂头头饰,符号学特征,驱邪祈福
牛角头饰,符号学特征,力量代表
犁道具,社会学特征,农耕生产工具
耙道具,社会学特征,土地整理器械
锄头道具,社会学特征,田间劳作标志
镰刀道具,社会学特征,收割季节符号
二胡伴奏,民族学特征,壮族音乐元素
三弦伴奏,民族学特征,地方特色乐器
鼓乐节奏,社会学特征,集体协作节拍
镲片声响,社会学特征,庆典氛围营造
包头饰化妆,美学特征,性别反串艺术
撒种妇女角色,社会学特征,劳动分工体现
打虎壮汉角色,社会学特征,尚武精神展示
新娘子造型,美学特征,婚俗审美表达
开年节时令,历史学特征,农事周期节点
属猪日选定,历史学特征,生肖纪年体系
四季节令关联,历史学特征,自然崇拜遗存
稻草编织技艺,民族学特征,就地取材智慧
丁王村传统民居建筑,类型,木楞房
木楞房结构特点,功能分区,上下两院
下院用途,包括,喂养家禽和牲口
非物质文化遗产资源,包含类别,传统歌舞/服饰
代表性歌舞,列举,《放猪调》《放羊调》《葫芦笙舞》《阔时调》《洗麻纱》
山歌演唱场景,对应类型,过节唱欢乐调/劳动时唱劳动调/嫁娶时唱媒人调、离娘调、母子调、过山调/丧葬时唱呢扒调
当地妇女服饰特征,主色调,黄、红、蓝、绿
服饰别称,称为,花傈僳
年度重要节日,名称,阔时节
阔时节日期,定于,农历十二月二十日
节日活动内容,包括,吹葫芦笙/打迎新/跳唱迎新歌/举行隆重仪式
保留传统技艺,列举,葫芦笙制作/灰粑制作/米酒制作
文化遗产项目,包含,傈僳族民间医药
传承群体,包括,歌舞类传承人/傈僳牧歌文化传承坊演出队/腊姑河村民小组演出队
政府认定荣誉,授予单位及称号,通达乡被文化部评为中国民间艺术之乡
政府认定荣誉,授予单位及称号,丁王村被丽江市评为通达丁王村傈僳花傈僳民族民间歌舞之乡
保护措施,实施方式,资金支持/整理出版非遗书籍
省级非遗名录,入选项目,丁王村傈僳族传统文化生态保护区
入选批次,归属,云南省第四批省级非物质文化遗产代表性项目名录
项目代表性传承人,姓名,蔡学珍
玉溪青花瓷,社会学特征,后继乏人亟待保护
玉溪青花瓷烧制技艺,社会学特征,入选云南省第三批省级非物质文化遗产代表性项目名录
玉溪青花瓷,民族学特征,使用当地天然原料
玉溪青花瓷,历史学特征,始烧制于元末明初
玉溪青花瓷,符号学特征,纹饰包含植物/动物/人物/文字/辅助纹饰
玉溪青花瓷,美学特征,胎色沉稳、青花深重、釉色青灰
玉溪青花瓷,符号学特征,器具分为生活用品和工艺品
玉溪青花瓷,符号学特征,代表器型为青釉玉壶春瓶
玉溪青花瓷工艺,社会学特征,拉坯/烧制等工序艰苦导致传承困难
阿卡巴拉舞,民族学特征,纳西族传统舞蹈
阿卡巴拉舞,历史学特征,歌颂纳西族神话英雄丁巴什罗除妖杀魔为人类带来平安吉祥
阿卡巴拉舞,符号学特征,劝谕人生、伦理道德以及教导世人与自然和谐相处
阿卡巴拉舞,美学特征,节奏动感欢快、曲调激昂丰富、歌词涉及纳西族的历史、文化、社会生产生活等方面
阿卡巴拉舞,传承方式,师徒传承、家族传承、村寨传承
阿卡巴拉舞,服饰特点,身着节日盛装
阿卡巴拉舞,动作特点,走、迈、跺、跳双臂前后甩动双膝屈伸踢脚拉手成圈随歌而舞
阿卡巴拉舞,表演形式,围成圆圈连臂踏歌
阿卡巴拉舞,入选名录,云南省第三批省级非物质文化遗产代表性项目名录
阿卡巴拉舞,代表性传承人,和尚芳、和德明
李文相,创办制茶作坊,清光绪二十六年
团茶制作技艺,入选项目,云南省第四批省级非物质文化遗产代表性项目名录
李明,担任角色,项目代表性传承人
团茶,历史文化地位,普洱茶历史文化中具有重要意义
原料采选工序,选用材料,优质古树大叶茶
杀青工序,关键要素,温度掌握
揉捻工序,关键技术点,轻重把握和着力方向
蒸压成型工序,关键控制因素,蒸制程度和模压力度
古茶树特征,生长状态描述,未经矮化树龄长
制作工具集合,包含物品,锅灶、衡器、甄子、布袋、内飞、石模、内包棉纸、外包装物、干燥架
团茶外形特征,命名由来,月饼形又名团茶
朱氏诊疗法,主药来源,宁蒗翠玉库脚山上新鲜药物
朱氏诊疗法,用药特点,多用单方少有配方
常见药物,包括,冬虫夏草
常见药物,包括,茯苓
常见药物,包括,雪茶
常见药物,包括,云黄连
常见药物,包括,珠子参
常见药物,包括,天麻
常见药物,包括,虫楼
常见药物,包括,贝母
常见药物,包括,白芨
常见药物,包括,石斛
常见药物,包括,辛荑
常见药物,包括,草乌
朱氏诊疗法,治疗基础,心理引导
朱氏诊疗法,主要手段,内服汤药
朱氏诊疗法,辅助设备,中药提速器
朱氏诊疗法,辅以方法,疏通经络秘方
朱氏诊疗法,辅以方法,行气血
朱氏诊疗法,辨证施治对象,患病部位
朱氏诊疗法,治疗病症,骨折
朱氏诊疗法,治疗病症,跌打损伤
朱氏诊疗法,治疗病症,骨质增生
朱氏诊疗法,治疗病症,腰椎间盘突出
朱氏诊疗法,优势特点,疗程短
朱氏诊疗法,优势特点,治愈率高
朱氏诊疗法,优势特点,病人痛苦少
朱氏诊疗法,优势特点,显著疗效
朱氏诊疗法,受推崇群体,傈僳族患者
朱氏诊疗法,文化价值,发展祖国民族医药多样性
制约因素,包括,外地药商频繁涌入收购药材
制约因素,包括,传统药用植物资源破坏
制约因素,包括,口传心授传承规则
制约因素,包括,民间秘方失传
宁蒗朱氏诊疗法,入选项目,云南省第三批省级非物质文化遗产代表性项目名录
项目代表性传承人,姓名,朱瑞林
吾母村,下辖单位类型,自然村/村民小组
保护区,森林覆盖率,达以上
吾母村,建村时间,北宋之前
吾母村,历史遗迹,殉情岩洞
吾母村,历史遗迹,培德桥
吾母村,建筑遗产类型,清代纳西族传统粮仓
吾母村,建筑遗产类型,民国时期纳西族传统粮仓
民居结构,主要材质,土木结构
民居形式,典型样式,四合五天井
民居形式,典型样式,三坊一照壁
民居形式,典型样式,前后院
民居形式,典型样式,一院两进
吾母村,非物质文化遗产类型,祭祀活动
祭祀对象,具体名称,祭天
祭祀对象,具体名称,祭水神
祭祀对象,具体名称,祭山神
祭祀对象,具体名称,祭战神
祭祀对象,具体名称,祭谷神
祭祀对象,具体名称,祭牧神
祭祀对象,具体名称,祭祖先
传统节日,具体名称,春节
传统节日,具体名称,三多节
传统节日,具体名称,清明节
传统节日,具体名称,端午节
传统节日,具体名称,火把节
传统节日,具体名称,牧人建丹节
传统节日,具体名称,中秋节
社会规范,具体形式,村规民约
知识体系,具体类型,纳西族天文历法
文字系统,具体类型,东巴文字
民间文学,代表作品,《祭天古歌》
民间文学,代表作品,《吾母的由来》
民间文学形式,具体类型,谚语
传统音乐类型,仪式场景应用,喂默达
传统音乐类型,仪式场景应用,哦热热
传统音乐类型,劳作场景应用,纳谷
传统音乐类型,劳作场景应用,谷气
传统音乐类型,劳作场景应用,啊丽里
传统音乐类型,劳作场景应用,劝牛调
传统音乐类型,劳作场景应用,栽秧调
传统舞蹈类型,具体名称,东巴舞
传统舞蹈类型,具体名称,葫芦笙锅庄舞
传统舞蹈类型,具体名称,笛子打跳
传统美术类型,具体名称,剪纸
传统美术类型,具体名称,纸扎
传统美术类型,具体名称,木雕
传统美术类型,具体名称,石雕
传统美术类型,具体名称,东巴画
传统技艺类型,具体名称,东巴造纸
传统技艺类型,具体名称,烧瓦
传统技艺类型,具体名称,竹编
传统技艺类型,具体名称,草编
传统技艺类型,具体名称,兽皮加工制作
传统技艺类型,具体名称,纺织
传统技艺类型,具体名称,铸铁
传统技艺类型,具体名称,颜料制作
传统技艺类型,具体名称,纳西族服饰制作
民间体育活动类型,具体名称,秋千
民间体育活动类型,具体名称,鲁喷即玩石头
民间体育活动类型,具体名称,斗牛
民间体育活动类型,具体名称,斗羊
纳西族服饰特征,文化属性,古雅淳朴
东巴服饰,文化象征意义,原始信仰体现
东巴服饰,文化象征意义,观念载体
东巴服饰,文化象征意义,想象物化形式
吾母村,文化地位认定,东巴祭祀仪式保存最完整村落
东巴文化传承协会成立时间,关联事件,组织老东巴传授知识
项目代表性传承人,具体人员,和继泉
红毡,所属地区,滇东北乌蒙山区
红毡,文化融合,中原汉民族与彝族
马树红毡制作技艺,属性,民间手工技艺
马树红毡,材料,纯羊毛
马树红毡,主色调,红色或绿色
马树红毡,辅助原料,优质面粉
制作工序,包括步骤,选优质羊毛/弹羊毛/铺羊毛/踩帘子/清洗毡子半成品/搓揉半成品/清洗/搓边/清洗/晾干
装饰工艺,使用材料,面浆与色浆
纹样特征,色彩对比,强烈
图案风格,特点,朴拙
画面主题,表达内容,热烈喜庆
传承原则,规则,传内不传外/传男不传女
品质优良原因,原材料,优质半细羊毛
传承代数,数量,十四代
非遗地位,入选名录,云南省级非物质文化遗产代表性项目名录扩展项目名录
项目代表性传承人,姓名,洪顺章
社会学特征,体现方面,民族文化融合
民族学特征,涉及族群,汉族与彝族
历史学特征,时间节点,东晋至今
符号学特征,元素类型,吉祥图案
彝族小豹子笙,社会学特征,青年男性舞者无女性参与
彝族小豹子笙,社会学特征,十一二岁儿童参跳
彝族小豹子笙,民族学特征,纳苏支系传统舞种
彝族小豹子笙,民族学特征,崇豹观体现
彝族小豹子笙,民族学特征,土主神与山神信仰体系
彝族小豹子笙,历史学特征,反映原始狩猎文化记忆
彝族小豹子笙,历史学特征,承载重大历史文化信息
彝族小豹子笙,符号学特征,身体绘豹纹象征灵神化身
彝族小豹子笙,符号学特征,粽叶遮面隐匿身份
彝族小豹子笙,符号学特征,棍棒作为法器道具
彝族小豹子笙,美学特征,粗犷古朴舞蹈风格
彝族小豹子笙,美学特征,跳踏步/颠步等多元步法组合
彝族小豹子笙,美学特征,锣鼓伴奏下的动态韵律美
彝族小豹子笙,社会学特征,双数人员参跳规则
彝族小豹子笙,社会学特征,逐户巡演祈福仪式
彝族小豹子笙,民族学特征,人与自然和谐发展观体现
彝族小豹子笙,历史学特征,入选云南省第四批省级非遗名录
彝族小豹子笙,符号学特征,“移蒙赖克余”彝语音译名称
彝族小豹子笙,美学特征,裸身彩绘造型艺术表现
施家,开设时间,清光绪年间
马关县,命名称号,中国民间艺术之乡
阿峨版画制作工序,包括步骤,选取木料/制木版/构思内容/画图/雕刻/印制或套色印制/装框
阿峨版画技法类型,分为,直接转写法/复写法
直接转写法,操作方式,将炭笔画稿压印在木版上
复写法,使用工具,复写纸描摹画稿至木版
阿峨版画艺术特点,表现手法,以刀代笔用刀作画
阿峨版画视觉效果,特征,黑白对比强烈
阿峨版画风格,兼具特点,古朴新颖且刀法粗犷又不乏细腻
阿峨版画题材内容,记录对象,壮族人民物质与文化生活
阿峨版画创作规模,作品数量,千余幅
阿峨版画收藏情况,被藏机构,云南省博物馆
阿峨新寨村,面临问题,现代化生活方式与传统文化冲突导致传承困难
阿峨壮族版画,入选名录,云南省第四批省级非物质文化遗产代表性项目名录
项目代表性传承人,姓名,卢正林
东莲花村,民族构成,回族
东莲花村,始建时期,明初
保护区植被树种,包括类型,华山松
保护区植被树种,包括类型,杂栎木
保护区植物资源,包括类型,龙竹
保护区植物资源,包括类型,慈竹
保护区地理位置,坐落于,红河支流米汤河畔
保护区地理特征,环境特点,三面环水
保护区社会属性,侨乡地位,云南省著名侨乡
历史地位,关联古道,茶马古道
历史角色,集散功能,百年马帮重要集散地
民居建筑形制,包含样式,三坊一照壁
民居建筑形制,包含样式,四合五天井
民居建筑形制,包含样式,走马转阁楼
民居建筑形制,包含样式,一门进两院
代表性建筑,典型实例,马家大院
宗教建筑特征,主体类型,清真寺
非物质文化遗产范畴,文化习俗覆盖领域,建房习俗
非物质文化遗产范畴,文化习俗覆盖领域,饮食习俗
非物质文化遗产范畴,文化习俗覆盖领域,节日庆典
重大节日名录,具体名称,古尔邦节
重大节日名录,具体名称,圣诞节
重大节日名录,具体名称,盖德尔夜
传统音乐关联性,相关领域,宗教
传统技艺分类,食品制作技艺代表,片片面
传统技艺分类,食品制作技艺代表,油香
传统技艺分类,食品制作技艺代表,树皮
传统技艺分类,食品制作技艺代表,馓子
传统技艺分类,食品制作技艺代表,乳扇
传统技艺分类,食品制作技艺代表,三道茶
手工技艺门类,具体类型,传统手工刺绣
工艺技术类别,金属加工技艺,银器加工技艺
工艺技术类别,金属装饰技艺,珐琅银饰加工技艺
医药知识体系,传统医学形式,草医草药
民间体育活动代表,特色项目,赛马
宗教信仰归属,信奉宗教,伊斯兰教
服饰特征(女性),典型装束,戴头巾、穿长袍
服饰特征(男性),典型装束,戴白色帽子
特殊仪式场合,穿衣仪式类型,阿文毕业典礼
规划编制单位,负责机构,同济大学
荣誉称号获得时间,获评年度,国家级历史文化名村
建设项目内容,基础设施项目,民族文化广场
建设项目内容,文化展示设施,滇西回族文化展览馆
保护措施实施内容,古民居保护行动,抢救性保护和维修
村落整治工程重点,风貌提升方向,村庄风貌整治
文化展示重点项目,主题开发内容,马帮文化展示
旅游发展方向,特色主题定位,特色旅游开发
生态建设目标导向,发展理念实践,和谐生态建设
非遗入选批次信息,名录批次编号,云南省第四批省级非物质文化遗产代表性项目名录
纳西族传统手工造纸技艺,民族学特征,纳西族代代相传
纳西族传统手工造纸技艺,历史学特征,古代书写重要契约及东巴经书的载体
东巴纸,符号学特征,瑞香科荛花属丽江荛花为原料
东巴纸特性,美学特征,坚实耐用吸水性强易书写不被虫蛀
东巴纸用途,符号学特征,书写经书/书法作品/绘画创作专用纸张
文化价值,历史学特征,古老造纸术活标本
文化载体功能,民族学特征,东巴文化重要载体
非遗地位,社会学特征,入选云南省级非物质文化遗产扩展项目名录
项目传承人,民族学特征,王福宝
小民福村,支系归属,彝族蒙化支系
建筑结构类型,采用,土木结构
传统建筑特点,包括,上七、下八上桩高七尺下桩高八尺
森林覆盖率,达,以上
自然景观资源,包含,双河温泉、二擦皮瀑布、亮洞森林保护区国家级自然保护区
村寨布局特征,建在,山腰上山顶是风水林、山下是耕地
宗教信仰对象,包括,山神、土主牌位
节庆活动类型,举行,祭茶祖、祭祖先活动
公共活动场所,建有,打歌场、陀螺场
传统仪式保存项目,包括,起房建屋、讨亲嫁娶
民间文学传承方式,依靠,口传心授
代表性民间文学作品,《山神送猪》)17.(民歌体裁分类,"分为,情歌、儿歌、叙事歌、谜语歌、节庆歌、贺喜歌、祭礼歌"
传统乐器种类,包括,彝族三弦、芦笙、彝族竹笛、大筒、过山号、唢呐、小钹、小鼓
典型舞蹈形式,以...为代表,跳菜和打歌
普及性舞蹈元素,老帮腔)21.(手工技艺门类,"包括,纺织、刺绣、竹编、榨香油"
特色饮食品种,有,东包肉、羊肉粉蒸、玉米面果、荞饼
文化传承机构,成立,保护区管理委员会
非遗传承设施,建立,传习所
入选名录名称,云南省第四批省级非物质文化遗产代表性项目名录)26.(代表性传承人,"包括,张德康、吴国富、张志华"
传统知识体系,沿用,传统天文历法、民间医药
《创世纪》,文学样式,诗体
《开天辟地》,汉文译名,《创世纪》
《洪水的故事》,汉文译名,《创世纪》
《天女下凡》,汉文译名,《创世纪》
《洪水冲天》,音乐形式,谷气调
《崇般颂》,使用场景,祭天仪式
《崇般图》,使用场景,祭风/祭署活动
《创世纪》,章节划分,《开天辟地》
《创世纪》,章节划分,《洪水滔天》
《创世纪》,章节划分,《迁徙人间》
《创世纪》,中心人物,崇忍利恩
《创世纪》,内容范畴,开天辟地
《创世纪》,内容范畴,人类起源
《创世纪》,内容范畴,先祖创业
《创世纪》,价值类型,历史价值
《创世纪》,价值类型,文学价值
《创世纪》,国际影响,英文译本
《创世纪》,国际影响,日文译本
《创世纪》,地位称谓,纳西族三大史诗
《创世纪》,关联作品,《黑白战争》
《创世纪》,关联作品,《鲁般鲁饶》
《创世纪》,非遗名录,云南省第三批省级非物质文化遗产代表性项目
《创世纪》,代表性传承人,和振伟
《创世纪》,仪式应用,祭署仪式
《创世纪》,表演形式,东巴经书吟诵
《创世纪》,表演形式,民歌手演唱
昭通清拳,包含,彭家拳
邹家拳,创始人,邹若衡
彭家拳,创始人,彭勤
邹家拳,特点,短小精悍
邹家拳,特点,刚猛
邹家拳,用途,实战技术为主
邹家拳,被列为,中国武术名拳之一
邹家拳,发力,有声
邹家拳,步伐,稳固
邹家拳,招式,磅礴
邹家拳,招式,刚猛逼人
邹家拳,拳种,虎尾鞭
邹家拳,拳种,双狮解带
邹家拳,拳种,六出七三
邹家拳,拳种,四门反挂
邹家拳,拳种,扭丝破四门
邹家拳,拳种,铁栅五封
邹家拳,拳种,六合连环
邹家拳,拳种,七星练步
邹家拳,拳种,九门铁栅
邹家拳,拳种,十面埋伏
邹家拳,器械,单刀
邹家拳,器械,短棍
邹家拳,器械,板凳
邹家拳,器械,朴刀
邹家拳,内功,虎灵功
邹家拳,内功,金刚劲功
邹家拳,内功,拍打功
彭家拳,套路特点,短小
彭家拳,结构特点,严谨
彭家拳,战术优势,四面迎敌
彭家拳,招式特点,激烈
彭家拳,动作特点,多变
彭家拳,拳种包含,十二连环手
彭家拳,拳种包含,十二连环拳
彭家拳,拳种包含,八大一掌劲
彭家拳,拳种包含,六字劲
彭家拳,手法,表
彭家拳,手法,搞
彭家拳,手法,盘
彭家拳,手法,挂
彭家拳,手法,宰
彭家拳,手法,剁
彭家拳,手法,炮
彭家拳,手法,封闭
彭家拳,手法,擒拿
彭家拳,腿法,扫趟
彭家拳,腿法,弹腿
昭通清拳,融合特点,融各家之长
昭通清拳,目的导向,以实战为目的
昭通清拳,兼具特性,观赏性
昭通清拳,兼具特性,表演性
昭通清拳,面临问题,许多绝技妙招濒临失传
昭通清拳,需求措施,传统套路需要重新整理
昭通清拳,需求措施,拳经义理需要进一步阐发
昭通清拳,入选项目,云南省第三批省级非物质文化遗产代表性项目名录
昭通清拳,项目代表性传承人,许明富
昭通清拳,项目代表性传承人,彭志飞
彭家拳传人,谭永林,演练双刀
屏边县,民族构成,单一苗族
芦笙,文化属性,苗族传统乐器
芦笙制作,所需知识领域,物理知识
芦笙别称,苗语名称,更
芦笙材料构成,主体材质,木头/竹子/树皮/铜
芦笙把制作材料,特定用途,木头
芦笙管制作材料,特定用途,竹子
捆绑固定材料,使用部位,树皮
发声部件材质,功能组件,铜制簧片
制作工艺特征,工序复杂度,高
制作要求,经验积累周期,长期
非遗项目名称,入选批次,云南省第四批省级非物质文化遗产代表性项目名录扩展项目名录
项目传承人,代表性人物,邓永明
文化功能定位,应用场景,娱乐活动
符号象征意义,社会角色,思想感情表达纽带
美学特征表现,视觉审美要素,外表光洁美观
声学品质特征,音质特点,纯正古朴悠远
龙应村,处于,老君山东麓
龙应村,坐落于,九河坝子最南端
龙应村,是,从滇西北入滇的必经之路
龙应村,古时连通,南诏国与吐蕃
龙应村,森林覆盖率为,高比例
龙应村植被,包括,云南松、冷杉、铁杉
龙应村,有保存完好的古迹,石拱桥七座
龙应村,有保存完好的古迹,木板桥一座
龙应村,有保存完好的古迹,龙王庙一座
龙应村,有保存完好的古迹,魁星阁三座
龙应村,有保存完好的古迹,祭天坛三座
龙应村,有保存完好的古迹,古井十二口
龙应村,有保存完好的古迹,南诏大理国时期火葬墓遗址两处
龙应村民居建筑,主要为,白族土木结构房屋
龙应村,集中连片保存完好的民居类型,三坊一照
龙应村,集中连片保存完好的民居类型,一正一面
龙应村,非遗资源富集,各类传承人众多
龙应村当地人,保留着,古老的白族传统婚丧嫁娶习俗
龙应村当地人,保留着,生育习俗
龙应村当地人,保留着,建房习俗
龙应村当地人,保留着,祭天仪式
龙应村当地人,保留着,栽秧会
龙应村当地人,保留着,龙神祭
龙应村当地人,保留着,阳日节庆
龙应村,拥有民间传说故事,《龙应村的传说》
龙应村,拥有民间传说故事,《三弦的传说》
龙应村,拥有民间传说故事,《唢呐的传说》
龙应村传统音乐,包括,白族民歌
龙应村传统音乐,包括,三弦弹唱
龙应村传统舞蹈,包括,白族霸王鞭
龙应村曲艺形式,包括,白族大本曲
龙应村传统美术,包括,白族刺绣
龙应村传统美术,包括,民居彩绘
龙应村传统美术,包括,白族木雕
龙应村传统美术,包括,白族石雕
龙应村传统美术,包括,竹编
龙应村传统技艺,包括,白族服饰制作
龙应村传统技艺,包括,民族特色食品制作
龙应村,拥有非物质文化遗产,白族民间医药
龙应村未婚女子头巾样式,被称为,“小白兔”
龙应村村民,依托发展产业,野生生态食品深加工
龙应村村民,依托发展产业,白族传统食品制作
龙应村村民,依托发展产业,白族传统服饰制作
龙应村村民,依托发展产业,白族传统木结构房屋建筑
龙应小学,开展活动,非物质文化遗产进校园
龙应小学学生,培养能力,弹奏龙头三弦
龙应小学学生,培养能力,唱白族民歌
龙应小学学生,培养能力,跳白族舞蹈
龙应村白族传统文化生态保护区,入选名录,云南省第四批省级非物质文化遗产代表性项目名录
龙应村项目代表性传承人,包括,王四合
龙应村项目代表性传承人,包括,李银禄
龙应村项目代表性传承人,包括,姚会龙
松坪傈僳族妇女服饰,构成部件,长衫/外褂/裙子/腰带/围腰/包头及配饰
松坪傈僳族服饰,主色调,青/蓝
火草麻布制作工艺,原料组合,野生火草与苎麻皮线合用
传统纺织工具,类型,原始木制纺织机
女装特征,结构特点,前短后长
女性头饰,镶嵌物材质,银/珠
定情信物,具体物品,腰带
丧葬习俗,特殊着装方式,男/女长装反穿作孝服
生死观体现,文化认知,生与死皆为大喜事
日常着装场景,服装类型,深色短装
节庆服饰特点,视觉特征,花样多且色彩鲜艳
老年服饰风格,色彩倾向,纯火草麻布原色
族群服饰差异对比项一,色彩运用特点,突出黑色/青色地位
族群服饰差异对比项二,头巾造型特征,立式方形
服饰图案符号学意义-方形,象征含义,安宁/稳固/和平/诚实可信
服饰图案符号学意义-圆形,象征含义,诚信/交流/完整/圆满团结和谐
服饰图案符号学意义-菱形,象征含义,福寿绵长/子孙万代
非遗保护状态,濒危原因,原料稀少且费时耗力
省级非遗名录,入选批次,云南省第四批扩展项目
项目代表性传承人,姓名名单,顾金英/朱桂英
昙华乡彝族传统文化生态保护区,民族构成,彝族人口占总人口比例高
昙华乡,地理特征,高海拔地区
昙华乡民居建筑,类型,垛木房/土木结构房
彝剧,艺术特性,集文学、音乐、舞蹈、美术于一体
彝剧,题材来源,当地生活
彝剧表演,服饰特征,穿彝装
彝剧表演,语言形式,唱彝调说彝语
《半夜羊叫》,作品类型,彝剧代表剧目
《咪依噜》,作品类型,彝剧代表剧目
《梅葛》,文化属性,彝族创世史诗
梅葛调,应用场景,祭祀/嫁娶/传达爱意/自娱自乐
过山调,音乐类别,民间小调
马缨花调,音乐类别,民间小调
定亲调,音乐类别,民间小调
请客调,音乐类别,民间小调
迎客调,音乐类别,民间小调
放羊调,音乐类别,民间小调
葫芦笙,乐器类型,典型民族乐器
唢呐,乐器类型,典型民族乐器
竹笛,乐器类型,典型民族乐器
大号,乐器类型,典型民族乐器
木叶,乐器类型,典型民族乐器
月琴,乐器类型,典型民族乐器
四弦胡,乐器类型,典型民族乐器
响蔑,乐器类型,典型民族乐器
插花节,文化属性,最具代表性传统节日
插花节功能,活动内容,展现民族风情/探研彝族文化/娱乐与文化交流
昙华彝族刺绣,工艺特点,做工精美色彩艳丽
彝族刺绣制品,具体品类,衣服/鞋子/包头/飘带/腰带/挎包
婚俗习俗,试婚方式,爬草楼
丧葬仪式,仪式特征,隆重举办
昙华寺,文化遗产类型,历史文化遗迹
高奣映石刻,文化遗产类型,历史文化遗迹
浮雕,文化遗产类型,历史文化遗迹
向天坟遗址,文化遗产类型,历史文化遗迹
大河新石器遗址,文化遗产类型,历史文化遗迹
项目代表性传承人,人员名单,张德荣/李学品/杞学亮
《晋宁州志》,记载内容,二月州城内外沿旧俗轮期迎佛驾车绕城自朔日至十日乃止以为祝国祈年之意
宝峰接佛习俗,起源地,宝峰铁锁村
阮皇帝化身,形态,有灵性的树桩
村民,行为,雕刻成佛像供奉在铁锁村大庙中
铁锁村,现象,年年丰收
宝峰坝子,现象,连年干旱
宝峰个村,活动时间,每年的正月初一至正月十六日
接佛活动,阶段划分,接佛、迎佛、供佛、送佛
村民对男佛称呼,称谓,大哥、二哥
村民对女佛称呼,称谓,大姐、二姐
四尊佛像,平时供奉地点,宝峰宝泉寺内
农历正月初一中午,事件,宝泉寺所在村子的长者烧香祭拜
首先接佛的村子,具体名称,铁锁村和双龙村
佛像搬运方式,工具,木轿
接佛巡游开道表演队伍,组成形式,秧佬鼓舞、花驴灯、花棍舞等
接佛路线安排,规则,两尊男佛走东线两尊女佛走西线
佛像巡行供奉原则,依据,大村子佛像供奉两天小村子供奉一天
每到一个村子,举行活动,相应仪式
接佛当天,家庭活动,大摆宴席
接佛当晚,村中活动,组织唱花灯、对调子、跳秧佬鼓等民间群众文艺演出活动
农历正月十六日,别称,四佛归殿日
男佛、女佛,汇合地点,宝泉寺路口
汇合后去向,地点,宝泉寺内
宝泉寺内,举行活动,为期三天的庙会活动
参与庙会游客来源地,范围,昆明、玉溪、峨山、易门、曲靖等地区
参与人数,规模,三万多
宝峰正月接佛习俗,特点,声势浩大仪式隆重持续时间长地域范围广参与人达三四万之多
宝峰正月接佛习俗,研究价值,研究滇池乃至云南汉族移民文化及其地方化的一个重要窗口
宝峰正月接佛习俗,荣誉,入选云南省第四批省级非物质文化遗产代表性项目名录
云南村,面积,平方千米
全村,户数,户人
彝族人口占比,超过,以上属彝族聂苏支系佬倵人
保护区,拥有,成片茶树林、核桃林
当地政府,启动,天然林保护工程
当地生态环境,呈现,有林在村中村在林中人在画中之誉
民居特色,保留,彝族特色土木结构
厨房、牲畜房,采用,垛木房
当地彝族,信仰,本主
民俗活动,包括,丧葬、婚俗、搭青棚、火把节、立夏会、农历七月十四、民间土主信仰
民间文学,包含,《天地起源的传说》《金蜂天子》《字文才与龙打老友》《佬倵机智人物的传说》
唢呐,可吹奏曲目数量,上千首
传统舞蹈,包括,彝族打歌、跳菜
传统美术,包括,纸扎、木雕、刺绣
纸扎内容,最具特色,纸制狮、象、鹿、马纸帛、纸伞、纸人
纸扎艺人,需通过,拜师学艺获得资格认证符文和印章
民族传统服饰,状态,保存完好独具特色
保护区,建有,广场和村民活动中心
设施配备,包括,图书室、非遗展示室
河南村彝族传统文化生态保护区,入选,云南省第四批省级非物质文化遗产代表性项目名录
项目代表性传承人,包括,字明、字应培、字石开、字雄、施四代、字明华、施正康、字桥翠、字阿柒
纳西族童谣,民族学特征,以纳西母语为载体
纳西族童谣,历史学特征,历代纳西族人口耳相传
纳西族童谣,符号学特征,语言的自然节奏和韵律
纳西族童谣,美学特征,注重智趣的交流、语言的和谐、词语的对仗
纳西族童谣,社会学特征,传统土壤已发生了改变
纳西族童谣,民族学特征,与母语教学、音乐教育、兴趣班学习等形式相结合
纳西族童谣,符号学特征,灵活安排句数运用句式、韵律、衬音、重复等手法
纳西族童谣,美学特征,表现风格为童谣的韵味和内容服务
纳西族童谣,社会学特征,入选第五批国家级非物质文化遗产代表性项目名录
复方薏仁汤,传入时间,咸丰年间
复方薏仁汤,传入地区,曲靖师宗
何桂珍,身份,咸丰皇帝的老师
何桂珍,结局,战死沙场
何桂珍,遗物内容,宫廷复方薏仁汤秘方及薏仁种子
何云严,与何桂珍关系,叔父
何云严,行为,保留秘方并赠予王连民
王连民,职业身份,游医
复方薏仁汤制作工艺,步骤一,除去皮壳及杂质筛去灰屑
复方薏仁汤制作工艺,步骤二,取麸皮撒入锅中用中火加热至冒烟时加入净薏仁炒至表面呈黄色微鼓起
复方薏仁汤制作工艺,步骤三,筛去麸皮得麸炒薏仁
复方薏仁汤制作工艺,步骤四,将莲子、山药、大枣、赤小豆等方药放入砂锅中加入适量水浸泡小时后加入麸炒薏仁
复方薏仁汤制作工艺,步骤五,用文火煎制小时左右取出汤剂冷却后即可服用
复方薏仁汤,功效一,润泽肌肤
复方薏仁汤,功效二,祛斑美容
复方薏仁汤,功效三,提高免疫力
复方薏仁汤,功效四,健脾
复方薏仁汤,功效五,清热
复方薏仁汤,功效六,利水
复方薏仁汤,功效七,祛风湿
复方薏仁汤制作技艺,入选名录,云南省第四批省级非物质文化遗产代表性项目名录
复方薏仁汤,代表性传承人,王志光
青稞酒酿制技艺,起源时间,唐文成公主远嫁吐蕃时期
青稞酒酿制技艺,规模化生产形成时间,宣统年间
阿拉因,藏语名称,青稞酒
琼,类型,低度青稞酒
酒曲,被视为,酒的魂
酒曲原料,包括,酒曲草/龙胆草/红景天/苦荞叶子/雪莲花/雪茶/青稞面
酿酒辅料,使用,酒酿
酒酿成分,包含,青稞/小麦/大麦/包谷/荞麦
青稞酒用途,应用于,逢年过节/结婚生子/迎送亲友
传统工艺限制因素,具有,原料采集季节性
技艺现状,面临问题,失传风险
保护状态,入选,云南省第三批省级非物质文化遗产代表性项目名录
项目代表性传承人,包括,王彬文/扎西拉姆
青稞酒口感特点,体现,醇厚/余味悠长
文化符号功能,作为,民族饮品象征
历史传承脉络,追溯至,唐代
生产工艺特征,包含环节,选料/清洗/浸泡/煮青稞/晾青稞/拌曲/发酵/蒸馏/勾兑
社会学特征,团结协作精神,搭桥过程
历史学特征,数百年来从未中断,搭桥节
美学特征,民族服饰展示,搭桥节活动
民族学特征,民族饮食文化内涵,搭桥节
历史学特征,入选省级非物质文化遗产,南美乡拉祜族搭桥节
符号学特征,献饭仪式,祭祀祈福
美学特征,集体行动流程设计,八个步骤仪式
苗族蜡染,民族学特征,苗族文化认同媒介
苗族蜡染,历史学特征,古代传统织染技艺
苗族蜡染,美学特征,对称均匀构图
个性化作品《芦笙舞》,社会学特征,劳动场景再现
个性化作品《织布图》,民族学特征,女性绩麻织布展示
苗族蜡染工具,社会学特征,家族代际传递
去蜡工艺,符号学特征,蜡熔痕迹意象
汉族题材图案,民族学特征,跨文化融合
彝族图腾元素,符号学特征,虎鹰造型象征
百褶裙应用,社会学特征,服饰民俗载体
居家装饰产品,美学特征,生活艺术化表达
苗族芦笙舞,民族学特征,华宁苗族文化符号
丧葬性芦笙舞,符号学特征,指路调/孝调/出门调/送神调等特定曲调
娱乐性芦笙舞,符号学特征,跨脚调/踏碓调/赶蚂蚁调/花山调等欢快曲调
芦笙舞动作体系,美学特征,敏捷灵活、刚健有力、欢快自如
板凳下腰/滚地笙/双腿蹬天/望家乡,美学特征,高难度技巧与艺术表现力
丧葬芦笙舞,社会学特征,围绕挂鼓松树和家中鼓正反向转三圈的仪式规范
娱乐性芦笙舞,民族学特征,吸收其他民族舞蹈元素的融合创新
探路步/上河滩/双踏浪,历史学特征,基础套路承载文化记忆
云南省第四批省级非遗名录,社会学特征,非物质文化遗产保护机制
康汝贵、陶文兴,民族学特征,项目代表性传承人身份认同
云南无敌制药有限责任公司,荣誉评定,中华老字号
云南无敌制药有限责任公司,荣誉评定,云南老字号企业
王子荣,编纂著作,《增补云南本草》
《增补云南本草》,收录内容,药材种
王子荣,创编疗法,云南无敌治骨疗法
王子荣,配制药品,王子荣无敌丹
王子荣,配制药品,王子荣无敌膏
无敌丹胶囊,获得证书,国家中药保护品种证书
无敌止痛搽剂,获得证书,国家中药保护品种证书
外用无敌膏,获得证书,国家中药保护品种证书
云南无敌治骨疗法,入选项目,云南省第三批省级非物质文化遗产代表性项目名录
云南无敌治骨疗法中医馆,突破传统,祖传技艺不外传的保守思想
云南无敌治骨疗法中医馆,培养对象,无敌治骨疗法技艺的后备人才
云南无敌治骨疗法,传承起点,王屺
云南无敌治骨系列药品,炮制工艺,不断完善
哈尼族腊猪脚,食材特点,青草野菜主食
哈尼族腊猪脚,肉质特征,四肢发达肌肉结实饱满
哈尼族腊猪脚,营养结构,瘦肉率高
腌制工艺,使用调料,草果/花椒/盐/八角/辣椒/姜/酒
腌制工艺,操作方法,捋动猪腿使肌肉舒展
发酵环境,容器类型,大缸密封
熏制燃料,优选材料,柏枝/松柴
成品标准,外观特征,肉皮焦黄肥肉透明
烹饪流程,预处理步骤,温水浸泡撑展
烹饪方式,火候控制,柴火烧透刮洗
调味辅料,增味材料,红豆或豆壳
蘸水配方,植物原料,薄荷/香椿/葱花/香草/芫荽
技艺传承,代表性人物,杨金福
饮食符号,悬挂方式,竹竿草绳串挂火塘上方
空间符号,熏制场所,农家火塘吊架
时间符号,制作周期,半月至一月熏烘期
将军,率领士兵挖掘,西门大板井
西门大板井水,制作,西门豆腐
熬浆过程,特点,不提取豆腐皮留住大豆油脂
点豆腐,关键环节,用发酵过的酸浆水掺入
酸浆水用量,决定因素,经验
成品豆腐,加工步骤,压制去除部分水分撒盐翻晒
建水西门豆腐,口感特点,细滑鲜嫩腻软松香
西门豆腐,常见烹饪方法,烧烤
曾氏豆腐作坊,传承代数,五代以上
邰记豆腐作坊,传承代数,五代以上
建水人家习俗,时间,腊月二十四做豆腐储存过年
建水西门豆腐制作技艺,入选项目,云南省第四批省级非物质文化遗产代表性项目名录
彝族关龙调,社会学特征,以村为单位组成唱班
彝族关龙调,社会学特征,主人家关起堂屋门分内外两伙对唱
彝族关龙调,社会学特征,赢方视为贵客可自由出入
彝族关龙调,社会学特征,输方需对方允许或退场回家
彝族关龙调,民族学特征,俐侎人使用俐侎方言演唱
彝族关龙调,民族学特征,各支系用汉语方言演唱
彝族关龙调,民族学特征,增进民族感情促进民族团结
彝族关龙调,历史学特征,唱词包含历史内容
彝族关龙调,历史学特征,入选云南省第四批省级非物质文化遗产代表性项目名录
彝族关龙调,符号学特征,固定从龙唱起得名“关龙调”
彝族关龙调,符号学特征,七字句每两句押韵
彝族关龙调,符号学特征,每八句形成四问四答完整段落
彝族关龙调,美学特征,演唱轻快内容诙谐通俗
彝族关龙调,美学特征,即兴发挥可持续演唱
上沧村,依建环境,上沧湖水
上沧村,气候条件,独特
民间传说,关联对象,南诏大理国时期专门的酿酒存户
明代,出现事物,许多专门以酿酒为业的家庭酿酒作坊
百姓,称呼产品,上沧酒
上沧酒,主要原料,玉米和大麦
上沧酒,辅助材料,野生植物和中草药制成的酿酒曲
工艺流程,包括步骤,泡粮、蒸煮、晾原料、投曲、培菌糖化、配糟、发酵、蒸馏
泡粮池,用途,用清水冲洗粮食并用温水浸泡原料
蒸煮过程,操作方式,每隔分钟人工搅拌一次使原料开裂
晾床,功能要求,边出料边吹风使温度均衡
酒曲投放,考量因素,夏天与冬天室内温度不同导致数量和标准区别
培菌糖化,时间范围,"小时;温度控制,摄氏度"
配糟,使用要求,当天的鲜糟且人工降温至特定温度后收拢装瓶混合均匀入罐
上沧酒,口感特点,干冽清爽入口绵甜
年,入选项目,云南省第四批省级非物质文化遗产代表性项目名录扩展项目名录
项目代表性传承人,姓名,杨锡雄
绥江竹编,社会学特征,广泛的群众基础
绥江竹编,社会学特征,各乡镇有代表性传承人
绥江竹编,民族学特征,与民众生活密不可分
绥江竹编,历史学特征,历史悠久
绥江竹编,美学特征,美观大方实用
竹编画,符号学特征,《隐形观音》《百寿有鱼》《云南十八怪》等代表作
绥江竹编,符号学特征,挑、压、破、提等编制手法
袁朝秀,角色,项目代表性传承人
羊皮鼓舞,社会学特征,参与人数六至几十人不等
羊皮鼓舞,民族学特征,彝族祭祀性舞蹈
羊皮鼓舞,民族学特征,丧葬活动传统仪式
羊皮鼓舞,民族学特征,反映对自然界的认知理解
羊皮鼓舞,历史学特征,由丧葬礼俗向娱乐舞蹈转变
羊皮鼓舞,历史学特征,入选省级非遗扩展名录
羊皮鼓舞,符号学特征,以羊皮鼓为主要伴奏乐器
羊皮鼓舞,符号学特征,用树叶棕叶装扮成猴子模样
羊皮鼓舞,符号学特征,动作模仿猴子形态驱邪祈福
羊皮鼓舞,美学特征,逗趣形象逼真的舞蹈动作
羊皮鼓舞,美学特征,包含路钱吃炒豆等生活化动作元素
羊皮鼓舞,美学特征,围棺而舞的空间构图形式
施金林,项目代表性传承人,丘北县彝族羊皮鼓舞
阿数瑟,文化交融背景,中原传统文化、边疆少数民族文化和边境多元文化相互交融
阿数瑟,应用场景,婚丧嫁娶
阿数瑟,应用场景,农闲
阿数瑟,应用场景,节庆
阿数瑟,伴奏乐器,三弦
阿数瑟,伴奏乐器,芦笙
阿数瑟,伴奏乐器,笛子
阿数瑟,舞蹈套路,大直歌
阿数瑟,舞蹈套路,窜山小狗
阿数瑟,舞蹈套路,丰收歌
阿数瑟,舞蹈套路,倒折歌
阿数瑟,音乐曲调类型,硬调
阿数瑟,音乐曲调类型,三和弦
阿数瑟,歌词内容主题,天文地理
阿数瑟,歌词内容主题,男女情爱
阿数瑟,歌词内容主题,时事政治
阿数瑟,表演形式,众人随着三弦的旋律围成圆圈边唱边跳
阿数瑟,结束方式,一起合唱阿数瑟呢瞧着罗细瑟呢甩着
阿数瑟,艺术特征,诙谐幽默
阿数瑟,文化价值属性,艺术观赏性
阿数瑟,美誉称号,飘荡在茶马古道上的天籁之音
阿数瑟,社会功能,对外文化交流纽带作用
阿数瑟,社会功能,促进民族团结
阿数瑟,研究意义领域,边地文化研究
阿数瑟,非遗级别,云南省第三批省级非物质文化遗产代表性项目名录
阿数瑟,代表性传承人,罗文军
彝族阿卡舞,舞蹈类型,男女混合的集体舞蹈
彝族阿卡舞,领舞者角色,总领并突出高难度舞步
彝族阿卡舞,节奏控制方式,吹奏葫芦笙引领统一
彝族阿卡舞,调式体系,五声徵调式
彝族阿卡舞,结构段落划分,直歌、半翻歌、全翻歌、跳菜舞、三跺脚、蒙化调
彝族阿卡舞,文化功能场景,喜庆佳节/乔迁/嫁娶
彝族阿卡舞,哲学观念体现,感恩自然、回馈自然、万物有灵
彝族阿卡舞,非遗地位认定,云南省第四批省级非物质文化遗产代表性项目
彝族阿卡舞,代表性传承人,阿发昌
彝族阿卡舞,内容主题倾向,深刻形象且具浓厚乡土气息
彝族阿卡舞,身体动律特点,闪转灵活敏捷似长龙腾跃
盈江县,最多傈僳族聚居地,苏典傈僳族乡
傈僳族,习惯种植,禾麻
禾麻,加工成,麻衣/麻被/麻口袋
禾麻,傈僳语名称,集
古代中国,主要衣着原料(无棉花时期),禾麻
傈僳族女装,组成部件数量,十多种
傈僳族女装,制作工艺,手工绣制
绣法类型,包括,平绣/辫绣/绉绣/绒绣
布料颜色,使用,白/红/黄/蓝/绿/紫/黑
长衣特征,围腰过膝且五色面料拼绣)13.(包巾样式,蝶形并留尾须系料珠银泡
项珠链材质,玛瑙/琥珀/银/玉器)15.(小腿装饰,彩布黑边脚套
男装风格,简洁明快青黑色调)17.(男裤特点,大裆裤长及膝红白线绣边
披褂结构,黑蓝布块拼贴)19.(腰带类型,宽腰带/五彩腰带
已婚男子服饰,加黑色短褂)21.(头饰特征,青黑大包布裹头
服饰艺术效果,色差对比与间色运用)24.(文化象征,边疆民族经济文化交流融合
研究价值,边疆民族发展演变活化石)26.(现状变化,日常着时装仅仪式场合穿传统服饰
工艺传承困境,年轻人不愿学习制作繁杂工序)28.(传承人群体,年龄偏大的村中老人
代表性传承人,"麻有兰/余兴梅/曹光彩)
1.(雨露白族正月灯会","社会学特征,家族传承与师徒相传结合"
雨露白族正月灯会,社会学特征,集体活动中相互学习切磋技艺
雨露白族正月灯会,民族学特征,白语演唱传统剧目
雨露白族正月灯会,民族学特征,保留跪迎高亲和接姑奶奶习俗
雨露白族正月灯会,历史学特征,清光绪《镇南州志略》记载土主会
雨露白族正月灯会,历史学特征,每年正月初八举办源于土主诞辰庆典
雨露白族正月灯会,符号学特征,松针铺路寓意迎接吉祥
雨露白族正月灯会,符号学特征,绕村巡游预示风调雨顺
雨露白族正月灯会,美学特征,舞狮子与耍大刀表演
雨露白族正月灯会,美学特征,白族传统古装灯戏剧目
雨露白族正月灯会,美学特征,多乐器伴奏体系含锣鼓/二胡/三弦
金竹舞,民族学特征,彝族叟人支系
金竹舞,历史学特征,展示古人生产劳作场景
金竹舞,历史学特征,演示特定历史事件
金竹舞,符号学特征,白毛巾
金竹舞,符号学特征,逆时针方向行进
金竹舞,美学特征,原始古朴而简练大方自然
金竹舞,美学特征,叙事写实性强
金竹舞,美学特征,情感真挚热情奔放
金竹舞,民族学特征,岁时历法
金竹舞,民族学特征,民族源流
金竹舞,民族学特征,音乐文学
金竹舞,民族学特征,服饰美学
金竹舞,符号学特征,葫芦笙
金竹舞,符号学特征,牛皮鼓
金竹舞,符号学特征,平面锣
金竹舞,符号学特征,牛角伴奏
金竹舞,历史学特征,云南省第三批省级非物质文化遗产代表性项目名录
蓝靛瑶,度戒年龄范围,十至岁之间
大板瑶,度戒时间,婚后
度戒仪式主持人,身份,德高望重的道公和师公
蓝靛瑶支系度戒程序,包括环节,吃斋修炼
蓝靛瑶支系度戒程序,包括环节,开坛请诸神入香位
蓝靛瑶支系度戒程序,包括环节,占卜选神帅
蓝靛瑶支系度戒程序,包括环节,师公带领活动
蓝靛瑶支系度戒程序,包括环节,道公带领活动
蓝靛瑶支系度戒程序,包括环节,云台降生仪式
蓝靛瑶支系度戒程序,包括环节,十问十答仪式
大板瑶度戒程序,包括环节,净身修炼
大板瑶度戒程序,包括环节,开坛请神
大板瑶度戒程序,包括环节,过斋门
大板瑶度戒程序,包括环节,挂七星灯
大板瑶度戒程序,包括环节,传法授印
大板瑶度戒程序,包括环节,订立阴阳合同
两广传入的道教经书,整理者,富宁瑶族智者
系统化的文本名称,称谓,瑶书
洞波乡,文化特征,度戒习俗保留完整
大板瑶与蓝靛瑶度戒,共同依据,瑶书所记流程
受戒人被授予内容,具体条目,十戒
道德行为戒律体现教义,包括观念,敬天法祖
道德行为戒律体现教义,包括观念,忠孝节义
道德行为戒律体现教义,包括观念,仁爱诚信
道德行为戒律体现教义,包括观念,济世渡人
大板瑶度戒内容特色,纳入条款,夫妻永世相守
大板瑶度戒内容特色,纳入条款,不离不弃
瑶族道德培养方式特点,发展特征,与时俱进
度戒的社会作用,促进效果,家庭和睦
度戒的社会作用,促进效果,民族团结
度戒的社会作用,促进效果,边疆稳定
富宁瑶族度戒,政策关联,非遗保护政策实践
富宁瑶族度戒,文化价值,提升边疆民族文化软实力
瑶族度戒宗旨目的,核心目标,让受戒人经历考验
瑶族度戒宗旨目的,实施方式,接受训戒条文
瑶族度戒仪式象征意义,表现形式,死亡和复活仪式
经过度戒的男子社会功能意义,作为窗口,了解瑶族社会伦理道德
经过度戒的男子社会功能意义,作为窗口,了解瑶族宗教观念
年富宁瑶族度戒,荣誉认定,云南省第四批省级非物质文化遗产代表性项目名录
年富宁瑶族度戒项目,代表性传承人,熊建文
华宁县竹编技艺,融合,中原文化
华宁县竹编技艺,融合,云南多元民族文化
华宁竹编,促进,民族团结
华宁竹编,推动,和谐社会构建
《黎县志》,记载,清咸丰四年华溪斗笠创始人赴建水学习
周志、豆诚、张俊、张庆,身份,华溪斗笠创始人
华宁竹编品种,包括,斗笠/簸箕/竹篮/竹兜/谷箩/背箩/背篮/竹筛/筲箕/鱼箩/果篮/提箩/米筛/箩筐/土箕/针线盒/花篮/鸟笼/竹毯/竹编玩具
竹编制作流程,包括,劈篾/刮篾/划篾/磨光/编结
篾皮,用途,编制精细竹器及花纹图案
二篾,用途,编制器物骨架
竹心,处理方式,一般不用
破篾和拉篾,主要执行者,男子
编织工作,主要执行者,女子
华宁竹编特点,包括,结构紧密/结实耐用/美观精细/雅致大方/透气环保
社会需求减少,导致,竹子种植面积缩减
耗时长、成本高,制约,竹编制品产量与销量
技术人才流失,原因,产量销量下降与社会需求减少
华宁竹编,入选,云南省第四批省级非物质文化遗产代表性项目名录
张文华,身份,项目代表性传承人
大过口乡,民族构成,彝族占多数其他为汉族
大过口乡境内最高峰,名称,白竹山
白竹山,海拔,米
大过口乡最低处,名称,马龙河
大过口乡经济林木,包括,泡核桃、茶树、梨树
大过口乡,留存建筑,明代建的大方广寺
大过口乡,留存建筑,高僧学蕴和尚灵塔及碑刻
当地信仰,包括,土主崇拜和毕摩祭祀
当地习俗,涉及方面,起房盖屋、讨亲嫁娶、丧葬、起居
歌舞形式,包括,大三弦舞、葫芦笙舞、羊皮鼓舞、左脚舞
音乐类型,包括,酒歌
民族曲艺,包括,阿苏嗻、说唱青棚调
传统乐器,包括,大三弦、笛噜、小闷笛、响篾口弦、月琴、大号、筒子、羊皮鼓、小二胡、师刀、羊角号、牛角号
文化功能,用于,社会交往、感情交流
大过口乡定位,描述,楚雄市民族民间传统文化保存最完好的彝族聚居乡镇
保护措施,包括,成立非物质文化遗产保护传习所
教育机构参与,案例,大过口乡中心完小常年坚持开展民族歌舞传承活动
荣誉入选,项目,云南省第三批省级非物质文化遗产代表性项目名录
元阳那里傣族土陶制作技艺,民族归属,傣族
元阳那里傣族土陶制作技艺,工艺类型,泥条盘筑慢轮制陶
元阳那里傣族土陶制作技艺,传承习俗,传女不传男
元阳那里傣族土陶制作技艺,家庭传承模式,母女、婆媳相传
元阳那里傣族土陶制作技艺,使用工具,木板/木锤/竹片/卵石
元阳那里傣族土陶制作技艺,原料来源,本村特有的黑褐色杂土(土陶土
元阳那里傣族土陶制作技艺,工艺流程步骤,采土/碎土/和泥/拉坯成型/印花/风干/烧制
元阳那里傣族土陶制作技艺,典型造型特征,罐形变体带小圈足
元阳那里傣族土陶制作技艺,形制分类,高低/敞口/大口/小口之分
元阳那里傣族土陶制作技艺,功能设计,两侧系耳带流
元阳那里傣族土陶制作技艺,纹饰题材,现实生活中的花卉/枝叶/蔓藤
元阳那里傣族土陶制作技艺,艺术风格,古老独特的民族风格
元阳那里傣族土陶制作技艺,表面处理方式,不上釉保留土红色
元阳那里傣族土陶制作技艺,产品种类,锅/碗/水杯/水壶/盘/罐等十余种
元阳那里傣族土陶制作技艺,应用领域,日常生活各个方面
元阳那里傣族土陶制作技艺,保护现状,入选云南省第四批省级非物质文化遗产代表性项目名录扩展项目名录
元阳那里傣族土陶制作技艺,项目代表性传承人,李秀芬
元阳那里傣族土陶制作技艺,历史特征,保留原始制陶工艺历史悠久
阿勒古歌,民族学特征,纳西族创业史
阿勒古歌,历史学特征,火把节传统
阿勒古歌,符号学特征,古纳西语使用
阿勒古歌,美学特征,优美婉转有力的曲调
仓巴表演,社会学特征,男女对唱形式
仓巴表演,民族学特征,人物装扮特色
仓巴表演,历史学特征,接/跳/送阿勒三部分结构
仓巴表演,美学特征,错落有致的歌词韵律
纳西族,社会学特征,集体祭祀活动
纳西族,民族学特征,语言文化传承
纳西族,历史学特征,开荒建庄叙事
纳西族,符号学特征,固定演唱格式
纳西族,美学特征,即兴创作艺术
木逢春,代表性传承人,阿勒古歌
云南省第三批省级非物质文化遗产,入选项目,阿勒古歌
沧源佤族农耕文化,主要特征,保留农耕习俗
沧源佤族农耕文化,主要特征,整个农耕过程都离不开传统祭祀
沧源佤族农耕文化,主要特征,农耕过程中相伴而产生的一些歌舞衍生出许多深厚的文化内涵
佤族农耕习俗,发源于,莫玛点播文化
定耕,是,佤族农耕文化的主线
整个农耕过程,贯穿着,传统祭祀
佤族各类文化,派生自,定耕这条主线
莫玛点播,具有特色,最有特色
叫谷魂,具有神秘感,最有神秘感
拉木桥,具有凝聚力,最有凝聚力
新米节,特点,最快乐
佤族农耕习俗,包括,春播、夏管、秋收和冬藏
佤族农耕习俗,蕴含着,佤族先民的智慧和图腾崇拜
佤族农耕习俗,反映了,佤族社会的生产力和社会发展水平
佤族农耕习俗,是一部,佤族民族史、社会史、文化史
农耕器具,现状,损失严重很多器具已经消失
生产方式,改变导致,农耕习俗也随着发生改变
传统农耕习俗的祭祀活动,现状,渐渐淡化
佤族农耕习俗,入选,云南省第四批省级非物质文化遗产代表性项目名录
宁蒗彝族擀毡技艺,历史学特征,生产历史悠久
宁蒗彝族擀毡技艺,符号学特征,披毡类型：伙波/瓦拉/袈什
宁蒗彝族擀毡技艺,美学特征,形状略呈梯形上窄下宽
宁蒗彝族擀毡制品,社会学特征,婚嫁时的礼服和过世必备服装
宁蒗彝族擀毡制品,民族学特征,终年放养绵羊
宁蒗彝族擀毡制品,历史学特征,入选云南省第四批省级非物质文化遗产代表性项目名录扩展项目名录
宁蒗彝族擀毡制品,符号学特征,垫毡/披毡/背毡功能区分
宁蒗彝族擀毡制品,美学特征,结实、防潮、防湿经久耐用
剪羊毛习俗,社会学特征,属虎/属猴/属羊等日子禁忌操作
披毡用途,民族学特征,野外放牧防寒防雨
背毡设计,社会学特征,正背小孩用
擀制工序,历史学特征,全手工制作工艺简单
原料来源,民族学特征,粗短型绵羊毛每年可剪三次
定型技术,符号学特征,细竹竿反复搓揉增强结实度
传承人体系,社会学特征,杨军、折拉毛为项目代表性传承人
文化变迁现象,历史学特征,现代生活水平提高导致使用减少
苗族服饰代表,地点,鲁甸县水磨镇
苗族服饰构成元素,包括,上衣、披肩、裤裙、腰带、绑腿
苗族服饰历史记载,来源,《后汉书》
盘瓠子孙特征,描述,织绩木皮染以草实好五色衣服裁制皆有尾形
五色定义,包含颜色,红、白、黑、黄、绿
尾形特征,体现于,花衣精美的背牌吊穗及宽大甩尾的披肩
妇女裙子红色三条线象征意义,代表,黄河、长江、家园
男子盛装象征意义,源于,远古祖先蚩尤战袍
披肩大袖方形图案象征意义,代表,苗族曾经的城池田园
苗族服饰质地材料,使用,麻布
麻布制作工艺过程,包括步骤,种麻、剥麻、煮麻、绩麻、织布
服饰加工工艺,涉及技术,刺绣、编织、裁剪
花苗支系婚嫁习俗,要求穿戴,艳丽夺目的盛装
丧葬场合着装规定,限制为,生活便装或一般装束颜色不鲜艳显眼
节庆接见贵客着装规范,要求穿,盛装
中老年长辈着装偏好,主色调,白色或其他浅淡色
苗族服饰功能作用,具有,民俗礼仪、社会教化、秩序维护
苗族传统服装现状,仅在特定时间穿戴,花山节等传统节日
传统服饰制作技艺困境,面临问题,后继无人绝境
保护传承状态,入选项目,云南省第四批省级非物质文化遗产代表性项目名录扩展项目名录
项目代表性传承人,指定为,刘忠英
永仁县彝族器乐,包括乐器,二胡
永仁县彝族器乐,包括乐器,四弦胡
永仁县彝族器乐,包括乐器,京胡
永仁县彝族器乐,包括乐器,笛子
永仁县彝族器乐,包括乐器,月琴
永仁县彝族器乐,包括乐器,哔噜
永仁县彝族器乐,包括乐器,响篾
永仁县彝族器乐,包括乐器,唢呐
永仁县彝族器乐,包括乐器,大号
永仁县彝族器乐,包括乐器,独片响篾
永仁县彝族器乐,包括乐器,大鼓
永仁县彝族器乐,包括乐器,小鼓
永仁县彝族器乐,包括乐器,大片镲
永仁县彝族器乐,包括乐器,小片镲
永仁县彝族器乐,包括乐器,木鱼
阿朵所村彝族器乐演奏乐队,活动范围,永仁县各彝族村寨红白喜事
阿朵所村彝族器乐演奏乐队,受邀演出地区,攀枝花
阿朵所村彝族器乐演奏乐队,受邀演出地区,会理
阿朵所村彝族器乐演奏乐队,受邀演出地区,华坪
永仁县文化部门,牵头行动,搜集民族民间音乐资料
永仁县彝族器乐,入选项目,云南省第三批省级非物质文化遗产代表性项目名录
彝族赛装节,文化功能,承载器乐历史演变
器乐曲谱,保存形式,演出光盘多套
民族民间歌曲,搜集数量,多首
舞蹈音乐,搜集数量,余首
器乐曲,搜集数量,余首
彝剧剧本曲谱,保存单位,篇
场景演奏记录,保存场次,余场次
纳西族驯鹰习俗,历史学特征,南迁至金沙江流域数千年
纳西族驯鹰习俗,符号学特征,对鹰的崇拜与神化
纳西族驯鹰习俗,美学特征,颂扬鹰的品格体态精神
猎犬-人-鹰协作体系,社会学特征,三者分工合作贯穿狩猎过程
一年一驯一放制度,社会学特征,遵循自然资源永续思想
三月放归自然仪式,民族学特征,承载文化记忆与传承
驯鹰技艺系统,历史学特征,捕鹰/驯化/鹰猎完整链条
现代演变形态,社会学特征,从生产性转向娱乐健身功能
非物质文化遗产认定,符号学特征,云南省第四批省级名录标识
传承人群体构成,民族学特征,李实/和跃根等八位代表性传承人
言传身教机制,教育学特征,传统知识代际传递模式
地形适应策略,历史学特征,结合横断山区地貌特征实践
生存改善效应,社会学特征,扩大生产范围提升生活品质
彝族服饰,作为,彝族民族特征的外在标识
富宁县彝族倮支系,自称,孟巴
富宁县彝族倮支系,他称,倮倮
富宁县彝族倮支系,被认定为,彝族
富宁县彝族服饰,主要分布于,文山州富宁县
富宁县彝族,主要居住于,富宁县城西南部山区
富宁县彝族,少数居住于,坝区
富宁县彝族服饰,属,彝族服饰中的滇东南系列文西式类型
富宁县彝族服饰,按照款式和工艺分为,白彝服饰、高裤脚白彝服饰、百花彝服饰、黑彝服饰和花彝服饰个亚类
白彝服饰,是,富宁县彝族服饰典型和代表
富宁县彝族服饰,具有,较高的传承和保护价值
富宁县彝族服饰的图案和传说,是探索,本民族族源、迁徙、重大历史事件的民族记忆
高脚裤白彝服饰传说,记录着,古代战争印记
蜡染荞花,铭记着,荞子的救命之恩
龙纹、龙花、龙鳞纹,反映了,彝族婚姻传说
大量的蜡染铜鼓纹,是,穿在身上的铜鼓文化
富宁县彝族服饰制作,集,纺织、印染、刺绣和拼贴等工艺于一体
富宁县彝族服饰的蜡染技艺,具有,科学价值
富宁县彝族服饰,材质地道,款式别具一格
富宁县彝族服饰,做工精细,堪称民族服饰工艺典范
富宁县彝族服饰,具有,极高的审美价值和欣赏价值
富宁县彝族服饰,在民族节日、婚丧嫁娶、祭祀活动时必须着装,有标识社会角色、体现民族认同的社会价值
富宁彝族服,靠,婆传媳、媳传女方式传承
富宁彝族服,传承链条单一,传统服饰大量流失亟需保护
柏玉仙、陆成英,是,项目代表性传承人
拉伯乡普米族传统文化生态保护区,历史学特征,历史悠久
拉伯乡普,民族学特征,多民族居住
吾昔节,民俗内容,祭祖祭山神
吾昔节,民俗活动,最隆重
《洪水朝天》,民间文学篇目,诗歌和故事组成
《跳起欢乐的锅庄》,传统音乐作品,代表作品
祭祀舞《醒英蹉》,舞蹈类别,祭祀舞
木版画,传统美术形式,存在
成年仪式,时间,岁时举行
拉伯乡生态保护区,政府保护措施,加大对保护区的保护力度
沙式武术,民族学特征,融合传统形意拳、八卦掌、通背掌、太极拳等内家拳
沙式武术,历史学特征,由我国武术大师沙国政所创
沙式武术,符号学特征,将中国传统哲学思想融于其中注重武理、武法的研究、总结与实践
沙式武术,美学特征,内容丰富且具有表演观赏性
形意之蛇形通背掌对练,社会学特征,作为沙式武术的一部分体现其社会价值和影响力
形意之蛇形通背掌对练,民族学特征,继承和发展了中华传统武术文化
形意之蛇形通背掌对练,历史学特征,源自沙国政大师创立的沙式武术体系
形意之蛇形通背掌对练,美学特征,展现独特的运动美感和艺术表现力
澜沧县哈尼族,民族学特征,属僾尼支系
澜沧县哈尼族服饰,历史学特征,自唐宋传承至今
澜沧县哈尼族服饰材质演变,历史学特征,记录民族迁徙历史
澜沧县哈尼族服饰图案,符号学特征,记载对自然的认识和生活写照
澜沧县哈尼族服饰制作技艺,工艺价值,集纺织/印染/刺绣/拼贴/装饰于一体
蓝靛印染技艺,科学价值,传统染色方法
澜沧县哈尼族服饰,审美价值,配铝泡/料珠/银币等装饰显华贵精致
男女传统款式服饰,社会价值,保持民族特征与认同
民族服饰开发,社会价值,助推经济发展
澜沧县哈尼族服饰,非物质文化遗产地位,云南省第四批省级扩展项目名录
李阿九,项目代表性传承人,澜沧哈尼族服饰制作技艺
地域差异,符号学特征,分为尖头支/平头支/利车支/改新支/吉坐支亚型
服饰结构组成,社会学特征,包括头饰/上衣/胸兜/筒裙/飘带/绑腿
点苍派武术,融合门派,武当派
点苍派武术,融合门派,少林派
点苍派武术,融合门派,峨眉派
点苍派武术,包含流派,点苍太极门
点苍派武术,包含流派,点苍八卦门
点苍派武术,包含流派,点苍通臂门
点苍派武术,代表性武器,铎鞘
点苍派武术,代表性武器,浪剑
点苍派武术,代表性武器,郁刀
点苍派武术,传世秘笈,《五毒掌》
点苍派武术,传世秘笈,《太极掌》
点苍派武术,传世秘笈,《八卦掌》
点苍派武术,传世秘笈,《浪剑》
点苍派武术,传世秘笈,《郁刀》
点苍派武术,文化属性,中原武术文化与大理民族武术交流融合
点苍派武术,体系构成,完整系统功法
点苍派武术,体系构成,系列器械
点苍派武术,体系构成,系统理论
点苍派武术,历史传承场所,寺院
点苍派武术,传承方式特点,单一
点苍派武术,现状问题,传统传承空间不断萎缩
点苍派武术,现状问题,传承路径越来越窄
点苍派武术,保护状态,云南省第三批省级非物质文化遗产代表性项目名录
点苍派武术,项目代表性传承人,白侍儒
壮族铜鼓舞,历史学特征,对于研究壮族历史发展有重要价值
壮族铜鼓舞,符号学特征,木鼓与铜鼓的默契配合产生共鸣和特殊的滑音效果
壮族铜鼓舞,美学特征,古朴独特、庄重自然的舞蹈形态
壮族铜鼓舞,社会学特征,自娱性舞蹈在农历正月初一跳至正月十六收鼓
壮族铜鼓舞,社会学特征,祭祀性舞蹈在死者出殡时敲跳直至墓地安葬
壮族铜鼓舞,民族学特征,以前只限男性起舞现在女性也能参与其中作为辅助在一旁附和吟唱
壮族铜鼓舞,历史学特征,入选云南省第四批省级非物质文化遗产代表性项目名录扩展项目名录
壮族铜鼓舞,民族学特征,项目代表性传承人是陶元明、王树兴
丁巴什罗,使命,为人类降妖除魔
丁巴什罗,地位,所有纳西族东巴的宗师
历代祭司东巴,行为,主持仪式时提到丁巴什罗传奇故事
历代祭司东巴,目的,获得丁巴什罗法力加持
《丁巴什罗传》,类型,伏魔神话
《丁巴什罗传》,内容范围,从开天辟地讲到丁巴什罗出生
丁巴什罗,外貌特征,长着瞅鬼的眼、吃鬼的嘴、杀鬼的手和镇鬼的脚
丁巴什罗,经历,与喇嘛斗法被赐予本领
丁巴什罗,经历,为解救人类与吃人的女魔成亲最终将其杀死
《丁巴什罗传》,异名版本,《什罗祖师传略》
《丁巴什罗传》,异名版本,《杀三百六十个鬼卒和女魔固松玛》
《丁巴什罗传》,异名版本,《什罗的出处和来历》
《丁巴什罗传》,作用,为相关文化研究提供重要依据
民间,保存仪式,超度什罗
民间,祭祀环节,吟诵《丁巴什罗传》
吟诵《丁巴什罗传》,关联,纳西族日常生活
年纳西族神话《丁巴什罗传》,荣誉,入选云南省第四批省级非物质文化遗产代表性项目名录
年纳西族神话《丁巴什罗传》,项目代表性传承人,和承德
香格里拉五月赛马节,具有,民族学特征
香格里拉五月赛马节,具有,历史学特征
香格里拉五月赛马节,具有,美学特征
香格里拉五月赛马节,包含活动,速度赛
香格里拉五月赛马节,包含活动,步伐走马
香格里拉五月赛马节,包含活动,跑马骑射
香格里拉五月赛马节,包含活动,马术技巧
香格里拉五月赛马节,伴随项目,牦牛赛跑
香格里拉五月赛马节,伴随项目,牛拉杠
香格里拉五月赛马节,关联文化形式,民歌大赛
香格里拉五月赛马节,关联文化形式,民族服饰展演
香格里拉五月赛马节,关联经济行为,物资交流会
香格里拉五月赛马节,体现价值,区域合作与交流
香格里拉五月赛马节,体现价值,经济社会发展促进
团山民间传统武术,历史学特征,源于抵御外敌入侵的实战技能积累
团山民间传统武术,美学特征,节奏明快、动作朴实精悍的视觉韵律美
团山民间传统武术,社会学特征,民族节庆展现民族魅力的核心活动
团山民间传统武术,民族学特征,口传手教的传统技艺传递方式
团山民间传统武术,历史学特征,从初级单练到高级对练的进阶训练体系
团山民间传统武术,美学特征,竞技性与观赏性融合的身体运动艺术
团山民间传统武术,社会学特征,当地群众广泛参与的传统健身项目
团山民间传统武术,民族学特征,王树荣作为彝族代表性传承人
团山民间传统武术,历史学特征,入选云南省第三批省级非遗名录的文化认证
团山民间传统武术,符号学特征,双节棍/流星锤等特色器械的文化符号化表达
团山民间传统武术,美学特征,短小简捷套路体现的效率美学原则
剑川白族东山打歌,民族学特征,白族文化传统
剑川白族东山打歌,历史学特征,清代文献记载《打歌行》
剑川白族东山打歌,符号学特征,树叶伴奏器乐
剑川白族东山打歌,美学特征,古朴粗犷舞蹈风格
剑川白族东山打歌,社会学特征,男女分开列队形式
剑川白族东山打歌,民族学特征,本主节祭祀仪式
剑川白族东山打歌,符号学特征,全足掌着地踏步节奏
剑川白族东山打歌,美学特征,前倾后仰身形动态
剑川白族东山打歌,社会学特征,家传与拜师学艺制度
剑川白族东山打歌,民族学特征,白语七字句歌词结构
剑川白族东山打歌,历史学特征,云南省非遗扩展项目名录
剑川白族东山打歌,符号学特征,圆圈/纵队队形变换
剑川白族东山打歌,美学特征,载歌载舞通宵达旦
剑川白族东山打歌,社会学特征,民俗活动实践载体
剑川白族东山打歌,民族学特征,雪山太子信仰体系
剑川白族东山打歌,历史学特征,颜炳英代表性传承人
剑川白族东山打歌,符号学特征,十二月调起始程式
剑川白族东山打歌,美学特征,诗歌舞三位一体形态
宜良花街节,民族学特征,融民俗、手工技艺、传统饮食、戏剧、诗歌、歌舞、音乐等民族文化艺术为一体
宜良花街节,历史学特征,据元代李京《云南志略》记载宜良坝子冬夏无暑四时花木不绝；明洪武间万士旺因立有军功诰封武德将军被安置在城西瓦窑村屯垦；后以其姓改村名为万家凹村；万氏于村中广辟花园名为万家花园；最迟在明末万家凹村头近城的西门河侧畔已形成为花气馥郁的地区称为卖花滩；据明嘉靖《宜良县志》记载明朝嘉靖年间开挖的文公渠上所建清远桥花农们于此售卖鲜花称花桥
宜良花街节,美学特征,万花汇萃花潮涌动人流奔腾花市绵延长达五公里有余；面塑人物、糖人糖马、针织刺绣、竹编草编、白陶器具、钩花扎染、木雕根雕等工艺品竞相开展；各种民间美食也云聚花街如宜良烧鸭、猪脚米线、都督烧麦、凉卷粉、豌豆粉、甜咸各馅包子、芽豆、粽子及金雀花、槐花、老白花白杜鹃、棠梨花、白刺花、石榴花等各类花卉制作美食更有花灯歌舞、传统滇剧等演出
宜良花街节,历史学特征,每年农历五月初五举行
宜良花街节,社会学特征,成为增强民族凝聚力、促进民族团结的重要纽带
宜良花街节,社会学特征,推动了全县经济发展
宜良花街节,历史学特征,年入选云南省第四批省级非物质文化遗产代表性项目名录
彝族簸箕弦,社会学特征,表达情感的主要方式
彝族簸箕弦,社会学特征,主要的文化娱乐活动
彝族簸箕弦,民族学特征,舞蹈共有十二套路
彝族簸箕弦,民族学特征,中间燃起篝火每对男女都面对面站立
彝族簸箕弦,民族学特征,动作以走跳步为主动律拍手跳步弯腿、身斜、搓步抖并拍手叫喊
彝族簸箕弦,历史学特征,历史悠久是彝族袓先从围猎劳动的过程中逐步创造发展而成
彝族簸箕弦,符号学特征,故名簸箕弦因队形和伴奏乐器得名
彝族簸箕弦,美学特征,服装为生活装全部为手工制作
彝族簸箕弦,社会学特征,入选云南省第四批省级非物质文化遗产代表性项目名录
自羌朗村彝族传统文化生态保护区,入选项目,云南省第四批省级非物质文化遗产代表性项目名录
林方圆,身份,项目代表性传承人
李世行,身份,项目代表性传承人
紫春润,身份,项目代表性传承人
罗开春,身份,项目代表性传承人
尝新节,传统节日,自羌朗村
火把节,传统节日,自羌朗村
春节,传统节日,自羌朗村
跳钱鞭,传统舞蹈,自羌朗村
彝族耍龙灯耍龙,传统舞蹈,自羌朗村
彝族服饰制作,传统手工技艺,自羌朗村
传统器物制作,传统手工技艺,自羌朗村
土碱制作,传统手工技艺,自羌朗村
酿酒,传统手工技艺,自羌朗村
竹编,传统手工技艺,自羌朗村
草编,传统手工技艺,自羌朗村
打陀螺,民间体育游艺项目,自羌朗村
扭扁担,民间体育游艺项目,自羌朗村
傣族传统手工造纸,社会学特征,社会生产生活的反映
傣族传统手工造纸,社会学特征,统购统销模式
傣族传统手工造纸,民族学特征,嘎拉沙/棉纸/缅纸/构皮纸
傣族传统手工造纸,民族学特征,佛事活动用途
傣族传统手工造纸,民族学特征,茶叶包装应用
傣族传统手工造纸,民族学特征,纸工艺品制作
傣族传统手工造纸,历史学特征,入选云南省级非物质文化遗产
岩坎、玉温丙,历史学特征,项目代表性传承人
刮树皮工序,符号学特征,自然材料利用象征
抄纸工序,符号学特征,手工技艺传承符号
韧性好特点,美学特征,材质美感
纸伞制作应用,美学特征,造型设计元素
绘画载体功能,美学特征,文化表达媒介
同尼尼舞,民族学特征,蕴含着哈尼族的民族信仰和价值取向
同尼尼舞,历史学特征,起源于哈尼族先民的原始生产生活属祭祀性舞蹈过去只在祭祀和丧葬活动时进行
同尼尼舞,符号学特征,主要伴奏为铓锣和鼓鼓在哈尼族社会中有着神圣地位由祭师亲制并保管使用时需先对鼓举行祭礼
同尼尼舞,美学特征,动作特点为屈膝一脚前伸弹动双手来回上下交替下时手心朝外从胸前斜下至腰侧上时掌心向上环至胸前身体随节奏变化扭动
同尼尼舞,美学特征,女性动作虚而不飘、实而不僵、婉转协调
同尼尼舞,社会学特征,在云南省哈尼族地区以及越南、老挝、泰国等地哈尼阿卡聚居区均有着较大的影响
同尼尼舞,历史学特征,入选云南省第三批省级非物质文化遗产代表性项目名录
同尼尼舞,民族学特征,项目代表性传承人是陈义兴
苗族芦笙乐,历史时期,明、清时
苗族芦笙乐,起源地,贵州省威宁一带
苗族芦笙乐,传入云南路径,随苗族迁徙
苗族芦笙乐,主要流传地区,云南省曲靖市马龙区
苗族芦笙乐,使用乐器,芦笙
伴舞者,舞蹈方向,逆时针方向绕大圆圈
芦笙演奏者,技巧动作,蹲跳
芦笙演奏者,技巧动作,蹉跳
芦笙演奏者,技巧动作,翻滚
芦笙演奏者,技巧动作,倒挂金钩双脚倒挂在木杆上表演
苗族芦笙乐,代表性乐曲,探路曲
苗族芦笙乐,代表性乐曲,鸡鸣曲
苗族芦笙乐,代表性乐曲,獐子曲
苗族芦笙乐,代表性乐曲,敬酒曲
苗族芦笙乐,代表性乐曲,出嫁曲
苗族芦笙乐,代表性乐曲,送客曲
苗族芦笙乐,代表性乐曲,丰收曲
苗族芦笙乐,代表性乐曲,迎客曲
苗族芦笙乐,代表性乐曲,犁地曲
苗族芦笙乐,代表性乐曲,礼装曲
苗族芦笙乐,学习难度因素,高难度舞蹈动作
苗族芦笙乐,学习难度因素,音乐悟性要求
苗族芦笙乐,传承现状,熟练掌握技艺的传承人日渐减少
村民文化活动室,建立地点,马龙区深沟村委会
村民文化活动室,功能定位,苗族芦笙演奏传承基地
苗族芦笙乐,入选项目,云南省第四批省级非物质文化遗产代表性项目名录
苗族芦笙乐,项目代表性传承人,韩尚云
曼掌村,民族支系,傣族傣泐支系
曼掌村,建村时间,明朝年间
曼掌村,荣誉称号,云南省美丽乡村建设示范村
曼掌村,文化定位,文化农庄
曼掌村,地理位置特征,三面环山一面朝向坝区
曼掌村,河流分布,南养河由东南流向西北贯穿村寨
曼掌村,植被类型,南亚热带绿阔叶树种为主
村民,信仰体系,原始宗教崇拜祖先与自然
村民,祭祀对象,天神/地神/山神/水神/日神/月神/风神/雷神/谷神/寨神/勐神
传统节日,包括,春节
传统节日,包括,过赕
传统节日,包括,泼水节
传统节日,包括,关门节
传统节日,包括,开门节
历法使用,沿用,传统傣历
民歌形式,包含,说亲歌
民歌形式,包含,嫁别歌
民歌形式,包含,招魂词
民歌形式,包含,贺新房
民歌形式,包含,祭祀歌
民歌形式,包含,儿歌
民歌形式,包含,情歌
民歌形式,包含,赞高升
乐器类别,分为,管乐
乐器类别,分为,弦乐
乐器类别,分为,打击乐
舞蹈种类,包括,嘎光舞
舞蹈别名,对应,团结舞
舞蹈种类,包括,象脚鼓舞
文化遗产,保留项目,口传叙事长诗《召树屯》
文化遗产,保留项目,傣族章哈
文化遗产,保留项目,傣族传统武术
文化遗产,保留项目,傣族剪纸
传统技艺,包含,民居建筑技艺
传统技艺,包含,织锦
传统技艺,包含,传统手工造纸
传统技艺,包含,竹编
传统技艺,包含,葫芦丝制作
传统技艺,包含,高升制作
传统技艺,包含,纸伞制作
传统技艺,包含,银器制作
传统技艺,包含,传统制糖
传统技艺,包含,制茶
饮食文化,代表,傣味菜品
保护区地位,入选名录,云南省第四批省级非物质文化遗产代表性项目名录
代表性传承人,包括,玉吨
代表性传承人,包括,岩叫龙
代表性传承人,包括,岩芷龙
代表性传承人,包括,玉应罕
傈僳族葫芦笙打跳曲,是,丽江傈僳族民间大众自娱舞打跳的领舞乐曲
葫芦笙,传说是,民间智多星托拉哥然的灵性遗物
傈僳族葫芦笙乐曲,流传于,云南省丽江市为主玉龙县、永胜县、华坪县、宁蒗县和古城区及滇西北范围的傈僳族聚居地
傈僳族葫芦笙乐曲,音色特点,独特古朴听觉穿透力极强
傈僳族葫芦笙乐曲,体现特点,管簧乐器悠长、厚重的特点
傈僳族葫芦笙乐曲,音域情况,不广多为七管九音常见为五管七音
傈僳族葫芦笙乐曲,适合用途,傈僳族民间传统打跳曲的领舞演奏
傈僳族葫芦笙乐曲,分类情况,可以分为曲牌曲和散曲杂调两大类
现存曲牌曲代表曲目,包括,《刮来破》《刮嘞密》《啦个啦色伏虎调》《模刮伴奏咏叹调》《念杂四威迟雀恋花》《念杂衣嗟多雀饮水或乌鸦喝水》《七步蛮调》《撒荞调》《相见乐》《迎宾曲》《祝婚曲》《赶街调》《意背大蛮调》等十来个曲调
其余曲目,是,以舞步命名的杂调和临时联奏、串奏用以领舞的散曲、散句
傈僳族葫芦笙乐曲,按照定调方式分为,以唱名为基调的意背曲类和唱名为基调的意贼曲类
傈僳族葫芦笙打跳曲,作用,在文化娱乐生活中起着关键性的作用
傈僳族葫芦笙打跳曲,受喜爱程度,受到傈僳族同胞的普遍喜爱
如今葫芦笙打跳时,习惯使用,易学易跳的简易舞曲曲种
如今葫芦笙打跳时,面临问题,曲目比较单纯乐句乐段结构较为复杂、技法要求高的曲目未能全面掌握有些古老曲牌和曲目面临失传
傈僳族葫芦笙打跳,入选,云南省第四批省级非物质文化遗产代表性项目名录
白族泥塑,社会学特征,经济效益不大
白族泥塑,民族学特征,白族聚集区
白族泥塑,历史学特征,唐代南诏国时期
白族泥塑,符号学特征,飞檐瓦
白族泥塑,符号学特征,屋檐马鞍
白族泥塑,符号学特征,屋顶瓦猫
白族泥塑,符号学特征,玉皇大帝
白族泥塑,符号学特征,大黑天神
白族泥塑,符号学特征,烟锅吹哨
白族泥塑,符号学特征,点水雀吹哨
白族泥塑,美学特征,栩栩如生
白族泥塑,美学特征,独特艺术风格
白族泥塑,历史学特征,云南省第三批省级非物质文化遗产代表性项目名录
白族泥塑,民族学特征,苏龙祥
洛恩乡,所属流域,本那河流域
架车乡,所属流域,本那河流域
哈尼族,表演时间1,农历六月矻扎扎期间属羊日
哈尼族,表演时间2,农历十月年测拉火施期间属牛日
第一次表演,寓意,告知上天春耕结束祈求风调雨顺
第二次表演,寓意,告知上天勤劳的哈尼人又平安地度过了一年祈求来年平平安安
地鼓舞,舞者性别,男性
舞蹈动作,包括,颠跳步
舞蹈动作,包括,屈膝吸腿跳
舞蹈动作,包括,上身前俯双手持鼓棒自然向前摆动至地
舞蹈动作,包括,抬腿顿跳步在原地舞蹈
舞蹈动作,包括,左右手分别在胯下击鼓
舞蹈动作,包括,颠步转圈为鼓敲击跳
第一跳,寓意,人与自然和谐相处无灾无难
第二跳,寓意,五谷丰登
第三跳,寓意,家畜兴旺生活富足
地鼓舞,主要特点,抬腿胯下击鼓贯穿整套舞步始终
伴奏乐器,包括,竹笛
伴奏乐器,包括,三弦
伴奏乐器,包括,四弦
地鼓舞,风格特点,粗犷豪迈
地鼓舞,风格特点,古朴热烈
地鼓舞,风格特点,动律鲜明
地鼓舞,风格特点,极富感染力
地鼓舞,性质,哈尼族集体智慧的结晶
地鼓舞,价值,具有较高的历史价值
地鼓舞,价值,具有较高的艺术价值
地鼓舞,入选项目,云南省第三批省级非物质文化遗产代表性项目名录
地鼓舞,项目代表性传承人,陈保克
景谷象脚鼓舞,民族学特征,傣族文化
景谷象脚鼓舞,历史学特征,历史悠久
景谷象脚鼓舞,符号学特征,象脚鼓道具
景谷象脚鼓舞,美学特征,舞姿典雅抒情洒脱飘逸
景谷象脚鼓舞,社会学特征,村寨男子人人会跳
景谷象脚鼓舞,民族学特征,白象舞关联
景谷象脚鼓舞,历史学特征,入选省级非物质文化遗产
景谷象脚鼓舞,符号学特征,大鼓/铓锣/镲伴奏
景谷象脚鼓舞,美学特征,粗犷有力神采飞扬
景谷象脚鼓舞,社会学特征,民间象脚鼓舞队组织形式
景谷象脚鼓舞,民族学特征,泼水节赕佛婚庆活动载体
景谷象脚鼓舞,历史学特征,周晋国为代表性传承人
景谷象脚鼓舞,符号学特征,左手跨带扶鼓边右手击鼓动作
景谷象脚鼓舞,美学特征,对花擦背换位等高难度动作
景谷象脚鼓舞,社会学特征,集体起舞协调节奏
景谷象脚鼓舞,民族学特征,唱傣族调辅助表演
景谷象脚鼓舞,历史学特征,佛寺广场田间地头多场景演绎
景谷象脚鼓舞,符号学特征,彩绸毛巾装饰元素
景谷象脚鼓舞,美学特征,稀锣慢鼓与密锣急鼓对比韵律
彝族吹奏弹拨乐,主要使用群体,彝族仆拉支系
彝族仆拉支系,语言状况,有自己的语言但无文字
彝族吹奏弹拨乐,制作材料来源,当地竹/木/高粱叶
节波,材质类型,竹制单管吹奏乐器
高爬,材质类型,高粱叶制作的吹管乐器
演奏形式,性别分工,女性多于男性
女性演奏者,常用乐器,节波/高爬
男性演奏者,常用乐器,笛子/小三弦/四弦
曲调内容主题,包括类别,谈情说爱
曲调内容主题,包括类别,生产生活
曲调内容主题,包括类别,自然界花草虫鸟
曲调内容主题,包括类别,日月星辰
演奏技法,具体类型,打音
演奏技法,具体类型,波音
演奏技法,具体类型,颤音
演奏技法,具体类型,滑音
演奏技法,具体类型,弹弦
演奏技法,具体类型,挑弦
演奏技法,具体类型,扫弦
彝族吹奏弹拨乐,入选名录,云南省第四批省级非物质文化遗产代表性项目名录
项目代表性传承人,姓名,龙岸妹
管氏针灸疗法,传承代数,五代
管氏针灸疗法,理论基础,传统中医理论
管氏肾病四联疗法,组成方法,穴位注射
管氏肾病四联疗法,组成方法,中药汤剂
国家中医药管理局,确立流派,管氏特种针法学术流派
管氏针灸疗法,代表性传承人,管遵信
尚旺节,社会学特征,维护国家和平稳定
尚旺节,民族学特征,生产、饮食、服饰、艺术、宗教领域展示
尚旺节,历史学特征,四五百年的历史
尚旺节,历史学特征,世代相传的形式传承
尚旺节,符号学特征,三月的第一个属猪日
尚旺节,符号学特征,民族民间传统歌舞表演
尚旺节,符号学特征,民族体育竞技活动
尚旺节,美学特征,民族民间歌舞展演
尚旺节,美学特征,传统射弩
尚旺节,美学特征,荡秋千
金殿庙会,社会学特征,携家带口涌向金殿赶庙会
金殿庙会,社会学特征,亲友聚会叙说亲情
金殿庙会,民族学特征,对调子唱山歌
金殿庙会,民族学特征,舞龙灯
金殿庙会,民族学特征,演奏洞经音乐
金殿庙会,历史学特征,始建于明万历三十年
金殿庙会,历史学特征,清康熙十年的金殿碑刻记载
金殿庙会,符号学特征,传统庙会
金殿庙会,符号学特征,农历正月初九玉皇大帝万寿祭祀
金殿庙会,美学特征,踏青赏花
金殿庙会,美学特征,跳花灯
金殿庙会,社会学特征,购买土特产品和手工艺品
金殿庙会,历史学特征,入选云南省第三批省级非物质文化遗产代表性项目名录
大理甲马,体现,民族学特征
大理甲马,承载,历史学特征
大理甲马,运用,符号学特征
大理甲马,展现,美学特征
大理甲马,关联,白族信仰体系
大理甲马,包含,本主形象
大理甲马,涉及,人神沟通载体
大理甲马制作工艺,融合,木雕技术
大理甲马制作工艺,使用,造纸术
大理甲马雕刻,要求,灵巧构思
大理甲马雕刻,需要,精心设计
大理甲马雕刻,依赖,精湛刀法
大理甲马线条造型,呈现,粗细相间特点
大理甲马,入选,云南省第四批省级非物质文化遗产代表性项目名录扩展项目名录
张瑞龙,身份是,大理甲马项目代表性传承人
张庆绅,身份是,大理甲马项目代表性传承人
宝峰调子会,民族学特征,多民族歌手汇聚交流
宝峰调子会,历史学特征,流传数百年历史悠久
宝峰调子会,符号学特征,固定曲调如宝峰调/昆阳调/昆明小调等
宝峰调子会,美学特征,清唱与民间乐器伴奏结合
山歌调子比赛,社会学特征,培养民间艺人传承文化
山歌调子比赛,历史学特征,继承传统并摒弃糟粕创新发展
山歌调子比赛,符号学特征,即兴创作歌词出口成章
宝峰调子会,社会学特征,交易民俗小吃和工艺品
宝峰调子会,民族学特征,融合多地山歌风格如大理调/八街调
宝峰调子会,历史学特征,入选省级非物质文化遗产名录
宝峰调子会,符号学特征,对唱形式为主偶尔独唱
宝峰调子会,美学特征,长腔对口与四季腔艺术表现
许绍光,社会学特征,项目代表性传承人身份
许绍光,符号学特征,传统演唱方式守护者
许绍光,美学特征,健康文明生活方式倡导者
绿歪,社会学特征,婆家堂屋认亲仪式演唱
彝良彝族酒歌,民族学特征,彝语五言句式唱词结构
演唱形式,民族学特征,集体围圈或相对成排舞蹈伴唱
内容主题,民族学特征,涵盖天文地理/历史传说/劳动生产/婚恋情感
古拙舞姿,民族学特征,保留原始古朴的动作形态
欢快节奏,民族学特征,体现民族文化的乐观精神
龙拱朴问答内容,历史学特征,记录迁徙路径与地理跨越信息
教育歌词,历史学特征,承载母系社会向父系过渡的文化记忆
认亲程序,历史学特征,展现家族血缘关系的建构方式
五言句式,符号学特征,语言结构的程式化编码系统
音韵铿锵,符号学特征,声律系统的文化标识功能
马蹄形队列,符号学特征,空间布局的象征性表达
舞蹈动线,符号学特征,身体运动的叙事性符号
酒器使用,符号学特征,礼仪器具的文化隐喻
曲调旋律,美学特征,音乐线条的抒情性表现
肢体语言,美学特征,舞蹈动作的造型美感
昼夜连续演唱,美学特征,时间跨度的艺术张力
情感宣泄,美学特征,悲欢交织的审美体验
非遗名录入选,历史学特征,文化遗产保护的时代印记
清康熙时期《罗平州志》第二卷,记载内容,彝族服饰特征
彝族戈仆支系妇女服饰,组成部分,帽子/披肩/上衣/裙子/围腰/腰带/飘带/绑腿/鞋子
完整新娘装,包含元素,帽子/披肩/上衣/裙子/围裙/腰带/飘带/绑腿/鞋子
制作流程,包括阶段,原材料种植→纺织成布→刺绣成衣
完成工序耗时,最低时长,二至三年
传承方式,学习途径,长辈口传心授
服饰用途,使用场景,结婚时穿戴/婚后重大节日穿戴/去世时作寿衣或陪葬
服装质地,材料类型,手工布
图案文化内涵,寓意主题,吉祥
保存技艺,具体项目,麻布纺织技艺/刺绣技艺
历史艺术价值,体现方面,较高历史和艺术价值
面临问题,挑战因素,现代社会发展冲击/多元文化影响/先进技术替代
非遗入选项目,名录名称,云南省第四批省级非物质文化遗产代表性项目名录扩展项目名录
项目代表性传承人,姓名,韩福秀
丽江窨酒,历史学特征,明代以前使用藤管抽取的低度村醪/土酿
丽江窨酒,符号学特征,弧形藤管作为抽取工具的文化象征
丽江窨酒,美学特征,酒色艳如琥珀灿若朝阳
丽江窨酒,美学特征,不腻不燥甜得清秀甘得醇雅
丽江窨酒,符号学特征,密封埋藏地下二三十年的窖藏仪式
丽江窨酒,民族学特征,赵又新、张琪为项目代表性传承人
丽江窨酒,历史学特征,入选云南省第三批省级非物质文化遗产代表性项目名录
彝族开新街,社会学特征,礼孝教育
彝族开新街,民族学特征,彝族传统节日
彝族开新街,历史学特征,祭龙活动演变而来
彝族开新街,符号学特征,舞龙
彝族开新街,符号学特征,对歌
彝族开新街,美学特征,耍龙表演
彝族开新街,美学特征,花鼓表演
白傣傣族,社会生活功能,祭拜神灵
白傣傣族,社会生活功能,婚姻嫁娶
白傣傣族,社会生活功能,丧葬祭祀
白傣傣族,社会生活功能,喝酒划拳
白傣傣族,社会生活功能,孩童嬉戏
白傣傣族,社会生活功能,娱乐舞蹈
磨哈,艺术类型,舞蹈歌
哈抱哨,艺术类型,情歌
哈鲁奔,艺术类型,教嫁歌
哈京涝,艺术类型,酒歌
刻走,艺术类型,指路经
白傣民歌,歌词语言,傣语
白傣民歌,演唱内容主题,天地万物
白傣民歌,演唱内容主题,人类繁衍
白傣民歌,演唱内容主题,神话传说
白傣民歌,演唱内容主题,民族迁徙
白傣民歌,演唱内容主题,爱情故事
白傣民歌,演唱内容主题,农耕节令
白傣民歌,音乐形态特征,音阶
白傣民歌,音乐形态特征,调式
白傣民歌,音乐形态特征,旋律
白傣民歌,音乐形态特征,节奏
白傣民歌,音乐形态特征,节拍
白傣民歌,音乐形态特征,结构
白傣民歌,音乐形态特征,演唱方法
白傣民歌,音乐形态特征,多声构成
白傣民歌,音乐形态特征,复调色彩
白傣民歌,音乐形态特征,乐器伴奏
白傣民歌,美学风格,缠绵委婉
白傣民歌,美学风格,旋律悠扬舒缓
白傣民歌,非遗地位,云南省第三批省级非物质文化遗产代表性项目
劝业所/实业团/桑学堂,别称,乙种农业学堂
县城城墙外沿四周,功能定位,栽桑树教习种桑养蚕区域
种桑工序,包括步骤,挖定沟/施底肥/桑苗选择/定值管理/桑叶采摘
养蚕工序,包括步骤,补催青育苗/收蚁/小蚕饲养/大蚕饲养/上簇结茧/适时采茧
蚕丝加工工序,包括步骤,蚕茧烘烤/剥选茧/煮茧/缫丝/复摇/整理/检验
优质蚕茧原料标准,特征要求,茧形大/茧色白/茧丝长/单茧丝长达米左右/柔韧性好
织造工艺特点,技术流程,蒸煮→脱脂→绷绵→晾绵→绷扯成薄如纸的绵絮→均匀铺叠→揉捻打结制成被芯→套胎套成型
桑蚕丝制品种类,具体产品,蚕丝被/丝绵马甲/丝绵衣
产品特性,核心优势,蓬松轻柔/贴身保暖/透气保健
产业规模数据,年度指标,年产蚕茧上万担/从业人口超万/收入亿元
荣誉认证,称号名称,中国优质茧丝生产基地
文化属性,文明类型,农耕文明鲜活样本
价值维度,双重价值,历史文化价值/经济价值
非遗认定,入选批次,云南省第四批省级非物质文化遗产代表性项目名录
项目代表性传承人,姓名身份,陈华明
瑶医理论,核心观点,盈满溢病相反亏虚损病
人体,被视为,统一的整体
瑶医诊断方法,采用,望、闻、问、触
瑶医诊断方法,侧重于,问
瑶药治疗方法,包含,内治法
瑶药治疗方法,包含,外治法
外治法,包含,药浴疗法
外治法,包含,烧炙法
外治法,包含,推拿法
药浴疗法,特点,最常见且最古老应用最广泛
传统瑶药分类,分为,虎、牛、钻、风四类
瑶医采药原则,不采根)18.(需用根的药,"采用方式,老根留新根"
采药部位,随变化因素,季节、气候
临床用药原则,根据因素,不同疾病
临床用药原则,根据因素,患者年龄
临床用药原则,根据因素,患者体质
金平瑶药,特征,个性特征突出
金平瑶药,特征,地域特色浓厚
金平瑶药,作用,丰富中国少数民族医药文化宝库
金平瑶药内涵,对作用,当地少数民族文化的认同维护民族团结构建和谐社会
瑶药知识传承方式,包括,口传心记
瑶药知识传承方式,包括,指物传承
瑶药知识传承方式,包括,亲教秘传
瑶药知识传承形式,以...为主要方式,家传
传统瑶药面临危机,原因,外来医疗技术渗透
传统瑶药面临危机,原因,受西医影响
传统瑶药面临危机,原因,受中医影响
传统瑶药面临危机,原因,受其他民族医药影响
传统瑶药面临危机,表现,后继无人
传统瑶药面临危机,表现,传承困难
瑶族医学诊疗法,入选项目,云南省第三批省级非物质文化遗产代表性项目名录
项目代表性传承人,是,李成旺
马缨花树开花,符号学特征,天意象征
分家仪式,民族学特征,彝族祭祀传统
六祖分支,历史学特征,彝族迁徙起源
三人合抱的大马缨花树,美学特征,自然景观意象
农历二月初八聚会,社会学特征,年度宗族团聚习俗
杀牛祭祀,民族学特征,原始宗教仪轨
十八人角色扮演,符号学特征,祖先记忆载体
生活器具舞蹈表演,美学特征,劳动场景艺术化
古彝语唱诵,语言学特征,非物质文化遗产传承
罗罗颇自称,民族学特征,族群身份认同
依黑么村庆典,历史学特征,活态文化存续
工具分发情节,社会学特征,资源分配模式
童男童女扮孙辈,符号学特征,代际延续隐喻
笃慕房屋布局,建筑学特征,父系权威空间结构
马缨花神崇拜,民族学特征,植物神灵信仰体系
分道扬镳叙事,历史学特征,族群分化过程
省级非遗名录入选,政策学特征,文化遗产保护机制
鲁翠英/朱成功传承,人类学特征,文化持有者角色
树大分枝谚语,哲学特征,生态智慧隐喻
剥隘七醋制醋技艺,原料,当地优质糯米
剥隘七醋制醋技艺,原料,剥隘小河的河水
剥隘七醋制醋技艺,浸泡时长,天
剥隘七醋制醋技艺,蒸煮时长,分钟
剥隘七醋制醋技艺,发酵容器,容量四五百斤的陶缸
剥隘七醋制醋技艺,入缸发酵天数,天
剥隘七醋制醋技艺,酸度控制值,
剥隘七醋制醋技艺,混合后处理方式,注入铁锅中煮分钟
剥隘七醋制醋技艺,高温灭菌温度,
剥隘七醋制醋技艺,过滤沉淀时长,天
剥隘七醋制醋技艺,添加辅料,红糖
剥隘七醋制醋技艺,添加辅料,食盐
剥隘七醋制醋技艺,添加辅料,草果
剥隘七醋制醋技艺,添加辅料,八角
剥隘七醋制醋技艺,面临问题,生产原料受到污染
剥隘七醋制醋技艺,入选名录,云南省第三批省级非物质文化遗产代表性项目名录
剥隘七醋制醋技艺,项目代表性传承人,罗永常
剥隘七醋制醋技艺,项目代表性传承人,代云至
华宁陶,民族学特征,表现出我国传统的文化心理和民族精神
华宁陶,历史学特征,据《重建慈云寺功德碑》记载明代洪武年间有来自江西景德镇的车姓窑工在该地定居并从事窑业生产
华宁陶,符号学特征,追求平衡、对称、和谐、连贯合乎中庸之道
华宁陶,美学特征,釉色斑斓温润如玉
华宁陶,美学特征,采用不同原料的釉就可以烧制出五光十色的器物向人们展示美不胜收的色彩世界
华宁陶制作工艺,社会学特征,有五个流程取土炼泥、拉坯成型、配釉施釉、入窑装烧、出窑挑选
华宁陶精华,符号学特征,神秘的釉配方在陶瓷的表面形成一层稳定的保护层增强了器物的硬度使器物不易散热同时便于清洗保洁
华宁陶产品,社会学特征,包括生活陶器、工艺陶器、宗教陶器、建筑陶器等余种
华宁陶器制作技艺,历史学特征,入选云南省级非物质文化遗产代表性项目名录扩展项目名录
张国泰,学习对象,刘金标
张志高,著作,《武术功法练习》
铁骨散,功效,消肿
铁骨散,功效,化瘀
铁骨散,功效,止痛
铁骨散,功效,接骨
张维贤,解决疑难杂症数量,三百余例
施甸民生堂传统骨伤疗法,入选项目,云南省第四批省级非物质文化遗产代表性项目名录
施甸民生堂传统骨伤疗法,代表性传承人,张维贤
施甸民生堂,代际传承,七代
张志高,特长,分筋挫骨
张志高,精通领域,人体经络
张志高,精通领域,骨骼
铁骨散,组成成分,多种中草药
张维贤,运用技术,祖传铁骨散
张维贤,结合工具,现代医疗器具
瓦器器舞,社会学特征,每逢节日庆典、讨亲嫁女、起房盖屋都会进行
瓦器器舞,民族学特征,表现了傈僳族传统文化的丰富内涵
瓦器器舞,民族学特征,每一段跳法都与傈僳族神话传说有关
瓦器器舞,民族学特征,从舞蹈传说便可考知傈僳族姓氏的由来
瓦器器舞,历史学特征,反映了傈僳族的发展历程
瓦器器舞,符号学特征,众人围成一个圆形或手拉手排成一行或面对面排成数行
瓦器器舞,符号学特征,脚步变换表现为个节拍舞蹈动作由少变多从简单到复杂
瓦器器舞,美学特征,曲调热烈奔放节奏鲜明强烈
瓦器器舞,美学特征,舞步粗犷豪放舞者以脚步动作的变换带动全身起伏扭动时而缓慢柔和时而矫健有力
瓦器器舞,美学特征,中间穿插互牵双手、互撞臀部来插科打诨的互动环节表现出傈僳族团结、勤劳、乐观向上的精神
瓦器器舞,美学特征,具有较强的艺术性和观赏性
明景泰五年,兰茂写出《性天风月通玄记》,历史学特征
曲靖滇剧,以曲靖方言为基础融合本地声腔/民族曲调/国内主要剧种特长,民族学特征
曲靖滇剧声腔,属板腔体唱词结构,符号学特征
唱词句式,七言/十言为基本句式并按尾字平仄偶句押脚韵形成上下句式,符号学特征
常用韵分十三辙,包括抓麻/果河/提携/糊涂/开怀/灰堆/嚎啕/喉头/叠雪/天仙/青城/螳螂和空同,符号学特征
一儿韵,因用处较少俗称窄韵或半韵,符号学特征
曲调抑扬顿挫既善叙事又善抒情,美学特征)9.(常演剧目,"《爨碑残梦》《四下河南》《劈山救母》《铡美案》《金沙江畔》《十五贯》等数十折,历史学特征"
科联班/泰昌班/义和班,曲靖历史上存在的戏班,社会学特征
中华人民共和国成立后,剧目创作形成独有的艺术性屡获嘉奖,历史学特征
老一辈滇剧艺人传帮带,培养造就罗远书/敬学琼/石勇/杨美凤等代表性艺术人才,社会学特征
麒麟区滇剧,入选云南省第三批省级非物质文化遗产代表性项目名录扩展项目名录,历史学特征
保山洞经音乐,民族学特征,宗教音乐、宫廷音乐、民间音乐相互吸收交融演变发展而成
保山洞经音乐,历史学特征,历史悠久且分布于隆阳区/施甸县/腾冲市/昌宁县等地区
保山洞经音乐,符号学特征,曲牌分经曲经谱和乐曲乐谱两类
保山洞经音乐,美学特征,古朴、典雅、精深的特点
经曲,包含曲目,《锁南枝》《鹧鸪飞》《云鹤词》
乐曲,包含曲目,《水龙吟》《山坡羊》
打击乐曲牌,包含曲目,《顺水鱼》《长套》《朝礼钹》
保山洞经乐队,特有乐器,葫芦琴
保山洞经乐队,指挥乐器,大木鱼
保山洞经音乐,入选名录,云南省第四批省级非物质文化遗产代表性项目名录扩展项目名录
保山洞经音乐,代表性传承人,钏启翔
保山洞经音乐,代表性传承人,王文荣
禄丰醋传统主料,选用品种,矮珍珠
禄丰醋传统辅料,产地来源,黄土高原
生产工艺环节,包含步骤,选料/浸泡/蒸煮/发酵/加入酵母/淋醅/装罐陈酿/灭菌/化验/装瓶/成品入库
核心发酵工艺,关键微生物组合,糖化菌酒药与醋酸菌
淋醋工序特征,操作次数,三次淋醋处理
成品提纯方式,处理方法,头醋汁澄清后加热煮沸
化学成分构成,含有物质类别,氨基酸/有机酸/维生素/矿物质/糖分
感官特性描述,风味特点,味香色浓/酸中带甜/回味绵长
代表品牌标识,商标名称,双梅牌
市场地位表现,荣誉记录,连续多年质冠海外
非遗认定信息,入选批次,云南省第三批省级非物质文化遗产代表性项目名录
传统工艺劣势,竞争短板,制作时间长/成本较高
文化保护状态,现存需求,亟待保护
丽江古城纳西族民居营造技艺,民族学特征,融合其他少数民族建筑所长形成独特风格
丽江古城纳西族民居营造技艺,历史学特征,距今已有近百年历史
丽江古城纳西族民居营造技艺,符号学特征,使用松竹梅兰、牡丹富贵、松鹤延年等图案内容
丽江古城纳西族民居营造技艺,美学特征,造型朴实生动且装修精美雅致
大木作,组成构件,梁、柱、挂枋、桁条、穿枋、地脚、楼楞
小木作,构件类型,门、窗、榫卯隔板、栏杆、外檐装饰、地板、天花板、楼梯、龛橱
石作,功能定位,房屋的基础包括出土勒脚、柱础、台阶、盖檐石
瓦作与泥水作,应用范围,建筑后墙、山墙和屋面处理院落照壁、铺地
丽江古城纳西族民居,整体特点,功能布局与自然环境高度协调统一
传统营造技艺,现状问题,正在逐渐衰落已很少有人建造和使用
丽江纳西族民居营造技艺,保护地位,入选云南省第三批省级非物质文化遗产代表性项目名录
项目代表性传承人,姓名,木庚锡
铁器锻造技艺,组成部分,锻打
铁器锻造技艺,组成部分,铸造
锻打工艺,关键步骤,淬火
铸造工艺类型,包括,重力铸造
铸造工艺类型,包括,压力铸造
铸造工艺类型,包括,砂型铸造
铁器制品,示例,勾担
铁器制品,示例,链子
铁器制品,示例,马嚼扣
铁器制品,示例,锅
铁器制品,示例,犁头
铁器制品,示例,炉条
铁器制品,示例,铁炉
竹基镇,从业人数特征,有余人
产品销售范围,包括,文山
产品销售范围,包括,红河
出口国家,包括,越南
出口国家,包括,缅甸
产业地位,属于,重要产业之一
社会意义,推动,社会进步
经济意义,促进,经济发展
非遗项目,入选批次,云南省第四批省级非物质文化遗产代表性项目名录
锻打目的,降低含量,碳的含量
锻打效果,增加硬度,更加接近理想形
铸造流程步骤,包括,金属熔炼
铸造流程步骤,包括,模型制造
铸造流程步骤,包括,浇注凝固
铸造流程步骤,包括,脱模清理
屏边苗族,迁入时间,清代中晚期
保护区,自然生态环境,良好
村民,传统习俗,自觉保护森林植被
辖区内,地理特征,那么果河峡谷
辖区内,水利设施,花坝子水库
植被类型,主要树种,亚热带常绿阔叶树种
植被组成,包括类别,竹类、藤类、蕨类和中草药
传统民居,建筑结构,土木结构
聚落格局,风貌特点,传统风貌
宗教信仰,类型,原始宗教
传统节日,包含内容,春节、端午节、尝新米节、祭祖节、砍火星节
婚姻模式,保留形式,走婚式婚姻、私奔式婚姻、入赘式婚姻
丧葬习俗,保存状态,完好
神话传说,代表作品,《洪水滔天》《万物形成传说》《芦笙的传说》
国家级非遗项目,名称,苗族花山节
州级非遗项目,名称,苗族芦笙舞
州级非遗项目,名称,苗族器乐制作工艺
非物质文化遗产,包含内容,苗族服饰制作、刺绣、响蔑演奏、芦笙演奏、牛皮鼓打击乐、拳击、棍术、民间医药、爬花杆、打鸡毛毽、打陀螺、打磨秋、赛马、竹筒电话
传统服饰工艺,流程环节,种麻、织麻、纺麻、滚麻、织布、蜡染、刺绣
点蜡印染图案,文化价值,记录苗族艰辛的迁徙历程
点蜡印染图案,艺术价值,具有艺术欣赏及民族历史研究价值
民间医药,治疗方式,内服外敷、拔火罐、熏洗、按摩、包扎
民间医药传承方式,途径,口传身教
管理组织机构,名称,坡头青苗传统文化保护区管理委员会
文化传承点,设立单位及地点,屏边县文化馆在坡头村委会下寨村成立苗族花山节民歌传承点
培训活动内容,包括项目,民歌、舞蹈、苗族器乐培训班
民众态度,对苗族传统文化,认同感高
民众行为,参与程度,自觉积极地参与非物质文化遗产的保护和传承
入选名录情况,名称及批次,云南省第四批省级非物质文化遗产代表性项目名录
项目代表性传承人,姓名列表,黄荣兴、杨树英、陶芬、李朝明、杨光芬
民族归属,壮族沙支系)4.(建村时间,清代
地理特征,山舌缓坡地段)6.(周边环境,四周高山环抱梯田层层
森林覆盖率,高)8.(居住建筑形式,木结构干栏样式
最古老民居历史,近年)10.(居住习惯,积木而栖位居其上
水源发源地,砚山县境)12.(河流名称,清水江
河流流向,由北向南流经此地)14.(生态环境状况,保持较好
人生礼俗内容,出生、周岁、结婚、寿辰、丧葬)16.(传统节日,祭龙、祭风、花糯米节
神话传说故事,《龙神人赶街》《吊脚楼的来历》《龙女的眼泪》)18.(民间音乐形式,山歌小调
其他舞蹈类型,铜鼓舞、手巾舞)21.(传统美术工艺,剪纸、刺绣、纸马、面具制作
传统体育项目,陀螺、高跷)24.(医疗体系,中医及巫医
合作社名称,广南县千年壮寨乡村旅游农民专业合作社)27.(合作社主题,保护干栏民居
保护措施,登记建档、修缮保护与合理开发)29.(入选名录,云南省第四批省级非物质文化遗产代表性项目名录
民间艺人代表,"陆仕东、陆的金、陆仕春、陆华泽、陆仕才)
1.(潦浒土陶烧制技艺","流传地区,曲靖市麒麟区越州镇潦浒社区"
潦浒土陶,原料来源,本地黏土
潦浒土陶产品类型,包括,缸/盆/坛/罐/碗/钵/碟
特色器具,代表物,瓦猫
瓦猫功能,用途,驱邪避秽
制作工具,包含,和泥机/桶/轮盘/火钳/吹火桶/捣棍/钢丝/砂纸
工序名称,第一道,和泥
和泥步骤,处理方式,水牛踩踏粘土与水勾兑融合
上釉工艺,实施方式,浸没釉盆轻转粘附外壁
二次晾晒目的,作用,除去水分防止炸裂
装窑规范,放置原则,均匀有序且稳定
烧窑关键要素,需控制,温度/气氛/火焰流向平衡
出窑时间跨度,持续时长,一天一夜
应用领域扩展,涵盖门类,生活/观赏/园林
销售范围,覆盖区域,省内各地及周边省份/越南/缅甸
非遗认定,入选名录,云南省第四批省级非物质文化遗产扩展项目
代表性传承人,姓名,崔长宝
彝族大帮腔,演唱方式,对唱
彝族大帮腔,演唱方式,村与村对唱
彝族大帮腔,演唱方式,男女对唱
彝族大帮腔,演唱方式,一人领唱多人合唱
中老年人,演唱语言,彝语
中老年人用彝语演唱,别称,老帮腔
舞蹈动作,主要类型,直歌
舞蹈动作,主要类型,翻歌
对唱时最常见的舞步,动作描述,向前走三步又向后退二步
舞时动作,特征,相互缠扶着左右摇晃身子
舞时动作,特征,依次往前、退后反复进行
舞步融合形式,例子,两跺脚三跺脚与直歌翻歌融合
舞步融合形式,具体形式,两跺三翻
舞步融合形式,具体形式,直歌半翻
唱词,依据因素,不同节日
唱词,依据因素,不同场合
唱词,依据因素,不同家庭的活动情景
唱词,创作特点,即兴的
歌词内容,主题,生产劳动
歌词内容,主题,生活
歌词内容,主题,爱情
歌词内容,主题,歌颂山水
歌词内容,主题,鞭挞讽刺丑恶现象
歌词内容,主题,颂扬一切美好正义的东西
歌词内容,主题,轻松、幽默、诙谐的内容
彝族大帮腔,流传地区,云南省普洱市景东彝族自治县安定镇
彝族大帮腔,历史时长,五、六百年
彝族大帮腔,文化属性,古老多声部打歌形式的彝族民歌
朱氏正骨,核心,家传正骨手法和祖制秘方
朱氏正骨疗法,遵循,传统中医正骨疗法
朱氏正骨疗法,辅助使用,接骨药酒
朱氏正骨疗法,内服药物,祖制接筋续骨丸
朱氏正骨疗法,内服药物,活血化瘀散
朱氏正骨疗法,辅以,增进人体精气神的系列保健酒
朱氏正骨疗法,治疗手段,拔伸、对正、复位、按摩等手法
朱氏正骨疗法,发明工具,中小型骨伤正骨复位治疗器
中小型骨伤正骨复位治疗器,作用效果,四肢骨折、脱臼等骨伤恢复过程大大缩短
朱氏正骨,所用草药来源,祖传秘方及杨林地区特有山药材
朱氏正骨,外敷方式,依照骨伤部位外敷配合正骨治疗
朱氏正骨疗法,传承特点,药材等属不外传的祖传秘方
朱氏正骨疗法,面临问题,传承人出现青黄不接的现象
朱氏正骨疗法,入选项目,云南省第三批省级非物质文化遗产代表性项目名录
哈尼族民歌阿茨,民族学特征,表现爱情主题
哈尼族民歌阿茨,历史学特征,记述了哈尼族人的人生足迹
哈尼族民歌阿茨,符号学特征,歌节讲究对偶、押韵、韵律
哈尼族民歌阿茨,美学特征,独特的风格
哈尼族民歌阿茨,社会学特征,在不同场合分为大声、中声和小声三种唱法
哈尼族民歌阿茨,民族学特征,歌词来源于生活实践自由灵活富有哈尼族生活气息
哈尼族民歌阿茨,符号学特征,章节复沓自由又有规律
哈尼族民歌阿茨,美学特征,多声部演唱方式
哈尼族民歌阿茨,社会学特征,演唱形式分为乐器伴奏和无乐器伴奏
哈尼族民歌阿茨,民族学特征,以三弦、小二胡、巴乌、树叶为伴奏乐器
哈尼族民歌阿茨,历史学特征,曲目以《吾处阿茨》栽秧山歌和《情歌》最具代表性
哈尼族民歌阿茨,符号学特征,有玩耍、动情之意故可意译为玩耍哈吧相爱的歌
哈尼族民歌阿茨,美学特征,凝聚着哈尼族人的音乐智慧和才能
哈尼族民歌阿茨,历史学特征,入选云南省第四批省级非物质文化遗产代表性项目名录
云南省人民政府,命名为非物质遗产文化保护区,碑格乡彝族朴拉支系
朴拉人服饰,包含元素,男女装/刺绣针/红毛线团/布匹/帽子/头饰
朴家姑娘,学习技艺,刺绣和编织
刺绣与编织工艺,特点,无固定图案且绝无雷同
妇女服饰构成,组成部分,包头/外褂/衬衣/围腰
妇女包头样式,类型,银泡高筒帽缀绒球串或发辫毛线大包头
造型手法,采用方式,基础布纹与单线轮廓
制作技艺涵盖形制,类型包括,编制型/织制型/缝制型/拼合型/裁剪型
用色原则,选用色彩,红黄绿黑白蓝六色对比强烈
构图理念,注重要求,适应服装整体感而非突出主题
形式分类,分为两类,盛装和便装
盛装用途,使用场景,节日礼宾和婚嫁时穿着
盛装标志物,戴饰特征,银泡帽体现艺术水平
便装特点,简化装饰,毛巾包头便于劳作
传统价值,具有属性,传承和保护价值
妇女服饰基调色,主色调,大红色
制作工艺,包括方法,挑花刺绣/拼接/织绣
审美特征,表现效果,色调热烈且头部装饰夸张
现状挑战,面临问题,机制服饰流行导致传统服饰受冲击
非遗认定,入选项目,云南省第四批省级非物质文化遗产扩展项目名录
代表性传承人,担任者,王妮作
墨江哈尼族服饰,民族学特征,反映哈尼族历史、文化、经济、民族信仰、民族性格和审美理想
墨江哈尼族服饰,历史学特征,体现哈尼族迁徙烙印与农耕劳作的记忆
墨江哈尼族服饰,符号学特征,通过刺绣、纹样记录无文字的迁徙史
墨江哈尼族服饰,美学特征,以黑色为主色调辅以靛青/灰/蓝/白色
墨江哈尼族服饰,社会学特征,分男装和女装的社会性别区分
墨江哈尼族服饰,民族学特征,儿童/青年/成年/老年不同生命周期的服饰体系
墨江哈尼族服饰,历史学特征,原料、色彩、款式与梯田农耕生产密切相关
墨江哈尼族服饰,美学特征,银饰搭配犬齿、兽骨、毛线的复合材质运用
墨江哈尼族服饰,符号学特征,黑色被视为吉祥色、生命色和保护色
墨江哈尼族服饰,社会学特征,入选云南省级非物质文化遗产代表性项目名录扩展项目
李桐,拜师对象,犹七
李桐传统骨伤疗法,入选名录,云南省第四批省级非物质文化遗产代表性项目名录
李昭,身份,代表性传承人
李桐传统骨伤疗法,治疗方法,内服
李桐传统骨伤疗法,治疗方法,洗浴
李桐传统骨伤疗法,治疗方法,放血
李桐传统骨伤疗法,治疗方法,推拿按摩
李桐传统骨伤疗法,治疗方法,烧火
李桐传统骨伤疗法,治疗方法,割治
李桐传统骨伤疗法,治疗方法,拔火罐
李桐传统骨伤疗法,治疗方法,熏蒸
祖传药物,类型,单方
祖传药物,类型,复方
祖传药物,类型,粉粒
祖传药物,类型,药丸
祖传药物,类型,水剂
祖传药物,类型,酒剂
李桐传统骨伤疗法,药物特点,宜
李桐传统骨伤疗法,药物特点,便
李桐传统骨伤疗法,药物特点,易
李桐传统骨伤疗法,药物特点,廉
李桐传统骨伤疗法,诊断前提,望
李桐传统骨伤疗法,诊断前提,问
李桐传统骨伤疗法,诊断前提,切
李桐传统骨伤疗法,诊断前提,诊
自制麻醉剂,包括类型,局部麻醉汁
自制麻醉剂,包括类型,点闻麻醉剂
花街节,民族学特征,壮族独有的民间传统民俗活动
花街节,历史学特征,起源由来已早可追溯的具体时间已无从考证
花街节,符号学特征,五颜六色的壮族刺绣和各种闪亮的银饰品
花街节,美学特征,五彩斑斓、人潮涌动的景象
赶花街,社会学特征,会友、对歌、择偶
赶花街,民族学特征,壮族文化内涵
赶花街,历史学特征,每年农历二、三月份举办
赶花街,符号学特征,花糯米、花蛋等各色美食
赶花街,美学特征,身着节日盛装
广南壮族花街节,社会学特征,增强了民族自信心和自豪感
广南壮族花街节,民族学特征,入选云南省第四批省级非物质文化遗产代表性项目名录
广南壮族花街节,历史学特征,近年来连续举办了壮族赶花街系列文化活动
广南壮族花街节,符号学特征,媒体宣传报道
广南壮族花街节,美学特征,提升了知名度和影响力
陆寿龙,民族学特征,项目代表性传承人
金兰村刀杆节,社会学特征,促进民族团结
金兰村刀杆节,社会学特征,促进地方经济文化发展
金兰村刀杆节,民族学特征,彝族传统习俗活动
金兰村刀杆节,民族学特征,东巴文化元素融入
金兰村刀杆节,历史学特征,纪念三十六家祖先祭祖仪式
金兰村刀杆节,历史学特征,祭祀明末清初本族祖先杨姓读书人
金兰村刀杆节,历史学特征,纪念南诏天子段思平朝拜天子
金兰村刀杆节,历史学特征,纪念明朝戍边的兵部尚书王骥
金兰村刀杆节,符号学特征,三十六把刀梯象征三十六家祖先
金兰村刀杆节,符号学特征,两口犁铧撒香面燃火焰代表下火海
金兰村刀杆节,符号学特征,三十六面小彩旗与三十六炷香的阵列布置
金兰村刀杆节,美学特征,东巴舞与剑术表演的艺术性
金兰村刀杆节,美学特征,倒立、横空、飞旋等高难度动作造型美
金兰村刀杆节,美学特征,歌舞、唱山歌、小调的音乐韵律美
金兰村刀杆节,美学特征,打跳和文娱表演的集体动态美感
金兰村刀杆节,符号学特征,上刀山隐喻勇气考验
金兰村刀杆节,历史学特征,入选云南省第四批省级非物质文化遗产代表性项目名录扩展项目名录
金兰村刀杆节,民族学特征,融民间祭祀、体育竞技、文化娱乐与经贸活动为一体
妈妈酒,传承方式,母传女
制作中草药酒曲,关键环节,酿制妈妈酒
采摘时间,农历六月初六,山中草药材长势最好药效最佳
酿制过程步骤,晾晒碾碎成粉末,采回的药材
酿制过程步骤,准备足够的糯米粉,混合原料基础
酿制过程步骤,煮汁放凉后加入,黄皮果叶、柚子叶等十多味新鲜中草药
酿制过程步骤,按比例加入,糯米粉与碾好的草药粉
酿制过程步骤,揉捏成药团,小孩拳头大小
发酵床材质,棉絮、土布或稻草铺,放置药团
发酵管理措施,留出缝隙透入空气,第一、二日
发酵现象,出现白色绒毛,第三天掀开时药团上
干燥方式,自然阴干后拿到阳光下晒干,药团
质量判断标准,颜色越白说明质量越好,晒干后的药团
功效特征,使酒香持久绵长,中草药酒曲
功效特征,舒筋活血,中草药酒曲
功效特征,涵养滋补,中草药酒曲
功效特征,健脾养胃,中草药酒曲
非遗项目,云南省第四批省级非物质文化遗产代表性项目名录,中草药酒曲制作技艺
代表性传承人,玉秀英,中草药酒曲制作技艺
《红昭和饶觉席那》,民族学特征,苗族生活风俗展现
《红昭和饶觉席那》,历史学特征,反抗封建统治阶级压迫精神意志体现
《红昭和饶觉席那》,符号学特征,苗语口口相传传承方式
《红昭和饶觉席那》,美学特征,语言极富民族与地方特色
《红昭和饶觉席那》,社会学特征,追求自由美满爱情主题
《红昭和饶觉席那》,民族学特征,苗族文化研究经典作品
《红昭和饶觉席那》,符号学特征,汉文翻译和古歌曲谱完善出版
《红昭和饶觉席那》,美学特征,人物塑造、环境描写、气氛渲染到位
《红昭和饶觉席那》,社会学特征,杨新秀首次演唱取得极大成功
《红昭和饶觉席那》,民族学特征,入选云南省第四批省级非物质文化遗产代表性项目名录
《红昭和饶觉席那》,历史学特征,项目代表性传承人是王汉哲
佤族织锦,社会学特征,传承人年事已高
佤族织锦,社会学特征,青年兴趣不足
佤族织锦,社会学特征,后继乏人
佤族织锦,民族学特征,佤族传统文化
佤族织锦,历史学特征,入选中国第五批国家级非物质文化遗产代表性项目名录
佤族织锦,符号学特征,黄、绿、白、蓝相间辅助色
佤族织锦,符号学特征,粉红、粉紫、棕色辅助色
佤族织锦,符号学特征,直线几何花纹
佤族织锦,符号学特征,平行线几何花纹
佤族织锦,符号学特征,方形几何花纹
佤族织锦,符号学特征,三角形几何花纹
佤族织锦,符号学特征,菱形几何花纹
佤族织锦,美学特征,色彩深浅变化
佤族织锦,美学特征,连续几何图案
佤族织锦,美学特征,厚实紧密质地
竹木制腰机,部件数量,十七个
佤族织锦技艺,主要工序,捻线搓线
佤族织锦技艺,主要工序,绕线
佤族织锦技艺,主要工序,挑花
佤族织锦技艺,主要工序,织布
项目代表性传承人,姓名,娜汉
玉溪市通海县,代表性,滇南石狮雕刻技艺
工匠,根据场所地点构思创作,滇南石狮雕刻
制作流程,先用窑泥石膏制小样模型,滇南石狮雕刻
选材,青石砂石汉白玉等,滇南石狮雕刻
工具使用,锤錾刀切割机砂轮机角磨机磨光机铁杆,滇南石狮雕刻
造型特点,头大腿细脑凸鼻凹耳如卷叶尾毛卷曲体毛似火焰形,滇南石狮
姿态特征,半蹲式四肢发达,滇南石狮
整体形象,挺拔圆润活泼灵动,滇南石狮
工艺现状,受冲击因复杂改雕北方石狮,滇南石狮雕刻
非遗名录,云南省第三批省级非物质文化遗产代表性项目,滇南石狮雕刻技艺
项目代表性传承人,鲁永红、解智达,滇南石狮雕刻技艺
美学特征,细腻与精致,滇南石狮雕刻技艺追求
鬃毛特征,飘忽纹理清晰,滇南石狮头部
平川狮灯,流传地区,云南省大理市宾川县平川镇及周边乡镇
平川狮灯,演出时段,每年正月初一至十五以及重大节庆日
平川狮灯,组成部分,道具狮子、马鹿、白鹤、麒麟
平川狮灯,伴奏乐器,唢呐、鼓、钹、锣、镲、大铃
平川狮灯,文化功能,祭祀娱人活动
平川狮灯,仪式流程,开光、点相、挂红后用来出灯
平川狮灯,表演环节,玩灯后还有花灯演唱
平川狮灯,社会心理需求,满足百姓大众期盼美好生活的心理需求和精神文化生活需要
平川狮灯,美学特征,具有观赏和娱乐性
平川狮灯,历史地位,增加了节庆的喜庆氛围在当地百姓心中有着重要的位置
平川狮灯,非遗级别,云南省第四批省级非物质文化遗产代表性项目名录
平川狮灯,代表性传承人,李文芳
平川狮灯,民族学特征,风格独特的民族打击乐和唢呐伴奏
平川狮灯,符号学特征,灯队受邀吹奏过路调到主家主家接灯灯头给主人三次报彩
平川狮灯,符号学特征,财神驾动黑虎高举财神棒口颂祝词
平川狮灯,符号学特征,主人便用硬币和糖果打财神
祭天古歌,民族学特征,维西县叶枝镇的祭天最为隆重
祭天古歌,历史学特征,每年夏历冬月傈僳族正月举行历时三天三夜
祭天古歌,符号学特征,用傈僳语演唱
祭天古歌,美学特征,由主持人祭天师吟唱二十四部祭天古歌
祭天经文内容,社会学特征,包括神话传说、历史故事、自然现象、节令气候、生产生活、传统医药、求神祈福等方方面面
祭天经文内容,民族学特征,是一部从不同侧面记录和反映傈僳族历史文化的重要资料
祭天古歌,社会学特征,在民间有广泛传承谱系清晰
祭天古歌,社会学特征,吟唱的禁忌较多
祭天古歌,社会学特征,语言和习俗的限制给祭天古歌的学习和传承造成了一定的困难亟待保护
祭天古歌,民族学特征,项目代表性传承人有余志新、余辉、大力等
昌宁彝族唢呐乐,社会学特征,举办祭祀、婚丧娶嫁、建房竖柱、老人过寿、庆祝丰收等重大活动必不可少
昌宁彝族唢呐乐,历史学特征,源于南诏国宫廷至今有上千年的历史
昌宁彝族唢呐乐,符号学特征,管身是木制呈圆椎形上端装有带哨子的铜管下端套一个铜制的喇叭口俗称碗口也称喇叭
昌宁彝族唢呐乐,符号学特征,曲调内容可分为祭祀调、喜庆调、忧伤调三类
昌宁彝族唢呐乐,符号学特征,不同场合吹奏不同曲目且有严格要求
祭祀调,代表性曲目,《敬香调》《敬酒调》《敬茶调》
喜庆调,代表性曲目,《开堂调》《压棚调》《迎客调》《过山调》《拜堂调》
忧伤调,代表性曲目,《开咽喉调》《隔娘调》《下葬调》《隔魂调》
昌宁彝族唢呐乐,社会学特征,集中展现了彝族人民的创造力
昌宁彝族唢呐乐,历史学特征,入选云南省第四批省级非物质文化遗产代表性项目名录扩展项目名录
昌宁彝族唢呐乐,社会学特征,项目代表性传承人是张正祥
岛庭捞,苗语含义,欢跃地看山变为城
苗族花山节,举行时间,每年农历五月初五
苗族花山节,参与范围,全县九个乡镇及周边地区
苗族花山节,辐射地区,贵州威宁、四川高县、珙县
苗族迁徙历史,迁出地,贵州石门坎、四川珙县等地
苗族迁徙历史,迁入地,昭通大关县天星镇凉风坳一带
凉风小学,创办时间,清代光绪末年
初期花山节,核心内容,祭祀活动
祭祀仪式,对象,祖先和神灵
传统活动,包括,跳芦笙舞、对歌、踢球
现代新增活动,包括,篮球、足球、田径、爬山、射弩、赛马、绩麻、穿针、服饰展示、文艺演出、篝火晚会、物资交流
芦笙舞,保留特征,十大芦笙套曲
十大芦笙套曲,包含曲目,《嘎绕》《更多吉》《更踏》《更逃》《更猎法》《更走》《更咋得》《更改嘎》《更尝斗》《更朝吉》
代表性项目,包括,大鼓、射弩
优秀团体/选手,涉及领域,云南少数民族文艺和体育领域
大关苗族花山节,入选名录,云南省第一批省级非物质文化遗产代表性项目名录
项目代表性传承人,包括,杨兴明、韩义友、张明清
车灯演唱集,历史学特征,内容多以传统和古典文学著作中的故事为主
车灯演唱集,符号学特征,唱词格律主要是七字句和五字句
车灯表演形式,社会学特征,多人说、唱、舞表演形式
传统车灯形式,社会学特征,三人表演一人男扮女装饰演幺姑二人为逗灯手
水富车灯,符号学特征,有三个灯调即正调、下河调、南路调
车灯伴奏乐器,符号学特征,主要有锣、鼓、钹、小马锣、二胡、笛子等以锣鼓为主
车灯道具,符号学特征,主要有手帕、扇子、花枪等
车灯行业掌门人,社会学特征,必须德才兼备
车灯传承方式,社会学特征,固定的师徒间口口相传
车灯艺人,历史学特征,曾有著名车灯艺人邓月安、周开金、曹仁金、周茂纯、冯奎等三代传人
车灯现状,社会学特征,年轻一代不愿学习车灯文化遭遇冷落已濒临失传的边缘
车灯保护需求,社会学特征,亟待加以有效保护
车灯入选项目,历史学特征,年车灯入选云南省第四批省级非物质文化遗产代表性项目名录
项目代表性传承人,历史学特征,冯奎
白族阿吒力民俗音乐,融合元素,音乐与舞蹈
白族阿吒力民俗音乐,起源时期,南诏时期
白族阿吒力民俗音乐,传播路径,随佛教传入云南大理白族地区
白族阿吒力民俗音乐,文化结合对象,白族土著文化
阿吒力教,所属宗派,佛教密宗
阿吒力教,兴盛时期,南诏中晚期
阿吒力教,延续朝代,元、明、清
白族阿吒力民俗音乐,主要表现形式,演唱形式
白族阿吒力民俗音乐,腔调数量,近两百首
白族阿吒力民俗音乐,伴奏乐器,龙头三弦
白族阿吒力民俗音乐,伴奏乐器,哑胡
白族阿吒力民俗音乐,伴奏乐器,唢呐
白族阿吒力民俗音乐,伴奏乐器,芦管
白族阿吒力民俗音乐,吸收元素,白族民间音乐
白族阿吒力民俗音乐,吸收元素,白族民间舞蹈
白语声调,数量范围,六到八个
汉字白读,定义,用白语声调读汉字
白族阿吒力民俗音乐,演唱方式,汉字白读
白族阿吒力民俗音乐,创新性改动领域,音乐
剑川阿吒力,独有曲调用途,超度亡灵
剑川阿吒力,独有曲调名称,白文经荐亡白词
施食仪式,使用唱词体裁,三七七五式山花体
施食仪式,演唱语言,白语
施食仪式,演唱调式,祭祀调
白族阿吒力民俗音乐,具备价值类型,历史学特征
白族阿吒力民俗音乐,具备价值类型,符号学特征
白族阿吒力民俗音乐,具备价值类型,美学特征
白族阿吒力民俗音乐,入选名录,云南省第四批省级非物质文化遗产代表性项目名录
白族阿吒力民俗音乐,代表性传承人,杨云轩
白族阿吒力民俗音乐,代表性传承人,张宗义
白族阿吒力民俗音乐,代表性传承人,罗金科
白族阿吒力民俗音乐,代表性传承人,车玉江
七甸,传统产业,家家开马店户户卖咸菜
七甸酱菜,代表产品,卤腐
七甸气候,特征,凉爽干燥
七甸水质用途,作为水源地,多家矿泉水厂
卤腐分类,包括类型,青方/红方/白方
七甸卤腐所属类别,属于,红方类
七甸卤腐发酵方法,采用,自然的毛霉发酵法
卤腐制作流程,包含步骤,大豆筛选/浸泡/磨浆/过滤/煮浆/制浆/成型/压榨/切块/前发酵/晾晒/腌胚/后发酵/包装醇化
卤腐工艺细节,子工艺数量,近三十道工序
七甸卤腐生产时段,从...至...,一年中气温最低的月至次年月
七甸卤腐陈化时长,需时,半年
七甸卤腐外观特征,外红里黄)17.(七甸卤腐口感特点,味香不咸
七甸卤腐质地特性,质地爽滑)19.(卤腐营养成分来源,"蛋白质分解产物,多肽和氨基酸以及大量的低聚肽类"
卤腐保健功能,包括,抗衰老/降血脂/调节胰岛素
七甸卤腐文化认定,入选项目,云南省第四批省级非物质文化遗产代表性项目名录
七甸卤腐传承人,代表性人物,郭少伟
纳西族打跳,民族学特征,纳西族传统文化的重要组成部分
纳西族打跳,历史学特征,从元代《云南志略》到明朝木公诗以及东巴经中都有文字记载
纳西族打跳,符号学特征,“毕哩搓姿蹉咚劳丽蹉”即汉语“打跳边歌边舞”的意思
纳西族打跳,美学特征,和合稳重的艺术审美特征
纳西族打跳,民族学特征,最为古老的民间舞蹈
纳西族打跳,历史学特征,纳西族古老丧葬舞蹈通过宗教民俗化后遗留下来的原始身体运动的文化遗存
纳西族打跳,符号学特征,基本步伐以交叉行进、跺跳、对脚跳为主
纳西族打跳,社会学特征,凡遇节庆活动甚至平时都会到四方街、三朵阁、玉峰寺等地集会娱乐欢歌打跳
纳西族打跳,社会学特征,受外来文化的冲击和农村青年进城务工等多种因素的影响
纳西族打跳,社会学特征,随着老一辈纳西艺人的逐渐离世打跳走上了濒临失传的道路亟待保护
纳西族打跳,历史学特征,入选云南省第四批省级非物质文化遗产代表性项目名录
纳西族打跳,民族学特征,项目代表性传承人是和向军
石屏县彝族刺绣,民族学特征,体现花腰彝族尊重自然、和谐相处的观念
石屏县彝族刺绣,历史学特征,入选云南省第三批省级非物质文化遗产代表性项目名录扩展项目名录
石屏县彝族刺绣,符号学特征,图案蕴含植物/动物/自然现象/几何/文字等文化内涵
石屏县彝族刺绣,美学特征,色彩艳丽对比强烈以红黑色为主辅以黄蓝绿白各色
石屏县彝族刺绣,符号学特征,中心对称和轴对称为显著特征
石屏县彝族刺绣,工艺特征,剪纸艺人剪出底样后手工绣制
石屏县彝族刺绣,代表传承人,普丽仙
石屏县彝族刺绣,代表传承人,罗秀珍
石屏县彝族刺绣,代表传承人,龙秀珍
石屏县彝族刺绣,代表传承人,普发珍
植物图案,符号学特征,包含马樱花/山茶花/牡丹花等意象
动物图案,符号学特征,采用孔雀/鸳鸯/蝴蝶等吉祥生物造型
自然现象图案,符号学特征,表现山川河流太阳月亮彩虹元素
几何图案,符号学特征,运用八角花/菊花/窗花等规则图形
文字图案,符号学特征,使用福寿禧等吉祥文字表达祝愿
刺绣图案,结构特征,通过中心对称与轴对称布局
西双版纳,是,大叶种茶的主要基地之一
阮福《普洱茶记》,记载,“所谓普洱茶者非普洱界内所产盖产于府属之思茅厅界也”
六大茶山,包括,倚邦、架布、习崆、蛮砖、革登、易武
六大茶山,位于,西双版纳境内
七子饼茶,代表,传统制作技艺
主要制作工艺,包括,采摘、揉捻、晒干、筛拣、拼配、蒸软、做型、压制、晾干、包装
拼配,作用,保证茶叶品质和特定滋味/茶气
茶叶,分为,春、夏、秋三季茶
不同地区产的茶菁,存在,明显差别
拼配类型,包括,同一节令不同地区茶的拼配
拼配类型,包括,不同等级茶的拼配
拼配比例,取决于,滋味/品质/客户要求
加工方式,按,盖面茶、茶、二梭茶合饼
主料拼配步骤,涉及,不同节令和等级的茶菁混合
蒸压环节流程,包括,底部放芽茶→放入拼配好的茶菁→加二梭茶→插入索片→空隙处放芽茶→盖面茶复蒸
传统手工压制七子饼,特点,条索清晰/白毫显露/美观大方/松紧适度/透气性好
传统工艺优势,便于,后发酵/久存更佳/方便取用
西双版纳普洱茶传统制作工艺,入选,云南省级非物质文化遗产代表性项目名录扩展项目名录
项目代表性传承人,包括,张毅
项目代表性传承人,包括,庄建丽
项目代表性传承人,包括,毛云生
项目代表性传承人,包括,桂云芝
呈贡剪纸,民族学特征,多民族服饰刺绣底样应用
呈贡剪纸,历史学特征,入选云南省第三批省级非物质文化遗产代表性项目名录扩展项目
呈贡剪纸,符号学特征,民俗信仰主题（摇钱树/金童玉女/奈何桥等）
呈贡剪纸,美学特征,造型夸张与去粗取精的艺术手法
呈贡剪纸,社会学特征,存活于乡间的生活化传承
呈贡剪纸,民族学特征,各民族家居饰品普遍使用
呈贡剪纸,历史学特征,项目代表性传承人袁狱兰
呈贡剪纸,符号学特征,吉祥图案象征体系（十二生肖/鲤鱼跳龙门等）
呈贡剪纸,美学特征,剪刀剪与刀剪双轨工艺体系
制作主体,花腰傣妇女,秧箩/背箩/斗笠
核心技法,经纬编织法,傣族竹编
辅助工艺,疏编/插/穿/削/锁/钉/扎/套,图案多样化
典型器物,鸡枞斗笠,民族标识
关联领域,婚俗/葬礼/信仰研究,历史文化价值
非遗级别,云南省第四批省级非物质文化遗产,傣族竹编
传承人,李正清,项目代表性传承人
生态基础,溪水淙淙翠竹环绕,资源利用
符号象征,服饰组成部分,鸡枞斗笠
社会结构,生产生活用具,鱼笼/鳝笼/桌凳/果篮
美学特征,花色多样,编织图案
彝族羊皮褂,民族学特征,永仁彝族姑娘出嫁的必备嫁妆
彝族羊皮褂,历史学特征,从唐代《蛮书》记载云南先人男女皆披羊皮
彝族羊皮褂,符号学特征,必须有四只脚和一条羊尾的皮保留完好
彝族羊皮褂,美学特征,图案丰富、下部有绣花
彝族羊皮褂制作技艺,社会学特征,入选云南省第四批省级非物质文化遗产代表性项目名录
彝族羊皮褂,材质分类,绵羊皮和山羊皮两种
绵羊皮褂,功能用途,主要用于保暖
山羊皮褂,选材标准,以毛长、色黑为宜
彝族羊皮褂传承现状,社会学特征,熟练掌握制作技艺的匠人日渐减少
彝族羊皮褂传承现状,社会学特征,喜爱穿的群众有所减少
彝族羊皮褂传承困境,社会学特征,天然羊皮来源减少
傣族传统木雕,类别,浮雕
傣族传统木雕,类别,透雕
圆雕,代表性作品,泼水龙
泼水龙,用途,芒市傣族泼水节浴佛仪式道具
泼水龙,功能特性,龙口能喷水浴佛
圆雕,题材包括,佛像
圆雕,题材包括,神像
圆雕,题材包括,神兽
浮雕,规格厚度,厘米
浮雕,雕刻内容,佛经故事
浮雕,艺术地位,代表芒市傣族传统木雕最高水准
浮雕,陈列位置,悬挂于奘房佛像两侧
傣族传统木雕,风格基础,吸收东南亚木雕艺术特色
傣族传统木雕,设计特点,注重实用性和装饰性
傣族传统木雕,造型特征,庄严古朴
傣族传统木雕,艺术价值,较强艺术感染力
傣族传统木雕,文化定位,傣族传统文化重要组成部分
傣族传统木雕,现存问题,部分遭到破坏
破坏表现,具体案例,奘房建筑木质雕刻大量流失
工艺变迁,传统替代材料,铁皮制作泼水龙
传承现状,核心问题,艺人老年化严重
传承现状评估,结论,不容乐观
傣族木雕,荣誉认定,云南省第四批省级非物质文化遗产代表性项目名录
项目代表性传承人,姓名,腾四
葫芦笙舞,起源时间,元朝泰定年间
葫芦笙舞,功能场景,生产生活
葫芦笙舞,功能场景,节庆祭祀
葫芦笙舞,表现形式分类,小歌
葫芦笙舞,表现形式分类,大歌
小歌,音乐特点,节奏缓慢
大歌,参与者限制,男性青壮年
大歌,音乐风格,热情豪放
葫芦笙舞,队形结构,逆时针围圈群舞
葫芦笙舞,特殊跳法,独舞
葫芦笙舞,特殊跳法,顺时针跳法
大歌,主要动作元素,跺/腾/踢/提/迈/踮/转身跳跃
小歌,主要动作元素,左右脚踏步/迈/抬/擦地/转身/摆手
葫芦笙类型,包括,大葫芦笙
葫芦笙类型,包括,小葫芦笙
演奏规则,规定,有大芦笙不吹奏小芦笙不得出声音
演奏队列,顺序,吹小葫芦笙者跟上
舞蹈编排,跟随方式,众人跟在小葫芦笙后面踏歌而舞
祭祀性舞蹈套路,包含曲目,起头歌
祭祀性舞蹈套路,包含曲目,接歌
祭祀性舞蹈套路,包含曲目,小直歌
祭祀性舞蹈套路,包含曲目,踮歌
祭祀性舞蹈套路,包含曲目,蹩脚歌
祭祀性舞蹈套路,包含曲目,绕棺歌
祭祀性舞蹈套路,包含曲目,抵孝歌
自娱性舞蹈套路,包含曲目,大直歌
自娱性舞蹈套路,包含曲目,跺三脚
自娱性舞蹈套路,包含曲目,扫地歌
自娱性舞蹈套路,包含曲目,箐鸡摆尾
自娱性舞蹈套路,包含曲目,阿弩西和
自娱性舞蹈套路,包含曲目,二退四
自娱性舞蹈套路,包含曲目,斑鸠吃水
自娱性舞蹈套路,包含曲目,靠篱笆
自娱性舞蹈套路,包含曲目,滑歌
自娱性舞蹈套路,包含曲目,赶牛歌
自娱性舞蹈套路,包含曲目,喜鹊歌
自娱性舞蹈套路,包含曲目,吵脚歌
自娱性舞蹈套路,包含曲目,里翻外里
自娱性舞蹈套路,包含曲目,阴事扫地歌
忧事歌类别,包含曲目,绕棺歌
忧事歌类别,包含曲目,阴事扫地歌
喜事歌类别,对应其他曲目)51.(传承范围,"年龄跨度,上至六七十岁的老人"
传承范围,年龄跨度,下至几岁小孩
云南省第三批省级非物质文化遗产代表性项目名录扩展项目,入选项目,永德县葫芦笙舞
项目代表性传承人,包括,曹福昌
项目代表性传承人,包括,张金保
甸北白族田埂调,流传地区,云南省大理白族自治州鹤庆县草海镇
甸北白族田埂调,起源时间,元代
甸北白族田埂调,起源时间,明代
甸北白族田埂调,表演形式,对口山歌
甸北白族田埂调,使用语言,汉语
甸北白族田埂调,伴奏乐器,小三弦
甸北白族田埂调,伴奏乐器,笛子
甸北白族田埂调,伴奏乐器,柳叶
甸北白族田埂调,内容主题,《相思调》
甸北白族田埂调,内容主题,《相交调》
甸北白族田埂调,内容主题,《叙苦情》
甸北白族田埂调,歌词结构,一唱一答
甸北白族田埂调,修辞手法,拟人
甸北白族田埂调,修辞手法,比喻
甸北白族田埂调,修辞手法,夸张
甸北白族田埂调,社会功能,情绪表达媒介
甸北白族田埂调,应用领域,生活习俗
甸北白族田埂调,传承方式,民歌赛
甸北白族田埂调,传承方式,集会活动
甸北白族田埂调,代表性传承人,洪子盛
文山苗族花山节,收杆仪式日期,第四天
文山苗族花山节,代表性地区,马关县
文山苗族花山节,别称,踩花山/踩山
文山苗族花山节,苗语名称,够道厚道
文山苗族花山节,历史起源,纪念苗族祖先征战、迁徙的艰难历程
《嘉靖图志》,记载内容,男女未婚者每岁三、四月聚集于场圃间中立一杆环绕跳跃歌唱
花杆,材质选择,十余米高的杉树
花杆,装饰特征,剥光树皮立地而起树尖顶部系各色彩带
文山苗族花山节,活动环节,立杆
文山苗族花山节,活动环节,祭杆
文山苗族花山节,活动环节,闹杆
祭杆、闹杆,性质定位,最为隆重
嚆榜,手持物品,象征平安顺达的桑树枝
祭杆队伍构成,包含角色,四名芦笙手
祭杆队伍构成,包含角色,九名手持盾牌的武士
祭杆队伍构成,包含角色,八名双手捧着红白蓝布条的少女
后续队伍,组成成分,芦笙队
后续队伍,组成成分,盾牌队
行进节奏依据,音乐器械,牛皮鼓
行进方式,围绕对象,花杆缓步绕圈
朝向方位,东方肃立)27.(嚆榜,"祭祀行为,杀鸡祭奠祖先、英雄和神灵"
嚆榜,社交礼仪,向各方来宾敬酒
祭杆队伍,文化活动,绕杆唱诵古歌
闹杆活动内容,包括项目,吹芦笙
闹杆活动内容,包括项目,弹响篾
闹杆活动内容,包括项目,跳芦笙舞
闹杆活动内容,包括项目,跳盾牌舞
闹杆活动内容,包括项目,耍大刀棍棒
闹杆活动内容,包括项目,爬花杆
闹杆活动内容,包括项目,斗牛
闹杆活动内容,包括项目,射弩
闹杆活动内容,包括项目,打陀螺
闹杆活动内容,包括项目,情歌对唱
爬花杆比赛,获胜标准,谁最先摘下杆顶的礼物
爬花杆比赛获胜者,社会荣誉,花山节的英雄
爬花杆比赛获胜者,情感影响,受到姑娘们的青睐
收杆仪式后行为,具体操作,将悬挂的布条剪下拴在孩子们手上
拴布条目的,文化寓意,保佑他们健康成长
文山苗族花山节,非遗地位,云南省第一批省级非物质文化遗产代表性项目名录
文山苗族花山节,项目代表性传承人,杨文云
诺邓火腿,民族学特征,白族文化载体
诺邓火腿,历史学特征,与古代盐井开发相生相伴
诺邓火腿,符号学特征,使用古盐井卤盐腌制
诺邓火腿,美学特征,表面绿色霉菌“挂绿衣”
诺邓火腿,社会学特征,群众集体制作技艺传承
诺邓火腿,民族学特征,白族生存智慧体现
诺邓火腿,历史学特征,入选云南省第四批省级非物质文化遗产
诺邓火腿,美学特征,风干工序形成独特形态
诺邓火腿,社会学特征,项目代表性传承人杨伍松
诺邓火腿,民族学特征,白族饮食文化代表
诺邓火腿,历史学特征,八大盐井分布关联性
诺邓火腿,符号学特征,“拍压上盐”工艺符号
诺邓火腿,美学特征,三至五年陈化增香过程
西盟佤族木鼓舞,民族学特征,佤族传统习俗
西盟佤族木鼓舞,历史学特征,《司岗里》创世传说
西盟佤族木鼓舞,符号学特征,“克罗”(木鼓的佤语名称
西盟佤族木鼓舞,美学特征,气势恢宏风格独特
木鼓房,社会学特征,每个村寨有一至数个
木鼓分类,符号学特征,一公一母或一母一子
母木鼓,符号学特征,稍大的木鼓
公木鼓,符号学特征,稍小的木鼓
表演形式,社会学特征,男女老幼围成大圈参与
动作特点,美学特征,双脚立与肩宽半蹲半俯
动作特点,美学特征,送胯转身抬脚成三道弯
动作特点,美学特征,挥舞木棒自转一周
传承方式,社会学特征,口传身授
文化互动,社会学特征,各族群众共同参与
云南省非遗名录,历史学特征,第三批省级扩展项目
代表性传承人,社会学特征,岩聪/娜焕/岩相太
双人表演,艺术形式,木鼓舞变体
单人表演,艺术形式,木鼓舞变体
生殖崇拜起源,历史学特征,原始信仰体系
平川唢呐调,民族学特征,汉族、白族、彝族音乐交融
平川唢呐调,历史学特征,始于明末盛于清代
平川唢呐调,符号学特征,以鸣号为节点转换曲调
平川唢呐调,美学特征,通过音律表现艺术效果
丧调,组成结构,序曲、举丧调、送葬调
社火表演伴奏曲,组成结构,出灯调、耍龙调、耍狮调
平川唢呐调,应用场景,过年过节
平川唢呐调,应用场景,竣工庆典
平川唢呐调,应用场景,红白喜事
平川唢呐调,传承形式,专门固定的套曲形式
平川唢呐调,代表性传承人,杨益林
下村麸醋制作技艺,传入时间,清朝道光年间
下村麸醋制作技艺,带入家族,聂氏家族
下村麸醋,主要原料,麦麸
下村麸醋,主要原料,大米
下村麸醋,主要原料,泉水
下村麸醋,糖化发酵剂,中草药药曲
醋曲,主要原料,高度白酒
醋曲,主要原料,百样草
百样草,包括药材,茯苓
百样草,包括药材,甘草
百样草,包括药材,金银花
百样草,包括药材,蒲公英
百样草,包括药材,砂仁
百样草,包括药材,乌梅
百样草,包括药材,白芷
百样草,包括药材,香薷
百样草,包括药材,八角
百样草,包括药材,茴香
百样草,包括药材,杜仲
百样草,包括药材,薄荷
百样草,包括药材,紫苏
百样草,包括药材,藿香
百样草,包括药材,川芎
下村麸醋制作技艺,关键步骤,制作醋曲
醋曲制作,使用工具,木范
发酵液,基础成分,上好大米煮成的稀饭
浸泡出醋液,次数,三次
熬煮生醋,添加作料,五香作料
熬煮生醋,具体香料,八角
熬煮生醋,具体香料,茴香
下村麸醋,口感特点,酸味醇厚
下村麸醋,口感特点,回味甘甜
下村麸醋,口感特点,清香柔和
下村麸醋用途,烹饪调味,居家常用
下村麸醋用途,特色食品调料,保山名特食品豆粉
下村麸醋用途,保健功能,祛病强身
下村麸醋历史作用,预防疾疫,抗日战争期间
下村麸醋销售范围,国内城市,南京
下村麸醋销售范围,国内城市,上海
下村麸醋销售范围,出口地区,东南亚
现存老字号,名称,胜香斋醋庄
胜香斋醋庄,经营时长,逾百年
下村麸醋原料特性,天然性,全为天然植物
下村麸醋经济效益,创造效益类型,较好经济效益
下村麸醋非遗地位,入选项目,云南省第四批省级非物质文化遗产代表性项目名录扩展项目名录
下村麸醋制作技艺传承人,姓名,聂承龙
纳西族象形文字,特征,原始艺术性
纳西族象形文字,特征,形象生动性
纳西族象形文字,特征,丰富积淀性
纳西族象形文字,特征,活态传承性
纳西族象形文字硬笔书写艺术,价值,文字书写形式起源发展活态研究
纳西族象形文字硬笔书写艺术,价值,古文字形象书写布局审美研究
纳西族象形文字硬笔书写艺术,价值,原始艺术形态研究
纳西族象形文字硬笔书写艺术,价值,古文字学研究
纳西族象形文字硬笔书写艺术,价值,古文字书写绘画应用
纳西族象形文字硬笔书写艺术,价值,传统东巴经典传抄传承
《黑白战争》,知识图谱特征,社会学特征
《黑白战争》,知识图谱特征,民族学特征
《黑白战争》,知识图谱特征,历史学特征
《黑白战争》,知识图谱特征,符号学特征
《黑白战争》,知识图谱特征,美学特征
署明村,位于,丽江市玉龙县塔城乡
署明村,是,纳西族最早的居住地之一
东巴祭祀活动,贯穿于,生老病死/婚丧嫁娶/起房造屋/搬迁出行/伐木开道
署明村主要祭祀活动,包含,祭天/祭署/祭风/祭丁巴什罗/祭素神/梭多仪式/祭是日神和三朵神/送火神
村民生活仪式,遵循严格习俗,生育/取名/成年/婚嫁/丧葬/盖房/乔迁
重大节日,包括,三多节/火把节/春节/端午节/中秋节
乐器种类,包括,直笛/芦笙/口弦/大鼓/手鼓/摆铃/铃子/铜锣/海螺/牛角号
传统舞蹈,包含,东巴舞/《哦热热》/《喂默达》/《热美蹉》/《啊哩哩》/《羊修噜》
传统曲艺形式,用于,男女谈情说爱
传统技艺代表,是,东巴画
其他传统技艺,包括,彩扎/面偶/木雕/东巴造纸/毛纺织/酿酒/竹编/木工/刺绣/皮革制作
体育竞技项目,包括,荡秋千/咬石头比赛/掰手劲/抓半子/下棋/老虎抢蛋
女子服饰特色,以,七星羊皮披肩
七星象征意义,源于,开天九兄弟辟地七姐妹传说
村落特征,具有,非物质文化遗产相对集中
实物载体保存状况,完好,与东巴文化有关
入选名录,成为,云南省第三批省级非物质文化遗产代表性项目
羊皮鼓舞,流传地区,楚雄彝族聚居地区
羊皮鼓舞,活动时间,农历腊月/正月/二月
紫溪镇板凳山,保存完整性,楚雄市境内最完整
羊皮鼓舞,组织单位,户或村
羊皮鼓舞,表演场所,土主庙
领舞者,身份特征,身穿法衣
领舞者,手持道具,羊皮鼓
羊皮鼓舞,动作要素,边击/边舞/边唱
舞步类型,包括,崴脚/勾膝/闪身/转胯/窜花/跺步跳
舞蹈套路,依据,祭祀程序
五兵歌,文学形式,七言句
五兵歌,涵盖主题,民族历史/民俗礼仪/农耕祭祀/社会伦理/道德规范
五兵歌,社会功能,教化世人
羊皮鼓舞,传承困境,土主庙年久失修
羊皮鼓舞,传承危机,后继乏人
紫溪镇板凳山土主庙,保护措施,重新修复
羊皮鼓舞,非遗级别,云南省第四批省级非物质文化遗产扩展项目
项目代表性传承人,姓名,罗廷富/何应贵
双河村,主要民族支系,他留人
双河村,别称,他留山
双河村,历史遗迹,他留古城
双河村,文化发祥地,他留人和他留文化
双河村,森林覆盖率,达以上
传统民居类型,包括,汉族合院或庭院
传统民居特色建筑,姑娘棚)9.(兰氏祖屋,"历史年限,多年"
宗教信仰类型,原始自然崇拜)11.(宗教信仰类型,祖先崇拜
自然崇拜细分,天地崇拜)13.(自然崇拜细分,生殖崇拜
自然崇拜细分,自然神崇拜)16.(自然崇拜细分,动物崇拜
传统节日,杷杷节)18.(传统节日,春节
传统节日,宗支节)20.(婚恋习俗特色,过七关
婚恋习俗特色,串青春棚)22.(民间文学作品,《创世神话》
民间文学作品,《上坟由来》)24.(民间文学作品,《战争传说》
民间文学作品,《造天地日月》)26.(民间文学作品,《洪水冲天》
民歌分类,情歌)28.(民歌分类,谜语歌
民歌分类,赶马调)30.(民歌分类,童谣
民歌分类,祝酒歌)32.(民歌分类,祭祀歌
乐器种类,笛子)35.(乐器种类,箫
乐器种类,口弦)37.(乐器种类,葫芦笙
乐器种类,小三弦)39.(乐器种类,长号
乐器种类,鼓)41.(乐器种类,锣
乐器种类,铙钹)43.(乐器种类,铃
舞蹈类型,丧葬舞)45.(舞蹈类型,节庆舞
舞蹈类型,情绪舞)47.(舞蹈方式,打跳
手工技艺,乐器制作)50.(手工技艺,草编
手工技艺,篾编)52.(手工技艺,皮革制作
手工技艺,擀羊毛毡)54.(手工技艺,挑花刺绣
手工技艺,手工酿酒)56.(传统游艺,打秋干
传统游艺,老兜抱蛋)58.(传统游艺,射智
传统游艺,射箭)60.(传统游艺,摔跤
民族服装材质,火草麻布)64.(服装分类,劳动装
服装分类,礼装)66.(成年礼仪式,十五岁行成年礼
女性换装仪式,女孩子隆重举行)68.(全国重点文物保护单位,年营盘村墓群
文物包含,古城遗址)70.(文物包含,他留坟林
文物包含,大德寺)72.(宗教场所,俄告他留祭祖堂
宗教场所,栖云洞)74.(非遗项目名录,云南省第三批省级非物质文化遗产代表性项目
蜡染裙,民族学特征,重要文化载体
男子头帕,历史学特征,青色帕子长六尺至一丈二尺
布纽扣,工艺特征,别致设计
绿丝带,符号学特征,腰部装饰象征
宽裆大脚裤,民族学特征,传统裤型制式
元宝鞋/皮钉鞋,历史学特征,多样鞋履演变
人字型绑腿纹路,符号学特征,青年身份标识
便装与盛装区分,社会学特征,日常与仪式功能差异
镶花部位差异,民族学特征,支系文化识别标志
制作工艺复杂性,美学特征,精细手工技艺表现
云南省级非遗名录,历史学特征,文化遗产认定体系
熊启兰,社会学特征,项目代表性传承人角色
青蓝绿白色系,美学特征,自然色彩审美体系
那诺哈尼梯田,保护级别,云南省省级重点文物保护单位
保护区植被类型,包含,亚热带树种
保护区植被类型,包含,竹类
保护区植被类型,包含,蕨类
保护区植被类型,包含,藤类
传统民居结构,采用材质,土木结构
聚落格局,保持状态,传统风貌
公共设施,包括,磨秋场
公共设施,包括,磨秋桩
公共设施,包括,文化活动中心
传统习俗,包括,选材
传统习俗,包括,盖新房
传统习俗,包括,贺新房
宗教信仰对象,包括,龙树
社会规范体系,构成部分,传统村规民约
传统节日,包括,哈尼十月年
传统节日,包括,黄饭节
传统节日,包括,苦扎扎节
传统节日,包括,昂玛突
传统节日,包括,开秧门
传统节日,包括,出穗节
民间音乐形式,包括,创世歌
民间音乐形式,包括,叙事歌
民间音乐形式,包括,劳动歌
民间音乐形式,包括,情歌
民间音乐形式,包括,儿歌
民间音乐形式,包括,小调
民间音乐形式,包括,摇篮曲
民间音乐形式,包括,酒礼歌
民间音乐形式,包括,接亲调
民间音乐形式,包括,送亲调
民间音乐形式,包括,哭嫁歌
艺术表现形式,包括,棕扇舞
艺术表现形式,包括,牛皮大鼓舞
艺术表现形式,包括,毛巾舞
传统技艺,包括,织布
传统技艺,包括,哈尼族服饰制作
传统技艺,包括,竹编
传统技艺,包括,酿酒
传统技艺,包括,传统饮食制作
民族体育项目,包括,女子丢包
民族体育项目,包括,打陀螺
民族体育项目,包括,男子荡秋千
民族体育项目,包括,磨秋
民族体育项目,包括,转秋
民族体育项目,包括,摔跤
民族体育项目,包括,拔河
民族体育项目,包括,斗牛
传承机构,包括,棕扇舞传习所
传承机构,包括,哈尼族民歌传承点
示范项目,名称,塔朗民俗文化生态示范村
表演团队组成人员身份,为,当地村民
入选名录名称,为,云南省第四批省级非物质文化遗产代表性项目名录
知名民间艺人,包括,段克朗
知名民间艺人,包括,杨皮者
知名民间艺人,包括,段培者
知名民间艺人,包括,段复兴
知名民间艺人,包括,段来那
卡甲,社会学特征,规范人们行为
卡甲,社会学特征,化解矛盾纠纷
卡甲,民族学特征,藏民的包容和豁达
卡甲,民族学特征,增强民族认同感和凝聚力
卡甲,历史学特征,古老的民间习俗
卡甲,符号学特征,传统谚语
卡甲,符号学特征,格言
卡甲,符号学特征,警句
卡甲,美学特征,诙谐
卡甲,美学特征,含蓄
鹤庆手工纸,分类,竹麻纸
白棉纸,原料,构树皮
白棉纸,特性,白如棉
白棉纸,特性,薄如蝉翼
白棉纸,特性,韧似锦绫
白棉纸,用途,书写契约
白棉纸,用途,抄写经卷
竹麻纸,俗称,土纸
竹麻纸,原料,竹麻
竹麻纸,细分类型,粗纸
竹麻纸,细分类型,细纸
细纸,用途,描绘刺绣花样
粗纸,用途,习字
粗纸,用途,烧纸
制作白棉纸,步骤,清水河床浸泡八至十天
制作白棉纸,步骤,拌入石灰粉
制作白棉纸,步骤,蒸窑持续蒸制三天
制作白棉纸,步骤,河水中浸泡去掉石灰
制作白棉纸,步骤,搓揉去掉外层黑皮
制作白棉纸,步骤,浸泡两三天后捞出去掉水分
制作白棉纸,步骤,加水拌入草木灰
制作白棉纸,步骤,入窑蒸两三天
制作白棉纸,步骤,浸泡两天漂净草木灰
制作白棉纸,步骤,置于石碓中舂成茸纸筋
制作白棉纸,步骤,放入泡浆池稀释兑浆加滑水
制作白棉纸,步骤,用特制的帘子荡入纸浆池抄出均匀纤维层
制作白棉纸,步骤,反扣在压榨架上沥水一天
制作白棉纸,步骤,用五尺杠子压榨水分
制作白棉纸,步骤,分张均匀裱在烘烤房立壁上
制作白棉纸,步骤,生火烘干一到两天
制作白棉纸,关键工艺,兑浆滑水
兑浆滑水,作用,纸张间隔离
兑浆滑水,作用,保持纸浆厚薄均匀
鹤庆传统手工造纸技艺,入选名录,云南省级非物质文化遗产代表性项目名录扩展项目名录
鹤庆传统手工造纸技艺,代表性传承人,尹旺松
中原做豆腐的技艺,传播路径,云南土著居民
土著居民传统饮食习惯,改变内容,食用豆渣弃其浆→制作豆腐
倘塘黄豆腐,色泽特征,金黄
倘塘黄豆腐,形态特征,大小盈掌
倘塘黄豆腐,质地属性,鲜嫩滋润丝直肉实质脆味香
制作工序,包含步骤,拣豆/泡豆磨浆/烫浆滤渣/酸浆点制/包块成形/火煮染色/上串吊挂
酸浆点制,技术性质,全凭匠人经验
火煮染色,文化象征意义,喜庆节日增添吉祥色彩
染色工艺,使用材料,植物熬煮的姜黄汤
成型方式,包裹工具,小块纱布
晾晒工艺,悬挂方式,细麻线拴挂
脱水处理,操作流程,三煮三挂
物理特性,耐久性表现,久储不坏紧实而有弹性
抗冲击测试,实验结果,三米高空摔下保持不破
特色烹饪组合,推荐搭配,与宣威火腿同炒
非遗认定时间,入选批次,云南省第四批省级非物质文化遗产代表性项目名录
代表性传承人,姓名,陈会群
曲靖洞经音乐,历史时期,元、明以来
曲靖洞经音乐,鼎盛时期,清朝
曲靖洞经音乐,旋律形态,戏曲板腔体
曲靖洞经音乐,腔特点,腔多字少
曲靖洞经音乐,配合形式,与打击乐锣鼓经曲套用
曲靖洞经音乐,曲式结构,二段体
曲靖洞经音乐,曲式结构,四段体
曲靖洞经音乐,艺术形式,融吹、拉、弹、打、唱、念为一体
曲靖洞经音乐,经调唱词主题,歌颂五神
曲靖洞经音乐,经调唱词主题,玉皇大帝驱鬼
曲靖洞经音乐,经调唱词主题,驱魔
曲靖洞经音乐,经调唱词主题,度魂
曲靖洞经音乐,整理依据,《文昌大洞仙经》
曲靖洞经音乐,出版作品,《爨乡古乐》
曲靖洞经音乐,代表曲目,《关圣帝君觉世真经》
曲靖洞经音乐,代表曲目,《谈经赞灯科仪》
曲靖洞经音乐,代表曲目,《谈经神咒》
曲靖城区,洞经会组织,宝善堂
曲靖城区,洞经会组织,新宝善堂
曲靖城区,洞经会组织,辅元堂
乡村,洞经会分布特点,几乎乡乡都有洞经组织
曲靖市洞经音乐,入选名录,云南省第三批非物质文化遗产代表性项目名录扩展项目名录
曲靖市洞经音乐,项目代表性传承人,李世纬
曲靖市洞经音乐,项目代表性传承人,张甯博
开远甜藠头,创始人,王宝福
开远甜藠头,创始人配偶,孙如兰
开远甜藠头,原料产地,开远市碑格乡大黑山
开远甜藠头,主要配料,西山牛角辣
开远甜藠头,主要配料,白酒
开远甜藠头,主要配料,食盐
开远甜藠头,加工工艺,乳酸发酵
开远甜藠头,保存方式,土坛保鲜
开远甜藠头,产品特征,色泽金黄透亮
开远甜藠头,产品特征,味甜微辣清香
开远甜藠头,产品特征,质地软嫩脆糯
开远甜藠头,功效作用,消食除腻
开远甜藠头,功效作用,开胃健脾
开远甜藠头,历史沿革,国家公私合营改造纳入开远酱菜园
开远甜藠头,注册商标,泸江牌
开远甜藠头,荣誉认证,云南省第四批省级非物质文化遗产代表性项目名录
开远甜藠头,民间评价,珍珠玉藠头
开远甜藠头,传承方式,集体传承
彝族鼓舞,社会学特征,增强民族团结
彝族鼓舞,社会学特征,传承群体单一化
彝族鼓舞,民族学特征,鲜明的民族地域特征
彝族鼓舞,民族学特征,广泛的群众基础
彝族鼓舞,民族学特征,民间传承性
彝族鼓舞,历史学特征,涉及民族迁徙
彝族鼓舞,历史学特征,农耕节令反映
彝族鼓舞,符号学特征,“乱脚舞”称谓
彝族鼓舞,符号学特征,木棒击鼓咚达声为节奏符号
彝族鼓舞,符号学特征,四二拍节奏强弱分明
彝族鼓舞,美学特征,自由发挥粗犷豪放
彝族鼓舞,美学特征,明快而刚劲的动作风格
彝族鼓舞,美学特征,古朴生动的舞蹈语汇
彝族鼓舞,美学特征,风格独异的山歌小调
纳西族祭天习俗,主要活动区域,云南丽江玉龙纳西族自治县
纳西族祭天习俗,主要活动区域,古城区
纳西族祭天习俗,主要活动区域,川、藏纳西族散居区域
主祭许孙,角色定位,礼仪规范、道德行为、博学多才的导师
主祭许孙,任职制度,终身制
司祭者,身份,东巴
祭天仪式,时间分类,春祭和秋祭
春祭,具体时段,正月初一至十五
春祭,持续时间,四五天或七八天不等
春祭,性质,春节活动的主要内容
秋祭,举行时间,七月中旬
秋祭,别称,七月祭天
秋祭,别称,小祭
祭天场,选址特点,离村不远的野外空地、田野、或山林边
祭坛设置原则,地点要求,郊野之地
祭坛设置原则,遵循古规,郊祭天神
三棵树象征意义,代表对象,达人类女始祖衬红褒白之母
三棵树象征意义,代表对象,许人类女始祖衬红褒白之舅父
祭天内涵,包括内容,祭祀天地自然
祭天内涵,包括内容,人类祖先
纳西族祭天习俗,文化地位,纳西族古老的传统习俗
纳西族祭天习俗,文化地位,纳西族古文化之正宗
纳西族祭天文化,特点,系统、完整、丰富以及深沉的文化积淀
纳西族祭天文化,亲缘关系,古华夏祭天文化
纳西族祭天习俗,荣誉,入选云南省第四批省级非物质文化遗产代表性项目名录
纳西族祭天习俗,项目代表性传承人,杨学红
白族服饰艺术风格,融合特征,素雅与奇美
白族服饰,凝聚内容,勤劳智慧
白族服饰,承载传统,独特文化传统
白族服饰,体现审美,审美意识
白族服饰类型划分依据,根据地域环境不同分为,坝区/山区
坝区白族服饰流传区域,包括,大理市郊/洱源县/鹤庆县坝区
山区白族服饰流传区域,包括,云龙县/剑川县/洱源县山区
大理市郊白族服饰主色调,采用,白/蓝色
大理市郊白族头饰图案元素,集合象征,风花雪月美景
周城喜洲装饰特色,使用,扎染飘带/头巾/挂包
洱源鹤庆服饰色彩基调,以冷色调为主)14.(洱源鹤庆领褂装饰手法,配以红色或蓝色点缀
洱源鹤庆胸前配饰,悬挂刺绣挑花方巾)17.(洱源鹤庆银饰应用,佩戴精美银制须链
鹤庆甸南新娘装风格特点,庄重华贵)19.(鹤庆甸南新娘装主色调,黑色为主
鹤庆甸南新娘服饰组件,包括盘式帽/六层绣花袖上衣/坎肩宽裤等)21.(鹤庆甸南新娘配饰细节,帽花/手镯/戒指/侧胸骨链
山区白族服饰主色调,红/蓝/绿色)23.(山区白族服饰色彩对比效果,鲜明强烈
山区白族布料特性,厚实质地)25.(山区领褂围裙底色选择,黑/蓝色为基底
山区白族纹样设计特点,白色花纹密致点缀)27.(山区结构设计理念,大块面纯色为主
山区局部设计亮点,袖口头巾精巧工艺)29.(山区刺绣挑花特征,色彩艳丽夺目
山区图案内涵特质,原始意蕴浓郁)31.(白族服饰穿着人群分布,多为中老年人
年轻群体穿着现状,穿着较少)33.(传统工艺存续危机,刺绣挑花传承人稀缺
手工技艺传承困境,学习意愿下降)36.(非遗认定时间,入选云南省第四批省级名录
项目代表性传承人,"杨文焕)
1.(纳西族民歌含哦哦","社会学特征,表达手足情深"
纳西族民歌含哦哦,民族学特征,纳西族传统文化
纳西族民歌含哦哦,历史学特征,远古时祖先相聚欢唱起源
纳西族民歌含哦哦,符号学特征,“含”象征金子
纳西族民歌含哦哦,符号学特征,“哦哦”象征相聚凝聚
纳西族民歌含哦哦,美学特征,比喻手法运用
纳西族民歌含哦哦,美学特征,隐晦含蓄委婉表达
纳西族民歌含哦哦,美学特征,三句体结构
纳西族民歌含哦哦,美学特征,宫和角为骨干音
纳西族民歌含哦哦,美学特征,第一句领唱第二三句合唱
纳西族民歌含哦哦,美学特征,第一句旋律重复三次
纳西族民歌含哦哦,美学特征,第三句加入五度大跳
纳西族民歌含哦哦,美学特征,三句落音均结束在宫音上
纳西族民歌含哦哦,美学特征,节奏自由多变
纳西族民歌含哦哦,美学特征,五个延迟音无固定拍数
纳西族民歌含哦哦,美学特征,体现民间口头文学精粹
纳西族民歌含哦哦,美学特征,体现民歌艺术精粹
纳西族民歌含哦哦,历史学特征,入选云南省第四批省级非物质文化遗产代表性项目名录
禄劝县彝族刺绣,民族学特征,以彝族民间信奉的图腾为核心创作元素
禄劝县彝族刺绣,历史学特征,入选云南省第三批省级非物质文化遗产代表性项目名录扩展项目
禄劝县彝族刺绣,符号学特征,腊梅代表坚韧高洁
禄劝县彝族刺绣,符号学特征,南瓜花寓意丰收富足
禄劝县彝族刺绣,符号学特征,麦瓜花体现农耕文化
禄劝县彝族刺绣,符号学特征,草兰花表达自然之美
禄劝县彝族刺绣,符号学特征,虎/鹰/龙作为彝文化图腾崇拜载体
禄劝县彝族刺绣,符号学特征,绵羊角图案象征生活顺畅安康
禄劝县彝族刺绣,符号学特征,旗盘纹样指代城郭田地
禄劝县彝族刺绣,符号学特征,石榴图案寓意多子多福
禄劝县彝族刺绣,美学特征,构图对称工整且一气呵成
禄劝县彝族刺绣,美学特征,采用四十多种绣法技艺体系
禄劝县彝族刺绣,美学特征,无需辅助工具徒手布局绘图
禄劝县彝族刺绣,美学特征,实现功能性与装饰性统一设计
禄劝县彝族刺绣,社会学特征,应用于服装/家居/日用品多领域
禄劝县彝族刺绣,民族学特征,项目代表性传承人包括陈国稳/游定美/杨汉芬
禄劝县彝族刺绣,历史学特征,从传统服饰延伸至现代家居装饰体系
拖姑村回族传统文化生态保护区,民族构成,回族
拖姑清真寺,建筑类型,木结构建筑
拖姑清真寺,文物保护级别,省级重点文物保护单位
拖姑清真寺,名列称号,云南十大古寺之一
拖姑村,民居结构类型,土木结构
拖姑村,民居结构类型,砖混结构
拖姑村回族,宗教信仰实践,五大功修（念、礼、斋、课、朝）
拖姑村回族,传统礼仪,行割礼
拖姑村回族,传统礼仪,净身（大净小净）
拖姑村回族,传统节庆,古尔邦节
拖姑村回族,传统节庆,开斋节
拖姑村回族,传统节庆,圣纪节
拖姑村回族,婚礼习俗步骤,说亲
拖姑村回族,婚礼习俗步骤,订婚
拖姑村回族,婚礼习俗步骤,娶讨
拖姑村回族,婚礼习俗步骤,念证婚词
拖姑村回族,丧葬方式,土葬
拖姑村回族,民间文学代表作品,《哈元生的故事》
拖姑村回族,民间文学代表作品,《蔡文炳的故事》
拖姑村回族,民间文学代表作品,《马连升的故事》
拖姑村回族,民间文学代表作品,《拿龙传说》
拖姑村回族,传统手工艺,挑花
拖姑村回族,传统手工艺,刺绣
拖姑村回族,传统食品,九大碗
拖姑村回族,传统食品,牛干巴
拖姑村回族,传统食品,香油馓子
拖姑村回族,传统食品,丝窝糖
拖姑村回族,传统食品,荞米线
拖姑村回族,传统体育赛事,摔跤
拖姑村回族,传统体育赛事,扳手腕
拖姑村回族,传统体育赛事,倒肱腰
拖姑村回族,传统体育赛事,赛跑
拖姑村回族,传统体育赛事,翻抛团
拖姑村回族,传统体育赛事,修天
拖姑村回族,传统体育赛事,扭扁担
拖姑村回族,民族服饰代表,盖头
拖姑村回族,民族服饰代表,布疙瘩衣服
拖姑村回族,民族服饰代表,毛布底鞋子
拖姑村,生态环境特征,依山傍水
拖姑村附近,地理标志物,桃园
拖姑村附近,地理标志物,长山林场
拖姑村附近,地理标志物,桃园水库
拖姑村,村落格局特征,保持传统风貌
拖姑村,入选项目名称,云南省第三批省级非物质文化遗产代表性项目名录
力格高,民族学特征,白族文化活动形式
力格高,历史学特征,无乐器伴奏以踏地为节的传统
力格高,符号学特征,模仿动物形态如羊羔吃奶/老鹰展翅/猴子遮眼
力格高,美学特征,粗犷质朴的东方踢踏舞风格
力格高,社会学特征,逆时针方向圈舞队形
力格高,历史学特征,入选云南省第四批省级非物质文化遗产
力格高,符号学特征,动作名称提示跳法如一二三步/擦进退跳
力格高,美学特征,微含胸双膝稍屈的身体动律
力格高,社会学特征,男女舞者呼喊声统一动作节奏
力格高,民族学特征,表现山地白族坚韧豪放性格
力格高,历史学特征,近年加入鼓伴奏的创新演变
力格高,美学特征,跺地有力与弹性颤动结合
力格高,社会学特征,主人家留客做客的社群互助传统
力格高,历史学特征,项目代表性传承人莽秀枝
力格高,符号学特征,相互转单双麻花等套路符号
力格高,美学特征,前屈较深的情绪激昂表现
朵翀,社会学特征,广泛的群众性
朵翀,社会学特征,民间传承性
朵翀,民族学特征,纳西族传统文化交融共生
朵翀,民族学特征,藏族传统文化交融共生
朵翀,历史学特征,缘起于修建桑耶寺及传承佛法
朵翀,历史学特征,唐朝中后期传至金沙江中游地区
朵翀,历史学特征,保留在丽江市玉龙县塔城乡境内
朵翀,历史学特征,发源地西藏自治区山南地区基本失传
朵翀,符号学特征,聚合、聚拢的意象
朵翀,符号学特征,歌舞剧形式展示
朵翀,美学特征,综合性
朵翀,美学特征,完整性
朵翀,美学特征,表演时间长长达小时
朵翀,美学特征,篇幅宏大结构严谨
朵翀,美学特征,包容和谐的精神特质
朵翀,美学特征,对美好幸福生活的执着追求
朵翀,历史学特征,公元年赞普赤松德赞组织修建桑耶寺
桑耶寺,历史学特征,西藏第一座具有佛、法、僧三宝的正规寺院
朵翀,历史学特征,开光法会当晚僧俗大众通宵达旦歌舞庆祝
朵翀,民族学特征,纳西族与藏族文化交融实证
立秋节,象征意义,吉祥
彝族先人,崇拜对象,牛神
彝族,活动内容,斗牛活动
立秋节,时间,每年农历立秋这一天
女装,组成部分,包头
女装,组成部分,麻布长袖花衣
女装,组成部分,羊毛短袖黑衣
女装,组成部分,麻布筒裙
女装,组成部分,羊毛毡围腰
女装,外套,绣花衣
女装,配饰,扎红腰带
男装,主色调,黑白两色
男装,组成部分,包头
男装,组成部分,麻布长袖衣
男装,组成部分,羊毛褂
男装,组成部分,马甲
男装,组成部分,长裤
公牛获胜,代表意义,该村该户会种庄稼会过生活
人们,夜间活动,围着篝火载歌载舞
姑娘小伙,夜间行为,吹着树叶唱着绵绵情歌
立秋节,功能属性,农产品交易会
秋场,功能属性,物品交流场所
人们,交易物品,粮食
人们,交易物品,日用品
人们,交易物品,服饰
六哨彝族立秋节,传承方式,家庭传承
六哨彝族立秋节,传承方式,群体自发性传承
六哨彝族立秋节,传承方式,长辈口耳相传
六哨彝族立秋节,文化作用,传承彝族服饰文化
六哨彝族立秋节,文化作用,传承歌舞乐
六哨彝族立秋节,社会作用,促进农产品的交流交易
六哨彝族立秋节,社会作用,促进经济社会发展
世纪年代以来,社会现象,彝族青年男女大批外出打工
彝族立秋节,荣誉地位,云南省第四批省级非物质文化遗产代表性项目名录
男子手巾舞,流传地区,广南县
男子手巾舞,起源活动,丧葬祭祀
男子手巾舞,历史功能,祭祀性舞蹈
男子手巾舞,演变形式,自娱性群众舞蹈
男子手巾舞,表演时机,农闲/节庆期间
男子手巾舞,伴奏乐器,牛皮鼓
男子手巾舞,伴奏乐器,牛角号
男子手巾舞,伴奏乐器,铓锣
男子手巾舞,服饰特征,白色头帕
男子手巾舞,服饰特征,纯白色或五彩腰带
男子手巾舞,动作特点,前脚尖点地
男子手巾舞,动作特点,两腿膝盖同时弯曲
男子手巾舞,步伐特征,左右脚交替前移
男子手巾舞,文化内涵,兴礼仪
男子手巾舞,文化内涵,重孝道
男子手巾舞,社会功能,弘扬美德
男子手巾舞,社会功能,教化育民
男子手巾舞,文化遗产级别,云南省第三批省级非物质文化遗产
男子手巾舞,代表性传承人,陆国安
男子手巾舞,研究价值,壮族传统文化
男子手巾舞,研究价值,文化多样性保护
阿銮,民族学特征,傣族民间文学特殊现象
阿銮,历史学特征,南传上座部佛教传入后形成
阿銮,符号学特征,佛陀托生转世五百五十代象征
阿銮,美学特征,独立故事结构互不关联
阿銮,社会学特征,广泛传播于傣族地区
阿銮传承,社会学特征,高水平艺人日益减少面临困境
阿銮入选非遗名录,历史学特征,云南省第四批省级非物质文化遗产代表性项目
阿銮内容分类,民族学特征,包含佛经本土化与本土故事融合
阿銮主题类型,美学特征,王子公主爱情叙事模式
阿銮英雄定义,民族学特征,机智勇敢象征体系
猫耳斗铜烟锅制作技艺,传承民族,民族学特征
猫耳斗铜烟锅造型,象征意义,符号学特征
猫耳斗铜烟锅纹饰,审美风格,美学特征
白铜合金配比,工艺规范,民族学特征
高温熔铸定型法,技术演变,历史学特征
红白色彩对比,视觉构成,美学特征
錾花装饰图案,文化寓意,符号学特征
铜件包浆效果,使用痕迹美学,美学特征
家族传承谱系,李广周/李存勋,民族学特征
非遗名录认定,文化保护机制,历史学特征
器型尺寸分级,功能适应性设计,符号学特征
铜烟嘴人体工学,实用与审美平衡,美学特征
酸汗腐蚀现象,时间印记美学,社会学特征
收藏价值判定,物质文化载体,历史学特征
生活用品延伸开发,文化符号扩散,符号学特征
藏族雕版印经技艺,主要工具,槽口挑刀、平口刀、反凿、平凿、大凿和指甲凿
木刻印版材料,选用树种,西南桦
贴样用纸标准,最佳材质,上等薄藏纸
雕刻顺序原则,操作规范,先大后小、先深后浅、先粗后细
迪庆藏族雕版分类,功能类型,使用型、文化传播型、艺术审美型
经幡悬挂方式,形式类别,悬挂式、插挂式、立柱式、经幡塔
迪庆藏族雕版制品,代表文献,《甘珠尔》《丹珠尔》香格里拉版
雕版印经技艺,文化属性,中国藏文化和雕版印刷史重要组成部分
藏族雕版印经技艺,非遗级别,云南省第四批省级非物质文化遗产
纳西族,民族学特征,祭署仪式与东巴教祭祀仪式密切相关
纳西族,历史学特征,先民在长期生产生活中形成与自然和谐发展的文化传统
祭署仪式,符号学特征,使用东巴经书和法器作为沟通媒介
祭署仪式,美学特征,融合文学/舞蹈/绘画/工艺等艺术表现形式
东巴祭司,社会学特征,全面掌握纳西族知识和技能的传承人
署神孰龙龙王,民族学特征,被认定为掌管自然的超自然精灵
署古,符号学特征,"""与署沟通""的仪式命名体系"
农历二月龙日/蛇日,历史学特征,特定时间节点举行仪式的传统历法
署寨设置,社会学特征,构建神圣空间的社会实践活动
除秽仪式,民族学特征,体现净化观念的仪式程序
东巴经书,符号学特征,承载宗教知识的文本符号系统
法器使用,美学特征,具有造型艺术价值的祭祀器具
和世先/杨文吉,民族学特征,项目代表性传承人身份认定
环境变化,历史学特征,现代生活方式对传统仪式的冲击
传承濒危,社会学特征,掌握全套仪式者数量锐减现状
群众性参与,民族学特征,广泛的民间传承基础
自然崇拜,符号学特征,通过仪式表达的生命观与宇宙观
嵩明县洞经音乐,传入者,傅友德、沐英
嵩明县洞经音乐,艺术形式特点,歌、乐、礼、诵融为一体
民间组织团体,包含名称,崇文学、明轮学、同文学、启文学、忠善学、忠义学、普惠学、凤仪学、正文学、体仁学
谈演经典,具体作品,《玉清无极总真文昌大洞仙经》《真武玄帝报恩经》《宝藏仙经》
嵩明洞经音乐,分类方式,曲牌、经曲两类
曲牌,细分类型,大乐曲牌、细乐曲牌
经曲,细分类型,大乐经曲、细乐经曲
乐队设置,乐器类别,吹、拉、弹、打
演奏形式,场域区分,文场、武场
文场特点,风格描述,典雅、古朴、旋律悠扬婉转优美动听
武场特点,风格描述,锣鼓激越豪放、庄重威武、气氛热烈欢腾叠荡宏大壮阔
嵩明洞经音乐,节奏特征,字少腔多
节奏拍号,常见类型,拍和拍
唱奏特点,板眼规律,板眼分明、规整平稳
唱词结构,句式形式,四言、五言、七言、长短句
演唱处理方式,多段反复时调整,个别音符变动不改变旋律主体节奏
音域范围,跨度限制,十二度以内
调式特征,常见调式,羽、徵、宫
美学风格,融合元素,古乐之风、江南丝竹之韵
美誉称号,文化定位,滇东雅乐
非遗地位,入选批次,云南省第四批省级非物质文化遗产代表性项目名录扩展项目名录
项目传承人,代表性人物,杨怀义
昭通洞经音乐,民族学特征,由中原经四川传入昭通
昭通洞经音乐,历史学特征,明代传入，清代中期以来主要在特定活动中表演
昭通洞经音乐,历史学特征,中华民国时期尚存敦义学、述孝学、伦理学三个团体
昭通洞经音乐,社会学特征,每次人每班演唱两个小时
昭通洞经音乐,符号学特征,首座为领唱确定唱腔和控制节奏快慢
昭通洞经音乐,符号学特征,右排副座为单独朗诵经文者
昭通洞经音乐,美学特征,代表作品包括《甘洲歌》《北斗挂城边》等多首
昭通洞经音乐,历史学特征,世纪年代以后随着庙会活动停止正规演唱也随之停止直到年复苏
昭通洞经音乐,民族学特征,使用法器有板鼓、提板、木鱼、大鼓、小云锣等
昭通洞经音乐,民族学特征,使用乐器有大钹、大镲、苏钹、小镲、小锣等
昭通洞经音乐,民族学特征,使用乐器有二胡、三弦、笛子、唢呐等
易门豆豉,成为贡品时期,清朝康熙年间
易门豆豉,主要原料,当地特产小黄豆
豆皮状态,最佳采收期,青中带黄七八成熟时
制作流程步骤,包括环节,收豆、剥豆、清洗、蒸煮、发酵、加辅料、搅拌装罐等
发酵容器材质,使用材料,透气的竹箩
分层结构,组成方式,一层豆秸或松针一层豆子
关键工艺参数,需控制因素,温度
温度过高后果,产生现象,泛酸
地理标志产品,核心产区,浦贝村
水源特色,灌溉用水来源,石莲寺泉水
代表性传承人,姓名,魏建堂
成品类型区分,分类品种,水豆豉/干豆豉
调味添加剂,包含成分,高粱酒、辣椒、草果、八角等
视觉审美价值,外观特征,色香味俱全
文化符号载体,工艺象征意义,历史贡品身份
当地人,纪念对象,祖先和猴子
面具制作材料,包括,藤条
彝语称猴子为,阿奴)5.(演变后的汉语称呼,阿奴得
参与者身份,彝族青少年男子)8.(活动内容,头戴面具身绑藤条装扮成猴子模样
活动性质,祭祀的祈福活动)10.(面具修复材料,通草、山药、毛发
面具绘制工具,色料)12.(面具制作者限制,除徒弟外不允许其他人观看
保管方式,本人保管)14.(存放时间地点,年三十晚上快凌晨时送入村外林中一年在东方一年在西方分别藏好
取出时间,天亮后)16.(参与绑山花子的人员年龄范围,至岁的男性村民
信号方式,三声火药枪大鞭炮鸣响)18.(模仿行为,学猴子奔跑模样又跳又叫
活动场地,村里较广的场子上)21.(祭拜仪式主持者,村里有名望的长者
祈求内容,来年全村民众安居乐业、风调雨顺、五谷丰登、人丁满门、六畜兴旺)23.(分组方式,每三人一组
后续行动,挨家入户拜年)25.(驱邪除魔方式,本村青壮年及长辈手持刺刀把绑在神猴身上的藤条割断
形成背景,长期的生产劳动实践)27.(艺术形式表达,感情、意志和愿望
入选名录,云南省第四批省级非物质文化遗产代表性项目名录)30.(项目代表性传承人,张荣华
沙桥,历史学特征,唐宋至元朝政治经济文化中心
沙桥,历史学特征,八郡通衢滇中旱码头
南华沙街调,历史学特征,源于春耕栽种期间演唱的民歌
南华沙街调,历史学特征,发展出节庆、迎新、嫁娶等喜庆时的表现形式
南华沙街调,历史学特征,已有数百年的历史
南华沙街调,符号学特征,四平腔
南华沙街调,符号学特征,男唱时一人独唱女应时则由一主唱者领唱首句全体齐和
南华沙街调,美学特征,曲调委婉流畅
南华沙街调,美学特征,高音起调高声转调放腔轮腔长词一气呵成
南华沙街调,美学特征,音域宽旋律跳跃大
南华沙街调,符号学特征,以地方方言为主唱词富有乡土气息
南华沙街调,符号学特征,内容丰富多为即兴发挥
南华沙街调,美学特征,首句大起大转犹如波澜起伏能激起听者心灵共鸣给人以美的享受
南华沙街调,符号学特征,表现形式为独唱、领唱、对唱
南华沙街调,社会学特征,对嗓音要求较高技艺较难把握在短时间内很难独立完成
南华沙街调,社会学特征,现只有少数五十岁以上的妇女和老人还能传唱
南华沙街调,历史学特征,入选云南省第四批省级非物质文化遗产代表性项目名录
水竹纸伞,原材料,上好棉纸
水竹纸伞,特性,透明度好
水竹纸伞,特性,工艺精致
水竹纸伞,特性,轻巧美观
水竹纸伞,特性,质朴典雅
水竹纸伞,用途,晴雨天均可使用
水竹纸伞,抗性,不易破裂
水竹纸伞,抗性,不易褪色
水竹纸伞,抗性,不易变形
水竹纸伞,伞架材料,当地优质水竹
水竹纸伞,伞骨材料,当地优质水竹
水竹纸伞,其他原料,白棉纸
水竹纸伞,其他原料,桐油
水竹纸伞,其他原料,丝线
水竹纸伞,其他原料,面熬成的糨糊
水竹纸伞,制作工具,凿子
水竹纸伞,制作工具,削刀
水竹纸伞,制作工具,竹钻
水竹纸伞,制作工具,木花印章
水竹纸伞,制作流程,选材
水竹纸伞,制作流程,锯竹
水竹纸伞,制作流程,刨青
水竹纸伞,制作流程,削骨
水竹纸伞,制作流程,锯槽
水竹纸伞,制作流程,钻孔
水竹纸伞,制作流程,锯伞托
水竹纸伞,制作流程,锯伞帽
水竹纸伞,制作流程,蒸煮
水竹纸伞,制作流程,晒干
水竹纸伞,制作流程,装柄
水竹纸伞,制作流程,装键
水竹纸伞,制作流程,绕伞圈
水竹纸伞,制作流程,糊伞边
水竹纸伞,制作流程,印花
水竹纸伞,制作流程,收卷
水竹纸伞,制作流程,上桐油
水竹纸伞,制作流程,套伞把
水竹纸伞,制作流程,结顶
水竹纸伞,规格,直径
水竹纸伞,规格,厘米
水竹纸伞,伞面材料,优质白棉纸
水竹纸伞,图案主题,传统花鸟
水竹纸伞,图案主题,人物
水竹纸伞,文化特征,浓郁的民族特色
水竹纸伞,文化特征,地域特色
水竹纸伞,社会功能,挡阳遮雨的日常用品
水竹纸伞,民俗用途,嫁娶婚俗礼仪中不可或缺的物品
水竹纸伞,象征意义,遮羞
水竹纸伞,象征意义,遮阳
水竹纸伞,象征意义,辟邪
水竹纸伞,传承现状,濒危状态
水竹纸伞,保护级别,云南省第四批省级非物质文化遗产代表性项目名录扩展项目名录
水竹纸伞,项目代表性传承人,张荣华
临翔碗窑陶器制作技艺,民族学特征,傣族泥条盘筑技法
临翔碗窑陶器制作技艺,历史学特征,始于明代
临翔碗窑陶器制作技艺,符号学特征,龙窑木柴烧制方式
临翔碗窑陶器制作技艺,美学特征,红砂陶与黑砂陶材质
临翔碗窑陶器制作技艺,民族学特征,露天无窑烧制技艺
临翔碗窑陶器制作技艺,历史学特征,保留静塑手制向轮制过渡形态
临翔碗窑陶器制作技艺,符号学特征,陶车/搅车棍/花锤等工具体系
临翔碗窑陶器制作技艺,社会学特征,云南省级非物质文化遗产扩展项目
临翔碗窑陶器制作技艺,民族学特征,邓安康、杨丕追传承人身份
临翔碗窑陶器制作技艺,历史学特征,从无窑堆烧向有窑烧制过渡形式
临翔碗窑陶器制作技艺,符号学特征,火色钩测温技术应用
临翔碗窑陶器制作技艺,美学特征,艺术性与观赏性结合
临翔碗窑陶器制作技艺,民族学特征,烟灰缸/香炉/酒坛等民俗用品生产
临翔碗窑陶器制作技艺,符号学特征,泥浆盆标准化生产设备
临翔碗窑陶器制作技艺,美学特征,原始制陶史各时期特征融合
木碗制作技艺,起源时间,元、明、清之际
木碗制作技艺,传播者,陕西工匠
木碗制作技艺,功能转型,当地生活用品
木碗风格,文化属性,藏式传统风格
制作工序数量,基础流程,十余道
核心工艺步骤,模型修制工具,旋刨机
干燥处理方式,自然条件利用,太阳晒干
表面处理工艺,初级打磨材料,磨砂纸
涂层体系构成,底漆类型,土漆
保湿定型方法,包裹材料,沾水毛毡
特殊储存环境,场所类型,地下室
装饰艺术形式,绘画介质,生漆
图案增强效果,装饰元素,金箔
传统器型分类,典型用途,糌粑盒/酥油盒/茶盒/果盘/酒杯
现代创新产品,扩展品类,香座/酒具/围棋盒/藏式折叠桌/珠宝盒/佐料盒/木镯/木戒指
传承人年龄结构,主要群体,中老年人
项目代表传承人,姓名,鲁茸卓玛
建水县彝族烟盒舞,民族学特征,彝族文化符号载体
建水县彝族烟盒舞,历史学特征,长期发展演绎形成过程
表演类型节目,符号学特征,模仿动植物形态及生产劳动
技艺类动作,符号学特征,高难度技术动作表征
歌舞类形式,美学特征,载歌载舞性别动态对比
三步弦/二步弦,分类属性,纯舞蹈类型
猴子掰苞谷/公鸡打架,归属类别,表演类型
长虫扭腰/癞蛤蟆扳跤,归属类别,技艺类
老人家大理弦,关联形式,歌舞类边歌边舞
龙开芬,传承角色,项目代表性传承人
云南省第四批省级非物质文化遗产,认定时间,年入选扩展项目名录
烟盒舞四大类型体系,结构特征,纯舞蹈/表演/技艺/歌舞分类
阿昔思,建造,圆通寺
圆通山名,来源,圆通寺
明代,题词,螺峰叠嶂
明辛联芳,创作,《螺峰山春》
螺峰山,改建为,市民公园
昆明市,建立,圆通动物园
圆通动物园,改名,昆明动物园
樱花大道,南北宽约,米
樱花大道,东西长余,米
樱花大道,占地面积达,平方米
樱花大道,与...相依,垂丝海棠花道
初春时节,开放,樱花与海棠
圆通樱潮,属于,昆明十六景之一
每年三月,举办地点,圆通山
圆通赏樱活动,具有特色,民间节日特色
市民们,增强信念,建设好家乡
圆通樱潮,类别,传统民俗类非物质文化遗产
圆通樱潮,传承方式,群体性传承项目
圆通樱潮,入选,云南省第四批省级非物质文化遗产代表性项目名录
陆良地区正月十六闹元宵,民族学特征,中原汉族习俗与当地民俗文化融合演变
陆良地区正月十六闹元宵,历史学特征,明代以来延续至今
陆良地区正月十六闹元宵,符号学特征,送灯神象征春节结束
陆良地区正月十六闹元宵,美学特征,舞龙舞狮看灯看表演
走百病,社会学特征,祛疾之习
偷青,民族学特征,象征性地到别家菜地摘片菜叶互相祈求平安
吃糖,符号学特征,当地方言“糖挡”同音寓意抵挡不好的东西
祭柳神,历史学特征,清乾隆《陆凉州志》记载
烧香,社会学特征,前往大觉寺、石佛寺烧香拜佛
送灯神,历史学特征,由灯头率领全队演员到除夕前接灯神的地方焚香叩头将灯神牌位老郎太子及灯笼烧掉
吃凉粉,民族学特征,元宵节独特风俗
舞龙舞狮,美学特征,耍遍四城大街配合表演
踩高跷,美学特征,民间自发组织娱乐活动
旱马,美学特征,配合蚌壳表演
花灯演唱,社会学特征,民间称灯棚巡回演唱到正月十六结束
送灯神活动,历史学特征,表明春节正式结束投入春耕生产
陆良地区正月十六闹元宵,社会学特征,入选云南省第四批省级非物质文化遗产代表性项目名录
罗平菜籽油古法压榨技艺,民族学特征,各民族共赏的特征
罗平菜籽油古法压榨技艺,历史学特征,历史悠久的传统手工技艺
罗平菜籽油古法压榨技艺,社会学特征,亟待加强保护
曲靖陆良滇剧,使用语言,本地方言
俞小九,身份,昆明民乐戏院滇剧名演员
张桂林,身份,昆明民乐戏院滇剧名演员
汪润泉,身份,昆明滇剧名票
汪润泉,职务,厘金总办
扶风社,性质,业余滇剧团
信义剧社,性质,业余滇剧团
陆良滇剧音乐,主要声腔,胡琴
陆良滇剧音乐,兼有腔调,昆曲七句半
陆良滇剧音乐,兼有腔调,大筒筒
陆良滇剧伴奏音乐,类型,文场
陆良滇剧伴奏音乐,类型,武场
陆良滇剧伴奏音乐,组成元素,吹牌
陆良滇剧伴奏音乐,组成元素,曲牌
陆良滇剧伴奏音乐,组成元素,锣鼓经
陆良滇剧唱腔,借鉴来源,外地剧种声腔
陆良滇剧,入选项目,云南省第四批省级非物质文化遗产代表性项目名录扩展项目名录
滕国祥,身份,项目代表性传承人
《风云盘江道》,类型,剧照
《昭君出塞》,类型,剧照
罗炳升,身份,省内颇有影响的演员
张天成,身份,省内颇有影响的演员
罗澄秋,身份,省内颇有影响的演员
滕国祥,身份,省内颇有影响的演员
陈祖道,身份,省内颇有影响的演员
王连珍,身份,省内颇有影响的演员
潘吉光,身份,省内颇有影响的演员
吴世新,身份,省内颇有影响的演员
陆良滇剧团,排演制作剧目,《野营前夜》
陆良滇剧团,排演制作剧目,《盘江红旗》
陆良滇剧团,排演制作剧目,《三凤求凰》
陆良滇剧团,排演制作剧目,《御河桥》
陆良滇剧团,排演制作剧目,《三姐下凡》
陆良滇剧团,排演制作剧目,《姐弟情》
陆良滇剧团,排演制作剧目,《滇族女奴》
陆良滇剧团,排演制作剧目,《护火记》
陆良滇剧团,排演制作剧目,《黑访白》
岔河新村迎宾仪式,民族学特征,彝族罗罗支系自称罗罗濮
岔河新村迎宾仪式,历史学特征,近千年的历史
岔河新村迎宾仪式,符号学特征,彝族土主庙
岔河新村迎宾仪式,符号学特征,彝门
岔河新村迎宾仪式,符号学特征,彝族六祖殿
岔河新村迎宾仪式,美学特征,森林覆盖率高
岔河新村迎宾仪式,美学特征,白依河水资源丰富
岔河新村迎宾仪式,美学特征,环境优美
岔河新村迎宾仪式,符号学特征,彝族土掌房
岔河新村迎宾仪式,符号学特征,垛木土掌房
岔河新村迎宾仪式,符号学特征,木草房
岔河新村迎宾仪式,民族学特征,彝族毕摩文化
岔河新村迎宾仪式,民族学特征,马缨花节
岔河新村迎宾仪式,符号学特征,咪司土主崇拜
岔河新村迎宾仪式,符号学特征,老虎图腾
岔河新村迎宾仪式,符号学特征,龙图腾
岔河新村迎宾仪式,符号学特征,火图腾
岔河新村迎宾仪式,符号学特征,葫芦图腾
岔河新村迎宾仪式,符号学特征,山茶花树图腾
岔河新村迎宾仪式,社会学特征,建房及入宅习俗
岔河新村迎宾仪式,社会学特征,婚嫁习俗
岔河新村迎宾仪式,社会学特征,丧葬习俗
岔河新村迎宾仪式,社会学特征,牧猎习俗
岔河新村迎宾仪式,社会学特征,禁忌习俗
岔河新村迎宾仪式,文学特征,《包头王传奇》
岔河新村迎宾仪式,文学特征,《丁克兰姆的传说》
岔河新村迎宾仪式,文学特征,《民族的起源说》
岔河新村迎宾仪式,文学特征,《彝族的迁徙传说》
岔河新村迎宾仪式,音乐特征,阿苏嗻说唱
岔河新村迎宾仪式,音乐特征,酒歌
岔河新村迎宾仪式,音乐特征,祭祀说唱
岔河新村迎宾仪式,音乐特征,山歌
岔河新村迎宾仪式,乐器特征,笛子
岔河新村迎宾仪式,乐器特征,小闷笛
岔河新村迎宾仪式,乐器特征,葫芦笙
岔河新村迎宾仪式,乐器特征,唢呐
岔河新村迎宾仪式,乐器特征,大号
岔河新村迎宾仪式,乐器特征,羊角号
岔河新村迎宾仪式,乐器特征,牛角号
岔河新村迎宾仪式,舞蹈特征,大三弦舞
岔河新村迎宾仪式,舞蹈特征,葫芦笙舞
岔河新村迎宾仪式,舞蹈特征,毕摩祭祀舞
岔河新村迎宾仪式,舞蹈特征,左脚舞
岔河新村迎宾仪式,舞蹈特征,羊皮鼓舞
岔河新村迎宾仪式,手工技艺特征,纺织
岔河新村迎宾仪式,手工技艺特征,刺绣
岔河新村迎宾仪式,手工技艺特征,铸造
岔河新村迎宾仪式,体育活动特征,陀螺
岔河新村迎宾仪式,体育活动特征,摔跤
岔河新村迎宾仪式,体育活动特征,磨担秋
岔河新村迎宾仪式,体育活动特征,射弩
岔河新村迎宾仪式,体育活动特征,打靶
岔河新村迎宾仪式,体育活动特征,斗鸡
岔河新村迎宾仪式,体育活动特征,扭扁担
岔河新村迎宾仪式,棋类活动特征,月亮棋
岔河新村迎宾仪式,棋类活动特征,老母猪棋
岔河新村迎宾仪式,棋类活动特征,抓子
岔河新村迎宾仪式,棋类活动特征,六子冲
岔河新村迎宾仪式,服饰特征,传统男女服饰
岔河新村迎宾仪式,组织特征,民族文艺队
岔河新村迎宾仪式,组织特征,彝村文艺队
岔河新村迎宾仪式,组织特征,大号队
岔河新村迎宾仪式,组织特征,民族小学彝族文化传承队
民歌谷气调,演唱母本,东巴经典籍
民歌谷气调,演唱母本,民间叙事长诗
民歌谷气调,速度特征,徐缓自由
民歌谷气调,演唱方式,独唱
民歌谷气调,演唱方式,对唱
民歌谷气调,音域范围,五度之间
民歌谷气调,情感风格,凄婉哀怨
民歌谷气调,润腔方式,下回式大幅度波音
民歌谷气调,衬词示例,嗯
民歌谷气调,衬词示例,喂
民歌谷气调,衬词示例,嘚
民歌谷气调,衬词示例,哎
民歌谷气调,内容题材,东巴经典籍
民歌谷气调,内容题材,叙事长诗
民歌谷气调,即兴创作依据,所唱对象
民歌谷气调,即兴创作依据,环境
民歌谷气调,唱词结构,每句五言
民歌谷气调,段落形式,四句一段
民歌谷气调,押韵方式,谐音押韵
民歌谷气调,代表作品,《游悲》
《游悲》,唱法数量,几十余种
《游悲》,唱词长度,两千余行
民歌谷气调,文化价值,历史文化价值
民歌谷气调,文化价值,语言研究价值
民歌谷气调,非遗级别,云南省第三批省级非物质文化遗产
民歌谷气调,代表性传承人,李秀香
民歌谷气调,代表性传承人,和学先
贡山独龙族怒族自治县的怒族,自称,阿龙
贡山的阿龙,包括氏族,生恰、占苏、困欠、伊苏、气敢、滚拉、勒包、本东、贡马、南木大东等
怒族先民,文字情况,没有文字
汉文史籍,对怒族记载,极少
怒语,语系归属,汉藏语系藏缅语族
怒族各支系间,语言互通性,不通
语言学界,对怒语支属划分,未能明确
怒族,兼通语言,傈僳语、独龙语、汉语、藏语、勒墨语及纳西语等
贡山独龙族和怒族使用的语言,关系,基本一致但存在差异
贡山怒语与独龙语,通话程度,完全可以通话
贡山怒语与独龙语词汇比较,语音词义全同比例,约占
贡山怒语与独龙语词汇比较,词义相同语音接近比例,约占
贡山怒语与独龙语词汇比较,不同词比例,约有
怒语与独龙语语法特点,复辅音数量,个
怒语与独龙语语法特点,辅音分清浊吐气情况,很不发达
怒语与独龙语语法特点,辅音韵尾数量,多至个
怒语与独龙语语法特点,元音韵尾部数量,少至个
怒语与独龙语语法特点,声调数量,高、低两个声调
怒语动词形态变化,功能,表示人称、数、陈述、命令、使动
怒语表示疑问方法,方式,多用疑问代词与不同名词配合
怒语量词特点,分类,如个指人、个指物
贡山怒语与福贡怒语、独龙语,通话程度,部分能通话
贡山怒语与福贡怒语、独龙语,语法一致性,基本一致
专家对怒语及独龙语词汇比较,语音词义全同比例,约占
专家对怒语及独龙语词汇比较,词义相同语音相近比例,约占
福贡怒语与独龙语,语法现象一致性,大体一致
福贡怒语与独龙语,词汇差别,较大
福贡怒语与独龙语,沟通性,不能沟通
怒族语言传承方式,途径,父母传子女
怒族语言传承情况,评价,良好
怒族语言在怒江两岸传承情况,流利程度,当地群众能很流利地讲
独龙族,定名时间,新中国建立后
独龙语,语系归属,汉藏语系藏缅语族
独龙语,方言类型,独龙江的独龙方言
独龙语,方言类型,怒江丙中洛的怒族独龙语怒江方言
独龙族,传统记录方式,刻木结绳
日旺文,创制者,白吉斗蒂其枯、莫尔斯
日旺文,语音基础,日旺氏族的口语
独龙文字,创制单位,云南省少数民族语文指导工作委员会
独龙文字,协助人员,龙乘云、木里门约翰
独龙语拼音方案,基础方言,独龙江方言
独龙语拼音方案,通过会议,省民语委第二次全委扩大会议
独龙语拼音方案,声母数量,个
独龙语拼音方案,单辅音声母数量,个
独龙语拼音方案,复辅音声母数量,个
独龙语拼音方案,腭化辅音声母数量,个
独龙语拼音方案,圆唇化辅音声母数量,个
独龙语拼音方案,辅音尾数量,个
独龙语拼音方案,韵母数量,个
独龙语拼音方案,单元音数量,个
独龙语拼音方案,复合元音音韵数量,个
独龙语拼音方案,带辅音韵尾的韵母数量,个
独龙文推行限制因素,经费短缺,贡山是贫困县
孟定镇,所属行政区划,耿马傣族佤族自治县
孟定坝傣族,迁徙来源地,勐皎
傣德人,宗教信仰,南传上座部佛教
坦玛大佛爷,派遣机构,仰光缅寺
南京章,建造建筑类型,摆朵教派缅寺
傣绷文,形态特征,书写笔划呈圆形
傣绷文,辅音数量,有个声母
当地政府,实施政策,双语教学
双语教学,语言组合,傣语与汉语结合
男子进缅寺当和尚,学习内容,傣绷文
孟定坝傣族,懂傣绷文人数估计,不少于万人
缅甸北掸邦,使用文字,傣绷文
勐简乡傣德人,文化一致性,孟定傣德
历史事件,触发原因,瘟疫及灾害爆发
《阔时目刮》,演唱形式,对唱
《阔时目刮》,使用场合,傈僳族新年阔时节
《阔时目刮》,演唱时间,农历正月初九、初十
《阔时目刮》,伴随舞蹈,嘎三步舞
《阔时目刮》,内容主题,生产
《阔时目刮》,内容主题,生活
《阔时目刮》,内容主题,爱情
《阔时目刮》,内容主题,友谊
《阔时目刮》,结构特征,主句和衬句为一组
《阔时目刮》,结构单位,十二组为一段
《阔时目刮》,领唱角色,嘎头/主唱者
《阔时目刮》,配合形式,男问女答式或女问男答式
《阔时目刮》,音乐风格,粗犷热情富于节奏感
《阔时目刮》,文化功能,传授生产生活知识
《阔时目刮》,文化功能,宣扬道德规范
《阔时目刮》,群体属性,群体性
《阔时目刮》,娱乐属性,娱乐性较强
《阔时目刮》,传承方式,无固定传承方式
《阔时目刮》,群众基础,较好
曹大荣,整理出版,《阔时目刮》文本
《阔时目刮》,符号载体,固定音节
《阔时目刮》,历史属性,世世传拜年来哟代代唱
《阔时目刮》,美学特征,对仗严格
多漫多龙,象征意义,封建统治阶级化身
昭蒡俭和高帕施,行为主题,反抗婚姻迫害
苗族人民,精神体现,反抗并战胜封建压迫
《民间文学》,发表载体,《昭蒡俭和高帕施》汉译本
人民文学出版社,出版作品,《昭蒡俭和高帕施》汉译本
苗语口传,文化形式,非物质文化遗产
歌手减少现象,反映问题,语言传承危机
仙人亚盎,叙事角色功能,正义援助者
逃至天边,空间符号学意义,脱离压迫境域
返乡团聚,结局象征意义,正义最终胜利
青年榜样认知,社会教育功能,抗恶斗争典范
昆明/曲靖/昭通/楚雄,地理传播范围,苗族文化圈层
环境勾画技法,美学特征表现,民族地域特色强化
人物描绘手法,艺术成就体现,立体形象塑造
气氛渲染效果,审美价值维度,情感张力构建
语言风格特质,民族文化标识,独特表达体系
《司岗里》,符号学特征,创世神话/创世史诗/创世古歌
《司岗里》,美学特征,便于咏唱的民歌形式
《司岗里》,表现形式,神话故事
《司岗里》,表现形式,创世史诗
《司岗里》,表现形式,咏唱的民歌
《司岗里》,内容范畴,宗教观念
《司岗里》,内容范畴,哲学思想
《司岗里》,内容范畴,风俗习惯
《司岗里》,艺术形态,口述文学代表作
《司岗里》,传播方式,口头传承
《司岗里》,文本载体,汉文出版整理本
《查姆》,传承方式,口头流传/书面传承
《查姆》,使用文字,老彝文
《查姆》,通晓群体,少数懂老彝文者和毕摩
彝语“查姆”,含义,万物起源
《查姆》,主要内容,吟唱天地、日月、人类、风雨、种子、树木等万事万物的起源
《查姆》,文学体裁,神话叙事诗
《查姆》,结构划分,上下两部
上部《吾查》,主题内容,开天辟地、洪水泛滥、人类起源、万物源头
下部《买查》,主题内容,天文地理、占卜历算、文学、诗歌
《查姆》,韵律特征,押韵
《查姆卷》,出版单位,云南人民出版社
《查姆卷》,编译机构,楚雄彝族自治州文联
《查姆》,演唱场合演变,从丧葬祭祀到逢年过节、婚丧祭祀、盖房起屋、播种收割等
《查姆》,整理成果,天地的起源、独眼睛时代、直眼睛时代、横眼睛时代等多查版本
《查姆》,文化功能,保存濒临消亡的文化遗产
《查姆》,历史学特征,记录古代洪水传说与迁徙历史
《查姆》,符号学特征,运用老彝文作为文化符号系统
《查姆》,美学特征,塑造生动的神与英雄形象
《阿鲁举热》,文学类型,英雄史诗
阿鲁举热,身份属性,鹰和人交感而生的后代
阿鲁举热,主要事迹,战胜部落头人日姆
阿鲁举热,主要事迹,制服毒蛇猛兽
《阿鲁举热》,反映社会形态,原始母系社会向奴隶社会过渡时期
《阿鲁举热》,继承元素,原始神话的浪漫主义因素
《阿鲁举热》,历史转折意义,从造神到造人
《阿鲁举热》,传承场合,老人葬礼
《阿鲁举热》,表演者角色,毕摩
《阿鲁举热》,演唱形式特点,手持大刀边喝酒边跳舞
《阿鲁举热》,传承方式,家传
《阿鲁举热》,传承方式,拜师
《阿鲁举热》,传承方式,自学
《阿鲁举热》,研究价值领域,彝族历史文化
《阿鲁举热》,艺术价值属性,文学艺术价值
《阿鲁举热》,社会学特征体现,不同社会阶层人物形象塑造
《阿鲁举热》,民族学特征体现,彝族先民社会生活反映
《阿鲁举热》,符号学特征体现,英雄祖先赞礼替代自然神崇拜
《根古》,主题内容,拉祜族先民繁衍迁徙
《根古》,文学体裁,叙事性史诗
《根古》,起始地点,青藏高原
《根古》,途经地点,密尼都库
《根古》,途经地点,诸海厄波
《根古》,终点定居地,勐缅密缅/临沧一带
《根古》,最终聚居地,澜沧地区
《根古》,记录要素,迁徙地名
《根古》,记录要素,环境特征
《根古》,记录要素,地形地貌
《根古》,包含章节,重大历史事件
《根古》,包含章节,重要历史人物
《根古》,整理者,李扎约
《根古》,收录文献,《拉祜族民间诗歌集成》
《根古》,出版形式,拉祜文汉文对照版
《根古》,出版单位,云南省民族出版社
《根古》,文化价值,无文字民族史载体
《根古》,研究领域,历史学
《根古》,研究领域,文化研究
《根古》,研究领域,经济学
《根古》,艺术特征,社会学符号体系
《根古》,艺术特征,民族学表达范式
《根古》,濒危现状,完整演唱者稀少
《根古》,传承人群,少数老年艺人
《根古》,保护状态,濒临失传
《朗娥与桑洛》,涉及,政治制度
《朗娥与桑洛》,体现,阶级关系
《朗娥与桑洛》,探讨,伦理道德
《朗娥与桑洛》,描写,婚姻恋爱
《朗娥与桑洛》,属于,傣族花腰傣文化
《朗娥与桑洛》,流传于,玉溪市新平彝族傣族自治县嘎洒镇
《朗娥与桑洛》,流传于,玉溪市新平彝族傣族自治县水塘镇
《朗娥与桑洛》,传承方式,口传
《朗娥与桑洛》,整理者身份,当地文学爱好者
《朗娥与桑洛》,主题思想,反对封建礼教
《朗娥与桑洛》,主题思想,反抗家长制
《朗娥与桑洛》,表达诉求,追求坚贞不渝爱情
《朗娥与桑洛》,表达诉求,向往自由婚恋
《朗娥与桑洛》,表达诉求,渴望幸福生活
《朗娥与桑洛》,结局形式,双双殉情
《朗娥与桑洛》,艺术手法,比拟
《朗娥与桑洛》,艺术手法,比喻
《朗娥与桑洛》,创作素材来源,日常生活
《朗娥与桑洛》,创作素材来源,劳作事物
《朗娥与桑洛》,语言特点,流畅
《朗娥与桑洛》,语言特点,层次分明
《朗娥与桑洛》,语言特点,诗句优美
《朗娥与桑洛》,表演形式,摩哈民歌能手共同吟唱
《朗娥与桑洛》,演唱时长,三天三夜
《朗娥与桑洛》,现存传承人状况,摩哈多已年近古稀
《朗娥与桑洛》,现存传承人数量特征,能完整演唱者寥寥无几
《阳温暾小引》,民族学特征,反映腾冲侨乡文化传统
《阳温暾小引》,历史学特征,描绘清朝末年滇缅边境社会风貌
《阳温暾小引》,符号学特征,使用村言俚语与半文半白文体
《阳温暾小引》,美学特征,采用三、三、四字竖行编排结构
《阳温暾小引》,历史学特征,记载腾冲至缅甸交通要道功能
《阳温暾小引》,符号学特征,融合古体诗与五更鼓曲形式
《阳温暾小引》,美学特征,构建风俗画卷式叙事框架
《阳温暾小引》,社会学特征,描述家族分工协作模式
《阳温暾小引》,民族学特征,体现母系养育伦理观念
《阳温暾小引》,符号学特征,运用劝世歌谣传播机制
《阳温暾小引》,美学特征,兼具实用指南与文学审美双重属性
白沙细乐,别称,别时细梨
白沙细乐,别称,别时谢礼
白沙细乐,流传地区,丽江市古城区
白沙细乐,流传地区,玉龙纳西族自治县
白沙细乐,历史渊源说法一,元氏遗音
白沙细乐,历史渊源说法二,凭吊战争亡灵之乐
白沙细乐,艺术形式,器乐
白沙细乐,艺术形式,声乐
白沙细乐,艺术形式,舞蹈
白沙细乐,现存调名,笃
白沙细乐,现存调名,一封书
白沙细乐,现存调名,三思及
白沙细乐,现存调名,美丽的白云
白沙细乐,现存调名,公主哭
白沙细乐,现存调名,跺蹉
白沙细乐,现存调名,南曲
白沙细乐,现存调名,北曲
跺蹉,舞蹈类型,赤足舞
劳马蹉,舞蹈类型,云雀舞
夸蹉,舞蹈类型,白鹤舞
白沙细乐,使用场合,送葬时奏跳
白沙细乐,乐器组成,横笛
白沙细乐,乐器组成,直笛
白沙细乐,乐器组成,芦管
白沙细乐,乐器组成,苏古笃
白沙细乐,乐器组成,古筝
白沙细乐,乐器组成,二簧
苏古笃,类比乐器,火不思
芦管,类比乐器,波伯
白沙细乐,音乐风格融合,元明遗音
白沙细乐,音乐风格融合,纳西民间音乐
白沙细乐,研究主体,中外音乐专家学者
白沙细乐,保护主体,丽江各级政府
白沙细乐,保护主体,相关部门
四弦,别称,比柏
四弦,主要用途,集体歌舞搓蹉伴奏
四弦,流传地区,兰坪白族普米族自治县河西乡
四弦,流传地区,通甸镇
四弦,流传地区,金顶镇
四弦,流传地区,啦井镇
四弦,流传地区,石登乡
四弦,流传地区,营盘镇
四弦,历史考证状态,无从考证
四弦,制作传承方式,师传
四弦,制作传承方式,家传
四弦,传统材料,核桃木
四弦,传统材料,桦木
四弦,琴箱形状,圆形
四弦,琴箱形状,六角形
四弦,共鸣箱材质,羊皮
四弦,共鸣箱材质,羊肚
四弦,原始琴弦材质,小羊肠
四弦,现代琴弦材质,金属琴弦
四弦,音色特点,柔和
四弦,定弦特点,多样
四弦,和音特点,丰富
四弦,节奏特点,富于变化
四弦,演奏技巧,多种弹奏技巧
四弦,曲目类型,舞步调
四弦,古老曲目,《四弦母调》
搓蹉舞,表演规模,几十人
搓蹉舞,表演规模,上万人
四弦,自娱性演奏场景,日常生活
四弦曲,艺术特征,悦耳的音色
四弦曲,艺术特征,优美的旋律
四弦曲,艺术特征,明快的节奏与和声
搓蹉舞,推广现状,得到很好推广
四弦及四弦曲,保护现状,相对被忽视
四弦制作,变异倾向,传统风格已有变异
搓蹉舞,变异倾向,传统音乐风格被削弱
四弦演奏者,现状,断层
四弦演奏者,现状,技艺精湛的优秀乐手不多见
布朗族,主要聚居地,思茅市澜沧拉祜族自治县
布朗族,散居地,云县
布朗族,散居地,永德
布朗族,散居地,双江
布朗族,散居地,施甸
布朗族,散居地,墨江
布朗调,基本曲调类型,索
布朗调,基本曲调类型,甚
布朗调,基本曲调类型,拽
布朗调,基本曲调类型,宰
布朗调,基本曲调类型,团曼
恩宋调,别称,索布朗语
索调,伴奏乐器,四弦琴
索调,别称,布朗弹唱
索调,主题内容,爱情表达
索克里克罗,功能用途,谈情说爱唱调
布朗人,婚俗传统,歌为媒
布朗弹唱,表演形式,男女对唱
布朗弹唱,歌词主题,男女相恋
布朗弹唱,歌词主题,爱慕之情
布朗弹唱,活动场合,劳作之余
布朗弹唱,活动场合,喜庆佳节
布朗族青年,学习内容,多种曲调
布朗族男子,学习年龄,十多岁
布朗族女子,教学者,母亲和姐姐
布朗族村寨,文化代表,优秀民间歌手
布朗弹唱,艺术评价,旋律优美动听
布朗弹唱,歌词特点,直抒胸臆
布朗弹唱,歌词特点,朴实明快
布朗弹唱,群众基础,广泛
布朗弹唱,文化底蕴,深厚
布朗弹唱,艺术性评价,较高
外来文化影响,表现形式变化,布朗语唱汉族流行歌曲
传统习俗限制,传承对象,女歌手
传统习俗内容,婚后禁忌,公共场合演唱
昆明调,别称,调子/民歌
昆明调,演唱场合,山野田间
昆明调,活动形式,赛歌
昆明调,歌词内容主题,男女情爱
昆明调,歌词内容主题,家乡风光
昆明调,歌词内容主题,历史
昆明调,歌词内容主题,地理
昆明调,歌词内容主题,生产
昆明调,歌词内容主题,生活
昆明调,代表曲目,耍山调
昆明调,代表曲目,猜调
昆明调,代表曲目,大河涨水沙浪沙
昆明调,代表曲目,拈鱼
昆明调,代表曲目,赶马调
昆明调,代表曲目,送郎调
昆明调,代表曲目,放马山歌
昆明调,代表曲目,东门腔
昆明调,代表曲目,西门腔
昆明调,代表曲目,草海腔
拈鱼,流行区域,昆明西山区
拈鱼,节拍结构,四二拍
拈鱼,表演特征,唱念结合
昆明调,引腔特点,呼唤式
昆明调,曲体结构元素,垛句
垛句,民间俗称,垛叶子
猜调,所属类别,典型曲调
猜调,创作手法,事物相互猜答
昆明调,传承方式,父传子
昆明调,传承方式,母传女
昆明调,传承方式,老歌手传新歌手
昆明调,现存流行区域,昆明西山等地区
福贡县匹河乡怒族,流传歌曲,哦得得
哦得得,用途,男女青年谈情说爱、相互表达感情
哦得得,内容反映,怒族生活、狩猎、男女情爱
哦得得,演唱特点,丰富感情色彩、口语化较强、通俗易懂
哦得得,保留状态,较为完整的民间歌曲
《独独罗叶吉罗秀秀罗峡吉罗》,类型,情歌
《独独罗叶吉罗秀秀罗峡吉罗》,表达情感,男女青年相互爱慕的真挚情感和对美好明天、美好生活的向往
哦得得,伴奏乐器,四弦琵琶达比亚和口弦
民歌哦得得,传承方式,艺人口头传承
民歌哦得得,现状,会演唱的艺人越来越少
民歌哦得得,现存资料变化,曲谱、唱词开始减少
独龙族民歌,泛称,门租
独龙族民歌,包括类型,叙事歌
独龙族民歌,包括类型,情歌
独龙族民歌,包括类型,习俗歌
独龙族民歌,包括类型,劳动歌
独龙族民歌,包括类型,山歌
独龙族民歌,包括类型,儿歌
独龙族民歌,包括类型,祭祀歌
创世纪古歌切拉布,属于类别,叙事歌
诉苦调,属于类别,叙事歌
祝婚调,属于类别,习俗歌
独龙族民歌,使用场合,收获
独龙族民歌,使用场合,猎归
独龙族民歌,使用场合,建房
独龙族民歌,使用场合,婚聚
情歌司共瑾,功能,表达爱意
祝婚调,演唱者,长辈们
阿玛哇门租,演唱场合,集体劳动时
阿玛哇门租,具体劳动场景,打包谷
阿玛哇门租,具体劳动场景,打麦子
创世纪古歌切拉布,内容主题,人类起源
创世纪古歌切拉布,内容主题,大地万物的生存过程
诉苦调,反映内容,旧社会独龙人的悲惨遭遇
独龙族民歌,语言形式,独龙语
创世纪古歌切拉布,词体结构,六言体为主
创世纪古歌切拉布,穿插词体,七言
创世纪古歌切拉布,穿插词体,八言
创世纪古歌切拉布,穿插词体,九言
创世纪古歌切拉布,曲调特点,近似朗诵的音调
创世纪古歌切拉布,表现手法,对唱手法
创世纪古歌切拉布,节奏特点,排比整齐
创世纪古歌切拉布,节奏特点,节奏均衡
独龙族民歌,音乐特点,节奏明快
独龙族民歌,音乐特点,旋律流畅
独龙族民歌,音乐特点,民族风格突出
阿玛哇门租,功能作用,助力
阿玛哇门租,功能作用,协调统一动作
祝婚调,流行地区,迪政当
祝婚调,流行地区,龙元
阿玛哇门租,流行地区,龙元
阿玛哇门租,流行地区,献九当
阿玛哇门租,流行地区,迪政当
阿玛哇门租,流行地区,孔目
阿昌族民歌,体裁分类,山歌/叙事歌/礼俗歌/祭祀歌/舞蹈歌
山歌,功能用途,男女青年情歌对唱的主要曲调称为扎尼斯脑克山歌调
叙事歌,代表作品,《遮帕麻和遮咪麻》
礼俗歌,应用场景,婚丧习俗中演唱如把套昆邀请调和把松昆候承调
祭祀歌,演唱者类型,祭司泼袍唱的泼直腔和巫师唱诵的撇扎调
舞蹈歌,关联歌舞形式,传统歌舞蹬窝罗中的窝罗调
阿昌族民歌,用嗓分类,则勒扎小嗓唱/则勒吗大嗓唱
窝罗调,音乐特点,仅用两个构成小三度音程的音来唱
梁河县政府,文化政策,将每年农历正月初四定为阿露窝罗节
阿露窝罗节,活动内容,蹬窝罗舞蹈歌和阿昌山歌、情歌演唱
祭祀歌,现状特征,面临衰退和消亡因老一辈祭司巫师离世无年轻人承继
通海县洞经音乐,早期组织名称,朝山会
通海县洞经音乐,后续组织名称,桂香会
通海县洞经音乐,历史声誉,冠冕南州之誉称
通海县洞经音乐,兴盛时期新增组织,五圣会、同文会、圣文学、振文学、兴文学、崇圣学、妙善学
通海县洞经音乐,首个女子乐社,妙善学
通海县洞经音乐,参与者身份限制,文人学士、书香门第人家
通海县洞经音乐,社会认可度,官绅文士及中上等富庶阶层以参与为荣
通海县洞经音乐,音乐分类,经曲演唱经文诗赞的曲调和曲牌纯器乐曲
通海县洞经音乐,代表曲目,《大洞仙经》
通海县洞经音乐,改编内容来源,唐诗宋词
通海县洞经音乐,曲牌示例,一江风、蓬莱宫、小桃红、新荷叶、河南怨、功课、仙家乐、老羊调
通海县洞经音乐,现代传承机构,通海古乐团
通海古乐团,获奖情况,云南省第一名
通海古乐团,出版物,《古乐流韵》光盘
会泽县洞经音乐,流传区域,会泽县城及金钟、者海、娜姑等地
会泽县洞经音乐,起源名称,堂琅古乐
堂琅古乐,传入来源,中原道教音乐
堂琅古乐,演变因素,铜商文化和庙馆文化
会泽县洞经音乐,融合元素,儒、释、道音律
会泽县洞经音乐,风格特点,雅、幽、清
会泽县洞经音乐,保存曲牌,将军令、小鹧鸪、倒拖船、锁道龛
会泽县洞经音乐,演奏乐器,小胡、中胡、二胡、竹笛、大阮、月琴、扬琴、琵琶、古筝、唢呐、大鼓、云锣、大镲、小锣
会泽县洞经音乐,现代传承机构,堂琅古乐团
堂琅古乐团,演出曲目顺序,三通鼓、将军令、小鹧鸪、开经赞、倒拖船、锁道龛、新卦腔、拟告、赞腔、老卦腔、大成赞
堂琅古乐团,队伍现状,固定活动场所、一定活动经费、设施基本齐备、演奏水平稳定
昆明市洞经音乐,别称,谈演洞经
昆明市洞经音乐,核心经典,《大洞仙经》
昆明市洞经音乐,传入来源,大理
昆明市洞经音乐,最早文字记载,官渡《文明会大洞经坛碑记》
昆明市洞经音乐,表达方式,唱、念、诵、讲、读、说
昆明市洞经音乐,载体形式,科仪仪式
昆明市洞经音乐,谈经类型,洞经、皇经、雷经
昆明市洞经音乐,科仪环节,礼请、谈经、庆诞、送圣
昆明市洞经音乐,年度活动示例,文昌会、上九会、孔子会、关圣会
昆明市洞经音乐,民国时期学会数量,个洞经学会
昆明市洞经音乐-经腔,词体形式,四言、五言、七言、长短句、骈文
昆明市洞经音乐-伴奏形式,分类,大乐、细乐、雅乐
昆明市洞经音乐-曲牌,功能用途,仪式或礼仪项目伴奏
昆明市洞经音乐-曲牌,分类依据,乐器不同分为大乐曲牌和细乐曲牌
昆明市洞经音乐-大乐曲牌,主奏乐器,唢呐
昆明市洞经音乐-细乐曲牌,主奏乐器,笛子
昆明市洞经音乐-乐器分类,文乐对应,管弦乐器
昆明市洞经音乐-乐器分类,武乐对应,打击乐器
昆明市洞经音乐-曲牌来源,唐宋词牌示例,浪淘沙、汉东山
昆明市洞经音乐-曲牌来源,道家音乐示例,上清宫、天公颂
昆明市洞经音乐-曲牌来源,宫廷音乐示例,南清宫、普天乐
昆明市洞经音乐-曲牌来源,江南丝竹示例,忆江南、叠落泉
昆明市洞经音乐-曲牌来源,民间小调示例,忆江陵、瑞雪飞
昆明市洞经音乐,整理成果,收集经腔、曲牌、打击乐等曲调首文字记录余万字
昆明市洞经音乐,复兴地点,真庆观
东巴舞,流传地区,玉龙纳西族自治县
《东巴舞谱》,使用文字系统,纳西象形文字
《东巴舞谱》,记录内容,舞蹈动作
大神舞,代表剧目,《萨依威登舞》
大神舞,代表剧目,《恒底窝盘舞》
战神舞,代表剧目,《优麻舞》
战神舞,代表剧目,《郎究敬究舞》
禽兽舞,模拟对象,动物的动作和神态
禽兽舞,代表剧目,《大鹏神鸟舞》
法器舞,代表剧目,《灯舞》
法器舞,代表剧目,《花舞》
法器舞,代表剧目,《降魔杵舞》
组舞,艺术特征,较完整的神话故事情节
东巴舞,伴奏形式,打击乐
东巴舞,表演人数范围,一两名至三四十名
东巴舞,道具特点,变化多彩
东巴舞,起源,纳西族古老的祭祀舞蹈
东巴舞,表现手法,直接模拟或间接表现
东巴舞,反映内容,自然界的客观事物
东巴舞,反映内容,人与人之间的社会关系
有故事情节的舞段连缀表演,艺术形态,舞剧的雏形
东巴舞,艺术传统,拙朴的原始艺术传统
东巴舞,脱离特征,原始乐舞的粗朴随意性
东巴舞,风格特征,淳厚、雍容、典雅的古代舞蹈特色
东巴舞,文化交融痕迹,藏族苯教文化
纸马舞,文化属性,传统丧葬祭祀舞蹈
壮族先民,信仰体系,祖先崇拜与道教影响
纸马舞功能,包括,超度亡灵/安祖/驱鬼
表演形式构成,包含元素,跳纸马舞/舞狮子/赶小鬼
核心地位标识,因由,纸马舞占突出位置
纸马制作材料,使用,竹片扎架糊白纸彩绘
狮子舞配置,组成人员,披狮衣戴狮头者与持拂尘笑和尚
角色互动关系,呈现为,笑和尚戏弄狮子
小鬼造型特征,佩戴,鬼面具
伴奏乐器组合,涵盖,马铃铛/锣/鼓/镲
舞蹈动作特点,模仿对象,马的奔跑跳跃踢蹄斗嘴相咬嘶鸣
情节发展终点,标志事件,小鬼被赶跑且狮子累趴下纸马被套住
参与者演变趋势,从限定到开放,原仅限老年妇女男子现发展为集体女子群舞
规模变迁轨迹,由小及大,几人舞队至几百人规模
道具改良成果,升级为,彩色布马替代纸质材料
审美提升方向,侧重于,装饰性与美感强化
受众偏好变化,受喜爱群体,壮族妇女
文化内涵本质,体现内容,壮族祖先崇拜集中展现
社会功能反映,关联领域,丧葬祭祀习俗与传统舞蹈形态
历史研究价值,涉及方面,壮族社会生活历史变迁
学术应用维度,支撑学科,历史学/文化学/艺术学研究
性质转型路径,从...转变为...,丧葬祭祀性演变为群体娱乐性
传承危机现状,面临问题,原有舞蹈形态存续困难
保护需求等级,亟需措施,有效保护行动实施
当代传承主体,组织单位,文山县开化镇壮族村寨自建舞队
团队管理结构,设置职位,队长或纸马舞师傅指导
昭通四筒鼓舞,社会学特征,流传于云南省昭通市昭阳区汉族居住的农村
昭通四筒鼓舞,社会学特征,鼓队多拨能舞者上至七八十岁老者下及七八岁孩童
昭通四筒鼓舞,民族学特征,云南汉族舞种
昭通四筒鼓舞,历史学特征,东周灭亡鼓人散居民间后随汉民进入昭通
昭通四筒鼓舞,历史学特征,民国《昭通志稿》四筒鼓乡人丧礼用之似为跳舞
昭通四筒鼓舞,符号学特征,因舞者四人身挎筒鼓击之、舞之而得名
昭通四筒鼓舞,符号学特征,持小扁鼓和锣、镲、红绸等舞者
昭通四筒鼓舞,符号学特征,攒鼓作为连接和过渡
昭通四筒鼓舞,美学特征,集体对舞的脚勾脚、脚踩脚等
昭通四筒鼓舞,美学特征,形式相对完整、表现一定内容的小牛擦背、公羊打架、猴子捞月亮、喜鹊登枝、蛇蜕皮等
昭通四筒鼓舞,美学特征,单人、双人、三人和集体舞的表现形式
昭通四筒鼓舞,美学特征,舞蹈风格鲜明具有艺术性和观赏性
马鹿舞,所属民族,傣族
白象舞,流行地区,临沧市耿马傣族佤族自治县
马鹿舞,流行地区,思茅市孟连傣族拉祜族佤族自治县
白象舞,使用场合,泼水节等喜庆祈福活动
马鹿舞,使用场合,泼水节等喜庆祈福活动
白象舞,道具类型,白牙白象
马鹿舞,傣语原名,戛朵戛
马鹿舞,含义,“玩、耍”
马鹿舞,模仿对象,恩朵
马鹿舞,文化象征,朝佛时被佛发现的神秘野兽
白象舞,道具材料,竹木扎制衬架
马鹿舞,道具材料,竹木扎制衬架
白象舞,装饰元素,须穗绒毛
白象舞,装饰元素,亮珠
白象舞,装饰元素,彩绘
马鹿舞,装饰元素,须穗绒毛
马鹿舞,装饰元素,亮珠
马鹿舞,装饰元素,彩绘
白象舞,表演人数配置,二人前后挎架操纵
马鹿舞,基本动作,走步
马鹿舞,基本动作,点步
马鹿舞,基本动作,跳步
马鹿舞,基本动作,碎步跑
马鹿舞,基本动作,起伏步
白象舞,舞蹈动作分类,原地后踢步
白象舞,舞蹈动作分类,踏步转身
白象舞,舞蹈动作分类,前进或后退踏步
白象舞,舞蹈动作分类,双吸腿跳
白象舞,舞蹈动作分类,双脚跳步转圈
白象舞,舞蹈动作分类,前腾跃步
白象舞,舞蹈动作分类,抖身踏步
白象舞,伴奏乐器,象脚鼓
白象舞,伴奏乐器,铓
马鹿舞,伴奏乐器,象脚鼓
马鹿舞,伴奏乐器,铓
白象舞,表演者性别,男子
马鹿舞,表演者性别,男子
白象舞,传承问题,年轻一辈缺乏技巧掌握
白象舞,传承问题,年轻一辈缺乏道具制作能力
马鹿舞,流行范围,勐马镇多个村寨
马鹿舞,流行范围,娜允镇多个村寨
勐阿马鹿舞,风格特点,腿脚动作富于跳跃
勐阿马鹿舞,风格特点,更具武术性
勐梭马鹿舞,风格特点,动作舒缓灵活
陆良县大三弦舞,社会学特征,节庆时和劳动之余活动
陆良县大三弦舞,社会学特征,人数不限
陆良县大三弦舞,民族学特征,彝族撒尼人
陆良县大三弦舞,符号学特征,跑跳步
陆良县大三弦舞,符号学特征,转自跳
陆良县大三弦舞,符号学特征,十字档
陆良县大三弦舞,符号学特征,弹脚转身跳
陆良县大三弦舞,符号学特征,摆臂转圈
陆良县大三弦舞,美学特征,沉、稳、颤、顿
陆良县大三弦舞,美学特征,朴实、矫健、豪放
石林县大三弦舞,社会学特征,自娱自乐性集体舞蹈
石林县大三弦舞,社会学特征,表现生产、生活及欢乐情绪
石林县大三弦舞,民族学特征,彝族撒尼人、阿细人
石林县大三弦舞,民族学特征,相互交流产物
石林县大三弦舞,历史学特征,无文字记载
石林县大三弦舞,符号学特征,节奏明快
石林县大三弦舞,符号学特征,粗犷豪放
石林县大三弦舞,美学特征,突出的民族风格
石林县大三弦舞,美学特征,地方特点影响较大
象脚鼓舞,民族归属,傣族
象脚鼓舞,舞蹈性质,祭祀性兼欢庆性
象脚鼓舞,表演者性别,男性
象脚鼓舞,伴奏乐器组合,一人敲象脚鼓一人打钹
象脚鼓舞,动作特征,相互配合同时出脚收脚
象脚鼓舞,队形变化,面对面或背对背
长象脚鼓,傣语名称,乃光绕
长象脚鼓,表演形式,一人表演
长象脚鼓,伴奏乐器,排铓、镲
舞者,持鼓方式,左肩挎鼓
舞者,击鼓手法,指、掌、拳、肘、脚跟、膝
象脚鼓舞,鼓点节奏特点,富于变化
象脚鼓舞,舞蹈结构基础,围绕击鼓动作展开
象脚鼓舞,创作自由度,较大随意性
象脚鼓舞,文化传播作用,宣传傣族民族民间文化
象脚鼓舞,文化传承意义,弘扬本地优秀传统文化
象脚鼓舞,节庆应用场合,逢年过节、泼水节等活动
象脚鼓舞,艺术本质,源于生活、反映生活的艺术再现
哈尼族棕扇舞,社会学特征,自娱活动
哈尼族棕扇舞,民族学特征,哈尼族文化
哈尼族棕扇舞,历史学特征,狩猎采集生活
哈尼族棕扇舞,历史学特征,祭祀起源
哈尼族棕扇舞,符号学特征,棕扇道具
哈尼族棕扇舞,符号学特征,松枝装饰
哈尼族棕扇舞,美学特征,古朴厚重
哈尼族棕扇舞,美学特征,风趣灵动
哈尼族棕扇舞,美学特征,脚步颤动起伏
哈尼族棕扇舞,美学特征,岩画舞图相似性
哈尼族棕扇舞,民族学特征,性别分工表演
哈尼族棕扇舞,民族学特征,动物模仿体系
哈尼族棕扇舞,历史学特征,师传承机制
哈尼族棕扇舞,社会学特征,节庆农闲展演
哈尼族棕扇舞,美学特征,形态逼真造型
峨山彝族花鼓舞,民族学特征,彝汉歌舞文化的结合体
峨山彝族花鼓舞,历史学特征,清末年传入峨山民国时期在全县普及
峨山彝族花鼓舞,符号学特征,左腰系花鼓右手执槌击跳以颠跳为基本步伐有蹬、拐、转、垫、跺、腾跳等变化
峨山彝族花鼓舞,美学特征,似彝似汉的艺术风格艺术价值和观赏价值较高
峨山彝族花鼓舞,社会学特征,群众基础良好
峨山彝族花鼓舞,社会学特征,据年月调查峨山县共有花鼓队支鼓手名能跳花鼓舞者上万人
峨山彝族花鼓舞,历史学特征,原用于丧葬、祭祀后广泛用于婚丧、奠基、新房落成、接神送祖等民俗活动现已成为仪仗及广场表演的主要内容
峨山彝族花鼓舞,符号学特征,分快、慢两种节奏慢板称板鼓击打有力刚毅沉着快板称紧鼓活跃奔放
峨山彝族花鼓舞,符号学特征,起舞时原唱汉语花灯调现在有些地方则唱彝语或半彝半汉的跳乐调
峨山彝族花鼓舞,符号学特征,融入了峨山彝族跳乐中的韧脚、跺脚、颠脚步、引步等动作有四合心、蛇蜕皮等个套路模仿动物、反映生产劳动或以自然界中的事象命名
峨山彝族花鼓舞,美学特征,形式灵活多样具有似彝似汉的艺术风格
峨山彝族花鼓舞,社会学特征,多次参加国家、省、市演出并获奖是该县人民喜爱的县舞
达比亚舞,流传地区,怒江傈僳族自治州福贡等县
达比亚,类型,传统弹拨乐器
达比亚,外形相似,琵琶
达比亚,外形相似,三弦
达比亚舞,特征,边弹边舞
达比亚舞,套路数量,近百个
找土地舞,反映内容,祖先迁徙
手舞,反映社会形态,母系社会
生育舞,表现主题,男人生孩子
古战争舞,主题类型,保卫家园
双人达比亚舞,涉及人物,乍付赛
双人达比亚舞,涉及人物,乍付玛
双人达比亚舞,情节元素,爱情感动天神
找情人舞,主题类型,爱情
情人相约逃婚舞,主题类型,爱情
找野菜舞,反映领域,生产生活
割小米舞,反映领域,生产生活
狩猎舞,反映领域,生产生活
母鸡下蛋舞,反映领域,生产生活
哦得得舞,特色元素,歌唱
达比亚舞,表现方式,舞蹈动作与琴声结合
达比亚舞,研究价值,反映怒族历史文化生活
达比亚舞,技术难度,需同时弹弦跳舞
达比亚舞,传承现状,现能跳的人已很少
老人停止表演原因,信仰因素,不再唱小调和跳民族舞
达比亚舞,发展趋势,逐渐消失
刮克,意译,欢乐跳
刮克,流传地区,怒江大峡谷福贡县、泸水县
刮克,类型,傈僳族传统娱乐性集体舞蹈
泸水县刮克舞,基调,生产舞
福贡县刮克舞,表现形式,与泸水县大同小异
其本刮克,伴奏乐器,其奔
无伴奏踢踏刮克,节奏方式,跺、擦舞步踏地
刮克舞,包含套路,一步跺
刮克舞,包含套路,扭摆跳
刮克舞,包含套路,撒荞舞
刮克舞,包含套路,赶熊舞
刮克舞,包含套路,围猎舞
刮克舞,包含套路,刀舞
刮克舞,包含套路,盔甲舞
刮克舞,包含套路,砍火山舞
刮克舞,包含套路,种谷舞
刮克舞,包含套路,栽秧舞
刮克舞,包含套路,破板子舞
刮克舞,包含套路,吸烟舞
刮克舞,包含套路,摇篮舞
刮克舞,包含套路,野鸡找食舞
刮克舞,包含套路,麦叶长舞
刮克舞,包含套路,射箭舞
《米依刮走》,含义,跳劳动生产舞
《米依刮走》,表现内容,傈僳族刀耕火种劳动生活全过程
《猴子豁拳舞》,傈僳族语称,箭米要吾
《猴子豁拳舞》,表现情景,山地庄稼成熟后猴子偷包谷
《破板子舞》,傈僳语称,塞角扒果皮哦
《破板子舞》,表现内容,选树、伐木、剖圆木、劈砍成块全过程
刮克舞表演地点,包括,广场
刮克舞表演地点,包括,屋内火塘边
刮克表演形式,结构特征,一人或数人站中间众人围圈而舞
无伴奏刮克,节奏方式,踏地为节
无伴奏刮克,参与人群,男女老幼围成一大圈
无伴奏刮克高潮呼喊语,内容,哇溜玛、霞溜玛
哇溜玛、霞溜玛,含义,跳得多和谐、多欢畅
刮克舞,体现民族精神,团结
刮克舞,体现民族精神,豪迈
搓蹉,伴奏乐器,四弦琴
搓蹉,别称,羊皮舞
搓蹉,别称,四弦舞
搓蹉,别称,普米锅庄
搓蹉,具体村寨,通甸
搓蹉,具体村寨,河西
搓蹉,具体村寨,啦井
搓蹉,具体村寨,金顶
搓蹉,具体村寨,石登
搓蹉,使用场景,喜庆节日
搓蹉,使用场景,平日欢聚
搓蹉,舞蹈性质,民间自娱性舞蹈
搓蹉起源传说,事件背景,战争中燃篝火通宵跳舞迷惑敌人
传统搓蹉舞,原有数量,多套舞步变化
现存搓蹉套路,包括,团聚舞
现存搓蹉套路,包括,碗筷舞
现存搓蹉套路,包括,相近舞
现存搓蹉套路,包括,臂部相撞舞
现存搓蹉套路,包括,结尾舞
搓蹉队形,类型,单圈
搓蹉队形,类型,双圈对跳
搓蹉队形,类型,开门
搓蹉队形,类型,二龙吐水
搓蹉队形,类型,满天星
搓蹉表演形式,动作特征,拉手围圈面对篝火边舞边唱
搓蹉伴奏方式,一人弹奏,四弦琴
搓蹉变换规则,依据,领舞者的曲调变化
搓蹉风格特点,描述,热烈奔放且独特
搓蹉频率,每年次数,几十次
搓蹉传承方式,主要途径,师传
搓蹉传承方式,主要途径,家传
搓蹉参与者年龄起点,儿童开始年龄,三四岁
搓蹉艺术特征,保留特点,古代歌、舞、乐三位一体
搓蹉功能用途,用于活动,自娱
搓蹉功能用途,用于活动,喜庆
搓蹉功能用途,用于活动,健身
搓蹉参与规模灵活性,最少人数,几十人
搓蹉参与规模灵活性,最多人数,上万人齐跳
搓蹉文化意义,表达情感,民族团结和欢乐情绪
搓蹉艺术价值,获得荣誉,省、国家级奖励
大鼓舞,别称/基诺语名称,厄扯锅、司土锅司土
大鼓舞,流传地区,西双版纳傣族自治州景洪市基诺山基诺族乡
特懋克节,关联活动,跳大鼓舞
大鼓舞,另一传说目的,制止鼓神色巴祸害人间
大鼓舞表演前,祭品,乳猪、鸡
寨老们,祭祀行为,磕头拜祭大鼓
长老,仪式角色,念诵祭词祈祷吉祥平安
大鼓舞伴奏乐器,包括,铓、镲
伴唱歌曲,名称,《乌悠壳》
《乌悠壳》歌词内容,涉及主题,基诺人历史、道德法规
基诺族大鼓,文化属性,神物
特懋克节,祭品习俗,杀猪、杀鸡、宰牛拜祭大鼓
大鼓,象征意义,权利
大鼓保管权持有者,身份限定,长老卓巴和卓色
村寨大鼓数量上限,规定,两个
大鼓分类,类型,公鼓、母鼓
公鼓与母鼓悬挂位置,地点,卓巴家的神柱上
大鼓制作流程,特征,严格的仪式和规程
大鼓舞表演形式,动作元素,乌悠壳拜神灵、厄扯锅欢乐档、特美阿米过年调
大鼓舞,文化价值,历史文化内涵
大鼓舞,艺术特性,艺术性、观赏性
大鼓舞群众基础,现状描述,多数基诺族人会跳
大鼓舞传承现状,面临问题,系统掌握者年事已高
大鼓舞传承困境原因,资源限制,制作大鼓的木材短缺
拥有大鼓的村寨趋势,变化方向,逐步减少
打歌,流传地区,思茅市景东彝族自治县
打歌,性质,自娱性民间舞蹈
打歌,记载文献,清代嘉庆《景东直隶厅志》
打歌,活动时间,春节/小年/农历正月十五/火把节/婚嫁/聚会
打歌,社会功能,青年男女交往时机
打歌,参与民族演变,彝族扩展至汉族等民族
打歌,民族团结作用,各民族杂居村寨的纽带
打歌队形,常见形式,圆形
打歌队形,领舞角色,歌头居中央或领头
打歌规则,禁忌,同家族/不同辈分亲属不同舞圈
打歌内容分类,第一类,模拟动物神态舞
动物模拟舞例,包括,鸡勘歌/老鸹歌/猴子扯磨/孔雀摇尾/马撕踢/羊撕打/苍蝇搓脚
打歌内容分类,第二类,生产生活情绪舞
打歌内容分类,第三类,婚丧祭祀专用舞
打歌音乐特征,曲调特点,优美流畅
打歌音乐特征,节奏特点,规整严谨
打歌伴奏乐器,使用,葫芦笙/大小三弦/笛子/树叶/口琴
打歌群众基础,普及程度,几乎人人都会跳
打歌地理差异,无量山传统,按节日吉日跳
打歌地理差异,哀牢山传统,不拘时间地点自由跳
打歌规模高峰,时段,传统节日时最盛大
葫芦笙舞,流传地区,临沧市双江拉祜族佤族布朗族傣族自治县的忙糯乡
葫芦笙舞,流传地区,临沧市双江拉祜族佤族布朗族傣族自治县的勐勐镇
葫芦笙舞,流传地区,临沧市双江拉祜族佤族布朗族傣族自治县的大文乡
葫芦笙舞,流传地区,临沧市双江拉祜族佤族布朗族傣族自治县的勐库镇
葫芦笙舞,流传地区,思茅市澜沧拉祜族自治县木戛乡
葫芦笙舞,伴奏乐器,葫芦笙
清道光《云南通志》,记载内容,倮黑聚时亲戚令饮吹笙为乐
道光《威远厅志》之二,记载内容,倮黑鲠直男女杂聚携手成圈吹笙跳舞
葫芦笙舞,活动形式一,民族节日中仪式程序规范要求按规定跳完所有套路
葫芦笙舞,活动时间一,每年农历八月十五神林及扩塔春节时在家庭内举行
葫芦笙舞,结束动作一,大路歌
葫芦笙舞,活动形式二,婚丧、娱乐时跳的葫芦笙舞不跳传统礼仪性的套路随意性较强
葫芦笙舞,参与规模,春节时全寨或几寨人同跳可有上百支队伍共唱共舞
葫芦笙舞,持续时间,春节期间可连跳半月之久
澜沧县拉祜族葫芦笙舞,现有舞蹈动作组合数量,近百套
澜沧县拉祜族葫芦笙舞,分类一,祭祀礼仪舞
祭祀礼仪舞,包含动作,开门舞嘎祭
祭祀礼仪舞,包含动作,收尾舞嘎祭根
生产劳动舞,模仿内容,选地、磨刀、钐地、扒草、烧杂草、犁地、撒谷子到打谷子、背谷子等
生产劳动舞,反映主题,刀耕火种的农业生产过程
澜沧县拉祜族葫芦笙舞,分类二,生产劳动舞
澜沧县拉祜族葫芦笙舞,分类三,反映生活的舞
澜沧县拉祜族葫芦笙舞,分类五,情绪舞
情绪舞,表现主题,丰收、狩猎后的狂欢或表现心中的喜悦
澜沧县拉祜族葫芦笙舞,荣誉奖项,文化部、国家民委组织的全国少数民族文艺会演二等奖
双江县拉祜族葫芦笙舞,别称,打歌
双江县拉祜族葫芦笙舞,艺术风格,传统古朴
双江县拉祜族葫芦笙舞,舞蹈方向,男子吹葫芦笙逆时针方向转圈边吹边跳
双江县拉祜族葫芦笙舞,参与人群,妇女随男子围圈舞蹈男女老少不限人数多少不限最多可达数百人
双江县拉祜族葫芦笙舞,带领者,领舞者歌头
双江县拉祜族葫芦笙舞,表演特点,即兴变换套路
打歌套路,分类一,农业生产劳动
打歌套路,分类二,日常生活
打歌套路,分类三,娱乐
打歌套路,分类五,人情世故
打歌套路,分类六,非农业生产劳动
双江县拉祜族葫芦笙舞,主要动作特点,跺、踢、踏步、转身、跳跃、下蹲转身
双江县拉祜族葫芦笙舞,代表曲目一,《三脚歌》
双江县拉祜族葫芦笙舞,代表曲目二,《青蛙歌》
双江县拉祜族葫芦笙舞,代表曲目三,《箐鸡摆尾歌》
双江县拉祜族葫芦笙舞,辅助乐器,箫、牛腿琴和小三弦
双江县拉祜族葫芦笙舞,音乐节奏,四分之二拍
双江县拉祜族葫芦笙舞,传承方式,口传身教
双江县拉祜族葫芦笙舞,师传角色,歌头和骨干人员
窝罗舞,动作风格,大同小异
窝罗舞,主要模拟对象,飞禽走兽
跳麻雀步,象征意义,希望得到好运
跳猛虎下山步,象征意义,扶正压邪大吉大利
窝罗舞,起源,生产劳动
舞蹈队型,初始形态,大圆圈双龙行路
舞蹈队型调整后,变为,金龙转身
现代窝罗舞结构,分为,窝罗、阿露、团结、射箭、耕织、丰收
舞蹈内容特点,具有,朴实曲调欢快
表现精神,体现,热爱生活、团结向上
龙陵县蹬窝罗时间,定于每年,农历正月初八
参与族群地点,位于,保山市龙陵县河头乡蛮旦、下寨、大田坡、打黑各寨子
聚集地点,在,蛮旦寨脚的舞场
活动名称,称为,阿昌大祭
“蹬”阿昌语含义,译为,"跺;“窝罗”含义,欢乐之意可译为跳欢乐"
传承方式,动作无固定传授人;唱词,口授心记
窝罗节纪念对象,关联传说人物,天神遮帕麻和地母遮咪麻
祭祀供奉物品,包括,神像、象征人类出生的葫芦、射落假太阳的神弓
仪式主持者,由,暮陶巫师
仪式流程环节,包含,赞颂天神丰功伟绩;请天神享用供品时起舞
文化归属关系,蹬窝罗属于,《则勒扎》组成部分之一
《则勒扎》结构第一部分,为,把套昆小嗓唱的传承调
《则勒扎》结构第二部分,为,把松昆大嗓唱的美丽的袖子
《则勒扎》结构第三部分,为,蹬窝罗
装扮角色类型,包括,狮子、老虎、水牛、猴子、鹭鸶等
狮虎象征意义,代表,剽悍、勇猛
水牛象征意义,代表,诚实、任劳任怨
猴子象征意义,代表,聪明、机灵、敏捷
舞蹈动作顺序,先迈狮虎步→先蹉后跳→再蹬扭身转腰)36.(动作风格评价,"具有特点,潇洒奔放古朴率真刚劲有力"
民族节日认定,梁河县将,窝罗节定为民族节日
文化变异现象,伴奏乐器数量变化,由原来的七八种锐减到现在的两三种
彝族烟盒舞,别称,楂奇比团团转/尼盖比跳姑娘/跳乐
起源传说,初始道具,弹高梁杆
演变过程,替代道具,烟盒
舞蹈性质,类型,传统自娱自乐性舞蹈
结构分类,调式类别,起调/行弦调/收弦调/过门调
参与方式,人数特点,不限
角色分工,乐器演奏者,男子
动作特征,腿部动作,双腿下蹲、骤起提步
动作特征,手臂动作,双手下垂、小臂摆动
典型套路,名称,嫫笑斋尼该山神树冒烟
编排逻辑,进阶顺序,由简到繁、先易后难
集体动作,同步行为,一起抬脚一起下蹲边转边跳
伴奏乐器,使用工具,月琴/三弦/牛角/二胡
文化根源,关联领域,劳动生产
功能意义,社会作用,增强民族团结、振奋民族精神
传播范围,流行区域,全镇个自然村
活动属性,现代价值,对外沟通/娱乐健身
傣族村寨,盛行舞蹈类型,孔雀舞
孟连傣族拉祜族佤族自治县,流行区域,勐马镇/娜允镇
傣族孔雀舞,表演性质,表演性和自娱性
村寨参与率,会跳人数比例,半数以上
乡镇级组织,表演队规模,数十人
孔雀舞主题,表现内容,傣家人善良的民族性格
单人孔雀舞,动作模拟对象,飞跑下山/漫步森林/饮泉戏水/拖翅/晒翅/抖翅/展翅/开屏/飞翔
双人孔雀舞,装扮方式,身缚孔雀架子
双人孔雀舞,互动形态,相互依偎/追逐嬉戏
女性集体孔雀舞,编排来源,老艺人加工
女性集体孔雀舞,人数范围,人至几十人
女性集体孔雀舞,模仿对象,孔雀千姿百态的优美动作
女性集体孔雀舞,艺术要素构成,步法规律+固定鼓点伴奏
传统架子孔雀舞,服装特征,花纹色调与孔雀相近
传统架子孔雀舞,外罩样式,莲花形坎肩
传统架子孔雀舞,头饰类型,塔形尖帽
孔雀架子构造材料,主体框架材质,三角形竹架
孔雀架子装饰工艺,部件组合方式,插竹条并用绸或布扎制
孔雀尾巴表现手法,结构设计,后边三片
道具连接方式,固定位置,手臂和手腕
大型表演组合形式,共舞类型,大象舞/马鹿舞/鱼舞
常规演出形式,表演模式,单独表演
《孔雀王》故事情节,核心行为,用水为人们治病
《孔雀王》象征意义,带来效果,吉祥如意
舞蹈活动时空特性,限制条件,不受时间地点人数限制
高频演出场合,典型场景,节日/丰收/欢庆
伴奏乐器组合,使用乐器种类,象脚鼓/排铓/镲
来凤山明朝蔺山墓,出土,玉带钩
地方志,记载,腾冲年前从事翡翠加工的作坊曾一度达到多家工匠超过人
清光绪《腾越乡土志》,记载,清末腾冲玉石加工的盛况
腾冲玉雕,造型和表现内容,十分丰富
腾冲玉雕,主要制作,戒面、鸡心、胆坠、生肖、手镯、佛像、图章、龙凤牌、八仙、暗八仙、扳指、玉簪、耳片、花鸟鱼虫与走兽挂件、手玩件、摆件等几十种
传统工艺流程,包括,冲砂、解玉分为拉丝解玉和解盘解玉两个工序、磨玉、打眼、梭棱、雕刻、抛光等工序
翡翠加工,讲究,碾磨过程
传统工序制作一个玉件,从,解、磨、细磨到抛光每个程序都有不同的步骤要不断更换各种型号的工具以达到细腻的工艺要求
其使用工具和制作方法,与明宋应星著《天工开物》中记载的玉雕工艺,十分吻合
凡玉初剖时冶铁为圆盘以盆水盛沙足踏圆盘使转添沙剖玉逐忽划断,充分印证了,腾冲的翡翠雕刻一直保留了传统工具和工艺过程
世纪年代腾冲玉雕工艺,有了改进和更新,采用了电动化机械和人工合成的金刚石粉末工具提高了玉雕的产量和制作速度
部分流程,仍然采用,传统工艺
腾冲玉雕,在长期发展过程中锻炼和造就了一大批懂技术、会经营的加工和销售队伍)16.(腾冲玉雕,形成了自己的艺术风格和独特技艺
腾冲玉雕,与人们的日常生活密不可分)18.(腾冲玉雕,体现了较高的历史、艺术和工艺价值
腾冲玉雕,是,腾越文化的重要组成部分
腾冲玉雕,现已成为,腾冲县的支柱产业之一
龙武彝族女子服饰,别称,花腰彝
龙武彝族社会标准,衡量指标,是否会挑花绣朵
剪纸功能,作用于,服饰刺绣底样
技艺传承起始年龄,女孩学习阶段,八九岁
彝族剪纸特征,造型特点,厚实
彝族剪纸特征,构图风格,饱满
常用图案元素,包括类型,虎牙花/葫芦花/火焰花/牡丹花/鸟/鱼/蝴蝶/孔雀
火焰图案象征意义,文化内涵,对火的崇拜
葫芦花记录内容,祖先关联,祖先信仰
牡丹花表现意图,生活愿景,幸福生活的祈望
剪纸艺术价值,包含维度,历史文化价值/艺术审美价值
传承现状,人才构成,技艺高超的艺人和素质较高的传承人队伍
对外宣传媒介,推广对象,彝族花腰彝女子服饰
连带关注对象,衍生焦点,作为刺绣底样的剪纸
白族建筑彩绘,起源背景,建造王宫/寺庙时的装饰绘画
《南诏图传》中的修廊曲庑图,标志时期,南诏/大理国广泛采用彩绘
白族建筑彩绘,发展阶段,元/明/清几代的发展
白族建筑彩绘,成熟阶段,世纪年代
严家大院,代表作品类型,白族民居彩绘
董家大院,代表作品类型,白族民居彩绘
现代白族彩绘,工艺特点,沿袭传统工艺但材料多样化
白族建筑结构特征,主要材质,土木结构/青砖/白墙/灰瓦
白族建筑色彩体系,主体色调,白色
彩绘常见部位,包括位置,大门/照壁/山墙/腰线/龙马角
香草纹图案类型,具体示例,草龙/草凤/缠卷草纹
如意云纹别名,又称,回纹/万字
民居彩绘技法特点,表现形式,雕画结合
大门屋檐装饰工艺,采用方式,丰富的木雕装饰
照壁制作工艺,使用材料与技术,泥做斗拱与部分浮雕
彩绘打底工序特色,木结构用料,猪血/桐油和石灰调和而成的猪血灰
彩绘打底工序特色,泥砖墙用料,纯质熟石膏与白棉纸拌和制成的纸筋灰
彩绘颜料类型,主要成分来源,矿物质颜料
白族建筑彩绘应用领域,覆盖范围,宗祠/庙宇/大型古建筑群体/白族民居建筑
民居彩绘功能象征意义,文化寓意,祛邪避灾祈祥求福
关索戏,范畴类型,军傩
关索戏,流传地区,玉溪市澄江县阳宗镇小屯村
小屯村原名,名称由来,先锋营
先锋营建立者,人物关联,诸葛亮平定南中时命关索为先锋
关索戏起源传说,传入方式,随军传入澄江
旧时演出周期,时间间隔,每三年一次
传统演出时段,具体日期,农历正月初一至十二
演出范围,地理区域,本村及阳宗坝子
演出前仪式地点,场所名称,灵峰寺
祭祀对象,神明身份,药王
傩祭仪式内容,包括项目,踩村、踩街、踩家、点将、辞神
仪式功能目的,宗教意义,驱鬼逐疫、消灾祈神
剧目题材来源,历史背景,三国故事
主要扮演角色群体,代表人物,刘备、孔明、关羽、张飞、关索、鲍三娘
演员构成成员,人员类型,主要演员、马童、龙套、锣鼓手
传承方式特点,继承制度,父传子、子传孙的家庭传承
面部装扮特征,使用道具,木制面具
常演经典剧目,作品列举,《古城会》《战长沙》《长坂坡》《过五关斩六将》《三请孔明》《三战吕布》《收周仓》《夜战马超》《花关索战三娘》
剧目时长范围,时间跨度,从分钟到小时不等
开场表演形式,出场顺序,马童和小军先出场
表演元素组合,艺术手段,有唱有打唱中夹白
伴奏乐器配置,乐器类型,无弦乐无伴唱只用锣鼓
声腔语言载体,方言种类,阳宗本地方言
音乐唱腔体系,板式分类,五字板、七字板、十字板、大刀腔、哭板、长板、短板、流水板
转调指挥工具,控制方式,锣鼓指挥
曲调表演风格,艺术特点,变化随意性较大无固定板式
传统演出场合,场地类型,白天在广场、院坝
文化特质体现,风格特征,浓厚的地域文化特点和古朴之风
现代演变趋势,习俗改变方向,演出习俗和程序有所简化和改变
保留核心仪式,存续项目,祭药王、踩村、踩街、踩家、点将、辞神
传承方式更新,新发展模式,不再局限于父子之间
昭通端公戏,演出场合,庆菩萨、庆坛、打傩、阳戏及斋醮等仪式活动
昭通端公戏,命名来源,由端公表演而名
昭通端公戏,传入时间,明清时期
昭通端公戏,传入来源地,江西、四川等省
昭通端公戏,分类,正戏和耍戏
正戏,特点,与仪式内容相关
正戏,表演形式,戴面具古脸子扮诸种神
正戏,代表剧目,《大战红山》《桃山救母》《扎五营》
耍戏,别称,春戏、花戏
耍戏,类型,小喜剧
耍戏,行当设置,生、旦、净、丑
耍戏,旦角演唱方式,假嗓
耍戏,其他角色演唱方式,本嗓
耍戏,演唱形式,独唱和帮唱
耍戏,伴奏乐器,锣鼓
耍戏,互动形式,场下帮白
昭通端公戏,现代演出主体,民间戏班
昭通端公戏,演出受邀用途,祝寿、还愿、婚嫁、小孩满周岁或剃头、建房、祭祖等场合
昭通端公戏,表演灵活性,可根据主人之意跳完全部或部分片断
昭通端公戏,即兴创作依据,按主人要求的庆贺内容
昭通端公戏,社会功能,既娱人又有教化作用
昭通端公戏,表演手段,诙谐幽默的对白
昭通端公戏,吸引观众方式,滑稽的跳、打、斗、舞
昭通端公戏,文化内涵关联,驱邪纳福、祈求平安的民间信仰
昭通端公戏,反映内容,当地百姓对美好生活的向往和追求
昭通端公戏,保留形式,古代傩祭仪式的若干古朴形式
昭通端公戏,功能特点,既娱神又娱人
昭通端公戏,研究价值,保留部分中国戏剧艺术的初始形态
昭通端公戏,研究意义,对研究中国戏曲的形成发展具有重要参考价值
昭通端公戏,活动特性,隐蔽性
昭通端公戏,发展限制因素,极大地限制了其艺术发展
昭通端公戏,消匿时期,世纪年代后基本消匿
昭通端公戏,恢复时期,世纪年代后逐渐恢复演出
弥渡花灯,民族学特征,白族文化载体
弥渡花灯,历史学特征,起源较早盛于清末民初普及于新中国成立初期
弥渡花灯,符号学特征,排灯开道/龙狮表演/凤引麒麟/旱船/白鹤/蚌壳/钱鞭/高跷/云高台大唱/小唱
弥渡花灯,美学特征,浓妆艳抹手持各种道具边走边唱边转无固定程式生活气息浓厚
弥渡花灯,历史学特征,被文化部授予中国民间艺术花灯之乡称号
弥渡花灯,民族学特征,大理白族自治州弥渡县地域性传承
弥渡花灯,社会学特征,不分男女老幼共同参与表演
嵩明花灯,历史学特征,据史料记载有超过个村寨曾有花灯活动
嵩明花灯,符号学特征,表演形式多样分为团场和坐场
嵩明花灯,美学特征,气氛热烈火红
团场,社会学特征,十余名成对的男女角色歌舞表演
坐场,民族学特征,各类小戏、小歌舞和小演唱的统称
坐场,历史学特征,以小戏表演为主
嵩明花灯小戏,符号学特征,约计出部分只有说白而无唱腔的讲口戏
《红灯舞》,历史学特征,被总政歌舞团改编
《红灯舞》,美学特征,曾在世界青年联欢节演出有一定影响
《王氏挑水》,符号学特征,全省各地花灯表演团体的常用花灯曲调
《双叠调》,符号学特征,全省各地花灯表演团体的常用花灯曲调
《老鹰亮翅》,符号学特征,全省各地花灯表演团体的常用花灯曲调
嵩明传统花灯,历史学特征,世纪年代后由于长期中断活动曾一度衰落
嵩明传统花灯,社会学特征,年代后又有所恢复
嵩明花灯,历史学特征,熟知花灯传统的民间老艺人陆续去世
嵩明花灯,符号学特征,一些剧目、曲调和表演形式已逐渐失传
嵩明花灯活动,社会学特征,规模也远不如前
元谋花灯,吸收元素,外来剧种
元谋花灯,吸收元素,剧目
元谋花灯,吸收元素,音乐
元谋花灯,吸收元素,表演形式
元谋花灯,融合内容,地方山歌
元谋花灯,融合内容,民间舞蹈
元谋花灯,形成时间,明洪武年间
元谋花灯,成熟时间,明末清初
民国时期,演出主体,全县灯社
全县灯社,演出频率,每年春节
全县灯社,演出范围,邻近村社
元谋县,成立机构,元谋县花灯团
元谋县花灯团,上演类型,改编传统花灯
元谋县花灯团,上演类型,移植现代花灯
元谋传统花灯,分类类别,文戏
元谋传统花灯,分类类别,武戏
元谋传统花灯,分类类别,庙会戏
庙会戏,细分类型,袍带戏
庙会戏,细分类型,三小戏
袍带戏,特点描述,场面大
袍带戏,特点描述,人物多
袍带戏,规模等级,大中型戏
三小戏,角色组成,小生/小旦/小丑
三小戏,表演风格,谐趣小戏
传统花灯剧目,来源类型,地方艺人创作
传统花灯剧目,融合艺术形式,地方民歌
传统花灯剧目,融合艺术形式,小调
传统花灯剧目,融合艺术形式,地方曲艺
元谋地方花灯,风格特征,风格鲜明
元谋花灯,现存曲谱数量,首
文艺工作者,整理成果,《元谋花灯音乐》
《元谋花灯音乐》,卷数规模,三卷
文艺工作者,整理成果,《元谋花灯曲谱》
文艺工作者,整理成果,《元谋花灯资料》
元谋花灯,表演特点,载歌载舞
元谋花灯,表演特点,表演性强
元谋花灯,风格特质,乡土味浓郁
元谋县,拥有团体,专业花灯剧团
元谋县,拥有团体,传统花灯社团
元谋县,拥有团体,业余演出队
元谋县,艺人结构,老/中/青传统花灯艺人
元谋县,演员规模,业余花灯演员人
传统花灯艺人,活动时间,农闲时
传统花灯艺人,活动方式,走村串寨
传统花灯艺人,贡献领域,继承和发展
姚安花灯,传承方式,父母辈言传身教与年轻人耳濡目染
姚安花灯,主要内容,拉花
姚安花灯,主要内容,牛歌
拉花,基本队形,圆圈/簸箕灯/团场子戏
拉花,中心角色,打岔佬
拉花,典型动作,小鱼抢水
拉花,典型动作,扭麻花
拉花,典型动作,大穿花
拉花,典型动作,老牛擦背
拉花,典型动作,苍蝇搓腿
拉花,使用步法,崴步
拉花,使用步法,颠步
拉花,使用步法,提步
拉花,使用步法,四方步
拉花,身段造型,老鹰晒翅
拉花,身段造型,海底捞月
拉花,身段造型,双人照面
拉花,身段造型,狮子摇铃
牛歌,别称,坝子腔
牛歌,演唱场合,春耕栽种期间
牛歌,上坝子唱腔特点,融入彝族情歌小调/声音轻柔/音律低沉优雅
牛歌,下坝子唱腔特点,声音高亢洪亮轻快
牛歌,表演形式,男女二人对唱
牛歌,歌词结构,主词+副词
牛歌,主词句数,两句
牛歌,副词句数,六句或十句不等
姚安花灯,化妆传统,鞑子和拉花姑娘由初学者担任
姚安花灯,折子戏演员,艺人
姚安花灯,伴奏乐器,锣
姚安花灯,伴奏乐器,钹
姚安花灯,伴奏乐器,小锣
姚安花灯,伴奏乐器,笛子
姚安花灯,伴奏乐器,二胡
姚安花灯,伴奏乐器,三弦
姚安县,传承机构,花灯剧团
姚安县,创作团体,农民戏剧创作组/农民戏剧协会
姚安县,普及程度,坝区乡镇村居委会可召集表演队
姚安花灯,文化地位,云南花灯重要组成部分
云南花灯,形成原因,各民族共居
彝族花灯,代表地区,红河哈尼族彝族自治州建水县岔科乡白云村
彝族花灯,代表地区,普雄乡塔瓦
彝族花灯,代表地区,南庄羊街
白云村灯会,成立时间,清光绪十九年
建水县彝族花灯,融入元素,彝族音乐
建水县彝族花灯,融入元素,彝族舞蹈
建水县彝族花灯,融入元素,彝族语言
建水县彝族花灯,融入元素,彝族服饰
彝族四大腔,句式特点,白话部分常用的五言句式
彝族四大腔,语言特征,彝语语气词
建水花灯舞蹈部分,动作来源,彝族民间舞
建水花灯伴奏,特色乐器,四弦
传统剧目,《打花鼓》)16.(传统剧目,《打渔》
传统剧目,《打草竿》)18.(传统剧目,《补缸》
传统剧目,《张三杀羊》)22.(传统剧目,《劝赌》
传统剧目,《乡城吵闹》)24.(传统剧目,《老贾休妻》
建水花灯,提供资料对象,省、州、县有关文化单位
建水花灯,参与活动,省级文艺汇演
白云村彝族花灯班,演员年龄范围,从岁不等
白云村灯班,仪式活动,请灯神仪式
白云村灯班,活动时间,每年农历正月十五
白云村灯班,集体演唱时间,正月十五、十六全村开始大唱花灯
白云村灯班,结束标志,正月十七唱完灯后即送灯神
陈维纯,组建,滇剧班子
宜良县,培养,滇剧艺人
协兴滇剧社,吸收入社,民间滇剧艺人
曲靖地区滇剧团一队,成立基础,宜良滇剧一队
宜良县滇剧团,早期骨干包括,彭国珍/竹八音/小八音/戚少斌/殷质泰
宜良县滇剧团,演出剧目,《狸猫换太子》
宜良县滇剧团,演出剧目,《七侠五义》
宜良县滇剧团,演出剧目,《三姐下凡》
宜良县滇剧团,演出剧目,《杨家将》
宜良县滇剧团,演出剧目,《樊梨花》
宜良县滇剧团,创作历史剧,《天波潮》
宜良县滇剧团,创作历史剧,《穿袈裟的军人》
宜良县滇剧团,创作民间故事剧,《兔仙救龙记》
宜良县滇剧团,创作现代剧,《野菊花》
宜良县滇剧团,创作现代剧,《绿林新传奇》
凤庆县,最早传入时间,清光绪三十二年
刘金玉,带领演出团体,天庆班
凤庆县,成立首个业余社团,尚友社
尚友社,使用剧本来源,《滇剧大观》
尚友社,使用剧本来源,《新滇剧》
尚友社,使用剧本来源,《滇剧曲谱》
尚友社,募捐义演剧目,《木兰从军》
尚友社,募捐义演剧目,《岳飞传》
凤庆滇剧团,创新唱腔类型,反丝弦
凤庆滇剧团,创新唱腔类型,反二黄
凤庆滇剧团,原创代表剧目,《夜梅》
凤庆滇剧团,原创代表剧目,《双冤案》
凤庆滇剧团,原创代表剧目,《生日蛋糕》
凤庆滇剧团,原创代表剧目,《借嫁妆》
凤庆滇剧团,原创代表剧目,《阳雀叫醒梦中人》
凤庆滇剧团,原创代表剧目,《涌金烈火》
凤庆滇剧团,原创代表剧目,《心愿》
凤庆滇剧团,原创代表剧目,《对象》
凤庆滇剧团,原创代表剧目,《金秋宴》
凤庆滇剧团,原创代表剧目,《蜂王选婿》
彝族最早的戏剧演出活动,起始时间,未明确记载但提及原楚雄州大姚县直苴乡现属永仁县小学教师尝试编演节目
新中国建立后,传入内容,革命歌曲和文艺节目
杨森,创作形式,采用端公跳神动作与神态结合《梅葛调》《过山调》《放羊调》及彝族民间歌舞模仿汉族花灯编演剧目
代表剧目示例,包括,《谁是医生》《牧羊在林中》《狼来了》《半夜羊叫》
文化部会议事件,演出剧目,《半夜羊叫》
文化部会议事件,结果认定,正式定名为彝剧并确立大姚县昙华乡为发源地
彝剧音乐构成,来源元素,彝族流行的山歌小调、舞曲和器乐曲
彝剧音乐现状,尚未形成形式,固定的板腔和联曲体
主要曲调列举,包含,《梅葛调》《过山调》《放羊调》《大松平调》《曼嫫若调》
乐曲类型列举,包含,《芦笙曲》《唢呐曲》《月琴曲》
主要伴奏乐器,俗称三大件,笛子、三弦或月琴、芦笙
表演发展过程,初期特征,模拟生活动作和动物特征的简单表演
表演技巧来源,吸收自毕摩祭司祭祀及《梅葛》演唱的动作声调表情)17.(表演技巧拓展,提取自打跳中的身段步伐转化为节奏性舞蹈性强的技巧
表现形式特点,结合方式,歌、舞、乐、剧结合
艺术风格特征,具有属性,浓郁的民族生活气息和鲜明的民族特点
创作题材倾向,多为类型,反映现实生活的现代戏
白剧,主要流传地区,丽江市部分白族聚居地区
白剧,原名,吹吹腔剧
吹吹腔剧,渊源关系,明代弋阳腔
白剧音乐,包括,唱腔音乐
白剧音乐,包括,伴奏曲谱
唱腔音乐,由...组成,吹吹腔
唱腔音乐,由...组成,大本曲
唱腔音乐,吸收改编自,民间乐曲
伴奏音乐,包括,唢呐曲牌
伴奏音乐,包括,打击乐
伴奏音乐,包括,三弦曲牌
伴奏音乐,吸收了,民间吹打乐
伴奏音乐,吸收了,歌舞乐
有的唱腔,按行当分为,小生腔
有的唱腔,按行当分为,小旦腔
有的唱腔,按行当分为,摇旦腔
有的唱腔,按行当分为,须生腔
有的唱腔,按人物身份和动作分为,英雄腔
有的唱腔,按人物身份和动作分为,苦腔
有的唱腔,按节拍、唱法分为,平板
有的唱腔,按节拍、唱法分为,高腔
有的唱腔,按节拍、唱法分为,一字腔
有的唱腔,按节拍、唱法分为,流水板
白剧,包含特殊唱调,《风绞雪》
白剧,包含特殊唱调,《课课子》
白剧,包含白族民歌曲调,《麻雀调》
白剧,包含白族民歌曲调,《泥鳅调》
白剧,包含白族民歌曲调,《朝山调》
唱词,采用格式,白族山花体格式
白族山花体格式,具体结构,三七一五或七七一五
演唱语言,使用,白语
演唱语言,使用,汉语
道白,使用,汉语白音
角色行当,包括,生
角色行当,包括,旦
角色行当,包括,净
角色行当,包括,丑
表演特点,具有,严谨规律
表演特点,具有,舞蹈性强
表演特点,具有,表现力强的武功
脸谱颜色,使用,红
脸谱颜色,使用,黑
脸谱颜色,使用,白
脸谱颜色,使用,蓝
脸谱颜色,使用,紫
伴奏乐队,保留传统乐器,唢呐
伴奏乐队,保留传统乐器,三弦
伴奏乐队,现发展为,以民族乐器为主的中西混合乐队
白剧剧目数量,目前收集到大约多个)54.(白剧剧目类型,"包括,袍带戏"
白剧剧目类型,包括,生活剧
白剧剧目类型,包括,民间传说故事剧
白剧剧目类型,包括,新编历史剧
白剧剧目类型,包括,现代戏
大理白族自治州白剧团,成立时间,年
代表剧目,《红色三弦》)61.(代表剧目,《苍山红梅》
代表剧目,《望夫云》)63.(代表剧目,《阿盖公主》
代表剧目,《情暖苍山》)65.(代表剧目,《苍山会盟》
代表剧目,《白月亮白姐姐》)67.(演出成就,被选调晋京演出
演出成就,在国内外巡回演出)69.(所获奖项,文华奖
所获奖项,曹禺剧目奖)71.(团体和个人获奖,国家级奖励近百项
艺术吸收来源,京剧)73.(艺术吸收来源,滇剧
艺术吸收来源,花灯)75.(艺术吸收来源,川剧
艺术元素融入,本民族舞蹈语汇)77.(艺术元素融入,其他民族舞蹈语汇
艺术特点,保持古老剧种的民族特色)79.(艺术特点,注意戏曲的程式化
艺术特点,注意戏曲的生活化)81.(艺术特点,具有鲜明的时代特点
艺术特点,具有鲜明的民族特点)83.(人才培养成果,培养和造就了一批有一定知名度和影响力的白剧艺术家
学术研究对象,吸引着不少专家学者对白剧艺术进行研究)85.(群众基础,在大理白族地区有着深厚的群众基础
明清时期,文化传播事件,汉族将渔鼓演唱带入壮族寨子
壮族民间曲调,应用于,渔鼓演唱
当地传说,涉及情节,汉族战败后被大鱼救助过河
木头刻成鱼形,制成乐器,渔鼓
明朝,关键人物,侬志高
传统渔鼓,包含元素,说白与唱词
下坝村渔鼓说唱,主要用途,哭丧
伴奏乐器,包括种类,笛子、二胡、京胡、钹、锣等
演员表演方式,使用工具,怀抱渔鼓手持高板边击拍边演唱
壮族渔鼓,语言特点,用壮、汉两种语言演唱
壮族渔鼓旋律,特征描述,起伏不大吐字清楚重在叙事
伙辅德,身份角色,西畴县文化馆成员
伙辅德,创作作品,《劈山引水带头人》
后续创作曲目,包括名称,《五唱民主选举》《五兄弟葬父》
壮族渔鼓艺术性,评价描述,具有突出的民族风格和地方特点
现状问题,面临困境,专业剧团演出不景气渔鼓演唱少人问津
传统曲目传承现状,存在问题,逐渐失传
鱼皮绷鼓技法掌握者,现状描述,艺人渐少
说唱艺人年龄结构,现状特点,多数年岁已高
彝族梅葛,含义,口头说唱的古老故事
彝族梅葛,类型,古老的长篇说唱史诗
彝族梅葛,保存方式,口耳相传、沿袭演唱
彝族梅葛,内容主题,生产劳动、婚丧嫁娶、风情习俗的记述
彝族梅葛,被视为,彝族人民的根谱
彝族梅葛,被誉为,彝族历史生活的百科全书
《梅葛》,特点,口头流传的关于人类历史及对大自然斗争的史诗
梅葛曲本,组成部分,创世
梅葛曲本,组成部分,造物
梅葛曲本,组成部分,婚配
梅葛曲本,组成部分,丧葬
梅葛曲调,细分类型,赤梅葛
梅葛曲调,细分类型,辅梅葛
梅葛曲调,细分类型,赤梅拉梅
梅葛曲调,细分类型,娃娃梅葛
赤梅葛,情感色彩,忧伤低沉
赤梅葛,用途,丧葬、祭祀
辅梅葛,性质,喜调
辅梅葛,情感特点,婉转抒情
赤梅拉梅,基础来源,上述两种古腔调
赤梅拉梅,别称,杂调
过山调,流行地区,大姚县昙华乡
马樱花调,流行地区,大姚县昙华乡
请客调,演唱场合,婚礼
讨亲调,演唱场合,婚礼
青棚调,演唱场合,婚礼
进门调,演唱场合,婚礼
迎客调,演唱场合,婚礼
送客调,演唱场合,婚礼
梅葛演唱形式,包括,单人
梅葛演唱形式,包括,双人
梅葛演唱形式,包括,集体
单人演唱,方式,坐唱和站唱
多人演出,方式,走唱与舞蹈结合
伴奏乐器,包括,葫芦笙
伴奏乐器,包括,口弦
伴奏乐器,包括,笛子
演唱语言,包括,彝汉两种语言
唱词句式,常见形式,七字句
唱词句式,常见形式,五字句
唱词句式,居多形式,五字句
过去歌手,主要是,毕摩
毕摩,身份,彝族祭师
毕摩,角色,彝族民间口头文学的保存者
毕摩,角色,彝族民间口头文学的加工者
毕摩,角色,彝族民间口头文学的传播者
毕摩,地位,彝族的知识分子
青年歌手创作曲目,超出范畴,传统的史诗范畴
青年歌手创作曲目,反映内容,彝族人民的新生活
代表曲目,包括,《民兵队长阿利若》
代表曲目,包括,《彝家山寨新事多》
代表曲目,包括,《红军长征过楚雄》
代表曲目,参与活动,云南省民族民间音乐舞蹈汇演
代表曲目,参与活动,全国少数民族业余文艺汇演
腾冲皮影戏,俗称,皮戏
腾冲皮影戏,传入时间,明洪武年间
腾冲皮影戏,历史时长,六百多年
腾冲皮影戏,流派,西腔
腾冲皮影戏剧目,取材来源,传奇
腾冲皮影戏剧目,取材来源,演义
腾冲皮影戏剧目,取材来源,民间故事
腾冲皮影戏剧目类型,包括,三国戏
腾冲皮影戏剧目类型,包括,列国戏
腾冲皮影戏演出活动范围,覆盖地区,腾冲城乡
腾冲皮影戏演出活动范围,覆盖地区,滇西的许多县市
腾冲皮影戏代表剧目,《抗战胜利》)16.(腾冲皮影戏代表剧目,《三十六团进腾冲》
腾冲皮影戏艺术风格,融合元素,中原皮影风格
腾冲皮影戏艺术风格,融合元素,边地特色
皮影靠子,组成部分,头
皮影靠子,组成部分,手
皮影靠子,组成部分,脚
皮影靠子,组成部分,身
皮影靠子功能,既是,表演道具
皮影靠子功能,又是,艺术精品
皮影靠子制作材料,使用材质,黄牛皮
皮影靠子制作工艺步骤,包括,硝皮
皮影靠子制作工艺步骤,包括,铲皮
皮影靠子制作工艺步骤,包括,打磨
皮影靠子制作工艺步骤,包括,雕刻
皮影靠子制作工艺步骤,包括,连接
皮影靠子制作工艺步骤,包括,上色
硝皮原料成分,含有,芒硝
硝皮原料成分,含有,鸡粪
定色定型材料,使用,洋药即透明水彩
制作工具类型,包括,剪刀
制作工具类型,包括,足刀
制作工具类型,包括,电工刀
制作工具类型,包括,锥子
垫子制作原料,包含,山茶花瓣灰
垫子制作原料,包含,蜂腊屎
垫子制作原料,包含,苦竹灰
腾冲皮影戏别称,云南大皮影)46.(腾冲皮影靠子特点,高大庄重
腾冲皮影靠子尺寸比例,约为其他地方两三倍大)48.(腾冲皮影靠子艺术价值,"具有,艺术审美价值"
腾冲皮影靠子艺术价值,具有,收藏价值
腾冲皮影传承现状,现存团体,固东镇的刘家寨皮影班
代表艺人,刘永周)52.(面临问题,后继乏人
镇南月琴,得名原因,南华旧名镇南县
镇南月琴,当地俗称,弦子
镇南月琴,制作历史,清代即誉满三迤
光绪《镇南州志》,记载内容,州人杨氏世袭其业所造者皆有美音市之者甚重
旧时作坊名称,包括,抱月斋、得月斋、得月楼、玩月轩等约余家
抱月斋店主,代表人物,郭纯熙
镇南月琴,取材材料,楸木板、水冬瓜木、香笋竹、弦线等
镇南月琴组成部分,包括,琴杆、琴簪、琴鼓、琴品、钓鱼台、琴胆等
琴杆顶部雕刻图案,老龙含珠)13.(琴鼓雕刻图案,双龙抢宝等精致民族图案
制作工序数量,道工序)16.(制琴步骤之一,制琴框
制琴步骤之一,制琴板)18.(琴板雕刻花纹示例,链子图、火把、龙等
制琴步骤之一,制调弦杆俗称弦耳朵)21.(制琴步骤之一,制龙头
不同弦台数量对应功能差异,个不等个弦台的月琴只能演奏彝族歌曲;个弦台的月琴可以演奏流行歌曲)24.(制琴步骤之一,制弦码装弦线
装饰元素,在琴板中间安装一块小镜子作为装饰)27.(镇南月琴音色特点,做工精美玲珑剔透音色清脆悦耳节奏鲜明
镇南月琴地位,成为民族乐团队中必不可少的乐器之一)29.(喜爱群体,专业、业余文艺工作者和民间艺人
艺术属性,工艺精良的雕刻工艺美术品)31.(价值体现,有较高的鉴赏和收藏价值
销售范围国内部分,云南各地)33.(销售范围国际部分,美国、泰国、缅甸等国家
现存传承人之一,郭庆云)35.(郭庆云所属社区,龙川镇西云社区
现存传承人之二,李树明)37.(李树明所属村委会,岔河村委会
斑铜工艺,流传地区,昆明市
斑铜工艺,流传地区,东川区
熟斑,原料来源,工业熟铜
生斑制品,特点,晶斑锃亮璀璨富丽典雅
生斑制品,特点,重量轻
生斑制品,特点,色彩自然光斑立体感和光泽度较好
斑铜制作工艺,工序数量,二三十道
斑铜制作工艺,耗时,两三个月
斑铜主要品种,包括,香炉
斑铜主要品种,包括,蜡台
斑铜主要品种,包括,火锅
斑铜主要品种,包括,鼎
斑铜主要品种,包括,盒
斑铜主要品种,包括,瓶
斑铜主要品种,包括,各种工艺品
会泽斑铜制作技艺,流传于,曲靖市会泽县
会泽斑铜,获奖情况,巴拿马国际博览会银奖
会泽斑铜产品,远销国家,日本
会泽斑铜产品,远销国家,美国
会泽斑铜产品,远销国家,东南亚国家
会泽斑铜选料要求,含铜量标准,精选会泽、东川一带出产的天然铜
会泽斑铜制作过程,包括步骤,用粟炭温火冶炼生斑
会泽斑铜制作过程,包括步骤,手工打磨
会泽斑铜制作过程,包括步骤,抛光
会泽斑铜制作过程,包括步骤,精加工
会泽斑铜代表性作品,双龙抱耳瓶)31.(会泽斑铜,"指定用途,云南省第二届传统民族体育运动会奖杯"
会泽斑铜技艺传承方式,传男不传女)33.(会泽斑铜技艺传承方式,无文字记载全凭口传心授
张克康家,历史地位,历史最久、名声最大
昆明斑铜制作技艺,起源地,会泽、东川等地
熟斑,出现时间,民国年间
昆明宝鸿号王吉兴,擅长制作,斑铜
栗长青造化庐,擅长制作,关圣像
昆明斑铜工艺工序,包括,选料
昆明斑铜工艺工序,包括,除杂质
昆明斑铜工艺工序,包括,出毛料
昆明斑铜工艺工序,包括,初劈
昆明斑铜工艺工序,包括,升起来
昆明斑铜工艺工序,包括,勒口
昆明斑铜工艺工序,包括,成形
昆明斑铜工艺工序,包括,打磨
昆明斑铜工艺工序,包括,烧斑
昆明斑铜工艺工序,包括,闹斑
昆明斑铜工艺工序,包括,煮斑
昆明斑铜工艺工序,包括,露斑
昆明市工艺美术厂,设立部门,斑铜车间
昆明市斑铜厂,前身机构,斑铜车间
昆明斑铜产品类型,包括,观赏工艺品
昆明斑铜造型特色,汲取艺术营养来源,古滇青铜文化
昆明斑铜造型特色,汲取艺术营养来源,中原青铜文化
昆明斑铜代表性作品,惊鹿)63.(昆明斑铜代表性作品,大象
昆明斑铜代表性作品,孔雀明王)65.(昆明斑铜代表性作品,大犀牛
昆明斑铜代表性作品,薰炉)67.(昆明斑铜产品荣誉,轻工部优质产品称号
昆明斑铜产品荣誉,省、市优质产品称号)69.(昆明斑铜产品用途,国家收藏珍品
昆明斑铜产品用途,"向外国元首馈赠的国家级礼品)
1.(乌铜走银制作技艺","属传统民间金属制作工艺,红河哈尼族彝族自治州石屏县异龙镇冒合岳家湾村"
乌铜走银制作技艺,属传统民间金属制作工艺,坝心镇
乌铜走银制作技艺,属传统民间金属制作工艺,昆明市晋宁县晋城镇
走银,定义,在铜胚上镂刻出精美的纹饰图样然后在阴刻的纹饰内镀银或金再将铜胚表面处理成黑色使其在庄重深沉的黑底上衬托出银金光闪闪的灿烂饰纹
石屏乌铜走银技艺,历史起始时间,清雍正年间
石屏乌铜走银技艺,创始人,岳氏兄弟
石屏乌铜走银技艺,相关文献记载,《异龙湖歌》
石屏乌铜走银技艺,民国年间年均产销量,约件
石屏乌铜走银技艺,主要工具,风箱
石屏乌铜走银技艺,主要工具,熔炉
石屏乌铜走银技艺,主要工具,钳子
石屏乌铜走银技艺,主要工具,錾子
石屏乌铜走银技艺,产品类型,器皿
石屏乌铜走银技艺,产品类型,墨盒
石屏乌铜走银技艺,图案主题,麒麟吐书
石屏乌铜走银技艺,图案主题,八仙过海
石屏乌铜走银技艺,图案主题,花鸟虫鱼
石屏乌铜走银技艺,图案主题,飞禽走兽
石屏乌铜走银技艺,图案主题,龙凤鹿鹤
晋宁乌铜走银技艺,流传地点,昆明市晋宁县晋城镇天城门村
晋宁乌铜走银技艺,传承来源,石屏岳家
晋宁乌铜走银技艺,器物种类,手炉
晋宁乌铜走银技艺,器物种类,花瓶
晋宁乌铜走银技艺,器物种类,香炉
晋宁乌铜走银技艺,器物种类,如意
晋宁乌铜走银技艺,器物种类,首饰
晋宁乌铜走银技艺,器物种类,烟具
晋宁乌铜走银技艺,器物种类,首饰盒
晋宁乌铜走银技艺,风格特征,独特雅致
晋宁乌铜走银技艺,受众群体,大富人家
晋宁乌铜走银技艺,受众群体,文人墨客
晋宁乌铜走银技艺,传承方式,世代独传
晋宁乌铜走银技艺,工艺保密措施,配方秘不外传
南嘎河寨,代表村落,高技艺水平
日常生活,依赖乐器,葫芦笙
生产劳动,使用工具,葫芦笙
逢年过节,文化载体,葫芦笙
红白喜事,仪式用品,葫芦笙
核心工序,技术难点,调音
传承方式,家庭单位,传男不传女
社会功能,维系作用,民族团结
经济模式,家庭手工业,增收来源
性别分工,学习起点,十五六岁男性
器物象征,文化符号,吉祥物
历史见证,承载内容,悠久历史与灿烂文化
美学特征,造型多样,大小长短不一
声学特性,音域范围,鸡蛋至米以上尺寸对应高低音色
工艺优势,产品特点,簧片精细/声音响亮/音调准确
市场因素,竞争优势,价格便宜受欢迎
代际传递,师承关系,代代相传
芒景寨傣族手工造纸工艺,民族学特征,傣族传统技艺
芒景寨傣族手工造纸工艺,历史学特征,完整保留中国古代造纸术
构树皮(埋沙),符号学特征,主要原料命名体系
土纸用于抄写经文,符号学特征,宗教文化载体
添加榕树皮创新工艺,民族学特征,技术改良实践
纤维脉络清楚,美学特征,自然纹理质感
捆扎人民币用途,符号学特征,货币信用象征物
绘画师首选用纸,美学特征,艺术创作媒介属性
农闲时生产模式,社会学特征,农耕文明生产节奏
祖辈沿袭传承,历史学特征,代际知识传递方式
砑光工具使用,工艺学特征,表面处理技术
木槌/水槽工具组,民族学特征,就地取材原则
市场供不应求现象,社会学特征,消费需求与供给关系
多年生构树采集周期,生态学特征,可持续资源利用
比例混合榕树皮,工艺创新特征,材料配比优化
傣族传统制陶技艺,民族学特征,由妇女制作
傣族传统制陶技艺,符号学特征,泥条盘筑法
傣族传统制陶技艺,美学特征,形制古朴
红河县傣族传统制陶技艺,社会学特征,家庭内传承
红河县傣族传统制陶技艺,民族学特征,传女不传男
红河县傣族传统制陶技艺,历史学特征,家家户户都会制作土陶
红河县傣族传统制陶技艺,符号学特征,木陶拍、花纹板来摩、圆石恒、木板达摩、木槌火恒、锅底板扁
红河县傣族传统制陶技艺,美学特征,土锅、水缸、药罐、土盆、茶壶
新平县傣族传统制陶技艺,社会学特征,全村户人家全部从事土陶制作
新平县傣族传统制陶技艺,民族学特征,技艺不传给儿女只传给儿媳
新平县傣族传统制陶技艺,历史学特征,能手很多其中制作技艺高超的艺人刀拉爱年被云南省文化厅授予云南省民族民间美术艺人称号
新平县傣族传统制陶技艺,美学特征,土锅、水缸、药罐、茶壶、水杯、背壶、土碗、土甑子、花瓶、花盆和工艺品
孟连县傣族传统制陶技艺,社会学特征,家庭内部传承
孟连县傣族传统制陶技艺,民族学特征,传女不传男
孟连县傣族传统制陶技艺,历史学特征,现村中只有两位多岁的老人掌握技艺但已无传人
孟连县傣族传统制陶技艺,符号学特征,木拍、花陶拍、卵石、轮盘
孟连县傣族传统制陶技艺,美学特征,厨具类的土锅、水壶、陶罐、陶瓶、陶盘等家居类的花瓶、花盆和赕佛用的灯盏、高足盘
潞西市傣族传统制陶技艺,社会学特征,土陶一直是当地傣族的收入来源之一
潞西市傣族传统制陶技艺,民族学特征,传女不传男均由妇女制作
潞西市傣族传统制陶技艺,历史学特征,世纪年代制陶工艺在该寨十分普及寨中半数以上人家均制作陶器除自己使用外还销售到芒市一带
潞西市傣族传统制陶技艺,符号学特征,转盘埋板、木陶拍扁波、鹅卵石麻幸、木槌、木板、牛皮或竹席
潞西市傣族传统制陶技艺,美学特征,土锅、陶罐、甑子、茶壶
哈尼族长街宴,社会学特征,各民族友好往来
哈尼族长街宴,社会学特征,团结互助
哈尼族长街宴,民族学特征,追求人与自然和谐关系
哈尼族长街宴,民族学特征,构建良好人际关系
哈尼族长街宴,历史学特征,农耕活动序曲
哈尼族长街宴,历史学特征,祈祷农耕生产顺利
哈尼族长街宴,符号学特征,酒席划分主席/副席/大众席
哈尼族长街宴,符号学特征,吟唱创世史诗
哈尼族长街宴,符号学特征,迁徙史诗
哈尼族长街宴,符号学特征,叙事长诗
哈尼族长街宴,美学特征,服装服饰
哈尼族长街宴,美学特征,音乐舞蹈
哈尼族长街宴,美学特征,磨秋表演
哈尼族长街宴,社会学特征,传统文化内涵弱化趋势
哈尼族梯田农耕礼俗,民族学特征,流传于云南省红河哈尼族彝族自治州特定县域
哈尼族梯田农耕礼俗,历史学特征,包括建村立寨/开垦耕种/节庆祭奠/人生/服饰饮食等大类别
建村立寨礼俗,符号学特征,民居村落适应梯田稻作且利于稻谷干燥贮藏
开垦耕种礼俗,符号学特征,《浩伙腊伙》农事叙事长诗具现实规范作用
节庆祭奠礼俗,符号学特征,分家庭型/村落型/全民型三种类型
祭寨神仪式,历史学特征,标志春耕季节开始
人生礼俗,民族学特征,通过诞辰/婚礼/葬礼宣示合格生产者身份
婴儿命名仪式,符号学特征,以模拟梯田耕作为核心的差异化男女婴命名方式
服饰礼俗,美学特征,崇黑基调搭配日月山川树木梯田纹样设计
梯田农耕礼俗,社会学特征,具有完整知识技术信仰价值体系及社会功能
剑川县,民族构成,白族聚居县
石宝山歌会,举办地点,石宝山
石宝山,行政归属,剑川县沙溪镇
唐《蛮书》卷八,记载内容,少年子弟暮夜游行闾巷吹壶卢葫芦笙或吹树叶
石宝山歌会,时间范围,农历七月二十七日至八月初一
歌会主要内容,包括,万人弹弦对歌
歌会主要内容,包括,演唱白曲
歌会主要内容,包括,民间艺人演奏阿吒力佛教音乐
歌会主要内容,包括,表演乐舞
表演项目,包含,龙头三弦
表演项目,包含,三弦曲
表演项目,包含,霸王鞭舞
表演项目,包含,白族调
表演项目,包含,大白曲本子曲
对唱调子,俗称,白族调/白曲
白族调内容类型,包括,劳动歌
白族调内容类型,包括,仪式歌
白族调内容类型,包括,情歌
白族调内容类型,包括,生活歌
白族调内容类型,包括,反意歌
白族调内容类型,包括,一字歌
传统作品,举例,《鸿雁带书》
传统作品,举例,《出门调》
传统作品,举例,《月里桂花》
男性演唱风格,特点,热烈奔放
女性演唱风格,特点,缠绵柔和
弹弦对调,功能用途,谈情说爱
石宝山歌会,社会功能,择偶机会
对歌活动,核心要素,即兴创作
对歌形式,结构特征,一问一答不能停顿
参与地区,包括,剑川
参与地区,包括,洱源
参与地区,包括,大理
参与地区,包括,兰坪
宗教活动,包括,白族阿吒力佛教法事活动
朝拜对象,指定,中央本主
文化符号,涉及,阿央白石刻女阴
法定名称,确定为,中国云南剑川石宝山歌会节
文化融合元素,包括,弹弦唱曲
文化融合元素,包括,求神拜佛
文化融合元素,包括,本主崇拜
文化融合元素,包括,以歌觅偶
学术价值领域,涉及,社会学特征
学术价值领域,涉及,民族学特征
学术价值领域,涉及,历史学特征
学术价值领域,涉及,美学特征
大理三月街,社会学特征,滇西各族人民经济和文化展示与交流的盛会
大理三月街,民族学特征,白族最盛大的传统节日
大理三月街,民族学特征,彝、藏等民族积极参与
大理三月街,历史学特征,起始于唐永徽年间
大理三月街,历史学特征,古名祭观音街、观音市
大理三月街,历史学特征,由观音祭祀风俗逐渐演变而成
大理三月街,符号学特征,因每年农历三月举行而得名
大理三月街,美学特征,用各种花草在各家户外搭成的花山绚丽多姿
大理三月街,美学特征,大理古城内外张灯结彩
大理三月街,美学特征,使大理变成美奂绝伦的神奇世界
大理三月街,社会学特征,省内外以及缅甸、泰国等国家来赶三月街的人数以百万计
大理三月街,社会学特征,群众性的对歌、赛歌
大理三月街,民族学特征,集白族和各民族历史、经济、文化、民俗为一体
大理三月街,历史学特征,据古代文献《白国因由》、李元阳《云南通志》、徐霞客《滇游日记》及《大理县志稿》等记载
九祭献,民族学特征,哈尼族迁徙历程再现
九祭献,历史学特征,传承古老傩祭仪式传统
九祭献,符号学特征,木祖/竹马器具象征体系
九祭献,美学特征,棕扇舞与歌舞表演形式
阿奴才咋,社会学特征,农耕稻作集体劳动模式
阿波门祖,民族学特征,祖先艰难迁徙叙事
果多撒咋,社会学特征,夫妻协作生产关系
阿尼托咋,民族学特征,生育繁衍文化表征
阿腊搓,美学特征,屋外择偶舞蹈美学
哈咪那哈咋,社会学特征,自由恋爱婚配制度
阿认皮,符号学特征,鲜花乞讨生育象征
咋则把涡啦,历史学特征,闭环式收场仪式结构
九祭献,符号学特征,辰龙日时间节点选择
竹碗竹杯,民族学特征,饮食器具文化编码
祭祀程序,社会学特征,严格禁忌规范系统
三年周期,社会学特征,时间秩序建构方式
自然村共同体,民族学特征,同源兄弟建寨传说
新平傣族人生礼俗,包括类别,求子礼俗
新平傣族人生礼俗,包括类别,孕期礼俗
新平傣族人生礼俗,包括类别,出生礼俗
新平傣族人生礼俗,包括类别,取名礼俗
新平傣族人生礼俗,包括类别,满月礼俗
新平傣族人生礼俗,包括类别,周岁礼俗
新平傣族人生礼俗,包括类别,成人礼俗
新平傣族人生礼俗,包括类别,文身礼俗
新平傣族人生礼俗,包括类别,染齿礼俗
新平傣族人生礼俗,包括类别,花街比美礼俗
新平傣族人生礼俗,包括类别,婚礼礼俗
新平傣族人生礼俗,包括类别,葬礼礼俗
新平花腰傣人,信仰观念,生子是由神灵恩赐
未怀孕女子,求子方式,杀鸡献祭寨神
未怀孕女子,求子方式,献鸡蛋向大树求子
未怀孕女子,求子方式,到江边宰鸭向水神匹南求子
女子有孕,家庭态度,得到全家人的精心关照
女子有孕,注重事项,胎教
新生儿出生时,庆贺方式,杀认母鸡办祝米客
婴儿生下三四天后,行为,取乳名
婴儿满月时,礼仪内容,家里的男人要到河里或田里捉鱼虾来开荤
周岁时,礼仪内容,择吉日杀鸡祭祖
周岁时,礼仪内容,让婴儿抓周
周岁时,礼仪内容,请本寨的刺绣能手来家里占卜
十七八岁时,重要礼俗,举行成人礼盘头
盘头后,着装变化,穿亮丽华贵的成人服装
盘头后,参与活动,参加花街比美
花街节,别称,赶花街
花街节,性质,新平花腰傣人隆重的民族节日
花街节,功能,花腰傣姑娘比美赛美、小伙子选美择美、青年男女互致爱情的盛会
新平傣族传统礼俗,包含项目,染齿
新平文身,常见部位,手臂和手腕上
婚葬礼俗,特点,有整套程序独具特色
新平傣族人生礼俗,流行支系,傣雅、傣洒和傣卡
新平傣族人生礼俗,历史特征,历史悠久
新平傣族人生礼俗,地域特征,地域特色鲜明
新平傣族人生礼俗,文化价值,传承民族文化、民族精神和传统美德
新平傣族人生礼俗,文化地位,高度浓缩和涵盖了花腰傣文化的精华和人文价值
新平傣族人生礼俗,研究价值,对研究新平傣族发展史具有历史文化价值
社会发展影响下,现状问题,活动人群日愈减少
社会发展影响下,现状问题,傣族年轻人对人生礼俗的价值认同感日渐淡漠
葫芦节,日期,农历十月十五
葫芦节,核心象征物,葫芦
拉祜族,祖先传说,天神厄莎用葫芦培育后代
葫芦,文化意义,祖先化身与全民族吉祥物
葫芦节活动,包括,歌舞狂欢
男子,表演乐器,葫芦笙
男女共跳,舞蹈类型,嘎克舞
女子,敲打乐器并跳,象脚鼓摆舞
男女青年,参与形式,民歌对唱
体育与游戏表演,项目,荡秋千/背水/打陀螺/射弩比赛
创世史诗,名称,《牡帕密帕》《说典噜典》
拉祜族史研讨会,决策机构,澜沧县政府、县人大常委会
法定依据,来源,拉祜族群众意见
节日功能,结合发展,传统民俗与经济交流
葫芦信仰,反映关系,山区自然生存奋斗历程
葫芦节,美学特征,全民歌舞狂欢的喜庆场合
历史载体,体现于,《牡帕密帕》中的葫芦诞生传说
花山节,社会学特征,丰富当地群众文化生活
花山节,民族学特征,传承本民族文化
花山节,民族学特征,展示苗族服饰
花山节,历史学特征,历史古老
花山节,历史学特征,蚩尤战败迁徙传说
花山节,历史学特征,另一首领重新组织反抗统治阶级传说
花山节,符号学特征,立花杆
花山节,符号学特征,五彩花杆
花山节,符号学特征,红、白、蓝、绿四条麻布彩带
花山节,美学特征,芦笙舞
花山节,美学特征,对唱山歌
浇花节,社会学特征,体现尊老爱幼
浇花节,社会学特征,相互尊敬
浇花节,社会学特征,相互谦让
浇花节,民族学特征,德昂族最有标志性的传统节日
浇花节,民族学特征,强化德昂族的审美观念
浇花节,民族学特征,艺术情趣及民族性格
浇花节,历史学特征,与南传上座部佛教传入德昂族地区有密切的关系
浇花节,符号学特征,用竹筒轻轻地从肩膀往下泼水
浇花节,符号学特征,插上鲜花的盛着清泉水的小竹水筒
浇花节,符号学特征,女子身背花篮
浇花节,符号学特征,男子手持竹筒做浇花状
浇花节,美学特征,跳德昂族传统的浇花舞
浇花节,美学特征,以鼓、铓、镲三种打击乐器伴奏
佤族自称,包括,佤、阿佤和布饶
汉语意指,山地民族,佤族
翁丁大寨,森林覆盖率达,以上
翁丁村,共有户人,其中大寨户人
人均耕地面积,为,亩
人均收入,元年,
自然环境,特点,较好
水土,状况,丰美
动植物资源,特点,丰富
传统民族服饰,主色调,黑色
妇女服饰,包括,斜襟圆领长袖短上衣或圆领中袖套头衫
妇女服饰,腰系,黑色或红色布带
妇女服饰,小腿裹,黑布
妇女饰品,包括,银项圈、银手镯、银胸牌等
男子服饰,穿,黑色圆领布扣开衫
男子服饰,穿,肥短黑色大摆裆布裤
男子服饰,腰系,黑色或红色布带
男子装备,包括,肩挎长刀和筒帕
男子装备,包括,烟锅倒插在背后衣领上
男女共同特征,包头颜色,黑色
翁丁老人,穿着,传统服饰
细节变化,发生在,传统服饰上
大部分人,自织布料,年青人服饰变化稍大
染齿和文身,是,习俗
居住结构,类型,干栏式结构的茅草竹木房
建房习俗,包括,看户主年龄是否合适盖房
建房习俗,根据,户主排行选择建房时间
建房习俗,包括,下石脚和进新房要选日子
建房习俗,讲究,开门的方向
建房习俗,选材,严格
进新房仪式,举行,仪式
生产方式,包括,夺铲点播旱谷、水牛耕田
舂米工具,使用,杵臼
织布工具,使用,腰机
酿酒原料,使用,杂粮
传统家庭手工技艺,包括,印染、织布、纺织、竹编、藤编等
信仰体系,信奉,万物有灵
镇寨之宝,是,木鼓
木鼓功能,可与天神对话的神器,
寨桩位置,居于,打歌场中央
祭祀场所,包括,木鼓房、沙拉房、神林祭祀房、鬼林等
主要祭祀活动,包括,农历六月的开门节和公历月的围线护寨等
传统节日,包括,春节、护寨节、新米节等
春节特点,最隆重,一般要唱歌跳舞、杀猪宰鸡欢庆天
主要民间文学,包括,《司岗里传说》、《达赛玛传说》等
民歌形式,可分为,情歌、儿歌、劳动歌、节庆歌、祭祀歌等
歌谣类型,包括,创世歌、宗教歌词和世俗歌
音乐旋律特点,与语调密切相关,
舞蹈性与歌唱性关系,紧密结合,
乐段特点,多次重复并擅用滑音、装饰音、颤音极富民族特色)56.(主要乐器,"包括,葫芦笙、佤笛、比得利、木鼓、象脚鼓、铓、镲等"
全民性的传统舞蹈,包括,葫芦笙舞、摇摆舞、长步舞等
葫芦笙舞种类,包括,包谷舞、蒿子舞、孤儿舞等套动作
葫芦笙舞方向,顺着逆时针方向彻夜唱跳)60.(拉木鼓、剽牛活动中的舞蹈,"包括,拉木鼓舞、剽牛舞、跳木鼓房舞等"
传统体育比赛项目,包括,射弩、摔跤、高跷踢架、打陀螺、磨秋、打水枪等
游乐活动,包括,跳土坎、过独木桥等
翁丁村被定为,沧源县打造佤文化、宣传佤文化的窗口,沧源县人民政府
对当地佤族聚居区的社会文化影响,具有积极影响,
糯黑村,民族构成,彝族撒尼人
糯黑村,自然村划分,大糯黑、小糯黑
糯黑村,地貌类型,喀斯特地貌
糯黑村原名,含义,猿猴水塘
民居建筑特色,典型代表,传统石板房
历史遗迹,包括,清末环村石墙、木栅
历史遗迹,包括,明代藤子哨、清代石古城
发展规划定位,纳入,阿诗玛文化旅游经济带
开发目标,定位为,民俗文化旅游村
撒尼女子服饰标志,特征物品,花包头
花包头颜色组成,包含,红/绿/蓝/紫/黄/青/白
婚后妇女服饰变化,简化元素,包头改用桃红或大红布与青布缝制
撒尼刺绣技法,包括,挑花/贴花/穿花/锁花/盘花/滚花/补花/刺花
信仰体系,包括,祖先崇拜、自然崇拜
祭祀主持人角色分工,毕摩主管男性,筮玛主管女性
文字类型,分类,独体字、合体字
合体字结构特点,由主体结构加符号组成)19.(撒尼文类别,"包括,象形/会意/假借"
民间文学代表作,例举,《圭山彩虹》《逃到甜蜜的地方》《放羊人诗郎苦》《竹叶长青》《尼米诗》《阿诗玛》
音乐体裁形式,包括,叙事调/喜调/悲调/骂调/情歌/牧羊调/犁田调/绣花调/织麻调/月琴调/口弦调/三弦调/婚礼调/毕摩调/哄睡调
代表性音乐作品,例举,《撒尼人民心向红太阳》《歌唱新圭山》《远方的客人请您留下来》
主要乐器种类,包括,口弦/竹笛/大三弦
舞蹈类型,包括,大鼓舞/霸王鞭舞/钗舞/狮舞/大三弦舞
传统体育活动,包括,摔跤/斗牛/磨秋/丢花包/撵山/打弹弓/老虎抱蛋
传统节日名录,包括,春节/清明节/中秋节/端午节/火把节/密枝节/祭山神
社团功能场景,应用于,节日庆典、婚丧嫁娶
瓦拉别,位于,丽江市宁蒗彝族自治县永宁乡北部
瓦拉别,是,温泉行政村村民委员会所在地
摩梭人,保留,初具文字性质的符号
经书,包含,篇记录每月吉凶日的内容
符号,具有,固定的形、音、意
符号用途,限于,达巴占卜之用
摩梭人,信仰,喇嘛教
喇嘛,掌握,藏文
摩梭妇女,擅长,纺织手工艺
纺织产品,包括,麻布和土布
酿酒工艺,分为,咣当酒与苏里玛酒
传统民居类型,包括,母系院落/夯土结构院落/砖木结构非传统民居
建房习俗,包含,择地基/择向/择日伐木/树男柱女柱/砌火塘/进火仪式
老年妇女服装风格,呈现,端庄简洁特点
青年妇女服饰特色,体现,艳丽多彩特征
金边大襟衣纽扣材质,使用,银质/铜质/彩珠/布料打结扣
内衣元素,采用,黄绿或粉红色绸缎领袖口设计
下装款式,流行,百褶裙至踝长度
中老年配饰偏好,包括,羊皮披肩
男子着装规范,配备,腰带佩腰刀宽脚裤组合
色彩体系差异,中老年主色调为黑红绿;青年倾向鲜艳亮丽色)27.(成丁礼年龄节点,"设定在,岁"
成丁礼着装变化,表现为女孩穿裙男孩穿裤)29.(特色工艺品,以织腰带和床单为主
织机普及率,达到,每户均有配置
腰带功能属性,兼具日常使用与定情信物作用)32.(腰带材质选项,涵盖麻织/羊毛线/开丝米线
床单分类,区分为开丝米织床单与纯羊毛毯)34.(宗教信仰体系,融合达巴教与藏传佛教
民俗活动清单,含祭天/祭山神/祭火神/祭水神/祭土地/祭五谷杂粮/祭牧神/祭祖)37.(取名仪式参与者序列,按祖母→达巴→喇嘛→老师→男性老人顺序进行
婚姻形态并存类型,包括走婚制/共居制/一夫一妻制)39.(家庭结构模式,存在母系/父系/双系家庭并存现象
民间文学体裁范畴,囊括故事/传说/歌谣/谚语)41.(音乐分类体系,分为民歌与祭祀歌两大类
代表性民歌曲目,《啊哈巴拉》可独唱对唱)43.(乐器种类清单,笛子/葫芦笙
宗教法器阵列,鼓/钹/拨浪鼓/手摇铜铃/手摇鼓/唢呐/海螺)45.(舞蹈类别划分,甲蹉舞与含摆舞
丧葬舞蹈名称,含摆舞由达巴表演)47.(传统体育项目集合,荡秋千/赛马/摔跤/石子打靶/跳狮子
游乐活动项目单,老鹰抓鸡/狐狸抱蛋/斗鸡/躲猫/抓石头/丢手巾)49.(民族节日体系,转山节/祭祖节/祭牧神节/六月出萝萝节/八月以补节
玉湖行政村,距市区距离,Y公里
玉湖行政村,地理位置,玉龙雪山脚下的缓坡地带
玉湖行政村,包括自然村,上村、下村和文华村
玉湖行政村居民,民族构成,纳西族
玉湖行政村,植被覆盖率,达以上
玉湖行政村,传统宗教,东巴教
东巴教传承方式,包括形式,父子传承或师徒相传
东巴教仪式地点,类型,主祭家的院子和户外的平地、河边
东巴教仪式内容,包含项目,祭天、祭暑、祭风、祭祖、祈寿、开丧超度、禳灾放替身、退口舌是非、除秽
玉湖村民居建筑群,主要建材,冷杉、铁杉、松树
民居墙体基石,材料来源,较大的冰川石
房屋结构形式,分类,蛮楼、七厦楼
屋顶装饰特征,形状与象征意义,鱼状木板象征年年有余
妇女服饰组件,组成部分,围腰、七星披肩、领褂、长衫、裤子或裙子
民族服饰标志物,典型代表,羊皮披
男子传统着装,样式描述,黑色圆领对襟上衣配宽脚裤
包头习俗差异,老人使用材质,黑布
包头习俗差异,青年使用材质,白或花布
男子配饰功能品,名称与用途,羊皮兜肚用于放置零散之物并饰花纹图案
现存民间文学体裁,例证作品,《龙女树》《黑白之战》《通天路》《仙迹崖》《棺材的来源》
民歌类型举例,小调名称,《蜂花相会》《鱼水相会》
儿歌代表曲目,名称列表,《放风歌》《月亮歌》《牧童歌》
白沙细乐属性定位,文化性质,大型古典乐曲
乐器组成阵容,演奏器具,琵琶、箫、笛子、三弦、二胡、古筝、口弦
舞蹈种类列举,名称汇总,谷期蹉、哦热热、阿哩哩、喂默达
传统体育项目,本土原创类,打跳、荡秋千、足球
文化表演团体配置,村级单位建制,民族打跳队、老年组织
行政村级文艺团队,专属名称,玉湖细乐队、玉湖老年文化传承队
节日体系构成,通用节日,春节、中秋节、火把节
纳西特有节日,农历正月二十,丹美空普
纳西特有节日,二月初八,三朵节
丹美空普核心内涵,主要活动内容,祭祀祖先与交流农具
三朵节设立缘由,纪念对象,民族英雄三朵
三朵节文化地位,现为标识,丽江标志性纳西族传统节日
历史遗迹遗存,相关遗址名录,木府邸、养鹿场、人工湖、洛克故居、仙迹崖、黑白古战场、巨坚寺遗址
下笔冲村,河流流经,笔冲河
下笔冲寨,历史建置时期,明代
下笔冲寨,文献记载名称,《徐霞客游记》所记碧峒寨
下笔冲村,传统民居建筑类型,木结构石墙建筑
下笔冲村,民族节庆活动,跳金钱棒
下笔冲村,民族体育活动,打陀螺
下笔冲村,民族体育活动,踢毽子
水族,自然信仰对象,土神
水族,自然信仰对象,水神
水族,自然信仰对象,岩神
水族,自然信仰对象,灶神
水族,古老文字名称,泐虽/水文/水书
水文,文字用途,推测祸福、择吉除凶的卜书
水族妇女服饰,历史形制,短衣长裙
水族妇女服饰,现代演变,改长裙为裤
水族妇女服饰,布料来源演变,自种自织自染土布→机制布料
水族妇女服饰,色彩搭配特点,青、蓝、黑、白色相互配搭
水族妇女上身穿着,外层衣物,青色或黑色紧身短衣
水族妇女上身穿着,衣袖特征,窄袖
水族妇女上身穿着,腰部特征,窄腰
水族妇女上身穿着,开襟方式,右开襟
水族妇女服饰,装饰工艺,襟沿镶花边
水族妇女下装,穿着形式,裤子
水族妇女服饰配件,常用饰品,绣花围腰
水族妇女首饰,佩戴物品,镯
水族妇女首饰,佩戴物品,环
水族妇女特殊场合装扮,结婚或喜庆节日佩戴物,银项圈
水族妇女特殊场合装扮,结婚或喜庆节日佩戴物,篦子
水族妇女特殊场合装扮,结婚或喜庆节日佩戴物,玉簪
水族女子发髻造型,形状特征,螺旋形
未婚水族女子发型处理方式,梳成一束再打成盘外包头帕)36.(水族头帕文化意义,"重视程度,男女共同看重"
水族宗教信仰核心观念,万物有灵论)39.(水族主要崇拜对象,土神
水族主要崇拜对象,水神)41.(水族主要崇拜对象,岩神
水族集体祭祀活动,农历二月二祭白龙)43.(水族集体祭祀活动,三月三祭龙节
水族集体祭祀活动,六月二十二打老牛)46.(水族祭祀用品种类,牛
水族祭祀用品种类,猪)48.(水族祭祀用品种类,鸡
水族信仰体系组成,凶神恶鬼类鬼神)50.(水族信仰体系组成,驱挡凶神恶鬼类的鬼神
水族宗教器物演化实例,吞口类似傩面具)52.(下笔冲水族民间文学形式,歌谣
下笔冲水族民间文学形式,谚语)54.(下笔冲水族民间文学形式,传说故事
下笔冲水族歌谣题材分类,祭祀歌)56.(下笔冲水族歌谣题材分类,劳动歌
下笔冲水族歌谣题材分类,生活歌)58.(下笔冲水族歌谣题材分类,风俗歌
下笔冲水族歌谣题材分类,情歌)60.(下笔冲水族风俗歌细分类型,祝酒歌
下笔冲水族风俗歌细分类型,哭嫁歌)62.(下笔冲水族风俗歌细分类型,挂红歌
下笔冲水族风俗歌细分类型,贺新房调)64.(下笔冲水族风俗歌细分类型,踩门调
下笔冲水族风俗歌细分类型,上梁调)66.(下笔冲水族风俗歌细分类型,招亲调
下笔冲水族风俗歌细分类型,丧葬调)68.(下笔冲水族歌谣句式特征,七言句居多
下笔冲水族歌谣句式特征,三言句)70.(下笔冲水族歌谣句式特征,四言句
下笔冲水族歌谣句式特征,五言句)72.(下笔冲水族歌谣押韵方式,押脚韵为主
下笔冲水族歌谣旋律特点,转韵、变韵较快)74.(下笔冲水族音乐特征,与语调密切相关
下笔冲水族音乐表现手法,朗诵性与歌唱性紧密结合)76.(下笔冲水族音乐风格,柔和抒情
下笔冲水族曲艺形式,都敖)78.(都敖应用场景,老人去世接气、入殓
都敖句式特点,五言句)80.(都敖表演形式,念唱结合
下笔冲水族主要乐器,月琴)82.(下笔冲水族主要乐器,唢呐
下笔冲水族主要乐器,皮鼓)84.(下笔冲水族主要乐器,锣
下笔冲水族主要乐器,钹)86.(下笔冲水族民间舞蹈,狮子灯
狮子灯表演性质,既是舞蹈又似傩戏)89.(狮子灯表演时间,每年春节或祭龙节
狮子灯表演习俗,村民走村串寨耍狮子灯)91.(狮子灯表演内容特色,加入《西游记》故事表演
金钱棒舞特点,自娱性强)93.(金钱棒舞参与人数限制,随时可跳人数不限
从腊者村,民族构成,布依族聚居村
从腊者村,地理位置特征,亚热带河谷地区
从腊者村,周边环境,四周高山环绕
从腊者村,森林植被覆盖率,达以上
布依族家庭,生产工具,自制的织布机
植物染料织物,颜色特征,藏青色
寨中建筑,保存类型,老人房等祭祖用房及吊脚楼式民居
老人房,建筑风格,布依族传统干栏式建筑
祭老人房活动,时间规定,每年农历二月的第一个属兔日
祭老人房活动,参与群体,全村的男人
布依族信仰体系,崇拜对象,自然神
日常祭祀内容,包括项目,祭山、祭水
祭祀主持人角色,担任者,么公
老年妇女服饰,头部装饰,头缠蓝黑包布
老年妇女服饰,衣袖特征,身大袖宽沿衣领缝处镶一道花边
老年妇女服饰,衣角工艺,镶绣各式彩色滚边
百褶裙面料特点,材质工艺,白底蓝色的蜡染花布缝制
成年妇女包头演变,现代替代品,白毛巾
成年妇女上衣变革,新式样,有领或矮领大襟衣
成年妇女上衣细节,装饰元素,左衽前下方处镶嵌两三道带色的花边
成年妇女上衣功能件,纽扣类型,银泡纽扣作装饰
成年妇女袖口保留,传统风格特征,只穿长裤
未婚女子服饰基础,参照对象,中年妇女相似
未婚女子服饰差异点,图案特征,衣服花口比已婚女子的更多更鲜艳
布依族女性普遍技能,必备能力,织布绣花
节日体系特点,频率规律,几乎每月都有节日
节日分类方式,类别划分,纪念性、季节性和祭祀性
最隆重节日,排名首位,春节和三月三
三月三祭祀对象,包括内容,祭水、祭树神、祭山神
三月三祈求愿景,核心诉求,五谷丰登、平安吉祥、安康幸福
布依族文字状况,文化特征,无文字
民间文学传承方式,传播途径,口头传承
民歌形式多样性,体裁分类,情歌、敬酒歌、出嫁歌、赶米酒歌、迎亲歌等
民歌曲调风格,音乐特质,委婉动听
"腊撒村委会)-位于-德宏傣族景颇族自治州陇川县户撒坝子3.(户撒河)-穿流而过-户撒坝子4.(户撒河)-从-坝子间5.(新寨村、贺姐村)-建村时间-明代6.(新寨村、贺姐村)-是-阿昌族聚居地7.(阿昌族)-是-户撒阿昌刀的产地8.(新寨村、贺姐村)-人均耕地面积-亩9.(新寨村、贺姐村)-人均收入-元年10.(新寨村、贺姐村)-民居建筑-保持传统风貌11.(新寨村、贺姐村)-居住习俗-保持传统12.(新寨村、贺姐村)-有自己的社团组织13.(新寨村、贺姐村)-保留传统的纺织和打制银饰、阿昌刀工艺14.(新寨村)-主要打制-长刀15.(阿昌族妇女服装)-为黑色16.(阿昌族男子服饰)-上穿黑色立领对襟衫17.(阿昌族男子服饰)-下穿黑色长管大筒裤18.(阿昌族)-信仰南传上座部佛教19.(阿昌族)-信仰道教20.(阿昌族)-信仰自然信仰21.(阿昌族)-每年有赕佛、关门节、开门节、浴佛以及祭祖先等活动22.(阿昌族)-采用汉文和傣文进行生产活动和节日庆典23.(阿昌族民间文学)-内容丰富24.(阿昌族民间文学)-题材广泛25.(《遮帕麻和遮咪麻》)-是-阿昌族创世史诗26.(《旱慨》)-是-阿昌族神话传说27.(《菜嬴与纳康》)-是-阿昌族神话传说28.(《班寺白塔》)-是-阿昌族神话传说29.(《阿昌族迁居户撒坝的传说》)-是-阿昌族传说30.(《户撒定居》)-是-阿昌族传说31.(《头人》)-是-阿昌族传说32.(《户撒刀的传说》)-是-阿昌族传说33.(《三兄弟打铁》)-是-阿昌族传说34.(《阿芒和阿衣》)-是-阿昌族传说35.(《相勒摩》)-是-阿昌族民歌形式36.(《相作》)-是-阿昌族民歌形式37.(《相勒吉》)-是-阿昌族民歌形式38.(《叙事歌》)-是-阿昌族民歌形式39.(《祭祀歌》)-是-阿昌族民歌形式40.(《麻朗朵》)-是-阿昌族调式41.(《毫直腔》)-是-阿昌族调式42.(《阿露窝罗节》)-每年农历九月初十进行43.(《阿露窝罗节》)-主要是为了迎接个打玛释迦牟尼的灵魂回到人间44.(《阿露窝罗节》)-共庆丰收并预祝来年丰收吉祥45.(《阿露窝罗节》)-是传统节日庆典之一46.(《关门节》)-是传统节日庆典之一47.(《开门节》)-是传统节日庆典之一48.(《泼水节》)-是传统节日庆典之一49.(《火把节》)-是传统节日庆典之一50.(《春节》)-是传统节日庆典之一
1.(大等喊村",所属地区,德宏傣族景颇族自治州瑞丽市姐相乡贺赛行政村
大等喊村,民族构成,傣族
大等喊村,建立年代,明末清初
大等喊村,建筑特色,竹篾墙干栏式民居
大等喊村,旅游业定位,国家首批农业旅游示范点
傣族男装,样式特点,无领对襟式宽松大裤脚缠包头
傣族女装,样式特点,无领姊妹装式的对襟衣穿筒裙挽发髻于后
傣锦,历史追溯,明清
木雕工艺,雕刻手法,透雕/浮雕/线雕/圆雕相结合
大等喊村,宗教信仰,南传上座部佛教
传统礼俗,涉及范围,邻里关系/家庭关系/长幼关系/婚姻关系
佛事活动,包括内容,烧白柴/弥勒佛节/进洼/出洼/泼水节/赶朵/做摆
自然信仰祭祀对象,具体项目,祭寨神/寨心/树神/水神
主要景点,包含内容,大等喊奘寺/农业科技示范园/大金水塘/孔雀竹林/菩提古榕/泼水广场上的民族歌舞厅/泼水亭/水龙
民间文学形式,具体类型,叙事史诗/风俗歌/情歌/神话传说/民间故事/寓言故事/谚语
经书内容主题,核心题材,神话传说
民歌类型,具体分类,山歌/情歌/吟诵调/哭嫁调/舞蹈歌曲/幼儿歌曲/小调
主要乐器,列举种类,叮散赛三弦琴/葫芦丝/象脚鼓/镲/排铓
节日舞蹈,具体名称,嘎光舞/鼓舞/孔雀舞/大鹏鸟舞/马鹿舞/刀舞/棍舞/铓舞
传统节日,主要名称,泼水节/关门节/开门节
民族体育项目,具体项目,拳术/棍术/刀术/爬杆/跳谷堆/顶棍/丢包/打陀螺/跳绳/荡秋千
德昂族,人口属性,云南人口较少民族之一
德昂族传统民居,建筑形式,竹楼干栏
德昂族竹楼,形制特征,顶头很高形似诸葛亮的帽子
德昂族室内布局,火塘设置数量,两个
德昂族社会结构,火塘象征意义,家族的象征和家庭人畜兴旺的保护神
德昂族文化载体,古歌集名称,《达古达楞格莱标》
德昂族经济生活,生产技能,擅长用竹编制各种用具
德昂族纺织工艺,产品类型,土布/筒裙/筒帕/裹腿/包头
德昂女子服饰,款式特点,对襟、紧袖衣摆齐腰
德昂女子服饰,色彩偏好,藏青色、黑色居多
德昂女子服饰,装饰元素,衣领与下摆的装饰较为考究
德昂筒裙,制作材料,棉线手工织品
德昂筒裙,形制特征,上裹胸部下遮踝骨
德昂筒裙,颜色纹样,红黑两色横条相压
德昂腰箍,制作材质,藤、竹篾或草编织
德昂腰箍,文化寓意,青年人爱情的信物
德昂婚礼习俗,特殊赠礼,白布包头
三台山乡寨子中心,神圣符号,红漫的神树
德昂传统节日,泼水节别称,浇花节
德昂宗教活动,使用文字演变,新中国成立前借用傣文→新中国成立后多用汉文亦有沿用傣文
德昂佛教典籍,书写文字,傣文
德昂民间文学形式,包含体裁,史诗/叙事长诗/风情习俗长诗/民歌
德昂民歌类型,歌调形式,迎亲调/隔山调/串词/采茶调/做摆歌
德昂乐器种类,代表乐器,象脚鼓/坐鼓/抬鼓/水鼓/铓/镲/布赖/比总/结腊/马腿琴/口弦
德昂舞蹈类型,表演形式,抬鼓舞/长鼓舞/坐鼓舞/水鼓舞/花篮舞/竹杆舞亦称骑马舞
德昂民间体育遗址,现存遗迹,古代练武场遗址余处
德昂竞技项目,代表运动,打篾弹弓/打陀螺/掷龙骰棋
云南省少数民族传统体育项目,入选项目,打篾弹弓
同乐村傈僳族,社会学特征,饲养野鸡制漆油、核桃油
同乐村傈僳族,社会学特征,善织麻布、麦编、刺绣
同乐村傈僳族,民族学特征,崇奉神灵、鬼怪
同乐村傈僳族,民族学特征,巫师分为东巴、尼扒两类
同乐村傈僳族,民族学特征,传统成年礼仪
同乐村傈僳族,民族学特征,能歌善舞
阿尺木刮歌舞,民族学特征,发源地为同乐村
同乐村傈僳族,历史学特征,汪忍波曾在此授徒百人
同乐村傈僳族,历史学特征,村尾有叶枝王氏土司的避暑山庄
同乐村傈僳族,符号学特征,使用傈僳族音节文字
同乐村傈僳族,美学特征,传统服饰全部为手工制作
同乐村傈僳族,美学特征,男子上穿大襟白短褂外罩前襟开口的黑白条纹长衫系羊毛带或麻布彩带下着蓝布大裆裤左挎麻布包腊裱和刀右背弩弓箭包头戴帕子或毡帽
同乐村傈僳族,美学特征,女子头戴三角帽呙享包黑布头帕以小贝壳、银圆片、小铃铛、草编装饰上穿细白麻布大襟长衫外罩紫红或黑色坎肩下着百褶裙和刺绣围腰
同乐村傈僳族,历史学特征,保存着独特的天文历法有一定学术研究价值
同乐村傈僳族,民族学特征,传世故事与神话传说有《洪荒与人神》、《阿弓玛的故事》、《月亮上的木瓜树》、《寻水故事》等余篇
同乐村傈僳族,民族学特征,民族体育活动有射弩、斗牛、斗鸡等
同乐村傈僳族,符号学特征,神灵有天神、山神、火神、龙神、家神种天神统辖四神管理天地间万事万物四神分别管理山林及动植物、水、火和各家各户命运等
同乐村傈僳族,符号学特征,鬼怪大致可分为两类一类是人死后的灵魂另一类是万物的精灵如路鬼、水鬼、树鬼、干瘦鬼、吃鬼等
奔子栏村,所属行政区划,奔子栏镇
奔子栏村,历史地位,西南入吐蕃古道咽喉之地
奔子栏村,历史地位,滇入藏茶马古道咽喉之地
奔子栏村,藏语名称含义,美丽的沙坝
奔子栏村,地貌特征,既有山地河谷又有高寒山区
奔子栏村,土壤特点,肥沃
奔子栏村,粮食产量,高
奔子栏村,自然生态状况,保护良好
奔子栏村,建筑类型,碉楼式木结构建筑
奔子栏村,传统宗教文化元素,白塔
奔子栏佛塔殿壁画,文物级别,第六批云南省级文物保护单位
奔子栏佛塔殿壁画,绘制时期,清代
奔子栏村,交通要道,国道线穿村而过
奔子栏村,社会组织形式,社团组织
古瓦,职责范围,操办佛事/祭祀/朝拜山神活动
奔子栏人,辅助信仰体系,苯教
奔子栏村,政府命名称号,传统艺术特色之乡
奔子栏民歌,包含类型,山歌/劳动歌/风俗歌/儿歌/情歌/猜调
奔子栏舞蹈,主要形式,锅庄舞
奔子栏舞蹈,其他形式,弦子舞/情舞/宗教舞蹈
情舞,表演特征,男女青年谈情说爱时相聚歌舞
奔子栏传统体育,项目列表,牛拉力格吾/掷石饼落叫/斗牛/摔跤/爬山/抱大石比赛/踢毽子/双人模拟斗羊斗牛/老鹰抓小鸡/模拟钻山洞/翻煎饼
春节藏语称,洛色)28.(春节时间范围,农历正月初一至正月二十五
奔子栏男子服装特点,不镶动物毛皮/不佩腰刀)31.(奔子栏民间文学形式,神话故事/歌谣/谚语
奔子栏传统技艺,酿制藏族青稞酒)33.(奔子栏特色工艺,木碗制作
奔子栏特色工艺,糌粑盒制作)35.(奔子栏特色工艺,酥油盒制作
奔子栏特色工艺,木杯制作)37.(奔子栏特色工艺,木碟制作
奔子栏特色工艺,木盘制作)39.(奔子栏特色工艺,藏式折叠桌制作
奔子栏手工纺织产品,氆氇)41.(奔子栏手工纺织产品,牦牛毛毯
奔子栏手工纺织产品,羊绒毯)43.(奔子栏手工纺织产品,藏式腰带
奔子栏历法系统,"藏历)
以下是根据提供的信息提取的社会学特征、民族学特征、历史学特征、符号学特征和美学特征的知识图谱三元组：**社会学特征**：1.马游坪村-社会结构-以彝族为主体的多民族聚居村落。2.马游坪村-社会关系-村民之间保持互助合作，共同维护村落秩序。3.马游坪村-社会组织-设有梅葛文化基地，负责传承和发展彝族文化。**民族学特征**：1.马游坪村-民族文化-保留着丰富的彝族传统文化，如传统民居、服饰、歌舞等。2.马游坪村-民族习俗-遵循古老的生活习俗，如男喜饮酒、女善纺织、男女皆能歌善舞。3.马游坪村-民族认同-村民对彝族文化的认同感强烈，积极参与文化传承活动。**历史学特征**：1.马游坪村-历史时期-始建于宋代，具有悠久的历史。2.马游坪村-历史事件-被视为彝族创世史诗《梅葛》的发源地之一。3.马游坪村-历史演变-随着时间的推移，村落在保持传统的同时逐渐融入现代元素。**符号学特征**：1.马游坪村-象征物-葫芦笙作为彝族文化的重要象征，在各种节庆活动中扮演核心角色。2.马游坪村-符号系统-服饰上的花纹图案作为彝族文化的符号，传递着丰富的历史和文化信息。3.马游坪村-符号意义-传统节日和民俗活动通过特定的仪式和行为表达着对祖先和自然的敬畏与崇拜。**美学特征**：1.马游坪村-审美风格-服饰以黑、蓝为主色调，线条粗犷，色彩鲜明且凝重，展现出独特的美学风格。2.马游坪村-艺术表现-传统歌舞如打跳、左脚舞等以其豪放的民族性格和丰富的表演形式成为艺术表现的重要载体。3.马游坪村-审美价值-村落的自然景观和人文景观相互融合，构成了一幅美丽的画卷，具有较高的审美价值。
1.(者太村","所属行政区划,文山壮族苗族自治州广南县西北部者太乡"
者太村,地理位置特征,滇桂黔交界地区
者太村,旅游景点,革夺仙人洞
者太村,旅游景点,清水江峡谷
者太村,民族构成,壮族
老人亭/寨神亭,功能演变,男性专属之亭→句町王庙/土主庙/神农庙/侬智高庙
建房仪式,包含流程,选址、择日、开山伐木、立柱、上梁、进房
建房祭品,物品种类,酒、鸡、糯粑
壮锦,使用场景,被里、女性头帕、包袱、围帕
壮锦,工艺地位,中国四大名锦之一
壮锦图案元素,动物类,花、鸟、虫、鱼、蛙、鹿、鹤、兔
壮锦图案元素,自然纹样,云、水纹
壮锦工艺技法,类型包括,织锦、刺戳锦、绣锦、扣锦、剪制锦
男性传统服饰,组成部分,自织自染棉布包帕、对襟布纽装、大裆裤、布鞋
女性头饰,老年/成年/青少年通用样式,自制花方格织锦斜角帕
女性上衣特点,形制特征,收腰、翘脚边、右衽斜襟式
女性配饰,银项圈搭配物,银/玉牌胸饰
女性裙装结构,腰部装饰,两头有袋的宽边腰带系于身后
女性发髻造型,典型样式,锥髻状插银簪
劳动场合头饰差异,特殊形制,绣花匾形头帕
节日头饰选择,喜庆场合佩戴物,织锦角帕
宗教信仰对象,自然神灵崇拜,龙山山神、树神
寨级信仰体系,核心崇拜物,寨神
祖先崇拜载体,家庭设施,神龛
年度祭祀活动,时间与内容,三月祭龙山并亭棚祭侬智高
特色表演艺术,名称含义,"""拢雅歪""=耍/跳/舞女神与水牛"
舞蹈道具组成,兵器类,长棍、长矛、大刀、钢叉、戢、勾镰、三节棍
舞蹈形式分类,表演类型,地面舞、爬高台舞
文化传承方式,传习机制,代代相传的传习人与团体制度
独龙江乡,主要民族构成,独龙族人占全乡总人口的多数
独龙江乡,传统交通方式,竹溜索/木桥/吊桥/石拱桥
独龙族妇女服饰,典型装束,大襟长袖短褂配长裤或筒裙披独龙毯
独龙族男子服饰,典型装束,针织成衣配长裤外披独龙毯
独龙族饰品文化,特色元素,五颜六色串珠/银环/木镯
独龙族语言系统,文字状况,无文字使用刻木结绳记事
独龙族社会组织结构,层级划分,氏族/家族公社/家庭
宗教信仰,传入宗教,基督教
自然信仰体系,鬼魂分类,南木(天鬼
民间文学形式,传承方式,口传神话史诗传说
收集到的神话文本,代表作品,《人类起源》《大蚂蚁把天地分开》《洪水泛滥》《创世纪》
传统历法医药,应用现状,仍被群众采用
民歌体系,统称名称,门租
歌唱行为称谓,特定术语,门租哇哇
舞蹈类型,传统名目,剽牛舞/卡雀舞/克里舞/木伐舞/伯普艾舞/肯以舞/普鲁舞
节庆活动,法定节日,卡雀哇节(每年1月1日
年节仪式,核心活动,剽牛典礼
民间体育项目,运动形式,爬山/雪地短跑/射弩/掷石子/跳高/跳远/爬树/扳腕/摔跤/跳绳/荡秋千
丙中洛乡,地理位置,县城北面高黎贡山脚下
丙中洛乡,包括村寨,秋那桶
丙中洛乡,包括村寨,甲生
丙中洛乡,包括村寨,丙中洛
丙中洛乡,民族构成,怒族人占全乡总人口
丙中洛乡,森林覆盖率,达以上
丙中洛乡,主要产业,传统山地农耕
丙中洛乡,人均耕地面积,亩
丙中洛乡,人均年纯收入,元
丙中洛乡,景点,怒江第一湾
丙中洛乡,景点,贡丹神山
丙中洛乡,景点,嘎娃嘎普雪山
丙中洛乡,景点,石门关
丙中洛乡,景点,田园景观
丙中洛乡,传统民居形式,木楞房
丙中洛乡,传统民居形式,土墙房
丙中洛乡,传统民居形式,干栏式建筑
丙中洛乡,房屋特征,独特的石板屋顶
丙中洛乡,房屋特征,石板盖
丙中洛乡,文化特色,自然信仰、佛教、天主教、基督教等几教共存并和睦相处
普化寺,性质,全乡佛教的中心寺
普化寺,始建时间,年
普化寺,重建时间,年
信奉佛教人家,祭祀设施,烧香台
重丁天主教堂,地位,年代最久
重丁天主教堂,始建时间,年
重丁天主教堂,重建时间,年
怒族宗教节日,包括,感恩节
怒族宗教节日,包括,复活节
自然信仰,主要崇拜神,岩神吉米达
岩神吉米达,职能,山神
岩神吉米达,职能,猎神
岩神吉米达,职能,谷神
岩神吉米达,职能,生育神
岩神吉米达,职能,婚配神
怒族祭祀活动,包括,拜仙洞
怒族祭祀活动,包括,接圣水
怒族妇女服饰,特点,朴素大方美观简洁
怒族妇女服饰,组成部分,各色长袖内衣
怒族妇女服饰,组成部分,无袖坎肩
怒族妇女服饰,组成部分,鲜艳长布围腰
怒族妇女饰品,包括,银首饰
怒族妇女饰品,包括,银手镯
怒族妇女饰品,包括,耳环
怒族传统技艺,包括,纺织技艺
怒族纺织品用途,包括,缝制毯子
怒族纺织品用途,包括,筒裙
怒族纺织品用途,包括,床单
怒族纺织品用途,包括,上衣
怒族纺织品用途,包括,围腰
怒族纺织品用途,包括,挂包
怒族家庭设备,包括,织机
怒族成年女子技能,包括,织
怒族舞蹈形式,包括,锅庄舞
怒族民歌类型,包括,叙事歌《创世纪》
怒族民歌类型,包括,劳动歌
怒族民歌类型,包括,儿歌
怒族民歌类型,包括,哄娃娃调即催眠曲
怒族民歌类型,包括,祭祀歌
怒族山歌特点,内容、题材广泛)69.(怒族山歌功能,表达爱慕之情的情歌
怒族山歌功能,抒发个人内心的多种情感)71.(怒族舞蹈模拟对象,动物形态的斗鸡舞
怒族舞蹈模拟对象,乌鸦喝水舞)74.(怒族舞蹈模拟对象,蝴蝶舞
怒族舞蹈模拟对象,赶乌鸦)76.(怒族舞蹈反映内容,生产生活的舂墙舞
怒族舞蹈反映内容,丰收舞)78.(怒族舞蹈反映内容,搓小米舞
怒族歌舞场合,逢年过节)80.(怒族歌舞场合,红白喜事
怒族歌舞特点,舞姿优美古朴)84.(怒族伴奏乐器,"包括,皮鼓"
怒族伴奏乐器,包括,竹笛
怒族伴奏乐器,包括,弦子
怒族传统体育活动,包括,射弩
怒族传统体育活动,包括,爬竹竿
怒族传统体育活动,包括,搓麻
怒族传统体育活动,包括,爬绳
怒族传统体育活动,包括,斗角
怒族传统体育活动,包括,跳竹
怒族传统体育活动,包括,荡秋千
怒族传统体育活动,包括,摔跤
怒族传统节日,包括,春节
怒族传统节日,包括,仙女节
春节习俗,包括,杀猪
春节习俗,包括,打扫庭院
除夕之夜习俗,包括,祭祀火塘中的铁三脚架才能吃饭
新年第一天凌晨习俗,包括,打祖先水以求吉祥
大年初一至初三禁忌,包括,不串门吃饭禁喝汤
春节期间活动,包括,摔跤比赛
春节期间活动,包括,荡秋千比赛
春节期间老年人活动,包括,饮酒
春节期间老年人活动,包括,唱古歌
仙女节别称,包括,山母节
仙女节日期,包括,每年农历三月十五日过节
箐花村,地理位置,西北面
箐花村,组成结构,自然村
箐花村,地处区域,三江并流自然保护区腹地
箐花村,地形特征,高寒山区
箐花村,附近景区,罗古箐
箐花村,附近景区,大羊场
箐花村,森林覆盖率,达以上
箐花村,民居建筑形式,井干式木楞房
箐花村,保持传统,普米族传统建筑形式
箐花村,村寨格局,传统风貌
箐花村,历史悠久,传统农牧业
箐花村,文化保存,服装服饰
箐花村,文化保存,饮食
箐花村,文化保存,民间歌舞
箐花村,文化保存,麻毛纺织工艺
箐花村,管理方式,传统村规民约与新的村规民约相结合
普米族妇女服饰,特点,庄重艳丽美观大方
普米族妇女服饰,穿着,麻布大襟衣
普米族妇女服饰,穿着,毛线长裙
普米族妇女服饰,背披物,羊皮
普米族妇女服饰,佩戴物,银链
普米族妇女服饰,束腰用品,红、绿、蓝、黄等各色彩带
普米族妇女服饰,手饰,镯圈和戒指
普米族妇女服饰,耳饰,银环或玉坠
普米族妇女服饰,头饰和项链,五光十色的串珠
普米族妇女服饰,头帕,包大头帕
普米族妇女服饰,发辫装饰,牦牛尾及丝线编入
普米族男子服饰,一般穿着,对襟麻布衣
普米族男子服饰,裤子特点,宽大长裤
普米族男子服饰,披挂物,羊皮领褂左衽
富有人家男子服饰,特殊穿着,氆氇和毛质大衣
富有人家男子服饰,膝下包裹物,布或毛毡
富有人家男子服饰,鞋子类型,半筒猪皮、牛皮鞋
特色工艺,类型之一,皮制品
特色工艺,类型之二,毛制品
皮制品代表,羊皮披风)38.(羊皮披风用途,探亲访友、婚丧年节时穿用
羊皮披风功能,装饰、御寒和作为姑娘嫁妆)40.(毛制品加工后形成,毛料
毛料制作产品,氆氇)42.(毛料制作产品,毡
毛料制作产品,帽)44.(毛料制作产品,鞋
普米族信仰,信奉对象,自然神灵
祭祀活动类型,祭天地)47.(祭祀活动类型,祭龙潭
祭祀活动类型,祭山神)49.(祭祀活动类型,祭铁三脚
祭祀活动类型,祭祖先)51.(祭祀活动类型,祭中柱
主要传统节日,吾时节)53.(吾时节活动,打枪、射弩比赛
聚会场合,节日、婚庆和重大祭祀活动)55.(聚会活动内容,唱古歌、跳舞蹈搓蹉
普米族民歌来源,前人传下的传统曲目)57.(普米族民歌创作特点,即兴创作较少
婚俗类民歌,求亲歌)60.(婚俗类民歌,迎客调
婚俗类民歌,接亲歌)62.(婚俗类民歌,拦门歌
婚俗类民歌,果碟调)64.(婚俗类民歌,聚谈调
婚俗类民歌,顶梁柱调)66.(情歌举例,铁打链环扣一生
情歌举例,除非秤砣水面漂)68.(祭祀类民歌,祭三脚调
祭祀类民歌,拜龙调)70.(祭祀类民歌,祭中柱
丧礼演唱歌曲,指路歌)72.(传统古歌类,吉典
传统古歌类,马鹿调)74.(传统古歌类,黎明调
传统古歌类,巴扎贤赞)76.(普米族民歌曲调特点,多用五声音阶
普米族民歌旋律特点,与语调密切相关)78.(普米族民歌风格特点,朗诵性与歌唱性紧密结合
普米族民歌旋律质感,质朴清新优美流畅)80.(部分民歌音域特点,较宽可达到或接近两个八度
普米族民歌节奏特点,平稳匀称长短交错明快活跃)82.(普米族民歌歌词音节特点,一般为奇数三、五、七、九个音节不等
四弦,身份定位,普米族民间乐器
四弦,功能用途,四弦舞的主要伴奏乐器
四弦曲目特点,较多)86.(四弦古老曲目举例,四弦母调
四弦古老曲目举例,雀上树)88.(四弦弹奏限制情况,不受性别和年龄限制
四弦传承保护情况,在普米族地区传承和保护情况良好)90.(搓蹉舞流传情况,流传广泛群众基础好
搓蹉舞场合定位,节庆场合的主要民间舞)92.(搓蹉舞伴奏工具,羊皮、木碗、木筷、夹板
搓蹉舞领舞动作,右手拍击羊皮)94.(搓蹉舞伴舞动作,左手持碗右手用数双筷子敲击夹板系在舞者腰间左右撞胯时发出声响
普米族文字情况,无文字)96.(普米族民间文学传承方式,口头传承
民间文学交流场合,生产劳动过程中互相交流)98.(民间文学讲述场合,晚上围坐火塘听老人讲述或演唱
民间文学表演场合,新房落成、求亲结婚、节日庆典、丧葬、祭祀等场合进行讲述演唱)100.(近年流传较广的普米族民间文学收录出版物,《兰坪民间文学选集》
近年流传较广的普米族民间文学收录出版物,《普米族故事集成》)102.(近年流传较广的普米族民间文学收录出版物,《普米族歌谣集成》
近年流传较广的普米族民间文学收录出版物,《兰坪民间故事集成》)104.(近年流传较广的普米族民间文学收录出版物,《兰坪歌谣集成》
箐花村民族属性,普米族聚居大村)106.(箐花村历史特点,历史悠久
箐花村人才情况,"有一批传承人并有一定影响力和知名度)
1.(社会学特征","古当村傈僳族传统文化保护区,传统风貌保存较好"
民族学特征,古当村傈僳族服饰,简朴大方、做工精细
历史学特征,古当村傈僳族从维西县迁来的时间,清末
符号学特征,傈僳族民歌种类,情歌优叶、叙事歌木刮、儿歌然尼斗石等
美学特征,傈僳族民间舞蹈千俄千,种类较多、形式多样
社会学特征,传统节日阔时节活动,全村人聚集唱歌跳舞吹奏乐器欢庆节日
民族学特征,傈僳族传统生计方式,农耕、采集及纺织和榨漆油工艺
符号学特征,傈僳族头饰特点,妇女珠珠帽哦勒、男子布帽子挂红布飘带
美学特征,傈僳族民间乐器种类,其奔、笛哩图、三片口弦等
大槟榔园村,民族,傣族花腰傣
大槟榔园村,地理位置特征,依山傍水
大槟榔园村,森林覆盖率,达以上
大槟榔园村寨布局及土掌房民居,保持,传统风貌
大槟榔园村,传统手工制作工艺,编制竹具
大槟榔园村,传统生产活动,榨红糖
大槟榔园村榨红糖方法,保留,土法榨糖的传统方法
大槟榔园村,文化形式,传统生产生活习俗
大槟榔园村,文化形式,节庆文艺体育活动
大槟榔园村,文化形式,祭祀信仰
大槟榔园村,开发成,花腰傣民族文化生态旅游村
傣族花腰傣人,信奉,山神
傣族花腰傣人,信奉,天神
傣族花腰傣人,信奉,水神
大槟榔园村,举行,多次祭祀活动
祭祀活动,根据,月、日、时
春节、花街节、祭村心开秧门、祭竜树等节庆活动,主持者,竜头(涡色
大槟榔园村,每年举行,次活动
大槟榔园村,活动内容,全村老小集聚吃团圆宴
大槟榔园村活动目的,包括,祈祷风调雨顺
大槟榔园村活动目的,包括,六畜兴旺
大槟榔园村活动目的,包括,五谷丰登
大槟榔园村活动内容,包括,修桥补路
大槟榔园村活动内容,包括,修沟挡坝
大槟榔园村活动内容,包括,打扫卫生
傣族妇女,从事,自己纺线、织土布、花布和花腰带
花腰傣,得名原因,花腰带种类繁多色彩绚丽条纹清晰层次分明
花腰傣服饰,特点,艳丽特色鲜明
妇女传统服饰,包括,大衣
妇女传统服饰,包括,背心
妇女传统服饰,包括,腰带
妇女传统服饰,包括,筒裙
妇女传统服饰,包括,脚套
妇女身上佩戴,包括,银饰
妇女身上佩戴,包括,秧箩
妇女身上佩戴,包括,背箩
男子服饰,上穿,黑色无领布扣对襟衫
男子服饰,下穿,黑色长管大筒裤
特色工艺品,包括,花布
特色工艺品,包括,围巾
特色工艺品,包括,挎包
特色工艺品,包括,秧箩
特色工艺品,包括,筒裙
大槟榔园花腰傣男女,保持,文身风俗
文身部位,包括,手
文身部位,包括,脚
妇女,有传统习俗,染齿
少女染齿年龄,在...之间进行,岁
民歌小调形式,包括,情歌
民歌小调形式,包括,谜语歌
民歌小调形式,包括,喜事歌
民歌小调形式,包括,祭祀歌
民歌小调形式,包括,山歌
主要乐器,包括,直箫筚修
主要乐器,包括,筚
主要乐器,包括,鼓
主要乐器,包括,镲
主要乐器,包括,铓
民间舞蹈种类,包括,鼓舞
民间舞蹈种类,包括,芦笙舞
传统花街节期间,活动,跳起傣家舞
民间体育、健身、娱乐活动项目,包括,游泳
民间体育、健身、娱乐活动项目,包括,打陀螺
大槟榔园传统节日,包括,春节
大槟榔园传统节日,包括,花街节
大槟榔园传统节日,包括,六月节
大槟榔园传统节日,包括,祭村心
大槟榔园传统节日,包括,祭村门
花街节特点,是一年一度卜少少女赛美比美、卜冒小伙子选美的节日)81.(花街节举行时间,每年农历二月的第一个属牛日
南段行政村,下辖单位,自然村
南段行政村,下辖单位,茶厂
南段行政村,姓氏构成,李、罗、白、王等姓以李姓为多
南段行政村,宗教职务担任规则,佛爷、卡些都要由李姓担任
南段行政村,森林面积,亩
南段行政村,森林覆盖率,达以上
南段大寨,社会组织制度,传统的卡些社会组织制度
卡些,职责,处理本寨和寨外的重大问题既是村寨头人也是宗教活动的组织者
佛爷,主要职责,管理佛堂香火代表寨民信奉佛祖厄萨用教规约束寨民的言行主持卡些、着八、章利等任职人的选举产生仪式
着八,职责,专门管理本寨寨务的人员是管理寨心者也是拉祜族自然信仰的重要传承人
章利,职责,负责管理本村的农具、安排本村铁匠生产、打制和修理农业生产工具
南段老寨公共佛房,地位,澜沧县境内规模最大设施最完善的佛房
南段拉祜族各村寨中心地广场,标志物,寨神柱
磕节和帕萨节,管理者,本村着八
南段老寨、新寨着八、佛爷,居住建筑类型,落地式木竹结构的草房
南段老寨、新寨其余民居,建筑类型,政府安居工程统一设计的改良型木结构干栏式传统民居
南段拉祜族建房,保留习俗,传统的择地、选址、进新房习俗
拉祜族妇女服饰,分类,传统型和改良型两种
拉祜族筒裙下部,装饰元素,银泡和花边组成三角几何图形
南段拉祜族男子过去服饰,样式,黑色圆领小开襟短衫中老年均穿裤管宽大的斜拼裆长裤头包黑布包头
南段拉祜族现在男子平时穿着,特点,除节日喜庆日外平时老少男子均穿汉装
南段大寨传统节日,包括,春节、火把节、新米节、月亮哈尼节、葫芦节阿朋阿龙尼等
澜沧拉祜族自治县人民代表大会常务委员决定,节日时间,每年农历十月十五至十七日为拉祜族阿朋阿龙尼葫芦节
阿朋阿龙尼葫芦节,目的,弘扬民族精神、加强民族团结
南段拉祜族民间音乐,特点,未形成专一统一的曲调名称同一旋律可用于多种场合主要依靠歌词变化和演唱者的神情、速度来区别
葫芦笙曲调,应用范围,独奏、合奏广泛运用于民间舞蹈中
南段拉祜族主要舞蹈,性质,全民性的集体舞蹈
勐罕橄榄坝傣族传统文化保护区,包含村寨,曼听
勐罕橄榄坝傣族传统文化保护区,包含村寨,曼春满
勐罕橄榄坝傣族传统文化保护区,包含村寨,曼乍
勐罕橄榄坝傣族传统文化保护区,包含村寨,曼嘎
村寨分布形态,整体布局特征,扇形分布
保护区地理位置,毗邻水体,澜沧江
传统民居类型,建筑形式,干栏式民居
文化符号系统,组成部分,竜林
文化符号系统,组成部分,神树
文化符号系统,组成部分,寨心
文化符号系统,组成部分,公主井
文化符号系统,组成部分,孔雀坟寨心
宗教建筑遗存,类型包括,古老的佛寺
宗教建筑遗存,类型包括,佛塔
植被资源,特殊树种名称,古铁刀林/黑心树
传统建筑占比,结构特征,傣式框架结构木瓦屋面木楼
传统建筑功能属性,兼具价值,实用功能与审美价值
宗教信仰体系,主要流派,南传上座部佛教
信仰实践特点,双重性表现,自然信仰
文化传承主体,实施载体,村民
知识体系范畴,生产知识类型,农耕技术
知识体系范畴,生产知识类型,天文历法
艺术表现形式,类别包括,民间歌舞
艺术表现形式,类别包括,民间美术
工艺技术门类,传统工艺)31.(运营模式创新,"合作机制,公司+农户"
社会影响评价,获得反馈,国内外好评
现代化挑战因素,人口变化趋势,人口增多
生态危机表现,资源减少现象,森林减少
文化保护困境,冲击来源,现代化进程
周城,历史地位,古代城邑之一
周城,经济类型,农村集镇
周城,人口规模特征,云南省规模最大的自然村
周城,文化代表性,白族村寨的典型代表
周城,文化积淀内容,深厚的白族文化
周城,保存完整的民俗事项,人生礼仪/民间礼俗/传统节日/宗教祭祀
周城,特色活动举例,婚嫁/拜寿/古戏台唱戏/绕三灵/蝴蝶会对歌/本主节/三月街/文昌会/玄帝会/火把节/观音会/栽秧会
周城,传统手工艺,扎染
周城,服饰饮食特征,浓郁的白族特色
周城,产业发展现状,第二、第三产业迅速发展
周城,专业户类型,扎染/建筑施工/餐饮/旅游产品销售
周城,经济指标数据,年经济总收入达亿元
周城,居民收入水平,年人均收入超过元
周城,保留的民族传统节日,春节/本主节/清明节/三月街/蝴蝶会/绕三灵/栽秧会/端午节/火把节/中元节/中秋节/冬至节
周城,宗教节日列表,三月三的文昌会/玄帝会/三月十五的财神会/四月初八的接太子/六月二十四的祭关公/八月十五的接观音/八月二十七的祭孔子/九月九的九皇会
周城,人生仪式系统完整性,包括出生/婚嫁/拜寿/丧葬仪式和建房仪式
周城,文艺活动形式,古戏台唱戏/绕三灵/蝴蝶会对歌
周城,体育活动项目,陀螺/拔河/耍猴/篮球/下棋
周城,活动参与群体特征,全村老少、宾客及邻村群众
周城,活动时间节点规律,过年过节时举行
萂村,社会学特征,人均耕地面积亩
萂村,社会学特征,人均收入元年
萂村,民族学特征,典型白族服装
萂村,民族学特征,刺绣工艺精美
萂村,历史学特征,南诏贵族大义宁国主杨干贞故里
萂村,历史学特征,历史悠久文化丰富
萂村,符号学特征,古建筑绘画雕塑龙凤狮虎
萂村,符号学特征,斗拱重叠屋角飞翘
萂村,符号学特征,四合院前厅后院修廓曲庑
萂村,美学特征,浓厚白族风格
萂村,美学特征,土木结构砖木结构及钢混结构较少
萂村,社会学特征,接天子、接本主仪式
萂村,社会学特征,绕三灵、霸王鞭、大本曲、白族对歌、洞经古乐、耍龙舞狮、古装表演、栽秧会
萂村,民族学特征,张赵杨三大姓民居群组成
萂村,符号学特征,本主庙太子庙老太庙文昌宫
萂村,历史学特征,农历正月十五接天子回坛
萂村,历史学特征,圣母寿诞农历二月二十三
萂村,历史学特征,本主节农历七月初九
萂村,历史学特征,朝斗节农历三月初一至初二六月初一至初六九月初一至初十一
萂村,历史学特征,超度节中元节农历七月十四
萂村,民族学特征,民间文学歌颂白族名人英雄
萂村,民族学特征,神话传说《杨干贞传奇》《木王庙泉水奇闻》等
萂村,民族学特征,民歌民谣反映生产生活赞美勤劳善良
萂村,符号学特征,大本曲三七一五歌词句式
萂村,美学特征,洞经音乐古朴典雅优美动听
萂村,社会学特征,民间传统体育秋千赛马
萂村,社会学特征,游乐活动对歌女子丢包打陀螺
水槽寨,包含村落,上水槽寨
水槽寨,包含村落,下水槽寨
下水槽寨,瑶语名称,吊坪
瑶山乡水槽寨,主要生产方式,农耕
瑶山乡水槽寨,辅助生计方式,狩猎
民居建筑,结构类型,土木结构
民居建筑,屋顶材料,红板瓦顶
部分民居,屋顶材料,茅草顶
传统建房习俗,包括环节,建房选材
传统建房习俗,包括环节,选址
传统建房习俗,包括环节,选吉日
传统建房习俗,包括环节,平地基
传统建房习俗,包括环节,上梁
瑶族妇女服饰,主色调,蓝色
瑶族妇女服饰,别称,蓝靛瑶
服饰制作工艺,原料来源,自纺自织粗布
服饰染色工艺,使用染料,蓝靛浸染
瑶族女性成人礼,标志行为,顶板换衣装
村寨管理制度,管理形式,寨老制
寨老职责,负责事务,管理村寨事务
文化传承仪式,名称,度戒仪式
度戒仪式功能,教育内容,文化教育
度戒仪式功能,教育内容,礼仪教育
度戒仪式功能,教育内容,传统道德规范教育
传统节日,正月初一,大年春节
传统节日,正月十五,家神节
传统节日,三月三节,三月三
传统节日,五月初五,端午节
传统节日,七月十五,目莲节
传统节日,八月十五,新米节
三月三习俗,特色食品,染花米饭
染花米饭象征意义,代表物,红龙
染花米饭象征意义,代表物,黄龙
染花米饭象征意义,代表物,青龙
染花米饭用途,宗教目的,为祖坟安龙
信奉神灵,人类始祖神,盘瓠
信奉神灵,人类始祖神,盘王
信奉神灵,人类始祖神,伏羲
信奉神灵,人类始祖神,神农
信奉神灵,自然神,雷王
信奉神灵,自然神,谷魂
信奉神灵,保护神,五雷
信奉神灵,家宅神,灶王
信奉神灵,地方守护神,本境
信奉神灵,地方守护神,城隍
信奉神灵,女性相关神祇,女娘
信奉神灵,女性相关神祇,罗五娘
信奉神灵,女性相关神祇,帝母
信奉神灵,行业神祇,牛官
信奉神灵,祖先崇拜对象,家先
信奉神灵,植物相关神祇,花林
信奉神灵,特定领域神祇,南曹
信奉神灵,特定领域神祇,沙罗
信奉神灵,特定领域神祇,黄推
信奉神灵,特定领域神祇,程历
信奉神灵,祖师神体系,六神祖师神
祖师神具体名号,太清)65.(祖师神具体名号,玉清
祖师神具体名号,上清)67.(祖师神具体名号,三元
祖师神具体名号,明皇)69.(祖师神具体名号,祖爷
祖师神具体名号,公王)71.(祖师神具体名号,四师
祖师神具体名号,张天师)73.(宗教人员资格获取方式,"关键仪式,度戒"
宗教活动类型,具体形式,打斋
宗教活动类型,具体形式,扫寨
宗教活动类型,具体形式,祭龙
宗教活动类型,具体形式,拜祭
文字记录系统,方法特点,汉字记瑶音
文献载体形式,现存实物,瑶文书
珍贵古籍年代特征,典型时期,清光绪年间
文化传播方式,口头传承形式,传说故事相传
文化传播方式,口头传承形式,唱读叙事长诗
民歌体裁分类,抒情歌)85.(民歌体裁分类,叙事歌
民歌体裁分类,生活歌)87.(民歌体裁分类,习俗歌
婚礼歌曲类型,闲歌)89.(情歌类型别称,风流歌
演唱形式种类,喊唱)91.(演唱形式种类,平音唱
歌词结构特点,多采用七字句式)94.(表演形式特征,男女集体对唱
唱词表现形式分化,唱文)96.(唱词表现形式分化,唱白
传统曲目题材类型,创世歌《伏羲兄妹造人烟》)98.(传统曲目题材类型,创世歌《密洛陀》
传统曲目题材类型,创世歌《发音套奶》)100.(传统曲目题材类型,创世歌《女下台七子》
祭祀歌曲代表作品,《流落歌》)103.(祭祀歌曲代表作品,《连州三庙歌》
祭祀歌曲代表作品,《得符神唱》)105.(迁徙主题歌曲代表作品,《创世歌》
迁徙主题歌曲代表作品,《立传歌》)107.(迁徙主题歌曲代表作品,《千家洞》
迁徙主题歌曲代表作品,《交趾曲》)109.(迁徙主题歌曲代表作品,《漂洋过海》
节令歌曲代表作品,《十二月生产》)111.(节令歌曲代表作品,《四季歌》
舞蹈性质定位,宗教仪式舞)113.(舞蹈体系构成要素融合情况描述,师、道两类结合动作基本一致
舞蹈伴奏乐器组合元素之一,锣)115.(舞蹈伴奏乐器组合元素之二,鼓
舞蹈伴奏乐器组合元素之三,镲)117.(舞者手持道具之一,罗帛/一条长带子
舞者手持道具之二,花带)119.(舞者手持道具之三,长刀
舞者手持道具之四,铜铃)121.(传统美术品载体形式举例一,神圣画像(上清
传统美术品载体形式举例二,神圣画像(玉清))123.(传统美术品载体形式举例三,神圣画像(太清
传统美术品载体形式举例四,神圣画像(上元))125.(传统美术品载体形式举例五,神圣画像(中元
传统美术品载体形式举例六,神圣画像(下元))127.(道袍刺绣图案评价属性,珍贵的传统美术品
文体活动项目之一,打陀螺)129.(文体活动项目之二,打弹弓
文体活动项目之三,踩高跷)131.(文体活动项目之四,荡秋千
文体活动项目之五,"磨秋)
1.(哈尼族奕车人","居住地,车普村一带"
车普村哈尼族奕车人文化保护区,所属行政区划,红河哈尼族彝族自治州红河县大羊街乡
奕车人传统民居,建筑形式,等腰三角形瓦顶
奕车人女性服饰,结构特点,上衣无领圆口成龟形内中外件套共层
奕车人女性服饰,下装特征,紧臀超短裤半裸胸
奕车人女性头饰,组成部分,洁白三角帽配小斗笠
奕车人服饰装饰物,材质类型,银制陀螺/螺蛳/叶片/银泡/银链/银镯
奕车人自制土布,主色调,纯蓝/靛青/黑色
奕车人服饰习俗,文化寓意,纪念先民迁徙的坎坷艰辛过程
奕车人主要祭祀对象,包括神灵,寨神/树神/祖宗神
扎勒特节日,性质定位,辞旧迎新的盛大节日
仰阿那节日,社会功能,男女谈情说爱/祈求五谷丰登/六畜兴旺/家庭美满/村寨平安
苦扎扎节日,性质定位,以欢乐为主的盛大节日
昂玛突节日,核心主题,祭祖神
昂玛突节日,文化意义,纪念祖先起源和发展历史
奕车人民间乐器,种类列举,栽秧号/小三弦/直箫/草杆/铓锣/大牛皮鼓
奕车人声乐形式,代表曲种,哈巴传统唱本/阿茨山歌/情歌/罗/厄娄/茨然/多虾霞/咪沙/孙咪比哭嫁歌/河迷抽
奕车人舞蹈分类,类型划分,祭祀性舞蹈/二人对跳舞/儿童模仿鸭子动作舞类
奕车人口头文学,叙事长诗作品,《母的米的》
奕车人口头文学,叙事长诗作品,《阿资资斗》
奕车人口头文学,叙事长诗作品,《阿扎夺拉》
奕车人口头文学,叙事长诗作品,《觉玛普德》
奕车人口头文学,叙事长诗作品,《母什米嘎》
传统民居类型,包括,土木结构/砖木结构/土掌房结构/石木结构
劳作形式,保持,男耕女播
建房习俗,包含步骤,择向/选材/建新房/进新房
女子服饰元素,具有特点,二方连续和四方连续图案
男子服装特征,穿着,深蓝带紫色长袖上衣和坎肩褂子
男子裤子样式,采用,大扭裆裤
布纽扣材质来源,自制于,自己制作的布纽扣
舞蹈分类,分为,大跳/小跳
大跳转变特点,突破形式,队形变化和穿插
英雄名字象征,代表,爱佐爱莎
珍贵文献名称,是,《白马经书》
《白马经书》持有者,为,老毕摩普国安
文献内容覆盖领域,涉及,历史/地理/宗教/天文/哲学/伦理/医药/文学
文献用途场景,应用于,阿哲丧葬习俗
民歌类型划分,包括,情歌/山歌/儿歌/酒歌
主要曲调列举,包括,阿哲跳乐调/阿勒哩调/讲谜调/阿基基调/放牧调/民俗音乐曲调
情歌曲调对应关系,对应为,阿勒哩调和讲谜调
创世叙事古歌调式,使用,阿基基调
乐器种类列举,包括,二胡/三弦/四弦/响篾/竹笛/木叶/唢呐
剪纸分类方式,分为,刺绣剪纸和祭祀剪纸
刺绣剪纸图案元素,包含变形图案,桃花/李花/山茶花/牵牛花/几何图形
祭祀剪纸制作者性别限定,出自于,男人之手
传统体育项目列举,包括,荡秋千/打陀螺/赶小猪/踢毽子鸡毛毽和树叶毽/老鹰抓小鸡
重要祭祀活动时间点,在农历正月初一进行,祭祖庙抢新水
最隆重节日名称列举,包括,春节/农历二月初二祭公龙/初三祭母龙/农历六月二十四日火把节
特定艺术节日期设定,定为,六月二十四日爱佐与爱莎歌舞艺术节
节日参与规模描述,每年吸引,上万人前来同乐
撒尼妇女,掌握基础图案年龄,十三、四岁
刺绣,社会功能,衡量姑娘能干程度
刺绣,社会功能,衡量家庭和美程度
刺绣,关联领域,审美
刺绣,关联领域,理想
干塘子村刺绣,技法特点,挑花
干塘子村刺绣,技法特点,贴花
干塘子村刺绣,技法特点,锁花
干塘子村刺绣,技法特点,盘花
干塘子村刺绣,技法特点,滚花
干塘子村刺绣,技法特点,补花
干塘子村刺绣,技法特点,刺花
干塘子村刺绣,技法特点,纳花
干塘子村刺绣,技法特点,纤花
干塘子村刺绣,技法特点,平绣
干塘子村刺绣,技法特点,镂空
刺绣图案来源,题材类型,花鸟虫鱼
刺绣图案来源,题材类型,飞禽走兽
刺绣图案来源,题材类型,山川地貌
刺绣图案来源,题材类型,风物特产
干塘子村刺绣,传承方式,具体刺绣活动
石林阿着底民族刺绣产品开发技术协会,组织形式,协会+厂家+农户
干塘子村刺绣品,销售范围,广东
干塘子村刺绣品,销售范围,深圳
干塘子村刺绣品,销售范围,港/澳/台地区
干塘子村刺绣品,销售范围,泰国
干塘子村刺绣品,销售范围,越南
干塘子村刺绣品,销售范围,韩国
干塘子村刺绣品,销售范围,法国
干塘子村刺绣品,销售范围,加拿大
干塘子村刺绣品,销售范围,美国
普氏三姐妹,创办机构,民族民间传统刺绣品厂
秧老鼓,功能属性,自娱性和表演性相兼
秧老鼓,表演场合,民间年节喜庆、送葬时
秧老鼓,伴奏形式,打击乐
秧老鼓,舞蹈动作特征,左手扶鼓边或执毛巾右手持槌上下敲鼓双脚吸腿跳步有对花、擦背换位等步伐
秧老鼓,整体风格,雄壮刚健有振奋进取的情绪
紧鼓,节奏特点,深沉
紧鼓,动作风格,粗犷强调脚的动作双脚交替随套路的不同而变化动作用蹬、踢、跺、绕、跳等动作表现欢乐情绪
板鼓,节奏特点,刚柔相济
板鼓,动作风格,用屈伸、蹲跳、大翻身等表现沉稳的情绪
双河乡,秧老鼓传承现状,代代相传十分普及
田坝村,能跳各种套路和主持各种仪式的师傅人数,有人
田坝村,文艺骨干人数,人
田坝村节庆时,参加跳鼓人数,多达人
田坝村节庆时跳鼓参与者,年龄范围,从岁到岁不等
双河乡秧老鼓队,获奖赛事及荣誉,北京山花杯居庸关中华鼓舞大赛获金奖
双河乡秧老鼓队,获奖赛事及荣誉,昆明市第七届农民运动会获传统体育项目比赛第一名
双河乡秧老鼓队,获奖赛事及荣誉,全国民间鼓舞大赛上获第一名
双河乡秧老鼓队,美誉称号,云南的威风秧老鼓、金牌秧老鼓
秧老鼓,辐射范围,整个滇中地区
彝族左脚舞,社会学特征,不限人数
彝族左脚舞,社会学特征,不分男女老幼
彝族左脚舞,社会学特征,不限时间地点
彝族左脚舞,社会学特征,村头庭院山间草坪表演
彝族左脚舞,社会学特征,全民性舞蹈种类
彝族左脚舞,民族学特征,表达情绪主要方式
彝族左脚舞,民族学特征,生产生活节庆喜事婚宴礼仪场合
彝族左脚舞,历史学特征,清康熙四十一年《定远县志》记载
彝族左脚舞,符号学特征,跳脚/跳左脚别称
彝族左脚舞,符号学特征,左脚调音乐体系
彝族左脚舞,符号学特征,高八度演唱唱腔特点
彝族左脚舞,美学特征,节奏明快通俗易懂
彝族左脚舞,美学特征,表现力丰富
彝族左脚舞,美学特征,清脆悦耳高亢热烈
彝族左脚舞,美学特征,串花翻身特殊动作
彝族左脚舞,美学特征,直脚甩脚垫脚跺脚踏脚踢脚赶脚合脚基本步法
老虎笙,流传地区,双柏县法脿镇
老虎笙,文化地位,中国彝族虎文化的活化石
彝族,祖先象征,虎
彝族自称,名称,倮倮倮
小麦地冲村,民间故事元素,仙人变成两只石虎守卫村庄
村民信仰,目的,使彝族人安居乐业风调雨顺六畜平安
祭祀活动起源,原因,感谢这两只石虎和祭祀祖先
老虎舞模仿对象,依据,虎的习性和爱好
老虎笙特点,显著特征,自娱性
著名表演地,地点,法脿镇小麦地冲村
虎节时间,日期范围,每年农历正月初八至十五
虎节内容,活动环节,接虎
虎节内容,活动环节,跳虎
虎节内容,活动环节,祭虎
虎节内容,活动环节,送虎
装扮方式,材料使用,黑色的毡子捆扎成虎皮样子
身体装饰,手法,用颜料画上虎的花纹
伴奏乐器,类型,锣、鼓
舞蹈队形中心,角色,道人
围圈形式,结构特征,以道人为中心围圈起舞
参与群体特征,外围人员行为,围绕跳老虎舞
角色配置,组成人数,分别装扮成只虎、只猫、个山神、个道人、个击鼓者和个敲锣者
行进路线方向,方式,逆时针方向行进
正月十五习俗,行为目的,到摆好香火冥纸的人家去跳意为消灾免难
舞蹈动作类型一,模仿对象,老虎动作习性如老虎亲嘴、老虎搭桥、老虎擦屁股等
舞蹈动作类型二,模拟内容,送肥、犁田、耙地、撒秧、栽种、拔秧、收割等农事活动
艺术特征,气息属性,浓烈的生活气息
场面特点,视觉效果,气势宏大
节奏特点,音乐属性,明快
观赏体验,感受强度,震撼力强
群众参与度,范围特征,参与面广
文化特质,特色维度,鲜明的民族地方特色
传承方式,途径类型,村民自学传承
发展成果,现状描述,经多年的加工整理在保持原有特色的基础上已成为彝族文化的品牌之一
影响力范围,地域跨度,国内外有较大影响
出访经历,国家列表,日本、法国
国内表演地点,省份城市,上海、江西、山东、河南
大东乡政府所在地,所属行政单位,大东村委会
大东乡,辖属村民委员会,建新
大东乡,辖属村民委员会,白水
大东乡,民族构成主体,纳西族
大东乡,分布其他民族,汉族
大东乡,分布其他民族,彝族
大东乡,历史地位,丽江境内重要人类活动区域
大东乡,考古发现,众多新石器出土
东巴经书,记载内容,重要古战场位于大东乡
大东乡,经济类型,传统纳西族农业地区
大东乡,文化特色,纳西族民间传统歌舞艺术保护最好地区
大东乡,民歌类型,谷期
大东乡,民歌类型,时本
大东乡,民歌类型,劳喂
大东乡,民歌类型,纳西小调
大东乡,民歌类型,儿歌
大东乡,歌舞类型,热美蹉
大东乡,歌舞类型,喂麦达
大东乡,歌舞类型,啊哩哩
大东乡,伴奏乐器,丽江古乐
大东乡,伴奏乐器,口弦
大东乡,伴奏乐器,芦笙
大东乡,伴奏乐器,笛子
热美蹉,语言来源,纳西语汉字记音
热美蹉,表演形式,集体歌舞
热美蹉,参与人数范围,少则十余人多达几百人
热美蹉,动作特征,男女老少手拉手围着火堆按顺时针方向边唱边跳
热美蹉,领诵角色,出口成章的男子
热美蹉,演唱结构,男众唱诵词后三字并以两次窝热热结尾
热美蹉,女声表现,在男声部唱第二句词中间模仿羊的叫声作为穿插
热美蹉,应用场景,重要丧葬场合上百人的大型场景
热美蹉,艺术影响,对纳西族民歌和音乐产生明显影响
大东乡,群众基础,具有纳西族民间歌舞才能的人数众多
大东乡,代表人物,和振强
大东乡,代表人物,张富国
大东乡,民间艺术团队,大东热美蹉艺术团
《丽江市古城区文化发展十一五规划》,规划内容,对纳西族民间歌舞艺术在大东乡的重点集中保护和发展
葫芦丝,傣语名称,毕朗道
葫芦丝,直译含义,葫芦箫
葫芦丝,所属类别,吹管舌簧乐器
葫芦丝,传承民族,傣族、德昂族、阿昌族
芒东镇的章毕村,傣语意译,擅长制作和吹奏葫芦丝的村子
傣族,传说故事,《桑亮与少玉》
葫芦丝,组成部分,气斗葫芦
葫芦丝,组成部分,根箫管紫竹或黄竹
葫芦丝,组成部分,簧片
葫芦丝,音孔设置,主管中间的管开个按音孔前六后一短副管和长副管不开音孔
葫芦丝制作,工序包括,加工葫芦
葫芦丝制作,工序包括,选竹
葫芦丝制作,工序包括,打竹
葫芦丝制作,工序包括,选葫芦
葫芦丝制作,工序包括,制作和安装簧片
葫芦丝制作,工序包括,校音
葫芦丝制作,工序包括,在葫芦上装饰图案
葫芦丝,外形构造特点,简单、古朴
葫芦丝,音色特点,圆润、缠绵、柔美
葫芦丝,艺术风格,浓郁的民族艺术风格
葫芦丝,传统功能,男女恋爱传情
葫芦丝,传统功能,审美娱乐
梁河县,优秀曲目,《竹林深处》
梁河县,优秀曲目,《节日德昂山》
梁河县,优秀曲目,《勐养江畔》
梁河县,优秀曲目,《竹楼情歌》
古调《幸荜班陶》,演奏技巧要求,特殊的循环换气技巧一气呵成
葫芦丝的制作与吹奏,发展阶段,自然传承
葫芦丝的制作与吹奏,发展阶段,衰落
葫芦丝的制作与吹奏,发展阶段,改良升华
梁河县,演奏队伍,老沙坝葫芦丝表演队
葫芦丝制作与演奏活动,产业规模特征,融原材料生产、产品加工、技艺培训、活动展演为一体
傣族人民,象征意义,吉祥的象征和幸福的圣鸟
傣族,舞蹈名称,嘎洛勇
傣族,文化观念,没有歌舞就像吃饭没有盐巴一样
节日期间,活动形式,敲响大铓锣敲起象脚鼓跳起孔雀舞
瑞丽傣族孔雀舞,主要形式,单人舞
瑞丽傣族孔雀舞,次要形式,双人孔雀舞
瑞丽傣族孔雀舞,舞者性别倾向,男性居多
瑞丽傣族孔雀舞,舞蹈风格,轻盈灵秀
瑞丽傣族孔雀舞,动作特点,鲜明
瑞丽傣族孔雀舞,情感表达,细腻
瑞丽傣族孔雀舞,舞姿特征,优美多平和之气
架子孔雀舞,动作类型,跳跃、翻、跪和下腰、虎跳等动作技巧
毛相,身份,著名孔雀舞舞蹈家
瑞丽,群众基础,厚实
村寨,组织形式,演出队
村寨,代表艺人,自己的孔雀舞代表艺人
孔雀舞,文化属性,智慧结晶
孔雀舞,审美功能,较高
孔雀舞,表演场合,重要民族节庆中单独表演
孔雀舞,融合形式,集体舞嘎光中大众同舞
孔雀舞,社会意义,维系民族团结
目瑙纵歌,社会学特征,上万人参加
目瑙示栋,符号学特征,祭祀太阳神
目瑙示栋,符号学特征,指示舞蹈线路
目瑙纵歌,民族学特征,景颇族最为隆重的歌舞形式
目瑙纵歌,民族学特征,传统民族节日
目瑙纵歌,历史学特征,起源于宗教活动
目瑙纵歌,历史学特征,表现战争、生产、生活、迁徙和历史
目瑙纵歌,美学特征,音乐舞蹈
目瑙纵歌,美学特征,服饰
目瑙纵歌,美学特征,绘画雕刻
目瑙纵歌,美学特征,建筑工艺
目瑙纵歌,民族学特征,文化艺术集中展示
目瑙纵歌,民族学特征,精神风貌集中展示
目瑙纵歌,符号学特征,苏目瑙招财庆丰收
目瑙纵歌,符号学特征,定栓目瑙庆贺新居落成
目瑙纵歌,符号学特征,结如目瑙出征誓师
目瑙纵歌,历史学特征,研究景颇族历史文化的重要意义
香格里拉县,别称,果卓
果卓,含义,圆圈舞/欢乐舞
锅庄表演场合,包括,重大节日
锅庄表演场合,包括,婚嫁喜庆
锅庄表演场合,包括,重要聚会
锅庄表演场合,包括,迎宾送客
香格里拉锅庄,分类,新锅庄
香格里拉锅庄,分类,旧锅庄
旧锅庄名称,是,擦尼多
擦尼多,内容特征,原始宗教内容
擦尼多,性质,祭祀性质
擦尼多,受众群体,宗教界人士和老年人
新锅庄名称,是,擦司
擦司,特点,吸纳新内容与形式
擦司,特点,灵活舞姿和歌词
擦司,特点,浓郁时代气息
香格里拉锅庄舞步大类,包括,走舞
香格里拉锅庄舞步大类,包括,转舞
香格里拉锅庄舞步大类,包括,模拟动物舞
走舞,特点,动作简单可吸收大量人员
转舞,示例,两步半舞
转舞,示例,六步舞
转舞,示例,八步舞
转舞,示例,六步加拍
模拟动物舞,模仿对象,猴子
模拟动物舞,模仿对象,兔子
模拟动物舞,模仿对象,孔雀
锅庄舞表演形式,包括,男女对歌对舞
锅庄舞节奏变化,从,慢板
锅庄舞节奏变化,到,快板
锅庄舞曲调数量,达,上百种
锅庄舞歌词数量,达,上千首
锅庄舞服饰性质,为,藏民节日盛装
锅庄舞传承范围,覆盖,全民
著名艺人建塘镇代表,包括,杨庆科
著名艺人建塘镇代表,包括,马仲春
著名艺人小中甸代表,包括,给玛
著名艺人五境乡代表,包括,阿几
香格里拉锅庄媒体传播,包括,中央电视台专题介绍
香格里拉锅庄媒体传播,包括,云南省电视台专题介绍
阿尺木刮,起源传说,模仿山羊行为
阿尺木刮,表演形式,无乐器伴奏
阿尺木刮,唱词内容,天文地理/栽种收割/悲欢离合
阿尺木刮,舞步类型,跳摆和搓蹂
阿尺木刮,队形变化,大圆圈/半圆弧/直纵队/穿插式
阿尺木刮,服饰特征,自制刺绣生活装
叶枝镇,群众参与度,全镇多支表演队
同乐村,家庭参与率,全家共同跳舞
阿尺木刮,功能演变,从节庆祭祀到日常迎宾礼仪
傈僳族先民,生产方式,游牧/采集/刀耕火种
阿尺木刮,历史渊源,生产生活与山羊的情感联系
叶枝镇,年龄分布,平均年龄岁左右/最大岁/最小岁
阿尺木刮,现存跳法种类,舞圆环/进退舞步/三步跺脚等
广南县,居住着,汉、壮、苗、瑶、彝、回等民族
铜鼓舞,主要流传于,壮族、彝族
铜鼓,作为古代器物分布广,云南
晋宁石寨山与江川李家山出土青铜器,包含重要地位的,铜鼓
广南县铜鼓,历史追溯到,战国及秦汉时期
广南县,出土过,竞渡鼓石寨山型、沙果鼓万家坝型、沙国鼓万家坝型
壮族和彝族村寨,收藏着,约面传世铜鼓
广南县传世铜鼓数量,居,文山州第二位
《广南县铜鼓舞之乡调查报告》,记录了,铜鼓的名称、类型、数量、所在乡镇及使用的民族
铜鼓舞,为集体圆圈舞形式,踏鼓点节奏逆时针起舞
壮族,在春节、三月三花街节、六月六节时举寨击鼓歌舞)16.(壮族,"平时在婚丧嫁娶、生孩子时跳铜鼓舞表达,欢乐与祝福"
铜鼓舞,融合吸纳了生产劳动动作如,撒秧、拔秧、栽秧、纺纱、浣纱、织布等
那洒镇贵马村铜鼓舞,表现一年四季生产生活动作共有,套动作
彝族铜鼓舞,多为原始狩猎采集、撒荞烤火等生产生活动作)20.(演奏铜鼓时,多为两人配合敲击横悬地面用竹条敲鼓腰鼓槌敲中心按节奏发声
演奏铜鼓时,用木盆在鼓腔内推拉产生,滑音、颤音效果
有的地方伴奏乐队,加上了宽边锣铓锣、牛角号、牛皮鼓)23.(铜鼓舞,在广南县有丰厚的历史积淀与群众基础
有的村寨,保留着祭鼓仪式)25.(铜鼓舞演出活动,多次参加省、州、县的各种演出活动
开化镇总人口中,壮族占比,一定比例
壮族纸马舞,起源性质,丧葬祭祀舞蹈
现今纸马舞功能转型,发展为,群众性娱乐舞蹈
现代纸马舞参与规模,人数范围,少则人至多上百人
纸马舞适用场合扩展,涵盖,婚丧嫁娶/喜庆节日/迎宾接客
全镇纸马舞队员总数,超过,多人
舞蹈道具特征,使用,纸马架子
动作模仿对象,模拟,马的各种形态和动作
艺术风格特点,体现为,节奏性强/热烈粗犷/变化多样/古朴生动
文化象征意义,表现,马的灵性与动感及人与马和谐关系
纸马制作工艺,融合,扎/裱/画技艺
造型美学特征,呈现,稚拙生动/民间色彩浓烈
材料演变历程,从,稻草扎制到竹子编扎
装饰技术革新,采用,纸张裱糊与绘画结合
当代制作升级,运用,竹子编+铁丝扎结构
外观装饰材料,使用,花绒布/黑绒布装裱
细节装饰元素,添加,彩球珠链/花辫/镜子/铃铛
服饰特色规定,由,壮族妇女穿着传统生活装表演
传承体系特点,存在,世代相传现象
代表性传承人,包括,牛头寨的高绍英/何永琼
现状说明,何永琼因,年事已高停止表演
社会影响力体现,多次参加,州/县/乡镇文艺表演
媒体关注度,获得,多家媒体报道宣传
学术收录地位,被收编于,《云南民族民间舞蹈集成》
花鼓舞,流传地区,玉溪市峨山彝族自治县
花鼓舞,起源时间,清末
花鼓舞,演变方向,以舞为主、歌为辅
花鼓舞,适用场合,逢年过节
花鼓舞,适用场合,拜年贺喜
花鼓舞,适用场合,开新街
花鼓舞,适用场合,丧事
花鼓舞,核心表现部位,脚的动作和步法变化
花鼓舞,吸收元素来源,彝族跳乐动作
花鼓舞,鼓类型区分,急鼓
花鼓舞,鼓类型区分,板鼓
急鼓,风格特点,刚劲有力、热情奔放催人奋进
板鼓,风格特点,缓沉柔软、柔中有刚
花鼓舞,文化载体属性,社会生活综合表现
花鼓舞,文化载体属性,社会心理反映
花鼓舞,文化载体属性,思想文化体现
花鼓舞,情感表达内容,对生产生活的理解与热爱
花鼓舞,社会功能,增强民族自信心
花鼓舞,社会功能,增强民族自豪感
花鼓舞,社会功能,凝聚民族精神
峨山县,花鼓队数量统计单位,支
峨山县,主要骨干构成,中青年为主
《龙鼓舞》,获奖奖项,中国第三届艺术节开幕式大型文艺表演一等奖
《彝山花鼓》,获奖奖项,第二届昆明国际民族民间鼓舞大赛铜奖
花鼓舞队伍现状,存在问题,少年儿童参与较少
花鼓舞队伍现状,存在问题,人才青黄不接
花鼓舞队运营困境,"长期稳定开展活动困难)
1.(者湾村","所属行政区划,玉溪市通海县四街镇"
者湾村,传统特色,崇尚书画
者湾村,传统特色,喜好收藏
者湾村,传统特色,耕读并重
布文星,擅长艺术形式,书法
布文星,书法风格,行书
布文星,书法风格,草书
李家政,擅长艺术形式,书法
李家政,书法特点,端庄严谨
李铎,擅长艺术形式,书法
李铎,书法造诣,楷书苍劲挺拔
李铎,书法造诣,草书龙飞凤舞
李绍周,称号,神童
李绍周,擅长艺术形式,书匾联
者湾村,别称,碧山墨庄
高泰,身份,文人墨客
杨鸿发,身份,文人墨客
高占伟,身份,文人墨客
者湾村,举办活动,古今书画展
《者湾翰墨集》,出版单位,村委会
碧山墨庄书画协会,活动频率,两个月定期集中活动一天
碧山墨庄书画协会,年度活动次数,每年举办次作品展
碧山墨庄书画协会,合作机构,者湾小学
者湾村群众,文化习俗,近三分之一的人家都有字画挂于家中
者湾村群众,文化习俗,家家户户的春联都由本村人自己书写
杨炳舜,作品收录书籍,《中国国际文学艺术博览》
李双华,获奖奖项,中国书画艺术家世纪奖
者湾村,面临问题,学习书法美术的人逐渐减少
者湾村,保护措施实施主体,村委会
者湾村,保护措施实施主体,老年协会
者湾村,文化推广形式,展览
者湾村,文化推广形式,笔会
者湾村,文化推广形式,讲座
曼暖典,民族构成,傣族
织锦,历史时长,四五百年
织锦,使用群体,成年女子
底色特征,常用颜色,白色或浅色
图案主题,包含元素,动物/植物/建筑/人物
动物图案,具体形象,孔雀/骏马/龙/凤/象/麒麟
建筑图案,典型代表,宝塔/寺院/竹楼
工艺特点,视觉风格,精细美观/色彩鲜明/栩栩如生
线条设计,造型特征,宽窄错落/夸张简练
图案规范,艺术特质,质朴粗犷
装饰特色,民族属性,浓郁民族色彩
美学价值,评价定位,较高艺术审美价值
国际销售,覆盖地区,缅甸/泰国/美国/日本/香港
生产模式,组织形式,家庭为单位
传承方式,延续机制,代代相传
行业地位,收入占比,副业收入五分之一
技艺传承人,代表人物,玉儿甩
荣誉认证,颁发机构,版纳总佛寺/佛教协会
媒体传播,报道平台,《云南画报》/西双版纳州电视台
建水紫陶,质地成色分类,红陶和白陶
建水紫陶,装饰风格,以书画图案雕填白泥或多种色泥集金石、书画、镌刻于一体
建水无釉磨光紫砂陶,作为礼品,周恩来总理访问阿尔巴尼亚时选用
建水县碗窑村,生产模式,多以小作坊生产
建水紫陶,发展前景,良好是当地政府确定的特色旅游产品
建水紫陶研究会,成立时间,年
乐作舞,参与民族,彝族
乐作舞,起源活动,晒荞子
乐作舞,人数要求,偶数
乐作舞,队形结构,男女搭配围成圆圈
乐作舞,伴奏乐器,笛子
乐作舞,伴奏乐器,巴乌
乐作舞,伴奏乐器,三弦
乐作舞,伴奏乐器,四弦
乐作舞,伴奏乐器,草杆
乐作舞,伴奏乐器,树叶
乐作舞,节奏方式,手掌拍打
乐作舞,基础步法,踩荞步法
乐作舞,基础步法,撵调步法
踩荞步法,方向特征,逆时针或顺时针
踩荞步法,动作特点,进三步退一步
踩荞步法,风格描述,轻盈舒展
撵调步法,动作细节,小垫步
撵调步法,节奏特点,轻快敏捷
撵调步法,音乐效果,明快
乐作舞,文化功能,预祝人畜兴旺五谷丰登
阿扎河乡,节庆活动,苦扎扎长街舞
苦扎扎长街舞,包含舞蹈类型,乐作舞
苦扎扎长街舞,包含舞蹈类型,农耕舞
苗族芦笙舞,社会学特征,普及面广
苗族芦笙舞,民族学特征,父传子
苗族芦笙舞,民族学特征,母传女
苗族芦笙舞,民族学特征,师徒相传
苗族芦笙舞,历史学特征,起源于祭祀活动
苗族芦笙舞,历史学特征,再现古代战争和迁徙
苗族芦笙舞,历史学特征,反映古代狩猎活动
苗族芦笙舞,符号学特征,表现祖先刀耕火种场景
苗族芦笙舞,符号学特征,模拟动物舞
苗族芦笙舞,符号学特征,祭祀礼仪舞
苗族芦笙舞,美学特征,节奏明快
苗族芦笙舞,美学特征,动作古朴粗犷豪放
苗族芦笙舞,美学特征,刚健有力
苗族芦笙舞,美学特征,舞姿优美
摆舞,流传地区,思茅市澜沧拉祜族自治县
摆舞,舞蹈性质,集体舞蹈
摆舞,参与主体性别倾向,女性为主
摆舞,主要伴奏乐器,象脚鼓
摆舞,主要伴奏乐器,铓
摆舞,主要伴奏乐器,镲
摆舞,表演形式分类,步法型
步法型摆舞,强调动作部位,脚
步法型摆舞,典型动作元素,踏
步法型摆舞,典型动作元素,跺
步法型摆舞,典型动作元素,摆
步法型摆舞,典型动作元素,划
步法型摆舞,典型动作元素,小跳
摆手舞,核心动作特征,手臂和肩的上下摆动
摆手舞,配合步法,小垫步
摆手舞,动律特点,身段向上延伸起伏
摆舞,传承方式,父辈言传身教
摆舞,传承方式,年青人耳濡目染
摆舞,应用场合,节日喜庆
摆舞,应用场合,婚丧嫁娶
摆舞,社会功能,娱乐休闲
摆舞,社会功能,锻炼健身
摆舞,社会功能,交流情感
摆舞,流行空间扩展,城镇广场
摆舞,文化展演经历,省、市、县大型文艺演出
摆舞,保护措施实施主体,当地政府
摆舞保护措施,具体行动,培养文艺骨干
摆舞保护措施,具体行动,记录整理舞蹈动作
摆舞保护措施,具体行动,记录整理音乐
摆舞,演进特征,传统动作变异
木鼓舞,流传地区,思茅市西盟佤族自治县
木鼓,被视为,通天神器
木鼓,被视为,山寨的保护神
木鼓,用途,部落出征决战
木鼓,用途,召集成员
木鼓,用途,举行祭祀活动
木鼓舞类型,包括,跳木鼓舞
木鼓舞类型,包括,祭木鼓舞
击鼓者性别,为,男性
舞蹈参与者,包括,男女老少
舞蹈动作特点,具有,热情奔放
舞蹈动作特点,具有,质朴而富有韧性
木鼓作为乐器,独有于,佤族
木鼓舞性质,属于,传统舞蹈
表演场合,在,重大节日活动
演出队伍规模,可抽调,上百人
获奖经历,参与,国家/省/市/县比赛表演
《木鼓舞》巡演地点,包括,美国
《木鼓舞》巡演地点,包括,法国
《木鼓舞》巡演地点,包括,日本
《木鼓舞》巡演地点,包括,西班牙
《木鼓舞》巡演地点,包括,新加坡
《木鼓舞》巡演地点,包括,台湾
文化意义,反映,原始信仰
文化意义,再现,历史风俗文化
文化意义,折射出,心理特征
文化意义,折射出,性格特质
文化意义,折射出,审美意识
传承方式,通过,父教子
传承方式,通过,母传女
保护措施,制定者,西盟县政府
保护措施内容,包括,培养骨干队伍
布朗族山歌,形式类别,独唱
布朗族山歌,形式类别,对唱
布朗族山歌,形式类别,群唱
盘花名,内容特征,固定不变
盘天河,内容特征,固定不变
造大船,内容特征,固定不变
甲子山歌,内容特征,固定不变
盘药名,数量特征,略有增减
盘菜名,数量特征,略有增减
姊妹山歌,数量特征,略有增减
跑马山歌,创作方式,即兴创作
哭嫁歌,所属类型,布朗族山歌
哭嫁歌,包含曲调,隔女调
哭嫁歌,包含曲调,哭哥嫂
哭嫁歌,包含曲调,哭姐妹
哭嫁歌,包含曲调,骂媒人
布朗族歌手,能力特点,即兴编创歌词
施甸县,文化现象,村寨山歌队
云南省,命名荣誉,民族民间音乐艺人
木老元乡,文化活动,举办山歌会
山歌会,社会影响,活跃村民文化生活
木刮,演唱场合,大规模群众集会或重大活动
木刮,表演形式,名男子领唱众男子合唱
摆时,音乐类别,多声部民歌
摆时,内容主题,爱情与叙事歌曲
摆时,结构特点,单声领唱与多声合唱两部分
摆时,演唱技法,真声结合喉头颤音唱法
摆时,曲调特征,每句均以呀拉依结尾
怒江傈僳族自治州泸水县上江乡新建村,拥有传统音乐类型,哟叶
哟叶,演唱场景一,男女青年相聚和恋爱时对唱
哟叶,内容主题,悲欢离合的生活故事
怒江傈僳族自治州泸水县上江乡新建村,拥有传统音乐类型,尼茨木刮
怒江傈僳族自治州泸水县上江乡新建村,拥有传统音乐类型,葬歌
葬歌,情感基调,委婉悲切
葬歌,演唱时长特点,可连续唱几天几夜
葬歌,现状,现在能唱的民间祭师已很少
怒江傈僳族自治州泸水县上江乡新建村,拥有传统音乐类型,颂歌
颂歌,创作背景,新中国成立后民间歌手自行创作
怒江傈僳族自治州泸水县上江乡新建村,民间乐器之一,其奔
其奔,别称,傈僳琵琶
其奔,乐器类型,弹拨乐器
其奔,分类,分三弦和四弦
其奔,演奏形式一,独奏
其奔,演奏形式二,弹唱
其奔,演奏形式三,弹跳
怒江傈僳族自治州泸水县上江乡新建村,民间乐器之一,笛哩图
笛哩图,材质类型,竹管单簧吹奏乐器
笛哩图,演奏要求,讲究气息运用和各种特殊演奏技巧
新建村文体大会,举办状态,至年已连续举办届
新建村,文化传承方式一,多位民间艺人带动下许多传统表演技艺得以展示和传承
新建村,组织措施,成立了民族民间艺术团
民族民间艺术团成员构成,年轻人虚心向老艺人们学习)44.(传统歌舞,"传承效果,使传统歌舞得到传承"
民族民间艺术团,展演对象,国内外游客
明清时期,参与工程,北京故宫
明清时期,参与工程,圆明园
新中国成立后,参与工程,首都人民大会堂
新中国成立后,参与工程,民族文化宫
石宝山石窟,属性类别,全国重点文物保护单位
梅园村,称号,石雕之乡
梅园村,从业户数占比,全村总户数
梅园村,经济支柱产业,石雕
石雕产品,包括类型,民用建筑基础石脚
石雕产品,包括类型,柱脚石
石雕产品,包括类型,阶沿石
石雕产品,包括类型,门墩
石雕产品,包括类型,寺庙建筑石雕构件
石雕产品,包括类型,风景区建筑装饰件
石雕产品,包括类型,佛像
石雕产品,包括类型,牌坊
石雕产品,包括类型,狮子
石雕工艺,采用手法,圆雕
石雕工艺,采用手法,浮雕
石雕工艺,采用手法,深雕
石雕工艺,采用手法,透镂雕
梅园石雕,传承方式,家传
梅园石雕,传承方式,师传
梅园石雕,传承方式,自学
石雕艺人,主要传承形式,家传
剑川千狮山工程,设计制作者,段德坤
剑川千狮山工程,施工团队,梅园村石雕艺人
剑川千狮山工程,称号,世界双绝
大本曲,民族学特征,使用白语汉字演唱并反映白族生存状况与思想情感
大本曲,历史学特征,取材于汉族和白族历史上的重大事件及著名人物传说故事
大本曲,符号学特征,四大韵的唱词音韵体系
大本曲,美学特征,音乐体系为三腔九板十八调
大本曲,美学特征,吸收汉族戏曲身段并配简单道具增强视觉效果
大本曲,符号学特征,唱词基本结构为三七七五七七七五或七七七五七七七五
大本曲,社会学特征,以大理古城为界形成南腔、北腔、海东腔三大流派
大本曲,民族学特征,培养了杨汉、黑明星、李名璋等各流派代表艺人
大本曲,历史学特征,保留清光绪年间手抄本如《白天的故事》《磨房记》等
大本曲,符号学特征,语言声调为基础依字行腔的艺术特点
大本曲,美学特征,音乐服从语言且伴奏服从唱腔的创作原则
大本曲,社会学特征,现代已出版汉语翻译专著及音像制品传播
吹吹腔,起源地,大理白族自治州云龙县
吹吹腔,表演形式,古装戏
吹吹腔,表演形式,现代戏
吹吹腔,行当分工,生旦净丑齐全
吹吹腔,主要乐器,唢呐
吹吹腔,配器乐器,二胡
吹吹腔,配器乐器,三弦
吹吹腔,配器乐器,笛子
吹吹腔,击乐类型,大镲
吹吹腔,击乐类型,小镲
吹吹腔,击乐类型,点子
吹吹腔,击乐类型,小鼓
吹吹腔,鼓点分类,文场
吹吹腔,鼓点分类,武场
吹吹腔,唱词格式,三七一五
吹吹腔,演唱方式,道白与唱腔结合
吹吹腔,传统题材,《崔文瑞砍柴》
吹吹腔,传统题材,《火烧磨房》
吹吹腔,传统题材,《竹林拾子》
吹吹腔,传统题材,《三出首》
吹吹腔,现代剧目,《人勤花茂》
吹吹腔,现代剧目,《鸡鸣茶香》
吹吹腔,现代剧目,《见面礼》
吹吹腔,现代剧目,《金叶连心》
吹吹腔,现代剧目,《劝夫记》
吹吹腔,艺术特点,曲调质朴亲切
吹吹腔,表演程式,手眼身法步
吹吹腔,表演场合,年节
吹吹腔,表演场合,迎神赛会
吹吹腔,表演场合,婚丧嫁娶
吹吹腔,表演场合,起房竖柱
吹吹腔,特殊腔调,杂戏一字腔
吹吹腔,创作方式,自编自演
吹吹腔,表演时长,三天三夜
彝族打歌,民族学特征,流行于腊罗、迷撒和格尼个彝族支系中
彝族打歌,民族学特征,融歌、舞、乐、美术服饰、民间文学唱词为一体
彝族打歌,历史学特征,《蒙化志稿》有关于踏歌的记载
彝族打歌,符号学特征,要唱山歌有喜事调、节日调、忧事调、庙会调等
彝族打歌,符号学特征,多用比兴手法语言朴实生动比喻形象贴切
彝族打歌,美学特征,芦笙一响脚杆就痒笛子一吹山歌就飞
彝族打歌,美学特征,晚上打歌还要在打歌场中心燃起篝火人群围成一圈或数圈
彝族打歌,美学特征,圈内吹芦笙者为歌头数人吹笛子一二人舞刀
马鞍山地区打歌,美学特征,风格热烈粗犷奔放以舞为主
五印地区打歌,美学特征,风格抒情优美歌舞俱佳
东山打歌,美学特征,男女动作对比强烈双刀对舞雄健威武
东山打歌,符号学特征,对唱内容是传统长诗《阿库遮》
青华乡的南山弦子歌,美学特征,别具一格均用汉语演唱彝族山歌
巍宝山和庙街乡打歌,美学特征,融合了马鞍山和五印的特点又不失自己的独特风格
彝族打歌,符号学特征,乐器主要有芦笙和笛子
彝族打歌,符号学特征,有的地方还有三弦和月琴作为陪衬乐器
彝族打歌,符号学特征,各地乐器制式也不尽相同
彝族打歌,符号学特征,打歌时还舞春秋刀、棍棒等
彝族打歌,美学特征,所穿戴的服饰色彩丰富款式别致刺绣精美
彝族打歌,社会学特征,全县镇乡有近百支打歌队伍活跃在民间有深厚的群众基础
彝族打歌,社会学特征,是云南省影响较大的一种民族歌舞形式
彝族打歌,历史学特征,早在世纪年代就参加过全国少数民族文艺汇演
彝族打歌,历史学特征,其后便在国内外广泛表演以传统打歌形式创作的文艺节目多次获奖
彝族打歌,符号学特征,相关文字资料和多媒体资料品种丰富
彝族打歌,社会学特征,民间打歌热潮与日俱增
彝族打歌,历史学特征,已经列入《巍山彝族回族自治县历史文化名城保护管理条例》
彝族打歌,社会学特征,将作为当地民族文化旅游的一个支柱品牌加以保护
楚雄市大过口乡,民族构成,彝族人口占总人口
楚雄市大过口乡,民风特点,淳朴
楚雄市大过口乡,文化特色,彝族风情浓郁
楚雄市大过口乡,历史文化元素,毕摩文化
楚雄市大过口乡,历史文化元素,土主文化
楚雄市大过口乡,信仰体系,图腾崇拜
楚雄市大过口乡,社会规范,禁忌习俗
楚雄市大过口乡,音乐形式,酒歌
楚雄市大过口乡,舞蹈类型,大三弦舞
楚雄市大过口乡,舞蹈类型,小三弦舞
楚雄市大过口乡,舞蹈类型,葫芦笙舞
楚雄市大过口乡,舞蹈类型,左脚舞
楚雄市大过口乡,舞蹈类型,香通祭祀舞
楚雄市大过口乡,舞蹈类型,毕摩祭祀舞
楚雄市大过口乡,传统乐器,小闷笛
楚雄市大过口乡,传统乐器,葫芦笙
楚雄市大过口乡,传统乐器,唢呐
楚雄市大过口乡,传统乐器,大号
楚雄市大过口乡,传统乐器,筒子
楚雄市大过口乡,传统乐器,羊角号
楚雄市大过口乡,传统乐器,牛角号
楚雄市大过口乡,传统乐器,小二胡
楚雄市大过口乡,传统乐器,月琴
楚雄市大过口乡,传统乐器,大三弦
楚雄市大过口乡,传统乐器,小三弦
楚雄市大过口乡,传统乐器,羊皮鼓
楚雄市大过口乡,传统乐器,牛皮鼓
楚雄市大过口乡,传统乐器,镘
楚雄市大过口乡,传统乐器,锣
楚雄市大过口乡,传统乐器,法铃
楚雄市大过口乡,传统乐器,师刀
楚雄市大过口乡,艺术表现,小三弦弹唱
楚雄市大过口乡,艺术表现,啊苏调演唱
楚雄市大过口乡,节日活动,彝族传统节日
楚雄市大过口乡,节庆仪式,篝火晚会
楚雄市大过口乡,手工艺品,彝族刺绣品
楚雄市大过口乡,生活习俗,会说话就会唱歌
楚雄市大过口乡,生活习俗,会走路就会跳舞
城寨村,地处,麻栗坡、富宁、广南三县交界处
城寨村,位于,麻栗坡县东北部
城寨村居民,民族,彝族白倮人
城寨村,具有价值,人类学
城寨村,具有价值,民族学
城寨村,具有价值,民俗学
民居建筑,风格,多柱形杆栏式建筑
传统木结构建筑,占比,全村
自然生态环境,特征,古木参天
白倮人,宗教信仰,万物有灵
传统节日,包括,荞菜节
传统节日,包括,春节
传统节日,包括,清明节
传统节日,包括,六郎节
传统节日,包括,尝新节
荞菜节,时间,每年农历四月的第一个龙日
荞菜节,性质,祭祀祖先
荞菜节,性质,娱神娱人
服饰,特点,民族风格浓郁
服饰,特点,图案丰富
服饰,特点,工艺精湛
纺织工艺体系,包括,种棉
纺织工艺体系,包括,纺线
纺织工艺体系,包括,蜡染
纺织工艺体系,包括,刺绣
纺织工艺体系,包括,缝纫
歌舞,类型,铜鼓舞
歌舞,类型,荞菜舞
歌舞,类型,月亮舞
歌舞,类型,二胡舞
歌舞,类型,建房舞
歌舞,类型,结婚舞
歌舞,类型,纺织舞
歌舞,类型,团结舞
歌舞,类型,锁呐舞
民歌,类型,历史歌
民歌,类型,建房歌
民歌,类型,月亮歌
民歌,类型,荞菜歌
民歌,类型,生产歌
民歌,类型,生活歌
大南直寨,东经坐标,未明确数值
大南直寨,北纬坐标,未明确数值
大南直寨,海拔高度,未明确数值
大南直寨,东邻地区,大文乡
大南直寨,南界河流,小黑江
大南直寨,隔江相望对象,澜沧江
大南直寨,北靠地貌,仙人山
小黑江流向,由西南向东北流入,大文乡境内的澜沧江
大南直寨,植被类型,南亚热带阔叶树种
大南直寨,气候带,低纬度亚热带山地
大南直寨,总户数,未明确数值
大南直寨,布朗族人口占比,占总人口的百分比
大南直寨,人均耕地面积,未明确数值亩
大南直寨,人均收入,未明确数值元
大南直寨,通往邦丙乡政府公路全长,未明确数值千米
布朗族先民,起源族群,古代濮人
汉晋时期濮人分布区域,包括地点,云南省境内澜沧江两岸及其以西广大地区
唐代分化族群之一,名称,濮子蛮
濮子蛮分布区域,包括地点,永昌今保山、银生今景东一带
明、清时期文献记载称呼,对应名称,蒲蛮
蒲人分布区域,包括地点,顺宁、永昌、景东七府
双江布朗族先民定居时间下限,最晚时期,唐代
大南直布朗族祖先来源地,地名,孟卯即勐卯今德宏州瑞丽
迁徙传说标志物,携带物品,公鸡
定居触发事件,现象描述,到达邦丙时公鸡叫了起来
分家迁居原因,地理特征观察,南直四面有水中间梁子上长满棕树
地名含义解析,"""南""字含义",水
地名含义解析,"""直""字含义",棕树
传统节庆活动保留情况,活动名称,蜂桶鼓舞
传统节庆活动保留情况,活动名称,帕节舞
音乐形态特点,属性描述,完整的传统性
传统体育运动项目,名称举例,打陀螺
传统体育运动项目,名称举例,打秋千
娱乐休闲活动内容,活动列举,上山打猎
娱乐休闲活动内容,活动列举,找老鼠
娱乐休闲活动内容,活动列举,女性丢包
祭祀仪式完整性体现领域,建筑过程环节,建房中的择地、选材、建房、进新房等过程
原始信仰祭祀对象之一,名称,祭小鬼田
原始信仰祭祀对象之二,名称,祭棉花神
勐来崖画谷,地理位置特征,澜沧江流域滇西南中缅边境
勐来崖画谷,荣誉称号,天然公园
勐来崖画谷,荣誉称号,蜂桶鼓舞之乡
勐来崖画谷,历史评价,哀牢地新大陆
勐来崖画谷,自然景观,千米国画长廊
勐来崖画谷,自然景观,班列瀑布
班列瀑布,落差参数,米
班列瀑布,宽度参数,米
勐来崖画谷,植被资源,董棕林
董棕林,面积数量,多亩
勐来崖画谷,地质奇观,溶洞
溶洞,洞长参数,米
溶洞,宽度参数,米
溶洞,高度参数,米
溶洞,内部特征,钟乳石千奇百怪
溶洞,特殊景观,自然天成的石观音
石观音,文化意义,信仰佛教的各族人民每年敬拜对象
勐来崖画谷,保存内容,民俗风情
勐来崖画谷,保存内容,饮食起居
勐来崖画谷,保存内容,节庆活动
勐来崖画谷,保存内容,宗教信仰
勐来崖画谷,保存内容,民族服饰
勐来崖画谷,保存内容,歌舞
勐来崖画谷,保存内容,原始耕作方式
勐来崖画谷,保存内容,丧葬习俗
勐来崖画谷,研究价值领域,佤族原始宗教文化
勐来崖画谷,研究价值领域,佤族社会经济状况
勐来崖画谷,研究价值领域,佤族歌舞艺术
勐来崖画谷,研究价值领域,佤族生产生活习俗
勐来崖画谷,研究价值领域,佤民族心理特征
临沧市人民政府,保护措施主体,制定保护规划
沧源佤族自治县人民政府,保护措施主体,采取积极有效措施
勐来崖画谷传统文化保护区,定位属性,佤族天然的人文博物馆
勐来崖画谷,面临问题,传统文化有所变化乃至消失
勐来崖画谷,风险状态,濒临消亡的危险
凤羽镇,地理位置,县城西南部
凤羽镇,主要民族构成,白族
凤羽镇,气候类型,亚热带高原山地立体气候
凤羽镇,经济模式,农业与畜牧业结合
凤羽镇,交通状况,交通便利
凤羽镇,宗教信仰特点,儒释道三教合一
凤羽镇,建筑风格代表,三坊一照壁
凤羽镇,建筑特色形式,四合五天井
凤羽镇,传统服饰元素,凤凰帽
凤羽镇,特色饮食文化,凉粉凉虾
凤羽镇,地方特产产品,凤羽小白糖
凤羽镇,工艺名品代表,凤羽砚台
凤羽镇,民俗活动类型,婚丧习俗
凤羽镇,民俗信仰体系,本主崇拜
凤羽镇,文学创作题材,神话传说《白王庄》
凤羽镇,历史称谓别称,文墨之乡
凤羽镇,文化教育传统,耕读传家
凤羽镇,民族文化符号,白族之乡
凤羽镇,艺术载体表现,吹吹腔
凤羽镇,建筑构件典范,中和大照壁
凤羽镇,自然景观资源,鸟吊山
凤羽镇,水利景观遗迹,白石江瀑布
凤羽镇,宗教建筑群落,三教宫
凤羽镇,塔类建筑功能,镇风塔
凤羽镇,塔类建筑功能,镇水塔
凤羽镇,塔类建筑功能,镇蝗塔
凤羽镇,茶文化代表,源胜玉翠茶
凤羽镇,节庆活动形式,《闹春王正月》
凤羽镇,民间艺术形式,霸王鞭
凤羽镇,历史人文定位,砚台之乡
马洒村,位于,马白镇北部
马洒村,距镇政府所在地,马关县城
马洒村,占地面积,亩
马洒村,共有农户,户人
马洒村,其中壮族户人占,属典型的壮族聚居村
马洒村,森林覆盖率达,以上
马洒村,村前有,千余亩稻田
马洒村,民居建筑风格,杆栏式、半杆栏式建筑
马洒村,杆栏式、半杆栏式建筑占,以上
马洒壮族,传统丰富文化内容,老人亭又称神农殿
老人亭,建于,清道光十一年
老人亭,是,马洒壮族寨老制的文化遗存
老人亭,也是现今文山州境内的壮族村寨中保存最为完好的,老人亭
亭内,有,神位牌、遐稽碑、进士牌、功德碑等
侬人古乐,特点,仙音妙曼优雅动听
侬人古乐,共有,个正调
侬人古乐,共有,个外调
侬人古乐,乐器有多种,乐队余人
逢节庆,都要演奏,侬人古乐
马洒壮族,能歌善舞,《手巾舞》、《纸马舞》等
马洒壮族,有口头文学流传,《谷子的来历》、《铜鼓降妖》、《祭龙》、《纸马舞的来历》、《侬智高》等
马洒壮族,有传统美术工艺,服饰、刺绣、编织、染织、雕刻、银饰等
典籍、碑碣、家谱方面,有代表性的,《王氏图表家谱》、《历叙建设安平及叙历任诸官政绩源委》史本、《文昌大洞仙经》、《观音大洞仙经》、《金钢经》等
宗教信仰文化,包括,山神崇拜、火神崇拜、水神崇拜、树神崇拜、雷神崇拜等
饮食文化,代表,花米饭和壮味凉鸡
民间草医草药,包括,三七、背蛇生、大血藤等
传统节庆活动,包括,二月祭龙节、三月三、六月节、尝新节等
蛮旦寨子,所处地貌,龙川江河谷地带
蛮旦寨子,自然环境特征,绿树成荫四面高山环绕
蛮旦寨子,气候特点,温和
蛮旦寨子,物产状况,丰富
蛮旦寨子,水土条件,水肥草美
全寨,户数人口单位,户人
蛮旦阿昌族,族群自称,小阿昌
蛮旦阿昌族,建筑风格,杆栏式民居
蛮旦阿昌族,服饰文化属性,独特
蛮旦阿昌族,饮食文化属性,独特
阿昌族信仰体系,崇拜对象,天神遮帕麻
阿昌族信仰体系,崇拜对象,地母遮米麻
阿昌族信仰体系,观念认知,相信鬼神存在
阿昌族宗教实践,传经布道形式,暮陶
阿昌族文化遗产,文学载体,口头文学
阿昌族艺术表达,音乐形式,情歌
阿昌族民俗仪式,丧葬习俗特点,独特
阿昌族民俗仪式,婚俗特点,独特
阿昌族传统知识,医药体系,传统医药
芒岛傣族传统文化保护区,生产,丰富的农产品
芒岛傣族传统文化保护区,体现,多样的饮食文化
芒岛傣族传统文化保护区,保留,原始古朴的宗教习俗
芒岛傣族传统文化保护区,展现,多彩的民间文化
芒岛傣族传统文化保护区,特色包括,独特的民居
芒岛傣族传统文化保护区,特色包括,服饰
芒岛傣族传统文化保护区,具备,便利的交通
芒岛傣族传统文化保护区,是,保留傣族原有风格的村寨
景谷,作为分布地,自唐宋以来
傣族,主要居住在,坝区和河谷地带
傣族村寨,特点为,依山旁水
景谷傣族,使用语言,傣那方言
景谷傣族,使用文字,傣泐、傣那文字
景谷傣族,信仰,小乘佛教
缅寺,功能是,保护传承傣族文化的中心
泼水节,属于,重大传统节日
关门节,属于,重大传统节日
开门节,属于,重大传统节日
传统节日中,举行活动包括,堆沙
传统节日中,举行活动包括,滴水
传统节日中,举行活动包括,赕佛
传统节日中,举行活动包括,赕白象
传统节日中,举行活动包括,赕白牛
传统节日中,举行活动包括,拜佛
采花节后,进行活动,朝佛活动
节日期间,开展活动包括,跳白象舞
节日期间,开展活动包括,象脚鼓舞
节日期间,开展活动包括,孔雀舞
节日期间,开展民间曲艺包括,黄呤
节日期间,开展体育竞技包括,打秋千
节日期间,开展体育竞技包括,打陀螺
节日期间,开展活动包括,民居武术
景谷傣族,特质为,勤劳智慧
景谷傣族,与其他民族关系,长期和睦相处
芒岛傣族文化保护区,代表领域包括,社会公德
芒岛傣族文化保护区,代表领域包括,生产生活
芒岛傣族文化保护区,代表领域包括,民居建筑
芒岛傣族文化保护区,代表领域包括,文化活动
芒岛傣族文化保护区,代表领域包括,宗教信仰
芒岛傣族文化保护区,代表领域包括,民风民俗
芒岛傣族文化保护区,代表领域包括,节日庆典
旱傣族的传统文化,状态为,得到传承并发扬光大
党的民族、宗教政策,贯彻落实情况,近年来
各级政府,重视对象,民族传统文化
芒岛傣族文化保护区,纳入规划,政府新农村建设
民族传统文化保护和传承,加大投入方,各级政府
芒岛傣族传统文化保护区,地位重要于,全县经济规划中的旅游业、文化产业
诺邓村,社会学特征,生活起居
诺邓村,社会学特征,心理素质
诺邓村,社会学特征,节庆活动
诺邓村,社会学特征,文艺体育
诺邓村,社会学特征,宗教信仰
诺邓村,民族学特征,白族自然村落的传统风貌
诺邓村,民族学特征,山地白族的居住理念
诺邓村,民族学特征,白族特色产品
诺邓村,历史学特征,唐代南诏时期遗留
诺邓村,历史学特征,明代五井盐课提举司衙门遗址
诺邓村,符号学特征,玉皇阁道教建筑群
诺邓村,符号学特征,滇西第一木牌坊
诺邓村,美学特征,风景优美
诺邓村,美学特征,建筑形式多样
诺邓村,美学特征,风格典雅
桥头布依族传统文化保护区,接壤国家,越南
布依族传统民居,建筑类型,干栏式吊脚楼
祭祀活动,仪式内容,过刀关
祭祀活动,仪式内容,过火坑
服饰文化,工艺特征,多种绣花图案
民间文学,表现形式,传说和故事
传统音乐舞蹈,题材范围,历史/自然/社交/时政/生产/生活
文化形态,学科关联,社会学特征
文化形态,学科关联,民族学特征
文化形态,学科关联,历史学特征
文化形态,学科关联,美学特征
摩文化,活动形式,公开红歃
传统节日,功能属性,承载历史文化信息
风俗礼仪,核心理念,人与自然和谐相处
外来文化冲击,影响对象,传统干栏式吊脚楼
外来文化冲击,替代形式,砖瓦房
民族文化传承,保护手段,申报保护区
非物质文化遗产,包含类别,民风民俗
水城村,社会学特征,有个村民小组户人
水城傈僳族,民族学特征,传统织机和纺织工艺
水城傈僳族妇女,民族学特征,掌握刺绣技术
水城村,民族学特征,竹编手工艺普遍
水城傈僳族民居,民族学特征,与当地汉族民居大同小异
水城傈僳族妇女服饰,美学特征,色彩搭配独特
水城傈僳族民间绘画,美学特征,题材丰富多样
水城傈僳族民间绘画,美学特征,充满生活气息
水城傈僳族民间绘画,美学特征,鲜明时代特征
水城傈僳族民间绘画,美学特征,民族特色浓厚
水城傈僳族,历史学特征,清朝初年由片马、古浪、岗房一带迁至滇滩横山
水城傈僳族,符号学特征,刻木记事保存
水城傈僳族,符号学特征,腾冲最早定居的傈僳族证明
水城傈僳族,社会学特征,社会公德良好
水城村,社会学特征,自然生态环境良好
水城村,社会学特征,人与自然和谐相处
水城傈僳族,社会学特征,节庆活动丰富
水城傈僳族,社会学特征,文艺体育活跃
水城傈僳族,社会学特征,宗教信仰独特
水城傈僳族,民族学特征,舞蹈主要有跳嘎和三弦舞两种
水城傈僳族,民族学特征,刀杆节最盛大隆重
刀杆节,民族学特征,上刀山表演
刀杆节,民族学特征,下火海表演
湾子苗寨,民族学特征,白苗勐能支系
湾子苗寨,民族学特征,汉藏语系苗瑶语族苗语支系
湾子苗寨,历史学特征,建于清代早期
湾子苗寨,历史学特征,陶姓祖籍源于湖广
湾子苗寨,符号学特征,人字形咬合砌筑法古墙
湾子苗寨,符号学特征,防洪设施
湾子苗寨,美学特征,依山傍水格局
湾子苗寨,美学特征,原生林植被
湾子苗寨,民族学特征,纺织传统手工艺
湾子苗寨,民族学特征,蜡染传统手工艺
湾子苗寨,民族学特征,挑花传统手工艺
湾子苗寨,民族学特征,刺绣传统手工艺
湾子苗寨,社会学特征,农耕为主生产方式
湾子苗寨,民族学特征,芦笙歌舞乐
湾子苗寨,民族学特征,民间体育活动
湾子苗寨,历史学特征,两栋老祖屋保存完好
湾子苗寨,符号学特征,无文字语言体系
湾子苗寨,美学特征,建筑原始风貌
湾子苗寨,民族学特征,生活习俗完整保存
湾子苗寨,民族学特征,节庆活动丰富
湾子苗寨,符号学特征,村寨格局保持原始状态
湾子苗寨,历史学特征,威信县典型白苗聚居地
湾子苗寨,社会学特征,对周边苗族社会文化有辐射力
湾子苗寨,美学特征,森林覆盖率高
湾子苗寨,符号学特征,研究民居建筑参考价值
