word,key
美学,美学理论.总论
美学与哲学,美学理论.总论
美学与伦理学,美学理论.总论
美学与心理学,美学理论.总论
美学与文艺理论,美学理论.总论
美,美学理论.美论
美在客观说,美学理论.美论
美在主观说,美学理论.美论
美在主客观关系说,美学理论.美论
美在客观性与社会性的统一说,美学理论.美论
实践,美学理论.美论
人的本质,美学理论.美论
自然的人化,美学理论.美论
人对现实的审美关系,美学理论.美论
美的本质,美学理论.美论
美与真,美学理论.美论
美与善,美学理论.美论
美的规律,美学理论.美论
自由,美学理论.美论
异化,美学理论.美论
异化劳动,美学理论.美论
异化劳动与美,美学理论.美论
自然美,美学理论.美论
人体美,美学理论.美论
社会美,美学理论.美论
心灵美,美学理论.美论
艺术美,美学理论.美论
优美,美学理论.美论
崇高,美学理论.美论
悲剧,美学理论.美论
滑稽,美学理论.美论
喜剧,美学理论.美论
丑,美学理论.美论
笑,美学理论.美论
讽刺,美学理论.美论
幽默,美学理论.美论
夸张,美学理论.美论
怪诞,美学理论.美论
机智,美学理论.美论
形式美,美学理论.美论
色彩,美学理论.美论
线条,美学理论.美论
声音,美学理论.美论
形体,美学理论.美论
整一律,美学理论.美论
反复,美学理论.美论
对称,美学理论.美论
均衡,美学理论.美论
调合,美学理论.美论
对比,美学理论.美论
节奏,美学理论.美论
韵律,美学理论.美论
比例,美学理论.美论
多样统一,美学理论.美论
黄金分割,美学理论.美论
摹仿说,美学理论.审美论
游戏说,美学理论.审美论
巫术说,美学理论.审美论
劳动起源说,美学理论.审美论
灵魂崇拜,美学理论.审美论
自然崇拜,美学理论.审美论
动植物崇拜,美学理论.审美论
图腾崇拜,美学理论.审美论
拉斯科岩洞壁画,美学理论.审美论
阿尔塔米拉洞窟壁画,美学理论.审美论
神话,美学理论.审美论
审美对象,美学理论.审美论
审美主体,美学理论.审美论
审美活动,美学理论.审美论
审美意识,美学理论.审美论
审美态度,美学理论.审美论
审美注意,美学理论.审美论
审美经验,美学理论.审美论
审美观念,美学理论.审美论
审美趣味,美学理论.审美论
审美理想,美学理论.审美论
审美知觉,美学理论.审美论
想象,美学理论.审美论
联想,美学理论.审美论
通感,美学理论.审美论
幻想,美学理论.审美论
审美情感,美学理论.审美论
审美理解,美学理论.审美论
审美感受,美学理论.审美论
审美判断,美学理论.审美论
审美享受,美学理论.审美论
审美标准,美学理论.审美论
审美评价,美学理论.审美论
审美个性,美学理论.审美论
审美价值,美学理论.审美论
共鸣,美学理论.审美论
净化,美学理论.审美论
形式感,美学理论.审美论
优美感,美学理论.审美论
崇高感,美学理论.审美论
悲剧感,美学理论.审美论
喜剧感,美学理论.审美论
美感与生理快感,美学理论.审美论
美感与科学认识,美学理论.审美论
美感与道德意识,美学理论.审美论
美感与功利需要的满足,美学理论.审美论
美感与美,美学理论.审美论
审美教育,美学理论.审美论
艺术家,美学理论.艺术论
艺术天才,美学理论.艺术论
艺术家的世界观,美学理论.艺术论
艺术家的创作个性,美学理论.艺术论
创作自由,美学理论.艺术论
创作灵感,美学理论.艺术论
艺术直觉,美学理论.艺术论
形象思维,美学理论.艺术论
艺术虚构,美学理论.艺术论
艺术构思,美学理论.艺术论
艺术概括,美学理论.艺术论
艺术形象,美学理论.艺术论
艺术典型,美学理论.艺术论
艺术的创作过程,美学理论.艺术论
艺术材料,美学理论.艺术论
艺术传达,美学理论.艺术论
艺术技巧,美学理论.艺术论
艺术性,美学理论.艺术论
艺术内容,美学理论.艺术论
艺术形式,美学理论.艺术论
艺术语言,美学理论.艺术论
艺术风格,美学理论.艺术论
艺术流派,美学理论.艺术论
艺术欣赏,美学理论.艺术论
艺术批评,美学理论.艺术论
美术,美术学部.通用名词术语
造型艺术,美术学部.通用名词术语
原始艺术,美术学部.通用名词术语
古典艺术,美术学部.通用名词术语
现代艺术,美术学部.通用名词术语
当代艺术,美术学部.通用名词术语
公共艺术,美术学部.通用名词术语
儿童美术,美术学部.通用名词术语
宗教美术,美术学部.通用名词术语
宫廷美术,美术学部.通用名词术语
民间美术,美术学部.通用名词术语
实用美术,美术学部.通用名词术语
美术网站,美术学部.通用名词术语
沙龙,美术学部.通用名词术语
雅集,美术学部.通用名词术语
双年展,美术学部.通用名词术语
美术家,美术学部.通用名词术语
赞助人,美术学部.通用名词术语
经纪人,美术学部.通用名词术语
策展人,美术学部.通用名词术语
北漂,美术学部.通用名词术语
审美,美术学部.通用名词术语
审丑,美术学部.通用名词术语
优美,美术学部.通用名词术语
壮美,美术学部.通用名词术语
形象,美术学部.通用名词术语
具象,美术学部.通用名词术语
意象,美术学部.通用名词术语
抽象,美术学部.通用名词术语
模特儿,美术学部.通用名词术语
写实,美术学部.通用名词术语
素描,美术学部.通用名词术语
速写,美术学部.通用名词术语
契斯佳科夫素描体系,美术学部.通用名词术语
临摹,美术学部.通用名词术语
书画同源,美术学部.通用名词术语
塑造,美术学部.通用名词术语
形似,美术学部.通用名词术语
神似,美术学部.通用名词术语
不似之似,美术学部.通用名词术语
变形,美术学部.通用名词术语
立意,美术学部.通用名词术语
意匠,美术学部.通用名词术语
布局,美术学部.通用名词术语
构图,美术学部.通用名词术语
透视,美术学部.通用名词术语
焦点透视,美术学部.通用名词术语
散点透视,美术学部.通用名词术语
三度空间,美术学部.通用名词术语
空间感,美术学部.通用名词术语
肌理,美术学部.通用名词术语
意境,美术学部.通用名词术语
错视,美术学部.通用名词术语
轮廓,美术学部.通用名词术语
体面,美术学部.通用名词术语
质感,美术学部.通用名词术语
量感,美术学部.通用名词术语
动感,美术学部.通用名词术语
黄金分割,美术学部.通用名词术语
构成,美术学部.通用名词术语
空间构成,美术学部.通用名词术语
时间构成,美术学部.通用名词术语
对称,美术学部.通用名词术语
比率,美术学部.通用名词术语
装饰性,美术学部.通用名词术语
明暗法,美术学部.通用名词术语
喷枪笔法,美术学部.通用名词术语
蒙太奇,美术学部.通用名词术语
拼贴,美术学部.通用名词术语
赝品,美术学部.通用名词术语
款识,美术学部.通用名词术语
题跋,美术学部.通用名词术语
艺用解剖学,美术学部.通用名词术语
收藏谱系,美术学部.通用名词术语
色彩,美术学部.通用名词术语
色调,美术学部.通用名词术语
色度,美术学部.通用名词术语
色相,美术学部.通用名词术语
三原色,美术学部.通用名词术语
补色,美术学部.通用名词术语
固有色,美术学部.通用名词术语
同类色,美术学部.通用名词术语
对比色,美术学部.通用名词术语
极度色,美术学部.通用名词术语
间色,美术学部.通用名词术语
冷暖色,美术学部.通用名词术语
邻近色,美术学部.通用名词术语
饱和色,美术学部.通用名词术语
饱和度,美术学部.通用名词术语
纯度,美术学部.通用名词术语
明度,美术学部.通用名词术语
基调,美术学部.通用名词术语
视觉混合,美术学部.通用名词术语
矿物质颜料,美术学部.通用名词术语
植物质颜料,美术学部.通用名词术语
化学颜料,美术学部.通用名词术语
丙烯颜料,美术学部.通用名词术语
水溶性颜料,美术学部.通用名词术语
油溶性颜料,美术学部.通用名词术语
因纽特艺术,美术学部.通用名词术语
布须曼艺术,美术学部.通用名词术语
巴比伦艺术,美术学部.通用名词术语
希腊艺术,美术学部.通用名词术语
埃特鲁里亚艺术,美术学部.通用名词术语
波斯艺术,美术学部.通用名词术语
犍陀罗风格,美术学部.通用名词术语
庞贝艺术,美术学部.通用名词术语
基督教艺术,美术学部.通用名词术语
拜占庭艺术,美术学部.通用名词术语
加洛林艺术,美术学部.通用名词术语
吴哥艺术,美术学部.通用名词术语
罗马式艺术,美术学部.通用名词术语
哥特式艺术,美术学部.通用名词术语
国际哥特式,美术学部.通用名词术语
文艺复兴,美术学部.通用名词术语
风格主义,美术学部.通用名词术语
样式主义,美术学部.通用名词术语
尼德兰美术,美术学部.通用名词术语
佛兰德斯美术,美术学部.通用名词术语
古典主义,美术学部.通用名词术语
巴洛克艺术,美术学部.通用名词术语
洛可可艺术,美术学部.通用名词术语
新古典主义,美术学部.通用名词术语
浪漫主义,美术学部.通用名词术语
现实主义,美术学部.通用名词术语
写实主义,美术学部.通用名词术语
二十人团,美术学部.通用名词术语
新艺术运动,美术学部.通用名词术语
分离派,美术学部.通用名词术语
维也纳分离派,美术学部.通用名词术语
现代主义,美术学部.通用名词术语
唯美主义,美术学部.通用名词术语
为艺术而艺术,美术学部.通用名词术语
印象主义,美术学部.通用名词术语
印象派,美术学部.通用名词术语
象征主义,美术学部.通用名词术语
表现主义,美术学部.通用名词术语
立体主义,美术学部.通用名词术语
纯粹主义,美术学部.通用名词术语
未来主义,美术学部.通用名词术语
抽象主义,美术学部.通用名词术语
现成品艺术,美术学部.通用名词术语
至上主义,美术学部.通用名词术语
构成主义,美术学部.通用名词术语
结构主义,美术学部.通用名词术语
形式主义,美术学部.通用名词术语
达达主义,美术学部.通用名词术语
包豪斯,美术学部.通用名词术语
新造型主义,美术学部.通用名词术语
社会主义现实主义,美术学部.通用名词术语
颓废艺术,美术学部.通用名词术语
涂鸦艺术,美术学部.通用名词术语
生艺术,美术学部.通用名词术语
集合艺术,美术学部.通用名词术语
废品艺术,美术学部.通用名词术语
抽象表现主义,美术学部.通用名词术语
后现代主义,美术学部.通用名词术语
波普艺术,美术学部.通用名词术语
捆包艺术,美术学部.通用名词术语
行为艺术,美术学部.通用名词术语
激浪,美术学部.通用名词术语
光效应艺术,美术学部.通用名词术语
欧普艺术,美术学部.通用名词术语
贫困艺术,美术学部.通用名词术语
后结构主义,美术学部.通用名词术语
解构主义,美术学部.通用名词术语
环境艺术,美术学部.通用名词术语
极简艺术,美术学部.通用名词术语
偶发艺术,美术学部.通用名词术语
地景艺术,美术学部.通用名词术语
大地艺术,美术学部.通用名词术语
概念艺术,美术学部.通用名词术语
照相现实主义,美术学部.通用名词术语
超级现实主义,美术学部.通用名词术语
影像艺术,美术学部.通用名词术语
身体艺术,美术学部.通用名词术语
超前卫,美术学部.通用名词术语
装置,美术学部.通用名词术语
后浪漫主义,美术学部.通用名词术语
绘画,美术学部.绘画.名词术语
壁画,美术学部.绘画.名词术语
岩画,美术学部.绘画.名词术语
油画,美术学部.绘画.名词术语
水彩画,美术学部.绘画.名词术语
水粉画,美术学部.绘画.名词术语
粉画,美术学部.绘画.名词术语
色粉笔画,美术学部.绘画.名词术语
蛋彩画,美术学部.绘画.名词术语
丙烯画,美术学部.绘画.名词术语
压克力画,美术学部.绘画.名词术语
漫画,美术学部.绘画.名词术语
幻象画,美术学部.绘画.名词术语
宣传画,美术学部.绘画.名词术语
招贴画,美术学部.绘画.名词术语
广告画,美术学部.绘画.名词术语
连环画,美术学部.绘画.名词术语
小人书摊,美术学部.绘画.名词术语
漆画,美术学部.绘画.名词术语
磨漆画,美术学部.绘画.名词术语
宗教画,美术学部.绘画.名词术语
道释画,美术学部.绘画.名词术语
历史画,美术学部.绘画.名词术语
风俗画,美术学部.绘画.名词术语
静物画,美术学部.绘画.名词术语
肖像画,美术学部.绘画.名词术语
风景画,美术学部.绘画.名词术语
插图,美术学部.绘画.名词术语
西洋画,美术学部.绘画.名词术语
中国画,美术学部.绘画.名词术语
国画,美术学部.绘画.名词术语
丹青,美术学部.绘画.名词术语
水墨画,美术学部.绘画.名词术语
院体画,美术学部.绘画.名词术语
院体,美术学部.绘画.名词术语
院画,美术学部.绘画.名词术语
文人画,美术学部.绘画.名词术语
士夫画,美术学部.绘画.名词术语
指头画,美术学部.绘画.名词术语
行家,美术学部.绘画.名词术语
戾家,美术学部.绘画.名词术语
利家,美术学部.绘画.名词术语
隶家,美术学部.绘画.名词术语
画工,美术学部.绘画.名词术语
画师,美术学部.绘画.名词术语
丹青师傅,美术学部.绘画.名词术语
无声诗,美术学部.绘画.名词术语
帛画,美术学部.绘画.名词术语
东巴画,美术学部.绘画.名词术语
画家十三科,美术学部.绘画.名词术语
山水画,美术学部.绘画.名词术语
人物画,美术学部.绘画.名词术语
花鸟画,美术学部.绘画.名词术语
折枝,美术学部.绘画.名词术语
四君子,美术学部.绘画.名词术语
界画,美术学部.绘画.名词术语
杂画,美术学部.绘画.名词术语
博古,美术学部.绘画.名词术语
变相,美术学部.绘画.名词术语
仕女画,美术学部.绘画.名词术语
绣像,美术学部.绘画.名词术语
衣冠像,美术学部.绘画.名词术语
青绿山水,美术学部.绘画.名词术语
浅绛山水,美术学部.绘画.名词术语
全景山水,美术学部.绘画.名词术语
边角山水,美术学部.绘画.名词术语
笔墨,美术学部.绘画.名词术语
笔法,美术学部.绘画.名词术语
工笔,美术学部.绘画.名词术语
细笔,美术学部.绘画.名词术语
写意,美术学部.绘画.名词术语
减笔,美术学部.绘画.名词术语
五笔七墨,美术学部.绘画.名词术语
勾勒,美术学部.绘画.名词术语
颖拓,美术学部.绘画.名词术语
墨分五色,美术学部.绘画.名词术语
十八描,美术学部.绘画.名词术语
白描,美术学部.绘画.名词术语
粉本,美术学部.绘画.名词术语
皴法,美术学部.绘画.名词术语
卷云皴,美术学部.绘画.名词术语
披麻皴,美术学部.绘画.名词术语
麻皮皴,美术学部.绘画.名词术语
雨点皴,美术学部.绘画.名词术语
斧劈皴,美术学部.绘画.名词术语
解索皴,美术学部.绘画.名词术语
折带皴,美术学部.绘画.名词术语
叠糕皴,美术学部.绘画.名词术语
荷叶皴,美术学部.绘画.名词术语
牛毛皴,美术学部.绘画.名词术语
勾斫,美术学部.绘画.名词术语
矾头,美术学部.绘画.名词术语
三远,美术学部.绘画.名词术语
小景,美术学部.绘画.名词术语
没骨,美术学部.绘画.名词术语
落墨,美术学部.绘画.名词术语
破墨,美术学部.绘画.名词术语
泼墨泼彩,美术学部.绘画.名词术语
积墨,美术学部.绘画.名词术语
宿墨,美术学部.绘画.名词术语
点簇,美术学部.绘画.名词术语
点厾,美术学部.绘画.名词术语
点垛,美术学部.绘画.名词术语
渲染,美术学部.绘画.名词术语
烘托,美术学部.绘画.名词术语
水法,美术学部.绘画.名词术语
铺水,美术学部.绘画.名词术语
渍水,美术学部.绘画.名词术语
蟹爪法,美术学部.绘画.名词术语
蟹爪枝,美术学部.绘画.名词术语
鹿角法,美术学部.绘画.名词术语
夹叶法,美术学部.绘画.名词术语
单线平涂,美术学部.绘画.名词术语
撞水,美术学部.绘画.名词术语
撞粉,美术学部.绘画.名词术语
六长,美术学部.绘画.名词术语
六要,美术学部.绘画.名词术语
六法,美术学部.绘画.名词术语
三病,美术学部.绘画.名词术语
三品,美术学部.绘画.名词术语
四格,美术学部.绘画.名词术语
四品,美术学部.绘画.名词术语
神品,美术学部.绘画.名词术语
神格,美术学部.绘画.名词术语
妙品,美术学部.绘画.名词术语
妙格,美术学部.绘画.名词术语
能品,美术学部.绘画.名词术语
能格,美术学部.绘画.名词术语
逸品,美术学部.绘画.名词术语
逸格,美术学部.绘画.名词术语
三绝四全,美术学部.绘画.名词术语
水晕墨章,美术学部.绘画.名词术语
写生,美术学部.绘画.名词术语
外师造化　中得心源,美术学部.绘画.名词术语
疏密二体,美术学部.绘画.名词术语
曹家样,美术学部.绘画.名词术语
张家样,美术学部.绘画.名词术语
吴装,美术学部.绘画.名词术语
吴家样,美术学部.绘画.名词术语
周家样,美术学部.绘画.名词术语
燕家景,美术学部.绘画.名词术语
燕家景致,美术学部.绘画.名词术语
小品,美术学部.绘画.名词术语
诗画一律,美术学部.绘画.名词术语
画谱,美术学部.绘画.名词术语
北方山水画派,美术学部.绘画.名词术语
南方山水画派,美术学部.绘画.名词术语
江南山水画派,美术学部.绘画.名词术语
湖州竹派,美术学部.绘画.名词术语
浙派,美术学部.绘画.名词术语
吴门派,美术学部.绘画.名词术语
吴派,美术学部.绘画.名词术语
松江派,美术学部.绘画.名词术语
华亭派,美术学部.绘画.名词术语
云间派,美术学部.绘画.名词术语
新安派,美术学部.绘画.名词术语
黄山画派,美术学部.绘画.名词术语
虞山派,美术学部.绘画.名词术语
娄东派,美术学部.绘画.名词术语
扬州画派,美术学部.绘画.名词术语
海上画派,美术学部.绘画.名词术语
上海画派,美术学部.绘画.名词术语
海派,美术学部.绘画.名词术语
岭南派,美术学部.绘画.名词术语
画家四祖,美术学部.绘画.名词术语
黄筌画派,美术学部.绘画.名词术语
徐熙画派,美术学部.绘画.名词术语
南宋四家,美术学部.绘画.名词术语
元四家,美术学部.绘画.名词术语
明四家,美术学部.绘画.名词术语
南北宗,美术学部.绘画.名词术语
画中九友,美术学部.绘画.名词术语
金陵八家,美术学部.绘画.名词术语
清六家,美术学部.绘画.名词术语
四王,美术学部.绘画.名词术语
清初四僧,美术学部.绘画.名词术语
扬州八怪,美术学部.绘画.名词术语
年画,美术学部.绘画.名词术语
木版年画,美术学部.绘画.名词术语
杨柳青木版年画,美术学部.绘画.名词术语
桃花坞木版年画,美术学部.绘画.名词术语
潍县杨家埠年画,美术学部.绘画.名词术语
新年画,美术学部.绘画.名词术语
扑灰年画,美术学部.绘画.名词术语
月份牌年画,美术学部.绘画.名词术语
版画,美术学部.绘画.名词术语
铜版画,美术学部.绘画.名词术语
丝网版画,美术学部.绘画.名词术语
丝漏版画,美术学部.绘画.名词术语
镂刻版画,美术学部.绘画.名词术语
透版画,美术学部.绘画.名词术语
石版画,美术学部.绘画.名词术语
吹塑版画,美术学部.绘画.名词术语
木刻,美术学部.绘画.名词术语
木版画,美术学部.绘画.名词术语
殿版画,美术学部.绘画.名词术语
藏书票,美术学部.绘画.名词术语
饾版,美术学部.绘画.名词术语
拱花,美术学部.绘画.名词术语
刀味,美术学部.绘画.名词术语
木味,美术学部.绘画.名词术语
阳刻,美术学部.绘画.名词术语
阴刻,美术学部.绘画.名词术语
拓印,美术学部.绘画.名词术语
木刻刀,美术学部.绘画.名词术语
大和绘,美术学部.绘画.名词术语
倭绘,美术学部.绘画.名词术语
浮世绘,美术学部.绘画.名词术语
细密画,美术学部.绘画.名词术语
屏风画,美术学部.绘画.名词术语
双联画,美术学部.绘画.名词术语
三联画,美术学部.绘画.名词术语
架上绘画,美术学部.绘画.名词术语
珍品画,美术学部.绘画.名词术语
圣像画,美术学部.绘画.名词术语
祭坛画,美术学部.绘画.名词术语
圆形画,美术学部.绘画.名词术语
叙事画,美术学部.绘画.名词术语
幻想画,美术学部.绘画.名词术语
全景画,美术学部.绘画.名词术语
外光画,美术学部.绘画.名词术语
折中主义,美术学部.绘画.名词术语
变体画,美术学部.绘画.名词术语
触觉值,美术学部.绘画.名词术语
孔版画,美术学部.绘画.名词术语
孔漏版画,美术学部.绘画.名词术语
蚀镂法,美术学部.绘画.名词术语
细点腐蚀法,美术学部.绘画.名词术语
麻胶版画,美术学部.绘画.名词术语
纸版画,美术学部.绘画.名词术语
分割主义,美术学部.绘画.名词术语
反圣像艺术,美术学部.绘画.名词术语
图尔画派,美术学部.绘画.名词术语
兰斯画派,美术学部.绘画.名词术语
翁布里亚派,美术学部.绘画.名词术语
乔托风,美术学部.绘画.名词术语
波希米亚画派,美术学部.绘画.名词术语
锡耶纳画派,美术学部.绘画.名词术语
伦巴第画派,美术学部.绘画.名词术语
科隆画派,美术学部.绘画.名词术语
布鲁日画派,美术学部.绘画.名词术语
多瑙河画派,美术学部.绘画.名词术语
帕多瓦画派,美术学部.绘画.名词术语
费拉拉画派,美术学部.绘画.名词术语
佛罗伦萨画派,美术学部.绘画.名词术语
根特画派,美术学部.绘画.名词术语
根特-布鲁日画派,美术学部.绘画.名词术语
安特卫普样式主义画派,美术学部.绘画.名词术语
乌得勒支画派,美术学部.绘画.名词术语
罗马画派,美术学部.绘画.名词术语
博洛尼亚画派,美术学部.绘画.名词术语
威尼斯画派,美术学部.绘画.名词术语
罗马风格画家,美术学部.绘画.名词术语
意大利化画家,美术学部.绘画.名词术语
枫丹白露画派,美术学部.绘画.名词术语
斯特罗加诺夫画派,美术学部.绘画.名词术语
荷兰画派,美术学部.绘画.名词术语
暗色调主义,美术学部.绘画.名词术语
幻觉主义,美术学部.绘画.名词术语
逼真画法,美术学部.绘画.名词术语
学院派,美术学部.绘画.名词术语
学院主义,美术学部.绘画.名词术语
诺里奇画派,美术学部.绘画.名词术语
拉斐尔前派,美术学部.绘画.名词术语
路加兄弟会,美术学部.绘画.名词术语
拿撒勒画派,美术学部.绘画.名词术语
哈得孙河画派,美术学部.绘画.名词术语
巴比松画派,美术学部.绘画.名词术语
海牙画派,美术学部.绘画.名词术语
海德堡画派,美术学部.绘画.名词术语
印象画派,美术学部.绘画.名词术语
新印象画派,美术学部.绘画.名词术语
点彩派,美术学部.绘画.名词术语
分色主义,美术学部.绘画.名词术语
巡回展览画派,美术学部.绘画.名词术语
流动展览画派,美术学部.绘画.名词术语
原始主义,美术学部.绘画.名词术语
格拉斯哥画派,美术学部.绘画.名词术语
后印象画派,美术学部.绘画.名词术语
纳比画派,美术学部.绘画.名词术语
综合主义,美术学部.绘画.名词术语
分隔主义,美术学部.绘画.名词术语
蓝玫瑰,美术学部.绘画.名词术语
奥费主义,美术学部.绘画.名词术语
奥费立体主义,美术学部.绘画.名词术语
色彩交响主义,美术学部.绘画.名词术语
黄金分割派,美术学部.绘画.名词术语
光辐射主义,美术学部.绘画.名词术语
辐射光线主义,美术学部.绘画.名词术语
光线主义,美术学部.绘画.名词术语
野兽派,美术学部.绘画.名词术语
野兽主义,美术学部.绘画.名词术语
蓝骑士画派,美术学部.绘画.名词术语
军械库展览会,美术学部.绘画.名词术语
巴黎画派,美术学部.绘画.名词术语
垃圾箱画派,美术学部.绘画.名词术语
纽约写实派,美术学部.绘画.名词术语
八人画派,美术学部.绘画.名词术语
二十世纪绘画运动,美术学部.绘画.名词术语
社会现实主义,美术学部.绘画.名词术语
赫曼斯堡画派,美术学部.绘画.名词术语
形而上画派,美术学部.绘画.名词术语
超现实主义画派,美术学部.绘画.名词术语
风格画派,美术学部.绘画.名词术语
新客观派,美术学部.绘画.名词术语
元素主义,美术学部.绘画.名词术语
魔幻写实主义,美术学部.绘画.名词术语
斑点派,美术学部.绘画.名词术语
色域绘画,美术学部.绘画.名词术语
自动主义绘画,美术学部.绘画.名词术语
后涂绘抽象派,美术学部.绘画.名词术语
华盛顿色彩画家,美术学部.绘画.名词术语
土佐派,美术学部.绘画.名词术语
宗达-光琳画派,美术学部.绘画.名词术语
龙凤人物图,美术学部.绘画.作品.中国
人物驭龙图,美术学部.绘画.作品.中国
T形帛画,美术学部.绘画.作品.中国
洛神赋图,美术学部.绘画.作品.中国
女史箴图,美术学部.绘画.作品.中国
游春图,美术学部.绘画.作品.中国
历代帝王图,美术学部.绘画.作品.中国
明皇幸蜀图,美术学部.绘画.作品.中国
虢国夫人游春图,美术学部.绘画.作品.中国
江帆楼阁图,美术学部.绘画.作品.中国
簪花仕女图,美术学部.绘画.作品.中国
照夜白图,美术学部.绘画.作品.中国
五牛图,美术学部.绘画.作品.中国
高逸图,美术学部.绘画.作品.中国
韩熙载夜宴图,美术学部.绘画.作品.中国
南诏图传,美术学部.绘画.作品.中国
溪岸图,美术学部.绘画.作品.中国
潇湘图,美术学部.绘画.作品.中国
雪竹图,美术学部.绘画.作品.中国
写生珍禽图,美术学部.绘画.作品.中国
晴麓萧寺图,美术学部.绘画.作品.中国
溪山行旅图,美术学部.绘画.作品.中国
山鹧棘雀图,美术学部.绘画.作品.中国
朝元仙仗图,美术学部.绘画.作品.中国
早春图,美术学部.绘画.作品.中国
双喜图,美术学部.绘画.作品.中国
五马图,美术学部.绘画.作品.中国
渔村小雪图,美术学部.绘画.作品.中国
千里江山图,美术学部.绘画.作品.中国
清明上河图,美术学部.绘画.作品.中国
芙蓉锦鸡图,美术学部.绘画.作品.中国
万壑松风图,美术学部.绘画.作品.中国
采薇图,美术学部.绘画.作品.中国
踏歌图,美术学部.绘画.作品.中国
四景山水图,美术学部.绘画.作品.中国
溪山清远图,美术学部.绘画.作品.中国
万松金阙图,美术学部.绘画.作品.中国
四梅花图,美术学部.绘画.作品.中国
观音、竹鹤、松猿图,美术学部.绘画.作品.中国
张胜温画卷,美术学部.绘画.作品.中国
浮玉山居图,美术学部.绘画.作品.中国
鹊华秋色图,美术学部.绘画.作品.中国
渔父图,美术学部.绘画.作品.中国
富春山居图,美术学部.绘画.作品.中国
青卞隐居图,美术学部.绘画.作品.中国
九歌图,美术学部.绘画.作品.中国
渔庄秋霁图,美术学部.绘画.作品.中国
南枝春早图,美术学部.绘画.作品.中国
庐山高图,美术学部.绘画.作品.中国
春雨鸣禽图,美术学部.绘画.作品.中国
秋风纨扇图,美术学部.绘画.作品.中国
玉洞仙源图,美术学部.绘画.作品.中国
墨葡萄图,美术学部.绘画.作品.中国
木叶丹黄图,美术学部.绘画.作品.中国
孔雀图,美术学部.绘画.作品.中国
安晚帖,美术学部.绘画.作品.中国
细雨虬松图,美术学部.绘画.作品.中国
山水清音图,美术学部.绘画.作品.中国
搜尽奇峰打草稿图,美术学部.绘画.作品.中国
群仙祝寿图,美术学部.绘画.作品.中国
徯我后,美术学部.绘画.作品.中国
愚公移山图,美术学部.绘画.作品.中国
群马图,美术学部.绘画.作品.中国
三毛流浪记,美术学部.绘画.作品.中国
护生画集,美术学部.绘画.作品.中国
流民图,美术学部.绘画.作品.中国
蛙声十里出山泉图,美术学部.绘画.作品.中国
开国大典,美术学部.绘画.作品.中国
江山如此多娇,美术学部.绘画.作品.中国
长江万里图,美术学部.绘画.作品.中国
血衣,美术学部.绘画.作品.中国
八女投江,美术学部.绘画.作品.中国
洪荒风雪,美术学部.绘画.作品.中国
雁荡山花图,美术学部.绘画.作品.中国
山乡巨变,美术学部.绘画.作品.中国
孙悟空三打白骨精,美术学部.绘画.作品.中国
红岩,美术学部.绘画.作品.中国
万山红遍,美术学部.绘画.作品.中国
南昌起义,美术学部.绘画.作品.中国
转战陕北,美术学部.绘画.作品.中国
狼牙山五壮士,美术学部.绘画.作品.中国
铁道游击队,美术学部.绘画.作品.中国
梅花喜神谱,美术学部.绘画.作品.中国
高松画谱,美术学部.绘画.作品.中国
顾氏画谱,美术学部.绘画.作品.中国
程氏墨苑,美术学部.绘画.作品.中国
集雅斋画谱,美术学部.绘画.作品.中国
萝轩变古笺谱,美术学部.绘画.作品.中国
十竹斋书画谱,美术学部.绘画.作品.中国
百华诗笺谱,美术学部.绘画.作品.中国
北平笺谱,美术学部.绘画.作品.中国
四美图,美术学部.绘画.作品.中国
水浒叶子,美术学部.绘画.作品.中国
博古叶子,美术学部.绘画.作品.中国
耕织图,美术学部.绘画.作品.中国
于越先贤传,美术学部.绘画.作品.中国
芥子园画传,美术学部.绘画.作品.中国
芥子园画谱,美术学部.绘画.作品.中国
内蒙古岩画,美术学部.绘画.作品.中国
甘肃岩画,美术学部.绘画.作品.中国
沧源岩画,美术学部.绘画.作品.中国
左江岩画,美术学部.绘画.作品.中国
花山岩画,美术学部.绘画.作品.中国
洛阳烧沟61号墓壁画,美术学部.绘画.作品.中国
洛阳卜千秋墓壁画,美术学部.绘画.作品.中国
洛阳金谷园墓壁画,美术学部.绘画.作品.中国
望都墓壁画,美术学部.绘画.作品.中国
密县墓壁画,美术学部.绘画.作品.中国
和林格尔墓壁画,美术学部.绘画.作品.中国
嘉峪关墓壁画,美术学部.绘画.作品.中国
邓县墓壁画,美术学部.绘画.作品.中国
娄叡墓壁画,美术学部.绘画.作品.中国
高句丽古墓壁画,美术学部.绘画.作品.中国
李寿墓壁画,美术学部.绘画.作品.中国
章怀太子墓壁画,美术学部.绘画.作品.中国
永泰公主墓壁画,美术学部.绘画.作品.中国
懿德太子墓壁画,美术学部.绘画.作品.中国
库伦旗1号墓壁画,美术学部.绘画.作品.中国
张世卿墓壁画,美术学部.绘画.作品.中国
岩上寺壁画,美术学部.绘画.作品.中国
永乐宫壁画,美术学部.绘画.作品.中国
法海寺壁画,美术学部.绘画.作品.中国
太平天囯壁画,美术学部.绘画.作品.中国
敦煌壁画,美术学部.绘画.作品.中国
摩诃萨埵太子本生图,美术学部.绘画.作品.中国
须大拏太子本生图,美术学部.绘画.作品.中国
鹿王本生图,美术学部.绘画.作品.中国
尸毗王本生图,美术学部.绘画.作品.中国
西方净土变图,美术学部.绘画.作品.中国
维摩诘变图,美术学部.绘画.作品.中国
张议潮夫妇出行图,美术学部.绘画.作品.中国
于阗国王及皇后供养像,美术学部.绘画.作品.中国
得眼林图,美术学部.绘画.作品.中国
法隆寺金堂壁画,美术学部.绘画.作品.外国
高松塚古墓壁画,美术学部.绘画.作品.外国
鸟毛立女屏风,美术学部.绘画.作品.外国
一遍圣绘长卷,美术学部.绘画.作品.外国
阿旃陀石窟壁画,美术学部.绘画.作品.外国
乌尔王军旗,美术学部.绘画.作品.外国
沙塔尔休于壁画,美术学部.绘画.作品.外国
呼喊,美术学部.绘画.作品.外国
伏尔加河纤夫,美术学部.绘画.作品.外国
女贵族莫洛卓娃,美术学部.绘画.作品.外国
无名女郎,美术学部.绘画.作品.外国
深渊,美术学部.绘画.作品.外国
一个英国人在莫斯科,美术学部.绘画.作品.外国
生日,美术学部.绘画.作品.外国
亚当与夏娃,美术学部.绘画.作品.外国
母亲肖像,美术学部.绘画.作品.外国
伊拉斯谟肖像,美术学部.绘画.作品.外国
强劫留西帕斯的女儿,美术学部.绘画.作品.外国
街头五个女人,美术学部.绘画.作品.外国
马厩,美术学部.绘画.作品.外国
克伦威尔肖像,美术学部.绘画.作品.外国
牛顿肖像,美术学部.绘画.作品.外国
罗伯特·安德鲁斯夫妇,美术学部.绘画.作品.外国
卖虾姑娘,美术学部.绘画.作品.外国
战舰“特米雷勒号”最后一次归航,美术学部.绘画.作品.外国
白日梦,美术学部.绘画.作品.外国
莎乐美,美术学部.绘画.作品.外国
妇女肖像,美术学部.绘画.作品.外国
阿尔诺芬尼夫妇像,美术学部.绘画.作品.外国
波蒂纳里祭坛画,美术学部.绘画.作品.外国
干草车,美术学部.绘画.作品.外国
农民的婚礼,美术学部.绘画.作品.外国
吉普赛女郎,美术学部.绘画.作品.外国
夜巡,美术学部.绘画.作品.外国
倒牛奶的女仆,美术学部.绘画.作品.外国
急流,美术学部.绘画.作品.外国
向日葵,美术学部.绘画.作品.外国
林间小道,美术学部.绘画.作品.外国
米德哈斯尼斯的小道,美术学部.绘画.作品.外国
裸女,美术学部.绘画.作品.外国
红、蓝、黄构图,美术学部.绘画.作品.外国
拉斯科岩洞壁画,美术学部.绘画.作品.外国
弗朗索瓦一世肖像,美术学部.绘画.作品.外国
海神的凯旋,美术学部.绘画.作品.外国
农民家庭,美术学部.绘画.作品.外国
晚餐时的农民,美术学部.绘画.作品.外国
新生儿,美术学部.绘画.作品.外国
热尔桑画店,美术学部.绘画.作品.外国
牡蛎宴,美术学部.绘画.作品.外国
午餐前的祈祷,美术学部.绘画.作品.外国
维纳斯的梳妆,美术学部.绘画.作品.外国
秋千,美术学部.绘画.作品.外国
马拉之死,美术学部.绘画.作品.外国
拿破仑在阿尔柯桥上,美术学部.绘画.作品.外国
梅杜萨之筏,美术学部.绘画.作品.外国
自由引导人民,美术学部.绘画.作品.外国
碎石工,美术学部.绘画.作品.外国
春,美术学部.绘画.作品.外国
去耕作的牛群,美术学部.绘画.作品.外国
泉,美术学部.绘画.作品.外国
拾穗者,美术学部.绘画.作品.外国
三等车厢,美术学部.绘画.作品.外国
草地上的午餐,美术学部.绘画.作品.外国
孟特芳丹的回忆,美术学部.绘画.作品.外国
平台上的艺术家家庭,美术学部.绘画.作品.外国
沐浴的摩尔人,美术学部.绘画.作品.外国
马尔利港的洪水,美术学部.绘画.作品.外国
日出印象,美术学部.绘画.作品.外国
莎乐美,美术学部.绘画.作品.外国
阳光下的裸女,美术学部.绘画.作品.外国
红屋顶,美术学部.绘画.作品.外国
舞台上的舞女,美术学部.绘画.作品.外国
身着晚礼服的年轻女子,美术学部.绘画.作品.外国
贫穷的渔夫,美术学部.绘画.作品.外国
大碗岛的星期日下午,美术学部.绘画.作品.外国
玩纸牌者,美术学部.绘画.作品.外国
红磨坊的舞蹈,美术学部.绘画.作品.外国
独眼巨人,美术学部.绘画.作品.外国
沉睡的吉普赛人,美术学部.绘画.作品.外国
我们从哪里来？我们是谁？我们往哪里去？,美术学部.绘画.作品.外国
马赛港,美术学部.绘画.作品.外国
红树,美术学部.绘画.作品.外国
挂着旗子的街道,美术学部.绘画.作品.外国
化妆间,美术学部.绘画.作品.外国
舞蹈,美术学部.绘画.作品.外国
城市之窗第4号,美术学部.绘画.作品.外国
即兴30号,美术学部.绘画.作品.外国
弹吉他的女人,美术学部.绘画.作品.外国
老国王,美术学部.绘画.作品.外国
三个女子,美术学部.绘画.作品.外国
瓶中肚脐,美术学部.绘画.作品.外国
阿尔塔米拉洞窟壁画,美术学部.绘画.作品.外国
奥尔加斯伯爵的葬礼,美术学部.绘画.作品.外国
圣塞拉庇昂,美术学部.绘画.作品.外国
纺织女,美术学部.绘画.作品.外国
1808年5月3日的枪杀,美术学部.绘画.作品.外国
接吻,美术学部.绘画.作品.外国
庞贝古城室内壁画,美术学部.绘画.作品.外国
查士丁尼皇帝及其随从官员,美术学部.绘画.作品.外国
逃亡埃及,美术学部.绘画.作品.外国
基督复活,美术学部.绘画.作品.外国
逐乐园,美术学部.绘画.作品.外国
受胎告知,美术学部.绘画.作品.外国
圣罗马诺之战,美术学部.绘画.作品.外国
春,美术学部.绘画.作品.外国
基督把钥匙交给圣彼得,美术学部.绘画.作品.外国
参拜圣婴,美术学部.绘画.作品.外国
最后的晚餐,美术学部.绘画.作品.外国
蒙娜丽莎,美术学部.绘画.作品.外国
少年约翰内斯像,美术学部.绘画.作品.外国
利未家的宴会,美术学部.绘画.作品.外国
暴风雨,美术学部.绘画.作品.外国
死去的基督,美术学部.绘画.作品.外国
创世记,美术学部.绘画.作品.外国
雅典学派,美术学部.绘画.作品.外国
田园合奏,美术学部.绘画.作品.外国
自画像,美术学部.绘画.作品.外国
西斯廷圣母,美术学部.绘画.作品.外国
朱庇特与伊俄,美术学部.绘画.作品.外国
长颈圣母,美术学部.绘画.作品.外国
最后的审判,美术学部.绘画.作品.外国
圣马可的奇迹,美术学部.绘画.作品.外国
召唤马太,美术学部.绘画.作品.外国
非洲岩洞艺术,美术学部.绘画.作品.外国
野鹅图,美术学部.绘画.作品.外国
法尤姆肖像,美术学部.绘画.作品.外国
画家的母亲,美术学部.绘画.作品.外国
洗浴,美术学部.绘画.作品.外国
阿兹特克手抄本画,美术学部.绘画.作品.外国
书法,美术学部.书法篆刻.名词术语
书学,美术学部.书法篆刻.名词术语
书道,美术学部.书法篆刻.名词术语
法书,美术学部.书法篆刻.名词术语
甲骨文,美术学部.书法篆刻.名词术语
契文,美术学部.书法篆刻.名词术语
龟甲文字,美术学部.书法篆刻.名词术语
殷墟文字,美术学部.书法篆刻.名词术语
钟鼎文,美术学部.书法篆刻.名词术语
金文,美术学部.书法篆刻.名词术语
籀文,美术学部.书法篆刻.名词术语
篆书,美术学部.书法篆刻.名词术语
大篆,美术学部.书法篆刻.名词术语
小篆,美术学部.书法篆刻.名词术语
秦篆,美术学部.书法篆刻.名词术语
鸟虫书,美术学部.书法篆刻.名词术语
虫书,美术学部.书法篆刻.名词术语
鸟虫篆,美术学部.书法篆刻.名词术语
缪篆,美术学部.书法篆刻.名词术语
玉筯篆,美术学部.书法篆刻.名词术语
玉箸篆,美术学部.书法篆刻.名词术语
铁线篆,美术学部.书法篆刻.名词术语
草篆,美术学部.书法篆刻.名词术语
隶书,美术学部.书法篆刻.名词术语
汉隶,美术学部.书法篆刻.名词术语
八分,美术学部.书法篆刻.名词术语
楷书,美术学部.书法篆刻.名词术语
正楷,美术学部.书法篆刻.名词术语
正书,美术学部.书法篆刻.名词术语
真书,美术学部.书法篆刻.名词术语
草书,美术学部.书法篆刻.名词术语
今草,美术学部.书法篆刻.名词术语
狂草,美术学部.书法篆刻.名词术语
章草,美术学部.书法篆刻.名词术语
行书,美术学部.书法篆刻.名词术语
榜书,美术学部.书法篆刻.名词术语
擘窠书,美术学部.书法篆刻.名词术语
漆书,美术学部.书法篆刻.名词术语
飞白,美术学部.书法篆刻.名词术语
瘦金书,美术学部.书法篆刻.名词术语
瘦金体,美术学部.书法篆刻.名词术语
指书,美术学部.书法篆刻.名词术语
染指书,美术学部.书法篆刻.名词术语
院体,美术学部.书法篆刻.名词术语
经生书,美术学部.书法篆刻.名词术语
六分半书,美术学部.书法篆刻.名词术语
碑学,美术学部.书法篆刻.名词术语
帖学,美术学部.书法篆刻.名词术语
临川四宝,美术学部.书法篆刻.名词术语
南北书派,美术学部.书法篆刻.名词术语
馆阁体,美术学部.书法篆刻.名词术语
台阁体,美术学部.书法篆刻.名词术语
墨迹,美术学部.书法篆刻.名词术语
金石,美术学部.书法篆刻.名词术语
碑,美术学部.书法篆刻.名词术语
碣,美术学部.书法篆刻.名词术语
刻石,美术学部.书法篆刻.名词术语
丛帖,美术学部.书法篆刻.名词术语
汇刻丛帖,美术学部.书法篆刻.名词术语
套帖,美术学部.书法篆刻.名词术语
拓本,美术学部.书法篆刻.名词术语
执笔法,美术学部.书法篆刻.名词术语
运笔,美术学部.书法篆刻.名词术语
行笔,美术学部.书法篆刻.名词术语
拨镫法,美术学部.书法篆刻.名词术语
永字八法,美术学部.书法篆刻.名词术语
中锋,美术学部.书法篆刻.名词术语
正锋,美术学部.书法篆刻.名词术语
侧锋,美术学部.书法篆刻.名词术语
侧笔,美术学部.书法篆刻.名词术语
折锋,美术学部.书法篆刻.名词术语
裹锋,美术学部.书法篆刻.名词术语
逆锋,美术学部.书法篆刻.名词术语
一笔书,美术学部.书法篆刻.名词术语
悬针,美术学部.书法篆刻.名词术语
垂露,美术学部.书法篆刻.名词术语
内擫外拓,美术学部.书法篆刻.名词术语
屋漏痕,美术学部.书法篆刻.名词术语
折钗股,美术学部.书法篆刻.名词术语
锥画沙,美术学部.书法篆刻.名词术语
八病,美术学部.书法篆刻.名词术语
结字,美术学部.书法篆刻.名词术语
间架结构,美术学部.书法篆刻.名词术语
章法,美术学部.书法篆刻.名词术语
分朱布白,美术学部.书法篆刻.名词术语
九宫格,美术学部.书法篆刻.名词术语
布白,美术学部.书法篆刻.名词术语
颜筋柳骨,美术学部.书法篆刻.名词术语
春蚓秋蛇,美术学部.书法篆刻.名词术语
家鸡野鹜,美术学部.书法篆刻.名词术语
买褚得薛,美术学部.书法篆刻.名词术语
二王,美术学部.书法篆刻.名词术语
初唐四大家,美术学部.书法篆刻.名词术语
宋四家,美术学部.书法篆刻.名词术语
吴门书派,美术学部.书法篆刻.名词术语
云间书派,美术学部.书法篆刻.名词术语
怀纸,美术学部.书法篆刻.名词术语
古笔,美术学部.书法篆刻.名词术语
和样,美术学部.书法篆刻.名词术语
唐样,美术学部.书法篆刻.名词术语
三笔,美术学部.书法篆刻.名词术语
三圣,美术学部.书法篆刻.名词术语
三迹,美术学部.书法篆刻.名词术语
宽永三笔,美术学部.书法篆刻.名词术语
黄檗三笔,美术学部.书法篆刻.名词术语
幕末三笔,美术学部.书法篆刻.名词术语
少字数,美术学部.书法篆刻.名词术语
篆刻,美术学部.书法篆刻.名词术语
古鉩,美术学部.书法篆刻.名词术语
印章,美术学部.书法篆刻.名词术语
图章,美术学部.书法篆刻.名词术语
秦印,美术学部.书法篆刻.名词术语
汉印,美术学部.书法篆刻.名词术语
官印,美术学部.书法篆刻.名词术语
半通印,美术学部.书法篆刻.名词术语
烙马印,美术学部.书法篆刻.名词术语
私印,美术学部.书法篆刻.名词术语
吉语印,美术学部.书法篆刻.名词术语
闲章,美术学部.书法篆刻.名词术语
套印,美术学部.书法篆刻.名词术语
子母印,美术学部.书法篆刻.名词术语
象形印,美术学部.书法篆刻.名词术语
图案印,美术学部.书法篆刻.名词术语
肖形印,美术学部.书法篆刻.名词术语
凿印,美术学部.书法篆刻.名词术语
将军印,美术学部.书法篆刻.名词术语
铸印,美术学部.书法篆刻.名词术语
拨蜡,美术学部.书法篆刻.名词术语
六面印,美术学部.书法篆刻.名词术语
朱记,美术学部.书法篆刻.名词术语
花押印,美术学部.书法篆刻.名词术语
元押,美术学部.书法篆刻.名词术语
关防,美术学部.书法篆刻.名词术语
封泥,美术学部.书法篆刻.名词术语
泥封,美术学部.书法篆刻.名词术语
印泥,美术学部.书法篆刻.名词术语
印色,美术学部.书法篆刻.名词术语
九叠篆,美术学部.书法篆刻.名词术语
印宗秦汉,美术学部.书法篆刻.名词术语
印从书出,美术学部.书法篆刻.名词术语
印外求印,美术学部.书法篆刻.名词术语
白文,美术学部.书法篆刻.名词术语
阴文,美术学部.书法篆刻.名词术语
阳文,美术学部.书法篆刻.名词术语
朱文,美术学部.书法篆刻.名词术语
合文,美术学部.书法篆刻.名词术语
朱白相间印,美术学部.书法篆刻.名词术语
印钮,美术学部.书法篆刻.名词术语
薄意,美术学部.书法篆刻.名词术语
边款,美术学部.书法篆刻.名词术语
印蜕,美术学部.书法篆刻.名词术语
铁笔,美术学部.书法篆刻.名词术语
篆刻三法,美术学部.书法篆刻.名词术语
冲刀,美术学部.书法篆刻.名词术语
切刀,美术学部.书法篆刻.名词术语
兼冲带切,美术学部.书法篆刻.名词术语
印床,美术学部.书法篆刻.名词术语
印材,美术学部.书法篆刻.名词术语
鸡血石,美术学部.书法篆刻.名词术语
昌化石,美术学部.书法篆刻.名词术语
青田石,美术学部.书法篆刻.名词术语
寿山石,美术学部.书法篆刻.名词术语
田黄石,美术学部.书法篆刻.名词术语
印谱,美术学部.书法篆刻.名词术语
皖派,美术学部.书法篆刻.名词术语
徽派,美术学部.书法篆刻.名词术语
邓派,美术学部.书法篆刻.名词术语
雪渔派,美术学部.书法篆刻.名词术语
三桥派,美术学部.书法篆刻.名词术语
泗水派,美术学部.书法篆刻.名词术语
娄东派,美术学部.书法篆刻.名词术语
尹子派,美术学部.书法篆刻.名词术语
莆田派,美术学部.书法篆刻.名词术语
闽派,美术学部.书法篆刻.名词术语
浙派,美术学部.书法篆刻.名词术语
西泠八家,美术学部.书法篆刻.名词术语
散氏盘铭,美术学部.书法篆刻.作品.中国
毛公鼎铭,美术学部.书法篆刻.作品.中国
江陵楚简,美术学部.书法篆刻.作品.中国
石鼓文,美术学部.书法篆刻.作品.中国
泰山刻石,美术学部.书法篆刻.作品.中国
封泰山碑,美术学部.书法篆刻.作品.中国
琅邪台刻石,美术学部.书法篆刻.作品.中国
峄山刻石,美术学部.书法篆刻.作品.中国
睡虎地秦简,美术学部.书法篆刻.作品.中国
鲁孝王泮池刻石,美术学部.书法篆刻.作品.中国
五凤刻石,美术学部.书法篆刻.作品.中国
马王堆帛书,美术学部.书法篆刻.作品.中国
银雀山汉简,美术学部.书法篆刻.作品.中国
居延汉简,美术学部.书法篆刻.作品.中国
三老讳字忌日记刻石,美术学部.书法篆刻.作品.中国
开通褒斜道刻石,美术学部.书法篆刻.作品.中国
武威汉简,美术学部.书法篆刻.作品.中国
袁安碑,美术学部.书法篆刻.作品.中国
袁敞残碑,美术学部.书法篆刻.作品.中国
三公山碑,美术学部.书法篆刻.作品.中国
泰室石阙铭,美术学部.书法篆刻.作品.中国
少室石阙铭,美术学部.书法篆刻.作品.中国
石门颂,美术学部.书法篆刻.作品.中国
乙瑛碑,美术学部.书法篆刻.作品.中国
礼器碑,美术学部.书法篆刻.作品.中国
封龙山碑,美术学部.书法篆刻.作品.中国
孔宙碑,美术学部.书法篆刻.作品.中国
鲜于璜碑,美术学部.书法篆刻.作品.中国
华山庙碑,美术学部.书法篆刻.作品.中国
衡方碑,美术学部.书法篆刻.作品.中国
史晨碑,美术学部.书法篆刻.作品.中国
西狭颂,美术学部.书法篆刻.作品.中国
郙阁颂,美术学部.书法篆刻.作品.中国
韩仁铭,美术学部.书法篆刻.作品.中国
熹平石经,美术学部.书法篆刻.作品.中国
尹宙碑,美术学部.书法篆刻.作品.中国
白石神君碑,美术学部.书法篆刻.作品.中国
曹全碑,美术学部.书法篆刻.作品.中国
张迁碑,美术学部.书法篆刻.作品.中国
上尊号碑,美术学部.书法篆刻.作品.中国
受禅表,美术学部.书法篆刻.作品.中国
三体石经,美术学部.书法篆刻.作品.中国
谷朗碑,美术学部.书法篆刻.作品.中国
天发神谶碑,美术学部.书法篆刻.作品.中国
爨宝子碑,美术学部.书法篆刻.作品.中国
好大王碑,美术学部.书法篆刻.作品.中国
嵩高灵庙碑,美术学部.书法篆刻.作品.中国
爨龙颜碑,美术学部.书法篆刻.作品.中国
石门铭,美术学部.书法篆刻.作品.中国
云峰山刻石,美术学部.书法篆刻.作品.中国
郑文公碑,美术学部.书法篆刻.作品.中国
司马景和妻墓志铭,美术学部.书法篆刻.作品.中国
瘗鹤铭,美术学部.书法篆刻.作品.中国
刁遵墓志,美术学部.书法篆刻.作品.中国
崔敬邕墓志,美术学部.书法篆刻.作品.中国
龙门二十品,美术学部.书法篆刻.作品.中国
张猛龙碑,美术学部.书法篆刻.作品.中国
马鸣寺碑,美术学部.书法篆刻.作品.中国
高贞碑,美术学部.书法篆刻.作品.中国
曹望憘造像记,美术学部.书法篆刻.作品.中国
张黑女墓志,美术学部.书法篆刻.作品.中国
敬使君碑,美术学部.书法篆刻.作品.中国
泰山金刚经,美术学部.书法篆刻.作品.中国
文殊般若经,美术学部.书法篆刻.作品.中国
龙藏寺碑,美术学部.书法篆刻.作品.中国
董美人墓志,美术学部.书法篆刻.作品.中国
启法寺碑,美术学部.书法篆刻.作品.中国
孔子庙堂碑,美术学部.书法篆刻.作品.中国
九成宫醴泉铭,美术学部.书法篆刻.作品.中国
虞恭公碑,美术学部.书法篆刻.作品.中国
孟法师碑,美术学部.书法篆刻.作品.中国
房梁公碑,美术学部.书法篆刻.作品.中国
晋祠铭,美术学部.书法篆刻.作品.中国
圣教序,美术学部.书法篆刻.作品.中国
王居士砖塔铭,美术学部.书法篆刻.作品.中国
信行禅师碑,美术学部.书法篆刻.作品.中国
李思训碑,美术学部.书法篆刻.作品.中国
岳麓寺碑,美术学部.书法篆刻.作品.中国
多宝塔碑,美术学部.书法篆刻.作品.中国
三坟记,美术学部.书法篆刻.作品.中国
麻姑仙坛记,美术学部.书法篆刻.作品.中国
颜勤礼碑,美术学部.书法篆刻.作品.中国
颜家庙碑,美术学部.书法篆刻.作品.中国
不空和尚碑,美术学部.书法篆刻.作品.中国
玄秘塔碑,美术学部.书法篆刻.作品.中国
神策军碑,美术学部.书法篆刻.作品.中国
胆巴碑,美术学部.书法篆刻.作品.中国
急就章,美术学部.书法篆刻.作品.中国
荐季直表,美术学部.书法篆刻.作品.中国
宣示表,美术学部.书法篆刻.作品.中国
月仪帖,美术学部.书法篆刻.作品.中国
平复帖,美术学部.书法篆刻.作品.中国
兰亭序,美术学部.书法篆刻.作品.中国
禊帖,美术学部.书法篆刻.作品.中国
上虞帖,美术学部.书法篆刻.作品.中国
快雪时晴帖,美术学部.书法篆刻.作品.中国
丧乱帖,美术学部.书法篆刻.作品.中国
伯远帖,美术学部.书法篆刻.作品.中国
十三行,美术学部.书法篆刻.作品.中国
鸭头丸帖,美术学部.书法篆刻.作品.中国
中秋帖,美术学部.书法篆刻.作品.中国
万岁通天帖,美术学部.书法篆刻.作品.中国
智永正草千字文,美术学部.书法篆刻.作品.中国
出师颂,美术学部.书法篆刻.作品.中国
史事三帖,美术学部.书法篆刻.作品.中国
张翰思鲈帖,美术学部.书法篆刻.作品.中国
卜商读书帖,美术学部.书法篆刻.作品.中国
仲尼梦奠帖,美术学部.书法篆刻.作品.中国
汝南公主墓志稿,美术学部.书法篆刻.作品.中国
枯树赋,美术学部.书法篆刻.作品.中国
倪宽赞,美术学部.书法篆刻.作品.中国
十七帖,美术学部.书法篆刻.作品.中国
文赋卷,美术学部.书法篆刻.作品.中国
古诗四帖,美术学部.书法篆刻.作品.中国
书谱,美术学部.书法篆刻.作品.中国
灵飞经,美术学部.书法篆刻.作品.中国
朱巨川告身,美术学部.书法篆刻.作品.中国
祭侄稿,美术学部.书法篆刻.作品.中国
争坐位帖,美术学部.书法篆刻.作品.中国
自叙帖,美术学部.书法篆刻.作品.中国
苦笋帖,美术学部.书法篆刻.作品.中国
怀素草书千字文,美术学部.书法篆刻.作品.中国
上阳台帖,美术学部.书法篆刻.作品.中国
蒙诏帖,美术学部.书法篆刻.作品.中国
张好好诗,美术学部.书法篆刻.作品.中国
高闲草书千字文,美术学部.书法篆刻.作品.中国
步虚词,美术学部.书法篆刻.作品.中国
卢鸿草堂十志图跋,美术学部.书法篆刻.作品.中国
韭花帖,美术学部.书法篆刻.作品.中国
夏热帖,美术学部.书法篆刻.作品.中国
神仙起居法,美术学部.书法篆刻.作品.中国
蔡襄自书诗帖,美术学部.书法篆刻.作品.中国
苕溪诗帖,美术学部.书法篆刻.作品.中国
蜀素帖,美术学部.书法篆刻.作品.中国
多景楼诗帖,美术学部.书法篆刻.作品.中国
寒食诗帖,美术学部.书法篆刻.作品.中国
赤壁赋,美术学部.书法篆刻.作品.中国
诸上座帖,美术学部.书法篆刻.作品.中国
松风阁诗帖,美术学部.书法篆刻.作品.中国
瘦金书千字文,美术学部.书法篆刻.作品.中国
赵佶草书千字文,美术学部.书法篆刻.作品.中国
邓文原书急就章,美术学部.书法篆刻.作品.中国
六体千字文,美术学部.书法篆刻.作品.中国
吴叡书离骚千字文合卷,美术学部.书法篆刻.作品.中国
淳化阁帖,美术学部.书法篆刻.作品.中国
阁帖,美术学部.书法篆刻.作品.中国
潭帖,美术学部.书法篆刻.作品.中国
绛帖,美术学部.书法篆刻.作品.中国
宝晋斋法帖,美术学部.书法篆刻.作品.中国
大观帖,美术学部.书法篆刻.作品.中国
淳熙秘阁续帖,美术学部.书法篆刻.作品.中国
兰亭续帖,美术学部.书法篆刻.作品.中国
群玉堂帖,美术学部.书法篆刻.作品.中国
凤墅法帖,美术学部.书法篆刻.作品.中国
澄清堂帖,美术学部.书法篆刻.作品.中国
真赏斋法帖,美术学部.书法篆刻.作品.中国
戏鸿堂帖,美术学部.书法篆刻.作品.中国
快雪堂帖,美术学部.书法篆刻.作品.中国
三希堂法帖,美术学部.书法篆刻.作品.中国
宣和印谱,美术学部.书法篆刻.作品.中国
集古印谱,美术学部.书法篆刻.作品.中国
范氏集古印谱,美术学部.书法篆刻.作品.中国
赖古堂印谱,美术学部.书法篆刻.作品.中国
飞鸿堂印谱,美术学部.书法篆刻.作品.中国
汉铜印丛,美术学部.书法篆刻.作品.中国
印薮,美术学部.书法篆刻.作品.中国
续古印式,美术学部.书法篆刻.作品.中国
完白山人篆刻偶存,美术学部.书法篆刻.作品.中国
传经堂印谱,美术学部.书法篆刻.作品.中国
铜鼓书堂藏印,美术学部.书法篆刻.作品.中国
补罗迦室印谱,美术学部.书法篆刻.作品.中国
吉金斋古铜印谱,美术学部.书法篆刻.作品.中国
簠斋印集,美术学部.书法篆刻.作品.中国
百石斋西泠八家印谱,美术学部.书法篆刻.作品.中国
二百兰亭斋古铜印存,美术学部.书法篆刻.作品.中国
二金蝶堂印谱,美术学部.书法篆刻.作品.中国
十钟山房印举,美术学部.书法篆刻.作品.中国
西泠六家印存,美术学部.书法篆刻.作品.中国
十六金符斋印存,美术学部.书法篆刻.作品.中国
缶庐印集,美术学部.书法篆刻.作品.中国
铁云藏印,美术学部.书法篆刻.作品.中国
封泥存真,美术学部.书法篆刻.作品.中国
隋唐以来官印集存,美术学部.书法篆刻.作品.中国
染仓室印存,美术学部.书法篆刻.作品.中国
西泠八家印选,美术学部.书法篆刻.作品.中国
金薤留珍,美术学部.书法篆刻.作品.中国
毓庆宫藏汉铜印,美术学部.书法篆刻.作品.中国
避暑山庄藏汉铜印,美术学部.书法篆刻.作品.中国
封泥汇编,美术学部.书法篆刻.作品.中国
丁丑劫馀印存,美术学部.书法篆刻.作品.中国
二弩精舍印谱,美术学部.书法篆刻.作品.中国
吴赵印存,美术学部.书法篆刻.作品.中国
麋砚斋印存,美术学部.书法篆刻.作品.中国
明清名人刻印汇存,美术学部.书法篆刻.作品.中国
孺斋自刻印存,美术学部.书法篆刻.作品.中国
苦铁印选,美术学部.书法篆刻.作品.中国
白石印集,美术学部.书法篆刻.作品.中国
金刚般若经开题残卷,美术学部.书法篆刻.作品.外国
李峤杂咏残卷,美术学部.书法篆刻.作品.外国
白氏诗卷,美术学部.书法篆刻.作品.外国
雕塑,美术学部.雕塑.名词术语
雕塑感,美术学部.雕塑.名词术语
体积感,美术学部.雕塑.名词术语
结实感,美术学部.雕塑.名词术语
重量感,美术学部.雕塑.名词术语
饱满度,美术学部.雕塑.名词术语
空洞与实体,美术学部.雕塑.名词术语
负空间,美术学部.雕塑.名词术语
透空间,美术学部.雕塑.名词术语
四维空间,美术学部.雕塑.名词术语
最佳视点,美术学部.雕塑.名词术语
圆雕,美术学部.雕塑.名词术语
半圆雕,美术学部.雕塑.名词术语
浮雕,美术学部.雕塑.名词术语
高浮雕,美术学部.雕塑.名词术语
浅浮雕,美术学部.雕塑.名词术语
透雕,美术学部.雕塑.名词术语
线雕,美术学部.雕塑.名词术语
影塑,美术学部.雕塑.名词术语
彩塑,美术学部.雕塑.名词术语
彩雕,美术学部.雕塑.名词术语
石雕,美术学部.雕塑.名词术语
木雕,美术学部.雕塑.名词术语
陶瓷雕塑,美术学部.雕塑.名词术语
金属雕塑,美术学部.雕塑.名词术语
青铜雕塑,美术学部.雕塑.名词术语
石膏雕塑,美术学部.雕塑.名词术语
水泥雕塑,美术学部.雕塑.名词术语
玻璃钢雕塑,美术学部.雕塑.名词术语
室外雕塑,美术学部.雕塑.名词术语
室内雕塑,美术学部.雕塑.名词术语
架上雕塑,美术学部.雕塑.名词术语
案头雕塑,美术学部.雕塑.名词术语
城市雕塑,美术学部.雕塑.名词术语
雕塑公园,美术学部.雕塑.名词术语
情节性雕塑,美术学部.雕塑.名词术语
象征性雕塑,美术学部.雕塑.名词术语
纪念性雕塑,美术学部.雕塑.名词术语
装饰雕塑,美术学部.雕塑.名词术语
静态雕塑,美术学部.雕塑.名词术语
动态雕塑,美术学部.雕塑.名词术语
软雕塑,美术学部.雕塑.名词术语
陵墓雕刻,美术学部.雕塑.名词术语
石像生,美术学部.雕塑.名词术语
俑,美术学部.雕塑.名词术语
石窟寺雕塑,美术学部.雕塑.名词术语
寺庙雕塑,美术学部.雕塑.名词术语
造像,美术学部.雕塑.名词术语
佛像,美术学部.雕塑.名词术语
菩萨像,美术学部.雕塑.名词术语
弥勒像,美术学部.雕塑.名词术语
罗汉像,美术学部.雕塑.名词术语
三角楣浮雕,美术学部.雕塑.名词术语
女像柱,美术学部.雕塑.名词术语
画像石,美术学部.雕塑.名词术语
画像砖,美术学部.雕塑.名词术语
石膏翻模法,美术学部.雕塑.名词术语
塑泥,美术学部.雕塑.名词术语
油泥,美术学部.雕塑.名词术语
点型仪,美术学部.雕塑.名词术语
模,美术学部.雕塑.名词术语
铸模,美术学部.雕塑.名词术语
蜡胎,美术学部.雕塑.名词术语
失蜡法,美术学部.雕塑.名词术语
敲金属片法,美术学部.雕塑.名词术语
夹纻法,美术学部.雕塑.名词术语
开荒,美术学部.雕塑.名词术语
打细,美术学部.雕塑.名词术语
减地平钑,美术学部.雕塑.名词术语
剔地起突,美术学部.雕塑.名词术语
压地隐起,美术学部.雕塑.名词术语
犍陀罗雕刻,美术学部.雕塑.名词术语
高寺头女头像,美术学部.雕塑.作品.中国
滦平石雕女神像,美术学部.雕塑.作品.中国
牛河梁泥塑女神头像,美术学部.雕塑.作品.中国
柳湾彩陶壶裸体人像,美术学部.雕塑.作品.中国
三星堆青铜人立像,美术学部.雕塑.作品.中国
妇好墓雕刻,美术学部.雕塑.作品.中国
望山木雕座屏,美术学部.雕塑.作品.中国
漆木鹿,美术学部.雕塑.作品.中国
秦始皇陵兵马俑,美术学部.雕塑.作品.中国
秦始皇陵铜车马,美术学部.雕塑.作品.中国
霍去病墓石刻,美术学部.雕塑.作品.中国
咸阳杨家湾墓俑,美术学部.雕塑.作品.中国
拂袖舞女俑,美术学部.雕塑.作品.中国
无影山乐舞杂技俑,美术学部.雕塑.作品.中国
南阳画像石,美术学部.雕塑.作品.中国
玉仙人奔马,美术学部.雕塑.作品.中国
说唱俑,美术学部.雕塑.作品.中国
马超龙雀,美术学部.雕塑.作品.中国
沂南画像,美术学部.雕塑.作品.中国
郭氏祠画像,美术学部.雕塑.作品.中国
武梁祠画像,美术学部.雕塑.作品.中国
武氏祠画像,美术学部.雕塑.作品.中国
荆轲刺秦王画像,美术学部.雕塑.作品.中国
纺织画像,美术学部.雕塑.作品.中国
农耕画像,美术学部.雕塑.作品.中国
打虎亭画像,美术学部.雕塑.作品.中国
盘舞画像,美术学部.雕塑.作品.中国
丸剑宴舞画像,美术学部.雕塑.作品.中国
弋射收获画像,美术学部.雕塑.作品.中国
南朝陵墓雕刻,美术学部.雕塑.作品.中国
竹林七贤画像,美术学部.雕塑.作品.中国
敦煌石窟造像,美术学部.雕塑.作品.中国
莫高窟造像,美术学部.雕塑.作品.中国
敦煌莫高窟彩塑,美术学部.雕塑.作品.中国
莫高窟275窟交脚弥勒像,美术学部.雕塑.作品.中国
莫高窟259窟禅定佛像,美术学部.雕塑.作品.中国
莫高窟45窟塑像,美术学部.雕塑.作品.中国
莫高窟46窟塑像,美术学部.雕塑.作品.中国
莫高窟158窟涅槃像,美术学部.雕塑.作品.中国
莫高窟194窟菩萨像,美术学部.雕塑.作品.中国
麦积山石窟造像,美术学部.雕塑.作品.中国
麦积山127窟塑像,美术学部.雕塑.作品.中国
炳灵寺石窟造像,美术学部.雕塑.作品.中国
龙门石窟造像,美术学部.雕塑.作品.中国
帝后礼佛图,美术学部.雕塑.作品.中国
宾阳中洞造像,美术学部.雕塑.作品.中国
奉先寺大卢舍那像龛造像,美术学部.雕塑.作品.中国
云冈石窟造像,美术学部.雕塑.作品.中国
昙曜五窟造像,美术学部.雕塑.作品.中国
安岳石窟造像,美术学部.雕塑.作品.中国
安岳卧佛,美术学部.雕塑.作品.中国
巩县石窟寺造像,美术学部.雕塑.作品.中国
永宁寺造像,美术学部.雕塑.作品.中国
释慧影造像,美术学部.雕塑.作品.中国
万佛寺观音龛立像,美术学部.雕塑.作品.中国
天龙山石窟造像,美术学部.雕塑.作品.中国
龙兴寺造像,美术学部.雕塑.作品.中国
南响堂山石窟造像,美术学部.雕塑.作品.中国
北响堂山石窟造像,美术学部.雕塑.作品.中国
昭陵六骏,美术学部.雕塑.作品.中国
榆林窟造像,美术学部.雕塑.作品.中国
南禅寺塑像,美术学部.雕塑.作品.中国
佛光寺宁公遇像,美术学部.雕塑.作品.中国
文成公主像,美术学部.雕塑.作品.中国
松赞干布文成公主像,美术学部.雕塑.作品.中国
三彩骆驼载乐俑,美术学部.雕塑.作品.中国
三彩女俑,美术学部.雕塑.作品.中国
三彩马,美术学部.雕塑.作品.中国
飞来峰摩崖造像,美术学部.雕塑.作品.中国
孔望山摩崖造像,美术学部.雕塑.作品.中国
独乐寺观音像,美术学部.雕塑.作品.中国
华严寺雕塑,美术学部.雕塑.作品.中国
宋陵石刻,美术学部.雕塑.作品.中国
大足石窟造像,美术学部.雕塑.作品.中国
十二缘觉塑像,美术学部.雕塑.作品.中国
圣母殿侍女像,美术学部.雕塑.作品.中国
灵岩寺罗汉像,美术学部.雕塑.作品.中国
甪直保圣寺罗汉像,美术学部.雕塑.作品.中国
石钟山石窟造像,美术学部.雕塑.作品.中国
紫金庵罗汉像,美术学部.雕塑.作品.中国
二十八宿像,美术学部.雕塑.作品.中国
居庸关过街塔石刻,美术学部.雕塑.作品.中国
十三陵石刻,美术学部.雕塑.作品.中国
双林寺塑像,美术学部.雕塑.作品.中国
扎什伦布寺塑像,美术学部.雕塑.作品.中国
塔尔寺雕塑,美术学部.雕塑.作品.中国
东陵石刻,美术学部.雕塑.作品.中国
西陵石刻,美术学部.雕塑.作品.中国
拉卜楞寺造像,美术学部.雕塑.作品.中国
碧云寺五百罗汉像,美术学部.雕塑.作品.中国
筇竹寺罗汉像,美术学部.雕塑.作品.中国
五塔召金刚宝座塔雕刻,美术学部.雕塑.作品.中国
团城玉佛,美术学部.雕塑.作品.中国
中山陵孙中山像,美术学部.雕塑.作品.中国
天安门人民英雄纪念碑浮雕,美术学部.雕塑.作品.中国
收租院,美术学部.雕塑.作品.中国
东大寺青铜大佛,美术学部.雕塑.作品.外国
鉴真坐禅像,美术学部.雕塑.作品.外国
婆罗浮屠窣堵波,美术学部.雕塑.作品.外国
阿育王狮子柱头,美术学部.雕塑.作品.外国
阿旃陀石窟造像,美术学部.雕塑.作品.外国
树神药叉女,美术学部.雕塑.作品.外国
恒河女神降凡图,美术学部.雕塑.作品.外国
舞王湿婆,美术学部.雕塑.作品.外国
巴米扬石窟造像,美术学部.雕塑.作品.外国
拉格什女雕像,美术学部.雕塑.作品.外国
纳拉姆辛石板浮雕,美术学部.雕塑.作品.外国
汉穆拉比法典浮雕,美术学部.雕塑.作品.外国
萨尔贡二世宫殿的守护神兽,美术学部.雕塑.作品.外国
垂死的牝狮,美术学部.雕塑.作品.外国
宙斯祭坛饰带浮雕,美术学部.雕塑.作品.外国
第三国际纪念碑,美术学部.雕塑.作品.外国
工农联盟,美术学部.雕塑.作品.外国
科年科夫自塑像,美术学部.雕塑.作品.外国
小美人鱼,美术学部.雕塑.作品.外国
国王与王后,美术学部.雕塑.作品.外国
摩西井,美术学部.雕塑.作品.外国
安特卫普,美术学部.雕塑.作品.外国
沙特尔大教堂雕像,美术学部.雕塑.作品.外国
圣母往见,美术学部.雕塑.作品.外国
彼得大帝骑马像,美术学部.雕塑.作品.外国
伏尔泰坐像,美术学部.雕塑.作品.外国
渔童,美术学部.雕塑.作品.外国
马赛曲,美术学部.雕塑.作品.外国
花神,美术学部.雕塑.作品.外国
天文台喷泉,美术学部.雕塑.作品.外国
地狱之门,美术学部.雕塑.作品.外国
自由女神像,美术学部.雕塑.作品.外国
加莱义民,美术学部.雕塑.作品.外国
地中海,美术学部.雕塑.作品.外国
弓箭手赫拉克勒斯,美术学部.雕塑.作品.外国
泉,美术学部.雕塑.作品.外国
白熊,美术学部.雕塑.作品.外国
河流,美术学部.雕塑.作品.外国
牛头,美术学部.雕塑.作品.外国
采石场雕塑,美术学部.雕塑.作品.外国
维伦多夫的维纳斯,美术学部.雕塑.作品.外国
吻,美术学部.雕塑.作品.外国
赤陶棺上的夫妇像,美术学部.雕塑.作品.外国
母狼,美术学部.雕塑.作品.外国
奥古斯都雕像,美术学部.雕塑.作品.外国
高发髻女郎,美术学部.雕塑.作品.外国
马可·奥勒留骑马像,美术学部.雕塑.作品.外国
君士坦丁头像,美术学部.雕塑.作品.外国
天国之门,美术学部.雕塑.作品.外国
大卫像,美术学部.雕塑.作品.外国
大卫,美术学部.雕塑.作品.外国
圣特雷莎祭坛,美术学部.雕塑.作品.外国
里拉琴手,美术学部.雕塑.作品.外国
女蛇神,美术学部.雕塑.作品.外国
狮子门浮雕,美术学部.雕塑.作品.外国
佩普洛斯女雕像,美术学部.雕塑.作品.外国
掷铁饼者,美术学部.雕塑.作品.外国
倒卧的战士,美术学部.雕塑.作品.外国
驭车手,美术学部.雕塑.作品.外国
宙斯像,美术学部.雕塑.作品.外国
倚矛哀悼的雅典娜,美术学部.雕塑.作品.外国
持矛者,美术学部.雕塑.作品.外国
命运三女神,美术学部.雕塑.作品.外国
伯里克利胸像,美术学部.雕塑.作品.外国
赫格索墓碑浮雕,美术学部.雕塑.作品.外国
贝尔维德尔的阿波罗,美术学部.雕塑.作品.外国
克尼多斯的阿佛洛狄忒,美术学部.雕塑.作品.外国
赫尔墨斯与狄俄尼索斯,美术学部.雕塑.作品.外国
刮汗污的运动员,美术学部.雕塑.作品.外国
萨莫色雷斯的奈基神像,美术学部.雕塑.作品.外国
拔刺的男孩,美术学部.雕塑.作品.外国
垂死的高卢人,美术学部.雕塑.作品.外国
米洛斯的阿佛洛狄忒,美术学部.雕塑.作品.外国
美第奇的维纳斯,美术学部.雕塑.作品.外国
拉奥孔,美术学部.雕塑.作品.外国
法尔内塞公牛,美术学部.雕塑.作品.外国
纳尔迈石板浮雕,美术学部.雕塑.作品.外国
卡培尔王子像,美术学部.雕塑.作品.外国
书记官卡伊像,美术学部.雕塑.作品.外国
哈夫拉像,美术学部.雕塑.作品.外国
狮身人面像,美术学部.雕塑.作品.外国
埃赫那顿像,美术学部.雕塑.作品.外国
涅菲尔娣蒂胸像,美术学部.雕塑.作品.外国
拉美西斯二世石窟造像,美术学部.雕塑.作品.外国
依非雕塑,美术学部.雕塑.作品.外国
折断的方尖碑,美术学部.雕塑.作品.外国
火烈鸟,美术学部.雕塑.作品.外国
衣夹,美术学部.雕塑.作品.外国
羽蛇雕像,美术学部.雕塑.作品.外国
园林,美术学部.建筑艺术.名词术语
日本园林,美术学部.建筑艺术.名词术语
伊斯兰园林,美术学部.建筑艺术.名词术语
英国风景园,美术学部.建筑艺术.名词术语
法国古典园林,美术学部.建筑艺术.名词术语
西班牙摩尔式园林,美术学部.建筑艺术.名词术语
意大利台地园,美术学部.建筑艺术.名词术语
建筑小品,美术学部.建筑艺术.名词术语
建筑风格,美术学部.建筑艺术.名词术语
建筑装修,美术学部.建筑艺术.名词术语
建筑色彩,美术学部.建筑艺术.名词术语
建筑群,美术学部.建筑艺术.名词术语
巢居,美术学部.建筑艺术.名词术语
穴居,美术学部.建筑艺术.名词术语
庭院,美术学部.建筑艺术.名词术语
江南水乡城镇,美术学部.建筑艺术.名词术语
吊脚楼,美术学部.建筑艺术.名词术语
干栏建筑,美术学部.建筑艺术.名词术语
里弄住宅,美术学部.建筑艺术.名词术语
碉房,美术学部.建筑艺术.名词术语
窑洞,美术学部.建筑艺术.名词术语
四合院,美术学部.建筑艺术.名词术语
石库门,美术学部.建筑艺术.名词术语
胡同,美术学部.建筑艺术.名词术语
苑囿,美术学部.建筑艺术.名词术语
别墅,美术学部.建筑艺术.名词术语
造园,美术学部.建筑艺术.名词术语
湖石,美术学部.建筑艺术.名词术语
黄石,美术学部.建筑艺术.名词术语
透瘦漏绉,美术学部.建筑艺术.名词术语
组景,美术学部.建筑艺术.名词术语
主景,美术学部.建筑艺术.名词术语
点景,美术学部.建筑艺术.名词术语
对景,美术学部.建筑艺术.名词术语
借景,美术学部.建筑艺术.名词术语
漏窗,美术学部.建筑艺术.名词术语
园中之园,美术学部.建筑艺术.名词术语
喷泉,美术学部.建筑艺术.名词术语
露天剧场,美术学部.建筑艺术.名词术语
敞廊,美术学部.建筑艺术.名词术语
水剧场,美术学部.建筑艺术.名词术语
国家公园,美术学部.建筑艺术.名词术语
城市绿地系统,美术学部.建筑艺术.名词术语
螭首,美术学部.建筑艺术.名词术语
铺地,美术学部.建筑艺术.名词术语
望柱,美术学部.建筑艺术.名词术语
九龙壁,美术学部.建筑艺术.名词术语
悬山顶,美术学部.建筑艺术.名词术语
硬山顶,美术学部.建筑艺术.名词术语
庑殿顶,美术学部.建筑艺术.名词术语
歇山顶,美术学部.建筑艺术.名词术语
卷棚顶,美术学部.建筑艺术.名词术语
攒尖顶,美术学部.建筑艺术.名词术语
盝顶,美术学部.建筑艺术.名词术语
鸱吻,美术学部.建筑艺术.名词术语
仙人走兽,美术学部.建筑艺术.名词术语
斗栱,美术学部.建筑艺术.名词术语
雀替,美术学部.建筑艺术.名词术语
楣子,美术学部.建筑艺术.名词术语
挂落,美术学部.建筑艺术.名词术语
山花,美术学部.建筑艺术.名词术语
垂花门,美术学部.建筑艺术.名词术语
铺首,美术学部.建筑艺术.名词术语
抱鼓石,美术学部.建筑艺术.名词术语
柱础,美术学部.建筑艺术.名词术语
天花藻井,美术学部.建筑艺术.名词术语
槅扇,美术学部.建筑艺术.名词术语
罩,美术学部.建筑艺术.名词术语
纱隔,美术学部.建筑艺术.名词术语
碧纱橱,美术学部.建筑艺术.名词术语
太师壁,美术学部.建筑艺术.名词术语
屏风,美术学部.建筑艺术.名词术语
彻上明造,美术学部.建筑艺术.名词术语
壁龛,美术学部.建筑艺术.名词术语
双拱窗,美术学部.建筑艺术.名词术语
玫瑰窗,美术学部.建筑艺术.名词术语
玄关,美术学部.建筑艺术.名词术语
建筑彩画,美术学部.建筑艺术.名词术语
马头墙,美术学部.建筑艺术.名词术语
城市轴线,美术学部.建筑艺术.名词术语
城市轮廓线,美术学部.建筑艺术.名词术语
钟鼓楼,美术学部.建筑艺术.名词术语
纪念柱,美术学部.建筑艺术.名词术语
神道柱,美术学部.建筑艺术.名词术语
华表,美术学部.建筑艺术.名词术语
须弥座,美术学部.建筑艺术.名词术语
亭,美术学部.建筑艺术.名词术语
阁,美术学部.建筑艺术.名词术语
榭,美术学部.建筑艺术.名词术语
牌坊,美术学部.建筑艺术.名词术语
石窟寺,美术学部.建筑艺术.名词术语
清真寺,美术学部.建筑艺术.名词术语
经幢,美术学部.建筑艺术.名词术语
阙,美术学部.建筑艺术.名词术语
梁,美术学部.建筑艺术.名词术语
柱,美术学部.建筑艺术.名词术语
枋,美术学部.建筑艺术.名词术语
桁架,美术学部.建筑艺术.名词术语
椽,美术学部.建筑艺术.名词术语
博古架,美术学部.建筑艺术.名词术语
巨石建筑,美术学部.建筑艺术.名词术语
庙塔,美术学部.建筑艺术.名词术语
飞扶垛,美术学部.建筑艺术.名词术语
金字塔,美术学部.建筑艺术.名词术语
塔门,美术学部.建筑艺术.名词术语
马斯塔巴,美术学部.建筑艺术.名词术语
方尖碑,美术学部.建筑艺术.名词术语
支提,美术学部.建筑艺术.名词术语
陀兰那,美术学部.建筑艺术.名词术语
毗诃罗,美术学部.建筑艺术.名词术语
普克风格,美术学部.建筑艺术.名词术语
光塔,美术学部.建筑艺术.名词术语
伊旺,美术学部.建筑艺术.名词术语
库利耶,美术学部.建筑艺术.名词术语
曼达波,美术学部.建筑艺术.名词术语
希诃罗,美术学部.建筑艺术.名词术语
维摩那,美术学部.建筑艺术.名词术语
瞿布罗,美术学部.建筑艺术.名词术语
和样,美术学部.建筑艺术.名词术语
天竺样,美术学部.建筑艺术.名词术语
唐样,美术学部.建筑艺术.名词术语
寝殿造,美术学部.建筑艺术.名词术语
武家造,美术学部.建筑艺术.名词术语
书院造,美术学部.建筑艺术.名词术语
数寄屋造,美术学部.建筑艺术.名词术语
榻榻米,美术学部.建筑艺术.名词术语
柱式,美术学部.建筑艺术.名词术语
多立克柱式,美术学部.建筑艺术.名词术语
爱奥尼亚柱式,美术学部.建筑艺术.名词术语
科林斯柱式,美术学部.建筑艺术.名词术语
托斯卡纳柱式,美术学部.建筑艺术.名词术语
女像柱,美术学部.建筑艺术.名词术语
卷杀,美术学部.建筑艺术.名词术语
柱廊,美术学部.建筑艺术.名词术语
渡渠,美术学部.建筑艺术.名词术语
拱,美术学部.建筑艺术.名词术语
拱顶,美术学部.建筑艺术.名词术语
肋架拱顶,美术学部.建筑艺术.名词术语
蜂窝拱,美术学部.建筑艺术.名词术语
扇形拱顶,美术学部.建筑艺术.名词术语
宅邸教堂,美术学部.建筑艺术.名词术语
巴西利卡,美术学部.建筑艺术.名词术语
基督教巴西利卡,美术学部.建筑艺术.名词术语
朝圣教堂,美术学部.建筑艺术.名词术语
伊萨伯拉风格,美术学部.建筑艺术.名词术语
曼努埃尔风格,美术学部.建筑艺术.名词术语
花窗格,美术学部.建筑艺术.名词术语
辐射式,美术学部.建筑艺术.名词术语
火焰式,美术学部.建筑艺术.名词术语
盛饰式,美术学部.建筑艺术.名词术语
垂直式,美术学部.建筑艺术.名词术语
银匠式,美术学部.建筑艺术.名词术语
帕拉第奥母题,美术学部.建筑艺术.名词术语
阿拉伯纹样,美术学部.建筑艺术.名词术语
怪诞图样,美术学部.建筑艺术.名词术语
丘里格拉式,美术学部.建筑艺术.名词术语
都铎风格,美术学部.建筑艺术.名词术语
帕拉第奥主义,美术学部.建筑艺术.名词术语
殖民时期风格,美术学部.建筑艺术.名词术语
古典复兴,美术学部.建筑艺术.名词术语
帝国风格,美术学部.建筑艺术.名词术语
哥特式复兴,美术学部.建筑艺术.名词术语
折衷主义,美术学部.建筑艺术.名词术语
芝加哥学派,美术学部.建筑艺术.名词术语
阿姆斯特丹学派,美术学部.建筑艺术.名词术语
草原式住宅,美术学部.建筑艺术.名词术语
现代派建筑,美术学部.建筑艺术.名词术语
有机建筑,美术学部.建筑艺术.名词术语
国际风格,美术学部.建筑艺术.名词术语
粗野主义,美术学部.建筑艺术.名词术语
典雅主义,美术学部.建筑艺术.名词术语
高技派建筑,美术学部.建筑艺术.名词术语
后现代主义建筑,美术学部.建筑艺术.名词术语
长城,美术学部.建筑艺术.作品.中国
北魏洛阳城,美术学部.建筑艺术.作品.中国
隋唐长安城,美术学部.建筑艺术.作品.中国
丽江古城,美术学部.建筑艺术.作品.中国
明清北京城,美术学部.建筑艺术.作品.中国
紫禁城,美术学部.建筑艺术.作品.中国
故宫,美术学部.建筑艺术.作品.中国
天坛,美术学部.建筑艺术.作品.中国
天一阁,美术学部.建筑艺术.作品.中国
黄帝陵,美术学部.建筑艺术.作品.中国
明十三陵,美术学部.建筑艺术.作品.中国
清东陵,美术学部.建筑艺术.作品.中国
清西陵,美术学部.建筑艺术.作品.中国
中山陵,美术学部.建筑艺术.作品.中国
白马寺,美术学部.建筑艺术.作品.中国
保国寺,美术学部.建筑艺术.作品.中国
佛光寺,美术学部.建筑艺术.作品.中国
悬空寺,美术学部.建筑艺术.作品.中国
万年寺,美术学部.建筑艺术.作品.中国
隆兴寺,美术学部.建筑艺术.作品.中国
山西南禅寺,美术学部.建筑艺术.作品.中国
龙山寺,美术学部.建筑艺术.作品.中国
开元寺,美术学部.建筑艺术.作品.中国
化觉寺,美术学部.建筑艺术.作品.中国
华严寺,美术学部.建筑艺术.作品.中国
永乐宫,美术学部.建筑艺术.作品.中国
碧云寺,美术学部.建筑艺术.作品.中国
塔尔寺,美术学部.建筑艺术.作品.中国
布达拉宫,美术学部.建筑艺术.作品.中国
雍和宫,美术学部.建筑艺术.作品.中国
朝天宫,美术学部.建筑艺术.作品.中国
普宁寺,美术学部.建筑艺术.作品.中国
嵩岳寺塔,美术学部.建筑艺术.作品.中国
四门塔,美术学部.建筑艺术.作品.中国
大雁塔,美术学部.建筑艺术.作品.中国
玄奘塔,美术学部.建筑艺术.作品.中国
小雁塔,美术学部.建筑艺术.作品.中国
大理三塔,美术学部.建筑艺术.作品.中国
云岩寺塔,美术学部.建筑艺术.作品.中国
虎丘塔,美术学部.建筑艺术.作品.中国
六和塔,美术学部.建筑艺术.作品.中国
龙华塔,美术学部.建筑艺术.作品.中国
繁塔,美术学部.建筑艺术.作品.中国
料敌塔,美术学部.建筑艺术.作品.中国
开元寺塔,美术学部.建筑艺术.作品.中国
祐国寺塔,美术学部.建筑艺术.作品.中国
开封铁塔,美术学部.建筑艺术.作品.中国
玉泉寺铁塔,美术学部.建筑艺术.作品.中国
天宁寺塔,美术学部.建筑艺术.作品.中国
佛宫寺释迦塔,美术学部.建筑艺术.作品.中国
应县木塔,美术学部.建筑艺术.作品.中国
云居寺塔,美术学部.建筑艺术.作品.中国
开元寺双塔,美术学部.建筑艺术.作品.中国
妙应寺白塔,美术学部.建筑艺术.作品.中国
真觉寺金刚宝座塔,美术学部.建筑艺术.作品.中国
兰亭,美术学部.建筑艺术.作品.中国
瘦西湖,美术学部.建筑艺术.作品.中国
环秀山庄,美术学部.建筑艺术.作品.中国
沧浪亭,美术学部.建筑艺术.作品.中国
艮岳,美术学部.建筑艺术.作品.中国
西苑,美术学部.建筑艺术.作品.中国
颐和园,美术学部.建筑艺术.作品.中国
景山,美术学部.建筑艺术.作品.中国
圆明园,美术学部.建筑艺术.作品.中国
谐趣园,美术学部.建筑艺术.作品.中国
三山五园,美术学部.建筑艺术.作品.中国
避暑山庄,美术学部.建筑艺术.作品.中国
网师园,美术学部.建筑艺术.作品.中国
狮子林,美术学部.建筑艺术.作品.中国
拙政园,美术学部.建筑艺术.作品.中国
留园,美术学部.建筑艺术.作品.中国
怡园,美术学部.建筑艺术.作品.中国
豫园,美术学部.建筑艺术.作品.中国
瞻园,美术学部.建筑艺术.作品.中国
寄畅园,美术学部.建筑艺术.作品.中国
随园,美术学部.建筑艺术.作品.中国
个园,美术学部.建筑艺术.作品.中国
十笏园,美术学部.建筑艺术.作品.中国
蠡园,美术学部.建筑艺术.作品.中国
登封观星台,美术学部.建筑艺术.作品.中国
渤海石灯,美术学部.建筑艺术.作品.中国
赵州桥,美术学部.建筑艺术.作品.中国
安济桥,美术学部.建筑艺术.作品.中国
宝带桥,美术学部.建筑艺术.作品.中国
观音桥,美术学部.建筑艺术.作品.中国
虹桥,美术学部.建筑艺术.作品.中国
洛阳桥,美术学部.建筑艺术.作品.中国
安平桥,美术学部.建筑艺术.作品.中国
广济桥,美术学部.建筑艺术.作品.中国
十字桥,美术学部.建筑艺术.作品.中国
大渡河铁索桥,美术学部.建筑艺术.作品.中国
泸定桥,美术学部.建筑艺术.作品.中国
十七孔桥,美术学部.建筑艺术.作品.中国
五亭桥,美术学部.建筑艺术.作品.中国
安澜桥,美术学部.建筑艺术.作品.中国
灞桥,美术学部.建筑艺术.作品.中国
天安门广场,美术学部.建筑艺术.作品.中国
人民英雄纪念碑,美术学部.建筑艺术.作品.中国
上海外滩建筑群,美术学部.建筑艺术.作品.中国
佛国寺,美术学部.建筑艺术.作品.外国
伊势神宫,美术学部.建筑艺术.作品.外国
法隆寺,美术学部.建筑艺术.作品.外国
严岛神社,美术学部.建筑艺术.作品.外国
东大寺,美术学部.建筑艺术.作品.外国
唐招提寺,美术学部.建筑艺术.作品.外国
平等院凤凰堂,美术学部.建筑艺术.作品.外国
姬路城天守阁,美术学部.建筑艺术.作品.外国
桂离宫,美术学部.建筑艺术.作品.外国
光之教堂,美术学部.建筑艺术.作品.外国
螺旋大厦,美术学部.建筑艺术.作品.外国
中银舱体大楼,美术学部.建筑艺术.作品.外国
阿难陀寺,美术学部.建筑艺术.作品.外国
泰吉·玛哈尔陵,美术学部.建筑艺术.作品.外国
玉佛寺,美术学部.建筑艺术.作品.外国
吴哥寺,美术学部.建筑艺术.作品.外国
桑奇大塔,美术学部.建筑艺术.作品.外国
窣堵波,美术学部.建筑艺术.作品.外国
凯拉萨纳塔神庙,美术学部.建筑艺术.作品.外国
阿旃陀,美术学部.建筑艺术.作品.外国
那烂陀寺,美术学部.建筑艺术.作品.外国
婆罗浮屠,美术学部.建筑艺术.作品.外国
坎达里亚·摩诃提婆神庙,美术学部.建筑艺术.作品.外国
林伽罗阇神庙,美术学部.建筑艺术.作品.外国
胡马雍陵,美术学部.建筑艺术.作品.外国
斋普尔文化中心,美术学部.建筑艺术.作品.外国
昌迪加尔行政中心,美术学部.建筑艺术.作品.外国
妙俱窣堵波,美术学部.建筑艺术.作品.外国
杰里科,美术学部.建筑艺术.作品.外国
亚述王宫,美术学部.建筑艺术.作品.外国
埃利都,美术学部.建筑艺术.作品.外国
塔庙,美术学部.建筑艺术.作品.外国
新巴比伦城,美术学部.建筑艺术.作品.外国
波斯波利斯,美术学部.建筑艺术.作品.外国
圣石庙,美术学部.建筑艺术.作品.外国
萨迈拉大清真寺,美术学部.建筑艺术.作品.外国
姆夏塔宫,美术学部.建筑艺术.作品.外国
大马士革大清真寺,美术学部.建筑艺术.作品.外国
加泰土丘,美术学部.建筑艺术.作品.外国
圣索菲亚教堂,美术学部.建筑艺术.作品.外国
赫尔辛基中央火车站,美术学部.建筑艺术.作品.外国
派米奥肺结核病疗养院,美术学部.建筑艺术.作品.外国
玛利亚别墅,美术学部.建筑艺术.作品.外国
赛于奈察洛镇中心,美术学部.建筑艺术.作品.外国
圣索菲亚主教堂,美术学部.建筑艺术.作品.外国
圣巴西尔主教堂,美术学部.建筑艺术.作品.外国
圣彼得堡冬宫,美术学部.建筑艺术.作品.外国
圣彼得堡海军部大厦,美术学部.建筑艺术.作品.外国
施派尔主教堂,美术学部.建筑艺术.作品.外国
希尔德斯海姆主教堂,美术学部.建筑艺术.作品.外国
科隆圣潘泰莱昂教堂,美术学部.建筑艺术.作品.外国
科隆主教堂,美术学部.建筑艺术.作品.外国
奥格斯堡富格尔礼拜堂,美术学部.建筑艺术.作品.外国
茨温格宫,美术学部.建筑艺术.作品.外国
勃兰登堡门,美术学部.建筑艺术.作品.外国
慕尼黑雕刻陈列馆,美术学部.建筑艺术.作品.外国
柏林宫廷剧院,美术学部.建筑艺术.作品.外国
德国通用电气公司涡轮机车间,美术学部.建筑艺术.作品.外国
法古斯工厂,美术学部.建筑艺术.作品.外国
爱因斯坦天文台,美术学部.建筑艺术.作品.外国
包豪斯校舍,美术学部.建筑艺术.作品.外国
魏森霍夫住宅展览会建筑群,美术学部.建筑艺术.作品.外国
柏林会堂,美术学部.建筑艺术.作品.外国
汉莎区国际住宅展览会建筑群,美术学部.建筑艺术.作品.外国
柏林爱乐音乐厅,美术学部.建筑艺术.作品.外国
柏林犹太人博物馆,美术学部.建筑艺术.作品.外国
维特拉消防站,美术学部.建筑艺术.作品.外国
巨石冢,美术学部.建筑艺术.作品.外国
巨石阵,美术学部.建筑艺术.作品.外国
坎特伯雷主教堂,美术学部.建筑艺术.作品.外国
威斯敏斯特大修道院教堂,美术学部.建筑艺术.作品.外国
林肯主教堂,美术学部.建筑艺术.作品.外国
伦敦塔,美术学部.建筑艺术.作品.外国
达勒姆主教堂,美术学部.建筑艺术.作品.外国
伯利府邸,美术学部.建筑艺术.作品.外国
朗里特府邸,美术学部.建筑艺术.作品.外国
草莓山庄,美术学部.建筑艺术.作品.外国
伦敦水晶宫,美术学部.建筑艺术.作品.外国
红屋,美术学部.建筑艺术.作品.外国
英国议会大厦,美术学部.建筑艺术.作品.外国
格拉斯哥艺术学校校舍,美术学部.建筑艺术.作品.外国
斯坦顿庄园,美术学部.建筑艺术.作品.外国
圣三一教堂大殿,美术学部.建筑艺术.作品.外国
拉姆西花园,美术学部.建筑艺术.作品.外国
鸟屋建筑,美术学部.建筑艺术.作品.外国
罗德马通庄园,美术学部.建筑艺术.作品.外国
劳埃德大厦,美术学部.建筑艺术.作品.外国
新国家美术馆,美术学部.建筑艺术.作品.外国
阿姆斯特丹市政厅,美术学部.建筑艺术.作品.外国
阿姆斯特丹商品交易所,美术学部.建筑艺术.作品.外国
施罗德住宅,美术学部.建筑艺术.作品.外国
安特卫普市政厅,美术学部.建筑艺术.作品.外国
塔塞尔住宅,美术学部.建筑艺术.作品.外国
斯托克莱宫,美术学部.建筑艺术.作品.外国
宫廷礼拜堂,美术学部.建筑艺术.作品.外国
圣德尼大修道院教堂,美术学部.建筑艺术.作品.外国
克吕尼修道院第三教堂,美术学部.建筑艺术.作品.外国
图卢兹圣塞尔南教堂,美术学部.建筑艺术.作品.外国
圣福瓦大修道院教堂,美术学部.建筑艺术.作品.外国
欧坦主教堂,美术学部.建筑艺术.作品.外国
沙特尔主教堂,美术学部.建筑艺术.作品.外国
巴黎圣母院,美术学部.建筑艺术.作品.外国
兰斯主教堂,美术学部.建筑艺术.作品.外国
巴黎宫廷礼拜堂,美术学部.建筑艺术.作品.外国
斯特拉斯堡主教堂,美术学部.建筑艺术.作品.外国
凡尔赛宫,美术学部.建筑艺术.作品.外国
舍农索城堡,美术学部.建筑艺术.作品.外国
尚博尔城堡,美术学部.建筑艺术.作品.外国
枫丹白露宫,美术学部.建筑艺术.作品.外国
先贤祠,美术学部.建筑艺术.作品.外国
大凯旋门,美术学部.建筑艺术.作品.外国
圣热纳维耶芙图书馆,美术学部.建筑艺术.作品.外国
巴黎歌剧院,美术学部.建筑艺术.作品.外国
圣心教堂,美术学部.建筑艺术.作品.外国
富兰克林路公寓,美术学部.建筑艺术.作品.外国
埃菲尔铁塔,美术学部.建筑艺术.作品.外国
萨沃伊别墅,美术学部.建筑艺术.作品.外国
马赛公寓大楼,美术学部.建筑艺术.作品.外国
朗香教堂,美术学部.建筑艺术.作品.外国
装饰艺术博物馆,美术学部.建筑艺术.作品.外国
阿拉伯世界研究中心,美术学部.建筑艺术.作品.外国
卢浮宫扩建,美术学部.建筑艺术.作品.外国
拉维莱特公园,美术学部.建筑艺术.作品.外国
巴黎音乐城,美术学部.建筑艺术.作品.外国
芝包乌文化中心,美术学部.建筑艺术.作品.外国
科尔多瓦大清真寺,美术学部.建筑艺术.作品.外国
哈卡主教堂,美术学部.建筑艺术.作品.外国
圣伊西多尔教堂,美术学部.建筑艺术.作品.外国
圣地亚哥·德·孔波斯特拉主教堂,美术学部.建筑艺术.作品.外国
锡洛斯圣多明戈修道院教堂,美术学部.建筑艺术.作品.外国
阿尔罕布拉宫,美术学部.建筑艺术.作品.外国
查理五世宫,美术学部.建筑艺术.作品.外国
埃斯科里亚尔宫,美术学部.建筑艺术.作品.外国
圣家族赎罪教堂,美术学部.建筑艺术.作品.外国
米拉公寓,美术学部.建筑艺术.作品.外国
1929年世博会德国馆,美术学部.建筑艺术.作品.外国
国立罗马艺术博物馆,美术学部.建筑艺术.作品.外国
阿拉米略大桥,美术学部.建筑艺术.作品.外国
毕尔巴鄂古根海姆博物馆,美术学部.建筑艺术.作品.外国
隆德主教堂,美术学部.建筑艺术.作品.外国
观景宫,美术学部.建筑艺术.作品.外国
分离派展览馆,美术学部.建筑艺术.作品.外国
马凯鲁斯剧场,美术学部.建筑艺术.作品.外国
埃特鲁里亚建筑,美术学部.建筑艺术.作品.外国
阿克拉加斯,美术学部.建筑艺术.作品.外国
图拉真市场,美术学部.建筑艺术.作品.外国
普勒尼斯特命运女神神庙,美术学部.建筑艺术.作品.外国
黄金宫,美术学部.建筑艺术.作品.外国
圆形竞技场,美术学部.建筑艺术.作品.外国
替度斯凯旋门,美术学部.建筑艺术.作品.外国
弗拉维安宫,美术学部.建筑艺术.作品.外国
图拉真浴场,美术学部.建筑艺术.作品.外国
哈德良别墅,美术学部.建筑艺术.作品.外国
万神庙,美术学部.建筑艺术.作品.外国
塞维鲁凯旋门,美术学部.建筑艺术.作品.外国
君士坦丁巴西利卡,美术学部.建筑艺术.作品.外国
君士坦丁凯旋门,美术学部.建筑艺术.作品.外国
圣彼得教堂,美术学部.建筑艺术.作品.外国
圣科斯坦扎陵庙,美术学部.建筑艺术.作品.外国
米兰圣安布罗焦教堂,美术学部.建筑艺术.作品.外国
加拉·普拉奇迪亚陵庙,美术学部.建筑艺术.作品.外国
新圣阿波利纳雷教堂,美术学部.建筑艺术.作品.外国
圣维塔莱教堂,美术学部.建筑艺术.作品.外国
克拉塞圣阿波利纳雷教堂,美术学部.建筑艺术.作品.外国
圣马可教堂,美术学部.建筑艺术.作品.外国
威尼斯总督宫,美术学部.建筑艺术.作品.外国
比萨主教堂,美术学部.建筑艺术.作品.外国
帕尔马主教堂,美术学部.建筑艺术.作品.外国
摩德纳主教堂,美术学部.建筑艺术.作品.外国
佛罗伦萨主教座堂,美术学部.建筑艺术.作品.外国
维奇奥宫,美术学部.建筑艺术.作品.外国
米兰主教堂,美术学部.建筑艺术.作品.外国
佛罗伦萨洗礼堂,美术学部.建筑艺术.作品.外国
坦比哀多小教堂,美术学部.建筑艺术.作品.外国
乌菲齐宫,美术学部.建筑艺术.作品.外国
耶稣会教堂,美术学部.建筑艺术.作品.外国
圣卡尔洛教堂,美术学部.建筑艺术.作品.外国
圣阿涅塞教堂,美术学部.建筑艺术.作品.外国
埃马努埃莱二世纪念碑,美术学部.建筑艺术.作品.外国
埃马努埃莱二世拱廊,美术学部.建筑艺术.作品.外国
罗马火车总站,美术学部.建筑艺术.作品.外国
小体育宫,美术学部.建筑艺术.作品.外国
皮雷利大厦,美术学部.建筑艺术.作品.外国
米诺斯宫,美术学部.建筑艺术.作品.外国
迈锡尼城堡,美术学部.建筑艺术.作品.外国
阿特柔斯宝库,美术学部.建筑艺术.作品.外国
摩索拉斯陵墓,美术学部.建筑艺术.作品.外国
塞利努斯,美术学部.建筑艺术.作品.外国
帕埃斯图姆,美术学部.建筑艺术.作品.外国
阿法亚神庙,美术学部.建筑艺术.作品.外国
宙斯神庙,美术学部.建筑艺术.作品.外国
神殿柱廊,美术学部.建筑艺术.作品.外国
帕提侬神庙,美术学部.建筑艺术.作品.外国
厄瑞克忒翁神庙,美术学部.建筑艺术.作品.外国
希腊露天剧场,美术学部.建筑艺术.作品.外国
利西克拉底合唱队纪念碑,美术学部.建筑艺术.作品.外国
圣卢卡修道院,美术学部.建筑艺术.作品.外国
左塞阶梯式金字塔,美术学部.建筑艺术.作品.外国
门图荷太普二世葬庙,美术学部.建筑艺术.作品.外国
斯奈夫鲁金字塔,美术学部.建筑艺术.作品.外国
吉萨金字塔群,美术学部.建筑艺术.作品.外国
凯尔奈克神庙,美术学部.建筑艺术.作品.外国
卢克索神庙,美术学部.建筑艺术.作品.外国
凯鲁万大清真寺,美术学部.建筑艺术.作品.外国
伊本·土伦清真寺,美术学部.建筑艺术.作品.外国
悉尼歌剧院,美术学部.建筑艺术.作品.外国
卡萨罗马,美术学部.建筑艺术.作品.外国
多伦多市政大厦,美术学部.建筑艺术.作品.外国
1967年世博会西德馆,美术学部.建筑艺术.作品.外国
1967年世博会集合住宅,美术学部.建筑艺术.作品.外国
美国国会大厦,美术学部.建筑艺术.作品.外国
布鲁克林桥,美术学部.建筑艺术.作品.外国
洛克菲勒中心,美术学部.建筑艺术.作品.外国
家庭保险公司大厦,美术学部.建筑艺术.作品.外国
橡树园,美术学部.建筑艺术.作品.外国
C.P.S.百货公司大厦,美术学部.建筑艺术.作品.外国
信托大厦,美术学部.建筑艺术.作品.外国
健康住宅,美术学部.建筑艺术.作品.外国
克莱斯勒大厦,美术学部.建筑艺术.作品.外国
帝国大厦,美术学部.建筑艺术.作品.外国
流水别墅,美术学部.建筑艺术.作品.外国
范斯沃斯住宅,美术学部.建筑艺术.作品.外国
联合国总部大楼,美术学部.建筑艺术.作品.外国
湖滨公寓,美术学部.建筑艺术.作品.外国
利华大厦,美术学部.建筑艺术.作品.外国
西格拉姆大厦,美术学部.建筑艺术.作品.外国
肯尼迪机场环球航空公司候机楼,美术学部.建筑艺术.作品.外国
理查兹医学研究实验楼,美术学部.建筑艺术.作品.外国
世界贸易中心,美术学部.建筑艺术.作品.外国
意大利广场,美术学部.建筑艺术.作品.外国
美国国家美术馆东馆,美术学部.建筑艺术.作品.外国
美国电报电话公司大厦,美术学部.建筑艺术.作品.外国
波特兰市政大楼,美术学部.建筑艺术.作品.外国
韦克斯纳视觉艺术中心,美术学部.建筑艺术.作品.外国
旧金山现代艺术博物馆,美术学部.建筑艺术.作品.外国
阿兹特克建筑,美术学部.建筑艺术.作品.外国
奇琴伊察,美术学部.建筑艺术.作品.外国
特奥蒂瓦坎,美术学部.建筑艺术.作品.外国
蒂卡尔,美术学部.建筑艺术.作品.外国
托尔特克建筑,美术学部.建筑艺术.作品.外国
国家人类学博物馆,美术学部.建筑艺术.作品.外国
马丘比丘,美术学部.建筑艺术.作品.外国
巴西国会大厦,美术学部.建筑艺术.作品.外国
工艺美术,美术学部.工艺美术与艺术设计.名词术语
装饰艺术,美术学部.工艺美术与艺术设计.名词术语
商业美术,美术学部.工艺美术与艺术设计.名词术语
民间工艺,美术学部.工艺美术与艺术设计.名词术语
特种工艺,美术学部.工艺美术与艺术设计.名词术语
现代工艺,美术学部.工艺美术与艺术设计.名词术语
装潢,美术学部.工艺美术与艺术设计.名词术语
商品装潢,美术学部.工艺美术与艺术设计.名词术语
装饰绘画,美术学部.工艺美术与艺术设计.名词术语
金泽工艺,美术学部.工艺美术与艺术设计.名词术语
民艺运动,美术学部.工艺美术与艺术设计.名词术语
路易十四时代,美术学部.工艺美术与艺术设计.名词术语
维多利亚风格,美术学部.工艺美术与艺术设计.名词术语
工艺美术运动,美术学部.工艺美术与艺术设计.名词术语
装饰艺术运动,美术学部.工艺美术与艺术设计.名词术语
功能主义,美术学部.工艺美术与艺术设计.名词术语
现代主义设计,美术学部.工艺美术与艺术设计.名词术语
后现代主义设计,美术学部.工艺美术与艺术设计.名词术语
风格派设计,美术学部.工艺美术与艺术设计.名词术语
极简主义设计,美术学部.工艺美术与艺术设计.名词术语
解构主义设计,美术学部.工艺美术与艺术设计.名词术语
斯堪的纳维亚风格,美术学部.工艺美术与艺术设计.名词术语
流线型风格,美术学部.工艺美术与艺术设计.名词术语
高技风格,美术学部.工艺美术与艺术设计.名词术语
过渡高技风格,美术学部.工艺美术与艺术设计.名词术语
国际印刷排版风格,美术学部.工艺美术与艺术设计.名词术语
无印良品,美术学部.工艺美术与艺术设计.名词术语
伦敦博览会,美术学部.工艺美术与艺术设计.名词术语
巴黎国际博览会,美术学部.工艺美术与艺术设计.名词术语
柏德克利夫居留地,美术学部.工艺美术与艺术设计.名词术语
图案,美术学部.工艺美术与艺术设计.名词术语
纹样,美术学部.工艺美术与艺术设计.名词术语
单独纹样,美术学部.工艺美术与艺术设计.名词术语
适合纹样,美术学部.工艺美术与艺术设计.名词术语
角隅纹样,美术学部.工艺美术与艺术设计.名词术语
边饰纹样,美术学部.工艺美术与艺术设计.名词术语
二方连续,美术学部.工艺美术与艺术设计.名词术语
四方连续,美术学部.工艺美术与艺术设计.名词术语
开光,美术学部.工艺美术与艺术设计.名词术语
人物纹,美术学部.工艺美术与艺术设计.名词术语
动物纹,美术学部.工艺美术与艺术设计.名词术语
植物纹,美术学部.工艺美术与艺术设计.名词术语
山水纹,美术学部.工艺美术与艺术设计.名词术语
文字纹,美术学部.工艺美术与艺术设计.名词术语
几何图案,美术学部.工艺美术与艺术设计.名词术语
缠枝纹,美术学部.工艺美术与艺术设计.名词术语
卷草纹,美术学部.工艺美术与艺术设计.名词术语
联珠纹,美术学部.工艺美术与艺术设计.名词术语
人面纹,美术学部.工艺美术与艺术设计.名词术语
人面鱼纹,美术学部.工艺美术与艺术设计.名词术语
婴戏纹,美术学部.工艺美术与艺术设计.名词术语
历史故事图,美术学部.工艺美术与艺术设计.名词术语
刀马人,美术学部.工艺美术与艺术设计.名词术语
耕织图,美术学部.工艺美术与艺术设计.名词术语
鱼纹,美术学部.工艺美术与艺术设计.名词术语
龙纹,美术学部.工艺美术与艺术设计.名词术语
凤纹,美术学部.工艺美术与艺术设计.名词术语
龙凤纹,美术学部.工艺美术与艺术设计.名词术语
鸳鸯纹,美术学部.工艺美术与艺术设计.名词术语
麒麟纹,美术学部.工艺美术与艺术设计.名词术语
兽面纹,美术学部.工艺美术与艺术设计.名词术语
饕餮纹,美术学部.工艺美术与艺术设计.名词术语
宝相花纹,美术学部.工艺美术与艺术设计.名词术语
团花纹,美术学部.工艺美术与艺术设计.名词术语
忍冬纹,美术学部.工艺美术与艺术设计.名词术语
牡丹纹,美术学部.工艺美术与艺术设计.名词术语
莲花纹,美术学部.工艺美术与艺术设计.名词术语
方胜,美术学部.工艺美术与艺术设计.名词术语
云雷纹,美术学部.工艺美术与艺术设计.名词术语
博古纹,美术学部.工艺美术与艺术设计.名词术语
吉祥图案,美术学部.工艺美术与艺术设计.名词术语
三阳开泰,美术学部.工艺美术与艺术设计.名词术语
青铜艺术,美术学部.工艺美术与艺术设计.名词术语
青铜礼器,美术学部.工艺美术与艺术设计.名词术语
鼎,美术学部.工艺美术与艺术设计.名词术语
簋,美术学部.工艺美术与艺术设计.名词术语
铜镜,美术学部.工艺美术与艺术设计.名词术语
陶瓷艺术,美术学部.工艺美术与艺术设计.名词术语
泥条盘筑法,美术学部.工艺美术与艺术设计.名词术语
轮制法,美术学部.工艺美术与艺术设计.名词术语
模制法,美术学部.工艺美术与艺术设计.名词术语
二元配方,美术学部.工艺美术与艺术设计.名词术语
化妆土,美术学部.工艺美术与艺术设计.名词术语
印花,美术学部.工艺美术与艺术设计.名词术语
划花,美术学部.工艺美术与艺术设计.名词术语
贴花,美术学部.工艺美术与艺术设计.名词术语
描金,美术学部.工艺美术与艺术设计.名词术语
刻花,美术学部.工艺美术与艺术设计.名词术语
剔花,美术学部.工艺美术与艺术设计.名词术语
雕花,美术学部.工艺美术与艺术设计.名词术语
釉下彩,美术学部.工艺美术与艺术设计.名词术语
釉里红,美术学部.工艺美术与艺术设计.名词术语
青花,美术学部.工艺美术与艺术设计.名词术语
红釉,美术学部.工艺美术与艺术设计.名词术语
郎窑红,美术学部.工艺美术与艺术设计.名词术语
结晶釉,美术学部.工艺美术与艺术设计.名词术语
青釉,美术学部.工艺美术与艺术设计.名词术语
梅子青,美术学部.工艺美术与艺术设计.名词术语
粉青,美术学部.工艺美术与艺术设计.名词术语
绿釉,美术学部.工艺美术与艺术设计.名词术语
孔雀绿,美术学部.工艺美术与艺术设计.名词术语
孔雀蓝,美术学部.工艺美术与艺术设计.名词术语
釉上彩,美术学部.工艺美术与艺术设计.名词术语
斗彩,美术学部.工艺美术与艺术设计.名词术语
五彩,美术学部.工艺美术与艺术设计.名词术语
素三彩,美术学部.工艺美术与艺术设计.名词术语
粉彩,美术学部.工艺美术与艺术设计.名词术语
软彩,美术学部.工艺美术与艺术设计.名词术语
硬彩,美术学部.工艺美术与艺术设计.名词术语
珐琅彩,美术学部.工艺美术与艺术设计.名词术语
越窑,美术学部.工艺美术与艺术设计.名词术语
秘色窑,美术学部.工艺美术与艺术设计.名词术语
柴窑,美术学部.工艺美术与艺术设计.名词术语
长沙窑,美术学部.工艺美术与艺术设计.名词术语
汝窑,美术学部.工艺美术与艺术设计.名词术语
官窑,美术学部.工艺美术与艺术设计.名词术语
哥窑,美术学部.工艺美术与艺术设计.名词术语
钧窑,美术学部.工艺美术与艺术设计.名词术语
定窑,美术学部.工艺美术与艺术设计.名词术语
耀州窑,美术学部.工艺美术与艺术设计.名词术语
龙泉窑,美术学部.工艺美术与艺术设计.名词术语
建窑,美术学部.工艺美术与艺术设计.名词术语
磁州窑,美术学部.工艺美术与艺术设计.名词术语
景德镇窑,美术学部.工艺美术与艺术设计.名词术语
御窑厂,美术学部.工艺美术与艺术设计.名词术语
琉璃厂,美术学部.工艺美术与艺术设计.名词术语
宜兴窑,美术学部.工艺美术与艺术设计.名词术语
德化窑,美术学部.工艺美术与艺术设计.名词术语
石湾窑,美术学部.工艺美术与艺术设计.名词术语
郎窑,美术学部.工艺美术与艺术设计.名词术语
唐窑,美术学部.工艺美术与艺术设计.名词术语
年窑,美术学部.工艺美术与艺术设计.名词术语
民窑,美术学部.工艺美术与艺术设计.名词术语
希腊彩陶,美术学部.工艺美术与艺术设计.名词术语
阿雷提翁陶器,美术学部.工艺美术与艺术设计.名词术语
马约利卡陶器,美术学部.工艺美术与艺术设计.名词术语
九谷烧陶瓷器,美术学部.工艺美术与艺术设计.名词术语
迈森瓷器,美术学部.工艺美术与艺术设计.名词术语
碧玉炻器,美术学部.工艺美术与艺术设计.名词术语
阿雷基帕陶器,美术学部.工艺美术与艺术设计.名词术语
红陶,美术学部.工艺美术与艺术设计.名词术语
白陶,美术学部.工艺美术与艺术设计.名词术语
灰陶,美术学部.工艺美术与艺术设计.名词术语
黑陶,美术学部.工艺美术与艺术设计.名词术语
夹砂陶,美术学部.工艺美术与艺术设计.名词术语
彩陶,美术学部.工艺美术与艺术设计.名词术语
蛋壳陶,美术学部.工艺美术与艺术设计.名词术语
铅釉陶,美术学部.工艺美术与艺术设计.名词术语
唐三彩,美术学部.工艺美术与艺术设计.名词术语
紫砂,美术学部.工艺美术与艺术设计.名词术语
法华,美术学部.工艺美术与艺术设计.名词术语
像生瓷,美术学部.工艺美术与艺术设计.名词术语
瓶,美术学部.工艺美术与艺术设计.名词术语
梅瓶,美术学部.工艺美术与艺术设计.名词术语
玉壶春瓶,美术学部.工艺美术与艺术设计.名词术语
交泰瓶,美术学部.工艺美术与艺术设计.名词术语
转心瓶,美术学部.工艺美术与艺术设计.名词术语
金丝铁线,美术学部.工艺美术与艺术设计.名词术语
蚯蚓走泥纹,美术学部.工艺美术与艺术设计.名词术语
紫口铁足,美术学部.工艺美术与艺术设计.名词术语
冰裂纹,美术学部.工艺美术与艺术设计.名词术语
泪痕,美术学部.工艺美术与艺术设计.名词术语
芒,美术学部.工艺美术与艺术设计.名词术语
料器,美术学部.工艺美术与艺术设计.名词术语
琉璃工艺品,美术学部.工艺美术与艺术设计.名词术语
彩色玻璃画,美术学部.工艺美术与艺术设计.名词术语
威尼斯玻璃工艺,美术学部.工艺美术与艺术设计.名词术语
法国镜,美术学部.工艺美术与艺术设计.名词术语
玉器,美术学部.工艺美术与艺术设计.名词术语
金缕玉衣,美术学部.工艺美术与艺术设计.名词术语
青田石雕,美术学部.工艺美术与艺术设计.名词术语
寿山石雕,美术学部.工艺美术与艺术设计.名词术语
菊花石雕,美术学部.工艺美术与艺术设计.名词术语
竹刻,美术学部.工艺美术与艺术设计.名词术语
留青,美术学部.工艺美术与艺术设计.名词术语
竹簧工艺,美术学部.工艺美术与艺术设计.名词术语
竹帘画,美术学部.工艺美术与艺术设计.名词术语
潮州木雕,美术学部.工艺美术与艺术设计.名词术语
金漆木雕,美术学部.工艺美术与艺术设计.名词术语
黄杨木雕,美术学部.工艺美术与艺术设计.名词术语
东阳木雕,美术学部.工艺美术与艺术设计.名词术语
果核雕刻,美术学部.工艺美术与艺术设计.名词术语
砖雕,美术学部.工艺美术与艺术设计.名词术语
骨雕,美术学部.工艺美术与艺术设计.名词术语
根雕,美术学部.工艺美术与艺术设计.名词术语
刻丝,美术学部.工艺美术与艺术设计.名词术语
缂丝,美术学部.工艺美术与艺术设计.名词术语
织成,美术学部.工艺美术与艺术设计.名词术语
蜀锦,美术学部.工艺美术与艺术设计.名词术语
云锦,美术学部.工艺美术与艺术设计.名词术语
妆花,美术学部.工艺美术与艺术设计.名词术语
金宝地,美术学部.工艺美术与艺术设计.名词术语
库锦,美术学部.工艺美术与艺术设计.名词术语
库缎,美术学部.工艺美术与艺术设计.名词术语
织锦缎,美术学部.工艺美术与艺术设计.名词术语
西阵织,美术学部.工艺美术与艺术设计.名词术语
地毯,美术学部.工艺美术与艺术设计.名词术语
伊斯兰地毯,美术学部.工艺美术与艺术设计.名词术语
壁挂,美术学部.工艺美术与艺术设计.名词术语
印染工艺,美术学部.工艺美术与艺术设计.名词术语
染缬,美术学部.工艺美术与艺术设计.名词术语
绞缬,美术学部.工艺美术与艺术设计.名词术语
蜡缬,美术学部.工艺美术与艺术设计.名词术语
夹缬,美术学部.工艺美术与艺术设计.名词术语
灰缬,美术学部.工艺美术与艺术设计.名词术语
蜡染,美术学部.工艺美术与艺术设计.名词术语
蓝印花布,美术学部.工艺美术与艺术设计.名词术语
石染,美术学部.工艺美术与艺术设计.名词术语
友禅染,美术学部.工艺美术与艺术设计.名词术语
刺绣,美术学部.工艺美术与艺术设计.名词术语
顾绣,美术学部.工艺美术与艺术设计.名词术语
苏绣,美术学部.工艺美术与艺术设计.名词术语
湘绣,美术学部.工艺美术与艺术设计.名词术语
蜀绣,美术学部.工艺美术与艺术设计.名词术语
粤绣,美术学部.工艺美术与艺术设计.名词术语
京绣,美术学部.工艺美术与艺术设计.名词术语
汴绣,美术学部.工艺美术与艺术设计.名词术语
抽纱绣,美术学部.工艺美术与艺术设计.名词术语
雕绣,美术学部.工艺美术与艺术设计.名词术语
乱针绣,美术学部.工艺美术与艺术设计.名词术语
双面绣,美术学部.工艺美术与艺术设计.名词术语
十字绣,美术学部.工艺美术与艺术设计.名词术语
盘金,美术学部.工艺美术与艺术设计.名词术语
编结工艺,美术学部.工艺美术与艺术设计.名词术语
装饰结,美术学部.工艺美术与艺术设计.名词术语
实用结,美术学部.工艺美术与艺术设计.名词术语
中国结,美术学部.工艺美术与艺术设计.名词术语
漆器,美术学部.工艺美术与艺术设计.名词术语
髹漆工艺,美术学部.工艺美术与艺术设计.名词术语
脱胎漆器,美术学部.工艺美术与艺术设计.名词术语
犀皮,美术学部.工艺美术与艺术设计.名词术语
雕漆,美术学部.工艺美术与艺术设计.名词术语
剔红,美术学部.工艺美术与艺术设计.名词术语
剔犀,美术学部.工艺美术与艺术设计.名词术语
戗金,美术学部.工艺美术与艺术设计.名词术语
果园厂,美术学部.工艺美术与艺术设计.名词术语
日本漆器,美术学部.工艺美术与艺术设计.名词术语
明式家具,美术学部.工艺美术与艺术设计.名词术语
清式家具,美术学部.工艺美术与艺术设计.名词术语
苏式家具,美术学部.工艺美术与艺术设计.名词术语
广式家具,美术学部.工艺美术与艺术设计.名词术语
立柱式温莎椅,美术学部.工艺美术与艺术设计.名词术语
夏克式家具,美术学部.工艺美术与艺术设计.名词术语
索涅特曲木椅,美术学部.工艺美术与艺术设计.名词术语
镶嵌细工,美术学部.工艺美术与艺术设计.名词术语
文房四宝,美术学部.工艺美术与艺术设计.名词术语
湖笔,美术学部.工艺美术与艺术设计.名词术语
周虎臣笔,美术学部.工艺美术与艺术设计.名词术语
杨振华笔,美术学部.工艺美术与艺术设计.名词术语
李鼎和笔,美术学部.工艺美术与艺术设计.名词术语
徽墨,美术学部.工艺美术与艺术设计.名词术语
松烟墨,美术学部.工艺美术与艺术设计.名词术语
油烟墨,美术学部.工艺美术与艺术设计.名词术语
李廷珪墨,美术学部.工艺美术与艺术设计.名词术语
曹素功墨,美术学部.工艺美术与艺术设计.名词术语
胡开文墨,美术学部.工艺美术与艺术设计.名词术语
宣纸,美术学部.工艺美术与艺术设计.名词术语
澄心堂纸,美术学部.工艺美术与艺术设计.名词术语
笺纸,美术学部.工艺美术与艺术设计.名词术语
蜡笺纸,美术学部.工艺美术与艺术设计.名词术语
泥金纸,美术学部.工艺美术与艺术设计.名词术语
洒金纸,美术学部.工艺美术与艺术设计.名词术语
端砚,美术学部.工艺美术与艺术设计.名词术语
歙砚,美术学部.工艺美术与艺术设计.名词术语
澄泥砚,美术学部.工艺美术与艺术设计.名词术语
装裱,美术学部.工艺美术与艺术设计.名词术语
立轴,美术学部.工艺美术与艺术设计.名词术语
屏条,美术学部.工艺美术与艺术设计.名词术语
横披,美术学部.工艺美术与艺术设计.名词术语
册页,美术学部.工艺美术与艺术设计.名词术语
手卷,美术学部.工艺美术与艺术设计.名词术语
镜片,美术学部.工艺美术与艺术设计.名词术语
唐卡,美术学部.工艺美术与艺术设计.名词术语
人偶,美术学部.工艺美术与艺术设计.名词术语
摩喝罗,美术学部.工艺美术与艺术设计.名词术语
不倒翁,美术学部.工艺美术与艺术设计.名词术语
大阿福,美术学部.工艺美术与艺术设计.名词术语
泉州木偶,美术学部.工艺美术与艺术设计.名词术语
人形,美术学部.工艺美术与艺术设计.名词术语
芭比娃娃,美术学部.工艺美术与艺术设计.名词术语
俄罗斯套娃,美术学部.工艺美术与艺术设计.名词术语
剪纸,美术学部.工艺美术与艺术设计.名词术语
窗花,美术学部.工艺美术与艺术设计.名词术语
绒绢纸花,美术学部.工艺美术与艺术设计.名词术语
风筝,美术学部.工艺美术与艺术设计.名词术语
脸谱,美术学部.工艺美术与艺术设计.名词术语
傩面,美术学部.工艺美术与艺术设计.名词术语
扇,美术学部.工艺美术与艺术设计.名词术语
檀香扇,美术学部.工艺美术与艺术设计.名词术语
贝雕,美术学部.工艺美术与艺术设计.名词术语
螺钿,美术学部.工艺美术与艺术设计.名词术语
金银错,美术学部.工艺美术与艺术设计.名词术语
鎏金,美术学部.工艺美术与艺术设计.名词术语
铁画,美术学部.工艺美术与艺术设计.名词术语
铜刻,美术学部.工艺美术与艺术设计.名词术语
镶嵌画,美术学部.工艺美术与艺术设计.名词术语
软木画,美术学部.工艺美术与艺术设计.名词术语
景泰蓝,美术学部.工艺美术与艺术设计.名词术语
内画壶,美术学部.工艺美术与艺术设计.名词术语
象牙雕刻,美术学部.工艺美术与艺术设计.名词术语
煤精雕刻,美术学部.工艺美术与艺术设计.名词术语
画塑,美术学部.工艺美术与艺术设计.名词术语
灯彩,美术学部.工艺美术与艺术设计.名词术语
皮影,美术学部.工艺美术与艺术设计.名词术语
盆景,美术学部.工艺美术与艺术设计.名词术语
瓯塑,美术学部.工艺美术与艺术设计.名词术语
如意,美术学部.工艺美术与艺术设计.名词术语
复活节彩蛋,美术学部.工艺美术与艺术设计.名词术语
设计,美术学部.工艺美术与艺术设计.名词术语
设计表达,美术学部.工艺美术与艺术设计.名词术语
艺术设计,美术学部.工艺美术与艺术设计.名词术语
装饰艺术设计,美术学部.工艺美术与艺术设计.名词术语
手工艺设计,美术学部.工艺美术与艺术设计.名词术语
工业设计,美术学部.工艺美术与艺术设计.名词术语
工业设计师,美术学部.工艺美术与艺术设计.名词术语
平面设计,美术学部.工艺美术与艺术设计.名词术语
视觉传达设计,美术学部.工艺美术与艺术设计.名词术语
形态构成,美术学部.工艺美术与艺术设计.名词术语
几何形态,美术学部.工艺美术与艺术设计.名词术语
抽象形态,美术学部.工艺美术与艺术设计.名词术语
具象形态,美术学部.工艺美术与艺术设计.名词术语
平面构成,美术学部.工艺美术与艺术设计.名词术语
立体构成,美术学部.工艺美术与艺术设计.名词术语
视错觉构成,美术学部.工艺美术与艺术设计.名词术语
产品设计,美术学部.工艺美术与艺术设计.名词术语
产品设计流程,美术学部.工艺美术与艺术设计.名词术语
产品生命周期,美术学部.工艺美术与艺术设计.名词术语
产品语义学,美术学部.工艺美术与艺术设计.名词术语
功能设计,美术学部.工艺美术与艺术设计.名词术语
改良设计,美术学部.工艺美术与艺术设计.名词术语
情感设计,美术学部.工艺美术与艺术设计.名词术语
体验设计,美术学部.工艺美术与艺术设计.名词术语
通用设计,美术学部.工艺美术与艺术设计.名词术语
商品式样设计,美术学部.工艺美术与艺术设计.名词术语
家电产品设计,美术学部.工艺美术与艺术设计.名词术语
玩具设计,美术学部.工艺美术与艺术设计.名词术语
设计效果图,美术学部.工艺美术与艺术设计.名词术语
平面图,美术学部.工艺美术与艺术设计.名词术语
剖面图,美术学部.工艺美术与艺术设计.名词术语
三视图,美术学部.工艺美术与艺术设计.名词术语
产品模型,美术学部.工艺美术与艺术设计.名词术语
模数,美术学部.工艺美术与艺术设计.名词术语
包装,美术学部.工艺美术与艺术设计.名词术语
包装设计,美术学部.工艺美术与艺术设计.名词术语
包装模数,美术学部.工艺美术与艺术设计.名词术语
气泡膜,美术学部.工艺美术与艺术设计.名词术语
泡罩,美术学部.工艺美术与艺术设计.名词术语
自封袋,美术学部.工艺美术与艺术设计.名词术语
魔术贴,美术学部.工艺美术与艺术设计.名词术语
商标,美术学部.工艺美术与艺术设计.名词术语
商标设计,美术学部.工艺美术与艺术设计.名词术语
标志,美术学部.工艺美术与艺术设计.名词术语
广告设计,美术学部.工艺美术与艺术设计.名词术语
广告文案,美术学部.工艺美术与艺术设计.名词术语
广告媒体,美术学部.工艺美术与艺术设计.名词术语
展示设计,美术学部.工艺美术与艺术设计.名词术语
商业空间设计,美术学部.工艺美术与艺术设计.名词术语
展会设计,美术学部.工艺美术与艺术设计.名词术语
幌子,美术学部.工艺美术与艺术设计.名词术语
橱窗陈列,美术学部.工艺美术与艺术设计.名词术语
商店门面设计,美术学部.工艺美术与艺术设计.名词术语
商品展览会,美术学部.工艺美术与艺术设计.名词术语
品牌设计,美术学部.工艺美术与艺术设计.名词术语
CI设计,美术学部.工艺美术与艺术设计.名词术语
VI设计,美术学部.工艺美术与艺术设计.名词术语
图形设计,美术学部.工艺美术与艺术设计.名词术语
自然形,美术学部.工艺美术与艺术设计.名词术语
人工形,美术学部.工艺美术与艺术设计.名词术语
色彩设计,美术学部.工艺美术与艺术设计.名词术语
色彩构成,美术学部.工艺美术与艺术设计.名词术语
色彩管理,美术学部.工艺美术与艺术设计.名词术语
色谱,美术学部.工艺美术与艺术设计.名词术语
潘通色标,美术学部.工艺美术与艺术设计.名词术语
流行色,美术学部.工艺美术与艺术设计.名词术语
书籍装帧,美术学部.工艺美术与艺术设计.名词术语
立体书,美术学部.工艺美术与艺术设计.名词术语
版式设计,美术学部.工艺美术与艺术设计.名词术语
编排设计,美术学部.工艺美术与艺术设计.名词术语
网格设计,美术学部.工艺美术与艺术设计.名词术语
招贴设计,美术学部.工艺美术与艺术设计.名词术语
海报设计,美术学部.工艺美术与艺术设计.名词术语
导向识别设计,美术学部.工艺美术与艺术设计.名词术语
网页设计,美术学部.工艺美术与艺术设计.名词术语
衬线体,美术学部.工艺美术与艺术设计.名词术语
无衬线体,美术学部.工艺美术与艺术设计.名词术语
绿色设计,美术学部.工艺美术与艺术设计.名词术语
生态设计,美术学部.工艺美术与艺术设计.名词术语
可持续设计,美术学部.工艺美术与艺术设计.名词术语
无障碍设计,美术学部.工艺美术与艺术设计.名词术语
仿生设计,美术学部.工艺美术与艺术设计.名词术语
数字化设计,美术学部.工艺美术与艺术设计.名词术语
人机工程学,美术学部.工艺美术与艺术设计.名词术语
人机交互,美术学部.工艺美术与艺术设计.名词术语
交互设计,美术学部.工艺美术与艺术设计.名词术语
界面设计,美术学部.工艺美术与艺术设计.名词术语
图像处理软件,美术学部.工艺美术与艺术设计.名词术语
多媒体设计,美术学部.工艺美术与艺术设计.名词术语
多媒体设计师,美术学部.工艺美术与艺术设计.名词术语
视频设计,美术学部.工艺美术与艺术设计.名词术语
分镜,美术学部.工艺美术与艺术设计.名词术语
后期特效,美术学部.工艺美术与艺术设计.名词术语
虚拟现实,美术学部.工艺美术与艺术设计.名词术语
动画,美术学部.工艺美术与艺术设计.名词术语
卡通,美术学部.工艺美术与艺术设计.名词术语
三维数码动画,美术学部.工艺美术与艺术设计.名词术语
三维动画设计,美术学部.工艺美术与艺术设计.名词术语
动画造型设计,美术学部.工艺美术与艺术设计.名词术语
卡通衍生设计,美术学部.工艺美术与艺术设计.名词术语
非线性编辑,美术学部.工艺美术与艺术设计.名词术语
环境设计,美术学部.工艺美术与艺术设计.名词术语
室内设计,美术学部.工艺美术与艺术设计.名词术语
室内装饰,美术学部.工艺美术与艺术设计.名词术语
室内设计师,美术学部.工艺美术与艺术设计.名词术语
纤维艺术,美术学部.工艺美术与艺术设计.名词术语
软雕塑,美术学部.工艺美术与艺术设计.名词术语
软装饰,美术学部.工艺美术与艺术设计.名词术语
室内装修设计,美术学部.工艺美术与艺术设计.名词术语
室内绿化设计,美术学部.工艺美术与艺术设计.名词术语
家具设计,美术学部.工艺美术与艺术设计.名词术语
照明设计,美术学部.工艺美术与艺术设计.名词术语
灯具设计,美术学部.工艺美术与艺术设计.名词术语
眩光,美术学部.工艺美术与艺术设计.名词术语
室内隔断,美术学部.工艺美术与艺术设计.名词术语
动线设计,美术学部.工艺美术与艺术设计.名词术语
LOFT风格,美术学部.工艺美术与艺术设计.名词术语
城市规划设计,美术学部.工艺美术与艺术设计.名词术语
城市更新设计,美术学部.工艺美术与艺术设计.名词术语
岸线规划,美术学部.工艺美术与艺术设计.名词术语
街廓设计,美术学部.工艺美术与艺术设计.名词术语
景观设计学,美术学部.工艺美术与艺术设计.名词术语
景观生态学,美术学部.工艺美术与艺术设计.名词术语
城市地标,美术学部.工艺美术与艺术设计.名词术语
城市广场,美术学部.工艺美术与艺术设计.名词术语
步行街,美术学部.工艺美术与艺术设计.名词术语
水景,美术学部.工艺美术与艺术设计.名词术语
滨水区,美术学部.工艺美术与艺术设计.名词术语
景观灯,美术学部.工艺美术与艺术设计.名词术语
服饰设计,美术学部.工艺美术与艺术设计.名词术语
服装设计,美术学部.工艺美术与艺术设计.名词术语
服装结构设计,美术学部.工艺美术与艺术设计.名词术语
纸样设计,美术学部.工艺美术与艺术设计.名词术语
比例裁剪法,美术学部.工艺美术与艺术设计.名词术语
母型裁剪法,美术学部.工艺美术与艺术设计.名词术语
时装,美术学部.工艺美术与艺术设计.名词术语
时装画,美术学部.工艺美术与艺术设计.名词术语
时装廓线,美术学部.工艺美术与艺术设计.名词术语
紧身廓线,美术学部.工艺美术与艺术设计.名词术语
服装造型线,美术学部.工艺美术与艺术设计.名词术语
服装流行趋势,美术学部.工艺美术与艺术设计.名词术语
旗袍,美术学部.工艺美术与艺术设计.名词术语
中山装,美术学部.工艺美术与艺术设计.名词术语
牛仔裤,美术学部.工艺美术与艺术设计.名词术语
唐装,美术学部.工艺美术与艺术设计.名词术语
双妹,美术学部.工艺美术与艺术设计.名词术语
拉力克,美术学部.工艺美术与艺术设计.名词术语
蒂梵尼,美术学部.工艺美术与艺术设计.名词术语
人面鱼纹彩陶盆,美术学部.工艺美术与艺术设计.作品.中国
鹳鱼石斧图彩陶缸,美术学部.工艺美术与艺术设计.作品.中国
人首鲵鱼纹彩陶瓶,美术学部.工艺美术与艺术设计.作品.中国
人物舞蹈纹彩陶盆,美术学部.工艺美术与艺术设计.作品.中国
猪龙玉雕,美术学部.工艺美术与艺术设计.作品.中国
刻符陶尊,美术学部.工艺美术与艺术设计.作品.中国
兽面纹方鼎,美术学部.工艺美术与艺术设计.作品.中国
兽面纹单柱爵,美术学部.工艺美术与艺术设计.作品.中国
兽面纹簋,美术学部.工艺美术与艺术设计.作品.中国
虎卣,美术学部.工艺美术与艺术设计.作品.中国
神面龙体盉,美术学部.工艺美术与艺术设计.作品.中国
兽面纹羊首瓿,美术学部.工艺美术与艺术设计.作品.中国
四羊方尊,美术学部.工艺美术与艺术设计.作品.中国
司母戊方鼎,美术学部.工艺美术与艺术设计.作品.中国
兽面纹龙虎尊,美术学部.工艺美术与艺术设计.作品.中国
戈卣,美术学部.工艺美术与艺术设计.作品.中国
兽面纹凤柱斝,美术学部.工艺美术与艺术设计.作品.中国
象尊,美术学部.工艺美术与艺术设计.作品.中国
妇好鸟尊,美术学部.工艺美术与艺术设计.作品.中国
妇好方斝,美术学部.工艺美术与艺术设计.作品.中国
妇好三联甗,美术学部.工艺美术与艺术设计.作品.中国
兽面纹觯,美术学部.工艺美术与艺术设计.作品.中国
大盂鼎,美术学部.工艺美术与艺术设计.作品.中国
小盂鼎,美术学部.工艺美术与艺术设计.作品.中国
天亡簋,美术学部.工艺美术与艺术设计.作品.中国
鲁侯熙鬲,美术学部.工艺美术与艺术设计.作品.中国
宜侯夨簋,美术学部.工艺美术与艺术设计.作品.中国
伯矩鬲,美术学部.工艺美术与艺术设计.作品.中国
利簋,美术学部.工艺美术与艺术设计.作品.中国
大克鼎,美术学部.工艺美术与艺术设计.作品.中国
小克鼎,美术学部.工艺美术与艺术设计.作品.中国
师克█,美术学部.工艺美术与艺术设计.作品.中国
墙盘,美术学部.工艺美术与艺术设计.作品.中国
散盘,美术学部.工艺美术与艺术设计.作品.中国
虢季子白盘,美术学部.工艺美术与艺术设计.作品.中国
毛公鼎,美术学部.工艺美术与艺术设计.作品.中国
虎簋,美术学部.工艺美术与艺术设计.作品.中国
秦公钟,美术学部.工艺美术与艺术设计.作品.中国
莲鹤方壶,美术学部.工艺美术与艺术设计.作品.中国
镶嵌狩猎纹豆,美术学部.工艺美术与艺术设计.作品.中国
牺尊,美术学部.工艺美术与艺术设计.作品.中国
鸟兽龙纹壶,美术学部.工艺美术与艺术设计.作品.中国
越王勾践剑,美术学部.工艺美术与艺术设计.作品.中国
吴王夫差剑,美术学部.工艺美术与艺术设计.作品.中国
水陆攻战纹鉴,美术学部.工艺美术与艺术设计.作品.中国
镶嵌宴乐水陆攻战纹壶,美术学部.工艺美术与艺术设计.作品.中国
曾侯乙编钟,美术学部.工艺美术与艺术设计.作品.中国
银首俑灯,美术学部.工艺美术与艺术设计.作品.中国
中山王█鼎,美术学部.工艺美术与艺术设计.作品.中国
错金银虎噬鹿器座,美术学部.工艺美术与艺术设计.作品.中国
错金银龙凤方案,美术学部.工艺美术与艺术设计.作品.中国
错金银吉语锺,美术学部.工艺美术与艺术设计.作品.中国
长信宫灯,美术学部.工艺美术与艺术设计.作品.中国
战斗贮贝器,美术学部.工艺美术与艺术设计.作品.中国
青釉羊,美术学部.工艺美术与艺术设计.作品.中国
青釉凤头龙柄壶,美术学部.工艺美术与艺术设计.作品.中国
舞马衔杯银壶,美术学部.工艺美术与艺术设计.作品.中国
花鸟人物螺钿镜,美术学部.工艺美术与艺术设计.作品.中国
定窑刻花瓶,美术学部.工艺美术与艺术设计.作品.中国
定窑孩儿枕,美术学部.工艺美术与艺术设计.作品.中国
缂丝紫鸾鹊谱,美术学部.工艺美术与艺术设计.作品.中国
哥窑五足洗,美术学部.工艺美术与艺术设计.作品.中国
缂丝青碧山水图,美术学部.工艺美术与艺术设计.作品.中国
缂丝莲塘乳鸭图,美术学部.工艺美术与艺术设计.作品.中国
刺绣白鹰图,美术学部.工艺美术与艺术设计.作品.中国
银槎杯,美术学部.工艺美术与艺术设计.作品.中国
成化斗彩鸡缸杯,美术学部.工艺美术与艺术设计.作品.中国
竹雕仕女笔筒,美术学部.工艺美术与艺术设计.作品.中国
韩希孟绣宋元名迹册,美术学部.工艺美术与艺术设计.作品.中国
粉彩镂空转心瓶,美术学部.工艺美术与艺术设计.作品.中国
黑漆嵌螺钿职贡图长方盒,美术学部.工艺美术与艺术设计.作品.中国
剔红枫叶秋虫盒,美术学部.工艺美术与艺术设计.作品.中国
金嵌珠天球,美术学部.工艺美术与艺术设计.作品.中国
錾胎珐琅象,美术学部.工艺美术与艺术设计.作品.中国
桐荫仕女图玉摆件,美术学部.工艺美术与艺术设计.作品.中国
大禹治水图玉山子,美术学部.工艺美术与艺术设计.作品.中国
翠玉白菜,美术学部.工艺美术与艺术设计.作品.中国
象牙雕海市蜃楼景屏,美术学部.工艺美术与艺术设计.作品.中国
象牙雕群仙祝寿塔,美术学部.工艺美术与艺术设计.作品.中国
朝鲜松木书柜,美术学部.工艺美术与艺术设计.作品.外国
赤色威丝大铠,美术学部.工艺美术与艺术设计.作品.外国
“不二山”乐烧陶碗,美术学部.工艺美术与艺术设计.作品.外国
桑奇大塔塔门装饰,美术学部.工艺美术与艺术设计.作品.外国
翼狮角杯,美术学部.工艺美术与艺术设计.作品.外国
清真寺油灯,美术学部.工艺美术与艺术设计.作品.外国
乌夏克团花织毯,美术学部.工艺美术与艺术设计.作品.外国
北极光之女,美术学部.工艺美术与艺术设计.作品.外国
伊丽莎白·彼得罗芙娜女皇御用餐具组,美术学部.工艺美术与艺术设计.作品.外国
奥尔洛夫餐具组,美术学部.工艺美术与艺术设计.作品.外国
浮雕宝石餐具组,美术学部.工艺美术与艺术设计.作品.外国
摇篮,美术学部.工艺美术与艺术设计.作品.外国
PH灯具,美术学部.工艺美术与艺术设计.作品.外国
陶器工场,美术学部.工艺美术与艺术设计.作品.外国
自然,美术学部.工艺美术与艺术设计.作品.外国
非洲,美术学部.工艺美术与艺术设计.作品.外国
埃尔滕堡圣物箱,美术学部.工艺美术与艺术设计.作品.外国
鞭子,美术学部.工艺美术与艺术设计.作品.外国
《梦想》封面,美术学部.工艺美术与艺术设计.作品.外国
五只天鹅,美术学部.工艺美术与艺术设计.作品.外国
林迪斯法恩福音书,美术学部.工艺美术与艺术设计.作品.外国
《伯利克里和阿斯帕西亚》封面,美术学部.工艺美术与艺术设计.作品.外国
森林,美术学部.工艺美术与艺术设计.作品.外国
猫头鹰,美术学部.工艺美术与艺术设计.作品.外国
女人与动物,美术学部.工艺美术与艺术设计.作品.外国
银搭扣,美术学部.工艺美术与艺术设计.作品.外国
郁金香和柳叶,美术学部.工艺美术与艺术设计.作品.外国
英国科学促进协会旗帜,美术学部.工艺美术与艺术设计.作品.外国
天鹅,美术学部.工艺美术与艺术设计.作品.外国
曼克斯曼,美术学部.工艺美术与艺术设计.作品.外国
曼海姆彩色玻璃窗,美术学部.工艺美术与艺术设计.作品.外国
树形烛台,美术学部.工艺美术与艺术设计.作品.外国
爵士,美术学部.工艺美术与艺术设计.作品.外国
动物饰板,美术学部.工艺美术与艺术设计.作品.外国
灵魂的演进,美术学部.工艺美术与艺术设计.作品.外国
橡木梳妆台,美术学部.工艺美术与艺术设计.作品.外国
神秘的斯芬克司,美术学部.工艺美术与艺术设计.作品.外国
首饰盒,美术学部.工艺美术与艺术设计.作品.外国
烛台,美术学部.工艺美术与艺术设计.作品.外国
圣女福瓦圣物箱,美术学部.工艺美术与艺术设计.作品.外国
巴约挂毯,美术学部.工艺美术与艺术设计.作品.外国
沙特尔大教堂彩绘玻璃窗,美术学部.工艺美术与艺术设计.作品.外国
独角兽与贵妇人,美术学部.工艺美术与艺术设计.作品.外国
切利尼金盐罐,美术学部.工艺美术与艺术设计.作品.外国
亚历山大的胜利,美术学部.工艺美术与艺术设计.作品.外国
路易十五写字台,美术学部.工艺美术与艺术设计.作品.外国
文件夹,美术学部.工艺美术与艺术设计.作品.外国
书橱,美术学部.工艺美术与艺术设计.作品.外国
贝朗榭公寓铁艺大门,美术学部.工艺美术与艺术设计.作品.外国
时装画,美术学部.工艺美术与艺术设计.作品.外国
婴儿衣柜,美术学部.工艺美术与艺术设计.作品.外国
蜻蜓美人,美术学部.工艺美术与艺术设计.作品.外国
法尔内塞胜利之铠,美术学部.工艺美术与艺术设计.作品.外国
黑猫招贴画,美术学部.工艺美术与艺术设计.作品.外国
非洲人和亚洲人,美术学部.工艺美术与艺术设计.作品.外国
波特兰花瓶,美术学部.工艺美术与艺术设计.作品.外国
奥古斯都之宝,美术学部.工艺美术与艺术设计.作品.外国
利库尔戈斯杯,美术学部.工艺美术与艺术设计.作品.外国
瑟拉达,美术学部.工艺美术与艺术设计.作品.外国
弗朗索瓦酒瓮,美术学部.工艺美术与艺术设计.作品.外国
阿喀琉斯和埃阿斯玩骰子,美术学部.工艺美术与艺术设计.作品.外国
卡马雷斯嘴壶,美术学部.工艺美术与艺术设计.作品.外国
阿伽门农的面具,美术学部.工艺美术与艺术设计.作品.外国
图坦卡蒙金面具,美术学部.工艺美术与艺术设计.作品.外国
图坦卡蒙法老宝座,美术学部.工艺美术与艺术设计.作品.外国
图坦卡蒙金棺具,美术学部.工艺美术与艺术设计.作品.外国
孔雀屋,美术学部.工艺美术与艺术设计.作品.外国
夜来香花瓶,美术学部.工艺美术与艺术设计.作品.外国
花卉屏风,美术学部.工艺美术与艺术设计.作品.外国
玛雅印第安人的神庙,美术学部.工艺美术与艺术设计.作品.外国
三联扇状屏风,美术学部.工艺美术与艺术设计.作品.外国
阿雷基帕花瓶,美术学部.工艺美术与艺术设计.作品.外国
钱宁大厦大门门饰,美术学部.工艺美术与艺术设计.作品.外国
太阳历石,美术学部.工艺美术与艺术设计.作品.外国
摄影,美术学部.摄影.名词术语
黑白摄影,美术学部.摄影.名词术语
彩色摄影,美术学部.摄影.名词术语
立体摄影,美术学部.摄影.名词术语
广告摄影,美术学部.摄影.名词术语
近距摄影,美术学部.摄影.名词术语
红外线摄影,美术学部.摄影.名词术语
显微摄影,美术学部.摄影.名词术语
集锦摄影,美术学部.摄影.名词术语
直接摄影,美术学部.摄影.名词术语
画意摄影流派,美术学部.摄影.名词术语
自然主义摄影,美术学部.摄影.名词术语
摄影分离派,美术学部.摄影.名词术语
达达主义摄影,美术学部.摄影.名词术语
新即物主义摄影,美术学部.摄影.名词术语
超现实主义摄影,美术学部.摄影.名词术语
主观主义摄影,美术学部.摄影.名词术语
数字摄影,美术学部.摄影.名词术语
数码摄影,美术学部.摄影.名词术语
一步成像摄影,美术学部.摄影.名词术语
拍摄角度,美术学部.摄影.名词术语
摄影光源,美术学部.摄影.名词术语
摄影构图,美术学部.摄影.名词术语
摄影浮雕,美术学部.摄影.名词术语
摄影材料,美术学部.摄影.名词术语
摄影角度,美术学部.摄影.名词术语
摄影镜头,美术学部.摄影.名词术语
摄影艺术,美术学部.摄影.名词术语
照相,美术学部.摄影.名词术语
针孔成像,美术学部.摄影.名词术语
影像传感器,美术学部.摄影.名词术语
快门,美术学部.摄影.名词术语
慢门,美术学部.摄影.名词术语
镜头,美术学部.摄影.名词术语
标准镜头,美术学部.摄影.名词术语
远摄镜头,美术学部.摄影.名词术语
广角镜头,美术学部.摄影.名词术语
加膜镜头,美术学部.摄影.名词术语
超焦距,美术学部.摄影.名词术语
感光度,美术学部.摄影.名词术语
感光特性曲线,美术学部.摄影.名词术语
感光测定,美术学部.摄影.名词术语
感光纸,美术学部.摄影.名词术语
取景器,美术学部.摄影.名词术语
景深,美术学部.摄影.名词术语
视角,美术学部.摄影.名词术语
光圈,美术学部.摄影.名词术语
光圈数,美术学部.摄影.名词术语
曝光,美术学部.摄影.名词术语
照相机,美术学部.摄影.名词术语
数码相机,美术学部.摄影.名词术语
胶片,美术学部.摄影.名词术语
测光表,美术学部.摄影.名词术语
闪光灯,美术学部.摄影.名词术语
遮光罩,美术学部.摄影.名词术语
三脚架,美术学部.摄影.名词术语
放大机,美术学部.摄影.名词术语
正像,美术学部.摄影.名词术语
负像,美术学部.摄影.名词术语
负片,美术学部.摄影.名词术语
放大,美术学部.摄影.名词术语
剪辑照片,美术学部.摄影.名词术语
照片剪裁,美术学部.摄影.名词术语
专题照片,美术学部.摄影.名词术语
DX胶卷,美术学部.摄影.名词术语
像素,美术学部.摄影.名词术语
像界,美术学部.摄影.名词术语
影调透视,美术学部.摄影.名词术语
影调,美术学部.摄影.名词术语
影像,美术学部.摄影.名词术语
用光,美术学部.摄影.名词术语
色盲片,美术学部.摄影.名词术语
宽容度,美术学部.摄影.名词术语
感光片,美术学部.摄影.名词术语
全色片,美术学部.摄影.名词术语
分色片,美术学部.摄影.名词术语
彩色片,美术学部.摄影.名词术语
高调照片,美术学部.摄影.名词术语
低调照片,美术学部.摄影.名词术语
底片,美术学部.摄影.名词术语
反转片,美术学部.摄影.名词术语
叠印,美术学部.摄影.名词术语
反差,美术学部.摄影.名词术语
反差系数,美术学部.摄影.名词术语
显影,美术学部.摄影.名词术语
定影,美术学部.摄影.名词术语
多次曝光,美术学部.摄影.名词术语
冲洗,美术学部.摄影.名词术语
洗印,美术学部.摄影.名词术语
颐和园行乐中的叶赫那拉氏,美术学部.摄影.作品.中国
春江水暖,美术学部.摄影.作品.中国
春树奇峰,美术学部.摄影.作品.中国
什谷屯的贵族少女,美术学部.摄影.作品.中国
力挽狂澜,美术学部.摄影.作品.中国
上海南站日军空袭下的儿童,美术学部.摄影.作品.中国
八路军战斗在古长城,美术学部.摄影.作品.中国
白求恩大夫在抢救伤员,美术学部.摄影.作品.中国
开国大典,美术学部.摄影.作品.中国
电车交叉道,美术学部.摄影.作品.中国
斗地主,美术学部.摄影.作品.中国
搏斗,美术学部.摄影.作品.中国
日·月,美术学部.摄影.作品.中国
上访者,美术学部.摄影.作品.中国
民主进程,美术学部.摄影.作品.中国
让我们的血流在一起,美术学部.摄影.作品.中国
麦客（系列）,美术学部.摄影.作品.中国
新竹五峰乡,美术学部.摄影.作品.中国
北京胡同（系列）,美术学部.摄影.作品.中国
大眼睛,美术学部.摄影.作品.中国
主人（系列）,美术学部.摄影.作品.中国
深圳,美术学部.摄影.作品.中国
插秧女,美术学部.摄影.作品.外国
三个月大的胎儿,美术学部.摄影.作品.外国
寻找亲人,美术学部.摄影.作品.外国
打开的门,美术学部.摄影.作品.外国
人生的两种道路,美术学部.摄影.作品.外国
奔跑中的赛马,美术学部.摄影.作品.外国
采睡莲,美术学部.摄影.作品.外国
窗外,美术学部.摄影.作品.外国
巴黎车站后方,美术学部.摄影.作品.外国
坦普尔大街街景,美术学部.摄影.作品.外国
愤怒的丘吉尔,美术学部.摄影.作品.外国
纽约贫民窟,美术学部.摄影.作品.外国
驿站,美术学部.摄影.作品.外国
物影照片,美术学部.摄影.作品.外国
安格尔的小提琴,美术学部.摄影.作品.外国
青椒第30号,美术学部.摄影.作品.外国
牛奶滴,美术学部.摄影.作品.外国
季节工母亲,美术学部.摄影.作品.外国
埃尔南兹山月,美术学部.摄影.作品.外国
诺曼底登陆,美术学部.摄影.作品.外国
乡村医生,美术学部.摄影.作品.外国
美国人（系列）,美术学部.摄影.作品.外国
美术史,美术学部.鉴藏、著述与报刊.名词术语
美术理论,美术学部.鉴藏、著述与报刊.名词术语
美术批评,美术学部.鉴藏、著述与报刊.名词术语
美术鉴赏,美术学部.鉴藏、著述与报刊.名词术语
美术考古,美术学部.鉴藏、著述与报刊.名词术语
美术鉴定,美术学部.鉴藏、著述与报刊.名词术语
题跋,美术学部.鉴藏、著述与报刊.名词术语
著录,美术学部.鉴藏、著述与报刊.名词术语
画语录,美术学部.鉴藏、著述与报刊.名词术语
图谱,美术学部.鉴藏、著述与报刊.名词术语
画史之祖,美术学部.鉴藏、著述与报刊.名词术语
千载画宗,美术学部.鉴藏、著述与报刊.名词术语
具眼,美术学部.鉴藏、著述与报刊.名词术语
实践美术史学,美术学部.鉴藏、著述与报刊.名词术语
人文美术史学,美术学部.鉴藏、著述与报刊.名词术语
艺术意志,美术学部.鉴藏、著述与报刊.名词术语
图像学,美术学部.鉴藏、著述与报刊.名词术语
反艺术,美术学部.鉴藏、著述与报刊.名词术语
抽象与移情,美术学部.鉴藏、著述与报刊.名词术语
制作与比对,美术学部.鉴藏、著述与报刊.名词术语
形式分析,美术学部.鉴藏、著述与报刊.名词术语
艺格敷词,美术学部.鉴藏、著述与报刊.名词术语
美术传记学,美术学部.鉴藏、著述与报刊.名词术语
图像志,美术学部.鉴藏、著述与报刊.名词术语
法国图像志学派,美术学部.鉴藏、著述与报刊.名词术语
柏林学派,美术学部.鉴藏、著述与报刊.名词术语
维也纳美术史学派,美术学部.鉴藏、著述与报刊.名词术语
社会艺术史,美术学部.鉴藏、著述与报刊.名词术语
精神分析与美术史,美术学部.鉴藏、著述与报刊.名词术语
作为精神史的美术史,美术学部.鉴藏、著述与报刊.名词术语
科学鉴定法,美术学部.鉴藏、著述与报刊.名词术语
瓦尔堡学派,美术学部.鉴藏、著述与报刊.名词术语
新维也纳学派,美术学部.鉴藏、著述与报刊.名词术语
格式塔心理学,美术学部.鉴藏、著述与报刊.名词术语
马克思主义社会艺术史,美术学部.鉴藏、著述与报刊.名词术语
美术鉴定学,美术学部.鉴藏、著述与报刊.名词术语
美术史材料技术学,美术学部.鉴藏、著述与报刊.名词术语
形式主义美术史,美术学部.鉴藏、著述与报刊.名词术语
美术史符号学方法,美术学部.鉴藏、著述与报刊.名词术语
女性主义艺术史,美术学部.鉴藏、著述与报刊.名词术语
新马克思主义社会艺术史,美术学部.鉴藏、著述与报刊.名词术语
新社会艺术史,美术学部.鉴藏、著述与报刊.名词术语
新艺术史,美术学部.鉴藏、著述与报刊.名词术语
古画品录,美术学部.鉴藏、著述与报刊.作品.中国
贞观公私画史,美术学部.鉴藏、著述与报刊.作品.中国
唐朝名画录,美术学部.鉴藏、著述与报刊.作品.中国
历代名画记,美术学部.鉴藏、著述与报刊.作品.中国
笔法记,美术学部.鉴藏、著述与报刊.作品.中国
五代名画补遗,美术学部.鉴藏、著述与报刊.作品.中国
圣朝名画评,美术学部.鉴藏、著述与报刊.作品.中国
益州名画录,美术学部.鉴藏、著述与报刊.作品.中国
图画见闻志,美术学部.鉴藏、著述与报刊.作品.中国
林泉高致,美术学部.鉴藏、著述与报刊.作品.中国
东坡题跋,美术学部.鉴藏、著述与报刊.作品.中国
山谷题跋,美术学部.鉴藏、著述与报刊.作品.中国
广川画跋,美术学部.鉴藏、著述与报刊.作品.中国
德隅斋画品,美术学部.鉴藏、著述与报刊.作品.中国
宣和画谱,美术学部.鉴藏、著述与报刊.作品.中国
山水纯全集,美术学部.鉴藏、著述与报刊.作品.中国
洞天清禄集,美术学部.鉴藏、著述与报刊.作品.中国
画继,美术学部.鉴藏、著述与报刊.作品.中国
云烟过眼录,美术学部.鉴藏、著述与报刊.作品.中国
图绘宝鉴,美术学部.鉴藏、著述与报刊.作品.中国
画鉴,美术学部.鉴藏、著述与报刊.作品.中国
明画录,美术学部.鉴藏、著述与报刊.作品.中国
吴郡丹青志,美术学部.鉴藏、著述与报刊.作品.中国
无声诗史,美术学部.鉴藏、著述与报刊.作品.中国
画史会要,美术学部.鉴藏、著述与报刊.作品.中国
书画史,美术学部.鉴藏、著述与报刊.作品.中国
画旨,美术学部.鉴藏、著述与报刊.作品.中国
竹懒画媵,美术学部.鉴藏、著述与报刊.作品.中国
六研斋笔记,美术学部.鉴藏、著述与报刊.作品.中国
孙氏书画钞,美术学部.鉴藏、著述与报刊.作品.中国
东图玄览编,美术学部.鉴藏、著述与报刊.作品.中国
郁氏书画题跋记,美术学部.鉴藏、著述与报刊.作品.中国
清河书画舫,美术学部.鉴藏、著述与报刊.作品.中国
珊瑚网,美术学部.鉴藏、著述与报刊.作品.中国
画麈,美术学部.鉴藏、著述与报刊.作品.中国
绘事琐言,美术学部.鉴藏、著述与报刊.作品.中国
绘事微言,美术学部.鉴藏、著述与报刊.作品.中国
书画记,美术学部.鉴藏、著述与报刊.作品.中国
石涛画语录,美术学部.鉴藏、著述与报刊.作品.中国
王奉常书画题跋,美术学部.鉴藏、著述与报刊.作品.中国
墨井画跋,美术学部.鉴藏、著述与报刊.作品.中国
清晖画跋,美术学部.鉴藏、著述与报刊.作品.中国
瓯香馆画跋,美术学部.鉴藏、著述与报刊.作品.中国
麓台题画稿,美术学部.鉴藏、著述与报刊.作品.中国
国朝画征录,美术学部.鉴藏、著述与报刊.作品.中国
式古堂书画汇考,美术学部.鉴藏、著述与报刊.作品.中国
佩文斋书画谱,美术学部.鉴藏、著述与报刊.作品.中国
国朝院画录,美术学部.鉴藏、著述与报刊.作品.中国
玉台画史,美术学部.鉴藏、著述与报刊.作品.中国
小山画谱,美术学部.鉴藏、著述与报刊.作品.中国
指头画说,美术学部.鉴藏、著述与报刊.作品.中国
石渠宝笈,美术学部.鉴藏、著述与报刊.作品.中国
秘殿珠林,美术学部.鉴藏、著述与报刊.作品.中国
庚子销夏记,美术学部.鉴藏、著述与报刊.作品.中国
平生壮观,美术学部.鉴藏、著述与报刊.作品.中国
板桥题画,美术学部.鉴藏、著述与报刊.作品.中国
桐阴论画,美术学部.鉴藏、著述与报刊.作品.中国
山静居画论,美术学部.鉴藏、著述与报刊.作品.中国
芥舟学画编,美术学部.鉴藏、著述与报刊.作品.中国
画筌,美术学部.鉴藏、著述与报刊.作品.中国
传神秘要,美术学部.鉴藏、著述与报刊.作品.中国
历代画史汇传,美术学部.鉴藏、著述与报刊.作品.中国
过云楼书画记,美术学部.鉴藏、著述与报刊.作品.中国
海上墨林,美术学部.鉴藏、著述与报刊.作品.中国
墨林今话,美术学部.鉴藏、著述与报刊.作品.中国
寒松阁谈艺琐录,美术学部.鉴藏、著述与报刊.作品.中国
虚斋名画录,美术学部.鉴藏、著述与报刊.作品.中国
历代著录画目,美术学部.鉴藏、著述与报刊.作品.中国
书画书录解题,美术学部.鉴藏、著述与报刊.作品.中国
美术丛书,美术学部.鉴藏、著述与报刊.作品.中国
故宫书画集,美术学部.鉴藏、著述与报刊.作品.中国
中国版画史图录,美术学部.鉴藏、著述与报刊.作品.中国
中国画学全史,美术学部.鉴藏、著述与报刊.作品.中国
笔阵图,美术学部.鉴藏、著述与报刊.作品.中国
法书要录,美术学部.鉴藏、著述与报刊.作品.中国
书估,美术学部.鉴藏、著述与报刊.作品.中国
书品,美术学部.鉴藏、著述与报刊.作品.中国
古今书评,美术学部.鉴藏、著述与报刊.作品.中国
书断,美术学部.鉴藏、著述与报刊.作品.中国
书史,美术学部.鉴藏、著述与报刊.作品.中国
海岳名言,美术学部.鉴藏、著述与报刊.作品.中国
书史会要,美术学部.鉴藏、著述与报刊.作品.中国
宣和书谱,美术学部.鉴藏、著述与报刊.作品.中国
续书谱,美术学部.鉴藏、著述与报刊.作品.中国
墨池编,美术学部.鉴藏、著述与报刊.作品.中国
翰墨志,美术学部.鉴藏、著述与报刊.作品.中国
述书赋,美术学部.鉴藏、著述与报刊.作品.中国
广川书跋,美术学部.鉴藏、著述与报刊.作品.中国
书苑菁华,美术学部.鉴藏、著述与报刊.作品.中国
王氏书苑,美术学部.鉴藏、著述与报刊.作品.中国
艺舟双楫,美术学部.鉴藏、著述与报刊.作品.中国
广艺舟双楫,美术学部.鉴藏、著述与报刊.作品.中国
书小史,美术学部.鉴藏、著述与报刊.作品.中国
玉台书史,美术学部.鉴藏、著述与报刊.作品.中国
书法正传,美术学部.鉴藏、著述与报刊.作品.中国
书法论丛,美术学部.鉴藏、著述与报刊.作品.中国
书林藻鉴,美术学部.鉴藏、著述与报刊.作品.中国
书林纪事,美术学部.鉴藏、著述与报刊.作品.中国
殷墟书契,美术学部.鉴藏、著述与报刊.作品.中国
籀史,美术学部.鉴藏、著述与报刊.作品.中国
飞白录,美术学部.鉴藏、著述与报刊.作品.中国
隶篇,美术学部.鉴藏、著述与报刊.作品.中国
楷法溯源,美术学部.鉴藏、著述与报刊.作品.中国
兰亭考,美术学部.鉴藏、著述与报刊.作品.中国
校碑随笔,美术学部.鉴藏、著述与报刊.作品.中国
两汉金石记,美术学部.鉴藏、著述与报刊.作品.中国
补寰宇访碑录,美术学部.鉴藏、著述与报刊.作品.中国
法帖谱系,美术学部.鉴藏、著述与报刊.作品.中国
书录,美术学部.鉴藏、著述与报刊.作品.中国
丛帖目,美术学部.鉴藏、著述与报刊.作品.中国
砚史,美术学部.鉴藏、著述与报刊.作品.中国
学古编,美术学部.鉴藏、著述与报刊.作品.中国
三十五举,美术学部.鉴藏、著述与报刊.作品.中国
印人传,美术学部.鉴藏、著述与报刊.作品.中国
篆刻针度,美术学部.鉴藏、著述与报刊.作品.中国
六书通,美术学部.鉴藏、著述与报刊.作品.中国
缪篆分韵,美术学部.鉴藏、著述与报刊.作品.中国
汉印分韵,美术学部.鉴藏、著述与报刊.作品.中国
说文古籀补,美术学部.鉴藏、著述与报刊.作品.中国
说文古籀补补,美术学部.鉴藏、著述与报刊.作品.中国
说文古籀三补,美术学部.鉴藏、著述与报刊.作品.中国
金石大字典,美术学部.鉴藏、著述与报刊.作品.中国
古籀汇编,美术学部.鉴藏、著述与报刊.作品.中国
营造法式,美术学部.鉴藏、著述与报刊.作品.中国
园冶,美术学部.鉴藏、著述与报刊.作品.中国
长物志,美术学部.鉴藏、著述与报刊.作品.中国
闲情偶寄·居室部,美术学部.鉴藏、著述与报刊.作品.中国
花镜,美术学部.鉴藏、著述与报刊.作品.中国
营造法源,美术学部.鉴藏、著述与报刊.作品.中国
陶记,美术学部.鉴藏、著述与报刊.作品.中国
阳羡茗壶系,美术学部.鉴藏、著述与报刊.作品.中国
阳羡名陶录,美术学部.鉴藏、著述与报刊.作品.中国
饮流斋说瓷,美术学部.鉴藏、著述与报刊.作品.中国
古月轩瓷考,美术学部.鉴藏、著述与报刊.作品.中国
宣和博古图,美术学部.鉴藏、著述与报刊.作品.中国
宁寿鉴古,美术学部.鉴藏、著述与报刊.作品.中国
西清续鉴甲编,美术学部.鉴藏、著述与报刊.作品.中国
西清续鉴乙编,美术学部.鉴藏、著述与报刊.作品.中国
两罍轩彝器图释,美术学部.鉴藏、著述与报刊.作品.中国
恒轩所见所藏吉金录,美术学部.鉴藏、著述与报刊.作品.中国
陶斋吉金录,美术学部.鉴藏、著述与报刊.作品.中国
考工记,美术学部.鉴藏、著述与报刊.作品.中国
古玉图谱,美术学部.鉴藏、著述与报刊.作品.中国
文房四谱,美术学部.鉴藏、著述与报刊.作品.中国
砚谱,美术学部.鉴藏、著述与报刊.作品.中国
蜀锦谱,美术学部.鉴藏、著述与报刊.作品.中国
顾绣考,美术学部.鉴藏、著述与报刊.作品.中国
髹饰录,美术学部.鉴藏、著述与报刊.作品.中国
宣德鼎彝谱,美术学部.鉴藏、著述与报刊.作品.中国
格古要论,美术学部.鉴藏、著述与报刊.作品.中国
装潢志,美术学部.鉴藏、著述与报刊.作品.中国
天工开物,美术学部.鉴藏、著述与报刊.作品.中国
竹人录,美术学部.鉴藏、著述与报刊.作品.中国
绣谱,美术学部.鉴藏、著述与报刊.作品.中国
雪宧绣谱,美术学部.鉴藏、著述与报刊.作品.中国
笔史,美术学部.鉴藏、著述与报刊.作品.中国
丝绣笔记,美术学部.鉴藏、著述与报刊.作品.中国
考古图,美术学部.鉴藏、著述与报刊.作品.中国
陶冶图,美术学部.鉴藏、著述与报刊.作品.中国
陶说,美术学部.鉴藏、著述与报刊.作品.中国
半农谈影,美术学部.鉴藏、著述与报刊.作品.中国
点石斋画报,美术学部.鉴藏、著述与报刊.作品.中国
真相画报,美术学部.鉴藏、著述与报刊.作品.中国
良友,美术学部.鉴藏、著述与报刊.作品.中国
美术,美术学部.鉴藏、著述与报刊.作品.中国
书法,美术学部.鉴藏、著述与报刊.作品.中国
亚洲艺术,美术学部.鉴藏、著述与报刊.作品.中国
美术手贴,美术学部.鉴藏、著述与报刊.作品.外国
俄罗斯圣像画,美术学部.鉴藏、著述与报刊.作品.外国
俄罗斯美术史,美术学部.鉴藏、著述与报刊.作品.外国
俄罗斯古代艺术史,美术学部.鉴藏、著述与报刊.作品.外国
艺术与社会生活,美术学部.鉴藏、著述与报刊.作品.外国
美术史的风格与图像志研究,美术学部.鉴藏、著述与报刊.作品.外国
佛罗伦萨绘画及其社会背景,美术学部.鉴藏、著述与报刊.作品.外国
社会艺术史,美术学部.鉴藏、著述与报刊.作品.外国
古代艺术史,美术学部.鉴藏、著述与报刊.作品.外国
颜色学,美术学部.鉴藏、著述与报刊.作品.外国
意大利研究,美术学部.鉴藏、著述与报刊.作品.外国
美术史手册,美术学部.鉴藏、著述与报刊.作品.外国
德意志与尼德兰绘画史,美术学部.鉴藏、著述与报刊.作品.外国
不列颠艺术珍宝,美术学部.鉴藏、著述与报刊.作品.外国
造型艺术史,美术学部.鉴藏、著述与报刊.作品.外国
温克尔曼和他的世纪,美术学部.鉴藏、著述与报刊.作品.外国
新美术史图录,美术学部.鉴藏、著述与报刊.作品.外国
拉斐尔传,美术学部.鉴藏、著述与报刊.作品.外国
论视觉艺术作品的判断,美术学部.鉴藏、著述与报刊.作品.外国
形式问题,美术学部.鉴藏、著述与报刊.作品.外国
中世纪纪念性风格的由来,美术学部.鉴藏、著述与报刊.作品.外国
希尔德斯海姆的阿尔班诗篇及其与12世纪教堂中象征手法雕塑的关系,美术学部.鉴藏、著述与报刊.作品.外国
艺术科学原理,美术学部.鉴藏、著述与报刊.作品.外国
抽象与移情,美术学部.鉴藏、著述与报刊.作品.外国
哥特形式论,美术学部.鉴藏、著述与报刊.作品.外国
艺术社会学：绘画与社区,美术学部.鉴藏、著述与报刊.作品.外国
包豪斯宣言,美术学部.鉴藏、著述与报刊.作品.外国
长卷抄本与书册抄本中的插图,美术学部.鉴藏、著述与报刊.作品.外国
机械复制时代的艺术作品,美术学部.鉴藏、著述与报刊.作品.外国
发展中的拜占庭艺术：3—7世纪地中海艺术的风格发展主线,美术学部.鉴藏、著述与报刊.作品.外国
讲演集,美术学部.鉴藏、著述与报刊.作品.外国
现代画家,美术学部.鉴藏、著述与报刊.作品.外国
新意大利绘画史,美术学部.鉴藏、著述与报刊.作品.外国
文艺复兴历史研究,美术学部.鉴藏、著述与报刊.作品.外国
佛罗伦萨画家亚历山德罗·菲利佩皮，人称山德罗·波提切利,美术学部.鉴藏、著述与报刊.作品.外国
艺术,美术学部.鉴藏、著述与报刊.作品.外国
塞尚,美术学部.鉴藏、著述与报刊.作品.外国
艺术与社会,美术学部.鉴藏、著述与报刊.作品.外国
艺术的故事,美术学部.鉴藏、著述与报刊.作品.外国
人体艺术论,美术学部.鉴藏、著述与报刊.作品.外国
鹈鹕艺术史,美术学部.鉴藏、著述与报刊.作品.外国
15世纪意大利的绘画与经验,美术学部.鉴藏、著述与报刊.作品.外国
观看之道,美术学部.鉴藏、著述与报刊.作品.外国
人民的形象：库尔贝与第二法兰西共和国，1848—1851,美术学部.鉴藏、著述与报刊.作品.外国
艺术中的再发现：英国与法国趣味、时尚和收藏的某些方面,美术学部.鉴藏、著述与报刊.作品.外国
艺术杂志,美术学部.鉴藏、著述与报刊.作品.外国
阿波罗,美术学部.鉴藏、著述与报刊.作品.外国
艺术家杂志,美术学部.鉴藏、著述与报刊.作品.外国
艺术评论,美术学部.鉴藏、著述与报刊.作品.外国
美学，艺术与文化杂志,美术学部.鉴藏、著述与报刊.作品.外国
尽善尽美的绘画理念,美术学部.鉴藏、著述与报刊.作品.外国
关于古今最杰出画家与雕塑家生平及作品的谈话,美术学部.鉴藏、著述与报刊.作品.外国
绘画的基本原理及画家的天平,美术学部.鉴藏、著述与报刊.作品.外国
埃及、埃特鲁里亚、希腊、罗马和高卢古物集,美术学部.鉴藏、著述与报刊.作品.外国
奥林比亚的朱庇特神像,美术学部.鉴藏、著述与报刊.作品.外国
18世纪艺术,美术学部.鉴藏、著述与报刊.作品.外国
艺术哲学,美术学部.鉴藏、著述与报刊.作品.外国
往昔大师,美术学部.鉴藏、著述与报刊.作品.外国
13世纪法兰西宗教艺术,美术学部.鉴藏、著述与报刊.作品.外国
17世纪荷兰最优秀画家作品的描述与批评目录,美术学部.鉴藏、著述与报刊.作品.外国
走向新建筑,美术学部.鉴藏、著述与报刊.作品.外国
雅典宪章,美术学部.鉴藏、著述与报刊.作品.外国
艺术形式的生命,美术学部.鉴藏、著述与报刊.作品.外国
明室：摄影纵横谈,美术学部.鉴藏、著述与报刊.作品.外国
流行体系,美术学部.鉴藏、著述与报刊.作品.外国
艺术与考古,美术学部.鉴藏、著述与报刊.作品.外国
奥地利帝国中世纪文物,美术学部.鉴藏、著述与报刊.作品.外国
风格问题：纹样史基础,美术学部.鉴藏、著述与报刊.作品.外国
维也纳文化的起源,美术学部.鉴藏、著述与报刊.作品.外国
罗马晚期的工艺美术,美术学部.鉴藏、著述与报刊.作品.外国
莱奥纳尔多·达·芬奇的童年时代,美术学部.鉴藏、著述与报刊.作品.外国
哥特式雕刻与绘画中的理想主义和自然主义,美术学部.鉴藏、著述与报刊.作品.外国
艺术文献,美术学部.鉴藏、著述与报刊.作品.外国
欧洲北方文艺复兴艺术,美术学部.鉴藏、著述与报刊.作品.外国
艺术中的心理分析探索,美术学部.鉴藏、著述与报刊.作品.外国
造型艺术史,美术学部.鉴藏、著述与报刊.作品.外国
美术史的实践：对方法的思考,美术学部.鉴藏、著述与报刊.作品.外国
意大利文艺复兴时期的文化,美术学部.鉴藏、著述与报刊.作品.外国
古典艺术,美术学部.鉴藏、著述与报刊.作品.外国
美术史的基本概念,美术学部.鉴藏、著述与报刊.作品.外国
亚洲艺术,美术学部.鉴藏、著述与报刊.作品.外国
博物志,美术学部.鉴藏、著述与报刊.作品.外国
建筑十书,美术学部.鉴藏、著述与报刊.作品.外国
佛罗伦萨文化的起源,美术学部.鉴藏、著述与报刊.作品.外国
艺匠手册,美术学部.鉴藏、著述与报刊.作品.外国
述评,美术学部.鉴藏、著述与报刊.作品.外国
论绘画,美术学部.鉴藏、著述与报刊.作品.外国
绘画透视学,美术学部.鉴藏、著述与报刊.作品.外国
论神性比例,美术学部.鉴藏、著述与报刊.作品.外国
艺术家列传,美术学部.鉴藏、著述与报刊.作品.外国
里波索别墅对话录,美术学部.鉴藏、著述与报刊.作品.外国
图像学,美术学部.鉴藏、著述与报刊.作品.外国
现代画家、雕塑家和建筑师传,美术学部.鉴藏、著述与报刊.作品.外国
意大利绘画史,美术学部.鉴藏、著述与报刊.作品.外国
古物指南：意大利艺术指南,美术学部.鉴藏、著述与报刊.作品.外国
艺术批评研究,美术学部.鉴藏、著述与报刊.作品.外国
美学,美术学部.鉴藏、著述与报刊.作品.外国
意大利美术史,美术学部.鉴藏、著述与报刊.作品.外国
艺术批评史,美术学部.鉴藏、著述与报刊.作品.外国
朝圣之路上的罗马式雕塑,美术学部.鉴藏、著述与报刊.作品.外国
绘画、摄影和电影,美术学部.鉴藏、著述与报刊.作品.外国
法国大革命的绘画,美术学部.鉴藏、著述与报刊.作品.外国
图像学研究：文艺复兴艺术中的人文主义主题,美术学部.鉴藏、著述与报刊.作品.外国
中世纪艺术,美术学部.鉴藏、著述与报刊.作品.外国
文艺复兴时期的意大利画家,美术学部.鉴藏、著述与报刊.作品.外国
艺术与视知觉：创造之眼的心理学,美术学部.鉴藏、著述与报刊.作品.外国
视觉艺术的含义,美术学部.鉴藏、著述与报刊.作品.外国
艺术与错觉：对再现性绘画的心理学研究,美术学部.鉴藏、著述与报刊.作品.外国
时间的形状,美术学部.鉴藏、著述与报刊.作品.外国
美术史,美术学部.鉴藏、著述与报刊.作品.外国
意大利文艺复兴美术史：绘画、雕塑、建筑,美术学部.鉴藏、著述与报刊.作品.外国
论摄影,美术学部.鉴藏、著述与报刊.作品.外国
女性主义与美术史,美术学部.鉴藏、著述与报刊.作品.外国
描述的艺术：17世纪荷兰艺术,美术学部.鉴藏、著述与报刊.作品.外国
后现代建筑的语言,美术学部.鉴藏、著述与报刊.作品.外国
扩展话语：女性主义与美术史,美术学部.鉴藏、著述与报刊.作品.外国
夏皮罗文集,美术学部.鉴藏、著述与报刊.作品.外国
艺术新闻,美术学部.鉴藏、著述与报刊.作品.外国
艺术通报,美术学部.鉴藏、著述与报刊.作品.外国
美国艺术,美术学部.鉴藏、著述与报刊.作品.外国
美国艺术家,美术学部.鉴藏、著述与报刊.作品.外国
艺术与建筑杂志,美术学部.鉴藏、著述与报刊.作品.外国
艺术期刊,美术学部.鉴藏、著述与报刊.作品.外国
光圈,美术学部.鉴藏、著述与报刊.作品.外国
美国艺术评论,美术学部.鉴藏、著述与报刊.作品.外国
艺术与拍卖,美术学部.鉴藏、著述与报刊.作品.外国
亚太艺术,美术学部.鉴藏、著述与报刊.作品.外国
现代画家,美术学部.鉴藏、著述与报刊.作品.外国
澳大利亚艺术观察,美术学部.鉴藏、著述与报刊.作品.外国
马丘比丘宪章,美术学部.鉴藏、著述与报刊.作品.外国
伯灵顿杂志,美术学部.鉴藏、著述与报刊.作品.外国
蓝色评论,美术学部.鉴藏、著述与报刊.作品.外国
艺术网,美术学部.鉴藏、著述与报刊.作品.外国
文学,文学学部.文艺理论.文学的一般学说
艺术,文学学部.文艺理论.文学的一般学说
文艺,文学学部.文艺理论.文学的一般学说
文艺学,文学学部.文艺理论.文学的一般学说
文艺科学,文学学部.文艺理论.文学的一般学说
文艺理论,文学学部.文艺理论.文学的一般学说
文艺批评,文学学部.文艺理论.文学的一般学说
批评标准,文学学部.文艺理论.文学的一般学说
政治标准,文学学部.文艺理论.文学的一般学说
艺术标准,文学学部.文艺理论.文学的一般学说
文艺思想,文学学部.文艺理论.文学的一般学说
倾向性,文学学部.文艺理论.文学的一般学说
思想性,文学学部.文艺理论.文学的一般学说
艺术性,文学学部.文艺理论.文学的一般学说
独创性,文学学部.文艺理论.文学的一般学说
生活真实,文学学部.文艺理论.文学的一般学说
艺术真实,文学学部.文艺理论.文学的一般学说
工农兵方向,文学学部.文艺理论.文学的一般学说
“二为”方针,文学学部.文艺理论.文学的一般学说
普及和提高,文学学部.文艺理论.文学的一般学说
百花齐放、推陈出新,文学学部.文艺理论.文学的一般学说
百花齐放、百家争鸣,文学学部.文艺理论.文学的一般学说
文学史,文学学部.文艺理论.文学的一般学说
文学传统,文学学部.文艺理论.文学的一般学说
文学遗产,文学学部.文艺理论.文学的一般学说
古典文学,文学学部.文艺理论.文学的一般学说
古文运动,文学学部.文艺理论.文学的一般学说
经典文学,文学学部.文艺理论.文学的一般学说
纯文学,文学学部.文艺理论.文学的一般学说
纯正艺术,文学学部.文艺理论.文学的一般学说
拜金艺术,文学学部.文艺理论.文学的一般学说
为艺术而艺术,文学学部.文艺理论.文学的一般学说
象牙之塔,文学学部.文艺理论.文学的一般学说
艺术之宫,文学学部.文艺理论.文学的一般学说
本文,文学学部.文艺理论.文学的一般学说
文本,文学学部.文艺理论.文学的一般学说
内容和形式,文学学部.文艺理论.文学的一般学说
民族形式,文学学部.文艺理论.文学的一般学说
民族化,文学学部.文艺理论.文学的一般学说
大众化,文学学部.文艺理论.文学的一般学说
形象,文学学部.文艺理论.文学的一般学说
形象化,文学学部.文艺理论.文学的一般学说
形象性,文学学部.文艺理论.文学的一般学说
典型,文学学部.文艺理论.文学的一般学说
典型化,文学学部.文艺理论.文学的一般学说
典型性,文学学部.文艺理论.文学的一般学说
典型环境,文学学部.文艺理论.文学的一般学说
典型人物,文学学部.文艺理论.文学的一般学说
典型形象,文学学部.文艺理论.文学的一般学说
典型性格,文学学部.文艺理论.文学的一般学说
人物性格,文学学部.文艺理论.文学的一般学说
个性化,文学学部.文艺理论.文学的一般学说
作风,文学学部.文艺理论.文学的一般学说
风格,文学学部.文艺理论.文学的一般学说
民族风格,文学学部.文艺理论.文学的一般学说
时代风格,文学学部.文艺理论.文学的一般学说
地域风格,文学学部.文艺理论.文学的一般学说
地方色彩,文学学部.文艺理论.文学的一般学说
文学语言,文学学部.文艺理论.文学的一般学说
意境,文学学部.文艺理论.文学的一般学说
空灵,文学学部.文艺理论.文学的一般学说
韵律,文学学部.文艺理论.文学的一般学说
诗学,文学学部.文艺理论.文学的一般学说
词学,文学学部.文艺理论.文学的一般学说
曲学,文学学部.文艺理论.文学的一般学说
文艺心理学,文学学部.文艺理论.文学的一般学说
比较文学,文学学部.文艺理论.文学的一般学说
评点,文学学部.文艺理论.文学的一般学说
鉴赏,文学学部.文艺理论.文学的一般学说
共鸣,文学学部.文艺理论.文学的一般学说
诗言志,文学学部.文艺理论.文学的一般学说
缘情说,文学学部.文艺理论.文学的一般学说
再现说,文学学部.文艺理论.文学的一般学说
表现说,文学学部.文艺理论.文学的一般学说
艺术起源,文学学部.文艺理论.文学的一般学说
模仿说,文学学部.文艺理论.文学的一般学说
游戏说,文学学部.文艺理论.文学的一般学说
巫术说,文学学部.文艺理论.文学的一般学说
劳动说,文学学部.文艺理论.文学的一般学说
净化说,文学学部.文艺理论.文学的一般学说
三要素说,文学学部.文艺理论.文学的一般学说
介入说,文学学部.文艺理论.文学的一般学说
类型,文学学部.文艺理论.文学的一般学说
类型化,文学学部.文艺理论.文学的一般学说
公式化,文学学部.文艺理论.文学的一般学说
概念化,文学学部.文艺理论.文学的一般学说
三突出,文学学部.文艺理论.文学的一般学说
创作,文学学部.文艺理论.文学作品的创作和构成
创作主体,文学学部.文艺理论.文学作品的创作和构成
创作意图,文学学部.文艺理论.文学作品的创作和构成
创作心境,文学学部.文艺理论.文学作品的创作和构成
艺术冲动,文学学部.文艺理论.文学作品的创作和构成
创作个性,文学学部.文艺理论.文学作品的创作和构成
形象思维,文学学部.文艺理论.文学作品的创作和构成
艺术思维,文学学部.文艺理论.文学作品的创作和构成
艺术想象,文学学部.文艺理论.文学作品的创作和构成
神思,文学学部.文艺理论.文学作品的创作和构成
情志,文学学部.文艺理论.文学作品的创作和构成
意象,文学学部.文艺理论.文学作品的创作和构成
灵感,文学学部.文艺理论.文学作品的创作和构成
文气,文学学部.文艺理论.文学作品的创作和构成
艺术直觉,文学学部.文艺理论.文学作品的创作和构成
创作过程,文学学部.文艺理论.文学作品的创作和构成
艺术观察,文学学部.文艺理论.文学作品的创作和构成
构思,文学学部.文艺理论.文学作品的创作和构成
艺术传达,文学学部.文艺理论.文学作品的创作和构成
艺术概括,文学学部.文艺理论.文学作品的创作和构成
艺术技巧,文学学部.文艺理论.文学作品的创作和构成
艺术手法,文学学部.文艺理论.文学作品的创作和构成
通变,文学学部.文艺理论.文学作品的创作和构成
虚构,文学学部.文艺理论.文学作品的创作和构成
反虚构,文学学部.文艺理论.文学作品的创作和构成
描写,文学学部.文艺理论.文学作品的创作和构成
白描,文学学部.文艺理论.文学作品的创作和构成
叙述,文学学部.文艺理论.文学作品的创作和构成
夸张,文学学部.文艺理论.文学作品的创作和构成
变形,文学学部.文艺理论.文学作品的创作和构成
怪诞,文学学部.文艺理论.文学作品的创作和构成
简化,文学学部.文艺理论.文学作品的创作和构成
讽刺,文学学部.文艺理论.文学作品的创作和构成
幽默,文学学部.文艺理论.文学作品的创作和构成
渲染,文学学部.文艺理论.文学作品的创作和构成
悬念,文学学部.文艺理论.文学作品的创作和构成
象征,文学学部.文艺理论.文学作品的创作和构成
类象,文学学部.文艺理论.文学作品的创作和构成
氛围,文学学部.文艺理论.文学作品的创作和构成
声律,文学学部.文艺理论.文学作品的创作和构成
含混,文学学部.文艺理论.文学作品的创作和构成
复义,文学学部.文艺理论.文学作品的创作和构成
反讽,文学学部.文艺理论.文学作品的创作和构成
第一人称,文学学部.文艺理论.文学作品的创作和构成
第二人称,文学学部.文艺理论.文学作品的创作和构成
第三人称,文学学部.文艺理论.文学作品的创作和构成
顺叙,文学学部.文艺理论.文学作品的创作和构成
倒叙,文学学部.文艺理论.文学作品的创作和构成
插叙,文学学部.文艺理论.文学作品的创作和构成
伏笔,文学学部.文艺理论.文学作品的创作和构成
伏线,文学学部.文艺理论.文学作品的创作和构成
写实,文学学部.文艺理论.文学作品的创作和构成
纪实手法,文学学部.文艺理论.文学作品的创作和构成
素材,文学学部.文艺理论.文学作品的创作和构成
题材,文学学部.文艺理论.文学作品的创作和构成
主题,文学学部.文艺理论.文学作品的创作和构成
意蕴,文学学部.文艺理论.文学作品的创作和构成
人物,文学学部.文艺理论.文学作品的创作和构成
主人公,文学学部.文艺理论.文学作品的创作和构成
主角,文学学部.文艺理论.文学作品的创作和构成
原型,文学学部.文艺理论.文学作品的创作和构成
模特儿,文学学部.文艺理论.文学作品的创作和构成
人物肖像,文学学部.文艺理论.文学作品的创作和构成
故事,文学学部.文艺理论.文学作品的创作和构成
本事,文学学部.文艺理论.文学作品的创作和构成
情节,文学学部.文艺理论.文学作品的创作和构成
情节淡化,文学学部.文艺理论.文学作品的创作和构成
线索,文学学部.文艺理论.文学作品的创作和构成
细节,文学学部.文艺理论.文学作品的创作和构成
结构,文学学部.文艺理论.文学作品的创作和构成
冲突,文学学部.文艺理论.文学作品的创作和构成
场面,文学学部.文艺理论.文学作品的创作和构成
序幕,文学学部.文艺理论.文学作品的创作和构成
高潮,文学学部.文艺理论.文学作品的创作和构成
结局,文学学部.文艺理论.文学作品的创作和构成
尾声,文学学部.文艺理论.文学作品的创作和构成
背景,文学学部.文艺理论.文学作品的创作和构成
三部曲,文学学部.文艺理论.文学作品的创作和构成
体裁,文学学部.文艺理论.文学的种类和体裁
样式,文学学部.文艺理论.文学的种类和体裁
民间文学,文学学部.文艺理论.文学的种类和体裁
歌谣,文学学部.文艺理论.文学的种类和体裁
民歌,文学学部.文艺理论.文学的种类和体裁
儿童文学,文学学部.文艺理论.文学的种类和体裁
儿歌,文学学部.文艺理论.文学的种类和体裁
童话,文学学部.文艺理论.文学的种类和体裁
童谣,文学学部.文艺理论.文学的种类和体裁
寓言,文学学部.文艺理论.文学的种类和体裁
神话,文学学部.文艺理论.文学的种类和体裁
传说,文学学部.文艺理论.文学的种类和体裁
箴言,文学学部.文艺理论.文学的种类和体裁
韵文,文学学部.文艺理论.文学的种类和体裁
诗歌,文学学部.文艺理论.文学的种类和体裁
叙事诗,文学学部.文艺理论.文学的种类和体裁
史诗,文学学部.文艺理论.文学的种类和体裁
诗体小说,文学学部.文艺理论.文学的种类和体裁
抒情诗,文学学部.文艺理论.文学的种类和体裁
十四行诗,文学学部.文艺理论.文学的种类和体裁
商籁体,文学学部.文艺理论.文学的种类和体裁
田园诗,文学学部.文艺理论.文学的种类和体裁
牧歌,文学学部.文艺理论.文学的种类和体裁
自由诗,文学学部.文艺理论.文学的种类和体裁
散文诗,文学学部.文艺理论.文学的种类和体裁
朗诵诗,文学学部.文艺理论.文学的种类和体裁
打油诗,文学学部.文艺理论.文学的种类和体裁
抽象诗,文学学部.文艺理论.文学的种类和体裁
朦胧诗,文学学部.文艺理论.文学的种类和体裁
回文诗,文学学部.文艺理论.文学的种类和体裁
农事诗,文学学部.文艺理论.文学的种类和体裁
小说,文学学部.文艺理论.文学的种类和体裁
长篇小说,文学学部.文艺理论.文学的种类和体裁
中篇小说,文学学部.文艺理论.文学的种类和体裁
短篇小说,文学学部.文艺理论.文学的种类和体裁
小小说,文学学部.文艺理论.文学的种类和体裁
微型小说,文学学部.文艺理论.文学的种类和体裁
惊险故事,文学学部.文艺理论.文学的种类和体裁
忏悔小说,文学学部.文艺理论.文学的种类和体裁
恐怖小说,文学学部.文艺理论.文学的种类和体裁
书信体小说,文学学部.文艺理论.文学的种类和体裁
问题小说,文学学部.文艺理论.文学的种类和体裁
复调小说,文学学部.文艺理论.文学的种类和体裁
意识流小说,文学学部.文艺理论.文学的种类和体裁
文言小说,文学学部.文艺理论.文学的种类和体裁
历史小说,文学学部.文艺理论.文学的种类和体裁
政治小说,文学学部.文艺理论.文学的种类和体裁
世情小说,文学学部.文艺理论.文学的种类和体裁
志怪小说,文学学部.文艺理论.文学的种类和体裁
神魔小说,文学学部.文艺理论.文学的种类和体裁
狎邪小说,文学学部.文艺理论.文学的种类和体裁
言情小说,文学学部.文艺理论.文学的种类和体裁
狭邪小说,文学学部.文艺理论.文学的种类和体裁
黑幕小说,文学学部.文艺理论.文学的种类和体裁
武侠小说,文学学部.文艺理论.文学的种类和体裁
侠义小说,文学学部.文艺理论.文学的种类和体裁
公案小说,文学学部.文艺理论.文学的种类和体裁
谴责小说,文学学部.文艺理论.文学的种类和体裁
哲理小说,文学学部.文艺理论.文学的种类和体裁
侦探小说,文学学部.文艺理论.文学的种类和体裁
推理小说,文学学部.文艺理论.文学的种类和体裁
科学幻想小说,文学学部.文艺理论.文学的种类和体裁
科幻小说,文学学部.文艺理论.文学的种类和体裁
广播小说,文学学部.文艺理论.文学的种类和体裁
散文,文学学部.文艺理论.文学的种类和体裁
报告文学,文学学部.文艺理论.文学的种类和体裁
特写,文学学部.文艺理论.文学的种类和体裁
杂文,文学学部.文艺理论.文学的种类和体裁
小品文,文学学部.文艺理论.文学的种类和体裁
随笔,文学学部.文艺理论.文学的种类和体裁
游记,文学学部.文艺理论.文学的种类和体裁
速写,文学学部.文艺理论.文学的种类和体裁
传记,文学学部.文艺理论.文学的种类和体裁
传记文学,文学学部.文艺理论.文学的种类和体裁
回忆录,文学学部.文艺理论.文学的种类和体裁
戏剧文学,文学学部.文艺理论.文学的种类和体裁
电影文学,文学学部.文艺理论.文学的种类和体裁
影视文学,文学学部.文艺理论.文学的种类和体裁
口头文学,文学学部.文艺理论.文学的种类和体裁
乡土文学,文学学部.文艺理论.文学的种类和体裁
市民文学,文学学部.文艺理论.文学的种类和体裁
讽刺文学,文学学部.文艺理论.文学的种类和体裁
女性文学,文学学部.文艺理论.文学的种类和体裁
通俗文学,文学学部.文艺理论.文学的种类和体裁
科普文学,文学学部.文艺理论.文学的种类和体裁
纪实文学,文学学部.文艺理论.文学的种类和体裁
网络文学,文学学部.文艺理论.文学的种类和体裁
电报文体,文学学部.文艺理论.文学的种类和体裁
文艺思潮,文学学部.文艺理论.文学的发展过程
文艺复兴,文学学部.文艺理论.文学的发展过程
人文主义,文学学部.文艺理论.文学的发展过程
文学流派,文学学部.文艺理论.文学的发展过程
创作方法,文学学部.文艺理论.文学的发展过程
古典主义,文学学部.文艺理论.文学的发展过程
浪漫主义,文学学部.文艺理论.文学的发展过程
感伤主义,文学学部.文艺理论.文学的发展过程
主情主义,文学学部.文艺理论.文学的发展过程
现实主义,文学学部.文艺理论.文学的发展过程
写实主义,文学学部.文艺理论.文学的发展过程
批判现实主义,文学学部.文艺理论.文学的发展过程
自然主义,文学学部.文艺理论.文学的发展过程
社会主义现实主义,文学学部.文艺理论.文学的发展过程
革命现实主义和革命浪漫主义相结合,文学学部.文艺理论.文学的发展过程
颓废主义,文学学部.文艺理论.文学的发展过程
颓废派,文学学部.文艺理论.文学的发展过程
象征主义,文学学部.文艺理论.文学的发展过程
象征派,文学学部.文艺理论.文学的发展过程
唯美主义,文学学部.文艺理论.文学的发展过程
唯美派,文学学部.文艺理论.文学的发展过程
形式主义,文学学部.文艺理论.文学的发展过程
印象主义,文学学部.文艺理论.文学的发展过程
神秘主义,文学学部.文艺理论.文学的发展过程
表现主义,文学学部.文艺理论.文学的发展过程
表现派,文学学部.文艺理论.文学的发展过程
现代主义,文学学部.文艺理论.文学的发展过程
现代派,文学学部.文艺理论.文学的发展过程
先锋派,文学学部.文艺理论.文学的发展过程
抽象主义,文学学部.文艺理论.文学的发展过程
抽象派,文学学部.文艺理论.文学的发展过程
意象派,文学学部.文艺理论.文学的发展过程
意识流,文学学部.文艺理论.文学的发展过程
后现代主义,文学学部.文艺理论.文学的发展过程
内心独白,文学学部.文艺理论.文学的发展过程
解释学,文学学部.文艺理论.文学的发展过程
阐释学,文学学部.文艺理论.文学的发展过程
诠释学,文学学部.文艺理论.文学的发展过程
陌生化,文学学部.文艺理论.文学的发展过程
隐喻,文学学部.文艺理论.文学的发展过程
反小说,文学学部.文艺理论.文学的发展过程
批评模式,文学学部.文艺理论.文学的发展过程
美学和历史批评,文学学部.文艺理论.文学的发展过程
社会学批评,文学学部.文艺理论.文学的发展过程
心理批评,文学学部.文艺理论.文学的发展过程
心理距离,文学学部.文艺理论.文学的发展过程
新批评派,文学学部.文艺理论.文学的发展过程
原型批评,文学学部.文艺理论.文学的发展过程
神话-原型批评,文学学部.文艺理论.文学的发展过程
结构主义批评,文学学部.文艺理论.文学的发展过程
女权主义批评,文学学部.文艺理论.文学的发展过程
叙述学,文学学部.文艺理论.文学的发展过程
叙述角度,文学学部.文艺理论.文学的发展过程
叙述时间,文学学部.文艺理论.文学的发展过程
叙述者,文学学部.文艺理论.文学的发展过程
兴观群怨,文学学部.文艺理论.文学的发展过程
以意逆志,文学学部.文艺理论.文学的发展过程
诗无达诂,文学学部.文艺理论.文学的发展过程
美刺,文学学部.文艺理论.文学的发展过程
理趣,文学学部.文艺理论.文学的发展过程
神韵说,文学学部.文艺理论.文学的发展过程
格调说,文学学部.文艺理论.文学的发展过程
性灵说,文学学部.文艺理论.文学的发展过程
肌理说,文学学部.文艺理论.文学的发展过程
文笔说,文学学部.文艺理论.文学的发展过程
声律说,文学学部.文艺理论.文学的发展过程
童心说,文学学部.文艺理论.文学的发展过程
"有我之境,无我之境",文学学部.文艺理论.文学的发展过程
物我两忘,文学学部.文艺理论.文学的发展过程
以物观物,文学学部.文艺理论.文学的发展过程
中和为美,文学学部.文艺理论.文学的发展过程
阳刚美,文学学部.文艺理论.文学的发展过程
阴柔美,文学学部.文艺理论.文学的发展过程
错彩镂金,文学学部.文艺理论.文学的发展过程
道统,文学学部.文艺理论.文学的发展过程
文统,文学学部.文艺理论.文学的发展过程
平淡,文学学部.文艺理论.文学的发展过程
气象,文学学部.文艺理论.文学的发展过程
律为骨,文学学部.文艺理论.文学的发展过程
意为脉,文学学部.文艺理论.文学的发展过程
字为眼,文学学部.文艺理论.文学的发展过程
格、意、趣,文学学部.文艺理论.文学的发展过程
真诗,文学学部.文艺理论.文学的发展过程
诗为活物,文学学部.文艺理论.文学的发展过程
文娱说,文学学部.文艺理论.文学的发展过程
义理、考证、文章,文学学部.文艺理论.文学的发展过程
杂剧十二科,文学学部.文艺理论.文学的发展过程
南曲十要,文学学部.文艺理论.文学的发展过程
虚实相半,文学学部.文艺理论.文学的发展过程
幻设,文学学部.文艺理论.文学的发展过程
羽翼信史,文学学部.文艺理论.文学的发展过程
以文为戏,文学学部.文艺理论.文学的发展过程
情教,文学学部.文艺理论.文学的发展过程
赝胜于真,文学学部.文艺理论.文学的发展过程
犯而不犯,文学学部.文艺理论.文学的发展过程
立主脑,文学学部.文艺理论.文学的发展过程
脱窠臼,文学学部.文艺理论.文学的发展过程
密针线,文学学部.文艺理论.文学的发展过程
减头绪,文学学部.文艺理论.文学的发展过程
审虚实,文学学部.文艺理论.文学的发展过程
大团圆,文学学部.文艺理论.文学的发展过程
诗史,文学学部.文艺理论.文学的发展过程
"非寄托不入,专寄托不出",文学学部.文艺理论.文学的发展过程
重、拙、大,文学学部.文艺理论.文学的发展过程
内美,文学学部.文艺理论.文学的发展过程
"入乎其内,出乎其外",文学学部.文艺理论.文学的发展过程
隔与不隔,文学学部.文艺理论.文学的发展过程
赋体物而浏亮,文学学部.文艺理论.文学的发展过程
知音难求,文学学部.文艺理论.文学的发展过程
披文入情,文学学部.文艺理论.文学的发展过程
博观圆照,文学学部.文艺理论.文学的发展过程
独抒性灵,文学学部.文艺理论.文学的发展过程
"诗者,持也",文学学部.文艺理论.文学的发展过程
背面铺粉,文学学部.文艺理论.文学的发展过程
"草蛇灰线,伏脉千里",文学学部.文艺理论.文学的发展过程
双峰对峙,文学学部.文艺理论.文学的发展过程
极炼如不炼,文学学部.文艺理论.文学的发展过程
许穆夫人,文学学部.古典文学.作　家.先秦两汉作家
老子,文学学部.古典文学.作　家.先秦两汉作家
孔子,文学学部.古典文学.作　家.先秦两汉作家
墨子,文学学部.古典文学.作　家.先秦两汉作家
孟子,文学学部.古典文学.作　家.先秦两汉作家
庄子,文学学部.古典文学.作　家.先秦两汉作家
荀子,文学学部.古典文学.作　家.先秦两汉作家
韩非,文学学部.古典文学.作　家.先秦两汉作家
屈原,文学学部.古典文学.作　家.先秦两汉作家
宋玉,文学学部.古典文学.作　家.先秦两汉作家
唐勒,文学学部.古典文学.作　家.先秦两汉作家
景差,文学学部.古典文学.作　家.先秦两汉作家
李斯,文学学部.古典文学.作　家.先秦两汉作家
陆贾,文学学部.古典文学.作　家.先秦两汉作家
贾谊,文学学部.古典文学.作　家.先秦两汉作家
庄葱奇,文学学部.古典文学.作　家.先秦两汉作家
吾丘寿王,文学学部.古典文学.作　家.先秦两汉作家
贾山,文学学部.古典文学.作　家.先秦两汉作家
韦孟,文学学部.古典文学.作　家.先秦两汉作家
晁错,文学学部.古典文学.作　家.先秦两汉作家
█错,文学学部.古典文学.作　家.先秦两汉作家
枚乘,文学学部.古典文学.作　家.先秦两汉作家
邹阳,文学学部.古典文学.作　家.先秦两汉作家
严忌,文学学部.古典文学.作　家.先秦两汉作家
严助,文学学部.古典文学.作　家.先秦两汉作家
淮南小山,文学学部.古典文学.作　家.先秦两汉作家
司马相如,文学学部.古典文学.作　家.先秦两汉作家
枚皋,文学学部.古典文学.作　家.先秦两汉作家
司马迁,文学学部.古典文学.作　家.先秦两汉作家
王褒,文学学部.古典文学.作　家.先秦两汉作家
刘向,文学学部.古典文学.作　家.先秦两汉作家
扬雄,文学学部.古典文学.作　家.先秦两汉作家
杨雄,文学学部.古典文学.作　家.先秦两汉作家
班倢伃,文学学部.古典文学.作　家.先秦两汉作家
冯衍,文学学部.古典文学.作　家.先秦两汉作家
班彪,文学学部.古典文学.作　家.先秦两汉作家
杜笃,文学学部.古典文学.作　家.先秦两汉作家
王充,文学学部.古典文学.作　家.先秦两汉作家
梁鸿,文学学部.古典文学.作　家.先秦两汉作家
班固,文学学部.古典文学.作　家.先秦两汉作家
傅毅,文学学部.古典文学.作　家.先秦两汉作家
班昭,文学学部.古典文学.作　家.先秦两汉作家
崔骃,文学学部.古典文学.作　家.先秦两汉作家
张衡,文学学部.古典文学.作　家.先秦两汉作家
马融,文学学部.古典文学.作　家.先秦两汉作家
崔琦,文学学部.古典文学.作　家.先秦两汉作家
边韶,文学学部.古典文学.作　家.先秦两汉作家
王逸,文学学部.古典文学.作　家.先秦两汉作家
王延寿,文学学部.古典文学.作　家.先秦两汉作家
秦嘉,文学学部.古典文学.作　家.先秦两汉作家
徐淑,文学学部.古典文学.作　家.先秦两汉作家
赵壹,文学学部.古典文学.作　家.先秦两汉作家
辛延年,文学学部.古典文学.作　家.先秦两汉作家
郦炎,文学学部.古典文学.作　家.先秦两汉作家
刘梁,文学学部.古典文学.作　家.先秦两汉作家
高彪,文学学部.古典文学.作　家.先秦两汉作家
张超,文学学部.古典文学.作　家.先秦两汉作家
边让,文学学部.古典文学.作　家.先秦两汉作家
孔融,文学学部.古典文学.作　家.先秦两汉作家
阮瑀,文学学部.古典文学.作　家.先秦两汉作家
应玚,文学学部.古典文学.作　家.先秦两汉作家
陈琳,文学学部.古典文学.作　家.先秦两汉作家
刘桢,文学学部.古典文学.作　家.先秦两汉作家
徐幹,文学学部.古典文学.作　家.先秦两汉作家
路粹,文学学部.古典文学.作　家.先秦两汉作家
祢衡,文学学部.古典文学.作　家.先秦两汉作家
蔡琰,文学学部.古典文学.作　家.先秦两汉作家
蔡文姬,文学学部.古典文学.作　家.先秦两汉作家
杨修,文学学部.古典文学.作　家.先秦两汉作家
王粲,文学学部.古典文学.作　家.先秦两汉作家
繁钦,文学学部.古典文学.作　家.先秦两汉作家
仲长统,文学学部.古典文学.作　家.先秦两汉作家
邯郸淳,文学学部.古典文学.作　家.魏晋南北朝作家
曹操,文学学部.古典文学.作　家.魏晋南北朝作家
吴质,文学学部.古典文学.作　家.魏晋南北朝作家
缪袭,文学学部.古典文学.作　家.魏晋南北朝作家
曹丕,文学学部.古典文学.作　家.魏晋南北朝作家
应璩,文学学部.古典文学.作　家.魏晋南北朝作家
曹植,文学学部.古典文学.作　家.魏晋南北朝作家
陈思王,文学学部.古典文学.作　家.魏晋南北朝作家
左延年,文学学部.古典文学.作　家.魏晋南北朝作家
曹叡,文学学部.古典文学.作　家.魏晋南北朝作家
阮籍,文学学部.古典文学.作　家.魏晋南北朝作家
嵇康,文学学部.古典文学.作　家.魏晋南北朝作家
阮咸,文学学部.古典文学.作　家.魏晋南北朝作家
孙楚,文学学部.古典文学.作　家.魏晋南北朝作家
刘伶,文学学部.古典文学.作　家.魏晋南北朝作家
成公绥,文学学部.古典文学.作　家.魏晋南北朝作家
张华,文学学部.古典文学.作　家.魏晋南北朝作家
夏侯湛,文学学部.古典文学.作　家.魏晋南北朝作家
张载,文学学部.古典文学.作　家.魏晋南北朝作家
张协,文学学部.古典文学.作　家.魏晋南北朝作家
张翰,文学学部.古典文学.作　家.魏晋南北朝作家
潘岳,文学学部.古典文学.作　家.魏晋南北朝作家
挚虞,文学学部.古典文学.作　家.魏晋南北朝作家
潘尼,文学学部.古典文学.作　家.魏晋南北朝作家
左思,文学学部.古典文学.作　家.魏晋南北朝作家
左芬,文学学部.古典文学.作　家.魏晋南北朝作家
陆机,文学学部.古典文学.作　家.魏晋南北朝作家
陆云,文学学部.古典文学.作　家.魏晋南北朝作家
束皙,文学学部.古典文学.作　家.魏晋南北朝作家
木华,文学学部.古典文学.作　家.魏晋南北朝作家
刘琨,文学学部.古典文学.作　家.魏晋南北朝作家
干宝,文学学部.古典文学.作　家.魏晋南北朝作家
卢谌,文学学部.古典文学.作　家.魏晋南北朝作家
庾阐,文学学部.古典文学.作　家.魏晋南北朝作家
许询,文学学部.古典文学.作　家.魏晋南北朝作家
孙绰,文学学部.古典文学.作　家.魏晋南北朝作家
习凿齿,文学学部.古典文学.作　家.魏晋南北朝作家
苏蕙,文学学部.古典文学.作　家.魏晋南北朝作家
谢道韫,文学学部.古典文学.作　家.魏晋南北朝作家
殷仲文,文学学部.古典文学.作　家.魏晋南北朝作家
谢混,文学学部.古典文学.作　家.魏晋南北朝作家
湛方生,文学学部.古典文学.作　家.魏晋南北朝作家
帛道猷,文学学部.古典文学.作　家.魏晋南北朝作家
陶渊明,文学学部.古典文学.作　家.魏晋南北朝作家
陶潜,文学学部.古典文学.作　家.魏晋南北朝作家
李充,文学学部.古典文学.作　家.魏晋南北朝作家
王嘉,文学学部.古典文学.作　家.魏晋南北朝作家
傅亮,文学学部.古典文学.作　家.魏晋南北朝作家
谢瞻,文学学部.古典文学.作　家.魏晋南北朝作家
颜延之,文学学部.古典文学.作　家.魏晋南北朝作家
谢灵运,文学学部.古典文学.作　家.魏晋南北朝作家
谢康乐,文学学部.古典文学.作　家.魏晋南北朝作家
范晔,文学学部.古典文学.作　家.魏晋南北朝作家
谢惠连,文学学部.古典文学.作　家.魏晋南北朝作家
刘义庆,文学学部.古典文学.作　家.魏晋南北朝作家
袁淑,文学学部.古典文学.作　家.魏晋南北朝作家
鲍照,文学学部.古典文学.作　家.魏晋南北朝作家
鲍参军,文学学部.古典文学.作　家.魏晋南北朝作家
汤惠休,文学学部.古典文学.作　家.魏晋南北朝作家
鲍令晖,文学学部.古典文学.作　家.魏晋南北朝作家
谢庄,文学学部.古典文学.作　家.魏晋南北朝作家
王僧达,文学学部.古典文学.作　家.魏晋南北朝作家
张融,文学学部.古典文学.作　家.魏晋南北朝作家
孔稚珪,文学学部.古典文学.作　家.魏晋南北朝作家
王俭,文学学部.古典文学.作　家.魏晋南北朝作家
韩兰英,文学学部.古典文学.作　家.魏晋南北朝作家
释宝月,文学学部.古典文学.作　家.魏晋南北朝作家
刘绘,文学学部.古典文学.作　家.魏晋南北朝作家
萧子良,文学学部.古典文学.作　家.魏晋南北朝作家
谢朓,文学学部.古典文学.作　家.魏晋南北朝作家
谢宣城,文学学部.古典文学.作　家.魏晋南北朝作家
王融,文学学部.古典文学.作　家.魏晋南北朝作家
陆厥,文学学部.古典文学.作　家.魏晋南北朝作家
沈约,文学学部.古典文学.作　家.魏晋南北朝作家
王籍,文学学部.古典文学.作　家.魏晋南北朝作家
何思澄,文学学部.古典文学.作　家.魏晋南北朝作家
江淹,文学学部.古典文学.作　家.魏晋南北朝作家
范云,文学学部.古典文学.作　家.魏晋南北朝作家
任昉,文学学部.古典文学.作　家.魏晋南北朝作家
刘峻,文学学部.古典文学.作　家.魏晋南北朝作家
刘孝标,文学学部.古典文学.作　家.魏晋南北朝作家
丘迟,文学学部.古典文学.作　家.魏晋南北朝作家
梁武帝,文学学部.古典文学.作　家.魏晋南北朝作家
萧衍,文学学部.古典文学.作　家.魏晋南北朝作家
刘勰,文学学部.古典文学.作　家.魏晋南北朝作家
柳恽,文学学部.古典文学.作　家.魏晋南北朝作家
王僧孺,文学学部.古典文学.作　家.魏晋南北朝作家
吴均,文学学部.古典文学.作　家.魏晋南北朝作家
钟嵘,文学学部.古典文学.作　家.魏晋南北朝作家
何逊,文学学部.古典文学.作　家.魏晋南北朝作家
裴子野,文学学部.古典文学.作　家.魏晋南北朝作家
陆倕,文学学部.古典文学.作　家.魏晋南北朝作家
殷芸,文学学部.古典文学.作　家.魏晋南北朝作家
徐摛,文学学部.古典文学.作　家.魏晋南北朝作家
徐悱,文学学部.古典文学.作　家.魏晋南北朝作家
张率,文学学部.古典文学.作　家.魏晋南北朝作家
萧琛,文学学部.古典文学.作　家.魏晋南北朝作家
刘孝绰,文学学部.古典文学.作　家.魏晋南北朝作家
王筠,文学学部.古典文学.作　家.魏晋南北朝作家
刘孝仪,文学学部.古典文学.作　家.魏晋南北朝作家
庾肩吾,文学学部.古典文学.作　家.魏晋南北朝作家
刘孝威,文学学部.古典文学.作　家.魏晋南北朝作家
刘令娴,文学学部.古典文学.作　家.魏晋南北朝作家
张缵,文学学部.古典文学.作　家.魏晋南北朝作家
萧统,文学学部.古典文学.作　家.魏晋南北朝作家
昭明太子,文学学部.古典文学.作　家.魏晋南北朝作家
萧纲,文学学部.古典文学.作　家.魏晋南北朝作家
萧绎,文学学部.古典文学.作　家.魏晋南北朝作家
刘昼,文学学部.古典文学.作　家.魏晋南北朝作家
阴铿,文学学部.古典文学.作　家.魏晋南北朝作家
周弘正,文学学部.古典文学.作　家.魏晋南北朝作家
徐陵,文学学部.古典文学.作　家.魏晋南北朝作家
江总,文学学部.古典文学.作　家.魏晋南北朝作家
张正见,文学学部.古典文学.作　家.魏晋南北朝作家
陈叔宝,文学学部.古典文学.作　家.魏晋南北朝作家
颜之推,文学学部.古典文学.作　家.魏晋南北朝作家
郦道元,文学学部.古典文学.作　家.魏晋南北朝作家
温子昇,文学学部.古典文学.作　家.魏晋南北朝作家
杨衒之,文学学部.古典文学.作　家.魏晋南北朝作家
王褒,文学学部.古典文学.作　家.魏晋南北朝作家
庾信,文学学部.古典文学.作　家.魏晋南北朝作家
卢思道,文学学部.古典文学.作　家.隋唐五代作家
薛道衡,文学学部.古典文学.作　家.隋唐五代作家
虞世南,文学学部.古典文学.作　家.隋唐五代作家
王度,文学学部.古典文学.作　家.隋唐五代作家
王绩,文学学部.古典文学.作　家.隋唐五代作家
许敬宗,文学学部.古典文学.作　家.隋唐五代作家
唐太宗,文学学部.古典文学.作　家.隋唐五代作家
李世民,文学学部.古典文学.作　家.隋唐五代作家
上官仪,文学学部.古典文学.作　家.隋唐五代作家
道世,文学学部.古典文学.作　家.隋唐五代作家
唐临,文学学部.古典文学.作　家.隋唐五代作家
王梵志,文学学部.古典文学.作　家.隋唐五代作家
李善,文学学部.古典文学.作　家.隋唐五代作家
卢照邻,文学学部.古典文学.作　家.隋唐五代作家
骆宾王,文学学部.古典文学.作　家.隋唐五代作家
杜审言,文学学部.古典文学.作　家.隋唐五代作家
李峤,文学学部.古典文学.作　家.隋唐五代作家
苏味道,文学学部.古典文学.作　家.隋唐五代作家
王勃,文学学部.古典文学.作　家.隋唐五代作家
杨炯,文学学部.古典文学.作　家.隋唐五代作家
刘希夷,文学学部.古典文学.作　家.隋唐五代作家
崔融,文学学部.古典文学.作　家.隋唐五代作家
沈佺期,文学学部.古典文学.作　家.隋唐五代作家
宋之问,文学学部.古典文学.作　家.隋唐五代作家
张█,文学学部.古典文学.作　家.隋唐五代作家
陈子昂,文学学部.古典文学.作　家.隋唐五代作家
贺知章,文学学部.古典文学.作　家.隋唐五代作家
东方虬,文学学部.古典文学.作　家.隋唐五代作家
张若虚,文学学部.古典文学.作　家.隋唐五代作家
上官婉儿,文学学部.古典文学.作　家.隋唐五代作家
张说,文学学部.古典文学.作　家.隋唐五代作家
苏颋,文学学部.古典文学.作　家.隋唐五代作家
张九龄,文学学部.古典文学.作　家.隋唐五代作家
寒山,文学学部.古典文学.作　家.隋唐五代作家
拾得,文学学部.古典文学.作　家.隋唐五代作家
张旭,文学学部.古典文学.作　家.隋唐五代作家
韦述,文学学部.古典文学.作　家.隋唐五代作家
王翰,文学学部.古典文学.作　家.隋唐五代作家
王澣,文学学部.古典文学.作　家.隋唐五代作家
王湾,文学学部.古典文学.作　家.隋唐五代作家
王之涣,文学学部.古典文学.作　家.隋唐五代作家
孟浩然,文学学部.古典文学.作　家.隋唐五代作家
王泠然,文学学部.古典文学.作　家.隋唐五代作家
綦毋潜,文学学部.古典文学.作　家.隋唐五代作家
祖咏,文学学部.古典文学.作　家.隋唐五代作家
李颀,文学学部.古典文学.作　家.隋唐五代作家
刘眘虚,文学学部.古典文学.作　家.隋唐五代作家
常建,文学学部.古典文学.作　家.隋唐五代作家
崔颢,文学学部.古典文学.作　家.隋唐五代作家
王昌龄,文学学部.古典文学.作　家.隋唐五代作家
沈千运,文学学部.古典文学.作　家.隋唐五代作家
崔国辅,文学学部.古典文学.作　家.隋唐五代作家
高適,文学学部.古典文学.作　家.隋唐五代作家
王维,文学学部.古典文学.作　家.隋唐五代作家
丁仙芝,文学学部.古典文学.作　家.隋唐五代作家
李白,文学学部.古典文学.作　家.隋唐五代作家
丘为,文学学部.古典文学.作　家.隋唐五代作家
殷璠,文学学部.古典文学.作　家.隋唐五代作家
储光羲,文学学部.古典文学.作　家.隋唐五代作家
苏源明,文学学部.古典文学.作　家.隋唐五代作家
颜真卿,文学学部.古典文学.作　家.隋唐五代作家
张谓,文学学部.古典文学.作　家.隋唐五代作家
杜甫,文学学部.古典文学.作　家.隋唐五代作家
裴迪,文学学部.古典文学.作　家.隋唐五代作家
刘湾,文学学部.古典文学.作　家.隋唐五代作家
岑参,文学学部.古典文学.作　家.隋唐五代作家
李华,文学学部.古典文学.作　家.隋唐五代作家
刘长卿,文学学部.古典文学.作　家.隋唐五代作家
薛据,文学学部.古典文学.作　家.隋唐五代作家
萧颖士,文学学部.古典文学.作　家.隋唐五代作家
皇甫冉,文学学部.古典文学.作　家.隋唐五代作家
元结,文学学部.古典文学.作　家.隋唐五代作家
刘方平,文学学部.古典文学.作　家.隋唐五代作家
钱起,文学学部.古典文学.作　家.隋唐五代作家
柳中庸,文学学部.古典文学.作　家.隋唐五代作家
严维,文学学部.古典文学.作　家.隋唐五代作家
孟云卿,文学学部.古典文学.作　家.隋唐五代作家
独孤及,文学学部.古典文学.作　家.隋唐五代作家
畅当,文学学部.古典文学.作　家.隋唐五代作家
秦系,文学学部.古典文学.作　家.隋唐五代作家
窦叔向,文学学部.古典文学.作　家.隋唐五代作家
顾况,文学学部.古典文学.作　家.隋唐五代作家
李嘉祐,文学学部.古典文学.作　家.隋唐五代作家
张继,文学学部.古典文学.作　家.隋唐五代作家
于良史,文学学部.古典文学.作　家.隋唐五代作家
司空曙,文学学部.古典文学.作　家.隋唐五代作家
郎士元,文学学部.古典文学.作　家.隋唐五代作家
韩翃,文学学部.古典文学.作　家.隋唐五代作家
李端,文学学部.古典文学.作　家.隋唐五代作家
于鹄,文学学部.古典文学.作　家.隋唐五代作家
皎然,文学学部.古典文学.作　家.隋唐五代作家
耿█,文学学部.古典文学.作　家.隋唐五代作家
戎昱,文学学部.古典文学.作　家.隋唐五代作家
张志和,文学学部.古典文学.作　家.隋唐五代作家
戴叔伦,文学学部.古典文学.作　家.隋唐五代作家
陆羽,文学学部.古典文学.作　家.隋唐五代作家
韦应物,文学学部.古典文学.作　家.隋唐五代作家
韦苏州,文学学部.古典文学.作　家.隋唐五代作家
高仲武,文学学部.古典文学.作　家.隋唐五代作家
卢纶,文学学部.古典文学.作　家.隋唐五代作家
雍裕之,文学学部.古典文学.作　家.隋唐五代作家
李益,文学学部.古典文学.作　家.隋唐五代作家
李冶,文学学部.古典文学.作　家.隋唐五代作家
李季兰,文学学部.古典文学.作　家.隋唐五代作家
窦牟,文学学部.古典文学.作　家.隋唐五代作家
沈既济,文学学部.古典文学.作　家.隋唐五代作家
柳冕,文学学部.古典文学.作　家.隋唐五代作家
孟郊,文学学部.古典文学.作　家.隋唐五代作家
梁肃,文学学部.古典文学.作　家.隋唐五代作家
陈羽,文学学部.古典文学.作　家.隋唐五代作家
陆贽,文学学部.古典文学.作　家.隋唐五代作家
杨巨源,文学学部.古典文学.作　家.隋唐五代作家
武元衡,文学学部.古典文学.作　家.隋唐五代作家
权德舆,文学学部.古典文学.作　家.隋唐五代作家
刘商,文学学部.古典文学.作　家.隋唐五代作家
王涯,文学学部.古典文学.作　家.隋唐五代作家
许尧佐,文学学部.古典文学.作　家.隋唐五代作家
李约,文学学部.古典文学.作　家.隋唐五代作家
胡令能,文学学部.古典文学.作　家.隋唐五代作家
李公佐,文学学部.古典文学.作　家.隋唐五代作家
樊宗师,文学学部.古典文学.作　家.隋唐五代作家
李观,文学学部.古典文学.作　家.隋唐五代作家
令狐楚,文学学部.古典文学.作　家.隋唐五代作家
张籍,文学学部.古典文学.作　家.隋唐五代作家
王建,文学学部.古典文学.作　家.隋唐五代作家
李涉,文学学部.古典文学.作　家.隋唐五代作家
韩愈,文学学部.古典文学.作　家.隋唐五代作家
韩昌黎,文学学部.古典文学.作　家.隋唐五代作家
张仲素,文学学部.古典文学.作　家.隋唐五代作家
吕温,文学学部.古典文学.作　家.隋唐五代作家
李翱,文学学部.古典文学.作　家.隋唐五代作家
刘禹锡,文学学部.古典文学.作　家.隋唐五代作家
白居易,文学学部.古典文学.作　家.隋唐五代作家
李绅,文学学部.古典文学.作　家.隋唐五代作家
柳宗元,文学学部.古典文学.作　家.隋唐五代作家
薛涛,文学学部.古典文学.作　家.隋唐五代作家
陈鸿,文学学部.古典文学.作　家.隋唐五代作家
蒋防,文学学部.古典文学.作　家.隋唐五代作家
卢仝,文学学部.古典文学.作　家.隋唐五代作家
刘叉,文学学部.古典文学.作　家.隋唐五代作家
马异,文学学部.古典文学.作　家.隋唐五代作家
姚合,文学学部.古典文学.作　家.隋唐五代作家
白行简,文学学部.古典文学.作　家.隋唐五代作家
皇甫湜,文学学部.古典文学.作　家.隋唐五代作家
元稹,文学学部.古典文学.作　家.隋唐五代作家
贾岛,文学学部.古典文学.作　家.隋唐五代作家
牛僧孺,文学学部.古典文学.作　家.隋唐五代作家
崔护,文学学部.古典文学.作　家.隋唐五代作家
杨敬之,文学学部.古典文学.作　家.隋唐五代作家
沈亚之,文学学部.古典文学.作　家.隋唐五代作家
张祜,文学学部.古典文学.作　家.隋唐五代作家
李德裕,文学学部.古典文学.作　家.隋唐五代作家
李贺,文学学部.古典文学.作　家.隋唐五代作家
薛用弱,文学学部.古典文学.作　家.隋唐五代作家
李肇,文学学部.古典文学.作　家.隋唐五代作家
李复言,文学学部.古典文学.作　家.隋唐五代作家
施肩吾,文学学部.古典文学.作　家.隋唐五代作家
无可,文学学部.古典文学.作　家.隋唐五代作家
徐凝,文学学部.古典文学.作　家.隋唐五代作家
韩琮,文学学部.古典文学.作　家.隋唐五代作家
朱庆馀,文学学部.古典文学.作　家.隋唐五代作家
房千里,文学学部.古典文学.作　家.隋唐五代作家
项斯,文学学部.古典文学.作　家.隋唐五代作家
韦绚,文学学部.古典文学.作　家.隋唐五代作家
温庭筠,文学学部.古典文学.作　家.隋唐五代作家
温八叉,文学学部.古典文学.作　家.隋唐五代作家
杜牧,文学学部.古典文学.作　家.隋唐五代作家
段成式,文学学部.古典文学.作　家.隋唐五代作家
许浑,文学学部.古典文学.作　家.隋唐五代作家
皇甫松,文学学部.古典文学.作　家.隋唐五代作家
薛逢,文学学部.古典文学.作　家.隋唐五代作家
赵嘏,文学学部.古典文学.作　家.隋唐五代作家
李商隐,文学学部.古典文学.作　家.隋唐五代作家
玉谿生,文学学部.古典文学.作　家.隋唐五代作家
李远,文学学部.古典文学.作　家.隋唐五代作家
雍陶,文学学部.古典文学.作　家.隋唐五代作家
刘邺,文学学部.古典文学.作　家.隋唐五代作家
袁郊,文学学部.古典文学.作　家.隋唐五代作家
马戴,文学学部.古典文学.作　家.隋唐五代作家
薛能,文学学部.古典文学.作　家.隋唐五代作家
李频,文学学部.古典文学.作　家.隋唐五代作家
高骈,文学学部.古典文学.作　家.隋唐五代作家
刘蜕,文学学部.古典文学.作　家.隋唐五代作家
于█,文学学部.古典文学.作　家.隋唐五代作家
曹邺,文学学部.古典文学.作　家.隋唐五代作家
刘驾,文学学部.古典文学.作　家.隋唐五代作家
刘沧,文学学部.古典文学.作　家.隋唐五代作家
储嗣宗,文学学部.古典文学.作　家.隋唐五代作家
司马札,文学学部.古典文学.作　家.隋唐五代作家
崔橹,文学学部.古典文学.作　家.隋唐五代作家
崔珏,文学学部.古典文学.作　家.隋唐五代作家
于武陵,文学学部.古典文学.作　家.隋唐五代作家
张为,文学学部.古典文学.作　家.隋唐五代作家
孙樵,文学学部.古典文学.作　家.隋唐五代作家
陈陶,文学学部.古典文学.作　家.隋唐五代作家
方干,文学学部.古典文学.作　家.隋唐五代作家
曹唐,文学学部.古典文学.作　家.隋唐五代作家
郑畋,文学学部.古典文学.作　家.隋唐五代作家
曹松,文学学部.古典文学.作　家.隋唐五代作家
李群玉,文学学部.古典文学.作　家.隋唐五代作家
胡曾,文学学部.古典文学.作　家.隋唐五代作家
裴铏,文学学部.古典文学.作　家.隋唐五代作家
陈翰,文学学部.古典文学.作　家.隋唐五代作家
皇甫枚,文学学部.古典文学.作　家.隋唐五代作家
秦韬玉,文学学部.古典文学.作　家.隋唐五代作家
贯休,文学学部.古典文学.作　家.隋唐五代作家
罗隐,文学学部.古典文学.作　家.隋唐五代作家
张读,文学学部.古典文学.作　家.隋唐五代作家
韦庄,文学学部.古典文学.作　家.隋唐五代作家
张碧,文学学部.古典文学.作　家.隋唐五代作家
聂夷中,文学学部.古典文学.作　家.隋唐五代作家
司空图,文学学部.古典文学.作　家.隋唐五代作家
皮日休,文学学部.古典文学.作　家.隋唐五代作家
陆龟蒙,文学学部.古典文学.作　家.隋唐五代作家
天随子,文学学部.古典文学.作　家.隋唐五代作家
张乔,文学学部.古典文学.作　家.隋唐五代作家
唐彦谦,文学学部.古典文学.作　家.隋唐五代作家
钱珝,文学学部.古典文学.作　家.隋唐五代作家
章碣,文学学部.古典文学.作　家.隋唐五代作家
韩偓,文学学部.古典文学.作　家.隋唐五代作家
鱼玄机,文学学部.古典文学.作　家.隋唐五代作家
罗邺,文学学部.古典文学.作　家.隋唐五代作家
罗虬,文学学部.古典文学.作　家.隋唐五代作家
崔涂,文学学部.古典文学.作　家.隋唐五代作家
王驾,文学学部.古典文学.作　家.隋唐五代作家
杜荀鹤,文学学部.古典文学.作　家.隋唐五代作家
吴融,文学学部.古典文学.作　家.隋唐五代作家
李洞,文学学部.古典文学.作　家.隋唐五代作家
杜光庭,文学学部.古典文学.作　家.隋唐五代作家
郑谷,文学学部.古典文学.作　家.隋唐五代作家
崔致远,文学学部.古典文学.作　家.隋唐五代作家
王涣,文学学部.古典文学.作　家.隋唐五代作家
李咸用,文学学部.古典文学.作　家.隋唐五代作家
崔道融,文学学部.古典文学.作　家.隋唐五代作家
齐己,文学学部.古典文学.作　家.隋唐五代作家
牛峤,文学学部.古典文学.作　家.隋唐五代作家
卢汝弼,文学学部.古典文学.作　家.隋唐五代作家
徐寅,文学学部.古典文学.作　家.隋唐五代作家
黄滔,文学学部.古典文学.作　家.隋唐五代作家
张█,文学学部.古典文学.作　家.隋唐五代作家
王贞白,文学学部.古典文学.作　家.隋唐五代作家
卢延让,文学学部.古典文学.作　家.隋唐五代作家
韩鄂,文学学部.古典文学.作　家.隋唐五代作家
毛文锡,文学学部.古典文学.作　家.隋唐五代作家
王定保,文学学部.古典文学.作　家.隋唐五代作家
李建勋,文学学部.古典文学.作　家.隋唐五代作家
王仁裕,文学学部.古典文学.作　家.隋唐五代作家
李珣,文学学部.古典文学.作　家.隋唐五代作家
鹿虔扆,文学学部.古典文学.作　家.隋唐五代作家
花蕊夫人,文学学部.古典文学.作　家.隋唐五代作家
牛希济,文学学部.古典文学.作　家.隋唐五代作家
孟宾于,文学学部.古典文学.作　家.隋唐五代作家
韦縠,文学学部.古典文学.作　家.隋唐五代作家
欧阳炯,文学学部.古典文学.作　家.隋唐五代作家
和凝,文学学部.古典文学.作　家.隋唐五代作家
冯延巳,文学学部.古典文学.作　家.隋唐五代作家
李璟,文学学部.古典文学.作　家.隋唐五代作家
毛熙震,文学学部.古典文学.作　家.隋唐五代作家
李煜,文学学部.古典文学.作　家.隋唐五代作家
李后主,文学学部.古典文学.作　家.隋唐五代作家
孙光宪,文学学部.古典文学.作　家.宋辽金作家
景涣,文学学部.古典文学.作　家.宋辽金作家
徐铉,文学学部.古典文学.作　家.宋辽金作家
李昉,文学学部.古典文学.作　家.宋辽金作家
乐史,文学学部.古典文学.作　家.宋辽金作家
潘阆,文学学部.古典文学.作　家.宋辽金作家
柳开,文学学部.古典文学.作　家.宋辽金作家
王禹偁,文学学部.古典文学.作　家.宋辽金作家
赵湘,文学学部.古典文学.作　家.宋辽金作家
魏野,文学学部.古典文学.作　家.宋辽金作家
林逋,文学学部.古典文学.作　家.宋辽金作家
姚铉,文学学部.古典文学.作　家.宋辽金作家
刘筠,文学学部.古典文学.作　家.宋辽金作家
杨亿,文学学部.古典文学.作　家.宋辽金作家
钱惟演,文学学部.古典文学.作　家.宋辽金作家
钱易,文学学部.古典文学.作　家.宋辽金作家
穆修,文学学部.古典文学.作　家.宋辽金作家
柳永,文学学部.古典文学.作　家.宋辽金作家
范仲淹,文学学部.古典文学.作　家.宋辽金作家
张先,文学学部.古典文学.作　家.宋辽金作家
晏殊,文学学部.古典文学.作　家.宋辽金作家
石延年,文学学部.古典文学.作　家.宋辽金作家
石曼卿,文学学部.古典文学.作　家.宋辽金作家
宋庠,文学学部.古典文学.作　家.宋辽金作家
宋祁,文学学部.古典文学.作　家.宋辽金作家
尹洙,文学学部.古典文学.作　家.宋辽金作家
梅尧臣,文学学部.古典文学.作　家.宋辽金作家
石介,文学学部.古典文学.作　家.宋辽金作家
欧阳修,文学学部.古典文学.作　家.宋辽金作家
六一居士,文学学部.古典文学.作　家.宋辽金作家
苏舜钦,文学学部.古典文学.作　家.宋辽金作家
李觏,文学学部.古典文学.作　家.宋辽金作家
苏洵,文学学部.古典文学.作　家.宋辽金作家
范镇,文学学部.古典文学.作　家.宋辽金作家
邵雍,文学学部.古典文学.作　家.宋辽金作家
韩维,文学学部.古典文学.作　家.宋辽金作家
黄庶,文学学部.古典文学.作　家.宋辽金作家
文同,文学学部.古典文学.作　家.宋辽金作家
宋敏求,文学学部.古典文学.作　家.宋辽金作家
曾巩,文学学部.古典文学.作　家.宋辽金作家
王珪,文学学部.古典文学.作　家.宋辽金作家
司马光,文学学部.古典文学.作　家.宋辽金作家
王安石,文学学部.古典文学.作　家.宋辽金作家
王安国,文学学部.古典文学.作　家.宋辽金作家
王令,文学学部.古典文学.作　家.宋辽金作家
孙洙,文学学部.古典文学.作　家.宋辽金作家
李之仪,文学学部.古典文学.作　家.宋辽金作家
苏轼,文学学部.古典文学.作　家.宋辽金作家
苏东坡,文学学部.古典文学.作　家.宋辽金作家
晏幾道,文学学部.古典文学.作　家.宋辽金作家
苏辙,文学学部.古典文学.作　家.宋辽金作家
刘斧,文学学部.古典文学.作　家.宋辽金作家
道潜,文学学部.古典文学.作　家.宋辽金作家
参寥子,文学学部.古典文学.作　家.宋辽金作家
黄裳,文学学部.古典文学.作　家.宋辽金作家
黄庭坚,文学学部.古典文学.作　家.宋辽金作家
秦观,文学学部.古典文学.作　家.宋辽金作家
贺铸,文学学部.古典文学.作　家.宋辽金作家
陈师道,文学学部.古典文学.作　家.宋辽金作家
晁补之,文学学部.古典文学.作　家.宋辽金作家
归来子,文学学部.古典文学.作　家.宋辽金作家
谢逸,文学学部.古典文学.作　家.宋辽金作家
张耒,文学学部.古典文学.作　家.宋辽金作家
张舜民,文学学部.古典文学.作　家.宋辽金作家
周邦彦,文学学部.古典文学.作　家.宋辽金作家
潘大临,文学学部.古典文学.作　家.宋辽金作家
夏倪,文学学部.古典文学.作　家.宋辽金作家
李廌,文学学部.古典文学.作　家.宋辽金作家
阮阅,文学学部.古典文学.作　家.宋辽金作家
毛滂,文学学部.古典文学.作　家.宋辽金作家
洪刍,文学学部.古典文学.作　家.宋辽金作家
洪炎,文学学部.古典文学.作　家.宋辽金作家
惠洪,文学学部.古典文学.作　家.宋辽金作家
吴可,文学学部.古典文学.作　家.宋辽金作家
廖刚,文学学部.古典文学.作　家.宋辽金作家
苏过,文学学部.古典文学.作　家.宋辽金作家
晁冲之,文学学部.古典文学.作　家.宋辽金作家
米友仁,文学学部.古典文学.作　家.宋辽金作家
徐俯,文学学部.古典文学.作　家.宋辽金作家
陈棣,文学学部.古典文学.作　家.宋辽金作家
叶梦得,文学学部.古典文学.作　家.宋辽金作家
汪藻,文学学部.古典文学.作　家.宋辽金作家
朱敦儒,文学学部.古典文学.作　家.宋辽金作家
周紫芝,文学学部.古典文学.作　家.宋辽金作家
张纲,文学学部.古典文学.作　家.宋辽金作家
吕本中,文学学部.古典文学.作　家.宋辽金作家
李清照,文学学部.古典文学.作　家.宋辽金作家
曾幾,文学学部.古典文学.作　家.宋辽金作家
曾季貍,文学学部.古典文学.作　家.宋辽金作家
朱弁,文学学部.古典文学.作　家.宋辽金作家
向子█,文学学部.古典文学.作　家.宋辽金作家
沈与求,文学学部.古典文学.作　家.宋辽金作家
康与之,文学学部.古典文学.作　家.宋辽金作家
洪皓,文学学部.古典文学.作　家.宋辽金作家
林季仲,文学学部.古典文学.作　家.宋辽金作家
陈与义,文学学部.古典文学.作　家.宋辽金作家
冯时行,文学学部.古典文学.作　家.宋辽金作家
高登,文学学部.古典文学.作　家.宋辽金作家
张元幹,文学学部.古典文学.作　家.宋辽金作家
吴曾,文学学部.古典文学.作　家.宋辽金作家
曾慥,文学学部.古典文学.作　家.宋辽金作家
计有功,文学学部.古典文学.作　家.宋辽金作家
胡仔,文学学部.古典文学.作　家.宋辽金作家
苏籀,文学学部.古典文学.作　家.宋辽金作家
胡寅,文学学部.古典文学.作　家.宋辽金作家
曹勋,文学学部.古典文学.作　家.宋辽金作家
刘子翚,文学学部.古典文学.作　家.宋辽金作家
朱淑真,文学学部.古典文学.作　家.宋辽金作家
岳飞,文学学部.古典文学.作　家.宋辽金作家
郑樵,文学学部.古典文学.作　家.宋辽金作家
史浩,文学学部.古典文学.作　家.宋辽金作家
王十朋,文学学部.古典文学.作　家.宋辽金作家
葛立方,文学学部.古典文学.作　家.宋辽金作家
洪适,文学学部.古典文学.作　家.宋辽金作家
韩元吉,文学学部.古典文学.作　家.宋辽金作家
史尧弼,文学学部.古典文学.作　家.宋辽金作家
洪迈,文学学部.古典文学.作　家.宋辽金作家
萧德藻,文学学部.古典文学.作　家.宋辽金作家
王灼,文学学部.古典文学.作　家.宋辽金作家
姜特立,文学学部.古典文学.作　家.宋辽金作家
陆游,文学学部.古典文学.作　家.宋辽金作家
范成大,文学学部.古典文学.作　家.宋辽金作家
周必大,文学学部.古典文学.作　家.宋辽金作家
尤袤,文学学部.古典文学.作　家.宋辽金作家
杨万里,文学学部.古典文学.作　家.宋辽金作家
李洪,文学学部.古典文学.作　家.宋辽金作家
朱熹,文学学部.古典文学.作　家.宋辽金作家
张孝祥,文学学部.古典文学.作　家.宋辽金作家
陈造,文学学部.古典文学.作　家.宋辽金作家
葛天民,文学学部.古典文学.作　家.宋辽金作家
吕祖谦,文学学部.古典文学.作　家.宋辽金作家
楼钥,文学学部.古典文学.作　家.宋辽金作家
王炎,文学学部.古典文学.作　家.宋辽金作家
陆九渊,文学学部.古典文学.作　家.宋辽金作家
袁说友,文学学部.古典文学.作　家.宋辽金作家
辛弃疾,文学学部.古典文学.作　家.宋辽金作家
潘柽,文学学部.古典文学.作　家.宋辽金作家
陈亮,文学学部.古典文学.作　家.宋辽金作家
赵蕃,文学学部.古典文学.作　家.宋辽金作家
袁燮,文学学部.古典文学.作　家.宋辽金作家
叶適,文学学部.古典文学.作　家.宋辽金作家
张镃,文学学部.古典文学.作　家.宋辽金作家
刘过,文学学部.古典文学.作　家.宋辽金作家
敖陶孙,文学学部.古典文学.作　家.宋辽金作家
姜夔,文学学部.古典文学.作　家.宋辽金作家
白石道人,文学学部.古典文学.作　家.宋辽金作家
汪莘,文学学部.古典文学.作　家.宋辽金作家
曹彦约,文学学部.古典文学.作　家.宋辽金作家
曾极,文学学部.古典文学.作　家.宋辽金作家
韩淲,文学学部.古典文学.作　家.宋辽金作家
史达祖,文学学部.古典文学.作　家.宋辽金作家
高观国,文学学部.古典文学.作　家.宋辽金作家
华岳,文学学部.古典文学.作　家.宋辽金作家
裘万顷,文学学部.古典文学.作　家.宋辽金作家
史弥宁,文学学部.古典文学.作　家.宋辽金作家
徐照,文学学部.古典文学.作　家.宋辽金作家
徐玑,文学学部.古典文学.作　家.宋辽金作家
释居简,文学学部.古典文学.作　家.宋辽金作家
翁卷,文学学部.古典文学.作　家.宋辽金作家
赵汝谈,文学学部.古典文学.作　家.宋辽金作家
戴复古,文学学部.古典文学.作　家.宋辽金作家
陈起,文学学部.古典文学.作　家.宋辽金作家
方信孺,文学学部.古典文学.作　家.宋辽金作家
赵师秀,文学学部.古典文学.作　家.宋辽金作家
高翥,文学学部.古典文学.作　家.宋辽金作家
赵汝鐩,文学学部.古典文学.作　家.宋辽金作家
洪咨夔,文学学部.古典文学.作　家.宋辽金作家
郑清之,文学学部.古典文学.作　家.宋辽金作家
真德秀,文学学部.古典文学.作　家.宋辽金作家
魏了翁,文学学部.古典文学.作　家.宋辽金作家
乐雷发,文学学部.古典文学.作　家.宋辽金作家
严羽,文学学部.古典文学.作　家.宋辽金作家
严粲,文学学部.古典文学.作　家.宋辽金作家
岳珂,文学学部.古典文学.作　家.宋辽金作家
阳枋,文学学部.古典文学.作　家.宋辽金作家
魏庆之,文学学部.古典文学.作　家.宋辽金作家
刘克庄,文学学部.古典文学.作　家.宋辽金作家
林希逸,文学学部.古典文学.作　家.宋辽金作家
叶绍翁,文学学部.古典文学.作　家.宋辽金作家
吴潜,文学学部.古典文学.作　家.宋辽金作家
李曾伯,文学学部.古典文学.作　家.宋辽金作家
方岳,文学学部.古典文学.作　家.宋辽金作家
宋伯仁,文学学部.古典文学.作　家.宋辽金作家
戴昺,文学学部.古典文学.作　家.宋辽金作家
李昴英,文学学部.古典文学.作　家.宋辽金作家
真山民,文学学部.古典文学.作　家.宋辽金作家
萧立之,文学学部.古典文学.作　家.宋辽金作家
吴文英,文学学部.古典文学.作　家.宋辽金作家
柴望,文学学部.古典文学.作　家.宋辽金作家
姚勉,文学学部.古典文学.作　家.宋辽金作家
陈人杰,文学学部.古典文学.作　家.宋辽金作家
马廷鸾,文学学部.古典文学.作　家.宋辽金作家
卫宗武,文学学部.古典文学.作　家.宋辽金作家
王应麟,文学学部.古典文学.作　家.宋辽金作家
谢枋得,文学学部.古典文学.作　家.宋辽金作家
牟巘,文学学部.古典文学.作　家.宋辽金作家
俞德邻,文学学部.古典文学.作　家.宋辽金作家
刘辰翁,文学学部.古典文学.作　家.宋辽金作家
周密,文学学部.古典文学.作　家.宋辽金作家
文天祥,文学学部.古典文学.作　家.宋辽金作家
柴元彪,文学学部.古典文学.作　家.宋辽金作家
汪元量,文学学部.古典文学.作　家.宋辽金作家
郑思肖,文学学部.古典文学.作　家.宋辽金作家
方凤,文学学部.古典文学.作　家.宋辽金作家
林景熙,文学学部.古典文学.作　家.宋辽金作家
赵必█,文学学部.古典文学.作　家.宋辽金作家
蒋捷,文学学部.古典文学.作　家.宋辽金作家
王沂孙,文学学部.古典文学.作　家.宋辽金作家
张炎,文学学部.古典文学.作　家.宋辽金作家
谢翱,文学学部.古典文学.作　家.宋辽金作家
熊禾,文学学部.古典文学.作　家.宋辽金作家
萧观音,文学学部.古典文学.作　家.宋辽金作家
吴激,文学学部.古典文学.作　家.宋辽金作家
宇文虚中,文学学部.古典文学.作　家.宋辽金作家
高士谈,文学学部.古典文学.作　家.宋辽金作家
蔡松年,文学学部.古典文学.作　家.宋辽金作家
蔡珪,文学学部.古典文学.作　家.宋辽金作家
王寂,文学学部.古典文学.作　家.宋辽金作家
刘迎,文学学部.古典文学.作　家.宋辽金作家
党怀英,文学学部.古典文学.作　家.宋辽金作家
王庭筠,文学学部.古典文学.作　家.宋辽金作家
赵秉文,文学学部.古典文学.作　家.宋辽金作家
王若虚,文学学部.古典文学.作　家.宋辽金作家
李俊民,文学学部.古典文学.作　家.宋辽金作家
元好问,文学学部.古典文学.作　家.宋辽金作家
段克己,文学学部.古典文学.作　家.宋辽金作家
段成己,文学学部.古典文学.作　家.宋辽金作家
董解元,文学学部.古典文学.作　家.宋辽金作家
杨奂,文学学部.古典文学.作　家.元代作家
耶律楚材,文学学部.古典文学.作　家.元代作家
湛然居士,文学学部.古典文学.作　家.元代作家
杨果,文学学部.古典文学.作　家.元代作家
杜仁杰,文学学部.古典文学.作　家.元代作家
许衡,文学学部.古典文学.作　家.元代作家
商挺,文学学部.古典文学.作　家.元代作家
刘秉忠,文学学部.古典文学.作　家.元代作家
石子章,文学学部.古典文学.作　家.元代作家
石君宝,文学学部.古典文学.作　家.元代作家
杨显之,文学学部.古典文学.作　家.元代作家
关汉卿,文学学部.古典文学.作　家.元代作家
王和卿,文学学部.古典文学.作　家.元代作家
朱晞颜,文学学部.古典文学.作　家.元代作家
郝经,文学学部.古典文学.作　家.元代作家
白朴,文学学部.古典文学.作　家.元代作家
李文蔚,文学学部.古典文学.作　家.元代作家
胡祗遹,文学学部.古典文学.作　家.元代作家
王恽,文学学部.古典文学.作　家.元代作家
高文秀,文学学部.古典文学.作　家.元代作家
郑廷玉,文学学部.古典文学.作　家.元代作家
王实甫,文学学部.古典文学.作　家.元代作家
方回,文学学部.古典文学.作　家.元代作家
魏初,文学学部.古典文学.作　家.元代作家
武汉臣,文学学部.古典文学.作　家.元代作家
姚燧,文学学部.古典文学.作　家.元代作家
陈孚,文学学部.古典文学.作　家.元代作家
刘埙,文学学部.古典文学.作　家.元代作家
滕安上,文学学部.古典文学.作　家.元代作家
卢挚,文学学部.古典文学.作　家.元代作家
张之翰,文学学部.古典文学.作　家.元代作家
张伯淳,文学学部.古典文学.作　家.元代作家
刘敏中,文学学部.古典文学.作　家.元代作家
戴表元,文学学部.古典文学.作　家.元代作家
陈英,文学学部.古典文学.作　家.元代作家
仇远,文学学部.古典文学.作　家.元代作家
白珽,文学学部.古典文学.作　家.元代作家
黄庚,文学学部.古典文学.作　家.元代作家
刘因,文学学部.古典文学.作　家.元代作家
程钜夫,文学学部.古典文学.作　家.元代作家
胡长孺,文学学部.古典文学.作　家.元代作家
吴澄,文学学部.古典文学.作　家.元代作家
马致远,文学学部.古典文学.作　家.元代作家
李寿卿,文学学部.古典文学.作　家.元代作家
尚仲贤,文学学部.古典文学.作　家.元代作家
纪君祥,文学学部.古典文学.作　家.元代作家
戴善甫,文学学部.古典文学.作　家.元代作家
李好古,文学学部.古典文学.作　家.元代作家
费唐臣,文学学部.古典文学.作　家.元代作家
吴昌龄,文学学部.古典文学.作　家.元代作家
孟汉卿,文学学部.古典文学.作　家.元代作家
张寿卿,文学学部.古典文学.作　家.元代作家
张国宾,文学学部.古典文学.作　家.元代作家
李仲章,文学学部.古典文学.作　家.元代作家
李潜夫,文学学部.古典文学.作　家.元代作家
王仲文,文学学部.古典文学.作　家.元代作家
狄君厚,文学学部.古典文学.作　家.元代作家
赵孟頫,文学学部.古典文学.作　家.元代作家
松雪道人,文学学部.古典文学.作　家.元代作家
同恕,文学学部.古典文学.作　家.元代作家
曹伯启,文学学部.古典文学.作　家.元代作家
睢景臣,文学学部.古典文学.作　家.元代作家
释圆至,文学学部.古典文学.作　家.元代作家
陆文圭,文学学部.古典文学.作　家.元代作家
马臻,文学学部.古典文学.作　家.元代作家
鲜于枢,文学学部.古典文学.作　家.元代作家
刘将孙,文学学部.古典文学.作　家.元代作家
冯子振,文学学部.古典文学.作　家.元代作家
邓文原,文学学部.古典文学.作　家.元代作家
刘致,文学学部.古典文学.作　家.元代作家
李直夫,文学学部.古典文学.作　家.元代作家
康进之,文学学部.古典文学.作　家.元代作家
柯丹丘,文学学部.古典文学.作　家.元代作家
曾瑞,文学学部.古典文学.作　家.元代作家
黄镇成,文学学部.古典文学.作　家.元代作家
蒲道源,文学学部.古典文学.作　家.元代作家
孔文卿,文学学部.古典文学.作　家.元代作家
宋无,文学学部.古典文学.作　家.元代作家
王伯成,文学学部.古典文学.作　家.元代作家
鲜于必仁,文学学部.古典文学.作　家.元代作家
宫天挺,文学学部.古典文学.作　家.元代作家
郑光祖,文学学部.古典文学.作　家.元代作家
袁易,文学学部.古典文学.作　家.元代作家
何中,文学学部.古典文学.作　家.元代作家
袁桷,文学学部.古典文学.作　家.元代作家
龚璛,文学学部.古典文学.作　家.元代作家
施惠,文学学部.古典文学.作　家.元代作家
张玉孃,文学学部.古典文学.作　家.元代作家
金仁杰,文学学部.古典文学.作　家.元代作家
杨梓,文学学部.古典文学.作　家.元代作家
薛昂夫,文学学部.古典文学.作　家.元代作家
刘诜,文学学部.古典文学.作　家.元代作家
元明善,文学学部.古典文学.作　家.元代作家
贡奎,文学学部.古典文学.作　家.元代作家
张养浩,文学学部.古典文学.作　家.元代作家
许谦,文学学部.古典文学.作　家.元代作家
柳贯,文学学部.古典文学.作　家.元代作家
张埜,文学学部.古典文学.作　家.元代作家
杨载,文学学部.古典文学.作　家.元代作家
丁复,文学学部.古典文学.作　家.元代作家
王旭,文学学部.古典文学.作　家.元代作家
尹廷高,文学学部.古典文学.作　家.元代作家
范梈,文学学部.古典文学.作　家.元代作家
虞集,文学学部.古典文学.作　家.元代作家
虞道园,文学学部.古典文学.作　家.元代作家
欧阳玄,文学学部.古典文学.作　家.元代作家
揭傒斯,文学学部.古典文学.作　家.元代作家
王结,文学学部.古典文学.作　家.元代作家
钟嗣成,文学学部.古典文学.作　家.元代作家
张雨,文学学部.古典文学.作　家.元代作家
黄█,文学学部.古典文学.作　家.元代作家
陈樵,文学学部.古典文学.作　家.元代作家
马祖常,文学学部.古典文学.作　家.元代作家
胡助,文学学部.古典文学.作　家.元代作家
乔吉,文学学部.古典文学.作　家.元代作家
张可久,文学学部.古典文学.作　家.元代作家
张小山,文学学部.古典文学.作　家.元代作家
李存,文学学部.古典文学.作　家.元代作家
周文质,文学学部.古典文学.作　家.元代作家
洪希文,文学学部.古典文学.作　家.元代作家
吴师道,文学学部.古典文学.作　家.元代作家
秦简夫,文学学部.古典文学.作　家.元代作家
释大█,文学学部.古典文学.作　家.元代作家
李孝光,文学学部.古典文学.作　家.元代作家
贯云石,文学学部.古典文学.作　家.元代作家
徐再思,文学学部.古典文学.作　家.元代作家
杨朝英,文学学部.古典文学.作　家.元代作家
岑安卿,文学学部.古典文学.作　家.元代作家
任昱,文学学部.古典文学.作　家.元代作家
萧德祥,文学学部.古典文学.作　家.元代作家
王晔,文学学部.古典文学.作　家.元代作家
朱凯,文学学部.古典文学.作　家.元代作家
周权,文学学部.古典文学.作　家.元代作家
陈旅,文学学部.古典文学.作　家.元代作家
王冕,文学学部.古典文学.作　家.元代作家
许有壬,文学学部.古典文学.作　家.元代作家
张翥,文学学部.古典文学.作　家.元代作家
张仲举,文学学部.古典文学.作　家.元代作家
刘庭信,文学学部.古典文学.作　家.元代作家
吴景奎,文学学部.古典文学.作　家.元代作家
郑元祐,文学学部.古典文学.作　家.元代作家
周霆震,文学学部.古典文学.作　家.元代作家
宋褧,文学学部.古典文学.作　家.元代作家
苏天爵,文学学部.古典文学.作　家.元代作家
朱德润,文学学部.古典文学.作　家.元代作家
杨维桢,文学学部.古典文学.作　家.元代作家
东维子,文学学部.古典文学.作　家.元代作家
谢应芳,文学学部.古典文学.作　家.元代作家
吴莱,文学学部.古典文学.作　家.元代作家
贡师泰,文学学部.古典文学.作　家.元代作家
周伯琦,文学学部.古典文学.作　家.元代作家
张昱,文学学部.古典文学.作　家.元代作家
胡天游,文学学部.古典文学.作　家.元代作家
钱惟善,文学学部.古典文学.作　家.元代作家
成廷珪,文学学部.古典文学.作　家.元代作家
陆友,文学学部.古典文学.作　家.元代作家
倪瓒,文学学部.古典文学.作　家.元代作家
云林子,文学学部.古典文学.作　家.元代作家
余阙,文学学部.古典文学.作　家.元代作家
傅若金,文学学部.古典文学.作　家.元代作家
舒頔,文学学部.古典文学.作　家.元代作家
郭翼,文学学部.古典文学.作　家.元代作家
萨都剌,文学学部.古典文学.作　家.元代作家
萨天锡,文学学部.古典文学.作　家.元代作家
迺贤,文学学部.古典文学.作　家.元代作家
邵亨贞,文学学部.古典文学.作　家.元代作家
顾瑛,文学学部.古典文学.作　家.元代作家
顾阿瑛,文学学部.古典文学.作　家.元代作家
汪元亨,文学学部.古典文学.作　家.元代作家
贡性之,文学学部.古典文学.作　家.元代作家
陈基,文学学部.古典文学.作　家.元代作家
陈高,文学学部.古典文学.作　家.元代作家
陶宗仪,文学学部.古典文学.作　家.元代作家
戴良,文学学部.古典文学.作　家.元代作家
赵汸,文学学部.古典文学.作　家.元代作家
王逢,文学学部.古典文学.作　家.元代作家
张宪,文学学部.古典文学.作　家.元代作家
丁鹤年,文学学部.古典文学.作　家.元代作家
唐桂芳,文学学部.古典文学.作　家.明代作家
郭奎,文学学部.古典文学.作　家.明代作家
张以宁,文学学部.古典文学.作　家.明代作家
钱宰,文学学部.古典文学.作　家.明代作家
施耐庵,文学学部.古典文学.作　家.明代作家
危素,文学学部.古典文学.作　家.明代作家
魏观,文学学部.古典文学.作　家.明代作家
梁寅,文学学部.古典文学.作　家.明代作家
徐一夔,文学学部.古典文学.作　家.明代作家
高明,文学学部.古典文学.作　家.明代作家
高则诚,文学学部.古典文学.作　家.明代作家
胡翰,文学学部.古典文学.作　家.明代作家
妙声,文学学部.古典文学.作　家.明代作家
来复,文学学部.古典文学.作　家.明代作家
袁凯,文学学部.古典文学.作　家.明代作家
宋濂,文学学部.古典文学.作　家.明代作家
刘基,文学学部.古典文学.作　家.明代作家
宋讷,文学学部.古典文学.作　家.明代作家
朱右,文学学部.古典文学.作　家.明代作家
贝琼,文学学部.古典文学.作　家.明代作家
刘炳,文学学部.古典文学.作　家.明代作家
苏伯衡,文学学部.古典文学.作　家.明代作家
袁华,文学学部.古典文学.作　家.明代作家
宗泐,文学学部.古典文学.作　家.明代作家
李█,文学学部.古典文学.作　家.明代作家
汪广洋,文学学部.古典文学.作　家.明代作家
李延兴,文学学部.古典文学.作　家.明代作家
刘崧,文学学部.古典文学.作　家.明代作家
郑真,文学学部.古典文学.作　家.明代作家
乌斯道,文学学部.古典文学.作　家.明代作家
王祎,文学学部.古典文学.作　家.明代作家
凌云翰,文学学部.古典文学.作　家.明代作家
蓝仁,文学学部.古典文学.作　家.明代作家
蓝智,文学学部.古典文学.作　家.明代作家
林弼,文学学部.古典文学.作　家.明代作家
杨基,文学学部.古典文学.作　家.明代作家
罗贯中,文学学部.古典文学.作　家.明代作家
唐肃,文学学部.古典文学.作　家.明代作家
王行,文学学部.古典文学.作　家.明代作家
孙作,文学学部.古典文学.作　家.明代作家
谢肃,文学学部.古典文学.作　家.明代作家
徐贲,文学学部.古典文学.作　家.明代作家
张羽,文学学部.古典文学.作　家.明代作家
孙█,文学学部.古典文学.作　家.明代作家
胡奎,文学学部.古典文学.作　家.明代作家
高启,文学学部.古典文学.作　家.明代作家
青丘子,文学学部.古典文学.作　家.明代作家
杨讷,文学学部.古典文学.作　家.明代作家
管时敏,文学学部.古典文学.作　家.明代作家
汤式,文学学部.古典文学.作　家.明代作家
王恭,文学学部.古典文学.作　家.明代作家
贾仲明,文学学部.古典文学.作　家.明代作家
瞿佑,文学学部.古典文学.作　家.明代作家
高棅,文学学部.古典文学.作　家.明代作家
林鸿,文学学部.古典文学.作　家.明代作家
程本立,文学学部.古典文学.作　家.明代作家
方孝孺,文学学部.古典文学.作　家.明代作家
胡俨,文学学部.古典文学.作　家.明代作家
杨士奇,文学学部.古典文学.作　家.明代作家
梁潜,文学学部.古典文学.作　家.明代作家
解缙,文学学部.古典文学.作　家.明代作家
王偁,文学学部.古典文学.作　家.明代作家
杨荣,文学学部.古典文学.作　家.明代作家
曾棨,文学学部.古典文学.作　家.明代作家
李昌祺,文学学部.古典文学.作　家.明代作家
朱权,文学学部.古典文学.作　家.明代作家
宁献王,文学学部.古典文学.作　家.明代作家
朱有燉,文学学部.古典文学.作　家.明代作家
周宪王,文学学部.古典文学.作　家.明代作家
薛瑄,文学学部.古典文学.作　家.明代作家
于谦,文学学部.古典文学.作　家.明代作家
聂大年,文学学部.古典文学.作　家.明代作家
郭登,文学学部.古典文学.作　家.明代作家
叶盛,文学学部.古典文学.作　家.明代作家
张宁,文学学部.古典文学.作　家.明代作家
丘濬,文学学部.古典文学.作　家.明代作家
刘溥,文学学部.古典文学.作　家.明代作家
汤胤绩,文学学部.古典文学.作　家.明代作家
杨守陈,文学学部.古典文学.作　家.明代作家
童轩,文学学部.古典文学.作　家.明代作家
沈周,文学学部.古典文学.作　家.明代作家
陈献章,文学学部.古典文学.作　家.明代作家
张泰,文学学部.古典文学.作　家.明代作家
史鉴,文学学部.古典文学.作　家.明代作家
吴宽,文学学部.古典文学.作　家.明代作家
沈鲸,文学学部.古典文学.作　家.明代作家
姚茂良,文学学部.古典文学.作　家.明代作家
程敏政,文学学部.古典文学.作　家.明代作家
马中锡,文学学部.古典文学.作　家.明代作家
马洪,文学学部.古典文学.作　家.明代作家
李东阳,文学学部.古典文学.作　家.明代作家
罗玘,文学学部.古典文学.作　家.明代作家
王鏊,文学学部.古典文学.作　家.明代作家
林俊,文学学部.古典文学.作　家.明代作家
陈铎,文学学部.古典文学.作　家.明代作家
杨一清,文学学部.古典文学.作　家.明代作家
沈采,文学学部.古典文学.作　家.明代作家
储巏,文学学部.古典文学.作　家.明代作家
杨循吉,文学学部.古典文学.作　家.明代作家
祝允明,文学学部.古典文学.作　家.明代作家
邵宝,文学学部.古典文学.作　家.明代作家
顾清,文学学部.古典文学.作　家.明代作家
徐霖,文学学部.古典文学.作　家.明代作家
石珤,文学学部.古典文学.作　家.明代作家
湛若水,文学学部.古典文学.作　家.明代作家
王九思,文学学部.古典文学.作　家.明代作家
陈沂,文学学部.古典文学.作　家.明代作家
唐寅,文学学部.古典文学.作　家.明代作家
王磐,文学学部.古典文学.作　家.明代作家
文徵明,文学学部.古典文学.作　家.明代作家
王守仁,文学学部.古典文学.作　家.明代作家
王阳明,文学学部.古典文学.作　家.明代作家
李梦阳,文学学部.古典文学.作　家.明代作家
空同子,文学学部.古典文学.作　家.明代作家
王济,文学学部.古典文学.作　家.明代作家
王廷相,文学学部.古典文学.作　家.明代作家
康海,文学学部.古典文学.作　家.明代作家
边贡,文学学部.古典文学.作　家.明代作家
顾璘,文学学部.古典文学.作　家.明代作家
朱应登,文学学部.古典文学.作　家.明代作家
陆深,文学学部.古典文学.作　家.明代作家
徐祯卿,文学学部.古典文学.作　家.明代作家
韩邦奇,文学学部.古典文学.作　家.明代作家
陈霆,文学学部.古典文学.作　家.明代作家
李日华,文学学部.古典文学.作　家.明代作家
殷云霄,文学学部.古典文学.作　家.明代作家
严嵩,文学学部.古典文学.作　家.明代作家
夏言,文学学部.古典文学.作　家.明代作家
何景明,文学学部.古典文学.作　家.明代作家
何大复,文学学部.古典文学.作　家.明代作家
孙一元,文学学部.古典文学.作　家.明代作家
朱朴,文学学部.古典文学.作　家.明代作家
郑善夫,文学学部.古典文学.作　家.明代作家
张█,文学学部.古典文学.作　家.明代作家
王廷陈,文学学部.古典文学.作　家.明代作家
郎瑛,文学学部.古典文学.作　家.明代作家
杨慎,文学学部.古典文学.作　家.明代作家
沈仕,文学学部.古典文学.作　家.明代作家
薛蕙,文学学部.古典文学.作　家.明代作家
郑若庸,文学学部.古典文学.作　家.明代作家
黄省曾,文学学部.古典文学.作　家.明代作家
皇甫冲,文学学部.古典文学.作　家.明代作家
许宗鲁,文学学部.古典文学.作　家.明代作家
黄佐,文学学部.古典文学.作　家.明代作家
常伦,文学学部.古典文学.作　家.明代作家
陆粲,文学学部.古典文学.作　家.明代作家
金銮,文学学部.古典文学.作　家.明代作家
吴子孝,文学学部.古典文学.作　家.明代作家
谢榛,文学学部.古典文学.作　家.明代作家
陆采,文学学部.古典文学.作　家.明代作家
皇甫涍,文学学部.古典文学.作　家.明代作家
华察,文学学部.古典文学.作　家.明代作家
黄峨,文学学部.古典文学.作　家.明代作家
皇甫汸,文学学部.古典文学.作　家.明代作家
陈如纶,文学学部.古典文学.作　家.明代作家
张时彻,文学学部.古典文学.作　家.明代作家
吴承恩,文学学部.古典文学.作　家.明代作家
朱曰藩,文学学部.古典文学.作　家.明代作家
高叔嗣,文学学部.古典文学.作　家.明代作家
卢枏,文学学部.古典文学.作　家.明代作家
袁袠,文学学部.古典文学.作　家.明代作家
李开先,文学学部.古典文学.作　家.明代作家
田汝成,文学学部.古典文学.作　家.明代作家
宋登春,文学学部.古典文学.作　家.明代作家
罗洪先,文学学部.古典文学.作　家.明代作家
熊大木,文学学部.古典文学.作　家.明代作家
何良俊,文学学部.古典文学.作　家.明代作家
沈炼,文学学部.古典文学.作　家.明代作家
唐顺之,文学学部.古典文学.作　家.明代作家
归有光,文学学部.古典文学.作　家.明代作家
归震川,文学学部.古典文学.作　家.明代作家
王慎中,文学学部.古典文学.作　家.明代作家
赵时春,文学学部.古典文学.作　家.明代作家
黎民表,文学学部.古典文学.作　家.明代作家
冯惟敏,文学学部.古典文学.作　家.明代作家
茅坤,文学学部.古典文学.作　家.明代作家
李攀龙,文学学部.古典文学.作　家.明代作家
欧大任,文学学部.古典文学.作　家.明代作家
徐中行,文学学部.古典文学.作　家.明代作家
杨巍,文学学部.古典文学.作　家.明代作家
郑之珍,文学学部.古典文学.作　家.明代作家
梁有誉,文学学部.古典文学.作　家.明代作家
梁辰鱼,文学学部.古典文学.作　家.明代作家
王叔承,文学学部.古典文学.作　家.明代作家
徐渭,文学学部.古典文学.作　家.明代作家
青藤道士,文学学部.古典文学.作　家.明代作家
刘效祖,文学学部.古典文学.作　家.明代作家
沈明臣,文学学部.古典文学.作　家.明代作家
郭谏臣,文学学部.古典文学.作　家.明代作家
吴国伦,文学学部.古典文学.作　家.明代作家
宗臣,文学学部.古典文学.作　家.明代作家
汪道昆,文学学部.古典文学.作　家.明代作家
陈所闻,文学学部.古典文学.作　家.明代作家
王世贞,文学学部.古典文学.作　家.明代作家
弇州山人,文学学部.古典文学.作　家.明代作家
张佳胤,文学学部.古典文学.作　家.明代作家
李贽,文学学部.古典文学.作　家.明代作家
高濂,文学学部.古典文学.作　家.明代作家
张凤翼,文学学部.古典文学.作　家.明代作家
王玉峰,文学学部.古典文学.作　家.明代作家
张四维,文学学部.古典文学.作　家.明代作家
许仲琳,文学学部.古典文学.作　家.明代作家
薛论道,文学学部.古典文学.作　家.明代作家
史槃,文学学部.古典文学.作　家.明代作家
张九一,文学学部.古典文学.作　家.明代作家
张献翼,文学学部.古典文学.作　家.明代作家
王穉登,文学学部.古典文学.作　家.明代作家
王世懋,文学学部.古典文学.作　家.明代作家
莫是龙,文学学部.古典文学.作　家.明代作家
顾大典,文学学部.古典文学.作　家.明代作家
焦竑,文学学部.古典文学.作　家.明代作家
屠隆,文学学部.古典文学.作　家.明代作家
吴世美,文学学部.古典文学.作　家.明代作家
陈与郊,文学学部.古典文学.作　家.明代作家
林章,文学学部.古典文学.作　家.明代作家
于慎行,文学学部.古典文学.作　家.明代作家
冯梦祯,文学学部.古典文学.作　家.明代作家
李维桢,文学学部.古典文学.作　家.明代作家
马守真,文学学部.古典文学.作　家.明代作家
马湘兰,文学学部.古典文学.作　家.明代作家
梅鼎祚,文学学部.古典文学.作　家.明代作家
周履靖,文学学部.古典文学.作　家.明代作家
王骥德,文学学部.古典文学.作　家.明代作家
汤显祖,文学学部.古典文学.作　家.明代作家
汤若士,文学学部.古典文学.作　家.明代作家
臧懋循,文学学部.古典文学.作　家.明代作家
赵南星,文学学部.古典文学.作　家.明代作家
胡应麟,文学学部.古典文学.作　家.明代作家
江盈科,文学学部.古典文学.作　家.明代作家
沈璟,文学学部.古典文学.作　家.明代作家
邓志谟,文学学部.古典文学.作　家.明代作家
区大相,文学学部.古典文学.作　家.明代作家
潘之恒,文学学部.古典文学.作　家.明代作家
董其昌,文学学部.古典文学.作　家.明代作家
余象斗,文学学部.古典文学.作　家.明代作家
陈继儒,文学学部.古典文学.作　家.明代作家
罗懋登,文学学部.古典文学.作　家.明代作家
袁宗道,文学学部.古典文学.作　家.明代作家
徐复祚,文学学部.古典文学.作　家.明代作家
徐熥,文学学部.古典文学.作　家.明代作家
陶望龄,文学学部.古典文学.作　家.明代作家
高攀龙,文学学部.古典文学.作　家.明代作家
归子慕,文学学部.古典文学.作　家.明代作家
孙承宗,文学学部.古典文学.作　家.明代作家
高出,文学学部.古典文学.作　家.明代作家
公鼐,文学学部.古典文学.作　家.明代作家
祁承█,文学学部.古典文学.作　家.明代作家
李日华,文学学部.古典文学.作　家.明代作家
程嘉燧,文学学部.古典文学.作　家.明代作家
娄坚,文学学部.古典文学.作　家.明代作家
叶宪祖,文学学部.古典文学.作　家.明代作家
王嗣奭,文学学部.古典文学.作　家.明代作家
谢肇淛,文学学部.古典文学.作　家.明代作家
谢三秀,文学学部.古典文学.作　家.明代作家
袁宏道,文学学部.古典文学.作　家.明代作家
袁中郎,文学学部.古典文学.作　家.明代作家
宋懋澄,文学学部.古典文学.作　家.明代作家
汪廷讷,文学学部.古典文学.作　家.明代作家
袁中道,文学学部.古典文学.作　家.明代作家
徐█,文学学部.古典文学.作　家.明代作家
胡震亨,文学学部.古典文学.作　家.明代作家
朱鼎,文学学部.古典文学.作　家.明代作家
王█,文学学部.古典文学.作　家.明代作家
孙钟龄,文学学部.古典文学.作　家.明代作家
钟惺,文学学部.古典文学.作　家.明代作家
冯梦龙,文学学部.古典文学.作　家.明代作家
龙子犹,文学学部.古典文学.作　家.明代作家
曹学佺,文学学部.古典文学.作　家.明代作家
李流芳,文学学部.古典文学.作　家.明代作家
王思任,文学学部.古典文学.作　家.明代作家
徐石麒,文学学部.古典文学.作　家.明代作家
许自昌,文学学部.古典文学.作　家.明代作家
沈德符,文学学部.古典文学.作　家.明代作家
吕天成,文学学部.古典文学.作　家.明代作家
周朝俊,文学学部.古典文学.作　家.明代作家
凌濛初,文学学部.古典文学.作　家.明代作家
艾南英,文学学部.古典文学.作　家.明代作家
沈自晋,文学学部.古典文学.作　家.明代作家
谢国,文学学部.古典文学.作　家.明代作家
董斯张,文学学部.古典文学.作　家.明代作家
谭元春,文学学部.古典文学.作　家.明代作家
叶昼,文学学部.古典文学.作　家.明代作家
徐弘祖,文学学部.古典文学.作　家.明代作家
徐霞客,文学学部.古典文学.作　家.明代作家
阮大铖,文学学部.古典文学.作　家.明代作家
方汝浩,文学学部.古典文学.作　家.明代作家
路迪,文学学部.古典文学.作　家.明代作家
施绍莘,文学学部.古典文学.作　家.明代作家
叶绍袁,文学学部.古典文学.作　家.明代作家
沈宜修,文学学部.古典文学.作　家.明代作家
范文若,文学学部.古典文学.作　家.明代作家
王次回,文学学部.古典文学.作　家.明代作家
王彦泓,文学学部.古典文学.作　家.明代作家
刘侗,文学学部.古典文学.作　家.明代作家
倪元璐,文学学部.古典文学.作　家.明代作家
吴应箕,文学学部.古典文学.作　家.明代作家
吴炳,文学学部.古典文学.作　家.明代作家
张采,文学学部.古典文学.作　家.明代作家
陆云龙,文学学部.古典文学.作　家.明代作家
魏学洢,文学学部.古典文学.作　家.明代作家
张岱,文学学部.古典文学.作　家.明代作家
陆人龙,文学学部.古典文学.作　家.明代作家
毛晋,文学学部.古典文学.作　家.明代作家
孟称舜,文学学部.古典文学.作　家.明代作家
徐士俊,文学学部.古典文学.作　家.明代作家
张溥,文学学部.古典文学.作　家.明代作家
祁彪佳,文学学部.古典文学.作　家.明代作家
申佳胤,文学学部.古典文学.作　家.明代作家
邝露,文学学部.古典文学.作　家.明代作家
易震吉,文学学部.古典文学.作　家.明代作家
黄淳耀,文学学部.古典文学.作　家.明代作家
卓人月,文学学部.古典文学.作　家.明代作家
陈子龙,文学学部.古典文学.作　家.明代作家
陈大樽,文学学部.古典文学.作　家.明代作家
吴昜,文学学部.古典文学.作　家.明代作家
叶小鸾,文学学部.古典文学.作　家.明代作家
朱一是,文学学部.古典文学.作　家.明代作家
张煌言,文学学部.古典文学.作　家.明代作家
夏完淳,文学学部.古典文学.作　家.明代作家
钱谦益,文学学部.古典文学.作　家.清代作家
钱牧斋,文学学部.古典文学.作　家.清代作家
方维仪,文学学部.古典文学.作　家.清代作家
邢昉,文学学部.古典文学.作　家.清代作家
贾应宠,文学学部.古典文学.作　家.清代作家
袁于令,文学学部.古典文学.作　家.清代作家
冯舒,文学学部.古典文学.作　家.清代作家
谈迁,文学学部.古典文学.作　家.清代作家
王猷定,文学学部.古典文学.作　家.清代作家
丁耀亢,文学学部.古典文学.作　家.清代作家
冯班,文学学部.古典文学.作　家.清代作家
万寿祺,文学学部.古典文学.作　家.清代作家
阎尔梅,文学学部.古典文学.作　家.清代作家
陈贞慧,文学学部.古典文学.作　家.清代作家
傅山,文学学部.古典文学.作　家.清代作家
李雯,文学学部.古典文学.作　家.清代作家
金人瑞,文学学部.古典文学.作　家.清代作家
金圣叹,文学学部.古典文学.作　家.清代作家
吴伟业,文学学部.古典文学.作　家.清代作家
吴梅村,文学学部.古典文学.作　家.清代作家
黄宗羲,文学学部.古典文学.作　家.清代作家
黄梨洲,文学学部.古典文学.作　家.清代作家
方以智,文学学部.古典文学.作　家.清代作家
李渔,文学学部.古典文学.作　家.清代作家
李笠翁,文学学部.古典文学.作　家.清代作家
李玉,文学学部.古典文学.作　家.清代作家
杜濬,文学学部.古典文学.作　家.清代作家
冒襄,文学学部.古典文学.作　家.清代作家
函可,文学学部.古典文学.作　家.清代作家
方文,文学学部.古典文学.作　家.清代作家
周亮工,文学学部.古典文学.作　家.清代作家
张彝宣,文学学部.古典文学.作　家.清代作家
钱澄之,文学学部.古典文学.作　家.清代作家
陈忱,文学学部.古典文学.作　家.清代作家
归庄,文学学部.古典文学.作　家.清代作家
顾炎武,文学学部.古典文学.作　家.清代作家
顾亭林,文学学部.古典文学.作　家.清代作家
曹溶,文学学部.古典文学.作　家.清代作家
宋琬,文学学部.古典文学.作　家.清代作家
金堡,文学学部.古典文学.作　家.清代作家
龚鼎孳,文学学部.古典文学.作　家.清代作家
余怀,文学学部.古典文学.作　家.清代作家
刘体仁,文学学部.古典文学.作　家.清代作家
曹尔堪,文学学部.古典文学.作　家.清代作家
丘园,文学学部.古典文学.作　家.清代作家
徐灿,文学学部.古典文学.作　家.清代作家
侯方域,文学学部.古典文学.作　家.清代作家
柳如是,文学学部.古典文学.作　家.清代作家
宋徵舆,文学学部.古典文学.作　家.清代作家
吴嘉纪,文学学部.古典文学.作　家.清代作家
薛旦,文学学部.古典文学.作　家.清代作家
徐石麒,文学学部.古典文学.作　家.清代作家
尤侗,文学学部.古典文学.作　家.清代作家
贺贻孙,文学学部.古典文学.作　家.清代作家
施闰章,文学学部.古典文学.作　家.清代作家
王夫之,文学学部.古典文学.作　家.清代作家
王船山,文学学部.古典文学.作　家.清代作家
吴绮,文学学部.古典文学.作　家.清代作家
张丹,文学学部.古典文学.作　家.清代作家
朱█,文学学部.古典文学.作　家.清代作家
朱佐朝,文学学部.古典文学.作　家.清代作家
沈谦,文学学部.古典文学.作　家.清代作家
申涵光,文学学部.古典文学.作　家.清代作家
董说,文学学部.古典文学.作　家.清代作家
孙枝蔚,文学学部.古典文学.作　家.清代作家
毛先舒,文学学部.古典文学.作　家.清代作家
叶时章,文学学部.古典文学.作　家.清代作家
毕魏,文学学部.古典文学.作　家.清代作家
李邺嗣,文学学部.古典文学.作　家.清代作家
严绳孙,文学学部.古典文学.作　家.清代作家
毛奇龄,文学学部.古典文学.作　家.清代作家
魏禧,文学学部.古典文学.作　家.清代作家
汪琬,文学学部.古典文学.作　家.清代作家
计东,文学学部.古典文学.作　家.清代作家
陈维崧,文学学部.古典文学.作　家.清代作家
徐沁,文学学部.古典文学.作　家.清代作家
叶燮,文学学部.古典文学.作　家.清代作家
邹祗谟,文学学部.古典文学.作　家.清代作家
姜宸英,文学学部.古典文学.作　家.清代作家
吕留良,文学学部.古典文学.作　家.清代作家
梁佩兰,文学学部.古典文学.作　家.清代作家
朱彝尊,文学学部.古典文学.作　家.清代作家
万树,文学学部.古典文学.作　家.清代作家
魏礼,文学学部.古典文学.作　家.清代作家
屈大均,文学学部.古典文学.作　家.清代作家
吴兆骞,文学学部.古典文学.作　家.清代作家
彭孙遹,文学学部.古典文学.作　家.清代作家
陈恭尹,文学学部.古典文学.作　家.清代作家
储欣,文学学部.古典文学.作　家.清代作家
毛宗岗,文学学部.古典文学.作　家.清代作家
恽格,文学学部.古典文学.作　家.清代作家
曹贞吉,文学学部.古典文学.作　家.清代作家
王士禛,文学学部.古典文学.作　家.清代作家
渔洋山人,文学学部.古典文学.作　家.清代作家
宋荦,文学学部.古典文学.作　家.清代作家
钱芳标,文学学部.古典文学.作　家.清代作家
李良年,文学学部.古典文学.作　家.清代作家
陆次云,文学学部.古典文学.作　家.清代作家
徐釚,文学学部.古典文学.作　家.清代作家
嵇永仁,文学学部.古典文学.作　家.清代作家
曹亮武,文学学部.古典文学.作　家.清代作家
沈皞日,文学学部.古典文学.作　家.清代作家
邵长蘅,文学学部.古典文学.作　家.清代作家
顾贞观,文学学部.古典文学.作　家.清代作家
李符,文学学部.古典文学.作　家.清代作家
沈岸登,文学学部.古典文学.作　家.清代作家
吕熊,文学学部.古典文学.作　家.清代作家
蒲松龄,文学学部.古典文学.作　家.清代作家
廖燕,文学学部.古典文学.作　家.清代作家
裘琏,文学学部.古典文学.作　家.清代作家
洪昇,文学学部.古典文学.作　家.清代作家
高士奇,文学学部.古典文学.作　家.清代作家
蒋景祁,文学学部.古典文学.作　家.清代作家
潘耒,文学学部.古典文学.作　家.清代作家
钮琇,文学学部.古典文学.作　家.清代作家
孔尚任,文学学部.古典文学.作　家.清代作家
张潮,文学学部.古典文学.作　家.清代作家
查慎行,文学学部.古典文学.作　家.清代作家
冯景,文学学部.古典文学.作　家.清代作家
戴名世,文学学部.古典文学.作　家.清代作家
纳兰性德,文学学部.古典文学.作　家.清代作家
龚翔麟,文学学部.古典文学.作　家.清代作家
曹寅,文学学部.古典文学.作　家.清代作家
褚人获,文学学部.古典文学.作　家.清代作家
赵执信,文学学部.古典文学.作　家.清代作家
顾嗣立,文学学部.古典文学.作　家.清代作家
刘璋,文学学部.古典文学.作　家.清代作家
屈复,文学学部.古典文学.作　家.清代作家
黄之隽,文学学部.古典文学.作　家.清代作家
方苞,文学学部.古典文学.作　家.清代作家
方望溪,文学学部.古典文学.作　家.清代作家
沈德潜,文学学部.古典文学.作　家.清代作家
夏纶,文学学部.古典文学.作　家.清代作家
张坚,文学学部.古典文学.作　家.清代作家
唐英,文学学部.古典文学.作　家.清代作家
黄任,文学学部.古典文学.作　家.清代作家
金农,文学学部.古典文学.作　家.清代作家
贺双卿,文学学部.古典文学.作　家.清代作家
张照,文学学部.古典文学.作　家.清代作家
厉鹗,文学学部.古典文学.作　家.清代作家
史震林,文学学部.古典文学.作　家.清代作家
郑燮,文学学部.古典文学.作　家.清代作家
郑板桥,文学学部.古典文学.作　家.清代作家
徐大椿,文学学部.古典文学.作　家.清代作家
严遂成,文学学部.古典文学.作　家.清代作家
胡天游,文学学部.古典文学.作　家.清代作家
杭世骏,文学学部.古典文学.作　家.清代作家
刘大櫆,文学学部.古典文学.作　家.清代作家
黄图珌,文学学部.古典文学.作　家.清代作家
吴敬梓,文学学部.古典文学.作　家.清代作家
姚范,文学学部.古典文学.作　家.清代作家
全祖望,文学学部.古典文学.作　家.清代作家
夏敬渠,文学学部.古典文学.作　家.清代作家
王又曾,文学学部.古典文学.作　家.清代作家
史承谦,文学学部.古典文学.作　家.清代作家
李海观,文学学部.古典文学.作　家.清代作家
钱载,文学学部.古典文学.作　家.清代作家
杨潮观,文学学部.古典文学.作　家.清代作家
曹雪芹,文学学部.古典文学.作　家.清代作家
曹霑,文学学部.古典文学.作　家.清代作家
朱仕琇,文学学部.古典文学.作　家.清代作家
袁枚,文学学部.古典文学.作　家.清代作家
随园,文学学部.古典文学.作　家.清代作家
卢文弨,文学学部.古典文学.作　家.清代作家
邵齐焘,文学学部.古典文学.作　家.清代作家
李百川,文学学部.古典文学.作　家.清代作家
吴镇,文学学部.古典文学.作　家.清代作家
过春山,文学学部.古典文学.作　家.清代作家
王鸣盛,文学学部.古典文学.作　家.清代作家
戴震,文学学部.古典文学.作　家.清代作家
纪昀,文学学部.古典文学.作　家.清代作家
赵文哲,文学学部.古典文学.作　家.清代作家
蒋士铨,文学学部.古典文学.作　家.清代作家
王昶,文学学部.古典文学.作　家.清代作家
赵翼,文学学部.古典文学.作　家.清代作家
钱大昕,文学学部.古典文学.作　家.清代作家
毕沅,文学学部.古典文学.作　家.清代作家
王文治,文学学部.古典文学.作　家.清代作家
鲁九皋,文学学部.古典文学.作　家.清代作家
姚鼐,文学学部.古典文学.作　家.清代作家
姚惜抱,文学学部.古典文学.作　家.清代作家
翁方纲,文学学部.古典文学.作　家.清代作家
李调元,文学学部.古典文学.作　家.清代作家
黄文旸,文学学部.古典文学.作　家.清代作家
李怀民,文学学部.古典文学.作　家.清代作家
章学诚,文学学部.古典文学.作　家.清代作家
高鹗,文学学部.古典文学.作　家.清代作家
彭绍升,文学学部.古典文学.作　家.清代作家
沈起凤,文学学部.古典文学.作　家.清代作家
吴翌凤,文学学部.古典文学.作　家.清代作家
秦瀛,文学学部.古典文学.作　家.清代作家
屠绅,文学学部.古典文学.作　家.清代作家
汪中,文学学部.古典文学.作　家.清代作家
洪亮吉,文学学部.古典文学.作　家.清代作家
孔广林,文学学部.古典文学.作　家.清代作家
吴锡麒,文学学部.古典文学.作　家.清代作家
李宪乔,文学学部.古典文学.作　家.清代作家
黎简,文学学部.古典文学.作　家.清代作家
赵怀玉,文学学部.古典文学.作　家.清代作家
黄景仁,文学学部.古典文学.作　家.清代作家
杜纲,文学学部.古典文学.作　家.清代作家
罗松窗,文学学部.古典文学.作　家.清代作家
李鼎元,文学学部.古典文学.作　家.清代作家
陈端生,文学学部.古典文学.作　家.清代作家
左辅,文学学部.古典文学.作　家.清代作家
孔广森,文学学部.古典文学.作　家.清代作家
法式善,文学学部.古典文学.作　家.清代作家
杨芳灿,文学学部.古典文学.作　家.清代作家
孙星衍,文学学部.古典文学.作　家.清代作家
宋湘,文学学部.古典文学.作　家.清代作家
石韫玉,文学学部.古典文学.作　家.清代作家
恽敬,文学学部.古典文学.作　家.清代作家
姚文田,文学学部.古典文学.作　家.清代作家
曾燠,文学学部.古典文学.作　家.清代作家
王昙,文学学部.古典文学.作　家.清代作家
孙原湘,文学学部.古典文学.作　家.清代作家
席佩兰,文学学部.古典文学.作　家.清代作家
张惠言,文学学部.古典文学.作　家.清代作家
刘嗣绾,文学学部.古典文学.作　家.清代作家
沈复,文学学部.古典文学.作　家.清代作家
焦循,文学学部.古典文学.作　家.清代作家
李汝珍,文学学部.古典文学.作　家.清代作家
陈栋,文学学部.古典文学.作　家.清代作家
张问陶,文学学部.古典文学.作　家.清代作家
张琦,文学学部.古典文学.作　家.清代作家
阮元,文学学部.古典文学.作　家.清代作家
舒位,文学学部.古典文学.作　家.清代作家
乐钧,文学学部.古典文学.作　家.清代作家
吴嵩梁,文学学部.古典文学.作　家.清代作家
郭麐,文学学部.古典文学.作　家.清代作家
吴德旋,文学学部.古典文学.作　家.清代作家
彭兆荪,文学学部.古典文学.作　家.清代作家
侯芝,文学学部.古典文学.作　家.清代作家
陈用光,文学学部.古典文学.作　家.清代作家
李兆洛,文学学部.古典文学.作　家.清代作家
陈文述,文学学部.古典文学.作　家.清代作家
陆继辂,文学学部.古典文学.作　家.清代作家
方东树,文学学部.古典文学.作　家.清代作家
严元照,文学学部.古典文学.作　家.清代作家
改琦,文学学部.古典文学.作　家.清代作家
沈钦韩,文学学部.古典文学.作　家.清代作家
俞正燮,文学学部.古典文学.作　家.清代作家
梁章钜,文学学部.古典文学.作　家.清代作家
邓廷桢,文学学部.古典文学.作　家.清代作家
宋翔凤,文学学部.古典文学.作　家.清代作家
姚椿,文学学部.古典文学.作　家.清代作家
管同,文学学部.古典文学.作　家.清代作家
张维屏,文学学部.古典文学.作　家.清代作家
周济,文学学部.古典文学.作　家.清代作家
董士锡,文学学部.古典文学.作　家.清代作家
顾翰,文学学部.古典文学.作　家.清代作家
周之琦,文学学部.古典文学.作　家.清代作家
钱仪吉,文学学部.古典文学.作　家.清代作家
刘开,文学学部.古典文学.作　家.清代作家
陈沆,文学学部.古典文学.作　家.清代作家
程恩泽,文学学部.古典文学.作　家.清代作家
潘德舆,文学学部.古典文学.作　家.清代作家
林则徐,文学学部.古典文学.作　家.清代作家
姚莹,文学学部.古典文学.作　家.清代作家
陈球,文学学部.古典文学.作　家.清代作家
戈载,文学学部.古典文学.作　家.清代作家
梅曾亮,文学学部.古典文学.作　家.清代作家
陆嵩,文学学部.古典文学.作　家.清代作家
龚自珍,文学学部.古典文学.作　家.清代作家
龚定庵,文学学部.古典文学.作　家.清代作家
赵庆熺,文学学部.古典文学.作　家.清代作家
汪端,文学学部.古典文学.作　家.清代作家
招子庸,文学学部.古典文学.作　家.清代作家
祁寯藻,文学学部.古典文学.作　家.清代作家
魏源,文学学部.古典文学.作　家.清代作家
蒋湘南,文学学部.古典文学.作　家.清代作家
梁廷枏,文学学部.古典文学.作　家.清代作家
陈森,文学学部.古典文学.作　家.清代作家
项廷纪,文学学部.古典文学.作　家.清代作家
项鸿祚,文学学部.古典文学.作　家.清代作家
张际亮,文学学部.古典文学.作　家.清代作家
吴藻,文学学部.古典文学.作　家.清代作家
何绍基,文学学部.古典文学.作　家.清代作家
顾太清,文学学部.古典文学.作　家.清代作家
汤鹏,文学学部.古典文学.作　家.清代作家
朱琦,文学学部.古典文学.作　家.清代作家
林昌彝,文学学部.古典文学.作　家.清代作家
鲁一同,文学学部.古典文学.作　家.清代作家
姚燮,文学学部.古典文学.作　家.清代作家
黄燮清,文学学部.古典文学.作　家.清代作家
吴敏树,文学学部.古典文学.作　家.清代作家
丘心如,文学学部.古典文学.作　家.清代作家
郑珍,文学学部.古典文学.作　家.清代作家
蒋敦复,文学学部.古典文学.作　家.清代作家
张文虎,文学学部.古典文学.作　家.清代作家
冯桂芬,文学学部.古典文学.作　家.清代作家
贝青乔,文学学部.古典文学.作　家.清代作家
陈澧,文学学部.古典文学.作　家.清代作家
许宗衡,文学学部.古典文学.作　家.清代作家
莫友芝,文学学部.古典文学.作　家.清代作家
曾国藩,文学学部.古典文学.作　家.清代作家
方玉润,文学学部.古典文学.作　家.清代作家
刘熙载,文学学部.古典文学.作　家.清代作家
戴钧衡,文学学部.古典文学.作　家.清代作家
承龄,文学学部.古典文学.作　家.清代作家
王拯,文学学部.古典文学.作　家.清代作家
端木埰,文学学部.古典文学.作　家.清代作家
江湜,文学学部.古典文学.作　家.清代作家
蒋春霖,文学学部.古典文学.作　家.清代作家
金和,文学学部.古典文学.作　家.清代作家
薛时雨,文学学部.古典文学.作　家.清代作家
郭嵩焘,文学学部.古典文学.作　家.清代作家
文康,文学学部.古典文学.作　家.清代作家
魏秀仁,文学学部.古典文学.作　家.清代作家
边浴礼,文学学部.古典文学.作　家.清代作家
谢章铤,文学学部.古典文学.作　家.清代作家
俞樾,文学学部.古典文学.作　家.清代作家
许善长,文学学部.古典文学.作　家.清代作家
张裕钊,文学学部.古典文学.作　家.清代作家
叶衍兰,文学学部.古典文学.作　家.清代作家
周星誉,文学学部.古典文学.作　家.清代作家
张景祁,文学学部.古典文学.作　家.清代作家
汪瑔,文学学部.古典文学.作　家.清代作家
邓辅纶,文学学部.古典文学.作　家.清代作家
王韬,文学学部.古典文学.作　家.清代作家
韩小窗,文学学部.古典文学.作　家.清代作家
庄棫,文学学部.古典文学.作　家.清代作家
李慈铭,文学学部.古典文学.作　家.清代作家
翁同龢,文学学部.古典文学.作　家.清代作家
宣鼎,文学学部.古典文学.作　家.清代作家
平步青,文学学部.古典文学.作　家.清代作家
谭献,文学学部.古典文学.作　家.清代作家
王闿运,文学学部.古典文学.作　家.清代作家
奕赓,文学学部.古典文学.作　家.清代作家
高心夔,文学学部.古典文学.作　家.清代作家
杨恩寿,文学学部.古典文学.作　家.清代作家
黎庶昌,文学学部.古典文学.作　家.清代作家
张之洞,文学学部.古典文学.作　家.清代作家
薛福成,文学学部.古典文学.作　家.清代作家
宝廷,文学学部.古典文学.作　家.清代作家
吴汝纶,文学学部.古典文学.作　家.清代作家
刘清韵,文学学部.古典文学.作　家.清代作家
王先谦,文学学部.古典文学.作　家.清代作家
冯煦,文学学部.古典文学.作　家.清代作家
徐鄂,文学学部.古典文学.作　家.清代作家
俞达,文学学部.古典文学.作　家.清代作家
钟祖芬,文学学部.古典文学.作　家.清代作家
袁昶,文学学部.古典文学.作　家.清代作家
樊增祥,文学学部.古典文学.作　家.清代作家
张佩纶,文学学部.古典文学.作　家.清代作家
王鹏运,文学学部.古典文学.作　家.清代作家
黄遵宪,文学学部.古典文学.作　家.清代作家
黄公度,文学学部.古典文学.作　家.清代作家
洪炳文,文学学部.古典文学.作　家.清代作家
陈宝琛,文学学部.古典文学.作　家.清代作家
沈曾植,文学学部.古典文学.作　家.清代作家
邹弢,文学学部.古典文学.作　家.清代作家
敬安,文学学部.古典文学.作　家.清代作家
林纾,文学学部.古典文学.作　家.清代作家
林琴南,文学学部.古典文学.作　家.清代作家
王树枏,文学学部.古典文学.作　家.清代作家
陈三立,文学学部.古典文学.作　家.清代作家
陈散原,文学学部.古典文学.作　家.清代作家
陈廷焯,文学学部.古典文学.作　家.清代作家
韩邦庆,文学学部.古典文学.作　家.清代作家
范当世,文学学部.古典文学.作　家.清代作家
严复,文学学部.古典文学.作　家.清代作家
马其昶,文学学部.古典文学.作　家.清代作家
文廷式,文学学部.古典文学.作　家.清代作家
郑文焯,文学学部.古典文学.作　家.清代作家
陈衍,文学学部.古典文学.作　家.清代作家
刘鹗,文学学部.古典文学.作　家.清代作家
刘铁云,文学学部.古典文学.作　家.清代作家
辜鸿铭,文学学部.古典文学.作　家.清代作家
朱孝臧,文学学部.古典文学.作　家.清代作家
朱祖谋,文学学部.古典文学.作　家.清代作家
易顺鼎,文学学部.古典文学.作　家.清代作家
康有为,文学学部.古典文学.作　家.清代作家
李详,文学学部.古典文学.作　家.清代作家
刘光第,文学学部.古典文学.作　家.清代作家
况周颐,文学学部.古典文学.作　家.清代作家
俞明震,文学学部.古典文学.作　家.清代作家
郑孝胥,文学学部.古典文学.作　家.清代作家
程蕙英,文学学部.古典文学.作　家.清代作家
孙家振,文学学部.古典文学.作　家.清代作家
夏曾佑,文学学部.古典文学.作　家.清代作家
李希圣,文学学部.古典文学.作　家.清代作家
丘逢甲,文学学部.古典文学.作　家.清代作家
谭嗣同,文学学部.古典文学.作　家.清代作家
蒋智由,文学学部.古典文学.作　家.清代作家
唐文治,文学学部.古典文学.作　家.清代作家
吴沃尧,文学学部.古典文学.作　家.清代作家
吴趼人,文学学部.古典文学.作　家.清代作家
黄人,文学学部.古典文学.作　家.清代作家
姚永概,文学学部.古典文学.作　家.清代作家
曾广钧,文学学部.古典文学.作　家.清代作家
李宝嘉,文学学部.古典文学.作　家.清代作家
李伯元,文学学部.古典文学.作　家.清代作家
张鸿,文学学部.古典文学.作　家.清代作家
赵熙,文学学部.古典文学.作　家.清代作家
章炳麟,文学学部.古典文学.作　家.清代作家
章太炎,文学学部.古典文学.作　家.清代作家
陈洵,文学学部.古典文学.作　家.清代作家
李桂玉,文学学部.古典文学.作　家.清代作家
黄世仲,文学学部.古典文学.作　家.清代作家
曾朴,文学学部.古典文学.作　家.清代作家
张春帆,文学学部.古典文学.作　家.清代作家
梁启超,文学学部.古典文学.作　家.清代作家
梁任公,文学学部.古典文学.作　家.清代作家
黄节,文学学部.古典文学.作　家.清代作家
徐自华,文学学部.古典文学.作　家.清代作家
陈去病,文学学部.古典文学.作　家.清代作家
张采田,文学学部.古典文学.作　家.清代作家
金天羽,文学学部.古典文学.作　家.清代作家
林旭,文学学部.古典文学.作　家.清代作家
陈天华,文学学部.古典文学.作　家.清代作家
秋瑾,文学学部.古典文学.作　家.清代作家
徐念慈,文学学部.古典文学.作　家.清代作家
诸宗元,文学学部.古典文学.作　家.清代作家
杨圻,文学学部.古典文学.作　家.清代作家
夏敬观,文学学部.古典文学.作　家.清代作家
高旭,文学学部.古典文学.作　家.清代作家
王国维,文学学部.古典文学.作　家.清代作家
汪荣宝,文学学部.古典文学.作　家.清代作家
连横,文学学部.古典文学.作　家.清代作家
陈曾寿,文学学部.古典文学.作　家.清代作家
孙景贤,文学学部.古典文学.作　家.清代作家
李叔同,文学学部.古典文学.作　家.清代作家
演音,文学学部.古典文学.作　家.清代作家
马君武,文学学部.古典文学.作　家.清代作家
欧阳钜源,文学学部.古典文学.作　家.清代作家
吕碧城,文学学部.古典文学.作　家.清代作家
庞树柏,文学学部.古典文学.作　家.清代作家
苏曼殊,文学学部.古典文学.作　家.清代作家
刘师培,文学学部.古典文学.作　家.清代作家
吴梅,文学学部.古典文学.作　家.清代作家
柳亚子,文学学部.古典文学.作　家.清代作家
游夏,文学学部.古典文学.流派并称
屈宋,文学学部.古典文学.流派并称
屈贾,文学学部.古典文学.流派并称
枚马,文学学部.古典文学.流派并称
两司马,文学学部.古典文学.流派并称
扬马,文学学部.古典文学.流派并称
王扬枚马,文学学部.古典文学.流派并称
班马,文学学部.古典文学.流派并称
班张,文学学部.古典文学.流派并称
张蔡,文学学部.古典文学.流派并称
汉赋,文学学部.古典文学.流派并称
汉乐府,文学学部.古典文学.流派并称
柏梁体,文学学部.古典文学.流派并称
苏李诗,文学学部.古典文学.流派并称
三祖,文学学部.古典文学.流派并称
三曹,文学学部.古典文学.流派并称
曹王,文学学部.古典文学.流派并称
曹刘,文学学部.古典文学.流派并称
建安文学,文学学部.古典文学.流派并称
建安风骨,文学学部.古典文学.流派并称
建安七子,文学学部.古典文学.流派并称
正始体,文学学部.古典文学.流派并称
嵇阮,文学学部.古典文学.流派并称
大小阮,文学学部.古典文学.流派并称
竹林七贤,文学学部.古典文学.流派并称
太康体,文学学部.古典文学.流派并称
三张,文学学部.古典文学.流派并称
二陆,文学学部.古典文学.流派并称
两潘,文学学部.古典文学.流派并称
潘陆,文学学部.古典文学.流派并称
二十四友,文学学部.古典文学.流派并称
左思风力,文学学部.古典文学.流派并称
孙许,文学学部.古典文学.流派并称
玄言诗,文学学部.古典文学.流派并称
陶谢,文学学部.古典文学.流派并称
元嘉体,文学学部.古典文学.流派并称
颜谢,文学学部.古典文学.流派并称
三谢,文学学部.古典文学.流派并称
大小谢,文学学部.古典文学.流派并称
永明体,文学学部.古典文学.流派并称
竟陵八友,文学学部.古典文学.流派并称
齐梁体,文学学部.古典文学.流派并称
选体,文学学部.古典文学.流派并称
宫体,文学学部.古典文学.流派并称
徐庾体,文学学部.古典文学.流派并称
玉台体,文学学部.古典文学.流派并称
阴何,文学学部.古典文学.流派并称
休鲍,文学学部.古典文学.流派并称
元嘉三大家,文学学部.古典文学.流派并称
三笔六诗,文学学部.古典文学.流派并称
任笔沈诗,文学学部.古典文学.流派并称
北朝三才,文学学部.古典文学.流派并称
十八学士,文学学部.古典文学.流派并称
上官体,文学学部.古典文学.流派并称
文章四友,文学学部.古典文学.流派并称
初唐四杰,文学学部.古典文学.流派并称
王杨卢骆,文学学部.古典文学.流派并称
沈宋,文学学部.古典文学.流派并称
十八学士,文学学部.古典文学.流派并称
燕许大手笔,文学学部.古典文学.流派并称
高岑,文学学部.古典文学.流派并称
王孟,文学学部.古典文学.流派并称
李杜,文学学部.古典文学.流派并称
竹溪六逸,文学学部.古典文学.流派并称
大历十才子,文学学部.古典文学.流派并称
韩孟,文学学部.古典文学.流派并称
韩柳,文学学部.古典文学.流派并称
元白,文学学部.古典文学.流派并称
元和体,文学学部.古典文学.流派并称
长庆体,文学学部.古典文学.流派并称
温李,文学学部.古典文学.流派并称
温韦,文学学部.古典文学.流派并称
李杜,文学学部.古典文学.流派并称
皮陆,文学学部.古典文学.流派并称
香奁体,文学学部.古典文学.流派并称
敦煌词,文学学部.古典文学.流派并称
唐宋八大家,文学学部.古典文学.流派并称
八大家,文学学部.古典文学.流派并称
唐宋十大家,文学学部.古典文学.流派并称
西昆体,文学学部.古典文学.流派并称
九僧,文学学部.古典文学.流派并称
晏欧,文学学部.古典文学.流派并称
三苏,文学学部.古典文学.流派并称
元祐体,文学学部.古典文学.流派并称
苏黄,文学学部.古典文学.流派并称
苏门四学士,文学学部.古典文学.流派并称
苏门六君子,文学学部.古典文学.流派并称
苏辛,文学学部.古典文学.流派并称
江西诗派,文学学部.古典文学.流派并称
一祖三宗,文学学部.古典文学.流派并称
周柳,文学学部.古典文学.流派并称
周姜,文学学部.古典文学.流派并称
尤杨范陆,文学学部.古典文学.流派并称
姜张,文学学部.古典文学.流派并称
江湖派,文学学部.古典文学.流派并称
永嘉四灵,文学学部.古典文学.流派并称
月泉吟社,文学学部.古典文学.流派并称
元曲四大家,文学学部.古典文学.流派并称
关郑白马,文学学部.古典文学.流派并称
元曲六大家,文学学部.古典文学.流派并称
儒林四杰,文学学部.古典文学.流派并称
虞杨范揭,文学学部.古典文学.流派并称
元诗四大家,文学学部.古典文学.流派并称
吴中四杰,文学学部.古典文学.流派并称
北郭十友,文学学部.古典文学.流派并称
闽中十子,文学学部.古典文学.流派并称
广中四杰,文学学部.古典文学.流派并称
南园五先生,文学学部.古典文学.流派并称
台阁体,文学学部.古典文学.流派并称
茶陵诗派,文学学部.古典文学.流派并称
前七子,文学学部.古典文学.流派并称
弘正四杰,文学学部.古典文学.流派并称
吴中四才子,文学学部.古典文学.流派并称
景泰十才子,文学学部.古典文学.流派并称
嘉靖八才子,文学学部.古典文学.流派并称
唐宋派,文学学部.古典文学.流派并称
后七子,文学学部.古典文学.流派并称
明四大家,文学学部.古典文学.流派并称
李何王李,文学学部.古典文学.流派并称
皇甫四杰,文学学部.古典文学.流派并称
前五子,文学学部.古典文学.流派并称
后五子,文学学部.古典文学.流派并称
广五子,文学学部.古典文学.流派并称
续五子,文学学部.古典文学.流派并称
末五子,文学学部.古典文学.流派并称
明八大家,文学学部.古典文学.流派并称
临川派,文学学部.古典文学.流派并称
吴江派,文学学部.古典文学.流派并称
越中派,文学学部.古典文学.流派并称
三袁,文学学部.古典文学.流派并称
公安派,文学学部.古典文学.流派并称
钟谭,文学学部.古典文学.流派并称
竟陵派,文学学部.古典文学.流派并称
练川三老,文学学部.古典文学.流派并称
嘉定四先生,文学学部.古典文学.流派并称
晋安二徐,文学学部.古典文学.流派并称
兴公诗派,文学学部.古典文学.流派并称
娄东二张,文学学部.古典文学.流派并称
应社,文学学部.古典文学.流派并称
复社,文学学部.古典文学.流派并称
云间三子,文学学部.古典文学.流派并称
云间诗派,文学学部.古典文学.流派并称
云间词派,文学学部.古典文学.流派并称
几社,文学学部.古典文学.流派并称
几社六子,文学学部.古典文学.流派并称
江左三大家,文学学部.古典文学.流派并称
虞山诗派,文学学部.古典文学.流派并称
海虞二冯,文学学部.古典文学.流派并称
徐州二遗民,文学学部.古典文学.流派并称
苏州派,文学学部.古典文学.流派并称
梅村体,文学学部.古典文学.流派并称
娄东诗派,文学学部.古典文学.流派并称
西泠十子,文学学部.古典文学.流派并称
燕台七子,文学学部.古典文学.流派并称
南施北宋,文学学部.古典文学.流派并称
清初古文三家,文学学部.古典文学.流派并称
易堂九子,文学学部.古典文学.流派并称
宁都三魏,文学学部.古典文学.流派并称
河朔派,文学学部.古典文学.流派并称
海内八家,文学学部.古典文学.流派并称
岭南三大家,文学学部.古典文学.流派并称
南朱北王,文学学部.古典文学.流派并称
朱陈,文学学部.古典文学.流派并称
浙西词派,文学学部.古典文学.流派并称
浙西三李,文学学部.古典文学.流派并称
浙西六家,文学学部.古典文学.流派并称
彭王,文学学部.古典文学.流派并称
阳羡词派,文学学部.古典文学.流派并称
清初六家,文学学部.古典文学.流派并称
南洪北孔,文学学部.古典文学.流派并称
桐城派,文学学部.古典文学.流派并称
浙派,文学学部.古典文学.流派并称
秀水诗派,文学学部.古典文学.流派并称
乾隆三大家,文学学部.古典文学.流派并称
清骈文八家,文学学部.古典文学.流派并称
绵州三李,文学学部.古典文学.流派并称
吴中七子,文学学部.古典文学.流派并称
洪黄,文学学部.古典文学.流派并称
毗陵七子,文学学部.古典文学.流派并称
高密诗派,文学学部.古典文学.流派并称
高密三李,文学学部.古典文学.流派并称
阳湖派,文学学部.古典文学.流派并称
常州词派,文学学部.古典文学.流派并称
毗陵二张,文学学部.古典文学.流派并称
乾隆后三家,文学学部.古典文学.流派并称
姚门四杰,文学学部.古典文学.流派并称
岭西五家,文学学部.古典文学.流派并称
粤三家,文学学部.古典文学.流派并称
湘乡派,文学学部.古典文学.流派并称
曾门四弟子,文学学部.古典文学.流派并称
汉魏六朝派,文学学部.古典文学.流派并称
谭庄,文学学部.古典文学.流派并称
清末四大词人,文学学部.古典文学.流派并称
诗界革命派,文学学部.古典文学.流派并称
同光体,文学学部.古典文学.流派并称
晚清西昆派,文学学部.古典文学.流派并称
新民体,文学学部.古典文学.流派并称
南社,文学学部.古典文学.流派并称
诗经,文学学部.古典文学.诗　经
诗经学,文学学部.古典文学.诗　经
三百篇,文学学部.古典文学.诗　经
四家诗,文学学部.古典文学.诗　经
三家诗,文学学部.古典文学.诗　经
齐诗,文学学部.古典文学.诗　经
韩诗,文学学部.古典文学.诗　经
鲁诗,文学学部.古典文学.诗　经
毛诗,文学学部.古典文学.诗　经
风雅颂,文学学部.古典文学.诗　经
风雅,文学学部.古典文学.诗　经
国风,文学学部.古典文学.诗　经
二南,文学学部.古典文学.诗　经
周南,文学学部.古典文学.诗　经
召南,文学学部.古典文学.诗　经
邶风,文学学部.古典文学.诗　经
鄘风,文学学部.古典文学.诗　经
卫风,文学学部.古典文学.诗　经
王风,文学学部.古典文学.诗　经
郑风,文学学部.古典文学.诗　经
齐风,文学学部.古典文学.诗　经
魏风,文学学部.古典文学.诗　经
唐风,文学学部.古典文学.诗　经
秦风,文学学部.古典文学.诗　经
陈风,文学学部.古典文学.诗　经
桧风,文学学部.古典文学.诗　经
曹风,文学学部.古典文学.诗　经
豳风,文学学部.古典文学.诗　经
二雅,文学学部.古典文学.诗　经
六笙诗,文学学部.古典文学.诗　经
笙诗,文学学部.古典文学.诗　经
小雅,文学学部.古典文学.诗　经
大雅,文学学部.古典文学.诗　经
变风,文学学部.古典文学.诗　经
变雅,文学学部.古典文学.诗　经
三颂,文学学部.古典文学.诗　经
周颂,文学学部.古典文学.诗　经
鲁颂,文学学部.古典文学.诗　经
商颂,文学学部.古典文学.诗　经
比兴,文学学部.古典文学.诗　经
六义,文学学部.古典文学.诗　经
六诗,文学学部.古典文学.诗　经
诗教,文学学部.古典文学.诗　经
诗序,文学学部.古典文学.诗　经
小序,文学学部.古典文学.诗　经
大序,文学学部.古典文学.诗　经
韩诗外传,文学学部.古典文学.诗　经
毛传,文学学部.古典文学.诗　经
郑笺,文学学部.古典文学.诗　经
诗谱,文学学部.古典文学.诗　经
毛诗正义,文学学部.古典文学.诗　经
诗本义,文学学部.古典文学.诗　经
诗集传,文学学部.古典文学.诗　经
诗经通论,文学学部.古典文学.诗　经
读风偶识,文学学部.古典文学.诗　经
诗毛氏传疏,文学学部.古典文学.诗　经
诗经原始,文学学部.古典文学.诗　经
诗三家义集疏,文学学部.古典文学.诗　经
毛诗草木鸟兽虫鱼疏,文学学部.古典文学.诗　经
关雎,文学学部.古典文学.诗　经
葛覃,文学学部.古典文学.诗　经
卷耳,文学学部.古典文学.诗　经
樛木,文学学部.古典文学.诗　经
螽斯,文学学部.古典文学.诗　经
桃夭,文学学部.古典文学.诗　经
兔罝,文学学部.古典文学.诗　经
芣苢,文学学部.古典文学.诗　经
汉广,文学学部.古典文学.诗　经
汝坟,文学学部.古典文学.诗　经
麟之趾,文学学部.古典文学.诗　经
鹊巢,文学学部.古典文学.诗　经
采蘩,文学学部.古典文学.诗　经
草虫,文学学部.古典文学.诗　经
采蘋,文学学部.古典文学.诗　经
甘棠,文学学部.古典文学.诗　经
行露,文学学部.古典文学.诗　经
羔羊,文学学部.古典文学.诗　经
殷其靁,文学学部.古典文学.诗　经
摽有梅,文学学部.古典文学.诗　经
小星,文学学部.古典文学.诗　经
江有汜,文学学部.古典文学.诗　经
野有死麕,文学学部.古典文学.诗　经
何彼秾矣,文学学部.古典文学.诗　经
驺虞,文学学部.古典文学.诗　经
柏舟,文学学部.古典文学.诗　经
绿衣,文学学部.古典文学.诗　经
燕燕,文学学部.古典文学.诗　经
日月,文学学部.古典文学.诗　经
终风,文学学部.古典文学.诗　经
击鼓,文学学部.古典文学.诗　经
凯风,文学学部.古典文学.诗　经
雄雉,文学学部.古典文学.诗　经
匏有苦叶,文学学部.古典文学.诗　经
谷风,文学学部.古典文学.诗　经
式微,文学学部.古典文学.诗　经
旄丘,文学学部.古典文学.诗　经
简兮,文学学部.古典文学.诗　经
泉水,文学学部.古典文学.诗　经
北门,文学学部.古典文学.诗　经
北风,文学学部.古典文学.诗　经
静女,文学学部.古典文学.诗　经
新台,文学学部.古典文学.诗　经
二子乘舟,文学学部.古典文学.诗　经
柏舟,文学学部.古典文学.诗　经
墙有茨,文学学部.古典文学.诗　经
君子偕老,文学学部.古典文学.诗　经
桑中,文学学部.古典文学.诗　经
鹑之奔奔,文学学部.古典文学.诗　经
定之方中,文学学部.古典文学.诗　经
蝃█,文学学部.古典文学.诗　经
相鼠,文学学部.古典文学.诗　经
干旄,文学学部.古典文学.诗　经
载驰,文学学部.古典文学.诗　经
淇奥,文学学部.古典文学.诗　经
考槃,文学学部.古典文学.诗　经
硕人,文学学部.古典文学.诗　经
氓,文学学部.古典文学.诗　经
竹竿,文学学部.古典文学.诗　经
芄兰,文学学部.古典文学.诗　经
河广,文学学部.古典文学.诗　经
伯兮,文学学部.古典文学.诗　经
有狐,文学学部.古典文学.诗　经
木瓜,文学学部.古典文学.诗　经
黍离,文学学部.古典文学.诗　经
君子于役,文学学部.古典文学.诗　经
君子阳阳,文学学部.古典文学.诗　经
扬之水,文学学部.古典文学.诗　经
中谷有蓷,文学学部.古典文学.诗　经
兔爰,文学学部.古典文学.诗　经
葛藟,文学学部.古典文学.诗　经
采葛,文学学部.古典文学.诗　经
大车,文学学部.古典文学.诗　经
丘中有麻,文学学部.古典文学.诗　经
缁衣,文学学部.古典文学.诗　经
将仲子,文学学部.古典文学.诗　经
叔于田,文学学部.古典文学.诗　经
大叔于田,文学学部.古典文学.诗　经
清人,文学学部.古典文学.诗　经
羔裘,文学学部.古典文学.诗　经
遵大路,文学学部.古典文学.诗　经
女曰鸡鸣,文学学部.古典文学.诗　经
有女同车,文学学部.古典文学.诗　经
山有扶苏,文学学部.古典文学.诗　经
萚兮,文学学部.古典文学.诗　经
狡童,文学学部.古典文学.诗　经
褰裳,文学学部.古典文学.诗　经
丰,文学学部.古典文学.诗　经
东门之█,文学学部.古典文学.诗　经
风雨,文学学部.古典文学.诗　经
子衿,文学学部.古典文学.诗　经
扬之水,文学学部.古典文学.诗　经
出其东门,文学学部.古典文学.诗　经
野有蔓草,文学学部.古典文学.诗　经
溱洧,文学学部.古典文学.诗　经
鸡鸣,文学学部.古典文学.诗　经
还,文学学部.古典文学.诗　经
著,文学学部.古典文学.诗　经
东方之日,文学学部.古典文学.诗　经
东方未明,文学学部.古典文学.诗　经
南山,文学学部.古典文学.诗　经
甫田,文学学部.古典文学.诗　经
卢令,文学学部.古典文学.诗　经
敝笱,文学学部.古典文学.诗　经
载驱,文学学部.古典文学.诗　经
猗嗟,文学学部.古典文学.诗　经
葛屦,文学学部.古典文学.诗　经
汾沮洳,文学学部.古典文学.诗　经
园有桃,文学学部.古典文学.诗　经
陟岵,文学学部.古典文学.诗　经
十亩之间,文学学部.古典文学.诗　经
伐檀,文学学部.古典文学.诗　经
硕鼠,文学学部.古典文学.诗　经
蟋蟀,文学学部.古典文学.诗　经
山有枢,文学学部.古典文学.诗　经
扬之水,文学学部.古典文学.诗　经
椒聊,文学学部.古典文学.诗　经
绸缪,文学学部.古典文学.诗　经
杕杜,文学学部.古典文学.诗　经
羔裘,文学学部.古典文学.诗　经
鸨羽,文学学部.古典文学.诗　经
无衣,文学学部.古典文学.诗　经
有杕之杜,文学学部.古典文学.诗　经
葛生,文学学部.古典文学.诗　经
采苓,文学学部.古典文学.诗　经
车邻,文学学部.古典文学.诗　经
驷█,文学学部.古典文学.诗　经
小戎,文学学部.古典文学.诗　经
蒹葭,文学学部.古典文学.诗　经
终南,文学学部.古典文学.诗　经
黄鸟,文学学部.古典文学.诗　经
晨风,文学学部.古典文学.诗　经
无衣,文学学部.古典文学.诗　经
渭阳,文学学部.古典文学.诗　经
权舆,文学学部.古典文学.诗　经
宛丘,文学学部.古典文学.诗　经
东门之枌,文学学部.古典文学.诗　经
衡门,文学学部.古典文学.诗　经
东门之池,文学学部.古典文学.诗　经
东门之杨,文学学部.古典文学.诗　经
墓门,文学学部.古典文学.诗　经
防有鹊巢,文学学部.古典文学.诗　经
月出,文学学部.古典文学.诗　经
株林,文学学部.古典文学.诗　经
泽陂,文学学部.古典文学.诗　经
羔裘,文学学部.古典文学.诗　经
素冠,文学学部.古典文学.诗　经
隰有苌楚,文学学部.古典文学.诗　经
匪风,文学学部.古典文学.诗　经
蜉蝣,文学学部.古典文学.诗　经
候人,文学学部.古典文学.诗　经
鸤鸠,文学学部.古典文学.诗　经
下泉,文学学部.古典文学.诗　经
七月,文学学部.古典文学.诗　经
鸱鸮,文学学部.古典文学.诗　经
东山,文学学部.古典文学.诗　经
破斧,文学学部.古典文学.诗　经
伐柯,文学学部.古典文学.诗　经
九罭,文学学部.古典文学.诗　经
狼跋,文学学部.古典文学.诗　经
鹿鸣,文学学部.古典文学.诗　经
四牡,文学学部.古典文学.诗　经
皇皇者华,文学学部.古典文学.诗　经
常棣,文学学部.古典文学.诗　经
伐木,文学学部.古典文学.诗　经
天保,文学学部.古典文学.诗　经
采薇,文学学部.古典文学.诗　经
出车,文学学部.古典文学.诗　经
杕杜,文学学部.古典文学.诗　经
鱼丽,文学学部.古典文学.诗　经
南陔,文学学部.古典文学.诗　经
白华,文学学部.古典文学.诗　经
华黍,文学学部.古典文学.诗　经
南有嘉鱼,文学学部.古典文学.诗　经
南山有台,文学学部.古典文学.诗　经
由庚,文学学部.古典文学.诗　经
崇丘,文学学部.古典文学.诗　经
由仪,文学学部.古典文学.诗　经
蓼萧,文学学部.古典文学.诗　经
湛露,文学学部.古典文学.诗　经
彤弓,文学学部.古典文学.诗　经
菁菁者莪,文学学部.古典文学.诗　经
六月,文学学部.古典文学.诗　经
采芑,文学学部.古典文学.诗　经
车攻,文学学部.古典文学.诗　经
吉日,文学学部.古典文学.诗　经
鸿雁,文学学部.古典文学.诗　经
庭燎,文学学部.古典文学.诗　经
沔水,文学学部.古典文学.诗　经
鹤鸣,文学学部.古典文学.诗　经
祈父,文学学部.古典文学.诗　经
白驹,文学学部.古典文学.诗　经
黄鸟,文学学部.古典文学.诗　经
我行其野,文学学部.古典文学.诗　经
斯干,文学学部.古典文学.诗　经
无羊,文学学部.古典文学.诗　经
节南山,文学学部.古典文学.诗　经
正月,文学学部.古典文学.诗　经
十月之交,文学学部.古典文学.诗　经
雨无正,文学学部.古典文学.诗　经
小旻,文学学部.古典文学.诗　经
小宛,文学学部.古典文学.诗　经
小弁,文学学部.古典文学.诗　经
巧言,文学学部.古典文学.诗　经
何人斯,文学学部.古典文学.诗　经
巷伯,文学学部.古典文学.诗　经
谷风,文学学部.古典文学.诗　经
蓼莪,文学学部.古典文学.诗　经
大东,文学学部.古典文学.诗　经
四月,文学学部.古典文学.诗　经
北山,文学学部.古典文学.诗　经
无将大车,文学学部.古典文学.诗　经
小明,文学学部.古典文学.诗　经
鼓钟,文学学部.古典文学.诗　经
楚茨,文学学部.古典文学.诗　经
信南山,文学学部.古典文学.诗　经
甫田,文学学部.古典文学.诗　经
大田,文学学部.古典文学.诗　经
瞻彼洛矣,文学学部.古典文学.诗　经
裳裳者华,文学学部.古典文学.诗　经
桑扈,文学学部.古典文学.诗　经
鸳鸯,文学学部.古典文学.诗　经
█弁,文学学部.古典文学.诗　经
车舝,文学学部.古典文学.诗　经
青蝇,文学学部.古典文学.诗　经
宾之初筵,文学学部.古典文学.诗　经
鱼藻,文学学部.古典文学.诗　经
采菽,文学学部.古典文学.诗　经
角弓,文学学部.古典文学.诗　经
菀柳,文学学部.古典文学.诗　经
都人士,文学学部.古典文学.诗　经
采绿,文学学部.古典文学.诗　经
黍苗,文学学部.古典文学.诗　经
隰桑,文学学部.古典文学.诗　经
绵蛮,文学学部.古典文学.诗　经
瓠叶,文学学部.古典文学.诗　经
渐渐之石,文学学部.古典文学.诗　经
苕之华,文学学部.古典文学.诗　经
何草不黄,文学学部.古典文学.诗　经
文王,文学学部.古典文学.诗　经
大明,文学学部.古典文学.诗　经
緜,文学学部.古典文学.诗　经
棫朴,文学学部.古典文学.诗　经
旱麓,文学学部.古典文学.诗　经
思齐,文学学部.古典文学.诗　经
皇矣,文学学部.古典文学.诗　经
灵台,文学学部.古典文学.诗　经
下武,文学学部.古典文学.诗　经
文王有声,文学学部.古典文学.诗　经
生民,文学学部.古典文学.诗　经
行苇,文学学部.古典文学.诗　经
既醉,文学学部.古典文学.诗　经
凫鹥,文学学部.古典文学.诗　经
假乐,文学学部.古典文学.诗　经
公刘,文学学部.古典文学.诗　经
泂酌,文学学部.古典文学.诗　经
卷阿,文学学部.古典文学.诗　经
民劳,文学学部.古典文学.诗　经
板,文学学部.古典文学.诗　经
荡,文学学部.古典文学.诗　经
抑,文学学部.古典文学.诗　经
桑柔,文学学部.古典文学.诗　经
云汉,文学学部.古典文学.诗　经
嵩高,文学学部.古典文学.诗　经
烝民,文学学部.古典文学.诗　经
韩奕,文学学部.古典文学.诗　经
江汉,文学学部.古典文学.诗　经
常武,文学学部.古典文学.诗　经
瞻卬,文学学部.古典文学.诗　经
召旻,文学学部.古典文学.诗　经
清庙,文学学部.古典文学.诗　经
维天之命,文学学部.古典文学.诗　经
维清,文学学部.古典文学.诗　经
烈文,文学学部.古典文学.诗　经
天作,文学学部.古典文学.诗　经
昊天有成命,文学学部.古典文学.诗　经
我将,文学学部.古典文学.诗　经
时迈,文学学部.古典文学.诗　经
执竞,文学学部.古典文学.诗　经
思文,文学学部.古典文学.诗　经
臣工,文学学部.古典文学.诗　经
噫嘻,文学学部.古典文学.诗　经
振鹭,文学学部.古典文学.诗　经
丰年,文学学部.古典文学.诗　经
有瞽,文学学部.古典文学.诗　经
潜,文学学部.古典文学.诗　经
雍,文学学部.古典文学.诗　经
载见,文学学部.古典文学.诗　经
有客,文学学部.古典文学.诗　经
武,文学学部.古典文学.诗　经
闵予小子,文学学部.古典文学.诗　经
访落,文学学部.古典文学.诗　经
敬之,文学学部.古典文学.诗　经
小毖,文学学部.古典文学.诗　经
载芟,文学学部.古典文学.诗　经
良耜,文学学部.古典文学.诗　经
丝衣,文学学部.古典文学.诗　经
酌,文学学部.古典文学.诗　经
桓,文学学部.古典文学.诗　经
赉,文学学部.古典文学.诗　经
般,文学学部.古典文学.诗　经
█,文学学部.古典文学.诗　经
有█,文学学部.古典文学.诗　经
泮水,文学学部.古典文学.诗　经
█宫,文学学部.古典文学.诗　经
那,文学学部.古典文学.诗　经
烈祖,文学学部.古典文学.诗　经
玄鸟,文学学部.古典文学.诗　经
长发,文学学部.古典文学.诗　经
殷武,文学学部.古典文学.诗　经
楚辞,文学学部.古典文学.楚　辞
楚辞学,文学学部.古典文学.楚　辞
离骚,文学学部.古典文学.楚　辞
九歌,文学学部.古典文学.楚　辞
东皇太一,文学学部.古典文学.楚　辞
云中君,文学学部.古典文学.楚　辞
湘君,文学学部.古典文学.楚　辞
湘夫人,文学学部.古典文学.楚　辞
大司命,文学学部.古典文学.楚　辞
少司命,文学学部.古典文学.楚　辞
东君,文学学部.古典文学.楚　辞
河伯,文学学部.古典文学.楚　辞
山鬼,文学学部.古典文学.楚　辞
国殇,文学学部.古典文学.楚　辞
礼魂,文学学部.古典文学.楚　辞
天问,文学学部.古典文学.楚　辞
九章,文学学部.古典文学.楚　辞
惜诵,文学学部.古典文学.楚　辞
涉江,文学学部.古典文学.楚　辞
哀郢,文学学部.古典文学.楚　辞
抽思,文学学部.古典文学.楚　辞
怀沙,文学学部.古典文学.楚　辞
思美人,文学学部.古典文学.楚　辞
惜往日,文学学部.古典文学.楚　辞
橘颂,文学学部.古典文学.楚　辞
悲回风,文学学部.古典文学.楚　辞
远游,文学学部.古典文学.楚　辞
卜居,文学学部.古典文学.楚　辞
渔父,文学学部.古典文学.楚　辞
九辩,文学学部.古典文学.楚　辞
招魂,文学学部.古典文学.楚　辞
大招,文学学部.古典文学.楚　辞
惜誓,文学学部.古典文学.楚　辞
招隐士,文学学部.古典文学.楚　辞
七谏,文学学部.古典文学.楚　辞
哀时命,文学学部.古典文学.楚　辞
九怀,文学学部.古典文学.楚　辞
九叹,文学学部.古典文学.楚　辞
楚辞章句,文学学部.古典文学.楚　辞
楚辞补注,文学学部.古典文学.楚　辞
楚辞集注,文学学部.古典文学.楚　辞
楚辞通释,文学学部.古典文学.楚　辞
屈骚指掌,文学学部.古典文学.楚　辞
楚辞灯,文学学部.古典文学.楚　辞
山带阁注楚辞,文学学部.古典文学.楚　辞
屈原赋注,文学学部.古典文学.楚　辞
屈赋微,文学学部.古典文学.楚　辞
屈原赋校注,文学学部.古典文学.楚　辞
离骚纂义,文学学部.古典文学.楚　辞
楚辞书目五种,文学学部.古典文学.楚　辞
楚辞要籍解题,文学学部.古典文学.楚　辞
贾长沙集,文学学部.古典文学.别　集.汉魏晋南北朝别集
晁错集,文学学部.古典文学.别　集.汉魏晋南北朝别集
枚叔集,文学学部.古典文学.别　集.汉魏晋南北朝别集
司马文园集,文学学部.古典文学.别　集.汉魏晋南北朝别集
东方大中集,文学学部.古典文学.别　集.汉魏晋南北朝别集
王谏议集,文学学部.古典文学.别　集.汉魏晋南北朝别集
刘子政集,文学学部.古典文学.别　集.汉魏晋南北朝别集
扬侍郎集,文学学部.古典文学.别　集.汉魏晋南北朝别集
冯曲阳集,文学学部.古典文学.别　集.汉魏晋南北朝别集
班兰台集,文学学部.古典文学.别　集.汉魏晋南北朝别集
崔亭伯集,文学学部.古典文学.别　集.汉魏晋南北朝别集
张河间集,文学学部.古典文学.别　集.汉魏晋南北朝别集
王叔师集,文学学部.古典文学.别　集.汉魏晋南北朝别集
马季长集,文学学部.古典文学.别　集.汉魏晋南北朝别集
蔡中郎集,文学学部.古典文学.别　集.汉魏晋南北朝别集
孔北海集,文学学部.古典文学.别　集.汉魏晋南北朝别集
魏武帝集,文学学部.古典文学.别　集.汉魏晋南北朝别集
诸葛亮集,文学学部.古典文学.别　集.汉魏晋南北朝别集
魏文帝集,文学学部.古典文学.别　集.汉魏晋南北朝别集
曹子建集,文学学部.古典文学.别　集.汉魏晋南北朝别集
阮嗣宗集,文学学部.古典文学.别　集.汉魏晋南北朝别集
傅鹑觚集,文学学部.古典文学.别　集.汉魏晋南北朝别集
嵇中散集,文学学部.古典文学.别　集.汉魏晋南北朝别集
张茂先集,文学学部.古典文学.别　集.汉魏晋南北朝别集
张景阳集,文学学部.古典文学.别　集.汉魏晋南北朝别集
潘黄门集,文学学部.古典文学.别　集.汉魏晋南北朝别集
左太冲集,文学学部.古典文学.别　集.汉魏晋南北朝别集
陆士衡集,文学学部.古典文学.别　集.汉魏晋南北朝别集
陆士龙集,文学学部.古典文学.别　集.汉魏晋南北朝别集
刘中山集,文学学部.古典文学.别　集.汉魏晋南北朝别集
孙廷尉集,文学学部.古典文学.别　集.汉魏晋南北朝别集
王右军集,文学学部.古典文学.别　集.汉魏晋南北朝别集
陶渊明集,文学学部.古典文学.别　集.汉魏晋南北朝别集
颜光禄集,文学学部.古典文学.别　集.汉魏晋南北朝别集
谢康乐集,文学学部.古典文学.别　集.汉魏晋南北朝别集
鲍参军集,文学学部.古典文学.别　集.汉魏晋南北朝别集
孔詹事集,文学学部.古典文学.别　集.汉魏晋南北朝别集
谢宣城集,文学学部.古典文学.别　集.汉魏晋南北朝别集
沈隐侯集,文学学部.古典文学.别　集.汉魏晋南北朝别集
江文通集,文学学部.古典文学.别　集.汉魏晋南北朝别集
陶隐居集,文学学部.古典文学.别　集.汉魏晋南北朝别集
梁武帝集,文学学部.古典文学.别　集.汉魏晋南北朝别集
何记室集,文学学部.古典文学.别　集.汉魏晋南北朝别集
刘秘书集,文学学部.古典文学.别　集.汉魏晋南北朝别集
昭明太子集,文学学部.古典文学.别　集.汉魏晋南北朝别集
梁简文帝集,文学学部.古典文学.别　集.汉魏晋南北朝别集
梁元帝集,文学学部.古典文学.别　集.汉魏晋南北朝别集
阴常侍集,文学学部.古典文学.别　集.汉魏晋南北朝别集
徐孝穆集,文学学部.古典文学.别　集.汉魏晋南北朝别集
江令君集,文学学部.古典文学.别　集.汉魏晋南北朝别集
邢特进集,文学学部.古典文学.别　集.汉魏晋南北朝别集
魏特进集,文学学部.古典文学.别　集.汉魏晋南北朝别集
温侍读集,文学学部.古典文学.别　集.汉魏晋南北朝别集
王司空集,文学学部.古典文学.别　集.汉魏晋南北朝别集
庾子山集,文学学部.古典文学.别　集.汉魏晋南北朝别集
王无功文集,文学学部.古典文学.别　集.唐五代别集
幽忧子集,文学学部.古典文学.别　集.唐五代别集
骆宾王文集,文学学部.古典文学.别　集.唐五代别集
王子安集,文学学部.古典文学.别　集.唐五代别集
盈川集,文学学部.古典文学.别　集.唐五代别集
沈云卿文集,文学学部.古典文学.别　集.唐五代别集
宋之问集,文学学部.古典文学.别　集.唐五代别集
陈伯玉文集,文学学部.古典文学.别　集.唐五代别集
张说之文集,文学学部.古典文学.别　集.唐五代别集
曲江张先生文集,文学学部.古典文学.别　集.唐五代别集
孟浩然集,文学学部.古典文学.别　集.唐五代别集
高常侍集,文学学部.古典文学.别　集.唐五代别集
王右丞集,文学学部.古典文学.别　集.唐五代别集
李太白集,文学学部.古典文学.别　集.唐五代别集
颜鲁公文集,文学学部.古典文学.别　集.唐五代别集
杜工部集,文学学部.古典文学.别　集.唐五代别集
杜臆,文学学部.古典文学.别　集.唐五代别集
岑嘉州诗集,文学学部.古典文学.别　集.唐五代别集
刘随州诗集,文学学部.古典文学.别　集.唐五代别集
元次山文集,文学学部.古典文学.别　集.唐五代别集
钱考功集,文学学部.古典文学.别　集.唐五代别集
毗陵集,文学学部.古典文学.别　集.唐五代别集
华阳集,文学学部.古典文学.别　集.唐五代别集
杼山集,文学学部.古典文学.别　集.唐五代别集
韦苏州集,文学学部.古典文学.别　集.唐五代别集
孟东野诗集,文学学部.古典文学.别　集.唐五代别集
陆宣公翰苑集,文学学部.古典文学.别　集.唐五代别集
权载之文集,文学学部.古典文学.别　集.唐五代别集
张司业集,文学学部.古典文学.别　集.唐五代别集
王司马集,文学学部.古典文学.别　集.唐五代别集
昌黎先生集,文学学部.古典文学.别　集.唐五代别集
李文公集,文学学部.古典文学.别　集.唐五代别集
刘梦得文集,文学学部.古典文学.别　集.唐五代别集
白氏长庆集,文学学部.古典文学.别　集.唐五代别集
长庆集,文学学部.古典文学.别　集.唐五代别集
白香山诗集,文学学部.古典文学.别　集.唐五代别集
追昔游编,文学学部.古典文学.别　集.唐五代别集
河东先生集,文学学部.古典文学.别　集.唐五代别集
玉川子诗集,文学学部.古典文学.别　集.唐五代别集
姚少监诗集,文学学部.古典文学.别　集.唐五代别集
皇甫持正文集,文学学部.古典文学.别　集.唐五代别集
元氏长庆集,文学学部.古典文学.别　集.唐五代别集
长江集,文学学部.古典文学.别　集.唐五代别集
沈下贤文集,文学学部.古典文学.别　集.唐五代别集
张承吉文集,文学学部.古典文学.别　集.唐五代别集
会昌一品集,文学学部.古典文学.别　集.唐五代别集
昌谷集,文学学部.古典文学.别　集.唐五代别集
李长吉歌诗,文学学部.古典文学.别　集.唐五代别集
温庭筠诗集,文学学部.古典文学.别　集.唐五代别集
樊川文集,文学学部.古典文学.别　集.唐五代别集
丁卯集,文学学部.古典文学.别　集.唐五代别集
李义山诗集,文学学部.古典文学.别　集.唐五代别集
樊南文集,文学学部.古典文学.别　集.唐五代别集
甘棠集,文学学部.古典文学.别　集.唐五代别集
梨岳集,文学学部.古典文学.别　集.唐五代别集
孙可之文集,文学学部.古典文学.别　集.唐五代别集
玄英先生诗集,文学学部.古典文学.别　集.唐五代别集
禅月集,文学学部.古典文学.别　集.唐五代别集
甲乙集,文学学部.古典文学.别　集.唐五代别集
浣花集,文学学部.古典文学.别　集.唐五代别集
司空表圣文集,文学学部.古典文学.别　集.唐五代别集
皮子文薮,文学学部.古典文学.别　集.唐五代别集
笠泽丛书,文学学部.古典文学.别　集.唐五代别集
甫里集,文学学部.古典文学.别　集.唐五代别集
鹿门诗集,文学学部.古典文学.别　集.唐五代别集
韩内翰别集,文学学部.古典文学.别　集.唐五代别集
香奁集,文学学部.古典文学.别　集.唐五代别集
唐风集,文学学部.古典文学.别　集.唐五代别集
广成集,文学学部.古典文学.别　集.唐五代别集
云台编,文学学部.古典文学.别　集.唐五代别集
桂苑笔耕集,文学学部.古典文学.别　集.唐五代别集
披沙集,文学学部.古典文学.别　集.唐五代别集
白莲集,文学学部.古典文学.别　集.唐五代别集
莆阳黄御史集,文学学部.古典文学.别　集.唐五代别集
骑省集,文学学部.古典文学.别　集.宋金别集
河东先生集,文学学部.古典文学.别　集.宋金别集
小畜集,文学学部.古典文学.别　集.宋金别集
林和靖诗集,文学学部.古典文学.别　集.宋金别集
南阳集,文学学部.古典文学.别　集.宋金别集
范文正公集,文学学部.古典文学.别　集.宋金别集
河南先生文集,文学学部.古典文学.别　集.宋金别集
宛陵先生文集,文学学部.古典文学.别　集.宋金别集
徂徕集,文学学部.古典文学.别　集.宋金别集
欧阳文忠公文集,文学学部.古典文学.别　集.宋金别集
苏学士文集,文学学部.古典文学.别　集.宋金别集
直讲李先生文集,文学学部.古典文学.别　集.宋金别集
嘉祐集,文学学部.古典文学.别　集.宋金别集
伊川击壤集,文学学部.古典文学.别　集.宋金别集
南阳集,文学学部.古典文学.别　集.宋金别集
伐檀集,文学学部.古典文学.别　集.宋金别集
丹渊集,文学学部.古典文学.别　集.宋金别集
元丰类稿,文学学部.古典文学.别　集.宋金别集
华阳集,文学学部.古典文学.别　集.宋金别集
温国文正司马公文集,文学学部.古典文学.别　集.宋金别集
临川集,文学学部.古典文学.别　集.宋金别集
广陵先生文集,文学学部.古典文学.别　集.宋金别集
东坡七集,文学学部.古典文学.别　集.宋金别集
栾城集,文学学部.古典文学.别　集.宋金别集
演山集,文学学部.古典文学.别　集.宋金别集
山谷集,文学学部.古典文学.别　集.宋金别集
淮海集,文学学部.古典文学.别　集.宋金别集
后山居士文集,文学学部.古典文学.别　集.宋金别集
鸡肋集,文学学部.古典文学.别　集.宋金别集
张右史文集,文学学部.古典文学.别　集.宋金别集
柯山集,文学学部.古典文学.别　集.宋金别集
宛丘集,文学学部.古典文学.别　集.宋金别集
老圃集,文学学部.古典文学.别　集.宋金别集
西渡集,文学学部.古典文学.别　集.宋金别集
藏海居士集,文学学部.古典文学.别　集.宋金别集
高峰先生文集,文学学部.古典文学.别　集.宋金别集
斜川集,文学学部.古典文学.别　集.宋金别集
具茨晁先生诗集,文学学部.古典文学.别　集.宋金别集
蒙隐集,文学学部.古典文学.别　集.宋金别集
华阳集,文学学部.古典文学.别　集.宋金别集
龟溪集,文学学部.古典文学.别　集.宋金别集
竹轩杂著,文学学部.古典文学.别　集.宋金别集
简斋集,文学学部.古典文学.别　集.宋金别集
缙云文集,文学学部.古典文学.别　集.宋金别集
东溪集,文学学部.古典文学.别　集.宋金别集
双溪集,文学学部.古典文学.别　集.宋金别集
斐然集,文学学部.古典文学.别　集.宋金别集
松隐文集,文学学部.古典文学.别　集.宋金别集
岳忠武王文集,文学学部.古典文学.别　集.宋金别集
夹漈遗稿,文学学部.古典文学.别　集.宋金别集
█峰真隐漫录,文学学部.古典文学.别　集.宋金别集
梅溪集,文学学部.古典文学.别　集.宋金别集
归愚集,文学学部.古典文学.别　集.宋金别集
盘洲文集,文学学部.古典文学.别　集.宋金别集
南涧甲乙稿,文学学部.古典文学.别　集.宋金别集
莲峰集,文学学部.古典文学.别　集.宋金别集
颐堂先生文集,文学学部.古典文学.别　集.宋金别集
梅山续稿,文学学部.古典文学.别　集.宋金别集
剑南诗稿,文学学部.古典文学.别　集.宋金别集
渭南文集,文学学部.古典文学.别　集.宋金别集
石湖居士诗集,文学学部.古典文学.别　集.宋金别集
诚斋集,文学学部.古典文学.别　集.宋金别集
芸庵类稿,文学学部.古典文学.别　集.宋金别集
朱文公文集,文学学部.古典文学.别　集.宋金别集
朱子大全,文学学部.古典文学.别　集.宋金别集
江湖长翁文集,文学学部.古典文学.别　集.宋金别集
东莱集,文学学部.古典文学.别　集.宋金别集
攻媿集,文学学部.古典文学.别　集.宋金别集
双溪类稿,文学学部.古典文学.别　集.宋金别集
象山先生全集,文学学部.古典文学.别　集.宋金别集
龙川文集,文学学部.古典文学.别　集.宋金别集
乾道稿　淳熙稿　章泉稿,文学学部.古典文学.别　集.宋金别集
絜斋集,文学学部.古典文学.别　集.宋金别集
水心先生文集,文学学部.古典文学.别　集.宋金别集
南湖集,文学学部.古典文学.别　集.宋金别集
龙洲集,文学学部.古典文学.别　集.宋金别集
臞翁诗集,文学学部.古典文学.别　集.宋金别集
方壶存稿,文学学部.古典文学.别　集.宋金别集
昌谷集,文学学部.古典文学.别　集.宋金别集
涧泉集,文学学部.古典文学.别　集.宋金别集
翠微南征录　翠微北征录,文学学部.古典文学.别　集.宋金别集
竹斋先生诗集,文学学部.古典文学.别　集.宋金别集
友林乙稿,文学学部.古典文学.别　集.宋金别集
北磵文集,文学学部.古典文学.别　集.宋金别集
南塘先生四六,文学学部.古典文学.别　集.宋金别集
石屏诗集,文学学部.古典文学.别　集.宋金别集
菊涧集,文学学部.古典文学.别　集.宋金别集
野谷诗稿,文学学部.古典文学.别　集.宋金别集
平斋文集,文学学部.古典文学.别　集.宋金别集
安晚堂诗集,文学学部.古典文学.别　集.宋金别集
西山先生真文忠公文集,文学学部.古典文学.别　集.宋金别集
鹤山大全集,文学学部.古典文学.别　集.宋金别集
雪矶丛稿,文学学部.古典文学.别　集.宋金别集
沧浪集,文学学部.古典文学.别　集.宋金别集
字溪集,文学学部.古典文学.别　集.宋金别集
后村先生大全集,文学学部.古典文学.别　集.宋金别集
鬳斋续集,文学学部.古典文学.别　集.宋金别集
可斋类稿,文学学部.古典文学.别　集.宋金别集
秋崖先生小稿,文学学部.古典文学.别　集.宋金别集
东野农歌集,文学学部.古典文学.别　集.宋金别集
文溪存稿,文学学部.古典文学.别　集.宋金别集
真山民诗集,文学学部.古典文学.别　集.宋金别集
萧冰崖诗集拾遗,文学学部.古典文学.别　集.宋金别集
秋堂集,文学学部.古典文学.别　集.宋金别集
雪坡姚舍人文集,文学学部.古典文学.别　集.宋金别集
碧梧玩芳集,文学学部.古典文学.别　集.宋金别集
秋声集,文学学部.古典文学.别　集.宋金别集
叠山集,文学学部.古典文学.别　集.宋金别集
陵阳先生集,文学学部.古典文学.别　集.宋金别集
佩韦斋文集,文学学部.古典文学.别　集.宋金别集
文山先生全集,文学学部.古典文学.别　集.宋金别集
湖山类稿,文学学部.古典文学.别　集.宋金别集
水云集,文学学部.古典文学.别　集.宋金别集
霁山集,文学学部.古典文学.别　集.宋金别集
覆瓿集,文学学部.古典文学.别　集.宋金别集
晞发集,文学学部.古典文学.别　集.宋金别集
熊勿轩先生文集,文学学部.古典文学.别　集.宋金别集
闲闲老人滏水文集,文学学部.古典文学.别　集.宋金别集
滹南遗老集,文学学部.古典文学.别　集.宋金别集
遗山先生集,文学学部.古典文学.别　集.宋金别集
还山遗稿,文学学部.古典文学.别　集.元 别 集
湛然居士文集,文学学部.古典文学.别　集.元 别 集
鲁斋遗书,文学学部.古典文学.别　集.元 别 集
藏春诗集,文学学部.古典文学.别　集.元 别 集
瓢泉吟稿,文学学部.古典文学.别　集.元 别 集
郝文忠公陵川文集,文学学部.古典文学.别　集.元 别 集
秋涧先生大全文集,文学学部.古典文学.别　集.元 别 集
桐江集,文学学部.古典文学.别　集.元 别 集
牧庵集,文学学部.古典文学.别　集.元 别 集
中庵先生刘文简公文集,文学学部.古典文学.别　集.元 别 集
剡源戴先生文集,文学学部.古典文学.别　集.元 别 集
金渊集,文学学部.古典文学.别　集.元 别 集
静修先生文集,文学学部.古典文学.别　集.元 别 集
雪楼集,文学学部.古典文学.别　集.元 别 集
临川吴文正公集,文学学部.古典文学.别　集.元 别 集
松雪斋文集,文学学部.古典文学.别　集.元 别 集
榘庵集,文学学部.古典文学.别　集.元 别 集
汉泉曹文贞公诗集,文学学部.古典文学.别　集.元 别 集
筠溪牧潜集,文学学部.古典文学.别　集.元 别 集
养吾斋集,文学学部.古典文学.别　集.元 别 集
巴西文集,文学学部.古典文学.别　集.元 别 集
秋声集,文学学部.古典文学.别　集.元 别 集
顺斋先生闲居丛稿,文学学部.古典文学.别　集.元 别 集
翠寒集,文学学部.古典文学.别　集.元 别 集
清容居士集,文学学部.古典文学.别　集.元 别 集
桂隐诗集,文学学部.古典文学.别　集.元 别 集
贡文靖公云林诗集,文学学部.古典文学.别　集.元 别 集
归田类稿,文学学部.古典文学.别　集.元 别 集
许白云先生文集,文学学部.古典文学.别　集.元 别 集
柳待制文集,文学学部.古典文学.别　集.元 别 集
翰林杨仲弘诗,文学学部.古典文学.别　集.元 别 集
范德机诗集,文学学部.古典文学.别　集.元 别 集
道园学古录,文学学部.古典文学.别　集.元 别 集
圭斋文集,文学学部.古典文学.别　集.元 别 集
揭文安公全集,文学学部.古典文学.别　集.元 别 集
勾曲外史集,文学学部.古典文学.别　集.元 别 集
金华黄先生文集,文学学部.古典文学.别　集.元 别 集
石田先生文集,文学学部.古典文学.别　集.元 别 集
纯白斋类稿,文学学部.古典文学.别　集.元 别 集
礼部集,文学学部.古典文学.别　集.元 别 集
五峰集,文学学部.古典文学.别　集.元 别 集
月屋樵吟,文学学部.古典文学.别　集.元 别 集
此山先生诗集,文学学部.古典文学.别　集.元 别 集
安雅堂集,文学学部.古典文学.别　集.元 别 集
竹斋诗集,文学学部.古典文学.别　集.元 别 集
至正集,文学学部.古典文学.别　集.元 别 集
蜕庵诗,文学学部.古典文学.别　集.元 别 集
燕石集,文学学部.古典文学.别　集.元 别 集
滋溪文稿,文学学部.古典文学.别　集.元 别 集
存复斋文集,文学学部.古典文学.别　集.元 别 集
铁崖先生古乐府,文学学部.古典文学.别　集.元 别 集
东维子文集,文学学部.古典文学.别　集.元 别 集
龟巢稿,文学学部.古典文学.别　集.元 别 集
渊颖吴先生集,文学学部.古典文学.别　集.元 别 集
贡礼部玩斋集,文学学部.古典文学.别　集.元 别 集
张光弼诗集,文学学部.古典文学.别　集.元 别 集
居竹轩诗集,文学学部.古典文学.别　集.元 别 集
倪云林先生诗集,文学学部.古典文学.别　集.元 别 集
青阳先生文集,文学学部.古典文学.别　集.元 别 集
傅与砺诗文集,文学学部.古典文学.别　集.元 别 集
贞素斋集,文学学部.古典文学.别　集.元 别 集
林外野言,文学学部.古典文学.别　集.元 别 集
雁门集,文学学部.古典文学.别　集.元 别 集
金台集,文学学部.古典文学.别　集.元 别 集
蚁术诗选,文学学部.古典文学.别　集.元 别 集
玉山草堂集,文学学部.古典文学.别　集.元 别 集
贡南湖诗集,文学学部.古典文学.别　集.元 别 集
夷白斋稿,文学学部.古典文学.别　集.元 别 集
九灵山房集,文学学部.古典文学.别　集.元 别 集
梧溪集,文学学部.古典文学.别　集.元 别 集
玉笥集,文学学部.古典文学.别　集.元 别 集
丁鹤年集,文学学部.古典文学.别　集.元 别 集
临安集,文学学部.古典文学.别　集.明别集
望云集,文学学部.古典文学.别　集.明别集
翠屏集,文学学部.古典文学.别　集.明别集
新喻梁石门先生集,文学学部.古典文学.别　集.明别集
胡仲子集,文学学部.古典文学.别　集.明别集
海叟集,文学学部.古典文学.别　集.明别集
宋学士文集,文学学部.古典文学.别　集.明别集
诚意伯刘先生文集,文学学部.古典文学.别　集.明别集
苏平仲文集,文学学部.古典文学.别　集.明别集
全室外集,文学学部.古典文学.别　集.明别集
李草阁诗集,文学学部.古典文学.别　集.明别集
凤池吟稿,文学学部.古典文学.别　集.明别集
槎翁诗集,文学学部.古典文学.别　集.明别集
王忠文公文集,文学学部.古典文学.别　集.明别集
蓝山先生诗集,文学学部.古典文学.别　集.明别集
蓝涧集,文学学部.古典文学.别　集.明别集
眉庵集,文学学部.古典文学.别　集.明别集
半轩集,文学学部.古典文学.别　集.明别集
密庵稿,文学学部.古典文学.别　集.明别集
北郭集,文学学部.古典文学.别　集.明别集
静居集,文学学部.古典文学.别　集.明别集
高太史大全集,文学学部.古典文学.别　集.明别集
蚓窍集,文学学部.古典文学.别　集.明别集
白云樵唱,文学学部.古典文学.别　集.明别集
闽高待诏诗集,文学学部.古典文学.别　集.明别集
鸣盛集,文学学部.古典文学.别　集.明别集
巽隐程先生文集,文学学部.古典文学.别　集.明别集
逊志斋集,文学学部.古典文学.别　集.明别集
东里全集,文学学部.古典文学.别　集.明别集
解学士先生集,文学学部.古典文学.别　集.明别集
虚舟集,文学学部.古典文学.别　集.明别集
薛文清公全集,文学学部.古典文学.别　集.明别集
于忠肃公集,文学学部.古典文学.别　集.明别集
石田先生集,文学学部.古典文学.别　集.明别集
白沙先生全集,文学学部.古典文学.别　集.明别集
匏翁家藏稿,文学学部.古典文学.别　集.明别集
篁墩程先生文集,文学学部.古典文学.别　集.明别集
马东田文集,文学学部.古典文学.别　集.明别集
怀麓堂集,文学学部.古典文学.别　集.明别集
翰林罗圭峰先生文集,文学学部.古典文学.别　集.明别集
震泽先生集,文学学部.古典文学.别　集.明别集
石淙诗稿,文学学部.古典文学.别　集.明别集
柴墟文集,文学学部.古典文学.别　集.明别集
怀星堂全集,文学学部.古典文学.别　集.明别集
东江家藏稿,文学学部.古典文学.别　集.明别集
熊峰先生集,文学学部.古典文学.别　集.明别集
甘泉先生文集,文学学部.古典文学.别　集.明别集
渼陂集,文学学部.古典文学.别　集.明别集
唐伯虎先生集,文学学部.古典文学.别　集.明别集
甫田集,文学学部.古典文学.别　集.明别集
王文成公全书,文学学部.古典文学.别　集.明别集
空同子集,文学学部.古典文学.别　集.明别集
王氏家藏集,文学学部.古典文学.别　集.明别集
康对山先生集,文学学部.古典文学.别　集.明别集
边华泉集,文学学部.古典文学.别　集.明别集
顾华玉集,文学学部.古典文学.别　集.明别集
凌溪先生集,文学学部.古典文学.别　集.明别集
俨山文集,文学学部.古典文学.别　集.明别集
迪功集,文学学部.古典文学.别　集.明别集
苑洛集,文学学部.古典文学.别　集.明别集
钤山堂集,文学学部.古典文学.别　集.明别集
夏桂洲先生文集,文学学部.古典文学.别　集.明别集
何大复先生集,文学学部.古典文学.别　集.明别集
太白山人漫稿,文学学部.古典文学.别　集.明别集
郑少谷先生全集,文学学部.古典文学.别　集.明别集
梦泽集,文学学部.古典文学.别　集.明别集
太史升庵文集,文学学部.古典文学.别　集.明别集
薛考功集,文学学部.古典文学.别　集.明别集
泰泉集,文学学部.古典文学.别　集.明别集
四溟山人全集,文学学部.古典文学.别　集.明别集
皇甫少玄集,文学学部.古典文学.别　集.明别集
皇甫司勋集,文学学部.古典文学.别　集.明别集
芝园集,文学学部.古典文学.别　集.明别集
射阳先生存稿,文学学部.古典文学.别　集.明别集
山带阁集,文学学部.古典文学.别　集.明别集
苏门集,文学学部.古典文学.别　集.明别集
蠛蠓集,文学学部.古典文学.别　集.明别集
李中麓闲居集,文学学部.古典文学.别　集.明别集
念庵先生文集,文学学部.古典文学.别　集.明别集
唐荆川先生文集,文学学部.古典文学.别　集.明别集
震川先生集,文学学部.古典文学.别　集.明别集
遵岩先生文集,文学学部.古典文学.别　集.明别集
瑶石山人稿,文学学部.古典文学.别　集.明别集
茅鹿门先生文集,文学学部.古典文学.别　集.明别集
沧溟先生集,文学学部.古典文学.别　集.明别集
欧虞部集,文学学部.古典文学.别　集.明别集
天目先生集,文学学部.古典文学.别　集.明别集
兰汀存稿,文学学部.古典文学.别　集.明别集
徐文长三集,文学学部.古典文学.别　集.明别集
甔甀洞稿,文学学部.古典文学.别　集.明别集
宗子相集,文学学部.古典文学.别　集.明别集
太函集,文学学部.古典文学.别　集.明别集
弇州山人四部稿,文学学部.古典文学.别　集.明别集
李温陵集,文学学部.古典文学.别　集.明别集
处实堂集,文学学部.古典文学.别　集.明别集
王百穀全集,文学学部.古典文学.别　集.明别集
王奉常集,文学学部.古典文学.别　集.明别集
焦氏澹园集,文学学部.古典文学.别　集.明别集
白榆集,文学学部.古典文学.别　集.明别集
穀城山馆全集,文学学部.古典文学.别　集.明别集
快雪堂集,文学学部.古典文学.别　集.明别集
大泌山房集,文学学部.古典文学.别　集.明别集
鹿裘石室集,文学学部.古典文学.别　集.明别集
赵忠毅公诗文集,文学学部.古典文学.别　集.明别集
玉茗堂全集,文学学部.古典文学.别　集.明别集
少室山房集,文学学部.古典文学.别　集.明别集
区太史诗集,文学学部.古典文学.别　集.明别集
容台集,文学学部.古典文学.别　集.明别集
陈眉公集,文学学部.古典文学.别　集.明别集
白苏斋类集,文学学部.古典文学.别　集.明别集
幔亭集,文学学部.古典文学.别　集.明别集
歇庵集,文学学部.古典文学.别　集.明别集
高子遗书,文学学部.古典文学.别　集.明别集
高阳集,文学学部.古典文学.别　集.明别集
松圆浪淘集,文学学部.古典文学.别　集.明别集
小草斋集,文学学部.古典文学.别　集.明别集
袁中郎全集,文学学部.古典文学.别　集.明别集
九籥集,文学学部.古典文学.别　集.明别集
珂雪斋集,文学学部.古典文学.别　集.明别集
鳌峰集,文学学部.古典文学.别　集.明别集
隐秀轩集,文学学部.古典文学.别　集.明别集
石仓集,文学学部.古典文学.别　集.明别集
王季重集,文学学部.古典文学.别　集.明别集
静啸斋存草,文学学部.古典文学.别　集.明别集
谭友夏合集,文学学部.古典文学.别　集.明别集
咏怀堂诗集,文学学部.古典文学.别　集.明别集
鹂吹,文学学部.古典文学.别　集.明别集
疑雨集,文学学部.古典文学.别　集.明别集
楼山堂集,文学学部.古典文学.别　集.明别集
天傭子集,文学学部.古典文学.别　集.明别集
魏子敬遗集,文学学部.古典文学.别　集.明别集
琅嬛文集,文学学部.古典文学.别　集.明别集
七录斋诗文合集,文学学部.古典文学.别　集.明别集
祁忠惠公遗集,文学学部.古典文学.别　集.明别集
峤雅,文学学部.古典文学.别　集.明别集
卓珂月先生全集,文学学部.古典文学.别　集.明别集
陶庵全集,文学学部.古典文学.别　集.明别集
安雅堂稿,文学学部.古典文学.别　集.明别集
陈忠裕全集,文学学部.古典文学.别　集.明别集
返生香,文学学部.古典文学.别　集.明别集
张苍水全集,文学学部.古典文学.别　集.明别集
夏内史集,文学学部.古典文学.别　集.明别集
初学集,文学学部.古典文学.别　集.清别集
有学集,文学学部.古典文学.别　集.清别集
钝吟全集,文学学部.古典文学.别　集.清别集
四照堂集,文学学部.古典文学.别　集.清别集
隰西草堂集,文学学部.古典文学.别　集.清别集
白耷山人集,文学学部.古典文学.别　集.清别集
霜红龛集,文学学部.古典文学.别　集.清别集
蓼斋集,文学学部.古典文学.别　集.清别集
沉吟楼诗选,文学学部.古典文学.别　集.清别集
梅村家藏稿,文学学部.古典文学.别　集.清别集
南雷文案,文学学部.古典文学.别　集.清别集
浮山集,文学学部.古典文学.别　集.清别集
笠翁一家言,文学学部.古典文学.别　集.清别集
变雅堂遗集,文学学部.古典文学.别　集.清别集
千山诗集,文学学部.古典文学.别　集.清别集
嵞山集,文学学部.古典文学.别　集.清别集
赖古堂集,文学学部.古典文学.别　集.清别集
田间集,文学学部.古典文学.别　集.清别集
玄恭文钞,文学学部.古典文学.别　集.清别集
顾亭林诗文集,文学学部.古典文学.别　集.清别集
静惕堂诗集,文学学部.古典文学.别　集.清别集
安雅堂诗,文学学部.古典文学.别　集.清别集
定山堂全集,文学学部.古典文学.别　集.清别集
壮悔堂集,文学学部.古典文学.别　集.清别集
柳如是诗,文学学部.古典文学.别　集.清别集
陋轩诗,文学学部.古典文学.别　集.清别集
水田居文集,文学学部.古典文学.别　集.清别集
施愚山先生全集,文学学部.古典文学.别　集.清别集
薑斋诗文集,文学学部.古典文学.别　集.清别集
林蕙堂集,文学学部.古典文学.别　集.清别集
张秦亭集,文学学部.古典文学.别　集.清别集
聪山集,文学学部.古典文学.别　集.清别集
溉堂集,文学学部.古典文学.别　集.清别集
杲堂诗文钞,文学学部.古典文学.别　集.清别集
西河文集,文学学部.古典文学.别　集.清别集
魏叔子文集,文学学部.古典文学.别　集.清别集
钝翁类稿,文学学部.古典文学.别　集.清别集
湖海楼全集,文学学部.古典文学.别　集.清别集
改亭集,文学学部.古典文学.别　集.清别集
姜先生全集,文学学部.古典文学.别　集.清别集
吕晚村文集,文学学部.古典文学.别　集.清别集
六莹堂集,文学学部.古典文学.别　集.清别集
曝书亭集,文学学部.古典文学.别　集.清别集
翁山诗外,文学学部.古典文学.别　集.清别集
秋笳集,文学学部.古典文学.别　集.清别集
独漉堂集,文学学部.古典文学.别　集.清别集
带经堂集,文学学部.古典文学.别　集.清别集
渔洋山人精华录,文学学部.古典文学.别　集.清别集
聊斋全集,文学学部.古典文学.别　集.清别集
二十七松堂集,文学学部.古典文学.别　集.清别集
稗畦集,文学学部.古典文学.别　集.清别集
遂初堂集,文学学部.古典文学.别　集.清别集
湖海集,文学学部.古典文学.别　集.清别集
敬业堂诗集,文学学部.古典文学.别　集.清别集
南山集偶钞,文学学部.古典文学.别　集.清别集
楝亭集,文学学部.古典文学.别　集.清别集
饴山集,文学学部.古典文学.别　集.清别集
弱水集,文学学部.古典文学.别　集.清别集
香屑集,文学学部.古典文学.别　集.清别集
望溪先生文集,文学学部.古典文学.别　集.清别集
沈归愚诗文全集,文学学部.古典文学.别　集.清别集
香草斋诗钞,文学学部.古典文学.别　集.清别集
樊榭山房集,文学学部.古典文学.别　集.清别集
板桥集,文学学部.古典文学.别　集.清别集
海珊诗钞,文学学部.古典文学.别　集.清别集
道古堂集,文学学部.古典文学.别　集.清别集
石笥山房集,文学学部.古典文学.别　集.清别集
海峰集,文学学部.古典文学.别　集.清别集
文木山房集,文学学部.古典文学.别　集.清别集
援鹑堂集,文学学部.古典文学.别　集.清别集
鲒埼亭集,文学学部.古典文学.别　集.清别集
丁辛老屋集,文学学部.古典文学.别　集.清别集
萚石斋集,文学学部.古典文学.别　集.清别集
梅崖居士集,文学学部.古典文学.别　集.清别集
小仓山房集,文学学部.古典文学.别　集.清别集
玉芝堂集,文学学部.古典文学.别　集.清别集
西庄始存稿,文学学部.古典文学.别　集.清别集
戴东原集,文学学部.古典文学.别　集.清别集
纪文达公遗集,文学学部.古典文学.别　集.清别集
赵璞庵集,文学学部.古典文学.别　集.清别集
忠雅堂集,文学学部.古典文学.别　集.清别集
春融堂集,文学学部.古典文学.别　集.清别集
瓯北集,文学学部.古典文学.别　集.清别集
潜研堂集,文学学部.古典文学.别　集.清别集
山木居士文集,文学学部.古典文学.别　集.清别集
惜抱轩集,文学学部.古典文学.别　集.清别集
复初斋诗集,文学学部.古典文学.别　集.清别集
童山集,文学学部.古典文学.别　集.清别集
石桐先生诗钞,文学学部.古典文学.别　集.清别集
二林居集,文学学部.古典文学.别　集.清别集
述学,文学学部.古典文学.别　集.清别集
洪北江诗文集,文学学部.古典文学.别　集.清别集
有正味斋全集,文学学部.古典文学.别　集.清别集
五百四峰草堂诗钞,文学学部.古典文学.别　集.清别集
两当轩全集,文学学部.古典文学.别　集.清别集
顨轩骈俪文,文学学部.古典文学.别　集.清别集
芙蓉山馆诗文钞,文学学部.古典文学.别　集.清别集
孙渊如诗文集,文学学部.古典文学.别　集.清别集
红杏山房诗钞,文学学部.古典文学.别　集.清别集
大云山房文稿,文学学部.古典文学.别　集.清别集
烟霞万古楼诗选,文学学部.古典文学.别　集.清别集
天真阁集,文学学部.古典文学.别　集.清别集
茗柯文编,文学学部.古典文学.别　集.清别集
雕菰楼集,文学学部.古典文学.别　集.清别集
船山诗草,文学学部.古典文学.别　集.清别集
揅经室集,文学学部.古典文学.别　集.清别集
瓶水斋诗集,文学学部.古典文学.别　集.清别集
灵芬馆集,文学学部.古典文学.别　集.清别集
初月楼诗文钞,文学学部.古典文学.别　集.清别集
小谟觞馆集,文学学部.古典文学.别　集.清别集
太乙舟文集,文学学部.古典文学.别　集.清别集
养一斋集,文学学部.古典文学.别　集.清别集
仪卫轩集,文学学部.古典文学.别　集.清别集
因寄轩文集,文学学部.古典文学.别　集.清别集
张南山全集,文学学部.古典文学.别　集.清别集
衎石斋集,文学学部.古典文学.别　集.清别集
刘孟涂集,文学学部.古典文学.别　集.清别集
程侍郎遗集,文学学部.古典文学.别　集.清别集
养一斋集,文学学部.古典文学.别　集.清别集
云左山房诗钞,文学学部.古典文学.别　集.清别集
中复堂全集,文学学部.古典文学.别　集.清别集
柏岘山房集,文学学部.古典文学.别　集.清别集
薏苕山馆诗稿,文学学部.古典文学.别　集.清别集
定庵文集,文学学部.古典文学.别　集.清别集
██亭集,文学学部.古典文学.别　集.清别集
古微堂集,文学学部.古典文学.别　集.清别集
张亨甫全集,文学学部.古典文学.别　集.清别集
东洲草堂集,文学学部.古典文学.别　集.清别集
怡志堂诗文初编,文学学部.古典文学.别　集.清别集
通甫诗文集,文学学部.古典文学.别　集.清别集
大梅山馆集,文学学部.古典文学.别　集.清别集
柈湖文录,文学学部.古典文学.别　集.清别集
巢经巢集,文学学部.古典文学.别　集.清别集
半行庵诗存稿,文学学部.古典文学.别　集.清别集
东塾集,文学学部.古典文学.别　集.清别集
郘亭诗钞,文学学部.古典文学.别　集.清别集
曾文正公诗文集,文学学部.古典文学.别　集.清别集
龙壁山房集,文学学部.古典文学.别　集.清别集
伏敔堂诗录,文学学部.古典文学.别　集.清别集
秋蟪吟馆诗钞,文学学部.古典文学.别　集.清别集
春在堂诗编,文学学部.古典文学.别　集.清别集
濂亭集,文学学部.古典文学.别　集.清别集
白香亭诗,文学学部.古典文学.别　集.清别集
白华绛柎阁诗集,文学学部.古典文学.别　集.清别集
瓶庐诗稿,文学学部.古典文学.别　集.清别集
复堂类集,文学学部.古典文学.别　集.清别集
湘绮楼诗文集,文学学部.古典文学.别　集.清别集
高陶堂遗集,文学学部.古典文学.别　集.清别集
拙尊园丛稿,文学学部.古典文学.别　集.清别集
广雅堂诗集,文学学部.古典文学.别　集.清别集
庸庵全集,文学学部.古典文学.别　集.清别集
偶斋诗草,文学学部.古典文学.别　集.清别集
桐城吴先生文集,文学学部.古典文学.别　集.清别集
渐西村人初集,文学学部.古典文学.别　集.清别集
樊山集,文学学部.古典文学.别　集.清别集
涧于集,文学学部.古典文学.别　集.清别集
人境庐诗草,文学学部.古典文学.别　集.清别集
沧趣楼诗集,文学学部.古典文学.别　集.清别集
海日楼诗,文学学部.古典文学.别　集.清别集
八指头陀诗文集,文学学部.古典文学.别　集.清别集
畏庐文集,文学学部.古典文学.别　集.清别集
散原精舍诗,文学学部.古典文学.别　集.清别集
范伯子诗文集,文学学部.古典文学.别　集.清别集
严几道诗文钞,文学学部.古典文学.别　集.清别集
抱润轩文集,文学学部.古典文学.别　集.清别集
石遗室诗文集,文学学部.古典文学.别　集.清别集
琴志楼诗集,文学学部.古典文学.别　集.清别集
南海先生诗集,文学学部.古典文学.别　集.清别集
学制斋骈文,文学学部.古典文学.别　集.清别集
觚庵诗存,文学学部.古典文学.别　集.清别集
海藏楼诗,文学学部.古典文学.别　集.清别集
雁影斋诗存,文学学部.古典文学.别　集.清别集
岭云海日楼诗钞,文学学部.古典文学.别　集.清别集
谭浏阳集,文学学部.古典文学.别　集.清别集
蒋观云先生遗诗,文学学部.古典文学.别　集.清别集
茹经室文集,文学学部.古典文学.别　集.清别集
慎宜轩集,文学学部.古典文学.别　集.清别集
环天室诗集,文学学部.古典文学.别　集.清别集
太炎文录初编,文学学部.古典文学.别　集.清别集
饮冰室文集,文学学部.古典文学.别　集.清别集
蒹葭楼诗,文学学部.古典文学.别　集.清别集
浩歌堂诗钞,文学学部.古典文学.别　集.清别集
天放楼诗集,文学学部.古典文学.别　集.清别集
晚翠轩集,文学学部.古典文学.别　集.清别集
秋瑾集,文学学部.古典文学.别　集.清别集
江山万里楼诗词钞,文学学部.古典文学.别　集.清别集
忍古楼诗,文学学部.古典文学.别　集.清别集
天梅遗集,文学学部.古典文学.别　集.清别集
观堂集林,文学学部.古典文学.别　集.清别集
苍虬阁诗,文学学部.古典文学.别　集.清别集
燕子龛遗诗,文学学部.古典文学.别　集.清别集
左庵集,文学学部.古典文学.别　集.清别集
磨剑室诗词集,文学学部.古典文学.别　集.清别集
文选,文学学部.古典文学.总　集
昭明文选,文学学部.古典文学.总　集
文馆词林,文学学部.古典文学.总　集
古文苑,文学学部.古典文学.总　集
广文选,文学学部.古典文学.总　集
文章正宗,文学学部.古典文学.总　集
文章辨体,文学学部.古典文学.总　集
文体明辨,文学学部.古典文学.总　集
汉铙歌发,文学学部.古典文学.总　集
汉诗音注,文学学部.古典文学.总　集
汉诗说,文学学部.古典文学.总　集
建安七子集,文学学部.古典文学.总　集
汉魏诗乘,文学学部.古典文学.总　集
古诗类苑,文学学部.古典文学.总　集
汉魏六朝百三名家集,文学学部.古典文学.总　集
汉魏六朝名家集初刻,文学学部.古典文学.总　集
玉台新咏,文学学部.古典文学.总　集
古诗纪,文学学部.古典文学.总　集
古诗归,文学学部.古典文学.总　集
古诗选,文学学部.古典文学.总　集
古诗源,文学学部.古典文学.总　集
八代诗选,文学学部.古典文学.总　集
全汉三国晋南北朝诗,文学学部.古典文学.总　集
先秦汉魏晋南北朝诗,文学学部.古典文学.总　集
诗比兴笺,文学学部.古典文学.总　集
古谣谚,文学学部.古典文学.总　集
乐府诗集,文学学部.古典文学.总　集
古乐府,文学学部.古典文学.总　集
古乐苑,文学学部.古典文学.总　集
六朝声偶集,文学学部.古典文学.总　集
六朝文絜,文学学部.古典文学.总　集
采菽堂古诗选,文学学部.古典文学.总　集
古诗赏析,文学学部.古典文学.总　集
古诗镜,文学学部.古典文学.总　集
古文观止,文学学部.古典文学.总　集
古文辞类█,文学学部.古典文学.总　集
乾坤正气集,文学学部.古典文学.总　集
历代文纪,文学学部.古典文学.总　集
全上古三代秦汉三国六朝文,文学学部.古典文学.总　集
历代赋汇,文学学部.古典文学.总　集
汉魏六朝二十一名家集,文学学部.古典文学.总　集
七十家赋钞,文学学部.古典文学.总　集
骈体文钞,文学学部.古典文学.总　集
骈文类纂,文学学部.古典文学.总　集
四六法海,文学学部.古典文学.总　集
文苑英华,文学学部.古典文学.总　集
唐文粹,文学学部.古典文学.总　集
翰林学士集,文学学部.古典文学.总　集
珠英学士集,文学学部.古典文学.总　集
搜玉小集,文学学部.古典文学.总　集
国秀集,文学学部.古典文学.总　集
河岳英灵集,文学学部.古典文学.总　集
箧中集,文学学部.古典文学.总　集
中兴间气集,文学学部.古典文学.总　集
御览诗,文学学部.古典文学.总　集
极玄集,文学学部.古典文学.总　集
窦氏联珠集,文学学部.古典文学.总　集
松陵集,文学学部.古典文学.总　集
又玄集,文学学部.古典文学.总　集
才调集,文学学部.古典文学.总　集
唐百家诗选,文学学部.古典文学.总　集
万首唐人绝句,文学学部.古典文学.总　集
分门纂类唐歌诗,文学学部.古典文学.总　集
三体唐诗,文学学部.古典文学.总　集
唐诗鼓吹,文学学部.古典文学.总　集
唐音,文学学部.古典文学.总　集
唐诗品汇,文学学部.古典文学.总　集
唐音统签,文学学部.古典文学.总　集
唐诗选,文学学部.古典文学.总　集
唐诗归,文学学部.古典文学.总　集
唐诗纪,文学学部.古典文学.总　集
唐诗百名家全集,文学学部.古典文学.总　集
全唐诗,文学学部.古典文学.总　集
唐贤三昧集,文学学部.古典文学.总　集
唐诗别裁,文学学部.古典文学.总　集
五七言今体诗钞,文学学部.古典文学.总　集
唐诗三百首,文学学部.古典文学.总　集
全唐文,文学学部.古典文学.总　集
会稽掇英总集,文学学部.古典文学.总　集
古今岁时杂咏,文学学部.古典文学.总　集
瀛奎律髓,文学学部.古典文学.总　集
后村千家诗,文学学部.古典文学.总　集
千家诗,文学学部.古典文学.总　集
声画集,文学学部.古典文学.总　集
唐宋诗醇,文学学部.古典文学.总　集
唐宋诗举要,文学学部.古典文学.总　集
唐宋八大家文钞,文学学部.古典文学.总　集
唐宋十大家全集录,文学学部.古典文学.总　集
唐宋文醇,文学学部.古典文学.总　集
唐宋文举要,文学学部.古典文学.总　集
宋文鉴,文学学部.古典文学.总　集
南宋文范,文学学部.古典文学.总　集
西昆酬唱集,文学学部.古典文学.总　集
南宋群贤小集,文学学部.古典文学.总　集
江湖小集,文学学部.古典文学.总　集
谷音,文学学部.古典文学.总　集
宋诗钞,文学学部.古典文学.总　集
宋百家诗存,文学学部.古典文学.总　集
全宋诗,文学学部.古典文学.总　集
全宋文,文学学部.古典文学.总　集
全辽文,文学学部.古典文学.总　集
中州集,文学学部.古典文学.总　集
河汾诸老诗集,文学学部.古典文学.总　集
全金诗,文学学部.古典文学.总　集
金文最,文学学部.古典文学.总　集
草堂雅集,文学学部.古典文学.总　集
皇元风雅,文学学部.古典文学.总　集
元文类,文学学部.古典文学.总　集
元诗选,文学学部.古典文学.总　集
乾坤清气集,文学学部.古典文学.总　集
皇明西江诗选,文学学部.古典文学.总　集
雅颂正音,文学学部.古典文学.总　集
沧海遗珠,文学学部.古典文学.总　集
皇明文衡,文学学部.古典文学.总　集
皇明风雅,文学学部.古典文学.总　集
盛明百家诗,文学学部.古典文学.总　集
皇明文范,文学学部.古典文学.总　集
古今诗删,文学学部.古典文学.总　集
皇明文征,文学学部.古典文学.总　集
明十六名家小品,文学学部.古典文学.总　集
皇明诗选,文学学部.古典文学.总　集
列朝诗集,文学学部.古典文学.总　集
明诗综,文学学部.古典文学.总　集
明文海,文学学部.古典文学.总　集
天启崇祯两朝遗诗,文学学部.古典文学.总　集
明遗民诗,文学学部.古典文学.总　集
明文在,文学学部.古典文学.总　集
明诗别裁集,文学学部.古典文学.总　集
西陵十子诗选,文学学部.古典文学.总　集
诗观,文学学部.古典文学.总　集
感旧集,文学学部.古典文学.总　集
皇清文颖,文学学部.古典文学.总　集
撷芳集,文学学部.古典文学.总　集
西江风雅,文学学部.古典文学.总　集
国朝山左诗钞,文学学部.古典文学.总　集
清诗别裁集,文学学部.古典文学.总　集
国朝全闽诗录,文学学部.古典文学.总　集
湖海诗传,文学学部.古典文学.总　集
湖海文传,文学学部.古典文学.总　集
国朝二十四家文钞,文学学部.古典文学.总　集
八家四六文钞,文学学部.古典文学.总　集
国朝骈体正宗,文学学部.古典文学.总　集
国朝文征,文学学部.古典文学.总　集
江西诗征,文学学部.古典文学.总　集
两浙█轩录,文学学部.古典文学.总　集
国朝山左诗续钞,文学学部.古典文学.总　集
国朝岭海诗钞,文学学部.古典文学.总　集
群雅集,文学学部.古典文学.总　集
江苏诗征,文学学部.古典文学.总　集
易堂九子文钞,文学学部.古典文学.总　集
国朝畿辅诗传,文学学部.古典文学.总　集
皇朝经世文编,文学学部.古典文学.总　集
国朝闺秀正始集,文学学部.古典文学.总　集
国朝中州诗钞,文学学部.古典文学.总　集
沅湘耆旧集,文学学部.古典文学.总　集
国朝正雅集,文学学部.古典文学.总　集
国朝文录,文学学部.古典文学.总　集
清诗铎,文学学部.古典文学.总　集
国朝全蜀诗钞,文学学部.古典文学.总　集
后八家四六文钞,文学学部.古典文学.总　集
两浙█轩续录,文学学部.古典文学.总　集
皇朝经世文续编,文学学部.古典文学.总　集
八旗文经,文学学部.古典文学.总　集
道咸同光四朝诗史,文学学部.古典文学.总　集
戊戌六君子遗集,文学学部.古典文学.总　集
近代诗钞,文学学部.古典文学.总　集
晚清四十家诗钞,文学学部.古典文学.总　集
皖雅初集,文学学部.古典文学.总　集
晚晴簃诗汇,文学学部.古典文学.总　集
清文汇,文学学部.古典文学.总　集
晚清文选,文学学部.古典文学.总　集
南社丛选,文学学部.古典文学.总　集
典论论文,文学学部.古典文学.诗文评、研究著作
典论,文学学部.古典文学.诗文评、研究著作
文赋,文学学部.古典文学.诗文评、研究著作
文章流别集,文学学部.古典文学.诗文评、研究著作
诗品,文学学部.古典文学.诗文评、研究著作
文心雕龙,文学学部.古典文学.诗文评、研究著作
文章缘起,文学学部.古典文学.诗文评、研究著作
诗髓脑,文学学部.古典文学.诗文评、研究著作
诗式,文学学部.古典文学.诗文评、研究著作
乐府古题要解,文学学部.古典文学.诗文评、研究著作
诗人主客图,文学学部.古典文学.诗文评、研究著作
本事诗,文学学部.古典文学.诗文评、研究著作
二十四诗品,文学学部.古典文学.诗文评、研究著作
诗品,文学学部.古典文学.诗文评、研究著作
文镜秘府论,文学学部.古典文学.诗文评、研究著作
风骚旨格,文学学部.古典文学.诗文评、研究著作
雅道机要,文学学部.古典文学.诗文评、研究著作
六一诗话,文学学部.古典文学.诗文评、研究著作
后山诗话,文学学部.古典文学.诗文评、研究著作
冷斋夜话,文学学部.古典文学.诗文评、研究著作
诗话总龟,文学学部.古典文学.诗文评、研究著作
█周诗话,文学学部.古典文学.诗文评、研究著作
紫微诗话,文学学部.古典文学.诗文评、研究著作
四六话,文学学部.古典文学.诗文评、研究著作
石林诗话,文学学部.古典文学.诗文评、研究著作
潜溪诗眼,文学学部.古典文学.诗文评、研究著作
蔡宽夫诗话,文学学部.古典文学.诗文评、研究著作
█溪诗话,文学学部.古典文学.诗文评、研究著作
岁寒堂诗话,文学学部.古典文学.诗文评、研究著作
韵语阳秋,文学学部.古典文学.诗文评、研究著作
唐诗纪事,文学学部.古典文学.诗文评、研究著作
观林诗话,文学学部.古典文学.诗文评、研究著作
苕溪渔隐丛话,文学学部.古典文学.诗文评、研究著作
文则,文学学部.古典文学.诗文评、研究著作
吟窗杂录,文学学部.古典文学.诗文评、研究著作
全唐诗话,文学学部.古典文学.诗文评、研究著作
诚斋诗话,文学学部.古典文学.诗文评、研究著作
古文关键,文学学部.古典文学.诗文评、研究著作
白石道人诗说,文学学部.古典文学.诗文评、研究著作
竹庄诗话,文学学部.古典文学.诗文评、研究著作
沧浪诗话,文学学部.古典文学.诗文评、研究著作
诗人玉屑,文学学部.古典文学.诗文评、研究著作
后村诗话,文学学部.古典文学.诗文评、研究著作
草堂诗话,文学学部.古典文学.诗文评、研究著作
浩然斋雅谈,文学学部.古典文学.诗文评、研究著作
对床夜语,文学学部.古典文学.诗文评、研究著作
碧鸡漫志,文学学部.古典文学.诗文评、研究著作
词源,文学学部.古典文学.诗文评、研究著作
乐府指迷,文学学部.古典文学.诗文评、研究著作
诗林广记,文学学部.古典文学.诗文评、研究著作
滹南诗话,文学学部.古典文学.诗文评、研究著作
古赋辨体,文学学部.古典文学.诗文评、研究著作
诗谱,文学学部.古典文学.诗文评、研究著作
文说,文学学部.古典文学.诗文评、研究著作
诗法家数,文学学部.古典文学.诗文评、研究著作
木天禁语,文学学部.古典文学.诗文评、研究著作
唐才子传,文学学部.古典文学.诗文评、研究著作
修辞鉴衡,文学学部.古典文学.诗文评、研究著作
太和正音谱,文学学部.古典文学.诗文评、研究著作
怀麓堂诗话,文学学部.古典文学.诗文评、研究著作
南濠诗话,文学学部.古典文学.诗文评、研究著作
渚山堂词话,文学学部.古典文学.诗文评、研究著作
词品,文学学部.古典文学.诗文评、研究著作
四溟诗话,文学学部.古典文学.诗文评、研究著作
词谑,文学学部.古典文学.诗文评、研究著作
南词叙录,文学学部.古典文学.诗文评、研究著作
艺苑卮言,文学学部.古典文学.诗文评、研究著作
曲律,文学学部.古典文学.诗文评、研究著作
艺圃撷余,文学学部.古典文学.诗文评、研究著作
顾曲杂言,文学学部.古典文学.诗文评、研究著作
曲品,文学学部.古典文学.诗文评、研究著作
诗薮,文学学部.古典文学.诗文评、研究著作
唐音癸签,文学学部.古典文学.诗文评、研究著作
远山堂曲品剧品,文学学部.古典文学.诗文评、研究著作
列朝诗集小传,文学学部.古典文学.诗文评、研究著作
李笠翁曲话,文学学部.古典文学.诗文评、研究著作
围炉诗话,文学学部.古典文学.诗文评、研究著作
龙性堂诗话,文学学部.古典文学.诗文评、研究著作
新传奇品,文学学部.古典文学.诗文评、研究著作
载酒园诗话,文学学部.古典文学.诗文评、研究著作
诗筏,文学学部.古典文学.诗文评、研究著作
蠖斋诗话,文学学部.古典文学.诗文评、研究著作
薑斋诗话,文学学部.古典文学.诗文评、研究著作
诗辩坻,文学学部.古典文学.诗文评、研究著作
历代诗话,文学学部.古典文学.诗文评、研究著作
原诗,文学学部.古典文学.诗文评、研究著作
远志斋词衷,文学学部.古典文学.诗文评、研究著作
静志居诗话,文学学部.古典文学.诗文评、研究著作
古今词话,文学学部.古典文学.诗文评、研究著作
渔洋诗话,文学学部.古典文学.诗文评、研究著作
带经堂诗话,文学学部.古典文学.诗文评、研究著作
五代诗话,文学学部.古典文学.诗文评、研究著作
花草蒙拾,文学学部.古典文学.诗文评、研究著作
词苑丛谈,文学学部.古典文学.诗文评、研究著作
词学全书,文学学部.古典文学.诗文评、研究著作
柳亭诗话,文学学部.古典文学.诗文评、研究著作
师友诗传录,文学学部.古典文学.诗文评、研究著作
谈龙录,文学学部.古典文学.诗文评、研究著作
声调谱,文学学部.古典文学.诗文评、研究著作
曲海总目提要,文学学部.古典文学.诗文评、研究著作
说诗晬语,文学学部.古典文学.诗文评、研究著作
一瓢诗话,文学学部.古典文学.诗文评、研究著作
野鸿诗的,文学学部.古典文学.诗文评、研究著作
宋诗纪事,文学学部.古典文学.诗文评、研究著作
论文偶记,文学学部.古典文学.诗文评、研究著作
剑溪说诗,文学学部.古典文学.诗文评、研究著作
随园诗话,文学学部.古典文学.诗文评、研究著作
瓯北诗话,文学学部.古典文学.诗文评、研究著作
拜经楼诗话,文学学部.古典文学.诗文评、研究著作
历代诗话,文学学部.古典文学.诗文评、研究著作
石洲诗话,文学学部.古典文学.诗文评、研究著作
雨村诗话,文学学部.古典文学.诗文评、研究著作
雨村词话,文学学部.古典文学.诗文评、研究著作
雨村曲话,文学学部.古典文学.诗文评、研究著作
赋话,文学学部.古典文学.诗文评、研究著作
词林纪事,文学学部.古典文学.诗文评、研究著作
四六丛话,文学学部.古典文学.诗文评、研究著作
莲子居词话,文学学部.古典文学.诗文评、研究著作
北江诗话,文学学部.古典文学.诗文评、研究著作
词苑萃编,文学学部.古典文学.诗文评、研究著作
乾嘉诗坛点将录,文学学部.古典文学.诗文评、研究著作
剧说,文学学部.古典文学.诗文评、研究著作
灵芬馆词话,文学学部.古典文学.诗文评、研究著作
全唐文纪事,文学学部.古典文学.诗文评、研究著作
昭昧詹言,文学学部.古典文学.诗文评、研究著作
制义丛话,文学学部.古典文学.诗文评、研究著作
楹联丛话,文学学部.古典文学.诗文评、研究著作
初月楼古文绪论,文学学部.古典文学.诗文评、研究著作
国朝诗人征略,文学学部.古典文学.诗文评、研究著作
介存斋论词杂著,文学学部.古典文学.诗文评、研究著作
白华山人诗说,文学学部.古典文学.诗文评、研究著作
养一斋诗话,文学学部.古典文学.诗文评、研究著作
本事词,文学学部.古典文学.诗文评、研究著作
藤花亭曲话,文学学部.古典文学.诗文评、研究著作
射鹰楼诗话,文学学部.古典文学.诗文评、研究著作
芬陀利室词话,文学学部.古典文学.诗文评、研究著作
艺概,文学学部.古典文学.诗文评、研究著作
憩园词话,文学学部.古典文学.诗文评、研究著作
赌棋山庄词话,文学学部.古典文学.诗文评、研究著作
岘傭说诗,文学学部.古典文学.诗文评、研究著作
词余丛话,文学学部.古典文学.诗文评、研究著作
筱园诗话,文学学部.古典文学.诗文评、研究著作
明诗纪事,文学学部.古典文学.诗文评、研究著作
白雨斋词话,文学学部.古典文学.诗文评、研究著作
石遗室诗话,文学学部.古典文学.诗文评、研究著作
辽诗纪事,文学学部.古典文学.诗文评、研究著作
金诗纪事,文学学部.古典文学.诗文评、研究著作
元诗纪事,文学学部.古典文学.诗文评、研究著作
蕙风词话,文学学部.古典文学.诗文评、研究著作
词徵,文学学部.古典文学.诗文评、研究著作
听秋声馆词话,文学学部.古典文学.诗文评、研究著作
雪桥诗话,文学学部.古典文学.诗文评、研究著作
平等阁诗话,文学学部.古典文学.诗文评、研究著作
饮冰室诗话,文学学部.古典文学.诗文评、研究著作
国故论衡,文学学部.古典文学.诗文评、研究著作
历代诗话续编,文学学部.古典文学.诗文评、研究著作
清诗话,文学学部.古典文学.诗文评、研究著作
人间词话,文学学部.古典文学.诗文评、研究著作
清代闺阁诗人征略,文学学部.古典文学.诗文评、研究著作
桐城文学渊源考,文学学部.古典文学.诗文评、研究著作
宋元戏曲考,文学学部.古典文学.诗文评、研究著作
中国小说史略,文学学部.古典文学.诗文评、研究著作
汉文学史纲要,文学学部.古典文学.诗文评、研究著作
中国戏曲概论,文学学部.古典文学.诗文评、研究著作
白话文学史,文学学部.古典文学.诗文评、研究著作
词曲史,文学学部.古典文学.诗文评、研究著作
词史,文学学部.古典文学.诗文评、研究著作
中国诗史,文学学部.古典文学.诗文评、研究著作
插图本中国文学史,文学学部.古典文学.诗文评、研究著作
中国韵文史,文学学部.古典文学.诗文评、研究著作
中国骈文史,文学学部.古典文学.诗文评、研究著作
中国散文史,文学学部.古典文学.诗文评、研究著作
中国俗文学史,文学学部.古典文学.诗文评、研究著作
清诗纪事初编,文学学部.古典文学.诗文评、研究著作
宋诗话辑佚,文学学部.古典文学.诗文评、研究著作
词话丛编,文学学部.古典文学.诗文评、研究著作
清诗话续编,文学学部.古典文学.诗文评、研究著作
清诗纪事,文学学部.古典文学.诗文评、研究著作
宋诗话全编,文学学部.古典文学.诗文评、研究著作
明诗话全编,文学学部.古典文学.诗文评、研究著作
诗韵集成,文学学部.古典文学.诗文评、研究著作
诗韵合璧,文学学部.古典文学.诗文评、研究著作
词林正韵,文学学部.古典文学.诗文评、研究著作
词律,文学学部.古典文学.诗文评、研究著作
词谱,文学学部.古典文学.诗文评、研究著作
白香词谱,文学学部.古典文学.诗文评、研究著作
南九宫十三调曲谱,文学学部.古典文学.诗文评、研究著作
南词新谱,文学学部.古典文学.诗文评、研究著作
北词广正谱,文学学部.古典文学.诗文评、研究著作
钦定曲谱,文学学部.古典文学.诗文评、研究著作
九宫大成南北词宫谱,文学学部.古典文学.诗文评、研究著作
纳书楹曲谱,文学学部.古典文学.诗文评、研究著作
南北词简谱,文学学部.古典文学.诗文评、研究著作
击壤歌,文学学部.古典文学.诗文篇名　乐府诗题
南风歌,文学学部.古典文学.诗文篇名　乐府诗题
卿云歌,文学学部.古典文学.诗文篇名　乐府诗题
采薇歌,文学学部.古典文学.诗文篇名　乐府诗题
麦秀歌,文学学部.古典文学.诗文篇名　乐府诗题
孺子歌,文学学部.古典文学.诗文篇名　乐府诗题
沧浪歌,文学学部.古典文学.诗文篇名　乐府诗题
祈招,文学学部.古典文学.诗文篇名　乐府诗题
黄竹诗,文学学部.古典文学.诗文篇名　乐府诗题
越人歌,文学学部.古典文学.诗文篇名　乐府诗题
饭牛歌,文学学部.古典文学.诗文篇名　乐府诗题
扣角歌,文学学部.古典文学.诗文篇名　乐府诗题
秋水,文学学部.古典文学.诗文篇名　乐府诗题
弹歌,文学学部.古典文学.诗文篇名　乐府诗题
劝学,文学学部.古典文学.诗文篇名　乐府诗题
成相,文学学部.古典文学.诗文篇名　乐府诗题
赋篇,文学学部.古典文学.诗文篇名　乐府诗题
五蠹,文学学部.古典文学.诗文篇名　乐府诗题
风赋,文学学部.古典文学.诗文篇名　乐府诗题
易水歌,文学学部.古典文学.诗文篇名　乐府诗题
谏逐客书,文学学部.古典文学.诗文篇名　乐府诗题
垓下歌,文学学部.古典文学.诗文篇名　乐府诗题
大风歌,文学学部.古典文学.诗文篇名　乐府诗题
鸿鹄歌,文学学部.古典文学.诗文篇名　乐府诗题
戚夫人歌,文学学部.古典文学.诗文篇名　乐府诗题
永巷歌,文学学部.古典文学.诗文篇名　乐府诗题
过秦论,文学学部.古典文学.诗文篇名　乐府诗题
█鸟赋,文学学部.古典文学.诗文篇名　乐府诗题
论积贮疏,文学学部.古典文学.诗文篇名　乐府诗题
吊屈原赋,文学学部.古典文学.诗文篇名　乐府诗题
论贵粟疏,文学学部.古典文学.诗文篇名　乐府诗题
七发,文学学部.古典文学.诗文篇名　乐府诗题
秋风辞,文学学部.古典文学.诗文篇名　乐府诗题
悲愁歌,文学学部.古典文学.诗文篇名　乐府诗题
子虚赋,文学学部.古典文学.诗文篇名　乐府诗题
上林赋,文学学部.古典文学.诗文篇名　乐府诗题
大人赋,文学学部.古典文学.诗文篇名　乐府诗题
报任少卿书,文学学部.古典文学.诗文篇名　乐府诗题
悲士不遇赋,文学学部.古典文学.诗文篇名　乐府诗题
报孙会宗书,文学学部.古典文学.诗文篇名　乐府诗题
黄鹄歌,文学学部.古典文学.诗文篇名　乐府诗题
僮约,文学学部.古典文学.诗文篇名　乐府诗题
甘泉赋,文学学部.古典文学.诗文篇名　乐府诗题
剧秦美新,文学学部.古典文学.诗文篇名　乐府诗题
逐贫赋,文学学部.古典文学.诗文篇名　乐府诗题
怨诗,文学学部.古典文学.诗文篇名　乐府诗题
遂初赋,文学学部.古典文学.诗文篇名　乐府诗题
神乌傅,文学学部.古典文学.诗文篇名　乐府诗题
北征赋,文学学部.古典文学.诗文篇名　乐府诗题
两都赋,文学学部.古典文学.诗文篇名　乐府诗题
五噫歌,文学学部.古典文学.诗文篇名　乐府诗题
二京赋,文学学部.古典文学.诗文篇名　乐府诗题
归田赋,文学学部.古典文学.诗文篇名　乐府诗题
四愁诗,文学学部.古典文学.诗文篇名　乐府诗题
同声歌,文学学部.古典文学.诗文篇名　乐府诗题
青衣赋,文学学部.古典文学.诗文篇名　乐府诗题
绝交论,文学学部.古典文学.诗文篇名　乐府诗题
刺世疾邪赋,文学学部.古典文学.诗文篇名　乐府诗题
章华台赋,文学学部.古典文学.诗文篇名　乐府诗题
室思,文学学部.古典文学.诗文篇名　乐府诗题
鹦鹉赋,文学学部.古典文学.诗文篇名　乐府诗题
定情诗,文学学部.古典文学.诗文篇名　乐府诗题
董娇饶,文学学部.古典文学.诗文篇名　乐府诗题
上山采蘼芜,文学学部.古典文学.诗文篇名　乐府诗题
古诗十九首,文学学部.古典文学.诗文篇名　乐府诗题
悲愤诗,文学学部.古典文学.诗文篇名　乐府诗题
郊庙歌,文学学部.古典文学.诗文篇名　乐府诗题
郊祀歌,文学学部.古典文学.诗文篇名　乐府诗题
练时日,文学学部.古典文学.诗文篇名　乐府诗题
象载瑜,文学学部.古典文学.诗文篇名　乐府诗题
赤雁歌,文学学部.古典文学.诗文篇名　乐府诗题
安世房中歌,文学学部.古典文学.诗文篇名　乐府诗题
安世乐,文学学部.古典文学.诗文篇名　乐府诗题
燕射歌,文学学部.古典文学.诗文篇名　乐府诗题
鼓吹曲,文学学部.古典文学.诗文篇名　乐府诗题
铙歌,文学学部.古典文学.诗文篇名　乐府诗题
短箫铙歌,文学学部.古典文学.诗文篇名　乐府诗题
思悲翁,文学学部.古典文学.诗文篇名　乐府诗题
艾如张,文学学部.古典文学.诗文篇名　乐府诗题
上之回,文学学部.古典文学.诗文篇名　乐府诗题
战城南,文学学部.古典文学.诗文篇名　乐府诗题
巫山高,文学学部.古典文学.诗文篇名　乐府诗题
将进酒,文学学部.古典文学.诗文篇名　乐府诗题
君马黄,文学学部.古典文学.诗文篇名　乐府诗题
有所思,文学学部.古典文学.诗文篇名　乐府诗题
雉子班,文学学部.古典文学.诗文篇名　乐府诗题
上邪,文学学部.古典文学.诗文篇名　乐府诗题
横吹曲,文学学部.古典文学.诗文篇名　乐府诗题
出塞,文学学部.古典文学.诗文篇名　乐府诗题
折杨柳,文学学部.古典文学.诗文篇名　乐府诗题
关山月,文学学部.古典文学.诗文篇名　乐府诗题
紫骝马,文学学部.古典文学.诗文篇名　乐府诗题
鼓角横吹曲,文学学部.古典文学.诗文篇名　乐府诗题
企喻歌,文学学部.古典文学.诗文篇名　乐府诗题
琅琊王歌,文学学部.古典文学.诗文篇名　乐府诗题
陇头流水歌,文学学部.古典文学.诗文篇名　乐府诗题
捉搦歌,文学学部.古典文学.诗文篇名　乐府诗题
木兰诗,文学学部.古典文学.诗文篇名　乐府诗题
相和歌,文学学部.古典文学.诗文篇名　乐府诗题
箜篌引,文学学部.古典文学.诗文篇名　乐府诗题
公无渡河,文学学部.古典文学.诗文篇名　乐府诗题
江南曲,文学学部.古典文学.诗文篇名　乐府诗题
薤露、蒿里,文学学部.古典文学.诗文篇名　乐府诗题
蒿里,文学学部.古典文学.诗文篇名　乐府诗题
乌生八九子,文学学部.古典文学.诗文篇名　乐府诗题
平陵东,文学学部.古典文学.诗文篇名　乐府诗题
陌上桑,文学学部.古典文学.诗文篇名　乐府诗题
罗敷行,文学学部.古典文学.诗文篇名　乐府诗题
四弦曲,文学学部.古典文学.诗文篇名　乐府诗题
平调曲,文学学部.古典文学.诗文篇名　乐府诗题
长歌行,文学学部.古典文学.诗文篇名　乐府诗题
短歌行,文学学部.古典文学.诗文篇名　乐府诗题
猛虎行,文学学部.古典文学.诗文篇名　乐府诗题
君子行,文学学部.古典文学.诗文篇名　乐府诗题
燕歌行,文学学部.古典文学.诗文篇名　乐府诗题
从军行,文学学部.古典文学.诗文篇名　乐府诗题
鞠歌行,文学学部.古典文学.诗文篇名　乐府诗题
清调曲,文学学部.古典文学.诗文篇名　乐府诗题
苦寒行,文学学部.古典文学.诗文篇名　乐府诗题
豫章行,文学学部.古典文学.诗文篇名　乐府诗题
董逃行,文学学部.古典文学.诗文篇名　乐府诗题
董逃歌,文学学部.古典文学.诗文篇名　乐府诗题
相逢行,文学学部.古典文学.诗文篇名　乐府诗题
长安有狭斜行,文学学部.古典文学.诗文篇名　乐府诗题
秋胡行,文学学部.古典文学.诗文篇名　乐府诗题
瑟调曲,文学学部.古典文学.诗文篇名　乐府诗题
步出夏门行,文学学部.古典文学.诗文篇名　乐府诗题
西门行,文学学部.古典文学.诗文篇名　乐府诗题
东门行,文学学部.古典文学.诗文篇名　乐府诗题
饮马长城窟行,文学学部.古典文学.诗文篇名　乐府诗题
上留田行,文学学部.古典文学.诗文篇名　乐府诗题
妇病行,文学学部.古典文学.诗文篇名　乐府诗题
孤儿行,文学学部.古典文学.诗文篇名　乐府诗题
野田黄雀行,文学学部.古典文学.诗文篇名　乐府诗题
箜篌引,文学学部.古典文学.诗文篇名　乐府诗题
雁门太守行,文学学部.古典文学.诗文篇名　乐府诗题
门有车马客行,文学学部.古典文学.诗文篇名　乐府诗题
蜀道难,文学学部.古典文学.诗文篇名　乐府诗题
楚调曲,文学学部.古典文学.诗文篇名　乐府诗题
白头吟,文学学部.古典文学.诗文篇名　乐府诗题
泰山吟,文学学部.古典文学.诗文篇名　乐府诗题
梁甫吟,文学学部.古典文学.诗文篇名　乐府诗题
怨歌行,文学学部.古典文学.诗文篇名　乐府诗题
清商曲,文学学部.古典文学.诗文篇名　乐府诗题
吴声歌曲,文学学部.古典文学.诗文篇名　乐府诗题
子夜歌,文学学部.古典文学.诗文篇名　乐府诗题
丁督护歌,文学学部.古典文学.诗文篇名　乐府诗题
团扇歌,文学学部.古典文学.诗文篇名　乐府诗题
碧玉歌,文学学部.古典文学.诗文篇名　乐府诗题
懊侬歌,文学学部.古典文学.诗文篇名　乐府诗题
华山畿,文学学部.古典文学.诗文篇名　乐府诗题
读曲歌,文学学部.古典文学.诗文篇名　乐府诗题
春江花月夜,文学学部.古典文学.诗文篇名　乐府诗题
玉树后庭花,文学学部.古典文学.诗文篇名　乐府诗题
黄竹子歌,文学学部.古典文学.诗文篇名　乐府诗题
神弦歌,文学学部.古典文学.诗文篇名　乐府诗题
青溪小姑曲,文学学部.古典文学.诗文篇名　乐府诗题
西曲歌,文学学部.古典文学.诗文篇名　乐府诗题
石城乐,文学学部.古典文学.诗文篇名　乐府诗题
乌夜啼,文学学部.古典文学.诗文篇名　乐府诗题
乌栖曲,文学学部.古典文学.诗文篇名　乐府诗题
莫愁乐,文学学部.古典文学.诗文篇名　乐府诗题
估客乐,文学学部.古典文学.诗文篇名　乐府诗题
襄阳乐,文学学部.古典文学.诗文篇名　乐府诗题
杨叛儿,文学学部.古典文学.诗文篇名　乐府诗题
江南弄,文学学部.古典文学.诗文篇名　乐府诗题
采莲曲,文学学部.古典文学.诗文篇名　乐府诗题
采菱曲,文学学部.古典文学.诗文篇名　乐府诗题
舞曲,文学学部.古典文学.诗文篇名　乐府诗题
白纻歌,文学学部.古典文学.诗文篇名　乐府诗题
俳歌辞,文学学部.古典文学.诗文篇名　乐府诗题
琴曲,文学学部.古典文学.诗文篇名　乐府诗题
昭君怨,文学学部.古典文学.诗文篇名　乐府诗题
胡笳十八拍,文学学部.古典文学.诗文篇名　乐府诗题
凤求凰,文学学部.古典文学.诗文篇名　乐府诗题
杂曲,文学学部.古典文学.诗文篇名　乐府诗题
秦女休行,文学学部.古典文学.诗文篇名　乐府诗题
伤歌行,文学学部.古典文学.诗文篇名　乐府诗题
悲哉行,文学学部.古典文学.诗文篇名　乐府诗题
羽林郎,文学学部.古典文学.诗文篇名　乐府诗题
白马篇,文学学部.古典文学.诗文篇名　乐府诗题
缓声歌,文学学部.古典文学.诗文篇名　乐府诗题
游子吟,文学学部.古典文学.诗文篇名　乐府诗题
行路难,文学学部.古典文学.诗文篇名　乐府诗题
古别离,文学学部.古典文学.诗文篇名　乐府诗题
西洲曲,文学学部.古典文学.诗文篇名　乐府诗题
长干曲,文学学部.古典文学.诗文篇名　乐府诗题
古诗为焦仲卿妻作,文学学部.古典文学.诗文篇名　乐府诗题
孔雀东南飞,文学学部.古典文学.诗文篇名　乐府诗题
近代曲,文学学部.古典文学.诗文篇名　乐府诗题
昔昔盐,文学学部.古典文学.诗文篇名　乐府诗题
凉州词,文学学部.古典文学.诗文篇名　乐府诗题
渭城曲,文学学部.古典文学.诗文篇名　乐府诗题
竹枝,文学学部.古典文学.诗文篇名　乐府诗题
竹枝词,文学学部.古典文学.诗文篇名　乐府诗题
杨柳枝,文学学部.古典文学.诗文篇名　乐府诗题
金缕衣,文学学部.古典文学.诗文篇名　乐府诗题
欸乃曲,文学学部.古典文学.诗文篇名　乐府诗题
敕勒歌,文学学部.古典文学.诗文篇名　乐府诗题
百一诗,文学学部.古典文学.诗文篇名　乐府诗题
陈情表,文学学部.古典文学.诗文篇名　乐府诗题
景福殿赋,文学学部.古典文学.诗文篇名　乐府诗题
大人先生传,文学学部.古典文学.诗文篇名　乐府诗题
咏怀诗,文学学部.古典文学.诗文篇名　乐府诗题
与山巨源绝交书,文学学部.古典文学.诗文篇名　乐府诗题
幽愤诗,文学学部.古典文学.诗文篇名　乐府诗题
思旧赋,文学学部.古典文学.诗文篇名　乐府诗题
海赋,文学学部.古典文学.诗文篇名　乐府诗题
碣石篇,文学学部.古典文学.诗文篇名　乐府诗题
登楼赋,文学学部.古典文学.诗文篇名　乐府诗题
七哀诗,文学学部.古典文学.诗文篇名　乐府诗题
出师表,文学学部.古典文学.诗文篇名　乐府诗题
三都赋,文学学部.古典文学.诗文篇名　乐府诗题
情诗,文学学部.古典文学.诗文篇名　乐府诗题
补亡诗,文学学部.古典文学.诗文篇名　乐府诗题
闲居赋,文学学部.古典文学.诗文篇名　乐府诗题
吊魏武帝文,文学学部.古典文学.诗文篇名　乐府诗题
豪士赋,文学学部.古典文学.诗文篇名　乐府诗题
赴洛道中作,文学学部.古典文学.诗文篇名　乐府诗题
王明君辞,文学学部.古典文学.诗文篇名　乐府诗题
盘中诗,文学学部.古典文学.诗文篇名　乐府诗题
归去来兮辞,文学学部.古典文学.诗文篇名　乐府诗题
桃花源记,文学学部.古典文学.诗文篇名　乐府诗题
登池上楼,文学学部.古典文学.诗文篇名　乐府诗题
雪赋,文学学部.古典文学.诗文篇名　乐府诗题
五君咏,文学学部.古典文学.诗文篇名　乐府诗题
芜城赋,文学学部.古典文学.诗文篇名　乐府诗题
拟行路难,文学学部.古典文学.诗文篇名　乐府诗题
登大雷岸与妹书,文学学部.古典文学.诗文篇名　乐府诗题
月赋,文学学部.古典文学.诗文篇名　乐府诗题
北山移文,文学学部.古典文学.诗文篇名　乐府诗题
晚登三山还望京邑,文学学部.古典文学.诗文篇名　乐府诗题
玉阶怨,文学学部.古典文学.诗文篇名　乐府诗题
东飞伯劳歌,文学学部.古典文学.诗文篇名　乐府诗题
河中之水歌,文学学部.古典文学.诗文篇名　乐府诗题
别赋,文学学部.古典文学.诗文篇名　乐府诗题
恨赋,文学学部.古典文学.诗文篇名　乐府诗题
答谢中书书,文学学部.古典文学.诗文篇名　乐府诗题
六忆,文学学部.古典文学.诗文篇名　乐府诗题
广绝交论,文学学部.古典文学.诗文篇名　乐府诗题
与陈伯之书,文学学部.古典文学.诗文篇名　乐府诗题
与朱元思书,文学学部.古典文学.诗文篇名　乐府诗题
拟咏怀,文学学部.古典文学.诗文篇名　乐府诗题
哀江南赋,文学学部.古典文学.诗文篇名　乐府诗题
捣衣诗,文学学部.古典文学.诗文篇名　乐府诗题
滕王阁序,文学学部.古典文学.诗文篇名　乐府诗题
大慈恩寺三藏法师传,文学学部.古典文学.诗文篇名　乐府诗题
八哀诗,文学学部.古典文学.诗文篇名　乐府诗题
三吏三别,文学学部.古典文学.诗文篇名　乐府诗题
北邙行,文学学部.古典文学.诗文篇名　乐府诗题
师说,文学学部.古典文学.诗文篇名　乐府诗题
新乐府,文学学部.古典文学.诗文篇名　乐府诗题
秦中吟,文学学部.古典文学.诗文篇名　乐府诗题
长恨歌,文学学部.古典文学.诗文篇名　乐府诗题
琵琶行,文学学部.古典文学.诗文篇名　乐府诗题
封建论,文学学部.古典文学.诗文篇名　乐府诗题
三戒,文学学部.古典文学.诗文篇名　乐府诗题
永州八记,文学学部.古典文学.诗文篇名　乐府诗题
连昌宫词,文学学部.古典文学.诗文篇名　乐府诗题
阿房宫赋,文学学部.古典文学.诗文篇名　乐府诗题
津阳门诗,文学学部.古典文学.诗文篇名　乐府诗题
秦妇吟,文学学部.古典文学.诗文篇名　乐府诗题
岳阳楼记,文学学部.古典文学.诗文篇名　乐府诗题
醉翁亭记,文学学部.古典文学.诗文篇名　乐府诗题
赤壁赋,文学学部.古典文学.诗文篇名　乐府诗题
正气歌,文学学部.古典文学.诗文篇名　乐府诗题
西台恸哭记,文学学部.古典文学.诗文篇名　乐府诗题
论诗三十首,文学学部.古典文学.诗文篇名　乐府诗题
二鬼,文学学部.古典文学.诗文篇名　乐府诗题
送东阳马生序,文学学部.古典文学.诗文篇名　乐府诗题
青丘子歌,文学学部.古典文学.诗文篇名　乐府诗题
项脊轩记,文学学部.古典文学.诗文篇名　乐府诗题
报刘一丈书,文学学部.古典文学.诗文篇名　乐府诗题
袁江流钤山冈当庐江小吏行,文学学部.古典文学.诗文篇名　乐府诗题
徐文长传,文学学部.古典文学.诗文篇名　乐府诗题
五人墓碑记,文学学部.古典文学.诗文篇名　乐府诗题
后秋兴,文学学部.古典文学.诗文篇名　乐府诗题
圆圆曲,文学学部.古典文学.诗文篇名　乐府诗题
李姬传,文学学部.古典文学.诗文篇名　乐府诗题
大铁椎传,文学学部.古典文学.诗文篇名　乐府诗题
秋柳,文学学部.古典文学.诗文篇名　乐府诗题
左忠毅公逸事,文学学部.古典文学.诗文篇名　乐府诗题
登泰山记,文学学部.古典文学.诗文篇名　乐府诗题
哀盐船文,文学学部.古典文学.诗文篇名　乐府诗题
都门秋思,文学学部.古典文学.诗文篇名　乐府诗题
己亥杂诗,文学学部.古典文学.诗文篇名　乐府诗题
病梅馆记,文学学部.古典文学.诗文篇名　乐府诗题
今别离,文学学部.古典文学.诗文篇名　乐府诗题
云谣集杂曲子,文学学部.古典文学.词　集
花间集,文学学部.古典文学.词　集
尊前集,文学学部.古典文学.词　集
敦煌曲子词集,文学学部.古典文学.词　集
敦煌歌辞总编,文学学部.古典文学.词　集
乐府雅词,文学学部.古典文学.词　集
梅苑,文学学部.古典文学.词　集
阳春白雪,文学学部.古典文学.词　集
花庵词选,文学学部.古典文学.词　集
草堂诗余,文学学部.古典文学.词　集
绝妙好词,文学学部.古典文学.词　集
中州乐府,文学学部.古典文学.词　集
百家词,文学学部.古典文学.词　集
花草粹编,文学学部.古典文学.词　集
宋六十名家词,文学学部.古典文学.词　集
词综,文学学部.古典文学.词　集
历代诗余,文学学部.古典文学.词　集
词选,文学学部.古典文学.词　集
宋四家词选,文学学部.古典文学.词　集
宋元名家词,文学学部.古典文学.词　集
四印斋所刻词,文学学部.古典文学.词　集
彊村丛书,文学学部.古典文学.词　集
宋词三百首,文学学部.古典文学.词　集
影刊宋金元明本词,文学学部.古典文学.词　集
全宋词,文学学部.古典文学.词　集
全金元词,文学学部.古典文学.词　集
类编笺释国朝诗余,文学学部.古典文学.词　集
兰皋明词汇选,文学学部.古典文学.词　集
明词综,文学学部.古典文学.词　集
明词汇刊,文学学部.古典文学.词　集
全明词,文学学部.古典文学.词　集
倚声初集,文学学部.古典文学.词　集
国朝名家诗余,文学学部.古典文学.词　集
今词初集,文学学部.古典文学.词　集
浙西六家词,文学学部.古典文学.词　集
百名家词钞,文学学部.古典文学.词　集
瑶华集,文学学部.古典文学.词　集
众香词,文学学部.古典文学.词　集
国朝词综,文学学部.古典文学.词　集
国朝词综续编,文学学部.古典文学.词　集
清词综补,文学学部.古典文学.词　集
箧中词,文学学部.古典文学.词　集
小檀栾室汇刻闺秀词,文学学部.古典文学.词　集
广箧中词,文学学部.古典文学.词　集
清名家词,文学学部.古典文学.词　集
清词综补遗,文学学部.古典文学.词　集
全清词钞,文学学部.古典文学.词　集
全清词,文学学部.古典文学.词　集
阳春集,文学学部.古典文学.词　集
南唐二主词,文学学部.古典文学.词　集
乐章集,文学学部.古典文学.词　集
张子野词,文学学部.古典文学.词　集
安陆集,文学学部.古典文学.词　集
珠玉词,文学学部.古典文学.词　集
欧阳文忠公近体乐府,文学学部.古典文学.词　集
六一词,文学学部.古典文学.词　集
东坡乐府,文学学部.古典文学.词　集
小山词,文学学部.古典文学.词　集
山谷琴趣外篇,文学学部.古典文学.词　集
淮海居士长短句,文学学部.古典文学.词　集
东山词,文学学部.古典文学.词　集
晁氏琴趣外篇,文学学部.古典文学.词　集
溪堂词,文学学部.古典文学.词　集
清真集,文学学部.古典文学.词　集
片玉集,文学学部.古典文学.词　集
东堂词,文学学部.古典文学.词　集
阳春集,文学学部.古典文学.词　集
石林词,文学学部.古典文学.词　集
樵歌,文学学部.古典文学.词　集
竹坡词,文学学部.古典文学.词　集
漱玉词,文学学部.古典文学.词　集
酒边词,文学学部.古典文学.词　集
芦川词,文学学部.古典文学.词　集
断肠词,文学学部.古典文学.词　集
放翁词,文学学部.古典文学.词　集
于湖先生长短句,文学学部.古典文学.词　集
稼轩长短句,文学学部.古典文学.词　集
龙川词,文学学部.古典文学.词　集
龙洲词,文学学部.古典文学.词　集
白石道人歌曲,文学学部.古典文学.词　集
梅溪词,文学学部.古典文学.词　集
后村长短句,文学学部.古典文学.词　集
梦窗词,文学学部.古典文学.词　集
须溪词,文学学部.古典文学.词　集
草窗词,文学学部.古典文学.词　集
蘋洲渔笛谱,文学学部.古典文学.词　集
竹山词,文学学部.古典文学.词　集
花外集,文学学部.古典文学.词　集
山中白云词,文学学部.古典文学.词　集
玉田词,文学学部.古典文学.词　集
遗山乐府,文学学部.古典文学.词　集
藏春词,文学学部.古典文学.词　集
瓢泉词,文学学部.古典文学.词　集
天籁集,文学学部.古典文学.词　集
秋涧乐府,文学学部.古典文学.词　集
青崖词,文学学部.古典文学.词　集
牧庵词,文学学部.古典文学.词　集
西岩词,文学学部.古典文学.词　集
中庵乐府,文学学部.古典文学.词　集
无弦琴谱,文学学部.古典文学.词　集
樵庵词,文学学部.古典文学.词　集
雪楼乐府,文学学部.古典文学.词　集
松雪词,文学学部.古典文学.词　集
古山乐府,文学学部.古典文学.词　集
道园乐府,文学学部.古典文学.词　集
贞居词,文学学部.古典文学.词　集
此山先生乐府,文学学部.古典文学.词　集
圭塘乐府,文学学部.古典文学.词　集
蜕岩词,文学学部.古典文学.词　集
燕石近体乐府,文学学部.古典文学.词　集
龟巢词,文学学部.古典文学.词　集
天锡词,文学学部.古典文学.词　集
蚁术词选,文学学部.古典文学.词　集
石门词,文学学部.古典文学.词　集
诚意伯词,文学学部.古典文学.词　集
眉庵词,文学学部.古典文学.词　集
扣舷集,文学学部.古典文学.词　集
乐府遗音,文学学部.古典文学.词　集
草堂余意,文学学部.古典文学.词　集
碧山诗余,文学学部.古典文学.词　集
水南词,文学学部.古典文学.词　集
内台词,文学学部.古典文学.词　集
桂洲集,文学学部.古典文学.词　集
升庵长短句,文学学部.古典文学.词　集
玉霄仙明珠集,文学学部.古典文学.词　集
二余词,文学学部.古典文学.词　集
弇州山人词,文学学部.古典文学.词　集
芳芷栖词,文学学部.古典文学.词　集
秋水庵花影词,文学学部.古典文学.词　集
徐卓晤歌,文学学部.古典文学.词　集
秋佳轩诗余,文学学部.古典文学.词　集
陈忠裕公词,文学学部.古典文学.词　集
梅里词,文学学部.古典文学.词　集
蓼斋词,文学学部.古典文学.词　集
梅村词,文学学部.古典文学.词　集
静惕堂词,文学学部.古典文学.词　集
二乡亭词,文学学部.古典文学.词　集
遍行堂词,文学学部.古典文学.词　集
拙政园诗余,文学学部.古典文学.词　集
鼓棹集,文学学部.古典文学.词　集
东江诗余,文学学部.古典文学.词　集
毛翰林词,文学学部.古典文学.词　集
迦陵词,文学学部.古典文学.词　集
曝书亭词,文学学部.古典文学.词　集
道援堂词,文学学部.古典文学.词　集
珂雪词,文学学部.古典文学.词　集
衍波词,文学学部.古典文学.词　集
秋锦山房词,文学学部.古典文学.词　集
苍梧词,文学学部.古典文学.词　集
弹指词,文学学部.古典文学.词　集
耒边词,文学学部.古典文学.词　集
纳兰词,文学学部.古典文学.词　集
樊榭山房词,文学学部.古典文学.词　集
媕雅堂词,文学学部.古典文学.词　集
铜弦词,文学学部.古典文学.词　集
曼香词,文学学部.古典文学.词　集
有正味斋词,文学学部.古典文学.词　集
竹眠词,文学学部.古典文学.词　集
茗柯词,文学学部.古典文学.词　集
立山词,文学学部.古典文学.词　集
灵芬馆词,文学学部.古典文学.词　集
柯家山馆词,文学学部.古典文学.词　集
玉壶山房词选,文学学部.古典文学.词　集
双研斋词钞,文学学部.古典文学.词　集
味隽斋词,文学学部.古典文学.词　集
齐物论斋词,文学学部.古典文学.词　集
拜石山房词钞,文学学部.古典文学.词　集
心日斋词,文学学部.古典文学.词　集
定庵词,文学学部.古典文学.词　集
忆云词,文学学部.古典文学.词　集
香雪庐词,文学学部.古典文学.词　集
东海渔歌,文学学部.古典文学.词　集
疏影楼词,文学学部.古典文学.词　集
芬陀利室词,文学学部.古典文学.词　集
忆江南馆词,文学学部.古典文学.词　集
冰蚕词,文学学部.古典文学.词　集
水云楼词,文学学部.古典文学.词　集
藤香馆词,文学学部.古典文学.词　集
空青馆词稿,文学学部.古典文学.词　集
东鸥草堂词,文学学部.古典文学.词　集
新蘅词,文学学部.古典文学.词　集
中白词,文学学部.古典文学.词　集
复堂词,文学学部.古典文学.词　集
蒿庵词,文学学部.古典文学.词　集
半塘定稿,文学学部.古典文学.词　集
樵风乐府,文学学部.古典文学.词　集
云起轩词钞,文学学部.古典文学.词　集
彊村语业,文学学部.古典文学.词　集
蕙风词,文学学部.古典文学.词　集
摩西词,文学学部.古典文学.词　集
海绡词,文学学部.古典文学.词　集
遁庵乐府,文学学部.古典文学.词　集
观堂长短句,文学学部.古典文学.词　集
晓珠词,文学学部.古典文学.词　集
玉琤琮馆词,文学学部.古典文学.词　集
霜厓词,文学学部.古典文学.词　集
元刊杂剧三十种,文学学部.古典文学.戏　曲
永乐大典戏文三种,文学学部.古典文学.戏　曲
元曲选,文学学部.古典文学.戏　曲
息机子元人杂剧选,文学学部.古典文学.戏　曲
脉望馆钞校本古今杂剧,文学学部.古典文学.戏　曲
孤本元明杂剧,文学学部.古典文学.戏　曲
盛明杂剧,文学学部.古典文学.戏　曲
杂剧新编,文学学部.古典文学.戏　曲
六十种曲,文学学部.古典文学.戏　曲
古今名剧合选,文学学部.古典文学.戏　曲
醉怡情,文学学部.古典文学.戏　曲
缀白裘,文学学部.古典文学.戏　曲
大明春,文学学部.古典文学.戏　曲
雍熙乐府,文学学部.古典文学.戏　曲
盛世新声,文学学部.古典文学.戏　曲
词林摘艳,文学学部.古典文学.戏　曲
时调青昆,文学学部.古典文学.戏　曲
怡春锦,文学学部.古典文学.戏　曲
群音类选,文学学部.古典文学.戏　曲
吴歈萃雅,文学学部.古典文学.戏　曲
玉谷新簧,文学学部.古典文学.戏　曲
南音三籁,文学学部.古典文学.戏　曲
词林逸响,文学学部.古典文学.戏　曲
秋夜月,文学学部.古典文学.戏　曲
尧天乐,文学学部.古典文学.戏　曲
徽池雅调,文学学部.古典文学.戏　曲
词林一枝,文学学部.古典文学.戏　曲
青阳时调词林一枝,文学学部.古典文学.戏　曲
八能奏锦,文学学部.古典文学.戏　曲
车王府曲本,文学学部.古典文学.戏　曲
汇刻传剧,文学学部.古典文学.戏　曲
奢摩他室曲丛,文学学部.古典文学.戏　曲
清人杂剧,文学学部.古典文学.戏　曲
元人杂剧钩沉,文学学部.古典文学.戏　曲
宋元戏文辑佚,文学学部.古典文学.戏　曲
古本戏曲丛刊,文学学部.古典文学.戏　曲
元曲选外编,文学学部.古典文学.戏　曲
全元戏曲,文学学部.古典文学.戏　曲
曲江池,文学学部.古典文学.戏　曲
秋胡戏妻,文学学部.古典文学.戏　曲
竹坞听琴,文学学部.古典文学.戏　曲
燕青博鱼,文学学部.古典文学.戏　曲
潇湘夜雨,文学学部.古典文学.戏　曲
酷寒亭,文学学部.古典文学.戏　曲
单刀会,文学学部.古典文学.戏　曲
拜月亭,文学学部.古典文学.戏　曲
调风月,文学学部.古典文学.戏　曲
谢天香,文学学部.古典文学.戏　曲
救风尘,文学学部.古典文学.戏　曲
望江亭,文学学部.古典文学.戏　曲
鲁斋郎,文学学部.古典文学.戏　曲
窦娥冤,文学学部.古典文学.戏　曲
梧桐雨,文学学部.古典文学.戏　曲
墙头马上,文学学部.古典文学.戏　曲
双献功,文学学部.古典文学.戏　曲
看钱奴,文学学部.古典文学.戏　曲
老生儿,文学学部.古典文学.戏　曲
西厢记,文学学部.古典文学.戏　曲
破窑记,文学学部.古典文学.戏　曲
汉宫秋,文学学部.古典文学.戏　曲
青衫泪,文学学部.古典文学.戏　曲
荐福碑,文学学部.古典文学.戏　曲
黄粱梦,文学学部.古典文学.戏　曲
柳毅传书,文学学部.古典文学.戏　曲
赵氏孤儿,文学学部.古典文学.戏　曲
风光好,文学学部.古典文学.戏　曲
张生煮海,文学学部.古典文学.戏　曲
贬黄州,文学学部.古典文学.戏　曲
魔合罗,文学学部.古典文学.戏　曲
红梨花,文学学部.古典文学.戏　曲
合汗衫,文学学部.古典文学.戏　曲
灰阑记,文学学部.古典文学.戏　曲
虎头牌,文学学部.古典文学.戏　曲
李逵负荆,文学学部.古典文学.戏　曲
留鞋记,文学学部.古典文学.戏　曲
东窗事犯,文学学部.古典文学.戏　曲
贬夜郎,文学学部.古典文学.戏　曲
范张鸡黍,文学学部.古典文学.戏　曲
王粲登楼,文学学部.古典文学.戏　曲
倩女离魂,文学学部.古典文学.戏　曲
追韩信,文学学部.古典文学.戏　曲
扬州梦,文学学部.古典文学.戏　曲
金钱记,文学学部.古典文学.戏　曲
东堂老,文学学部.古典文学.戏　曲
昊天塔,文学学部.古典文学.戏　曲
抱妆盒,文学学部.古典文学.戏　曲
陈州粜米,文学学部.古典文学.戏　曲
连环记,文学学部.古典文学.戏　曲
西游记,文学学部.古典文学.戏　曲
中山狼,文学学部.古典文学.戏　曲
四声猿,文学学部.古典文学.戏　曲
歌代啸,文学学部.古典文学.戏　曲
风流冢,文学学部.古典文学.戏　曲
通天台,文学学部.古典文学.戏　曲
临春阁,文学学部.古典文学.戏　曲
黑白卫,文学学部.古典文学.戏　曲
清平调,文学学部.古典文学.戏　曲
读离骚,文学学部.古典文学.戏　曲
坦庵四种,文学学部.古典文学.戏　曲
续离骚,文学学部.古典文学.戏　曲
明翠湖亭四韵事,文学学部.古典文学.戏　曲
四婵娟,文学学部.古典文学.戏　曲
灯月闲情,文学学部.古典文学.戏　曲
吟风阁杂剧,文学学部.古典文学.戏　曲
四弦秋,文学学部.古典文学.戏　曲
后四声猿,文学学部.古典文学.戏　曲
花间九奏,文学学部.古典文学.戏　曲
写心杂剧,文学学部.古典文学.戏　曲
苎萝梦,文学学部.古典文学.戏　曲
紫姑神,文学学部.古典文学.戏　曲
瓶笙馆修箫谱,文学学部.古典文学.戏　曲
藤花亭小四梦,文学学部.古典文学.戏　曲
乔影,文学学部.古典文学.戏　曲
补天石传奇,文学学部.古典文学.戏　曲
玉田春水轩杂剧,文学学部.古典文学.戏　曲
张协状元,文学学部.古典文学.戏　曲
小孙屠,文学学部.古典文学.戏　曲
宦门子弟错立身,文学学部.古典文学.戏　曲
荆钗记,文学学部.古典文学.戏　曲
白兔记,文学学部.古典文学.戏　曲
拜月亭,文学学部.古典文学.戏　曲
杀狗记,文学学部.古典文学.戏　曲
荆刘拜杀,文学学部.古典文学.戏　曲
破窑记,文学学部.古典文学.戏　曲
牧羊记,文学学部.古典文学.戏　曲
赵氏孤儿,文学学部.古典文学.戏　曲
琵琶记,文学学部.古典文学.戏　曲
金印记,文学学部.古典文学.戏　曲
八义记,文学学部.古典文学.戏　曲
彩楼记,文学学部.古典文学.戏　曲
连环记,文学学部.古典文学.戏　曲
千金记,文学学部.古典文学.戏　曲
绣襦记,文学学部.古典文学.戏　曲
玉玦记,文学学部.古典文学.戏　曲
明珠记,文学学部.古典文学.戏　曲
宝剑记,文学学部.古典文学.戏　曲
南西厢记,文学学部.古典文学.戏　曲
浣纱记,文学学部.古典文学.戏　曲
鸣凤记,文学学部.古典文学.戏　曲
窃符记,文学学部.古典文学.戏　曲
红拂记,文学学部.古典文学.戏　曲
紫钗记,文学学部.古典文学.戏　曲
牡丹亭,文学学部.古典文学.戏　曲
还魂记,文学学部.古典文学.戏　曲
南柯记,文学学部.古典文学.戏　曲
邯郸记,文学学部.古典文学.戏　曲
玉茗堂四梦,文学学部.古典文学.戏　曲
义侠记,文学学部.古典文学.戏　曲
属玉堂传奇,文学学部.古典文学.戏　曲
玉簪记,文学学部.古典文学.戏　曲
双烈记,文学学部.古典文学.戏　曲
惊鸿记,文学学部.古典文学.戏　曲
玉钗记,文学学部.古典文学.戏　曲
水浒记,文学学部.古典文学.戏　曲
红梨记,文学学部.古典文学.戏　曲
红梅记,文学学部.古典文学.戏　曲
鸾█记,文学学部.古典文学.戏　曲
狮吼记,文学学部.古典文学.戏　曲
东郭记,文学学部.古典文学.戏　曲
鸳鸯棒,文学学部.古典文学.戏　曲
燕子笺,文学学部.古典文学.戏　曲
西园记,文学学部.古典文学.戏　曲
粲花别墅五种,文学学部.古典文学.戏　曲
金锁记,文学学部.古典文学.戏　曲
和戎记,文学学部.古典文学.戏　曲
古城记,文学学部.古典文学.戏　曲
珍珠记,文学学部.古典文学.戏　曲
罗衫记,文学学部.古典文学.戏　曲
烂柯山,文学学部.古典文学.戏　曲
钵中莲,文学学部.古典文学.戏　曲
西楼记,文学学部.古典文学.戏　曲
赤松游,文学学部.古典文学.戏　曲
秣陵春,文学学部.古典文学.戏　曲
一捧雪,文学学部.古典文学.戏　曲
清忠谱,文学学部.古典文学.戏　曲
千钟禄,文学学部.古典文学.戏　曲
一人永占,文学学部.古典文学.戏　曲
风筝误,文学学部.古典文学.戏　曲
意中缘,文学学部.古典文学.戏　曲
奈何天,文学学部.古典文学.戏　曲
比目鱼,文学学部.古典文学.戏　曲
笠翁十种曲,文学学部.古典文学.戏　曲
如是观,文学学部.古典文学.戏　曲
醉菩提,文学学部.古典文学.戏　曲
虎囊弹,文学学部.古典文学.戏　曲
党人碑,文学学部.古典文学.戏　曲
钧天乐,文学学部.古典文学.戏　曲
十五贯,文学学部.古典文学.戏　曲
翡翠园,文学学部.古典文学.戏　曲
渔家乐,文学学部.古典文学.戏　曲
艳云亭,文学学部.古典文学.戏　曲
琥珀匙,文学学部.古典文学.戏　曲
竹叶舟,文学学部.古典文学.戏　曲
天马媒,文学学部.古典文学.戏　曲
广寒香,文学学部.古典文学.戏　曲
拥双艳三种曲,文学学部.古典文学.戏　曲
扬州梦,文学学部.古典文学.戏　曲
偷甲记,文学学部.古典文学.戏　曲
长生殿,文学学部.古典文学.戏　曲
桃花扇,文学学部.古典文学.戏　曲
小忽雷,文学学部.古典文学.戏　曲
容居堂三种曲,文学学部.古典文学.戏　曲
惺斋五种曲,文学学部.古典文学.戏　曲
梦中缘,文学学部.古典文学.戏　曲
玉燕堂四种曲,文学学部.古典文学.戏　曲
雷峰塔,文学学部.古典文学.戏　曲
芝龛记,文学学部.古典文学.戏　曲
转天心,文学学部.古典文学.戏　曲
双钉案,文学学部.古典文学.戏　曲
古柏堂传奇,文学学部.古典文学.戏　曲
升平宝筏,文学学部.古典文学.戏　曲
鼎峙春秋,文学学部.古典文学.戏　曲
昭代箫韶,文学学部.古典文学.戏　曲
旗亭记,文学学部.古典文学.戏　曲
临川梦,文学学部.古典文学.戏　曲
冬青树,文学学部.古典文学.戏　曲
藏园九种曲,文学学部.古典文学.戏　曲
才人福,文学学部.古典文学.戏　曲
红楼梦,文学学部.古典文学.戏　曲
繁华梦,文学学部.古典文学.戏　曲
味尘轩四种曲,文学学部.古典文学.戏　曲
帝女花,文学学部.古典文学.戏　曲
倚晴楼七种曲,文学学部.古典文学.戏　曲
玉狮堂十种曲,文学学部.古典文学.戏　曲
胭脂狱,文学学部.古典文学.戏　曲
碧声吟馆六种,文学学部.古典文学.戏　曲
梨花雪,文学学部.古典文学.戏　曲
再来人,文学学部.古典文学.戏　曲
坦园六种曲,文学学部.古典文学.戏　曲
鸳鸯梦,文学学部.古典文学.戏　曲
小蓬莱仙馆传奇,文学学部.古典文学.戏　曲
招隐居,文学学部.古典文学.戏　曲
悬岙猿,文学学部.古典文学.戏　曲
警黄钟,文学学部.古典文学.戏　曲
风洞山,文学学部.古典文学.戏　曲
六月霜,文学学部.古典文学.戏　曲
降魔变文,文学学部.古典文学.散曲　说唱文学
目连救母变文,文学学部.古典文学.散曲　说唱文学
大目乾连冥间救母变文,文学学部.古典文学.散曲　说唱文学
丑女缘起,文学学部.古典文学.散曲　说唱文学
维摩诘经讲经文,文学学部.古典文学.散曲　说唱文学
伍子胥变文,文学学部.古典文学.散曲　说唱文学
秋胡变文,文学学部.古典文学.散曲　说唱文学
捉季布传文,文学学部.古典文学.散曲　说唱文学
唐太宗入冥记,文学学部.古典文学.散曲　说唱文学
茶酒论,文学学部.古典文学.散曲　说唱文学
敦煌变文集,文学学部.古典文学.散曲　说唱文学
刘知远诸宫调,文学学部.古典文学.散曲　说唱文学
天宝遗事诸宫调,文学学部.古典文学.散曲　说唱文学
西厢记诸宫调,文学学部.古典文学.散曲　说唱文学
董西厢,文学学部.古典文学.散曲　说唱文学
乐府新声,文学学部.古典文学.散曲　说唱文学
梨园按试乐府新声,文学学部.古典文学.散曲　说唱文学
太平乐府,文学学部.古典文学.散曲　说唱文学
朝野新声太平乐府,文学学部.古典文学.散曲　说唱文学
阳春白雪,文学学部.古典文学.散曲　说唱文学
乐府新编阳春白雪,文学学部.古典文学.散曲　说唱文学
乐府群玉,文学学部.古典文学.散曲　说唱文学
类聚名贤乐府群玉,文学学部.古典文学.散曲　说唱文学
酸甜乐府,文学学部.古典文学.散曲　说唱文学
乐府群珠,文学学部.古典文学.散曲　说唱文学
南词韵选,文学学部.古典文学.散曲　说唱文学
南宫词纪,文学学部.古典文学.散曲　说唱文学
北宫词纪,文学学部.古典文学.散曲　说唱文学
太霞新奏,文学学部.古典文学.散曲　说唱文学
吴骚合编,文学学部.古典文学.散曲　说唱文学
散曲丛刊,文学学部.古典文学.散曲　说唱文学
全元散曲,文学学部.古典文学.散曲　说唱文学
全明散曲,文学学部.古典文学.散曲　说唱文学
全清散曲,文学学部.古典文学.散曲　说唱文学
东篱乐府,文学学部.古典文学.散曲　说唱文学
诗酒余音,文学学部.古典文学.散曲　说唱文学
云庄休居自适小乐府,文学学部.古典文学.散曲　说唱文学
梦符散曲,文学学部.古典文学.散曲　说唱文学
张小山北曲联乐府,文学学部.古典文学.散曲　说唱文学
小山乐府,文学学部.古典文学.散曲　说唱文学
酸斋乐府,文学学部.古典文学.散曲　说唱文学
甜斋乐府,文学学部.古典文学.散曲　说唱文学
小隐余音,文学学部.古典文学.散曲　说唱文学
笔花集,文学学部.古典文学.散曲　说唱文学
诚斋乐府,文学学部.古典文学.散曲　说唱文学
滑稽余韵,文学学部.古典文学.散曲　说唱文学
碧山乐府,文学学部.古典文学.散曲　说唱文学
王西楼乐府,文学学部.古典文学.散曲　说唱文学
沜东乐府,文学学部.古典文学.散曲　说唱文学
陶情乐府,文学学部.古典文学.散曲　说唱文学
唾窗绒,文学学部.古典文学.散曲　说唱文学
萧爽斋乐府,文学学部.古典文学.散曲　说唱文学
海浮山堂词稿,文学学部.古典文学.散曲　说唱文学
江东白苎,文学学部.古典文学.散曲　说唱文学
词脔,文学学部.古典文学.散曲　说唱文学
林石逸兴,文学学部.古典文学.散曲　说唱文学
鹤月瑶笙,文学学部.古典文学.散曲　说唱文学
芳茹园乐府,文学学部.古典文学.散曲　说唱文学
鞠通乐府,文学学部.古典文学.散曲　说唱文学
花影集,文学学部.古典文学.散曲　说唱文学
叶儿乐府,文学学部.古典文学.散曲　说唱文学
冬心先生自度曲,文学学部.古典文学.散曲　说唱文学
北乐府小令,文学学部.古典文学.散曲　说唱文学
有正味斋集南北曲,文学学部.古典文学.散曲　说唱文学
红豆曲,文学学部.古典文学.散曲　说唱文学
香销酒醒曲,文学学部.古典文学.散曲　说唱文学
江山风月谱散曲,文学学部.古典文学.散曲　说唱文学
挂枝儿,文学学部.古典文学.散曲　说唱文学
童痴一弄,文学学部.古典文学.散曲　说唱文学
山歌,文学学部.古典文学.散曲　说唱文学
夹竹桃,文学学部.古典文学.散曲　说唱文学
聊斋俚曲,文学学部.古典文学.散曲　说唱文学
霓裳续谱,文学学部.古典文学.散曲　说唱文学
白雪遗音,文学学部.古典文学.散曲　说唱文学
粤讴,文学学部.古典文学.散曲　说唱文学
天籁集,文学学部.古典文学.散曲　说唱文学
目连救母出离地狱升天宝卷,文学学部.古典文学.散曲　说唱文学
廿一史弹词,文学学部.古典文学.散曲　说唱文学
天雨花,文学学部.古典文学.散曲　说唱文学
再生缘,文学学部.古典文学.散曲　说唱文学
玉蜻蜓,文学学部.古典文学.散曲　说唱文学
榴花梦,文学学部.古典文学.散曲　说唱文学
义妖传,文学学部.古典文学.散曲　说唱文学
笔生花,文学学部.古典文学.散曲　说唱文学
描金凤,文学学部.古典文学.散曲　说唱文学
凤双飞,文学学部.古典文学.散曲　说唱文学
庚子国变弹词,文学学部.古典文学.散曲　说唱文学
南词小引,文学学部.古典文学.散曲　说唱文学
大唐秦王词话,文学学部.古典文学.散曲　说唱文学
木皮散人鼓词,文学学部.古典文学.散曲　说唱文学
万古愁,文学学部.古典文学.散曲　说唱文学
板桥道情,文学学部.古典文学.散曲　说唱文学
洄溪道情,文学学部.古典文学.散曲　说唱文学
百花亭,文学学部.古典文学.散曲　说唱文学
露泪缘,文学学部.古典文学.散曲　说唱文学
草诏敲牙,文学学部.古典文学.散曲　说唱文学
二荷花史,文学学部.古典文学.散曲　说唱文学
花笺记,文学学部.古典文学.散曲　说唱文学
论语,文学学部.古典文学.诸子散文　历史散文 笔记杂著　文言小说
晏子春秋,文学学部.古典文学.诸子散文　历史散文 笔记杂著　文言小说
庄子,文学学部.古典文学.诸子散文　历史散文 笔记杂著　文言小说
列子,文学学部.古典文学.诸子散文　历史散文 笔记杂著　文言小说
荀子,文学学部.古典文学.诸子散文　历史散文 笔记杂著　文言小说
孟子,文学学部.古典文学.诸子散文　历史散文 笔记杂著　文言小说
韩非子,文学学部.古典文学.诸子散文　历史散文 笔记杂著　文言小说
吕氏春秋,文学学部.古典文学.诸子散文　历史散文 笔记杂著　文言小说
国语,文学学部.古典文学.诸子散文　历史散文 笔记杂著　文言小说
左传,文学学部.古典文学.诸子散文　历史散文 笔记杂著　文言小说
战国策,文学学部.古典文学.诸子散文　历史散文 笔记杂著　文言小说
史记,文学学部.古典文学.诸子散文　历史散文 笔记杂著　文言小说
汉书,文学学部.古典文学.诸子散文　历史散文 笔记杂著　文言小说
山海经,文学学部.古典文学.诸子散文　历史散文 笔记杂著　文言小说
穆天子传,文学学部.古典文学.诸子散文　历史散文 笔记杂著　文言小说
说苑,文学学部.古典文学.诸子散文　历史散文 笔记杂著　文言小说
新序,文学学部.古典文学.诸子散文　历史散文 笔记杂著　文言小说
列仙传,文学学部.古典文学.诸子散文　历史散文 笔记杂著　文言小说
古今注,文学学部.古典文学.诸子散文　历史散文 笔记杂著　文言小说
燕丹子,文学学部.古典文学.诸子散文　历史散文 笔记杂著　文言小说
十洲记,文学学部.古典文学.诸子散文　历史散文 笔记杂著　文言小说
赵飞燕外传,文学学部.古典文学.诸子散文　历史散文 笔记杂著　文言小说
笑林,文学学部.古典文学.诸子散文　历史散文 笔记杂著　文言小说
列异传,文学学部.古典文学.诸子散文　历史散文 笔记杂著　文言小说
博物志,文学学部.古典文学.诸子散文　历史散文 笔记杂著　文言小说
神仙传,文学学部.古典文学.诸子散文　历史散文 笔记杂著　文言小说
西京杂记,文学学部.古典文学.诸子散文　历史散文 笔记杂著　文言小说
汉武帝内传,文学学部.古典文学.诸子散文　历史散文 笔记杂著　文言小说
拾遗记,文学学部.古典文学.诸子散文　历史散文 笔记杂著　文言小说
搜神记,文学学部.古典文学.诸子散文　历史散文 笔记杂著　文言小说
名士传,文学学部.古典文学.诸子散文　历史散文 笔记杂著　文言小说
灵鬼志,文学学部.古典文学.诸子散文　历史散文 笔记杂著　文言小说
郭子,文学学部.古典文学.诸子散文　历史散文 笔记杂著　文言小说
搜神后记,文学学部.古典文学.诸子散文　历史散文 笔记杂著　文言小说
语林,文学学部.古典文学.诸子散文　历史散文 笔记杂著　文言小说
世说新语,文学学部.古典文学.诸子散文　历史散文 笔记杂著　文言小说
幽明录,文学学部.古典文学.诸子散文　历史散文 笔记杂著　文言小说
宣验记,文学学部.古典文学.诸子散文　历史散文 笔记杂著　文言小说
异苑,文学学部.古典文学.诸子散文　历史散文 笔记杂著　文言小说
齐谐记,文学学部.古典文学.诸子散文　历史散文 笔记杂著　文言小说
妒记,文学学部.古典文学.诸子散文　历史散文 笔记杂著　文言小说
述异记,文学学部.古典文学.诸子散文　历史散文 笔记杂著　文言小说
集异记,文学学部.古典文学.诸子散文　历史散文 笔记杂著　文言小说
冥祥记,文学学部.古典文学.诸子散文　历史散文 笔记杂著　文言小说
稽神异苑,文学学部.古典文学.诸子散文　历史散文 笔记杂著　文言小说
汉武故事,文学学部.古典文学.诸子散文　历史散文 笔记杂著　文言小说
殷芸小说,文学学部.古典文学.诸子散文　历史散文 笔记杂著　文言小说
金楼子,文学学部.古典文学.诸子散文　历史散文 笔记杂著　文言小说
冥通记,文学学部.古典文学.诸子散文　历史散文 笔记杂著　文言小说
俗说,文学学部.古典文学.诸子散文　历史散文 笔记杂著　文言小说
汉武洞冥记,文学学部.古典文学.诸子散文　历史散文 笔记杂著　文言小说
荆楚岁时记,文学学部.古典文学.诸子散文　历史散文 笔记杂著　文言小说
续齐谐记,文学学部.古典文学.诸子散文　历史散文 笔记杂著　文言小说
神异经,文学学部.古典文学.诸子散文　历史散文 笔记杂著　文言小说
洛阳伽蓝记,文学学部.古典文学.诸子散文　历史散文 笔记杂著　文言小说
颜氏家训,文学学部.古典文学.诸子散文　历史散文 笔记杂著　文言小说
冤魂志,文学学部.古典文学.诸子散文　历史散文 笔记杂著　文言小说
谈薮,文学学部.古典文学.诸子散文　历史散文 笔记杂著　文言小说
古小说钩沉,文学学部.古典文学.诸子散文　历史散文 笔记杂著　文言小说
启颜录,文学学部.古典文学.诸子散文　历史散文 笔记杂著　文言小说
古镜记,文学学部.古典文学.诸子散文　历史散文 笔记杂著　文言小说
朝野佥载,文学学部.古典文学.诸子散文　历史散文 笔记杂著　文言小说
冥报记,文学学部.古典文学.诸子散文　历史散文 笔记杂著　文言小说
游仙窟,文学学部.古典文学.诸子散文　历史散文 笔记杂著　文言小说
纪闻,文学学部.古典文学.诸子散文　历史散文 笔记杂著　文言小说
教坊记,文学学部.古典文学.诸子散文　历史散文 笔记杂著　文言小说
隋唐嘉话,文学学部.古典文学.诸子散文　历史散文 笔记杂著　文言小说
封氏闻见记,文学学部.古典文学.诸子散文　历史散文 笔记杂著　文言小说
广异记,文学学部.古典文学.诸子散文　历史散文 笔记杂著　文言小说
大唐新语,文学学部.古典文学.诸子散文　历史散文 笔记杂著　文言小说
枕中记,文学学部.古典文学.诸子散文　历史散文 笔记杂著　文言小说
任氏传,文学学部.古典文学.诸子散文　历史散文 笔记杂著　文言小说
柳氏传,文学学部.古典文学.诸子散文　历史散文 笔记杂著　文言小说
柳毅传,文学学部.古典文学.诸子散文　历史散文 笔记杂著　文言小说
李娃传,文学学部.古典文学.诸子散文　历史散文 笔记杂著　文言小说
东城老父传,文学学部.古典文学.诸子散文　历史散文 笔记杂著　文言小说
霍小玉传,文学学部.古典文学.诸子散文　历史散文 笔记杂著　文言小说
莺莺传,文学学部.古典文学.诸子散文　历史散文 笔记杂著　文言小说
会真记,文学学部.古典文学.诸子散文　历史散文 笔记杂著　文言小说
集异记,文学学部.古典文学.诸子散文　历史散文 笔记杂著　文言小说
玄怪录,文学学部.古典文学.诸子散文　历史散文 笔记杂著　文言小说
次柳氏旧闻,文学学部.古典文学.诸子散文　历史散文 笔记杂著　文言小说
桯史,文学学部.古典文学.诸子散文　历史散文 笔记杂著　文言小说
续玄怪录,文学学部.古典文学.诸子散文　历史散文 笔记杂著　文言小说
刘宾客嘉话录,文学学部.古典文学.诸子散文　历史散文 笔记杂著　文言小说
唐国史补,文学学部.古典文学.诸子散文　历史散文 笔记杂著　文言小说
翰林志,文学学部.古典文学.诸子散文　历史散文 笔记杂著　文言小说
因话录,文学学部.古典文学.诸子散文　历史散文 笔记杂著　文言小说
酉阳杂俎,文学学部.古典文学.诸子散文　历史散文 笔记杂著　文言小说
卓异记,文学学部.古典文学.诸子散文　历史散文 笔记杂著　文言小说
甘泽谣,文学学部.古典文学.诸子散文　历史散文 笔记杂著　文言小说
红线传,文学学部.古典文学.诸子散文　历史散文 笔记杂著　文言小说
宣室志,文学学部.古典文学.诸子散文　历史散文 笔记杂著　文言小说
传奇,文学学部.古典文学.诸子散文　历史散文 笔记杂著　文言小说
裴航,文学学部.古典文学.诸子散文　历史散文 笔记杂著　文言小说
聂隐娘传,文学学部.古典文学.诸子散文　历史散文 笔记杂著　文言小说
昆仑奴传,文学学部.古典文学.诸子散文　历史散文 笔记杂著　文言小说
云溪友议,文学学部.古典文学.诸子散文　历史散文 笔记杂著　文言小说
明皇杂录,文学学部.古典文学.诸子散文　历史散文 笔记杂著　文言小说
北里志,文学学部.古典文学.诸子散文　历史散文 笔记杂著　文言小说
杜阳杂编,文学学部.古典文学.诸子散文　历史散文 笔记杂著　文言小说
虬髯客传,文学学部.古典文学.诸子散文　历史散文 笔记杂著　文言小说
苏氏演义,文学学部.古典文学.诸子散文　历史散文 笔记杂著　文言小说
尚书故实,文学学部.古典文学.诸子散文　历史散文 笔记杂著　文言小说
剧谈录,文学学部.古典文学.诸子散文　历史散文 笔记杂著　文言小说
异闻集,文学学部.古典文学.诸子散文　历史散文 笔记杂著　文言小说
三水小牍,文学学部.古典文学.诸子散文　历史散文 笔记杂著　文言小说
东观奏记,文学学部.古典文学.诸子散文　历史散文 笔记杂著　文言小说
桂苑丛谈,文学学部.古典文学.诸子散文　历史散文 笔记杂著　文言小说
鉴诫录,文学学部.古典文学.诸子散文　历史散文 笔记杂著　文言小说
唐摭言,文学学部.古典文学.诸子散文　历史散文 笔记杂著　文言小说
摭言,文学学部.古典文学.诸子散文　历史散文 笔记杂著　文言小说
开元天宝遗事,文学学部.古典文学.诸子散文　历史散文 笔记杂著　文言小说
北梦琐言,文学学部.古典文学.诸子散文　历史散文 笔记杂著　文言小说
清异录,文学学部.古典文学.诸子散文　历史散文 笔记杂著　文言小说
唐人说荟,文学学部.古典文学.诸子散文　历史散文 笔记杂著　文言小说
唐代丛书,文学学部.古典文学.诸子散文　历史散文 笔记杂著　文言小说
唐宋传奇集,文学学部.古典文学.诸子散文　历史散文 笔记杂著　文言小说
梅妃传,文学学部.古典文学.诸子散文　历史散文 笔记杂著　文言小说
海山记,文学学部.古典文学.诸子散文　历史散文 笔记杂著　文言小说
开河记,文学学部.古典文学.诸子散文　历史散文 笔记杂著　文言小说
隋遗录,文学学部.古典文学.诸子散文　历史散文 笔记杂著　文言小说
大业拾遗记,文学学部.古典文学.诸子散文　历史散文 笔记杂著　文言小说
太平广记,文学学部.古典文学.诸子散文　历史散文 笔记杂著　文言小说
洛阳缙绅旧闻记,文学学部.古典文学.诸子散文　历史散文 笔记杂著　文言小说
茆亭客话,文学学部.古典文学.诸子散文　历史散文 笔记杂著　文言小说
杨文公谈苑,文学学部.古典文学.诸子散文　历史散文 笔记杂著　文言小说
南部新书,文学学部.古典文学.诸子散文　历史散文 笔记杂著　文言小说
归田录,文学学部.古典文学.诸子散文　历史散文 笔记杂著　文言小说
春明退朝录,文学学部.古典文学.诸子散文　历史散文 笔记杂著　文言小说
文昌杂录,文学学部.古典文学.诸子散文　历史散文 笔记杂著　文言小说
青箱杂记,文学学部.古典文学.诸子散文　历史散文 笔记杂著　文言小说
麈史,文学学部.古典文学.诸子散文　历史散文 笔记杂著　文言小说
涑水记闻,文学学部.古典文学.诸子散文　历史散文 笔记杂著　文言小说
玉壶清话,文学学部.古典文学.诸子散文　历史散文 笔记杂著　文言小说
湘山野录,文学学部.古典文学.诸子散文　历史散文 笔记杂著　文言小说
东轩笔录,文学学部.古典文学.诸子散文　历史散文 笔记杂著　文言小说
渑水燕谈录,文学学部.古典文学.诸子散文　历史散文 笔记杂著　文言小说
墨客挥犀,文学学部.古典文学.诸子散文　历史散文 笔记杂著　文言小说
唐语林,文学学部.古典文学.诸子散文　历史散文 笔记杂著　文言小说
青琐高议,文学学部.古典文学.诸子散文　历史散文 笔记杂著　文言小说
梦溪笔谈,文学学部.古典文学.诸子散文　历史散文 笔记杂著　文言小说
东坡志林,文学学部.古典文学.诸子散文　历史散文 笔记杂著　文言小说
仇池笔记,文学学部.古典文学.诸子散文　历史散文 笔记杂著　文言小说
艾子杂说,文学学部.古典文学.诸子散文　历史散文 笔记杂著　文言小说
后山谈丛,文学学部.古典文学.诸子散文　历史散文 笔记杂著　文言小说
龙川略志,文学学部.古典文学.诸子散文　历史散文 笔记杂著　文言小说
东观余论,文学学部.古典文学.诸子散文　历史散文 笔记杂著　文言小说
懒真子,文学学部.古典文学.诸子散文　历史散文 笔记杂著　文言小说
默记,文学学部.古典文学.诸子散文　历史散文 笔记杂著　文言小说
分门古今类事,文学学部.古典文学.诸子散文　历史散文 笔记杂著　文言小说
铁围山丛谈,文学学部.古典文学.诸子散文　历史散文 笔记杂著　文言小说
栾城遗言,文学学部.古典文学.诸子散文　历史散文 笔记杂著　文言小说
侯鲭录,文学学部.古典文学.诸子散文　历史散文 笔记杂著　文言小说
学林,文学学部.古典文学.诸子散文　历史散文 笔记杂著　文言小说
醉翁谈录,文学学部.古典文学.诸子散文　历史散文 笔记杂著　文言小说
鸡肋编,文学学部.古典文学.诸子散文　历史散文 笔记杂著　文言小说
邵氏闻见录,文学学部.古典文学.诸子散文　历史散文 笔记杂著　文言小说
邵氏闻见后录,文学学部.古典文学.诸子散文　历史散文 笔记杂著　文言小说
宋朝事实类苑,文学学部.古典文学.诸子散文　历史散文 笔记杂著　文言小说
萍洲可谈,文学学部.古典文学.诸子散文　历史散文 笔记杂著　文言小说
春渚纪闻,文学学部.古典文学.诸子散文　历史散文 笔记杂著　文言小说
墨庄漫录,文学学部.古典文学.诸子散文　历史散文 笔记杂著　文言小说
曲洧旧闻,文学学部.古典文学.诸子散文　历史散文 笔记杂著　文言小说
猗觉寮杂记,文学学部.古典文学.诸子散文　历史散文 笔记杂著　文言小说
过庭录,文学学部.古典文学.诸子散文　历史散文 笔记杂著　文言小说
避暑录话,文学学部.古典文学.诸子散文　历史散文 笔记杂著　文言小说
石林燕语,文学学部.古典文学.诸子散文　历史散文 笔记杂著　文言小说
东京梦华录,文学学部.古典文学.诸子散文　历史散文 笔记杂著　文言小说
类说,文学学部.古典文学.诸子散文　历史散文 笔记杂著　文言小说
绀珠集,文学学部.古典文学.诸子散文　历史散文 笔记杂著　文言小说
泊宅编,文学学部.古典文学.诸子散文　历史散文 笔记杂著　文言小说
能改斋漫录,文学学部.古典文学.诸子散文　历史散文 笔记杂著　文言小说
西溪丛语,文学学部.古典文学.诸子散文　历史散文 笔记杂著　文言小说
瓮牖闲评,文学学部.古典文学.诸子散文　历史散文 笔记杂著　文言小说
却扫编,文学学部.古典文学.诸子散文　历史散文 笔记杂著　文言小说
枫窗小牍,文学学部.古典文学.诸子散文　历史散文 笔记杂著　文言小说
梁溪漫志,文学学部.古典文学.诸子散文　历史散文 笔记杂著　文言小说
扪虱新话,文学学部.古典文学.诸子散文　历史散文 笔记杂著　文言小说
清波杂志,文学学部.古典文学.诸子散文　历史散文 笔记杂著　文言小说
演繁露,文学学部.古典文学.诸子散文　历史散文 笔记杂著　文言小说
挥麈录,文学学部.古典文学.诸子散文　历史散文 笔记杂著　文言小说
玉照新志,文学学部.古典文学.诸子散文　历史散文 笔记杂著　文言小说
容斋随笔,文学学部.古典文学.诸子散文　历史散文 笔记杂著　文言小说
夷坚志,文学学部.古典文学.诸子散文　历史散文 笔记杂著　文言小说
云麓漫钞,文学学部.古典文学.诸子散文　历史散文 笔记杂著　文言小说
老学庵笔记,文学学部.古典文学.诸子散文　历史散文 笔记杂著　文言小说
入蜀记,文学学部.古典文学.诸子散文　历史散文 笔记杂著　文言小说
仕学规范,文学学部.古典文学.诸子散文　历史散文 笔记杂著　文言小说
纬略,文学学部.古典文学.诸子散文　历史散文 笔记杂著　文言小说
履斋示儿编,文学学部.古典文学.诸子散文　历史散文 笔记杂著　文言小说
野客丛书,文学学部.古典文学.诸子散文　历史散文 笔记杂著　文言小说
耆旧续闻,文学学部.古典文学.诸子散文　历史散文 笔记杂著　文言小说
云谷杂记,文学学部.古典文学.诸子散文　历史散文 笔记杂著　文言小说
桯史,文学学部.古典文学.诸子散文　历史散文 笔记杂著　文言小说
愧郯录,文学学部.古典文学.诸子散文　历史散文 笔记杂著　文言小说
游宦纪闻,文学学部.古典文学.诸子散文　历史散文 笔记杂著　文言小说
爱日斋丛钞,文学学部.古典文学.诸子散文　历史散文 笔记杂著　文言小说
都城纪胜,文学学部.古典文学.诸子散文　历史散文 笔记杂著　文言小说
吹剑录,文学学部.古典文学.诸子散文　历史散文 笔记杂著　文言小说
四朝闻见录,文学学部.古典文学.诸子散文　历史散文 笔记杂著　文言小说
宾退录,文学学部.古典文学.诸子散文　历史散文 笔记杂著　文言小说
藏一话腴,文学学部.古典文学.诸子散文　历史散文 笔记杂著　文言小说
贵耳集,文学学部.古典文学.诸子散文　历史散文 笔记杂著　文言小说
鹤林玉露,文学学部.古典文学.诸子散文　历史散文 笔记杂著　文言小说
西湖老人繁胜录,文学学部.古典文学.诸子散文　历史散文 笔记杂著　文言小说
梦粱录,文学学部.古典文学.诸子散文　历史散文 笔记杂著　文言小说
齐东野语,文学学部.古典文学.诸子散文　历史散文 笔记杂著　文言小说
癸辛杂识,文学学部.古典文学.诸子散文　历史散文 笔记杂著　文言小说
武林旧事,文学学部.古典文学.诸子散文　历史散文 笔记杂著　文言小说
绿窗新话,文学学部.古典文学.诸子散文　历史散文 笔记杂著　文言小说
困学纪闻,文学学部.古典文学.诸子散文　历史散文 笔记杂著　文言小说
醉翁谈录,文学学部.古典文学.诸子散文　历史散文 笔记杂著　文言小说
庶斋老学丛谈,文学学部.古典文学.诸子散文　历史散文 笔记杂著　文言小说
归潜志,文学学部.古典文学.诸子散文　历史散文 笔记杂著　文言小说
敬斋古今黈,文学学部.古典文学.诸子散文　历史散文 笔记杂著　文言小说
至正直记,文学学部.古典文学.诸子散文　历史散文 笔记杂著　文言小说
录鬼簿,文学学部.古典文学.诸子散文　历史散文 笔记杂著　文言小说
青楼集,文学学部.古典文学.诸子散文　历史散文 笔记杂著　文言小说
钱塘遗事,文学学部.古典文学.诸子散文　历史散文 笔记杂著　文言小说
南村辍耕录,文学学部.古典文学.诸子散文　历史散文 笔记杂著　文言小说
辍耕录,文学学部.古典文学.诸子散文　历史散文 笔记杂著　文言小说
说郛,文学学部.古典文学.诸子散文　历史散文 笔记杂著　文言小说
琅嬛记,文学学部.古典文学.诸子散文　历史散文 笔记杂著　文言小说
郁离子,文学学部.古典文学.诸子散文　历史散文 笔记杂著　文言小说
草木子,文学学部.古典文学.诸子散文　历史散文 笔记杂著　文言小说
剪灯新话,文学学部.古典文学.诸子散文　历史散文 笔记杂著　文言小说
剪灯余话,文学学部.古典文学.诸子散文　历史散文 笔记杂著　文言小说
效颦集,文学学部.古典文学.诸子散文　历史散文 笔记杂著　文言小说
水东日记,文学学部.古典文学.诸子散文　历史散文 笔记杂著　文言小说
菽园杂记,文学学部.古典文学.诸子散文　历史散文 笔记杂著　文言小说
中山狼传,文学学部.古典文学.诸子散文　历史散文 笔记杂著　文言小说
都公谈纂,文学学部.古典文学.诸子散文　历史散文 笔记杂著　文言小说
寓圃杂记,文学学部.古典文学.诸子散文　历史散文 笔记杂著　文言小说
虞初志,文学学部.古典文学.诸子散文　历史散文 笔记杂著　文言小说
青泥莲花记,文学学部.古典文学.诸子散文　历史散文 笔记杂著　文言小说
七修类稿,文学学部.古典文学.诸子散文　历史散文 笔记杂著　文言小说
丹铅总录,文学学部.古典文学.诸子散文　历史散文 笔记杂著　文言小说
谭苑醍醐,文学学部.古典文学.诸子散文　历史散文 笔记杂著　文言小说
庚巳编,文学学部.古典文学.诸子散文　历史散文 笔记杂著　文言小说
西湖游览志,文学学部.古典文学.诸子散文　历史散文 笔记杂著　文言小说
西湖游览志余,文学学部.古典文学.诸子散文　历史散文 笔记杂著　文言小说
四友斋丛说,文学学部.古典文学.诸子散文　历史散文 笔记杂著　文言小说
松窗梦语,文学学部.古典文学.诸子散文　历史散文 笔记杂著　文言小说
今言,文学学部.古典文学.诸子散文　历史散文 笔记杂著　文言小说
留青日札,文学学部.古典文学.诸子散文　历史散文 笔记杂著　文言小说
觚不觚录,文学学部.古典文学.诸子散文　历史散文 笔记杂著　文言小说
金陵琐事,文学学部.古典文学.诸子散文　历史散文 笔记杂著　文言小说
焦氏笔乘,文学学部.古典文学.诸子散文　历史散文 笔记杂著　文言小说
笔乘,文学学部.古典文学.诸子散文　历史散文 笔记杂著　文言小说
玉堂丛语,文学学部.古典文学.诸子散文　历史散文 笔记杂著　文言小说
穀山笔麈,文学学部.古典文学.诸子散文　历史散文 笔记杂著　文言小说
少室山房笔丛,文学学部.古典文学.诸子散文　历史散文 笔记杂著　文言小说
梅花草堂笔谈,文学学部.古典文学.诸子散文　历史散文 笔记杂著　文言小说
尧山堂外纪,文学学部.古典文学.诸子散文　历史散文 笔记杂著　文言小说
太平清话,文学学部.古典文学.诸子散文　历史散文 笔记杂著　文言小说
觅灯因话,文学学部.古典文学.诸子散文　历史散文 笔记杂著　文言小说
国色天香,文学学部.古典文学.诸子散文　历史散文 笔记杂著　文言小说
皇明世说新语,文学学部.古典文学.诸子散文　历史散文 笔记杂著　文言小说
涌幢小品,文学学部.古典文学.诸子散文　历史散文 笔记杂著　文言小说
蓬窗日录,文学学部.古典文学.诸子散文　历史散文 笔记杂著　文言小说
五杂组,文学学部.古典文学.诸子散文　历史散文 笔记杂著　文言小说
笔精,文学学部.古典文学.诸子散文　历史散文 笔记杂著　文言小说
古今谭概,文学学部.古典文学.诸子散文　历史散文 笔记杂著　文言小说
情史,文学学部.古典文学.诸子散文　历史散文 笔记杂著　文言小说
玉芝堂谈荟,文学学部.古典文学.诸子散文　历史散文 笔记杂著　文言小说
野获编,文学学部.古典文学.诸子散文　历史散文 笔记杂著　文言小说
徐霞客游记,文学学部.古典文学.诸子散文　历史散文 笔记杂著　文言小说
耳新,文学学部.古典文学.诸子散文　历史散文 笔记杂著　文言小说
帝京景物略,文学学部.古典文学.诸子散文　历史散文 笔记杂著　文言小说
陶庵梦忆,文学学部.古典文学.诸子散文　历史散文 笔记杂著　文言小说
西湖梦寻,文学学部.古典文学.诸子散文　历史散文 笔记杂著　文言小说
北游录,文学学部.古典文学.诸子散文　历史散文 笔记杂著　文言小说
枣林杂俎,文学学部.古典文学.诸子散文　历史散文 笔记杂著　文言小说
钝吟杂录,文学学部.古典文学.诸子散文　历史散文 笔记杂著　文言小说
蒿庵闲话,文学学部.古典文学.诸子散文　历史散文 笔记杂著　文言小说
闲情偶寄,文学学部.古典文学.诸子散文　历史散文 笔记杂著　文言小说
日知录,文学学部.古典文学.诸子散文　历史散文 笔记杂著　文言小说
书影,文学学部.古典文学.诸子散文　历史散文 笔记杂著　文言小说
板桥杂记,文学学部.古典文学.诸子散文　历史散文 笔记杂著　文言小说
说铃,文学学部.古典文学.诸子散文　历史散文 笔记杂著　文言小说
寄园寄所寄,文学学部.古典文学.诸子散文　历史散文 笔记杂著　文言小说
今世说,文学学部.古典文学.诸子散文　历史散文 笔记杂著　文言小说
居易录,文学学部.古典文学.诸子散文　历史散文 笔记杂著　文言小说
池北偶谈,文学学部.古典文学.诸子散文　历史散文 笔记杂著　文言小说
香祖笔记,文学学部.古典文学.诸子散文　历史散文 笔记杂著　文言小说
分甘余话,文学学部.古典文学.诸子散文　历史散文 笔记杂著　文言小说
聊斋志异,文学学部.古典文学.诸子散文　历史散文 笔记杂著　文言小说
觚賸,文学学部.古典文学.诸子散文　历史散文 笔记杂著　文言小说
虞初新志,文学学部.古典文学.诸子散文　历史散文 笔记杂著　文言小说
坚瓠集,文学学部.古典文学.诸子散文　历史散文 笔记杂著　文言小说
义门读书记,文学学部.古典文学.诸子散文　历史散文 笔记杂著　文言小说
柳南随笔,文学学部.古典文学.诸子散文　历史散文 笔记杂著　文言小说
西青散记,文学学部.古典文学.诸子散文　历史散文 笔记杂著　文言小说
子不语,文学学部.古典文学.诸子散文　历史散文 笔记杂著　文言小说
新齐谐,文学学部.古典文学.诸子散文　历史散文 笔记杂著　文言小说
茶余客话,文学学部.古典文学.诸子散文　历史散文 笔记杂著　文言小说
萤窗异草,文学学部.古典文学.诸子散文　历史散文 笔记杂著　文言小说
阅微草堂笔记,文学学部.古典文学.诸子散文　历史散文 笔记杂著　文言小说
陔余丛考,文学学部.古典文学.诸子散文　历史散文 笔记杂著　文言小说
十驾斋养新录,文学学部.古典文学.诸子散文　历史散文 笔记杂著　文言小说
藤阴杂记,文学学部.古典文学.诸子散文　历史散文 笔记杂著　文言小说
扬州画舫录,文学学部.古典文学.诸子散文　历史散文 笔记杂著　文言小说
谐铎,文学学部.古典文学.诸子散文　历史散文 笔记杂著　文言小说
陶庐杂录,文学学部.古典文学.诸子散文　历史散文 笔记杂著　文言小说
履园丛话,文学学部.古典文学.诸子散文　历史散文 笔记杂著　文言小说
耳食录,文学学部.古典文学.诸子散文　历史散文 笔记杂著　文言小说
初月楼闻见录,文学学部.古典文学.诸子散文　历史散文 笔记杂著　文言小说
浮生六记,文学学部.古典文学.诸子散文　历史散文 笔记杂著　文言小说
癸巳类稿,文学学部.古典文学.诸子散文　历史散文 笔记杂著　文言小说
癸巳存稿,文学学部.古典文学.诸子散文　历史散文 笔记杂著　文言小说
浪迹丛谈,文学学部.古典文学.诸子散文　历史散文 笔记杂著　文言小说
过庭录,文学学部.古典文学.诸子散文　历史散文 笔记杂著　文言小说
啸亭杂录,文学学部.古典文学.诸子散文　历史散文 笔记杂著　文言小说
铜熨斗斋随笔,文学学部.古典文学.诸子散文　历史散文 笔记杂著　文言小说
两般秋雨庵随笔,文学学部.古典文学.诸子散文　历史散文 笔记杂著　文言小说
冷庐杂识,文学学部.古典文学.诸子散文　历史散文 笔记杂著　文言小说
东塾读书记,文学学部.古典文学.诸子散文　历史散文 笔记杂著　文言小说
庸闲斋笔记,文学学部.古典文学.诸子散文　历史散文 笔记杂著　文言小说
金壶七墨,文学学部.古典文学.诸子散文　历史散文 笔记杂著　文言小说
春在堂随笔,文学学部.古典文学.诸子散文　历史散文 笔记杂著　文言小说
茶香室丛钞,文学学部.古典文学.诸子散文　历史散文 笔记杂著　文言小说
越缦堂日记,文学学部.古典文学.诸子散文　历史散文 笔记杂著　文言小说
淞隐漫录,文学学部.古典文学.诸子散文　历史散文 笔记杂著　文言小说
夜雨秋灯录,文学学部.古典文学.诸子散文　历史散文 笔记杂著　文言小说
霞外攟屑,文学学部.古典文学.诸子散文　历史散文 笔记杂著　文言小说
夜谭随录,文学学部.古典文学.诸子散文　历史散文 笔记杂著　文言小说
郎潜纪闻,文学学部.古典文学.诸子散文　历史散文 笔记杂著　文言小说
三借庐笔谈,文学学部.古典文学.诸子散文　历史散文 笔记杂著　文言小说
海日楼札丛,文学学部.古典文学.诸子散文　历史散文 笔记杂著　文言小说
纯常子枝语,文学学部.古典文学.诸子散文　历史散文 笔记杂著　文言小说
燕京岁时记,文学学部.古典文学.诸子散文　历史散文 笔记杂著　文言小说
宋稗类钞,文学学部.古典文学.诸子散文　历史散文 笔记杂著　文言小说
清稗类钞,文学学部.古典文学.诸子散文　历史散文 笔记杂著　文言小说
小说考证,文学学部.古典文学.诸子散文　历史散文 笔记杂著　文言小说
一枝花,文学学部.古典文学.话本　通俗小说
庐山远公话,文学学部.古典文学.话本　通俗小说
梁公九谏,文学学部.古典文学.话本　通俗小说
红白蜘蛛小说,文学学部.古典文学.话本　通俗小说
新编五代史平话,文学学部.古典文学.话本　通俗小说
京本通俗小说,文学学部.古典文学.话本　通俗小说
大唐三藏取经诗话,文学学部.古典文学.话本　通俗小说
宣和遗事,文学学部.古典文学.话本　通俗小说
全相平话五种,文学学部.古典文学.话本　通俗小说
三国志平话,文学学部.古典文学.话本　通俗小说
清平山堂话本,文学学部.古典文学.话本　通俗小说
古今小说,文学学部.古典文学.话本　通俗小说
警世通言,文学学部.古典文学.话本　通俗小说
醒世恒言,文学学部.古典文学.话本　通俗小说
喻世明言,文学学部.古典文学.话本　通俗小说
三言二拍,文学学部.古典文学.话本　通俗小说
拍案惊奇,文学学部.古典文学.话本　通俗小说
二刻拍案惊奇,文学学部.古典文学.话本　通俗小说
今古奇观,文学学部.古典文学.话本　通俗小说
型世言,文学学部.古典文学.话本　通俗小说
西湖佳话,文学学部.古典文学.话本　通俗小说
石点头,文学学部.古典文学.话本　通俗小说
西湖二集,文学学部.古典文学.话本　通俗小说
欢喜冤家,文学学部.古典文学.话本　通俗小说
醉醒石,文学学部.古典文学.话本　通俗小说
照世杯,文学学部.古典文学.话本　通俗小说
生绡剪,文学学部.古典文学.话本　通俗小说
五色石,文学学部.古典文学.话本　通俗小说
八洞天,文学学部.古典文学.话本　通俗小说
豆棚闲话,文学学部.古典文学.话本　通俗小说
连城璧,文学学部.古典文学.话本　通俗小说
十二楼,文学学部.古典文学.话本　通俗小说
娱目醒心编,文学学部.古典文学.话本　通俗小说
三国演义,文学学部.古典文学.话本　通俗小说
残唐五代史演义,文学学部.古典文学.话本　通俗小说
三遂平妖传,文学学部.古典文学.话本　通俗小说
平妖传,文学学部.古典文学.话本　通俗小说
水浒传,文学学部.古典文学.话本　通俗小说
水浒志传评林,文学学部.古典文学.话本　通俗小说
开辟衍绎通俗志传,文学学部.古典文学.话本　通俗小说
孙庞斗志演义,文学学部.古典文学.话本　通俗小说
西游记,文学学部.古典文学.话本　通俗小说
西汉通俗演义,文学学部.古典文学.话本　通俗小说
东汉通俗演义,文学学部.古典文学.话本　通俗小说
东西晋演义,文学学部.古典文学.话本　通俗小说
两宋志传,文学学部.古典文学.话本　通俗小说
杨家府演义,文学学部.古典文学.话本　通俗小说
英烈传,文学学部.古典文学.话本　通俗小说
四游记,文学学部.古典文学.话本　通俗小说
封神演义,文学学部.古典文学.话本　通俗小说
西洋记,文学学部.古典文学.话本　通俗小说
金瓶梅词话,文学学部.古典文学.话本　通俗小说
包公案,文学学部.古典文学.话本　通俗小说
于少保萃忠全传,文学学部.古典文学.话本　通俗小说
咒枣记,文学学部.古典文学.话本　通俗小说
禅真逸史,文学学部.古典文学.话本　通俗小说
梼杌闲评,文学学部.古典文学.话本　通俗小说
续金瓶梅,文学学部.古典文学.话本　通俗小说
醒世姻缘传,文学学部.古典文学.话本　通俗小说
平山冷燕,文学学部.古典文学.话本　通俗小说
玉娇梨,文学学部.古典文学.话本　通俗小说
好逑传,文学学部.古典文学.话本　通俗小说
水浒后传,文学学部.古典文学.话本　通俗小说
西游补,文学学部.古典文学.话本　通俗小说
隋唐演义,文学学部.古典文学.话本　通俗小说
女仙外史,文学学部.古典文学.话本　通俗小说
斩鬼传,文学学部.古典文学.话本　通俗小说
野叟曝言,文学学部.古典文学.话本　通俗小说
说唐,文学学部.古典文学.话本　通俗小说
东周列国志,文学学部.古典文学.话本　通俗小说
红楼梦,文学学部.古典文学.话本　通俗小说
石头记,文学学部.古典文学.话本　通俗小说
脂砚斋重评石头记,文学学部.古典文学.话本　通俗小说
金玉缘,文学学部.古典文学.话本　通俗小说
绿野仙踪,文学学部.古典文学.话本　通俗小说
雪月梅,文学学部.古典文学.话本　通俗小说
飞龙全传,文学学部.古典文学.话本　通俗小说
歧路灯,文学学部.古典文学.话本　通俗小说
北史演义,文学学部.古典文学.话本　通俗小说
南史演义,文学学部.古典文学.话本　通俗小说
燕山外史,文学学部.古典文学.话本　通俗小说
蟫史,文学学部.古典文学.话本　通俗小说
二度梅,文学学部.古典文学.话本　通俗小说
儒林外史,文学学部.古典文学.话本　通俗小说
蜃楼志,文学学部.古典文学.话本　通俗小说
白圭志,文学学部.古典文学.话本　通俗小说
万花楼杨包狄演义,文学学部.古典文学.话本　通俗小说
何典,文学学部.古典文学.话本　通俗小说
大红袍,文学学部.古典文学.话本　通俗小说
镜花缘,文学学部.古典文学.话本　通俗小说
施公案,文学学部.古典文学.话本　通俗小说
绿牡丹,文学学部.古典文学.话本　通俗小说
小红袍,文学学部.古典文学.话本　通俗小说
林兰香,文学学部.古典文学.话本　通俗小说
荡寇志,文学学部.古典文学.话本　通俗小说
品花宝鉴,文学学部.古典文学.话本　通俗小说
花月痕,文学学部.古典文学.话本　通俗小说
儿女英雄传,文学学部.古典文学.话本　通俗小说
绘芳录,文学学部.古典文学.话本　通俗小说
青楼梦,文学学部.古典文学.话本　通俗小说
三侠五义,文学学部.古典文学.话本　通俗小说
七侠五义,文学学部.古典文学.话本　通俗小说
小五义,文学学部.古典文学.话本　通俗小说
海上花列传,文学学部.古典文学.话本　通俗小说
彭公案,文学学部.古典文学.话本　通俗小说
海上尘天影,文学学部.古典文学.话本　通俗小说
海上繁华梦,文学学部.古典文学.话本　通俗小说
轰天雷,文学学部.古典文学.话本　通俗小说
恨海,文学学部.古典文学.话本　通俗小说
痛史,文学学部.古典文学.话本　通俗小说
二十年目睹之怪现状,文学学部.古典文学.话本　通俗小说
九命奇冤,文学学部.古典文学.话本　通俗小说
官场现形记,文学学部.古典文学.话本　通俗小说
文明小史,文学学部.古典文学.话本　通俗小说
市声,文学学部.古典文学.话本　通俗小说
黄绣球,文学学部.古典文学.话本　通俗小说
孽海花,文学学部.古典文学.话本　通俗小说
洪秀全演义,文学学部.古典文学.话本　通俗小说
九尾龟,文学学部.古典文学.话本　通俗小说
老残游记,文学学部.古典文学.话本　通俗小说
济公活佛传,文学学部.古典文学.话本　通俗小说
狮子吼,文学学部.古典文学.话本　通俗小说
七剑十三侠,文学学部.古典文学.话本　通俗小说
负曝闲谈,文学学部.古典文学.话本　通俗小说
古本小说丛刊,文学学部.古典文学.话本　通俗小说
古本小说集成,文学学部.古典文学.话本　通俗小说
风骨,文学学部.古典文学.文体　作法
韵文,文学学部.古典文学.文体　作法
散文,文学学部.古典文学.文体　作法
风骚,文学学部.古典文学.文体　作法
骚体,文学学部.古典文学.文体　作法
赋,文学学部.古典文学.文体　作法
辞赋,文学学部.古典文学.文体　作法
律赋,文学学部.古典文学.文体　作法
七,文学学部.古典文学.文体　作法
连珠,文学学部.古典文学.文体　作法
骈文,文学学部.古典文学.文体　作法
四六文,文学学部.古典文学.文体　作法
乐府,文学学部.古典文学.文体　作法
古乐府,文学学部.古典文学.文体　作法
歌行,文学学部.古典文学.文体　作法
古体诗,文学学部.古典文学.文体　作法
古诗,文学学部.古典文学.文体　作法
古风,文学学部.古典文学.文体　作法
近体诗,文学学部.古典文学.文体　作法
今体诗,文学学部.古典文学.文体　作法
格律诗,文学学部.古典文学.文体　作法
律诗,文学学部.古典文学.文体　作法
排律,文学学部.古典文学.文体　作法
绝句,文学学部.古典文学.文体　作法
绝诗,文学学部.古典文学.文体　作法
截句,文学学部.古典文学.文体　作法
四言诗,文学学部.古典文学.文体　作法
五言诗,文学学部.古典文学.文体　作法
五古,文学学部.古典文学.文体　作法
五律,文学学部.古典文学.文体　作法
五绝,文学学部.古典文学.文体　作法
六言诗,文学学部.古典文学.文体　作法
七言诗,文学学部.古典文学.文体　作法
七古,文学学部.古典文学.文体　作法
七律,文学学部.古典文学.文体　作法
七绝,文学学部.古典文学.文体　作法
杂言诗,文学学部.古典文学.文体　作法
杂体诗,文学学部.古典文学.文体　作法
离合诗,文学学部.古典文学.文体　作法
回文诗,文学学部.古典文学.文体　作法
璇玑图,文学学部.古典文学.文体　作法
盘中诗,文学学部.古典文学.文体　作法
建除体,文学学部.古典文学.文体　作法
八音歌,文学学部.古典文学.文体　作法
神智体,文学学部.古典文学.文体　作法
辘轳体,文学学部.古典文学.文体　作法
宝塔诗,文学学部.古典文学.文体　作法
藏头诗,文学学部.古典文学.文体　作法
咏史诗,文学学部.古典文学.文体　作法
招隐诗,文学学部.古典文学.文体　作法
游仙诗,文学学部.古典文学.文体　作法
田园诗,文学学部.古典文学.文体　作法
无题诗,文学学部.古典文学.文体　作法
宫词,文学学部.古典文学.文体　作法
祭文,文学学部.古典文学.文体　作法
青词,文学学部.古典文学.文体　作法
序跋,文学学部.古典文学.文体　作法
书后,文学学部.古典文学.文体　作法
题词,文学学部.古典文学.文体　作法
赠序,文学学部.古典文学.文体　作法
箴铭,文学学部.古典文学.文体　作法
座右铭,文学学部.古典文学.文体　作法
小品,文学学部.古典文学.文体　作法
笔记,文学学部.古典文学.文体　作法
札记,文学学部.古典文学.文体　作法
杂俎,文学学部.古典文学.文体　作法
语录,文学学部.古典文学.文体　作法
记叙文,文学学部.古典文学.文体　作法
论说文,文学学部.古典文学.文体　作法
应用文,文学学部.古典文学.文体　作法
说帖,文学学部.古典文学.文体　作法
判牍,文学学部.古典文学.文体　作法
书牍,文学学部.古典文学.文体　作法
俳谐文,文学学部.古典文学.文体　作法
填词,文学学部.古典文学.文体　作法
倚声,文学学部.古典文学.文体　作法
词,文学学部.古典文学.文体　作法
长短句,文学学部.古典文学.文体　作法
诗馀,文学学部.古典文学.文体　作法
琴趣,文学学部.古典文学.文体　作法
小令,文学学部.古典文学.文体　作法
中调,文学学部.古典文学.文体　作法
长调,文学学部.古典文学.文体　作法
慢词,文学学部.古典文学.文体　作法
慢调,文学学部.古典文学.文体　作法
大晟词,文学学部.古典文学.文体　作法
令引近慢,文学学部.古典文学.文体　作法
片,文学学部.古典文学.文体　作法
过片,文学学部.古典文学.文体　作法
摘遍,文学学部.古典文学.文体　作法
促拍,文学学部.古典文学.文体　作法
偷声,文学学部.古典文学.文体　作法
减字,文学学部.古典文学.文体　作法
摊破,文学学部.古典文学.文体　作法
帖子词,文学学部.古典文学.文体　作法
试帖诗,文学学部.古典文学.文体　作法
应制诗,文学学部.古典文学.文体　作法
格律,文学学部.古典文学.文体　作法
八病,文学学部.古典文学.文体　作法
拗体,文学学部.古典文学.文体　作法
拗救,文学学部.古典文学.文体　作法
拗律,文学学部.古典文学.文体　作法
拗句格,文学学部.古典文学.文体　作法
失粘,文学学部.古典文学.文体　作法
韵脚,文学学部.古典文学.文体　作法
押韵,文学学部.古典文学.文体　作法
协韵,文学学部.古典文学.文体　作法
叶韵,文学学部.古典文学.文体　作法
通韵,文学学部.古典文学.文体　作法
转韵,文学学部.古典文学.文体　作法
险韵,文学学部.古典文学.文体　作法
尖叉,文学学部.古典文学.文体　作法
进退格,文学学部.古典文学.文体　作法
辘轳格,文学学部.古典文学.文体　作法
葫芦格,文学学部.古典文学.文体　作法
和韵,文学学部.古典文学.文体　作法
和诗,文学学部.古典文学.文体　作法
次韵,文学学部.古典文学.文体　作法
步韵,文学学部.古典文学.文体　作法
分韵,文学学部.古典文学.文体　作法
赋韵,文学学部.古典文学.文体　作法
分题,文学学部.古典文学.文体　作法
联句,文学学部.古典文学.文体　作法
集句,文学学部.古典文学.文体　作法
赋得,文学学部.古典文学.文体　作法
颔联,文学学部.古典文学.文体　作法
颈联,文学学部.古典文学.文体　作法
偷春格,文学学部.古典文学.文体　作法
蜂腰格,文学学部.古典文学.文体　作法
别裁,文学学部.古典文学.文体　作法
诗话,文学学部.古典文学.文体　作法
词话,文学学部.古典文学.文体　作法
古文,文学学部.古典文学.文体　作法
八股文,文学学部.古典文学.文体　作法
时文,文学学部.古典文学.文体　作法
制义,文学学部.古典文学.文体　作法
破题,文学学部.古典文学.文体　作法
义法,文学学部.古典文学.文体　作法
章法,文学学部.古典文学.文体　作法
策问,文学学部.古典文学.文体　作法
诏令,文学学部.古典文学.文体　作法
制诰,文学学部.古典文学.文体　作法
册文,文学学部.古典文学.文体　作法
札子,文学学部.古典文学.文体　作法
奏议,文学学部.古典文学.文体　作法
驳议,文学学部.古典文学.文体　作法
檄移,文学学部.古典文学.文体　作法
史论,文学学部.古典文学.文体　作法
传赞,文学学部.古典文学.文体　作法
赞,文学学部.古典文学.文体　作法
颂赞,文学学部.古典文学.文体　作法
长编,文学学部.古典文学.文体　作法
实录,文学学部.古典文学.文体　作法
传记,文学学部.古典文学.文体　作法
传志,文学学部.古典文学.文体　作法
自传,文学学部.古典文学.文体　作法
小传,文学学部.古典文学.文体　作法
别传,文学学部.古典文学.文体　作法
事略,文学学部.古典文学.文体　作法
行状,文学学部.古典文学.文体　作法
墓表,文学学部.古典文学.文体　作法
墓志铭,文学学部.古典文学.文体　作法
神道碑,文学学部.古典文学.文体　作法
去思碑,文学学部.古典文学.文体　作法
碑版,文学学部.古典文学.文体　作法
哀辞,文学学部.古典文学.文体　作法
挽词,文学学部.古典文学.文体　作法
挽联,文学学部.古典文学.文体　作法
词牌,文学学部.古典文学.文体　作法
词韵,文学学部.古典文学.文体　作法
词谱,文学学部.古典文学.文体　作法
戏曲,文学学部.古典文学.文体　作法
院本,文学学部.古典文学.文体　作法
南戏,文学学部.古典文学.文体　作法
戏文,文学学部.古典文学.文体　作法
杂剧,文学学部.古典文学.文体　作法
传奇,文学学部.古典文学.文体　作法
南杂剧,文学学部.古典文学.文体　作法
楔子,文学学部.古典文学.文体　作法
折,文学学部.古典文学.文体　作法
出(齣),文学学部.古典文学.文体　作法
题目正名,文学学部.古典文学.文体　作法
引子,文学学部.古典文学.文体　作法
过曲,文学学部.古典文学.文体　作法
尾声,文学学部.古典文学.文体　作法
幺篇,文学学部.古典文学.文体　作法
曲牌,文学学部.古典文学.文体　作法
曲谱,文学学部.古典文学.文体　作法
俗文学,文学学部.古典文学.文体　作法
变文,文学学部.古典文学.文体　作法
敦煌变文,文学学部.古典文学.文体　作法
俗讲,文学学部.古典文学.文体　作法
诸宫调,文学学部.古典文学.文体　作法
宝卷,文学学部.古典文学.文体　作法
缠令,文学学部.古典文学.文体　作法
缠达,文学学部.古典文学.文体　作法
转踏,文学学部.古典文学.文体　作法
道情,文学学部.古典文学.文体　作法
弹词,文学学部.古典文学.文体　作法
鼓词,文学学部.古典文学.文体　作法
木鱼书,文学学部.古典文学.文体　作法
子弟书,文学学部.古典文学.文体　作法
散曲,文学学部.古典文学.文体　作法
叶儿,文学学部.古典文学.文体　作法
换头,文学学部.古典文学.文体　作法
重头,文学学部.古典文学.文体　作法
虚声,文学学部.古典文学.文体　作法
和声,文学学部.古典文学.文体　作法
泛声,文学学部.古典文学.文体　作法
衬字,文学学部.古典文学.文体　作法
带过曲,文学学部.古典文学.文体　作法
套数,文学学部.古典文学.文体　作法
散套,文学学部.古典文学.文体　作法
小令,文学学部.古典文学.文体　作法
小曲,文学学部.古典文学.文体　作法
时调,文学学部.古典文学.文体　作法
山歌,文学学部.古典文学.文体　作法
俗曲,文学学部.古典文学.文体　作法
俚曲,文学学部.古典文学.文体　作法
佛曲,文学学部.古典文学.文体　作法
谣谚,文学学部.古典文学.文体　作法
传奇,文学学部.古典文学.文体　作法
短书,文学学部.古典文学.文体　作法
说话人,文学学部.古典文学.文体　作法
话本,文学学部.古典文学.文体　作法
拟话本,文学学部.古典文学.文体　作法
入话,文学学部.古典文学.文体　作法
得胜头回,文学学部.古典文学.文体　作法
楔子,文学学部.古典文学.文体　作法
银字儿,文学学部.古典文学.文体　作法
烟粉,文学学部.古典文学.文体　作法
灵怪,文学学部.古典文学.文体　作法
公案,文学学部.古典文学.文体　作法
铁骑儿,文学学部.古典文学.文体　作法
讲史,文学学部.古典文学.文体　作法
平话,文学学部.古典文学.文体　作法
评话,文学学部.古典文学.文体　作法
演义,文学学部.古典文学.文体　作法
章回小说,文学学部.古典文学.文体　作法
诗话,文学学部.古典文学.文体　作法
说经,文学学部.古典文学.文体　作法
商谜,文学学部.古典文学.文体　作法
词话,文学学部.古典文学.文体　作法
笑话,文学学部.古典文学.文体　作法
楹联,文学学部.古典文学.文体　作法
十六字令,文学学部.古典文学.词牌　曲牌.词　牌
苍梧谣,文学学部.古典文学.词牌　曲牌.词　牌
闲中好,文学学部.古典文学.词牌　曲牌.词　牌
纥那曲,文学学部.古典文学.词牌　曲牌.词　牌
醉妆词,文学学部.古典文学.词牌　曲牌.词　牌
南歌子,文学学部.古典文学.词牌　曲牌.词　牌
荷叶杯,文学学部.古典文学.词牌　曲牌.词　牌
渔歌子,文学学部.古典文学.词牌　曲牌.词　牌
渔父,文学学部.古典文学.词牌　曲牌.词　牌
忆江南,文学学部.古典文学.词牌　曲牌.词　牌
潇湘神,文学学部.古典文学.词牌　曲牌.词　牌
章台柳,文学学部.古典文学.词牌　曲牌.词　牌
南乡子,文学学部.古典文学.词牌　曲牌.词　牌
捣练子,文学学部.古典文学.词牌　曲牌.词　牌
采莲子,文学学部.古典文学.词牌　曲牌.词　牌
浪淘沙,文学学部.古典文学.词牌　曲牌.词　牌
八拍蛮,文学学部.古典文学.词牌　曲牌.词　牌
阿那曲,文学学部.古典文学.词牌　曲牌.词　牌
谪仙怨,文学学部.古典文学.词牌　曲牌.词　牌
抛毬乐,文学学部.古典文学.词牌　曲牌.词　牌
忆王孙,文学学部.古典文学.词牌　曲牌.词　牌
调笑令,文学学部.古典文学.词牌　曲牌.词　牌
如梦令,文学学部.古典文学.词牌　曲牌.词　牌
忆仙姿,文学学部.古典文学.词牌　曲牌.词　牌
诉衷情,文学学部.古典文学.词牌　曲牌.词　牌
天仙子,文学学部.古典文学.词牌　曲牌.词　牌
风流子,文学学部.古典文学.词牌　曲牌.词　牌
归自谣,文学学部.古典文学.词牌　曲牌.词　牌
定西番,文学学部.古典文学.词牌　曲牌.词　牌
江城子,文学学部.古典文学.词牌　曲牌.词　牌
长相思,文学学部.古典文学.词牌　曲牌.词　牌
思帝乡,文学学部.古典文学.词牌　曲牌.词　牌
相见欢,文学学部.古典文学.词牌　曲牌.词　牌
何满子,文学学部.古典文学.词牌　曲牌.词　牌
醉太平,文学学部.古典文学.词牌　曲牌.词　牌
酒泉子,文学学部.古典文学.词牌　曲牌.词　牌
生查子,文学学部.古典文学.词牌　曲牌.词　牌
昭君怨,文学学部.古典文学.词牌　曲牌.词　牌
玉蝴蝶,文学学部.古典文学.词牌　曲牌.词　牌
女冠子,文学学部.古典文学.词牌　曲牌.词　牌
点绛唇,文学学部.古典文学.词牌　曲牌.词　牌
归国遥,文学学部.古典文学.词牌　曲牌.词　牌
浣溪沙,文学学部.古典文学.词牌　曲牌.词　牌
霜天晓角,文学学部.古典文学.词牌　曲牌.词　牌
清商怨,文学学部.古典文学.词牌　曲牌.词　牌
菩萨蛮,文学学部.古典文学.词牌　曲牌.词　牌
采桑子,文学学部.古典文学.词牌　曲牌.词　牌
丑奴儿,文学学部.古典文学.词牌　曲牌.词　牌
减字木兰花,文学学部.古典文学.词牌　曲牌.词　牌
卜算子,文学学部.古典文学.词牌　曲牌.词　牌
一落索,文学学部.古典文学.词牌　曲牌.词　牌
谒金门,文学学部.古典文学.词牌　曲牌.词　牌
好事近,文学学部.古典文学.词牌　曲牌.词　牌
天门谣,文学学部.古典文学.词牌　曲牌.词　牌
好女儿,文学学部.古典文学.词牌　曲牌.词　牌
清平乐,文学学部.古典文学.词牌　曲牌.词　牌
忆秦娥,文学学部.古典文学.词牌　曲牌.词　牌
更漏子,文学学部.古典文学.词牌　曲牌.词　牌
巫山一段云,文学学部.古典文学.词牌　曲牌.词　牌
忆少年,文学学部.古典文学.词牌　曲牌.词　牌
喜迁莺,文学学部.古典文学.词牌　曲牌.词　牌
乌夜啼,文学学部.古典文学.词牌　曲牌.词　牌
阮郎归,文学学部.古典文学.词牌　曲牌.词　牌
贺圣朝,文学学部.古典文学.词牌　曲牌.词　牌
甘草子,文学学部.古典文学.词牌　曲牌.词　牌
画堂春,文学学部.古典文学.词牌　曲牌.词　牌
山花子,文学学部.古典文学.词牌　曲牌.词　牌
摊破浣溪沙,文学学部.古典文学.词牌　曲牌.词　牌
秋蕊香,文学学部.古典文学.词牌　曲牌.词　牌
撼庭秋,文学学部.古典文学.词牌　曲牌.词　牌
朝中措,文学学部.古典文学.词牌　曲牌.词　牌
眼儿媚,文学学部.古典文学.词牌　曲牌.词　牌
秋波媚,文学学部.古典文学.词牌　曲牌.词　牌
人月圆,文学学部.古典文学.词牌　曲牌.词　牌
海棠春,文学学部.古典文学.词牌　曲牌.词　牌
武陵春,文学学部.古典文学.词牌　曲牌.词　牌
河渎神,文学学部.古典文学.词牌　曲牌.词　牌
柳梢青,文学学部.古典文学.词牌　曲牌.词　牌
太常引,文学学部.古典文学.词牌　曲牌.词　牌
应天长,文学学部.古典文学.词牌　曲牌.词　牌
少年游,文学学部.古典文学.词牌　曲牌.词　牌
滴滴金,文学学部.古典文学.词牌　曲牌.词　牌
西江月,文学学部.古典文学.词牌　曲牌.词　牌
留春令,文学学部.古典文学.词牌　曲牌.词　牌
梁州令,文学学部.古典文学.词牌　曲牌.词　牌
归田乐,文学学部.古典文学.词牌　曲牌.词　牌
惜分飞,文学学部.古典文学.词牌　曲牌.词　牌
探春令,文学学部.古典文学.词牌　曲牌.词　牌
雨中花,文学学部.古典文学.词牌　曲牌.词　牌
醉花阴,文学学部.古典文学.词牌　曲牌.词　牌
望江东,文学学部.古典文学.词牌　曲牌.词　牌
品令,文学学部.古典文学.词牌　曲牌.词　牌
临江仙,文学学部.古典文学.词牌　曲牌.词　牌
浪淘沙令,文学学部.古典文学.词牌　曲牌.词　牌
端正好,文学学部.古典文学.词牌　曲牌.词　牌
撷芳词,文学学部.古典文学.词牌　曲牌.词　牌
钗头凤,文学学部.古典文学.词牌　曲牌.词　牌
河传,文学学部.古典文学.词牌　曲牌.词　牌
望远行,文学学部.古典文学.词牌　曲牌.词　牌
木兰花,文学学部.古典文学.词牌　曲牌.词　牌
夜行船,文学学部.古典文学.词牌　曲牌.词　牌
鹧鸪天,文学学部.古典文学.词牌　曲牌.词　牌
虞美人,文学学部.古典文学.词牌　曲牌.词　牌
瑞鹧鸪,文学学部.古典文学.词牌　曲牌.词　牌
玉楼春,文学学部.古典文学.词牌　曲牌.词　牌
鹊桥仙,文学学部.古典文学.词牌　曲牌.词　牌
一斛珠,文学学部.古典文学.词牌　曲牌.词　牌
醉落魄,文学学部.古典文学.词牌　曲牌.词　牌
夜游宫,文学学部.古典文学.词牌　曲牌.词　牌
小重山,文学学部.古典文学.词牌　曲牌.词　牌
踏莎行,文学学部.古典文学.词牌　曲牌.词　牌
集贤宾,文学学部.古典文学.词牌　曲牌.词　牌
步蟾宫,文学学部.古典文学.词牌　曲牌.词　牌
蝶恋花,文学学部.古典文学.词牌　曲牌.词　牌
凤栖梧,文学学部.古典文学.词牌　曲牌.词　牌
惜琼花,文学学部.古典文学.词牌　曲牌.词　牌
一剪梅,文学学部.古典文学.词牌　曲牌.词　牌
唐多令,文学学部.古典文学.词牌　曲牌.词　牌
定风波,文学学部.古典文学.词牌　曲牌.词　牌
破阵子,文学学部.古典文学.词牌　曲牌.词　牌
渔家傲,文学学部.古典文学.词牌　曲牌.词　牌
苏幕遮,文学学部.古典文学.词牌　曲牌.词　牌
喝火令,文学学部.古典文学.词牌　曲牌.词　牌
淡黄柳,文学学部.古典文学.词牌　曲牌.词　牌
行香子,文学学部.古典文学.词牌　曲牌.词　牌
解佩令,文学学部.古典文学.词牌　曲牌.词　牌
谢池春,文学学部.古典文学.词牌　曲牌.词　牌
青玉案,文学学部.古典文学.词牌　曲牌.词　牌
感皇恩,文学学部.古典文学.词牌　曲牌.词　牌
两同心,文学学部.古典文学.词牌　曲牌.词　牌
小桃红,文学学部.古典文学.词牌　曲牌.词　牌
月上海棠,文学学部.古典文学.词牌　曲牌.词　牌
小镇西犯,文学学部.古典文学.词牌　曲牌.词　牌
千秋岁,文学学部.古典文学.词牌　曲牌.词　牌
惜奴娇,文学学部.古典文学.词牌　曲牌.词　牌
忆帝京,文学学部.古典文学.词牌　曲牌.词　牌
粉蝶儿,文学学部.古典文学.词牌　曲牌.词　牌
风入松,文学学部.古典文学.词牌　曲牌.词　牌
剔银灯,文学学部.古典文学.词牌　曲牌.词　牌
千年调,文学学部.古典文学.词牌　曲牌.词　牌
婆罗门引,文学学部.古典文学.词牌　曲牌.词　牌
御街行,文学学部.古典文学.词牌　曲牌.词　牌
祝英台近,文学学部.古典文学.词牌　曲牌.词　牌
四园竹,文学学部.古典文学.词牌　曲牌.词　牌
侧犯,文学学部.古典文学.词牌　曲牌.词　牌
离亭宴,文学学部.古典文学.词牌　曲牌.词　牌
一丛花,文学学部.古典文学.词牌　曲牌.词　牌
红林檎近,文学学部.古典文学.词牌　曲牌.词　牌
金人捧露盘,文学学部.古典文学.词牌　曲牌.词　牌
安公子,文学学部.古典文学.词牌　曲牌.词　牌
最高楼,文学学部.古典文学.词牌　曲牌.词　牌
千秋岁引,文学学部.古典文学.词牌　曲牌.词　牌
长寿乐,文学学部.古典文学.词牌　曲牌.词　牌
迷仙引,文学学部.古典文学.词牌　曲牌.词　牌
促拍满路花,文学学部.古典文学.词牌　曲牌.词　牌
洞仙歌,文学学部.古典文学.词牌　曲牌.词　牌
鹤冲天,文学学部.古典文学.词牌　曲牌.词　牌
婆罗门令,文学学部.古典文学.词牌　曲牌.词　牌
华胥引,文学学部.古典文学.词牌　曲牌.词　牌
江城梅花引,文学学部.古典文学.词牌　曲牌.词　牌
惜红衣,文学学部.古典文学.词牌　曲牌.词　牌
八六子,文学学部.古典文学.词牌　曲牌.词　牌
采莲令,文学学部.古典文学.词牌　曲牌.词　牌
醉翁操,文学学部.古典文学.词牌　曲牌.词　牌
法曲献仙音,文学学部.古典文学.词牌　曲牌.词　牌
满江红,文学学部.古典文学.词牌　曲牌.词　牌
凄凉犯,文学学部.古典文学.词牌　曲牌.词　牌
玉漏迟,文学学部.古典文学.词牌　曲牌.词　牌
尾犯,文学学部.古典文学.词牌　曲牌.词　牌
驻马听,文学学部.古典文学.词牌　曲牌.词　牌
六幺令,文学学部.古典文学.词牌　曲牌.词　牌
水调歌头,文学学部.古典文学.词牌　曲牌.词　牌
满庭芳,文学学部.古典文学.词牌　曲牌.词　牌
天香,文学学部.古典文学.词牌　曲牌.词　牌
汉宫春,文学学部.古典文学.词牌　曲牌.词　牌
倦寻芳慢,文学学部.古典文学.词牌　曲牌.词　牌
八声甘州,文学学部.古典文学.词牌　曲牌.词　牌
迷神引,文学学部.古典文学.词牌　曲牌.词　牌
醉蓬莱,文学学部.古典文学.词牌　曲牌.词　牌
凤凰台上忆吹箫,文学学部.古典文学.词牌　曲牌.词　牌
夜合花,文学学部.古典文学.词牌　曲牌.词　牌
暗香,文学学部.古典文学.词牌　曲牌.词　牌
长亭怨慢,文学学部.古典文学.词牌　曲牌.词　牌
双双燕,文学学部.古典文学.词牌　曲牌.词　牌
春草碧,文学学部.古典文学.词牌　曲牌.词　牌
扬州慢,文学学部.古典文学.词牌　曲牌.词　牌
昼夜乐,文学学部.古典文学.词牌　曲牌.词　牌
声声慢,文学学部.古典文学.词牌　曲牌.词　牌
玲珑四犯,文学学部.古典文学.词牌　曲牌.词　牌
琐窗寒,文学学部.古典文学.词牌　曲牌.词　牌
燕山亭,文学学部.古典文学.词牌　曲牌.词　牌
三姝媚,文学学部.古典文学.词牌　曲牌.词　牌
念奴娇,文学学部.古典文学.词牌　曲牌.词　牌
大江东去,文学学部.古典文学.词牌　曲牌.词　牌
芳草,文学学部.古典文学.词牌　曲牌.词　牌
解语花,文学学部.古典文学.词牌　曲牌.词　牌
渡江云,文学学部.古典文学.词牌　曲牌.词　牌
绛都春,文学学部.古典文学.词牌　曲牌.词　牌
琵琶仙,文学学部.古典文学.词牌　曲牌.词　牌
换巢鸾凤,文学学部.古典文学.词牌　曲牌.词　牌
东风第一枝,文学学部.古典文学.词牌　曲牌.词　牌
高阳台,文学学部.古典文学.词牌　曲牌.词　牌
凤归云,文学学部.古典文学.词牌　曲牌.词　牌
木兰花慢,文学学部.古典文学.词牌　曲牌.词　牌
桂枝香,文学学部.古典文学.词牌　曲牌.词　牌
锦堂春慢,文学学部.古典文学.词牌　曲牌.词　牌
翠楼吟,文学学部.古典文学.词牌　曲牌.词　牌
霓裳中序第一,文学学部.古典文学.词牌　曲牌.词　牌
西平乐,文学学部.古典文学.词牌　曲牌.词　牌
水龙吟,文学学部.古典文学.词牌　曲牌.词　牌
石州慢,文学学部.古典文学.词牌　曲牌.词　牌
宴清都,文学学部.古典文学.词牌　曲牌.词　牌
花犯,文学学部.古典文学.词牌　曲牌.词　牌
瑞鹤仙,文学学部.古典文学.词牌　曲牌.词　牌
齐天乐,文学学部.古典文学.词牌　曲牌.词　牌
氐州第一,文学学部.古典文学.词牌　曲牌.词　牌
湘春夜月,文学学部.古典文学.词牌　曲牌.词　牌
曲游春,文学学部.古典文学.词牌　曲牌.词　牌
竹马子,文学学部.古典文学.词牌　曲牌.词　牌
长相思慢,文学学部.古典文学.词牌　曲牌.词　牌
雨霖铃,文学学部.古典文学.词牌　曲牌.词　牌
探春慢,文学学部.古典文学.词牌　曲牌.词　牌
眉妩,文学学部.古典文学.词牌　曲牌.词　牌
永遇乐,文学学部.古典文学.词牌　曲牌.词　牌
二郎神,文学学部.古典文学.词牌　曲牌.词　牌
倾杯乐,文学学部.古典文学.词牌　曲牌.词　牌
拜星月慢,文学学部.古典文学.词牌　曲牌.词　牌
绮罗香,文学学部.古典文学.词牌　曲牌.词　牌
玉连环,文学学部.古典文学.词牌　曲牌.词　牌
曲玉管,文学学部.古典文学.词牌　曲牌.词　牌
尉迟杯,文学学部.古典文学.词牌　曲牌.词　牌
南浦,文学学部.古典文学.词牌　曲牌.词　牌
西河,文学学部.古典文学.词牌　曲牌.词　牌
解连环,文学学部.古典文学.词牌　曲牌.词　牌
夜飞鹊,文学学部.古典文学.词牌　曲牌.词　牌
青门饮,文学学部.古典文学.词牌　曲牌.词　牌
望海潮,文学学部.古典文学.词牌　曲牌.词　牌
惜黄花慢,文学学部.古典文学.词牌　曲牌.词　牌
一萼红,文学学部.古典文学.词牌　曲牌.词　牌
过秦楼,文学学部.古典文学.词牌　曲牌.词　牌
江城子慢,文学学部.古典文学.词牌　曲牌.词　牌
疏影,文学学部.古典文学.词牌　曲牌.词　牌
沁园春,文学学部.古典文学.词牌　曲牌.词　牌
八归,文学学部.古典文学.词牌　曲牌.词　牌
摸鱼儿,文学学部.古典文学.词牌　曲牌.词　牌
贺新郎,文学学部.古典文学.词牌　曲牌.词　牌
金明池,文学学部.古典文学.词牌　曲牌.词　牌
兰陵王,文学学部.古典文学.词牌　曲牌.词　牌
瑞龙吟,文学学部.古典文学.词牌　曲牌.词　牌
浪淘沙慢,文学学部.古典文学.词牌　曲牌.词　牌
多丽,文学学部.古典文学.词牌　曲牌.词　牌
绿头鸭,文学学部.古典文学.词牌　曲牌.词　牌
六丑,文学学部.古典文学.词牌　曲牌.词　牌
六州歌头,文学学部.古典文学.词牌　曲牌.词　牌
夜半乐,文学学部.古典文学.词牌　曲牌.词　牌
宝鼎现,文学学部.古典文学.词牌　曲牌.词　牌
三台,文学学部.古典文学.词牌　曲牌.词　牌
哨遍,文学学部.古典文学.词牌　曲牌.词　牌
戚氏,文学学部.古典文学.词牌　曲牌.词　牌
莺啼序,文学学部.古典文学.词牌　曲牌.词　牌
薄媚,文学学部.古典文学.词牌　曲牌.词　牌
回心院,文学学部.古典文学.词牌　曲牌.词　牌
醉花阴,文学学部.古典文学.词牌　曲牌.曲　牌
喜迁莺,文学学部.古典文学.词牌　曲牌.曲　牌
出队子,文学学部.古典文学.词牌　曲牌.曲　牌
神仗儿,文学学部.古典文学.词牌　曲牌.曲　牌
节节高,文学学部.古典文学.词牌　曲牌.曲　牌
人月圆,文学学部.古典文学.词牌　曲牌.曲　牌
端正好,文学学部.古典文学.词牌　曲牌.曲　牌
滚绣球,文学学部.古典文学.词牌　曲牌.曲　牌
倘秀才,文学学部.古典文学.词牌　曲牌.曲　牌
叨叨令,文学学部.古典文学.词牌　曲牌.曲　牌
塞鸿秋,文学学部.古典文学.词牌　曲牌.曲　牌
脱布衫,文学学部.古典文学.词牌　曲牌.曲　牌
小梁州,文学学部.古典文学.词牌　曲牌.曲　牌
醉太平,文学学部.古典文学.词牌　曲牌.曲　牌
黑漆弩,文学学部.古典文学.词牌　曲牌.曲　牌
念奴娇,文学学部.古典文学.词牌　曲牌.曲　牌
青杏子,文学学部.古典文学.词牌　曲牌.曲　牌
赏花时,文学学部.古典文学.词牌　曲牌.曲　牌
点绛唇,文学学部.古典文学.词牌　曲牌.曲　牌
混江龙,文学学部.古典文学.词牌　曲牌.曲　牌
油葫芦,文学学部.古典文学.词牌　曲牌.曲　牌
天下乐,文学学部.古典文学.词牌　曲牌.曲　牌
那吒令,文学学部.古典文学.词牌　曲牌.曲　牌
鹊踏枝,文学学部.古典文学.词牌　曲牌.曲　牌
寄生草,文学学部.古典文学.词牌　曲牌.曲　牌
醉中天,文学学部.古典文学.词牌　曲牌.曲　牌
醉扶归,文学学部.古典文学.词牌　曲牌.曲　牌
一半儿,文学学部.古典文学.词牌　曲牌.曲　牌
村里迓鼓,文学学部.古典文学.词牌　曲牌.曲　牌
后庭花,文学学部.古典文学.词牌　曲牌.曲　牌
青哥儿,文学学部.古典文学.词牌　曲牌.曲　牌
粉蝶儿,文学学部.古典文学.词牌　曲牌.曲　牌
醉春风,文学学部.古典文学.词牌　曲牌.曲　牌
迎仙客,文学学部.古典文学.词牌　曲牌.曲　牌
红绣鞋,文学学部.古典文学.词牌　曲牌.曲　牌
普天乐,文学学部.古典文学.词牌　曲牌.曲　牌
醉高歌,文学学部.古典文学.词牌　曲牌.曲　牌
喜春来,文学学部.古典文学.词牌　曲牌.曲　牌
石榴花,文学学部.古典文学.词牌　曲牌.曲　牌
上小楼,文学学部.古典文学.词牌　曲牌.曲　牌
满庭芳,文学学部.古典文学.词牌　曲牌.曲　牌
十二月,文学学部.古典文学.词牌　曲牌.曲　牌
尧民歌,文学学部.古典文学.词牌　曲牌.曲　牌
快活三,文学学部.古典文学.词牌　曲牌.曲　牌
红芍药,文学学部.古典文学.词牌　曲牌.曲　牌
剔银灯,文学学部.古典文学.词牌　曲牌.曲　牌
朝天子,文学学部.古典文学.词牌　曲牌.曲　牌
四边静,文学学部.古典文学.词牌　曲牌.曲　牌
红衫儿,文学学部.古典文学.词牌　曲牌.曲　牌
山坡羊,文学学部.古典文学.词牌　曲牌.曲　牌
卖花声,文学学部.古典文学.词牌　曲牌.曲　牌
四换头,文学学部.古典文学.词牌　曲牌.曲　牌
一枝花,文学学部.古典文学.词牌　曲牌.曲　牌
梁州第七,文学学部.古典文学.词牌　曲牌.曲　牌
骂玉郎,文学学部.古典文学.词牌　曲牌.曲　牌
感皇恩,文学学部.古典文学.词牌　曲牌.曲　牌
采茶歌,文学学部.古典文学.词牌　曲牌.曲　牌
贺新郎,文学学部.古典文学.词牌　曲牌.曲　牌
梧桐树,文学学部.古典文学.词牌　曲牌.曲　牌
四块玉,文学学部.古典文学.词牌　曲牌.曲　牌
金字经,文学学部.古典文学.词牌　曲牌.曲　牌
玉交枝,文学学部.古典文学.词牌　曲牌.曲　牌
新水令,文学学部.古典文学.词牌　曲牌.曲　牌
驻马听,文学学部.古典文学.词牌　曲牌.曲　牌
沉醉东风,文学学部.古典文学.词牌　曲牌.曲　牌
步步娇,文学学部.古典文学.词牌　曲牌.曲　牌
庆宣和,文学学部.古典文学.词牌　曲牌.曲　牌
五供养,文学学部.古典文学.词牌　曲牌.曲　牌
月上海棠,文学学部.古典文学.词牌　曲牌.曲　牌
庆东原,文学学部.古典文学.词牌　曲牌.曲　牌
拨不断,文学学部.古典文学.词牌　曲牌.曲　牌
落梅风,文学学部.古典文学.词牌　曲牌.曲　牌
风入松,文学学部.古典文学.词牌　曲牌.曲　牌
雁儿落,文学学部.古典文学.词牌　曲牌.曲　牌
得胜令,文学学部.古典文学.词牌　曲牌.曲　牌
水仙子,文学学部.古典文学.词牌　曲牌.曲　牌
大德歌,文学学部.古典文学.词牌　曲牌.曲　牌
殿前欢,文学学部.古典文学.词牌　曲牌.曲　牌
滴滴金,文学学部.古典文学.词牌　曲牌.曲　牌
折桂令,文学学部.古典文学.词牌　曲牌.曲　牌
清江引,文学学部.古典文学.词牌　曲牌.曲　牌
江儿水,文学学部.古典文学.词牌　曲牌.曲　牌
沽美酒,文学学部.古典文学.词牌　曲牌.曲　牌
太平令,文学学部.古典文学.词牌　曲牌.曲　牌
川拨棹,文学学部.古典文学.词牌　曲牌.曲　牌
七弟兄,文学学部.古典文学.词牌　曲牌.曲　牌
梅花酒,文学学部.古典文学.词牌　曲牌.曲　牌
收江南,文学学部.古典文学.词牌　曲牌.曲　牌
锦上花,文学学部.古典文学.词牌　曲牌.曲　牌
夜行船,文学学部.古典文学.词牌　曲牌.曲　牌
乔木查,文学学部.古典文学.词牌　曲牌.曲　牌
鸳鸯煞,文学学部.古典文学.词牌　曲牌.曲　牌
离亭宴带歇指煞,文学学部.古典文学.词牌　曲牌.曲　牌
斗鹌鹑,文学学部.古典文学.词牌　曲牌.曲　牌
紫花儿序,文学学部.古典文学.词牌　曲牌.曲　牌
小桃红,文学学部.古典文学.词牌　曲牌.曲　牌
天净沙,文学学部.古典文学.词牌　曲牌.曲　牌
秃厮儿,文学学部.古典文学.词牌　曲牌.曲　牌
寨儿令,文学学部.古典文学.词牌　曲牌.曲　牌
凭阑人,文学学部.古典文学.词牌　曲牌.曲　牌
集贤宾,文学学部.古典文学.词牌　曲牌.曲　牌
逍遥乐,文学学部.古典文学.词牌　曲牌.曲　牌
梧叶儿,文学学部.古典文学.词牌　曲牌.曲　牌
玉抱肚,文学学部.古典文学.词牌　曲牌.曲　牌
黄莺儿,文学学部.古典文学.词牌　曲牌.曲　牌
哨遍,文学学部.古典文学.词牌　曲牌.曲　牌
耍孩儿,文学学部.古典文学.词牌　曲牌.曲　牌
尾声,文学学部.古典文学.词牌　曲牌.曲　牌
煞,文学学部.古典文学.词牌　曲牌.曲　牌
卜算子,文学学部.古典文学.词牌　曲牌.曲　牌
月儿高,文学学部.古典文学.词牌　曲牌.曲　牌
皂罗袍,文学学部.古典文学.词牌　曲牌.曲　牌
醉罗歌,文学学部.古典文学.词牌　曲牌.曲　牌
排歌,文学学部.古典文学.词牌　曲牌.曲　牌
傍妆台,文学学部.古典文学.词牌　曲牌.曲　牌
甘州歌,文学学部.古典文学.词牌　曲牌.曲　牌
桂枝香,文学学部.古典文学.词牌　曲牌.曲　牌
一封书,文学学部.古典文学.词牌　曲牌.曲　牌
解三酲,文学学部.古典文学.词牌　曲牌.曲　牌
掉角儿序,文学学部.古典文学.词牌　曲牌.曲　牌
破齐阵,文学学部.古典文学.词牌　曲牌.曲　牌
玉芙蓉,文学学部.古典文学.词牌　曲牌.曲　牌
锦缠道,文学学部.古典文学.词牌　曲牌.曲　牌
朱奴儿,文学学部.古典文学.词牌　曲牌.曲　牌
白练序,文学学部.古典文学.词牌　曲牌.曲　牌
菊花新,文学学部.古典文学.词牌　曲牌.曲　牌
泣颜回,文学学部.古典文学.词牌　曲牌.曲　牌
驻云飞,文学学部.古典文学.词牌　曲牌.曲　牌
千秋岁,文学学部.古典文学.词牌　曲牌.曲　牌
恋芳春,文学学部.古典文学.词牌　曲牌.曲　牌
大圣乐,文学学部.古典文学.词牌　曲牌.曲　牌
梁州序,文学学部.古典文学.词牌　曲牌.曲　牌
一江风,文学学部.古典文学.词牌　曲牌.曲　牌
香柳娘,文学学部.古典文学.词牌　曲牌.曲　牌
宜春令,文学学部.古典文学.词牌　曲牌.曲　牌
三学士,文学学部.古典文学.词牌　曲牌.曲　牌
香罗带,文学学部.古典文学.词牌　曲牌.曲　牌
罗江怨,文学学部.古典文学.词牌　曲牌.曲　牌
懒画眉,文学学部.古典文学.词牌　曲牌.曲　牌
五更转,文学学部.古典文学.词牌　曲牌.曲　牌
琐窗寒,文学学部.古典文学.词牌　曲牌.曲　牌
西地锦,文学学部.古典文学.词牌　曲牌.曲　牌
画眉序,文学学部.古典文学.词牌　曲牌.曲　牌
滴溜子,文学学部.古典文学.词牌　曲牌.曲　牌
啄木儿,文学学部.古典文学.词牌　曲牌.曲　牌
下山虎,文学学部.古典文学.词牌　曲牌.曲　牌
绕池游,文学学部.古典文学.词牌　曲牌.曲　牌
金络索,文学学部.古典文学.词牌　曲牌.曲　牌
二郎神,文学学部.古典文学.词牌　曲牌.曲　牌
簇御林,文学学部.古典文学.词牌　曲牌.曲　牌
琥珀猫儿坠,文学学部.古典文学.词牌　曲牌.曲　牌
金珑璁,文学学部.古典文学.词牌　曲牌.曲　牌
孝南歌,文学学部.古典文学.词牌　曲牌.曲　牌
锁南枝,文学学部.古典文学.词牌　曲牌.曲　牌
二犯江儿水,文学学部.古典文学.词牌　曲牌.曲　牌
朝元令,文学学部.古典文学.词牌　曲牌.曲　牌
字字双,文学学部.古典文学.词牌　曲牌.曲　牌
好姐姐,文学学部.古典文学.词牌　曲牌.曲　牌
园林好,文学学部.古典文学.词牌　曲牌.曲　牌
急三枪,文学学部.古典文学.词牌　曲牌.曲　牌
忒忒令,文学学部.古典文学.词牌　曲牌.曲　牌
赚,文学学部.古典文学.词牌　曲牌.曲　牌
姜子牙,文学学部.古典文学.文学故事人物与神话传说人物
那吒,文学学部.古典文学.文学故事人物与神话传说人物
哪吒,文学学部.古典文学.文学故事人物与神话传说人物
二郎神,文学学部.古典文学.文学故事人物与神话传说人物
妲己,文学学部.古典文学.文学故事人物与神话传说人物
申公豹,文学学部.古典文学.文学故事人物与神话传说人物
干将、莫邪,文学学部.古典文学.文学故事人物与神话传说人物
西施,文学学部.古典文学.文学故事人物与神话传说人物
东郭先生,文学学部.古典文学.文学故事人物与神话传说人物
中山狼,文学学部.古典文学.文学故事人物与神话传说人物
无盐,文学学部.古典文学.文学故事人物与神话传说人物
孟姜女,文学学部.古典文学.文学故事人物与神话传说人物
徐福,文学学部.古典文学.文学故事人物与神话传说人物
戚夫人,文学学部.古典文学.文学故事人物与神话传说人物
貂蝉,文学学部.古典文学.文学故事人物与神话传说人物
韩凭夫妇,文学学部.古典文学.文学故事人物与神话传说人物
秦青,文学学部.古典文学.文学故事人物与神话传说人物
韩娥,文学学部.古典文学.文学故事人物与神话传说人物
董永,文学学部.古典文学.文学故事人物与神话传说人物
苏小小,文学学部.古典文学.文学故事人物与神话传说人物
莫愁,文学学部.古典文学.文学故事人物与神话传说人物
木兰,文学学部.古典文学.文学故事人物与神话传说人物
红拂,文学学部.古典文学.文学故事人物与神话传说人物
唐僧,文学学部.古典文学.文学故事人物与神话传说人物
孙悟空,文学学部.古典文学.文学故事人物与神话传说人物
猪八戒,文学学部.古典文学.文学故事人物与神话传说人物
铁扇公主,文学学部.古典文学.文学故事人物与神话传说人物
罗刹女,文学学部.古典文学.文学故事人物与神话传说人物
张生,文学学部.古典文学.文学故事人物与神话传说人物
崔莺莺,文学学部.古典文学.文学故事人物与神话传说人物
红娘,文学学部.古典文学.文学故事人物与神话传说人物
关盼盼,文学学部.古典文学.文学故事人物与神话传说人物
杜秋娘,文学学部.古典文学.文学故事人物与神话传说人物
秋娘,文学学部.古典文学.文学故事人物与神话传说人物
杨老令公,文学学部.古典文学.文学故事人物与神话传说人物
佘太君,文学学部.古典文学.文学故事人物与神话传说人物
穆桂英,文学学部.古典文学.文学故事人物与神话传说人物
苏小妹,文学学部.古典文学.文学故事人物与神话传说人物
林冲,文学学部.古典文学.文学故事人物与神话传说人物
李逵,文学学部.古典文学.文学故事人物与神话传说人物
鲁智深,文学学部.古典文学.文学故事人物与神话传说人物
武松,文学学部.古典文学.文学故事人物与神话传说人物
双渐,文学学部.古典文学.文学故事人物与神话传说人物
苏卿,文学学部.古典文学.文学故事人物与神话传说人物
冯魁,文学学部.古典文学.文学故事人物与神话传说人物
王魁,文学学部.古典文学.文学故事人物与神话传说人物
敫桂英,文学学部.古典文学.文学故事人物与神话传说人物
焦桂英,文学学部.古典文学.文学故事人物与神话传说人物
沉香,文学学部.古典文学.文学故事人物与神话传说人物
贾桂,文学学部.古典文学.文学故事人物与神话传说人物
杜丽娘,文学学部.古典文学.文学故事人物与神话传说人物
冯小青,文学学部.古典文学.文学故事人物与神话传说人物
李香君,文学学部.古典文学.文学故事人物与神话传说人物
董小宛,文学学部.古典文学.文学故事人物与神话传说人物
杜少卿,文学学部.古典文学.文学故事人物与神话传说人物
范进,文学学部.古典文学.文学故事人物与神话传说人物
马二先生,文学学部.古典文学.文学故事人物与神话传说人物
贾宝玉,文学学部.古典文学.文学故事人物与神话传说人物
林黛玉,文学学部.古典文学.文学故事人物与神话传说人物
薛宝钗,文学学部.古典文学.文学故事人物与神话传说人物
王熙凤,文学学部.古典文学.文学故事人物与神话传说人物
尤三姐,文学学部.古典文学.文学故事人物与神话传说人物
刘姥姥,文学学部.古典文学.文学故事人物与神话传说人物
女娲氏,文学学部.古典文学.文学故事人物与神话传说人物
伏羲氏,文学学部.古典文学.文学故事人物与神话传说人物
盘古氏,文学学部.古典文学.文学故事人物与神话传说人物
槃瓠,文学学部.古典文学.文学故事人物与神话传说人物
蚩尤,文学学部.古典文学.文学故事人物与神话传说人物
共工,文学学部.古典文学.文学故事人物与神话传说人物
康回,文学学部.古典文学.文学故事人物与神话传说人物
羲和,文学学部.古典文学.文学故事人物与神话传说人物
后羿,文学学部.古典文学.文学故事人物与神话传说人物
羿,文学学部.古典文学.文学故事人物与神话传说人物
嫦娥,文学学部.古典文学.文学故事人物与神话传说人物
夸父,文学学部.古典文学.文学故事人物与神话传说人物
刑天,文学学部.古典文学.文学故事人物与神话传说人物
精卫,文学学部.古典文学.文学故事人物与神话传说人物
洛神,文学学部.古典文学.文学故事人物与神话传说人物
宓妃,文学学部.古典文学.文学故事人物与神话传说人物
娥皇女英,文学学部.古典文学.文学故事人物与神话传说人物
冯夷,文学学部.古典文学.文学故事人物与神话传说人物
无夷,文学学部.古典文学.文学故事人物与神话传说人物
河伯,文学学部.古典文学.文学故事人物与神话传说人物
彭祖,文学学部.古典文学.文学故事人物与神话传说人物
西王母,文学学部.古典文学.文学故事人物与神话传说人物
麻姑,文学学部.古典文学.文学故事人物与神话传说人物
萧史、弄玉,文学学部.古典文学.文学故事人物与神话传说人物
弄玉,文学学部.古典文学.文学故事人物与神话传说人物
王乔,文学学部.古典文学.文学故事人物与神话传说人物
王子侨,文学学部.古典文学.文学故事人物与神话传说人物
王子乔,文学学部.古典文学.文学故事人物与神话传说人物
王子晋,文学学部.古典文学.文学故事人物与神话传说人物
东海孝妇,文学学部.古典文学.文学故事人物与神话传说人物
郑交甫,文学学部.古典文学.文学故事人物与神话传说人物
壶公,文学学部.古典文学.文学故事人物与神话传说人物
刘阮,文学学部.古典文学.文学故事人物与神话传说人物
丁令威,文学学部.古典文学.文学故事人物与神话传说人物
牛郎织女,文学学部.古典文学.文学故事人物与神话传说人物
吴刚,文学学部.古典文学.文学故事人物与神话传说人物
月下老人,文学学部.古典文学.文学故事人物与神话传说人物
钟馗,文学学部.古典文学.文学故事人物与神话传说人物
八仙,文学学部.古典文学.文学故事人物与神话传说人物
汉钟离,文学学部.古典文学.文学故事人物与神话传说人物
吕洞宾,文学学部.古典文学.文学故事人物与神话传说人物
铁拐李,文学学部.古典文学.文学故事人物与神话传说人物
李铁拐,文学学部.古典文学.文学故事人物与神话传说人物
张果老,文学学部.古典文学.文学故事人物与神话传说人物
韩湘子,文学学部.古典文学.文学故事人物与神话传说人物
蓝采和,文学学部.古典文学.文学故事人物与神话传说人物
何仙姑,文学学部.古典文学.文学故事人物与神话传说人物
曹国舅,文学学部.古典文学.文学故事人物与神话传说人物
新文学,文学学部.现代文学.名词术语
文学革命,文学学部.现代文学.名词术语
新诗,文学学部.现代文学.名词术语
为人生而艺术,文学学部.现代文学.名词术语
革命文学,文学学部.现代文学.名词术语
普罗文学,文学学部.现代文学.名词术语
民族主义文艺,文学学部.现代文学.名词术语
文化“围剿”,文学学部.现代文学.名词术语
反文化“围剿”,文学学部.现代文学.名词术语
第三种人,文学学部.现代文学.名词术语
“文艺自由”论,文学学部.现代文学.名词术语
国防文学,文学学部.现代文学.名词术语
民族革命战争的大众文学,文学学部.现代文学.名词术语
文艺界抗日民族统一战线,文学学部.现代文学.名词术语
延安文艺座谈会,文学学部.现代文学.名词术语
中国文学艺术工作者代表大会,文学学部.现代文学.名词术语
茅盾文学奖,文学学部.现代文学.名词术语
春柳社,文学学部.现代文学.社团　流派
新潮社,文学学部.现代文学.社团　流派
文学研究会,文学学部.现代文学.社团　流派
民众戏剧社,文学学部.现代文学.社团　流派
创造社,文学学部.现代文学.社团　流派
戏剧协社,文学学部.现代文学.社团　流派
星社,文学学部.现代文学.社团　流派
湖畔诗社,文学学部.现代文学.社团　流派
浅草社,文学学部.现代文学.社团　流派
绿波社,文学学部.现代文学.社团　流派
新月社,文学学部.现代文学.社团　流派
弥洒社,文学学部.现代文学.社团　流派
狂飙社,文学学部.现代文学.社团　流派
未名社,文学学部.现代文学.社团　流派
沉钟社,文学学部.现代文学.社团　流派
南国社,文学学部.现代文学.社团　流派
朝花社,文学学部.现代文学.社团　流派
太阳社,文学学部.现代文学.社团　流派
摩登社,文学学部.现代文学.社团　流派
中国左翼作家联盟,文学学部.现代文学.社团　流派
左联,文学学部.现代文学.社团　流派
中国左翼文化界总同盟,文学学部.现代文学.社团　流派
文总,文学学部.现代文学.社团　流派
中国诗歌会,文学学部.现代文学.社团　流派
中华全国文艺界抗敌协会,文学学部.现代文学.社团　流派
文协,文学学部.现代文学.社团　流派
蓝星社,文学学部.现代文学.社团　流派
创世纪诗社,文学学部.现代文学.社团　流派
笠诗社,文学学部.现代文学.社团　流派
中国文学艺术界联合会,文学学部.现代文学.社团　流派
中华全国文学艺术界联合会,文学学部.现代文学.社团　流派
文联,文学学部.现代文学.社团　流派
中国作家协会,文学学部.现代文学.社团　流派
作协,文学学部.现代文学.社团　流派
中国笔会中心,文学学部.现代文学.社团　流派
鸳鸯蝴蝶派,文学学部.现代文学.社团　流派
礼拜六派,文学学部.现代文学.社团　流派
学衡派,文学学部.现代文学.社团　流派
现代评论派,文学学部.现代文学.社团　流派
新月派,文学学部.现代文学.社团　流派
七月派,文学学部.现代文学.社团　流派
论语派,文学学部.现代文学.社团　流派
朦胧诗派,文学学部.现代文学.社团　流派
伍光建,文学学部.现代文学.作家　作品
包天笑,文学学部.现代文学.作家　作品
刘大白,文学学部.现代文学.作家　作品
鲁迅,文学学部.现代文学.作家　作品
周树人,文学学部.现代文学.作家　作品
周作人,文学学部.现代文学.作家　作品
夏丏尊,文学学部.现代文学.作家　作品
陈大悲,文学学部.现代文学.作家　作品
刘永济,文学学部.现代文学.作家　作品
陈中凡,文学学部.现代文学.作家　作品
徐枕亚,文学学部.现代文学.作家　作品
向恺然,文学学部.现代文学.作家　作品
欧阳予倩,文学学部.现代文学.作家　作品
梅光迪,文学学部.现代文学.作家　作品
陈寅恪,文学学部.现代文学.作家　作品
刘半农,文学学部.现代文学.作家　作品
李劼人,文学学部.现代文学.作家　作品
胡適,文学学部.现代文学.作家　作品
郭沫若,文学学部.现代文学.作家　作品
许地山,文学学部.现代文学.作家　作品
张资平,文学学部.现代文学.作家　作品
傅东华,文学学部.现代文学.作家　作品
丁西林,文学学部.现代文学.作家　作品
陈衡哲,文学学部.现代文学.作家　作品
程小青,文学学部.现代文学.作家　作品
郭绍虞,文学学部.现代文学.作家　作品
赖和,文学学部.现代文学.作家　作品
洪深,文学学部.现代文学.作家　作品
周瘦鹃,文学学部.现代文学.作家　作品
胡先骕,文学学部.现代文学.作家　作品
吴宓,文学学部.现代文学.作家　作品
白薇,文学学部.现代文学.作家　作品
叶圣陶,文学学部.现代文学.作家　作品
叶绍钧,文学学部.现代文学.作家　作品
邹韬奋,文学学部.现代文学.作家　作品
张恨水,文学学部.现代文学.作家　作品
林语堂,文学学部.现代文学.作家　作品
郑伯奇,文学学部.现代文学.作家　作品
郑逸梅,文学学部.现代文学.作家　作品
郁达夫,文学学部.现代文学.作家　作品
傅斯年,文学学部.现代文学.作家　作品
康白情,文学学部.现代文学.作家　作品
张道藩,文学学部.现代文学.作家　作品
陈西滢,文学学部.现代文学.作家　作品
茅盾,文学学部.现代文学.作家　作品
沈雁冰,文学学部.现代文学.作家　作品
萧三,文学学部.现代文学.作家　作品
朱东润,文学学部.现代文学.作家　作品
徐志摩,文学学部.现代文学.作家　作品
王统照,文学学部.现代文学.作家　作品
余上沅,文学学部.现代文学.作家　作品
成仿吾,文学学部.现代文学.作家　作品
许钦文,文学学部.现代文学.作家　作品
朱光潜,文学学部.现代文学.作家　作品
宗白华,文学学部.现代文学.作家　作品
曹靖华,文学学部.现代文学.作家　作品
苏雪林,文学学部.现代文学.作家　作品
庐隐,文学学部.现代文学.作家　作品
王独清,文学学部.现代文学.作家　作品
耿济之,文学学部.现代文学.作家　作品
朱自清,文学学部.现代文学.作家　作品
高长虹,文学学部.现代文学.作家　作品
郑振铎,文学学部.现代文学.作家　作品
田汉,文学学部.现代文学.作家　作品
丰子恺,文学学部.现代文学.作家　作品
陈子展,文学学部.现代文学.作家　作品
瞿秋白,文学学部.现代文学.作家　作品
闻一多,文学学部.现代文学.作家　作品
老舍,文学学部.现代文学.作家　作品
游国恩,文学学部.现代文学.作家　作品
应修人,文学学部.现代文学.作家　作品
熊佛西,文学学部.现代文学.作家　作品
穆木天,文学学部.现代文学.作家　作品
魏金枝,文学学部.现代文学.作家　作品
冯沅君,文学学部.现代文学.作家　作品
李金髮,文学学部.现代文学.作家　作品
吴浊流,文学学部.现代文学.作家　作品
阿英,文学学部.现代文学.作家　作品
钱杏邨,文学学部.现代文学.作家　作品
夏承焘,文学学部.现代文学.作家　作品
俞平伯,文学学部.现代文学.作家　作品
夏衍,文学学部.现代文学.作家　作品
冰心,文学学部.现代文学.作家　作品
蒋光慈,文学学部.现代文学.作家　作品
鲁彦,文学学部.现代文学.作家　作品
冯文炳,文学学部.现代文学.作家　作品
废名,文学学部.现代文学.作家　作品
王任叔,文学学部.现代文学.作家　作品
巴人,文学学部.现代文学.作家　作品
冯乃超,文学学部.现代文学.作家　作品
唐圭璋,文学学部.现代文学.作家　作品
许杰,文学学部.现代文学.作家　作品
柔石,文学学部.现代文学.作家　作品
潘漠华,文学学部.现代文学.作家　作品
张我军,文学学部.现代文学.作家　作品
李寿民,文学学部.现代文学.作家　作品
还珠楼主,文学学部.现代文学.作家　作品
柯仲平,文学学部.现代文学.作家　作品
孙用,文学学部.现代文学.作家　作品
胡风,文学学部.现代文学.作家　作品
梁实秋,文学学部.现代文学.作家　作品
沈从文,文学学部.现代文学.作家　作品
毕修勺,文学学部.现代文学.作家　作品
汪静之,文学学部.现代文学.作家　作品
胡也频,文学学部.现代文学.作家　作品
洪灵菲,文学学部.现代文学.作家　作品
林徽因,文学学部.现代文学.作家　作品
林徽音,文学学部.现代文学.作家　作品
冯雪峰,文学学部.现代文学.作家　作品
陆侃如,文学学部.现代文学.作家　作品
梁宗岱,文学学部.现代文学.作家　作品
聂绀弩,文学学部.现代文学.作家　作品
黄药眠,文学学部.现代文学.作家　作品
蒋天枢,文学学部.现代文学.作家　作品
台静农,文学学部.现代文学.作家　作品
钟敬文,文学学部.现代文学.作家　作品
朱湘,文学学部.现代文学.作家　作品
黎烈文,文学学部.现代文学.作家　作品
刘大杰,文学学部.现代文学.作家　作品
丁玲,文学学部.现代文学.作家　作品
李何林,文学学部.现代文学.作家　作品
凌叔华,文学学部.现代文学.作家　作品
艾芜,文学学部.现代文学.作家　作品
沙汀,文学学部.现代文学.作家　作品
李霁野,文学学部.现代文学.作家　作品
巴金,文学学部.现代文学.作家　作品
刘呐鸥,文学学部.现代文学.作家　作品
戴望舒,文学学部.现代文学.作家　作品
杨逵,文学学部.现代文学.作家　作品
冯至,文学学部.现代文学.作家　作品
孙大雨,文学学部.现代文学.作家　作品
楼适夷,文学学部.现代文学.作家　作品
施蛰存,文学学部.现代文学.作家　作品
臧克家,文学学部.现代文学.作家　作品
李广田,文学学部.现代文学.作家　作品
邵洵美,文学学部.现代文学.作家　作品
赵树理,文学学部.现代文学.作家　作品
邵荃麟,文学学部.现代文学.作家　作品
李健吾,文学学部.现代文学.作家　作品
刘西渭,文学学部.现代文学.作家　作品
张天翼,文学学部.现代文学.作家　作品
萧涤非,文学学部.现代文学.作家　作品
蔡仪,文学学部.现代文学.作家　作品
余冠英,文学学部.现代文学.作家　作品
谢冰莹,文学学部.现代文学.作家　作品
冯铿,文学学部.现代文学.作家　作品
周文,文学学部.现代文学.作家　作品
苏汶,文学学部.现代文学.作家　作品
阿垅,文学学部.现代文学.作家　作品
关露,文学学部.现代文学.作家　作品
萧军,文学学部.现代文学.作家　作品
陆蠡,文学学部.现代文学.作家　作品
傅雷,文学学部.现代文学.作家　作品
周立波,文学学部.现代文学.作家　作品
姜贵,文学学部.现代文学.作家　作品
徐█,文学学部.现代文学.作家　作品
周扬,文学学部.现代文学.作家　作品
秦瘦鸥,文学学部.现代文学.作家　作品
吴组缃,文学学部.现代文学.作家　作品
陈白尘,文学学部.现代文学.作家　作品
陈纪滢,文学学部.现代文学.作家　作品
欧阳山,文学学部.现代文学.作家　作品
钱仲联,文学学部.现代文学.作家　作品
殷夫,文学学部.现代文学.作家　作品
靳以,文学学部.现代文学.作家　作品
丽尼,文学学部.现代文学.作家　作品
张文环,文学学部.现代文学.作家　作品
柯灵,文学学部.现代文学.作家　作品
杨明照,文学学部.现代文学.作家　作品
徐懋庸,文学学部.现代文学.作家　作品
李长之,文学学部.现代文学.作家　作品
师陀,文学学部.现代文学.作家　作品
芦焚,文学学部.现代文学.作家　作品
吴强,文学学部.现代文学.作家　作品
艾青,文学学部.现代文学.作家　作品
曹禺,文学学部.现代文学.作家　作品
公木,文学学部.现代文学.作家　作品
钱钟(鍾)书,文学学部.现代文学.作家　作品
萧乾,文学学部.现代文学.作家　作品
姚雪垠,文学学部.现代文学.作家　作品
卞之琳,文学学部.现代文学.作家　作品
常风,文学学部.现代文学.作家　作品
萧红,文学学部.现代文学.作家　作品
蒲风,文学学部.现代文学.作家　作品
叶以群,文学学部.现代文学.作家　作品
陈梦家,文学学部.现代文学.作家　作品
侣伦,文学学部.现代文学.作家　作品
龙瑛宗,文学学部.现代文学.作家　作品
叶紫,文学学部.现代文学.作家　作品
穆时英,文学学部.现代文学.作家　作品
朱生豪,文学学部.现代文学.作家　作品
覃子豪,文学学部.现代文学.作家　作品
何其芳,文学学部.现代文学.作家　作品
孔罗荪,文学学部.现代文学.作家　作品
端木蕻良,文学学部.现代文学.作家　作品
王辛笛,文学学部.现代文学.作家　作品
杨朔,文学学部.现代文学.作家　作品
盛澄华,文学学部.现代文学.作家　作品
舒群,文学学部.现代文学.作家　作品
唐弢,文学学部.现代文学.作家　作品
冯亦代,文学学部.现代文学.作家　作品
王瑶,文学学部.现代文学.作家　作品
陈荒煤,文学学部.现代文学.作家　作品
戈宝权,文学学部.现代文学.作家　作品
程千帆,文学学部.现代文学.作家　作品
孙犁,文学学部.现代文学.作家　作品
张光年,文学学部.现代文学.作家　作品
草明,文学学部.现代文学.作家　作品
吕赫若,文学学部.现代文学.作家　作品
李英儒,文学学部.现代文学.作家　作品
杨沫,文学学部.现代文学.作家　作品
徐迟,文学学部.现代文学.作家　作品
梁斌,文学学部.现代文学.作家　作品
王西彦,文学学部.现代文学.作家　作品
赵清阁,文学学部.现代文学.作家　作品
周而复,文学学部.现代文学.作家　作品
梅志,文学学部.现代文学.作家　作品
钟理和,文学学部.现代文学.作家　作品
吕荧,文学学部.现代文学.作家　作品
严文井,文学学部.现代文学.作家　作品
夏济安,文学学部.现代文学.作家　作品
柳青,文学学部.现代文学.作家　作品
满涛,文学学部.现代文学.作家　作品
袁水拍,文学学部.现代文学.作家　作品
马凡陀,文学学部.现代文学.作家　作品
田间,文学学部.现代文学.作家　作品
汝龙,文学学部.现代文学.作家　作品
秦兆阳,文学学部.现代文学.作家　作品
刘白羽,文学学部.现代文学.作家　作品
骆宾基,文学学部.现代文学.作家　作品
邹荻帆,文学学部.现代文学.作家　作品
无名氏,文学学部.现代文学.作家　作品
韦君宜,文学学部.现代文学.作家　作品
吴祖光,文学学部.现代文学.作家　作品
穆旦,文学学部.现代文学.作家　作品
查良铮,文学学部.现代文学.作家　作品
刘知侠,文学学部.现代文学.作家　作品
林海音,文学学部.现代文学.作家　作品
杜运燮,文学学部.现代文学.作家　作品
郭小川,文学学部.现代文学.作家　作品
李俍民,文学学部.现代文学.作家　作品
秦牧,文学学部.现代文学.作家　作品
冯牧,文学学部.现代文学.作家　作品
侯金镜,文学学部.现代文学.作家　作品
唐祈,文学学部.现代文学.作家　作品
张爱玲,文学学部.现代文学.作家　作品
汪曾祺,文学学部.现代文学.作家　作品
唐湜,文学学部.现代文学.作家　作品
杜鹏程,文学学部.现代文学.作家　作品
王汶石,文学学部.现代文学.作家　作品
李季,文学学部.现代文学.作家　作品
高阳,文学学部.现代文学.作家　作品
路翎,文学学部.现代文学.作家　作品
曾卓,文学学部.现代文学.作家　作品
马烽,文学学部.现代文学.作家　作品
闻捷,文学学部.现代文学.作家　作品
蒋孔阳,文学学部.现代文学.作家　作品
曲波,文学学部.现代文学.作家　作品
茹志鹃,文学学部.现代文学.作家　作品
朱西宁,文学学部.现代文学.作家　作品
罗洛,文学学部.现代文学.作家　作品
公刘,文学学部.现代文学.作家　作品
高晓声,文学学部.现代文学.作家　作品
陆文夫,文学学部.现代文学.作家　作品
王愿坚,文学学部.现代文学.作家　作品
张中晓,文学学部.现代文学.作家　作品
方之,文学学部.现代文学.作家　作品
昌耀,文学学部.现代文学.作家　作品
古龙,文学学部.现代文学.作家　作品
梅新,文学学部.现代文学.作家　作品
戴厚英,文学学部.现代文学.作家　作品
王祯和,文学学部.现代文学.作家　作品
洪醒夫,文学学部.现代文学.作家　作品
路遥,文学学部.现代文学.作家　作品
王小波,文学学部.现代文学.作家　作品
顾城,文学学部.现代文学.作家　作品
林燿德,文学学部.现代文学.作家　作品
海子,文学学部.现代文学.作家　作品
左联五烈士,文学学部.现代文学.作家　作品
狂人日记,文学学部.现代文学.作家　作品
尝试集,文学学部.现代文学.作家　作品
女神,文学学部.现代文学.作家　作品
沉沦,文学学部.现代文学.作家　作品
阿Q正传,文学学部.现代文学.作家　作品
呐喊,文学学部.现代文学.作家　作品
彷徨,文学学部.现代文学.作家　作品
志摩的诗,文学学部.现代文学.作家　作品
寄小读者,文学学部.现代文学.作家　作品
坟,文学学部.现代文学.作家　作品
野草,文学学部.现代文学.作家　作品
蚀,文学学部.现代文学.作家　作品
朝花夕拾,文学学部.现代文学.作家　作品
莎菲女士的日记,文学学部.现代文学.作家　作品
虹,文学学部.现代文学.作家　作品
家,文学学部.现代文学.作家　作品
子夜,文学学部.现代文学.作家　作品
边城,文学学部.现代文学.作家　作品
雷雨,文学学部.现代文学.作家　作品
生死场,文学学部.现代文学.作家　作品
八月的乡村,文学学部.现代文学.作家　作品
故事新编,文学学部.现代文学.作家　作品
死水微澜,文学学部.现代文学.作家　作品
日出,文学学部.现代文学.作家　作品
骆驼祥子,文学学部.现代文学.作家　作品
画梦录,文学学部.现代文学.作家　作品
上海屋檐下,文学学部.现代文学.作家　作品
向太阳,文学学部.现代文学.作家　作品
呼兰河传,文学学部.现代文学.作家　作品
北京人,文学学部.现代文学.作家　作品
北方,文学学部.现代文学.作家　作品
传奇,文学学部.现代文学.作家　作品
芳草天涯,文学学部.现代文学.作家　作品
白毛女,文学学部.现代文学.作家　作品
围城,文学学部.现代文学.作家　作品
寒夜,文学学部.现代文学.作家　作品
财主的儿女们,文学学部.现代文学.作家　作品
四世同堂,文学学部.现代文学.作家　作品
茶馆,文学学部.现代文学.作家　作品
关汉卿,文学学部.现代文学.作家　作品
随想录,文学学部.现代文学.作家　作品
鲁迅全集,文学学部.现代文学.作家　作品
郭沫若全集,文学学部.现代文学.作家　作品
茅盾全集,文学学部.现代文学.作家　作品
巴金全集,文学学部.现代文学.作家　作品
知堂文集,文学学部.现代文学.作家　作品
中国新文学大系,文学学部.现代文学.作家　作品
文学丛刊,文学学部.现代文学.作家　作品
新小说,文学学部.现代文学.期　刊
绣像小说,文学学部.现代文学.期　刊
月月小说,文学学部.现代文学.期　刊
小说林,文学学部.现代文学.期　刊
小说月报,文学学部.现代文学.期　刊
自由谈,文学学部.现代文学.期　刊
甲寅,文学学部.现代文学.期　刊
礼拜六,文学学部.现代文学.期　刊
学灯,文学学部.现代文学.期　刊
文学周报,文学学部.现代文学.期　刊
晨报副镌,文学学部.现代文学.期　刊
诗,文学学部.现代文学.期　刊
学衡,文学学部.现代文学.期　刊
创造,文学学部.现代文学.期　刊
洪水,文学学部.现代文学.期　刊
语丝,文学学部.现代文学.期　刊
现代评论,文学学部.现代文学.期　刊
莽原,文学学部.现代文学.期　刊
未名,文学学部.现代文学.期　刊
文化批判,文学学部.现代文学.期　刊
太阳月刊,文学学部.现代文学.期　刊
奔流,文学学部.现代文学.期　刊
大众文艺,文学学部.现代文学.期　刊
新流月报,文学学部.现代文学.期　刊
萌芽,文学学部.现代文学.期　刊
新地,文学学部.现代文学.期　刊
拓荒者,文学学部.现代文学.期　刊
骆驼草,文学学部.现代文学.期　刊
世界文化,文学学部.现代文学.期　刊
文艺新闻,文学学部.现代文学.期　刊
前哨,文学学部.现代文学.期　刊
文学导报,文学学部.现代文学.期　刊
北斗,文学学部.现代文学.期　刊
十字街头,文学学部.现代文学.期　刊
文学,文学学部.现代文学.期　刊
现代,文学学部.现代文学.期　刊
文学月报,文学学部.现代文学.期　刊
论语,文学学部.现代文学.期　刊
文化月报,文学学部.现代文学.期　刊
文学季刊,文学学部.现代文学.期　刊
文季月刊,文学学部.现代文学.期　刊
译文,文学学部.现代文学.期　刊
太白,文学学部.现代文学.期　刊
水星,文学学部.现代文学.期　刊
宇宙风,文学学部.现代文学.期　刊
海燕,文学学部.现代文学.期　刊
作家,文学学部.现代文学.期　刊
光明,文学学部.现代文学.期　刊
中流,文学学部.现代文学.期　刊
新诗,文学学部.现代文学.期　刊
希望,文学学部.现代文学.期　刊
文丛,文学学部.现代文学.期　刊
文学杂志,文学学部.现代文学.期　刊
烽火,文学学部.现代文学.期　刊
七月,文学学部.现代文学.期　刊
文艺阵地,文学学部.现代文学.期　刊
抗战文艺,文学学部.现代文学.期　刊
文艺突击,文学学部.现代文学.期　刊
文艺战线,文学学部.现代文学.期　刊
中国文化,文学学部.现代文学.期　刊
战国策,文学学部.现代文学.期　刊
野草,文学学部.现代文学.期　刊
万象,文学学部.现代文学.期　刊
草叶,文学学部.现代文学.期　刊
谷雨,文学学部.现代文学.期　刊
文艺杂志,文学学部.现代文学.期　刊
古今,文学学部.现代文学.期　刊
文艺复兴,文学学部.现代文学.期　刊
文学战线,文学学部.现代文学.期　刊
文艺报,文学学部.现代文学.期　刊
人民文学,文学学部.现代文学.期　刊
诗刊,文学学部.现代文学.期　刊
收获,文学学部.现代文学.期　刊
民间文学,文学学部.民间文学.名词术语
民间文艺学,文学学部.民间文学.名词术语
采风,文学学部.民间文学.名词术语
田野作业,文学学部.民间文学.名词术语
母题,文学学部.民间文学.名词术语
母题索引,文学学部.民间文学.名词术语
AT分类法,文学学部.民间文学.名词术语
神话学,文学学部.民间文学.名词术语
谚语,文学学部.民间文学.名词术语
俗语,文学学部.民间文学.名词术语
歇后语,文学学部.民间文学.名词术语
谜语,文学学部.民间文学.名词术语
对联,文学学部.民间文学.名词术语
王少堂,文学学部.民间文学.作　家
秦地女,文学学部.民间文学.作　家
顾颉刚,文学学部.民间文学.作　家
王老九,文学学部.民间文学.作　家
董作宾,文学学部.民间文学.作　家
霍满生,文学学部.民间文学.作　家
容肇祖,文学学部.民间文学.作　家
钟敬文,文学学部.民间文学.作　家
萧甘牛,文学学部.民间文学.作　家
韩起祥,文学学部.民间文学.作　家
袁珂,文学学部.民间文学.作　家
张紫晨,文学学部.民间文学.作　家
张士杰,文学学部.民间文学.作　家
神话,文学学部.民间文学.神　话
创世神话,文学学部.民间文学.神　话
日月星辰神话,文学学部.民间文学.神　话
动植物起源神话,文学学部.民间文学.神　话
洪水神话,文学学部.民间文学.神　话
图腾神话,文学学部.民间文学.神　话
盘古,文学学部.民间文学.神　话
浑沌,文学学部.民间文学.神　话
三皇,文学学部.民间文学.神　话
五帝,文学学部.民间文学.神　话
伏羲,文学学部.民间文学.神　话
女娲,文学学部.民间文学.神　话
女娲补天,文学学部.民间文学.神　话
女娲造人,文学学部.民间文学.神　话
神农氏,文学学部.民间文学.神　话
黄帝,文学学部.民间文学.神　话
螺祖,文学学部.民间文学.神　话
炎帝,文学学部.民间文学.神　话
少昊,文学学部.民间文学.神　话
颛顼,文学学部.民间文学.神　话
太昊,文学学部.民间文学.神　话
句芒,文学学部.民间文学.神　话
精卫填海,文学学部.民间文学.神　话
帝俊,文学学部.民间文学.神　话
羲和,文学学部.民间文学.神　话
帝喾,文学学部.民间文学.神　话
姜嫄,文学学部.民间文学.神　话
简狄,文学学部.民间文学.神　话
后稷,文学学部.民间文学.神　话
契,文学学部.民间文学.神　话
羿,文学学部.民间文学.神　话
羿射九日,文学学部.民间文学.神　话
嫦娥,文学学部.民间文学.神　话
嫦娥奔月,文学学部.民间文学.神　话
蚩尤,文学学部.民间文学.神　话
后土,文学学部.民间文学.神　话
夸父追日,文学学部.民间文学.神　话
共工,文学学部.民间文学.神　话
祝融,文学学部.民间文学.神　话
鲧,文学学部.民间文学.神　话
禹,文学学部.民间文学.神　话
涂山氏,文学学部.民间文学.神　话
灶神,文学学部.民间文学.神　话
河伯,文学学部.民间文学.神　话
西王母,文学学部.民间文学.神　话
刑天,文学学部.民间文学.神　话
烛龙,文学学部.民间文学.神　话
神荼、郁垒,文学学部.民间文学.神　话
四灵,文学学部.民间文学.神　话
夔,文学学部.民间文学.神　话
玄女,文学学部.民间文学.神　话
玄鸟,文学学部.民间文学.神　话
娥皇、女英,文学学部.民间文学.神　话
八仙,文学学部.民间文学.神　话
民间传说,文学学部.民间文学.传　说
大禹传说,文学学部.民间文学.传　说
愚公移山传说,文学学部.民间文学.传　说
鲁班传说,文学学部.民间文学.传　说
孟姜女传说,文学学部.民间文学.传　说
牛郎织女传说,文学学部.民间文学.传　说
梁祝传说,文学学部.民间文学.传　说
白蛇传说,文学学部.民间文学.传　说
清官传说,文学学部.民间文学.传　说
人参传说,文学学部.民间文学.传　说
地方风物传说,文学学部.民间文学.传　说
钟馗,文学学部.民间文学.传　说
民间故事,文学学部.民间文学.故　事
动物故事,文学学部.民间文学.故　事
魔法故事,文学学部.民间文学.故　事
怪孩子故事,文学学部.民间文学.故　事
异类婚配故事,文学学部.民间文学.故　事
生活故事,文学学部.民间文学.故　事
狼外婆型故事,文学学部.民间文学.故　事
田螺姑娘型故事,文学学部.民间文学.故　事
两兄弟型故事,文学学部.民间文学.故　事
呆女婿型故事,文学学部.民间文学.故　事
蛇郎型故事,文学学部.民间文学.故　事
巧女型故事,文学学部.民间文学.故　事
机智人物故事,文学学部.民间文学.故　事
徐文长的故事,文学学部.民间文学.故　事
叶限故事,文学学部.民间文学.故　事
毛衣女故事,文学学部.民间文学.故　事
歌谣,文学学部.民间文学.民　歌
民谣,文学学部.民间文学.民　歌
民歌,文学学部.民间文学.民　歌
吴歌,文学学部.民间文学.民　歌
故事诗,文学学部.民间文学.民　歌
谣谚,文学学部.民间文学.民　歌
劳动号子,文学学部.民间文学.民　歌
仪式歌,文学学部.民间文学.民　歌
时政歌,文学学部.民间文学.民　歌
讽刺歌,文学学部.民间文学.民　歌
情歌,文学学部.民间文学.民　歌
小调,文学学部.民间文学.民　歌
信天游,文学学部.民间文学.民　歌
爬山歌,文学学部.民间文学.民　歌
四季歌,文学学部.民间文学.民　歌
五更调,文学学部.民间文学.民　歌
盘歌,文学学部.民间文学.民　歌
滑稽歌,文学学部.民间文学.民　歌
儿歌,文学学部.民间文学.民　歌
绕口令,文学学部.民间文学.民　歌
击壤歌,文学学部.民间文学.民　歌
弹歌,文学学部.民间文学.民　歌
民间小戏,文学学部.民间文学.戏曲　曲艺
百戏,文学学部.民间文学.戏曲　曲艺
傀儡戏,文学学部.民间文学.戏曲　曲艺
歌仔戏,文学学部.民间文学.戏曲　曲艺
彩调,文学学部.民间文学.戏曲　曲艺
花灯戏,文学学部.民间文学.戏曲　曲艺
花鼓戏,文学学部.民间文学.戏曲　曲艺
小放牛,文学学部.民间文学.戏曲　曲艺
打花鼓,文学学部.民间文学.戏曲　曲艺
打面缸,文学学部.民间文学.戏曲　曲艺
打猪草,文学学部.民间文学.戏曲　曲艺
走西口,文学学部.民间文学.戏曲　曲艺
蓝桥会,文学学部.民间文学.戏曲　曲艺
刘海砍樵,文学学部.民间文学.戏曲　曲艺
民间说唱,文学学部.民间文学.戏曲　曲艺
宝卷,文学学部.民间文学.戏曲　曲艺
道情,文学学部.民间文学.戏曲　曲艺
鼓子词,文学学部.民间文学.戏曲　曲艺
鼓词,文学学部.民间文学.戏曲　曲艺
弹词,文学学部.民间文学.戏曲　曲艺
木鱼书,文学学部.民间文学.戏曲　曲艺
岔曲,文学学部.民间文学.戏曲　曲艺
快板书,文学学部.民间文学.戏曲　曲艺
东北大鼓,文学学部.民间文学.戏曲　曲艺
京韵大鼓,文学学部.民间文学.戏曲　曲艺
凤阳花鼓,文学学部.民间文学.戏曲　曲艺
歌谣研究会,文学学部.民间文学.团体 刊物 著作
中国民间文艺家协会,文学学部.民间文学.团体 刊物 著作
中国民俗学会,文学学部.民间文学.团体 刊物 著作
歌谣,文学学部.民间文学.团体 刊物 著作
民俗,文学学部.民间文学.团体 刊物 著作
民间文艺集刊,文学学部.民间文学.团体 刊物 著作
民间文学,文学学部.民间文学.团体 刊物 著作
民间文学论坛,文学学部.民间文学.团体 刊物 著作
中国民间故事选,文学学部.民间文学.团体 刊物 著作
历代笑话集,文学学部.民间文学.团体 刊物 著作
古今风谣,文学学部.民间文学.团体 刊物 著作
挂枝儿,文学学部.民间文学.团体 刊物 著作
山歌,文学学部.民间文学.团体 刊物 著作
夹竹桃,文学学部.民间文学.团体 刊物 著作
古谣谚,文学学部.民间文学.团体 刊物 著作
粤风,文学学部.民间文学.团体 刊物 著作
陕北民歌选,文学学部.民间文学.团体 刊物 著作
革命民歌集,文学学部.民间文学.团体 刊物 著作
红旗歌谣,文学学部.民间文学.团体 刊物 著作
子弟书总目,文学学部.民间文学.团体 刊物 著作
弹词叙录,文学学部.民间文学.团体 刊物 著作
弹词宝卷书目,文学学部.民间文学.团体 刊物 著作
宝卷综录,文学学部.民间文学.团体 刊物 著作
孟姜女故事研究集,文学学部.民间文学.团体 刊物 著作
河曲民歌采访专集,文学学部.民间文学.团体 刊物 著作
中国民间故事类型索引,文学学部.民间文学.团体 刊物 著作
中国歌谣,文学学部.民间文学.团体 刊物 著作
中国神话研究初探,文学学部.民间文学.团体 刊物 著作
泰不华,文学学部.少数民族文学.作　家
罗卜桑丹金,文学学部.少数民族文学.作　家
古拉兰萨,文学学部.少数民族文学.作　家
尹湛纳希,文学学部.少数民族文学.作　家
哈斯宝,文学学部.少数民族文学.作　家
丹金旺吉拉,文学学部.少数民族文学.作　家
嘎莫拉,文学学部.少数民族文学.作　家
琶杰,文学学部.少数民族文学.作　家
毛依罕,文学学部.少数民族文学.作　家
米拉日巴,文学学部.少数民族文学.作　家
桑吉坚赞,文学学部.少数民族文学.作　家
罗桑加措,文学学部.少数民族文学.作　家
仓洋加措,文学学部.少数民族文学.作　家
才仁旺阶,文学学部.少数民族文学.作　家
贡唐·丹白准美,文学学部.少数民族文学.作　家
米庞加措,文学学部.少数民族文学.作　家
擦珠·阿旺洛桑,文学学部.少数民族文学.作　家
僧古萨里,文学学部.少数民族文学.作　家
尤素甫·哈斯·哈吉甫,文学学部.少数民族文学.作　家
马哈穆德·喀什噶尔,文学学部.少数民族文学.作　家
尤格纳克,文学学部.少数民族文学.作　家
鲁提菲,文学学部.少数民族文学.作　家
赫尔克提,文学学部.少数民族文学.作　家
翟黎里,文学学部.少数民族文学.作　家
古穆纳木,文学学部.少数民族文学.作　家
诺比提,文学学部.少数民族文学.作　家
尼扎里,文学学部.少数民族文学.作　家
毛拉·毕拉勒,文学学部.少数民族文学.作　家
玉赛音·汗·泰杰里,文学学部.少数民族文学.作　家
阿布都哈力克·维吾尔,文学学部.少数民族文学.作　家
尼米希依提,文学学部.少数民族文学.作　家
黎·穆特里夫,文学学部.少数民族文学.作　家
克里木·霍加,文学学部.少数民族文学.作　家
铁依甫江·艾里耶夫,文学学部.少数民族文学.作　家
李乔,文学学部.少数民族文学.作　家
黄勇刹,文学学部.少数民族文学.作　家
李旭,文学学部.少数民族文学.作　家
博尔都,文学学部.少数民族文学.作　家
庆兰,文学学部.少数民族文学.作　家
和邦额,文学学部.少数民族文学.作　家
裕瑞,文学学部.少数民族文学.作　家
麟庆,文学学部.少数民族文学.作　家
杨黼,文学学部.少数民族文学.作　家
杨南金,文学学部.少数民族文学.作　家
李元阳,文学学部.少数民族文学.作　家
王崧,文学学部.少数民族文学.作　家
师范,文学学部.少数民族文学.作　家
李于阳,文学学部.少数民族文学.作　家
赵藩,文学学部.少数民族文学.作　家
赵轼铭,文学学部.少数民族文学.作　家
艾哈特·乌鲁木吉,文学学部.少数民族文学.作　家
唐加勒克·朱勒迪,文学学部.少数民族文学.作　家
郝斯力汗,文学学部.少数民族文学.作　家
康朗英,文学学部.少数民族文学.作　家
木公,文学学部.少数民族文学.作　家
木增,文学学部.少数民族文学.作　家
桑映斗,文学学部.少数民族文学.作　家
牛涛,文学学部.少数民族文学.作　家
妙明,文学学部.少数民族文学.作　家
木正源,文学学部.少数民族文学.作　家
乌·白辛,文学学部.少数民族文学.作　家
蒙古秘史,文学学部.少数民族文学.书面文学作品
宝贝念珠,文学学部.少数民族文学.书面文学作品
金宫桦皮书,文学学部.少数民族文学.书面文学作品
黄金史,文学学部.少数民族文学.书面文学作品
成吉思汗的箴言,文学学部.少数民族文学.书面文学作品
智慧的钥匙,文学学部.少数民族文学.书面文学作品
孤儿传,文学学部.少数民族文学.书面文学作品
成吉思汗的两匹骏马,文学学部.少数民族文学.书面文学作品
青史演义,文学学部.少数民族文学.书面文学作品
一层楼,文学学部.少数民族文学.书面文学作品
泣红亭,文学学部.少数民族文学.书面文学作品
仓洋加措情歌,文学学部.少数民族文学.书面文学作品
萨迦格言,文学学部.少数民族文学.书面文学作品
贤者喜宴,文学学部.少数民族文学.书面文学作品
猴鸟故事,文学学部.少数民族文学.书面文学作品
米拉日巴道歌集,文学学部.少数民族文学.书面文学作品
米拉日巴传,文学学部.少数民族文学.书面文学作品
西藏王统记,文学学部.少数民族文学.书面文学作品
诗镜,文学学部.少数民族文学.书面文学作品
水树格言,文学学部.少数民族文学.书面文学作品
甘丹格言,文学学部.少数民族文学.书面文学作品
旋努达美,文学学部.少数民族文学.书面文学作品
郑宛达娃,文学学部.少数民族文学.书面文学作品
莲池歌舞,文学学部.少数民族文学.书面文学作品
尸语故事,文学学部.少数民族文学.书面文学作品
国王修身论,文学学部.少数民族文学.书面文学作品
福乐智慧,文学学部.少数民族文学.书面文学作品
突厥语词典,文学学部.少数民族文学.书面文学作品
阙特勤碑,文学学部.少数民族文学.书面文学作品
真理的入门,文学学部.少数民族文学.书面文学作品
爱情之歌,文学学部.少数民族文学.书面文学作品
乌古斯传,文学学部.少数民族文学.书面文学作品
宇宙人文论,文学学部.少数民族文学.书面文学作品
刘三姐,文学学部.少数民族文学.书面文学作品
春香传,文学学部.少数民族文学.书面文学作品
沈清传,文学学部.少数民族文学.书面文学作品
行人歌,文学学部.少数民族文学.书面文学作品
南诏德化碑,文学学部.少数民族文学.书面文学作品
山花碑,文学学部.少数民族文学.书面文学作品
白狼王歌,文学学部.少数民族文学.书面文学作品
越人歌,文学学部.少数民族文学.书面文学作品
天女之惠,文学学部.少数民族文学.口传文学作品
马头琴,文学学部.少数民族文学.口传文学作品
猎人海力布,文学学部.少数民族文学.口传文学作品
巴拉根仓的故事,文学学部.少数民族文学.口传文学作品
沙格德尔的故事,文学学部.少数民族文学.口传文学作品
江格尔,文学学部.少数民族文学.口传文学作品
格斯尔传,文学学部.少数民族文学.口传文学作品
嘎达梅林,文学学部.少数民族文学.口传文学作品
红色勇士谷诺干,文学学部.少数民族文学.口传文学作品
智勇王子希热图,文学学部.少数民族文学.口传文学作品
马五哥与尕豆妹,文学学部.少数民族文学.口传文学作品
女娲娘娘,文学学部.少数民族文学.口传文学作品
青稞种子的来历,文学学部.少数民族文学.口传文学作品
茶和盐的故事,文学学部.少数民族文学.口传文学作品
阿古顿巴的故事,文学学部.少数民族文学.口传文学作品
格萨尔王传,文学学部.少数民族文学.口传文学作品
阿凡提的故事,文学学部.少数民族文学.口传文学作品
神母狗父,文学学部.少数民族文学.口传文学作品
苗族史诗,文学学部.少数民族文学.口传文学作品
美丽的仰阿莎,文学学部.少数民族文学.口传文学作品
查姆,文学学部.少数民族文学.口传文学作品
勒俄特依,文学学部.少数民族文学.口传文学作品
阿细的先基,文学学部.少数民族文学.口传文学作品
梅葛,文学学部.少数民族文学.口传文学作品
阿诗玛,文学学部.少数民族文学.口传文学作品
布碌陀,文学学部.少数民族文学.口传文学作品
布伯,文学学部.少数民族文学.口传文学作品
刘三姐的传说,文学学部.少数民族文学.口传文学作品
檀君神话,文学学部.少数民族文学.口传文学作品
百日红,文学学部.少数民族文学.口传文学作品
海伦格格补天,文学学部.少数民族文学.口传文学作品
天女浴躬池,文学学部.少数民族文学.口传文学作品
努尔哈赤的传说,文学学部.少数民族文学.口传文学作品
祖公上河,文学学部.少数民族文学.口传文学作品
救太阳,文学学部.少数民族文学.口传文学作品
密洛陀,文学学部.少数民族文学.口传文学作品
创始纪,文学学部.少数民族文学.口传文学作品
望夫云,文学学部.少数民族文学.口传文学作品
火烧松明楼,文学学部.少数民族文学.口传文学作品
鸿雁带书,文学学部.少数民族文学.口传文学作品
八部大王,文学学部.少数民族文学.口传文学作品
奥色密色,文学学部.少数民族文学.口传文学作品
冬不拉奇,文学学部.少数民族文学.口传文学作品
飞汗的儿子,文学学部.少数民族文学.口传文学作品
阔孜库勒帕什与巴彦苏鲁,文学学部.少数民族文学.口传文学作品
阿勒帕米斯,文学学部.少数民族文学.口传文学作品
英巴开天辟地,文学学部.少数民族文学.口传文学作品
赞哈的始祖,文学学部.少数民族文学.口传文学作品
兰嘎西贺,文学学部.少数民族文学.口传文学作品
召树屯,文学学部.少数民族文学.口传文学作品
娥并与桑洛,文学学部.少数民族文学.口传文学作品
兄弟星座,文学学部.少数民族文学.口传文学作品
生产调,文学学部.少数民族文学.口传文学作品
逃婚调,文学学部.少数民族文学.口传文学作品
重逢调,文学学部.少数民族文学.口传文学作品
司岗里,文学学部.少数民族文学.口传文学作品
螺蛳变人,文学学部.少数民族文学.口传文学作品
日月潭,文学学部.少数民族文学.口传文学作品
牡帕密帕,文学学部.少数民族文学.口传文学作品
端节的由来,文学学部.少数民族文学.口传文学作品
米拉尕黑,文学学部.少数民族文学.口传文学作品
人类迁徙记,文学学部.少数民族文学.口传文学作品
东术争战记,文学学部.少数民族文学.口传文学作品
丁巴什罗,文学学部.少数民族文学.口传文学作品
阿一旦的故事,文学学部.少数民族文学.口传文学作品
游悲,文学学部.少数民族文学.口传文学作品
鱼水相会,文学学部.少数民族文学.口传文学作品
宁冠哇,文学学部.少数民族文学.口传文学作品
玛纳斯,文学学部.少数民族文学.口传文学作品
拉仁布与琪门索,文学学部.少数民族文学.口传文学作品
尼桑萨满,文学学部.少数民族文学.口传文学作品
风刮卜奎,文学学部.少数民族文学.口传文学作品
斗安珠与木姐珠,文学学部.少数民族文学.口传文学作品
顾米亚,文学学部.少数民族文学.口传文学作品
盘兄和古妹,文学学部.少数民族文学.口传文学作品
山满,文学学部.少数民族文学.口传文学作品
竹王,文学学部.少数民族文学.口传文学作品
遮帕麻与遮米麻,文学学部.少数民族文学.口传文学作品
给羊子的来历,文学学部.少数民族文学.口传文学作品
鹰笛,文学学部.少数民族文学.口传文学作品
青蛙和绣花姑娘,文学学部.少数民族文学.口传文学作品
独弦琴的来历,文学学部.少数民族文学.口传文学作品
大蚂蚁分天地,文学学部.少数民族文学.口传文学作品
天鹅姑娘,文学学部.少数民族文学.口传文学作品
满斗莫日根,文学学部.少数民族文学.口传文学作品
皮休嘎木,文学学部.少数民族文学.口传文学作品
玛黑玛妞和葫芦里的人,文学学部.少数民族文学.口传文学作品
九隆神话,文学学部.少数民族文学.口传文学作品
好来宝,文学学部.少数民族文学.口传文学形式
鲁体民歌,文学学部.少数民族文学.口传文学形式
谐体民歌,文学学部.少数民族文学.口传文学形式
阿鲁孜,文学学部.少数民族文学.口传文学形式
格则勒,文学学部.少数民族文学.口传文学形式
柔巴依,文学学部.少数民族文学.口传文学形式
贾,文学学部.少数民族文学.口传文学形式
嘎别福,文学学部.少数民族文学.口传文学形式
欢,文学学部.少数民族文学.口传文学形式
阿里郎,文学学部.少数民族文学.口传文学形式
时调,文学学部.少数民族文学.口传文学形式
子弟书,文学学部.少数民族文学.口传文学形式
大歌,文学学部.少数民族文学.口传文学形式
琵琶歌,文学学部.少数民族文学.口传文学形式
多耶,文学学部.少数民族文学.口传文学形式
信歌,文学学部.少数民族文学.口传文学形式
香哩歌,文学学部.少数民族文学.口传文学形式
石牌话,文学学部.少数民族文学.口传文学形式
打歌,文学学部.少数民族文学.口传文学形式
白族调,文学学部.少数民族文学.口传文学形式
大本曲,文学学部.少数民族文学.口传文学形式
摆手歌,文学学部.少数民族文学.口传文学形式
哭嫁歌,文学学部.少数民族文学.口传文学形式
赞哈,文学学部.少数民族文学.口传文学形式
莫瓜调,文学学部.少数民族文学.口传文学形式
掰史掰,文学学部.少数民族文学.口传文学形式
双歌,文学学部.少数民族文学.口传文学形式
单歌,文学学部.少数民族文学.口传文学形式
佶俄伢,文学学部.少数民族文学.口传文学形式
家曲,文学学部.少数民族文学.口传文学形式
舞春,文学学部.少数民族文学.口传文学形式
古条,文学学部.少数民族文学.口传文学形式
撒拉曲儿,文学学部.少数民族文学.口传文学形式
罗海歌,文学学部.少数民族文学.口传文学形式
排歌,文学学部.少数民族文学.口传文学形式
唱六八,文学学部.少数民族文学.口传文学形式
伊玛堪,文学学部.少数民族文学.口传文学形式
夹日,文学学部.少数民族文学.口传文学形式
花儿,文学学部.少数民族文学.口传文学形式
中国少数民族文学,文学学部.少数民族文学.研究著作
民族民间文学基础理论,文学学部.少数民族文学.研究著作
中国少数民族民间文学丛书·故事大系,文学学部.少数民族文学.研究著作
中国少数民族文学作品选,文学学部.少数民族文学.研究著作
少数民族诗歌格律,文学学部.少数民族文学.研究著作
广西特种部族歌谣集,文学学部.少数民族文学.研究著作
中国少数民族文学史,文学学部.少数民族文学.研究著作
音乐,音乐舞蹈学部.音乐舞蹈.音乐.名词术语
音乐创作,音乐舞蹈学部.音乐舞蹈.音乐.名词术语
音乐表演,音乐舞蹈学部.音乐舞蹈.音乐.名词术语
音乐风格,音乐舞蹈学部.音乐舞蹈.音乐.名词术语
音乐形式,音乐舞蹈学部.音乐舞蹈.音乐.名词术语
音乐内容,音乐舞蹈学部.音乐舞蹈.音乐.名词术语
音乐学,音乐舞蹈学部.音乐舞蹈.音乐.名词术语
历史音乐学,音乐舞蹈学部.音乐舞蹈.音乐.名词术语
音乐史学,音乐舞蹈学部.音乐舞蹈.音乐.名词术语
中国古代音乐史,音乐舞蹈学部.音乐舞蹈.音乐.名词术语
中国近现代音乐史,音乐舞蹈学部.音乐舞蹈.音乐.名词术语
西方音乐史,音乐舞蹈学部.音乐舞蹈.音乐.名词术语
世界音乐,音乐舞蹈学部.音乐舞蹈.音乐.名词术语
音乐分析,音乐舞蹈学部.音乐舞蹈.音乐.名词术语
音乐美学,音乐舞蹈学部.音乐舞蹈.音乐.名词术语
体系音乐学,音乐舞蹈学部.音乐舞蹈.音乐.名词术语
音乐批评,音乐舞蹈学部.音乐舞蹈.音乐.名词术语
音乐人类学,音乐舞蹈学部.音乐舞蹈.音乐.名词术语
民族音乐学,音乐舞蹈学部.音乐舞蹈.音乐.名词术语
音乐心理学,音乐舞蹈学部.音乐舞蹈.音乐.名词术语
音乐教育学,音乐舞蹈学部.音乐舞蹈.音乐.名词术语
音乐社会学,音乐舞蹈学部.音乐舞蹈.音乐.名词术语
音乐治疗学,音乐舞蹈学部.音乐舞蹈.音乐.名词术语
音乐地理学,音乐舞蹈学部.音乐舞蹈.音乐.名词术语
汉族传统音乐研究,音乐舞蹈学部.音乐舞蹈.音乐.名词术语
少数民族音乐研究,音乐舞蹈学部.音乐舞蹈.音乐.名词术语
乐种学,音乐舞蹈学部.音乐舞蹈.音乐.名词术语
宗教音乐研究,音乐舞蹈学部.音乐舞蹈.音乐.名词术语
音乐声学,音乐舞蹈学部.音乐舞蹈.音乐.名词术语
乐器学,音乐舞蹈学部.音乐舞蹈.音乐.名词术语
和声学,音乐舞蹈学部.音乐舞蹈.音乐.名词术语
乐律学,音乐舞蹈学部.音乐舞蹈.音乐.名词术语
乐音,音乐舞蹈学部.音乐舞蹈.音乐.名词术语
结合音,音乐舞蹈学部.音乐舞蹈.音乐.名词术语
标准音,音乐舞蹈学部.音乐舞蹈.音乐.名词术语
音高,音乐舞蹈学部.音乐舞蹈.音乐.名词术语
音调,音乐舞蹈学部.音乐舞蹈.音乐.名词术语
音区,音乐舞蹈学部.音乐舞蹈.音乐.名词术语
组,音乐舞蹈学部.音乐舞蹈.音乐.名词术语
音域,音乐舞蹈学部.音乐舞蹈.音乐.名词术语
音名,音乐舞蹈学部.音乐舞蹈.音乐.名词术语
中央C音,音乐舞蹈学部.音乐舞蹈.音乐.名词术语
音分,音乐舞蹈学部.音乐舞蹈.音乐.名词术语
音程,音乐舞蹈学部.音乐舞蹈.音乐.名词术语
协和音程,音乐舞蹈学部.音乐舞蹈.音乐.名词术语
不协和音程,音乐舞蹈学部.音乐舞蹈.音乐.名词术语
全音,音乐舞蹈学部.音乐舞蹈.音乐.名词术语
半音,音乐舞蹈学部.音乐舞蹈.音乐.名词术语
音符,音乐舞蹈学部.音乐舞蹈.音乐.名词术语
休止符,音乐舞蹈学部.音乐舞蹈.音乐.名词术语
音阶,音乐舞蹈学部.音乐舞蹈.音乐.名词术语
音型,音乐舞蹈学部.音乐舞蹈.音乐.名词术语
五线谱,音乐舞蹈学部.音乐舞蹈.音乐.名词术语
总谱,音乐舞蹈学部.音乐舞蹈.音乐.名词术语
简谱,音乐舞蹈学部.音乐舞蹈.音乐.名词术语
谱表,音乐舞蹈学部.音乐舞蹈.音乐.名词术语
谱号,音乐舞蹈学部.音乐舞蹈.音乐.名词术语
附点,音乐舞蹈学部.音乐舞蹈.音乐.名词术语
力度,音乐舞蹈学部.音乐舞蹈.音乐.名词术语
装饰音,音乐舞蹈学部.音乐舞蹈.音乐.名词术语
顿音,音乐舞蹈学部.音乐舞蹈.音乐.名词术语
连音,音乐舞蹈学部.音乐舞蹈.音乐.名词术语
滑音,音乐舞蹈学部.音乐舞蹈.音乐.名词术语
震音,音乐舞蹈学部.音乐舞蹈.音乐.名词术语
重音,音乐舞蹈学部.音乐舞蹈.音乐.名词术语
唱名,音乐舞蹈学部.音乐舞蹈.音乐.名词术语
固定唱名法,音乐舞蹈学部.音乐舞蹈.音乐.名词术语
首调唱名法,音乐舞蹈学部.音乐舞蹈.音乐.名词术语
通奏低音,音乐舞蹈学部.音乐舞蹈.音乐.名词术语
数字低音,音乐舞蹈学部.音乐舞蹈.音乐.名词术语
调性,音乐舞蹈学部.音乐舞蹈.音乐.名词术语
无调性,音乐舞蹈学部.音乐舞蹈.音乐.名词术语
十二音体系,音乐舞蹈学部.音乐舞蹈.音乐.名词术语
调式,音乐舞蹈学部.音乐舞蹈.音乐.名词术语
大调,音乐舞蹈学部.音乐舞蹈.音乐.名词术语
小调,音乐舞蹈学部.音乐舞蹈.音乐.名词术语
主音,音乐舞蹈学部.音乐舞蹈.音乐.名词术语
属音,音乐舞蹈学部.音乐舞蹈.音乐.名词术语
下属音,音乐舞蹈学部.音乐舞蹈.音乐.名词术语
导音,音乐舞蹈学部.音乐舞蹈.音乐.名词术语
转调,音乐舞蹈学部.音乐舞蹈.音乐.名词术语
移调,音乐舞蹈学部.音乐舞蹈.音乐.名词术语
离调,音乐舞蹈学部.音乐舞蹈.音乐.名词术语
和声,音乐舞蹈学部.音乐舞蹈.音乐.名词术语
和弦,音乐舞蹈学部.音乐舞蹈.音乐.名词术语
根音,音乐舞蹈学部.音乐舞蹈.音乐.名词术语
三和弦,音乐舞蹈学部.音乐舞蹈.音乐.名词术语
七和弦,音乐舞蹈学部.音乐舞蹈.音乐.名词术语
分解和弦,音乐舞蹈学部.音乐舞蹈.音乐.名词术语
节奏,音乐舞蹈学部.音乐舞蹈.音乐.名词术语
切分法,音乐舞蹈学部.音乐舞蹈.音乐.名词术语
切分音,音乐舞蹈学部.音乐舞蹈.音乐.名词术语
时值,音乐舞蹈学部.音乐舞蹈.音乐.名词术语
小节,音乐舞蹈学部.音乐舞蹈.音乐.名词术语
拍子,音乐舞蹈学部.音乐舞蹈.音乐.名词术语
节拍,音乐舞蹈学部.音乐舞蹈.音乐.名词术语
节拍器,音乐舞蹈学部.音乐舞蹈.音乐.名词术语
旋律,音乐舞蹈学部.音乐舞蹈.音乐.名词术语
旋律学,音乐舞蹈学部.音乐舞蹈.音乐.名词术语
主题,音乐舞蹈学部.音乐舞蹈.音乐.名词术语
织体,音乐舞蹈学部.音乐舞蹈.音乐.名词术语
固定低音,音乐舞蹈学部.音乐舞蹈.音乐.名词术语
共鸣,音乐舞蹈学部.音乐舞蹈.音乐.名词术语
对位法,音乐舞蹈学部.音乐舞蹈.音乐.名词术语
卡农,音乐舞蹈学部.音乐舞蹈.音乐.名词术语
模仿,音乐舞蹈学部.音乐舞蹈.音乐.名词术语
模进,音乐舞蹈学部.音乐舞蹈.音乐.名词术语
微复调,音乐舞蹈学部.音乐舞蹈.音乐.名词术语
曲式,音乐舞蹈学部.音乐舞蹈.音乐.名词术语
曲式学,音乐舞蹈学部.音乐舞蹈.音乐.名词术语
奏鸣曲式,音乐舞蹈学部.音乐舞蹈.音乐.名词术语
变奏,音乐舞蹈学部.音乐舞蹈.音乐.名词术语
变奏曲式,音乐舞蹈学部.音乐舞蹈.音乐.名词术语
回旋曲式,音乐舞蹈学部.音乐舞蹈.音乐.名词术语
动机,音乐舞蹈学部.音乐舞蹈.音乐.名词术语
主导动机,音乐舞蹈学部.音乐舞蹈.音乐.名词术语
乐句,音乐舞蹈学部.音乐舞蹈.音乐.名词术语
乐段,音乐舞蹈学部.音乐舞蹈.音乐.名词术语
终止式,音乐舞蹈学部.音乐舞蹈.音乐.名词术语
华彩段,音乐舞蹈学部.音乐舞蹈.音乐.名词术语
三段式,音乐舞蹈学部.音乐舞蹈.音乐.名词术语
二段式,音乐舞蹈学部.音乐舞蹈.音乐.名词术语
三声中部,音乐舞蹈学部.音乐舞蹈.音乐.名词术语
插部,音乐舞蹈学部.音乐舞蹈.音乐.名词术语
乐章,音乐舞蹈学部.音乐舞蹈.音乐.名词术语
终曲,音乐舞蹈学部.音乐舞蹈.音乐.名词术语
套曲,音乐舞蹈学部.音乐舞蹈.音乐.名词术语
通谱歌,音乐舞蹈学部.音乐舞蹈.音乐.名词术语
分节歌,音乐舞蹈学部.音乐舞蹈.音乐.名词术语
副歌,音乐舞蹈学部.音乐舞蹈.音乐.名词术语
乐器法,音乐舞蹈学部.音乐舞蹈.音乐.名词术语
配器,音乐舞蹈学部.音乐舞蹈.音乐.名词术语
配器法,音乐舞蹈学部.音乐舞蹈.音乐.名词术语
管弦乐法,音乐舞蹈学部.音乐舞蹈.音乐.名词术语
点描技法,音乐舞蹈学部.音乐舞蹈.音乐.名词术语
美声唱法,音乐舞蹈学部.音乐舞蹈.音乐.名词术语
独唱,音乐舞蹈学部.音乐舞蹈.音乐.名词术语
领唱,音乐舞蹈学部.音乐舞蹈.音乐.名词术语
重唱,音乐舞蹈学部.音乐舞蹈.音乐.名词术语
齐唱,音乐舞蹈学部.音乐舞蹈.音乐.名词术语
独奏,音乐舞蹈学部.音乐舞蹈.音乐.名词术语
重奏,音乐舞蹈学部.音乐舞蹈.音乐.名词术语
齐奏,音乐舞蹈学部.音乐舞蹈.音乐.名词术语
合奏,音乐舞蹈学部.音乐舞蹈.音乐.名词术语
伴奏,音乐舞蹈学部.音乐舞蹈.音乐.名词术语
助奏,音乐舞蹈学部.音乐舞蹈.音乐.名词术语
把位,音乐舞蹈学部.音乐舞蹈.音乐.名词术语
触键,音乐舞蹈学部.音乐舞蹈.音乐.名词术语
声部,音乐舞蹈学部.音乐舞蹈.音乐.名词术语
指挥,音乐舞蹈学部.音乐舞蹈.音乐.名词术语
交响乐队,音乐舞蹈学部.音乐舞蹈.音乐.名词术语
管弦乐队,音乐舞蹈学部.音乐舞蹈.音乐.名词术语
铜管乐队,音乐舞蹈学部.音乐舞蹈.音乐.名词术语
军乐队,音乐舞蹈学部.音乐舞蹈.音乐.名词术语
女高音,音乐舞蹈学部.音乐舞蹈.音乐.名词术语
女中音,音乐舞蹈学部.音乐舞蹈.音乐.名词术语
女低音,音乐舞蹈学部.音乐舞蹈.音乐.名词术语
男高音,音乐舞蹈学部.音乐舞蹈.音乐.名词术语
男中音,音乐舞蹈学部.音乐舞蹈.音乐.名词术语
男低音,音乐舞蹈学部.音乐舞蹈.音乐.名词术语
童声,音乐舞蹈学部.音乐舞蹈.音乐.名词术语
假声,音乐舞蹈学部.音乐舞蹈.音乐.名词术语
返场,音乐舞蹈学部.音乐舞蹈.音乐.名词术语
中国传统音乐,音乐舞蹈学部.音乐舞蹈.音乐.名词术语
十二律,音乐舞蹈学部.音乐舞蹈.音乐.名词术语
黄钟,音乐舞蹈学部.音乐舞蹈.音乐.名词术语
大吕,音乐舞蹈学部.音乐舞蹈.音乐.名词术语
太簇,音乐舞蹈学部.音乐舞蹈.音乐.名词术语
夹钟,音乐舞蹈学部.音乐舞蹈.音乐.名词术语
姑洗,音乐舞蹈学部.音乐舞蹈.音乐.名词术语
仲吕,音乐舞蹈学部.音乐舞蹈.音乐.名词术语
蕤宾,音乐舞蹈学部.音乐舞蹈.音乐.名词术语
林钟,音乐舞蹈学部.音乐舞蹈.音乐.名词术语
夷则,音乐舞蹈学部.音乐舞蹈.音乐.名词术语
南吕,音乐舞蹈学部.音乐舞蹈.音乐.名词术语
无射,音乐舞蹈学部.音乐舞蹈.音乐.名词术语
应钟,音乐舞蹈学部.音乐舞蹈.音乐.名词术语
律吕,音乐舞蹈学部.音乐舞蹈.音乐.名词术语
三分损益法,音乐舞蹈学部.音乐舞蹈.音乐.名词术语
十八律,音乐舞蹈学部.音乐舞蹈.音乐.名词术语
新法密率,音乐舞蹈学部.音乐舞蹈.音乐.名词术语
管口校正,音乐舞蹈学部.音乐舞蹈.音乐.名词术语
琴律,音乐舞蹈学部.音乐舞蹈.音乐.名词术语
倍律,音乐舞蹈学部.音乐舞蹈.音乐.名词术语
五音,音乐舞蹈学部.音乐舞蹈.音乐.名词术语
清角,音乐舞蹈学部.音乐舞蹈.音乐.名词术语
清羽,音乐舞蹈学部.音乐舞蹈.音乐.名词术语
七声,音乐舞蹈学部.音乐舞蹈.音乐.名词术语
变宫,音乐舞蹈学部.音乐舞蹈.音乐.名词术语
变徵,音乐舞蹈学部.音乐舞蹈.音乐.名词术语
八音之乐,音乐舞蹈学部.音乐舞蹈.音乐.名词术语
五旦七调,音乐舞蹈学部.音乐舞蹈.音乐.名词术语
燕乐二十八调,音乐舞蹈学部.音乐舞蹈.音乐.名词术语
宫调,音乐舞蹈学部.音乐舞蹈.音乐.名词术语
正宫调,音乐舞蹈学部.音乐舞蹈.音乐.名词术语
小工调,音乐舞蹈学部.音乐舞蹈.音乐.名词术语
十三调,音乐舞蹈学部.音乐舞蹈.音乐.名词术语
九宫,音乐舞蹈学部.音乐舞蹈.音乐.名词术语
旋宫,音乐舞蹈学部.音乐舞蹈.音乐.名词术语
琴谱,音乐舞蹈学部.音乐舞蹈.音乐.名词术语
律吕字谱,音乐舞蹈学部.音乐舞蹈.音乐.名词术语
俗字谱,音乐舞蹈学部.音乐舞蹈.音乐.名词术语
工尺谱,音乐舞蹈学部.音乐舞蹈.音乐.名词术语
打谱,音乐舞蹈学部.音乐舞蹈.音乐.名词术语
乱,音乐舞蹈学部.音乐舞蹈.音乐.名词术语
缠声,音乐舞蹈学部.音乐舞蹈.音乐.名词术语
大司乐,音乐舞蹈学部.音乐舞蹈.音乐.名词术语
瞽,音乐舞蹈学部.音乐舞蹈.音乐.名词术语
协律都尉,音乐舞蹈学部.音乐舞蹈.音乐.名词术语
乐籍,音乐舞蹈学部.音乐舞蹈.音乐.名词术语
乐户,音乐舞蹈学部.音乐舞蹈.音乐.名词术语
音声人,音乐舞蹈学部.音乐舞蹈.音乐.名词术语
路歧人,音乐舞蹈学部.音乐舞蹈.音乐.名词术语
搊弹家,音乐舞蹈学部.音乐舞蹈.音乐.名词术语
戏曲,音乐舞蹈学部.音乐舞蹈.音乐.名词术语
曲艺,音乐舞蹈学部.音乐舞蹈.音乐.名词术语
民歌,音乐舞蹈学部.音乐舞蹈.音乐.名词术语
声腔,音乐舞蹈学部.音乐舞蹈.音乐.名词术语
板腔体,音乐舞蹈学部.音乐舞蹈.音乐.名词术语
曲牌体,音乐舞蹈学部.音乐舞蹈.音乐.名词术语
佾,音乐舞蹈学部.音乐舞蹈.音乐.名词术语
流行音乐,音乐舞蹈学部.音乐舞蹈.音乐.名词术语
音乐电视,音乐舞蹈学部.音乐舞蹈.音乐.名词术语
概念专辑,音乐舞蹈学部.音乐舞蹈.音乐.名词术语
创作歌手,音乐舞蹈学部.音乐舞蹈.音乐.名词术语
致敬专辑,音乐舞蹈学部.音乐舞蹈.音乐.名词术语
唱片骑师,音乐舞蹈学部.音乐舞蹈.音乐.名词术语
翻唱,音乐舞蹈学部.音乐舞蹈.音乐.名词术语
叮砰巷,音乐舞蹈学部.音乐舞蹈.音乐.名词术语
不插电,音乐舞蹈学部.音乐舞蹈.音乐.名词术语
不列颠入侵,音乐舞蹈学部.音乐舞蹈.音乐.名词术语
排行榜,音乐舞蹈学部.音乐舞蹈.音乐.名词术语
格莱美奖,音乐舞蹈学部.音乐舞蹈.音乐.名词术语
包络发生器,音乐舞蹈学部.音乐舞蹈.音乐.名词术语
采样率,音乐舞蹈学部.音乐舞蹈.音乐.名词术语
采样精度,音乐舞蹈学部.音乐舞蹈.音乐.名词术语
磁带音乐,音乐舞蹈学部.音乐舞蹈.音乐.名词术语
低频振荡器,音乐舞蹈学部.音乐舞蹈.音乐.名词术语
电子音乐,音乐舞蹈学部.音乐舞蹈.音乐.名词术语
电子乐器,音乐舞蹈学部.音乐舞蹈.音乐.名词术语
加法合成,音乐舞蹈学部.音乐舞蹈.音乐.名词术语
减法合成,音乐舞蹈学部.音乐舞蹈.音乐.名词术语
交互式电子音乐,音乐舞蹈学部.音乐舞蹈.音乐.名词术语
计算机协助作曲,音乐舞蹈学部.音乐舞蹈.音乐.名词术语
计算机音乐软件,音乐舞蹈学部.音乐舞蹈.音乐.名词术语
具体音乐,音乐舞蹈学部.音乐舞蹈.音乐.名词术语
计算机音乐,音乐舞蹈学部.音乐舞蹈.音乐.名词术语
实时,音乐舞蹈学部.音乐舞蹈.音乐.名词术语
算法作曲,音乐舞蹈学部.音乐舞蹈.音乐.名词术语
数字音频,音乐舞蹈学部.音乐舞蹈.音乐.名词术语
数字音频文件格式,音乐舞蹈学部.音乐舞蹈.音乐.名词术语
数字音频接口,音乐舞蹈学部.音乐舞蹈.音乐.名词术语
通道信息,音乐舞蹈学部.音乐舞蹈.音乐.名词术语
调制,音乐舞蹈学部.音乐舞蹈.音乐.名词术语
现场电子音乐,音乐舞蹈学部.音乐舞蹈.音乐.名词术语
系统信息,音乐舞蹈学部.音乐舞蹈.音乐.名词术语
音频信号处理器,音乐舞蹈学部.音乐舞蹈.音乐.名词术语
乐器数字化接口,音乐舞蹈学部.音乐舞蹈.音乐.名词术语
田野对唱,音乐舞蹈学部.音乐舞蹈.音乐.名词术语
塔拉,音乐舞蹈学部.音乐舞蹈.音乐.名词术语
威尼斯乐派,音乐舞蹈学部.音乐舞蹈.音乐.名词术语
维也纳古典乐派,音乐舞蹈学部.音乐舞蹈.音乐.名词术语
强力集团,音乐舞蹈学部.音乐舞蹈.音乐.名词术语
印象主义音乐,音乐舞蹈学部.音乐舞蹈.音乐.名词术语
新古典主义音乐,音乐舞蹈学部.音乐舞蹈.音乐.名词术语
新即物主义音乐,音乐舞蹈学部.音乐舞蹈.音乐.名词术语
新维也纳乐派,音乐舞蹈学部.音乐舞蹈.音乐.名词术语
微音程音乐,音乐舞蹈学部.音乐舞蹈.音乐.名词术语
先锋派音乐,音乐舞蹈学部.音乐舞蹈.音乐.名词术语
序列主义,音乐舞蹈学部.音乐舞蹈.音乐.名词术语
偶然音乐,音乐舞蹈学部.音乐舞蹈.音乐.名词术语
拼贴音乐,音乐舞蹈学部.音乐舞蹈.音乐.名词术语
雅乐,音乐舞蹈学部.音乐舞蹈.音乐.体裁与乐种
俗乐,音乐舞蹈学部.音乐舞蹈.音乐.体裁与乐种
郑卫之音,音乐舞蹈学部.音乐舞蹈.音乐.体裁与乐种
郑声,音乐舞蹈学部.音乐舞蹈.音乐.体裁与乐种
燕乐,音乐舞蹈学部.音乐舞蹈.音乐.体裁与乐种
鼓吹乐,音乐舞蹈学部.音乐舞蹈.音乐.体裁与乐种
相和歌,音乐舞蹈学部.音乐舞蹈.音乐.体裁与乐种
大曲,音乐舞蹈学部.音乐舞蹈.音乐.体裁与乐种
吴歌,音乐舞蹈学部.音乐舞蹈.音乐.体裁与乐种
西曲,音乐舞蹈学部.音乐舞蹈.音乐.体裁与乐种
清商乐,音乐舞蹈学部.音乐舞蹈.音乐.体裁与乐种
龟兹乐,音乐舞蹈学部.音乐舞蹈.音乐.体裁与乐种
法曲,音乐舞蹈学部.音乐舞蹈.音乐.体裁与乐种
大晟乐,音乐舞蹈学部.音乐舞蹈.音乐.体裁与乐种
京剧,音乐舞蹈学部.音乐舞蹈.音乐.体裁与乐种
昆腔,音乐舞蹈学部.音乐舞蹈.音乐.体裁与乐种
越剧,音乐舞蹈学部.音乐舞蹈.音乐.体裁与乐种
淮剧,音乐舞蹈学部.音乐舞蹈.音乐.体裁与乐种
锡剧,音乐舞蹈学部.音乐舞蹈.音乐.体裁与乐种
沪剧,音乐舞蹈学部.音乐舞蹈.音乐.体裁与乐种
黄梅戏,音乐舞蹈学部.音乐舞蹈.音乐.体裁与乐种
歌仔戏,音乐舞蹈学部.音乐舞蹈.音乐.体裁与乐种
河北梆子,音乐舞蹈学部.音乐舞蹈.音乐.体裁与乐种
豫剧,音乐舞蹈学部.音乐舞蹈.音乐.体裁与乐种
吕剧,音乐舞蹈学部.音乐舞蹈.音乐.体裁与乐种
眉户,音乐舞蹈学部.音乐舞蹈.音乐.体裁与乐种
木偶戏,音乐舞蹈学部.音乐舞蹈.音乐.体裁与乐种
皮影戏,音乐舞蹈学部.音乐舞蹈.音乐.体裁与乐种
晋剧,音乐舞蹈学部.音乐舞蹈.音乐.体裁与乐种
秦腔,音乐舞蹈学部.音乐舞蹈.音乐.体裁与乐种
汉剧,音乐舞蹈学部.音乐舞蹈.音乐.体裁与乐种
湖南花鼓戏,音乐舞蹈学部.音乐舞蹈.音乐.体裁与乐种
江西采茶戏,音乐舞蹈学部.音乐舞蹈.音乐.体裁与乐种
云南花灯剧,音乐舞蹈学部.音乐舞蹈.音乐.体裁与乐种
婺剧,音乐舞蹈学部.音乐舞蹈.音乐.体裁与乐种
粤剧,音乐舞蹈学部.音乐舞蹈.音乐.体裁与乐种
评剧,音乐舞蹈学部.音乐舞蹈.音乐.体裁与乐种
武陵戏,音乐舞蹈学部.音乐舞蹈.音乐.体裁与乐种
闽剧,音乐舞蹈学部.音乐舞蹈.音乐.体裁与乐种
高甲戏,音乐舞蹈学部.音乐舞蹈.音乐.体裁与乐种
莆仙戏,音乐舞蹈学部.音乐舞蹈.音乐.体裁与乐种
高拨子,音乐舞蹈学部.音乐舞蹈.音乐.体裁与乐种
桂剧,音乐舞蹈学部.音乐舞蹈.音乐.体裁与乐种
壮剧,音乐舞蹈学部.音乐舞蹈.音乐.体裁与乐种
藏戏,音乐舞蹈学部.音乐舞蹈.音乐.体裁与乐种
白剧,音乐舞蹈学部.音乐舞蹈.音乐.体裁与乐种
师公戏,音乐舞蹈学部.音乐舞蹈.音乐.体裁与乐种
傩戏,音乐舞蹈学部.音乐舞蹈.音乐.体裁与乐种
弹词,音乐舞蹈学部.音乐舞蹈.音乐.体裁与乐种
道情,音乐舞蹈学部.音乐舞蹈.音乐.体裁与乐种
二人转,音乐舞蹈学部.音乐舞蹈.音乐.体裁与乐种
鼓词,音乐舞蹈学部.音乐舞蹈.音乐.体裁与乐种
河南坠子,音乐舞蹈学部.音乐舞蹈.音乐.体裁与乐种
苏州弹词,音乐舞蹈学部.音乐舞蹈.音乐.体裁与乐种
天津时调,音乐舞蹈学部.音乐舞蹈.音乐.体裁与乐种
俗曲,音乐舞蹈学部.音乐舞蹈.音乐.体裁与乐种
俚歌,音乐舞蹈学部.音乐舞蹈.音乐.体裁与乐种
南北曲,音乐舞蹈学部.音乐舞蹈.音乐.体裁与乐种
牌子曲,音乐舞蹈学部.音乐舞蹈.音乐.体裁与乐种
单弦牌子曲,音乐舞蹈学部.音乐舞蹈.音乐.体裁与乐种
琴书,音乐舞蹈学部.音乐舞蹈.音乐.体裁与乐种
绍兴莲花落,音乐舞蹈学部.音乐舞蹈.音乐.体裁与乐种
绍兴平湖调,音乐舞蹈学部.音乐舞蹈.音乐.体裁与乐种
四明南词,音乐舞蹈学部.音乐舞蹈.音乐.体裁与乐种
什不闲,音乐舞蹈学部.音乐舞蹈.音乐.体裁与乐种
萍乡春锣,音乐舞蹈学部.音乐舞蹈.音乐.体裁与乐种
大调曲子,音乐舞蹈学部.音乐舞蹈.音乐.体裁与乐种
广西文场,音乐舞蹈学部.音乐舞蹈.音乐.体裁与乐种
子弟书,音乐舞蹈学部.音乐舞蹈.音乐.体裁与乐种
八角鼓,音乐舞蹈学部.音乐舞蹈.音乐.体裁与乐种
山东琴书,音乐舞蹈学部.音乐舞蹈.音乐.体裁与乐种
说书,音乐舞蹈学部.音乐舞蹈.音乐.体裁与乐种
评话,音乐舞蹈学部.音乐舞蹈.音乐.体裁与乐种
渔鼓,音乐舞蹈学部.音乐舞蹈.音乐.体裁与乐种
四川清音,音乐舞蹈学部.音乐舞蹈.音乐.体裁与乐种
连珠快书,音乐舞蹈学部.音乐舞蹈.音乐.体裁与乐种
上海说唱,音乐舞蹈学部.音乐舞蹈.音乐.体裁与乐种
扬州清曲,音乐舞蹈学部.音乐舞蹈.音乐.体裁与乐种
小热昏,音乐舞蹈学部.音乐舞蹈.音乐.体裁与乐种
白族大本曲,音乐舞蹈学部.音乐舞蹈.音乐.体裁与乐种
乌春,音乐舞蹈学部.音乐舞蹈.音乐.体裁与乐种
达斡尔族乌钦,音乐舞蹈学部.音乐舞蹈.音乐.体裁与乐种
伊玛堪,音乐舞蹈学部.音乐舞蹈.音乐.体裁与乐种
乌力格尔,音乐舞蹈学部.音乐舞蹈.音乐.体裁与乐种
好来宝,音乐舞蹈学部.音乐舞蹈.音乐.体裁与乐种
山歌,音乐舞蹈学部.音乐舞蹈.音乐.体裁与乐种
号子,音乐舞蹈学部.音乐舞蹈.音乐.体裁与乐种
小调,音乐舞蹈学部.音乐舞蹈.音乐.体裁与乐种
叫卖调,音乐舞蹈学部.音乐舞蹈.音乐.体裁与乐种
哭嫁歌,音乐舞蹈学部.音乐舞蹈.音乐.体裁与乐种
爬山调,音乐舞蹈学部.音乐舞蹈.音乐.体裁与乐种
渔歌,音乐舞蹈学部.音乐舞蹈.音乐.体裁与乐种
对歌,音乐舞蹈学部.音乐舞蹈.音乐.体裁与乐种
舂米号子,音乐舞蹈学部.音乐舞蹈.音乐.体裁与乐种
川江船夫号子,音乐舞蹈学部.音乐舞蹈.音乐.体裁与乐种
长白山森林号子,音乐舞蹈学部.音乐舞蹈.音乐.体裁与乐种
薅草锣鼓歌,音乐舞蹈学部.音乐舞蹈.音乐.体裁与乐种
嘉善田歌,音乐舞蹈学部.音乐舞蹈.音乐.体裁与乐种
青浦田山歌,音乐舞蹈学部.音乐舞蹈.音乐.体裁与乐种
调声,音乐舞蹈学部.音乐舞蹈.音乐.体裁与乐种
信天游,音乐舞蹈学部.音乐舞蹈.音乐.体裁与乐种
兴国山歌,音乐舞蹈学部.音乐舞蹈.音乐.体裁与乐种
左权开花调,音乐舞蹈学部.音乐舞蹈.音乐.体裁与乐种
飞歌,音乐舞蹈学部.音乐舞蹈.音乐.体裁与乐种
海菜腔,音乐舞蹈学部.音乐舞蹈.音乐.体裁与乐种
客家山歌,音乐舞蹈学部.音乐舞蹈.音乐.体裁与乐种
祈祷小米丰收歌,音乐舞蹈学部.音乐舞蹈.音乐.体裁与乐种
萨满歌,音乐舞蹈学部.音乐舞蹈.音乐.体裁与乐种
蒙古族长调,音乐舞蹈学部.音乐舞蹈.音乐.体裁与乐种
蒙古族短调,音乐舞蹈学部.音乐舞蹈.音乐.体裁与乐种
漫瀚调,音乐舞蹈学部.音乐舞蹈.音乐.体裁与乐种
双条落,音乐舞蹈学部.音乐舞蹈.音乐.体裁与乐种
琵琶歌,音乐舞蹈学部.音乐舞蹈.音乐.体裁与乐种
侗族大歌,音乐舞蹈学部.音乐舞蹈.音乐.体裁与乐种
摆时摆,音乐舞蹈学部.音乐舞蹈.音乐.体裁与乐种
贝壳歌,音乐舞蹈学部.音乐舞蹈.音乐.体裁与乐种
盘王歌,音乐舞蹈学部.音乐舞蹈.音乐.体裁与乐种
游方歌,音乐舞蹈学部.音乐舞蹈.音乐.体裁与乐种
花儿,音乐舞蹈学部.音乐舞蹈.音乐.体裁与乐种
花儿会,音乐舞蹈学部.音乐舞蹈.音乐.体裁与乐种
歌圩,音乐舞蹈学部.音乐舞蹈.音乐.体裁与乐种
坐歌堂,音乐舞蹈学部.音乐舞蹈.音乐.体裁与乐种
秧歌,音乐舞蹈学部.音乐舞蹈.音乐.体裁与乐种
烟盒舞,音乐舞蹈学部.音乐舞蹈.音乐.体裁与乐种
跳乐,音乐舞蹈学部.音乐舞蹈.音乐.体裁与乐种
跳弦,音乐舞蹈学部.音乐舞蹈.音乐.体裁与乐种
农乐,音乐舞蹈学部.音乐舞蹈.音乐.体裁与乐种
锡伯族贝伦舞,音乐舞蹈学部.音乐舞蹈.音乐.体裁与乐种
麦西莱甫,音乐舞蹈学部.音乐舞蹈.音乐.体裁与乐种
赞达仁,音乐舞蹈学部.音乐舞蹈.音乐.体裁与乐种
弦子,音乐舞蹈学部.音乐舞蹈.音乐.体裁与乐种
囊玛,音乐舞蹈学部.音乐舞蹈.音乐.体裁与乐种
新疆鼓吹乐,音乐舞蹈学部.音乐舞蹈.音乐.体裁与乐种
马头琴音乐,音乐舞蹈学部.音乐舞蹈.音乐.体裁与乐种
呼麦,音乐舞蹈学部.音乐舞蹈.音乐.体裁与乐种
潮尔,音乐舞蹈学部.音乐舞蹈.音乐.体裁与乐种
白沙细乐,音乐舞蹈学部.音乐舞蹈.音乐.体裁与乐种
河南大调板头曲,音乐舞蹈学部.音乐舞蹈.音乐.体裁与乐种
浙东锣鼓,音乐舞蹈学部.音乐舞蹈.音乐.体裁与乐种
鲁西南鼓吹,音乐舞蹈学部.音乐舞蹈.音乐.体裁与乐种
打溜子,音乐舞蹈学部.音乐舞蹈.音乐.体裁与乐种
吹打,音乐舞蹈学部.音乐舞蹈.音乐.体裁与乐种
二人台牌子曲,音乐舞蹈学部.音乐舞蹈.音乐.体裁与乐种
广东音乐,音乐舞蹈学部.音乐舞蹈.音乐.体裁与乐种
潮州音乐,音乐舞蹈学部.音乐舞蹈.音乐.体裁与乐种
大锣鼓,音乐舞蹈学部.音乐舞蹈.音乐.体裁与乐种
苏锣鼓,音乐舞蹈学部.音乐舞蹈.音乐.体裁与乐种
笛套古乐,音乐舞蹈学部.音乐舞蹈.音乐.体裁与乐种
潮州细乐,音乐舞蹈学部.音乐舞蹈.音乐.体裁与乐种
弦诗乐,音乐舞蹈学部.音乐舞蹈.音乐.体裁与乐种
舟山锣鼓,音乐舞蹈学部.音乐舞蹈.音乐.体裁与乐种
笼吹,音乐舞蹈学部.音乐舞蹈.音乐.体裁与乐种
泉州北管,音乐舞蹈学部.音乐舞蹈.音乐.体裁与乐种
上党八音会,音乐舞蹈学部.音乐舞蹈.音乐.体裁与乐种
绛州鼓乐,音乐舞蹈学部.音乐舞蹈.音乐.体裁与乐种
鼓乐,音乐舞蹈学部.音乐舞蹈.音乐.体裁与乐种
中州古调,音乐舞蹈学部.音乐舞蹈.音乐.体裁与乐种
吹歌,音乐舞蹈学部.音乐舞蹈.音乐.体裁与乐种
丝竹,音乐舞蹈学部.音乐舞蹈.音乐.体裁与乐种
十番,音乐舞蹈学部.音乐舞蹈.音乐.体裁与乐种
阿肯,音乐舞蹈学部.音乐舞蹈.音乐.体裁与乐种
道教音乐,音乐舞蹈学部.音乐舞蹈.音乐.体裁与乐种
佛教音乐,音乐舞蹈学部.音乐舞蹈.音乐.体裁与乐种
福建南曲,音乐舞蹈学部.音乐舞蹈.音乐.体裁与乐种
三六,音乐舞蹈学部.音乐舞蹈.音乐.体裁与乐种
拉戏,音乐舞蹈学部.音乐舞蹈.音乐.体裁与乐种
儿童歌舞表演曲,音乐舞蹈学部.音乐舞蹈.音乐.体裁与乐种
抗日救亡歌咏运动,音乐舞蹈学部.音乐舞蹈.音乐.体裁与乐种
新歌剧,音乐舞蹈学部.音乐舞蹈.音乐.体裁与乐种
严肃音乐,音乐舞蹈学部.音乐舞蹈.音乐.体裁与乐种
复调音乐,音乐舞蹈学部.音乐舞蹈.音乐.体裁与乐种
主调音乐,音乐舞蹈学部.音乐舞蹈.音乐.体裁与乐种
标题音乐,音乐舞蹈学部.音乐舞蹈.音乐.体裁与乐种
声乐,音乐舞蹈学部.音乐舞蹈.音乐.体裁与乐种
歌剧,音乐舞蹈学部.音乐舞蹈.音乐.体裁与乐种
乐剧,音乐舞蹈学部.音乐舞蹈.音乐.体裁与乐种
大歌剧,音乐舞蹈学部.音乐舞蹈.音乐.体裁与乐种
正歌剧,音乐舞蹈学部.音乐舞蹈.音乐.体裁与乐种
喜歌剧,音乐舞蹈学部.音乐舞蹈.音乐.体裁与乐种
幕间剧,音乐舞蹈学部.音乐舞蹈.音乐.体裁与乐种
轻歌剧,音乐舞蹈学部.音乐舞蹈.音乐.体裁与乐种
音乐剧,音乐舞蹈学部.音乐舞蹈.音乐.体裁与乐种
概念音乐剧,音乐舞蹈学部.音乐舞蹈.音乐.体裁与乐种
咏叹调,音乐舞蹈学部.音乐舞蹈.音乐.体裁与乐种
宣叙调,音乐舞蹈学部.音乐舞蹈.音乐.体裁与乐种
咏叙调,音乐舞蹈学部.音乐舞蹈.音乐.体裁与乐种
受难曲,音乐舞蹈学部.音乐舞蹈.音乐.体裁与乐种
弥撒曲,音乐舞蹈学部.音乐舞蹈.音乐.体裁与乐种
安魂曲,音乐舞蹈学部.音乐舞蹈.音乐.体裁与乐种
追思曲,音乐舞蹈学部.音乐舞蹈.音乐.体裁与乐种
清唱剧,音乐舞蹈学部.音乐舞蹈.音乐.体裁与乐种
合唱,音乐舞蹈学部.音乐舞蹈.音乐.体裁与乐种
无伴奏合唱,音乐舞蹈学部.音乐舞蹈.音乐.体裁与乐种
康塔塔,音乐舞蹈学部.音乐舞蹈.音乐.体裁与乐种
经文歌,音乐舞蹈学部.音乐舞蹈.音乐.体裁与乐种
牧歌,音乐舞蹈学部.音乐舞蹈.音乐.体裁与乐种
众赞歌,音乐舞蹈学部.音乐舞蹈.音乐.体裁与乐种
轮唱曲,音乐舞蹈学部.音乐舞蹈.音乐.体裁与乐种
艺术歌曲,音乐舞蹈学部.音乐舞蹈.音乐.体裁与乐种
浪漫曲,音乐舞蹈学部.音乐舞蹈.音乐.体裁与乐种
夜曲,音乐舞蹈学部.音乐舞蹈.音乐.体裁与乐种
小夜曲,音乐舞蹈学部.音乐舞蹈.音乐.体裁与乐种
练声曲,音乐舞蹈学部.音乐舞蹈.音乐.体裁与乐种
国歌,音乐舞蹈学部.音乐舞蹈.音乐.体裁与乐种
器乐,音乐舞蹈学部.音乐舞蹈.音乐.体裁与乐种
交响曲,音乐舞蹈学部.音乐舞蹈.音乐.体裁与乐种
协奏曲,音乐舞蹈学部.音乐舞蹈.音乐.体裁与乐种
交响诗,音乐舞蹈学部.音乐舞蹈.音乐.体裁与乐种
音诗,音乐舞蹈学部.音乐舞蹈.音乐.体裁与乐种
组曲,音乐舞蹈学部.音乐舞蹈.音乐.体裁与乐种
音乐会序曲,音乐舞蹈学部.音乐舞蹈.音乐.体裁与乐种
序曲,音乐舞蹈学部.音乐舞蹈.音乐.体裁与乐种
前奏曲,音乐舞蹈学部.音乐舞蹈.音乐.体裁与乐种
幻想曲,音乐舞蹈学部.音乐舞蹈.音乐.体裁与乐种
随想曲,音乐舞蹈学部.音乐舞蹈.音乐.体裁与乐种
狂想曲,音乐舞蹈学部.音乐舞蹈.音乐.体裁与乐种
间奏曲,音乐舞蹈学部.音乐舞蹈.音乐.体裁与乐种
室内乐,音乐舞蹈学部.音乐舞蹈.音乐.体裁与乐种
五重奏,音乐舞蹈学部.音乐舞蹈.音乐.体裁与乐种
四重奏,音乐舞蹈学部.音乐舞蹈.音乐.体裁与乐种
弦乐四重奏,音乐舞蹈学部.音乐舞蹈.音乐.体裁与乐种
三重奏,音乐舞蹈学部.音乐舞蹈.音乐.体裁与乐种
奏鸣曲,音乐舞蹈学部.音乐舞蹈.音乐.体裁与乐种
三声部奏鸣曲,音乐舞蹈学部.音乐舞蹈.音乐.体裁与乐种
变奏曲,音乐舞蹈学部.音乐舞蹈.音乐.体裁与乐种
赋格,音乐舞蹈学部.音乐舞蹈.音乐.体裁与乐种
创意曲,音乐舞蹈学部.音乐舞蹈.音乐.体裁与乐种
叙事曲,音乐舞蹈学部.音乐舞蹈.音乐.体裁与乐种
进行曲,音乐舞蹈学部.音乐舞蹈.音乐.体裁与乐种
练习曲,音乐舞蹈学部.音乐舞蹈.音乐.体裁与乐种
谐谑曲,音乐舞蹈学部.音乐舞蹈.音乐.体裁与乐种
诙谐曲,音乐舞蹈学部.音乐舞蹈.音乐.体裁与乐种
幽默曲,音乐舞蹈学部.音乐舞蹈.音乐.体裁与乐种
嬉游曲,音乐舞蹈学部.音乐舞蹈.音乐.体裁与乐种
即兴曲,音乐舞蹈学部.音乐舞蹈.音乐.体裁与乐种
无词歌,音乐舞蹈学部.音乐舞蹈.音乐.体裁与乐种
无穷动,音乐舞蹈学部.音乐舞蹈.音乐.体裁与乐种
托卡塔,音乐舞蹈学部.音乐舞蹈.音乐.体裁与乐种
格列高利圣咏,音乐舞蹈学部.音乐舞蹈.音乐.体裁与乐种
迪斯康特,音乐舞蹈学部.音乐舞蹈.音乐.体裁与乐种
克劳苏拉,音乐舞蹈学部.音乐舞蹈.音乐.体裁与乐种
孔杜克图斯,音乐舞蹈学部.音乐舞蹈.音乐.体裁与乐种
利切卡尔,音乐舞蹈学部.音乐舞蹈.音乐.体裁与乐种
舞曲,音乐舞蹈学部.音乐舞蹈.音乐.体裁与乐种
小步舞曲,音乐舞蹈学部.音乐舞蹈.音乐.体裁与乐种
夏空,音乐舞蹈学部.音乐舞蹈.音乐.体裁与乐种
帕萨卡里亚,音乐舞蹈学部.音乐舞蹈.音乐.体裁与乐种
阿勒曼德,音乐舞蹈学部.音乐舞蹈.音乐.体裁与乐种
库朗特,音乐舞蹈学部.音乐舞蹈.音乐.体裁与乐种
萨拉班德,音乐舞蹈学部.音乐舞蹈.音乐.体裁与乐种
基格,音乐舞蹈学部.音乐舞蹈.音乐.体裁与乐种
布列,音乐舞蹈学部.音乐舞蹈.音乐.体裁与乐种
加伏特,音乐舞蹈学部.音乐舞蹈.音乐.体裁与乐种
帕凡,音乐舞蹈学部.音乐舞蹈.音乐.体裁与乐种
加利亚德,音乐舞蹈学部.音乐舞蹈.音乐.体裁与乐种
波洛涅兹,音乐舞蹈学部.音乐舞蹈.音乐.体裁与乐种
波尔卡,音乐舞蹈学部.音乐舞蹈.音乐.体裁与乐种
波莱罗,音乐舞蹈学部.音乐舞蹈.音乐.体裁与乐种
加洛普,音乐舞蹈学部.音乐舞蹈.音乐.体裁与乐种
华尔兹,音乐舞蹈学部.音乐舞蹈.音乐.体裁与乐种
圆舞曲,音乐舞蹈学部.音乐舞蹈.音乐.体裁与乐种
马祖尔,音乐舞蹈学部.音乐舞蹈.音乐.体裁与乐种
塔兰台拉,音乐舞蹈学部.音乐舞蹈.音乐.体裁与乐种
哈巴涅拉,音乐舞蹈学部.音乐舞蹈.音乐.体裁与乐种
探戈,音乐舞蹈学部.音乐舞蹈.音乐.体裁与乐种
船歌,音乐舞蹈学部.音乐舞蹈.音乐.体裁与乐种
阿阿卡,音乐舞蹈学部.音乐舞蹈.音乐.体裁与乐种
板嗦哩,音乐舞蹈学部.音乐舞蹈.音乐.体裁与乐种
风物农乐,音乐舞蹈学部.音乐舞蹈.音乐.体裁与乐种
能乐,音乐舞蹈学部.音乐舞蹈.音乐.体裁与乐种
散调,音乐舞蹈学部.音乐舞蹈.音乐.体裁与乐种
歌舞伎,音乐舞蹈学部.音乐舞蹈.音乐.体裁与乐种
三曲,音乐舞蹈学部.音乐舞蹈.音乐.体裁与乐种
地歌,音乐舞蹈学部.音乐舞蹈.音乐.体裁与乐种
泰国宫廷音乐,音乐舞蹈学部.音乐舞蹈.音乐.体裁与乐种
泰国说唱音乐,音乐舞蹈学部.音乐舞蹈.音乐.体裁与乐种
佳美兰,音乐舞蹈学部.音乐舞蹈.音乐.体裁与乐种
拉格,音乐舞蹈学部.音乐舞蹈.音乐.体裁与乐种
卡瓦利歌唱,音乐舞蹈学部.音乐舞蹈.音乐.体裁与乐种
古散,音乐舞蹈学部.音乐舞蹈.音乐.体裁与乐种
约德尔,音乐舞蹈学部.音乐舞蹈.音乐.体裁与乐种
吉卜赛音乐,音乐舞蹈学部.音乐舞蹈.音乐.体裁与乐种
弗拉门科,音乐舞蹈学部.音乐舞蹈.音乐.体裁与乐种
克莱兹莫,音乐舞蹈学部.音乐舞蹈.音乐.体裁与乐种
韭韭,音乐舞蹈学部.音乐舞蹈.音乐.体裁与乐种
呼拉舞,音乐舞蹈学部.音乐舞蹈.音乐.体裁与乐种
太阳舞,音乐舞蹈学部.音乐舞蹈.音乐.体裁与乐种
马里阿奇乐队,音乐舞蹈学部.音乐舞蹈.音乐.体裁与乐种
桑巴,音乐舞蹈学部.音乐舞蹈.音乐.体裁与乐种
伦巴,音乐舞蹈学部.音乐舞蹈.音乐.体裁与乐种
卡利普索,音乐舞蹈学部.音乐舞蹈.音乐.体裁与乐种
安第斯音乐,音乐舞蹈学部.音乐舞蹈.音乐.体裁与乐种
流行曲,音乐舞蹈学部.音乐舞蹈.音乐.体裁与乐种
福音歌,音乐舞蹈学部.音乐舞蹈.音乐.体裁与乐种
灵歌,音乐舞蹈学部.音乐舞蹈.音乐.体裁与乐种
索尔,音乐舞蹈学部.音乐舞蹈.音乐.体裁与乐种
布鲁斯,音乐舞蹈学部.音乐舞蹈.音乐.体裁与乐种
拉格泰姆,音乐舞蹈学部.音乐舞蹈.音乐.体裁与乐种
爵士乐,音乐舞蹈学部.音乐舞蹈.音乐.体裁与乐种
节奏布鲁斯,音乐舞蹈学部.音乐舞蹈.音乐.体裁与乐种
交响爵士,音乐舞蹈学部.音乐舞蹈.音乐.体裁与乐种
布吉-伍吉,音乐舞蹈学部.音乐舞蹈.音乐.体裁与乐种
迪克西兰爵士乐,音乐舞蹈学部.音乐舞蹈.音乐.体裁与乐种
芝加哥爵士乐,音乐舞蹈学部.音乐舞蹈.音乐.体裁与乐种
拉丁爵士,音乐舞蹈学部.音乐舞蹈.音乐.体裁与乐种
硬波普,音乐舞蹈学部.音乐舞蹈.音乐.体裁与乐种
第三潮流,音乐舞蹈学部.音乐舞蹈.音乐.体裁与乐种
摇摆乐,音乐舞蹈学部.音乐舞蹈.音乐.体裁与乐种
大乐队,音乐舞蹈学部.音乐舞蹈.音乐.体裁与乐种
比波普,音乐舞蹈学部.音乐舞蹈.音乐.体裁与乐种
冷爵士,音乐舞蹈学部.音乐舞蹈.音乐.体裁与乐种
西海岸爵士,音乐舞蹈学部.音乐舞蹈.音乐.体裁与乐种
融合乐,音乐舞蹈学部.音乐舞蹈.音乐.体裁与乐种
自由爵士,音乐舞蹈学部.音乐舞蹈.音乐.体裁与乐种
雷鬼,音乐舞蹈学部.音乐舞蹈.音乐.体裁与乐种
乡村音乐,音乐舞蹈学部.音乐舞蹈.音乐.体裁与乐种
蓝草音乐,音乐舞蹈学部.音乐舞蹈.音乐.体裁与乐种
纳什维尔之声,音乐舞蹈学部.音乐舞蹈.音乐.体裁与乐种
摇滚,音乐舞蹈学部.音乐舞蹈.音乐.体裁与乐种
摇滚乐,音乐舞蹈学部.音乐舞蹈.音乐.体裁与乐种
山地摇滚,音乐舞蹈学部.音乐舞蹈.音乐.体裁与乐种
民谣摇滚,音乐舞蹈学部.音乐舞蹈.音乐.体裁与乐种
迷幻摇滚,音乐舞蹈学部.音乐舞蹈.音乐.体裁与乐种
硬摇滚,音乐舞蹈学部.音乐舞蹈.音乐.体裁与乐种
乡村摇滚,音乐舞蹈学部.音乐舞蹈.音乐.体裁与乐种
轻柔摇滚,音乐舞蹈学部.音乐舞蹈.音乐.体裁与乐种
艺术摇滚,音乐舞蹈学部.音乐舞蹈.音乐.体裁与乐种
摩城乐,音乐舞蹈学部.音乐舞蹈.音乐.体裁与乐种
爵士摇滚,音乐舞蹈学部.音乐舞蹈.音乐.体裁与乐种
朋克,音乐舞蹈学部.音乐舞蹈.音乐.体裁与乐种
新浪潮,音乐舞蹈学部.音乐舞蹈.音乐.体裁与乐种
重金属,音乐舞蹈学部.音乐舞蹈.音乐.体裁与乐种
另类摇滚,音乐舞蹈学部.音乐舞蹈.音乐.体裁与乐种
说唱乐,音乐舞蹈学部.音乐舞蹈.音乐.体裁与乐种
嘻哈,音乐舞蹈学部.音乐舞蹈.音乐.体裁与乐种
芬克,音乐舞蹈学部.音乐舞蹈.音乐.体裁与乐种
垃圾乐,音乐舞蹈学部.音乐舞蹈.音乐.体裁与乐种
理发店重唱,音乐舞蹈学部.音乐舞蹈.音乐.体裁与乐种
嘟-喔普,音乐舞蹈学部.音乐舞蹈.音乐.体裁与乐种
新世纪,音乐舞蹈学部.音乐舞蹈.音乐.体裁与乐种
舞曲音乐,音乐舞蹈学部.音乐舞蹈.音乐.体裁与乐种
迪斯科,音乐舞蹈学部.音乐舞蹈.音乐.体裁与乐种
凯尔特音乐,音乐舞蹈学部.音乐舞蹈.音乐.体裁与乐种
斯基佛,音乐舞蹈学部.音乐舞蹈.音乐.体裁与乐种
民谣复兴,音乐舞蹈学部.音乐舞蹈.音乐.体裁与乐种
乐论,音乐舞蹈学部.音乐舞蹈.音乐.论著
非乐,音乐舞蹈学部.音乐舞蹈.音乐.论著
乐记,音乐舞蹈学部.音乐舞蹈.音乐.论著
琴操,音乐舞蹈学部.音乐舞蹈.音乐.论著
声无哀乐论,音乐舞蹈学部.音乐舞蹈.音乐.论著
乐论,音乐舞蹈学部.音乐舞蹈.音乐.论著
教坊记,音乐舞蹈学部.音乐舞蹈.音乐.论著
乐书要录,音乐舞蹈学部.音乐舞蹈.音乐.论著
羯鼓录,音乐舞蹈学部.音乐舞蹈.音乐.论著
乐府杂录,音乐舞蹈学部.音乐舞蹈.音乐.论著
琵琶录,音乐舞蹈学部.音乐舞蹈.音乐.论著
梦溪笔谈,音乐舞蹈学部.音乐舞蹈.音乐.论著
琴史,音乐舞蹈学部.音乐舞蹈.音乐.论著
乐书,音乐舞蹈学部.音乐舞蹈.音乐.论著
东京梦华录,音乐舞蹈学部.音乐舞蹈.音乐.论著
碧鸡漫志,音乐舞蹈学部.音乐舞蹈.音乐.论著
律吕新书,音乐舞蹈学部.音乐舞蹈.音乐.论著
武林旧事,音乐舞蹈学部.音乐舞蹈.音乐.论著
词源,音乐舞蹈学部.音乐舞蹈.音乐.论著
白石道人歌曲,音乐舞蹈学部.音乐舞蹈.音乐.论著
事林广记,音乐舞蹈学部.音乐舞蹈.音乐.论著
唱论,音乐舞蹈学部.音乐舞蹈.音乐.论著
乐律全书,音乐舞蹈学部.音乐舞蹈.音乐.论著
度曲须知,音乐舞蹈学部.音乐舞蹈.音乐.论著
溪山琴况,音乐舞蹈学部.音乐舞蹈.音乐.论著
律吕正义,音乐舞蹈学部.音乐舞蹈.音乐.论著
乐府传声,音乐舞蹈学部.音乐舞蹈.音乐.论著
燕乐考原,音乐舞蹈学部.音乐舞蹈.音乐.论著
声律通考,音乐舞蹈学部.音乐舞蹈.音乐.论著
中乐寻源,音乐舞蹈学部.音乐舞蹈.音乐.论著
今乐考证,音乐舞蹈学部.音乐舞蹈.音乐.论著
乐器,音乐舞蹈学部.音乐舞蹈.音乐.乐器
木管乐器,音乐舞蹈学部.音乐舞蹈.音乐.乐器
短笛,音乐舞蹈学部.音乐舞蹈.音乐.乐器
长笛,音乐舞蹈学部.音乐舞蹈.音乐.乐器
英国长笛,音乐舞蹈学部.音乐舞蹈.音乐.乐器
小横笛,音乐舞蹈学部.音乐舞蹈.音乐.乐器
哨笛,音乐舞蹈学部.音乐舞蹈.音乐.乐器
双簧管,音乐舞蹈学部.音乐舞蹈.音乐.乐器
单簧管,音乐舞蹈学部.音乐舞蹈.音乐.乐器
低音单簧管,音乐舞蹈学部.音乐舞蹈.音乐.乐器
大管,音乐舞蹈学部.音乐舞蹈.音乐.乐器
巴松,音乐舞蹈学部.音乐舞蹈.音乐.乐器
英国管,音乐舞蹈学部.音乐舞蹈.音乐.乐器
萨克斯管,音乐舞蹈学部.音乐舞蹈.音乐.乐器
萨克斯号,音乐舞蹈学部.音乐舞蹈.音乐.乐器
铜管乐器,音乐舞蹈学部.音乐舞蹈.音乐.乐器
短号,音乐舞蹈学部.音乐舞蹈.音乐.乐器
小号,音乐舞蹈学部.音乐舞蹈.音乐.乐器
长号,音乐舞蹈学部.音乐舞蹈.音乐.乐器
圆号,音乐舞蹈学部.音乐舞蹈.音乐.乐器
大号,音乐舞蹈学部.音乐舞蹈.音乐.乐器
管钟,音乐舞蹈学部.音乐舞蹈.音乐.乐器
排钟,音乐舞蹈学部.音乐舞蹈.音乐.乐器
钢片琴,音乐舞蹈学部.音乐舞蹈.音乐.乐器
颤音琴,音乐舞蹈学部.音乐舞蹈.音乐.乐器
响板,音乐舞蹈学部.音乐舞蹈.音乐.乐器
钟琴,音乐舞蹈学部.音乐舞蹈.音乐.乐器
大鼓,音乐舞蹈学部.音乐舞蹈.音乐.乐器
架子鼓,音乐舞蹈学部.音乐舞蹈.音乐.乐器
定音鼓,音乐舞蹈学部.音乐舞蹈.音乐.乐器
三角铁,音乐舞蹈学部.音乐舞蹈.音乐.乐器
小鼓,音乐舞蹈学部.音乐舞蹈.音乐.乐器
弦乐器,音乐舞蹈学部.音乐舞蹈.音乐.乐器
竖琴,音乐舞蹈学部.音乐舞蹈.音乐.乐器
吉他,音乐舞蹈学部.音乐舞蹈.音乐.乐器
里拉,音乐舞蹈学部.音乐舞蹈.音乐.乐器
琉特,音乐舞蹈学部.音乐舞蹈.音乐.乐器
曼陀林,音乐舞蹈学部.音乐舞蹈.音乐.乐器
小提琴,音乐舞蹈学部.音乐舞蹈.音乐.乐器
中提琴,音乐舞蹈学部.音乐舞蹈.音乐.乐器
大提琴,音乐舞蹈学部.音乐舞蹈.音乐.乐器
低音提琴,音乐舞蹈学部.音乐舞蹈.音乐.乐器
维奥尔,音乐舞蹈学部.音乐舞蹈.音乐.乐器
键盘,音乐舞蹈学部.音乐舞蹈.音乐.乐器
手风琴,音乐舞蹈学部.音乐舞蹈.音乐.乐器
六角手风琴,音乐舞蹈学部.音乐舞蹈.音乐.乐器
口琴,音乐舞蹈学部.音乐舞蹈.音乐.乐器
风琴,音乐舞蹈学部.音乐舞蹈.音乐.乐器
管风琴,音乐舞蹈学部.音乐舞蹈.音乐.乐器
钢琴,音乐舞蹈学部.音乐舞蹈.音乐.乐器
自动钢琴,音乐舞蹈学部.音乐舞蹈.音乐.乐器
八音,音乐舞蹈学部.音乐舞蹈.音乐.乐器
体鸣乐器,音乐舞蹈学部.音乐舞蹈.音乐.乐器
编钟,音乐舞蹈学部.音乐舞蹈.音乐.乐器
编磬,音乐舞蹈学部.音乐舞蹈.音乐.乐器
铙,音乐舞蹈学部.音乐舞蹈.音乐.乐器
磬,音乐舞蹈学部.音乐舞蹈.音乐.乐器
特磬,音乐舞蹈学部.音乐舞蹈.音乐.乐器
敔,音乐舞蹈学部.音乐舞蹈.音乐.乐器
镈,音乐舞蹈学部.音乐舞蹈.音乐.乐器
铎,音乐舞蹈学部.音乐舞蹈.音乐.乐器
█,音乐舞蹈学部.音乐舞蹈.音乐.乐器
铜鼓,音乐舞蹈学部.音乐舞蹈.音乐.乐器
钟,音乐舞蹈学部.音乐舞蹈.音乐.乐器
特钟,音乐舞蹈学部.音乐舞蹈.音乐.乐器
方响,音乐舞蹈学部.音乐舞蹈.音乐.乐器
钹,音乐舞蹈学部.音乐舞蹈.音乐.乐器
拍板,音乐舞蹈学部.音乐舞蹈.音乐.乐器
击乐器,音乐舞蹈学部.音乐舞蹈.音乐.乐器
鼓,音乐舞蹈学部.音乐舞蹈.音乐.乐器
板鼓,音乐舞蹈学部.音乐舞蹈.音乐.乐器
鼗,音乐舞蹈学部.音乐舞蹈.音乐.乐器
腰鼓,音乐舞蹈学部.音乐舞蹈.音乐.乐器
羯鼓,音乐舞蹈学部.音乐舞蹈.音乐.乐器
萨满鼓,音乐舞蹈学部.音乐舞蹈.音乐.乐器
太平鼓,音乐舞蹈学部.音乐舞蹈.音乐.乐器
梆子,音乐舞蹈学部.音乐舞蹈.音乐.乐器
搏拊,音乐舞蹈学部.音乐舞蹈.音乐.乐器
柷,音乐舞蹈学部.音乐舞蹈.音乐.乐器
堂鼓,音乐舞蹈学部.音乐舞蹈.音乐.乐器
钢鼓,音乐舞蹈学部.音乐舞蹈.音乐.乐器
云锣,音乐舞蹈学部.音乐舞蹈.音乐.乐器
木鱼,音乐舞蹈学部.音乐舞蹈.音乐.乐器
琴,音乐舞蹈学部.音乐舞蹈.音乐.乐器
古琴,音乐舞蹈学部.音乐舞蹈.音乐.乐器
琴徽,音乐舞蹈学部.音乐舞蹈.音乐.乐器
瑟,音乐舞蹈学部.音乐舞蹈.音乐.乐器
筑,音乐舞蹈学部.音乐舞蹈.音乐.乐器
筝,音乐舞蹈学部.音乐舞蹈.音乐.乐器
箜篌,音乐舞蹈学部.音乐舞蹈.音乐.乐器
琵琶,音乐舞蹈学部.音乐舞蹈.音乐.乐器
五弦,音乐舞蹈学部.音乐舞蹈.音乐.乐器
阮,音乐舞蹈学部.音乐舞蹈.音乐.乐器
拨子,音乐舞蹈学部.音乐舞蹈.音乐.乐器
木琴,音乐舞蹈学部.音乐舞蹈.音乐.乐器
桑扎,音乐舞蹈学部.音乐舞蹈.音乐.乐器
弦鸣乐器,音乐舞蹈学部.音乐舞蹈.音乐.乐器
琴码,音乐舞蹈学部.音乐舞蹈.音乐.乐器
品,音乐舞蹈学部.音乐舞蹈.音乐.乐器
月琴,音乐舞蹈学部.音乐舞蹈.音乐.乐器
三弦,音乐舞蹈学部.音乐舞蹈.音乐.乐器
扬琴,音乐舞蹈学部.音乐舞蹈.音乐.乐器
柳琴,音乐舞蹈学部.音乐舞蹈.音乐.乐器
东不拉,音乐舞蹈学部.音乐舞蹈.音乐.乐器
冬不拉,音乐舞蹈学部.音乐舞蹈.音乐.乐器
热瓦普,音乐舞蹈学部.音乐舞蹈.音乐.乐器
高胡,音乐舞蹈学部.音乐舞蹈.音乐.乐器
二胡,音乐舞蹈学部.音乐舞蹈.音乐.乐器
京胡,音乐舞蹈学部.音乐舞蹈.音乐.乐器
板胡,音乐舞蹈学部.音乐舞蹈.音乐.乐器
坠琴,音乐舞蹈学部.音乐舞蹈.音乐.乐器
中胡,音乐舞蹈学部.音乐舞蹈.音乐.乐器
革胡,音乐舞蹈学部.音乐舞蹈.音乐.乐器
二弦,音乐舞蹈学部.音乐舞蹈.音乐.乐器
马头琴,音乐舞蹈学部.音乐舞蹈.音乐.乐器
管乐器,音乐舞蹈学部.音乐舞蹈.音乐.乐器
气鸣乐器,音乐舞蹈学部.音乐舞蹈.音乐.乐器
簧,音乐舞蹈学部.音乐舞蹈.音乐.乐器
膜鸣乐器,音乐舞蹈学部.音乐舞蹈.音乐.乐器
籥,音乐舞蹈学部.音乐舞蹈.音乐.乐器
口弦,音乐舞蹈学部.音乐舞蹈.音乐.乐器
埙,音乐舞蹈学部.音乐舞蹈.音乐.乐器
笛,音乐舞蹈学部.音乐舞蹈.音乐.乐器
梆笛,音乐舞蹈学部.音乐舞蹈.音乐.乐器
箫,音乐舞蹈学部.音乐舞蹈.音乐.乐器
洞箫,音乐舞蹈学部.音乐舞蹈.音乐.乐器
笙,音乐舞蹈学部.音乐舞蹈.音乐.乐器
竽,音乐舞蹈学部.音乐舞蹈.音乐.乐器
胡笳,音乐舞蹈学部.音乐舞蹈.音乐.乐器
筚篥,音乐舞蹈学部.音乐舞蹈.音乐.乐器
管子,音乐舞蹈学部.音乐舞蹈.音乐.乐器
唢呐,音乐舞蹈学部.音乐舞蹈.音乐.乐器
排箫,音乐舞蹈学部.音乐舞蹈.音乐.乐器
巴乌,音乐舞蹈学部.音乐舞蹈.音乐.乐器
篪,音乐舞蹈学部.音乐舞蹈.音乐.乐器
芦笙,音乐舞蹈学部.音乐舞蹈.音乐.乐器
牙筝,音乐舞蹈学部.音乐舞蹈.音乐.乐器
奚琴,音乐舞蹈学部.音乐舞蹈.音乐.乐器
玄琴,音乐舞蹈学部.音乐舞蹈.音乐.乐器
大笒,音乐舞蹈学部.音乐舞蹈.音乐.乐器
伽倻琴,音乐舞蹈学部.音乐舞蹈.音乐.乐器
长鼓,音乐舞蹈学部.音乐舞蹈.音乐.乐器
尺八,音乐舞蹈学部.音乐舞蹈.音乐.乐器
日本筝,音乐舞蹈学部.音乐舞蹈.音乐.乐器
三味线,音乐舞蹈学部.音乐舞蹈.音乐.乐器
太鼓,音乐舞蹈学部.音乐舞蹈.音乐.乐器
独弦琴,音乐舞蹈学部.音乐舞蹈.音乐.乐器
越南筝,音乐舞蹈学部.音乐舞蹈.音乐.乐器
克隆宗,音乐舞蹈学部.音乐舞蹈.音乐.乐器
苏林笛,音乐舞蹈学部.音乐舞蹈.音乐.乐器
维纳,音乐舞蹈学部.音乐舞蹈.音乐.乐器
印度小提琴,音乐舞蹈学部.音乐舞蹈.音乐.乐器
塔布拉,音乐舞蹈学部.音乐舞蹈.音乐.乐器
坦布拉,音乐舞蹈学部.音乐舞蹈.音乐.乐器
西塔尔,音乐舞蹈学部.音乐舞蹈.音乐.乐器
手摆风琴,音乐舞蹈学部.音乐舞蹈.音乐.乐器
奈伊,音乐舞蹈学部.音乐舞蹈.音乐.乐器
印度竖笛,音乐舞蹈学部.音乐舞蹈.音乐.乐器
塞塔尔琴,音乐舞蹈学部.音乐舞蹈.音乐.乐器
扎卜鼓,音乐舞蹈学部.音乐舞蹈.音乐.乐器
雷贝克琴,音乐舞蹈学部.音乐舞蹈.音乐.乐器
乌德,音乐舞蹈学部.音乐舞蹈.音乐.乐器
铃鼓,音乐舞蹈学部.音乐舞蹈.音乐.乐器
钦巴龙,音乐舞蹈学部.音乐舞蹈.音乐.乐器
杜西玛洋琴,音乐舞蹈学部.音乐舞蹈.音乐.乐器
民间小提琴,音乐舞蹈学部.音乐舞蹈.音乐.乐器
轮擦提琴,音乐舞蹈学部.音乐舞蹈.音乐.乐器
西班牙吉他,音乐舞蹈学部.音乐舞蹈.音乐.乐器
阿尔卑斯长号,音乐舞蹈学部.音乐舞蹈.音乐.乐器
风笛,音乐舞蹈学部.音乐舞蹈.音乐.乐器
尤宁风笛,音乐舞蹈学部.音乐舞蹈.音乐.乐器
巴拉莱卡,音乐舞蹈学部.音乐舞蹈.音乐.乐器
科拉琴,音乐舞蹈学部.音乐舞蹈.音乐.乐器
说话鼓,音乐舞蹈学部.音乐舞蹈.音乐.乐器
拇指钢琴,音乐舞蹈学部.音乐舞蹈.音乐.乐器
非洲竹筒琴,音乐舞蹈学部.音乐舞蹈.音乐.乐器
弓琴,音乐舞蹈学部.音乐舞蹈.音乐.乐器
开口木鼓,音乐舞蹈学部.音乐舞蹈.音乐.乐器
尤杜鼓,音乐舞蹈学部.音乐舞蹈.音乐.乐器
巴塔鼓,音乐舞蹈学部.音乐舞蹈.音乐.乐器
迪杰里杜,音乐舞蹈学部.音乐舞蹈.音乐.乐器
班卓琴,音乐舞蹈学部.音乐舞蹈.音乐.乐器
恰朗戈,音乐舞蹈学部.音乐舞蹈.音乐.乐器
刮响器,音乐舞蹈学部.音乐舞蹈.音乐.乐器
乐锯,音乐舞蹈学部.音乐舞蹈.音乐.乐器
机械乐器,音乐舞蹈学部.音乐舞蹈.音乐.乐器
移调乐器,音乐舞蹈学部.音乐舞蹈.音乐.乐器
手摇风琴,音乐舞蹈学部.音乐舞蹈.音乐.乐器
助气风箱,音乐舞蹈学部.音乐舞蹈.音乐.乐器
双颈琉特琴,音乐舞蹈学部.音乐舞蹈.音乐.乐器
上低音维奥拉琴,音乐舞蹈学部.音乐舞蹈.音乐.乐器
吸气簧风琴,音乐舞蹈学部.音乐舞蹈.音乐.乐器
风鸣琴,音乐舞蹈学部.音乐舞蹈.音乐.乐器
电子合成器,音乐舞蹈学部.音乐舞蹈.音乐.乐器
指板,音乐舞蹈学部.音乐舞蹈.音乐.乐器
音叉,音乐舞蹈学部.音乐舞蹈.音乐.乐器
弱音器,音乐舞蹈学部.音乐舞蹈.音乐.乐器
踏板,音乐舞蹈学部.音乐舞蹈.音乐.乐器
弦枕,音乐舞蹈学部.音乐舞蹈.音乐.乐器
琴键,音乐舞蹈学部.音乐舞蹈.音乐.乐器
音栓,音乐舞蹈学部.音乐舞蹈.音乐.乐器
键,音乐舞蹈学部.音乐舞蹈.音乐.乐器
斯坦威,音乐舞蹈学部.音乐舞蹈.音乐.乐器
舞蹈,音乐舞蹈学部.音乐舞蹈.舞蹈.名词术语
生活舞蹈,音乐舞蹈学部.音乐舞蹈.舞蹈.名词术语
宗教舞蹈,音乐舞蹈学部.音乐舞蹈.舞蹈.名词术语
祭祀舞蹈,音乐舞蹈学部.音乐舞蹈.舞蹈.名词术语
图腾舞蹈,音乐舞蹈学部.音乐舞蹈.舞蹈.名词术语
社交舞蹈,音乐舞蹈学部.音乐舞蹈.舞蹈.名词术语
体育舞蹈,音乐舞蹈学部.音乐舞蹈.舞蹈.名词术语
艺术舞蹈,音乐舞蹈学部.音乐舞蹈.舞蹈.名词术语
古典舞蹈,音乐舞蹈学部.音乐舞蹈.舞蹈.名词术语
中国古典舞,音乐舞蹈学部.音乐舞蹈.舞蹈.名词术语
戏曲舞蹈,音乐舞蹈学部.音乐舞蹈.舞蹈.名词术语
汉唐舞蹈,音乐舞蹈学部.音乐舞蹈.舞蹈.名词术语
敦煌舞蹈,音乐舞蹈学部.音乐舞蹈.舞蹈.名词术语
昆舞,音乐舞蹈学部.音乐舞蹈.舞蹈.名词术语
手眼身法步,音乐舞蹈学部.音乐舞蹈.舞蹈.名词术语
民间舞蹈,音乐舞蹈学部.音乐舞蹈.舞蹈.名词术语
宫廷舞蹈,音乐舞蹈学部.音乐舞蹈.舞蹈.名词术语
社会舞蹈,音乐舞蹈学部.音乐舞蹈.舞蹈.名词术语
现代舞,音乐舞蹈学部.音乐舞蹈.舞蹈.名词术语
当代舞,音乐舞蹈学部.音乐舞蹈.舞蹈.名词术语
独舞,音乐舞蹈学部.音乐舞蹈.舞蹈.名词术语
双人舞,音乐舞蹈学部.音乐舞蹈.舞蹈.名词术语
三人舞,音乐舞蹈学部.音乐舞蹈.舞蹈.名词术语
群舞,音乐舞蹈学部.音乐舞蹈.舞蹈.名词术语
组舞,音乐舞蹈学部.音乐舞蹈.舞蹈.名词术语
歌舞,音乐舞蹈学部.音乐舞蹈.舞蹈.名词术语
舞蹈诗,音乐舞蹈学部.音乐舞蹈.舞蹈.名词术语
音乐舞蹈史诗,音乐舞蹈学部.音乐舞蹈.舞蹈.名词术语
歌舞剧,音乐舞蹈学部.音乐舞蹈.舞蹈.名词术语
舞剧,音乐舞蹈学部.音乐舞蹈.舞蹈.名词术语
情绪舞,音乐舞蹈学部.音乐舞蹈.舞蹈.名词术语
情节舞,音乐舞蹈学部.音乐舞蹈.舞蹈.名词术语
面具舞蹈,音乐舞蹈学部.音乐舞蹈.舞蹈.名词术语
舞蹈学,音乐舞蹈学部.音乐舞蹈.舞蹈.名词术语
舞蹈评论,音乐舞蹈学部.音乐舞蹈.舞蹈.名词术语
舞蹈教育,音乐舞蹈学部.音乐舞蹈.舞蹈.名词术语
舞蹈史学,音乐舞蹈学部.音乐舞蹈.舞蹈.名词术语
舞蹈分类学,音乐舞蹈学部.音乐舞蹈.舞蹈.名词术语
舞蹈社会学,音乐舞蹈学部.音乐舞蹈.舞蹈.名词术语
舞蹈心理学,音乐舞蹈学部.音乐舞蹈.舞蹈.名词术语
舞蹈生态学,音乐舞蹈学部.音乐舞蹈.舞蹈.名词术语
舞蹈形态学,音乐舞蹈学部.音乐舞蹈.舞蹈.名词术语
舞蹈美学,音乐舞蹈学部.音乐舞蹈.舞蹈.名词术语
舞蹈审美特征,音乐舞蹈学部.音乐舞蹈.舞蹈.名词术语
舞蹈美感,音乐舞蹈学部.音乐舞蹈.舞蹈.名词术语
舞蹈特性,音乐舞蹈学部.音乐舞蹈.舞蹈.名词术语
舞蹈抒情性,音乐舞蹈学部.音乐舞蹈.舞蹈.名词术语
舞蹈节奏性,音乐舞蹈学部.音乐舞蹈.舞蹈.名词术语
舞蹈造型性,音乐舞蹈学部.音乐舞蹈.舞蹈.名词术语
舞蹈动态性,音乐舞蹈学部.音乐舞蹈.舞蹈.名词术语
舞蹈综合性,音乐舞蹈学部.音乐舞蹈.舞蹈.名词术语
舞蹈技艺性,音乐舞蹈学部.音乐舞蹈.舞蹈.名词术语
舞蹈内容,音乐舞蹈学部.音乐舞蹈.舞蹈.名词术语
舞蹈形式,音乐舞蹈学部.音乐舞蹈.舞蹈.名词术语
舞蹈素材,音乐舞蹈学部.音乐舞蹈.舞蹈.名词术语
舞蹈题材,音乐舞蹈学部.音乐舞蹈.舞蹈.名词术语
舞蹈主题,音乐舞蹈学部.音乐舞蹈.舞蹈.名词术语
舞蹈形象,音乐舞蹈学部.音乐舞蹈.舞蹈.名词术语
舞蹈情节,音乐舞蹈学部.音乐舞蹈.舞蹈.名词术语
舞蹈环境,音乐舞蹈学部.音乐舞蹈.舞蹈.名词术语
舞蹈结构,音乐舞蹈学部.音乐舞蹈.舞蹈.名词术语
舞蹈语言,音乐舞蹈学部.音乐舞蹈.舞蹈.名词术语
舞蹈语汇,音乐舞蹈学部.音乐舞蹈.舞蹈.名词术语
舞蹈动作,音乐舞蹈学部.音乐舞蹈.舞蹈.名词术语
舞蹈组合,音乐舞蹈学部.音乐舞蹈.舞蹈.名词术语
舞蹈造型,音乐舞蹈学部.音乐舞蹈.舞蹈.名词术语
舞蹈技巧,音乐舞蹈学部.音乐舞蹈.舞蹈.名词术语
舞蹈节奏,音乐舞蹈学部.音乐舞蹈.舞蹈.名词术语
舞蹈韵律,音乐舞蹈学部.音乐舞蹈.舞蹈.名词术语
舞蹈身韵,音乐舞蹈学部.音乐舞蹈.舞蹈.名词术语
舞蹈构图,音乐舞蹈学部.音乐舞蹈.舞蹈.名词术语
舞蹈意境,音乐舞蹈学部.音乐舞蹈.舞蹈.名词术语
舞蹈风格,音乐舞蹈学部.音乐舞蹈.舞蹈.名词术语
舞蹈氛围,音乐舞蹈学部.音乐舞蹈.舞蹈.名词术语
舞蹈音乐,音乐舞蹈学部.音乐舞蹈.舞蹈.名词术语
舞蹈服饰,音乐舞蹈学部.音乐舞蹈.舞蹈.名词术语
舞蹈灯光,音乐舞蹈学部.音乐舞蹈.舞蹈.名词术语
舞蹈布景,音乐舞蹈学部.音乐舞蹈.舞蹈.名词术语
舞蹈道具,音乐舞蹈学部.音乐舞蹈.舞蹈.名词术语
舞蹈记录法,音乐舞蹈学部.音乐舞蹈.舞蹈.名词术语
舞谱,音乐舞蹈学部.音乐舞蹈.舞蹈.名词术语
拉班舞谱,音乐舞蹈学部.音乐舞蹈.舞蹈.名词术语
葛天氏之乐,音乐舞蹈学部.音乐舞蹈.舞蹈.名词术语
阴康氏之乐,音乐舞蹈学部.音乐舞蹈.舞蹈.名词术语
六舞,音乐舞蹈学部.音乐舞蹈.舞蹈.名词术语
云门,音乐舞蹈学部.音乐舞蹈.舞蹈.名词术语
咸池,音乐舞蹈学部.音乐舞蹈.舞蹈.名词术语
大韶,音乐舞蹈学部.音乐舞蹈.舞蹈.名词术语
箫韶,音乐舞蹈学部.音乐舞蹈.舞蹈.名词术语
韶,音乐舞蹈学部.音乐舞蹈.舞蹈.名词术语
大夏,音乐舞蹈学部.音乐舞蹈.舞蹈.名词术语
大濩,音乐舞蹈学部.音乐舞蹈.舞蹈.名词术语
大武,音乐舞蹈学部.音乐舞蹈.舞蹈.名词术语
雅舞,音乐舞蹈学部.音乐舞蹈.舞蹈.名词术语
文舞,音乐舞蹈学部.音乐舞蹈.舞蹈.名词术语
武舞,音乐舞蹈学部.音乐舞蹈.舞蹈.名词术语
小舞,音乐舞蹈学部.音乐舞蹈.舞蹈.名词术语
帗舞,音乐舞蹈学部.音乐舞蹈.舞蹈.名词术语
羽舞,音乐舞蹈学部.音乐舞蹈.舞蹈.名词术语
皇舞,音乐舞蹈学部.音乐舞蹈.舞蹈.名词术语
旄舞,音乐舞蹈学部.音乐舞蹈.舞蹈.名词术语
干舞,音乐舞蹈学部.音乐舞蹈.舞蹈.名词术语
人舞,音乐舞蹈学部.音乐舞蹈.舞蹈.名词术语
四夷乐,音乐舞蹈学部.音乐舞蹈.舞蹈.名词术语
百戏,音乐舞蹈学部.音乐舞蹈.舞蹈.名词术语
角觝戏,音乐舞蹈学部.音乐舞蹈.舞蹈.名词术语
剑舞,音乐舞蹈学部.音乐舞蹈.舞蹈.名词术语
楚舞,音乐舞蹈学部.音乐舞蹈.舞蹈.名词术语
袖舞,音乐舞蹈学部.音乐舞蹈.舞蹈.名词术语
属舞,音乐舞蹈学部.音乐舞蹈.舞蹈.名词术语
踏歌,音乐舞蹈学部.音乐舞蹈.舞蹈.名词术语
盘鼓舞,音乐舞蹈学部.音乐舞蹈.舞蹈.名词术语
七盘舞,音乐舞蹈学部.音乐舞蹈.舞蹈.名词术语
建鼓舞,音乐舞蹈学部.音乐舞蹈.舞蹈.名词术语
灵星舞,音乐舞蹈学部.音乐舞蹈.舞蹈.名词术语
巴渝舞,音乐舞蹈学部.音乐舞蹈.舞蹈.名词术语
白纻舞,音乐舞蹈学部.音乐舞蹈.舞蹈.名词术语
明君舞,音乐舞蹈学部.音乐舞蹈.舞蹈.名词术语
公莫舞,音乐舞蹈学部.音乐舞蹈.舞蹈.名词术语
巾舞,音乐舞蹈学部.音乐舞蹈.舞蹈.名词术语
拂舞,音乐舞蹈学部.音乐舞蹈.舞蹈.名词术语
鞞舞,音乐舞蹈学部.音乐舞蹈.舞蹈.名词术语
铎舞,音乐舞蹈学部.音乐舞蹈.舞蹈.名词术语
大垂手,音乐舞蹈学部.音乐舞蹈.舞蹈.名词术语
小垂手,音乐舞蹈学部.音乐舞蹈.舞蹈.名词术语
七部乐,音乐舞蹈学部.音乐舞蹈.舞蹈.名词术语
九部乐,音乐舞蹈学部.音乐舞蹈.舞蹈.名词术语
十部乐,音乐舞蹈学部.音乐舞蹈.舞蹈.名词术语
燕乐,音乐舞蹈学部.音乐舞蹈.舞蹈.名词术语
清商乐,音乐舞蹈学部.音乐舞蹈.舞蹈.名词术语
西凉乐,音乐舞蹈学部.音乐舞蹈.舞蹈.名词术语
高丽乐,音乐舞蹈学部.音乐舞蹈.舞蹈.名词术语
天竺乐,音乐舞蹈学部.音乐舞蹈.舞蹈.名词术语
安国乐,音乐舞蹈学部.音乐舞蹈.舞蹈.名词术语
龟兹乐,音乐舞蹈学部.音乐舞蹈.舞蹈.名词术语
康国乐,音乐舞蹈学部.音乐舞蹈.舞蹈.名词术语
疏勒乐,音乐舞蹈学部.音乐舞蹈.舞蹈.名词术语
高昌乐,音乐舞蹈学部.音乐舞蹈.舞蹈.名词术语
立部伎,音乐舞蹈学部.音乐舞蹈.舞蹈.名词术语
坐部伎,音乐舞蹈学部.音乐舞蹈.舞蹈.名词术语
破阵乐,音乐舞蹈学部.音乐舞蹈.舞蹈.名词术语
圣寿乐,音乐舞蹈学部.音乐舞蹈.舞蹈.名词术语
龙池乐,音乐舞蹈学部.音乐舞蹈.舞蹈.名词术语
骠国乐,音乐舞蹈学部.音乐舞蹈.舞蹈.名词术语
南诏奉圣乐,音乐舞蹈学部.音乐舞蹈.舞蹈.名词术语
健舞,音乐舞蹈学部.音乐舞蹈.舞蹈.名词术语
柘枝舞,音乐舞蹈学部.音乐舞蹈.舞蹈.名词术语
胡旋舞,音乐舞蹈学部.音乐舞蹈.舞蹈.名词术语
胡腾舞,音乐舞蹈学部.音乐舞蹈.舞蹈.名词术语
剑器舞,音乐舞蹈学部.音乐舞蹈.舞蹈.名词术语
软舞,音乐舞蹈学部.音乐舞蹈.舞蹈.名词术语
兰陵王,音乐舞蹈学部.音乐舞蹈.舞蹈.名词术语
春莺啭,音乐舞蹈学部.音乐舞蹈.舞蹈.名词术语
绿腰,音乐舞蹈学部.音乐舞蹈.舞蹈.名词术语
六幺,音乐舞蹈学部.音乐舞蹈.舞蹈.名词术语
苏合香,音乐舞蹈学部.音乐舞蹈.舞蹈.名词术语
屈柘枝,音乐舞蹈学部.音乐舞蹈.舞蹈.名词术语
惊鸿舞,音乐舞蹈学部.音乐舞蹈.舞蹈.名词术语
凌波曲,音乐舞蹈学部.音乐舞蹈.舞蹈.名词术语
歌舞大曲,音乐舞蹈学部.音乐舞蹈.舞蹈.名词术语
霓裳羽衣舞,音乐舞蹈学部.音乐舞蹈.舞蹈.名词术语
歌舞戏,音乐舞蹈学部.音乐舞蹈.舞蹈.名词术语
兰陵王入阵曲,音乐舞蹈学部.音乐舞蹈.舞蹈.名词术语
钵头,音乐舞蹈学部.音乐舞蹈.舞蹈.名词术语
踏谣娘,音乐舞蹈学部.音乐舞蹈.舞蹈.名词术语
队舞,音乐舞蹈学部.音乐舞蹈.舞蹈.名词术语
菩萨蛮队舞,音乐舞蹈学部.音乐舞蹈.舞蹈.名词术语
叹百年,音乐舞蹈学部.音乐舞蹈.舞蹈.名词术语
抛球乐队舞,音乐舞蹈学部.音乐舞蹈.舞蹈.名词术语
佳人剪牡丹队舞,音乐舞蹈学部.音乐舞蹈.舞蹈.名词术语
舞队,音乐舞蹈学部.音乐舞蹈.舞蹈.名词术语
转踏,音乐舞蹈学部.音乐舞蹈.舞蹈.名词术语
村田乐,音乐舞蹈学部.音乐舞蹈.舞蹈.名词术语
天魔舞,音乐舞蹈学部.音乐舞蹈.舞蹈.名词术语
庆隆舞,音乐舞蹈学部.音乐舞蹈.舞蹈.名词术语
苏区歌舞,音乐舞蹈学部.音乐舞蹈.舞蹈.名词术语
歌舞活报,音乐舞蹈学部.音乐舞蹈.舞蹈.名词术语
新舞蹈运动,音乐舞蹈学部.音乐舞蹈.舞蹈.名词术语
秧歌运动,音乐舞蹈学部.音乐舞蹈.舞蹈.名词术语
边疆歌舞,音乐舞蹈学部.音乐舞蹈.舞蹈.名词术语
蒙古族舞蹈,音乐舞蹈学部.音乐舞蹈.舞蹈.名词术语
安代舞,音乐舞蹈学部.音乐舞蹈.舞蹈.名词术语
筷子舞,音乐舞蹈学部.音乐舞蹈.舞蹈.名词术语
回族舞蹈,音乐舞蹈学部.音乐舞蹈.舞蹈.名词术语
藏族舞蹈,音乐舞蹈学部.音乐舞蹈.舞蹈.名词术语
弦子舞,音乐舞蹈学部.音乐舞蹈.舞蹈.名词术语
锅庄,音乐舞蹈学部.音乐舞蹈.舞蹈.名词术语
热巴,音乐舞蹈学部.音乐舞蹈.舞蹈.名词术语
堆谐,音乐舞蹈学部.音乐舞蹈.舞蹈.名词术语
维吾尔族舞蹈,音乐舞蹈学部.音乐舞蹈.舞蹈.名词术语
手鼓舞,音乐舞蹈学部.音乐舞蹈.舞蹈.名词术语
刀郎舞,音乐舞蹈学部.音乐舞蹈.舞蹈.名词术语
赛乃姆,音乐舞蹈学部.音乐舞蹈.舞蹈.名词术语
苗族舞蹈,音乐舞蹈学部.音乐舞蹈.舞蹈.名词术语
芦笙舞,音乐舞蹈学部.音乐舞蹈.舞蹈.名词术语
踩鼓舞,音乐舞蹈学部.音乐舞蹈.舞蹈.名词术语
彝族舞蹈,音乐舞蹈学部.音乐舞蹈.舞蹈.名词术语
阿细跳月,音乐舞蹈学部.音乐舞蹈.舞蹈.名词术语
跳脚舞,音乐舞蹈学部.音乐舞蹈.舞蹈.名词术语
壮族舞蹈,音乐舞蹈学部.音乐舞蹈.舞蹈.名词术语
师公舞,音乐舞蹈学部.音乐舞蹈.舞蹈.名词术语
扁担舞,音乐舞蹈学部.音乐舞蹈.舞蹈.名词术语
布依族舞蹈,音乐舞蹈学部.音乐舞蹈.舞蹈.名词术语
织布舞,音乐舞蹈学部.音乐舞蹈.舞蹈.名词术语
朝鲜族舞蹈,音乐舞蹈学部.音乐舞蹈.舞蹈.名词术语
长鼓舞,音乐舞蹈学部.音乐舞蹈.舞蹈.名词术语
农乐舞,音乐舞蹈学部.音乐舞蹈.舞蹈.名词术语
满族舞蹈,音乐舞蹈学部.音乐舞蹈.舞蹈.名词术语
抓鼓舞,音乐舞蹈学部.音乐舞蹈.舞蹈.名词术语
侗族舞蹈,音乐舞蹈学部.音乐舞蹈.舞蹈.名词术语
多耶,音乐舞蹈学部.音乐舞蹈.舞蹈.名词术语
瑶族舞蹈,音乐舞蹈学部.音乐舞蹈.舞蹈.名词术语
铜鼓舞,音乐舞蹈学部.音乐舞蹈.舞蹈.名词术语
白族舞蹈,音乐舞蹈学部.音乐舞蹈.舞蹈.名词术语
土家族舞蹈,音乐舞蹈学部.音乐舞蹈.舞蹈.名词术语
摆手舞,音乐舞蹈学部.音乐舞蹈.舞蹈.名词术语
哈尼族舞蹈,音乐舞蹈学部.音乐舞蹈.舞蹈.名词术语
哈萨克族舞蹈,音乐舞蹈学部.音乐舞蹈.舞蹈.名词术语
哈拉卓尔噶,音乐舞蹈学部.音乐舞蹈.舞蹈.名词术语
傣族舞蹈,音乐舞蹈学部.音乐舞蹈.舞蹈.名词术语
孔雀舞,音乐舞蹈学部.音乐舞蹈.舞蹈.名词术语
黎族舞蹈,音乐舞蹈学部.音乐舞蹈.舞蹈.名词术语
打竹舞,音乐舞蹈学部.音乐舞蹈.舞蹈.名词术语
傈僳族舞蹈,音乐舞蹈学部.音乐舞蹈.舞蹈.名词术语
佤族舞蹈,音乐舞蹈学部.音乐舞蹈.舞蹈.名词术语
木鼓舞,音乐舞蹈学部.音乐舞蹈.舞蹈.名词术语
畲族舞蹈,音乐舞蹈学部.音乐舞蹈.舞蹈.名词术语
高山族舞蹈,音乐舞蹈学部.音乐舞蹈.舞蹈.名词术语
杵乐,音乐舞蹈学部.音乐舞蹈.舞蹈.名词术语
拉祜族舞蹈,音乐舞蹈学部.音乐舞蹈.舞蹈.名词术语
水族舞蹈,音乐舞蹈学部.音乐舞蹈.舞蹈.名词术语
东乡族舞蹈,音乐舞蹈学部.音乐舞蹈.舞蹈.名词术语
纳西族舞蹈,音乐舞蹈学部.音乐舞蹈.舞蹈.名词术语
景颇族舞蹈,音乐舞蹈学部.音乐舞蹈.舞蹈.名词术语
柯尔克孜族舞蹈,音乐舞蹈学部.音乐舞蹈.舞蹈.名词术语
土族舞蹈,音乐舞蹈学部.音乐舞蹈.舞蹈.名词术语
安昭,音乐舞蹈学部.音乐舞蹈.舞蹈.名词术语
达斡尔族舞蹈,音乐舞蹈学部.音乐舞蹈.舞蹈.名词术语
罕伯舞,音乐舞蹈学部.音乐舞蹈.舞蹈.名词术语
仫佬族舞蹈,音乐舞蹈学部.音乐舞蹈.舞蹈.名词术语
羌族舞蹈,音乐舞蹈学部.音乐舞蹈.舞蹈.名词术语
布朗族舞蹈,音乐舞蹈学部.音乐舞蹈.舞蹈.名词术语
撒拉族舞蹈,音乐舞蹈学部.音乐舞蹈.舞蹈.名词术语
毛南族舞蹈,音乐舞蹈学部.音乐舞蹈.舞蹈.名词术语
仡佬族舞蹈,音乐舞蹈学部.音乐舞蹈.舞蹈.名词术语
锡伯族舞蹈,音乐舞蹈学部.音乐舞蹈.舞蹈.名词术语
阿昌族舞蹈,音乐舞蹈学部.音乐舞蹈.舞蹈.名词术语
普米族舞蹈,音乐舞蹈学部.音乐舞蹈.舞蹈.名词术语
塔吉克族舞蹈,音乐舞蹈学部.音乐舞蹈.舞蹈.名词术语
怒族舞蹈,音乐舞蹈学部.音乐舞蹈.舞蹈.名词术语
乌孜别克族舞蹈,音乐舞蹈学部.音乐舞蹈.舞蹈.名词术语
俄罗斯族舞蹈,音乐舞蹈学部.音乐舞蹈.舞蹈.名词术语
鄂温克族舞蹈,音乐舞蹈学部.音乐舞蹈.舞蹈.名词术语
德昂族舞蹈,音乐舞蹈学部.音乐舞蹈.舞蹈.名词术语
保安族舞蹈,音乐舞蹈学部.音乐舞蹈.舞蹈.名词术语
裕固族舞蹈,音乐舞蹈学部.音乐舞蹈.舞蹈.名词术语
京族舞蹈,音乐舞蹈学部.音乐舞蹈.舞蹈.名词术语
跳天灯,音乐舞蹈学部.音乐舞蹈.舞蹈.名词术语
塔塔尔族舞蹈,音乐舞蹈学部.音乐舞蹈.舞蹈.名词术语
独龙族舞蹈,音乐舞蹈学部.音乐舞蹈.舞蹈.名词术语
鄂伦春族舞蹈,音乐舞蹈学部.音乐舞蹈.舞蹈.名词术语
赫哲族舞蹈,音乐舞蹈学部.音乐舞蹈.舞蹈.名词术语
天鹅舞,音乐舞蹈学部.音乐舞蹈.舞蹈.名词术语
门巴族舞蹈,音乐舞蹈学部.音乐舞蹈.舞蹈.名词术语
珞巴族舞蹈,音乐舞蹈学部.音乐舞蹈.舞蹈.名词术语
基诺族舞蹈,音乐舞蹈学部.音乐舞蹈.舞蹈.名词术语
秧歌,音乐舞蹈学部.音乐舞蹈.舞蹈.名词术语
腰鼓舞,音乐舞蹈学部.音乐舞蹈.舞蹈.名词术语
绸舞,音乐舞蹈学部.音乐舞蹈.舞蹈.名词术语
狮子舞,音乐舞蹈学部.音乐舞蹈.舞蹈.名词术语
龙舞,音乐舞蹈学部.音乐舞蹈.舞蹈.名词术语
高跷,音乐舞蹈学部.音乐舞蹈.舞蹈.名词术语
花鼓舞,音乐舞蹈学部.音乐舞蹈.舞蹈.名词术语
霸王鞭,音乐舞蹈学部.音乐舞蹈.舞蹈.名词术语
采茶灯,音乐舞蹈学部.音乐舞蹈.舞蹈.名词术语
花鼓灯,音乐舞蹈学部.音乐舞蹈.舞蹈.名词术语
英歌舞,音乐舞蹈学部.音乐舞蹈.舞蹈.名词术语
跑旱船,音乐舞蹈学部.音乐舞蹈.舞蹈.名词术语
花灯,音乐舞蹈学部.音乐舞蹈.舞蹈.名词术语
蚌舞,音乐舞蹈学部.音乐舞蹈.舞蹈.名词术语
抬阁,音乐舞蹈学部.音乐舞蹈.舞蹈.名词术语
鱼灯舞,音乐舞蹈学部.音乐舞蹈.舞蹈.名词术语
大头和尚,音乐舞蹈学部.音乐舞蹈.舞蹈.名词术语
花篮灯,音乐舞蹈学部.音乐舞蹈.舞蹈.名词术语
老背少,音乐舞蹈学部.音乐舞蹈.舞蹈.名词术语
威风锣鼓,音乐舞蹈学部.音乐舞蹈.舞蹈.名词术语
太平鼓,音乐舞蹈学部.音乐舞蹈.舞蹈.名词术语
扇子舞,音乐舞蹈学部.音乐舞蹈.舞蹈.名词术语
盘鼓,音乐舞蹈学部.音乐舞蹈.舞蹈.名词术语
钹舞,音乐舞蹈学部.音乐舞蹈.舞蹈.名词术语
云灯舞,音乐舞蹈学部.音乐舞蹈.舞蹈.名词术语
跳春牛,音乐舞蹈学部.音乐舞蹈.舞蹈.名词术语
竹马灯,音乐舞蹈学部.音乐舞蹈.舞蹈.名词术语
走会,音乐舞蹈学部.音乐舞蹈.舞蹈.名词术语
盾牌舞,音乐舞蹈学部.音乐舞蹈.舞蹈.名词术语
彩球舞,音乐舞蹈学部.音乐舞蹈.舞蹈.名词术语
小车舞,音乐舞蹈学部.音乐舞蹈.舞蹈.名词术语
芭蕾,音乐舞蹈学部.音乐舞蹈.舞蹈.名词术语
交响芭蕾,音乐舞蹈学部.音乐舞蹈.舞蹈.名词术语
表现主义舞蹈,音乐舞蹈学部.音乐舞蹈.舞蹈.名词术语
交际舞,音乐舞蹈学部.音乐舞蹈.舞蹈.名词术语
国际标准交际舞,音乐舞蹈学部.音乐舞蹈.舞蹈.名词术语
华尔兹,音乐舞蹈学部.音乐舞蹈.舞蹈.名词术语
维也纳华尔兹,音乐舞蹈学部.音乐舞蹈.舞蹈.名词术语
探戈,音乐舞蹈学部.音乐舞蹈.舞蹈.名词术语
狐步舞,音乐舞蹈学部.音乐舞蹈.舞蹈.名词术语
快步舞,音乐舞蹈学部.音乐舞蹈.舞蹈.名词术语
伦巴,音乐舞蹈学部.音乐舞蹈.舞蹈.名词术语
桑巴,音乐舞蹈学部.音乐舞蹈.舞蹈.名词术语
恰恰,音乐舞蹈学部.音乐舞蹈.舞蹈.名词术语
斗牛,音乐舞蹈学部.音乐舞蹈.舞蹈.名词术语
牛仔,音乐舞蹈学部.音乐舞蹈.舞蹈.名词术语
爵士舞,音乐舞蹈学部.音乐舞蹈.舞蹈.名词术语
霹雳舞,音乐舞蹈学部.音乐舞蹈.舞蹈.名词术语
街舞,音乐舞蹈学部.音乐舞蹈.舞蹈.名词术语
踢踏舞,音乐舞蹈学部.音乐舞蹈.舞蹈.名词术语
盆舞,音乐舞蹈学部.音乐舞蹈.舞蹈.名词术语
日本舞踏,音乐舞蹈学部.音乐舞蹈.舞蹈.名词术语
泰国舞蹈,音乐舞蹈学部.音乐舞蹈.舞蹈.名词术语
缅甸舞蹈,音乐舞蹈学部.音乐舞蹈.舞蹈.名词术语
印度尼西亚舞蹈,音乐舞蹈学部.音乐舞蹈.舞蹈.名词术语
婆罗多舞,音乐舞蹈学部.音乐舞蹈.舞蹈.名词术语
奥迪西舞,音乐舞蹈学部.音乐舞蹈.舞蹈.名词术语
卡塔克舞,音乐舞蹈学部.音乐舞蹈.舞蹈.名词术语
卡塔卡利舞,音乐舞蹈学部.音乐舞蹈.舞蹈.名词术语
脚铃舞,音乐舞蹈学部.音乐舞蹈.舞蹈.名词术语
东方舞,音乐舞蹈学部.音乐舞蹈.舞蹈.名词术语
肚皮舞,音乐舞蹈学部.音乐舞蹈.舞蹈.名词术语
轮舞,音乐舞蹈学部.音乐舞蹈.舞蹈.名词术语
小步舞,音乐舞蹈学部.音乐舞蹈.舞蹈.名词术语
玛祖卡,音乐舞蹈学部.音乐舞蹈.舞蹈.名词术语
波尔卡,音乐舞蹈学部.音乐舞蹈.舞蹈.名词术语
波莱罗,音乐舞蹈学部.音乐舞蹈.舞蹈.名词术语
弗拉门科舞,音乐舞蹈学部.音乐舞蹈.舞蹈.名词术语
霍拉,音乐舞蹈学部.音乐舞蹈.舞蹈.名词术语
方舞,音乐舞蹈学部.音乐舞蹈.舞蹈.名词术语
草裙舞,音乐舞蹈学部.音乐舞蹈.舞蹈.名词术语
呼拉舞,音乐舞蹈学部.音乐舞蹈.舞蹈.名词术语
舞蹈,音乐舞蹈学部.音乐舞蹈.舞蹈.刊物与论著
舞蹈论丛,音乐舞蹈学部.音乐舞蹈.舞蹈.刊物与论著
舞蹈艺术,音乐舞蹈学部.音乐舞蹈.舞蹈.刊物与论著
中国舞蹈报,音乐舞蹈学部.音乐舞蹈.舞蹈.刊物与论著
北京舞蹈学院学报,音乐舞蹈学部.音乐舞蹈.舞蹈.刊物与论著
舞赋,音乐舞蹈学部.音乐舞蹈.舞蹈.刊物与论著
麻雀与小孩,音乐舞蹈学部.音乐舞蹈.舞蹈.刊物与论著
新舞蹈艺术概论,音乐舞蹈学部.音乐舞蹈.舞蹈.刊物与论著
全唐诗中的乐舞资料,音乐舞蹈学部.音乐舞蹈.舞蹈.刊物与论著
中国古代舞蹈史长编,音乐舞蹈学部.音乐舞蹈.舞蹈.刊物与论著
中国古代舞蹈史话,音乐舞蹈学部.音乐舞蹈.舞蹈.刊物与论著
唐代舞蹈,音乐舞蹈学部.音乐舞蹈.舞蹈.刊物与论著
编舞漫谈,音乐舞蹈学部.音乐舞蹈.舞蹈.刊物与论著
舞蹈解剖学初探——谈舞蹈的科学训练,音乐舞蹈学部.音乐舞蹈.舞蹈.刊物与论著
中国历代舞姿,音乐舞蹈学部.音乐舞蹈.舞蹈.刊物与论著
我的舞蹈艺术生涯,音乐舞蹈学部.音乐舞蹈.舞蹈.刊物与论著
中国舞蹈史·先秦部分,音乐舞蹈学部.音乐舞蹈.舞蹈.刊物与论著
中国舞蹈史话,音乐舞蹈学部.音乐舞蹈.舞蹈.刊物与论著
中国舞蹈史·秦汉魏晋南北朝部分,音乐舞蹈学部.音乐舞蹈.舞蹈.刊物与论著
中国舞蹈史·宋辽金西夏元部分,音乐舞蹈学部.音乐舞蹈.舞蹈.刊物与论著
中国舞蹈史·明清部分,音乐舞蹈学部.音乐舞蹈.舞蹈.刊物与论著
东方歌舞话芳菲,音乐舞蹈学部.音乐舞蹈.舞蹈.刊物与论著
舞论集,音乐舞蹈学部.音乐舞蹈.舞蹈.刊物与论著
舞蹈新论,音乐舞蹈学部.音乐舞蹈.舞蹈.刊物与论著
舞蹈舞剧创作经验文集,音乐舞蹈学部.音乐舞蹈.舞蹈.刊物与论著
中国少数民族舞蹈,音乐舞蹈学部.音乐舞蹈.舞蹈.刊物与论著
中国舞蹈史·隋唐五代部分,音乐舞蹈学部.音乐舞蹈.舞蹈.刊物与论著
定位法舞谱,音乐舞蹈学部.音乐舞蹈.舞蹈.刊物与论著
吴晓邦谈艺录,音乐舞蹈学部.音乐舞蹈.舞蹈.刊物与论著
中国舞蹈发展史,音乐舞蹈学部.音乐舞蹈.舞蹈.刊物与论著
全宋词中的乐舞资料,音乐舞蹈学部.音乐舞蹈.舞蹈.刊物与论著
人体律动的诗篇——舞蹈,音乐舞蹈学部.音乐舞蹈.舞蹈.刊物与论著
社会舞蹈论文集,音乐舞蹈学部.音乐舞蹈.舞蹈.刊物与论著
纳西族古代舞蹈和舞谱,音乐舞蹈学部.音乐舞蹈.舞蹈.刊物与论著
舞梦录,音乐舞蹈学部.音乐舞蹈.舞蹈.刊物与论著
舞蹈生态学导论,音乐舞蹈学部.音乐舞蹈.舞蹈.刊物与论著
中国古舞与民舞研究,音乐舞蹈学部.音乐舞蹈.舞蹈.刊物与论著
舞蹈学研究,音乐舞蹈学部.音乐舞蹈.舞蹈.刊物与论著
中国古典舞与雅士文化,音乐舞蹈学部.音乐舞蹈.舞蹈.刊物与论著
中国民间舞与农耕信仰,音乐舞蹈学部.音乐舞蹈.舞蹈.刊物与论著
贾作光舞蹈艺术文集,音乐舞蹈学部.音乐舞蹈.舞蹈.刊物与论著
敦煌舞蹈,音乐舞蹈学部.音乐舞蹈.舞蹈.刊物与论著
现代芭蕾——20世纪的弥撒,音乐舞蹈学部.音乐舞蹈.舞蹈.刊物与论著
当代中国舞蹈,音乐舞蹈学部.音乐舞蹈.舞蹈.刊物与论著
唐满城舞蹈文集,音乐舞蹈学部.音乐舞蹈.舞蹈.刊物与论著
中国舞蹈大辞典,音乐舞蹈学部.音乐舞蹈.舞蹈.刊物与论著
中国汉代画像舞姿,音乐舞蹈学部.音乐舞蹈.舞蹈.刊物与论著
社会舞蹈概论,音乐舞蹈学部.音乐舞蹈.舞蹈.刊物与论著
舞蹈创作心理学,音乐舞蹈学部.音乐舞蹈.舞蹈.刊物与论著
现代舞的理论与实践（第一卷）,音乐舞蹈学部.音乐舞蹈.舞蹈.刊物与论著
世界芭蕾史纲,音乐舞蹈学部.音乐舞蹈.舞蹈.刊物与论著
芭蕾之梦,音乐舞蹈学部.音乐舞蹈.舞蹈.刊物与论著
中国舞蹈意象论,音乐舞蹈学部.音乐舞蹈.舞蹈.刊物与论著
佛教与中国舞蹈,音乐舞蹈学部.音乐舞蹈.舞蹈.刊物与论著
当代中华舞坛名家传略,音乐舞蹈学部.音乐舞蹈.舞蹈.刊物与论著
中国西南少数民族舞蹈文化,音乐舞蹈学部.音乐舞蹈.舞蹈.刊物与论著
东方人体文化,音乐舞蹈学部.音乐舞蹈.舞蹈.刊物与论著
朝鲜族舞蹈史,音乐舞蹈学部.音乐舞蹈.舞蹈.刊物与论著
舞蹈美学,音乐舞蹈学部.音乐舞蹈.舞蹈.刊物与论著
舞蹈艺术概论,音乐舞蹈学部.音乐舞蹈.舞蹈.刊物与论著
中国民族舞蹈与稻作文化,音乐舞蹈学部.音乐舞蹈.舞蹈.刊物与论著
舞艺·舞理,音乐舞蹈学部.音乐舞蹈.舞蹈.刊物与论著
宗教与舞蹈,音乐舞蹈学部.音乐舞蹈.舞蹈.刊物与论著
中华舞蹈志,音乐舞蹈学部.音乐舞蹈.舞蹈.刊物与论著
中国近现代当代舞蹈发展史,音乐舞蹈学部.音乐舞蹈.舞蹈.刊物与论著
舞蹈知识手册,音乐舞蹈学部.音乐舞蹈.舞蹈.刊物与论著
中国舞蹈,音乐舞蹈学部.音乐舞蹈.舞蹈.刊物与论著
中国民族民间舞蹈集成,音乐舞蹈学部.音乐舞蹈.舞蹈.刊物与论著
炼狱与圣殿中的欢笑,音乐舞蹈学部.音乐舞蹈.舞蹈.刊物与论著
芭蕾女神——乌兰诺娃,音乐舞蹈学部.音乐舞蹈.舞蹈.刊物与论著
中华舞蹈图史,音乐舞蹈学部.音乐舞蹈.舞蹈.刊物与论著
新中国舞蹈史,音乐舞蹈学部.音乐舞蹈.舞蹈.刊物与论著
中国舞蹈名作赏析,音乐舞蹈学部.音乐舞蹈.舞蹈.刊物与论著
中国舞蹈文物图典,音乐舞蹈学部.音乐舞蹈.舞蹈.刊物与论著
云门舞集与我,音乐舞蹈学部.音乐舞蹈.舞蹈.刊物与论著
戴爱莲：我的艺术与生活,音乐舞蹈学部.音乐舞蹈.舞蹈.刊物与论著
外国舞蹈文化史略,音乐舞蹈学部.音乐舞蹈.舞蹈.刊物与论著
西方现代舞史纲,音乐舞蹈学部.音乐舞蹈.舞蹈.刊物与论著
现代舞蹈的身体语言,音乐舞蹈学部.音乐舞蹈.舞蹈.刊物与论著
印度舞蹈通论,音乐舞蹈学部.音乐舞蹈.舞蹈.刊物与论著
新中国舞蹈事典,音乐舞蹈学部.音乐舞蹈.舞蹈.刊物与论著
舞蹈艺术论集,音乐舞蹈学部.音乐舞蹈.舞蹈.刊物与论著
缤纷舞蹈文化之路,音乐舞蹈学部.音乐舞蹈.舞蹈.刊物与论著
中国古典舞蹈的“和”品格,音乐舞蹈学部.音乐舞蹈.舞蹈.刊物与论著
中国民间舞蹈文化,音乐舞蹈学部.音乐舞蹈.舞蹈.刊物与论著
说舞,音乐舞蹈学部.音乐舞蹈.舞蹈.刊物与论著
蒙古舞蹈美学概论,音乐舞蹈学部.音乐舞蹈.舞蹈.刊物与论著
中国古典舞教学体系创建发展史,音乐舞蹈学部.音乐舞蹈.舞蹈.刊物与论著
新世纪中国舞蹈文化的流变,音乐舞蹈学部.音乐舞蹈.舞蹈.刊物与论著
吴晓邦舞蹈文集,音乐舞蹈学部.音乐舞蹈.舞蹈.刊物与论著
豆志飞舞,音乐舞蹈学部.音乐舞蹈.舞蹈.刊物与论著
巫·舞·八卦,音乐舞蹈学部.音乐舞蹈.舞蹈.刊物与论著
中国古代乐舞史,音乐舞蹈学部.音乐舞蹈.舞蹈.刊物与论著
中国石窟寺乐舞艺术,音乐舞蹈学部.音乐舞蹈.舞蹈.刊物与论著
中国蒙古族舞蹈艺术论,音乐舞蹈学部.音乐舞蹈.舞蹈.刊物与论著
河北舞蹈史,音乐舞蹈学部.音乐舞蹈.舞蹈.刊物与论著
走进芭蕾王国,音乐舞蹈学部.音乐舞蹈.舞蹈.刊物与论著
图说世界舞蹈,音乐舞蹈学部.音乐舞蹈.舞蹈.刊物与论著
舞论——王克芬古代乐舞论集,音乐舞蹈学部.音乐舞蹈.舞蹈.刊物与论著
舞与神的身体对话,音乐舞蹈学部.音乐舞蹈.舞蹈.刊物与论著
陈翘传,音乐舞蹈学部.音乐舞蹈.舞蹈.刊物与论著
舞蹈奥秘探求,音乐舞蹈学部.音乐舞蹈.舞蹈.刊物与论著
中国舞蹈通史,音乐舞蹈学部.音乐舞蹈.舞蹈.刊物与论著
汉代乐舞百戏艺术研究,音乐舞蹈学部.音乐舞蹈.舞蹈.刊物与论著
安徽花鼓灯教程,音乐舞蹈学部.音乐舞蹈.舞蹈.刊物与论著
中国原生态舞蹈文化,音乐舞蹈学部.音乐舞蹈.舞蹈.刊物与论著
飞动的点线面——舞蹈构图1000例,音乐舞蹈学部.音乐舞蹈.舞蹈.刊物与论著
中国人民解放军舞蹈史,音乐舞蹈学部.音乐舞蹈.舞蹈.刊物与论著
舞蹈美学,音乐舞蹈学部.音乐舞蹈.舞蹈.刊物与论著
戴爱莲纪念文集,音乐舞蹈学部.音乐舞蹈.舞蹈.刊物与论著
我的艺术生涯,音乐舞蹈学部.音乐舞蹈.舞蹈.刊物与论著
舞蹈教育家陈锦清纪念文集,音乐舞蹈学部.音乐舞蹈.舞蹈.刊物与论著
限制是天才的磨刀石：张继钢论艺术,音乐舞蹈学部.音乐舞蹈.舞蹈.刊物与论著
生命的咏叹调——绝处逢生的事业路,音乐舞蹈学部.音乐舞蹈.舞蹈.刊物与论著
激情岁月——李承祥八十抒怀影集,音乐舞蹈学部.音乐舞蹈.舞蹈.刊物与论著
共和国的红舞鞋,音乐舞蹈学部.音乐舞蹈.舞蹈.刊物与论著
走向剧场的乡土身影：从一个秧歌看当代中国民间舞蹈,音乐舞蹈学部.音乐舞蹈.舞蹈.刊物与论著
舞蹈生态学,音乐舞蹈学部.音乐舞蹈.舞蹈.刊物与论著
舞蹈创作法,音乐舞蹈学部.音乐舞蹈.舞蹈.刊物与论著
舞蹈创编法,音乐舞蹈学部.音乐舞蹈.舞蹈.刊物与论著
华尔兹史话,音乐舞蹈学部.音乐舞蹈.舞蹈.刊物与论著
舞蹈创作艺术,音乐舞蹈学部.音乐舞蹈.舞蹈.刊物与论著
世界舞蹈史,音乐舞蹈学部.音乐舞蹈.舞蹈.刊物与论著
舞蹈概论,音乐舞蹈学部.音乐舞蹈.舞蹈.刊物与论著
当代西方舞蹈美学（第一卷）,音乐舞蹈学部.音乐舞蹈.舞蹈.刊物与论著
西方舞蹈文化史,音乐舞蹈学部.音乐舞蹈.舞蹈.刊物与论著
新安旅行团,音乐舞蹈学部.音乐舞蹈.舞蹈.机构与赛事
孩子剧团,音乐舞蹈学部.音乐舞蹈.舞蹈.机构与赛事
抗敌演剧队,音乐舞蹈学部.音乐舞蹈.舞蹈.机构与赛事
中央民族歌舞团,音乐舞蹈学部.音乐舞蹈.舞蹈.机构与赛事
上海歌舞团,音乐舞蹈学部.音乐舞蹈.舞蹈.机构与赛事
中国东方演艺集团,音乐舞蹈学部.音乐舞蹈.舞蹈.机构与赛事
中国人民解放军总政治部歌舞团,音乐舞蹈学部.音乐舞蹈.舞蹈.机构与赛事
中国人民解放军空军政治部文工团,音乐舞蹈学部.音乐舞蹈.舞蹈.机构与赛事
中国人民解放军海军政治部文工团,音乐舞蹈学部.音乐舞蹈.舞蹈.机构与赛事
成都军区政治部战旗歌舞团,音乐舞蹈学部.音乐舞蹈.舞蹈.机构与赛事
广州军区政治部战士歌舞团,音乐舞蹈学部.音乐舞蹈.舞蹈.机构与赛事
南京军区政治部前线歌舞团,音乐舞蹈学部.音乐舞蹈.舞蹈.机构与赛事
沈阳军区政治部前进歌舞团,音乐舞蹈学部.音乐舞蹈.舞蹈.机构与赛事
中国国家芭蕾舞团,音乐舞蹈学部.音乐舞蹈.舞蹈.机构与赛事
上海芭蕾舞团,音乐舞蹈学部.音乐舞蹈.舞蹈.机构与赛事
辽宁芭蕾舞团,音乐舞蹈学部.音乐舞蹈.舞蹈.机构与赛事
广州芭蕾舞团,音乐舞蹈学部.音乐舞蹈.舞蹈.机构与赛事
北京当代芭蕾舞团,音乐舞蹈学部.音乐舞蹈.舞蹈.机构与赛事
广东实验现代舞团,音乐舞蹈学部.音乐舞蹈.舞蹈.机构与赛事
北京现代舞团,音乐舞蹈学部.音乐舞蹈.舞蹈.机构与赛事
上海金星舞蹈团,音乐舞蹈学部.音乐舞蹈.舞蹈.机构与赛事
北京雷动天下现代舞团,音乐舞蹈学部.音乐舞蹈.舞蹈.机构与赛事
中国歌舞剧艺社,音乐舞蹈学部.音乐舞蹈.舞蹈.机构与赛事
中国歌剧舞剧院,音乐舞蹈学部.音乐舞蹈.舞蹈.机构与赛事
上海歌剧舞剧院,音乐舞蹈学部.音乐舞蹈.舞蹈.机构与赛事
天津歌舞剧院,音乐舞蹈学部.音乐舞蹈.舞蹈.机构与赛事
广东歌舞剧院,音乐舞蹈学部.音乐舞蹈.舞蹈.机构与赛事
北京歌舞剧院,音乐舞蹈学部.音乐舞蹈.舞蹈.机构与赛事
育才学校,音乐舞蹈学部.音乐舞蹈.舞蹈.机构与赛事
中国乐舞学院,音乐舞蹈学部.音乐舞蹈.舞蹈.机构与赛事
北京舞蹈学院,音乐舞蹈学部.音乐舞蹈.舞蹈.机构与赛事
中央民族大学舞蹈学院,音乐舞蹈学部.音乐舞蹈.舞蹈.机构与赛事
中国人民解放军艺术学院舞蹈系,音乐舞蹈学部.音乐舞蹈.舞蹈.机构与赛事
广东舞蹈学校,音乐舞蹈学部.音乐舞蹈.舞蹈.机构与赛事
云南艺术学院舞蹈学院,音乐舞蹈学部.音乐舞蹈.舞蹈.机构与赛事
南京艺术学院舞蹈学院,音乐舞蹈学部.音乐舞蹈.舞蹈.机构与赛事
沈阳音乐学院舞蹈学院,音乐舞蹈学部.音乐舞蹈.舞蹈.机构与赛事
上海戏剧学院舞蹈学院,音乐舞蹈学部.音乐舞蹈.舞蹈.机构与赛事
中国舞蹈家协会,音乐舞蹈学部.音乐舞蹈.舞蹈.机构与赛事
中国艺术研究院舞蹈研究所,音乐舞蹈学部.音乐舞蹈.舞蹈.机构与赛事
台湾云门舞集,音乐舞蹈学部.音乐舞蹈.舞蹈.机构与赛事
台湾新古典舞团,音乐舞蹈学部.音乐舞蹈.舞蹈.机构与赛事
香港舞蹈团,音乐舞蹈学部.音乐舞蹈.舞蹈.机构与赛事
香港芭蕾舞团,音乐舞蹈学部.音乐舞蹈.舞蹈.机构与赛事
香港城市当代舞团,音乐舞蹈学部.音乐舞蹈.舞蹈.机构与赛事
香港演艺学院,音乐舞蹈学部.音乐舞蹈.舞蹈.机构与赛事
澳门演艺学院舞蹈学校,音乐舞蹈学部.音乐舞蹈.舞蹈.机构与赛事
莫斯科大剧院芭蕾舞团,音乐舞蹈学部.音乐舞蹈.舞蹈.机构与赛事
基洛夫芭蕾舞团,音乐舞蹈学部.音乐舞蹈.舞蹈.机构与赛事
莫伊谢耶夫民间舞蹈团,音乐舞蹈学部.音乐舞蹈.舞蹈.机构与赛事
俄罗斯小白桦舞蹈团,音乐舞蹈学部.音乐舞蹈.舞蹈.机构与赛事
俄罗斯红军歌舞团,音乐舞蹈学部.音乐舞蹈.舞蹈.机构与赛事
艾夫曼芭蕾舞团,音乐舞蹈学部.音乐舞蹈.舞蹈.机构与赛事
蒙特卡洛俄罗斯芭蕾舞团,音乐舞蹈学部.音乐舞蹈.舞蹈.机构与赛事
丹麦皇家芭蕾舞团,音乐舞蹈学部.音乐舞蹈.舞蹈.机构与赛事
斯图加特芭蕾舞团,音乐舞蹈学部.音乐舞蹈.舞蹈.机构与赛事
汉堡芭蕾舞团,音乐舞蹈学部.音乐舞蹈.舞蹈.机构与赛事
英国皇家歌剧院芭蕾舞团,音乐舞蹈学部.音乐舞蹈.舞蹈.机构与赛事
巴黎歌剧院芭蕾舞团,音乐舞蹈学部.音乐舞蹈.舞蹈.机构与赛事
荷兰舞蹈剧院,音乐舞蹈学部.音乐舞蹈.舞蹈.机构与赛事
米兰斯卡拉歌剧院芭蕾团,音乐舞蹈学部.音乐舞蹈.舞蹈.机构与赛事
澳大利亚国家芭蕾舞团,音乐舞蹈学部.音乐舞蹈.舞蹈.机构与赛事
纽约城市芭蕾舞团,音乐舞蹈学部.音乐舞蹈.舞蹈.机构与赛事
旧金山芭蕾舞团,音乐舞蹈学部.音乐舞蹈.舞蹈.机构与赛事
美国芭蕾舞剧院,音乐舞蹈学部.音乐舞蹈.舞蹈.机构与赛事
全军文艺会演,音乐舞蹈学部.音乐舞蹈.舞蹈.机构与赛事
全国舞蹈比赛,音乐舞蹈学部.音乐舞蹈.舞蹈.机构与赛事
全国少数民族文艺会演,音乐舞蹈学部.音乐舞蹈.舞蹈.机构与赛事
桃李杯,音乐舞蹈学部.音乐舞蹈.舞蹈.机构与赛事
孔雀杯,音乐舞蹈学部.音乐舞蹈.舞蹈.机构与赛事
文华奖,音乐舞蹈学部.音乐舞蹈.舞蹈.机构与赛事
群星奖,音乐舞蹈学部.音乐舞蹈.舞蹈.机构与赛事
中华民族20世纪舞蹈经典评比展演活动,音乐舞蹈学部.音乐舞蹈.舞蹈.机构与赛事
荷花奖,音乐舞蹈学部.音乐舞蹈.舞蹈.机构与赛事
小荷风采少儿舞蹈大赛,音乐舞蹈学部.音乐舞蹈.舞蹈.机构与赛事
CCTV电视舞蹈大赛,音乐舞蹈学部.音乐舞蹈.舞蹈.机构与赛事
国家舞台艺术精品工程,音乐舞蹈学部.音乐舞蹈.舞蹈.机构与赛事
戏剧,戏剧电影学部.戏　　剧.一般名词
综合艺术,戏剧电影学部.戏　　剧.一般名词
哑剧,戏剧电影学部.戏　　剧.一般名词
街头剧,戏剧电影学部.戏　　剧.一般名词
电视剧,戏剧电影学部.戏　　剧.一般名词
广播剧,戏剧电影学部.戏　　剧.一般名词
独幕剧,戏剧电影学部.戏　　剧.一般名词
悲剧,戏剧电影学部.戏　　剧.一般名词
喜剧,戏剧电影学部.戏　　剧.一般名词
悲喜剧,戏剧电影学部.戏　　剧.一般名词
正剧,戏剧电影学部.戏　　剧.一般名词
问题剧,戏剧电影学部.戏　　剧.一般名词
闹剧,戏剧电影学部.戏　　剧.一般名词
笑剧,戏剧电影学部.戏　　剧.一般名词
总体戏剧,戏剧电影学部.戏　　剧.一般名词
贫困戏剧,戏剧电影学部.戏　　剧.一般名词
质朴戏剧,戏剧电影学部.戏　　剧.一般名词
戏剧文学,戏剧电影学部.戏　　剧.一般名词
剧本,戏剧电影学部.戏　　剧.一般名词
脚本,戏剧电影学部.戏　　剧.一般名词
演出本,戏剧电影学部.戏　　剧.一般名词
舞台指示,戏剧电影学部.戏　　剧.一般名词
台词,戏剧电影学部.戏　　剧.一般名词
对白,戏剧电影学部.戏　　剧.一般名词
独白,戏剧电影学部.戏　　剧.一般名词
场,戏剧电影学部.戏　　剧.一般名词
旁白,戏剧电影学部.戏　　剧.一般名词
三一律,戏剧电影学部.戏　　剧.一般名词
表演艺术,戏剧电影学部.戏　　剧.一般名词
演员,戏剧电影学部.戏　　剧.一般名词
角色,戏剧电影学部.戏　　剧.一般名词
即兴表演,戏剧电影学部.戏　　剧.一般名词
性格化表演,戏剧电影学部.戏　　剧.一般名词
本色表演,戏剧电影学部.戏　　剧.一般名词
虚拟动作,戏剧电影学部.戏　　剧.一般名词
程式动作,戏剧电影学部.戏　　剧.一般名词
表现派,戏剧电影学部.戏　　剧.一般名词
体验派,戏剧电影学部.戏　　剧.一般名词
潜台词,戏剧电影学部.戏　　剧.一般名词
内心独白,戏剧电影学部.戏　　剧.一般名词
舞台美术,戏剧电影学部.戏　　剧.一般名词
舞台灯光,戏剧电影学部.戏　　剧.一般名词
音响效果,戏剧电影学部.戏　　剧.一般名词
效果,戏剧电影学部.戏　　剧.一般名词
化妆,戏剧电影学部.戏　　剧.一般名词
戏剧服装,戏剧电影学部.戏　　剧.一般名词
道具,戏剧电影学部.戏　　剧.一般名词
布景,戏剧电影学部.戏　　剧.一般名词
抢景,戏剧电影学部.戏　　剧.一般名词
暗转,戏剧电影学部.戏　　剧.一般名词
导演,戏剧电影学部.戏　　剧.一般名词
舞台监督,戏剧电影学部.戏　　剧.一般名词
剧务,戏剧电影学部.戏　　剧.一般名词
排演,戏剧电影学部.戏　　剧.一般名词
彩排,戏剧电影学部.戏　　剧.一般名词
场面调度,戏剧电影学部.戏　　剧.一般名词
舞台调度,戏剧电影学部.戏　　剧.一般名词
舞台气氛,戏剧电影学部.戏　　剧.一般名词
剧场,戏剧电影学部.戏　　剧.一般名词
舞台,戏剧电影学部.戏　　剧.一般名词
镜框舞台,戏剧电影学部.戏　　剧.一般名词
第四堵墙,戏剧电影学部.戏　　剧.一般名词
包厢,戏剧电影学部.戏　　剧.一般名词
票房价值,戏剧电影学部.戏　　剧.一般名词
象征主义戏剧,戏剧电影学部.戏　　剧.一般名词
黑匣子,戏剧电影学部.戏　　剧.一般名词
机关布景,戏剧电影学部.戏　　剧.一般名词
舞台设计,戏剧电影学部.戏　　剧.一般名词
环境戏剧,戏剧电影学部.戏　　剧.一般名词
戏剧符号学,戏剧电影学部.戏　　剧.一般名词
戏剧假定性,戏剧电影学部.戏　　剧.一般名词
戏剧节,戏剧电影学部.戏　　剧.一般名词
音乐剧,戏剧电影学部.戏　　剧.一般名词
市民戏剧,戏剧电影学部.戏　　剧.一般名词
历史剧,戏剧电影学部.戏　　剧.一般名词
小剧场运动,戏剧电影学部.戏　　剧.一般名词
观念剧,戏剧电影学部.戏　　剧.一般名词
客厅剧,戏剧电影学部.戏　　剧.一般名词
低级喜剧,戏剧电影学部.戏　　剧.一般名词
高级喜剧,戏剧电影学部.戏　　剧.一般名词
感伤喜剧,戏剧电影学部.戏　　剧.一般名词
开幕剧,戏剧电影学部.戏　　剧.一般名词
单人剧,戏剧电影学部.戏　　剧.一般名词
情节剧,戏剧电影学部.戏　　剧.一般名词
宗教剧,戏剧电影学部.戏　　剧.一般名词
神秘剧,戏剧电影学部.戏　　剧.一般名词
道德剧,戏剧电影学部.戏　　剧.一般名词
奇迹剧,戏剧电影学部.戏　　剧.一般名词
杂耍剧,戏剧电影学部.戏　　剧.一般名词
假面剧,戏剧电影学部.戏　　剧.一般名词
诗剧,戏剧电影学部.戏　　剧.一般名词
表现主义戏剧,戏剧电影学部.戏　　剧.一般名词
威胁戏剧,戏剧电影学部.戏　　剧.一般名词
欧亚戏剧,戏剧电影学部.戏　　剧.一般名词
客观戏剧,戏剧电影学部.戏　　剧.一般名词
厨房水槽剧,戏剧电影学部.戏　　剧.一般名词
生态戏剧,戏剧电影学部.戏　　剧.一般名词
论坛戏剧,戏剧电影学部.戏　　剧.一般名词
图戏剧,戏剧电影学部.戏　　剧.一般名词
机遇剧,戏剧电影学部.戏　　剧.一般名词
教育戏剧,戏剧电影学部.戏　　剧.一般名词
活报剧,戏剧电影学部.戏　　剧.一般名词
边缘戏剧,戏剧电影学部.戏　　剧.一般名词
存在主义戏剧,戏剧电影学部.戏　　剧.一般名词
实验戏剧,戏剧电影学部.戏　　剧.一般名词
先锋戏剧,戏剧电影学部.戏　　剧.一般名词
前卫戏剧,戏剧电影学部.戏　　剧.一般名词
谋杀悬疑剧,戏剧电影学部.戏　　剧.一般名词
类戏剧,戏剧电影学部.戏　　剧.一般名词
游击戏剧,戏剧电影学部.戏　　剧.一般名词
亚历山大技巧,戏剧电影学部.戏　　剧.一般名词
试演,戏剧电影学部.戏　　剧.一般名词
连排,戏剧电影学部.戏　　剧.一般名词
观众参与,戏剧电影学部.戏　　剧.一般名词
提词,戏剧电影学部.戏　　剧.一般名词
无实物动作,戏剧电影学部.戏　　剧.一般名词
当众孤独,戏剧电影学部.戏　　剧.一般名词
热身,戏剧电影学部.戏　　剧.一般名词
工作坊,戏剧电影学部.戏　　剧.一般名词
即兴创作,戏剧电影学部.戏　　剧.一般名词
票房,戏剧电影学部.戏　　剧.一般名词
舞台幻觉,戏剧电影学部.戏　　剧.一般名词
残酷戏剧,戏剧电影学部.戏　　剧.一般名词
伸出舞台,戏剧电影学部.戏　　剧.一般名词
中心舞台,戏剧电影学部.戏　　剧.一般名词
荒诞戏剧,戏剧电影学部.戏　　剧.一般名词
戏剧学,戏剧电影学部.戏　　剧.一般名词
戏剧性,戏剧电影学部.戏　　剧.一般名词
戏剧评论,戏剧电影学部.戏　　剧.一般名词
戏剧小品,戏剧电影学部.戏　　剧.一般名词
儿童剧,戏剧电影学部.戏　　剧.一般名词
歌剧,戏剧电影学部.戏　　剧.一般名词
舞剧,戏剧电影学部.戏　　剧.一般名词
偶发艺术,戏剧电影学部.戏　　剧.一般名词
角色分配,戏剧电影学部.戏　　剧.一般名词
演区,戏剧电影学部.戏　　剧.一般名词
舞台区位,戏剧电影学部.戏　　剧.一般名词
上场,戏剧电影学部.戏　　剧.一般名词
下场,戏剧电影学部.戏　　剧.一般名词
坐排,戏剧电影学部.戏　　剧.一般名词
排景对光,戏剧电影学部.戏　　剧.一般名词
走台,戏剧电影学部.戏　　剧.一般名词
公演,戏剧电影学部.戏　　剧.一般名词
演出节目单,戏剧电影学部.戏　　剧.一般名词
演出说明书,戏剧电影学部.戏　　剧.一般名词
演出海报,戏剧电影学部.戏　　剧.一般名词
规定情境,戏剧电影学部.戏　　剧.一般名词
内心视象,戏剧电影学部.戏　　剧.一般名词
贯穿动作,戏剧电影学部.戏　　剧.一般名词
最高任务,戏剧电影学部.戏　　剧.一般名词
舞台交流,戏剧电影学部.戏　　剧.一般名词
角色的远景,戏剧电影学部.戏　　剧.一般名词
演员的远景,戏剧电影学部.戏　　剧.一般名词
形体动作方法,戏剧电影学部.戏　　剧.一般名词
布景设计,戏剧电影学部.戏　　剧.一般名词
布景设计草图,戏剧电影学部.戏　　剧.一般名词
布景模型,戏剧电影学部.戏　　剧.一般名词
舞台模型,戏剧电影学部.戏　　剧.一般名词
软景,戏剧电影学部.戏　　剧.一般名词
硬景,戏剧电影学部.戏　　剧.一般名词
立体景,戏剧电影学部.戏　　剧.一般名词
纱幕,戏剧电影学部.戏　　剧.一般名词
黑丝绒幕,戏剧电影学部.戏　　剧.一般名词
画天幕,戏剧电影学部.戏　　剧.一般名词
花道,戏剧电影学部.戏　　剧.一般名词
乐池,戏剧电影学部.戏　　剧.一般名词
观众厅,戏剧电影学部.戏　　剧.一般名词
封闭式舞台,戏剧电影学部.戏　　剧.一般名词
开放式舞台,戏剧电影学部.戏　　剧.一般名词
可变剧场,戏剧电影学部.戏　　剧.一般名词
尽端舞台,戏剧电影学部.戏　　剧.一般名词
假台口,戏剧电影学部.戏　　剧.一般名词
现成空间,戏剧电影学部.戏　　剧.一般名词
改造空间,戏剧电影学部.戏　　剧.一般名词
二道幕,戏剧电影学部.戏　　剧.一般名词
半截幕,戏剧电影学部.戏　　剧.一般名词
绘景,戏剧电影学部.戏　　剧.一般名词
并置装置,戏剧电影学部.戏　　剧.一般名词
盒形装置,戏剧电影学部.戏　　剧.一般名词
透视画景,戏剧电影学部.戏　　剧.一般名词
侧幕画景,戏剧电影学部.戏　　剧.一般名词
永久性装置,戏剧电影学部.戏　　剧.一般名词
三棱柱景,戏剧电影学部.戏　　剧.一般名词
活动布景,戏剧电影学部.戏　　剧.一般名词
构成主义布景,戏剧电影学部.戏　　剧.一般名词
投影景,戏剧电影学部.戏　　剧.一般名词
局部景,戏剧电影学部.戏　　剧.一般名词
聚光灯,戏剧电影学部.戏　　剧.一般名词
散光灯,戏剧电影学部.戏　　剧.一般名词
条灯,戏剧电影学部.戏　　剧.一般名词
舞台幻灯,戏剧电影学部.戏　　剧.一般名词
面光,戏剧电影学部.戏　　剧.一般名词
多焦点戏剧,戏剧电影学部.戏　　剧.一般名词
环形舞台,戏剧电影学部.戏　　剧.一般名词
围绕空间剧场,戏剧电影学部.戏　　剧.一般名词
侧光,戏剧电影学部.戏　　剧.一般名词
顶光,戏剧电影学部.戏　　剧.一般名词
脚光,戏剧电影学部.戏　　剧.一般名词
逆光,戏剧电影学部.戏　　剧.一般名词
追光,戏剧电影学部.戏　　剧.一般名词
耳光,戏剧电影学部.戏　　剧.一般名词
天幕光,戏剧电影学部.戏　　剧.一般名词
流动灯,戏剧电影学部.戏　　剧.一般名词
侧幕,戏剧电影学部.戏　　剧.一般名词
沿幕,戏剧电影学部.戏　　剧.一般名词
大幕,戏剧电影学部.戏　　剧.一般名词
圆天幕,戏剧电影学部.戏　　剧.一般名词
背幕,戏剧电影学部.戏　　剧.一般名词
台唇,戏剧电影学部.戏　　剧.一般名词
主台,戏剧电影学部.戏　　剧.一般名词
侧台,戏剧电影学部.戏　　剧.一般名词
后舞台,戏剧电影学部.戏　　剧.一般名词
布景吊杆,戏剧电影学部.戏　　剧.一般名词
转台,戏剧电影学部.戏　　剧.一般名词
升降台,戏剧电影学部.戏　　剧.一般名词
车台,戏剧电影学部.戏　　剧.一般名词
台仓,戏剧电影学部.戏　　剧.一般名词
戏曲,戏剧电影学部.戏　　剧.中国戏曲.源　流
优,戏剧电影学部.戏　　剧.中国戏曲.源　流
倡,戏剧电影学部.戏　　剧.中国戏曲.源　流
俳,戏剧电影学部.戏　　剧.中国戏曲.源　流
俳优,戏剧电影学部.戏　　剧.中国戏曲.源　流
倡优,戏剧电影学部.戏　　剧.中国戏曲.源　流
侏儒,戏剧电影学部.戏　　剧.中国戏曲.源　流
巫,戏剧电影学部.戏　　剧.中国戏曲.源　流
伶,戏剧电影学部.戏　　剧.中国戏曲.源　流
伶伦,戏剧电影学部.戏　　剧.中国戏曲.源　流
优伶,戏剧电影学部.戏　　剧.中国戏曲.源　流
傩,戏剧电影学部.戏　　剧.中国戏曲.源　流
傩戏,戏剧电影学部.戏　　剧.中国戏曲.源　流
雅乐,戏剧电影学部.戏　　剧.中国戏曲.源　流
俗乐,戏剧电影学部.戏　　剧.中国戏曲.源　流
燕乐,戏剧电影学部.戏　　剧.中国戏曲.源　流
宴乐,戏剧电影学部.戏　　剧.中国戏曲.源　流
百戏,戏剧电影学部.戏　　剧.中国戏曲.源　流
散乐,戏剧电影学部.戏　　剧.中国戏曲.源　流
角抵,戏剧电影学部.戏　　剧.中国戏曲.源　流
蚩尤戏,戏剧电影学部.戏　　剧.中国戏曲.源　流
鱼龙曼延,戏剧电影学部.戏　　剧.中国戏曲.源　流
鱼龙,戏剧电影学部.戏　　剧.中国戏曲.源　流
曼延,戏剧电影学部.戏　　剧.中国戏曲.源　流
蔓延,戏剧电影学部.戏　　剧.中国戏曲.源　流
漫衍,戏剧电影学部.戏　　剧.中国戏曲.源　流
歌戏,戏剧电影学部.戏　　剧.中国戏曲.源　流
胡戏,戏剧电影学部.戏　　剧.中国戏曲.源　流
象人,戏剧电影学部.戏　　剧.中国戏曲.源　流
眩人,戏剧电影学部.戏　　剧.中国戏曲.源　流
总会仙倡,戏剧电影学部.戏　　剧.中国戏曲.源　流
东海黄公,戏剧电影学部.戏　　剧.中国戏曲.源　流
辽东妖妇,戏剧电影学部.戏　　剧.中国戏曲.源　流
许胡,戏剧电影学部.戏　　剧.中国戏曲.源　流
老胡文康,戏剧电影学部.戏　　剧.中国戏曲.源　流
乐户,戏剧电影学部.戏　　剧.中国戏曲.源　流
傀儡,戏剧电影学部.戏　　剧.中国戏曲.源　流
傀儡戏,戏剧电影学部.戏　　剧.中国戏曲.源　流
窟礧子,戏剧电影学部.戏　　剧.中国戏曲.源　流
郭秃,戏剧电影学部.戏　　剧.中国戏曲.源　流
歌舞戏,戏剧电影学部.戏　　剧.中国戏曲.源　流
大面,戏剧电影学部.戏　　剧.中国戏曲.源　流
代面,戏剧电影学部.戏　　剧.中国戏曲.源　流
钵头,戏剧电影学部.戏　　剧.中国戏曲.源　流
拨头,戏剧电影学部.戏　　剧.中国戏曲.源　流
苏中郎,戏剧电影学部.戏　　剧.中国戏曲.源　流
踏谣娘,戏剧电影学部.戏　　剧.中国戏曲.源　流
谈容娘,戏剧电影学部.戏　　剧.中国戏曲.源　流
兰陵王入阵曲,戏剧电影学部.戏　　剧.中国戏曲.源　流
苏幕遮,戏剧电影学部.戏　　剧.中国戏曲.源　流
泼寒胡戏,戏剧电影学部.戏　　剧.中国戏曲.源　流
樊哙排君难,戏剧电影学部.戏　　剧.中国戏曲.源　流
樊哙排闼,戏剧电影学部.戏　　剧.中国戏曲.源　流
合生,戏剧电影学部.戏　　剧.中国戏曲.源　流
参军戏,戏剧电影学部.戏　　剧.中国戏曲.源　流
参军,戏剧电影学部.戏　　剧.中国戏曲.源　流
参军桩,戏剧电影学部.戏　　剧.中国戏曲.源　流
苍鹘,戏剧电影学部.戏　　剧.中国戏曲.源　流
滑稽戏,戏剧电影学部.戏　　剧.中国戏曲.源　流
咸淡,戏剧电影学部.戏　　剧.中国戏曲.源　流
弄,戏剧电影学部.戏　　剧.中国戏曲.源　流
清商乐,戏剧电影学部.戏　　剧.中国戏曲.源　流
七部乐,戏剧电影学部.戏　　剧.中国戏曲.源　流
九部乐,戏剧电影学部.戏　　剧.中国戏曲.源　流
十部乐,戏剧电影学部.戏　　剧.中国戏曲.源　流
立部伎,戏剧电影学部.戏　　剧.中国戏曲.源　流
坐部伎,戏剧电影学部.戏　　剧.中国戏曲.源　流
梨园,戏剧电影学部.戏　　剧.中国戏曲.源　流
梨园弟子,戏剧电影学部.戏　　剧.中国戏曲.源　流
教坊,戏剧电影学部.戏　　剧.中国戏曲.源　流
云韶府,戏剧电影学部.戏　　剧.中国戏曲.源　流
宜春院,戏剧电影学部.戏　　剧.中国戏曲.源　流
太常寺,戏剧电影学部.戏　　剧.中国戏曲.源　流
雅乐部,戏剧电影学部.戏　　剧.中国戏曲.源　流
清乐部,戏剧电影学部.戏　　剧.中国戏曲.源　流
鼓吹部,戏剧电影学部.戏　　剧.中国戏曲.源　流
熊罴部,戏剧电影学部.戏　　剧.中国戏曲.源　流
鼓架部,戏剧电影学部.戏　　剧.中国戏曲.源　流
龟兹部,戏剧电影学部.戏　　剧.中国戏曲.源　流
胡部,戏剧电影学部.戏　　剧.中国戏曲.源　流
杂剧,戏剧电影学部.戏　　剧.中国戏曲.源　流
宋杂剧,戏剧电影学部.戏　　剧.中国戏曲.源　流
致语,戏剧电影学部.戏　　剧.中国戏曲.源　流
艳段,戏剧电影学部.戏　　剧.中国戏曲.源　流
焰段,戏剧电影学部.戏　　剧.中国戏曲.源　流
正杂剧,戏剧电影学部.戏　　剧.中国戏曲.源　流
杂扮,戏剧电影学部.戏　　剧.中国戏曲.源　流
纽元子,戏剧电影学部.戏　　剧.中国戏曲.源　流
断送,戏剧电影学部.戏　　剧.中国戏曲.源　流
开呵,戏剧电影学部.戏　　剧.中国戏曲.源　流
官本杂剧,戏剧电影学部.戏　　剧.中国戏曲.源　流
哑杂剧,戏剧电影学部.戏　　剧.中国戏曲.源　流
行院,戏剧电影学部.戏　　剧.中国戏曲.源　流
院本,戏剧电影学部.戏　　剧.中国戏曲.源　流
打夜胡,戏剧电影学部.戏　　剧.中国戏曲.源　流
打野呵,戏剧电影学部.戏　　剧.中国戏曲.源　流
川杂剧,戏剧电影学部.戏　　剧.中国戏曲.源　流
扑旗,戏剧电影学部.戏　　剧.中国戏曲.源　流
抱锣,戏剧电影学部.戏　　剧.中国戏曲.源　流
硬鬼,戏剧电影学部.戏　　剧.中国戏曲.源　流
舞判,戏剧电影学部.戏　　剧.中国戏曲.源　流
舞队,戏剧电影学部.戏　　剧.中国戏曲.源　流
队舞,戏剧电影学部.戏　　剧.中国戏曲.源　流
药发傀儡,戏剧电影学部.戏　　剧.中国戏曲.源　流
水傀儡,戏剧电影学部.戏　　剧.中国戏曲.源　流
肉傀儡,戏剧电影学部.戏　　剧.中国戏曲.源　流
乔影戏,戏剧电影学部.戏　　剧.中国戏曲.源　流
三教,戏剧电影学部.戏　　剧.中国戏曲.源　流
讶鼓,戏剧电影学部.戏　　剧.中国戏曲.源　流
迓鼓,戏剧电影学部.戏　　剧.中国戏曲.源　流
鼓板,戏剧电影学部.戏　　剧.中国戏曲.源　流
转踏,戏剧电影学部.戏　　剧.中国戏曲.源　流
传踏,戏剧电影学部.戏　　剧.中国戏曲.源　流
耍令,戏剧电影学部.戏　　剧.中国戏曲.源　流
爨,戏剧电影学部.戏　　剧.中国戏曲.源　流
五花爨弄,戏剧电影学部.戏　　剧.中国戏曲.源　流
南戏,戏剧电影学部.戏　　剧.中国戏曲.源　流
戏文,戏剧电影学部.戏　　剧.中国戏曲.源　流
温州杂剧,戏剧电影学部.戏　　剧.中国戏曲.源　流
永嘉杂剧,戏剧电影学部.戏　　剧.中国戏曲.源　流
鹘伶声█,戏剧电影学部.戏　　剧.中国戏曲.源　流
和曲院本,戏剧电影学部.戏　　剧.中国戏曲.源　流
上皇院本,戏剧电影学部.戏　　剧.中国戏曲.源　流
题目院本,戏剧电影学部.戏　　剧.中国戏曲.源　流
诸杂大小院本,戏剧电影学部.戏　　剧.中国戏曲.源　流
霸王院本,戏剧电影学部.戏　　剧.中国戏曲.源　流
院幺,戏剧电影学部.戏　　剧.中国戏曲.源　流
诸杂院爨,戏剧电影学部.戏　　剧.中国戏曲.源　流
冲撞引首,戏剧电影学部.戏　　剧.中国戏曲.源　流
拴搐艳段,戏剧电影学部.戏　　剧.中国戏曲.源　流
打略拴搐,戏剧电影学部.戏　　剧.中国戏曲.源　流
诸杂砌,戏剧电影学部.戏　　剧.中国戏曲.源　流
色长,戏剧电影学部.戏　　剧.中国戏曲.源　流
部头,戏剧电影学部.戏　　剧.中国戏曲.源　流
酸,戏剧电影学部.戏　　剧.中国戏曲.源　流
细酸,戏剧电影学部.戏　　剧.中国戏曲.源　流
磕瓜,戏剧电影学部.戏　　剧.中国戏曲.源　流
打讹,戏剧电影学部.戏　　剧.中国戏曲.源　流
四片,戏剧电影学部.戏　　剧.中国戏曲.源　流
四篇,戏剧电影学部.戏　　剧.中国戏曲.源　流
题目,戏剧电影学部.戏　　剧.中国戏曲.源　流
乐棚,戏剧电影学部.戏　　剧.中国戏曲.源　流
社火,戏剧电影学部.戏　　剧.中国戏曲.源　流
勾栏,戏剧电影学部.戏　　剧.中国戏曲.源　流
瓦舍,戏剧电影学部.戏　　剧.中国戏曲.源　流
社会,戏剧电影学部.戏　　剧.中国戏曲.源　流
路岐人,戏剧电影学部.戏　　剧.中国戏曲.源　流
才人,戏剧电影学部.戏　　剧.中国戏曲.源　流
元曲,戏剧电影学部.戏　　剧.中国戏曲.源　流
元杂剧,戏剧电影学部.戏　　剧.中国戏曲.源　流
楔子,戏剧电影学部.戏　　剧.中国戏曲.源　流
折,戏剧电影学部.戏　　剧.中国戏曲.源　流
杂剧十二科,戏剧电影学部.戏　　剧.中国戏曲.源　流
脱膊杂剧,戏剧电影学部.戏　　剧.中国戏曲.源　流
闺怨杂剧,戏剧电影学部.戏　　剧.中国戏曲.源　流
驾头杂剧,戏剧电影学部.戏　　剧.中国戏曲.源　流
绿林杂剧,戏剧电影学部.戏　　剧.中国戏曲.源　流
明应王殿壁画,戏剧电影学部.戏　　剧.中国戏曲.源　流
董氏墓陶俑,戏剧电影学部.戏　　剧.中国戏曲.源　流
传奇,戏剧电影学部.戏　　剧.中国戏曲.源　流
出,戏剧电影学部.戏　　剧.中国戏曲.源　流
家门,戏剧电影学部.戏　　剧.中国戏曲.源　流
江湖十二脚色,戏剧电影学部.戏　　剧.中国戏曲.源　流
南杂剧,戏剧电影学部.戏　　剧.中国戏曲.源　流
过锦,戏剧电影学部.戏　　剧.中国戏曲.源　流
临川派,戏剧电影学部.戏　　剧.中国戏曲.源　流
玉茗堂派,戏剧电影学部.戏　　剧.中国戏曲.源　流
吴江派,戏剧电影学部.戏　　剧.中国戏曲.源　流
昆山派,戏剧电影学部.戏　　剧.中国戏曲.源　流
苏州派,戏剧电影学部.戏　　剧.中国戏曲.源　流
越中派,戏剧电影学部.戏　　剧.中国戏曲.源　流
花部,戏剧电影学部.戏　　剧.中国戏曲.源　流
雅部,戏剧电影学部.戏　　剧.中国戏曲.源　流
升平署,戏剧电影学部.戏　　剧.中国戏曲.源　流
南府,戏剧电影学部.戏　　剧.中国戏曲.源　流
菊部,戏剧电影学部.戏　　剧.中国戏曲.源　流
戏神,戏剧电影学部.戏　　剧.中国戏曲.源　流
清源师,戏剧电影学部.戏　　剧.中国戏曲.源　流
二郎神,戏剧电影学部.戏　　剧.中国戏曲.源　流
老郎神,戏剧电影学部.戏　　剧.中国戏曲.源　流
翼宿星君,戏剧电影学部.戏　　剧.中国戏曲.源　流
地方戏,戏剧电影学部.戏　　剧.中国戏曲.源　流
小戏,戏剧电影学部.戏　　剧.中国戏曲.源　流
三小戏,戏剧电影学部.戏　　剧.中国戏曲.源　流
髦儿戏,戏剧电影学部.戏　　剧.中国戏曲.源　流
猴戏,戏剧电影学部.戏　　剧.中国戏曲.源　流
连台本戏,戏剧电影学部.戏　　剧.中国戏曲.源　流
社戏,戏剧电影学部.戏　　剧.中国戏曲.源　流
草台班,戏剧电影学部.戏　　剧.中国戏曲.源　流
票友,戏剧电影学部.戏　　剧.中国戏曲.源　流
时装戏,戏剧电影学部.戏　　剧.中国戏曲.源　流
现代戏,戏剧电影学部.戏　　剧.中国戏曲.源　流
南昆北弋东柳西梆,戏剧电影学部.戏　　剧.中国戏曲.源　流
传统剧目,戏剧电影学部.戏　　剧.中国戏曲.源　流
新编历史剧,戏剧电影学部.戏　　剧.中国戏曲.源　流
精忠庙,戏剧电影学部.戏　　剧.中国戏曲.源　流
梨园公会,戏剧电影学部.戏　　剧.中国戏曲.源　流
大世界,戏剧电影学部.戏　　剧.中国戏曲.源　流
天桥,戏剧电影学部.戏　　剧.中国戏曲.源　流
新舞台,戏剧电影学部.戏　　剧.中国戏曲.源　流
剧种,戏剧电影学部.戏　　剧.中国戏曲.戏曲剧种
昆曲,戏剧电影学部.戏　　剧.中国戏曲.戏曲剧种
昆剧,戏剧电影学部.戏　　剧.中国戏曲.戏曲剧种
北昆,戏剧电影学部.戏　　剧.中国戏曲.戏曲剧种
京剧,戏剧电影学部.戏　　剧.中国戏曲.戏曲剧种
京派,戏剧电影学部.戏　　剧.中国戏曲.戏曲剧种
海派,戏剧电影学部.戏　　剧.中国戏曲.戏曲剧种
北京曲剧,戏剧电影学部.戏　　剧.中国戏曲.戏曲剧种
目连戏,戏剧电影学部.戏　　剧.中国戏曲.戏曲剧种
木偶戏,戏剧电影学部.戏　　剧.中国戏曲.戏曲剧种
提线木偶,戏剧电影学部.戏　　剧.中国戏曲.戏曲剧种
杖头木偶,戏剧电影学部.戏　　剧.中国戏曲.戏曲剧种
布袋木偶,戏剧电影学部.戏　　剧.中国戏曲.戏曲剧种
铁枝木偶,戏剧电影学部.戏　　剧.中国戏曲.戏曲剧种
皮影戏,戏剧电影学部.戏　　剧.中国戏曲.戏曲剧种
滦州影,戏剧电影学部.戏　　剧.中国戏曲.戏曲剧种
老调梆子,戏剧电影学部.戏　　剧.中国戏曲.戏曲剧种
老调,戏剧电影学部.戏　　剧.中国戏曲.戏曲剧种
河北梆子,戏剧电影学部.戏　　剧.中国戏曲.戏曲剧种
评剧,戏剧电影学部.戏　　剧.中国戏曲.戏曲剧种
丝弦戏,戏剧电影学部.戏　　剧.中国戏曲.戏曲剧种
唐剧,戏剧电影学部.戏　　剧.中国戏曲.戏曲剧种
北路梆子,戏剧电影学部.戏　　剧.中国戏曲.戏曲剧种
中路梆子,戏剧电影学部.戏　　剧.中国戏曲.戏曲剧种
四股弦,戏剧电影学部.戏　　剧.中国戏曲.戏曲剧种
武安平调,戏剧电影学部.戏　　剧.中国戏曲.戏曲剧种
武安落子,戏剧电影学部.戏　　剧.中国戏曲.戏曲剧种
晋剧,戏剧电影学部.戏　　剧.中国戏曲.戏曲剧种
山西梆子,戏剧电影学部.戏　　剧.中国戏曲.戏曲剧种
上党梆子,戏剧电影学部.戏　　剧.中国戏曲.戏曲剧种
蒲剧,戏剧电影学部.戏　　剧.中国戏曲.戏曲剧种
秧歌戏,戏剧电影学部.戏　　剧.中国戏曲.戏曲剧种
上党落子,戏剧电影学部.戏　　剧.中国戏曲.戏曲剧种
龙江剧,戏剧电影学部.戏　　剧.中国戏曲.戏曲剧种
满族戏,戏剧电影学部.戏　　剧.中国戏曲.戏曲剧种
吉剧,戏剧电影学部.戏　　剧.中国戏曲.戏曲剧种
新城戏,戏剧电影学部.戏　　剧.中国戏曲.戏曲剧种
蒙古剧,戏剧电影学部.戏　　剧.中国戏曲.戏曲剧种
辽南戏,戏剧电影学部.戏　　剧.中国戏曲.戏曲剧种
二人台,戏剧电影学部.戏　　剧.中国戏曲.戏曲剧种
沪剧,戏剧电影学部.戏　　剧.中国戏曲.戏曲剧种
申曲,戏剧电影学部.戏　　剧.中国戏曲.戏曲剧种
扬剧,戏剧电影学部.戏　　剧.中国戏曲.戏曲剧种
淮剧,戏剧电影学部.戏　　剧.中国戏曲.戏曲剧种
淮海戏,戏剧电影学部.戏　　剧.中国戏曲.戏曲剧种
锡剧,戏剧电影学部.戏　　剧.中国戏曲.戏曲剧种
苏剧,戏剧电影学部.戏　　剧.中国戏曲.戏曲剧种
常锡文戏,戏剧电影学部.戏　　剧.中国戏曲.戏曲剧种
越剧,戏剧电影学部.戏　　剧.中国戏曲.戏曲剧种
杭剧,戏剧电影学部.戏　　剧.中国戏曲.戏曲剧种
湖剧,戏剧电影学部.戏　　剧.中国戏曲.戏曲剧种
绍剧,戏剧电影学部.戏　　剧.中国戏曲.戏曲剧种
调腔,戏剧电影学部.戏　　剧.中国戏曲.戏曲剧种
新昌调腔,戏剧电影学部.戏　　剧.中国戏曲.戏曲剧种
睦剧,戏剧电影学部.戏　　剧.中国戏曲.戏曲剧种
绍兴文戏,戏剧电影学部.戏　　剧.中国戏曲.戏曲剧种
宁海平调,戏剧电影学部.戏　　剧.中国戏曲.戏曲剧种
瓯剧,戏剧电影学部.戏　　剧.中国戏曲.戏曲剧种
温州乱弹,戏剧电影学部.戏　　剧.中国戏曲.戏曲剧种
温州和剧,戏剧电影学部.戏　　剧.中国戏曲.戏曲剧种
甬剧,戏剧电影学部.戏　　剧.中国戏曲.戏曲剧种
姚剧,戏剧电影学部.戏　　剧.中国戏曲.戏曲剧种
黄梅戏,戏剧电影学部.戏　　剧.中国戏曲.戏曲剧种
徽调,戏剧电影学部.戏　　剧.中国戏曲.戏曲剧种
徽剧,戏剧电影学部.戏　　剧.中国戏曲.戏曲剧种
庐剧,戏剧电影学部.戏　　剧.中国戏曲.戏曲剧种
倒七戏,戏剧电影学部.戏　　剧.中国戏曲.戏曲剧种
泗州戏,戏剧电影学部.戏　　剧.中国戏曲.戏曲剧种
岳西高腔,戏剧电影学部.戏　　剧.中国戏曲.戏曲剧种
梨簧戏,戏剧电影学部.戏　　剧.中国戏曲.戏曲剧种
梨园戏,戏剧电影学部.戏　　剧.中国戏曲.戏曲剧种
高甲戏,戏剧电影学部.戏　　剧.中国戏曲.戏曲剧种
莆仙戏,戏剧电影学部.戏　　剧.中国戏曲.戏曲剧种
闽剧,戏剧电影学部.戏　　剧.中国戏曲.戏曲剧种
芗剧,戏剧电影学部.戏　　剧.中国戏曲.戏曲剧种
南词戏,戏剧电影学部.戏　　剧.中国戏曲.戏曲剧种
闽西汉剧,戏剧电影学部.戏　　剧.中国戏曲.戏曲剧种
北路戏,戏剧电影学部.戏　　剧.中国戏曲.戏曲剧种
歌仔戏,戏剧电影学部.戏　　剧.中国戏曲.戏曲剧种
九江青阳腔,戏剧电影学部.戏　　剧.中国戏曲.戏曲剧种
赣剧,戏剧电影学部.戏　　剧.中国戏曲.戏曲剧种
宜黄戏,戏剧电影学部.戏　　剧.中国戏曲.戏曲剧种
宁河戏,戏剧电影学部.戏　　剧.中国戏曲.戏曲剧种
东河戏,戏剧电影学部.戏　　剧.中国戏曲.戏曲剧种
山东梆子,戏剧电影学部.戏　　剧.中国戏曲.戏曲剧种
莱芜梆子,戏剧电影学部.戏　　剧.中国戏曲.戏曲剧种
柳子戏,戏剧电影学部.戏　　剧.中国戏曲.戏曲剧种
哈哈腔,戏剧电影学部.戏　　剧.中国戏曲.戏曲剧种
柳琴戏,戏剧电影学部.戏　　剧.中国戏曲.戏曲剧种
吕剧,戏剧电影学部.戏　　剧.中国戏曲.戏曲剧种
拉魂腔,戏剧电影学部.戏　　剧.中国戏曲.戏曲剧种
两夹弦,戏剧电影学部.戏　　剧.中国戏曲.戏曲剧种
枣梆,戏剧电影学部.戏　　剧.中国戏曲.戏曲剧种
柳腔,戏剧电影学部.戏　　剧.中国戏曲.戏曲剧种
茂腔,戏剧电影学部.戏　　剧.中国戏曲.戏曲剧种
五音戏,戏剧电影学部.戏　　剧.中国戏曲.戏曲剧种
豫剧,戏剧电影学部.戏　　剧.中国戏曲.戏曲剧种
河南梆子,戏剧电影学部.戏　　剧.中国戏曲.戏曲剧种
河南曲剧,戏剧电影学部.戏　　剧.中国戏曲.戏曲剧种
越调,戏剧电影学部.戏　　剧.中国戏曲.戏曲剧种
大平调,戏剧电影学部.戏　　剧.中国戏曲.戏曲剧种
大弦戏,戏剧电影学部.戏　　剧.中国戏曲.戏曲剧种
怀梆,戏剧电影学部.戏　　剧.中国戏曲.戏曲剧种
罗戏,戏剧电影学部.戏　　剧.中国戏曲.戏曲剧种
汉剧,戏剧电影学部.戏　　剧.中国戏曲.戏曲剧种
汉调,戏剧电影学部.戏　　剧.中国戏曲.戏曲剧种
楚剧,戏剧电影学部.戏　　剧.中国戏曲.戏曲剧种
采茶戏,戏剧电影学部.戏　　剧.中国戏曲.戏曲剧种
清戏,戏剧电影学部.戏　　剧.中国戏曲.戏曲剧种
荆河戏,戏剧电影学部.戏　　剧.中国戏曲.戏曲剧种
湘剧,戏剧电影学部.戏　　剧.中国戏曲.戏曲剧种
花鼓戏,戏剧电影学部.戏　　剧.中国戏曲.戏曲剧种
武陵戏,戏剧电影学部.戏　　剧.中国戏曲.戏曲剧种
巴陵戏,戏剧电影学部.戏　　剧.中国戏曲.戏曲剧种
辰河戏,戏剧电影学部.戏　　剧.中国戏曲.戏曲剧种
祁剧,戏剧电影学部.戏　　剧.中国戏曲.戏曲剧种
湘昆,戏剧电影学部.戏　　剧.中国戏曲.戏曲剧种
湘西阳戏,戏剧电影学部.戏　　剧.中国戏曲.戏曲剧种
湘西苗戏,戏剧电影学部.戏　　剧.中国戏曲.戏曲剧种
粤剧,戏剧电影学部.戏　　剧.中国戏曲.戏曲剧种
潮剧,戏剧电影学部.戏　　剧.中国戏曲.戏曲剧种
白字戏,戏剧电影学部.戏　　剧.中国戏曲.戏曲剧种
广东汉剧,戏剧电影学部.戏　　剧.中国戏曲.戏曲剧种
正字戏,戏剧电影学部.戏　　剧.中国戏曲.戏曲剧种
西秦戏,戏剧电影学部.戏　　剧.中国戏曲.戏曲剧种
雷剧,戏剧电影学部.戏　　剧.中国戏曲.戏曲剧种
临剧,戏剧电影学部.戏　　剧.中国戏曲.戏曲剧种
花朝戏,戏剧电影学部.戏　　剧.中国戏曲.戏曲剧种
琼剧,戏剧电影学部.戏　　剧.中国戏曲.戏曲剧种
川剧,戏剧电影学部.戏　　剧.中国戏曲.戏曲剧种
云南壮剧,戏剧电影学部.戏　　剧.中国戏曲.戏曲剧种
滇剧,戏剧电影学部.戏　　剧.中国戏曲.戏曲剧种
傣剧,戏剧电影学部.戏　　剧.中国戏曲.戏曲剧种
白剧,戏剧电影学部.戏　　剧.中国戏曲.戏曲剧种
彝剧,戏剧电影学部.戏　　剧.中国戏曲.戏曲剧种
花灯戏,戏剧电影学部.戏　　剧.中国戏曲.戏曲剧种
关索戏,戏剧电影学部.戏　　剧.中国戏曲.戏曲剧种
黔剧,戏剧电影学部.戏　　剧.中国戏曲.戏曲剧种
安顺地戏,戏剧电影学部.戏　　剧.中国戏曲.戏曲剧种
布依戏,戏剧电影学部.戏　　剧.中国戏曲.戏曲剧种
桂剧,戏剧电影学部.戏　　剧.中国戏曲.戏曲剧种
壮剧,戏剧电影学部.戏　　剧.中国戏曲.戏曲剧种
彩调剧,戏剧电影学部.戏　　剧.中国戏曲.戏曲剧种
侗戏,戏剧电影学部.戏　　剧.中国戏曲.戏曲剧种
邕剧,戏剧电影学部.戏　　剧.中国戏曲.戏曲剧种
广西苗戏,戏剧电影学部.戏　　剧.中国戏曲.戏曲剧种
秀山花灯,戏剧电影学部.戏　　剧.中国戏曲.戏曲剧种
秦腔,戏剧电影学部.戏　　剧.中国戏曲.戏曲剧种
同州梆子,戏剧电影学部.戏　　剧.中国戏曲.戏曲剧种
道情戏,戏剧电影学部.戏　　剧.中国戏曲.戏曲剧种
眉户戏,戏剧电影学部.戏　　剧.中国戏曲.戏曲剧种
汉调桄桄,戏剧电影学部.戏　　剧.中国戏曲.戏曲剧种
汉调二黄,戏剧电影学部.戏　　剧.中国戏曲.戏曲剧种
阿宫腔,戏剧电影学部.戏　　剧.中国戏曲.戏曲剧种
碗碗腔,戏剧电影学部.戏　　剧.中国戏曲.戏曲剧种
青海平弦戏,戏剧电影学部.戏　　剧.中国戏曲.戏曲剧种
安多藏戏,戏剧电影学部.戏　　剧.中国戏曲.戏曲剧种
高山剧,戏剧电影学部.戏　　剧.中国戏曲.戏曲剧种
新疆曲子戏,戏剧电影学部.戏　　剧.中国戏曲.戏曲剧种
推陈出新,戏剧电影学部.戏　　剧.中国戏曲.术　语
戏曲文物,戏剧电影学部.戏　　剧.中国戏曲.术　语
脚色,戏剧电影学部.戏　　剧.中国戏曲.术　语
行当,戏剧电影学部.戏　　剧.中国戏曲.术　语
末泥,戏剧电影学部.戏　　剧.中国戏曲.术　语
引戏,戏剧电影学部.戏　　剧.中国戏曲.术　语
戏头,戏剧电影学部.戏　　剧.中国戏曲.术　语
次净,戏剧电影学部.戏　　剧.中国戏曲.术　语
贴净,戏剧电影学部.戏　　剧.中国戏曲.术　语
副末,戏剧电影学部.戏　　剧.中国戏曲.术　语
装孤,戏剧电影学部.戏　　剧.中国戏曲.术　语
捷讥,戏剧电影学部.戏　　剧.中国戏曲.术　语
把色,戏剧电影学部.戏　　剧.中国戏曲.术　语
参军色,戏剧电影学部.戏　　剧.中国戏曲.术　语
竹竿子,戏剧电影学部.戏　　剧.中国戏曲.术　语
鲍老,戏剧电影学部.戏　　剧.中国戏曲.术　语
妲,戏剧电影学部.戏　　剧.中国戏曲.术　语
孤,戏剧电影学部.戏　　剧.中国戏曲.术　语
木大,戏剧电影学部.戏　　剧.中国戏曲.术　语
卜儿,戏剧电影学部.戏　　剧.中国戏曲.术　语
孛老,戏剧电影学部.戏　　剧.中国戏曲.术　语
邦老,戏剧电影学部.戏　　剧.中国戏曲.术　语
都子,戏剧电影学部.戏　　剧.中国戏曲.术　语
俫,戏剧电影学部.戏　　剧.中国戏曲.术　语
靓,戏剧电影学部.戏　　剧.中国戏曲.术　语
乔,戏剧电影学部.戏　　剧.中国戏曲.术　语
砌,戏剧电影学部.戏　　剧.中国戏曲.术　语
砌末,戏剧电影学部.戏　　剧.中国戏曲.术　语
掌记,戏剧电影学部.戏　　剧.中国戏曲.术　语
鬼门道,戏剧电影学部.戏　　剧.中国戏曲.术　语
古门,戏剧电影学部.戏　　剧.中国戏曲.术　语
鼓门道,戏剧电影学部.戏　　剧.中国戏曲.术　语
务头,戏剧电影学部.戏　　剧.中国戏曲.术　语
宾白,戏剧电影学部.戏　　剧.中国戏曲.术　语
科泛,戏剧电影学部.戏　　剧.中国戏曲.术　语
科诨,戏剧电影学部.戏　　剧.中国戏曲.术　语
科,戏剧电影学部.戏　　剧.中国戏曲.术　语
开,戏剧电影学部.戏　　剧.中国戏曲.术　语
踩竹马,戏剧电影学部.戏　　剧.中国戏曲.术　语
调阵子,戏剧电影学部.戏　　剧.中国戏曲.术　语
队子,戏剧电影学部.戏　　剧.中国戏曲.术　语
题目正名,戏剧电影学部.戏　　剧.中国戏曲.术　语
关目,戏剧电影学部.戏　　剧.中国戏曲.术　语
断,戏剧电影学部.戏　　剧.中国戏曲.术　语
打散,戏剧电影学部.戏　　剧.中国戏曲.术　语
作场,戏剧电影学部.戏　　剧.中国戏曲.术　语
敷演,戏剧电影学部.戏　　剧.中国戏曲.术　语
幺末,戏剧电影学部.戏　　剧.中国戏曲.术　语
本色,戏剧电影学部.戏　　剧.中国戏曲.术　语
正末,戏剧电影学部.戏　　剧.中国戏曲.术　语
外末,戏剧电影学部.戏　　剧.中国戏曲.术　语
小末,戏剧电影学部.戏　　剧.中国戏曲.术　语
冲末,戏剧电影学部.戏　　剧.中国戏曲.术　语
外旦,戏剧电影学部.戏　　剧.中国戏曲.术　语
副旦,戏剧电影学部.戏　　剧.中国戏曲.术　语
旦儿,戏剧电影学部.戏　　剧.中国戏曲.术　语
小旦,戏剧电影学部.戏　　剧.中国戏曲.术　语
搽旦,戏剧电影学部.戏　　剧.中国戏曲.术　语
外净,戏剧电影学部.戏　　剧.中国戏曲.术　语
驾,戏剧电影学部.戏　　剧.中国戏曲.术　语
杂当,戏剧电影学部.戏　　剧.中国戏曲.术　语
曳剌,戏剧电影学部.戏　　剧.中国戏曲.术　语
爷老,戏剧电影学部.戏　　剧.中国戏曲.术　语
魂子,戏剧电影学部.戏　　剧.中国戏曲.术　语
伴哥,戏剧电影学部.戏　　剧.中国戏曲.术　语
拔禾,戏剧电影学部.戏　　剧.中国戏曲.术　语
禾俫,戏剧电影学部.戏　　剧.中国戏曲.术　语
伴姑,戏剧电影学部.戏　　剧.中国戏曲.术　语
禾旦,戏剧电影学部.戏　　剧.中国戏曲.术　语
穿关,戏剧电影学部.戏　　剧.中国戏曲.术　语
披秉,戏剧电影学部.戏　　剧.中国戏曲.术　语
薄蓝,戏剧电影学部.戏　　剧.中国戏曲.术　语
神楼,戏剧电影学部.戏　　剧.中国戏曲.术　语
腰棚,戏剧电影学部.戏　　剧.中国戏曲.术　语
乐床,戏剧电影学部.戏　　剧.中国戏曲.术　语
戏房,戏剧电影学部.戏　　剧.中国戏曲.术　语
招子,戏剧电影学部.戏　　剧.中国戏曲.术　语
行首,戏剧电影学部.戏　　剧.中国戏曲.术　语
乐探,戏剧电影学部.戏　　剧.中国戏曲.术　语
戾家,戏剧电影学部.戏　　剧.中国戏曲.术　语
介,戏剧电影学部.戏　　剧.中国戏曲.术　语
冠生,戏剧电影学部.戏　　剧.中国戏曲.术　语
二面,戏剧电影学部.戏　　剧.中国戏曲.术　语
白面,戏剧电影学部.戏　　剧.中国戏曲.术　语
白净,戏剧电影学部.戏　　剧.中国戏曲.术　语
小面,戏剧电影学部.戏　　剧.中国戏曲.术　语
三面,戏剧电影学部.戏　　剧.中国戏曲.术　语
刺杀旦,戏剧电影学部.戏　　剧.中国戏曲.术　语
四旦,戏剧电影学部.戏　　剧.中国戏曲.术　语
闺门旦,戏剧电影学部.戏　　剧.中国戏曲.术　语
五旦,戏剧电影学部.戏　　剧.中国戏曲.术　语
作旦,戏剧电影学部.戏　　剧.中国戏曲.术　语
杂,戏剧电影学部.戏　　剧.中国戏曲.术　语
生,戏剧电影学部.戏　　剧.中国戏曲.术　语
老生,戏剧电影学部.戏　　剧.中国戏曲.术　语
须生,戏剧电影学部.戏　　剧.中国戏曲.术　语
正生,戏剧电影学部.戏　　剧.中国戏曲.术　语
衰派老生,戏剧电影学部.戏　　剧.中国戏曲.术　语
陇剧,戏剧电影学部.戏　　剧.中国戏曲.术　语
安工老生,戏剧电影学部.戏　　剧.中国戏曲.术　语
小生,戏剧电影学部.戏　　剧.中国戏曲.术　语
巾生,戏剧电影学部.戏　　剧.中国戏曲.术　语
武生,戏剧电影学部.戏　　剧.中国戏曲.术　语
长靠武生,戏剧电影学部.戏　　剧.中国戏曲.术　语
短打武生,戏剧电影学部.戏　　剧.中国戏曲.术　语
雉尾生,戏剧电影学部.戏　　剧.中国戏曲.术　语
外,戏剧电影学部.戏　　剧.中国戏曲.术　语
末,戏剧电影学部.戏　　剧.中国戏曲.术　语
旦,戏剧电影学部.戏　　剧.中国戏曲.术　语
正旦,戏剧电影学部.戏　　剧.中国戏曲.术　语
青衣,戏剧电影学部.戏　　剧.中国戏曲.术　语
花衫,戏剧电影学部.戏　　剧.中国戏曲.术　语
刀马旦,戏剧电影学部.戏　　剧.中国戏曲.术　语
武旦,戏剧电影学部.戏　　剧.中国戏曲.术　语
老旦,戏剧电影学部.戏　　剧.中国戏曲.术　语
夫,戏剧电影学部.戏　　剧.中国戏曲.术　语
花旦,戏剧电影学部.戏　　剧.中国戏曲.术　语
贴旦,戏剧电影学部.戏　　剧.中国戏曲.术　语
贴,戏剧电影学部.戏　　剧.中国戏曲.术　语
六旦,戏剧电影学部.戏　　剧.中国戏曲.术　语
占,戏剧电影学部.戏　　剧.中国戏曲.术　语
彩旦,戏剧电影学部.戏　　剧.中国戏曲.术　语
净,戏剧电影学部.戏　　剧.中国戏曲.术　语
花脸,戏剧电影学部.戏　　剧.中国戏曲.术　语
大花脸,戏剧电影学部.戏　　剧.中国戏曲.术　语
正净,戏剧电影学部.戏　　剧.中国戏曲.术　语
铜锤花脸,戏剧电影学部.戏　　剧.中国戏曲.术　语
黑头,戏剧电影学部.戏　　剧.中国戏曲.术　语
副净,戏剧电影学部.戏　　剧.中国戏曲.术　语
架子花脸,戏剧电影学部.戏　　剧.中国戏曲.术　语
二花脸,戏剧电影学部.戏　　剧.中国戏曲.术　语
武净,戏剧电影学部.戏　　剧.中国戏曲.术　语
武二花,戏剧电影学部.戏　　剧.中国戏曲.术　语
丑,戏剧电影学部.戏　　剧.中国戏曲.术　语
小花脸,戏剧电影学部.戏　　剧.中国戏曲.术　语
三花脸,戏剧电影学部.戏　　剧.中国戏曲.术　语
武丑,戏剧电影学部.戏　　剧.中国戏曲.术　语
开口跳,戏剧电影学部.戏　　剧.中国戏曲.术　语
龙套,戏剧电影学部.戏　　剧.中国戏曲.术　语
客串,戏剧电影学部.戏　　剧.中国戏曲.术　语
副末开场,戏剧电影学部.戏　　剧.中国戏曲.术　语
冲场,戏剧电影学部.戏　　剧.中国戏曲.术　语
吊场,戏剧电影学部.戏　　剧.中国戏曲.术　语
小收煞,戏剧电影学部.戏　　剧.中国戏曲.术　语
大团圆,戏剧电影学部.戏　　剧.中国戏曲.术　语
大收煞,戏剧电影学部.戏　　剧.中国戏曲.术　语
开锣戏,戏剧电影学部.戏　　剧.中国戏曲.术　语
帽儿戏,戏剧电影学部.戏　　剧.中国戏曲.术　语
折子戏,戏剧电影学部.戏　　剧.中国戏曲.术　语
打炮戏,戏剧电影学部.戏　　剧.中国戏曲.术　语
压轴,戏剧电影学部.戏　　剧.中国戏曲.术　语
大轴,戏剧电影学部.戏　　剧.中国戏曲.术　语
文场,戏剧电影学部.戏　　剧.中国戏曲.术　语
武场,戏剧电影学部.戏　　剧.中国戏曲.术　语
袍带戏,戏剧电影学部.戏　　剧.中国戏曲.术　语
对子戏,戏剧电影学部.戏　　剧.中国戏曲.术　语
自报家门,戏剧电影学部.戏　　剧.中国戏曲.术　语
定场诗,戏剧电影学部.戏　　剧.中国戏曲.术　语
定场白,戏剧电影学部.戏　　剧.中国戏曲.术　语
加官,戏剧电影学部.戏　　剧.中国戏曲.术　语
跳加官,戏剧电影学部.戏　　剧.中国戏曲.术　语
四功五法,戏剧电影学部.戏　　剧.中国戏曲.术　语
五法,戏剧电影学部.戏　　剧.中国戏曲.术　语
手眼身法步,戏剧电影学部.戏　　剧.中国戏曲.术　语
唱做念打,戏剧电影学部.戏　　剧.中国戏曲.术　语
身段,戏剧电影学部.戏　　剧.中国戏曲.术　语
卧鱼,戏剧电影学部.戏　　剧.中国戏曲.术　语
云步,戏剧电影学部.戏　　剧.中国戏曲.术　语
山膀,戏剧电影学部.戏　　剧.中国戏曲.术　语
台步,戏剧电影学部.戏　　剧.中国戏曲.术　语
跷功,戏剧电影学部.戏　　剧.中国戏曲.术　语
云手,戏剧电影学部.戏　　剧.中国戏曲.术　语
亮相,戏剧电影学部.戏　　剧.中国戏曲.术　语
吊毛,戏剧电影学部.戏　　剧.中国戏曲.术　语
抢背,戏剧电影学部.戏　　剧.中国戏曲.术　语
起霸,戏剧电影学部.戏　　剧.中国戏曲.术　语
走边,戏剧电影学部.戏　　剧.中国戏曲.术　语
圆场,戏剧电影学部.戏　　剧.中国戏曲.术　语
趟马,戏剧电影学部.戏　　剧.中国戏曲.术　语
打出手,戏剧电影学部.戏　　剧.中国戏曲.术　语
打背供,戏剧电影学部.戏　　剧.中国戏曲.术　语
把子,戏剧电影学部.戏　　剧.中国戏曲.术　语
脸谱,戏剧电影学部.戏　　剧.中国戏曲.术　语
三块瓦,戏剧电影学部.戏　　剧.中国戏曲.术　语
变脸,戏剧电影学部.戏　　剧.中国戏曲.术　语
行头,戏剧电影学部.戏　　剧.中国戏曲.术　语
蟒袍,戏剧电影学部.戏　　剧.中国戏曲.术　语
靠,戏剧电影学部.戏　　剧.中国戏曲.术　语
褶子,戏剧电影学部.戏　　剧.中国戏曲.术　语
帔,戏剧电影学部.戏　　剧.中国戏曲.术　语
官衣,戏剧电影学部.戏　　剧.中国戏曲.术　语
盔头,戏剧电影学部.戏　　剧.中国戏曲.术　语
髯口,戏剧电影学部.戏　　剧.中国戏曲.术　语
翎子,戏剧电影学部.戏　　剧.中国戏曲.术　语
水袖,戏剧电影学部.戏　　剧.中国戏曲.术　语
扎,戏剧电影学部.戏　　剧.中国戏曲.术　语
面具,戏剧电影学部.戏　　剧.中国戏曲.术　语
头面,戏剧电影学部.戏　　剧.中国戏曲.术　语
串,戏剧电影学部.戏　　剧.中国戏曲.术　语
反串,戏剧电影学部.戏　　剧.中国戏曲.术　语
守旧,戏剧电影学部.戏　　剧.中国戏曲.术　语
一桌二椅,戏剧电影学部.戏　　剧.中国戏曲.术　语
查楼,戏剧电影学部.戏　　剧.中国戏曲.术　语
畅音阁大戏台,戏剧电影学部.戏　　剧.中国戏曲.术　语
京白,戏剧电影学部.戏　　剧.中国戏曲.术　语
吊嗓,戏剧电影学部.戏　　剧.中国戏曲.术　语
上口,戏剧电影学部.戏　　剧.中国戏曲.术　语
尖团,戏剧电影学部.戏　　剧.中国戏曲.术　语
韵白,戏剧电影学部.戏　　剧.中国戏曲.术　语
十三辙,戏剧电影学部.戏　　剧.中国戏曲.术　语
短柱体,戏剧电影学部.戏　　剧.中国戏曲.术　语
曲学,戏剧电影学部.戏　　剧.中国戏曲.术　语
升平乐,戏剧电影学部.戏　　剧.中国戏曲.术　语
代言体,戏剧电影学部.戏　　剧.中国戏曲.术　语
九美,戏剧电影学部.戏　　剧.中国戏曲.术　语
双美,戏剧电影学部.戏　　剧.中国戏曲.术　语
意趣神色,戏剧电影学部.戏　　剧.中国戏曲.术　语
可演可传,戏剧电影学部.戏　　剧.中国戏曲.术　语
才慧致,戏剧电影学部.戏　　剧.中国戏曲.术　语
行家,戏剧电影学部.戏　　剧.中国戏曲.术　语
名家,戏剧电影学部.戏　　剧.中国戏曲.术　语
本色派,戏剧电影学部.戏　　剧.中国戏曲.术　语
格律派,戏剧电影学部.戏　　剧.中国戏曲.术　语
骈绮派,戏剧电影学部.戏　　剧.中国戏曲.术　语
立主脑,戏剧电影学部.戏　　剧.中国戏曲.术　语
减头绪,戏剧电影学部.戏　　剧.中国戏曲.术　语
密针线,戏剧电影学部.戏　　剧.中国戏曲.术　语
脱窠臼,戏剧电影学部.戏　　剧.中国戏曲.术　语
书会,戏剧电影学部.戏　　剧.中国戏曲.演出团体
九山书会,戏剧电影学部.戏　　剧.中国戏曲.演出团体
古杭书会,戏剧电影学部.戏　　剧.中国戏曲.演出团体
绯绿社,戏剧电影学部.戏　　剧.中国戏曲.演出团体
遏云社,戏剧电影学部.戏　　剧.中国戏曲.演出团体
清音社,戏剧电影学部.戏　　剧.中国戏曲.演出团体
天韵社,戏剧电影学部.戏　　剧.中国戏曲.演出团体
兴化班,戏剧电影学部.戏　　剧.中国戏曲.演出团体
华林班,戏剧电影学部.戏　　剧.中国戏曲.演出团体
景云班,戏剧电影学部.戏　　剧.中国戏曲.演出团体
金斗班,戏剧电影学部.戏　　剧.中国戏曲.演出团体
集芳班,戏剧电影学部.戏　　剧.中国戏曲.演出团体
内江班,戏剧电影学部.戏　　剧.中国戏曲.演出团体
徽班,戏剧电影学部.戏　　剧.中国戏曲.演出团体
四大徽班,戏剧电影学部.戏　　剧.中国戏曲.演出团体
春台班,戏剧电影学部.戏　　剧.中国戏曲.演出团体
和春班,戏剧电影学部.戏　　剧.中国戏曲.演出团体
三庆班,戏剧电影学部.戏　　剧.中国戏曲.演出团体
四喜班,戏剧电影学部.戏　　剧.中国戏曲.演出团体
三合班,戏剧电影学部.戏　　剧.中国戏曲.演出团体
科班,戏剧电影学部.戏　　剧.中国戏曲.演出团体
富连成社,戏剧电影学部.戏　　剧.中国戏曲.演出团体
警世戏社,戏剧电影学部.戏　　剧.中国戏曲.演出团体
三庆会,戏剧电影学部.戏　　剧.中国戏曲.演出团体
上海伶界联合会,戏剧电影学部.戏　　剧.中国戏曲.演出团体
易俗社,戏剧电影学部.戏　　剧.中国戏曲.演出团体
奎德社,戏剧电影学部.戏　　剧.中国戏曲.演出团体
崇雅社,戏剧电影学部.戏　　剧.中国戏曲.演出团体
南通伶工学社,戏剧电影学部.戏　　剧.中国戏曲.演出团体
昆剧传习所,戏剧电影学部.戏　　剧.中国戏曲.演出团体
中华戏曲专科学校,戏剧电影学部.戏　　剧.中国戏曲.演出团体
上海戏剧学校,戏剧电影学部.戏　　剧.中国戏曲.演出团体
延安平剧研究院,戏剧电影学部.戏　　剧.中国戏曲.演出团体
延安平剧院,戏剧电影学部.戏　　剧.中国戏曲.演出团体
中国戏曲研究院,戏剧电影学部.戏　　剧.中国戏曲.演出团体
中国戏曲学院,戏剧电影学部.戏　　剧.中国戏曲.演出团体
第一届全国戏曲观摩演出大会,戏剧电影学部.戏　　剧.中国戏曲.演出团体
曲,戏剧电影学部.戏　　剧.中国戏曲.音　乐
法曲,戏剧电影学部.戏　　剧.中国戏曲.音　乐
霓裳羽衣曲,戏剧电影学部.戏　　剧.中国戏曲.音　乐
大曲,戏剧电影学部.戏　　剧.中国戏曲.音　乐
大遍,戏剧电影学部.戏　　剧.中国戏曲.音　乐
甘州,戏剧电影学部.戏　　剧.中国戏曲.音　乐
摘遍,戏剧电影学部.戏　　剧.中国戏曲.音　乐
入破,戏剧电影学部.戏　　剧.中国戏曲.音　乐
凉州,戏剧电影学部.戏　　剧.中国戏曲.音　乐
绿腰,戏剧电影学部.戏　　剧.中国戏曲.音　乐
六幺,戏剧电影学部.戏　　剧.中国戏曲.音　乐
录要,戏剧电影学部.戏　　剧.中国戏曲.音　乐
曲破,戏剧电影学部.戏　　剧.中国戏曲.音　乐
排遍,戏剧电影学部.戏　　剧.中国戏曲.音　乐
工尺,戏剧电影学部.戏　　剧.中国戏曲.音　乐
曲牌,戏剧电影学部.戏　　剧.中国戏曲.音　乐
曲谱,戏剧电影学部.戏　　剧.中国戏曲.音　乐
曲韵,戏剧电影学部.戏　　剧.中国戏曲.音　乐
南曲,戏剧电影学部.戏　　剧.中国戏曲.音　乐
北曲,戏剧电影学部.戏　　剧.中国戏曲.音　乐
南北合套,戏剧电影学部.戏　　剧.中国戏曲.音　乐
两头蛮,戏剧电影学部.戏　　剧.中国戏曲.音　乐
清唱,戏剧电影学部.戏　　剧.中国戏曲.音　乐
宫调,戏剧电影学部.戏　　剧.中国戏曲.音　乐
套曲,戏剧电影学部.戏　　剧.中国戏曲.音　乐
剧曲,戏剧电影学部.戏　　剧.中国戏曲.音　乐
慢曲,戏剧电影学部.戏　　剧.中国戏曲.音　乐
急曲,戏剧电影学部.戏　　剧.中国戏曲.音　乐
幺篇,戏剧电影学部.戏　　剧.中国戏曲.音　乐
换头,戏剧电影学部.戏　　剧.中国戏曲.音　乐
引子,戏剧电影学部.戏　　剧.中国戏曲.音　乐
过曲,戏剧电影学部.戏　　剧.中国戏曲.音　乐
尾声,戏剧电影学部.戏　　剧.中国戏曲.音　乐
滚调,戏剧电影学部.戏　　剧.中国戏曲.音　乐
滚,戏剧电影学部.戏　　剧.中国戏曲.音　乐
滚唱,戏剧电影学部.戏　　剧.中国戏曲.音　乐
滚白,戏剧电影学部.戏　　剧.中国戏曲.音　乐
集曲,戏剧电影学部.戏　　剧.中国戏曲.音　乐
犯调,戏剧电影学部.戏　　剧.中国戏曲.音　乐
水磨调,戏剧电影学部.戏　　剧.中国戏曲.音　乐
磨调,戏剧电影学部.戏　　剧.中国戏曲.音　乐
韵脚,戏剧电影学部.戏　　剧.中国戏曲.音　乐
押韵,戏剧电影学部.戏　　剧.中国戏曲.音　乐
弦索,戏剧电影学部.戏　　剧.中国戏曲.音　乐
阴出阳收,戏剧电影学部.戏　　剧.中国戏曲.音　乐
啜腔,戏剧电影学部.戏　　剧.中国戏曲.音　乐
滑腔,戏剧电影学部.戏　　剧.中国戏曲.音　乐
擞腔,戏剧电影学部.戏　　剧.中国戏曲.音　乐
豁腔,戏剧电影学部.戏　　剧.中国戏曲.音　乐
拿腔,戏剧电影学部.戏　　剧.中国戏曲.音　乐
卖腔,戏剧电影学部.戏　　剧.中国戏曲.音　乐
橄榄腔,戏剧电影学部.戏　　剧.中国戏曲.音　乐
度曲,戏剧电影学部.戏　　剧.中国戏曲.音　乐
拍曲,戏剧电影学部.戏　　剧.中国戏曲.音　乐
声腔,戏剧电影学部.戏　　剧.中国戏曲.音　乐
唱腔,戏剧电影学部.戏　　剧.中国戏曲.音　乐
腔调,戏剧电影学部.戏　　剧.中国戏曲.音　乐
中州韵,戏剧电影学部.戏　　剧.中国戏曲.音　乐
锣经,戏剧电影学部.戏　　剧.中国戏曲.音　乐
帮腔,戏剧电影学部.戏　　剧.中国戏曲.音　乐
收江南,戏剧电影学部.戏　　剧.中国戏曲.音　乐
太平令,戏剧电影学部.戏　　剧.中国戏曲.音　乐
沽美酒,戏剧电影学部.戏　　剧.中国戏曲.音　乐
折桂令,戏剧电影学部.戏　　剧.中国戏曲.音　乐
得胜令,戏剧电影学部.戏　　剧.中国戏曲.音　乐
雁儿落,戏剧电影学部.戏　　剧.中国戏曲.音　乐
柳青娘,戏剧电影学部.戏　　剧.中国戏曲.音　乐
端正好,戏剧电影学部.戏　　剧.中国戏曲.音　乐
四门子,戏剧电影学部.戏　　剧.中国戏曲.音　乐
醉花阴,戏剧电影学部.戏　　剧.中国戏曲.音　乐
赚,戏剧电影学部.戏　　剧.中国戏曲.音　乐
二郎神,戏剧电影学部.戏　　剧.中国戏曲.音　乐
丑奴儿,戏剧电影学部.戏　　剧.中国戏曲.音　乐
老八板,戏剧电影学部.戏　　剧.中国戏曲.音　乐
节节高,戏剧电影学部.戏　　剧.中国戏曲.音　乐
合头,戏剧电影学部.戏　　剧.中国戏曲.音　乐
水龙吟,戏剧电影学部.戏　　剧.中国戏曲.音　乐
大开门,戏剧电影学部.戏　　剧.中国戏曲.音　乐
清江引,戏剧电影学部.戏　　剧.中国戏曲.音　乐
驻马听,戏剧电影学部.戏　　剧.中国戏曲.音　乐
新水令,戏剧电影学部.戏　　剧.中国戏曲.音　乐
耍孩儿,戏剧电影学部.戏　　剧.中国戏曲.音　乐
南北曲,戏剧电影学部.戏　　剧.中国戏曲.音　乐
朝天子,戏剧电影学部.戏　　剧.中国戏曲.音　乐
黄龙滚,戏剧电影学部.戏　　剧.中国戏曲.音　乐
石榴花,戏剧电影学部.戏　　剧.中国戏曲.音　乐
粉蝶儿,戏剧电影学部.戏　　剧.中国戏曲.音　乐
哭皇天,戏剧电影学部.戏　　剧.中国戏曲.音　乐
一枝花,戏剧电影学部.戏　　剧.中国戏曲.音　乐
点绛唇,戏剧电影学部.戏　　剧.中国戏曲.音　乐
水仙子,戏剧电影学部.戏　　剧.中国戏曲.音　乐
刮地风,戏剧电影学部.戏　　剧.中国戏曲.音　乐
出队子,戏剧电影学部.戏　　剧.中国戏曲.音　乐
喜迁莺,戏剧电影学部.戏　　剧.中国戏曲.音　乐
急三枪,戏剧电影学部.戏　　剧.中国戏曲.音　乐
风入松,戏剧电影学部.戏　　剧.中国戏曲.音　乐
五马江儿水,戏剧电影学部.戏　　剧.中国戏曲.音　乐
柳摇金,戏剧电影学部.戏　　剧.中国戏曲.音　乐
山坡羊,戏剧电影学部.戏　　剧.中国戏曲.音　乐
水底鱼,戏剧电影学部.戏　　剧.中国戏曲.音　乐
懒画眉,戏剧电影学部.戏　　剧.中国戏曲.音　乐
一江风,戏剧电影学部.戏　　剧.中国戏曲.音　乐
红衲袄,戏剧电影学部.戏　　剧.中国戏曲.音　乐
哭相思,戏剧电影学部.戏　　剧.中国戏曲.音　乐
扑灯蛾,戏剧电影学部.戏　　剧.中国戏曲.音　乐
驻云飞,戏剧电影学部.戏　　剧.中国戏曲.音　乐
泣颜回,戏剧电影学部.戏　　剧.中国戏曲.音　乐
十二时,戏剧电影学部.戏　　剧.中国戏曲.音　乐
娃娃,戏剧电影学部.戏　　剧.中国戏曲.音　乐
叫头,戏剧电影学部.戏　　剧.中国戏曲.音　乐
四击头,戏剧电影学部.戏　　剧.中国戏曲.音　乐
撕边,戏剧电影学部.戏　　剧.中国戏曲.音　乐
急急风,戏剧电影学部.戏　　剧.中国戏曲.音　乐
垛头,戏剧电影学部.戏　　剧.中国戏曲.音　乐
长锤,戏剧电影学部.戏　　剧.中国戏曲.音　乐
八岔,戏剧电影学部.戏　　剧.中国戏曲.音　乐
夜深沉,戏剧电影学部.戏　　剧.中国戏曲.音　乐
小开门,戏剧电影学部.戏　　剧.中国戏曲.音　乐
曲牌体,戏剧电影学部.戏　　剧.中国戏曲.音　乐
海盐腔,戏剧电影学部.戏　　剧.中国戏曲.音　乐
余姚腔,戏剧电影学部.戏　　剧.中国戏曲.音　乐
弋阳腔,戏剧电影学部.戏　　剧.中国戏曲.音　乐
昆腔,戏剧电影学部.戏　　剧.中国戏曲.音　乐
昆山腔,戏剧电影学部.戏　　剧.中国戏曲.音　乐
四平腔,戏剧电影学部.戏　　剧.中国戏曲.音　乐
乐平腔,戏剧电影学部.戏　　剧.中国戏曲.音　乐
青阳腔,戏剧电影学部.戏　　剧.中国戏曲.音　乐
高腔,戏剧电影学部.戏　　剧.中国戏曲.音　乐
弦索腔,戏剧电影学部.戏　　剧.中国戏曲.音　乐
冀州调,戏剧电影学部.戏　　剧.中国戏曲.音　乐
泉潮腔,戏剧电影学部.戏　　剧.中国戏曲.音　乐
北管,戏剧电影学部.戏　　剧.中国戏曲.音　乐
京腔,戏剧电影学部.戏　　剧.中国戏曲.音　乐
梆子腔,戏剧电影学部.戏　　剧.中国戏曲.音　乐
西秦腔,戏剧电影学部.戏　　剧.中国戏曲.音　乐
乱弹,戏剧电影学部.戏　　剧.中国戏曲.音　乐
吹腔,戏剧电影学部.戏　　剧.中国戏曲.音　乐
高拨子,戏剧电影学部.戏　　剧.中国戏曲.音　乐
西皮,戏剧电影学部.戏　　剧.中国戏曲.音　乐
板腔体,戏剧电影学部.戏　　剧.中国戏曲.音　乐
南梆子,戏剧电影学部.戏　　剧.中国戏曲.音　乐
四平调,戏剧电影学部.戏　　剧.中国戏曲.音　乐
倒板,戏剧电影学部.戏　　剧.中国戏曲.音　乐
导板,戏剧电影学部.戏　　剧.中国戏曲.音　乐
慢板,戏剧电影学部.戏　　剧.中国戏曲.音　乐
原板,戏剧电影学部.戏　　剧.中国戏曲.音　乐
摇板,戏剧电影学部.戏　　剧.中国戏曲.音　乐
快板,戏剧电影学部.戏　　剧.中国戏曲.音　乐
回龙腔,戏剧电影学部.戏　　剧.中国戏曲.音　乐
流水板,戏剧电影学部.戏　　剧.中国戏曲.音　乐
散板,戏剧电影学部.戏　　剧.中国戏曲.音　乐
反西皮,戏剧电影学部.戏　　剧.中国戏曲.音　乐
反二黄,戏剧电影学部.戏　　剧.中国戏曲.音　乐
板眼,戏剧电影学部.戏　　剧.中国戏曲.音　乐
二黄,戏剧电影学部.戏　　剧.中国戏曲.音　乐
皮黄,戏剧电影学部.戏　　剧.中国戏曲.音　乐
南北路,戏剧电影学部.戏　　剧.中国戏曲.音　乐
官本杂剧段数,戏剧电影学部.戏　　剧.中国戏曲.论著、曲籍
录鬼簿,戏剧电影学部.戏　　剧.中国戏曲.论著、曲籍
中原音韵,戏剧电影学部.戏　　剧.中国戏曲.论著、曲籍
青楼集,戏剧电影学部.戏　　剧.中国戏曲.论著、曲籍
院本名目,戏剧电影学部.戏　　剧.中国戏曲.论著、曲籍
洪武正韵,戏剧电影学部.戏　　剧.中国戏曲.论著、曲籍
太和正音谱,戏剧电影学部.戏　　剧.中国戏曲.论著、曲籍
南词引正,戏剧电影学部.戏　　剧.中国戏曲.论著、曲籍
曲律,戏剧电影学部.戏　　剧.中国戏曲.论著、曲籍
南九宫十三调曲谱,戏剧电影学部.戏　　剧.中国戏曲.论著、曲籍
曲品,戏剧电影学部.戏　　剧.中国戏曲.论著、曲籍
远山堂曲品剧品,戏剧电影学部.戏　　剧.中国戏曲.论著、曲籍
南词叙录,戏剧电影学部.戏　　剧.中国戏曲.论著、曲籍
顾曲杂言,戏剧电影学部.戏　　剧.中国戏曲.论著、曲籍
九宫正始,戏剧电影学部.戏　　剧.中国戏曲.论著、曲籍
北词广正谱,戏剧电影学部.戏　　剧.中国戏曲.论著、曲籍
闲情偶寄,戏剧电影学部.戏　　剧.中国戏曲.论著、曲籍
纳书楹曲谱,戏剧电影学部.戏　　剧.中国戏曲.论著、曲籍
九宫大成南北词宫谱,戏剧电影学部.戏　　剧.中国戏曲.论著、曲籍
雨村曲话,戏剧电影学部.戏　　剧.中国戏曲.论著、曲籍
藤花亭曲话,戏剧电影学部.戏　　剧.中国戏曲.论著、曲籍
花部农谭,戏剧电影学部.戏　　剧.中国戏曲.论著、曲籍
剧说,戏剧电影学部.戏　　剧.中国戏曲.论著、曲籍
新传奇品,戏剧电影学部.戏　　剧.中国戏曲.论著、曲籍
曲海总目提要,戏剧电影学部.戏　　剧.中国戏曲.论著、曲籍
遏云阁曲谱,戏剧电影学部.戏　　剧.中国戏曲.论著、曲籍
审音鉴古录,戏剧电影学部.戏　　剧.中国戏曲.论著、曲籍
车王府曲本,戏剧电影学部.戏　　剧.中国戏曲.论著、曲籍
中国古典戏曲论著集成,戏剧电影学部.戏　　剧.中国戏曲.论著、曲籍
古本戏曲丛刊,戏剧电影学部.戏　　剧.中国戏曲.论著、曲籍
善本戏曲丛刊,戏剧电影学部.戏　　剧.中国戏曲.论著、曲籍
乐府菁华,戏剧电影学部.戏　　剧.中国戏曲.论著、曲籍
摘锦奇音,戏剧电影学部.戏　　剧.中国戏曲.论著、曲籍
大明春,戏剧电影学部.戏　　剧.中国戏曲.论著、曲籍
时调青昆,戏剧电影学部.戏　　剧.中国戏曲.论著、曲籍
乐府红珊,戏剧电影学部.戏　　剧.中国戏曲.论著、曲籍
珊珊集,戏剧电影学部.戏　　剧.中国戏曲.论著、曲籍
月露音,戏剧电影学部.戏　　剧.中国戏曲.论著、曲籍
怡春锦,戏剧电影学部.戏　　剧.中国戏曲.论著、曲籍
歌林拾翠,戏剧电影学部.戏　　剧.中国戏曲.论著、曲籍
十二律京腔谱,戏剧电影学部.戏　　剧.中国戏曲.论著、曲籍
风月锦囊,戏剧电影学部.戏　　剧.中国戏曲.论著、曲籍
赛徵歌集,戏剧电影学部.戏　　剧.中国戏曲.论著、曲籍
万壑清音,戏剧电影学部.戏　　剧.中国戏曲.论著、曲籍
玄雪谱,戏剧电影学部.戏　　剧.中国戏曲.论著、曲籍
群音类选,戏剧电影学部.戏　　剧.中国戏曲.论著、曲籍
寒山堂曲谱,戏剧电影学部.戏　　剧.中国戏曲.论著、曲籍
太古传宗,戏剧电影学部.戏　　剧.中国戏曲.论著、曲籍
韵学骊珠,戏剧电影学部.戏　　剧.中国戏曲.论著、曲籍
穿戴题纲,戏剧电影学部.戏　　剧.中国戏曲.论著、曲籍
曲录,戏剧电影学部.戏　　剧.中国戏曲.论著、曲籍
宋元戏曲史,戏剧电影学部.戏　　剧.中国戏曲.论著、曲籍
顾曲麈谈,戏剧电影学部.戏　　剧.中国戏曲.论著、曲籍
中国戏曲概论,戏剧电影学部.戏　　剧.中国戏曲.论著、曲籍
南北词简谱,戏剧电影学部.戏　　剧.中国戏曲.论著、曲籍
梨园原,戏剧电影学部.戏　　剧.中国戏曲.论著、曲籍
螾庐曲谈,戏剧电影学部.戏　　剧.中国戏曲.论著、曲籍
集成曲谱,戏剧电影学部.戏　　剧.中国戏曲.论著、曲籍
中国剧之组织,戏剧电影学部.戏　　剧.中国戏曲.论著、曲籍
中国近世戏曲史,戏剧电影学部.戏　　剧.中国戏曲.论著、曲籍
明清戏曲史,戏剧电影学部.戏　　剧.中国戏曲.论著、曲籍
今乐考证,戏剧电影学部.戏　　剧.中国戏曲.论著、曲籍
清代燕都梨园史料,戏剧电影学部.戏　　剧.中国戏曲.论著、曲籍
清代伶官传,戏剧电影学部.戏　　剧.中国戏曲.论著、曲籍
与众曲谱,戏剧电影学部.戏　　剧.中国戏曲.论著、曲籍
中国伶人血缘之研究,戏剧电影学部.戏　　剧.中国戏曲.论著、曲籍
正俗曲谱,戏剧电影学部.戏　　剧.中国戏曲.论著、曲籍
古剧说汇,戏剧电影学部.戏　　剧.中国戏曲.论著、曲籍
粟庐曲谱,戏剧电影学部.戏　　剧.中国戏曲.论著、曲籍
元曲家考略,戏剧电影学部.戏　　剧.中国戏曲.论著、曲籍
舞台生活四十年,戏剧电影学部.戏　　剧.中国戏曲.论著、曲籍
元明清戏曲研究论文集,戏剧电影学部.戏　　剧.中国戏曲.论著、曲籍
宋金杂剧考,戏剧电影学部.戏　　剧.中国戏曲.论著、曲籍
演员经验谈,戏剧电影学部.戏　　剧.中国戏曲.论著、曲籍
唐戏弄,戏剧电影学部.戏　　剧.中国戏曲.论著、曲籍
中国戏剧史长编,戏剧电影学部.戏　　剧.中国戏曲.论著、曲籍
表演经验,戏剧电影学部.戏　　剧.中国戏曲.论著、曲籍
斤斗练习法,戏剧电影学部.戏　　剧.中国戏曲.论著、曲籍
川剧艺术研究,戏剧电影学部.戏　　剧.中国戏曲.论著、曲籍
昆剧表演一得,戏剧电影学部.戏　　剧.中国戏曲.论著、曲籍
我演昆丑,戏剧电影学部.戏　　剧.中国戏曲.论著、曲籍
粉墨春秋,戏剧电影学部.戏　　剧.中国戏曲.论著、曲籍
北曲套式汇录详解,戏剧电影学部.戏　　剧.中国戏曲.论著、曲籍
说戏曲,戏剧电影学部.戏　　剧.中国戏曲.论著、曲籍
中国戏曲通史,戏剧电影学部.戏　　剧.中国戏曲.论著、曲籍
昆剧演出史稿,戏剧电影学部.戏　　剧.中国戏曲.论著、曲籍
戏文概论,戏剧电影学部.戏　　剧.中国戏曲.论著、曲籍
元代杂剧艺术,戏剧电影学部.戏　　剧.中国戏曲.论著、曲籍
中国戏曲曲艺词典,戏剧电影学部.戏　　剧.中国戏曲.论著、曲籍
中国戏曲志,戏剧电影学部.戏　　剧.中国戏曲.论著、曲籍
明刊本西厢记研究,戏剧电影学部.戏　　剧.中国戏曲.论著、曲籍
说剧——中国戏剧史专题研究论文集,戏剧电影学部.戏　　剧.中国戏曲.论著、曲籍
戏曲文物丛考,戏剧电影学部.戏　　剧.中国戏曲.论著、曲籍
中国戏剧学史稿,戏剧电影学部.戏　　剧.中国戏曲.论著、曲籍
宋金元戏曲文物图论,戏剧电影学部.戏　　剧.中国戏曲.论著、曲籍
清代戏曲史,戏剧电影学部.戏　　剧.中国戏曲.论著、曲籍
中国戏曲通论,戏剧电影学部.戏　　剧.中国戏曲.论著、曲籍
中国京剧史,戏剧电影学部.戏　　剧.中国戏曲.论著、曲籍
中国戏曲音乐集成,戏剧电影学部.戏　　剧.中国戏曲.论著、曲籍
京剧打击乐汇编,戏剧电影学部.戏　　剧.中国戏曲.论著、曲籍
晚明曲家年谱,戏剧电影学部.戏　　剧.中国戏曲.论著、曲籍
中国戏曲表演艺术辞典,戏剧电影学部.戏　　剧.中国戏曲.论著、曲籍
中国戏曲剧种大辞典,戏剧电影学部.戏　　剧.中国戏曲.论著、曲籍
戏曲优伶史,戏剧电影学部.戏　　剧.中国戏曲.论著、曲籍
古本戏曲剧目提要,戏剧电影学部.戏　　剧.中国戏曲.论著、曲籍
中国曲学大辞典,戏剧电影学部.戏　　剧.中国戏曲.论著、曲籍
中国古代剧场史,戏剧电影学部.戏　　剧.中国戏曲.论著、曲籍
戏曲美学,戏剧电影学部.戏　　剧.中国戏曲.论著、曲籍
中国昆剧大辞典,戏剧电影学部.戏　　剧.中国戏曲.论著、曲籍
昆曲辞典,戏剧电影学部.戏　　剧.中国戏曲.论著、曲籍
二十世纪大舞台,戏剧电影学部.戏　　剧.中国戏曲.论著、曲籍
剧学月刊,戏剧电影学部.戏　　剧.中国戏曲.论著、曲籍
京剧丛刊,戏剧电影学部.戏　　剧.中国戏曲.论著、曲籍
戏剧论丛,戏剧电影学部.戏　　剧.中国戏曲.论著、曲籍
戏曲研究,戏剧电影学部.戏　　剧.中国戏曲.论著、曲籍
话剧,戏剧电影学部.戏　　剧.话　剧.源流、术语
新剧,戏剧电影学部.戏　　剧.话　剧.源流、术语
文明戏,戏剧电影学部.戏　　剧.话　剧.源流、术语
爱美的戏剧,戏剧电影学部.戏　　剧.话　剧.源流、术语
国剧运动,戏剧电影学部.戏　　剧.话　剧.源流、术语
苏区戏剧运动,戏剧电影学部.戏　　剧.话　剧.源流、术语
定县农民实验戏剧,戏剧电影学部.戏　　剧.话　剧.源流、术语
国防戏剧,戏剧电影学部.戏　　剧.话　剧.源流、术语
孤岛戏剧运动,戏剧电影学部.戏　　剧.话　剧.源流、术语
重庆雾季公演,戏剧电影学部.戏　　剧.话　剧.源流、术语
西南第一届戏剧展览会,戏剧电影学部.戏　　剧.话　剧.源流、术语
第一届全国话剧观摩演出会,戏剧电影学部.戏　　剧.话　剧.源流、术语
全国话剧、歌剧、儿童剧创作座谈会,戏剧电影学部.戏　　剧.话　剧.源流、术语
文工团,戏剧电影学部.戏　　剧.话　剧.源流、术语
幕表制,戏剧电影学部.戏　　剧.话　剧.源流、术语
春柳社,戏剧电影学部.戏　　剧.话　剧.演出团体、组织
春阳社,戏剧电影学部.戏　　剧.话　剧.演出团体、组织
南开新剧团,戏剧电影学部.戏　　剧.话　剧.演出团体、组织
进化团,戏剧电影学部.戏　　剧.话　剧.演出团体、组织
民众戏剧社,戏剧电影学部.戏　　剧.话　剧.演出团体、组织
戏剧协社,戏剧电影学部.戏　　剧.话　剧.演出团体、组织
复旦剧社,戏剧电影学部.戏　　剧.话　剧.演出团体、组织
辛酉剧社,戏剧电影学部.戏　　剧.话　剧.演出团体、组织
南国社,戏剧电影学部.戏　　剧.话　剧.演出团体、组织
战斗剧社,戏剧电影学部.戏　　剧.话　剧.演出团体、组织
上海艺术剧社,戏剧电影学部.戏　　剧.话　剧.演出团体、组织
战士剧社,戏剧电影学部.戏　　剧.话　剧.演出团体、组织
中国左翼戏剧家联盟,戏剧电影学部.戏　　剧.话　剧.演出团体、组织
蓝衣剧团,戏剧电影学部.戏　　剧.话　剧.演出团体、组织
八一剧团,戏剧电影学部.戏　　剧.话　剧.演出团体、组织
工农剧社,戏剧电影学部.戏　　剧.话　剧.演出团体、组织
中央剧团,戏剧电影学部.戏　　剧.话　剧.演出团体、组织
蓝衫团,戏剧电影学部.戏　　剧.话　剧.演出团体、组织
中国旅行剧团,戏剧电影学部.戏　　剧.话　剧.演出团体、组织
新安旅行团,戏剧电影学部.戏　　剧.话　剧.演出团体、组织
上海业余剧人协会,戏剧电影学部.戏　　剧.话　剧.演出团体、组织
孩子剧团,戏剧电影学部.戏　　剧.话　剧.演出团体、组织
抗敌剧社,戏剧电影学部.戏　　剧.话　剧.演出团体、组织
西北战地服务团,戏剧电影学部.戏　　剧.话　剧.演出团体、组织
中华全国戏剧界抗敌协会,戏剧电影学部.戏　　剧.话　剧.演出团体、组织
火线剧社,戏剧电影学部.戏　　剧.话　剧.演出团体、组织
上海戏剧界救亡协会,戏剧电影学部.戏　　剧.话　剧.演出团体、组织
上海救亡演剧队,戏剧电影学部.戏　　剧.话　剧.演出团体、组织
上海业余戏剧交谊社,戏剧电影学部.戏　　剧.话　剧.演出团体、组织
上海剧艺社,戏剧电影学部.戏　　剧.话　剧.演出团体、组织
抗敌演剧队,戏剧电影学部.戏　　剧.话　剧.演出团体、组织
延安青年艺术剧院,戏剧电影学部.戏　　剧.话　剧.演出团体、组织
中华剧艺社,戏剧电影学部.戏　　剧.话　剧.演出团体、组织
新中国剧社,戏剧电影学部.戏　　剧.话　剧.演出团体、组织
中国艺术剧社,戏剧电影学部.戏　　剧.话　剧.演出团体、组织
苦干剧团,戏剧电影学部.戏　　剧.话　剧.演出团体、组织
同茂剧社,戏剧电影学部.戏　　剧.话　剧.演出团体、组织
中国戏剧家协会,戏剧电影学部.戏　　剧.话　剧.演出团体、组织
通鉴学校,戏剧电影学部.戏　　剧.话　剧.演出团体、组织
北京人艺戏剧专门学校,戏剧电影学部.戏　　剧.话　剧.演出团体、组织
北平大学艺术学院戏剧系,戏剧电影学部.戏　　剧.话　剧.演出团体、组织
广东戏剧研究所,戏剧电影学部.戏　　剧.话　剧.演出团体、组织
高尔基戏剧学校,戏剧电影学部.戏　　剧.话　剧.演出团体、组织
国立戏剧专科学校,戏剧电影学部.戏　　剧.话　剧.演出团体、组织
四川省立戏剧音乐实验学校,戏剧电影学部.戏　　剧.话　剧.演出团体、组织
鲁迅艺术学院,戏剧电影学部.戏　　剧.话　剧.演出团体、组织
上海市立实验戏剧学校,戏剧电影学部.戏　　剧.话　剧.演出团体、组织
上海戏剧学院,戏剧电影学部.戏　　剧.话　剧.演出团体、组织
中央戏剧学院,戏剧电影学部.戏　　剧.话　剧.演出团体、组织
黑奴吁天录,戏剧电影学部.戏　　剧.话　剧.剧　目
黄金赤血,戏剧电影学部.戏　　剧.话　剧.剧　目
新村正,戏剧电影学部.戏　　剧.话　剧.剧　目
终身大事,戏剧电影学部.戏　　剧.话　剧.剧　目
获虎之夜,戏剧电影学部.戏　　剧.话　剧.剧　目
压迫,戏剧电影学部.戏　　剧.话　剧.剧　目
打出幽灵塔,戏剧电影学部.戏　　剧.话　剧.剧　目
名优之死,戏剧电影学部.戏　　剧.话　剧.剧　目
放下你的鞭子,戏剧电影学部.戏　　剧.话　剧.剧　目
五奎桥,戏剧电影学部.戏　　剧.话　剧.剧　目
雷雨,戏剧电影学部.戏　　剧.话　剧.剧　目
这不过是春天,戏剧电影学部.戏　　剧.话　剧.剧　目
日出,戏剧电影学部.戏　　剧.话　剧.剧　目
保卫卢沟桥,戏剧电影学部.戏　　剧.话　剧.剧　目
原野,戏剧电影学部.戏　　剧.话　剧.剧　目
上海屋檐下,戏剧电影学部.戏　　剧.话　剧.剧　目
抓壮丁,戏剧电影学部.戏　　剧.话　剧.剧　目
塞上风云,戏剧电影学部.戏　　剧.话　剧.剧　目
三块钱国币,戏剧电影学部.戏　　剧.话　剧.剧　目
碧血花,戏剧电影学部.戏　　剧.话　剧.剧　目
夜上海,戏剧电影学部.戏　　剧.话　剧.剧　目
禁止小便,戏剧电影学部.戏　　剧.话　剧.剧　目
北京人,戏剧电影学部.戏　　剧.话　剧.剧　目
雾重庆,戏剧电影学部.戏　　剧.话　剧.剧　目
天国春秋,戏剧电影学部.戏　　剧.话　剧.剧　目
虎符,戏剧电影学部.戏　　剧.话　剧.剧　目
法西斯细菌,戏剧电影学部.戏　　剧.话　剧.剧　目
长夜行,戏剧电影学部.戏　　剧.话　剧.剧　目
屈原,戏剧电影学部.戏　　剧.话　剧.剧　目
风雪夜归人,戏剧电影学部.戏　　剧.话　剧.剧　目
戏剧春秋,戏剧电影学部.戏　　剧.话　剧.剧　目
清宫外史,戏剧电影学部.戏　　剧.话　剧.剧　目
"同志,你走错了路",戏剧电影学部.戏　　剧.话　剧.剧　目
李闯王,戏剧电影学部.戏　　剧.话　剧.剧　目
李国瑞,戏剧电影学部.戏　　剧.话　剧.剧　目
升官图,戏剧电影学部.戏　　剧.话　剧.剧　目
粮食,戏剧电影学部.戏　　剧.话　剧.剧　目
清明前后,戏剧电影学部.戏　　剧.话　剧.剧　目
丽人行,戏剧电影学部.戏　　剧.话　剧.剧　目
桃花扇,戏剧电影学部.戏　　剧.话　剧.剧　目
战斗里成长,戏剧电影学部.戏　　剧.话　剧.剧　目
红旗歌,戏剧电影学部.戏　　剧.话　剧.剧　目
龙须沟,戏剧电影学部.戏　　剧.话　剧.剧　目
妇女代表,戏剧电影学部.戏　　剧.话　剧.剧　目
万水千山,戏剧电影学部.戏　　剧.话　剧.剧　目
马兰花,戏剧电影学部.戏　　剧.话　剧.剧　目
茶馆,戏剧电影学部.戏　　剧.话　剧.剧　目
金鹰,戏剧电影学部.戏　　剧.话　剧.剧　目
布谷鸟又叫了,戏剧电影学部.戏　　剧.话　剧.剧　目
关汉卿,戏剧电影学部.戏　　剧.话　剧.剧　目
难忘的岁月,戏剧电影学部.戏　　剧.话　剧.剧　目
蔡文姬,戏剧电影学部.戏　　剧.话　剧.剧　目
东进序曲,戏剧电影学部.戏　　剧.话　剧.剧　目
枯木逢春,戏剧电影学部.戏　　剧.话　剧.剧　目
八一风暴,戏剧电影学部.戏　　剧.话　剧.剧　目
杜鹃山,戏剧电影学部.戏　　剧.话　剧.剧　目
霓虹灯下的哨兵,戏剧电影学部.戏　　剧.话　剧.剧　目
年青的一代,戏剧电影学部.戏　　剧.话　剧.剧　目
千万不要忘记,戏剧电影学部.戏　　剧.话　剧.剧　目
豹子湾战斗,戏剧电影学部.戏　　剧.话　剧.剧　目
兵临城下,戏剧电影学部.戏　　剧.话　剧.剧　目
西安事变,戏剧电影学部.戏　　剧.话　剧.剧　目
于无声处,戏剧电影学部.戏　　剧.话　剧.剧　目
丹心谱,戏剧电影学部.戏　　剧.话　剧.剧　目
报春花,戏剧电影学部.戏　　剧.话　剧.剧　目
陈毅市长,戏剧电影学部.戏　　剧.话　剧.剧　目
曾孝谷,戏剧电影学部.戏　　剧.话　剧.作家、导演、演员
王钟声,戏剧电影学部.戏　　剧.话　剧.作家、导演、演员
李叔同,戏剧电影学部.戏　　剧.话　剧.作家、导演、演员
陆镜若,戏剧电影学部.戏　　剧.话　剧.作家、导演、演员
任天知,戏剧电影学部.戏　　剧.话　剧.作家、导演、演员
陈大悲,戏剧电影学部.戏　　剧.话　剧.作家、导演、演员
汪优游,戏剧电影学部.戏　　剧.话　剧.作家、导演、演员
朱双云,戏剧电影学部.戏　　剧.话　剧.作家、导演、演员
欧阳予倩,戏剧电影学部.戏　　剧.话　剧.作家、导演、演员
宋春舫,戏剧电影学部.戏　　剧.话　剧.作家、导演、演员
张彭春,戏剧电影学部.戏　　剧.话　剧.作家、导演、演员
郭沫若,戏剧电影学部.戏　　剧.话　剧.作家、导演、演员
丁西林,戏剧电影学部.戏　　剧.话　剧.作家、导演、演员
陈治策,戏剧电影学部.戏　　剧.话　剧.作家、导演、演员
洪深,戏剧电影学部.戏　　剧.话　剧.作家、导演、演员
余上沅,戏剧电影学部.戏　　剧.话　剧.作家、导演、演员
谷剑尘,戏剧电影学部.戏　　剧.话　剧.作家、导演、演员
唐槐秋,戏剧电影学部.戏　　剧.话　剧.作家、导演、演员
田汉,戏剧电影学部.戏　　剧.话　剧.作家、导演、演员
老舍,戏剧电影学部.戏　　剧.话　剧.作家、导演、演员
万籁天,戏剧电影学部.戏　　剧.话　剧.作家、导演、演员
熊佛西,戏剧电影学部.戏　　剧.话　剧.作家、导演、演员
阿英,戏剧电影学部.戏　　剧.话　剧.作家、导演、演员
夏衍,戏剧电影学部.戏　　剧.话　剧.作家、导演、演员
朱穰丞,戏剧电影学部.戏　　剧.话　剧.作家、导演、演员
阳翰笙,戏剧电影学部.戏　　剧.话　剧.作家、导演、演员
吴仞之,戏剧电影学部.戏　　剧.话　剧.作家、导演、演员
顾仲彝,戏剧电影学部.戏　　剧.话　剧.作家、导演、演员
应云卫,戏剧电影学部.戏　　剧.话　剧.作家、导演、演员
张正宇,戏剧电影学部.戏　　剧.话　剧.作家、导演、演员
沙可夫,戏剧电影学部.戏　　剧.话　剧.作家、导演、演员
焦菊隐,戏剧电影学部.戏　　剧.话　剧.作家、导演、演员
辛汉文,戏剧电影学部.戏　　剧.话　剧.作家、导演、演员
李健吾,戏剧电影学部.戏　　剧.话　剧.作家、导演、演员
黄佐临,戏剧电影学部.戏　　剧.话　剧.作家、导演、演员
石凌鹤,戏剧电影学部.戏　　剧.话　剧.作家、导演、演员
章泯,戏剧电影学部.戏　　剧.话　剧.作家、导演、演员
朱端钧,戏剧电影学部.戏　　剧.话　剧.作家、导演、演员
魏鹤龄,戏剧电影学部.戏　　剧.话　剧.作家、导演、演员
于伶,戏剧电影学部.戏　　剧.话　剧.作家、导演、演员
赵铭彝,戏剧电影学部.戏　　剧.话　剧.作家、导演、演员
陈白尘,戏剧电影学部.戏　　剧.话　剧.作家、导演、演员
戴涯,戏剧电影学部.戏　　剧.话　剧.作家、导演、演员
袁牧之,戏剧电影学部.戏　　剧.话　剧.作家、导演、演员
孙浩然,戏剧电影学部.戏　　剧.话　剧.作家、导演、演员
张骏祥,戏剧电影学部.戏　　剧.话　剧.作家、导演、演员
曹禺,戏剧电影学部.戏　　剧.话　剧.作家、导演、演员
贺孟斧,戏剧电影学部.戏　　剧.话　剧.作家、导演、演员
郑君里,戏剧电影学部.戏　　剧.话　剧.作家、导演、演员
刘露,戏剧电影学部.戏　　剧.话　剧.作家、导演、演员
金山,戏剧电影学部.戏　　剧.话　剧.作家、导演、演员
李伯钊,戏剧电影学部.戏　　剧.话　剧.作家、导演、演员
杨村彬,戏剧电影学部.戏　　剧.话　剧.作家、导演、演员
崔嵬,戏剧电影学部.戏　　剧.话　剧.作家、导演、演员
宋之的,戏剧电影学部.戏　　剧.话　剧.作家、导演、演员
吴雪,戏剧电影学部.戏　　剧.话　剧.作家、导演、演员
石羽,戏剧电影学部.戏　　剧.话　剧.作家、导演、演员
欧阳山尊,戏剧电影学部.戏　　剧.话　剧.作家、导演、演员
石挥,戏剧电影学部.戏　　剧.话　剧.作家、导演、演员
舒绣文,戏剧电影学部.戏　　剧.话　剧.作家、导演、演员
蓝马,戏剧电影学部.戏　　剧.话　剧.作家、导演、演员
刁光覃,戏剧电影学部.戏　　剧.话　剧.作家、导演、演员
舒强,戏剧电影学部.戏　　剧.话　剧.作家、导演、演员
梅阡,戏剧电影学部.戏　　剧.话　剧.作家、导演、演员
夏淳,戏剧电影学部.戏　　剧.话　剧.作家、导演、演员
任德耀,戏剧电影学部.戏　　剧.话　剧.作家、导演、演员
白杨,戏剧电影学部.戏　　剧.话　剧.作家、导演、演员
孙维世,戏剧电影学部.戏　　剧.话　剧.作家、导演、演员
姚一苇,戏剧电影学部.戏　　剧.话　剧.作家、导演、演员
魏启明,戏剧电影学部.戏　　剧.话　剧.作家、导演、演员
英若诚,戏剧电影学部.戏　　剧.话　剧.作家、导演、演员
严丽秋,戏剧电影学部.戏　　剧.话　剧.作家、导演、演员
宋春舫论剧,戏剧电影学部.戏　　剧.话　剧.论　著
自我演戏以来,戏剧电影学部.戏　　剧.话　剧.论　著
角色的诞生,戏剧电影学部.戏　　剧.话　剧.论　著
焦菊隐戏剧论文集,戏剧电影学部.戏　　剧.话　剧.论　著
中国现代话剧教育史稿,戏剧电影学部.戏　　剧.话　剧.论　著
中国现代戏剧史稿,戏剧电影学部.戏　　剧.话　剧.论　著
中国话剧通史,戏剧电影学部.戏　　剧.话　剧.论　著
我与写意戏剧观,戏剧电影学部.戏　　剧.话　剧.论　著
中国现代比较戏剧史,戏剧电影学部.戏　　剧.话　剧.论　著
新剧杂志,戏剧电影学部.戏　　剧.话　剧.论　著
戏剧,戏剧电影学部.戏　　剧.话　剧.论　著
南国月刊,戏剧电影学部.戏　　剧.话　剧.论　著
艺术月刊,戏剧电影学部.戏　　剧.话　剧.论　著
沙仑月刊,戏剧电影学部.戏　　剧.话　剧.论　著
新演剧,戏剧电影学部.戏　　剧.话　剧.论　著
抗战戏剧,戏剧电影学部.戏　　剧.话　剧.论　著
剧场艺术,戏剧电影学部.戏　　剧.话　剧.论　著
戏剧与文学,戏剧电影学部.戏　　剧.话　剧.论　著
戏剧春秋,戏剧电影学部.戏　　剧.话　剧.论　著
戏剧月报,戏剧电影学部.戏　　剧.话　剧.论　著
戏剧报,戏剧电影学部.戏　　剧.话　剧.论　著
剧本,戏剧电影学部.戏　　剧.话　剧.论　著
戏剧艺术,戏剧电影学部.戏　　剧.话　剧.论　著
电影,戏剧电影学部.电　　影.一般名词
第七艺术,戏剧电影学部.电　　影.一般名词
无声影片,戏剧电影学部.电　　影.一般名词
有声影片,戏剧电影学部.电　　影.一般名词
黑白影片,戏剧电影学部.电　　影.一般名词
彩色影片,戏剧电影学部.电　　影.一般名词
故事影片,戏剧电影学部.电　　影.一般名词
美术影片,戏剧电影学部.电　　影.一般名词
科学教育影片,戏剧电影学部.电　　影.一般名词
新闻影片,戏剧电影学部.电　　影.一般名词
纪录影片,戏剧电影学部.电　　影.一般名词
短片,戏剧电影学部.电　　影.一般名词
文献片,戏剧电影学部.电　　影.一般名词
系列片,戏剧电影学部.电　　影.一般名词
译制影片,戏剧电影学部.电　　影.一般名词
大片,戏剧电影学部.电　　影.一般名词
类型电影,戏剧电影学部.电　　影.一般名词
喜剧片,戏剧电影学部.电　　影.一般名词
功夫片,戏剧电影学部.电　　影.一般名词
武打片,戏剧电影学部.电　　影.一般名词
体育片,戏剧电影学部.电　　影.一般名词
儿童片,戏剧电影学部.电　　影.一般名词
传记片,戏剧电影学部.电　　影.一般名词
推理片,戏剧电影学部.电　　影.一般名词
惊险片,戏剧电影学部.电　　影.一般名词
科幻片,戏剧电影学部.电　　影.一般名词
战争片,戏剧电影学部.电　　影.一般名词
音乐片,戏剧电影学部.电　　影.一般名词
西部片,戏剧电影学部.电　　影.一般名词
戏曲影片,戏剧电影学部.电　　影.一般名词
舞台艺术片,戏剧电影学部.电　　影.一般名词
电视电影,戏剧电影学部.电　　影.一般名词
数字电影,戏剧电影学部.电　　影.一般名词
卡通,戏剧电影学部.电　　影.一般名词
动漫,戏剧电影学部.电　　影.一般名词
动画影片,戏剧电影学部.电　　影.一般名词
传统动画片,戏剧电影学部.电　　影.一般名词
木偶影片,戏剧电影学部.电　　影.一般名词
剪纸影片,戏剧电影学部.电　　影.一般名词
水墨动画影片,戏剧电影学部.电　　影.一般名词
三维动画片,戏剧电影学部.电　　影.一般名词
影院动画片,戏剧电影学部.电　　影.一般名词
软性电影,戏剧电影学部.电　　影.一般名词
纯电影,戏剧电影学部.电　　影.一般名词
先锋派电影,戏剧电影学部.电　　影.一般名词
超现实主义电影,戏剧电影学部.电　　影.一般名词
印象派电影,戏剧电影学部.电　　影.一般名词
电影眼睛派,戏剧电影学部.电　　影.一般名词
英国纪录电影运动,戏剧电影学部.电　　影.一般名词
实验电影,戏剧电影学部.电　　影.一般名词
新现实主义电影,戏剧电影学部.电　　影.一般名词
新浪潮电影,戏剧电影学部.电　　影.一般名词
电影手册派,戏剧电影学部.电　　影.一般名词
地下电影,戏剧电影学部.电　　影.一般名词
作家电影,戏剧电影学部.电　　影.一般名词
英国自由电影,戏剧电影学部.电　　影.一般名词
新德国电影,戏剧电影学部.电　　影.一般名词
制片人,戏剧电影学部.电　　影.电影制作
独立制片,戏剧电影学部.电　　影.电影制作
合作制片,戏剧电影学部.电　　影.电影制作
电影文学剧本,戏剧电影学部.电　　影.电影制作
分镜头剧本,戏剧电影学部.电　　影.电影制作
镜头记录本,戏剧电影学部.电　　影.电影制作
电影导演,戏剧电影学部.电　　影.电影制作
导演中心,戏剧电影学部.电　　影.电影制作
蒙太奇,戏剧电影学部.电　　影.电影制作
摄制组,戏剧电影学部.电　　影.电影制作
电影场面调度,戏剧电影学部.电　　影.电影制作
镜头,戏剧电影学部.电　　影.电影制作
电影画面,戏剧电影学部.电　　影.电影制作
长镜头,戏剧电影学部.电　　影.电影制作
场记,戏剧电影学部.电　　影.电影制作
开镜,戏剧电影学部.电　　影.电影制作
外景,戏剧电影学部.电　　影.电影制作
外景摄影,戏剧电影学部.电　　影.电影制作
内景,戏剧电影学部.电　　影.电影制作
内景摄影,戏剧电影学部.电　　影.电影制作
摄影棚,戏剧电影学部.电　　影.电影制作
场地景,戏剧电影学部.电　　影.电影制作
接景摄影,戏剧电影学部.电　　影.电影制作
实景,戏剧电影学部.电　　影.电影制作
合成摄影,戏剧电影学部.电　　影.电影制作
全景,戏剧电影学部.电　　影.电影制作
中景,戏剧电影学部.电　　影.电影制作
近景,戏剧电影学部.电　　影.电影制作
特写镜头,戏剧电影学部.电　　影.电影制作
推拉镜头,戏剧电影学部.电　　影.电影制作
空镜头,戏剧电影学部.电　　影.电影制作
特技摄影,戏剧电影学部.电　　影.电影制作
水下摄影,戏剧电影学部.电　　影.电影制作
模型摄影,戏剧电影学部.电　　影.电影制作
背景放映合成摄影,戏剧电影学部.电　　影.电影制作
延时摄影,戏剧电影学部.电　　影.电影制作
逐格摄影,戏剧电影学部.电　　影.电影制作
变速摄影,戏剧电影学部.电　　影.电影制作
变焦距镜头,戏剧电影学部.电　　影.电影制作
低速摄影,戏剧电影学部.电　　影.电影制作
快速摄影,戏剧电影学部.电　　影.电影制作
活动遮片摄影,戏剧电影学部.电　　影.电影制作
定格,戏剧电影学部.电　　影.电影制作
主观镜头,戏剧电影学部.电　　影.电影制作
客观镜头,戏剧电影学部.电　　影.电影制作
摄影角度,戏剧电影学部.电　　影.电影制作
俯摄,戏剧电影学部.电　　影.电影制作
仰摄,戏剧电影学部.电　　影.电影制作
移动摄影,戏剧电影学部.电　　影.电影制作
摇摄,戏剧电影学部.电　　影.电影制作
倒摄,戏剧电影学部.电　　影.电影制作
跟摄,戏剧电影学部.电　　影.电影制作
移摄,戏剧电影学部.电　　影.电影制作
升降车,戏剧电影学部.电　　影.电影制作
样片,戏剧电影学部.电　　影.电影制作
正片,戏剧电影学部.电　　影.电影制作
负片,戏剧电影学部.电　　影.电影制作
胶片,戏剧电影学部.电　　影.电影制作
电影胶片,戏剧电影学部.电　　影.电影制作
多层彩色电影胶片,戏剧电影学部.电　　影.电影制作
安全胶片,戏剧电影学部.电　　影.电影制作
易燃片,戏剧电影学部.电　　影.电影制作
底片,戏剧电影学部.电　　影.电影制作
电影摄影机,戏剧电影学部.电　　影.电影制作
变形附加镜,戏剧电影学部.电　　影.电影制作
耗片比,戏剧电影学部.电　　影.电影制作
电影照明,戏剧电影学部.电　　影.电影制作
布光,戏剧电影学部.电　　影.电影制作
剪辑,戏剧电影学部.电　　影.电影制作
剪接,戏剧电影学部.电　　影.电影制作
声画对位,戏剧电影学部.电　　影.电影制作
切,戏剧电影学部.电　　影.电影制作
化出化入,戏剧电影学部.电　　影.电影制作
划出划入,戏剧电影学部.电　　影.电影制作
淡入淡出,戏剧电影学部.电　　影.电影制作
溶出溶入,戏剧电影学部.电　　影.电影制作
渐显渐隐,戏剧电影学部.电　　影.电影制作
多画面,戏剧电影学部.电　　影.电影制作
画外音,戏剧电影学部.电　　影.电影制作
闪回,戏剧电影学部.电　　影.电影制作
录音,戏剧电影学部.电　　影.电影制作
录音机,戏剧电影学部.电　　影.电影制作
录音棚,戏剧电影学部.电　　影.电影制作
电影录音,戏剧电影学部.电　　影.电影制作
光学录音,戏剧电影学部.电　　影.电影制作
混合录音,戏剧电影学部.电　　影.电影制作
立体声,戏剧电影学部.电　　影.电影制作
拟音,戏剧电影学部.电　　影.电影制作
声带,戏剧电影学部.电　　影.电影制作
配音,戏剧电影学部.电　　影.电影制作
电影音乐,戏剧电影学部.电　　影.电影制作
主题歌,戏剧电影学部.电　　影.电影制作
字幕,戏剧电影学部.电　　影.电影制作
电影美工,戏剧电影学部.电　　影.电影制作
试镜头,戏剧电影学部.电　　影.电影制作
替身演员,戏剧电影学部.电　　影.电影制作
特型演员,戏剧电影学部.电　　影.电影制作
“无厘头”表演,戏剧电影学部.电　　影.电影制作
双片,戏剧电影学部.电　　影.电影制作
拷贝,戏剧电影学部.电　　影.电影制作
光学技巧印片,戏剧电影学部.电　　影.电影制作
叠印,戏剧电影学部.电　　影.电影制作
动画设计,戏剧电影学部.电　　影.电影制作
原画,戏剧电影学部.电　　影.电影制作
审查制,戏剧电影学部.电　　影.电影制作
院线,戏剧电影学部.电　　影.电影发行放映
院线制,戏剧电影学部.电　　影.电影发行放映
发行,戏剧电影学部.电　　影.电影发行放映
档期,戏剧电影学部.电　　影.电影发行放映
排片,戏剧电影学部.电　　影.电影发行放映
票房收入,戏剧电影学部.电　　影.电影发行放映
上座率,戏剧电影学部.电　　影.电影发行放映
首轮放映,戏剧电影学部.电　　影.电影发行放映
二轮放映,戏剧电影学部.电　　影.电影发行放映
分级制,戏剧电影学部.电　　影.电影发行放映
银幕,戏剧电影学部.电　　影.电影发行放映
70毫米电影,戏剧电影学部.电　　影.电影发行放映
宽银幕电影,戏剧电影学部.电　　影.电影发行放映
遮幅式宽银幕电影,戏剧电影学部.电　　影.电影发行放映
立体电影,戏剧电影学部.电　　影.电影发行放映
环幕电影,戏剧电影学部.电　　影.电影发行放映
巨幕电影,戏剧电影学部.电　　影.电影发行放映
球幕电影,戏剧电影学部.电　　影.电影发行放映
穹幕电影,戏剧电影学部.电　　影.电影发行放映
变形法宽银幕电影,戏剧电影学部.电　　影.电影发行放映
电影放映机,戏剧电影学部.电　　影.电影发行放映
70毫米电影立体声系统,戏剧电影学部.电　　影.电影发行放映
杜比(光学)电影立体声系统,戏剧电影学部.电　　影.电影发行放映
Imax,戏剧电影学部.电　　影.电影发行放映
郑正秋,戏剧电影学部.电　　影.中国电影家
张石川,戏剧电影学部.电　　影.中国电影家
黎民伟,戏剧电影学部.电　　影.中国电影家
程步高,戏剧电影学部.电　　影.中国电影家
但杜宇,戏剧电影学部.电　　影.中国电影家
邵醉翁,戏剧电影学部.电　　影.中国电影家
杨小仲,戏剧电影学部.电　　影.中国电影家
朱石麟,戏剧电影学部.电　　影.中国电影家
孙瑜,戏剧电影学部.电　　影.中国电影家
万氏兄弟,戏剧电影学部.电　　影.中国电影家
王献斋,戏剧电影学部.电　　影.中国电影家
吴印咸,戏剧电影学部.电　　影.中国电影家
龚稼农,戏剧电影学部.电　　影.中国电影家
李萍倩,戏剧电影学部.电　　影.中国电影家
罗明佑,戏剧电影学部.电　　影.中国电影家
史东山,戏剧电影学部.电　　影.中国电影家
阳翰笙,戏剧电影学部.电　　影.中国电影家
卜万苍,戏剧电影学部.电　　影.中国电影家
侯曜,戏剧电影学部.电　　影.中国电影家
林楚楚,戏剧电影学部.电　　影.中国电影家
沈西苓,戏剧电影学部.电　　影.中国电影家
孙师毅,戏剧电影学部.电　　影.中国电影家
吴性栽,戏剧电影学部.电　　影.中国电影家
许幸之,戏剧电影学部.电　　影.中国电影家
应云卫,戏剧电影学部.电　　影.中国电影家
马徐维邦,戏剧电影学部.电　　影.中国电影家
沈浮,戏剧电影学部.电　　影.中国电影家
张善琨,戏剧电影学部.电　　影.中国电影家
费穆,戏剧电影学部.电　　影.中国电影家
蔡楚生,戏剧电影学部.电　　影.中国电影家
石凌鹤,戏剧电影学部.电　　影.中国电影家
辛汉文,戏剧电影学部.电　　影.中国电影家
陈波儿,戏剧电影学部.电　　影.中国电影家
沙蒙,戏剧电影学部.电　　影.中国电影家
魏鹤龄,戏剧电影学部.电　　影.中国电影家
吴永刚,戏剧电影学部.电　　影.中国电影家
宣景琳,戏剧电影学部.电　　影.中国电影家
章泯,戏剧电影学部.电　　影.中国电影家
胡蝶,戏剧电影学部.电　　影.中国电影家
韩兰根,戏剧电影学部.电　　影.中国电影家
吴茵,戏剧电影学部.电　　影.中国电影家
袁牧之,戏剧电影学部.电　　影.中国电影家
金焰,戏剧电影学部.电　　影.中国电影家
瞿白音,戏剧电影学部.电　　影.中国电影家
阮玲玉,戏剧电影学部.电　　影.中国电影家
司徒慧敏,戏剧电影学部.电　　影.中国电影家
张骏祥,戏剧电影学部.电　　影.中国电影家
黄绍芬,戏剧电影学部.电　　影.中国电影家
金山,戏剧电影学部.电　　影.中国电影家
田方,戏剧电影学部.电　　影.中国电影家
王云阶,戏剧电影学部.电　　影.中国电影家
王尘无,戏剧电影学部.电　　影.中国电影家
吴楚帆,戏剧电影学部.电　　影.中国电影家
袁文殊,戏剧电影学部.电　　影.中国电影家
郑君里,戏剧电影学部.电　　影.中国电影家
陈西禾,戏剧电影学部.电　　影.中国电影家
崔嵬,戏剧电影学部.电　　影.中国电影家
鲁韧,戏剧电影学部.电　　影.中国电影家
陈荒煤,戏剧电影学部.电　　影.中国电影家
刘琼,戏剧电影学部.电　　影.中国电影家
王莹,戏剧电影学部.电　　影.中国电影家
池宁,戏剧电影学部.电　　影.中国电影家
王人美,戏剧电影学部.电　　影.中国电影家
谢添,戏剧电影学部.电　　影.中国电影家
顾而已,戏剧电影学部.电　　影.中国电影家
蓝马,戏剧电影学部.电　　影.中国电影家
何兆璋,戏剧电影学部.电　　影.中国电影家
黎莉莉,戏剧电影学部.电　　影.中国电影家
舒绣文,戏剧电影学部.电　　影.中国电影家
石挥,戏剧电影学部.电　　影.中国电影家
朱今明,戏剧电影学部.电　　影.中国电影家
赵丹,戏剧电影学部.电　　影.中国电影家
特伟,戏剧电影学部.电　　影.中国电影家
顾也鲁,戏剧电影学部.电　　影.中国电影家
罗从周,戏剧电影学部.电　　影.中国电影家
水华,戏剧电影学部.电　　影.中国电影家
桑弧,戏剧电影学部.电　　影.中国电影家
陶金,戏剧电影学部.电　　影.中国电影家
王苹,戏剧电影学部.电　　影.中国电影家
徐昌霖,戏剧电影学部.电　　影.中国电影家
成荫,戏剧电影学部.电　　影.中国电影家
丁辰,戏剧电影学部.电　　影.中国电影家
凌子风,戏剧电影学部.电　　影.中国电影家
陈叙一,戏剧电影学部.电　　影.中国电影家
李纬,戏剧电影学部.电　　影.中国电影家
林农,戏剧电影学部.电　　影.中国电影家
韩非,戏剧电影学部.电　　影.中国电影家
王家乙,戏剧电影学部.电　　影.中国电影家
张伐,戏剧电影学部.电　　影.中国电影家
钟惦棐,戏剧电影学部.电　　影.中国电影家
白杨,戏剧电影学部.电　　影.中国电影家
武兆堤,戏剧电影学部.电　　影.中国电影家
夏天,戏剧电影学部.电　　影.中国电影家
周璇,戏剧电影学部.电　　影.中国电影家
李天济,戏剧电影学部.电　　影.中国电影家
聂晶,戏剧电影学部.电　　影.中国电影家
孙道临,戏剧电影学部.电　　影.中国电影家
白沉,戏剧电影学部.电　　影.中国电影家
鲍方,戏剧电影学部.电　　影.中国电影家
邱岳峰,戏剧电影学部.电　　影.中国电影家
上官云珠,戏剧电影学部.电　　影.中国电影家
海默,戏剧电影学部.电　　影.中国电影家
张彻,戏剧电影学部.电　　影.中国电影家
中叔皇,戏剧电影学部.电　　影.中国电影家
李翰祥,戏剧电影学部.电　　影.中国电影家
程之,戏剧电影学部.电　　影.中国电影家
毕克,戏剧电影学部.电　　影.中国电影家
胡金铨,戏剧电影学部.电　　影.中国电影家
赵联,戏剧电影学部.电　　影.中国电影家
阿达,戏剧电影学部.电　　影.中国电影家
林黛,戏剧电影学部.电　　影.中国电影家
尤敏,戏剧电影学部.电　　影.中国电影家
李小龙,戏剧电影学部.电　　影.中国电影家
张暖忻,戏剧电影学部.电　　影.中国电影家
杨德昌,戏剧电影学部.电　　影.中国电影家
张国荣,戏剧电影学部.电　　影.中国电影家
梅艳芳,戏剧电影学部.电　　影.中国电影家
沟口健二,戏剧电影学部.电　　影.外国电影家
五所平之助,戏剧电影学部.电　　影.外国电影家
小津安二郎,戏剧电影学部.电　　影.外国电影家
成濑巳喜男,戏剧电影学部.电　　影.外国电影家
田中绢代,戏剧电影学部.电　　影.外国电影家
佐分利信,戏剧电影学部.电　　影.外国电影家
山本萨夫,戏剧电影学部.电　　影.外国电影家
黑泽明,戏剧电影学部.电　　影.外国电影家
木下惠介,戏剧电影学部.电　　影.外国电影家
小林正树,戏剧电影学部.电　　影.外国电影家
望月优子,戏剧电影学部.电　　影.外国电影家
三船敏郎,戏剧电影学部.电　　影.外国电影家
乙羽信子,戏剧电影学部.电　　影.外国电影家
今村昌平,戏剧电影学部.电　　影.外国电影家
渥美清,戏剧电影学部.电　　影.外国电影家
巴尔吉,戏剧电影学部.电　　影.外国电影家
卡普尔,戏剧电影学部.电　　影.外国电影家
罗伊,戏剧电影学部.电　　影.外国电影家
雷伊,戏剧电影学部.电　　影.外国电影家
沙欣,戏剧电影学部.电　　影.外国电影家
斯约斯特洛姆,戏剧电影学部.电　　影.外国电影家
褒曼,戏剧电影学部.电　　影.外国电影家
伯格曼,戏剧电影学部.电　　影.外国电影家
维德伯格,戏剧电影学部.电　　影.外国电影家
普多夫金,戏剧电影学部.电　　影.外国电影家
史楚金,戏剧电影学部.电　　影.外国电影家
杜甫仁科,戏剧电影学部.电　　影.外国电影家
维尔托夫,戏剧电影学部.电　　影.外国电影家
彼得罗夫,戏剧电影学部.电　　影.外国电影家
爱森斯坦,戏剧电影学部.电　　影.外国电影家
艾尔姆列尔,戏剧电影学部.电　　影.外国电影家
瓦西里耶夫兄弟,戏剧电影学部.电　　影.外国电影家
库里肖夫,戏剧电影学部.电　　影.外国电影家
贝利耶夫,戏剧电影学部.电　　影.外国电影家
罗姆,戏剧电影学部.电　　影.外国电影家
顿斯柯依,戏剧电影学部.电　　影.外国电影家
契尔卡索夫,戏剧电影学部.电　　影.外国电影家
尤特凯维奇,戏剧电影学部.电　　影.外国电影家
柯静采夫,戏剧电影学部.电　　影.外国电影家
玛列茨卡娅,戏剧电影学部.电　　影.外国电影家
格拉西莫夫,戏剧电影学部.电　　影.外国电影家
安德烈耶夫,戏剧电影学部.电　　影.外国电影家
邦达尔丘克,戏剧电影学部.电　　影.外国电影家
帕拉让诺夫,戏剧电影学部.电　　影.外国电影家
吉洪诺夫,戏剧电影学部.电　　影.外国电影家
舒克申,戏剧电影学部.电　　影.外国电影家
塔尔柯夫斯基,戏剧电影学部.电　　影.外国电影家
特莱叶,戏剧电影学部.电　　影.外国电影家
基耶斯洛斯基,戏剧电影学部.电　　影.外国电影家
"特尔恩卡(Jíí Trnka,)",戏剧电影学部.电　　影.外国电影家
巴拉兹,戏剧电影学部.电　　影.外国电影家
詹宁斯,戏剧电影学部.电　　影.外国电影家
派伯斯特,戏剧电影学部.电　　影.外国电影家
茂瑙,戏剧电影学部.电　　影.外国电影家
克拉考尔,戏剧电影学部.电　　影.外国电影家
朗格,戏剧电影学部.电　　影.外国电影家
黛德丽,戏剧电影学部.电　　影.外国电影家
里芬斯塔尔,戏剧电影学部.电　　影.外国电影家
法斯宾德,戏剧电影学部.电　　影.外国电影家
兰克,戏剧电影学部.电　　影.外国电影家
格里尔逊,戏剧电影学部.电　　影.外国电影家
卓别林,戏剧电影学部.电　　影.外国电影家
霍华德,戏剧电影学部.电　　影.外国电影家
劳顿,戏剧电影学部.电　　影.外国电影家
希区柯克,戏剧电影学部.电　　影.外国电影家
阿斯奎斯,戏剧电影学部.电　　影.外国电影家
吉尔古德,戏剧电影学部.电　　影.外国电影家
鲍威尔,戏剧电影学部.电　　影.外国电影家
里德,戏剧电影学部.电　　影.外国电影家
奥立弗,戏剧电影学部.电　　影.外国电影家
利恩,戏剧电影学部.电　　影.外国电影家
米尔斯,戏剧电影学部.电　　影.外国电影家
梅森,戏剧电影学部.电　　影.外国电影家
吉尼斯,戏剧电影学部.电　　影.外国电影家
费雯·丽,戏剧电影学部.电　　影.外国电影家
博加德,戏剧电影学部.电　　影.外国电影家
乌斯蒂诺夫,戏剧电影学部.电　　影.外国电影家
安德森,戏剧电影学部.电　　影.外国电影家
施莱辛格,戏剧电影学部.电　　影.外国电影家
理查森,戏剧电影学部.电　　影.外国电影家
伊文思,戏剧电影学部.电　　影.外国电影家
梅里爱,戏剧电影学部.电　　影.外国电影家
卢米埃尔,戏剧电影学部.电　　影.外国电影家
杜拉克,戏剧电影学部.电　　影.外国电影家
林戴,戏剧电影学部.电　　影.外国电影家
谷克多,戏剧电影学部.电　　影.外国电影家
冈斯,戏剧电影学部.电　　影.外国电影家
德吕克,戏剧电影学部.电　　影.外国电影家
雷诺阿,戏剧电影学部.电　　影.外国电影家
爱泼斯坦,戏剧电影学部.电　　影.外国电影家
克莱尔,戏剧电影学部.电　　影.外国电影家
布列松,戏剧电影学部.电　　影.外国电影家
萨杜尔,戏剧电影学部.电　　影.外国电影家
迦本,戏剧电影学部.电　　影.外国电影家
维果,戏剧电影学部.电　　影.外国电影家
克鲁佐,戏剧电影学部.电　　影.外国电影家
塔蒂,戏剧电影学部.电　　影.外国电影家
卡尔内,戏剧电影学部.电　　影.外国电影家
德·菲耐斯,戏剧电影学部.电　　影.外国电影家
杜拉斯,戏剧电影学部.电　　影.外国电影家
巴赞,戏剧电影学部.电　　影.外国电影家
侯麦,戏剧电影学部.电　　影.外国电影家
西涅莱,戏剧电影学部.电　　影.外国电影家
蒙当,戏剧电影学部.电　　影.外国电影家
菲利普,戏剧电影学部.电　　影.外国电影家
诺瓦雷,戏剧电影学部.电　　影.外国电影家
特吕弗,戏剧电影学部.电　　影.外国电影家
马勒,戏剧电影学部.电　　影.外国电影家
布努艾尔,戏剧电影学部.电　　影.外国电影家
施奈德,戏剧电影学部.电　　影.外国电影家
梅育,戏剧电影学部.电　　影.外国电影家
德·西卡,戏剧电影学部.电　　影.外国电影家
维斯康蒂,戏剧电影学部.电　　影.外国电影家
罗西里尼,戏剧电影学部.电　　影.外国电影家
玛尼亚尼,戏剧电影学部.电　　影.外国电影家
安东尼奥尼,戏剧电影学部.电　　影.外国电影家
费里尼,戏剧电影学部.电　　影.外国电影家
帕佐里尼,戏剧电影学部.电　　影.外国电影家
帕索里尼,戏剧电影学部.电　　影.外国电影家
马斯特洛阿尼,戏剧电影学部.电　　影.外国电影家
麦克拉伦,戏剧电影学部.电　　影.外国电影家
格里菲斯,戏剧电影学部.电　　影.外国电影家
塞纳特,戏剧电影学部.电　　影.外国电影家
地密尔,戏剧电影学部.电　　影.外国电影家
范朋克,戏剧电影学部.电　　影.外国电影家
弗拉哈迪,戏剧电影学部.电　　影.外国电影家
斯特劳亨,戏剧电影学部.电　　影.外国电影家
劳莱,戏剧电影学部.电　　影.外国电影家
刘别谦,戏剧电影学部.电　　影.外国电影家
哈代,戏剧电影学部.电　　影.外国电影家
劳埃德,戏剧电影学部.电　　影.外国电影家
璧克馥,戏剧电影学部.电　　影.外国电影家
维多,戏剧电影学部.电　　影.外国电影家
基顿,戏剧电影学部.电　　影.外国电影家
茂尼,戏剧电影学部.电　　影.外国电影家
福特,戏剧电影学部.电　　影.外国电影家
吉许,戏剧电影学部.电　　影.外国电影家
鲍嘉,戏剧电影学部.电　　影.外国电影家
黄宗霑,戏剧电影学部.电　　影.外国电影家
顾柯,戏剧电影学部.电　　影.外国电影家
屈赛,戏剧电影学部.电　　影.外国电影家
古柏,戏剧电影学部.电　　影.外国电影家
盖博,戏剧电影学部.电　　影.外国电影家
迪斯尼,戏剧电影学部.电　　影.外国电影家
赛尔兹尼克,戏剧电影学部.电　　影.外国电影家
惠勒,戏剧电影学部.电　　影.外国电影家
考尔白,戏剧电影学部.电　　影.外国电影家
托兰,戏剧电影学部.电　　影.外国电影家
克劳斯贝,戏剧电影学部.电　　影.外国电影家
格兰特,戏剧电影学部.电　　影.外国电影家
方达,戏剧电影学部.电　　影.外国电影家
嘉宝,戏剧电影学部.电　　影.外国电影家
休斯登,戏剧电影学部.电　　影.外国电影家
怀尔德,戏剧电影学部.电　　影.外国电影家
韦恩,戏剧电影学部.电　　影.外国电影家
齐纳曼,戏剧电影学部.电　　影.外国电影家
赫本,戏剧电影学部.电　　影.外国电影家
嘉逊,戏剧电影学部.电　　影.外国电影家
史都华,戏剧电影学部.电　　影.外国电影家
曼凯维奇,戏剧电影学部.电　　影.外国电影家
坦迪,戏剧电影学部.电　　影.外国电影家
卡赞,戏剧电影学部.电　　影.外国电影家
泰勒,戏剧电影学部.电　　影.外国电影家
凯利,戏剧电影学部.电　　影.外国电影家
兰开斯特,戏剧电影学部.电　　影.外国电影家
怀斯,戏剧电影学部.电　　影.外国电影家
威尔斯,戏剧电影学部.电　　影.外国电影家
派克,戏剧电影学部.电　　影.外国电影家
琼斯,戏剧电影学部.电　　影.外国电影家
布朗松,戏剧电影学部.电　　影.外国电影家
白兰度,戏剧电影学部.电　　影.外国电影家
奥特曼,戏剧电影学部.电　　影.外国电影家
梦露,戏剧电影学部.电　　影.外国电影家
斯科特,戏剧电影学部.电　　影.外国电影家
帕库拉,戏剧电影学部.电　　影.外国电影家
库布利克,戏剧电影学部.电　　影.外国电影家
卡萨维特斯,戏剧电影学部.电　　影.外国电影家
赫本,戏剧电影学部.电　　影.外国电影家
西蒙丝,戏剧电影学部.电　　影.外国电影家
迪恩,戏剧电影学部.电　　影.外国电影家
班克罗夫特,戏剧电影学部.电　　影.外国电影家
偷烧鸭,戏剧电影学部.电　　影.中国影片
难夫难妻,戏剧电影学部.电　　影.中国影片
庄子试妻,戏剧电影学部.电　　影.中国影片
掷果缘,戏剧电影学部.电　　影.中国影片
劳工之爱情,戏剧电影学部.电　　影.中国影片
孤儿救祖记,戏剧电影学部.电　　影.中国影片
西厢记,戏剧电影学部.电　　影.中国影片
火烧红莲寺,戏剧电影学部.电　　影.中国影片
歌女红牡丹,戏剧电影学部.电　　影.中国影片
春蚕,戏剧电影学部.电　　影.中国影片
狂流,戏剧电影学部.电　　影.中国影片
铁板红泪录,戏剧电影学部.电　　影.中国影片
姊妹花,戏剧电影学部.电　　影.中国影片
桃李劫,戏剧电影学部.电　　影.中国影片
神女,戏剧电影学部.电　　影.中国影片
渔光曲,戏剧电影学部.电　　影.中国影片
大路,戏剧电影学部.电　　影.中国影片
都市风光,戏剧电影学部.电　　影.中国影片
风云儿女,戏剧电影学部.电　　影.中国影片
壮志凌云,戏剧电影学部.电　　影.中国影片
马路天使,戏剧电影学部.电　　影.中国影片
十字街头,戏剧电影学部.电　　影.中国影片
夜半歌声,戏剧电影学部.电　　影.中国影片
压岁钱,戏剧电影学部.电　　影.中国影片
木兰从军,戏剧电影学部.电　　影.中国影片
铁扇公主,戏剧电影学部.电　　影.中国影片
八千里路云和月,戏剧电影学部.电　　影.中国影片
还乡日记,戏剧电影学部.电　　影.中国影片
假凤虚凰,戏剧电影学部.电　　影.中国影片
松花江上,戏剧电影学部.电　　影.中国影片
太太万岁,戏剧电影学部.电　　影.中国影片
天堂春梦,戏剧电影学部.电　　影.中国影片
一江春水向东流,戏剧电影学部.电　　影.中国影片
清宫秘史,戏剧电影学部.电　　影.中国影片
万家灯火,戏剧电影学部.电　　影.中国影片
生死恨,戏剧电影学部.电　　影.中国影片
乌鸦与麻雀,戏剧电影学部.电　　影.中国影片
小城之春,戏剧电影学部.电　　影.中国影片
白毛女,戏剧电影学部.电　　影.中国影片
我这一辈子,戏剧电影学部.电　　影.中国影片
误佳期,戏剧电影学部.电　　影.中国影片
一板之隔,戏剧电影学部.电　　影.中国影片
鸡毛信,戏剧电影学部.电　　影.中国影片
祝福,戏剧电影学部.电　　影.中国影片
柳堡的故事,戏剧电影学部.电　　影.中国影片
羊城暗哨,戏剧电影学部.电　　影.中国影片
林则徐,戏剧电影学部.电　　影.中国影片
林家铺子,戏剧电影学部.电　　影.中国影片
老兵新传,戏剧电影学部.电　　影.中国影片
今天我休息,戏剧电影学部.电　　影.中国影片
青春之歌,戏剧电影学部.电　　影.中国影片
聂耳,戏剧电影学部.电　　影.中国影片
五朵金花,戏剧电影学部.电　　影.中国影片
战火中的青春,戏剧电影学部.电　　影.中国影片
红旗谱,戏剧电影学部.电　　影.中国影片
可怜天下父母心,戏剧电影学部.电　　影.中国影片
大闹天宫,戏剧电影学部.电　　影.中国影片
"星星,月亮,太阳",戏剧电影学部.电　　影.中国影片
杨贵妃,戏剧电影学部.电　　影.中国影片
三笑,戏剧电影学部.电　　影.中国影片
冰山上的来客,戏剧电影学部.电　　影.中国影片
梁山伯与祝英台,戏剧电影学部.电　　影.中国影片
农奴,戏剧电影学部.电　　影.中国影片
小兵张嘎,戏剧电影学部.电　　影.中国影片
蚵女,戏剧电影学部.电　　影.中国影片
养鸭人家,戏剧电影学部.电　　影.中国影片
大醉侠,戏剧电影学部.电　　影.中国影片
云海玉弓缘,戏剧电影学部.电　　影.中国影片
我女若兰,戏剧电影学部.电　　影.中国影片
独臂刀,戏剧电影学部.电　　影.中国影片
寂寞的十七岁,戏剧电影学部.电　　影.中国影片
龙门客栈,戏剧电影学部.电　　影.中国影片
董夫人,戏剧电影学部.电　　影.中国影片
家在台北,戏剧电影学部.电　　影.中国影片
秋决,戏剧电影学部.电　　影.中国影片
马永贞,戏剧电影学部.电　　影.中国影片
八百壮士,戏剧电影学部.电　　影.中国影片
倾国倾城,戏剧电影学部.电　　影.中国影片
汪洋中的一条船,戏剧电影学部.电　　影.中国影片
蝶变,戏剧电影学部.电　　影.中国影片
疯劫,戏剧电影学部.电　　影.中国影片
苦恼人的笑,戏剧电影学部.电　　影.中国影片
小花,戏剧电影学部.电　　影.中国影片
六朝怪谈,戏剧电影学部.电　　影.中国影片
三个和尚,戏剧电影学部.电　　影.中国影片
天云山传奇,戏剧电影学部.电　　影.中国影片
"早安,台北",戏剧电影学部.电　　影.中国影片
被爱情遗忘的角落,戏剧电影学部.电　　影.中国影片
父子情,戏剧电影学部.电　　影.中国影片
鬼马智多星,戏剧电影学部.电　　影.中国影片
胡越的故事,戏剧电影学部.电　　影.中国影片
西安事变,戏剧电影学部.电　　影.中国影片
半边人,戏剧电影学部.电　　影.中国影片
城南旧事,戏剧电影学部.电　　影.中国影片
光阴的故事,戏剧电影学部.电　　影.中国影片
垂帘听政,戏剧电影学部.电　　影.中国影片
看海的日子,戏剧电影学部.电　　影.中国影片
儿子的大玩偶,戏剧电影学部.电　　影.中国影片
小毕的故事,戏剧电影学部.电　　影.中国影片
冬冬的假期,戏剧电影学部.电　　影.中国影片
风柜来的人,戏剧电影学部.电　　影.中国影片
黄土地,戏剧电影学部.电　　影.中国影片
老莫的第二个春天,戏剧电影学部.电　　影.中国影片
似水流年,戏剧电影学部.电　　影.中国影片
玉卿嫂,戏剧电影学部.电　　影.中国影片
黑炮事件,戏剧电影学部.电　　影.中国影片
警察故事,戏剧电影学部.电　　影.中国影片
青春祭,戏剧电影学部.电　　影.中国影片
童年往事,戏剧电影学部.电　　影.中国影片
我这样过了一生,戏剧电影学部.电　　影.中国影片
刀马旦,戏剧电影学部.电　　影.中国影片
美国心,戏剧电影学部.电　　影.中国影片
英雄本色,戏剧电影学部.电　　影.中国影片
倩女幽魂,戏剧电影学部.电　　影.中国影片
秋天的童话,戏剧电影学部.电　　影.中国影片
红高粱,戏剧电影学部.电　　影.中国影片
稻草人,戏剧电影学部.电　　影.中国影片
胭脂扣,戏剧电影学部.电　　影.中国影片
七小福,戏剧电影学部.电　　影.中国影片
童党,戏剧电影学部.电　　影.中国影片
阿郎的故事,戏剧电影学部.电　　影.中国影片
悲情城市,戏剧电影学部.电　　影.中国影片
喋血双雄,戏剧电影学部.电　　影.中国影片
赌神,戏剧电影学部.电　　影.中国影片
鲁冰花,戏剧电影学部.电　　影.中国影片
爱在他乡的季节,戏剧电影学部.电　　影.中国影片
阿飞正传,戏剧电影学部.电　　影.中国影片
庙街皇后,戏剧电影学部.电　　影.中国影片
人在纽约,戏剧电影学部.电　　影.中国影片
滚滚红尘,戏剧电影学部.电　　影.中国影片
阿呆,戏剧电影学部.电　　影.中国影片
牯岭街少年杀人事件,戏剧电影学部.电　　影.中国影片
黄飞鸿,戏剧电影学部.电　　影.中国影片
推手,戏剧电影学部.电　　影.中国影片
暗恋桃花源,戏剧电影学部.电　　影.中国影片
笼民,戏剧电影学部.电　　影.中国影片
阮玲玉,戏剧电影学部.电　　影.中国影片
无言的山丘,戏剧电影学部.电　　影.中国影片
新龙门客栈,戏剧电影学部.电　　影.中国影片
霸王别姬,戏剧电影学部.电　　影.中国影片
白发魔女传,戏剧电影学部.电　　影.中国影片
喜宴,戏剧电影学部.电　　影.中国影片
重案组,戏剧电影学部.电　　影.中国影片
爱情万岁,戏剧电影学部.电　　影.中国影片
重庆森林,戏剧电影学部.电　　影.中国影片
东邪西毒,戏剧电影学部.电　　影.中国影片
饮食男女,戏剧电影学部.电　　影.中国影片
麻将,戏剧电影学部.电　　影.中国影片
少女小渔,戏剧电影学部.电　　影.中国影片
河流,戏剧电影学部.电　　影.中国影片
南海十三郎,戏剧电影学部.电　　影.中国影片
甜蜜蜜,戏剧电影学部.电　　影.中国影片
春光乍泄,戏剧电影学部.电　　影.中国影片
女人四十,戏剧电影学部.电　　影.中国影片
香港制造,戏剧电影学部.电　　影.中国影片
枪火,戏剧电影学部.电　　影.中国影片
花样年华,戏剧电影学部.电　　影.中国影片
卧虎藏龙,戏剧电影学部.电　　影.中国影片
无间道,戏剧电影学部.电　　影.中国影片
晚春,戏剧电影学部.电　　影.外国影片
罗生门,戏剧电影学部.电　　影.外国影片
雨月物语,戏剧电影学部.电　　影.外国影片
七武士,戏剧电影学部.电　　影.外国影片
24只眼睛,戏剧电影学部.电　　影.外国影片
望乡,戏剧电影学部.电　　影.外国影片
楢山节考,戏剧电影学部.电　　影.外国影片
乱,戏剧电影学部.电　　影.外国影片
千与千寻,戏剧电影学部.电　　影.外国影片
樱桃的滋味,戏剧电影学部.电　　影.外国影片
野草莓,戏剧电影学部.电　　影.外国影片
处女泉,戏剧电影学部.电　　影.外国影片
哭泣与耳语,戏剧电影学部.电　　影.外国影片
战舰波将金号,戏剧电影学部.电　　影.外国影片
母亲,戏剧电影学部.电　　影.外国影片
亚历山大·涅夫斯基,戏剧电影学部.电　　影.外国影片
乡村女教师,戏剧电影学部.电　　影.外国影片
第四十一,戏剧电影学部.电　　影.外国影片
雁南飞,戏剧电影学部.电　　影.外国影片
海之歌,戏剧电影学部.电　　影.外国影片
一个人的遭遇,戏剧电影学部.电　　影.外国影片
伊凡的童年,戏剧电影学部.电　　影.外国影片
安德烈·鲁勃廖夫,戏剧电影学部.电　　影.外国影片
这里的黎明静悄悄,戏剧电影学部.电　　影.外国影片
红莓,戏剧电影学部.电　　影.外国影片
主题,戏剧电影学部.电　　影.外国影片
莫斯科不相信眼泪,戏剧电影学部.电　　影.外国影片
秋天的马拉松,戏剧电影学部.电　　影.外国影片
战地浪漫曲,戏剧电影学部.电　　影.外国影片
残酷的罗曼史,戏剧电影学部.电　　影.外国影片
灰烬与钻石,戏剧电影学部.电　　影.外国影片
水中刀,戏剧电影学部.电　　影.外国影片
大理石人,戏剧电影学部.电　　影.外国影片
卡利加里博士,戏剧电影学部.电　　影.外国影片
最卑贱的人,戏剧电影学部.电　　影.外国影片
大都会,戏剧电影学部.电　　影.外国影片
蓝天使,戏剧电影学部.电　　影.外国影片
恐惧吞噬灵魂,戏剧电影学部.电　　影.外国影片
玛丽娅·布朗的婚姻,戏剧电影学部.电　　影.外国影片
柏林上空,戏剧电影学部.电　　影.外国影片
相见恨晚,戏剧电影学部.电　　影.外国影片
红菱艳,戏剧电影学部.电　　影.外国影片
第三个人,戏剧电影学部.电　　影.外国影片
星期六晚上和星期天早上,戏剧电影学部.电　　影.外国影片
阿拉伯的劳伦斯,戏剧电影学部.电　　影.外国影片
如此体育生涯,戏剧电影学部.电　　影.外国影片
火的战车,戏剧电影学部.电　　影.外国影片
法国中尉的女人,戏剧电影学部.电　　影.外国影片
我美丽的洗衣店,戏剧电影学部.电　　影.外国影片
工厂的大门,戏剧电影学部.电　　影.外国影片
月界旅行,戏剧电影学部.电　　影.外国影片
车轮,戏剧电影学部.电　　影.外国影片
休息节目,戏剧电影学部.电　　影.外国影片
幻灭,戏剧电影学部.电　　影.外国影片
游戏的规则,戏剧电影学部.电　　影.外国影片
乡村牧师的日记,戏剧电影学部.电　　影.外国影片
广岛之恋,戏剧电影学部.电　　影.外国影片
四百下,戏剧电影学部.电　　影.外国影片
精疲力尽,戏剧电影学部.电　　影.外国影片
去年在马里昂巴德,戏剧电影学部.电　　影.外国影片
朱尔与吉姆,戏剧电影学部.电　　影.外国影片
最后一班地铁,戏剧电影学部.电　　影.外国影片
"再见吧,孩子",戏剧电影学部.电　　影.外国影片
一条安达鲁狗,戏剧电影学部.电　　影.外国影片
比里迪亚娜,戏剧电影学部.电　　影.外国影片
精神濒于崩溃的女人,戏剧电影学部.电　　影.外国影片
爸爸出差去了,戏剧电影学部.电　　影.外国影片
"罗马,不设防的城市",戏剧电影学部.电　　影.外国影片
偷自行车的人,戏剧电影学部.电　　影.外国影片
罗马11点钟,戏剧电影学部.电　　影.外国影片
甜蜜的生活,戏剧电影学部.电　　影.外国影片
,戏剧电影学部.电　　影.外国影片
红色沙漠,戏剧电影学部.电　　影.外国影片
美丽人生,戏剧电影学部.电　　影.外国影片
火车大劫案,戏剧电影学部.电　　影.外国影片
党同伐异,戏剧电影学部.电　　影.外国影片
北方的纳努克,戏剧电影学部.电　　影.外国影片
淘金记,戏剧电影学部.电　　影.外国影片
米老鼠,戏剧电影学部.电　　影.外国影片
小妇人,戏剧电影学部.电　　影.外国影片
唐老鸭,戏剧电影学部.电　　影.外国影片
一夜风流,戏剧电影学部.电　　影.外国影片
告密者,戏剧电影学部.电　　影.外国影片
白雪公主,戏剧电影学部.电　　影.外国影片
乱世佳人,戏剧电影学部.电　　影.外国影片
驿车,戏剧电影学部.电　　影.外国影片
史密斯先生到华盛顿,戏剧电影学部.电　　影.外国影片
绿野仙踪,戏剧电影学部.电　　影.外国影片
大独裁者,戏剧电影学部.电　　影.外国影片
魂断蓝桥,戏剧电影学部.电　　影.外国影片
愤怒的葡萄,戏剧电影学部.电　　影.外国影片
丽贝卡,戏剧电影学部.电　　影.外国影片
幻想曲,戏剧电影学部.电　　影.外国影片
青山翠谷,戏剧电影学部.电　　影.外国影片
马耳他之鹰,戏剧电影学部.电　　影.外国影片
公民凯恩,戏剧电影学部.电　　影.外国影片
卡萨布兰卡,戏剧电影学部.电　　影.外国影片
吾土吾民,戏剧电影学部.电　　影.外国影片
煤气灯下,戏剧电影学部.电　　影.外国影片
出水芙蓉,戏剧电影学部.电　　影.外国影片
失去的周末,戏剧电影学部.电　　影.外国影片
我们生活中最美好的年代,戏剧电影学部.电　　影.外国影片
君子协定,戏剧电影学部.电　　影.外国影片
慧星美人,戏剧电影学部.电　　影.外国影片
雨中曲,戏剧电影学部.电　　影.外国影片
正午,戏剧电影学部.电　　影.外国影片
罗马假日,戏剧电影学部.电　　影.外国影片
在江边,戏剧电影学部.电　　影.外国影片
无因的反抗,戏剧电影学部.电　　影.外国影片
晕眩,戏剧电影学部.电　　影.外国影片
公寓,戏剧电影学部.电　　影.外国影片
精神病患者,戏剧电影学部.电　　影.外国影片
斯巴达克思,戏剧电影学部.电　　影.外国影片
杀死一只知更鸟,戏剧电影学部.电　　影.外国影片
音乐之声,戏剧电影学部.电　　影.外国影片
日瓦戈医生,戏剧电影学部.电　　影.外国影片
邦妮和克莱德,戏剧电影学部.电　　影.外国影片
毕业生,戏剧电影学部.电　　影.外国影片
2001:太空漫游,戏剧电影学部.电　　影.外国影片
午夜牛郎,戏剧电影学部.电　　影.外国影片
逍遥骑士,戏剧电影学部.电　　影.外国影片
陆军流动外科医院,戏剧电影学部.电　　影.外国影片
屋顶上的小提琴手,戏剧电影学部.电　　影.外国影片
教父,戏剧电影学部.电　　影.外国影片
纳什维尔,戏剧电影学部.电　　影.外国影片
出租汽车司机,戏剧电影学部.电　　影.外国影片
洛奇,戏剧电影学部.电　　影.外国影片
安妮·霍尔,戏剧电影学部.电　　影.外国影片
星球大战,戏剧电影学部.电　　影.外国影片
超人,戏剧电影学部.电　　影.外国影片
现代启示录,戏剧电影学部.电　　影.外国影片
愤怒的公牛,戏剧电影学部.电　　影.外国影片
宝贝儿,戏剧电影学部.电　　影.外国影片
野战排,戏剧电影学部.电　　影.外国影片
性、谎言和录像带,戏剧电影学部.电　　影.外国影片
我心狂野,戏剧电影学部.电　　影.外国影片
巴顿·芬克,戏剧电影学部.电　　影.外国影片
辛德勒的名单,戏剧电影学部.电　　影.外国影片
阿甘正传,戏剧电影学部.电　　影.外国影片
低俗小说,戏剧电影学部.电　　影.外国影片
佩绍特,戏剧电影学部.电　　影.外国影片
蜘蛛女之吻,戏剧电影学部.电　　影.外国影片
官方说法,戏剧电影学部.电　　影.外国影片
桂河大桥,戏剧电影学部.电　　影.外国影片
蚀,戏剧电影学部.电　　影.外国影片
资产阶级审慎的魅力,戏剧电影学部.电　　影.外国影片
铁皮鼓,戏剧电影学部.电　　影.外国影片
芬妮和亚历山大,戏剧电影学部.电　　影.外国影片
征服者佩尔,戏剧电影学部.电　　影.外国影片
天堂影院,戏剧电影学部.电　　影.外国影片
蓝、白、红,戏剧电影学部.电　　影.外国影片
烈日灼人,戏剧电影学部.电　　影.外国影片
中央车站,戏剧电影学部.电　　影.外国影片
关于我母亲的一切,戏剧电影学部.电　　影.外国影片
黑暗中的舞者,戏剧电影学部.电　　影.外国影片
俄罗斯方舟,戏剧电影学部.电　　影.外国影片
商务印书馆活动影戏部,戏剧电影学部.电　　影.电影机构
天一影片公司,戏剧电影学部.电　　影.电影机构
明星影片公司,戏剧电影学部.电　　影.电影机构
联华影业公司,戏剧电影学部.电　　影.电影机构
艺华影片公司,戏剧电影学部.电　　影.电影机构
电通股份有限公司,戏剧电影学部.电　　影.电影机构
中央电影摄影场,戏剧电影学部.电　　影.电影机构
新华影业公司,戏剧电影学部.电　　影.电影机构
满洲映画协会,戏剧电影学部.电　　影.电影机构
延安电影团,戏剧电影学部.电　　影.电影机构
中国电影制片厂,戏剧电影学部.电　　影.电影机构
中华电影联合股份有限公司,戏剧电影学部.电　　影.电影机构
文华影业公司,戏剧电影学部.电　　影.电影机构
华北电影队,戏剧电影学部.电　　影.电影机构
延安电影制片厂,戏剧电影学部.电　　影.电影机构
东北电影制片厂,戏剧电影学部.电　　影.电影机构
永华影业有限公司,戏剧电影学部.电　　影.电影机构
昆仑影业公司,戏剧电影学部.电　　影.电影机构
龙马影业公司,戏剧电影学部.电　　影.电影机构
江南电影制片厂,戏剧电影学部.电　　影.电影机构
天马电影制片厂,戏剧电影学部.电　　影.电影机构
海燕电影制片厂,戏剧电影学部.电　　影.电影机构
邵氏兄弟(香港)有限公司,戏剧电影学部.电　　影.电影机构
嘉禾电影有限公司,戏剧电影学部.电　　影.电影机构
银都机构有限公司,戏剧电影学部.电　　影.电影机构
电影资料馆,戏剧电影学部.电　　影.电影机构
中国电影资料馆,戏剧电影学部.电　　影.电影机构
中国电影家协会,戏剧电影学部.电　　影.电影机构
北京电影学院,戏剧电影学部.电　　影.电影机构
松竹映画株式会社,戏剧电影学部.电　　影.电影机构
东宝映画株式会社,戏剧电影学部.电　　影.电影机构
东映映画株式会社,戏剧电影学部.电　　影.电影机构
高蒙电影公司,戏剧电影学部.电　　影.电影机构
百代电影公司,戏剧电影学部.电　　影.电影机构
兰克影片公司,戏剧电影学部.电　　影.电影机构
莫斯科电影制片厂,戏剧电影学部.电　　影.电影机构
环球影片公司,戏剧电影学部.电　　影.电影机构
米高梅影片公司,戏剧电影学部.电　　影.电影机构
派拉蒙影业公司,戏剧电影学部.电　　影.电影机构
联美影片公司,戏剧电影学部.电　　影.电影机构
华纳影片公司,戏剧电影学部.电　　影.电影机构
哥伦比亚影片公司,戏剧电影学部.电　　影.电影机构
雷电华影片公司,戏剧电影学部.电　　影.电影机构
二十世纪福克斯影片公司,戏剧电影学部.电　　影.电影机构
百花奖,戏剧电影学部.电　　影.电影奖与电影节
金鸡奖,戏剧电影学部.电　　影.电影奖与电影节
华表奖,戏剧电影学部.电　　影.电影奖与电影节
香港电影金像奖,戏剧电影学部.电　　影.电影奖与电影节
台湾电影金马奖,戏剧电影学部.电　　影.电影奖与电影节
奥斯卡奖,戏剧电影学部.电　　影.电影奖与电影节
金狮奖,戏剧电影学部.电　　影.电影奖与电影节
金棕榈奖,戏剧电影学部.电　　影.电影奖与电影节
金熊奖,戏剧电影学部.电　　影.电影奖与电影节
国际电影节,戏剧电影学部.电　　影.电影奖与电影节
威尼斯国际电影节,戏剧电影学部.电　　影.电影奖与电影节
莫斯科国际电影节,戏剧电影学部.电　　影.电影奖与电影节
戛纳国际电影节,戏剧电影学部.电　　影.电影奖与电影节
卡罗维发利国际电影节,戏剧电影学部.电　　影.电影奖与电影节
柏林国际电影节,戏剧电影学部.电　　影.电影奖与电影节
东京国际电影节,戏剧电影学部.电　　影.电影奖与电影节
上海国际电影节,戏剧电影学部.电　　影.电影奖与电影节
第七艺术的诞生,戏剧电影学部.电　　影.电影理论著作
"电影,一次心理学研究",戏剧电影学部.电　　影.电影理论著作
基本电影机器的意识形态效果,戏剧电影学部.电　　影.电影理论著作
约翰·福特的《青年林肯》,戏剧电影学部.电　　影.电影理论著作
电影美学与心理学,戏剧电影学部.电　　影.电影理论著作
电影作为艺术,戏剧电影学部.电　　影.电影理论著作
电影美学,戏剧电影学部.电　　影.电影理论著作
电影的本性,戏剧电影学部.电　　影.电影理论著作
电影是什么,戏剧电影学部.电　　影.电影理论著作
电影:语言还是言语,戏剧电影学部.电　　影.电影理论著作
想象的能指,戏剧电影学部.电　　影.电影理论著作
曲艺,戏剧电影学部.曲　　艺.一般名词
变文,戏剧电影学部.曲　　艺.一般名词
变场,戏剧电影学部.曲　　艺.一般名词
讲经文,戏剧电影学部.曲　　艺.一般名词
押座文,戏剧电影学部.曲　　艺.一般名词
赚词,戏剧电影学部.曲　　艺.一般名词
话本,戏剧电影学部.曲　　艺.一般名词
入话,戏剧电影学部.曲　　艺.一般名词
得胜头回,戏剧电影学部.曲　　艺.一般名词
新话,戏剧电影学部.曲　　艺.一般名词
公案,戏剧电影学部.曲　　艺.一般名词
铁骑儿,戏剧电影学部.曲　　艺.一般名词
烟粉,戏剧电影学部.曲　　艺.一般名词
灵怪,戏剧电影学部.曲　　艺.一般名词
传奇,戏剧电影学部.曲　　艺.一般名词
朴刀,戏剧电影学部.曲　　艺.一般名词
杆棒,戏剧电影学部.曲　　艺.一般名词
神仙,戏剧电影学部.曲　　艺.一般名词
妖术,戏剧电影学部.曲　　艺.一般名词
使砌,戏剧电影学部.曲　　艺.一般名词
说话人,戏剧电影学部.曲　　艺.一般名词
小说人,戏剧电影学部.曲　　艺.一般名词
老郎,戏剧电影学部.曲　　艺.一般名词
宝卷,戏剧电影学部.曲　　艺.一般名词
南词,戏剧电影学部.曲　　艺.一般名词
文书,戏剧电影学部.曲　　艺.一般名词
说书,戏剧电影学部.曲　　艺.一般名词
大书,戏剧电影学部.曲　　艺.一般名词
小书,戏剧电影学部.曲　　艺.一般名词
书场,戏剧电影学部.曲　　艺.一般名词
门词,戏剧电影学部.曲　　艺.一般名词
撂地,戏剧电影学部.曲　　艺.一般名词
画锅,戏剧电影学部.曲　　艺.一般名词
书篓子,戏剧电影学部.曲　　艺.一般名词
坐唱,戏剧电影学部.曲　　艺.一般名词
站唱,戏剧电影学部.曲　　艺.一般名词
走唱,戏剧电影学部.曲　　艺.一般名词
彩唱,戏剧电影学部.曲　　艺.一般名词
拆唱,戏剧电影学部.曲　　艺.一般名词
单口,戏剧电影学部.曲　　艺.一般名词
对口,戏剧电影学部.曲　　艺.一般名词
群口,戏剧电影学部.曲　　艺.一般名词
一副架,戏剧电影学部.曲　　艺.一般名词
说噱弹唱,戏剧电影学部.曲　　艺.一般名词
说学逗唱,戏剧电影学部.曲　　艺.一般名词
开篇,戏剧电影学部.曲　　艺.一般名词
开词,戏剧电影学部.曲　　艺.一般名词
书帽,戏剧电影学部.曲　　艺.一般名词
段子,戏剧电影学部.曲　　艺.一般名词
赋赞,戏剧电影学部.曲　　艺.一般名词
挂口,戏剧电影学部.曲　　艺.一般名词
册子,戏剧电影学部.曲　　艺.一般名词
蔓子活,戏剧电影学部.曲　　艺.一般名词
柁子,戏剧电影学部.曲　　艺.一般名词
关子,戏剧电影学部.曲　　艺.一般名词
扣子,戏剧电影学部.曲　　艺.一般名词
贯口,戏剧电影学部.曲　　艺.一般名词
说口,戏剧电影学部.曲　　艺.一般名词
乡谈,戏剧电影学部.曲　　艺.一般名词
变口,戏剧电影学部.曲　　艺.一般名词
说表,戏剧电影学部.曲　　艺.一般名词
说功,戏剧电影学部.曲　　艺.一般名词
起角色,戏剧电影学部.曲　　艺.一般名词
手面,戏剧电影学部.曲　　艺.一般名词
开相,戏剧电影学部.曲　　艺.一般名词
摆砌末,戏剧电影学部.曲　　艺.一般名词
八技,戏剧电影学部.曲　　艺.一般名词
爆头,戏剧电影学部.曲　　艺.一般名词
噱头,戏剧电影学部.曲　　艺.一般名词
肉里噱,戏剧电影学部.曲　　艺.一般名词
外插花,戏剧电影学部.曲　　艺.一般名词
小卖,戏剧电影学部.曲　　艺.一般名词
包袱,戏剧电影学部.曲　　艺.一般名词
一头沉,戏剧电影学部.曲　　艺.一般名词
子母哏,戏剧电影学部.曲　　艺.一般名词
批讲,戏剧电影学部.曲　　艺.一般名词
落回,戏剧电影学部.曲　　艺.一般名词
垛句,戏剧电影学部.曲　　艺.一般名词
楼上楼,戏剧电影学部.曲　　艺.一般名词
花辙,戏剧电影学部.曲　　艺.一般名词
凤点头,戏剧电影学部.曲　　艺.一般名词
会书,戏剧电影学部.曲　　艺.一般名词
醒木,戏剧电影学部.曲　　艺.一般名词
转变,戏剧电影学部.曲　　艺.曲　种
说话,戏剧电影学部.曲　　艺.曲　种
词文,戏剧电影学部.曲　　艺.曲　种
俗讲,戏剧电影学部.曲　　艺.曲　种
缘起,戏剧电影学部.曲　　艺.曲　种
俗赋,戏剧电影学部.曲　　艺.曲　种
小说,戏剧电影学部.曲　　艺.曲　种
银字儿,戏剧电影学部.曲　　艺.曲　种
讲史,戏剧电影学部.曲　　艺.曲　种
平话,戏剧电影学部.曲　　艺.曲　种
说经,戏剧电影学部.曲　　艺.曲　种
说参请,戏剧电影学部.曲　　艺.曲　种
说诨话,戏剧电影学部.曲　　艺.曲　种
陶真,戏剧电影学部.曲　　艺.曲　种
涯词,戏剧电影学部.曲　　艺.曲　种
缠令,戏剧电影学部.曲　　艺.曲　种
缠达,戏剧电影学部.曲　　艺.曲　种
唱赚,戏剧电影学部.曲　　艺.曲　种
诸宫调,戏剧电影学部.曲　　艺.曲　种
鼓子词,戏剧电影学部.曲　　艺.曲　种
诗话,戏剧电影学部.曲　　艺.曲　种
货郎儿,戏剧电影学部.曲　　艺.曲　种
词话,戏剧电影学部.曲　　艺.曲　种
鼓词,戏剧电影学部.曲　　艺.曲　种
弹词,戏剧电影学部.曲　　艺.曲　种
道情,戏剧电影学部.曲　　艺.曲　种
渔鼓,戏剧电影学部.曲　　艺.曲　种
牌子曲,戏剧电影学部.曲　　艺.曲　种
评话,戏剧电影学部.曲　　艺.曲　种
琴书,戏剧电影学部.曲　　艺.曲　种
大鼓,戏剧电影学部.曲　　艺.曲　种
莲花落,戏剧电影学部.曲　　艺.曲　种
落子,戏剧电影学部.曲　　艺.曲　种
宣卷,戏剧电影学部.曲　　艺.曲　种
滩簧,戏剧电影学部.曲　　艺.曲　种
京韵大鼓,戏剧电影学部.曲　　艺.曲　种
西河大鼓,戏剧电影学部.曲　　艺.曲　种
梅花大鼓,戏剧电影学部.曲　　艺.曲　种
京东大鼓,戏剧电影学部.曲　　艺.曲　种
子弟书,戏剧电影学部.曲　　艺.曲　种
岔曲,戏剧电影学部.曲　　艺.曲　种
单弦,戏剧电影学部.曲　　艺.曲　种
评书,戏剧电影学部.曲　　艺.曲　种
相声,戏剧电影学部.曲　　艺.曲　种
数来宝,戏剧电影学部.曲　　艺.曲　种
快板书,戏剧电影学部.曲　　艺.曲　种
北京琴书,戏剧电影学部.曲　　艺.曲　种
十不闲,戏剧电影学部.曲　　艺.曲　种
天津时调,戏剧电影学部.曲　　艺.曲　种
乐亭大鼓,戏剧电影学部.曲　　艺.曲　种
翼城琴书,戏剧电影学部.曲　　艺.曲　种
好来宝,戏剧电影学部.曲　　艺.曲　种
乌力格尔,戏剧电影学部.曲　　艺.曲　种
二人转,戏剧电影学部.曲　　艺.曲　种
东北大鼓,戏剧电影学部.曲　　艺.曲　种
八角鼓,戏剧电影学部.曲　　艺.曲　种
鼓打铃,戏剧电影学部.曲　　艺.曲　种
独角戏,戏剧电影学部.曲　　艺.曲　种
上海说唱,戏剧电影学部.曲　　艺.曲　种
苏州评话,戏剧电影学部.曲　　艺.曲　种
苏州弹词,戏剧电影学部.曲　　艺.曲　种
评弹,戏剧电影学部.曲　　艺.曲　种
扬州评话,戏剧电影学部.曲　　艺.曲　种
扬州弹词,戏剧电影学部.曲　　艺.曲　种
扬州清曲,戏剧电影学部.曲　　艺.曲　种
徐州琴书,戏剧电影学部.曲　　艺.曲　种
温州鼓词,戏剧电影学部.曲　　艺.曲　种
四明南词,戏剧电影学部.曲　　艺.曲　种
平胡调,戏剧电影学部.曲　　艺.曲　种
绍兴莲花落,戏剧电影学部.曲　　艺.曲　种
宁波走书,戏剧电影学部.曲　　艺.曲　种
小热昏,戏剧电影学部.曲　　艺.曲　种
安徽大鼓,戏剧电影学部.曲　　艺.曲　种
凤阳花鼓,戏剧电影学部.曲　　艺.曲　种
福州伬艺,戏剧电影学部.曲　　艺.曲　种
锦歌,戏剧电影学部.曲　　艺.曲　种
南音,戏剧电影学部.曲　　艺.曲　种
福州评话,戏剧电影学部.曲　　艺.曲　种
于都古文,戏剧电影学部.曲　　艺.曲　种
山东大鼓,戏剧电影学部.曲　　艺.曲　种
梨花大鼓,戏剧电影学部.曲　　艺.曲　种
胶东大鼓,戏剧电影学部.曲　　艺.曲　种
山东琴书,戏剧电影学部.曲　　艺.曲　种
山东快书,戏剧电影学部.曲　　艺.曲　种
聊城八角鼓,戏剧电影学部.曲　　艺.曲　种
三弦书,戏剧电影学部.曲　　艺.曲　种
河南坠子,戏剧电影学部.曲　　艺.曲　种
大调曲子,戏剧电影学部.曲　　艺.曲　种
湖北大鼓,戏剧电影学部.曲　　艺.曲　种
湖北小曲,戏剧电影学部.曲　　艺.曲　种
湖北渔鼓,戏剧电影学部.曲　　艺.曲　种
湖北评书,戏剧电影学部.曲　　艺.曲　种
三棒鼓,戏剧电影学部.曲　　艺.曲　种
善书,戏剧电影学部.曲　　艺.曲　种
湖南丝弦,戏剧电影学部.曲　　艺.曲　种
长沙弹词,戏剧电影学部.曲　　艺.曲　种
衡阳渔鼓,戏剧电影学部.曲　　艺.曲　种
琵琶歌,戏剧电影学部.曲　　艺.曲　种
粤曲,戏剧电影学部.曲　　艺.曲　种
木鱼歌,戏剧电影学部.曲　　艺.曲　种
龙舟歌,戏剧电影学部.曲　　艺.曲　种
粤讴,戏剧电影学部.曲　　艺.曲　种
潮州歌,戏剧电影学部.曲　　艺.曲　种
广西文场,戏剧电影学部.曲　　艺.曲　种
五句落板,戏剧电影学部.曲　　艺.曲　种
零零落,戏剧电影学部.曲　　艺.曲　种
蜂鼓,戏剧电影学部.曲　　艺.曲　种
四川扬琴,戏剧电影学部.曲　　艺.曲　种
四川清音,戏剧电影学部.曲　　艺.曲　种
四川评书,戏剧电影学部.曲　　艺.曲　种
竹琴,戏剧电影学部.曲　　艺.曲　种
金钱板,戏剧电影学部.曲　　艺.曲　种
荷叶,戏剧电影学部.曲　　艺.曲　种
四川相书,戏剧电影学部.曲　　艺.曲　种
阿苏巴底,戏剧电影学部.曲　　艺.曲　种
车灯,戏剧电影学部.曲　　艺.曲　种
贵州琴书,戏剧电影学部.曲　　艺.曲　种
嘎百福,戏剧电影学部.曲　　艺.曲　种
布依弹唱,戏剧电影学部.曲　　艺.曲　种
嘎锦,戏剧电影学部.曲　　艺.曲　种
云南扬琴,戏剧电影学部.曲　　艺.曲　种
大本曲,戏剧电影学部.曲　　艺.曲　种
赞哈,戏剧电影学部.曲　　艺.曲　种
甲苏,戏剧电影学部.曲　　艺.曲　种
哈巴,戏剧电影学部.曲　　艺.曲　种
折嘎,戏剧电影学部.曲　　艺.曲　种
喇嘛玛尼,戏剧电影学部.曲　　艺.曲　种
陕北说书,戏剧电影学部.曲　　艺.曲　种
兰州鼓子,戏剧电影学部.曲　　艺.曲　种
宴席曲,戏剧电影学部.曲　　艺.曲　种
青海平弦,戏剧电影学部.曲　　艺.曲　种
贤孝,戏剧电影学部.曲　　艺.曲　种
念说,戏剧电影学部.曲　　艺.曲　种
苛夏克,戏剧电影学部.曲　　艺.曲　种
歌仔,戏剧电影学部.曲　　艺.曲　种
答嘴鼓,戏剧电影学部.曲　　艺.曲　种
快板,戏剧电影学部.曲　　艺.曲　种
双簧,戏剧电影学部.曲　　艺.曲　种
隔壁戏,戏剧电影学部.曲　　艺.曲　种
拉洋片,戏剧电影学部.曲　　艺.曲　种
李霜涯,戏剧电影学部.曲　　艺.作家、演员、社团
董解元,戏剧电影学部.曲　　艺.作家、演员、社团
贾凫西,戏剧电影学部.曲　　艺.作家、演员、社团
罗松窗,戏剧电影学部.曲　　艺.作家、演员、社团
韩小窗,戏剧电影学部.曲　　艺.作家、演员、社团
鹤侣,戏剧电影学部.曲　　艺.作家、演员、社团
陈瑞生,戏剧电影学部.曲　　艺.作家、演员、社团
文溆,戏剧电影学部.曲　　艺.作家、演员、社团
孔三传,戏剧电影学部.曲　　艺.作家、演员、社团
张山人,戏剧电影学部.曲　　艺.作家、演员、社团
张五牛,戏剧电影学部.曲　　艺.作家、演员、社团
柳敬亭,戏剧电影学部.曲　　艺.作家、演员、社团
王周士,戏剧电影学部.曲　　艺.作家、演员、社团
浦琳,戏剧电影学部.曲　　艺.作家、演员、社团
邹必显,戏剧电影学部.曲　　艺.作家、演员、社团
陈遇乾,戏剧电影学部.曲　　艺.作家、演员、社团
俞秀山,戏剧电影学部.曲　　艺.作家、演员、社团
石玉昆,戏剧电影学部.曲　　艺.作家、演员、社团
穷不怕,戏剧电影学部.曲　　艺.作家、演员、社团
马三峰,戏剧电影学部.曲　　艺.作家、演员、社团
马如飞,戏剧电影学部.曲　　艺.作家、演员、社团
何老凤,戏剧电影学部.曲　　艺.作家、演员、社团
随缘乐,戏剧电影学部.曲　　艺.作家、演员、社团
双厚坪,戏剧电影学部.曲　　艺.作家、演员、社团
德寿山,戏剧电影学部.曲　　艺.作家、演员、社团
程鸿飞,戏剧电影学部.曲　　艺.作家、演员、社团
朱化麟,戏剧电影学部.曲　　艺.作家、演员、社团
刘宝全,戏剧电影学部.曲　　艺.作家、演员、社团
金万昌,戏剧电影学部.曲　　艺.作家、演员、社团
潘诚立,戏剧电影学部.曲　　艺.作家、演员、社团
白云鹏,戏剧电影学部.曲　　艺.作家、演员、社团
张小轩,戏剧电影学部.曲　　艺.作家、演员、社团
焦德海,戏剧电影学部.曲　　艺.作家、演员、社团
万人迷,戏剧电影学部.曲　　艺.作家、演员、社团
荣剑尘,戏剧电影学部.曲　　艺.作家、演员、社团
黄兆麟,戏剧电影学部.曲　　艺.作家、演员、社团
陈士和,戏剧电影学部.曲　　艺.作家、演员、社团
程喜发,戏剧电影学部.曲　　艺.作家、演员、社团
王少堂,戏剧电影学部.曲　　艺.作家、演员、社团
常澍田,戏剧电影学部.曲　　艺.作家、演员、社团
谢大玉,戏剧电影学部.曲　　艺.作家、演员、社团
陈春生,戏剧电影学部.曲　　艺.作家、演员、社团
王无能,戏剧电影学部.曲　　艺.作家、演员、社团
王尊三,戏剧电影学部.曲　　艺.作家、演员、社团
贾树三,戏剧电影学部.曲　　艺.作家、演员、社团
邓九如,戏剧电影学部.曲　　艺.作家、演员、社团
赵玉峰,戏剧电影学部.曲　　艺.作家、演员、社团
商业兴,戏剧电影学部.曲　　艺.作家、演员、社团
周玉泉,戏剧电影学部.曲　　艺.作家、演员、社团
许继祥,戏剧电影学部.曲　　艺.作家、演员、社团
夏荷生,戏剧电影学部.曲　　艺.作家、演员、社团
张寿臣,戏剧电影学部.曲　　艺.作家、演员、社团
舒三和,戏剧电影学部.曲　　艺.作家、演员、社团
霍树棠,戏剧电影学部.曲　　艺.作家、演员、社团
徐云志,戏剧电影学部.曲　　艺.作家、演员、社团
王秉诚,戏剧电影学部.曲　　艺.作家、演员、社团
琶杰,戏剧电影学部.曲　　艺.作家、演员、社团
李德才,戏剧电影学部.曲　　艺.作家、演员、社团
李青山,戏剧电影学部.曲　　艺.作家、演员、社团
毛依罕,戏剧电影学部.曲　　艺.作家、演员、社团
刘天韵,戏剧电影学部.曲　　艺.作家、演员、社团
熊飞影,戏剧电影学部.曲　　艺.作家、演员、社团
韩起祥,戏剧电影学部.曲　　艺.作家、演员、社团
白凤鸣,戏剧电影学部.曲　　艺.作家、演员、社团
乔清秀,戏剧电影学部.曲　　艺.作家、演员、社团
小明星,戏剧电影学部.曲　　艺.作家、演员、社团
靳文然,戏剧电影学部.曲　　艺.作家、演员、社团
骆玉笙,戏剧电影学部.曲　　艺.作家、演员、社团
马三立,戏剧电影学部.曲　　艺.作家、演员、社团
花四宝,戏剧电影学部.曲　　艺.作家、演员、社团
高元钧,戏剧电影学部.曲　　艺.作家、演员、社团
侯宝林,戏剧电影学部.曲　　艺.作家、演员、社团
蒋月泉,戏剧电影学部.曲　　艺.作家、演员、社团
常宝堃,戏剧电影学部.曲　　艺.作家、演员、社团
徐丽仙,戏剧电影学部.曲　　艺.作家、演员、社团
马季,戏剧电影学部.曲　　艺.作家、演员、社团
韩永禄,戏剧电影学部.曲　　艺.作家、演员、社团
白凤岩,戏剧电影学部.曲　　艺.作家、演员、社团
卢成科,戏剧电影学部.曲　　艺.作家、演员、社团
雄辩社,戏剧电影学部.曲　　艺.作家、演员、社团
遏云社,戏剧电影学部.曲　　艺.作家、演员、社团
光裕社,戏剧电影学部.曲　　艺.作家、演员、社团
润余社,戏剧电影学部.曲　　艺.作家、演员、社团
伍子胥变文,戏剧电影学部.曲　　艺.作品、论著
王昭君变文,戏剧电影学部.曲　　艺.作品、论著
汉将王陵变,戏剧电影学部.曲　　艺.作品、论著
大目乾连冥间救母变文,戏剧电影学部.曲　　艺.作品、论著
张义潮变文,戏剧电影学部.曲　　艺.作品、论著
董永变文,戏剧电影学部.曲　　艺.作品、论著
一枝花语,戏剧电影学部.曲　　艺.作品、论著
韩擒虎话本,戏剧电影学部.曲　　艺.作品、论著
庐山远公话,戏剧电影学部.曲　　艺.作品、论著
秋胡小说,戏剧电影学部.曲　　艺.作品、论著
叶净能诗,戏剧电影学部.曲　　艺.作品、论著
大汉三年季布骂阵词文,戏剧电影学部.曲　　艺.作品、论著
捉季布传文,戏剧电影学部.曲　　艺.作品、论著
韩朋赋,戏剧电影学部.曲　　艺.作品、论著
燕子赋,戏剧电影学部.曲　　艺.作品、论著
圆社市语,戏剧电影学部.曲　　艺.作品、论著
元微之崔莺莺商调蝶恋花词,戏剧电影学部.曲　　艺.作品、论著
宣和遗事,戏剧电影学部.曲　　艺.作品、论著
新编五代史平话,戏剧电影学部.曲　　艺.作品、论著
全相平话五种,戏剧电影学部.曲　　艺.作品、论著
武王伐纣平话,戏剧电影学部.曲　　艺.作品、论著
三国志平话,戏剧电影学部.曲　　艺.作品、论著
西厢记诸宫调,戏剧电影学部.曲　　艺.作品、论著
董西厢,戏剧电影学部.曲　　艺.作品、论著
刘知远诸宫调,戏剧电影学部.曲　　艺.作品、论著
天宝遗事诸宫调,戏剧电影学部.曲　　艺.作品、论著
大唐三藏取经诗话,戏剧电影学部.曲　　艺.作品、论著
明成化刊本说唱词话,戏剧电影学部.曲　　艺.作品、论著
花关索传,戏剧电影学部.曲　　艺.作品、论著
历代史略十段锦词话,戏剧电影学部.曲　　艺.作品、论著
廿一史弹词,戏剧电影学部.曲　　艺.作品、论著
大唐秦王词话,戏剧电影学部.曲　　艺.作品、论著
木皮散人鼓词,戏剧电影学部.曲　　艺.作品、论著
隋唐,戏剧电影学部.曲　　艺.作品、论著
金枪传,戏剧电影学部.曲　　艺.作品、论著
五虎平西,戏剧电影学部.曲　　艺.作品、论著
精忠传,戏剧电影学部.曲　　艺.作品、论著
榴花梦,戏剧电影学部.曲　　艺.作品、论著
龙图公案,戏剧电影学部.曲　　艺.作品、论著
义妖传,戏剧电影学部.曲　　艺.作品、论著
珍珠塔,戏剧电影学部.曲　　艺.作品、论著
玉蜻蜓,戏剧电影学部.曲　　艺.作品、论著
描金凤,戏剧电影学部.曲　　艺.作品、论著
三笑,戏剧电影学部.曲　　艺.作品、论著
落金扇,戏剧电影学部.曲　　艺.作品、论著
双金锭,戏剧电影学部.曲　　艺.作品、论著
双玉杯,戏剧电影学部.曲　　艺.作品、论著
十美图,戏剧电影学部.曲　　艺.作品、论著
双珠凤,戏剧电影学部.曲　　艺.作品、论著
玉夔龙,戏剧电影学部.曲　　艺.作品、论著
大红袍,戏剧电影学部.曲　　艺.作品、论著
果报录,戏剧电影学部.曲　　艺.作品、论著
杨乃武与小白菜,戏剧电影学部.曲　　艺.作品、论著
天雨花,戏剧电影学部.曲　　艺.作品、论著
再生缘,戏剧电影学部.曲　　艺.作品、论著
笔生花,戏剧电影学部.曲　　艺.作品、论著
庚子国变弹词,戏剧电影学部.曲　　艺.作品、论著
呼家将,戏剧电影学部.曲　　艺.作品、论著
龙凤金钗传,戏剧电影学部.曲　　艺.作品、论著
三下南唐,戏剧电影学部.曲　　艺.作品、论著
英雄天宝图,戏剧电影学部.曲　　艺.作品、论著
丝绒记,戏剧电影学部.曲　　艺.作品、论著
土地宝卷,戏剧电影学部.曲　　艺.作品、论著
香山宝卷,戏剧电影学部.曲　　艺.作品、论著
沉香宝卷,戏剧电影学部.曲　　艺.作品、论著
药王宝卷,戏剧电影学部.曲　　艺.作品、论著
蓝关宝卷,戏剧电影学部.曲　　艺.作品、论著
一餐饭宝卷,戏剧电影学部.曲　　艺.作品、论著
清风闸,戏剧电影学部.曲　　艺.作品、论著
飞跎传,戏剧电影学部.曲　　艺.作品、论著
张文祥刺马,戏剧电影学部.曲　　艺.作品、论著
二荷花史,戏剧电影学部.曲　　艺.作品、论著
花笺记,戏剧电影学部.曲　　艺.作品、论著
背解红罗,戏剧电影学部.曲　　艺.作品、论著
温凉宝盏,戏剧电影学部.曲　　艺.作品、论著
玉钏缘,戏剧电影学部.曲　　艺.作品、论著
灵泉洞,戏剧电影学部.曲　　艺.作品、论著
刘巧团圆,戏剧电影学部.曲　　艺.作品、论著
一定要把淮河修好,戏剧电影学部.曲　　艺.作品、论著
清平山堂话本,戏剧电影学部.曲　　艺.作品、论著
霓裳续谱,戏剧电影学部.曲　　艺.作品、论著
白雪遗音,戏剧电影学部.曲　　艺.作品、论著
粤讴,戏剧电影学部.曲　　艺.作品、论著
南词小引初集,戏剧电影学部.曲　　艺.作品、论著
敦煌变文集,戏剧电影学部.曲　　艺.作品、论著
聊斋俚曲集,戏剧电影学部.曲　　艺.作品、论著
山东快书武松传,戏剧电影学部.曲　　艺.作品、论著
醉翁谈录,戏剧电影学部.曲　　艺.作品、论著
中国俗文学史,戏剧电影学部.曲　　艺.作品、论著
宋元明讲唱文学,戏剧电影学部.曲　　艺.作品、论著
说书史话,戏剧电影学部.曲　　艺.作品、论著
弹词叙录,戏剧电影学部.曲　　艺.作品、论著
中国俗曲总目稿,戏剧电影学部.曲　　艺.作品、论著
北京传统曲艺总录,戏剧电影学部.曲　　艺.作品、论著
子弟书总目,戏剧电影学部.曲　　艺.作品、论著
弹词宝卷书目,戏剧电影学部.曲　　艺.作品、论著
杂技,戏剧电影学部.杂　　技.一般名词
寻橦,戏剧电影学部.杂　　技.节　目
冲狭,戏剧电影学部.杂　　技.节　目
燕濯,戏剧电影学部.杂　　技.节　目
跳丸,戏剧电影学部.杂　　技.节　目
走索,戏剧电影学部.杂　　技.节　目
戏法,戏剧电影学部.杂　　技.节　目
魔术,戏剧电影学部.杂　　技.节　目
幻术,戏剧电影学部.杂　　技.节　目
手技,戏剧电影学部.杂　　技.节　目
顶技,戏剧电影学部.杂　　技.节　目
杂耍,戏剧电影学部.杂　　技.节　目
口技,戏剧电影学部.杂　　技.节　目
蹬技,戏剧电影学部.杂　　技.节　目
飞叉,戏剧电影学部.杂　　技.节　目
晃板,戏剧电影学部.杂　　技.节　目
吊子,戏剧电影学部.杂　　技.节　目
秋千飞人,戏剧电影学部.杂　　技.节　目
耍花坛,戏剧电影学部.杂　　技.节　目
抖空竹,戏剧电影学部.杂　　技.节　目
爬竿,戏剧电影学部.杂　　技.节　目
走钢丝,戏剧电影学部.杂　　技.节　目
钻圈,戏剧电影学部.杂　　技.节　目
绳技,戏剧电影学部.杂　　技.节　目
转碟,戏剧电影学部.杂　　技.节　目
车技,戏剧电影学部.杂　　技.节　目
水火流星,戏剧电影学部.杂　　技.节　目
飞车走壁,戏剧电影学部.杂　　技.节　目
马戏,戏剧电影学部.杂　　技.节　目
猴戏,戏剧电影学部.杂　　技.节　目
杂技与魔术,戏剧电影学部.杂　　技.其　他
中国杂技史,戏剧电影学部.杂　　技.其　他
中国杂技家协会,戏剧电影学部.杂　　技.其　他
中国杂技团,戏剧电影学部.杂　　技.其　他
中国吴桥国际杂技艺术节,戏剧电影学部.杂　　技.其　他
蒙特卡洛国际杂技节,戏剧电影学部.杂　　技.其　他
上海马戏学校,戏剧电影学部.杂　　技.其　他
法国明日国际杂技节,戏剧电影学部.杂　　技.其　他
