project,release_time,category,reporting_region_or_unit,intro,level,tokens,minoritie
祭寨神林,第三批,民俗,云南省元阳县,祭寨神林是哈尼族每年春耕开始前一般在一月中旬举行的一种祭祀活动祈求来年风调雨顺五谷丰登人畜平安。祭寨神林广泛流传于云南省哈尼族村落。元阳县各乡镇的祭寨神林是所有哈尼族村落最隆重的节庆大典。祭寨神林源远流长但各地祭寨神林的节期略有不同。元阳县哈播村一带的祭寨神林从农历腊月第一个辰龙日开始延续到午马日节期为三天。节日第一天清扫寨子杀鸡、舂糯米粑粑、染三色鸭蛋。由德高望重的寨老带领数名家道兴旺品行端正的男子杀牲祭祀寨神林。祭祀牺牲按全村家庭平均分配家庭成员和禽畜都必须尝一口还必须拌进五谷种子里。第二和第三天摆长街宴通宵达旦吟唱古老的哈吧古歌老人向子孙后代讲述祖先迁徙的历史、传授安身立命的伦理道德、梯田耕作的技术对每一个村民一年来的德行作出评价。哈尼族有一句话叫做不唱哈吧寨子不安宁不跳棕扇舞人丁不安康不跳铓鼓舞谷穗不饱满不跳乐作舞禽畜不兴旺节日期间山寨一派歌舞升平的景象。祭寨神林展现了哈尼族传统文化特别是其太阳历法和物候历法、创世迁徙史诗和叙事长诗、音乐舞蹈等文化要素其次祭寨神林充分体现了哈尼族体察天意、顺应自然以及追求天人和谐的世界观其三祭寨神林是春耕备耕的序曲全面彰显了哈尼族山区梯田耕作的礼仪、技术、禁忌等知识系统。随着时代的发展祭寨神林出现规模越来越大、影响越来越广的趋势但其中的传统史诗、知识、技术和价值观的传承却日渐淡化急需加以保护。,国家级,祭寨神林\是\哈尼族\每年\春耕\开始\前\一般\在\一月\中旬\举行\的\一种\祭祀\活动\祈求\来\年\风调雨顺\五谷丰登\人\畜\平安\。\祭寨神林\广泛\流传\于\云南省\哈尼族\村落\。\元阳县\各乡镇\的\祭寨神林\是\所有\哈尼族\村落\最\隆重\的\节庆\大典\。\祭寨神林\源远流长\但\各地\祭寨神林\的\节期\略有不同\。\元阳县\哈播\村\一带\的\祭寨神林\从\农历\腊月\第一个\辰龙\日\开始\延续\到\午马\日\节期\为\三天\。\节日\第一天\清扫\寨子\杀鸡\、\舂\糯米\粑\粑\、\染三色\鸭蛋\。\由\德高望重\的\寨\老\带领\数\名家\道\兴旺\品行端正\的\男子\杀牲\祭祀\寨\神林\。\祭祀\牺牲\按\全村\家庭\平均分配\家庭成员\和\禽畜\都\必须\尝\一口\还\必须\拌\进\五谷\种子\里\。\第二\和\第三天\摆\长街\宴\通宵达旦\吟唱\古老\的\哈\吧\古歌\老人\向\子孙后代\讲述\祖先\迁徙\的\历史\、\传授\安身立命\的\伦理道德\、\梯田\耕作\的\技术\对\每\一个\村民\一年\来\的\德行\作出评价\。\哈尼族\有\一句\话\叫做\不唱哈\吧\寨子\不安宁\不\跳\棕扇舞\人丁\不\安康\不\跳\铓鼓舞\谷穗\不\饱满\不\跳\乐作舞\禽畜\不\兴旺\节日期间\山寨\一派\歌舞升平\的\景象\。\祭寨神林\展现\了\哈尼族\传统文化\特别\是\其\太阳\历法\和\物候\历法\、\创世\迁徙\史诗\和\叙事\长诗\、\音乐舞蹈\等\文化要素\其次\祭寨神林\充分体现\了\哈尼族\体察\天意\、\顺应\自然\以及\追求\天\人\和谐\的\世界观\其三\祭寨神林\是\春耕\备耕\的\序曲\全面\彰显\了\哈尼族\山区\梯田\耕作\的\礼仪\、\技术\、\禁忌\等\知识\系统\。\随着\时代\的\发展\祭寨神林\出现\规模\越来越\大\、\影响\越来越\广\的\趋势\但\其中\的\传统\史诗\、\知识\、\技术\和\价值观\的\传承\却\日渐\淡化\急需\加以\保护\。,哈尼族
大理三月街,第二批,民俗,云南省大理市,大理三月街是白族人民盛大的传统节日主要活动地在云南省大理白族自治州大理市大理古城。它始于唐代永徽年间系由庙会演变而成其产生与佛教在大理的传播有着密切的关系。三月街街期为七天从农历三月十五日开始至二十一日结束。每年赶赴三月街的人数以百万计全国各地及海外都有人参加。三月街期间开展丰富多彩的民族文体活动同时进行物资交易和文化交流。大理三月街除保留有传统的药材、大牲畜、日用百货交易外还新辟出洋人街和地方民族食品一条街又增设了珠宝玉器、电脑产品等交易市场扩大了地方名特优新产品的销售规模。三月街期间大理古城张灯结彩装饰一新街市上搭出花山各家各户也在门前放置花木将集风花雪月自然风光和人文景象为一体的大理装饰成娱乐的世界、商贸的海洋。人们既可以赶街购货又可以在街旁的山坡、广场和集市里参与山歌对唱、民族器乐演奏、灯展、花展、民族服饰表演及射弩、秋千、摔跤、赛马、龙舟、民族歌舞比赛等异彩纷呈的文体活动。三月街集白族民俗、宗教、经济文化交流于一体在大理白族经济、文化、民俗及宗教发展史等的研究中具有不可替代的参考价值。,国家级,大理三月街\是\白族\人民\盛大\的\传统节日\主要\活动\地\在\云南省\大理白族自治州\大理市\大理\古城\。\它\始于\唐代\永徽\年间\系\由\庙会\演变\而成\其\产生\与\佛教\在\大理\的\传播\有着\密切\的\关系\。\三月街\街期\为\七天\从\农历\三月\十五日\开始\至\二十一日\结束\。\每年\赶赴\三月街\的\人\数以百万计\全国\各地\及\海外\都\有人\参加\。\三月街\期间\开展\丰富多彩\的\民族\文体活动\同时\进行\物资\交易\和\文化交流\。\大理三月街\除\保留\有\传统\的\药材\、\大牲畜\、\日用百货\交易\外\还\新辟\出\洋人街\和\地方\民族\食品\一条街\又\增设\了\珠宝\玉器\、\电脑产品\等\交易市场\扩大\了\地方\名特优新\产品\的\销售\规模\。\三月街\期间\大理\古城\张灯结彩\装饰一新\街市\上\搭\出\花山\各家各户\也\在\门前\放置\花木\将集\风花雪月\自然风光\和\人文\景象\为\一体\的\大理\装饰\成\娱乐\的\世界\、\商贸\的\海洋\。\人们\既\可以\赶街\购货\又\可以\在\街\旁\的\山坡\、\广场\和\集市\里\参与\山歌\对唱\、\民族\器乐\演奏\、\灯展\、\花展\、\民族服饰\表演\及\射弩\、\秋千\、\摔跤\、\赛马\、\龙舟\、\民族\歌舞\比赛\等\异彩纷呈\的\文体活动\。\三月街\集\白族\民俗\、\宗教\、\经济\文化交流\于\一体\在\大理\白族\经济\、\文化\、\民俗\及\宗教\发展史\等\的\研究\中\具有\不可\替代\的\参考价值\。,白族
石宝山歌会,第二批,民俗,云南省剑川县,石宝山歌会是白族地区盛大的民族传统节日流传至今已有上千年的历史。歌会于每年农历的七月二十七至八月初一在云南大理州剑川县石宝山举行届时来自剑川、洱源、丽江、大理、兰坪等地的白族群众聚集一处弹弦对调以歌觅偶同时还可到各寺庙烧香拜佛参加阿吒力佛教法事、白族地区中央本主及石雕女阴阿央白朝拜等民俗活动。歌会以即兴对歌为主把弹弦唱曲、求神拜佛、本主崇拜、以歌觅偶等活动融合在一起显示出多元文化和谐共处的特征。石宝山歌会是白族歌谣诞生的摇篮和发展传播的基地它充分展示了白族群众的创作天才为人类学、民族学、历史学、考古学、美学等学科提供了珍贵的研究资料。,国家级,石宝山歌会\是\白族\地区\盛大\的\民族\传统节日\流传\至今已有\上千年\的\历史\。\歌会\于\每年\农历\的\七月\二十七\至\八月\初一\在\云南\大理州\剑川县\石\宝山\举行\届时\来自\剑川\、\洱源\、\丽江\、\大理\、\兰坪\等\地\的\白族\群众\聚集\一处\弹弦\对调\以歌\觅\偶\同时\还\可\到\各\寺庙\烧香拜佛\参加\阿吒力\佛教\法事\、\白族\地区\中央\本主\及\石雕\女阴\阿央白\朝拜\等\民俗\活动\。\歌会\以\即兴\对歌\为主\把\弹\弦\唱曲\、\求神拜佛\、\本主\崇拜\、\以歌\觅\偶\等\活动\融合\在\一起\显示\出\多元\文化\和谐\共处\的\特征\。\石宝山歌会\是\白族\歌谣\诞生\的\摇篮\和\发展\传播\的\基地\它\充分\展示\了\白族\群众\的\创作\天才\为\人类学\、\民族学\、\历史学\、\考古学\、\美学\等\学科\提供\了\珍贵\的\研究\资料\。,白族
抬阁通海高台,第三批,民俗,云南省通海县,通海高台是在云南省通海县传统节庆民俗活动中保留的一种抬阁表演形式。明清时军屯移民将粤、闽等省的抬阁和飘色传到云南。清道光二十二年四月二十七日立的《高台会碑》记载原通海、河西今通海县辖镇两县迎高台兴起于清乾隆年间从七街今通海县辖镇开始流传至河西城、通海城以及各村落。清嘉庆、道光年间七街、通海县城、河西县城、四街、杨广今通海县辖镇相继成立了高台会传承至今。高台巡游多在每年农历正月十六日举行称做迎高台。一般年份有十二台闰年有十三台。制作高台手艺的难点是做到不露筋骨。所谓筋骨指的是支撑整个舞台的铁杆。做到顺乎自然、天衣无缝是高台艺人的绝活。高台是一个流动舞台一台高台就是一出戏。经过挑选并训练过的四至五岁孩子装扮各种角色表现的内容多为戏曲故事。高台巡游有吹打乐伴随还有毛驴灯、龙灯等民俗表演。该项目对于继承中华民族优良传统增强社区凝聚力具有重要意义亦有民俗学、艺术学、历史学研究价值。,国家级,通海\高台\是\在\云南省\通海县\传统\节庆\民俗\活动\中\保留\的\一种\抬阁\表演\形式\。\明清\时\军屯\移民\将\粤\、\闽\等\省\的\抬阁\和\飘色\传到\云南\。\清道光\二十二年\四月\二十七日\立\的\《\高台\会碑\》\记载\原\通海\、\河西\今\通海县\辖\镇\两县\迎\高台\兴起\于\清\乾隆年间\从七街\今\通海县\辖\镇\开始\流传\至\河西\城\、\通\海城\以及\各\村落\。\清嘉庆\、\道光\年间\七街\、\通海县\城\、\河西\县城\、\四街\、\杨广今\通海县\辖\镇\相继\成立\了\高台\会\传承\至今\。\高台\巡游\多\在\每年\农历\正月\十六日\举行\称做\迎\高台\。\一般\年份\有\十二\台\闰年\有\十三\台\。\制作\高台\手艺\的\难点\是\做到\不\露\筋骨\。\所谓\筋骨\指\的\是\支撑\整个\舞台\的\铁杆\。\做到\顺乎自然\、\天衣无缝\是\高台\艺人\的\绝活\。\高台\是\一个\流动\舞台\一台\高台\就是\一出戏\。\经过\挑选\并\训练\过\的\四至\五岁\孩子\装扮\各种\角色\表现\的\内容\多为\戏曲\故事\。\高台\巡游\有\吹打乐\伴随\还有\毛驴\灯\、\龙灯\等\民俗\表演\。\该\项目\对于\继承\中华民族\优良传统\增强\社区\凝聚力\具有\重要\意义\亦\有\民俗学\、\艺术学\、\历史学\研究\价值\。,
德昂族浇花节,第二批,民俗,云南省德宏傣族景颇族自治州,浇花节是德昂族一年一度的传统佳节主要流传于云南省德宏傣族景颇族自治州的德昂族民众中。浇花节从清明节后第七天开始前后历时三天。节日的第一天德昂族群众都会穿起节日盛装背上从井里打来的清水带着早已准备好的食物手捧鲜花汇集到本寨的奘房中。节日仪式由寨内的长老主持仪式过程中男青年敲响象脚鼓女青年和着鼓点跳起堆沙舞其他群众则身背精致的小花篮手捧竹水筒举过头顶依次往水龙槽里倒水为佛像冲浴以祈来年风调雨顺。仪式过后人们将带来的食物摆到佛像前的供盘中齐声朗诵祭词然后尽情品尝各种食物。食毕排成长队以象脚鼓队为前导翻山越岭来到井旁或泉边取水。每次取水都很讲究要举行取水供物仪式男女青年还要进行传烟、对歌、赛舞等文艺表演。浇花节是德昂族文化的结晶它涉及德昂族的宗教礼仪、民间歌舞、民间工艺、婚姻习俗和传统饮食等多方面内容具有十分丰富的民族文化内涵。,国家级,浇花\节是\德昂族\一年一度\的\传统\佳节\主要\流传\于\云南省德宏傣族景颇族自治州\的\德昂族\民众\中\。\浇花\节\从\清明节\后\第七天\开始\前后\历时\三天\。\节日\的\第一天\德昂族\群众\都\会\穿\起\节日\盛装\背上\从井里\打来\的\清水\带\着\早已\准备\好\的\食物\手\捧\鲜花\汇集\到\本寨\的\奘\房中\。\节日\仪式\由寨\内\的\长老\主持\仪式\过程\中\男青年\敲响\象脚鼓\女\青年\和\着\鼓点\跳起\堆\沙舞\其他\群众\则\身背\精致\的\小\花篮\手捧竹\水筒\举\过\头顶\依次\往\水龙\槽\里\倒水\为\佛像\冲浴\以\祈来\年\风调雨顺\。\仪式\过后\人们\将\带来\的\食物\摆\到\佛像\前\的\供\盘中\齐声\朗诵\祭词\然后\尽情\品尝\各种\食物\。\食毕\排成\长队\以\象脚鼓\队为\前导\翻山越岭\来到\井旁\或泉边\取水\。\每次\取水\都\很\讲究\要\举行\取水\供物\仪式\男女\青年\还要\进行\传烟\、\对歌\、\赛舞\等\文艺表演\。\浇花\节是\德昂族\文化\的\结晶\它\涉及\德昂族\的\宗教\礼仪\、\民间\歌舞\、\民间工艺\、\婚姻\习俗\和\传统\饮食\等\多方面\内容\具有\十分\丰富\的\民族文化\内涵\。,德昂族
苗族服饰昌宁苗族服饰,第一批,民俗,云南省保山市,昌宁苗族服饰流传于云南省保山市昌宁县街乡的苗族村寨。其原料主要为当地生产的火麻土布。当地苗族人民将火麻剥出的麻丝用手摇机纺成线再用土布机织成火麻土布。苗族妇女们根据自己的爱好和想象在麻布缝制成的衣裙上缝出各种图案抒写出自己的梦想与渴望。一套完整的苗族妇女盛装包括包头、上衣、披肩、围腰、腰带、短褶裙等大小十八件套被形象地称作十八一朵花。用色大胆是昌宁苗族服饰的显著特点其色调以红、黄、橙、白为主并以刺绣取胜。昌宁苗族服饰有着极其独特的历史内涵和文化意蕴伴随着服饰工艺而产生的《种麻纺织调》、《纺织调》、《刺绣调》等是中华民族口述文学中的瑰宝。从昌宁服饰可以追溯苗族历史的发展进程和文化沉积由此折射出苗族在与自然的抗争中对世界的认识。昌宁苗族服饰集中反映了苗族的价值观和审美意识。,国家级,昌宁\苗族\服饰\流传\于\云南省\保山市\昌宁县\街乡\的\苗族\村寨\。\其\原料\主要\为\当地\生产\的\火麻\土布\。\当地\苗族\人民\将\火麻\剥出\的\麻丝用\手摇\机\纺成\线\再\用\土布\机\织成\火麻\土布\。\苗族\妇女\们\根据\自己\的\爱好\和\想象\在\麻布\缝制成\的\衣裙\上缝\出\各种\图案\抒写\出\自己\的\梦想\与\渴望\。\一套\完整\的\苗族\妇女\盛装\包括\包头\、\上衣\、\披肩\、\围腰\、\腰带\、\短\褶裙\等\大小\十八件\套\被\形象\地\称作\十八\一朵花\。\用\色\大胆\是\昌宁\苗族\服饰\的\显著特点\其\色调\以红\、\黄\、\橙\、\白\为主\并\以\刺绣\取胜\。\昌宁\苗族\服饰\有着\极其\独特\的\历史\内涵\和\文化\意蕴\伴随\着\服饰\工艺\而\产生\的\《\种\麻纺织\调\》\、\《\纺织\调\》\、\《\刺绣\调\》\等\是\中华民族\口述\文学\中\的\瑰宝\。\从\昌宁\服饰\可以\追溯\苗族\历史\的\发展\进程\和\文化\沉积\由此\折射出\苗族\在\与\自然\的\抗争\中\对\世界\的\认识\。\昌宁\苗族\服饰\集中反映\了\苗族\的\价值观\和\审美意识\。,苗族
白族绕三灵,第一批,民俗,云南省大理白族自治州,大理白族绕三灵白族称为观上览流传于云南省大理白族自治州苍山洱海周边地区的白族村寨迄今已有一千多年。每年农历四月二十三日至二十五日刚好是种植水稻的农忙节令之前又恰值天气和煦山川秀丽生活在苍山洱海一带数百个村庄的白族民众不分男女都插花戴朵身着节日盛装。他们以村庄为单位几十人至上百人不等成群结队携带祭祀用具和简单的行李以及食品、炊具等从四面八方赴会。人们满怀热情希望通过自己虔诚的祭拜使今年风调雨顺秋后五谷丰登也祈祷阖家平安。绕三灵队伍分为三部分前导为一男一女有时也为两男或两女两位手执柳树枝和牛尾的老人称花柳树老人中部除了吹笛子的一人外还有手执霸王鞭、金钱鼓的男女舞者数十人队尾则由吹树叶的一人和数十位亦歌亦舞、手执扇子或草帽的妇女组成排成一字长蛇阵在花柳树老人的带领下于农历四月二十三日早晨聚集到大理古城城隍庙点燃香烛准备行装。当日来自四方的白族群众从城隍庙出发一股股一队队一路载歌载舞沿着点苍山麓向北先到矗立着唐代三塔的佛都崇圣寺燃香祭拜继而又迤逦北行约公里到达苍山五台峰下的朝阳村本主庙祭拜抚民皇帝本主称为南朝拜再往北到庆洞村祭拜神都的庆洞本主庙称为北朝拜。人们认为神都所供奉的是大理地区最大的本主五百神王段宗榜。然后在寺院内外场地打霸王鞭和金钱鼓跳扇子舞、唱白族调子傍晚在神都周围埋锅造饭当晚即夜宿庆洞庙宇和四周野地树林中。人们尽情歌舞通宵达旦热闹非常使这里成为绕三灵活动的中心场所。四月二十四日祭拜象征洱海之神的斩蟒英雄段赤诚本主。四月二十五日到大理城北洱海边的马久邑村祭拜这里的本主保安景帝。在这天里绕三灵的人们要行走四十多公里路程吹吹打打载歌载舞对歌应答。绕三灵传承历史久远群众基础深厚活动规模庞大巡游空间广阔体现出白族在文化上的包容吸纳能力和高度的创新精神。它对强化文化认同感增强白族凝聚力有很强的现实作用已成为白族文化最有标志意义的象征之一。,国家级,大理\白族绕三灵\白族\称为\观上览\流传\于\云南省\大理白族自治州\苍山\洱海\周边地区\的\白族\村寨\迄今已有\一千多年\。\每年\农历\四月\二十三日\至\二十五日\刚好\是\种植\水稻\的\农忙\节令\之前\又\恰值\天气\和煦\山川\秀丽\生活\在\苍山\洱海\一带\数百个\村庄\的\白族\民众\不\分\男女\都\插花\戴朵\身着\节日\盛装\。\他们\以\村庄\为\单位\几十人\至\上百人\不等\成群结队\携带\祭祀\用具\和\简单\的\行李\以及\食品\、\炊具\等\从\四面八方\赴\会\。\人们\满怀\热情\希望\通过\自己\虔诚\的\祭拜\使\今年\风调雨顺\秋后\五谷丰登\也\祈祷\阖家\平安\。\绕三灵\队伍\分为\三\部分\前导\为\一男一女\有时\也\为\两\男\或\两女\两位\手执\柳\树枝\和\牛尾\的\老人\称花\柳树\老人\中部\除了\吹\笛子\的\一人外\还有\手执\霸王鞭\、\金钱\鼓\的\男女\舞者\数十\人队\尾\则\由\吹\树叶\的\一人\和\数十位\亦\歌亦舞\、\手执\扇子\或\草帽\的\妇女\组成\排成\一字\长蛇阵\在\花\柳树\老人\的\带领\下于\农历\四月\二十三日\早晨\聚集\到\大理\古城\城隍庙\点燃\香烛\准备\行装\。\当日\来自\四方\的\白族\群众\从\城隍庙\出发\一股\股\一队\队\一路\载歌载舞\沿着\点苍\山麓\向北\先到\矗立\着\唐代\三塔\的\佛\都\崇圣\寺\燃香\祭拜\继而\又\迤逦\北行\约\公里\到达\苍山\五台\峰\下\的\朝阳\村\本主\庙\祭拜\抚民\皇帝\本主\称为\南朝\拜\再\往北到\庆洞\村\祭拜\神都\的\庆洞\本主\庙\称为\北\朝拜\。\人们\认为\神都\所\供奉\的\是\大理\地区\最大\的\本主\五百\神王段\宗榜\。\然后\在\寺院\内外\场地\打\霸王鞭\和\金钱\鼓跳\扇子舞\、\唱\白族\调子\傍晚\在\神都\周围\埋锅\造饭\当晚\即\夜宿\庆洞\庙宇\和\四周\野地\树林\中\。\人们\尽情\歌舞\通宵达旦\热闹\非常\使\这里\成为\绕三灵\活动\的\中心\场所\。\四月\二十四日\祭拜\象征\洱海\之神\的\斩\蟒\英雄\段\赤诚\本主\。\四月\二十五日\到\大理\城北\洱海\边\的\马久\邑\村\祭拜\这里\的\本主\保安\景帝\。\在\这天\里\绕三灵\的\人们\要\行走\四十多\公里\路程\吹吹打打\载歌载舞\对歌\应答\。\绕三灵\传承\历史\久远\群众\基础\深厚\活动\规模\庞大\巡游\空间\广阔\体现\出\白族\在\文化\上\的\包容\吸纳\能力\和\高度\的\创新\精神\。\它\对\强化\文化\认同感\增强\白族\凝聚力\有\很\强\的\现实\作用\已\成为\白族\文化\最有\标志\意义\的\象征\之一\。,白族
傈僳族刀杆节,第一批,民俗,云南省泸水县,傈僳族刀杆节傈僳语叫阿堂得意思是爬刀节它是居住在云南省怒江傈僳族自治州泸水县境内的傈僳族以及彝族的传统节日节期是每年正月十五日。上刀山下火海是刀杆节中主要的习俗表演活动它再现了山地民族翻山越岭的生活经历及攀藤负葛的艰苦卓绝精神同时也是一种民间传统习俗活动。关于刀杆节的来历有这样的传说明代兵部尚书王骥受朝廷派遣率兵马到云南边陲傈僳族居住地区部署军民联防平息叛逆收复被侵占的土地在当地百姓的配合下赶走了入侵的敌人。为了使边境民富兵强他带领傈僳青年习武练勇。后来皇帝听信谗言毒死王骥。傈僳人民即以过刀杆节的方式纪念这位爱国将领。上刀山下火海包括点花、点刀、耍刀、迎花、设坛、祭刀杆、竖杆、祭龙、上刀、折刀、下火海等步骤其间有一套严格的仪式。上刀山和下火海是仪式中最为惊心动魄的环节。上刀山是将把利刀捆扎于四五丈高的栗树杆上每把刀相距尺许刀刃全部朝上表演者赤脚踏着锋利的钢刀逐级爬至刀杆顶端依次进行开天门、挂红、撒谷等表演。下火海是表演者下刀杆后又踏入通红炽热的炭火中表演绝技。现在节日中原始信仰的内容已被展现健康新颖的唱词和丰富的手上舞蹈动作的跳嘎所取代具有了更广泛的群众性。刀杆节是傈僳族人民自然崇拜的产物更是傈僳族人民爱国主义精神和不畏艰险的民族精神的体现。,国家级,傈僳族刀杆节\傈僳语\叫\阿堂\得\意思\是\爬\刀节\它\是\居住\在\云南省\怒江傈僳族自治州\泸水县\境内\的\傈僳族\以及\彝族\的\传统节日\节期\是\每年\正月十五\日\。\上刀山\下\火海\是\刀杆节\中\主要\的\习俗\表演\活动\它\再现\了\山地\民族\翻山越岭\的\生活\经历\及\攀藤负\葛\的\艰苦卓绝\精神\同时\也\是\一种\民间\传统习俗\活动\。\关于\刀杆节\的\来历\有\这样\的\传说\明代\兵部\尚书\王骥受\朝廷\派遣\率\兵马\到\云南\边陲\傈僳族\居住\地区\部署\军民联防\平息\叛逆\收复\被\侵占\的\土地\在\当地\百姓\的\配合\下\赶走\了\入侵\的\敌人\。\为了\使\边境\民富\兵强\他\带领\傈僳\青年\习武练勇\。\后来\皇帝\听信\谗言\毒死\王骥\。\傈僳\人民\即以\过\刀杆节\的\方式\纪念\这位\爱国\将领\。\上刀山\下\火海\包括\点花\、\点刀\、\耍\刀\、\迎花\、\设坛\、\祭刀杆\、\竖杆\、\祭龙\、\上刀\、\折刀\、\下\火海\等\步骤\其间\有\一套\严格\的\仪式\。\上刀山\和\下\火海\是\仪式\中\最为\惊心动魄\的\环节\。\上刀山\是\将\把\利刀\捆扎\于\四五丈\高\的\栗树\杆上\每\把\刀\相距\尺许\刀刃\全部\朝上\表演者\赤\脚踏\着\锋利\的\钢刀\逐级\爬\至\刀\杆\顶端\依次\进行\开\天门\、\挂红\、\撒谷\等\表演\。\下\火海\是\表演者\下刀杆\后\又\踏入\通红\炽热\的\炭火\中\表演\绝技\。\现在\节日\中\原始\信仰\的\内容\已\被\展现\健康\新颖\的\唱词\和\丰富\的\手上\舞蹈动作\的\跳\嘎\所\取代\具有\了\更\广泛\的\群众性\。\刀杆节\是\傈僳族\人民\自然崇拜\的\产物\更是\傈僳族\人民\爱国主义\精神\和\不畏艰险\的\民族\精神\的\体现\。,傈僳族
怒族仙女节,第一批,民俗,云南省贡山独龙族怒族自治县,怒族仙女节又称鲜花节流传于云南省怒江傈僳族自治州贡山独龙族怒族自治县丙中洛乡的怒族聚居区每年农历三月十五日举行延续三天。节庆活动包括祭祀仙女洞并迎接圣水、歌舞求福、体育竞技三大类别。怒族仙女节的起源一种说法是源于原始崇拜另一说法是怒族早期母系氏族尊崇女性的一种遗俗。怒族信奉仙女以祈求安泰。为了纪念传说中的仙女阿茸姑娘在她死后的第二年农历三月十五人们举行祭拜活动逐渐形成仙女节习俗。主祭人念祝辞大家口头献贡。随着时代的发展祭祀仙女仪式已渐渐淡化歌舞求福和体育竞技成为仙女节的主要活动内容。怒族仙女节的社会基础相当广泛体现出原始宗教尤其是自然崇拜、生殖崇拜的意识及受藏传佛教文化的影响对于怒族传统文化传承有着重要价值。怒族是我国人口较少且跨国境线而居的少数民族之一其传统文化极易受到外界因素的冲击仙女节的传承曾一度中断直到十一届三中全会以后才得以恢复。,国家级,怒族仙女节\又称\鲜花\节\流传\于\云南省\怒江傈僳族自治州\贡山独龙族怒族自治县\丙中洛乡\的\怒族\聚居区\每年\农历\三月\十五日\举行\延续\三天\。\节庆\活动\包括\祭祀\仙女\洞\并\迎接\圣水\、\歌舞\求福\、\体育竞技\三大\类别\。\怒族仙女节\的\起源\一种\说法\是\源于\原始\崇拜\另\一\说法\是\怒族\早期\母系\氏族\尊崇\女性\的\一种\遗俗\。\怒族\信奉\仙女\以\祈求\安泰\。\为了\纪念\传说\中\的\仙女\阿茸\姑娘\在\她\死\后\的\第二年\农历\三月\十五\人们\举行\祭拜\活动\逐渐\形成\仙女\节\习俗\。\主祭人\念\祝辞\大家\口头\献贡\。\随着\时代\的\发展\祭祀\仙女\仪式\已\渐渐\淡化\歌舞\求福\和\体育竞技\成为\仙女\节\的\主要\活动\内容\。\怒族仙女节\的\社会\基础\相当\广泛\体现\出\原始宗教\尤其\是\自然崇拜\、\生殖崇拜\的\意识\及受\藏传佛教\文化\的\影响\对于\怒族\传统\文化传承\有着\重要\价值\。\怒族\是\我国\人口\较少且\跨\国境线\而\居\的\少数民族\之一\其\传统文化\极易\受到\外界\因素\的\冲击\仙女\节\的\传承\曾一度\中断\直到\十一届三中全会\以后\才\得以\恢复\。,怒族
独龙族卡雀哇节,第一批,民俗,云南省贡山独龙族怒族自治县,独龙族卡雀哇节流传于云南省怒江傈僳族自治州贡山独龙族怒族自治县西部独龙江流域的所有独龙族村寨。卡雀哇节在每年农历腊月即公历的月至次年的月之间举行节期最短天最长天。年贡山独龙族怒族自治县人大常委会根据独龙族人民的意愿把每年的公历月日定为独龙族的卡雀哇节。节庆内容包括木刻传信、跳锅庄、射击猎物模型、火塘烧松叶求吉祥、喝木罗酒、剽牛等。各村寨的卡雀哇节节期前后相续居住于独龙江上游的村落最先揭开序幕由上游经中游而至下游各村寨依序进入节期整个独龙江流域独龙族山寨的卡雀哇庆典前后持续一个月。卡雀哇节对探索独龙族文化发展的轨迹有重要价值尤其有助于把握独龙族历法的起源及变迁历史其次卡雀哇节日中保留着木刻传信的信息传播方式是研究没有文字族群的社会组织机制的珍贵样本。另外卡雀哇节还是独龙族对传统文化加以系统整合和传承的重要载体彰显了独龙族敬畏自然的理念和人生顺达的愿望。,国家级,独龙族卡雀哇节\流传\于\云南省\怒江傈僳族自治州\贡山独龙族怒族自治县\西部\独龙江\流域\的\所有\独龙族\村寨\。\卡雀哇\节在\每年\农历\腊月\即\公历\的\月\至\次年\的\月\之间\举行\节期\最短天\最长\天\。\年\贡山独龙族怒族自治县\人大常委会\根据\独龙族\人民\的\意愿\把\每年\的\公历\月\日\定为\独龙族\的\卡雀哇\节\。\节庆\内容\包括\木刻\传信\、\跳\锅庄\、\射击\猎物\模型\、\火塘\烧\松叶\求\吉祥\、\喝木罗酒\、\剽牛\等\。\各\村寨\的\卡雀哇\节\节期\前后\相续\居住\于\独龙江\上游\的\村落\最先\揭开序幕\由\上游\经\中游\而\至\下游\各\村寨\依序\进入\节期\整个\独龙江\流域\独龙族\山寨\的\卡雀哇\庆典\前后\持续\一个月\。\卡雀哇\节对\探索\独龙族\文化\发展\的\轨迹\有\重要\价值\尤其\有助于\把握\独龙族\历法\的\起源\及\变迁\历史\其次\卡雀哇\节日\中\保留\着\木刻\传信\的\信息\传播方式\是\研究\没有\文字\族群\的\社会组织\机制\的\珍贵\样本\。\另外\卡雀哇\节\还是\独龙族\对\传统文化\加以\系统\整合\和\传承\的\重要\载体\彰显\了\独龙族\敬畏\自然\的\理念\和\人生\顺达\的\愿望\。,独龙族
景颇族目瑙纵歌,第一批,民俗,云南省陇川县,目瑙纵歌又称总戈意为欢聚歌舞流传于云南省德宏傣族景颇族自治州的景颇族聚居区是景颇族最为隆重的传统民族节日。目瑙纵歌产生年代可追溯到原始社会时期。目瑙纵歌的最主要活动是跳目瑙纵歌舞正式活动前人们在舞场中心立起四根木柱用来祭祀太阳和指示舞蹈路线。柱侧置刀、矛象征人民强悍刚毅的性格。根据目瑙舞起源于鸟类舞的传说在柱档两端设木雕犀鸟、孔雀各一只。柱前立活竹高竿表示生命常青。上方挂有横匾画有景颇传说中的起源地喜马拉雅山。随着时代的发展目瑙节已成为景颇人民欢庆丰收的歌舞娱乐的民俗节日。目瑙节中最具代表性的表现形式是目瑙纵歌。它包括苏目瑙招财庆丰收、巴当目瑙庆祝胜利、定栓目瑙庆贺新居落成、结如目瑙出征誓师等十几种。与目瑙纵歌配合的舞蹈动作虽然不多但顿步摆肩的韵律鲜明独特是景颇族舞蹈的代表性动作。举行目瑙纵歌时方圆百十里有上万人参加大家同场共舞气氛隆重热烈极富民族感召力和凝聚力又是加强民族关系、增强民族团结的重要渠道。年经德宏傣族景颇族自治州人民代表大会常委会讨论通过确立目瑙纵歌为德宏州法定的民族节日时间为每年的正月十五、十六日。景颇族是一个跨境而居的民族在缅甸北部和印度北部居住有近百万景颇族国内外都举行目瑙纵歌。而陇川县是目前国内景颇族人口最多、目瑙纵歌传承最为完整规范、最具景颇族代表性的地区。目瑙纵歌集景颇族文化为一体涉及社会生产生活的各个方面集中地展现出景颇族的传统文化对景颇族的历史文化研究有重要价值。,国家级,目瑙\纵歌\又称\总戈意\为\欢聚\歌舞\流传\于\云南省德宏傣族景颇族自治州\的\景颇族\聚居区\是\景颇族\最为\隆重\的\传统\民族节日\。\目瑙\纵歌\产生\年代\可追溯\到\原始社会\时期\。\目瑙\纵歌\的\最\主要\活动\是\跳\目瑙纵\歌舞\正式\活动\前\人们\在\舞场\中心\立\起\四根\木柱\用来\祭祀\太阳\和\指示\舞蹈\路线\。\柱侧\置\刀\、\矛\象征\人民\强悍\刚毅\的\性格\。\根据\目瑙舞\起源于\鸟类\舞\的\传说\在\柱\档\两端\设\木雕\犀鸟\、\孔雀\各\一只\。\柱前\立活\竹\高竿\表示\生命\常青\。\上方\挂\有\横匾\画有\景颇\传说\中\的\起源地\喜马拉雅山\。\随着\时代\的\发展\目瑙节\已\成为\景颇\人民\欢庆\丰收\的\歌舞\娱乐\的\民俗\节日\。\目瑙节\中\最具\代表性\的\表现形式\是\目瑙\纵歌\。\它\包括\苏目\瑙\招财\庆\丰收\、\巴当目\瑙\庆祝\胜利\、\定栓目\瑙\庆贺\新居落成\、\结如目\瑙\出征\誓师\等\十几种\。\与\目瑙\纵歌\配合\的\舞蹈动作\虽然\不多\但\顿步\摆\肩\的\韵律\鲜明\独特\是\景颇族舞蹈\的\代表性\动作\。\举行\目瑙\纵歌\时\方圆\百十里\有\上万\人\参加\大家\同场\共舞\气氛\隆重\热烈\极富\民族\感召力\和\凝聚力\又\是\加强\民族关系\、\增强\民族团结\的\重要\渠道\。\年经\德宏傣族景颇族自治州\人民代表大会\常委会\讨论\通过\确立\目瑙\纵歌\为\德宏州\法定\的\民族节日\时间\为\每年\的\正月十五\、\十六日\。\景颇族\是\一个\跨境\而\居\的\民族\在\缅甸\北部\和\印度\北部\居住\有近\百万\景颇族\国内外\都\举行\目瑙\纵歌\。\而\陇川县\是\目前\国内\景颇族\人口\最\多\、\目瑙\纵歌\传承\最为\完整\规范\、\最具\景颇族\代表性\的\地区\。\目瑙\纵歌\集\景颇族\文化\为\一体\涉及\社会\生产\生活\的\各个方面\集中地\展现出\景颇族\的\传统文化\对\景颇族\的\历史\文化\研究\有\重要\价值\。,傣族
火把节彝族火把节,第一批,民俗,云南省楚雄彝族自治州,彝族火把节是贵州省赫章县彝族最隆重的传统节日每年农历六月二十四日举行。彝族是赫章县人口最多的少数民族保留着浓郁的民族传统文化特色。当地彝语称火把节为朵扔吉节日起源、节期与节日活动与各地彝族火把节相同主要流行于彝族聚居村寨。该项目对于增强本民族凝聚力增进民族团结有重要意义也有民族学、民俗学、天文学研究的重要价值。,国家级,彝族\火把节\是\贵州省\赫章县\彝族\最\隆重\的\传统节日\每年\农历\六月\二十四日\举行\。\彝族\是\赫章县\人口\最多\的\少数民族\保留\着\浓郁\的\民族\传统文化\特色\。\当地\彝语\称\火把节\为朵\扔\吉\节日\起源\、\节期\与\节日\活动\与\各地\彝族\火把节\相同\主要\流行\于\彝族\聚居\村寨\。\该\项目\对于\增强\本\民族凝聚力\增进\民族团结\有\重要\意义\也\有\民族学\、\民俗学\、\天文学\研究\的\重要\价值\。,彝族
傣族泼水节,第二批,民俗,云南省德宏傣族景颇族自治州,德宏泼水节是世居云南省西部德宏傣族景颇族自治州的傣族、德昂族和阿昌族盛大的传统节日节期在清明节后第七至第十天。泼水节至今已有近千年的历史它是在傣族稻作文明基础上融汇至世纪南传的上座部佛教而逐渐形成的是南传佛教宗教仪式与德宏傣族传统礼仪相结合的产物呈现着傣族传统文化的显著特点。泼水节的活动形式多姿多彩具有丰富的人文内涵和广泛的群众基础主要活动包括民众采花、信众赕佛、祭祀龙亭、浴佛仪式、洒水祝福、歌舞活动、武术表演、男女丢包抛绣球及燃放孔明灯、飘水灯、放高升等等。泼水节较为完整地体现了傣家稻作文明和水文化的精髓具有广泛的文化及社会功能。它是傣族物质和精神文明传承、延续的重要载体在历史学、文化学、民族学、民俗学、宗教学和伦理学等方面的研究中有着较高的参考价值。,国家级,德宏\泼水节\是\世居\云南省\西部\德宏傣族景颇族自治州\的\傣族\、\德昂族\和\阿昌族\盛大\的\传统节日\节期\在\清明节\后\第七\至\第十天\。\泼水节\至今已有\近\千年\的\历史\它\是\在\傣族\稻作\文明\基础\上\融汇\至\世纪\南传\的\上座部佛教\而\逐渐\形成\的\是\南传佛教\宗教仪式\与\德宏\傣族\传统\礼仪\相结合\的\产物\呈现\着\傣族\传统文化\的\显著特点\。\泼水节\的\活动\形式\多姿多彩\具有\丰富\的\人文\内涵\和\广泛\的\群众\基础\主要\活动\包括\民众\采花\、\信众\赕佛\、\祭祀\龙亭\、\浴佛\仪式\、\洒水\祝福\、\歌舞\活动\、\武术\表演\、\男女\丢包\抛绣球\及\燃放\孔明灯\、\飘水\灯\、\放\高升\等等\。\泼水节\较为\完整\地\体现\了\傣家\稻作\文明\和\水\文化\的\精髓\具有\广泛\的\文化\及\社会功能\。\它\是\傣族\物质\和\精神文明\传承\、\延续\的\重要\载体\在\历史学\、\文化学\、\民族学\、\民俗学\、\宗教学\和\伦理学\等\方面\的\研究\中\有着\较\高\的\参考价值\。,傣族
傣医药睡药疗法,第三批,传统医药,云南省德宏傣族景颇族自治州,傣医药是傣族人民在总结本民族传统医药经验的基础上吸取和借鉴印度古典医学和中医学知识形成以四塔、五蕴土、水、火、风谓之四塔色、识、受、想、行谓之五蕴和解药理论为核心的传统医学体系。睡药疗法是傣医药传统外治法之一主要用于治疗中风、风湿病及高热昏厥等病症。它分冷睡和热睡两种。冷睡疗法治热病热睡疗法治寒病。冷睡疗法即根据病情所需选择相应的处方采集傣药鲜品切碎捣烂也可用干品加入适量的药酒、旱莲草汁拌匀后把药平摊在睡药床上让患者睡在药上然后将余药均匀地包敷周身除颜面部外再用布包裹。一次治疗时间视病情而定具有清火解毒、退热镇惊、除风止痛、保护脏器之功用于治疗发热性疾病出现高热不退、惊厥抽搐、神昏谵语、类风湿病、痛风、周身关节肌肉红肿热痛等病症。热睡疗法针对寒病按病情所需配备相应的傣药鲜品或干品置于锅内加适量水和酒炒热后平摊在睡药床上待温度适中让患者平睡在药上再取余药包裹周身除颜面部外用布包住覆盖被褥一次约三十分钟左右视其体质和病情而定令其发汗以达到开汗孔、通气血、除风毒、止疼痛的目的用来治疗风湿病、中风偏瘫后遗症、月子病、老年性腰腿痛等。我国傣族人口共有万主要分布在云南省西双版纳傣族自治州和德宏傣族景颇族自治州。傣医四塔、五蕴学说与佛教教义有密切关系。睡药疗法符合傣医理论和群众习俗药物就地取材资源丰富使用方便具有广泛的应用推广价值。,国家级,傣\医药\是\傣族\人民\在\总结\本\民族\传统\医药\经验\的\基础\上\吸取\和\借鉴\印度\古典\医学\和\中医学\知识\形成\以四塔\、\五蕴\土\、\水\、\火\、\风\谓之\四塔色\、\识\、\受\、\想\、\行\谓之\五蕴\和\解药\理论\为\核心\的\传统医学\体系\。\睡\药疗法\是\傣\医药\传统\外治法\之一\主要\用于\治疗\中风\、\风湿病\及\高热\昏厥\等\病症\。\它分\冷\睡\和\热\睡\两种\。\冷睡\疗法\治\热病\热睡\疗法\治寒病\。\冷睡\疗法\即\根据\病情\所\需\选择\相应\的\处方\采集\傣药\鲜品\切碎\捣烂\也\可用\干品\加入适量\的\药酒\、\旱莲草\汁\拌匀\后\把\药\平摊\在\睡药\床上\让\患者\睡\在\药\上\然后\将余药\均匀\地包\敷\周身\除\颜面\部外\再\用布\包裹\。\一次\治疗\时间\视\病情\而定\具有\清火\解毒\、\退热\镇惊\、\除风\止痛\、\保护\脏器\之功\用于\治疗\发热\性疾病\出现\高热\不\退\、\惊厥\抽搐\、\神昏\谵语\、\类风湿病\、\痛风\、\周身\关节\肌肉\红肿\热痛\等\病症\。\热睡\疗法\针对\寒病\按\病情\所\需\配备\相应\的\傣药\鲜品\或\干品\置于\锅内加\适量水\和\酒\炒热\后\平摊\在\睡药\床上\待\温度\适中\让\患者\平睡\在\药\上\再\取余药\包裹\周身\除\颜面\部外\用布\包住\覆盖\被褥\一次\约\三十分钟\左右\视其\体质\和\病情\而定\令\其\发汗\以\达到\开\汗孔\、\通\气血\、\除风毒\、\止\疼痛\的\目的\用来\治疗\风湿病\、\中风\偏瘫\后遗症\、\月子病\、\老年性\腰腿痛\等\。\我国\傣族\人口\共有\万\主要\分布\在\云南省西双版纳傣族自治州\和\德宏傣族景颇族自治州\。\傣医\四塔\、\五蕴\学说\与\佛教\教义\有\密切关系\。\睡\药疗法\符合\傣医\理论\和\群众\习俗\药物\就地取材\资源\丰富\使用方便\具有\广泛\的\应用\推广\价值\。,傣族
彝医药彝医水膏药疗法,第三批,传统医药,云南省楚雄彝族自治州,彝医药是彝族人民的传统医药分布于云南楚雄和四川凉山等地。彝医学将天地元气分为清浊二气蕴生金木水火土五行作为基本物质。人体以清气络胸、腹、五脏以浊气循肌表、腹、背上下六气贯通制衡内外邪毒。这是彝族人民对生命和健康的认知成为彝医学的基础理论。水膏药疗法是一种清热解毒的外治法。彝族地区气候湿热虫虺蚊蚋为害瘴疠疫气为毒疖肿痈疽时有发生。水膏药疗法用井水或冰水、雪水在冬天或从高山收集后贮于瓦罐内备用调和草药敷于患处。当疖肿疮毒尚未破溃时将一种或多种草药切碎捣烂加井水或冰水、雪水调成糊状敷于红肿热痛部位外用纱布包住天更换一次。所用草药如青叶胆、地胆、迎春花、野菊花等加上水性透凉具有清热、解毒、消肿、镇痛的作用。,国家级,彝\医药\是\彝族\人民\的\传统\医药\分布\于\云南\楚雄\和\四川\凉山\等\地\。\彝\医学\将\天地\元气\分为\清浊\二气\蕴生\金木水火土\五行\作为\基本\物质\。\人体\以清\气络\胸\、\腹\、\五脏\以\浊气\循肌表\、\腹\、\背上\下六气\贯通\制衡\内外\邪毒\。\这是\彝族\人民\对\生命\和\健康\的\认知\成为\彝\医学\的\基础理论\。\水\膏药\疗法\是\一种\清热解毒\的\外治法\。\彝族\地区\气候\湿热\虫\虺\蚊\蚋\为害\瘴疠\疫气\为\毒\疖\肿\痈疽\时有发生\。\水\膏药\疗法\用\井水\或\冰水\、\雪水\在\冬天\或\从\高山\收集\后\贮于\瓦罐\内\备用\调和\草药\敷于\患处\。\当\疖\肿疮毒\尚未\破溃\时\将\一种\或\多种\草药\切碎\捣烂\加\井水\或\冰水\、\雪水\调\成\糊状\敷于\红肿\热痛\部位\外用\纱布\包住\天\更换\一次\。\所用\草药\如\青叶胆\、\地胆\、\迎春花\、\野菊花\等\加上\水性\透凉\具有\清热\、\解毒\、\消肿\、\镇痛\的\作用\。,彝族
藏医药藏医骨伤疗法,第三批,传统医药,云南省迪庆藏族自治州,藏族医药是中国民族医药的重要组成部分。藏族医药有悠久的历史是藏族人民在高寒缺氧的自然环境中通过长期的生产生活实践不断积累完善形成的民族医药学体系。其历史源远流长、医著博大精深、理论体系完整。迪庆藏医骨伤疗法是以传统藏医创伤学理论为基础运用具有接骨功效的天然鲜草药捣成糊状外敷和内服传统藏药相结合。吸取传统藏医创伤治疗的精华因地制宜结合当地资源条件形成了独具特色的疗法。迪庆藏医骨伤疗法由整复、外敷药加夹板或牵引固定、功能锻炼三个基本步骤构成。其中最具特色的当属外敷药加夹板或牵引固定。这个步骤中包括了骨折初期、中期、后期。初期应用具有清热、消肿、止痛、活血化淤功效的外敷药伤科一号由铁箍散、冰片、红花、雪山一枝蒿等组成并根据不同情况用夹板固定或持续牵引固定内服传统藏药桑琼丸、十味乳香丸、十八味杜鹃花丸其药理作用是舒通筋骨脉络和活血化淤。中期应用具有接骨、舒筋之功效的外敷药伤科二号由铁箍散、红花、骨碎补、当归、榛皮等组成并根据病情用夹板外固定或持续牵引内服藏药接骨消炎丸、八味榛皮丸、达尔强散主要药理作用是促进骨细胞生成、骨化、骨连接和消炎。后期用五味甘露药浴和内服具有补肾壮骨、益气养血强筋骨之功效的石榴日轮丸、巴桑母酥油丸等并适当功能锻炼。五味甘露药浴具有消炎止痛、活血化淤、强筋壮骨、防止肌肉萎缩、防止关节僵硬等作用。外敷药的主要成分均就地取材按藏医理论处方形成了独具特色的迪庆藏医骨伤疗法。藏族是我国历史悠久的少数民族之一云南藏族主要分布在迪庆州迪庆藏医药的应用以藏族群众为主与周边的纳西族、傈僳族、白族等交流、交叉为用藏医骨伤疗法因疗效好、取材便宜现已成为迪庆藏医药独有的特色受到周边人民群众及国内外患者的信任。,国家级,藏族\医药\是\中国\民族\医药\的\重要\组成部分\。\藏族\医药\有\悠久\的\历史\是\藏族\人民\在\高寒\缺氧\的\自然环境\中\通过\长期\的\生产\生活实践\不断\积累\完善\形成\的\民族\医药学\体系\。\其\历史\源远流长\、\医著\博大精深\、\理论体系\完整\。\迪庆\藏医\骨伤\疗法\是\以\传统\藏医\创伤\学\理论\为\基础\运用\具有\接骨\功效\的\天然\鲜\草药\捣成\糊状\外敷\和\内服\传统\藏药\相结合\。\吸取\传统\藏医\创伤\治疗\的\精华\因地制宜\结合\当地\资源\条件\形成\了\独具特色\的\疗法\。\迪庆\藏医\骨伤\疗法\由\整复\、\外敷药\加\夹板\或\牵引\固定\、\功能\锻炼\三个\基本\步骤\构成\。\其中\最具\特色\的\当属\外敷药\加\夹板\或\牵引\固定\。\这个\步骤\中\包括\了\骨折\初期\、\中期\、\后期\。\初期\应用\具有\清热\、\消肿\、\止痛\、\活血化淤\功效\的\外敷药\伤科\一号\由\铁箍\散\、\冰片\、\红花\、\雪山\一枝\蒿\等\组成\并\根据\不同\情况\用\夹板\固定\或\持续\牵引\固定\内服\传统\藏药\桑琼丸\、\十味\乳香\丸\、\十八\味\杜鹃花\丸\其\药理作用\是\舒通\筋骨\脉络\和\活血化淤\。\中期\应用\具有\接骨\、\舒筋\之\功效\的\外敷药\伤科\二号\由\铁箍\散\、\红花\、\骨碎补\、\当归\、\榛\皮\等\组成\并\根据\病情\用\夹板\外\固定\或\持续\牵引\内服\藏药\接骨\消炎\丸\、\八味\榛\皮丸\、\达尔\强散\主要\药理作用\是\促进\骨细胞\生成\、\骨化\、\骨\连接\和\消炎\。\后期\用\五味\甘露\药浴\和\内服\具有\补肾\壮骨\、\益气养血\强筋骨\之\功效\的\石榴\日轮\丸\、\巴桑\母\酥油\丸\等\并\适当\功能\锻炼\。\五味\甘露\药浴\具有\消炎\止痛\、\活血化淤\、\强筋\壮骨\、\防止\肌肉\萎缩\、\防止\关节\僵硬\等\作用\。\外敷药\的\主要\成分\均\就地取材\按\藏医\理论\处方\形成\了\独具特色\的\迪庆\藏医\骨伤\疗法\。\藏族\是\我国\历史悠久\的\少数民族\之一\云南\藏族\主要\分布\在\迪庆\州\迪庆\藏\医药\的\应用\以\藏族\群众\为主\与\周边\的\纳西族\、\傈僳族\、\白族\等\交流\、\交叉\为用\藏医\骨伤\疗法\因\疗效\好\、\取材\便宜\现已\成为\迪庆\藏\医药\独有\的\特色\受到\周边\人民\群众\及\国内外\患者\的\信任\。,藏族
乌铜走银制作技艺,第三批,传统技艺,云南省石屏县,乌铜走银制作技艺始创于清雍正年间为云南省石屏县岳家湾村抗金名将岳飞后裔岳永兄弟特创历来为岳氏独家经营。历史上乌铜走银曾与北京景泰蓝齐名并称天下铜艺双绝。乌铜走银是以铜、金等贵金属为原料按一定比例熔化后做成坯在坯上雕刻各种花纹图案然后将熔化的银金走入细密的花纹图案中冷却后打磨光滑再用祖传工艺使底铜变成乌黑色透出银金纹图案呈现出黑白黄分明的装饰效果由于一般多以镶嵌白银为主故称乌铜走银。其制品多为墨盒、笔筒、酒壶、香炉、花瓶等日常用具造型奇巧、制作精细堪称艺术精品具有收藏价值。经过数百年累积的冶金、錾刻、绘画等传统技艺也极具历史、科学和文化艺术价值。乌铜走银制作技艺因家庭内部传承为主、全手工操作、年轻人大多不愿学习、制品价格高等原因面临着后继乏人的濒危状况。,国家级,乌铜走银制作技艺\始创\于\清\雍正年间\为\云南省\石屏县\岳家\湾\村\抗金\名将\岳飞\后裔\岳永\兄弟\特创\历来\为\岳氏\独家经营\。\历史\上\乌铜\走\银\曾\与\北京\景泰蓝\齐名\并称\天下\铜艺\双绝\。\乌铜\走\银\是\以\铜\、\金等\贵金属\为\原料\按\一定\比例\熔化\后\做成\坯\在\坯\上\雕刻\各种\花纹\图案\然后\将\熔化\的\银金\走入\细密\的\花纹\图案\中\冷却\后\打磨\光滑\再用\祖传\工艺\使底\铜\变成\乌\黑色\透出\银金纹\图案\呈现出\黑白\黄\分明\的\装饰\效果\由于\一般\多以\镶嵌\白银\为主\故称\乌铜\走\银\。\其\制品\多为\墨盒\、\笔筒\、\酒壶\、\香炉\、\花瓶\等\日常\用具\造型\奇巧\、\制作\精细\堪称\艺术\精品\具有\收藏\价值\。\经过\数百年\累积\的\冶金\、\錾\刻\、\绘画\等\传统\技艺\也\极具\历史\、\科学\和\文化\艺术\价值\。\乌铜走银制作技艺\因\家庭\内部\传承\为主\、\全\手工操作\、\年轻人\大多\不愿\学习\、\制品\价格\高等\原因\面临\着\后继乏人\的\濒危\状况\。,
火腿制作技艺宣威火腿制作技艺,第三批,传统技艺,云南省宣威县,宣威火腿因产于宣威县而得名素以风味独特而与浙江金华火腿齐名蜚声中外。它的主要特点是形似琵琶只大骨小皮薄肉厚肥瘦适中切开断面香气浓郁色泽鲜艳瘦肉呈鲜红色或玫瑰色肥肉呈乳白色骨头略显桃红似血气尚在滋润。其品质优良足以代表云南火腿故常称云腿。宣威火腿最迟明末产生清雍正五年成名。年参加广州名特食品会获得优质奖章。世纪年代再度获奖年代实现专业化、规模化、系列化生产。宣威火腿经久不衰主要是取决于其色香味美营养丰富风味独特。宣威火腿的形成也取决于宣威独特的地域地理气候环境。《宣威县志稿》载宣腿著名天下气候使然。邻近宣威的其他地区用与宣威相同的猪种相同的饲养方法相同的腌制工艺制作出来的火腿其味道与宣威火腿相差甚远。宣威火腿肉香馥郁、口感纯美的秘密在于宣威独特的自然环境、气候条件和制作工艺。,国家级,宣威\火腿\因\产于\宣威县\而\得名\素以\风味\独特\而\与\浙江\金华\火腿\齐名\蜚声中外\。\它\的\主要\特点\是\形似\琵琶\只大骨\小皮\薄肉\厚\肥瘦\适中\切开\断面\香气\浓郁\色泽\鲜艳\瘦肉\呈\鲜红色\或\玫瑰色\肥肉\呈\乳白色\骨头\略显\桃红\似\血气\尚\在\滋润\。\其\品质\优良\足以\代表\云南\火腿\故常\称云腿\。\宣威\火腿\最迟\明末\产生\清雍正\五年\成名\。\年\参加\广州\名特\食品\会\获得\优质\奖章\。\世纪\年代\再度\获奖\年代\实现\专业化\、\规模化\、\系列化\生产\。\宣威\火腿\经久不衰\主要\是\取决于\其\色香味\美\营养\丰富\风味\独特\。\宣威\火腿\的\形成\也\取决于\宣威\独特\的\地域\地理\气候\环境\。\《\宣威县\志稿\》\载\宣腿\著名\天下\气候\使然\。\邻近\宣威\的\其他\地区\用\与\宣威\相同\的\猪种\相同\的\饲养\方法\相同\的\腌制\工艺制作\出来\的\火腿\其\味道\与\宣威\火腿\相差\甚远\。\宣威\火腿肉\香\馥郁\、\口感\纯美\的\秘密\在于\宣威\独特\的\自然环境\、\气候\条件\和\制作\工艺\。,
黑茶制作技艺下关沱茶制作技艺,第三批,传统技艺,云南省大理白族自治州,下关沱茶是有悠久历史的一种紧压茶因创制于云南省大理市下关故名下关沱茶。下关沱茶是白族人民创造的十分典型的传统技艺它由明代的团茶演变而来以云南大叶种晒青茶作为基本原料经拼配、筛分、拣剔、半制品拼配、称量、蒸揉、压制成型、干燥、包装等十余道工艺制作而成多为手工操作蕴含着丰富的具有地区特征的技术知识。云南下关地处大理白族自治州大理市。整个云南地区空气湿润四季温和日照时间长适于茶叶生长。沱茶历史悠久明代谢肇淛的《滇略》一书有士庶所用皆普茶也蒸而团之的记载为沱茶的早期形式。年大理喜洲白族商帮永昌祥在下关开设第一家茶叶精制加工厂加工紧茶和饼茶标志着沱茶工艺的诞生。沱茶生产是一门特殊的技艺百余年来白族人民用这种技艺生产的产品曾经通过著名的茶马古道源源不断地输送到滇西北、西藏和四川等地满足了各族人民的生活需要特别在藏胞中影响极大在一百多年来的各民族友好往来中发挥过十分重要的作用。,国家级,下关\沱茶\是\有\悠久\历史\的\一种\紧压茶\因\创制\于\云南省\大理市\下关\故\名\下关\沱茶\。\下关\沱茶\是\白族\人民\创造\的\十分\典型\的\传统\技艺\它\由\明代\的\团茶\演变\而来\以\云南\大叶种\晒\青茶\作为\基本\原料\经\拼配\、\筛分\、\拣\剔\、\半制品\拼配\、\称量\、\蒸\揉\、\压制\成型\、\干燥\、\包装\等\十余道\工艺制作\而成\多\为\手工操作\蕴含着\丰富\的\具有\地区\特征\的\技术\知识\。\云南\下关\地处\大理白族自治州\大理市\。\整个\云南\地区\空气\湿润\四季\温和\日照时间\长\适于\茶叶\生长\。\沱茶\历史悠久\明代\谢肇淛\的\《\滇略\》\一书\有士\庶\所用\皆\普茶\也\蒸而团\之\的\记载\为\沱茶\的\早期\形式\。\年\大理\喜洲\白族\商帮\永昌\祥\在\下关\开设\第一家\茶叶\精制\加工厂\加工\紧茶\和\饼\茶\标志\着\沱茶\工艺\的\诞生\。\沱茶\生产\是\一门\特殊\的\技艺\百余年\来\白族\人民\用\这种\技艺\生产\的\产品\曾经\通过\著名\的\茶\马\古道\源源不断\地\输送到\滇西北\、\西藏\和\四川\等\地\满足\了\各族人民\的\生活\需要\特别\在\藏胞\中\影响\极大\在\一百多年\来\的\各\民族\友好往来\中\发挥\过\十分\重要\的\作用\。,白族
普洱茶制作技艺大益茶制作技艺,第二批,传统技艺,云南省勐海县,云南普洱茶传统制作工艺历史悠久最早可以追溯到商周时期。至唐代普洱茶已远销内地和西藏。宋代在茶马互市的贸易政策中占有重要的地位。明代普洱茶销行更广出现了士庶所有皆普洱茶的盛况。清代普洱茶被列为贡品朝廷增设官茶局专司有关的茶事。云南普洱茶主要产于宁洱哈尼族彝族自治县和勐海县等地在长期生产过程中形成了独特的制作技艺。云南省勐海县旧称佛海是世界茶树发源地之一。年著名茶人范和钧创建勐海茶厂生产大益牌普洱茶经过六十多年的不懈努力大益已经成为国内外著名的茶叶品牌。年大益普洱茶被农业部评为中国名牌农产品。大益茶制作技艺的关键在于拼配和发酵。拼配是根据各个茶叶品种的特点进行有效、合理的组合取长补短以弥补单一品种之不足发酵是指人工后发的特殊技艺。大益茶制作技艺的研究成功为普洱茶生产的发展作出了重大贡献。,国家级,云南\普洱茶\传统\制作\工艺\历史悠久\最早\可以\追溯到\商周\时期\。\至\唐代\普洱茶\已\远销\内地\和\西藏\。\宋代\在\茶\马\互市\的\贸易\政策\中\占有\重要\的\地位\。\明代\普洱茶\销行\更广\出现\了\士\庶\所有\皆\普洱茶\的\盛况\。\清代\普洱茶\被\列为\贡品\朝廷\增设\官茶局\专司\有关\的\茶事\。\云南\普洱茶\主要\产于\宁洱哈尼族彝族自治县\和\勐海县\等\地\在\长期\生产\过程\中\形成\了\独特\的\制作\技艺\。\云南省\勐海县\旧称\佛海\是\世界\茶树\发源地\之一\。\年\著名\茶人\范和钧\创建\勐海\茶厂\生产\大益牌\普洱茶\经过\六十多年\的\不懈努力\大益\已经\成为\国内外\著名\的\茶叶\品牌\。\年大益\普洱茶\被\农业部\评为\中国\名牌\农产品\。\大益\茶\制作\技艺\的\关键在于\拼配\和\发酵\。\拼配\是\根据\各个\茶叶\品种\的\特点\进行\有效\、\合理\的\组合\取长补短\以\弥补\单一\品种\之\不足\发酵\是\指\人工\后发\的\特殊\技艺\。\大益\茶\制作\技艺\的\研究\成功\为\普洱茶\生产\的\发展\作出\了\重大贡献\。,哈尼族
普洱茶制作技艺贡茶制作技艺,第二批,传统技艺,云南省宁洱哈尼族彝族自治县,云南普洱茶传统制作工艺历史悠久最早可以追溯到商周时期。至唐代普洱茶已远销内地和西藏。宋代在茶马互市的贸易政策中占有重要的地位。明代普洱茶销行更广出现了士庶所有皆普洱茶的盛况。清代普洱茶被列为贡品朝廷增设官茶局专司有关的茶事。云南普洱茶主要产于宁洱哈尼族彝族自治县和勐海县等地在长期生产过程中形成了独特的制作技艺。宁洱县普洱茶制作技艺又称贡茶制作技艺是当地茶工在千百年的实践中积累经验而逐步形成的。这种技艺与地方民俗紧密结合在一起。茶叶采摘开始前必须先行祭礼即向茶神行敬献仪式。仪式结束后制作开始制茶者按一定标准严格选择采摘地和采摘时节遵照具体技术要求以手摘方式采选原料。原料备齐后即进入杀青揉晒环节以特定工艺将鲜叶加工成晒青茶。随后是蒸压成型即通过蒸、揉、压、定型、干燥、包装等工序将晒青茶制成各种成品茶。普洱贡茶独特的传统制作技艺、深厚的历史文化内涵及与之相关的民俗文化是中华茶文化的重要组成部分其合理的生产流程则成为现代普洱茶工艺研发的基础。普洱贡茶在历史文化、民族学、民俗学、科技史等方面均有较高的研究价值从现代人追求回归自然生态、追求健康的文化消费趋势看它还有许多潜在的开发利用价值。,国家级,云南\普洱茶\传统\制作\工艺\历史悠久\最早\可以\追溯到\商周\时期\。\至\唐代\普洱茶\已\远销\内地\和\西藏\。\宋代\在\茶\马\互市\的\贸易\政策\中\占有\重要\的\地位\。\明代\普洱茶\销行\更广\出现\了\士\庶\所有\皆\普洱茶\的\盛况\。\清代\普洱茶\被\列为\贡品\朝廷\增设\官茶局\专司\有关\的\茶事\。\云南\普洱茶\主要\产于\宁洱哈尼族彝族自治县\和\勐海县\等\地\在\长期\生产\过程\中\形成\了\独特\的\制作\技艺\。\宁洱\县\普洱茶\制作\技艺\又称\贡茶\制作\技艺\是\当地\茶工\在\千百年\的\实践\中\积累\经验\而\逐步形成\的\。\这种\技艺\与\地方\民俗\紧密结合\在\一起\。\茶叶\采摘\开始\前\必须\先行\祭礼\即\向\茶\神行\敬献\仪式\。\仪式\结束\后\制作\开始\制茶者\按\一定\标准\严格\选择\采摘\地\和\采摘\时节\遵照\具体\技术\要求\以手\摘\方式\采选\原料\。\原料\备齐\后\即\进入\杀青\揉\晒\环节\以\特定\工艺\将\鲜叶\加工\成晒\青茶\。\随后\是\蒸压\成型\即\通过\蒸\、\揉\、\压\、\定型\、\干燥\、\包装\等\工序\将\晒\青茶\制成\各种\成\品茶\。\普洱\贡茶\独特\的\传统\制作\技艺\、\深厚\的\历史\文化\内涵\及\与\之\相关\的\民俗文化\是\中华\茶文化\的\重要\组成部分\其\合理\的\生产流程\则\成为\现代\普洱茶\工艺\研发\的\基础\。\普洱\贡茶\在\历史\文化\、\民族学\、\民俗学\、\科技史\等\方面\均\有\较\高\的\研究\价值\从\现代人\追求\回归自然\生态\、\追求\健康\的\文化\消费\趋势\看\它\还有\许多\潜在\的\开发利用\价值\。,哈尼族
贝叶经制作技艺,第二批,传统技艺,云南省西双版纳傣族自治州,贝叶经傣语称坦兰是用铁笔刻写在贝多罗树叶上的佛教经文。它最早起源于古代印度公元世纪前后传入斯里兰卡复经缅甸、泰国传入我国云南省西南边疆地区。现在发现有贝叶经文遗存的国家除中国以外还有印度、泰国、缅甸、老挝、斯里兰卡等国。调查显示云南省西双版纳、思茅、临沧、德宏一带是较为完整地继承了贝叶经制作技艺的地区除傣文贝叶经外这里还发现了用老挝文、缅甸文、泰国文刻写的贝叶经。在西双版纳发现的贝叶经有巴利文本和傣文本两种其规格包括每页四行式、五行式、六行式和八行式四种。傣族人民除利用加工后的贝叶刻写佛教经文外还将傣族的天文历法、社会历史、法规、民俗、医药、生产、生活、伦理道德、文学艺术等内容大量记录在上面。贝叶经是傣族传统文化的重要载体具有重要的史学、民族学研究价值。傣族人民对傣文贝叶经倍加珍惜视为传世之宝并誉之为运载傣族历史文化的神舟。贝叶经也是傣族人民的百科全书西双版纳的许多佛寺和普通百姓家都虔敬地加以珍藏。,国家级,贝叶经\傣语\称坦兰\是\用\铁笔\刻写\在\贝\多罗\树叶\上\的\佛教\经文\。\它\最早\起源于\古代\印度\公元\世纪\前后\传入\斯里兰卡\复经\缅甸\、\泰国\传入\我国\云南省\西南\边疆地区\。\现在\发现\有\贝叶经\文\遗存\的\国家\除\中国\以外\还有\印度\、\泰国\、\缅甸\、\老挝\、\斯里兰卡\等国\。\调查\显示\云南省\西双版纳\、\思茅\、\临沧\、\德宏\一带\是\较为\完整\地\继承\了\贝叶经制作技艺\的\地区\除\傣文\贝叶经\外\这里\还\发现\了\用\老挝\文\、\缅甸\文\、\泰国\文\刻写\的\贝叶经\。\在\西双版纳\发现\的\贝叶经\有\巴利文\本\和\傣\文本\两种\其\规格\包括\每页\四行\式\、\五行\式\、\六行\式\和\八行\式\四种\。\傣族\人民\除\利用\加工\后\的\贝叶\刻写\佛教\经文\外\还\将\傣族\的\天文\历法\、\社会历史\、\法规\、\民俗\、\医药\、\生产\、\生活\、\伦理道德\、\文学艺术\等\内容\大量\记录\在\上面\。\贝叶经\是\傣族\传统文化\的\重要\载体\具有\重要\的\史学\、\民族学\研究\价值\。\傣族\人民\对\傣文\贝叶经\倍加\珍惜\视为\传世\之宝\并\誉\之\为\运载\傣族\历史\文化\的\神舟\。\贝叶经\也\是\傣族\人民\的\百科全书\西双版纳\的\许多\佛寺\和\普通\百姓家\都\虔敬\地\加以\珍藏\。,傣族
民族乐器制作技艺傣族象脚鼓制作技艺,第三批,传统技艺,云南省临沧市临翔区,傣族象脚鼓制作技艺主要流传于临沧市临翔区的个乡镇街道办事处的青华村、忙令村、勐旺村、勐准村、后寨村、忙巩村等村寨。制作象脚鼓的历史约五百多年。擅长制作象脚鼓的民间艺人近人其中代表性人物有忙畔街道办事处青华村的俸传诗等人。傣族象脚鼓制作技艺体现了象脚鼓发明初期的图腾崇拜。白象是傣家的吉祥物傣家人将传达吉祥声音的鼓制成白象腿一样形状的象脚鼓是傣族追求真善美、人与自然和谐发展的重要物证。临翔区傣族在泼水节、关门节千灯节、开门节、立幡杆节等民俗活动中都少不了象脚鼓。象脚鼓是神圣的象脚鼓在傣族地区的广泛应用已成为傣族文化传承和发展的重要载体。象脚鼓制作技艺蕴含着傣族文化深厚广博的内容其技艺与泰国、缅甸、老挝等国家的傣族有着十分密切的联系。与西双版纳、德宏等地的傣族历史文化有直接渊源。临翔区傣族象脚鼓有鲜明的特色突出中小型注重轻便型体现地域实用型。临翔区傣族象脚鼓制作技艺是宝贵的文化财富它以顽强的艺术生命力传承发展至今对中缅边境地区的傣族有较大影响。,国家级,傣族\象脚鼓制作技艺\主要\流传\于\临沧市\临翔区\的\个\乡镇\街道办事处\的\青华村\、\忙\令村\、\勐旺村\、\勐\准村\、\后\寨\村\、\忙\巩村\等\村寨\。\制作\象脚鼓\的\历史\约\五百多年\。\擅长\制作\象脚鼓\的\民间艺人\近人\其中\代表性\人物\有\忙\畔\街道办事处\青华村\的\俸\传诗\等\人\。\傣族\象脚鼓制作技艺\体现\了\象脚鼓\发明\初期\的\图腾崇拜\。\白象\是\傣家\的\吉祥物\傣家\人\将\传达\吉祥\声音\的\鼓\制成\白象\腿\一样\形状\的\象脚鼓\是\傣族\追求\真善美\、\人与自然\和谐\发展\的\重要\物证\。\临翔区\傣族\在\泼水节\、\关门节\千\灯节\、\开门节\、\立幡杆节\等\民俗\活动\中\都\少不了\象脚鼓\。\象脚鼓\是\神圣\的\象脚鼓\在\傣族\地区\的\广泛应用\已\成为\傣族\文化传承\和\发展\的\重要\载体\。\象脚鼓制作技艺\蕴含着\傣族\文化\深厚\广博\的\内容\其\技艺\与\泰国\、\缅甸\、\老挝\等\国家\的\傣族\有着\十分\密切\的\联系\。\与\西双版纳\、\德宏\等\地\的\傣族\历史\文化\有\直接\渊源\。\临翔区\傣族\象脚鼓\有\鲜明\的\特色\突出\中小型\注重\轻便型\体现\地域\实用型\。\临翔区\傣族\象脚鼓制作技艺\是\宝贵\的\文化\财富\它\以\顽强\的\艺术\生命力\传承\发展\至今\对\中\缅\边境地区\的\傣族\有\较大\影响\。,傣族
斑铜制作技艺,第二批,传统技艺,云南省曲靖市,早在先秦时代云南就以铜器制作而闻名于世。秦汉时期朱提、堂琅今云南昭通市、东川县、会泽县等地生产的朱提洗、堂琅洗等铜器行销各地为时所重。至明代云南铜器匠师采用东川附近的天然斑铜矿石用冷锻成型的方法制作成人物、动物及仿古的瓶、鼎、炉、罐、爵等斑铜制品为铜器制作开创了一条新路。铜中掺杂进金、银等其他未能全然融合的金属会出现一种特殊的辉斑形成斑铜。斑铜有深蓝、紫金、赤红等色其中最耀眼的是金黄色。匠师们用斑铜制作器物表面抛光后古铜色的底子上会显出斑彩熠熠的天然效果且各器物的斑影无一雷同。斑铜制作技艺是云南独特的传统手工艺具有很高的历史、文化价值。保护并发展斑铜制作技艺对于展现民族文化创造力具有重要意义。,国家级,早\在\先秦时代\云南\就\以\铜器\制作\而\闻名于世\。\秦汉\时期\朱提\、\堂琅今\云南\昭通市\、\东川\县\、\会泽县\等\地\生产\的\朱\提洗\、\堂琅\洗\等\铜器\行销\各地\为\时\所重\。\至\明代\云南\铜器\匠师\采用\东川\附近\的\天然\斑\铜矿\石用\冷\锻\成型\的\方法\制作\成\人物\、\动物\及\仿古\的\瓶\、\鼎\、\炉\、\罐\、\爵\等\斑\铜制品\为\铜器\制作\开创\了\一条\新路\。\铜中\掺杂\进金\、\银等\其他\未能\全然\融合\的\金属\会\出现\一种\特殊\的\辉斑\形成\斑铜\。\斑铜\有\深蓝\、\紫金\、\赤红\等色\其中\最\耀眼\的\是\金黄色\。\匠师\们\用\斑\铜\制作\器物\表面\抛光\后\古铜色\的\底子\上\会\显出\斑彩\熠熠\的\天然\效果\且\各\器物\的\斑\影无一\雷同\。\斑铜制作技艺\是\云南\独特\的\传统\手工艺\具有\很\高\的\历史\、\文化价值\。\保护\并\发展\斑铜制作技艺\对于\展现\民族文化\创造力\具有\重要\意义\。,
傣族织锦技艺,第二批,传统技艺,云南省西双版纳傣族自治州,傣族织锦是傣族先民劳动的产物是傣族传统手工艺最早期的重要品种。傣族织锦与傣族人民的日常生活及佛教信仰、鬼神崇拜等方面都有着紧密的联系在傣族社会生活中占有相当重要的位置具有独特的历史文化价值和美学价值。傣族织锦出于妇女之手体现了傣族地区男耕女织的农耕社会风习。傣族妇女劳作之余在彩锦上织造出高洁的荷花、挺立的槟榔、吉祥的孔雀、庄重的大象、威严的麒麟和龙凤、佛塔等图案表达了傣族人民对真善美的追求和向往。傣族织锦往往以白底衬托单一独立的图案或多次重复的连续图案还有些图案呈现为剪影式的侧面造型形象生动、轮廓鲜明给人以深刻的印象。此外傣族织锦还强调图案的对称性、对比性和连续性讲究疏密结合、具象和抽象结合。傣族织锦既含蓄又明朗想像丰富构思巧妙手法独特在我国织锦艺术中占有重要的一席之地。但是由于扶持、保护不力傣族织锦技艺现在正面临灭绝之境。科学、合理地保护和开发傣族织锦对于弘扬傣族的优秀文化具有不容低估的重要意义。,国家级,傣族\织锦\是\傣族\先民\劳动\的\产物\是\傣族\传统\手工艺\最\早期\的\重要\品种\。\傣族\织锦\与\傣族\人民\的\日常生活\及\佛教\信仰\、\鬼神\崇拜\等\方面\都\有着\紧密\的\联系\在\傣族\社会生活\中\占有\相当\重要\的\位置\具有\独特\的\历史\文化价值\和\美学\价值\。\傣族\织锦\出于\妇女\之手\体现\了\傣族\地区\男耕女织\的\农耕社会\风习\。\傣族\妇女\劳作\之余\在\彩锦上\织造\出\高洁\的\荷花\、\挺立\的\槟榔\、\吉祥\的\孔雀\、\庄重\的\大象\、\威严\的\麒麟\和\龙凤\、\佛塔\等\图案\表达\了\傣族\人民\对\真善美\的\追求\和\向往\。\傣族\织锦\往往\以\白底\衬托\单一\独立\的\图案\或\多次重复\的\连续\图案\还\有些\图案\呈现\为\剪影\式\的\侧面\造型\形象\生动\、\轮廓\鲜明\给人以\深刻\的\印象\。\此外\傣族\织锦\还\强调\图案\的\对称性\、\对比性\和\连续性\讲究\疏密\结合\、\具象\和\抽象\结合\。\傣族\织锦\既\含蓄\又\明朗\想像\丰富\构思\巧妙\手法\独特\在\我国\织锦\艺术\中\占有\重要\的\一席之地\。\但是\由于\扶持\、\保护\不力\傣族织锦技艺\现在\正\面临\灭绝\之境\。\科学\、\合理\地\保护\和\开发\傣族\织锦\对于\弘扬\傣族\的\优秀\文化\具有\不容\低估\的\重要\意义\。,傣族
陶器烧制技艺藏族黑陶烧制技艺,第二批,传统技艺,云南省迪庆藏族自治州,藏族黑陶烧制技艺历史悠久特色显著主要分布于云南省迪庆藏族自治州香格里拉县尼西乡汤堆村、四川省稻城县赤土乡阿西村和青海省玉树地区囊谦县等藏民居住区。迪庆藏族自治州香格里拉县尼西乡汤堆村村民具有烧制黑陶的传统手工艺这一技艺在当地的传承历史悠久具有较高的研究价值。近年来在文化旅游开发的环境下汤堆村的原始制陶业得到发展。汤堆村的藏族黑陶烧制工艺采用黏性大、可塑性强的白色和红色陶土加上风化沙石研磨而成的石粉混合形成制坯原料。其制作工具以木拍、木刮、木垫、木榔头等为主极其原始和简单。与此相比烧制工艺就显得十分讲究了。烧制黑陶要依次经过选土、练土、制坯、镶瓷、磨光、装饰、阴干、烧制、渗炭、防裂等道工艺。制作陶坯采用泥条盘筑的方法技术要求较高。先是取揉拌均匀的陶土用木拍打成条状后置于基座上而后再根据所需器物的形制用手捏出轮廓接着磨光内外器壁和沿口然后镶嵌白瓷片点饰动物和几何纹图案最后高温烧制约一小时后即成成品。汤堆村藏族黑陶手工艺产品大致可分为日常生活用品和宗教用具两大类它品种齐全用途广泛藏族人民使用的各种餐具、炊具、茶具、酒具、饮具及香炉、酥油灯等均一应俱全。这种陶器融使用性、观赏性、工艺性为一体充分显示了藏族民间陶艺的创造力和表现力。四川省甘孜藏族自治州稻城县赤土乡阿西村烧制藏族黑陶。阿西黑陶以当地泥土加上其他两种泥土混合成原料然后借助捏、捶、敲、打等手工技艺使之成型再用碎瓷片装饰花纹。这些步骤完成后架起松柴点火烧制黄褐色的陶土在此过程中变为黑色。烧制成的陶锅、陶罐、陶盆、陶壶、陶瓶都是藏族人民不可或缺的生活用具。最初藏民以陶锅等换取粮食和其他物品现在阿西黑陶已走向市场成为具有鲜明地方特色的手工制品。青海省囊谦县是玉树文明的发祥地历史悠久文化灿烂。囊谦藏族黑陶是囊谦地区传统的手工艺品主要产于囊谦县山荣村。相传囊谦藏族黑陶技艺是唐代文成公主进藏和亲途经玉树地区时流传到当地的从这个角度来看它是藏汉文化融合的结晶。囊谦藏族黑陶采用原始手工方式制作选材讲究用当地纯净细腻的红胶土和黏土为原料经手工捣碎、筛选、拉坯、晾晒、修整、压光、绘制等工艺制成坯体封存于大陶罐中然后采用独特的封罐熏烟渗碳方法烧制。烧制时严格控制温度和湿度使碳粒在烟熏过程中渗入陶坯最后成为黑如碳硬如瓷的黑陶。囊谦藏族黑陶制品目前主要包括坛罐、壶、香炉、酥油灯具及宗教用品等其中以宗教用品和贡品最为精致。囊谦藏族黑陶烧制技艺在藏文化发展史和藏汉文化交流史的研究方面都具有较高的学术价值,国家级,藏族\黑陶\烧制\技艺\历史悠久\特色\显著\主要\分布\于\云南省迪庆藏族自治州\香格里拉县\尼\西乡\汤堆\村\、\四川省\稻城县\赤土\乡\阿\西村\和\青海省\玉树\地区\囊谦县\等\藏民\居住区\。\迪庆藏族自治州\香格里拉县\尼\西乡\汤堆\村\村民\具有\烧制\黑陶\的\传统\手工艺\这一\技艺\在\当地\的\传承\历史悠久\具有\较\高\的\研究\价值\。\近年来\在\文化\旅游\开发\的\环境\下汤\堆村\的\原始\制陶\业\得到\发展\。\汤堆\村\的\藏族\黑陶\烧制\工艺\采用\黏性\大\、\可塑性\强\的\白色\和\红色\陶土\加上\风化\沙石\研磨\而成\的\石粉\混合\形成\制坯\原料\。\其\制作\工具\以木\拍\、\木刮\、\木垫\、\木\榔头\等\为主\极其\原始\和\简单\。\与\此\相比\烧制\工艺\就\显得\十分\讲究\了\。\烧制\黑陶\要\依次\经过\选土\、\练土\、\制坯\、\镶瓷\、\磨光\、\装饰\、\阴干\、\烧制\、\渗炭\、\防裂\等\道\工艺\。\制作\陶坯\采用\泥条\盘筑\的\方法\技术\要求\较\高\。\先是\取\揉\拌\均匀\的\陶土\用木\拍打\成\条状\后\置于\基座\上\而后\再\根据\所\需\器物\的\形制\用手\捏\出\轮廓\接着\磨光\内外\器壁\和\沿口\然后\镶嵌\白\瓷片\点饰\动物\和\几何\纹\图案\最后\高温\烧制\约\一\小时\后\即成\成品\。\汤堆\村\藏族\黑陶\手工艺\产品\大致\可\分为\日常\生活用品\和\宗教\用具\两大类\它\品种齐全\用途\广泛\藏族\人民\使用\的\各种\餐具\、\炊具\、\茶具\、\酒具\、\饮具\及\香炉\、\酥油灯\等\均\一应俱全\。\这种\陶器\融\使用\性\、\观赏性\、\工艺性\为\一体\充分\显示\了\藏族\民间\陶艺\的\创造力\和\表现力\。\四川省\甘孜藏族自治州\稻城县\赤土\乡\阿\西村\烧制\藏族\黑陶\。\阿西\黑陶\以\当地\泥土\加上\其他\两种\泥土\混合\成\原料\然后\借助\捏\、\捶\、\敲\、\打\等\手工\技艺\使\之\成型\再用\碎\瓷片\装饰\花纹\。\这些\步骤\完成\后\架起\松柴\点火\烧制\黄褐色\的\陶土\在\此\过程\中\变为\黑色\。\烧制\成\的\陶锅\、\陶罐\、\陶盆\、\陶壶\、\陶瓶\都\是\藏族\人民\不可或缺\的\生活\用具\。\最初\藏民\以陶锅\等\换取\粮食\和\其他\物品\现在\阿西\黑陶\已\走向市场\成为\具有\鲜明\地方\特色\的\手工\制品\。\青海省\囊谦县\是\玉树\文明\的\发祥地\历史悠久\文化\灿烂\。\囊谦\藏族\黑陶\是\囊谦\地区\传统\的\手工艺品\主要\产于\囊谦县\山荣村\。\相传\囊谦\藏族\黑陶\技艺\是\唐代\文成公主\进藏\和亲\途经\玉树\地区\时\流传\到\当地\的\从\这个\角度\来看\它\是\藏汉\文化融合\的\结晶\。\囊谦\藏族\黑陶\采用\原始\手工\方式\制作\选材\讲究\用\当地\纯净\细腻\的\红胶\土\和\黏土\为\原料\经\手工\捣碎\、\筛选\、\拉坯\、\晾晒\、\修整\、\压光\、\绘制\等\工艺\制成\坯体\封存\于\大\陶罐\中\然后\采用\独特\的\封罐\熏烟\渗碳\方法\烧制\。\烧制\时\严格控制\温度\和\湿度\使\碳粒\在\烟熏\过程\中\渗入\陶坯\最后\成为\黑如碳\硬\如瓷\的\黑陶\。\囊谦\藏族\黑陶\制品\目前\主要\包括\坛\罐\、\壶\、\香炉\、\酥油灯\具及\宗教用品\等\其中\以\宗教用品\和\贡品\最为\精致\。\囊谦\藏族\黑陶\烧制\技艺\在\藏\文化\发展史\和\藏汉\文化\交流史\的\研究\方面\都\具有\较\高\的\学术\价值,藏族
陶器烧制技艺建水紫陶烧制技艺,第二批,传统技艺,云南省建水县,建水县位于云南省南部被誉为中国名陶的建水陶器就产于该县碗窑村。碗窑村烧制建水紫陶的技艺始于清代道光年间但此前碗窑村在宋元时代就已能够烧制一般陶器遗存至今的元代龙窑和陶器残片即是明证。碗窑村以烧制陶器而得名现有近三千人从事陶器生产。建水陶器烧制技艺由制泥、手工拉坯、湿坯装饰、雕刻填泥、高温烧制、无釉磨光等工艺组成。建水陶器所用的陶土呈紫色故又称紫陶。成品无铅无毒具有良好的透气性能其品质明净如镜叩之清脆如磬。建水陶器多以传统中国书法、绘画作为装饰风格古朴高雅文气盎然。,国家级,建水县\位于\云南省\南部\被誉为\中国\名陶\的\建水\陶器\就\产于\该县\碗\窑村\。\碗\窑村\烧制\建水\紫陶\的\技艺\始于\清代\道光\年间\但\此前\碗\窑\村\在\宋元\时代\就\已\能够\烧制\一般\陶器\遗存\至今\的\元代\龙窑\和\陶器\残片\即\是\明证\。\碗\窑\村以\烧制\陶器\而\得名\现有\近\三千\人\从事\陶器\生产\。\建水\陶器\烧制\技艺\由制\泥\、\手工\拉坯\、\湿坯\装饰\、\雕刻\填泥\、\高温\烧制\、\无釉\磨光\等\工艺\组成\。\建水\陶器\所用\的\陶土\呈\紫色\故又称\紫陶\。\成品\无铅\无毒\具有\良好\的\透气性\能\其\品质\明净\如镜\叩\之\清脆\如磬\。\建水\陶器\多以\传统\中国\书法\、\绘画\作为\装饰\风格\古朴\高雅\文气\盎然\。,
傣族、纳西族手工造纸技艺,第一批,传统技艺,云南省香格里拉县,纳西族东巴纸又称白地纸其制作技艺较为独特现保存于迪庆藏族自治州香格里拉县三坝纳西族乡的白地村。白地即白水台是纳西族东巴文化的发祥地东巴纸是东巴最重要的写经用纸在滇西北各族中久负盛名。东巴纸的原料采自当地独有的植物原料阿当达经鉴定为瑞香科丽江荛花。其造纸过程由采集原料、晒干、浸泡、蒸煮、洗涤、舂料、再舂料、浇纸、贴纸、晒纸等工序组成主要工具有纸帘、木框、晒纸木板、木臼等。东巴纸的活动纸帘较为特殊晒纸过程明显受到浇纸法的影响又有抄纸法的痕迹是中国造纸术与印巴次大陆造纸法兼容并蓄的结果。白地东巴纸色白质厚不易遭虫蛀可长期保存用它书写的东巴经典据世纪年代的调查有五千多卷。白地东巴纸为弘扬东巴文化作出了卓著贡献从工艺史角度来看它又是研究我国手工造纸的难得实例。纳西族造纸技艺有传子不传女的传统一向以家庭作坊进行生产且不外传故在现代商业社会的压迫下随时都有消亡的可能急需抢救和保护。,国家级,纳西族\东巴\纸\又称\白地\纸其\制作\技艺\较为\独特\现\保存\于\迪庆藏族自治州\香格里拉县\三坝\纳西族\乡\的\白地\村\。\白地\即\白水台\是\纳西族\东巴文化\的\发祥地\东巴\纸\是\东巴\最\重要\的\写经\用纸\在\滇西北\各族\中\久负盛名\。\东巴\纸\的\原料\采自\当地\独有\的\植物\原料\阿当\达经\鉴定\为\瑞香\科\丽江\荛\花\。\其\造纸\过程\由\采集\原料\、\晒干\、\浸泡\、\蒸煮\、\洗涤\、\舂\料\、\再\舂\料\、\浇纸\、\贴纸\、\晒纸\等\工序\组成\主要\工具\有纸\帘\、\木框\、\晒纸\木板\、\木臼\等\。\东巴\纸\的\活动\纸帘\较为\特殊\晒纸\过程\明显\受到\浇纸法\的\影响\又\有\抄\纸法\的\痕迹\是\中国\造纸术\与\印巴\次大陆\造纸\法\兼容并蓄\的\结果\。\白地\东巴\纸色\白质\厚\不易\遭\虫蛀\可\长期\保存\用\它\书写\的\东巴\经典\据\世纪\年代\的\调查\有\五千多\卷\。\白地\东巴\纸为\弘扬\东巴文化\作出\了\卓著\贡献\从\工艺\史\角度\来看\它\又\是\研究\我国\手工\造纸\的\难得\实例\。\纳西族\造纸\技艺\有\传子\不\传女\的\传统\一向\以\家庭\作坊\进行\生产\且\不\外传\故\在\现代\商业\社会\的\压迫\下\随时\都\有\消亡\的\可能\急需\抢救\和\保护\。,纳西族
阿昌族户撒刀锻制技艺,第一批,传统技艺,云南省陇川县,阿昌族户撒刀锻制技艺流传于云南省德宏傣族景颇族自治州陇川县西北部的户撒乡主要集中在潘乐、户早、隆光、相姐、明社、曼炳个村。户撒刀是阿昌族人智慧的结晶其先民在唐代就掌握了锻制和铸造铁器的要领明代三征麓川时使户撒成为了兵工厂。阿昌族人吸收了汉族的兵器制造技术形成独特的户撒刀锻制工艺明末清初走向成熟民国年间生产达到鼎盛。户撒刀制作过程须经下料、制坯、打样、修磨、饰叶、淬火、创光、做柄、制带、组装等道工序尤以淬火技艺最为突出通过热处理使刀叶的硬度和韧性达到最佳状态如史所称是柔可绕指吹发即断刚可削铁。户撒刀品种繁多功能多样现已发展出生产工具、生活用具及装饰性工艺品三大类一百二十多种。除服务周边民族和邻近地区及远销西藏、青海外还出口东南亚地区为守疆固邦和促进各民族经济文化共同发展作出了积极的贡献。但是在外来文化和社会经济转型的压力下户撒刀制作的传统技艺和设备有被现代机械及原材料替代之势加上老艺人年事已长后继乏人阿昌族户撒刀技艺面临失传的危险急需抢救和保护。,国家级,阿昌族户撒刀锻制技艺\流传\于\云南省德宏傣族景颇族自治州\陇川县\西北部\的\户\撒乡\主要\集中\在\潘乐\、\户早\、\隆光\、\相姐\、\明社\、\曼炳个\村\。\户撒刀\是\阿昌族\人\智慧\的\结晶\其\先民\在\唐代\就\掌握\了\锻制\和\铸造\铁器\的\要领\明代\三征麓川\时\使户\撒\成为\了\兵工厂\。\阿昌族\人\吸收\了\汉族\的\兵器\制造\技术\形成\独特\的\户撒刀\锻制\工艺\明末清初\走向\成熟\民国\年间\生产\达到\鼎盛\。\户撒刀\制作\过程\须经\下\料\、\制坯\、\打样\、\修磨\、\饰叶\、\淬火\、\创光\、\做\柄\、\制带\、\组装\等\道工序\尤\以\淬火\技艺\最为\突出\通过\热处理\使刀叶\的\硬度\和\韧性\达到最佳\状态\如史\所称\是\柔\可绕\指\吹发\即断\刚\可削\铁\。\户撒刀\品种繁多\功能\多样\现已\发展\出\生产工具\、\生活\用具\及\装饰性\工艺品\三大类\一百二十\多种\。\除\服务\周边\民族\和\邻近地区\及\远销\西藏\、\青海\外\还\出口\东南亚地区\为守疆\固邦\和\促进\各\民族经济\文化\共同\发展\作出\了\积极\的\贡献\。\但是\在\外来文化\和\社会\经济\转型\的\压力\下\户撒刀\制作\的\传统\技艺\和\设备\有\被\现代\机械\及\原材料\替代\之势\加上\老\艺人\年事\已长\后继乏人\阿昌族\户撒刀\技艺\面临\失传\的\危险\急需\抢救\和\保护\。,阿昌族
苗族芦笙制作技艺,第一批,传统技艺,云南省大关县,芦笙是深受苗族群众喜爱的多簧气鸣乐器它不仅用于民间娱乐也是和木鼓、铜鼓一样具有盛名的圣器。民间认为芦笙能带来风调雨顺、五谷丰登还能够与神灵沟通与先祖交流。芦笙的历史久远《楚辞》、《新唐书》、《黔书》等典籍都有记载。在贵州省凯里市舟溪镇新光村居住着户潘姓苗族居民现今还有户芦笙工匠。据新光现存的家谱记载他们这一支人到新光定居已经有十九代应有五百多年了。工匠们祖祖辈辈制作芦笙使用简单的工具、本地出产的竹木和采购来的响铜制作出造型优美、音质优良的芦笙。新光是远近闻名的芦笙村也是国内唯一的制作可手持演奏的特大芦笙的地方被贵州省文化厅命名为芦笙制作艺术之乡。凯里新光制作的苗族传统芦笙为六管芦笙沿用中国传统的五声音阶。响铜簧片气鸣发音其音准的高低全凭制作工匠特有的辨音能力来确定他们手工制作的簧片就能够使所有的主奏芦笙的音准绝对相同每组支芦笙合奏也符合和声学原理。新光苗族芦笙制作技艺的诀窍和绝技父传子、子传孙世代相传学习者只能在实践中靠自身的悟性和感觉不断积累经验、逐渐体会。凭着聪慧的头脑和灵巧的双手他们制作的芦笙不仅是乐器还是精美的工艺品。,国家级,芦笙\是\深受\苗族\群众\喜爱\的\多\簧\气鸣乐器\它\不仅\用于\民间\娱乐\也\是\和\木鼓\、\铜鼓\一样\具有\盛名\的\圣器\。\民间\认为\芦笙\能\带来\风调雨顺\、\五谷丰登\还\能够\与\神灵\沟通\与\先祖\交流\。\芦笙\的\历史\久远\《\楚辞\》\、\《\新唐书\》\、\《\黔书\》\等\典籍\都\有\记载\。\在\贵州省\凯里市\舟溪镇\新光\村\居住\着\户\潘姓\苗族\居民\现今\还有\户\芦笙\工匠\。\据\新光\现存\的\家谱\记载\他们\这\一支\人到\新光\定居\已经\有\十九代\应有\五百多年\了\。\工匠\们\祖祖辈辈\制作\芦笙\使用\简单\的\工具\、\本地\出产\的\竹木\和\采购\来\的\响\铜制\作出\造型\优美\、\音质\优良\的\芦笙\。\新光\是\远近闻名\的\芦笙\村\也\是\国内\唯一\的\制作\可\手持\演奏\的\特大\芦笙\的\地方\被\贵州省\文化厅\命名\为\芦笙\制作\艺术\之\乡\。\凯里\新光\制作\的\苗族\传统\芦笙\为六管\芦笙\沿用\中国\传统\的\五声\音阶\。\响\铜\簧片\气鸣\发音\其\音准\的\高低\全凭\制作\工匠\特有\的\辨音\能力\来\确定\他们\手工\制作\的\簧片\就\能够\使\所有\的\主奏\芦笙\的\音准\绝对\相同\每组\支\芦笙\合奏\也\符合\和声学\原理\。\新光\苗族芦笙制作技艺\的\诀窍\和\绝技\父传子\、\子传孙\世代相传\学习者\只能\在实践中\靠\自身\的\悟性\和\感觉\不断\积累\经验\、\逐渐\体会\。\凭着\聪慧\的\头脑\和\灵巧\的\双手\他们\制作\的\芦笙\不仅\是\乐器\还是\精美\的\工艺品\。,苗族
白族扎染技艺,第一批,传统技艺,云南省大理市,扎染古称绞缬是我国一种古老的纺织品染色技艺。大理白族自治州大理市周城村和巍山彝族回族自治县的大仓、庙街等地至今仍保留着这一传统技艺其中以周城白族的扎染业最为著名被文化部命名为民族扎染之乡。据史书记载东汉时期大理地区就有染织之法。唐贞元十六年南诏舞队到长安献艺所着舞衣裙襦鸟兽草木文以八彩杂革即为扎染而成。明清时期洱海白族地区的染织技艺已到达很高水平出现了染布行会明朝洱海卫红布、清代喜洲布和大理布均是名噪一时的畅销产品。近代以来大理染织业继续发展周城成为远近闻名的手工织染村。扎染一般以棉白布或棉麻混纺白布为原料染料主要是植物蓝靛云南民间俗称板兰根。扎染的主要步骤有画刷图案、绞扎、浸泡、染布、蒸煮、晒干、拆线、碾布等技术关键是绞扎手法和染色技艺染缸、染棒、晒架、石碾等是扎染的主要工具。白族扎染品种多样图案多为自然形的小纹样分布均匀题材寓意吉祥具有重要的美学价值和实用功能深受国内外消费者的好评。大理白族扎染显示出浓郁的民间艺术风格一千多种纹样是千百年来白族历史文化的缩影折射出白族的民情风俗与审美情趣与各种工艺手段一起构成富有魅力的大理白族织染文化。但是当前产业化的趋势使部分传统扎染技艺走向消亡原有的民间特色开始退化污染问题日益突出市场经营滋生了对经济利益的过度追求植物染料板兰根供不应求。在此情势下白族扎染技艺的传承受到困扰。只有认真解决上述问题才能促进大理传统白族织染技艺的传承和发展。,国家级,扎染\古称\绞缬\是\我国\一种\古老\的\纺织品\染色\技艺\。\大理白族自治州\大理市\周城村\和\巍山彝族回族自治县\的\大仓\、\庙街\等\地\至今\仍\保留\着\这\一\传统\技艺\其中\以\周城\白族\的\扎染\业\最为\著名\被\文化部\命名\为\民族\扎染\之\乡\。\据\史书\记载\东汉时期\大理\地区\就\有\染织\之\法\。\唐贞元\十六年\南诏\舞队\到\长安\献艺\所\着\舞\衣裙\襦\鸟兽\草木\文以\八彩\杂革\即\为\扎染\而成\。\明清\时期\洱海\白族\地区\的\染织\技艺\已\到达\很\高水平\出现\了\染布\行会\明朝\洱海\卫\红布\、\清代\喜洲布\和\大理\布均\是\名噪一时\的\畅销\产品\。\近代\以来\大理\染织\业\继续\发展\周城\成为\远近闻名\的\手工\织染村\。\扎染\一般\以棉\白布\或\棉麻\混纺\白布\为\原料\染料\主要\是\植物\蓝靛\云南\民间\俗称\板\兰根\。\扎染\的\主要\步骤\有画\刷\图案\、\绞扎\、\浸泡\、\染布\、\蒸煮\、\晒干\、\拆线\、\碾布\等\技术\关键\是\绞\扎\手法\和\染色\技艺\染缸\、\染棒\、\晒架\、\石\碾\等\是\扎染\的\主要\工具\。\白族\扎染\品种\多样\图案\多为\自然形\的\小\纹样\分布\均匀\题材\寓意\吉祥\具有\重要\的\美学\价值\和\实用功能\深受\国内外\消费者\的\好评\。\大理\白族\扎染\显示\出\浓郁\的\民间艺术\风格\一千\多种\纹样\是\千百年来\白族\历史\文化\的\缩影\折射出\白族\的\民情\风俗\与\审美\情趣\与\各种\工艺\手段\一起\构成\富有\魅力\的\大理\白族\织染\文化\。\但是\当前\产业化\的\趋势\使\部分\传统\扎染\技艺\走向\消亡\原有\的\民间\特色\开始\退化\污染\问题\日益突出\市场\经营\滋生\了\对\经济\利益\的\过度\追求\植物\染料\板\兰根\供不应求\。\在\此\情势\下\白族扎染技艺\的\传承\受到\困扰\。\只有\认真\解决\上述\问题\才能\促进\大理\传统\白族\织染\技艺\的\传承\和\发展\。,白族
傣族慢轮制陶技艺,第一批,传统技艺,云南省西双版纳傣族自治州,云南有长达四千余年的制陶史西双版纳傣族自治州的景洪曼斗寨、勐罕曼峦站寨、勐海曼扎寨及勐龙寨等地均保留着较为完整的傣族传统制陶技艺。傣族自古喜爱用陶制陶在傣语中称为板磨俗称土锅。明初钱祖训所著《百夷传》称傣族惟陶冶之器是用。与其他民族不同的是傣族制陶是由妇女世代相承的。其主要工具有转轮、木拍、竹刮、石球等主要技艺流程包括舂土、筛土、拌沙、渗水、安装转盘、制坯、打坯、干燥、准备烧陶、烧陶等环节所生产的陶器按其用途可分为生活用具、建材、赕佛用具等种类。傣族制陶技艺最突出的特色为慢轮手工制作器物表面均用有纹的木拍拍打出印纹这与南方新石器遗址出土的印纹陶器相一致。傣族陶器在用料上亦有讲究主要以泥土加砂石料来改善成型性能。其焙烧方式也有自己的特点包括露天焙烧和封闭半焙烧等多种方法。成坯方法呈多样化特点有无转轮制坯、脚趾拨动慢轮、手拨动转轮等方式。这些远古时期的制陶技术至今仍为傣族传承使用。世纪年代末期以来国内外著名的考古学家多次对傣族制陶进行专门调查认为傣族传统制陶是我国原始陶艺的代表是解开中国新石器时代烧陶之谜的钥匙。但是随着现代化进程的深入除了少量用于建筑物屋脊的装饰品和佛教礼器外在其他场合已不大容易看得到传统的傣族陶器。另外陶器制作的经济效益不理想所以学习和从事制陶技艺的人越来越少。在西双版纳只有少数村寨的几户人家还会制作陶器原始制陶术已处于即将消亡的状态亟待拯救和保护。,国家级,云南\有长\达\四千余\年\的\制陶\史\西双版纳傣族自治州\的\景洪\曼斗寨\、\勐罕曼峦\站\寨\、\勐海\曼\扎寨\及勐龙\寨\等\地\均\保留\着\较为\完整\的\傣族传统制陶技艺\。\傣族\自古\喜爱\用陶\制陶\在\傣语\中\称为\板磨\俗称\土锅\。\明初\钱\祖训\所著\《\百夷传\》\称\傣族\惟\陶冶\之器\是\用\。\与\其他\民族\不同\的\是\傣族\制陶\是\由\妇女\世代\相承\的\。\其\主要\工具\有\转轮\、\木拍\、\竹\刮\、\石球\等\主要\技艺\流程\包括\舂\土\、\筛土\、\拌\沙\、\渗水\、\安装\转盘\、\制坯\、\打坯\、\干燥\、\准备\烧陶\、\烧陶\等\环节\所\生产\的\陶器\按\其\用途\可\分为\生活\用具\、\建材\、\赕佛\用具\等\种类\。\傣族\制陶\技艺\最\突出\的\特色\为\慢轮\手工\制作\器物\表面\均\用\有\纹\的\木\拍拍\打出\印纹\这\与\南方\新石器\遗址\出土\的\印纹陶\器\相一致\。\傣族\陶器\在\用料\上\亦\有\讲究\主要\以\泥土\加\砂石\料来\改善\成型\性能\。\其\焙烧\方式\也\有\自己\的\特点\包括\露天\焙烧\和\封闭\半\焙烧\等\多种\方法\。\成坯\方法\呈\多样化\特点\有无\转轮\制坯\、\脚趾\拨动\慢轮\、\手\拨动\转轮\等\方式\。\这些\远古\时期\的\制陶\技术\至今\仍为\傣族\传承\使用\。\世纪\年代\末期\以来\国内外\著名\的\考古学家\多次\对\傣族\制陶\进行\专门调查\认为\傣族\传统\制陶\是\我国\原始\陶艺\的\代表\是\解开\中国\新石器\时代\烧陶\之谜\的\钥匙\。\但是\随着\现代化\进程\的\深入\除了\少量\用于\建筑物\屋脊\的\装饰品\和\佛教\礼器\外\在\其他\场合\已\不大\容易\看\得到\传统\的\傣族\陶器\。\另外\陶器\制作\的\经济效益\不\理想\所以\学习\和\从事\制陶\技艺\的\人\越来越少\。\在\西双版纳\只有\少数\村寨\的\几户\人家\还会\制作\陶器\原始\制陶\术\已\处于\即将\消亡\的\状态\亟待\拯救\和\保护\。,傣族
建筑彩绘白族民居彩绘,第二批,传统美术,云南省大理市,建筑彩绘是一种相当宽泛的说法它的一层含义与人们通常的理解相同是指利用色彩、涂料、油漆等原料在建筑物墙体上平面描绘图像另一层含义则是指借助土、石、木、布、纸、陶等材料对建筑物及其内部陈设进行装饰。基于地理和民俗的原因中国各地区、各民族的建筑彩绘在整体风格和细节处理等方面存在着非常明显的差异从材质、手法、色彩到内容都体现出浓郁的地方特色充分显示了劳动大众因地制宜的聪明才智。流行于云南省大理市一带的白族民居彩绘是大理白族文化的一朵奇葩它内涵丰富形式讲究风格朴素而不失庄重不仅用以进行神祠、庙宇和大型古建筑群体的装饰而且广泛应用于白族民居建筑。大理境内的白族建筑多为土木结构往往呈现青砖、白墙、灰瓦的外观。与此相协调建筑彩绘的色彩也以黑、白、灰为主着重突出素白这一白族民居建筑的主体色调。白族民居多在大门、照壁、山墙、腰线、龙马角等部位饰以精致的彩绘其中香草纹、如意云纹和回纹三种图案出现最多成为彩绘中最具民族特色的部分。除彩绘图案外白族民居还多在大门和屋檐部位装饰以木雕做到雕画结合。照壁则以泥作斗拱部分泥作浮雕。白族民居彩绘是白族建筑艺术的精华部分它深受汉文化影响将北方建筑的恢弘大气和南方建筑的精巧别致有机地融为一体洋溢着浓郁的民族风情成为白族文化与汉族文化交流的印证。这些民居彩绘大大增强了房屋建筑的美感生动地反映着白族人民健康向上的民族精神。,国家级,建筑\彩绘\是\一种\相当\宽泛\的\说法\它\的\一层\含义\与\人们\通常\的\理解\相同\是\指\利用\色彩\、\涂料\、\油漆\等\原料\在\建筑物\墙体\上\平面\描绘\图像\另\一层\含义\则\是\指\借助\土\、\石\、\木\、\布\、\纸\、\陶等\材料\对\建筑物\及其\内部\陈设\进行\装饰\。\基于\地理\和\民俗\的\原因\中国\各\地区\、\各\民族\的\建筑\彩绘\在\整体\风格\和\细节\处理\等\方面\存在\着\非常明显\的\差异\从\材质\、\手法\、\色彩\到\内容\都\体现\出\浓郁\的\地方\特色\充分\显示\了\劳动\大众\因地制宜\的\聪明才智\。\流行\于\云南省\大理市\一带\的\白族民居彩绘\是\大理\白族\文化\的\一朵\奇葩\它\内涵\丰富\形式\讲究\风格\朴素\而\不失\庄重\不仅\用以\进行\神祠\、\庙宇\和\大型\古建筑\群体\的\装饰\而且\广泛应用\于\白族\民居\建筑\。\大理\境内\的\白族\建筑\多为\土\木结构\往往\呈现\青砖\、\白墙\、\灰瓦\的\外观\。\与\此\相\协调\建筑\彩绘\的\色彩\也\以\黑\、\白\、\灰\为主\着重\突出\素白\这一\白族\民居\建筑\的\主体\色调\。\白族\民居\多\在\大门\、\照壁\、\山墙\、\腰线\、\龙马\角\等\部位\饰以\精致\的\彩绘\其中\香草\纹\、\如意\云纹\和\回纹\三种\图案\出现\最\多\成为\彩绘\中\最具\民族特色\的\部分\。\除\彩绘\图案\外\白族\民居\还\多\在\大门\和\屋檐\部位\装饰\以\木雕\做到\雕画\结合\。\照壁\则\以\泥作\斗拱\部分\泥作\浮雕\。\白族民居彩绘\是\白族\建筑\艺术\的\精华\部分\它\深受\汉\文化\影响\将\北方\建筑\的\恢弘\大气\和\南方\建筑\的\精巧\别致\有机\地\融为一体\洋溢着\浓郁\的\民族风情\成为\白族\文化\与\汉族\文化交流\的\印证\。\这些\民居\彩绘\大大\增强\了\房屋建筑\的\美感\生动\地\反映\着\白族\人民\健康\向上\的\民族\精神\。,白族
彝族撒尼刺绣,第二批,传统美术,云南省石林彝族自治县,彝族撒尼刺绣也叫撒尼十字绣彝语称为拿窝是流行于云南省石林彝族自治县彝族支系撒尼人聚居区的一种民间刺绣艺术。相传彝族撒尼刺绣起源于唐宋时期明清两代趋于成熟。它在撒尼人的日常生活中占有十分重要的地位。撒尼妇女自幼习绣个个巧艺在手。经过世代传承和不断发展撒尼刺绣艺术日臻完善。撒尼刺绣按布纹的经纬运针走线以斜十字针组成花纹有单挑、双面挑、素色挑、彩色挑等多种手法所绣制的多系背包、桌布、窗帘和花包头、花围腰、服饰花边等生活日用品。撒尼刺绣针脚细密工艺精湛图案构思巧妙组织匀称色彩明丽充分显露出撒尼人的聪明才智和艺术创造力带有鲜明的民族风格和地方特色。,国家级,彝族\撒尼\刺绣\也\叫\撒尼\十字绣\彝语\称为\拿\窝\是\流行\于\云南省\石林彝族自治县\彝族\支系\撒尼\人\聚居区\的\一种\民间\刺绣\艺术\。\相传\彝族\撒尼\刺绣\起源于\唐宋\时期\明清两代\趋于\成熟\。\它\在\撒尼\人\的\日常生活\中\占有\十分\重要\的\地位\。\撒尼\妇女\自幼\习绣\个个\巧艺\在手\。\经过\世代\传承\和\不断\发展\撒尼\刺绣\艺术\日臻完善\。\撒尼\刺绣\按\布纹\的\经纬\运针\走线\以\斜\十字\针\组成\花纹\有\单挑\、\双面\挑\、\素色\挑\、\彩色\挑\等\多种\手法\所\绣制\的\多系\背包\、\桌布\、\窗帘\和\花\包头\、\花围\腰\、\服饰\花边\等\生活\日用品\。\撒尼\刺绣\针脚\细密\工艺\精湛\图案\构思\巧妙\组织\匀称\色彩\明丽\充分\显露出\撒尼\人\的\聪明才智\和\艺术\创造力\带有\鲜明\的\民族风格\和\地方\特色\。,彝族
木雕剑川木雕,第三批,传统美术,云南省剑川县,剑川木雕已有一千多年的历史具有浓郁的地方民族特色。根据史料记载唐代时剑川木匠就承担了南诏五华楼木雕构件的制作工作宋代曾有剑川木雕艺人进京献艺轰动京华。清代学者张泓在其《滇南新语》中记述滇之七十余县及邻滇之川黔桂等省善规矩斧凿者随地皆剑民也。可见当时剑川木雕木匠之众多流传之普遍。中华人民共和国成立后剑川木雕有了很大的发展。首都人民大会堂、民族文化宫等重要建筑都饰有剑川木雕。现今已发展成嵌石木雕家具、工艺挂屏和座屏系列、格子门系列、古建筑及室内装饰装修、旅游工艺品小件、现代家具六个门类二百六十多个花色品种是集艺术价值、观赏价值、珍藏价值和实用价值于一身的传统文化产品。剑川木雕充分展示了白族人民高度的艺术水平和文化涵养将原有的粗犷、豪放的风格和江南木雕的细腻、精巧等糅为一体成为全国木雕重要派别之一。剑川木雕工艺生存空间的传统文化深厚不但有至今仍在盛行的八月初八木匠祖师鲁班会还有全国数量最多广为流传的木匠故事、木匠歌谣、叙事长诗等对白族历史、工艺发展等情况的研究都具有重要价值。,国家级,剑川木雕\已有\一千多年\的\历史\具有\浓郁\的\地方\民族特色\。\根据\史料\记载\唐代\时\剑川\木匠\就\承担\了\南诏\五华楼\木雕\构件\的\制作\工作\宋代\曾\有\剑川木雕\艺人\进京\献艺\轰动\京华\。\清代\学者\张泓\在\其\《\滇南\新语\》\中\记述\滇\之\七十余\县及\邻\滇\之\川黔\桂等\省善\规矩\斧凿\者\随地\皆\剑民\也\。\可见\当时\剑川木雕\木匠\之\众多\流传\之\普遍\。\中华人民共和国\成立\后\剑川木雕\有\了\很大\的\发展\。\首都\人民大会堂\、\民族文化宫\等\重要\建筑\都\饰\有\剑川木雕\。\现今\已\发展\成\嵌石\木雕\家具\、\工艺\挂屏\和\座\屏\系列\、\格子\门\系列\、\古建筑\及\室内装饰\装修\、\旅游\工艺品\小件\、\现代\家具\六个\门类\二百六十\多个\花色品种\是\集\艺术\价值\、\观赏价值\、\珍藏\价值\和\实用价值\于\一身\的\传统文化\产品\。\剑川木雕\充分\展示\了\白族\人民\高度\的\艺术水平\和\文化\涵养\将\原有\的\粗犷\、\豪放\的\风格\和\江南\木雕\的\细腻\、\精巧\等\糅为\一体\成为\全国\木雕\重要\派别\之一\。\剑川木雕\工艺\生存空间\的\传统文化\深厚\不但\有\至今\仍\在\盛行\的\八月\初八\木匠\祖师\鲁班\会\还有\全国\数量\最\多\广为流传\的\木匠\故事\、\木匠\歌谣\、\叙事\长诗\等\对\白族\历史\、\工艺\发展\等\情况\的\研究\都\具有\重要\价值\。,白族
剪纸傣族剪纸,第一批,传统美术,云南省潞西市,傣族剪纸最早形式源于傣族祭祀仪式所用的纸幡后来在佛教文化和中原文化的影响下逐步充实发展形成完善的剪纸并被广泛应用于祭祀、赕佛、丧葬、喜庆及居家装饰等方面。在芒市几乎村村寨寨的傣族村民都能剪纸。傣族剪纸傣族剪纸以特制的剪刀、刻刀、凿子和锤子为工具其剪刀和刻刀具有尖、利、仄、薄的特点一般可剪层纸凿子和锤子有稳、钻、灵、活的特点一次可凿余层纸。傣族剪纸分剪与凿两种方法剪无需稿样随手可剪凿则需稿样按样制作。傣族剪纸的主要制品为扎、董、佛幡、挂灯、吊幢、板等多用以装饰佛殿的门窗、佛伞、佛幡及演出道具、节日彩棚、泼水龙亭等。傣族剪纸内容多与傣族所信仰的南部上座部佛教有关涉及佛经故事、民间传说和边疆风物特产等带有浓厚的生活气息和乡土风味。常见图形既有龙凤、孔雀、大象、狮子、麒麟、马鹿、骏马、游鱼及各种奇兽异鸟也有糯粘花、荷花、玫瑰花、菊花、茶花、杜鹃等花木还有亭台楼阁、佛塔寺庙等建筑形象生动图案整齐匀称美观风格粗犷有力朴实无华。傣族剪纸在当地的社会生活中占据着重要而特殊的地位从剪纸内涵到外在表现形式诸方面均折射出傣族人民的历史文化传统、审美追求和独特的民族精神。傣族剪纸在当前日新月异的社会变革中傣族剪纸面临困境。因为剪纸艺人收入低微年轻人大多不愿从事这一行业。现在傣族剪纸的传承人寥寥无几且年事已高这一特色民族艺术急需抢救和保护。年傣族剪纸入选中国第一批国家级非物质文化遗产代表性项目名录。项目代表性传承人是思华章。,国家级,傣族\剪纸\最早\形式\源于\傣族\祭祀\仪式\所用\的\纸\幡\后来\在\佛教文化\和\中原\文化\的\影响\下\逐步\充实\发展\形成\完善\的\剪纸\并\被\广泛应用\于\祭祀\、\赕佛\、\丧葬\、\喜庆\及\居家\装饰\等\方面\。\在\芒市\几乎\村村寨寨\的\傣族\村民\都\能\剪纸\。\傣族\剪纸\傣族\剪纸\以\特制\的\剪刀\、\刻刀\、\凿子\和\锤子\为\工具\其\剪刀\和\刻刀\具有\尖\、\利\、\仄\、\薄\的\特点\一般\可\剪层\纸\凿子\和\锤子\有稳\、\钻\、\灵\、\活\的\特点\一次\可凿\余层\纸\。\傣族\剪纸\分剪\与\凿\两种\方法\剪\无需\稿样\随手\可\剪\凿\则\需稿样\按样\制作\。\傣族\剪纸\的\主要\制品\为\扎\、\董\、\佛幡\、\挂灯\、\吊幢\、\板\等\多\用以\装饰\佛殿\的\门窗\、\佛伞\、\佛幡及\演出\道具\、\节日\彩棚\、\泼水\龙亭\等\。\傣族\剪纸\内容\多\与\傣族\所\信仰\的\南部\上座部佛教\有关\涉及\佛经\故事\、\民间传说\和\边疆\风物\特产\等\带有\浓厚\的\生活气息\和\乡土风味\。\常见\图形\既有\龙凤\、\孔雀\、\大象\、\狮子\、\麒麟\、\马鹿\、\骏马\、\游鱼\及\各种\奇兽\异鸟\也\有\糯粘花\、\荷花\、\玫瑰花\、\菊花\、\茶花\、\杜鹃\等\花木\还有\亭台楼阁\、\佛塔\寺庙\等\建筑\形象\生动\图案\整齐\匀称\美观\风格\粗犷\有力\朴实无华\。\傣族\剪纸\在\当地\的\社会生活\中\占据\着\重要\而\特殊\的\地位\从\剪纸\内涵\到\外\在\表现形式\诸方面\均\折射出\傣族\人民\的\历史\文化\传统\、\审美\追求\和\独特\的\民族\精神\。\傣族\剪纸\在\当前\日新月异\的\社会变革\中\傣族\剪纸\面临\困境\。\因为\剪纸\艺人\收入\低微\年轻人\大多\不愿\从事\这一\行业\。\现在\傣族\剪纸\的\传承\人\寥寥无几\且\年事已高\这一\特色\民族\艺术\急需\抢救\和\保护\。\年\傣族\剪纸\入选\中国\第一批\国家级\非物质文化\遗产\代表性\项目\名录\。\项目\代表性\传承\人\是\思\华章\。,傣族
纳西族东巴画,第一批,传统美术,云南省丽江市,东巴画是纳西族东巴文化艺术的一项重要内容流传在云南省丽江市古城区和玉龙纳西族自治县地区。以纳西族民间信奉中的神灵、传说中的祖先及动物等为主要描绘内容表现了人与自然的和谐关系主要有经卷图画、木牌画、纸牌画和卷轴画等形式。东巴的经卷图画包括东巴图画文字、封面装帧画、经书扉页和题图等。东巴的木牌画是在简制的木牌面上绘制出的图像它主要用于纳西族的插地祭祀活动与两汉时期中国西北部古羌人人面形木牌有着渊源关系。东巴的纸牌画以自制的土纸为载体它主要包括两类一类是绘制的神像或竖于神坛供人祭拜或戴在祭司头顶另一类是绘画谱典或用作绘画者的规范或用作绘画传承时的教本这种谱典种类较多可以自成体系。东巴的卷轴画多绘于麻布或土布上四周用蓝布装裱上有天杆下设地轴绘画内容多为纳西族信奉的神祗。卷轴画在继承纳西族传统绘画的基础上借鉴了藏、汉等民族的绘画技法又吸收了佛、道文化元素特别是吸取了元、明以来藏族唐卡造像艺术的特点兼收并蓄形成一种新的绘画形式。卷轴画《神路图》是东巴绘画艺术中的煌煌巨制全长十几米由一百多幅分格连环画组成直幅长卷上共描绘了三百六十多个人物及动物形象场面宏大气势壮观技艺高超反映了纳西族灵魂不灭的生命意识和完善人生的伦理观念。东巴绘画主要以木片、东巴纸、麻布等为材料用自制的竹笔蘸松烟墨勾画轮廊然后敷以各种自然颜色绚丽多彩历经数百年而不褪色。其绘画形象具有强烈的原始意味以线条表现为主并不注重事物外部的形体比例但朴实生动奇异诡谲野趣横生色彩多用原色鲜艳夺目。许多画面亦字亦画保留了浓郁的象形文字书写特征是研究人类原始绘画艺术的活化石。,国家级,东巴画\是\纳西族\东巴文化\艺术\的\一项\重要\内容\流传\在\云南省\丽江市\古城区\和\玉龙纳西族自治县\地区\。\以\纳西族\民间\信奉\中\的\神灵\、\传说\中\的\祖先\及\动物\等\为\主要\描绘\内容\表现\了\人与自然\的\和谐\关系\主要\有\经卷\图画\、\木牌\画\、\纸牌\画\和\卷轴\画\等\形式\。\东巴\的\经卷\图画\包括\东巴\图画文字\、\封面\装帧\画\、\经书\扉页\和\题图\等\。\东巴\的\木牌\画\是\在\简制\的\木牌\面上\绘制\出\的\图像\它\主要\用于\纳西族\的\插\地\祭祀\活动\与\两汉\时期\中国\西北部\古羌人\人面\形\木牌\有着\渊源\关系\。\东巴\的\纸牌\画以\自制\的\土纸\为\载体\它\主要\包括\两类\一类\是\绘制\的\神像\或\竖于\神坛\供\人\祭拜\或\戴\在\祭司\头顶\另一类\是\绘画\谱典\或\用作\绘画\者\的\规范\或\用作\绘画\传承\时\的\教本\这种\谱典\种类\较\多\可以\自成体系\。\东巴\的\卷轴\画多绘于\麻布\或\土布\上\四周\用\蓝布\装裱\上\有\天杆\下设\地轴\绘画\内容\多为\纳西族\信奉\的\神祗\。\卷轴\画\在\继承\纳西族\传统\绘画\的\基础\上\借鉴\了\藏\、\汉等\民族\的\绘画\技法\又\吸收\了\佛\、\道\文化\元素\特别\是\吸取\了\元\、\明\以来\藏族\唐卡\造像\艺术\的\特点\兼收并蓄\形成\一种\新\的\绘画\形式\。\卷轴\画\《\神路\图\》\是\东巴\绘画\艺术\中\的\煌煌\巨制\全长\十几米\由\一百多\幅\分格\连环画\组成\直幅\长卷\上\共\描绘\了\三百六十\多个\人物\及\动物\形象\场面\宏大\气势\壮观\技艺高超\反映\了\纳西族\灵魂\不灭\的\生命\意识\和\完善\人生\的\伦理\观念\。\东巴\绘画\主要\以\木片\、\东巴\纸\、\麻布\等\为\材料\用\自制\的\竹笔\蘸\松烟墨\勾画\轮廊\然后\敷以\各种\自然\颜色\绚丽多彩\历经\数百年\而\不\褪色\。\其\绘画\形象\具有\强烈\的\原始\意味\以\线条\表现\为主\并\不\注重\事物\外部\的\形体\比例\但\朴实\生动\奇异\诡谲\野趣\横生\色彩\多用\原色\鲜艳夺目\。\许多\画面\亦\字\亦\画\保留\了\浓郁\的\象形文字\书写\特征\是\研究\人类\原始\绘画\艺术\的\活化石\。,纳西族
摔跤彝族摔跤,第三批,传统体育、游艺与杂技,云南省石林彝族自治县,摔跤作为一项传统体育活动在我国各民族中都比较常见在云南省尤以彝族为甚。其中石林县和元谋县彝族摔跤活动的群众基础最为广泛最受群众欢迎。元谋县小凉山乡彝族摔跤彝语称为格表示力量、技术的意思是一项古老的为广大青少年男子喜爱的体育运动它能强健身体鼓舞斗志增进民族团结和社会和谐给大家带来欢乐。摔跤表现着彝族人民的勇敢坚强和不屈不挠精神与彝族自古尚武的观念和习俗密切相关。石林彝族自治县彝族撒尼同胞酷爱摔跤运动每逢火把节和其他喜庆节日各村寨常要开展摔跤比赛。摔跤赛的目的一是为了祈求风调雨顺五谷丰登二是为了增强团结增加节日喜庆气氛三是为着锻炼身体培养勇敢精神。世纪年代起石林县人民政府每年举办全县性摔跤比赛。为培养摔跤人才先后建立了石林业余少年体校等训练点和训练网点培养了一批人才为云南省摔跤运动的持续发展做出了重要贡献。,国家级,摔跤\作为\一项\传统\体育\活动\在\我国\各\民族\中\都\比较\常见\在\云南省\尤\以\彝族\为\甚\。\其中\石林\县\和\元谋县\彝族\摔跤\活动\的\群众\基础\最为\广泛\最受\群众\欢迎\。\元谋县\小凉山\乡\彝族\摔跤\彝语\称为\格\表示\力量\、\技术\的\意思\是\一项\古老\的\为\广大\青少年\男子\喜爱\的\体育运动\它\能\强健\身体\鼓舞斗志\增进\民族团结\和\社会\和谐\给\大家\带来\欢乐\。\摔跤\表现\着\彝族\人民\的\勇敢\坚强\和\不屈不挠\精神\与\彝族\自古\尚武\的\观念\和\习俗\密切相关\。\石林彝族自治县\彝族\撒尼\同胞\酷爱\摔跤\运动\每逢\火把节\和\其他\喜庆\节日\各\村寨\常要\开展\摔跤\比赛\。\摔跤\赛\的\目的\一是\为了\祈求\风调雨顺\五谷丰登\二是\为了\增强团结\增加\节日\喜庆\气氛\三是\为\着\锻炼身体\培养\勇敢\精神\。\世纪\年代\起\石林\县\人民政府\每年\举办\全县\性\摔跤\比赛\。\为\培养\摔跤\人才\先后\建立\了\石林\业余\少年\体校\等\训练\点\和\训练\网点\培养\了\一批\人才\为\云南省\摔跤\运动\的\持续\发展\做出\了\重要\贡献\。,彝族
傣族章哈,第一批,曲艺,云南省西双版纳傣族自治州,傣族章哈又称赞哈是傣族传统的曲艺唱曲形式流传于云南省南部边陲的西双版纳傣族自治州及思茅市江城、孟连、景谷等地傣族村寨与傣族毗邻而居的布朗族中也有传唱。章哈既是歌手称谓也是作为曲艺表演形式的曲种名称。章哈的具体演出形式可分为独唱和对唱两种其中对唱有赛唱的性质。演出因伴奏乐器不同也分为两种形式一种以傣族拉弦乐器玎伴奏演唱内容多为山歌、情歌多倾诉小伙子对姑娘的爱慕之情称作哈赛玎另一种以单簧吹管乐器筚伴奏称作哈塞筚。章哈的演唱既有即兴演唱也有程式化的祝福歌、祈祷歌还有固定本子的叙事长歌等。其曲调与唱词语调联系密切朗诵性与歌唱性有机结合具有柔美抒情的特色。章哈在傣族社会生活中有着不可替代的作用其演出极为广泛傣族新年、关门节、开门节、祭寨神、赕佛及贺新房、婚嫁礼仪、孩子满月等多种喜庆场合都要请艺人演唱章哈。章哈曲目众多保存了诸多傣族最原始古老的歌谣、神话和传说。它兴盛时期曾产生过康朗甩、康朗英、波玉温等享誉全国的著名艺人。近年来老一辈章哈歌手逐渐老去、相继离世加上傣族地区的城镇化进程日益加快各种外来的艺术和娱乐形式涌入傣族地区傣族民间听章哈的风习已远不及以往。今已无知名章哈歌手一些长篇的演唱内容也逐渐失传章哈的生存面临危机亟待加以有效保护。,国家级,傣族章哈\又称\赞哈\是\傣族\传统\的\曲艺\唱曲\形式\流传\于\云南省\南部\边陲\的\西双版纳傣族自治州\及\思茅市\江城\、\孟连\、\景谷\等\地\傣族\村寨\与\傣族\毗邻\而\居\的\布朗族\中\也\有\传唱\。\章哈\既\是\歌手\称谓\也\是\作为\曲艺\表演\形式\的\曲种\名称\。\章哈\的\具体\演出\形式\可\分为\独唱\和\对唱\两种\其中\对唱\有赛\唱\的\性质\。\演出\因\伴奏\乐器\不同\也\分为\两种\形式\一种\以\傣族\拉\弦乐器\玎\伴奏\演唱\内容\多为\山歌\、\情歌\多\倾诉\小伙子\对\姑娘\的\爱慕\之情\称作\哈赛\玎\另\一种\以单\簧\吹\管乐器\筚\伴奏\称作\哈塞\筚\。\章哈\的\演唱\既有\即兴\演唱\也\有\程式化\的\祝福歌\、\祈祷\歌\还有\固定\本子\的\叙事\长歌\等\。\其\曲调\与\唱词\语调\联系\密切\朗诵\性\与\歌唱性\有机\结合\具有\柔美\抒情\的\特色\。\章哈\在\傣族\社会生活\中\有着\不可\替代\的\作用\其\演出\极为\广泛\傣族\新年\、\关门节\、\开门节\、\祭寨神\、\赕佛\及\贺\新房\、\婚嫁\礼仪\、\孩子\满月\等\多种\喜庆\场合\都\要\请\艺人\演唱\章哈\。\章哈\曲目\众多\保存\了\诸多\傣族\最\原始\古老\的\歌谣\、\神话\和\传说\。\它\兴盛\时期\曾\产生\过康朗\甩\、\康朗英\、\波玉温\等\享誉\全国\的\著名\艺人\。\近年来\老一辈\章哈\歌手\逐渐\老去\、\相继\离世\加上\傣族\地区\的\城镇化\进程\日益\加快\各种\外来\的\艺术\和\娱乐\形式\涌入\傣族\地区\傣族\民间\听章\哈\的\风习\已\远\不及\以往\。\今\已\无\知名\章哈\歌手\一些\长篇\的\演唱\内容\也\逐渐\失传\章哈\的\生存\面临\危机\亟待\加以\有效\保护\。,傣族
关索戏,第三批,传统戏剧,云南省澄江县,关索戏流行于云南省澄江县阳宗镇小屯村已有三百多年的历史初为古代用以驱邪逐疫的傩祭仪式后逐渐发展成娱神娱人兼有的傩戏。关索戏的表演特点是不设舞台、不化装也不受时间地点的限制演出时一般头戴面具边唱边舞有娱神歌舞的遗风。开演时要举行祭祀朝拜乐王庙专演三国故事。行当只有生、旦、净三行而净脚仅有二人鲍三娘、百花公主且为男扮女装演员不用擦胭脂画脸谱只戴面具。关索戏的声腔比较复杂为无弦伴奏伴唱掺杂其间。有说源于高腔但从某些曲调分析又杂合当地民歌小调和颂佛唱经的旋律更为明显的是吸收滇剧腔调。无固定板式演唱者不受音域节奏的限制即便同一曲调各人所唱均有出入。演唱关索戏无复杂的器乐伴奏只需敲锣打鼓即可。唱词中唱中有白、白中有唱唱、白都用本地方言唱腔、曲调主要有长板、短板、报信板、七字板、大刀腔等转板换调均用锣鼓指挥。关索戏以专演三国故事中的蜀国戏为宗旨围绕歌颂刘、关、张等蜀汉人物的功绩为主线编剧目如《花关索战山岳》、《三娘公主战》、《肖龙战黄忠》等。关索戏演出期间有一套成规仪式贯穿始终。如每年演出前的祭药王、练武。正月初一起开始演出时的按日出巡、踩村、踩街和踩家每次演出时开头第一个节目必演《点将》当日演出结束后的辞神正月十六全部演出结束后的装戏箱、送药王均有其固定的程序和要求。,国家级,关索戏\流行\于\云南省\澄江县\阳宗镇\小屯村\已有\三百多年\的\历史\初为\古代\用以\驱邪\逐疫\的\傩\祭\仪式\后\逐渐\发展\成\娱神\娱人\兼有\的\傩戏\。\关索戏\的\表演\特点\是\不设\舞台\、\不\化装\也\不受\时间\地点\的\限制\演出\时\一般\头\戴面具\边唱\边舞\有\娱神\歌舞\的\遗风\。\开演\时要\举行\祭祀\朝拜\乐王庙\专演\三国\故事\。\行当\只有\生\、\旦\、\净\三行\而净\脚仅\有\二人\鲍三娘\、\百花\公主\且\为\男扮女装\演员\不用\擦\胭脂\画\脸谱\只\戴面具\。\关索戏\的\声腔\比较复杂\为\无\弦\伴奏\伴唱\掺杂\其间\。\有\说\源于\高腔\但\从\某些\曲调\分析\又\杂合\当地\民歌\小调\和\颂\佛唱经\的\旋律\更为\明显\的\是\吸收\滇剧\腔调\。\无\固定\板式\演唱者\不\受\音域\节奏\的\限制\即便\同一\曲调\各人\所唱均\有\出入\。\演唱\关索戏\无\复杂\的\器乐\伴奏\只\需\敲锣打鼓\即可\。\唱词\中唱\中\有\白\、\白中\有\唱唱\、\白都用\本地\方言\唱腔\、\曲调\主要\有\长板\、\短板\、\报信\板\、\七字板\、\大刀\腔\等\转板\换调\均\用\锣鼓\指挥\。\关索戏\以\专演\三国\故事\中\的\蜀国\戏为\宗旨\围绕\歌颂\刘\、\关\、\张等\蜀汉\人物\的\功绩\为主\线\编剧\目如\《\花关索\战\山岳\》\、\《\三娘\公主\战\》\、\《\肖龙\战黄忠\》\等\。\关索戏\演出\期间\有\一套\成规\仪式\贯穿\始终\。\如\每年\演出\前\的\祭\药王\、\练武\。\正月初一\起\开始\演出\时\的\按\日\出巡\、\踩\村\、\踩\街\和\踩\家\每次\演出\时\开头\第一个\节目\必演\《\点将\》\当日\演出\结束\后\的\辞神\正月\十六\全部\演出\结束\后\的\装\戏箱\、\送\药王\均\有\其\固定\的\程序\和\要求\。,
白剧,第二批,传统戏剧,云南省大理白族自治州,白剧历史悠久系由明代洪武年间从内地传入大理地区的吹吹腔戏和大本曲剧合流而形成。清代光绪年间吹吹腔戏的演出在白族农村极度兴盛渔、樵、耕、读等各种戏剧人物风趣幽默的表演生动地展现出白族耕读传家的生活风貌。由于历史原因民国初年吹吹腔戏走向衰微退居边远山乡。因长期处于封闭环境不受外界影响所以一批传统剧目和一套古朴的演出程式完整保存至今成为白族一份宝贵的历史文化遗产。年白族古老的戏剧样式正式定名为白剧。白剧剧目丰富目前已知的共有四百多个其中传统剧目三百多个新中国成立后新创剧目八十多个整理改编剧目约五十多个。目前白剧和吹吹腔、大本曲一样在白族民间仍然十分活跃以原样的形态向广大群众展现着它生生不息的艺术活力。,国家级,白剧\历史悠久\系\由\明代\洪武\年间\从\内地\传入\大理\地区\的\吹吹腔\戏\和\大本曲\剧\合流\而\形成\。\清代\光绪年间\吹吹腔\戏\的\演出\在\白族\农村\极度\兴盛\渔\、\樵\、\耕\、\读\等\各种\戏剧\人物\风趣\幽默\的\表演\生动\地\展现出\白族\耕读\传家\的\生活\风貌\。\由于\历史\原因\民国初年\吹吹腔\戏\走向\衰微\退居\边远\山乡\。\因\长期\处于\封闭\环境\不\受\外界影响\所以\一批\传统剧目\和\一套\古朴\的\演出\程式\完整\保存\至今\成为\白族\一份\宝贵\的\历史\文化遗产\。\年\白族\古老\的\戏剧\样式\正式\定名\为\白剧\。\白剧\剧目\丰富\目前\已知\的\共有\四百多个\其中\传统剧目\三百多个\新\中国\成立\后\新创\剧目\八十多个\整理\改编\剧目\约\五十多个\。\目前\白剧\和\吹吹腔\、\大本曲\一样\在\白族\民间\仍然\十分\活跃\以\原样\的\形态\向\广大群众\展现\着\它\生生不息\的\艺术\活力\。,白族
彝剧,第二批,传统戏剧,云南省大姚县,彝剧是楚雄彝族特有的一种地方民族戏剧在云南省楚雄彝族自治州境内广泛流传。它是在彝族的传统节日和民俗活动中不断形成和发展起来的其中融合了彝族民族民间文学、音乐、舞蹈、绘画等传统艺术的精华。彝剧十分重视用音乐来烘托和渲染舞台气氛围绕不同曲调、唱腔进一步以富有乡土气息的民族音乐来表现内容。它采用彝族民间口语演出注意突出彝族对话时常用比喻的特点含蓄地表现人物的心理活动。场上对白时使用汉语彝腔尤能凸显彝族白话中的幽默感。表演结合彝族人民能歌善舞的特点大量采用彝族三道弯、爬山式、跳跃式、打跳等生活中随处可见的步子使得表演动作舞蹈化既丰富了剧种本身的艺术语汇又显出了与其他戏曲表演形式的区别。彝剧具有鲜明的时代性、地方特色和浓郁的民族风格演出所用道具都是当地彝族人民常用的劳动工具服装、头饰则是彝族妇女手工精心制作而成。它真实地表现了彝族的社会生活展现出彝族人民的民族精神、宗教信仰和价值取向在少数民族艺术和人类学、民族学、民俗学等的研究中具有重要价值。,国家级,彝剧\是\楚雄\彝族\特有\的\一种\地方\民族\戏剧\在\云南省楚雄彝族自治州\境内\广泛\流传\。\它\是\在\彝族\的\传统节日\和\民俗\活动\中\不断\形成\和\发展\起来\的\其中\融合\了\彝族\民族\民间文学\、\音乐\、\舞蹈\、\绘画\等\传统\艺术\的\精华\。\彝剧\十分重视\用\音乐\来\烘托\和\渲染\舞台气氛\围绕\不同\曲调\、\唱腔\进一步\以\富有\乡土气息\的\民族音乐\来\表现\内容\。\它\采用\彝族\民间\口语\演出\注意\突出\彝族\对话\时\常用\比喻\的\特点\含蓄地\表现\人物\的\心理活动\。\场上\对白\时\使用\汉语\彝腔\尤能\凸显\彝族\白话\中\的\幽默感\。\表演\结合\彝族\人民\能歌善舞\的\特点\大量\采用\彝族\三道\弯\、\爬山\式\、\跳跃式\、\打跳\等\生活\中\随处可见\的\步子\使得\表演\动作\舞蹈\化\既\丰富\了\剧种\本身\的\艺术\语汇\又\显出\了\与\其他\戏曲\表演\形式\的\区别\。\彝剧\具有\鲜明\的\时代性\、\地方\特色\和\浓郁\的\民族风格\演出\所用\道具\都\是\当地\彝族\人民\常用\的\劳动工具\服装\、\头饰\则\是\彝族\妇女\手工\精心制作\而成\。\它\真实\地\表现\了\彝族\的\社会生活\展现出\彝族\人民\的\民族\精神\、\宗教信仰\和\价值\取向\在\少数民族\艺术\和\人类学\、\民族学\、\民俗学\等\的\研究\中\具有\重要\价值\。,彝族
佤族清戏,第二批,传统戏剧,云南省腾冲县,明末清初湖北人根据古老的青阳腔创造出了清戏这种新的戏曲形式。清代咸丰年之前过境的商贾军民将湖北清戏带到地处古丝路要冲的云南省腾冲县甘蔗寨在甘庶寨佤族民众中传播开来逐渐演变成佤族清戏。佤族清戏的声腔包括九腔十三板这些曲调抑扬顿挫悦耳动听既善叙事又善抒情保留着早期清戏原始古朴的特色具有较强的艺术表现力和感染力。佤族清戏文辞优美情节生动人物性格鲜明。流传下来的常演剧目有《姜姑刁嫂》、《逐赶庞氏》、《芦林相会》、《安安送米》等十数折均取材于汉族民间故事《三孝记》和《白鹤传》。,国家级,明末清初\湖北\人\根据\古老\的\青阳腔\创造\出\了\清戏\这种\新\的\戏曲\形式\。\清代\咸丰\年\之前\过境\的\商贾\军民\将\湖北\清戏\带到\地处\古\丝路\要冲\的\云南省\腾冲县\甘蔗\寨\在\甘庶\寨\佤族\民众\中\传播\开来\逐渐\演变成\佤族清戏\。\佤族清戏\的\声腔\包括\九腔\十三\板\这些\曲调\抑扬顿挫\悦耳\动听\既善\叙事\又\善\抒情\保留\着\早期\清戏\原始\古朴\的\特色\具有\较强\的\艺术\表现力\和\感染力\。\佤族清戏\文辞优美\情节\生动\人物性格\鲜明\。\流传\下来\的\常演\剧目\有\《\姜姑\刁嫂\》\、\《\逐赶\庞氏\》\、\《\芦林\相会\》\、\《\安安\送米\》\等\十数\折均\取材于\汉族\民间故事\《\三孝记\》\和\《\白鹤\传\》\。,佤族
滇剧,第二批,传统戏剧,云南省玉溪市滇剧团,滇剧是云南省主要的地方剧种形成于清代道光年间至今已有近两百年的历史。光绪年间滇剧演出活动在玉溪等地区已经十分盛行。滇剧流行于云南全省及贵州、四川的部分地区缅甸、泰国、新加坡、马来西亚等国家的一些地区也都有滇剧的演唱活动。滇剧声腔独特表现力强。其三大声腔丝弦腔、胡琴腔、襄阳腔分别源于秦腔、徽调、汉调等古老的声腔同时又受到云南民族民间音乐的滋养。滇剧板式丰富多变曲调自然流畅能表演各种题材、样式、结构和情调的剧目具有独特的艺术个性和风格因而有滇粹之誉。据记载滇剧传统剧目多达种。历代艺人在排演传统剧目的同时均能结合时代特点和云南当地状况编演反映边疆少数民族历史和现实生活的作品为地方历史文化和西南边疆艺术的研究提供了宝贵的材料。,国家级,滇剧\是\云南省\主要\的\地方\剧种\形成\于\清代\道光\年间\至今已有\近\两百年\的\历史\。\光绪年间\滇剧\演出\活动\在\玉溪\等\地区\已经\十分\盛行\。\滇剧\流行\于\云南\全省\及\贵州\、\四川\的\部分\地区\缅甸\、\泰国\、\新加坡\、\马来西亚\等\国家\的\一些\地区\也\都\有\滇剧\的\演唱\活动\。\滇剧\声腔\独特\表现力\强\。\其三\大\声腔\丝弦\腔\、\胡琴\腔\、\襄阳\腔\分别\源于\秦腔\、\徽调\、\汉调\等\古老\的\声腔\同时\又\受到\云南\民族民间\音乐\的\滋养\。\滇剧\板式\丰富\多变\曲调\自然\流畅\能\表演\各种\题材\、\样式\、\结构\和\情调\的\剧目\具有\独特\的\艺术\个性\和\风格\因而\有\滇粹\之誉\。\据\记载\滇剧\传统剧目\多达\种\。\历代\艺人\在\排演\传统剧目\的\同时\均\能\结合\时代特点\和\云南\当地\状况\编演\反映\边疆\少数民族\历史\和\现实生活\的\作品\为\地方\历史\文化\和\西南\边疆\艺术\的\研究\提供\了\宝贵\的\材料\。,
皮影戏腾冲皮影戏,第三批,传统戏剧,云南省腾冲县,腾冲皮影戏至今有六七百年历史分为西腔和东腔两大流派。东腔皮影主要服务于云南省腾冲县境东南部和城区坝子。年应干崖今盈江土司邀请赴旧城演唱《樊梨花征西》连台本戏天后又应边民及华侨邀请赴缅甸南坎演出《孙庞斗智》、《宝莲灯》等剧目三十余出。年应邀到昆明为参加云南省傣、白、壮、彝民族戏剧汇演大会表演《长坂坡》、《斩三妖》等获特别荣誉奖。年月腾冲固东镇被文化部命名为中国民间艺术皮影之乡。年月腾冲刘家寨皮影作为西南地区唯一的皮影戏代表赴广州参加金狮奖全国第二届木偶皮影比赛荣获表演综合铜奖皮影艺人刘永周和刘定三获造型制作奖。,国家级,腾冲\皮影戏\至今\有\六七百\年\历史\分为\西腔\和\东腔\两大\流派\。\东腔\皮影\主要\服务\于\云南省\腾冲\县境\东南部\和\城区\坝子\。\年应\干崖\今\盈江\土司\邀请\赴\旧城\演唱\《\樊梨花\征西\》\连台本戏\天后\又\应\边民\及\华侨\邀请\赴\缅甸\南坎\演出\《\孙庞斗智\》\、\《\宝莲灯\》\等\剧目\三十余\出\。\年\应邀\到\昆明\为\参加\云南省\傣\、\白\、\壮\、\彝\民族\戏剧\汇演\大会\表演\《\长坂坡\》\、\《\斩\三\妖\》\等\获\特别\荣誉奖\。\年\月\腾冲\固东镇\被\文化部\命名\为\中国\民间艺术\皮影\之\乡\。\年\月\腾冲\刘家\寨\皮影\作为\西南地区\唯一\的\皮影戏\代表\赴\广州\参加\金狮奖\全国\第二届\木偶\皮影\比赛\荣获\表演\综合\铜奖\皮影\艺人\刘永周\和\刘定\三获\造型\制作\奖\。,
傣剧,第一批,传统戏剧,云南省德宏傣族景颇族自治州,傣剧是云南独具特色的少数民族戏曲剧种之一流传于云南省德宏傣族景颇族自治州潞西、盈江、瑞丽、陇川、梁河等县及保山市部分傣族聚居区。傣剧发源于有一定人物情节的傣族歌舞表演及佛经讲唱后吸收滇剧、皮影戏的艺术营养逐步形成比较完整的戏曲形式。清末盈江干崖土司署组织了德宏历史上第一个傣戏班。不久傣剧流传到德宏其他地区德宏十个土司衙门先后建立傣戏班建造戏楼。与此同时傣剧从土司衙门扩散到民间涌现出大量民间傣剧表演组织。新中国建立后傣剧有了新的发展。年第一个专业演出团体潞西县傣剧团成立年扩建为德宏州傣剧团。起初傣剧中由男性扮演的女性角色穿傣族女装男性角色的装扮及男女角色的动作套路与滇剧和京剧相仿。表演时演员上前三步演唱或做动作再退后三步听场边人提词唱段之间以锣鼓等打击乐伴奏。后来唱腔经逐步发展形成【喊混】男腔和【喊朗】女腔两个基本腔调傣族民歌曲调被广泛吸收为唱腔及器乐曲。演出中着傣装表演动作中融入傣族民间舞蹈的步态伴奏方面增加了葫芦丝、二胡及象脚鼓等乐器民族风格更加浓郁。傣剧传统剧目有的源自傣族民间故事、叙事长诗或佛经故事如《相勐》、《千瓣莲花》、《朗推罕》等有的翻译移植自汉族剧目如《庄子试妻》、《甘露寺》、《杨门女将》等。世纪年代以来傣剧整理改编和创作演出了《娥并与桑洛》、《海罕》、《竹楼情深》等一大批剧目。年《娥并与桑洛》参加西南区少数民族戏剧观摩演出引起轰动被誉为东南亚的明珠。除德宏州傣剧团这样的专业团体以外较大的傣族村寮几乎都有业余演出队伍。目前傣剧基本上只为老年人所喜爱年轻人因为听不懂而对其没有多大兴趣。傣剧在传承方面的困难日益凸现。,国家级,傣剧\是\云南\独具特色\的\少数民族\戏曲\剧种\之一\流传\于\云南省德宏傣族景颇族自治州\潞西\、\盈江\、\瑞丽\、\陇川\、\梁河\等\县\及\保山市\部分\傣族\聚居区\。\傣剧\发源\于\有\一定\人物\情节\的\傣族\歌舞\表演\及\佛经\讲唱后\吸收\滇剧\、\皮影戏\的\艺术\营养\逐步形成\比较\完整\的\戏曲\形式\。\清末\盈江\干崖\土司\署\组织\了\德宏\历史\上\第一个\傣\戏班\。\不久\傣剧\流传\到\德宏\其他\地区\德宏\十个\土司\衙门\先后\建立\傣\戏班\建造\戏楼\。\与此同时\傣剧\从\土司\衙门\扩散\到\民间\涌现出\大量\民间\傣剧\表演\组织\。\新\中国\建立\后\傣剧\有\了\新\的\发展\。\年\第一个\专业\演出\团体\潞西县\傣\剧团\成立\年\扩建\为\德宏州\傣\剧团\。\起初\傣剧\中\由\男性\扮演\的\女性\角色\穿\傣族\女装\男性\角色\的\装扮\及\男女\角色\的\动作\套路\与\滇剧\和\京剧\相仿\。\表演\时\演员\上\前三步\演唱\或\做\动作\再\退后\三步\听\场边\人\提词\唱段\之间\以\锣鼓\等\打击乐\伴奏\。\后来\唱腔\经\逐步\发展\形成\【\喊\混\】\男腔\和\【\喊朗\】\女腔\两个\基本\腔调\傣族民歌\曲调\被\广泛\吸收\为\唱腔\及\器乐曲\。\演出\中着\傣装\表演\动作\中\融入\傣族\民间舞蹈\的\步态\伴奏\方面\增加\了\葫芦丝\、\二胡\及\象脚鼓\等\乐器\民族风格\更加\浓郁\。\傣剧\传统剧目\有\的\源自\傣族\民间故事\、\叙事\长诗\或\佛经\故事\如\《\相勐\》\、\《\千瓣\莲花\》\、\《\朗\推罕\》\等\有\的\翻译\移植\自\汉族\剧目\如\《\庄子试妻\》\、\《\甘露寺\》\、\《\杨门\女将\》\等\。\世纪\年代\以来\傣剧\整理\改编\和\创作\演出\了\《\娥并与桑洛\》\、\《\海罕\》\、\《\竹楼\情深\》\等\一大批\剧目\。\年\《\娥并与桑洛\》\参加\西南区\少数民族\戏剧\观摩演出\引起轰动\被誉为\东南亚\的\明珠\。\除\德宏州\傣\剧团\这样\的\专业\团体\以外\较大\的\傣族\村\寮\几乎\都\有\业余\演出\队伍\。\目前\傣剧\基本上\只\为\老年人\所\喜爱\年轻人\因为\听不懂\而\对\其\没有\多大\兴趣\。\傣剧\在\传承\方面\的\困难\日益\凸现\。,傣族
壮剧,第二批,传统戏剧,云南省文山壮族苗族自治州,云南壮剧主要流传于云南省文山壮族苗族自治州它有富宁土戏、广南沙戏和文山乐西土戏三个分支各分支起源不尽相同。其中富宁土戏形成最早至今已有三百多年的历史云南壮剧最早的唱腔形式即源自富宁土戏广南沙戏和文山乐西土戏均形成于清代光绪年间。云南壮剧在融汇壮族山歌、舞蹈、音乐、说唱、民间故事等艺术形式的基础上不断吸收外来戏剧的长处经过长时间的发展成为成熟的地方戏曲剧种。在壮族最为隆重的陇端节上壮剧是必演节目有陇端必有戏无戏无陇端的说法。云南壮剧体现了云南壮族人民的精神追求、理想信仰和价值取向其剧目涉及当地壮族群众日常生活、节日庆典、婚丧嫁娶等方方面面的内容如同云南壮族社会的一部百科全书。文山壮族苗族自治州处于边境地区各种境外的异国文化以有形或无形的方式影响着当地人民的思想。通过充满民族情感和民族气派的艺术表演巩固中华民族的文化观念和文化习俗这是云南壮剧的特殊价值所在。,国家级,云南壮剧\主要\流传\于\云南省\文山壮族苗族自治州\它\有\富宁\土戏\、\广\南沙\戏\和\文山\乐西\土戏\三个\分支\各\分支\起源\不尽相同\。\其中\富宁\土戏\形成\最早\至今已有\三百多年\的\历史\云南壮剧\最早\的\唱腔\形式\即\源自\富宁\土戏\广\南沙\戏\和\文山\乐西\土戏\均\形成\于\清代\光绪年间\。\云南壮剧\在\融汇\壮族\山歌\、\舞蹈\、\音乐\、\说唱\、\民间故事\等\艺术形式\的\基础\上\不断\吸收\外来\戏剧\的\长处\经过\长时间\的\发展\成为\成熟\的\地方\戏曲\剧种\。\在\壮族\最为\隆重\的\陇\端节\上\壮剧\是\必演\节目\有陇端\必\有戏\无戏\无\陇\端的\说法\。\云南壮剧\体现\了\云南\壮族\人民\的\精神\追求\、\理想\信仰\和\价值\取向\其\剧目\涉及\当地\壮族\群众\日常生活\、\节日\庆典\、\婚丧嫁娶\等\方方面面\的\内容\如同\云南\壮族\社会\的\一部\百科全书\。\文山壮族苗族自治州\处于\边境地区\各种\境外\的\异国\文化\以\有形\或\无形\的\方式\影响\着\当地\人民\的\思想\。\通过\充满\民族\情感\和\民族\气派\的\艺术表演\巩固\中华民族\的\文化\观念\和\文化\习俗\这是\云南壮剧\的\特殊\价值\所在\。,壮族
花灯戏,第二批,传统戏剧,云南省花灯剧团,花灯戏是一种民间自娱自乐、载歌载舞、有说有唱并带有戏剧、杂耍等综合性质的表演艺术形式。花灯进入贵州后吸收了贵州本土的语言、音乐曲调等形成了风格独特的贵州花灯。黔西花灯戏是黔西北地区花灯的代表已有二百多年的历史现流行于遵义、毕节、安顺、铜仁等市地。世纪初黔西花灯加入了武功表演、音乐曲调桐子树、舞蹈耍双扇、衬词运用等艺术表现形式在贵州其他几路花灯已不常见独具黔西特色。代表剧目有《拜年》、《姐妹观花》、《三访亲》、《刘三妹挑水》、《放牛拦妻》等。近年来由于花灯戏的艺术形式和现代强势文化形成反差精通传统演艺的艺人逐渐减少、老化年轻一代学习传统花灯演艺的热情正在丧失花灯艺术已处于濒危状态其保护和扶持力度急需进一步加大。,国家级,花灯戏\是\一种\民间\自娱自乐\、\载歌载舞\、\有\说\有\唱\并\带有\戏剧\、\杂耍\等\综合\性质\的\表演艺术\形式\。\花灯\进入\贵州\后\吸收\了\贵州\本土\的\语言\、\音乐\曲调\等\形成\了\风格\独特\的\贵州\花灯\。\黔西\花灯戏\是\黔\西北地区\花灯\的\代表\已有\二百多年\的\历史\现\流行\于\遵义\、\毕节\、\安顺\、\铜仁\等市\地\。\世纪\初\黔西\花灯\加入\了\武功\表演\、\音乐\曲调\桐子\树\、\舞蹈\耍\双扇\、\衬词\运用\等\艺术\表现形式\在\贵州\其他\几路\花灯\已\不\常见\独具\黔西\特色\。\代表\剧目\有\《\拜年\》\、\《\姐妹\观花\》\、\《\三\访亲\》\、\《\刘三妹\挑水\》\、\《\放牛\拦妻\》\等\。\近年来\由于\花灯戏\的\艺术形式\和\现代\强势\文化\形成\反差\精通\传统\演艺\的\艺人\逐渐\减少\、\老化\年轻一代\学习\传统\花灯\演艺\的\热情\正在\丧失\花灯\艺术\已\处于\濒危\状态\其\保护\和\扶持\力度\急需\进一步\加大\。,
花灯戏玉溪花灯戏,第一批,传统戏剧,云南省玉溪市,花灯戏是广泛流行于汉民族中的一种戏曲艺术形式。其突出特征是手不离扇、帕载歌载舞唱与做紧密结合。花灯戏源于民间花灯歌舞是清末民初形成的一种地方戏曲形式。在流行过程中因受当地方言、民歌、习俗等影响而形成不同演唱和表演风格。云南花灯戏源于民间花灯歌舞是清末民初形成流行于云南的地方戏曲。在流行过程中因受各地语音、民歌小曲影响而形成不同演唱和表演风格。云南花灯戏有昆明花灯戏、玉溪花灯戏和姚安花灯戏三大支系其中昆明花灯保留明清小曲及明清剧目最多伴奏乐器以胡琴为主姚安花灯民歌色彩浓重主要用笛子、梆子伴奏玉溪花灯革新最早所以被称为新灯其剧目及演出形式受滇剧的影响较大。云南花灯最初演出的是歌舞成分很重的花灯小戏后受滇戏等大戏影响花灯戏艺人在改进情节比较曲折复杂的剧目时也吸收相关曲调加以变化、拓展和翻新创立了花灯戏新调。新编的灯调采用曲调连接的编曲方式具有板腔音乐的某些特点适合演出传统大戏。除此以外云南花灯戏的曲调还有各种民歌小调在整个剧种中占有重要地位。花灯戏演出很注重舞蹈云南花灯舞蹈的基本特征是崴民间有无崴不成灯的说法。崴步都有手部动作配合手中的道具和扇子的手中花及扇花的种种变化是其具体表现。花灯戏中的歌舞有利于烘托情节和丰富人物性格。云南花灯戏最繁荣的时期是世纪年代至年代此时不仅涌现了史宝凤、熊介臣、袁留安等一批著名花灯戏演员还出现了《探干妹》、《闹渡》、《刘成看菜》、《三访亲》等享誉云南戏曲舞台的剧目。熊介臣是最早把农村晒场演出的簸箕灯搬上舞台的前辈艺人之一他擅演小生以演《山伯访友》中的梁山伯、《白蛇传》中的许仙闻名表演具有浓郁的云南玉溪乡土风味。近年来各地的花灯戏都面临着与其他传统戏曲艺术同样的困境剧场演出日益减少剧团经费短缺新剧目编排上演困难年轻一代的编创演出人员后继乏人急需采取措施对花灯戏这一地方特色剧种进行抢救、保护。,国家级,花灯戏\是\广泛\流行\于汉\民族\中\的\一种\戏曲\艺术形式\。\其\突出\特征\是\手不离\扇\、\帕\载歌载舞\唱\与\做\紧密结合\。\花灯戏\源于\民间\花灯\歌舞\是\清末\民初\形成\的\一种\地方\戏曲\形式\。\在\流行\过程\中\因受\当地\方言\、\民歌\、\习俗\等\影响\而\形成\不同\演唱\和\表演\风格\。\云南\花灯戏\源于\民间\花灯\歌舞\是\清末\民初\形成\流行\于\云南\的\地方\戏曲\。\在\流行\过程\中\因受\各地\语音\、\民歌\小曲\影响\而\形成\不同\演唱\和\表演\风格\。\云南\花灯戏\有\昆明\花灯戏\、\玉溪\花灯戏\和\姚安\花灯戏\三大\支系\其中\昆明\花灯\保留\明清\小曲\及\明清\剧目\最\多\伴奏\乐器\以\胡琴\为主\姚安\花灯\民歌\色彩\浓重\主要\用\笛子\、\梆子\伴奏\玉溪\花灯\革新\最早\所以\被\称为\新灯\其\剧目\及\演出\形式\受\滇剧\的\影响\较大\。\云南\花灯\最初\演出\的\是\歌舞\成分\很重\的\花灯\小戏\后受\滇戏\等\大戏\影响\花灯戏\艺人\在\改进\情节\比较\曲折\复杂\的\剧目\时\也\吸收\相关\曲调\加以\变化\、\拓展\和\翻新\创立\了\花灯戏\新调\。\新编\的\灯调\采用\曲调\连接\的\编曲\方式\具有\板腔\音乐\的\某些\特点\适合\演出\传统\大戏\。\除此以外\云南\花灯戏\的\曲调\还有\各种\民歌\小调\在\整个\剧种\中\占有\重要\地位\。\花灯戏\演出\很\注重\舞蹈\云南\花灯\舞蹈\的\基本特征\是\崴\民间\有无\崴\不成\灯\的\说法\。\崴\步\都\有\手部\动作\配合\手中\的\道具\和\扇子\的\手中\花及\扇\花\的\种种\变化\是\其\具体表现\。\花灯戏\中\的\歌舞\有利于\烘托\情节\和\丰富\人物性格\。\云南\花灯戏\最\繁荣\的\时期\是\世纪\年代\至\年代\此时\不仅\涌现\了\史宝凤\、\熊介臣\、\袁留安\等\一批\著名\花灯戏\演员\还\出现\了\《\探\干妹\》\、\《\闹渡\》\、\《\刘成\看菜\》\、\《\三\访亲\》\等\享誉\云南\戏曲\舞台\的\剧目\。\熊介臣\是\最早\把\农村\晒场\演出\的\簸箕\灯\搬\上\舞台\的\前辈\艺人\之一\他\擅演\小生\以演\《\山伯\访友\》\中\的\梁山伯\、\《\白蛇传\》\中\的\许仙\闻名\表演\具有\浓郁\的\云南\玉溪\乡土风味\。\近年来\各地\的\花灯戏\都\面临\着\与\其他\传统\戏曲\艺术\同样\的\困境\剧场\演出\日益减少\剧团\经费\短缺\新\剧目\编排\上演\困难\年轻一代\的\编创\演出\人员\后继乏人\急需\采取措施\对\花灯戏\这一\地方\特色\剧种\进行\抢救\、\保护\。,
棕扇舞,第三批,传统舞蹈,云南省元江哈尼族彝族傣族自治县,棕扇舞是哈尼族传统舞蹈流传于云南省红河与元江两县交界的哈尼族村寨。在哈尼族的昂玛突祭祖节、库扎扎六月节、扎勒特十月节等传统节日及人生礼仪活动中人们都要盛装酒宴对歌舞蹈双手各持一柄棕树叶跳棕扇舞。棕扇舞有六十多种套路。舞蹈前都要先由长者领跳并吟唱古歌和祝词。参与者自由形成圆圈男里女外长者先跳小辈跟进舞至酣畅争相进入圈内展示舞蹈技艺。棕扇舞历史悠久舞蹈动作大多是模拟哈尼族先民在迁徙途中所遇飞禽走兽的形态以及对日常生产、生活状态的模仿。如模拟白鹇展翅、白鹇喝水、蜂蝶采花、老熊走路、公鸡斗架、猴子掰包谷、老鹰拍翅膀等以及人们生产劳作的某些姿态。棕扇舞折射出哈尼族对祖先迁徙历史的记忆保留了哈尼族文化的传统基因。棕扇舞的伴奏乐器主要有牛皮鼓、铓、钹、唢呐、三弦等。棕扇舞是哈尼族集歌、舞、乐和仿生表演于一体的歌舞艺术特色鲜明具有较高的传统文化价值。,国家级,棕扇舞\是\哈尼族\传统\舞蹈\流传\于\云南省\红河\与\元江\两县\交界\的\哈尼族\村寨\。\在\哈尼族\的\昂玛突\祭祖\节\、\库\扎扎\六月\节\、\扎勒特\十月\节等\传统节日\及\人生\礼仪\活动\中\人们\都\要\盛装\酒宴\对歌\舞蹈\双手\各持\一\柄\棕\树叶\跳\棕扇舞\。\棕扇舞\有\六十\多种\套路\。\舞蹈\前\都\要\先\由\长者\领跳\并\吟唱\古歌\和\祝词\。\参与者\自由\形成\圆圈\男里\女\外长\者\先\跳\小辈\跟进\舞至\酣畅\争相\进入\圈内\展示\舞蹈\技艺\。\棕扇舞\历史悠久\舞蹈动作\大多\是\模拟\哈尼族\先民\在\迁徙\途中\所遇\飞禽走兽\的\形态\以及\对\日常\生产\、\生活\状态\的\模仿\。\如\模拟\白鹇\展翅\、\白鹇\喝水\、\蜂蝶\采花\、\老熊\走路\、\公鸡\斗架\、\猴子\掰\包谷\、\老鹰\拍\翅膀\等\以及\人们\生产\劳作\的\某些\姿态\。\棕扇舞\折射出\哈尼族\对\祖先\迁徙\历史\的\记忆\保留\了\哈尼族\文化\的\传统\基因\。\棕扇舞\的\伴奏\乐器\主要\有\牛皮\鼓\、\铓\、\钹\、\唢呐\、\三弦\等\。\棕扇舞\是\哈尼族\集歌\、\舞\、\乐\和\仿生\表演\于\一体\的\歌舞\艺术\特色\鲜明\具有\较\高\的\传统\文化价值\。,哈尼族
拉祜族芦笙舞,第二批,传统舞蹈,云南省澜沧拉祜族自治县,拉祜族芦笙舞是拉祜族具有代表性的民间舞蹈流行于云南省普洱市澜沧拉祜族自治县境内。芦笙舞是由最初的娱神祈福仪式演化而来的其内容以表现拉祜族原始的宗教礼仪、生产生活模拟动物展现人的欢乐情绪等为主。拉祜族崇拜葫芦把葫芦视作祖先诞生的母体象征。拉祜族人在葫芦上插上五根竹管制成芦笙每年尝新节和春节跳起芦笙舞表现对祖先的敬仰和对来年幸福生活的祈盼。芦笙舞经过数百代拉祜族群众和民间艺人的加工锤炼现已形成一百多个套路。每逢拉祜族传统节日、原始宗教活动或农闲时节人们往往会兴致盎然地聚在一起按一定的程序通宵达旦地开展芦笙舞活动以庆祝丰收感谢神灵护佑祝愿来年平安幸福。在澜沧拉祜族居住区芦笙舞已成为全民性的社会活动男子人人会吹芦笙、跳芦笙舞。开展拉祜族芦笙舞活动时男子吹起葫芦笙围圈而舞女子牵手在外围伴舞。整个舞蹈节奏稳定动作简练曲调优美风格深沉坚毅、洒脱机巧具有古朴的韵味。澜沧是全国唯一的拉祜族自治县这里拉祜族人口最为集中拉祜族传统文化也保留得最为完整。芦笙舞是拉祜族文化的典型代表也是维系拉祜民族精神的纽带在拉祜族历史文化的研究中具有极其重要的地位。目前由于现代文化的冲击拉祜族芦笙舞的套路逐渐流失活动内容日益萎缩。在掌握芦笙舞技艺的拉祜族老艺人不断减少的情况下这一宝贵的民族舞蹈正面临着严重的生存危机急需对其实施有效的保护。,国家级,拉祜族芦笙舞\是\拉祜族\具有\代表性\的\民间舞蹈\流行\于\云南省\普洱\市\澜沧拉祜族自治县\境内\。\芦笙舞\是\由\最初\的\娱神\祈福\仪式\演化\而来\的\其\内容\以\表现\拉祜族\原始\的\宗教\礼仪\、\生产\生活\模拟\动物\展现\人\的\欢乐\情绪\等\为主\。\拉祜族\崇拜\葫芦\把\葫芦\视作\祖先\诞生\的\母体\象征\。\拉祜族\人\在\葫芦\上\插\上\五根\竹管\制成\芦笙\每年\尝新\节\和\春节\跳\起\芦笙舞\表现\对\祖先\的\敬仰\和\对\来\年\幸福生活\的\祈盼\。\芦笙舞\经过\数百\代\拉祜族\群众\和\民间艺人\的\加工\锤炼\现已\形成\一百多个\套路\。\每逢\拉祜族\传统节日\、\原始宗教\活动\或\农闲\时节\人们\往往\会\兴致\盎然\地\聚在一起\按\一定\的\程序\通宵达旦\地\开展\芦笙舞\活动\以\庆祝\丰收\感谢\神灵\护佑\祝愿\来\年\平安\幸福\。\在\澜沧\拉祜族\居住区\芦笙舞\已\成为\全民性\的\社会活动\男子\人人\会\吹\芦笙\、\跳\芦笙舞\。\开展\拉祜族芦笙舞\活动\时\男子\吹\起\葫芦\笙围\圈\而\舞\女子\牵手\在\外围\伴舞\。\整个\舞蹈节奏\稳定\动作\简练\曲调\优美\风格\深沉\坚毅\、\洒脱\机巧\具有\古朴\的\韵味\。\澜沧\是\全国\唯一\的\拉祜族\自治县\这里\拉祜族\人口\最为\集中\拉祜族\传统文化\也\保留\得\最为\完整\。\芦笙舞\是\拉祜族\文化\的\典型\代表\也\是\维系\拉祜\民族\精神\的\纽带\在\拉祜族\历史\文化\的\研究\中\具有\极其重要\的\地位\。\目前\由于\现代\文化\的\冲击\拉祜族芦笙舞\的\套路\逐渐\流失\活动\内容\日益\萎缩\。\在\掌握\芦笙舞\技艺\的\拉祜族\老\艺人\不断\减少\的\情况\下\这\一\宝贵\的\民族\舞蹈\正\面临\着\严重\的\生存\危机\急需\对\其\实施\有效\的\保护\。,拉祜族
普米族搓蹉,第二批,传统舞蹈,云南省兰坪白族普米族自治县,搓蹉汉语意为跳舞是普米族的一种民间舞蹈主要流传于怒江傈僳族自治州兰坪县的通甸、河西、啦井、金顶及磴等乡镇普米族聚居的村寨。由于搓蹉以四弦的比柏伴奏以羊皮鼓击节因此又被称为四弦舞、羊皮舞。搓磋源于普米族传说据说很久以前一位英俊的普米族小伙子在星光灿烂的夜晚与仙女相会第二天清晨仙女飘然而逝小伙子为了纪念心中的仙女便创作了一套搓磋舞。搓磋舞有很多形式比如碗筷舞和撞胯舞。在碗筷的伴奏下彼此有意的男女会用撞胯的方式来表达对对方的爱意。普米族搓蹉保留了古代艺术歌、舞、乐三位一体的特点活动时人们围成一圈或数圈在四弦和羊皮包所奏音乐的引导下欢快起舞。舞蹈中舞步变化丰富舞者在舞曲变换的空当放声歌唱一领众和张弛结合。普米族搓蹉分为开放式搓蹉和封闭式搓蹉两个类型其中开放式搓蹉属自娱性舞蹈它在长期发展过程中不断得到完善成为普米族民众日常自娱自乐的重要形式也成为普米族交际、喜庆之类大型活动中不可或缺的主要内容。普米族搓蹉不受时间、地点和人数的限制参加者可随时介入舞蹈。舞者可以先后起步也可以部分人舞蹈部分人边走边唱唱完后再行起舞。跳舞时踏跺的力向为纵的关系跨步的力向为横的关系退步时前偏上身和下身方向相反上前时后仰上下身方向亦相反。速度一般为中速。速度慢时舞步轻盈、飘洒仿佛微风有节奏地牵动着衣裙。速度加快时舞步粗犷、有力。传袭至今的开放式搓蹉有十二套舞步其队形包括手牵手的单圆圈、双圆圈和半圆圈几种一般以逆时针方向跳也可按顺时针方向跳。围成双圆圈时同方向和不同方向跳均可。搓磋舞蹈套名多队形、舞步变化丰富有张有弛不受参与人数的限制少则几十人参与多可上万人齐跳多用于各种自娱、喜庆、健身活动表达了民族团结和欢乐的情绪是普米族人民最喜爱的舞蹈具有一定的艺术性。世纪年代起文艺工作者整理改编的搓磋开始在国内外演出多次获得省、国家级奖励。目前传统的普米族搓蹉正受到现代文化的冲击出现生存危机急需保护传承。,国家级,搓\蹉\汉语\意\为\跳舞\是\普米族\的\一种\民间舞蹈\主要\流传\于\怒江傈僳族自治州\兰坪县\的\通甸\、\河西\、\啦\井\、\金顶\及\磴\等\乡镇\普米族\聚居\的\村寨\。\由于\搓\蹉以\四\弦\的\比柏\伴奏\以\羊皮鼓\击节\因此\又\被\称为\四弦舞\、\羊皮舞\。\搓\磋\源于\普米族\传说\据说\很久以前\一位\英俊\的\普米族\小伙子\在\星光灿烂\的\夜晚\与\仙女\相会\第二天\清晨\仙女\飘然\而逝\小伙子\为了\纪念\心中\的\仙女\便\创作\了\一套\搓\磋舞\。\搓\磋舞\有\很多\形式\比如\碗筷\舞\和\撞\胯\舞\。\在\碗筷\的\伴奏\下\彼此\有意\的\男女\会用\撞\胯\的\方式\来\表达\对\对方\的\爱意\。\普米族搓蹉\保留\了\古代\艺术\歌\、\舞\、\乐\三位一体\的\特点\活动\时\人们\围成\一圈\或\数圈\在\四\弦\和\羊皮\包所奏\音乐\的\引导\下\欢快\起舞\。\舞蹈\中\舞步\变化\丰富\舞者\在\舞曲\变换\的\空当\放声歌唱\一领\众\和\张弛\结合\。\普米族搓蹉\分为\开放式\搓\蹉\和\封闭式\搓\蹉\两个\类型\其中\开放式\搓\蹉属\自娱性\舞蹈\它\在\长期\发展\过程\中\不断\得到\完善\成为\普米族\民众\日常\自娱自乐\的\重要\形式\也\成为\普米族\交际\、\喜庆\之类\大型活动\中\不可或缺\的\主要\内容\。\普米族搓蹉\不\受\时间\、\地点\和\人数\的\限制\参加者\可\随时\介入\舞蹈\。\舞者\可以\先后\起步\也\可以\部分\人\舞蹈\部分\人边\走边\唱唱\完后\再行\起舞\。\跳舞\时踏\跺\的\力\向\为\纵\的\关系\跨步\的\力\向\为\横\的\关系\退步\时前\偏\上身\和\下身\方向\相反\上前\时\后仰\上\下身\方向\亦\相反\。\速度\一般\为\中速\。\速度慢\时\舞步\轻盈\、\飘洒\仿佛\微风\有\节奏\地\牵动\着\衣裙\。\速度\加快\时\舞步\粗犷\、\有力\。\传袭\至今\的\开放式\搓\蹉有\十二\套\舞步\其\队形\包括\手牵手\的\单\圆圈\、\双\圆圈\和\半\圆圈\几种\一般\以\逆时针\方向\跳\也\可\按\顺时针\方向\跳\。\围成\双\圆圈\时\同方向\和\不同\方向\跳均\可\。\搓\磋\舞蹈\套名\多\队形\、\舞步\变化\丰富\有张有弛\不\受\参与\人数\的\限制\少则\几十人\参与\多\可\上万\人齐\跳\多\用于\各种\自娱\、\喜庆\、\健身活动\表达\了\民族团结\和\欢乐\的\情绪\是\普米族\人民\最\喜爱\的\舞蹈\具有\一定\的\艺术性\。\世纪\年代\起\文艺工作者\整理\改编\的\搓\磋\开始\在\国内外\演出\多次\获得\省\、\国家级\奖励\。\目前\传统\的\普米族搓蹉\正\受到\现代\文化\的\冲击\出现\生存\危机\急需\保护\传承\。,普米族
布朗族蜂桶鼓舞,第二批,传统舞蹈,云南省双江拉祜族佤族布朗族傣族自治县,布朗族蜂桶鼓舞是布朗族跳鼓的总称它起源于布朗族的创世传说和祭祀活动在云南省临沧市双江拉祜族佤族布朗族傣族自治县邦丙乡、大文乡等的布朗族村寨中流传。布朗族蜂桶鼓舞由跳蜂桶鼓克广、跳象脚鼓克广紧和跳甩手巾习袜帕洁三个部分组成它有种套路、三步和五步两种基本步伐其中三步舞动作优柔缓慢五步舞动作激越刚健。蜂桶鼓舞既适合广场演出也适合舞台演出人数可多可少参与的布朗族群众往往排成单行或双行在寨子里的道路或广场上轻松起舞。这些参与者可分为男、女两队男队身背蜂桶鼓边舞边敲浪漫潇洒女队手拿毛巾随着鼓点的节奏边舞边甩欢快自如。舞蹈过程中象脚鼓、金芒、锣、镲等打击乐器从旁伴奏整个舞蹈场面壮观姿态优美显现出很强的感染力。蜂桶鼓舞是布朗族特有的舞种它以独特的舞蹈语汇反映着布朗人的历史观、道德观、价值观和思维方式表达了布朗人祈求美好生活的愿望具有极强的民族凝聚力和艺术感染力在民族学、民俗学、社会学诸领域有着极高的研究价值。目前传统的布朗族蜂桶鼓舞正受到时尚文化的冲击对它进行抢救保护已成为迫在眉睫的任务。,国家级,布朗族蜂桶鼓舞\是\布朗族\跳鼓\的\总称\它\起源于\布朗族\的\创世\传说\和\祭祀\活动\在\云南省\临沧市\双江拉祜族佤族布朗族傣族自治县\邦\丙乡\、\大文乡\等\的\布朗族\村寨\中\流传\。\布朗族蜂桶鼓舞\由\跳\蜂桶\鼓克广\、\跳\象脚鼓\克广紧\和\跳\甩\手巾\习袜\帕洁\三个\部分\组成\它\有种\套路\、\三步\和\五步\两种\基本\步伐\其中\三步\舞\动作\优柔\缓慢\五步\舞\动作\激越\刚健\。\蜂桶\鼓舞\既\适合\广场\演出\也\适合\舞台\演出\人数\可多可少\参与\的\布朗族\群众\往往\排成\单行\或\双行\在\寨子\里\的\道路\或\广场\上\轻松\起舞\。\这些\参与者\可\分为\男\、\女\两队\男队\身背\蜂桶\鼓\边舞\边\敲\浪漫\潇洒\女队\手\拿\毛巾\随着\鼓点\的\节奏\边舞\边\甩\欢快\自如\。\舞蹈\过程\中\象脚鼓\、\金芒\、\锣\、\镲\等\打击乐器\从\旁\伴奏\整个\舞蹈\场面\壮观\姿态\优美\显现出\很强\的\感染力\。\蜂桶\鼓舞\是\布朗族\特有\的\舞种\它\以\独特\的\舞蹈语汇\反映\着\布朗\人\的\历史观\、\道德观\、\价值观\和\思维\方式\表达\了\布朗\人\祈求\美好生活\的\愿望\具有\极强\的\民族凝聚力\和\艺术\感染力\在\民族学\、\民俗学\、\社会学\诸\领域\有着\极高\的\研究\价值\。\目前\传统\的\布朗族蜂桶鼓舞\正\受到\时尚文化\的\冲击\对\它\进行\抢救\保护\已\成为\迫在眉睫\的\任务\。,布朗族
纳西族热美蹉,第二批,传统舞蹈,云南省丽江市古城区,纳西族热美蹉是纳西族历经数千年传承至今的一种原始集体歌舞流传于云南省丽江市古城区坝子东北的大东乡包括玉龙雪山以东、金沙江以西的崇山峻岭和沿江小片河谷地带。热美蹉是纳西语的汉字记音纳西族热美蹉的历史沿革无明确的文字记载据和世文等人对丽江地区歌舞的对比研究它与至今保留在金沙江河谷地带宁蒗一侧的窝热热十分相似。纳西族热美蹉将诗、歌、舞浑然融为一体完整成套表演时男女混唱集体舞蹈不用任何道具人数也无限制参加者少则十余人多则数百人。男女老少手拉手围着火堆按顺时针方向边唱边跳舞蹈动作古朴自然唱腔几近呼喊但每位参与者必须在歌舞中和其他人节拍一致达到和谐。热美蹉的舞蹈动作毫无装饰音乐是发自胸喉的天籁之声所以不可能准确记录以供学习纳西人须从年幼时开始通过长辈的口传心授和长时期的实践参与习得热美蹉技巧并在场景激发下即兴发挥。纳西族热美蹉历史悠久内涵丰富对丽江古乐和纳西古典音乐套曲《白沙细乐》都产生过明显的影响具有民族学、艺术学及历史文化等方面的研究价值。目前纳西热美蹉的传承正面临巨大困难亟待抢救保护。,国家级,纳西族热美蹉\是\纳西族\历经\数千年\传承\至今\的\一种\原始\集体\歌舞\流传\于\云南省\丽江市\古城区\坝子\东北\的\大\东乡\包括\玉龙雪山\以东\、\金沙江\以西\的\崇山峻岭\和\沿江\小\片\河谷\地带\。\热美\蹉是\纳西语\的\汉字\记音\纳西族热美蹉\的\历史沿革\无\明确\的\文字\记载\据\和\世文\等\人\对\丽江地区\歌舞\的\对比\研究\它\与\至今\保留\在\金沙江\河谷\地带\宁蒗\一侧\的\窝\热热\十分相似\。\纳西族热美蹉\将\诗\、\歌\、\舞\浑然\融为一体\完整\成套\表演\时\男女\混唱\集体\舞蹈\不用\任何\道具\人数\也\无\限制\参加者\少则\十余\人\多则\数百人\。\男女老少\手拉手\围着\火堆\按\顺时针\方向\边唱边\跳\舞蹈动作\古朴\自然\唱腔\几近\呼喊\但\每位\参与者\必须\在\歌舞\中\和\其他人\节拍\一致\达到\和谐\。\热美\蹉\的\舞蹈动作\毫无\装饰\音乐\是\发自\胸喉\的\天籁\之声\所以\不\可能\准确\记录\以供\学习\纳西\人须\从\年\幼时\开始\通过\长辈\的\口传心授\和\长\时期\的\实践\参与\习得\热美\蹉\技巧\并\在\场景\激发\下\即兴\发挥\。\纳西族热美蹉\历史悠久\内涵\丰富\对\丽江\古乐\和\纳西\古典音乐\套曲\《\白沙细乐\》\都\产生\过\明显\的\影响\具有\民族学\、\艺术学\及\历史\文化\等\方面\的\研究\价值\。\目前\纳西\热美\蹉\的\传承\正\面临\巨大\困难\亟待\抢救\保护\。,纳西族
彝族三弦舞阿细跳月,第二批,传统舞蹈,云南省弥勒县,彝族三弦舞是彝族人民代代相传的一种民间舞蹈在休闲或欢乐时彝族人往往都会跳起它。不同地区和不同的彝族支系对三弦舞各有不同称谓流传于阿细彝区的三弦舞称阿细跳月流传于撒尼彝区的三弦舞称撒尼大三弦。三弦舞是一种群体性的舞蹈男女都可参加但跳舞时只有男子使用三弦女子只是踏着节奏伴舞。彝族三弦舞分为大三弦舞和小三弦舞两种年轻人跳舞时用的是大三弦所以叫大三弦舞中老年人跳舞时用的三弦较小因而称小三弦舞。大三弦舞源远流长近几十年在大型庆典活动和影视节目中经常可以见到它的身影因而在国内具有较高的知名度。相比较而言小三弦舞的音乐、舞蹈节奏缓慢故又称为慢三步。长期以来营造欢乐祥和气氛的彝族三弦舞一直在增强群体意识促进民族团结方面发挥着积极的作用它被有关学者誉为远古舞蹈的活化石为舞蹈起源与发展的研究提供了大量具有较高认识价值的宝贵材料。阿细跳月在阿细语中称为嘎斯比意为欢乐跳。它是彝族阿细人最具代表性的民族民间舞蹈源于阿细人古朴的阿细跳乐因多在月光下的篝火旁起舞故名阿细跳月。阿细跳月发源于云南省红河哈尼族彝族自治州弥勒县西山一带在弥勒县彝族阿细人聚居的村寨及泸西、陆良等地广泛流传。阿细跳月的起源有多种传说。远古时代有个叫木邓的人钻杉木取火为人们找到了保留火种的方法。人们欣喜若狂拾柴架火围着篝火跳舞欢庆这就是阿细跳月的起源。人称之为木邓比意为跳篝火。至于阿细人为何在三步弦中始终要保持跳跃的舞姿还有着一段传说很久以前阿细地区的人们一直过着刀耕火种的奴隶生活。每到播种季节为了抢时间人们等不到烧荒火星的熄灭就赤着脚在滚烫的田野上开始劳作。为使双脚少受田野上余火的灼烧便一边跳跃一边劳作。后来人们在这种不停跳跃动态的基础上又增加了蹬脚和上肢的左右甩摆、击掌而逐渐形成了阿细跳月。新中国成立后阿细人民成了国家和民族的主人跳乐也逐渐摆脱了种种禁忌变为逢年过节或节日喜庆不可缺少的群众民间文娱活动。阿细跳月参加者少则十几人多则上千人多在祭祀、节日、盛典时表演具有很强的自发性、自娱性和群众性。它集歌、舞、乐于一体有规范的舞步和套路其舞蹈可分为老人舞和青年舞舞步包括踹脚跳、鹤步单腿跳、弹跳步、跑步跳、转身跳、拍掌跳等形式音乐为宫调式大三度五拍节起舞时以大三弦、大中小竹笛、小三弦、三胡、月琴、唢呐、哨子等阿细民间自制乐器伴奏。阿细跳月节奏热烈欢快动作豪放粗犷舞姿矫健飘逸韵律强劲气势恢宏撼人心魄具有强烈的感召力。阿细跳月带有鲜明的民族和地域特征是彝族山地传统文化的典型代表在增强民族团结加强民族文化交流等方面具有重要作用。由于受到外来文化的冲击彝族三弦舞中许多传统的舞蹈套路面临失传阿细跳月已濒临生存危境亟待保护。,国家级,彝族\三弦\舞是\彝族\人民\代代相传\的\一种\民间舞蹈\在\休闲\或\欢乐\时\彝族\人\往往\都\会\跳\起\它\。\不同\地区\和\不同\的\彝族\支系\对\三弦\舞\各有不同\称谓\流传\于\阿细\彝区\的\三弦\舞称\阿细跳月\流传\于\撒尼\彝区\的\三弦\舞称\撒尼\大三弦\。\三弦\舞是\一种\群体性\的\舞蹈\男女\都\可\参加\但\跳舞\时\只有\男子\使用\三弦\女子\只是\踏着\节奏\伴舞\。\彝族\三弦\舞\分为\大三弦\舞\和\小\三弦\舞\两种\年轻人\跳舞\时用\的\是\大三弦\所以\叫\大三弦\舞\中老年人\跳舞\时用\的\三弦\较\小\因而\称小\三弦\舞\。\大三弦\舞\源远流长\近\几十年\在\大型\庆典活动\和\影视节目\中\经常\可以\见到\它\的\身影\因而\在\国内\具有\较\高\的\知名度\。\相\比较而言\小\三弦\舞\的\音乐\、\舞蹈节奏\缓慢\故又称\为慢\三步\。\长期以来\营造\欢乐祥和\气氛\的\彝族\三弦\舞\一直\在\增强\群体意识\促进\民族团结\方面\发挥\着\积极\的\作用\它\被\有关\学者\誉为\远古\舞蹈\的\活化石\为\舞蹈\起源\与\发展\的\研究\提供\了\大量\具有\较\高\认识\价值\的\宝贵\材料\。\阿细跳月\在\阿\细语\中\称为\嘎斯\比意\为\欢乐\跳\。\它\是\彝族\阿细人\最具\代表性\的\民族\民间舞蹈\源于\阿细人\古朴\的\阿细\跳乐\因多\在\月光\下\的\篝火\旁\起舞\故\名\阿细跳月\。\阿细跳月\发源\于\云南省\红河哈尼族彝族自治州\弥勒县\西山\一带\在\弥勒县\彝族\阿细人\聚居\的\村寨\及\泸西\、\陆良\等\地\广泛\流传\。\阿细跳月\的\起源\有\多种\传说\。\远古时代\有个\叫\木\邓\的\人\钻\杉木\取火\为\人们\找到\了\保留\火种\的\方法\。\人们\欣喜若狂\拾\柴架火\围着\篝火\跳舞\欢庆\这\就是\阿细跳月\的\起源\。\人\称之为\木\邓比意\为\跳\篝火\。\至于\阿细人\为何\在\三步\弦\中\始终\要\保持\跳跃\的\舞姿\还有\着\一段\传说\很久以前\阿细\地区\的\人们\一直\过\着\刀耕火种\的\奴隶\生活\。\每到\播种\季节\为了\抢\时间\人们\等\不到\烧荒\火星\的\熄灭\就\赤\着\脚\在\滚烫\的\田野\上\开始\劳作\。\为\使\双脚\少受\田野\上余火\的\灼烧\便\一边\跳跃\一边\劳作\。\后来\人们\在\这种\不停\跳跃\动态\的\基础\上\又\增加\了\蹬脚\和\上肢\的\左右\甩\摆\、\击掌\而\逐渐\形成\了\阿细跳月\。\新\中国\成立\后\阿细\人民\成\了\国家\和\民族\的\主人\跳乐\也\逐渐\摆脱\了\种种\禁忌\变为\逢年过节\或\节日\喜庆\不可\缺少\的\群众\民间\文娱活动\。\阿细跳月\参加者\少则\十几人\多则\上千人\多\在\祭祀\、\节日\、\盛典\时\表演\具有\很强\的\自发性\、\自娱性\和\群众性\。\它\集歌\、\舞\、\乐于\一体\有\规范\的\舞步\和\套路\其\舞蹈\可\分为\老人\舞\和\青年\舞\舞步\包括\踹\脚\跳\、\鹤步\单腿\跳\、\弹跳\步\、\跑步\跳\、\转身\跳\、\拍掌\跳\等\形式\音乐\为\宫调\式\大\三度\五拍节\起舞\时以\大三弦\、\大\中\小竹笛\、\小\三弦\、\三胡\、\月琴\、\唢呐\、\哨子\等\阿细\民间\自制\乐器\伴奏\。\阿细跳月\节奏\热烈\欢快\动作\豪放\粗犷\舞姿\矫健\飘逸\韵律\强劲\气势恢宏\撼人心魄\具有\强烈\的\感召力\。\阿细跳月\带有\鲜明\的\民族\和\地域\特征\是\彝族\山地\传统文化\的\典型\代表\在\增强\民族团结\加强\民族文化\交流\等\方面\具有\重要\作用\。\由于\受到\外来文化\的\冲击\彝族\三弦\舞中\许多\传统\的\舞蹈\套路\面临\失传\阿细跳月\已\濒临\生存\危境\亟待\保护\。,彝族
彝族三弦舞撒尼大三弦,第二批,传统舞蹈,云南省石林彝族自治县,彝族三弦舞是彝族人民代代相传的一种民间舞蹈在休闲或欢乐时彝族人往往都会跳起它。不同地区和不同的彝族支系对三弦舞各有不同称谓流传于阿细彝区的三弦舞称阿细跳月流传于撒尼彝区的三弦舞称撒尼大三弦。三弦舞是一种群体性的舞蹈男女都可参加但跳舞时只有男子使用三弦女子只是踏着节奏伴舞。彝族三弦舞分为大三弦舞和小三弦舞两种年轻人跳舞时用的是大三弦所以叫大三弦舞中老年人跳舞时用的三弦较小因而称小三弦舞。大三弦舞源远流长近几十年在大型庆典活动和影视节目中经常可以见到它的身影因而在国内具有较高的知名度。相比较而言小三弦舞的音乐、舞蹈节奏缓慢故又称为慢三步。长期以来营造欢乐祥和气氛的彝族三弦舞一直在增强群体意识促进民族团结方面发挥着积极的作用它被有关学者誉为远古舞蹈的活化石为舞蹈起源与发展的研究提供了大量具有较高认识价值的宝贵材料。居住在云南石林、丘北一带的彝族多为撒尼人相传很久以前有位如花似玉的撒尼姑娘为避土司逼婚而出逃与一撒尼小伙中途相遇彼此情投意合燃点篝火而围之起舞以火为证结成夫妻由此形成撒尼大三弦舞蹈。除此之外还有一种撒尼人为抢种庄稼而在烧荒后的土地上跳动后来发展成撒尼大三弦的说法。大三弦是撒尼人娱乐、抒情的主要乐器其制作十分简便先以一节香椿树凿成圆空心在一头蒙上山羊皮再将一米多长的青松树精加工成三弦杆配上三根中皮线即可制成大三弦。大三弦舞又叫快三步它是撒尼人借鉴阿细跳月发展起来的一种民间集体舞蹈其舞步以三步一踢脚为基本步伐舞蹈时即按此步伐变化队形称为快三步。跳快三步时青年男子手操大三弦以中笛、小笛和哨子伴奏。笛声一响男青年边弹边跳女青年则手牵着手踏着乐声的节拍呈一字形横排急步向男青年跳过来双方皆三步一踢脚拍着巴掌欢快起舞。女青年三步后一般都会转身度因运动量较大每次跳四五分钟即需休息片刻。快三步舞节奏明快情绪热烈奔放比较适合青年人故称青年舞也叫跳大三弦。每到夜晚哨声脆响金笛齐鸣紧凑而急迫的弦声粗犷、整齐地响起青年男女合着、、的旋律对面而舞踏三步起一脚同时伴之以歌唱和哦哦的呼声与弦声、掌声一起汇成欢快、激昂的声浪。现时石林一带的撒尼族家家都有大三弦人人会跳大三弦舞。为了更好地弘扬民族传统文化延续草根文脉需要进一步制定方略保护撒尼大三弦舞顺利发展传承。,国家级,彝族\三弦\舞是\彝族\人民\代代相传\的\一种\民间舞蹈\在\休闲\或\欢乐\时\彝族\人\往往\都\会\跳\起\它\。\不同\地区\和\不同\的\彝族\支系\对\三弦\舞\各有不同\称谓\流传\于\阿细\彝区\的\三弦\舞称\阿细跳月\流传\于\撒尼\彝区\的\三弦\舞称\撒尼\大三弦\。\三弦\舞是\一种\群体性\的\舞蹈\男女\都\可\参加\但\跳舞\时\只有\男子\使用\三弦\女子\只是\踏着\节奏\伴舞\。\彝族\三弦\舞\分为\大三弦\舞\和\小\三弦\舞\两种\年轻人\跳舞\时用\的\是\大三弦\所以\叫\大三弦\舞\中老年人\跳舞\时用\的\三弦\较\小\因而\称小\三弦\舞\。\大三弦\舞\源远流长\近\几十年\在\大型\庆典活动\和\影视节目\中\经常\可以\见到\它\的\身影\因而\在\国内\具有\较\高\的\知名度\。\相\比较而言\小\三弦\舞\的\音乐\、\舞蹈节奏\缓慢\故又称\为慢\三步\。\长期以来\营造\欢乐祥和\气氛\的\彝族\三弦\舞\一直\在\增强\群体意识\促进\民族团结\方面\发挥\着\积极\的\作用\它\被\有关\学者\誉为\远古\舞蹈\的\活化石\为\舞蹈\起源\与\发展\的\研究\提供\了\大量\具有\较\高\认识\价值\的\宝贵\材料\。\居住\在\云南\石林\、\丘北\一带\的\彝族\多为\撒尼\人\相传\很久以前\有位\如花似玉\的\撒尼\姑娘\为\避\土司\逼婚\而\出逃\与\一\撒尼\小伙\中途\相遇\彼此\情投意合\燃点\篝火\而围\之\起舞\以火\为证\结成\夫妻\由此\形成\撒尼\大三弦\舞蹈\。\除此之外\还有\一种\撒尼\人为\抢种\庄稼\而\在\烧荒\后\的\土地\上\跳动\后来\发展\成\撒尼\大三弦\的\说法\。\大三弦\是\撒尼\人\娱乐\、\抒情\的\主要\乐器\其\制作\十分\简便\先\以\一节\香椿树\凿成\圆\空心\在\一头\蒙\上\山羊皮\再\将\一米\多长\的\青\松树\精加工\成\三弦\杆配\上\三根\中\皮线\即可\制成\大三弦\。\大三弦\舞\又\叫\快\三步\它\是\撒尼\人\借鉴\阿细跳月\发展\起来\的\一种\民间\集体\舞蹈\其\舞步\以\三步\一\踢脚\为\基本\步伐\舞蹈\时即\按此\步伐\变化\队形\称为\快\三步\。\跳快\三步\时\青年\男子\手操\大三弦\以中\笛\、\小笛\和\哨子\伴奏\。\笛声\一响\男青年\边弹\边\跳\女\青年\则\手牵着\手踏着\乐声\的\节拍\呈\一\字形\横排\急步\向\男青年\跳过来\双方\皆\三步\一\踢脚\拍\着\巴掌\欢快\起舞\。\女\青年\三步\后\一般\都\会\转身\度因\运动量\较大\每次\跳\四五分钟\即\需\休息\片刻\。\快\三步\舞\节奏\明快\情绪\热烈奔放\比较\适合\青年人\故称\青年\舞\也\叫\跳\大三弦\。\每到\夜晚\哨声\脆响\金笛\齐鸣\紧凑\而\急迫\的\弦声\粗犷\、\整齐\地\响起\青年\男女\合着\、\、\的\旋律\对面\而舞\踏\三步\起\一脚\同时\伴之以\歌唱\和\哦\哦\的\呼声\与\弦声\、\掌声\一起\汇成\欢快\、\激昂\的\声浪\。\现时\石林\一带\的\撒尼族\家家\都\有\大三弦\人人\会\跳\大三弦\舞\。\为了\更好\地\弘扬\民族\传统文化\延续\草根\文脉\需要\进一步\制定\方略\保护\撒尼\大三弦\舞\顺利\发展\传承\。,彝族
乐作舞,第二批,传统舞蹈,云南省红河县,乐作舞是哈尼族和彝族共有的一种歌、舞、乐一体的古老民间舞蹈流传于云南省红河哈尼族彝族自治州南岸红河县的哈尼族、彝族村寨。跳乐作舞彝族民间称为载比哈尼族民间称为哈塞塞又名龙纵撮。乐作的称谓至少已有一百多年的历史。根据哈尼语音译乐是大家之意作是玩跳之意。乐作就是大家来跳乐。据说在彝族中乐作这一名称是石屏、建水人称红河南岸彝族舞蹈的别称。经过近百年的演变乐作在哈尼族、彝族群众中已成为约定俗成的舞蹈名称。新中国成立以后又经文艺工作者学习交流把江外乐作的名称传播到全省乃至全国的文艺界成为大家对红河南岸哈尼族摆放跳乐的统称。跳乐作舞不受时间、地点、人数和形式的限制却有一定的程序。舞前先是有乐队伴奏的抒情性歌唱乐队人员不参加舞蹈但往往会随着伴奏的节拍摇晃身体并以高昂的帮腔助兴。然后人们多呈双数围成圆圈起舞边跳边唱忽动忽停间或拍手有时交错对穿有时翻身自转但总体上始终保持圆圈的外观。舞者姿态优美动作柔和而轻盈舞动的手臂如同蜻蜓振翅膝盖富有弹性地屈伸运动舞步的套路丰富而完整显示出鲜明的民族风格和浓郁的地方特色。乐作舞是哈尼族和彝族人民的精神纽带它在边疆各民族男女青年的社交活动中发挥着媒介作用为增进边疆各民族的友谊和团结作出了巨大贡献。目前由于保护措施不够健全加上外来文化的影响乐作舞已面临生存危机亟待保护传承。,国家级,乐作舞\是\哈尼族\和\彝族\共有\的\一种\歌\、\舞\、\乐\一体\的\古老\民间舞蹈\流传\于\云南省\红河哈尼族彝族自治州\南岸\红河县\的\哈尼族\、\彝族\村寨\。\跳\乐作舞\彝族\民间\称为\载比\哈尼族\民间\称为\哈\塞塞\又名\龙纵\撮\。\乐作\的\称谓\至少\已有\一百多年\的\历史\。\根据\哈尼语\音译\乐是\大家\之意作\是\玩\跳\之意\。\乐作\就是\大家\来\跳乐\。\据说\在\彝族\中乐作\这\一\名称\是\石屏\、\建水\人称\红河\南岸\彝族舞蹈\的\别称\。\经过\近\百年\的\演变\乐作\在\哈尼族\、\彝族\群众\中\已\成为\约定俗成\的\舞蹈\名称\。\新\中国\成立\以后\又\经\文艺工作者\学习\交流\把\江外\乐作\的\名称\传播\到\全省\乃至\全国\的\文艺界\成为\大家\对\红河\南岸\哈尼族\摆放\跳乐\的\统称\。\跳\乐作舞\不\受\时间\、\地点\、\人数\和\形式\的\限制\却\有\一定\的\程序\。\舞前\先是\有\乐队\伴奏\的\抒情性\歌唱\乐队\人员\不\参加\舞蹈\但\往往\会\随着\伴奏\的\节拍\摇晃\身体\并\以\高昂\的\帮腔\助兴\。\然后\人们\多\呈\双数\围成\圆圈\起舞\边跳边唱\忽动\忽停\间或\拍手\有时\交错\对\穿\有时\翻身\自转\但\总体\上\始终保持\圆圈\的\外观\。\舞者\姿态\优美\动作\柔和\而\轻盈\舞动\的\手臂\如同\蜻蜓\振翅\膝盖\富有\弹性\地\屈伸\运动\舞步\的\套路\丰富\而\完整\显示\出\鲜明\的\民族风格\和\浓郁\的\地方\特色\。\乐作舞\是\哈尼族\和\彝族\人民\的\精神\纽带\它\在\边疆\各\民族\男女\青年\的\社交活动\中\发挥\着\媒介\作用\为\增进\边疆\各\民族\的\友谊\和\团结\作出\了\巨大贡献\。\目前\由于\保护措施\不够\健全\加上\外来文化\的\影响\乐作舞\已\面临\生存\危机\亟待\保护\传承\。,哈尼族
彝族左脚舞,第二批,传统舞蹈,云南省牟定县,彝族左脚舞彝语称为咕遮古名堕左脚是彝族一种代表性的传统舞蹈。它是在彝族长期的刀耕火种生活中逐渐形成的歌、舞、乐合一以娱人、交往、健身为目的。彝族左脚舞主要流传于云南省楚雄彝族自治州牟定县对牟定县彝族人民乃至全县的政治、经济、文化都产生着重要的影响。彝族左脚舞表演时唱腔多样舞姿起时先起左脚垫三脚踢一脚基本步法有直脚、甩脚、垫脚等特殊动作为串花、翻身等。小伙子们弹起龙头四弦拉起小二胡姑娘们唱左脚调共跳左脚舞少则十余人多则成百上千人气势恢宏。舞蹈随意性较强不限人数不分男女老幼不限时间、地点内容涉及彝族文化、生产、生活方方面面节奏明快、通俗易懂、表现力丰富。彝族左脚舞记录着彝族人民对天、地、日、月、火、虎、自然等的原始崇拜反映了彝族人民在漫长的历史发展过程中团结奋进、勇于创造的民族精神。它深深地扎根于彝族人民的生产生活之中是牟定彝人及全县各族人民的精神食粮其独特的乐器制作技艺和服饰特色充分体现了彝族人民高超的工艺水平和创造才能。彝族左脚舞中包含了彝族民风民俗、传统工艺、民族服饰等诸多文化内容具有人类学、民族学、民俗学等多方面的研究价值。长期以来彝族左脚舞一直没有得到有组织、有计划的保护在节庆活动城镇化、民俗活动商业化等现代社会发展趋势的影响下其文化传统和习俗日渐淡化具有歌、舞、乐综合素质的传承人越来越少。在此情势下彝族左脚舞的生存面临重重危机亟待抢救保护。,国家级,彝族左脚舞\彝语\称为\咕遮古名\堕\左脚\是\彝族\一种\代表性\的\传统\舞蹈\。\它\是\在\彝族\长期\的\刀耕火种\生活\中\逐渐\形成\的\歌\、\舞\、\乐\合一\以\娱人\、\交往\、\健身\为\目的\。\彝族左脚舞\主要\流传\于\云南省楚雄彝族自治州\牟定县\对\牟定县\彝族\人民\乃至\全县\的\政治\、\经济\、\文化\都\产生\着\重要\的\影响\。\彝族左脚舞\表演\时\唱腔\多样\舞姿\起时\先起\左脚\垫\三脚\踢\一脚\基本\步法\有\直脚\、\甩脚\、\垫脚\等\特殊\动作\为\串花\、\翻身\等\。\小伙子\们\弹起\龙头\四弦拉起\小\二胡\姑娘\们\唱\左脚\调共跳\左脚\舞少\则\十余\人\多则\成百上千\人\气势恢宏\。\舞蹈\随意性\较强\不限\人数\不\分\男女老幼\不\限\时间\、\地点\内容\涉及\彝族\文化\、\生产\、\生活\方方面面\节奏\明快\、\通俗易懂\、\表现力\丰富\。\彝族左脚舞\记录\着\彝族\人民\对天\、\地\、\日\、\月\、\火\、\虎\、\自然\等\的\原始\崇拜\反映\了\彝族\人民\在\漫长\的\历史\发展\过程\中\团结奋进\、\勇于\创造\的\民族\精神\。\它\深深地\扎根\于\彝族\人民\的\生产\生活\之中\是\牟定\彝人\及\全县\各族人民\的\精神食粮\其\独特\的\乐器\制作\技艺\和\服饰\特色\充分体现\了\彝族\人民\高超\的\工艺水平\和\创造才能\。\彝族左脚舞\中\包含\了\彝族\民风\民俗\、\传统工艺\、\民族服饰\等\诸多\文化\内容\具有\人类学\、\民族学\、\民俗学\等\多方面\的\研究\价值\。\长期以来\彝族左脚舞\一直\没有\得到\有\组织\、\有\计划\的\保护\在\节庆\活动\城镇化\、\民俗\活动\商业化\等\现代社会\发展趋势\的\影响\下\其\文化\传统\和\习俗\日渐\淡化\具有\歌\、\舞\、\乐\综合\素质\的\传承\人\越来越少\。\在\此\情势\下\彝族左脚舞\的\生存\面临\重重\危机\亟待\抢救\保护\。,彝族
彝族老虎笙,第二批,传统舞蹈,云南省双柏县,彝族老虎笙是一种同时具备祭祀性和自娱性的舞蹈主要流传于云南省楚雄彝族自治州双柏县。老虎笙舞姿以奔放雄浑著称展现了山地民族的刚强性格表达了彝族人民对虎的崇拜。其主要动作是模拟老虎的各种动态生猛有力体现了彝族人民图腾崇拜的习俗古朴传统。彝族先民认为虎尸分解创造了万物他们崇虎、敬虎以虎为祖先自称倮倮即虎族。双柏县法镇的小麦地冲是老虎笙的发源地居住于此的彝族每年正月初八到正月十五有历时八天的虎节其间会举行祭虎、接虎、跳虎、送虎等活动。跳虎者以黑毡捆扎成虎皮的样子在身体裸露部位用颜料画上虎的花纹整个人装扮成老虎的模样。跳老虎笙一般需人装扮成八头虎、两只猫、两位山神、一个道人此外还有两个击鼓者和一个敲锣者。舞者排列成一行纵队按逆时针方向行进。老虎笙的舞蹈动作十分丰富其中既有老虎亲嘴、老虎搭桥、老虎擦屁股等模仿老虎习性的动作也有送肥、犁田、耕地、撒秧、栽种、拔秧、收割等模拟农事活动的动作。作为彝族虎图腾崇拜的活史料老虎笙生动体现了彝族先民的崇虎观及人与自然和谐相处的发展观它承载着许多彝族的历史文化信息和原始记忆在长期发展中逐渐成为彝族传统文化传承的平台具有很高的人类学、民族学、民俗学研究价值。目前古朴、神奇的老虎笙受到传统生活方式变迁及民俗活动商业化趋势的影响原始面貌发生改变传承面临严重危机急需抢救保护。,国家级,彝族老虎笙\是\一种\同时\具备\祭祀\性\和\自娱性\的\舞蹈\主要\流传\于\云南省楚雄彝族自治州\双柏县\。\老虎\笙\舞姿\以\奔放\雄浑\著称\展现\了\山地\民族\的\刚强\性格\表达\了\彝族\人民\对\虎\的\崇拜\。\其\主要\动作\是\模拟\老虎\的\各种\动态\生猛\有力\体现\了\彝族\人民\图腾崇拜\的\习俗\古朴\传统\。\彝族\先民\认为\虎尸\分解\创造\了\万物\他们\崇虎\、\敬虎以\虎\为\祖先\自称\倮倮\即虎族\。\双柏县\法镇\的\小麦\地冲\是\老虎\笙\的\发源地\居住\于\此\的\彝族\每年\正月\初八\到\正月十五\有\历时\八天\的\虎节\其间\会\举行\祭虎\、\接虎\、\跳虎\、\送虎\等\活动\。\跳虎者\以\黑\毡\捆扎\成\虎皮\的\样子\在\身体\裸露\部位\用\颜料\画上\虎\的\花纹\整个\人\装扮成\老虎\的\模样\。\跳\老虎\笙\一般\需人\装扮成\八头\虎\、\两只\猫\、\两位\山神\、\一个\道人\此外\还有\两个\击鼓\者\和\一个\敲锣\者\。\舞者\排列成\一行\纵队\按\逆时针\方向\行进\。\老虎\笙\的\舞蹈动作\十分\丰富\其中\既有\老虎\亲嘴\、\老虎\搭桥\、\老虎\擦屁股\等\模仿\老虎\习性\的\动作\也\有\送\肥\、\犁田\、\耕地\、\撒秧\、\栽种\、\拔秧\、\收割\等\模拟\农事\活动\的\动作\。\作为\彝族\虎\图腾崇拜\的\活\史料\老虎\笙\生动\体现\了\彝族\先民\的\崇虎观\及\人与自然\和谐\相处\的\发展观\它\承载\着\许多\彝族\的\历史\文化\信息\和\原始\记忆\在\长期\发展\中\逐渐\成为\彝族\传统\文化传承\的\平台\具有\很\高\的\人类学\、\民族学\、\民俗学\研究\价值\。\目前\古朴\、\神奇\的\老虎\笙\受到\传统\生活方式\变迁\及\民俗\活动\商业化\趋势\的\影响\原始\面貌\发生\改变\传承\面临\严重\危机\急需\抢救\保护\。,彝族
彝族跳菜,第二批,传统舞蹈,云南省南涧彝族自治县,彝族跳菜又名抬菜舞彝语称为吾切巴是云南省南涧彝族自治县境内流传的一种礼节性风俗舞蹈。它起源于古老的祭祀长期以来一直在南涧彝族地区传沿不绝。彝族民间办宴席上菜时为敬重宾客、增加喜庆气氛往往要跳起这种舞蹈。在《奉圣乐》伴奏下舞者捧盘或托盘起舞舞姿多以旋转为主舞袖旋转姿态繁多时而刚劲时而蹁跹。彝族跳菜常见的有席间跳菜和表演跳菜两大类表演跳菜以席间跳菜为基础而以南涧境内流传的多种打歌步伐为主要舞步。席间跳菜按抬菜方式的不同可分为头功跳菜、口功跳菜和手功跳菜三种既相对独立又有整体表现性的形式。表演跳菜按表演风格的不同可分为无量山系黑彝跳菜、哀牢山系黑彝跳菜和无量乡红星村白彝跳菜三种按表演场地的不同又可分为舞台跳菜和广场跳菜两种形式。舞台跳菜是在舞台上表演的跳菜演员通常在二十人左右舞蹈动作粗犷豪放、刚健有力声音高亢嘹亮广场跳菜演出场地宽广演员少则数十人多则数百人呈现出一种气势恢宏、整齐和谐的艺术效果。彝族跳菜反映了彝族人民对丰收的喜悦和对美好生活的憧憬展现出他们善良淳朴、热情好客的特点具有原始宗教及民俗文化等方面的研究价值。目前跳菜这一古老的民间文化活动后继乏人已处于濒危状态亟待保护传承。,国家级,彝族跳菜\又名\抬菜\舞\彝语\称为\吾\切巴是\云南省\南涧彝族自治县\境内\流传\的\一种\礼节性\风俗\舞蹈\。\它\起源于\古老\的\祭祀\长期以来\一直\在\南涧\彝族\地区\传沿\不绝\。\彝族\民间\办\宴席\上菜\时为\敬重\宾客\、\增加\喜庆\气氛\往往\要\跳\起\这种\舞蹈\。\在\《\奉圣乐\》\伴奏\下\舞者\捧\盘\或\托盘\起舞\舞姿\多以\旋转\为主\舞袖\旋转\姿态\繁多\时而\刚劲\时而\蹁跹\。\彝族跳菜\常见\的\有\席间\跳菜\和\表演\跳菜\两大类\表演\跳菜\以\席间\跳菜\为\基础\而\以\南涧\境内\流传\的\多种\打歌\步伐\为\主要\舞步\。\席间\跳菜\按\抬菜\方式\的\不同\可\分为\头功\跳菜\、\口功\跳\菜\和\手功\跳\菜\三种\既\相对\独立\又\有\整体\表现性\的\形式\。\表演\跳菜\按\表演\风格\的\不同\可\分为\无量山\系\黑彝\跳菜\、\哀牢山\系\黑彝\跳菜\和\无量\乡\红星村\白彝\跳菜\三种\按\表演\场地\的\不同\又\可\分为\舞台\跳菜\和\广场\跳菜\两种\形式\。\舞台\跳菜\是\在\舞台\上\表演\的\跳\菜\演员\通常\在\二十\人\左右\舞蹈动作\粗犷\豪放\、\刚健\有力\声音\高亢\嘹亮\广场\跳菜\演出\场地\宽广\演员\少则\数十\人\多则\数百人\呈现出\一种\气势恢宏\、\整齐\和谐\的\艺术\效果\。\彝族跳菜\反映\了\彝族\人民\对\丰收\的\喜悦\和\对\美好生活\的\憧憬\展现出\他们\善良\淳朴\、\热情好客\的\特点\具有\原始宗教\及\民俗文化\等\方面\的\研究\价值\。\目前\跳菜\这\一\古老\的\民间文化\活动\后继乏人\已\处于\濒危\状态\亟待\保护\传承\。,彝族
彝族打歌,第二批,传统舞蹈,云南省巍山彝族回族自治县,彝族打歌也称踏歌是云南省巍山县分布最广、影响最大也最为普及的一种自娱性民族民间舞蹈。据清代嘉庆《景东直隶厅志》记载打歌当时已广为流传除个别有严格的时间、地点规定外每逢春节、小年农历正月十五、火把节或婚嫁、聚会人们都会彻夜踏跳。彝族打歌多在晚上进行开始时先在舞场中央点燃篝火人们以火为圆心自然围成一圈或数圈踏地为节舞蹈歌唱。如是在白天打歌则无需点火。芦笙和笛子是打歌不可缺少的乐器活动进行时圈内一人或数人吹芦笙称为歌头另有一人吹笛子一至二人舞刀弄棍。除芦笙和笛子以外有的地方还以三弦和月琴作为陪衬乐器。在巍山地区西山一带的打歌多为男半圈女半圈如此一圈一圈层层围拢展开活动东山一带则多为男一对女一对如此数十对逆时针舞动边唱边跳逐渐形成圆圈尽情展现优美的舞姿和嘹亮的歌喉。舞蹈动作以腰、腿为律动队形变化不多人数只能成双手扣手肩搭肩。打歌调曲调众多主要有喜事打歌调、节日打歌调、忧事打歌调、善事庙会打歌调、平常打歌调等。曲调旋律优美风格独特曲调进行平稳音程跳动起伏不大多为上下句或四句乐段结构。一首曲调可根据舞者情绪的变化和需要可快可慢反复加花使用并能加进自我风格。其歌词形式可分为四句式、六句式、八句式、十句式、十二句式、奇数式等多种句式则包括五言、六言、七言和长短句等形式。打歌在巍山地区的社会生活中占有重要地位是当地彝族传统节日及婚丧嫁娶、飘梁竖柱等重大活动中不可缺少的内容。歌舞乐三者合一的打歌中积淀了彝族古老的历史文化内涵具有社会学、民俗学等多方面的研究价值。在现代文化的冲击下打歌这一古老的民间文化活动正面临消亡的危险亟待保护。,国家级,彝族打歌\也\称\踏歌\是\云南省\巍山县\分布\最广\、\影响\最大\也\最为\普及\的\一种\自娱性\民族\民间舞蹈\。\据\清代\嘉庆\《\景东\直隶\厅志\》\记载\打歌\当时\已\广为流传\除个别\有\严格\的\时间\、\地点\规定\外\每逢\春节\、\小年\农历\正月十五\、\火把节\或\婚嫁\、\聚会\人们\都\会\彻夜\踏\跳\。\彝族打歌\多\在\晚上\进行\开始\时先\在\舞场\中央\点燃\篝火\人们\以火为\圆心\自然\围成\一圈\或\数圈\踏地\为节\舞蹈\歌唱\。\如是\在\白天\打歌\则\无需\点火\。\芦笙\和\笛子\是\打歌\不可\缺少\的\乐器\活动\进行\时\圈内\一人\或\数人\吹\芦笙\称为\歌头\另\有\一人\吹\笛子\一至\二人\舞刀\弄\棍\。\除\芦笙\和\笛子\以外\有\的\地方\还\以\三弦\和\月琴\作为\陪衬\乐器\。\在\巍山\地区\西山\一带\的\打歌\多为\男\半圈\女\半圈\如此\一圈\一圈\层层\围拢\展开\活动\东山\一带\则\多\为\男\一对\女\一对\如此\数十对\逆时针\舞动\边唱边\跳\逐渐\形成\圆圈\尽情\展现\优美\的\舞姿\和\嘹亮\的\歌喉\。\舞蹈动作\以腰\、\腿\为\律动\队形\变化\不\多\人数\只能\成\双手\扣手\肩\搭\肩\。\打\歌调\曲调\众多\主要\有\喜事\打\歌调\、\节日\打\歌调\、\忧事\打\歌调\、\善事\庙会\打\歌调\、\平常\打\歌调\等\。\曲调\旋律优美\风格\独特\曲调\进行\平稳\音程\跳动\起伏\不\大多\为\上下\句\或\四句\乐段\结构\。\一首\曲调\可\根据\舞者\情绪\的\变化\和\需要\可快\可慢\反复\加花\使用\并\能\加进\自我\风格\。\其\歌词\形式\可\分为\四句\式\、\六\句式\、\八\句式\、\十\句式\、\十二\句式\、\奇数\式\等\多种\句式\则\包括\五言\、\六言\、\七言\和\长短句\等\形式\。\打歌\在\巍山\地区\的\社会生活\中\占有\重要\地位\是\当地\彝族\传统节日\及\婚丧嫁娶\、\飘梁\竖柱\等\重大\活动\中\不可\缺少\的\内容\。\歌舞\乐\三者\合一\的\打歌\中\积淀\了\彝族\古老\的\历史\文化\内涵\具有\社会学\、\民俗学\等\多方面\的\研究\价值\。\在\现代\文化\的\冲击\下\打歌\这一\古老\的\民间文化\活动\正\面临\消亡\的\危险\亟待\保护\。,彝族
傣族象脚鼓舞,第二批,传统舞蹈,云南省潞西市,象脚鼓舞是傣族流行最广泛、表演水平最高、最具代表性的一种传统民族舞蹈。它有独舞、对舞、群舞等多种表演形式可在多种场合表演或自娱。表演目的在于祭祀神灵驱灾避邪庆贺丰年。象脚鼓舞不仅流传于国内的傣族、德昂族、景颇族、阿昌族等少数民族而且还传播到东南亚许多国家。关于象脚鼓起源的民间传说很多如夫妻模仿芒果落水声音制成的人们杀死制造洪水的恶龙用龙皮欢庆胜利而制成的等。但最早的记载见于明代《百夷传》大小长皮鼓以手拊之。象脚鼓是傣族标志性的打击乐器。傣族象脚鼓舞的表演可分两种类型一是击鼓而舞傣语称为协光其中包含有单人舞、双人舞、对舞、群舞等形式二是跟鼓而舞傣语称为嘎光嘎光中的三道弯源于早期人类采摘树上果实的动作后成为傣族及南亚、东南亚许多民族特有的舞蹈造型。象脚鼓舞表演中舞者的手臂要做出后轮翻腕、向前掏转的动作这是傣族先民从背箩里取种、撒种的形象反映表明当时傣族社会已进入农耕时代。傣族象脚鼓舞表演时舞者以左肩背鼓、鼓面对前、鼓尾向下以右手击鼓为主左手配合一般用拳、掌、指敲打鼓面有时也用肘、膝、脚跟、脚趾等敲打手敲鼓膝即弯曲抬手肘即站立。步伐有前点半步蹲、后点半步蹲、踏步全蹲、八字步半蹲还有悠腿、抬腿、踢脚、吸腿跳等动作。根据鼓的长、中、小形状有三种跳法长象脚鼓舞、中象脚鼓舞、小象脚鼓舞。傣族象脚鼓舞是可以自娱也可表演的男子舞蹈具有独特的艺术风格。由于鼓身长对人体运动的限制因而舞蹈动作多以下半身为主如提蹲走步、撩腿部、大八字步等有时还配以身体的轻微闪动动作。傣族象脚鼓舞是傣族人抒发欢乐情绪的手段因而成为群众喜闻乐见的充满阳刚之气的舞蹈。傣族象脚鼓舞具有怡情悦性、强健身心、以舞会友的功能舞蹈中的许多信息可以帮助人们认识傣族历史文化的变迁具有很高的学术研究价值。目前在外来文化强行介入的情势下傣族等少数民族的传统文化受到巨大冲击掌握象脚鼓舞表演技艺的民间艺人寥寥无几一些高难度的击鼓技巧也已失传亟待有关方面加强保护措施及时抢救。,国家级,象脚鼓舞\是\傣族\流行\最\广泛\、\表演\水平\最高\、\最具\代表性\的\一种\传统\民族\舞蹈\。\它\有\独舞\、\对舞\、\群舞\等\多种\表演\形式\可\在\多种\场合\表演\或\自娱\。\表演\目的\在于\祭祀\神灵\驱灾\避邪\庆贺\丰年\。\象脚鼓舞\不仅\流传\于\国内\的\傣族\、\德昂族\、\景颇族\、\阿昌族\等\少数民族\而且\还\传播\到\东南亚\许多\国家\。\关于\象脚鼓\起源\的\民间传说\很多\如\夫妻\模仿\芒果\落水\声音\制成\的\人们\杀死\制造\洪水\的\恶龙\用\龙皮\欢庆\胜利\而\制成\的\等\。\但\最早\的\记载\见于\明代\《\百夷传\》\大小\长\皮鼓\以手\拊\之\。\象脚鼓\是\傣族\标志性\的\打击乐器\。\傣族象脚鼓舞\的\表演\可\分\两种\类型\一是\击鼓\而舞\傣语\称为\协光\其中\包含\有\单人舞\、\双人舞\、\对舞\、\群舞\等\形式\二是\跟\鼓而舞\傣语\称为\嘎\光嘎光\中\的\三道\弯\源于\早期\人类\采摘\树上\果实\的\动作\后\成为\傣族\及\南亚\、\东南亚\许多\民族\特有\的\舞蹈造型\。\象脚鼓舞\表演\中\舞者\的\手臂\要\做出\后轮\翻腕\、\向前\掏转\的\动作\这是\傣族\先民\从\背\箩里\取种\、\撒种\的\形象\反映\表明\当时\傣族\社会\已\进入\农耕\时代\。\傣族象脚鼓舞\表演\时\舞者\以\左肩\背鼓\、\鼓\面对\前\、\鼓尾\向下\以\右手\击鼓\为主\左手\配合\一般\用拳\、\掌\、\指\敲打\鼓面\有时\也\用\肘\、\膝\、\脚跟\、\脚趾\等\敲打\手\敲\鼓膝\即\弯曲\抬\手肘\即\站立\。\步伐\有\前点\半步\蹲\、\后\点\半步\蹲\、\踏步\全\蹲\、\八字步\半\蹲\还有\悠腿\、\抬腿\、\踢脚\、\吸腿\跳\等\动作\。\根据\鼓\的\长\、\中\、\小\形状\有\三种\跳法长\象脚鼓舞\、\中\象脚鼓舞\、\小\象脚鼓舞\。\傣族象脚鼓舞\是\可以\自娱\也\可\表演\的\男子\舞蹈\具有\独特\的\艺术风格\。\由于\鼓\身长\对\人体\运动\的\限制\因而\舞蹈动作\多以\下半身\为主\如提\蹲\走步\、\撩\腿部\、\大\八字步\等\有时\还\配以\身体\的\轻微\闪动\动作\。\傣族象脚鼓舞\是\傣族\人\抒发\欢乐\情绪\的\手段\因而\成为\群众\喜闻乐见\的\充满\阳刚之气\的\舞蹈\。\傣族象脚鼓舞\具有\怡情悦性\、\强健\身心\、\以\舞会\友\的\功能\舞蹈\中\的\许多\信息\可以\帮助\人们\认识\傣族\历史\文化\的\变迁\具有\很\高\的\学术研究\价值\。\目前\在\外来文化\强行\介入\的\情势\下\傣族\等\少数民族\的\传统文化\受到\巨大\冲击\掌握\象脚鼓舞\表演\技艺\的\民间艺人\寥寥无几\一些\高难度\的\击鼓\技巧\也\已\失传\亟待\有关\方面\加强\保护措施\及时\抢救\。,傣族
基诺大鼓舞,第一批,传统舞蹈,云南省景洪市,大鼓舞基诺语称司土锅司土为大鼓锅为跳流传于云南省西双版纳傣族自治州景洪市基诺山基诺族乡的基诺族村寨。基诺族跳大鼓舞是为了感谢传说中用大鼓拯救了基诺人的创世女神阿嫫腰白。跳大鼓舞以过特懋克节时最为隆重时间是在立春后三天。跳大鼓舞有一套完整的仪式舞前寨老们要先杀一头乳猪、一只鸡供于鼓前由七位长老磕头拜祭其中一人念诵祭词祈祷大鼓给人们带来吉祥平安。祭毕由一人双手执鼓槌边击边舞另有若干击、击镲、伴舞伴歌者跳大鼓舞时的唱词称乌悠壳歌词多为基诺人的历史、道德和习惯等内容舞蹈动作有拜神灵、欢乐跳、过年调等。大鼓是基诺族的礼器、重器和神物只能挂在卓巴寨老家的神柱上制造大鼓要遵循很严格的程序。基诺族大鼓舞蕴涵丰富的历史文化内涵有一定的艺术性和观赏性目前只有名年过七旬的老人尚能掌握大鼓舞仪式的全过程及全部舞蹈动作已处于极度濒危的境地急需加以保护。,国家级,大\鼓舞\基诺语\称司\土锅司\土为\大鼓\锅为\跳\流传\于\云南省西双版纳傣族自治州\景洪市\基诺\山\基诺族\乡\的\基诺族\村寨\。\基诺族\跳大\鼓舞\是\为了\感谢\传说\中\用\大鼓\拯救\了\基诺\人\的\创世\女神\阿\嫫\腰白\。\跳大\鼓舞\以过\特懋克\节\时\最为\隆重\时间\是\在\立春后\三天\。\跳大\鼓舞\有\一套\完整\的\仪式\舞前\寨\老们\要\先\杀\一头\乳猪\、\一只\鸡供\于\鼓前\由\七位\长老\磕头\拜祭\其中\一人\念诵\祭词\祈祷\大鼓\给\人们\带来\吉祥\平安\。\祭毕\由\一人\双手\执\鼓槌\边击\边舞\另有\若干\击\、\击\镲\、\伴\舞伴\歌者\跳大\鼓舞\时\的\唱词\称\乌悠壳\歌词\多为\基诺\人\的\历史\、\道德\和\习惯\等\内容\舞蹈动作\有\拜\神灵\、\欢乐\跳\、\过年\调等\。\大鼓\是\基诺族\的\礼器\、\重器\和\神物\只能\挂\在\卓巴\寨\老家\的\神柱\上\制造\大鼓\要\遵循\很\严格\的\程序\。\基诺族大鼓舞\蕴涵\丰富\的\历史\文化\内涵\有\一定\的\艺术性\和\观赏性\目前\只有\名年\过\七旬\的\老人\尚\能\掌握\大\鼓舞\仪式\的\全过程\及\全部\舞蹈动作\已\处于\极度\濒危\的\境地\急需\加以\保护\。,傣族
彝族烟盒舞,第一批,传统舞蹈,云南省红河哈尼族彝族自治州,石屏彝族烟盒舞又称跳弦、垄偬等流传于云南省红河哈尼族彝族自治州石屏县的彝族村寨元明时期趋于成熟清代和民国时期达到鼎盛。彝族烟盒舞包括正弦和杂弦两部分形成了山区和坝区两种风格和多种流派舞蹈套路多达套目前仅搜集整理套其中正弦套杂弦套。其舞蹈形式有双人舞、三人舞和群舞等舞者手持旧时盛火草烟的圆形木制烟盒在四弦的伴奏下弹击盒底击节作舞节奏明快气氛热烈。石屏彝族烟盒舞个性鲜明技巧多样著名的技巧动作有仙人搭桥、蚂蚁搬家、倒挂金钩等。这种富有特色的民族民间舞蹈既可健身又可怡情动作流畅潇洒极富艺术感染力深受群众喜爱传播范围遍及城乡现已发展成为集歌、舞、乐、竞技于一体的综合性舞蹈艺术。烟盒舞作为滇南彝族最具特色的一个舞种以独特的舞蹈语汇展现了彝族的历史观、道德观、价值观和思维方式在民族学、民俗学、社会学领域有很高的研究价值。其丰富多样的舞蹈套路和深邃的舞蹈内涵表明彝族人民出众的舞蹈创作才能和艺术领悟能力。烟盒舞通过头、脚、身、手、腰等各个身体部位的巧妙运用以优美的舞姿形象地表达了彝族特有的审美趣味同时下腰连环翻滚等高难度的舞蹈技巧也具有很高的艺术价值。烟盒舞以其独特的艺术魅力广为当地各族群众喜爱成为民族间加强团结、增进友谊的平台。随着时代的变迁烟盒舞的人文环境发生巨变传统的吃火草烟习俗已经消失烟盒舞出现风格单一化、内涵浅显化的趋势传统的韵味十足的烟盒舞经典套路濒临失传亟待抢救。,国家级,石屏\彝族烟盒舞\又称\跳弦\、\垄偬\等\流传\于\云南省\红河哈尼族彝族自治州\石屏县\的\彝族\村寨\元明\时期\趋于\成熟\清代\和\民国时期\达到\鼎盛\。\彝族烟盒舞\包括\正弦\和\杂\弦\两\部分\形成\了\山区\和\坝区\两种\风格\和\多种\流派\舞蹈\套路\多达\套\目前\仅\搜集整理\套\其中\正弦\套杂\弦\套\。\其\舞蹈形式\有\双人舞\、\三人舞\和\群舞\等\舞者\手持\旧时\盛火\草烟\的\圆形\木制\烟盒\在\四\弦\的\伴奏\下弹击\盒底\击节\作舞\节奏\明快\气氛\热烈\。\石屏\彝族烟盒舞\个性\鲜明\技巧\多样\著名\的\技巧\动作\有\仙人\搭桥\、\蚂蚁\搬家\、\倒挂金钩\等\。\这种\富有\特色\的\民族\民间舞蹈\既\可\健身\又\可\怡情\动作\流畅\潇洒\极富\艺术\感染力\深受\群众\喜爱\传播\范围\遍及\城乡\现已\发展\成为\集歌\、\舞\、\乐\、\竞技\于\一体\的\综合性\舞蹈艺术\。\烟盒舞\作为\滇南\彝族\最具\特色\的\一个\舞种\以\独特\的\舞蹈语汇\展现\了\彝族\的\历史观\、\道德观\、\价值观\和\思维\方式\在\民族学\、\民俗学\、\社会学\领域\有\很\高\的\研究\价值\。\其\丰富\多样\的\舞蹈\套路\和\深邃\的\舞蹈\内涵\表明\彝族\人民\出众\的\舞蹈\创作才能\和\艺术\领悟\能力\。\烟盒舞\通过\头\、\脚\、\身\、\手\、\腰\等\各个\身体\部位\的\巧妙\运用\以\优美\的\舞姿\形象\地\表达\了\彝族\特有\的\审美趣味\同时\下腰\连环\翻滚\等\高难度\的\舞蹈技巧\也\具有\很\高\的\艺术\价值\。\烟盒舞\以\其\独特\的\艺术\魅力\广为\当地\各族群众\喜爱\成为\民族\间\加强团结\、\增进友谊\的\平台\。\随着\时代\的\变迁\烟盒舞\的\人文环境\发生巨变\传统\的\吃\火草烟\习俗\已经\消失\烟盒舞\出现\风格\单一化\、\内涵\浅显\化\的\趋势\传统\的\韵味\十足\的\烟盒舞\经典\套路\濒临\失传\亟待\抢救\。,彝族
彝族葫芦笙舞,第一批,传统舞蹈,云南省文山壮族苗族自治州,西畴彝族葫芦笙舞流传于云南省文山壮族苗族自治州西畴县鸡街曼村。曼村为彝族花倮人聚居的村落。花倮人的葫芦笙舞是一种古老的彝族民间舞蹈以躯体形前后曲动的典型舞姿而独树一帜展现着古代滇人葫芦笙舞的遗韵。在开化古铜鼓图饰上有个头戴羽冠、衣着羽衣、吹葫芦笙翩翩起舞的舞人饰纹舞姿正是一个典型的形前后曲动的造型动作。即此可以证明在漫长的历史年代古滇先民跳葫芦笙舞时是头戴羽冠、手执羽毛、身穿羽衣、屈肢顿足而周旋飞舞。今天曼村花倮妇女的头饰和服饰仍保留有一些羽冠和羽衣的痕迹说明曼村花倮人的葫芦笙舞是由古滇先民舞蹈传承而来有其特定的历史文化内涵。在花倮人的重要节日时全村男女老幼欢聚于场院妇女身穿节日盛装在葫芦笙的伴奏下围成圆圈翩翩起舞。葫芦笙舞有牙虐站着跳、牙庆起步跳、牙拉移步翻身、牙降走圆圈、牙稳穿花、牙搞对点头和牙敢前跳又后跳等七种不同的舞蹈套路每一种套路都有不同的葫芦笙曲调吹奏音乐较为丰富。花倮人葫芦笙制作工艺特别五根长短不一的竹管在根部嵌竹或铜制簧片插入葫芦制成的音斗三支笙管侧面开有音孔最短的一支在音斗背后也开有音孔最长的一支顶端还套有一个小葫芦以增加共鸣。由于生产生活的变化和外来文化的冲击彝族葫芦笙舞的艺术特色和文化内涵正逐渐减弱表现形式日趋单一传承上也出现不容乐观的现象应尽快加以保护和抢救。,国家级,西畴\彝族葫芦笙舞\流传\于\云南省\文山壮族苗族自治州\西畴县\鸡街\曼村\。\曼村\为\彝族\花倮\人\聚居\的\村落\。\花倮\人\的\葫芦\笙舞\是\一种\古老\的\彝族\民间舞蹈\以\躯体\形\前后\曲动\的\典型\舞姿\而\独树一帜\展现\着\古代\滇人\葫芦\笙舞\的\遗韵\。\在\开化\古\铜鼓\图饰\上\有\个头\戴\羽冠\、\衣着\羽衣\、\吹\葫芦\笙\翩翩起舞\的\舞人饰\纹\舞姿\正是\一个\典型\的\形\前后\曲动\的\造型\动作\。\即此\可以\证明\在\漫长\的\历史\年代\古\滇\先民\跳\葫芦\笙\舞时\是\头戴\羽冠\、\手执\羽毛\、\身穿\羽衣\、\屈肢\顿足\而\周旋\飞舞\。\今天\曼村\花倮\妇女\的\头饰\和\服饰\仍\保留\有\一些\羽冠\和\羽衣\的\痕迹\说明\曼村\花倮\人\的\葫芦\笙舞\是\由\古\滇\先民\舞蹈\传承\而来\有\其\特定\的\历史\文化\内涵\。\在\花\倮\人\的\重要\节日\时\全村\男女老幼\欢聚\于\场院\妇女\身穿\节日\盛装\在\葫芦\笙\的\伴奏\下\围成\圆圈\翩翩起舞\。\葫芦\笙舞\有牙虐\站\着\跳\、\牙庆\起步\跳\、\牙拉\移步\翻身\、\牙降\走\圆圈\、\牙稳\穿花\、\牙\搞\对\点头\和\牙敢\前\跳\又\后\跳\等\七种\不同\的\舞蹈\套路\每\一种\套路\都\有\不同\的\葫芦\笙\曲调\吹奏\音乐\较为\丰富\。\花倮\人\葫芦\笙\制作\工艺\特别\五根\长短不一\的\竹管\在\根部\嵌\竹\或\铜制\簧片\插入\葫芦\制成\的\音斗\三支\笙管\侧面\开\有\音孔\最短\的\一支\在\音斗\背后\也\开有\音孔\最长\的\一支\顶端\还套\有\一个\小\葫芦\以\增加\共鸣\。\由于\生产\生活\的\变化\和\外来文化\的\冲击\彝族葫芦笙舞\的\艺术\特色\和\文化\内涵\正\逐渐\减弱\表现形式\日趋\单一\传承\上\也\出现\不容乐观\的\现象\应\尽快\加以\保护\和\抢救\。,彝族
傈僳族阿尺木刮,第一批,传统舞蹈,云南省维西傈僳族自治县,傈僳族歌舞阿尺木刮意为山羊的歌舞或学山羊叫的歌调流传于云南省迪庆藏族自治州维西傈僳族自治县叶枝镇的同乐、新乐一带是当地传统的自娱性民间歌舞。维西历史上交通闭塞傈僳族少与外界往来生产方式基本处于半农半牧阶段。山羊是家家必养的牲畜羊与维西傈僳人的生活关系极为密切。阿尺木刮亦与山羊有关是维西傈僳人传统生产生活和思想感情的生动表现。阿尺木刮舞者的服饰十分独特据清代余庆远《维西见闻录》记载表演阿尺木刮时男挽髻戴簪编麦草为缨络缀于发间出入常佩利刃。妇挽发束箍盘领衣系裙裤。如今这种别具一格的服饰已不多见现在阿尺木刮表演中仍保持编麦草为缨络缀于发间的惟有叶枝镇境内的傈僳族。阿尺木刮舞蹈形式热烈奔放风格独特基本上保持着传统的民间艺术形态。目前一些传统舞蹈套路只有部分老人还会跳面临着传承危机。,国家级,傈僳族\歌舞\阿尺\木刮意\为\山羊\的\歌舞\或学\山羊\叫\的\歌调\流传\于\云南省迪庆藏族自治州\维西傈僳族自治县\叶枝\镇\的\同乐\、\新乐\一带\是\当地\传统\的\自娱性\民间\歌舞\。\维西\历史\上\交通\闭塞\傈僳族\少\与\外界\往来\生产方式\基本\处于\半农半牧\阶段\。\山羊\是\家家\必养\的\牲畜\羊\与\维西\傈僳\人\的\生活\关系\极为\密切\。\阿尺\木\刮\亦\与\山羊\有关\是\维西\傈僳\人\传统\生产\生活\和\思想感情\的\生动\表现\。\阿尺\木\刮\舞者\的\服饰\十分\独特\据\清代\余庆\远\《\维西\见闻录\》\记载\表演\阿尺\木\刮\时\男\挽髻\戴簪\编\麦草\为\缨络\缀\于\发间\出入\常佩\利刃\。\妇挽发束\箍\盘\领衣系\裙裤\。\如今\这种\别具一格\的\服饰\已\不多见\现在\阿尺\木\刮\表演\中\仍\保持\编\麦草\为\缨络\缀\于\发间\的\惟有\叶枝\镇\境内\的\傈僳族\。\阿尺\木\刮\舞蹈形式\热烈奔放\风格\独特\基本上\保持\着\传统\的\民间艺术\形态\。\目前\一些\传统\舞蹈\套路\只有\部分\老人\还会\跳\面临\着\传承\危机\。,傈僳族
傣族孔雀舞,第一批,传统舞蹈,云南省瑞丽市,傣族孔雀舞是我国傣族民间舞中最负盛名的传统表演性舞蹈流布于云南省德宏傣族景颇族自治州的瑞丽、潞西及西双版纳、孟定、孟达、景谷、沧源等傣族聚居区其中以云南西部瑞丽市的孔雀舞傣语为嘎洛勇最具代表性。相传一千多年前傣族领袖召麻栗杰数模仿孔雀的优美姿态而学舞后经历代民间艺人加工成型流传下来形成孔雀舞。在傣族人民心目中圣鸟孔雀是幸福吉祥的象征。孔雀舞是傣族人们最喜爱的民间舞蹈在傣族聚居的坝区几乎月月有摆节日年年有歌舞。在傣族一年一度的泼水节、关门节、开门节、赶摆等民俗节日只要是尽兴欢乐的场所傣族人民都会聚集在一起敲响大锣打起象脚鼓跳起姿态优美的孔雀舞歌舞声中呈现出丰收的喜庆气氛和民族团结的美好景象。瑞丽傣族孔雀舞以单人舞为主也有双人孔雀舞。舞者以男性居多。孔雀舞有丰富多样的手形动作和跳、转等技巧四肢和躯干的各个关节要重拍向下屈伸全身均匀颤动形成优美的三道弯舞姿。架子孔雀舞的舞蹈语汇尤为丰富有飞跑下山、林中窥看、漫步森林、抖翅、点水等惟妙惟肖模拟孔雀神态的动作。孔雀舞风格轻盈灵秀情感表达细腻舞姿婀娜优美是傣族人民智慧的结晶有较高的审美价值。它不只在重要热闹的民族节庆中单独表演也常常融合在集体舞嘎光中。孔雀舞具有维系民族团结的意义其代表性使它成为傣族最有文化认同感的舞蹈。,国家级,傣族孔雀舞\是\我国\傣族\民间舞\中\最负\盛名\的\传统\表演性\舞蹈\流布\于\云南省德宏傣族景颇族自治州\的\瑞丽\、\潞西\及\西双版纳\、\孟定\、\孟达\、\景谷\、\沧源\等\傣族\聚居区\其中\以\云南\西部\瑞丽市\的\孔雀舞\傣语\为嘎洛勇\最具\代表性\。\相传\一千多年\前\傣族\领袖\召麻栗\杰数\模仿\孔雀\的\优美\姿态\而学舞\后经\历代\民间艺人\加工\成型\流传\下来\形成\孔雀舞\。\在\傣族\人民\心目\中圣鸟\孔雀\是\幸福\吉祥\的\象征\。\孔雀舞\是\傣族\人们\最\喜爱\的\民间舞蹈\在\傣族\聚居\的\坝区\几乎\月\月\有\摆\节日\年\年\有\歌舞\。\在\傣族\一年一度\的\泼水节\、\关门节\、\开门节\、\赶摆\等\民俗\节日\只要\是\尽兴\欢乐\的\场所\傣族\人民\都\会\聚集\在\一起\敲响\大锣\打\起\象脚鼓\跳\起\姿态\优美\的\孔雀舞\歌舞\声中\呈现出\丰收\的\喜庆\气氛\和\民族团结\的\美好\景象\。\瑞丽\傣族孔雀舞\以\单人舞\为主\也\有\双人\孔雀舞\。\舞者\以\男性\居多\。\孔雀舞\有\丰富\多样\的\手形\动作\和\跳\、\转等\技巧\四肢\和\躯干\的\各个\关节\要\重拍\向下\屈伸\全身\均匀\颤动\形成\优美\的\三道\弯\舞姿\。\架子\孔雀舞\的\舞蹈语汇\尤为\丰富\有\飞跑\下山\、\林中\窥看\、\漫步\森林\、\抖\翅\、\点水\等\惟妙惟肖\模拟\孔雀\神态\的\动作\。\孔雀舞\风格\轻盈\灵秀\情感\表达\细腻\舞姿\婀娜\优美\是\傣族\人民\智慧\的\结晶\有\较\高\的\审美价值\。\它\不\只\在\重要\热闹\的\民族\节庆\中\单独\表演\也\常常\融合\在\集体舞\嘎光\中\。\孔雀舞\具有\维系\民族团结\的\意义\其\代表性\使\它\成为\傣族\最有\文化\认同感\的\舞蹈\。,傣族
铜鼓舞文山壮族、彝族铜鼓舞,第一批,传统舞蹈,云南省文山壮族苗族自治州,铜鼓舞是云南省文山壮族苗族自治州壮族、彝族民众中流传最广、影响最大的古老舞种之一分布于广南、麻栗坡、富宁、西畴、马关、邱北等县的壮、彝村寨而以广南县壮族、彝族和麻栗坡县新寨乡和富宁县木央乡几个彝族白倮支系的铜鼓舞最具代表性。广南县出土的铜鼓文物年代最早的为春秋战国时期的沙果鼓距今已有两千多年的历史。铜鼓很早就被作为权力的象征、驱邪祈福的神器和娱神的乐器使用了。铜鼓舞始于文山壮、彝先民的自然崇拜和祖先崇拜。彝族认为铜鼓是万物之灵通过敲铜鼓、跳舞可以向上苍和祖先传递人们的意愿。壮族则认为敲铜鼓起舞可以为村寨降妖驱邪祈求平安。铜鼓舞属族群性的集体舞蹈。舞者围成圆圈踏着鼓声节奏沿逆时针方向起舞跳完一组舞蹈动作再跳另一组内容都是壮族、彝族农耕生产生活的反映。广南那洒镇马贵村壮族的铜鼓舞完整保留了十二套舞蹈动作反映着一年四季十二个月不同的生产内容。麻栗坡、富宁等几个村寨中的铜鼓舞主要用于祈雨、求丰收和老人丧葬等民俗活动。壮族、彝族的铜鼓舞流传普遍动作古朴舞蹈语汇非常丰富。壮族铜鼓舞表演时一人敲铜鼓另一人以木盒辅助形成共鸣滑音这在其他音乐演奏中是找不到的。彝族的铜鼓演奏则是一种专门技巧一人用公、母两面铜鼓可演奏十二种音调组合简称十二调。据称公鼓代表太阳母鼓代表月亮十二调代表一年十二个月因此彝族的铜鼓舞还包含着本地民族的历法文化内容积淀着壮、彝先民自然崇拜、祖先崇拜维系民族生存发展等多方面的历史文化内涵具有鲜明的民族、地域特色和重要的历史、文化、艺术价值。由于外来文化的冲击壮族、彝族年轻一代对民族传统历史文化缺乏深层次的认知导致习铜鼓舞者锐减如不及时加以保护和传承就有消亡的危险。,国家级,铜鼓舞\是\云南省\文山壮族苗族自治州\壮族\、\彝族\民众\中\流传\最广\、\影响\最大\的\古老\舞种\之一\分布\于\广南\、\麻栗坡\、\富宁\、\西畴\、\马关\、\邱北\等\县\的\壮\、\彝\村寨\而\以\广南县\壮族\、\彝族\和\麻栗坡县\新寨\乡\和\富宁县\木央乡\几个\彝族\白倮\支系\的\铜鼓舞\最具\代表性\。\广南县\出土\的\铜鼓\文物\年代\最早\的\为\春秋战国\时期\的\沙果\鼓\距今已有\两千多年\的\历史\。\铜鼓\很\早就\被\作为\权力\的\象征\、\驱邪\祈福\的\神器\和\娱神\的\乐器\使用\了\。\铜鼓舞\始于\文山\壮\、\彝\先民\的\自然崇拜\和\祖先崇拜\。\彝族\认为\铜鼓\是\万物之灵\通过\敲\铜鼓\、\跳舞\可以\向\上苍\和\祖先\传递\人们\的\意愿\。\壮族\则\认为\敲\铜鼓\起舞\可以\为\村寨\降妖\驱邪\祈求\平安\。\铜鼓舞\属\族群\性\的\集体\舞蹈\。\舞者\围成\圆圈\踏着\鼓声\节奏\沿\逆时针\方向\起舞\跳\完\一组\舞蹈动作\再\跳\另一组\内容\都\是\壮族\、\彝族\农耕\生产\生活\的\反映\。\广南\那洒\镇\马贵村\壮族\的\铜鼓舞\完整\保留\了\十二\套\舞蹈动作\反映\着\一年四季\十二个\月\不同\的\生产\内容\。\麻栗坡\、\富宁\等\几个\村寨\中\的\铜鼓舞\主要\用于\祈雨\、\求\丰收\和\老人\丧葬\等\民俗\活动\。\壮族\、\彝族\的\铜鼓舞\流传\普遍\动作\古朴\舞蹈语汇\非常丰富\。\壮族\铜鼓舞\表演\时一人\敲\铜鼓\另一人\以\木盒\辅助\形成\共鸣\滑音\这\在\其他\音乐演奏\中是\找\不到\的\。\彝族\的\铜鼓\演奏\则\是\一种\专门\技巧\一人用\公\、\母\两面\铜鼓\可\演奏\十二种\音调\组合\简称\十二\调\。\据称\公鼓\代表\太阳\母鼓\代表\月亮\十二\调\代表\一年\十二个\月\因此\彝族\的\铜鼓舞\还\包含\着\本地\民族\的\历法\文化\内容\积淀\着\壮\、\彝\先民\自然崇拜\、\祖先崇拜\维系\民族\生存\发展\等\多方面\的\历史\文化\内涵\具有\鲜明\的\民族\、\地域\特色\和\重要\的\历史\、\文化\、\艺术\价值\。\由于\外来文化\的\冲击\壮族\、\彝族\年轻一代\对\民族\传统\历史\文化\缺乏\深层次\的\认知\导致\习\铜鼓舞\者\锐减\如\不\及时\加以\保护\和\传承\就\有\消亡\的\危险\。,壮族
木鼓舞沧源佤族木鼓舞,第一批,传统舞蹈,云南省沧源佤族自治县,木鼓舞是流传在西南苗族、彝族和佤族人民中以敲击木鼓起舞祭祀的民间舞蹈。其鼓型多以截取自然生长的树木躯干凿空内部成型。一般木鼓舞为族群全体参与的大型祭祀活动中的一部分木鼓被作为族群的象征以敲木鼓、跳木鼓为核心的祭祀活动充满着强烈的祖先崇拜、自然崇拜的寓意具有鲜明的原始文化的特征。沧源佤族木鼓舞分布在云南省临沧市沧源佤族自治县的岩帅、单甲、糯良、勐来、勐角、班洪等乡镇佤山村村寨寨都有自己的木鼓歌场。现沧源县有大、中、小型木鼓七百多只的人能跳木鼓舞唱木鼓歌。沧源佤族木鼓舞由拉木鼓、进木鼓房、敲木鼓、祭木鼓四部分组成。每逢年节庆典佤族男女老少都会穿戴一新在木鼓的敲击下围绕着木鼓房携手成圈蹁跹起舞。他们以屈膝、弓腰表示对木鼓的敬仰不分男女老少一律按逆时针方向围圈缓慢移动动作以甩手、走步和跺脚为主。第一拍右脚向右斜前方上一步双手曲肘举至头斜上方身体后仰第二拍左脚跟踏一步双手甩至身后斜下方身躯前倾。如此循环反复动作规范而平稳。木鼓舞贯穿于木鼓祭祀活动的全过程舞蹈以敲打木鼓者的领唱与众人踏节而歌为伴奏歌词多述说民族历史、祭祀和劳动生产及生活等方面的内容。跳木鼓舞时鼓声震天舞者秀发飞扬动作粗犷奔放、炽热狂野表现出佤族人民勤劳勇敢的性格特征。目前沧源佤族木鼓舞中已形成高格龙勐、甩发舞、加林赛等影响较大的代表作品。木鼓是佤族传说中的通天神器被视为民族繁衍之源头是佤族的历史文化象征。木鼓舞集中体现了佤族民间歌舞、文学、艺术及宗教信仰的成就及特色不仅有较高的艺术价值在艺术学、民族学、民俗学、宗教学等方面也具有一定的研究价值。木鼓舞是佤族民间歌舞的集大成者是佤族文化最直观生动的体现一直为广大佤族民众所喜爱为其民族精神的凝聚起到了不可替代的作用。,国家级,木鼓舞\是\流传\在\西南\苗族\、\彝族\和\佤族\人民\中以\敲击\木鼓\起舞\祭祀\的\民间舞蹈\。\其鼓型\多\以\截取\自然\生长\的\树木\躯干\凿空\内部\成型\。\一般\木鼓舞\为\族群\全体\参与\的\大型\祭祀\活动\中\的\一部分\木鼓\被\作为\族群\的\象征\以\敲\木鼓\、\跳\木鼓\为\核心\的\祭祀\活动\充满\着\强烈\的\祖先崇拜\、\自然崇拜\的\寓意\具有\鲜明\的\原始文化\的\特征\。\沧源\佤族\木鼓舞\分布\在\云南省\临沧市\沧源佤族自治县\的\岩帅\、\单甲\、\糯良\、\勐来\、\勐角\、\班洪\等\乡镇\佤山\村村寨寨\都\有\自己\的\木鼓\歌场\。\现\沧源\县\有\大\、\中\、\小型\木鼓\七百多\只\的\人\能\跳\木鼓舞\唱\木鼓\歌\。\沧源\佤族\木鼓舞\由\拉木鼓\、\进\木鼓\房\、\敲\木鼓\、\祭\木鼓\四\部分\组成\。\每逢\年节\庆典\佤族\男女老少\都\会\穿戴\一新\在\木鼓\的\敲击\下\围绕\着\木鼓\房\携手\成圈\蹁跹\起舞\。\他们\以\屈膝\、\弓腰\表示\对\木鼓\的\敬仰\不\分\男女老少\一律\按\逆时针\方向\围圈\缓慢\移动\动作\以\甩手\、\走步\和\跺脚\为主\。\第一\拍\右脚\向\右\斜\前方\上\一步\双手\曲肘\举至头\斜\上方\身体\后仰\第二\拍\左脚\跟\踏\一步\双手\甩\至\身后\斜\下方\身躯\前倾\。\如此\循环反复\动作\规范\而\平稳\。\木鼓舞\贯穿\于\木鼓\祭祀\活动\的\全过程\舞蹈\以\敲打\木鼓\者\的\领唱\与\众人\踏节\而\歌为\伴奏\歌词\多\述说\民族\历史\、\祭祀\和\劳动\生产\及\生活\等\方面\的\内容\。\跳\木鼓舞\时\鼓声\震天\舞者\秀发\飞扬\动作\粗犷\奔放\、\炽热\狂野\表现\出\佤族\人民\勤劳勇敢\的\性格特征\。\目前\沧源\佤族\木鼓舞\中\已\形成\高格龙\勐\、\甩发舞\、\加林\赛\等\影响\较大\的\代表作品\。\木鼓\是\佤族\传说\中\的\通天\神器\被\视为\民族\繁衍\之\源头\是\佤族\的\历史\文化\象征\。\木鼓舞\集中体现\了\佤族\民间\歌舞\、\文学\、\艺术\及\宗教信仰\的\成就\及\特色\不仅\有\较\高\的\艺术\价值\在\艺术学\、\民族学\、\民俗学\、\宗教学\等\方面\也\具有\一定\的\研究\价值\。\木鼓舞\是\佤族\民间\歌舞\的\集大成者\是\佤族\文化\最\直观\生动\的\体现\一直\为\广大\佤族\民众\所\喜爱\为\其\民族\精神\的\凝聚\起到\了\不可\替代\的\作用\。,苗族
锅庄舞迪庆锅庄舞,第一批,传统舞蹈,云南省迪庆藏族自治州,锅庄舞又称为果卓、歌庄、卓等藏语意为圆圈歌舞是藏族三大民间舞蹈之一分布于西藏昌都、那曲四川阿坝、甘孜云南迪庆及青海、甘肃的藏族聚居区。锅庄分为用于大型宗教祭祀活动的大锅庄、用于民间传统节日的中锅庄和用于亲朋聚会的小锅庄等几种规模和功能各有不同。也有将之区分成群众锅庄和喇嘛锅庄、城镇锅庄和农牧区锅庄的。舞蹈时一般男女各排半圆拉手成圈有一人领头分男女一问一答反复对唱无乐器伴奏。整个舞蹈由先慢后快的两段舞组成基本动作有悠颤跨腿、趋步辗转、跨腿踏步蹲等舞者手臂以撩、甩、晃为主变换舞姿队形按顺时针行进圆圈有大有小偶尔变换龙摆尾图案。迪庆藏族锅庄舞广泛分布在云南迪庆藏族自治州根据从丽江石鼓轿子村出土的唐代藏文画像碑中的舞蹈形象推测锅庄舞已有上千年的历史。迪庆藏族锅庄舞以德钦县奔子栏镇和香格里拉市沾塘镇、小中旬镇的最有代表性。奔子栏在待客时以锅庄歌舞形式表现系列礼仪程序有祝福锅庄、逐客锅庄、赞颂锅庄、相会锅庄、辞别锅庄、挽留锅庄、送别锅庄、祈福锅庄等种类在全国各藏区十分罕见。其曲调分吆、卓金、霞卓、卓草四个部分。香格里拉锅庄分古、新两种擦尼是古锅庄歌词内容、舞步形式都较古老具有浓厚的祭祀性质有专门的动作和歌词多为宗教界和老年人喜爱擦司是新舞系随着不同时代而新编的歌舞。迪庆藏族锅庄的歌、舞、词都很丰富唱词以三句为一段。凡遇喜庆佳节、新居落成、婚嫁喜事人们不分男女老幼都要聚集在一起跳个通宵表示欢庆和祈福。迪庆藏族锅庄包含着丰富的藏族文化内涵形式完整多样地域特色鲜明民族风格浓郁有深厚的群众基础其中蕴含着友爱、团结等传统的人文精神有较高的艺术和社会价值。,国家级,锅庄\舞\又\称为\果卓\、\歌庄\、\卓等\藏语\意\为\圆圈\歌舞\是\藏族\三大\民间舞蹈\之一\分布\于\西藏\昌都\、\那曲\四川\阿坝\、\甘孜\云南\迪庆\及\青海\、\甘肃\的\藏族\聚居区\。\锅庄\分为\用于\大型\宗教\祭祀\活动\的\大\锅庄\、\用于\民间\传统节日\的\中\锅庄\和\用于\亲朋\聚会\的\小\锅庄\等\几种\规模\和\功能\各有不同\。\也\有\将\之\区分\成\群众\锅庄\和\喇嘛\锅庄\、\城镇\锅庄\和\农牧区\锅庄\的\。\舞蹈\时\一般\男女\各排\半圆\拉手\成圈\有\一人\领头\分\男女\一问一答\反复\对唱\无\乐器\伴奏\。\整个\舞蹈\由\先慢\后\快\的\两段\舞\组成\基本\动作\有悠\颤\跨\腿\、\趋步\辗转\、\跨腿\踏步\蹲\等\舞者\手臂\以\撩\、\甩\、\晃\为主\变换\舞姿\队形\按\顺时针\行进\圆圈\有大有小\偶尔\变换\龙\摆尾\图案\。\迪庆\藏族\锅庄\舞\广泛\分布\在\云南迪庆藏族自治州\根据\从\丽江\石鼓\轿子\村\出土\的\唐代\藏文\画像\碑\中\的\舞蹈形象\推测\锅庄\舞\已有\上千年\的\历史\。\迪庆\藏族\锅庄\舞以\德钦县\奔子\栏镇\和\香格里拉\市沾塘\镇\、\小\中旬\镇\的\最\有\代表性\。\奔子栏\在\待客\时以\锅庄\歌舞\形式\表现\系列\礼仪\程序\有\祝福\锅庄\、\逐客\锅庄\、\赞颂\锅庄\、\相会\锅庄\、\辞别\锅庄\、\挽留\锅庄\、\送别\锅庄\、\祈福\锅庄\等\种类\在\全国\各\藏区\十分\罕见\。\其\曲调\分\吆\、\卓金\、\霞卓\、\卓草\四个\部分\。\香格里拉\锅庄\分古\、\新\两种\擦尼是\古\锅庄\歌词\内容\、\舞步\形式\都\较\古老\具有\浓厚\的\祭祀\性质\有\专门\的\动作\和\歌词\多为\宗教界\和\老年人\喜爱\擦司\是\新\舞系\随着\不同\时代\而\新编\的\歌舞\。\迪庆\藏族\锅庄\的\歌\、\舞\、\词\都\很\丰富\唱词\以\三句\为\一段\。\凡遇\喜庆\佳节\、\新居落成\、\婚嫁\喜事\人们\不\分\男女老幼\都\要\聚集\在\一起\跳个\通宵\表示\欢庆\和\祈福\。\迪庆\藏族\锅庄\包含\着\丰富\的\藏族\文化\内涵\形式\完整\多样\地域\特色\鲜明\民族风格\浓郁\有\深厚\的\群众\基础\其中\蕴含着\友爱\、\团结\等\传统\的\人文精神\有\较\高\的\艺术\和\社会价值\。,藏族
纳西族白沙细乐,第三批,传统音乐,云南省丽江市古城区,纳西族白沙细乐又名崩时细哩、别时细梨、别时谢礼是纳西先民创制的一部器乐、声乐及舞蹈相结合的古典音乐套曲。流传于丽江市古城区和玉龙纳西族自治县。在长期的历史发展进程中纳西族的先民受东汉白狼献诗影响俗好饮酒歌舞唐《蛮书》后逐渐成为一个能歌善舞、富有音乐天赋而充满哲思的民族。白沙细乐的历史渊源原有两说一说元氏遗音靡靡切切酸楚动人相传世祖临别所赠故名别时谢礼二说为纳西族民间凭吊战争亡灵之乐。说法各异暂无确考。据已故纳西族著名老艺人和锡典有据可考的传承谱牒至少在两百年前丽江已盛行此乐所表现的是生离死别、怀恋缱绻的感情。相传白沙细乐有个调现存个调分别是笃、一封书、三思及、美丽的白云、公主哭、跺蹉、南曲和北曲。乐器有横笛、直笛、芦管、苏古笃、小曲项琵琶、古筝、二簧、胡琴演奏至少要有人并以合奏为主同时也伴歌舞。赤足舞跺磋、云雀劳马磋、弓矢舞抗磋、白鹤舞夸磋等在送葬时奏跳。白沙细乐是元明遗音与纳西民间音乐的美满结合是经过相当长的时间才逐步形成的套曲其构思独到器乐兼歌并舞意境深宽曲调抒情旋律委婉流畅。目前在丽江范围内能演奏白沙细乐的传人已越来越少丽江各级政府及相关部门为弘扬白沙细乐做了许多行之有效的工作制定《纳西族民间音乐保护和管理办法》等成立了行业协会和传习馆专门将黄山镇长水村作为其保护点并命名和凛毅为传承人提供相应条件让他收徒授艺。,国家级,纳西族白沙细乐\又名\崩时\细哩\、\别时\细梨\、\别时\谢礼\是\纳西\先民\创制\的\一部\器乐\、\声乐\及\舞蹈\相结合\的\古典音乐\套曲\。\流传\于\丽江市\古城区\和\玉龙纳西族自治县\。\在\长期\的\历史\发展\进程\中\纳西族\的\先民\受\东汉\白狼\献诗\影响\俗好\饮酒\歌舞\唐\《\蛮书\》\后\逐渐\成为\一个\能歌善舞\、\富有\音乐\天赋\而\充满\哲思\的\民族\。\白沙细乐\的\历史渊源\原有\两\说一说\元氏\遗音\靡\靡\切切\酸楚\动人\相传\世祖\临别\所赠\故名\别时\谢礼\二说\为\纳西族\民间\凭吊\战争\亡灵\之\乐\。\说法\各异\暂无\确考\。\据\已故\纳西族\著名\老\艺人\和锡典\有\据\可考\的\传承\谱牒\至少\在\两百年\前\丽江\已\盛行\此乐\所\表现\的\是\生离死别\、\怀恋\缱绻\的\感情\。\相传\白沙细乐\有个\调\现存\个调\分别\是\笃\、\一封书\、\三思\及\、\美丽\的\白云\、\公主\哭\、\跺\蹉\、\南曲\和\北曲\。\乐器\有\横笛\、\直笛\、\芦管\、\苏古笃\、\小曲\项\琵琶\、\古筝\、\二簧\、\胡琴\演奏\至少\要\有人\并\以\合奏\为主\同时\也\伴\歌舞\。\赤足\舞\跺\磋\、\云雀\劳马\磋\、\弓矢舞\抗磋\、\白鹤\舞夸\磋\等\在\送葬\时奏\跳\。\白沙细乐\是\元明\遗音\与\纳西\民间\音乐\的\美满\结合\是\经过\相当\长\的\时间\才\逐步形成\的\套曲\其\构思\独到\器乐\兼歌\并\舞\意境\深宽\曲调\抒情\旋律\委婉\流畅\。\目前\在\丽江\范围\内能\演奏\白沙细乐\的\传人\已\越来越少\丽江\各级\政府\及\相关\部门\为\弘扬\白沙细乐\做\了\许多\行之有效\的\工作\制定\《\纳西族\民间\音乐\保护\和\管理\办法\》\等\成立\了\行业协会\和\传习\馆\专门\将\黄山\镇长\水村\作为\其\保护\点\并\命名\和\凛毅\为\传承\人\提供\相应\条件\让\他\收徒\授艺\。,纳西族
弥渡民歌,第三批,传统音乐,云南省弥渡县,弥渡民歌是指流传于云南省弥渡县境内的汉族和少数民族民歌。清嘉庆初年《滇系》所记山歌九章有力地证明了弥渡民歌的悠久历史。世纪年代以来随着《小河淌水》、《十大姐》、《绣荷包》、《弥渡山歌》等一批弥渡传统民歌、改编民歌在国内外广为传播弥渡民歌作为一个音乐名称逐渐在全国产生广泛影响成为我国知名度很高的民歌品类。弥渡民歌内容丰富形式多样真实反映了人民群众的生产生活和思想情感以民族分类可分为汉族民歌和少数民族民歌两类以音乐体裁则分为山歌、小调、舞蹈歌、风俗歌等类型曲调极为丰富旋律婉转悠扬。代表性曲调山歌类有《小河淌水》、《弥渡山歌》、《埂子调》、《密滴调》、《密祉调》、《放羊调》、《过山调》等小调有《赶马调》、《绣荷包》、《绣香袋》等舞蹈歌有《十大姐》和多种《打歌调》风俗歌有《迎亲调》、《送亲调》、《哭亡调》、《指路歌》、《祭祀歌》等。弥渡民歌以师传、家传、自学为传承形式。随着社会发展和老一辈民间歌手相继去世弥渡民歌的传承出现了断层面临着极大的生存危机。为此弥渡县委、县政府已经提出借助小河淌水品牌建设花灯文化名县的文化发展思路修建小河淌水意境区、对歌场编辑出版《弥渡花灯民歌》中小学乡土教材发行原生态《弥渡民歌选辑》《弥渡行》举办民歌对唱大赛等活动为弥渡民歌的持续发展创造了良好的社会环境。,国家级,弥渡民歌\是\指\流传\于\云南省\弥渡县\境内\的\汉族\和\少数民族\民歌\。\清嘉庆\初年\《\滇系\》\所记\山歌\九章\有力\地\证明\了\弥渡民歌\的\悠久\历史\。\世纪\年代\以来\随着\《\小河\淌水\》\、\《\十\大姐\》\、\《\绣\荷包\》\、\《\弥渡\山歌\》\等\一批\弥渡\传统\民歌\、\改编\民歌\在\国内外\广为\传播\弥渡民歌\作为\一个\音乐\名称\逐渐\在\全国\产生\广泛\影响\成为\我国\知名度\很\高\的\民歌\品类\。\弥渡民歌\内容丰富\形式多样\真实\反映\了\人民\群众\的\生产\生活\和\思想\情感\以\民族\分类\可\分为\汉族\民歌\和\少数民族\民歌\两类\以\音乐\体裁\则\分为\山歌\、\小调\、\舞蹈\歌\、\风俗歌\等\类型\曲调\极为\丰富\旋律\婉转\悠扬\。\代表性\曲调\山歌\类有\《\小河\淌水\》\、\《\弥渡\山歌\》\、\《\埂子\调\》\、\《\密滴调\》\、\《\密祉\调\》\、\《\放羊\调\》\、\《\过山调\》\等\小调\有\《\赶马\调\》\、\《\绣\荷包\》\、\《\绣\香袋\》\等\舞蹈\歌有\《\十\大姐\》\和\多种\《\打\歌调\》\风俗歌\有\《\迎亲\调\》\、\《\送亲\调\》\、\《\哭亡调\》\、\《\指路\歌\》\、\《\祭祀\歌\》\等\。\弥渡民歌\以\师传\、\家传\、\自学\为\传承\形式\。\随着\社会发展\和\老一辈\民间\歌手\相继\去世\弥渡民歌\的\传承\出现\了\断层\面临\着\极大\的\生存\危机\。\为此\弥渡县\委\、\县政府\已经\提出\借助\小河\淌水\品牌\建设\花灯\文化\名县\的\文化\发展\思路\修建\小河\淌水\意境\区\、\对歌\场\编辑出版\《\弥渡\花灯\民歌\》\中小学\乡土\教材\发行\原生态\《\弥渡民歌\选辑\》\《\弥渡\行\》\举办\民歌\对唱\大赛\等\活动\为\弥渡民歌\的\持续\发展\创造\了\良好\的\社会环境\。,
洞经音乐妙善学女子洞经音乐,第二批,传统音乐,云南省通海县,洞经音乐主要流行于云南省的汉族、白族、纳西族群众中它原是一种道教礼仪音乐因以诵唱《大洞仙经》经文为主要内容而得名。其音乐曲调十分丰富每个流传地区都有独立成套的各类曲调数量四十首至百余首不等。通海洞经古乐流传于云南省通海县境内以秀山镇、河西镇为中心传播及于九街、扬广、四街等镇。近二十年来更进一步在全县范围内广泛流传。洞经古乐兴起于元代正式创立于明代初年明末开始趋于兴盛。它并不是单一的民间音乐其中还包含了西北、江南的音乐曲牌和演奏技巧。云南现有的几百支洞经演奏队伍中以通海妙善学女子洞经古乐班的表现最为突出。通海妙善学女子洞经古乐班成立于年全班由位少女组成她们大胆冲破封建礼教的束缚成立通海妙善学女子洞经会经过两年的学习掌握了工尺谱和简谱能熟练演奏四十多首曲牌。年她们在三元宫弹演洞经后独树一帜地将这一弹演活动带入民间礼佛仪式其后相沿成俗至今已有六十多年的历史。年月妙善学女子洞经音乐应邀进京演奏引起广泛关注。女子洞经会的演奏曲目有【小开门】、【阴阳调】、【鹧鸪天】、【叠落金钱】等首可分为古典音乐、江南丝竹音乐和民间音乐几种主要类型。妙善学女子洞经音乐在继承通海音乐演奏传统的基础上充分展示出女子演奏所特有的魅力在为宗教仪式伴奏时严肃中不失热情虔诚中显出慈善演唱时激昂中别见清脆舒缓中透着甜润演奏时则以纤巧细腻、缠绵婉转的艺术风格取胜。女子洞经会的演奏为通海洞经古乐增添了新的活力在当地产生了极大影响。多年以来这一特殊的音乐演奏形式一直在通海民间传承不衰。作为云南省唯一的女子洞经组织妙善学女子洞经会开女性弹演洞经的先河。它最完整地保留了洞经弹演的程序和内容为云南地方历史文化和民间艺术的研究提供了重要的材料。目前通海妙善学女子洞经古乐班仅剩人女子洞经音乐生存困难发展受阻亟待保护传承。,国家级,洞经音乐\主要\流行\于\云南省\的\汉族\、\白族\、\纳西族\群众\中\它\原是\一种\道教\礼仪\音乐\因以\诵\唱\《\大洞\仙经\》\经文\为\主要\内容\而\得名\。\其\音乐\曲调\十分\丰富\每个\流传\地区\都\有\独立\成套\的\各类\曲调\数量\四十首\至\百余首\不等\。\通海\洞经\古乐\流传\于\云南省\通海县\境内\以秀\山镇\、\河西镇\为\中心\传播\及\于\九街\、\扬广\、\四街\等\镇\。\近\二十年\来\更进一步\在\全县\范围\内\广泛\流传\。\洞经\古乐\兴起\于\元代\正式\创立\于\明代\初年\明末\开始\趋于\兴盛\。\它\并\不是\单一\的\民间\音乐\其中\还\包含\了\西北\、\江南\的\音乐\曲牌\和\演奏\技巧\。\云南\现有\的\几百支\洞经\演奏\队伍\中以\通海\妙善\学\女子\洞经\古\乐班\的\表现\最为\突出\。\通海\妙善\学\女子\洞经\古\乐班\成立\于\年\全班\由位\少女\组成\她们\大胆冲破\封建礼教\的\束缚\成立\通海\妙善\学\女子\洞经\会\经过\两年\的\学习\掌握\了\工尺谱\和\简谱\能\熟练\演奏\四十多\首\曲牌\。\年\她们\在\三元宫\弹演\洞经\后\独树一帜\地\将\这\一弹\演\活动\带入\民间\礼佛\仪式\其后\相沿成俗\至今已有\六十多年\的\历史\。\年\月\妙善\学\女子\洞经音乐\应邀\进京\演奏\引起\广泛\关注\。\女子\洞经\会\的\演奏\曲目\有\【\小开门\】\、\【\阴阳\调\】\、\【\鹧鸪天\】\、\【\叠落\金钱\】\等首\可\分为\古典音乐\、\江南\丝竹\音乐\和\民间\音乐\几种\主要\类型\。\妙善\学\女子\洞经音乐\在\继承\通海\音乐演奏\传统\的\基础\上\充分\展示出\女子\演奏\所\特有\的\魅力\在\为\宗教仪式\伴奏\时\严肃\中\不失\热情\虔诚\中\显出\慈善\演唱\时\激昂\中别\见\清脆\舒缓\中透\着\甜润\演奏\时则\以\纤巧\细腻\、\缠绵\婉转\的\艺术风格\取胜\。\女子\洞经\会\的\演奏\为\通海\洞经\古乐\增添\了\新\的\活力\在\当地\产生\了\极大\影响\。\多年\以来\这一\特殊\的\音乐演奏\形式\一直\在\通海\民间\传承\不衰\。\作为\云南省\唯一\的\女子\洞经\组织\妙善\学\女子\洞经\会开\女性\弹演\洞经\的\先河\。\它\最\完整\地\保留\了\洞经\弹演\的\程序\和\内容\为\云南\地方\历史\文化\和\民间艺术\的\研究\提供\了\重要\的\材料\。\目前\通海\妙善\学\女子\洞经\古\乐班\仅剩\人\女子\洞经音乐\生存\困难\发展\受阻\亟待\保护\传承\。,白族
布朗族民歌布朗族弹唱,第二批,传统音乐,云南省勐海县,布朗族是一个历史悠久的民族主要聚居在云南西部的西双版纳傣族自治州勐海景洪县和临沧市的双江、永德、云县、耿马及思茅地区的澜沧、墨江等县。布朗族民歌曲调繁多内容丰富按题材内容则可分为劳动歌、风俗歌、迁徙歌、恨歌、颂歌、情歌、儿歌等短歌和长篇抒情诗、叙事诗等。布朗族弹唱是布朗族人民喜闻乐见的一种民歌形式主要流行于西双版纳傣族自治州勐海县的布朗山乡、西定乡、打洛镇、勐满镇等布朗族聚居区。它源于布朗族先民的歌唱是在布朗族民间音乐基础上吸收傣族音乐而形成的。布朗族弹唱有索、甚、拽、宰、团曼五种基本曲调其中以索调最为丰富多彩它包括五个调子或欢快跳跃或舒缓深沉风格各异。因索调使用布朗族传统乐器四弦琴伴奏故称布朗族弹唱。索调的索克里克罗是谈情说爱的曲调多用来歌唱热烈的爱情表达青年男女对未来美好生活的向往。布朗族弹唱一般为男女对唱男子边唱边弹奏四弦琴女子则接以对应的词句唱腔圆润委婉旋律清甜优美歌词多反映男女恋慕之情。布朗族弹唱主要用于重大节庆、婚丧嫁娶等场合演唱涉及本民族迁徙历史、生产知识、祭祀等内容此外也会唱一些山歌、情歌、劳动生活和儿歌等。近年来布朗族弹唱的题材内容有了很大扩展增添了表现社会进步、新人新事不断涌现的一些内容。其代表作品有《欢乐的布朗》、《两朵花儿一样香》、《今夜月色多美好》等。布朗族弹唱不但已成为布朗人生活中不可或缺的重要内容。目前受外来文化的冲击和女子婚后不能在公共场合唱歌之类传统习俗的限制布朗族弹唱的传承人越来越少急需采取有效措施进行保护。,国家级,布朗族\是\一个\历史悠久\的\民族\主要\聚居\在\云南\西部\的\西双版纳傣族自治州\勐海\景洪县\和\临沧市\的\双江\、\永德\、\云县\、\耿马及\思茅地区\的\澜沧\、\墨江\等\县\。\布朗族\民歌\曲调\繁多\内容丰富\按\题材\内容\则\可\分为\劳动\歌\、\风俗歌\、\迁徙\歌\、\恨歌\、\颂歌\、\情歌\、\儿歌\等\短歌\和\长篇\抒情诗\、\叙事诗\等\。\布朗族弹唱\是\布朗族\人民\喜闻乐见\的\一种\民歌\形式\主要\流行\于\西双版纳傣族自治州\勐海县\的\布朗\山乡\、\西定\乡\、\打洛镇\、\勐\满镇\等\布朗族\聚居区\。\它\源于\布朗族\先民\的\歌唱\是\在\布朗族\民间\音乐\基础\上\吸收\傣族\音乐\而\形成\的\。\布朗族弹唱\有索\、\甚\、\拽\、\宰\、\团曼\五种\基本\曲调\其中\以索调\最为\丰富多彩\它\包括\五个\调子\或\欢快\跳跃\或\舒缓\深沉\风格各异\。\因索调\使用\布朗族\传统\乐器\四\弦琴\伴奏\故称\布朗族弹唱\。\索调\的\索\克里克\罗是\谈情说爱\的\曲调\多\用来\歌唱\热烈\的\爱情\表达\青年\男女\对\未来\美好生活\的\向往\。\布朗族弹唱\一般\为\男女\对唱\男子\边唱边\弹奏\四\弦琴\女子\则\接以\对应\的\词句\唱腔\圆润\委婉\旋律\清甜\优美\歌词\多\反映\男女\恋慕\之情\。\布朗族弹唱\主要\用于\重大\节庆\、\婚丧嫁娶\等\场合\演唱\涉及\本\民族迁徙\历史\、\生产\知识\、\祭祀\等\内容\此外\也\会\唱\一些\山歌\、\情歌\、\劳动\生活\和\儿歌\等\。\近年来\布朗族弹唱\的\题材\内容\有\了\很大\扩展\增添\了\表现\社会进步\、\新人新事\不断涌现\的\一些\内容\。\其\代表作品\有\《\欢乐\的\布朗\》\、\《\两朵花\儿\一样\香\》\、\《\今夜\月色\多\美好\》\等\。\布朗族弹唱\不但\已\成为\布朗\人\生活\中\不可或缺\的\重要\内容\。\目前\受\外来文化\的\冲击\和\女子\婚后\不能\在\公共场合\唱歌\之类\传统习俗\的\限制\布朗族弹唱\的\传承\人\越来越少\急需\采取有效\措施\进行\保护\。,布朗族
彝族民歌彝族酒歌,第二批,传统音乐,云南省武定县,彝族主要聚居在我国南方地区分布于云南省、四川省、贵州省和广西壮族自治区。彝族民歌大体上可分为叙事歌、山歌、情歌、舞蹈歌和儿歌等几大类这些民歌曲调丰富有独唱、对唱、重唱、一唱众和等多样的演唱形式有时在同一首山歌中几种演唱形式兼而有之艺术表现别具特色。彝族酒歌是武定彝族一种古老的民歌艺术有着悠久的历史传统主要流行于云南省楚雄彝族自治州武定县境内。武定彝族酒歌有挪衣、道嘎、起除挪衣八、命熬、起除、早除、南嘎、所稳切答除之分其中挪衣意为听古代流传的歌其内容比较古老多以历史、传说为题材道嘎意指用清楚易懂的语言唱小调其内容多为格言、警句起除挪衣八意为将嫁调与挪衣合在一起即将宫调式和商调式二者有机统一命熬中的命为诗熬为见命熬意即唱起歌词如同眼见一样其内容多为叙事诗起除即嫁调其曲调有一百四十余首歌词不固定早除是歌颂的调子多表现祝贺、赞美、恭维等内容南嘎属对唱形式有时也有齐唱所稳切答除系贵宾敬酒调它曲调很多有特定的歌词以《祝酒歌》、《迎客调》等为代表。彝族酒歌演唱时一般不用任何器具伴奏祭祀酒歌专以树叶、羊皮鼓、法铃伴奏而在庄重的迎宾场合则会采用月琴、大三弦、大号、地筒等乐器伴奏风格粗犷、热情、奔放。彝族酒歌是彝族各支系密切交流的重要手段它承载着彝族社会生活、历史传说、风俗民情、伦理观念等多方面的内容语言形象生动具有高度的概括力充分体现出彝族人民的民族智慧和艺术才能为古代彝族音乐、礼俗、社会生活的研究提供了重要文献。目前由于彝族的生活习俗不断向汉族靠近酒歌这一传统的文化艺术形式正面临消亡的危险应立即着手加以保护。,国家级,彝族\主要\聚居\在\我国\南方\地区\分布\于\云南省\、\四川省\、\贵州省\和\广西壮族自治区\。\彝族\民歌\大体上\可\分为\叙事\歌\、\山歌\、\情歌\、\舞蹈\歌\和\儿歌\等\几大类\这些\民歌\曲调\丰富\有\独唱\、\对唱\、\重唱\、\一唱众\和\等\多样\的\演唱\形式\有时\在\同\一首\山歌\中\几种\演唱\形式\兼而有之\艺术\表现\别具特色\。\彝族\酒歌\是\武定\彝族\一种\古老\的\民歌\艺术\有着\悠久\的\历史\传统\主要\流行\于\云南省楚雄彝族自治州\武定县\境内\。\武定\彝族\酒歌\有\挪衣\、\道\嘎\、\起除\挪衣\八\、\命熬\、\起除\、\早除\、\南嘎\、\所\稳切\答除\之分\其中\挪衣意\为\听\古代\流传\的\歌\其\内容\比较\古老\多以\历史\、\传说\为\题材\道\嘎\意指\用\清楚\易懂\的\语言\唱\小调\其\内容\多为\格言\、\警句\起除\挪衣八意\为\将\嫁\调\与\挪衣\合在一起\即将\宫调\式\和\商\调式\二者\有机\统一\命熬\中\的\命\为\诗\熬\为\见命\熬\意即\唱起\歌词\如同\眼见\一样\其\内容\多为\叙事诗\起除\即\嫁\调其\曲调\有\一百四十\余首\歌词\不\固定\早除\是\歌颂\的\调子\多\表现\祝贺\、\赞美\、\恭维\等\内容\南嘎属\对唱\形式\有时\也\有\齐唱\所\稳切\答\除系\贵宾\敬酒\调它\曲调\很多\有\特定\的\歌词\以\《\祝酒歌\》\、\《\迎客\调\》\等\为\代表\。\彝族\酒歌\演唱\时\一般\不用\任何\器具\伴奏\祭祀\酒歌\专以\树叶\、\羊皮鼓\、\法铃\伴奏\而\在\庄重\的\迎宾\场合\则\会\采用\月琴\、\大三弦\、\大号\、\地筒\等\乐器\伴奏\风格\粗犷\、\热情\、\奔放\。\彝族\酒歌\是\彝族\各\支系\密切\交流\的\重要\手段\它\承载\着\彝族\社会生活\、\历史\传说\、\风俗\民情\、\伦理\观念\等\多方面\的\内容\语言\形象\生动\具有\高度\的\概括\力\充分体现\出\彝族\人民\的\民族\智慧\和\艺术\才能\为\古代\彝族\音乐\、\礼俗\、\社会生活\的\研究\提供\了\重要文献\。\目前\由于\彝族\的\生活\习俗\不断\向\汉族\靠近\酒歌\这一\传统\的\文化\艺术形式\正\面临\消亡\的\危险\应立即\着手\加以\保护\。,彝族
姚安坝子腔,第二批,传统音乐,云南省姚安县,姚安坝子腔是云南省楚雄彝族自治州西北部特有的一种民间歌曲样式主要流传于姚安县境内以汉族为主的村寨中多在春耕栽种季节和秧苗拔绿时由汉族青年男女以对唱方式演唱。姚安坝子腔历史久远据传系明代洪武年间朱元璋平定云南后由中原传入在发展过程中又不断与当地民歌小调相融合逐渐趋于定型。它有上坝子腔和下坝子腔之分上坝子腔中融入了山区彝族的情歌小调音律演唱时声音圆润柔和音律低沉优雅俗称小病腔。下坝子腔声音高亢音域在至之间音符跳度大音域宽广。姚安坝子腔的唱词分主词和副词两部分两者在内容上区别较大但在整个唱腔中与旋律又密不可分互相衬托。副词又叫垛板、垛叶子实际上就是演唱中的绕口令它沿用了京剧、滇剧中的垛板在数加唱时一气呵成中间无半点停顿要求演唱者具备音域高、口齿清、吐字好的技能。垛板演唱时常将姚安坝子的村庄和地名数说在里面前后贯注饶有兴味充分展现出演唱者的语言能力。姚安坝子腔多在野外和田间演唱演唱时以笛子、二胡和打击乐器伴奏其代表性曲调有十二属、十二月采花、猜调、数姚州、数地名等。男女坝子腔对唱一般需用一个中午或一个下午也有的连续演唱几天几夜直到其中一方甘拜下风为止。姚安坝子腔长期在民间承沿不绝。姚安坝子腔具有鲜明的民族民间传统文化特征是彝族民歌形态及民俗文化研究的重要参考材料。目前能清唱传统姚安坝子腔者寥寥无几这一民族民间艺术形式濒临灭绝亟待抢救保护发展振兴。,国家级,姚安坝子腔\是\云南省楚雄彝族自治州\西北部\特有\的\一种\民间\歌曲\样式\主要\流传\于\姚安县\境内\以\汉族\为主\的\村寨\中多\在\春耕\栽种\季节\和\秧苗\拔绿时\由\汉族\青年\男女\以\对唱\方式\演唱\。\姚安坝子腔\历史\久远\据传\系\明代\洪武\年间\朱元璋\平定\云南\后\由\中原\传入\在\发展\过程\中\又\不断\与\当地\民歌\小调\相\融合\逐渐\趋于\定型\。\它\有\上\坝子\腔\和\下\坝子\腔\之\分上\坝子\腔\中\融入\了\山区\彝族\的\情歌\小调\音律\演唱\时\声音\圆润\柔和\音律\低沉\优雅\俗称\小病\腔\。\下\坝子\腔\声音\高亢\音域\在\至\之间\音符\跳度\大\音域\宽广\。\姚安坝子腔\的\唱词\分\主词\和\副词\两\部分\两者\在\内容\上\区别\较大\但\在\整个\唱腔\中\与\旋律\又\密不可分\互相\衬托\。\副词\又\叫\垛板\、\垛\叶子\实际上\就是\演唱\中\的\绕口令\它\沿用\了\京剧\、\滇剧\中\的\垛板\在\数加\唱\时\一气呵成\中间\无\半点\停顿\要求\演唱者\具备\音域\高\、\口齿\清\、\吐字\好\的\技能\。\垛板\演唱\时常\将\姚安\坝子\的\村庄\和\地名\数说\在\里面\前后\贯注\饶有兴味\充分\展现出\演唱者\的\语言\能力\。\姚安坝子腔\多\在\野外\和\田间\演唱\演唱\时以\笛子\、\二胡\和\打击乐器\伴奏\其\代表性\曲调\有\十二属\、\十二月\采花\、\猜调\、\数姚州\、\数\地名\等\。\男女\坝子\腔\对唱\一般\需用\一个\中午\或\一个\下午\也\有\的\连续\演唱\几天几夜\直到\其中\一方\甘拜下风\为止\。\姚安坝子腔\长期\在\民间\承\沿不绝\。\姚安坝子腔\具有\鲜明\的\民族民间\传统文化\特征\是\彝族\民歌\形态\及\民俗文化\研究\的\重要\参考\材料\。\目前\能\清唱\传统\姚安坝子腔\者\寥寥无几\这一\民族\民间艺术\形式\濒临灭绝\亟待\抢救\保护\发展\振兴\。,彝族
彝族海菜腔,第一批,传统音乐,云南省红河哈尼族彝族自治州,彝族海菜腔是海内外知名的云南彝族特有的民歌品种它又称大攀桨、倒扳桨俗称石屏腔主要流传于云南省红河哈尼族彝族自治州石屏县彝族尼苏人村落。石屏彝族海菜腔属海菜腔变体的民歌与其他三种变体曲调沙悠腔、四腔、五山腔并称四大腔彝族称之为曲子。海菜腔歌唱历史悠久在形成及发展过程中深受明清时期汉族移民所带来的汉族文化影响。清代以来的地方志中有很多关于海菜腔歌唱的记载和诗文。一首完整的海菜腔曲调通常由拘腔、空腔、正七腔及白话腔等部分组成结构复杂篇幅宏大是一种由多乐段组合集独唱、对唱、领唱、齐唱、合唱等形式于一体的大型声乐套曲。海菜腔代表性曲目有《哥唱小曲妹来学》、《石屏橄榄菜》等。作为特定环境下产生的传统艺术形式海菜腔在特定的生态、社会文化中有高度的适应性和广泛的群众性在彝族发展史、文化史、道德价值观、艺术思维方式及彝汉文化交融等课题的研究上有重要的价值。对以海菜腔为代表的少数民族特有的民歌进行系统发掘、抢救和研究对于丰富和完善中国传统音乐体系和音乐史的研究也具有积极的意义。随着世纪年代以来海菜腔所依存的男女交际习俗吃火草烟的消亡及其他文化娱乐形式的传入海菜腔的歌唱渐趋式微现已鲜有能完整歌唱成套海菜腔的曲子师傅、曲子老板均为对著名歌手的尊称年轻一辈中也少有海菜腔的爱好者其传承面临严重危机亟待保护。,国家级,彝族海菜腔\是\海内外\知名\的\云南\彝族\特有\的\民歌\品种\它\又称\大攀桨\、\倒\扳\桨\俗称\石屏\腔\主要\流传\于\云南省\红河哈尼族彝族自治州\石屏县\彝族\尼\苏人\村落\。\石屏\彝族海菜腔\属\海菜腔\变体\的\民歌\与\其他\三种\变体\曲调\沙悠腔\、\四腔\、\五山腔\并称\四大\腔\彝族\称之为\曲子\。\海菜腔\歌唱\历史悠久\在\形成\及\发展\过程\中\深受\明清\时期\汉族\移民\所\带来\的\汉族\文化\影响\。\清代\以来\的\地方志\中有\很多\关于\海菜腔\歌唱\的\记载\和\诗文\。\一首\完整\的\海菜腔\曲调\通常\由\拘腔\、\空腔\、\正七腔\及\白话\腔\等\部分\组成\结构复杂\篇幅\宏大\是\一种\由\多\乐段\组合\集\独唱\、\对唱\、\领唱\、\齐唱\、\合唱\等\形式\于\一体\的\大型\声乐\套曲\。\海菜腔\代表性\曲目\有\《\哥唱\小曲\妹来学\》\、\《\石屏\橄榄\菜\》\等\。\作为\特定\环境\下\产生\的\传统\艺术形式\海菜腔\在\特定\的\生态\、\社会文化\中有\高度\的\适应性\和\广泛\的\群众性\在\彝族\发展史\、\文化史\、\道德\价值观\、\艺术思维\方式\及彝汉\文化\交融\等\课题\的\研究\上\有\重要\的\价值\。\对以\海菜腔\为\代表\的\少数民族\特有\的\民歌\进行\系统\发掘\、\抢救\和\研究\对于\丰富\和\完善\中国传统音乐\体系\和\音乐史\的\研究\也\具有\积极\的\意义\。\随着\世纪\年代\以来\海菜腔\所\依存\的\男女\交际\习俗\吃\火草烟\的\消亡\及其\他\文化娱乐\形式\的\传入\海菜腔\的\歌唱\渐趋\式微\现已\鲜有\能\完整\歌唱\成套\海菜腔\的\曲子\师傅\、\曲子\老板\均\为\对\著名\歌手\的\尊称\年轻\一辈\中\也\少有\海菜腔\的\爱好者\其\传承\面临\严重\危机\亟待\保护\。,彝族
哈尼族多声部民歌,第一批,传统音乐,云南省红河哈尼族彝族自治州,哈尼族多声部民歌历史悠久它主要流传于云南省红河哈尼族彝族自治州红河县以普春村为中心的数个哈尼族村落中。哈尼族多声部民歌包括了歌颂劳动、赞美爱情、讴歌山野田园美景等方面的内容。曲目以《吾处阿茨》栽秧山歌和《情歌》最具代表性。演唱方式分为有乐器伴奏和无乐器伴奏人声帮腔两种。哈尼族多声部民歌的演唱场合多样化梯田、山林和村寨都可以是其的表演空间。伴奏乐器均由民间歌手自己制作三弦、小二胡只在普春村使用。哈尼族多声部民歌的唱词结构以开腔用词、主题唱词、帮腔用词三部分构成一个小的基本段落其音乐形态在歌节结构、调式音列、调式色彩、调式组合和多声部组成等方面都显示出鲜明的民族和地域特征。哈尼族多声部民歌中凝聚着哈尼族的音乐智慧和才能展现出哈尼族独特的演唱天赋。在田野考察过程中有关专家已采录到个声部的原生形态哈尼族多声部民歌这极为罕见具有很高的历史、科学和艺术价值。哈尼族多声部民歌是中华民族音乐的瑰宝已引起国内外音乐界人士的广泛关注。哈尼族多声部民歌与社会生产尤其是与梯田稻作农耕劳动相伴而生它是研究哈尼族文化及其民族性格和审美观念的重要资料。哈尼族多声部民歌深藏哀牢山系腹地其传承完全依赖民间歌手尽管它已引起音乐界、人类学界专家的广泛关注但长期没有得到有组织、有计划的保护具有多声部音乐综合素质的传承人日益减少这一宝贵的民间音乐形式正处于失传的边缘。,国家级,哈尼族多声部民歌\历史悠久\它\主要\流传\于\云南省\红河哈尼族彝族自治州\红河县\以普春村\为\中心\的\数个\哈尼族\村落\中\。\哈尼族多声部民歌\包括\了\歌颂\劳动\、\赞美\爱情\、\讴歌\山野\田园\美景\等\方面\的\内容\。\曲目\以\《\吾\处\阿茨\》\栽秧\山歌\和\《\情歌\》\最具\代表性\。\演唱\方式\分为\有\乐器\伴奏\和\无\乐器\伴奏\人声\帮腔\两种\。\哈尼族多声部民歌\的\演唱\场合\多样化\梯田\、\山林\和\村寨\都\可以\是\其\的\表演\空间\。\伴奏\乐器\均\由\民间\歌手\自己\制作\三弦\、\小\二胡\只\在\普春村\使用\。\哈尼族多声部民歌\的\唱词\结构\以\开腔\用词\、\主题\唱词\、\帮腔\用词\三\部分\构成\一个\小\的\基本\段落\其\音乐\形态\在\歌节\结构\、\调式\音列\、\调式\色彩\、\调式\组合\和\多\声部\组成\等\方面\都\显示\出\鲜明\的\民族\和\地域\特征\。\哈尼族多声部民歌\中\凝聚\着\哈尼族\的\音乐\智慧\和\才能\展现出\哈尼族\独特\的\演唱\天赋\。\在\田野\考察\过程\中\有关\专家\已\采录\到\个\声部\的\原生\形态\哈尼族多声部民歌\这\极为\罕见\具有\很\高\的\历史\、\科学\和\艺术\价值\。\哈尼族多声部民歌\是\中华民族\音乐\的\瑰宝\已\引起\国内外\音乐界\人士\的\广泛\关注\。\哈尼族多声部民歌\与\社会\生产\尤其\是\与\梯田\稻作\农耕\劳动\相伴\而生\它\是\研究\哈尼族\文化\及其\民族\性格\和\审美观念\的\重要\资料\。\哈尼族多声部民歌\深藏\哀牢山\系\腹地\其\传承\完全\依赖\民间\歌手\尽管\它\已\引起\音乐界\、\人类\学界\专家\的\广泛\关注\但\长期\没有\得到\有\组织\、\有\计划\的\保护\具有\多\声部\音乐\综合\素质\的\传承\人\日益减少\这一\宝贵\的\民间\音乐形式\正\处于\失传\的\边缘\。,哈尼族
傈僳族民歌,第一批,传统音乐,云南省泸水县,傈僳族民歌包括木刮、摆时和优叶等歌种。木刮是傈僳族最重要、流传最广的民歌歌种之一流传于云南省怒江傈僳族自治州的傈僳族聚居区。木刮在傈僳语中原泛指所有的歌和调后来逐渐成为叙事古歌的专称。其他属木刮类的歌、调一般冠以内容如阿尺木刮山羊调、其奔木刮三弦调等。木刮主要用于内容严肃、气氛庄重的传统叙事长诗并多在民族节日、集会等时间和场合歌唱。代表性歌唱内容如《创世纪》、《生产调》、《牧羊歌》、《逃婚调》等曲调朴实、深沉具有苍凉、古老的风格。木刮一般由中老年男子分为两方盘腿围坐火塘边各以男、女身份一问一答对唱。对唱时双方都由一人领唱众人伴唱领唱者唱一句伴唱者和一句吟唱中以酒助兴边饮边歌。木刮对唱还具有竞赛的特点若双方领唱者均为对歌能手对歌往往持续几天几夜。以木刮对唱的傈僳族传统叙事古歌广泛涉及民族渊源、人类繁衍、生产生活、风情习俗、恋爱婚姻、宗教信仰和民族交往等内容生动再现了傈僳族社会历史的广阔图景具有较高的认识和审美价值。如长篇叙事歌《逃婚调》就反映了傈僳族指腹为婚、以牛为聘的婚恋习俗以逃婚争取自由和爱情的社会风习杀羊招魂、打狗头发誓、泼血酒赌咒的原始信仰以及各民族之间相互往来、相互帮助的团结精神和傈僳族的社会生产力水平、生产状况等。随着老一辈歌手的相继去世现今已较少有人能完整歌唱傈僳族木刮史歌、长篇叙事歌的内容。如不及时抢救、挖掘抓紧培养年轻一代歌手木刮将面临后继无人的局面。摆时和优叶是云南省怒江傈僳族自治州最具代表性的两类傈僳族山歌。摆时广泛流传于泸水县和兰坪县傈僳族地区在平时及节日集会、庆祝丰收、男婚女嫁等喜庆的场合都有歌唱歌词内容广泛曲调热情奔放宜于表露内心激情深受傈僳族人民喜爱。摆时多为集体性的男女对唱也可由一人作自娱性独唱。歌唱内容分为朵我、辖我两类。朵我主要歌唱传统叙事长诗辖我则根据对歌对象即兴编唱多以爱情、时事为主要内容。摆时代表曲目有《竹弦歌》、《忆苦歌》、《孤儿泪》等。一年一度的泸水县登更澡塘赛歌会是摆时对唱的隆重盛会。优叶主要流传于福贡县傈僳族村寨按歌唱内容及形式分为两类一类由中老年人围坐火塘边一面饮酒一面对唱主要内容是追述旧时的悲伤、苦难曲调低沉、速度徐缓、旋律平稳另一类曲调轻松、活泼是青年男女传情表意的主要方式可男女对唱也可在同性间对唱。第一类优叶现已较少传唱第二类优叶至今仍广为流传。优叶常见曲目有《打猎歌》、《悄悄话》、《砍柴歌》等。摆时和优叶是傈僳族口传文学艺术的杰出代表经过历代歌手的创造长期以来积累了极其丰富的歌唱内容几乎涉及社会生活和民俗活动的各个方面。摆时和优叶同时也创造了富于民族个性的多种艺术表现手法如傈傈族诗歌的句式、韵律及修辞特点主要通过这类民歌体现出来。摆时和优叶又反映着僳僳族民歌的典型音乐特色如傈僳族民歌的多声唱法、颤音唱法及衬词运用都能在摆时和优叶中得到充分体现。,国家级,傈僳族民歌\包括\木刮\、\摆时\和\优叶\等\歌种\。\木\刮\是\傈僳族\最\重要\、\流传\最广\的\民歌\歌种\之一\流传\于\云南省\怒江傈僳族自治州\的\傈僳族\聚居区\。\木\刮\在\傈僳语\中原\泛指\所有\的\歌\和\调\后来\逐渐\成为\叙事\古歌\的\专称\。\其他\属木\刮类\的\歌\、\调\一般\冠以\内容\如阿尺\木\刮\山羊\调\、\其奔木\刮\三弦\调等\。\木刮\主要\用于\内容\严肃\、\气氛\庄重\的\传统\叙事\长诗\并\多\在\民族节日\、\集会\等\时间\和\场合\歌唱\。\代表性\歌唱\内容\如\《\创世纪\》\、\《\生产调\》\、\《\牧羊\歌\》\、\《\逃婚调\》\等\曲调\朴实\、\深沉\具有\苍凉\、\古老\的\风格\。\木刮\一般\由\中老年\男子\分为\两方\盘腿\围坐\火塘\边\各以\男\、\女\身份\一问一答\对唱\。\对唱\时\双方\都\由\一人\领唱\众人\伴唱\领唱者\唱\一句\伴唱\者\和\一句\吟唱\中以\酒\助兴\边\饮边\歌\。\木刮\对唱\还\具有\竞赛\的\特点\若\双方\领唱者\均\为\对歌\能手\对歌\往往\持续\几天几夜\。\以木\刮\对唱\的\傈僳族\传统\叙事\古歌\广泛\涉及\民族\渊源\、\人类\繁衍\、\生产\生活\、\风情\习俗\、\恋爱婚姻\、\宗教信仰\和\民族\交往\等\内容\生动\再现\了\傈僳族\社会历史\的\广阔\图景\具有\较\高\的\认识\和\审美价值\。\如\长篇\叙事\歌\《\逃婚调\》\就\反映\了\傈僳族\指腹为婚\、\以牛\为聘\的\婚恋\习俗\以\逃婚\争取\自由\和\爱情\的\社会\风习\杀羊\招魂\、\打\狗头\发誓\、\泼血酒\赌咒\的\原始\信仰\以及\各\民族\之间\相互\往来\、\相互\帮助\的\团结\精神\和\傈僳族\的\社会\生产力\水平\、\生产\状况\等\。\随着\老一辈\歌手\的\相继\去世\现今\已较\少\有人\能\完整\歌唱\傈僳族\木刮史\歌\、\长篇\叙事\歌\的\内容\。\如\不\及时\抢救\、\挖掘\抓紧\培养\年轻一代\歌手\木\刮\将\面临\后继无人\的\局面\。\摆时\和\优叶\是\云南省\怒江傈僳族自治州\最具\代表性\的\两类\傈僳族\山歌\。\摆时\广泛\流传\于\泸水县\和\兰坪县\傈僳族\地区\在\平时\及\节日\集会\、\庆祝\丰收\、\男婚女嫁\等\喜庆\的\场合\都\有\歌唱\歌词\内容\广泛\曲调\热情奔放\宜于\表露\内心\激情\深受\傈僳族\人民\喜爱\。\摆时\多\为\集体性\的\男女\对唱\也\可\由\一人作\自娱性\独唱\。\歌唱\内容\分为\朵\我\、\辖\我\两类\。\朵\我\主要\歌唱\传统\叙事\长诗\辖\我\则\根据\对歌\对象\即兴\编唱\多\以\爱情\、\时事\为\主要\内容\。\摆时\代表\曲目\有\《\竹\弦歌\》\、\《\忆苦\歌\》\、\《\孤儿\泪\》\等\。\一年一度\的\泸水县\登\更\澡塘\赛\歌会\是\摆时\对唱\的\隆重\盛会\。\优叶\主要\流传\于\福贡县\傈僳族\村寨\按\歌唱\内容\及\形式\分为\两类\一类\由\中老年人\围坐\火塘\边\一面\饮酒\一面\对唱\主要\内容\是\追述\旧时\的\悲伤\、\苦难\曲调\低沉\、\速度\徐缓\、\旋律\平稳\另一类\曲调\轻松\、\活泼\是\青年\男女\传情\表意\的\主要\方式\可\男女\对唱\也\可\在\同性\间\对唱\。\第一类\优叶\现已\较\少\传唱\第二类\优叶\至今\仍\广为流传\。\优叶\常见\曲目\有\《\打猎\歌\》\、\《\悄悄话\》\、\《\砍柴\歌\》\等\。\摆时\和\优叶\是\傈僳族\口传\文学艺术\的\杰出代表\经过\历代\歌手\的\创造\长期以来\积累\了\极其丰富\的\歌唱\内容\几乎\涉及\社会生活\和\民俗\活动\的\各个方面\。\摆时\和\优叶\同时\也\创造\了\富于\民族\个性\的\多种\艺术\表现手法\如傈傈族\诗歌\的\句式\、\韵律\及\修辞\特点\主要\通过\这\类\民歌\体现\出来\。\摆时\和\优叶\又\反映\着\僳僳族\民歌\的\典型\音乐\特色\如\傈僳族民歌\的\多声\唱法\、\颤音\唱法\及\衬词\运用\都\能\在\摆时\和\优叶\中\得到\充分体现\。,傈僳族
阿细先基,第三批,民间文学,云南省弥勒县,《阿细先基》又名《阿细人的歌》是彝族支系阿细人的创世史诗口头流传于云南省弥勒县西山地区的阿细人聚居地。由于长诗是由艺人用阿细语创作并演唱散落于民间所以长期不被外界所知闻。世纪年代经诗人光未然、语言学家袁家骅先后搜集整理出版才得以广为外界所知。诗篇全文约计行由引子、最古的时候、男女说合成一家、尾声四部分组成。内容包括阿细人的神话传说天地万物的起源、自然现象的成因等、男女爱情与婚姻男女说合成一家以及早期的民族生活人类早期的艰苦生活和所经受的磨难与阿细人的风俗习惯。《阿细先基》是阿细人的根谱体现了阿细人探寻自然、认识自然的执著、勇武与睿智折射出朴素的唯物主义。由于很大篇幅以男女情爱为主线描述了阿细人对纯真爱情、美好事物的热烈追求与憧憬对现实社会的各种见解故而在阿细人村落里男女青年们常在耕作之暇互相对唱成为求偶的手段。《阿细先基》的起源年代无考。有学者认为萌发于原始社会时期形成于封建社会时期。是阿细人精神和文化的表征为研究阿细人的历史、文化、经济、哲学、宗教、伦理道德、审美观念等提供了珍贵的资料和独特的视角具有多学科的研究价值。《阿细先基》以口传方式一代一代流传至今。但现在能用阿细语演唱的人日益减少能全面掌握《阿细先基》演唱的人更是寥寥无几传承后继乏人亟待保护。,国家级,《\阿细先基\》\又名\《\阿细人\的\歌\》\是\彝族\支系\阿细人\的\创世\史诗\口头\流传\于\云南省\弥勒县\西山\地区\的\阿细人\聚居地\。\由于\长诗\是\由\艺人\用\阿\细语\创作\并\演唱\散落\于\民间\所以\长期\不\被\外界\所知\闻\。\世纪\年代\经\诗人\光未然\、\语言学家\袁家骅\先后\搜集整理\出版\才\得以\广为\外界\所知\。\诗篇\全文\约计\行由\引子\、\最古\的\时候\、\男女\说\合成\一家\、\尾声\四\部分\组成\。\内容\包括\阿细人\的\神话传说\天地万物\的\起源\、\自然现象\的\成因\等\、\男女\爱情\与\婚姻\男女\说\合成\一家\以及\早期\的\民族\生活\人类\早期\的\艰苦\生活\和\所\经受\的\磨难\与\阿细人\的\风俗习惯\。\《\阿细先基\》\是\阿细人\的\根谱\体现\了\阿细人\探寻\自然\、\认识\自然\的\执著\、\勇武\与\睿智\折射出\朴素\的\唯物主义\。\由于\很大\篇幅\以\男女\情爱\为主\线\描述\了\阿细人\对\纯真\爱情\、\美好事物\的\热烈\追求\与\憧憬\对\现实\社会\的\各种\见解\故而\在\阿细人\村落\里\男女\青年\们\常\在\耕作\之暇\互相\对唱\成为\求偶\的\手段\。\《\阿细先基\》\的\起源\年代\无考\。\有\学者\认为\萌发\于\原始社会\时期\形成\于\封建社会\时期\。\是\阿细人\精神\和\文化\的\表征\为\研究\阿细人\的\历史\、\文化\、\经济\、\哲学\、\宗教\、\伦理道德\、\审美观念\等\提供\了\珍贵\的\资料\和\独特\的\视角\具有\多\学科\的\研究\价值\。\《\阿细先基\》\以\口传\方式\一代\一代\流传\至今\。\但\现在\能用\阿\细语\演唱\的\人\日益减少\能\全面\掌握\《\阿细先基\》\演唱\的\人\更是\寥寥无几\传承\后继乏人\亟待\保护\。,彝族
洛奇洛耶与扎斯扎依,第三批,民间文学,云南省墨江哈尼族自治县,叙事长诗《洛奇洛耶与扎斯扎依》是哈尼族碧约人口传叙事长诗流传于云南省滇南的哈尼族聚居地区主要在普洱市墨江哈尼族自治县、江城哈尼族彝族自治县、宁洱哈尼族彝族自治县及红河州、玉溪市的哈尼族碧约人支系聚居的村寨中。洛奇洛耶与扎斯扎依是长诗中的两位青年男为英雄智慧的化身女为美丽纯真的代表。全诗分为开头的歌、扎斯扎依、洛奇洛耶、赶街相会、秧田对歌、串门求亲、成家立业、领头抗租、不死的魂、结尾的歌共个章节近两千行。故事的结尾部分特别是抗租失败后主人公被砍成肉块、剁成肉酱后依然复活被铜钉钉在山崖下淌了七天七夜的血仍然不屈的情节将哈尼族人民对英雄的特殊爱戴表现得淋漓尽致充分体现了哈尼族坚强的民族性格。作品涉及哈尼族生产生活、婚恋生死、原始崇拜、风俗习惯、精神信念等对人类学、民族学、民俗学有较高的研究价值故事曲折优美凄美中更有悲壮诗与事交相辉映诗韵讲究诗情浓郁又具有很高的文学价值。叙事长诗《洛奇洛耶与扎斯扎依》以吟唱形式传承。在一代代人的吟唱中不断丰富内容成为哈尼族优秀的口传文学作品。,国家级,叙事\长诗\《\洛奇洛耶与扎斯扎依\》\是\哈尼族\碧约\人口\传\叙事\长诗\流传\于\云南省\滇南\的\哈尼族\聚居\地区\主要\在\普洱\市\墨江哈尼族自治县\、\江城哈尼族彝族自治县\、\宁洱哈尼族彝族自治县\及\红河州\、\玉溪市\的\哈尼族\碧约\人\支系\聚居\的\村寨\中\。\洛奇洛耶与扎斯扎依\是\长诗\中\的\两位\青年\男为\英雄\智慧\的\化身\女为\美丽\纯真\的\代表\。\全诗\分为\开头\的\歌\、\扎斯扎\依\、\洛奇\洛耶\、\赶街\相会\、\秧田\对歌\、\串门\求亲\、\成家立业\、\领头\抗租\、\不死\的\魂\、\结尾\的\歌共个\章节\近\两千\行\。\故事\的\结尾\部分\特别\是\抗租\失败\后\主人公\被\砍成\肉块\、\剁成\肉酱\后\依然\复活\被\铜钉\钉\在\山崖\下淌\了\七天\七夜\的\血\仍然\不屈\的\情节\将\哈尼族\人民\对\英雄\的\特殊\爱戴\表现\得\淋漓尽致\充分体现\了\哈尼族\坚强\的\民族\性格\。\作品\涉及\哈尼族\生产\生活\、\婚恋\生死\、\原始\崇拜\、\风俗习惯\、\精神\信念\等\对\人类学\、\民族学\、\民俗学\有\较\高\的\研究\价值\故事\曲折\优美\凄美\中\更\有\悲壮\诗\与\事\交相辉映\诗韵\讲究\诗情\浓郁\又\具有\很\高\的\文学\价值\。\叙事\长诗\《\洛奇洛耶与扎斯扎依\》\以\吟唱\形式\传承\。\在\一代代\人\的\吟唱\中\不断丰富\内容\成为\哈尼族\优秀\的\口传\文学作品\。,哈尼族
目瑙斋瓦,第三批,民间文学,云南省德宏傣族景颇族自治州,《目瑙斋瓦》是景颇族的创世史诗。据有关专家研究《目瑙斋瓦》最早滥觞于原始社会父系氏族时期是景颇族先民祭祀天神、太阳神的祭词长行分为六章。第一章讲述了天地万物的形成及人类的诞生。第二章讲述了景颇族的创世英雄宁贯杜率领天下豪杰改造天地使土壤肥沃、庄稼生长的奋斗过程。第三章讲述大地洪水泛滥。第四章讲述宁贯杜寻找财富娶龙女扎圣为妻。第五章讲述景颇族跳目瑙纵歌舞的来历。第六章讲述大地上的生活包括钻木取火、寻找水源、制造生产生活用具、学会穿衣裤、种谷、建房、男婚女嫁等等。史诗是研究景颇族诞生、迁徙、原始宗教起源、婚姻制度演变、山官制度产生及民族交往的珍贵资料其内容囊括了景颇族的政治、历史、哲学、文学、艺术、习俗、伦理道德等各个领域有很高的学术和艺术价值。《目瑙斋瓦》流传于德宏州各县市景颇族居住地包括盈江县的个乡陇川县的个乡镇潞西市的个乡镇瑞丽市的个乡。由于《目瑙斋瓦》篇幅浩繁又是以口传方式流传能完整吟唱《目瑙斋瓦》的人本来就很少文革期间还曾被禁唱年恢复跳目瑙纵歌时德宏州全州已无斋瓦吟诵只是由董萨比斋瓦低一级的民间艺人吟唱部分内容。现在只有盈江县铜壁关乡李向前一人能唱诵大部分。国内现存的《目瑙斋瓦》创世史诗最早是根据景颇族大经师沙万福口述记录、整理而成的年景颇族学者李向前又收集整理、出版了景颇文本和汉译本。《目瑙斋瓦》是景颇族传统文化的经典、百科全书景颇族的各种文化艺术都可以从这里找到它的源头因此应当加以保护和传承。,国家级,《\目瑙斋瓦\》\是\景颇族\的\创世\史诗\。\据\有关\专家\研究\《\目瑙斋瓦\》\最早\滥觞\于\原始社会\父系\氏族\时期\是\景颇族\先民\祭祀\天神\、\太阳神\的\祭词\长行\分为\六章\。\第一章\讲述\了\天地万物\的\形成\及\人类\的\诞生\。\第二章\讲述\了\景颇族\的\创世\英雄\宁贯\杜\率领\天下\豪杰\改造\天地\使\土壤\肥沃\、\庄稼\生长\的\奋斗\过程\。\第三章\讲述\大地\洪水泛滥\。\第四章\讲述\宁贯\杜\寻找\财富\娶\龙\女扎\圣为\妻\。\第五章\讲述\景颇族\跳目\瑙\纵\歌舞\的\来历\。\第六章\讲述\大\地上\的\生活\包括\钻木取火\、\寻找\水源\、\制造\生产\生活\用具\、\学会\穿\衣裤\、\种谷\、\建房\、\男婚女嫁\等等\。\史诗\是\研究\景颇族\诞生\、\迁徙\、\原始宗教\起源\、\婚姻制度\演变\、\山官\制度\产生\及\民族\交往\的\珍贵\资料\其\内容\囊括\了\景颇族\的\政治\、\历史\、\哲学\、\文学\、\艺术\、\习俗\、\伦理道德\等\各个领域\有\很\高\的\学术\和\艺术\价值\。\《\目瑙斋瓦\》\流传\于\德宏州\各县市\景颇族\居住地\包括\盈江县\的\个\乡\陇川县\的\个\乡镇\潞西市\的\个\乡镇\瑞丽市\的\个\乡\。\由于\《\目瑙斋瓦\》\篇幅\浩繁\又\是\以\口传\方式\流传\能\完整\吟唱\《\目瑙斋瓦\》\的\人\本来\就\很少\文革\期间\还\曾\被\禁唱\年\恢复\跳目\瑙\纵歌\时\德宏州\全州\已\无\斋瓦\吟诵\只是\由\董萨\比\斋瓦\低\一级\的\民间艺人\吟唱\部分\内容\。\现在\只有\盈江县\铜壁\关乡\李向前\一人能\唱诵\大部分\。\国内\现存\的\《\目瑙斋瓦\》\创世\史诗\最早\是\根据\景颇族\大\经师\沙\万福\口述\记录\、\整理\而成\的\年\景颇族\学者\李向前\又\收集整理\、\出版\了\景颇文\本和汉\译本\。\《\目瑙斋瓦\》\是\景颇族\传统文化\的\经典\、\百科全书\景颇族\的\各种\文化\艺术\都\可以\从\这里\找到\它\的\源头\因此\应当\加以\保护\和\传承\。,景颇族
坡芽情歌,第三批,民间文学,云南省富宁县,坡芽情歌壮族语称布瓦吩意为把花纹图案画在土布上的山歌现在当地群众称其为坡芽歌书主要流传于云南省富宁县的六益、者宁归朝的那贯、老街三寨者桑乡的百比以及花甲乡等地的壮族村寨而以剥隘镇坡芽村为中心。图画符号有月、星、树、稻谷、犁、斧、禽、马、人、衣、鸟、房屋、枫叶等简单质朴。每一个图画符号代表一首情歌或同一类情歌。歌手只要一看图画符号就能演唱相应的歌曲。歌集详细地记述了一对青年男女从相识、相知、相恋到相约白头偕老的动人故事。歌集采用联曲式的结构方式层层递进有情节的连贯性和完整性这在少数民族的爱情短诗中是罕见的。主人公曲折的爱情故事折射出古代壮族的生产生活、民情风俗涵盖了文学、音乐、图画等多种民间艺术内涵丰富并具有《诗经》遗风。情歌以壮语北部方言演唱男女相对一唱一和。曲调以分打捞分标分呃哎分戈麻等壮族山歌小调为主。句式多为五言每首歌四句或数十句不等以首尾韵、腰尾韵和尾韵为主要押韵方式韵律严密和谐。曲调优美、委婉动听手法灵活多变修辞适当有很高的艺术价值。坡芽情歌坡芽情歌具有广泛的群众基础和民间传承性是富宁壮家人的经典爱情民歌有很高的艺术价值。情歌中所涉及的壮族古代农耕生产方式、民俗礼仪、服饰文化等对研究壮族历史、民俗、民间音乐都具有重要的价值。情歌所采用的图画符号被有关文字学专家称之为文字之芽为研究文字的起源提供了有参考价值的线索。年坡芽情歌入选中国第三批国家级非物质文化遗产代表性项目名录。项目代表性传承人是农凤妹。,国家级,坡芽情歌\壮族\语称\布瓦\吩意\为\把\花纹\图案画\在\土布\上\的\山歌\现在\当地\群众\称其为\坡芽\歌书\主要\流传\于\云南省\富宁县\的\六益\、\者\宁归朝\的\那贯\、\老街\三寨者\桑乡\的\百比\以及\花甲\乡\等\地\的\壮族\村寨\而\以\剥隘\镇坡芽\村为\中心\。\图画\符号\有\月\、\星\、\树\、\稻谷\、\犁\、\斧\、\禽\、\马\、\人\、\衣\、\鸟\、\房屋\、\枫叶\等\简单\质朴\。\每\一个\图画\符号\代表\一首\情歌\或同\一类\情歌\。\歌手\只要\一看\图画\符号\就\能\演唱\相应\的\歌曲\。\歌集\详细\地\记述\了\一对\青年\男女\从\相识\、\相知\、\相恋\到\相约\白头偕老\的\动人\故事\。\歌集\采用\联\曲式\的\结构\方式\层层\递进\有\情节\的\连贯性\和\完整性\这\在\少数民族\的\爱情\短诗\中是\罕见\的\。\主人公\曲折\的\爱情故事\折射出\古代\壮族\的\生产\生活\、\民情\风俗\涵盖\了\文学\、\音乐\、\图画\等\多种\民间艺术\内涵\丰富\并\具有\《\诗经\》\遗风\。\情歌\以\壮语\北部\方言\演唱\男女\相对\一唱一和\。\曲调\以分\打捞\分标分\呃\哎\分戈麻\等\壮族\山歌\小调\为主\。\句式\多为\五言\每首歌\四句\或\数十句\不等\以\首尾\韵\、\腰尾韵\和\尾韵\为\主要\押韵\方式\韵律\严密\和谐\。\曲调\优美\、\委婉\动听\手法\灵活\多变\修辞\适当\有\很\高\的\艺术\价值\。\坡芽情歌\坡芽情歌\具有\广泛\的\群众\基础\和\民间\传承\性是\富宁\壮\家人\的\经典\爱情\民歌\有\很\高\的\艺术\价值\。\情歌\中\所\涉及\的\壮族\古代\农耕\生产方式\、\民俗\礼仪\、\服饰文化\等\对\研究\壮族\历史\、\民俗\、\民间\音乐\都\具有\重要\的\价值\。\情歌\所\采用\的\图画\符号\被\有关\文字学\专家\称之为\文字\之芽\为\研究\文字\的\起源\提供\了\有\参考价值\的\线索\。\年\坡芽情歌\入选\中国\第三批\国家级\非物质文化\遗产\代表性\项目\名录\。\项目\代表性\传承\人\是\农凤妹\。,壮族
司岗里,第三批,民间文学,云南省西盟佤族自治县,佤族创世史诗《司岗里》流传于云南省的沧源、澜沧以及西盟佤族自治县。司岗是佤语石洞、洞穴或葫芦的意思。作品描述了人类从司岗出来后发生的各种故事包括人类起源以及与之密切相关的动植物的产生、祖先事迹、村寨史、家族史、民族史、民族关系、英雄故事、爱情故事等。内容涉及佤族与自然现象、动植物、生产生活、家族历史、传统习俗、部落战争、祭祀、繁衍生息等方面。《司岗里》通过佤族先民对宇宙万物和人类起源的独特阐释富有想象力地描述了劳动创造世界的过程和原始宇宙观表达了各民族友好相处、团结和睦的愿望。全诗五千七百余行是一部气势恢宏的佤族创世古歌。由于佤族没有文字《司岗里》先是从讲故事的方式口述传承逐步发展为吟唱歌咏的形式至今已有上千年的历史。经过代代传唱内容不断丰富成为佤族历史、道德、宗教、哲学、风俗等民族民间传统文化的综合载体是佤族人民集体智慧的结晶也是佤族民间口述文学的经典之作。对于研究佤族民族起源、文学艺术、风俗习惯、生产生活、宗教哲学等方面有着重要的历史价值和文学价值。年中华人民共和国成立时佤族由原始社会末期直接跨入新民主主义社会阶段其创世史诗《司岗里》在世纪年代民族调查中第一次用文字记录下来。世纪年代又有了完整的记录文本并被译成汉文出版。,国家级,佤族\创世\史诗\《\司岗里\》\流传\于\云南省\的\沧源\、\澜沧\以及\西盟佤族自治县\。\司岗\是\佤语\石洞\、\洞穴\或\葫芦\的\意思\。\作品\描述\了\人类\从司\岗\出来\后\发生\的\各种\故事\包括\人类\起源\以及\与\之\密切相关\的\动植物\的\产生\、\祖先\事迹\、\村寨\史\、\家族史\、\民族史\、\民族关系\、\英雄\故事\、\爱情故事\等\。\内容\涉及\佤族\与\自然现象\、\动植物\、\生产\生活\、\家族\历史\、\传统习俗\、\部落\战争\、\祭祀\、\繁衍生息\等\方面\。\《\司岗里\》\通过\佤族\先民\对\宇宙\万物\和\人类\起源\的\独特\阐释\富有\想象力\地\描述\了\劳动\创造\世界\的\过程\和\原始\宇宙观\表达\了\各\民族\友好相处\、\团结\和睦\的\愿望\。\全诗\五千\七百余\行是\一部\气势恢宏\的\佤族\创世\古歌\。\由于\佤族\没有\文字\《\司岗里\》\先是\从\讲故事\的\方式\口述\传承\逐步\发展\为\吟唱\歌咏\的\形式\至今已有\上千年\的\历史\。\经过\代代传\唱\内容\不断丰富\成为\佤族\历史\、\道德\、\宗教\、\哲学\、\风俗\等\民族民间\传统文化\的\综合\载体\是\佤族\人民\集体\智慧\的\结晶\也\是\佤族\民间\口述\文学\的\经典之作\。\对于\研究\佤族\民族\起源\、\文学艺术\、\风俗习惯\、\生产\生活\、\宗教哲学\等\方面\有着\重要\的\历史\价值\和\文学\价值\。\年\中华人民共和国\成立\时\佤族\由\原始社会\末期\直接\跨入\新民主主义\社会\阶段\其\创世\史诗\《\司岗里\》\在\世纪\年代\民族\调查\中\第一次\用\文字\记录下来\。\世纪\年代\又\有\了\完整\的\记录\文本\并\被\译成\汉文\出版\。,佤族
召树屯与喃木诺娜,第二批,民间文学,云南省西双版纳傣族自治州,口传长诗召树屯与喃木诺娜是傣族最著名、最优秀且流传最广泛的爱情赞美诗在西双版纳傣族地区和东南亚地区广为流传。它历史久远版本众多不仅有口头传承的说唱韵文长诗和散文体长篇故事还被民间画师用作佛寺壁画、经画的创作题材有的地方甚至连湖泊、池塘也以召树屯与喃木诺娜中的金湖命名。用傣泐文记载、傣泐语吟唱的召树屯与喃木诺娜以傣族独特的艺术手法栩栩如生地塑造了召树屯、喃木诺娜这两个代表傣家人典型性格、怀有傣族人民理想追求的完美形象。召树屯与喃木诺娜不仅着力描绘他们外在的美更揭示出他们忠于爱情、热爱家乡的高尚品德歌颂了他们勇敢顽强、坚忍不拔的刚毅精神集中体现了傣族传统文化的精髓。如今能够完整吟唱召树屯与喃木诺娜的艺人已为数不多这一古老长诗亟待保护和抢救。,国家级,口传\长诗\召树屯与喃木诺娜\是\傣族\最\著名\、\最\优秀\且\流传\最\广泛\的\爱情\赞美诗\在\西双版纳\傣族\地区\和\东南亚地区\广为流传\。\它\历史\久远\版本\众多\不仅\有\口头\传承\的\说唱\韵文\长诗\和\散文体\长篇\故事\还\被\民间\画师\用作\佛寺\壁画\、\经画\的\创作\题材\有\的\地方\甚至\连\湖泊\、\池塘\也\以\召树屯与喃木诺娜\中\的\金湖\命名\。\用\傣泐\文\记载\、\傣泐\语\吟唱\的\召树屯与喃木诺娜\以\傣族\独特\的\艺术手法\栩栩如生\地\塑造\了\召树屯\、\喃木诺娜\这\两个\代表\傣家\人\典型性格\、\怀有\傣族\人民\理想\追求\的\完美\形象\。\召树屯与喃木诺娜\不仅\着力\描绘\他们\外\在\的\美\更\揭示\出\他们\忠于\爱情\、\热爱\家乡\的\高尚\品德\歌颂\了\他们\勇敢\顽强\、\坚忍不拔\的\刚毅\精神\集中体现\了\傣族\传统文化\的\精髓\。\如今\能够\完整\吟唱\召树屯与喃木诺娜\的\艺人\已\为数不多\这一\古老\长诗\亟待\保护\和\抢救\。,傣族
哈尼哈吧,第二批,民间文学,云南省元阳县,哈尼哈吧哈尼语意为哈尼古歌是哈尼族社会生活中流传广泛、影响深远的民间歌谣是有别于哈尼族山歌、情歌、儿歌等的庄重、典雅的古老歌唱形式。哈尼哈吧主要在云南省南部红河和澜沧江之间的元江、墨江、绿春、金平、江城等哈尼族聚居县流传思茅、西双版纳、澜沧等地也有。哈尼哈吧的内容涉及哈尼族古代社会的生产劳动、原始宗教祭典、人文规范、伦理道德、婚嫁丧葬、吃穿用住、文学艺术等方面是世世代代以梯田农耕生产生活为核心的哈尼族人教化风俗、规范人生的百科全书。从目前收集整理的哈尼哈吧资料来看哈尼古歌《窝果策尼果》、《哈尼阿培聪坡坡》、《十二奴局》、《木地米地》是哈尼哈吧的代表性作品。哈尼哈吧主要由民间歌手在祭祀、节日、婚丧、起房盖屋等隆重场合的酒席间演唱表达节日祝贺、吉祥如意的心愿。其内容规模宏大结构严谨歌手可以连续演唱几天几夜。演唱方式有一人主唱、众人伴唱或一问一答、二人对唱加众人和声等。哈尼哈吧是哈尼族民族文化的体现具有一定的历史学、文化学、民俗学研究价值。目前能够完整演唱哈尼哈吧的歌手日渐减少这一古老的诗歌演唱形式后继乏人急需保护。,国家级,哈尼哈吧\哈尼语\意\为\哈尼\古歌\是\哈尼族\社会生活\中\流传\广泛\、\影响\深远\的\民间\歌谣\是\有别于\哈尼族\山歌\、\情歌\、\儿歌\等\的\庄重\、\典雅\的\古老\歌唱\形式\。\哈尼哈吧\主要\在\云南省\南部\红河\和\澜沧江\之间\的\元江\、\墨江\、\绿春\、\金平\、\江城\等\哈尼族\聚居\县\流传\思茅\、\西双版纳\、\澜沧\等\地\也\有\。\哈尼哈吧\的\内容\涉及\哈尼族\古代社会\的\生产\劳动\、\原始宗教\祭典\、\人文\规范\、\伦理道德\、\婚嫁\丧葬\、\吃\穿\用\住\、\文学艺术\等\方面\是\世世代代\以\梯田\农耕\生产\生活\为\核心\的\哈尼族\人\教化\风俗\、\规范\人生\的\百科全书\。\从\目前\收集整理\的\哈尼哈吧\资料\来看\哈尼\古歌\《\窝果策尼果\》\、\《\哈尼\阿培聪\坡坡\》\、\《\十二\奴局\》\、\《\木地\米\地\》\是\哈尼哈吧\的\代表性\作品\。\哈尼哈吧\主要\由\民间\歌手\在\祭祀\、\节日\、\婚丧\、\起\房盖\屋等\隆重\场合\的\酒席\间\演唱\表达\节日\祝贺\、\吉祥如意\的\心愿\。\其\内容\规模宏大\结构\严谨\歌手\可以\连续\演唱\几天几夜\。\演唱\方式\有\一人\主唱\、\众人\伴唱\或\一问一答\、\二人\对唱\加\众人\和声\等\。\哈尼哈吧\是\哈尼族\民族文化\的\体现\具有\一定\的\历史学\、\文化学\、\民俗学\研究\价值\。\目前\能够\完整\演唱\哈尼哈吧\的\歌手\日渐\减少\这一\古老\的\诗歌\演唱\形式\后继乏人\急需\保护\。,哈尼族
达古达楞格莱标,第二批,民间文学,云南省德宏傣族景颇族自治州,达古达楞格莱标是德昂族民间创世神话史诗流传于我国云南省西部德宏傣族景颇族自治州、保山市隆阳区潞江坝乡和西南部临沧市镇康、耿马、永德、双江县及缅甸掸邦、佤邦一带。达古达楞格莱标是德昂族先民植物崇拜茶神的自然产物是集体创作的部落故事。约世纪后德昂族艺人借用傣族文字对其进行了整理、记录使这一古老的史诗能够同时用傣文抄本和口传的形式流布传承。原傣文抄本长约两千行由序歌、茶神下凡诞生人类、光明与黑暗的斗争、战胜洪水和恶势力、百花百果的由来与腰箍的来历及先祖的诞生和各民族的繁衍六部分组成。史诗主要讲述德昂民族的诞生与发展以及德昂人同大自然顽强斗争的艰苦历史揭示了德昂族的悠久茶文化及其古老茶农称谓的历史渊源。达古达楞格莱标是德昂民族心中的历史对指导人们行为规范有重要作用体现着德昂族的民族精神和人文思想具有历史学、文化学、民俗学和伦理学等诸多方面的研究价值。由于其传承链条相对脆弱急需保护。,国家级,达古达楞格莱标\是\德昂族\民间\创世神话\史诗\流传\于\我国\云南省\西部\德宏傣族景颇族自治州\、\保山市\隆阳区\潞\江坝\乡\和\西南部\临沧市\镇康\、\耿马\、\永德\、\双江\县及\缅甸\掸邦\、\佤邦\一带\。\达古达楞格莱标\是\德昂族\先民\植物崇拜\茶神\的\自然\产物\是\集体创作\的\部落\故事\。\约\世纪\后\德昂族\艺人\借用\傣族\文字\对\其\进行\了\整理\、\记录\使\这\一\古老\的\史诗\能够\同时\用\傣文\抄本\和\口传\的\形式\流布\传承\。\原\傣文\抄本\长约\两千\行由序\歌\、\茶神\下凡\诞生\人类\、\光明\与\黑暗\的\斗争\、\战胜\洪水\和\恶势力\、\百花\百果\的\由\来\与\腰\箍\的\来历\及\先祖\的\诞生\和\各\民族\的\繁衍\六\部分\组成\。\史诗\主要\讲述\德昂\民族\的\诞生\与\发展\以及\德昂\人同\大自然\顽强\斗争\的\艰苦\历史\揭示\了\德昂族\的\悠久\茶文化\及其\古老\茶农\称谓\的\历史渊源\。\达古达楞格莱标\是\德昂\民族\心中\的\历史\对\指导\人们\行为规范\有\重要\作用\体现\着\德昂族\的\民族\精神\和\人文\思想\具有\历史学\、\文化学\、\民俗学\和\伦理学\等\诸多方面\的\研究\价值\。\由于\其\传承\链条\相对\脆弱\急需\保护\。,德昂族
查姆,第二批,民间文学,云南省双柏县,查姆是流传于云南省双柏县大麦地镇、安龙堡乡等彝族地区的彝族民间创世史诗具有悠久的历史。查姆在彝语中为大和起源之意一般意译为万物的起源。查姆以神话传说的方式记述了人类、万物的起源和发展的历史由通晓彝文的毕摩彝族祭司用彝文记录在书笺上进行传承其结构庞杂、神话色彩浓厚。查姆基本上是一部神话史诗但它在神话传说背后蕴涵着朴素的唯物主义自然观和朴素的历史进化因素。据彝族《毕摩经》记载最早的查姆有一百二十多个查分为上部和下部。上部内容包括开天辟地、洪水泛滥、人类起源、万物起源等下部内容包括天文地理、占卜历算、诗歌文学等是一部名副其实的彝族百科全书彝族人称之为根谱。查姆叙述了人类的三个发展阶段提出了猴子变人的朴素观点在彝族社会发展史和民族形成史的研究方面具有很高的价值。伴随着现代化进程通晓彝文的人越来越少查姆的传承出现了危机保护工作刻不容缓。,国家级,查姆\是\流传\于\云南省\双柏县\大麦\地镇\、\安龙\堡\乡\等\彝族\地区\的\彝族\民间\创世\史诗\具有\悠久\的\历史\。\查姆\在\彝语\中为\大\和\起源\之意\一般\意译\为\万物\的\起源\。\查姆\以\神话传说\的\方式\记述\了\人类\、\万物\的\起源\和\发展\的\历史\由\通晓\彝文\的\毕摩\彝族\祭司\用\彝文\记录\在\书\笺\上\进行\传承\其\结构\庞杂\、\神话\色彩\浓厚\。\查姆\基本上\是\一部\神话\史诗\但\它\在\神话传说\背后\蕴涵着\朴素\的\唯物主义\自然观\和\朴素\的\历史\进化\因素\。\据\彝族\《\毕摩\经\》\记载\最早\的\查姆\有\一百二十多个\查\分为\上部\和\下部\。\上部\内容\包括\开天辟地\、\洪水泛滥\、\人类\起源\、\万物\起源\等\下部\内容\包括\天文地理\、\占卜\历算\、\诗歌\文学\等\是\一部\名副其实\的\彝族\百科全书\彝族\人\称之为\根谱\。\查姆\叙述\了\人类\的\三个\发展\阶段\提出\了\猴子\变人\的\朴素\观点\在\彝族\社会\发展史\和\民族\形成\史\的\研究\方面\具有\很\高\的\价值\。\伴随\着\现代化\进程\通晓\彝文\的\人\越来越少\查姆\的\传承\出现\了\危机\保护\工作\刻不容缓\。,彝族
梅葛,第二批,民间文学,云南省楚雄彝族自治州,姚安口传彝族梅葛起源于云南省楚雄彝族自治州姚安县官屯乡历史悠久具有广泛的群众性。梅葛取名于一种彝语曲调名称因彝族民间歌曲大都用梅葛调演唱总称为梅葛。在长期口耳相传的过程中形成了一部有影响的彝族历史叙事长诗千百年来流传于姚安县的彝族聚居山寨。目前口传的彝族创世史诗长达五千七百七十余行分为创世、造物、婚事和恋歌、丧葬四个部分。梅葛有老年梅葛、中年梅葛、青年梅葛、娃娃梅葛四种类型。老年梅葛也叫赤梅葛主要唱述开天辟地、创世立业的内容同时也反映彝族群众的劳动和生活中年梅葛唱述青年男女成家后生产生活的艰难内容曲调比较凄婉忧伤青年梅葛也叫山梅葛反映彝族青年男女的纯真情爱属于恋爱山歌性质唱述中可即兴发挥娃娃梅葛是彝族儿歌俗称娃娃腔由成群结伙的彝族青少年和儿童对唱。梅葛勾画了彝族古代发展历史、彝族先民生产劳动和社会生活的轮廓展示了古代彝族先民的恋爱、婚事、丧葬、怀亲等风俗具有重要的民俗学、文学研究价值。由于受现代化的冲击彝族梅葛的传承人正在逐年减少亟待保护。,国家级,姚安\口传\彝族梅葛\起源于\云南省楚雄彝族自治州\姚安县\官屯乡\历史悠久\具有\广泛\的\群众性\。\梅葛\取名\于\一种\彝语\曲调\名称\因\彝族\民间\歌曲\大都\用\梅葛\调\演唱\总\称为\梅葛\。\在\长期\口耳相传\的\过程\中\形成\了\一部\有\影响\的\彝族\历史\叙事\长诗\千百年来\流传\于\姚安县\的\彝族\聚居\山寨\。\目前\口传\的\彝族\创世\史诗\长\达\五千\七百\七十余\行\分为\创世\、\造物\、\婚事\和\恋歌\、\丧葬\四个\部分\。\梅葛\有\老年\梅葛\、\中年\梅葛\、\青年\梅葛\、\娃娃\梅葛\四种\类型\。\老年\梅葛\也\叫\赤\梅葛\主要\唱述\开天辟地\、\创世\立业\的\内容\同时\也\反映\彝族\群众\的\劳动\和\生活\中年\梅葛\唱述\青年\男女\成家\后\生产\生活\的\艰难\内容\曲调\比较\凄婉\忧伤\青年\梅葛\也\叫\山\梅葛\反映\彝族\青年\男女\的\纯真\情爱\属于\恋爱\山歌\性质\唱述\中\可\即兴\发挥\娃娃\梅葛\是\彝族\儿歌\俗称\娃娃\腔\由\成群结伙\的\彝族\青少年\和\儿童\对唱\。\梅葛\勾画\了\彝族\古代\发展\历史\、\彝族\先民\生产\劳动\和\社会生活\的\轮廓\展示\了\古代\彝族\先民\的\恋爱\、\婚事\、\丧葬\、\怀亲\等\风俗\具有\重要\的\民俗学\、\文学\研究\价值\。\由于\受\现代化\的\冲击\彝族梅葛\的\传承\人\正在\逐年\减少\亟待\保护\。,彝族
阿诗玛,第一批,民间文学,云南省石林彝族自治县,《阿诗玛》是流传于云南省石林彝族自治县彝族支系撒尼人的叙事长诗。它使用口传诗体语言讲述或演唱阿诗玛的故事。阿诗玛不屈不挠地同强权势力作斗争的故事揭示了光明终将代替黑暗、善美终将代替丑恶、自由终将代替压迫与禁锢的人类理想反映了彝族撒尼人断得弯不得的民族性格和民族精神。《阿诗玛》的原形态是用撒尼彝语创作的是撒尼人民经过千锤百炼而形成的集体智慧结晶具有广泛的群众性。它主要流传于云南省石林彝族自治县彝族撒尼人聚居区分为南北两个大同小异的流派。《阿诗玛》以五言句传唱其中使用了伏笔、夸张、讽刺等手法和谐音、顶针、拈连、比喻等技巧内容和形式完美统一。其作为叙事诗可讲述也可传唱唱调有喜调、老人调、悲调、哭调、骂调等传唱没有固定的场合可在婚嫁、祭祀、葬仪、劳动、生活等多种不同场合中传唱、讲述。《阿诗玛》自世纪年代初在有关刊物上发表汉文整理本以来被翻译成英、法、德、西班牙、俄、日、韩等多种语言在海外流传在日本还被改编成广播剧、歌舞剧、儿童剧等艺术形式。在国内《阿诗玛》被改编成电影及京剧、滇剧、歌剧、舞剧、撒尼剧等在各地上演。中国第一部彩色宽银幕立体声音乐歌舞片《阿诗玛》于年获西班牙桑坦德第一届国际音乐最佳舞蹈片奖。随着生活方式、教育体制以及少数民族语言使用的社会空间的改变《阿诗玛》的传承正面临着危机。,国家级,《\阿诗玛\》\是\流传\于\云南省\石林彝族自治县\彝族\支系\撒尼\人\的\叙事\长诗\。\它\使用\口传\诗体\语言\讲述\或\演唱\阿诗玛\的\故事\。\阿诗玛\不屈不挠\地同\强权\势力\作\斗争\的\故事\揭示\了\光明\终将\代替\黑暗\、\善美\终将\代替\丑恶\、\自由\终将\代替\压迫\与\禁锢\的\人类\理想\反映\了\彝族\撒尼\人断\得\弯\不得\的\民族\性格\和\民族\精神\。\《\阿诗玛\》\的\原\形态\是\用\撒尼\彝语\创作\的\是\撒尼\人民\经过\千锤百炼\而\形成\的\集体\智慧结晶\具有\广泛\的\群众性\。\它\主要\流传\于\云南省\石林彝族自治县\彝族\撒尼\人\聚居区\分为\南北\两个\大同小异\的\流派\。\《\阿诗玛\》\以\五言\句\传唱\其中\使用\了\伏笔\、\夸张\、\讽刺\等\手法\和\谐音\、\顶针\、\拈连\、\比喻\等\技巧\内容和形式\完美\统一\。\其\作为\叙事诗\可\讲述\也\可\传唱\唱调\有喜\调\、\老人\调\、\悲调\、\哭调\、\骂\调\等\传唱\没有\固定\的\场合\可\在\婚嫁\、\祭祀\、\葬仪\、\劳动\、\生活\等\多种不同\场合\中\传唱\、\讲述\。\《\阿诗玛\》\自\世纪\年代\初\在\有关\刊物\上\发表\汉文\整理\本\以来\被\翻译成\英\、\法\、\德\、\西班牙\、\俄\、\日\、\韩等\多种语言\在\海外\流传\在\日本\还\被\改编\成\广播剧\、\歌舞剧\、\儿童剧\等\艺术形式\。\在\国内\《\阿诗玛\》\被\改编\成\电影\及\京剧\、\滇剧\、\歌剧\、\舞剧\、\撒尼剧\等\在\各地\上演\。\中国\第一部\彩色\宽银幕\立体声\音乐\歌舞片\《\阿诗玛\》\于\年\获\西班牙\桑坦德\第一届\国际\音乐\最佳\舞蹈片\奖\。\随着\生活方式\、\教育体制\以及\少数民族\语言\使用\的\社会\空间\的\改变\《\阿诗玛\》\的\传承\正\面临\着\危机\。,彝族
格萨斯尔,第一批,民间文学,云南省,传唱千年的史诗《格萨斯尔》流传于中国青藏高原的藏、蒙、土、裕固、纳西、普米等民族中以口耳相传的方式讲述了格萨尔王降临下界后降妖除魔、抑强扶弱、统一各部最后回归天国的英雄业绩。《格萨斯尔》是世界上迄今发现的史诗中演唱篇幅最长的它既是族群文化多样性的熔炉又是多民族民间文化可持续发展的见证。这一为多民族共享的口头史诗是草原游牧文化的结晶代表着古代藏族、蒙古族民间文化与口头叙事艺术的最高成就。无数游吟歌手世代承袭着有关它的吟唱和表演。现存最早的史诗抄本成书于公元世纪年的北京木刻版《十方圣主格斯尔可汗传》是其最早的印刷本。迄今有记录的史诗说唱本约一百二十多部仅韵文就长达一百多万诗行而且目前这一活态的口头史诗仍在不断扩展。《格萨斯尔》是相关族群社区宗教信仰、本土知识、民间智慧、族群记忆、母语表达的主要载体是唐卡、藏戏、弹唱等传统民间艺术创作的灵感源泉同时也是现代艺术形式的源头活水。千百年来史诗艺人一直担任着讲述历史、传达知识、规范行为、维护社区、调节生活的角色以史诗对民族成员进行温和教育。史诗演唱具有表达民族情感、促进社会互动、秉持传统信仰的作用也具有强化民族认同、价值观念和影响民间审美取向的功能。《格萨斯尔》在多民族中传播不仅是传承民族文化、凝聚民族精神的重要纽带同时也是各民族相互交流和相互理解的生动见证。此外这部史诗还流传到了境外的蒙古国、俄罗斯的布里亚特、卡尔梅克地区以及喜玛拉雅山以南的印度、巴基斯坦、尼泊尔、不丹等国家和周边地区。这种跨文化传播的影响力是异常罕见的。《格萨斯尔》艺人是史诗最直接的创造者、传承者和传播者他们绝大多数是文盲却具有超常的记忆力和叙事创造力通常的史诗演唱达到几万行乃至几十万行。世纪年代以来受现代化进程的影响藏、蒙等民族的生计方式发生了变化职业化的艺人群开始萎缩。近年来一批老艺人相继辞世人亡歌息的局面已经出现。格萨尔受众群正在缩小史诗传统面临着消亡的危险保护工作应立即展开。,国家级,传唱\千年\的\史诗\《\格\萨斯\尔\》\流传\于\中国\青藏高原\的\藏\、\蒙\、\土\、\裕固\、\纳西\、\普米\等\民族\中以\口耳相传\的\方式\讲述\了\格萨尔\王\降临\下界\后\降妖除魔\、\抑强扶弱\、\统一\各部\最后\回归\天国\的\英雄\业绩\。\《\格\萨斯\尔\》\是\世界\上\迄今\发现\的\史诗\中\演唱\篇幅\最长\的\它\既\是\族群\文化\多样性\的\熔炉\又\是\多\民族民间\文化\可持续发展\的\见证\。\这一为\多\民族\共享\的\口头\史诗\是\草原\游牧\文化\的\结晶\代表\着\古代\藏族\、\蒙古族\民间文化\与\口头\叙事\艺术\的\最高\成就\。\无数\游吟\歌手\世代\承袭着\有关\它\的\吟唱\和\表演\。\现存\最早\的\史诗\抄本\成书\于\公元\世纪\年\的\北京\木刻\版\《\十方\圣主\格斯尔\可汗\传\》\是\其\最早\的\印刷\本\。\迄今\有\记录\的\史诗\说唱\本约\一百二十多\部仅\韵文\就\长达\一百多万\诗行\而且\目前\这一\活态\的\口头\史诗\仍\在\不断\扩展\。\《\格\萨斯\尔\》\是\相关\族群\社区\宗教信仰\、\本土\知识\、\民间\智慧\、\族群\记忆\、\母语\表达\的\主要\载体\是\唐卡\、\藏戏\、\弹唱\等\传统\民间艺术\创作\的\灵感\源泉\同时\也\是\现代\艺术形式\的\源头活水\。\千百年来\史诗\艺人\一直\担任\着\讲述\历史\、\传达\知识\、\规范\行为\、\维护\社区\、\调节\生活\的\角色\以\史诗\对\民族\成员\进行\温和\教育\。\史诗\演唱\具有\表达\民族\情感\、\促进\社会互动\、\秉持\传统\信仰\的\作用\也\具有\强化\民族认同\、\价值观念\和\影响\民间\审美\取向\的\功能\。\《\格\萨斯\尔\》\在\多\民族\中\传播\不仅\是\传承\民族文化\、\凝聚\民族\精神\的\重要\纽带\同时\也\是\各\民族\相互\交流\和\相互理解\的\生动\见证\。\此外\这部\史诗\还\流传\到\了\境外\的\蒙古国\、\俄罗斯\的\布里亚特\、\卡尔梅克\地区\以及\喜玛拉雅\山\以南\的\印度\、\巴基斯坦\、\尼泊尔\、\不丹\等\国家\和\周边地区\。\这种\跨文化\传播\的\影响力\是\异常\罕见\的\。\《\格\萨斯\尔\》\艺人\是\史诗\最\直接\的\创造者\、\传承者\和\传播者\他们\绝大多数\是\文盲\却\具有\超常\的\记忆力\和\叙事\创造力\通常\的\史诗\演唱\达到\几万\行\乃至\几十万\行\。\世纪\年代\以来\受\现代化\进程\的\影响\藏\、\蒙等\民族\的\生计\方式\发生\了\变化\职业化\的\艺人\群\开始\萎缩\。\近年来\一批\老\艺人\相继\辞世\人亡\歌息\的\局面\已经\出现\。\格萨尔\受众\群\正在\缩小\史诗\传统\面临\着\消亡\的\危险\保护\工作\应立即\展开\。,藏族
四季生产调,第一批,民间文学,云南省红河哈尼族彝族自治州,哈尼族四季生产调流传于云南省红河哈尼族彝族自治州红河、元阳、绿春、金平、建水等县的哈尼族聚居区其起源时间的下限不晚于唐代。作为山区梯田生产技术及其礼仪禁忌的百科大典哈尼族四季生产调包括引子、冬季、春季、夏季和秋季五大单元的内容。引子部分强调祖先传承下来的四季生产调对哈尼族的生存所具有的意义其余部分按季节顺序讲述梯田耕作的程序、技术要领以及与之相应的天文历法知识、自然物候变化规律、节庆祭典知识和人生礼节规范等。四季生产调体系严整通俗易懂可诵可唱语言生动活泼贴近生产、生活而且传承历史悠久具有广泛的群众基础。它不仅是梯田生产技术的全面总结也是哈尼族社会伦理道德规范的集大成之作。四季生产调见证了哈尼族梯田稻作文明的变迁历程对人类梯田稻作文明所具有的历史和科学价值的研究具有重要的参考价值。同时它直白、朴素、幽默风趣的语言表述风格给人以亲切感人的艺术享受和审美体验。无论是过去还是现在口传心授的四季生产调都在哈尼族社会的生产、生活中起着指导作用。随着社会的变迁、经济全球化浪潮的到来尤其是随着外来强势文化大量涌入哈尼族年轻人的价值观念发生了变化哈尼族四季生产调的传承出现了后继乏人的局面。目前能系统传唱四季生产调的长辈艺人和祭师已屈指可数潜心学习四季生产调的年轻一代哈尼人凤毛麟角。四季生产调的抢救、保护迫在眉睫。,国家级,哈尼族\四季生产调\流传\于\云南省\红河哈尼族彝族自治州\红河\、\元阳\、\绿春\、\金平\、\建水\等\县\的\哈尼族\聚居区\其\起源\时间\的\下限\不晚\于\唐代\。\作为\山区\梯田\生产\技术\及其\礼仪\禁忌\的\百科\大典\哈尼族\四季生产调\包括\引子\、\冬季\、\春季\、\夏季\和\秋季\五大\单元\的\内容\。\引子\部分\强调\祖先\传承\下来\的\四季生产调\对\哈尼族\的\生存\所\具有\的\意义\其余部分\按\季节\顺序\讲述\梯田\耕作\的\程序\、\技术\要领\以及\与\之\相应\的\天文\历法\知识\、\自然\物候\变化规律\、\节庆\祭典\知识\和\人生\礼节\规范\等\。\四季生产调\体系\严整\通俗易懂\可诵\可唱\语言\生动活泼\贴近\生产\、\生活\而且\传承\历史悠久\具有\广泛\的\群众\基础\。\它\不仅\是\梯田\生产\技术\的\全面\总结\也\是\哈尼族\社会\伦理道德\规范\的\集大成\之作\。\四季生产调\见证\了\哈尼族\梯田\稻作\文明\的\变迁\历程\对\人类\梯田\稻作\文明\所\具有\的\历史\和\科学\价值\的\研究\具有\重要\的\参考价值\。\同时\它\直白\、\朴素\、\幽默\风趣\的\语言\表述\风格\给人以\亲切感\人\的\艺术享受\和\审美\体验\。\无论是\过去\还是\现在\口传心授\的\四季生产调\都\在\哈尼族\社会\的\生产\、\生活\中起\着\指导作用\。\随着\社会\的\变迁\、\经济全球化\浪潮\的\到来\尤其\是\随着\外来\强势\文化\大量\涌入\哈尼族\年轻人\的\价值观念\发生\了\变化\哈尼族\四季生产调\的\传承\出现\了\后继乏人\的\局面\。\目前\能\系统\传唱\四季生产调\的\长辈\艺人\和\祭师\已\屈指可数\潜心\学习\四季生产调\的\年轻一代\哈尼人\凤毛麟角\。\四季生产调\的\抢救\、\保护\迫在眉睫\。,哈尼族
牡帕密帕,第一批,民间文学,云南省思茅市,牡帕密帕是拉祜族波阔嘎阔演唱的一部长篇诗体创世神话流传于云南省思茅市澜沧拉祜族自治县境内。全诗共个篇章行内容叙述造天地日月、造万物和人类以及人类初始阶段的生存状况等是拉祜族人民传承历史悠久的口述文学精品。牡帕密帕由嘎木科会唱诗的人和魔巴宗教活动主持者主唱也可有多人伴唱或多人轮唱歌词通俗简练格律固定对偶句居多。曲调优美动听调式因地域不同而有差异演唱以字行腔有说唱的特点。牡帕密帕在拉祜族的传统节日、宗教活动或农闲期间说唱唱者声情并茂听者如痴如醉说唱往往通宵达旦参加者无不兴致盎然。牡帕密帕是拉祜族历史文化研究不可或缺的宝贵资料是拉祜族文化的载体也是维系拉祜族精神生活的纽带。但由于受现代文化的冲击这一创世神话濒临失传后继乏人。目前澜沧拉祜族自治县境内能完整演唱该曲目的仅剩至人。,国家级,牡帕密帕\是\拉祜族\波阔\嘎\阔\演唱\的\一部\长篇\诗体\创世神话\流传\于\云南省\思茅市\澜沧拉祜族自治县\境内\。\全诗共个\篇章\行\内容\叙述\造\天地\日月\、\造\万物\和\人类\以及\人类\初始\阶段\的\生存\状况\等\是\拉祜族\人民\传承\历史悠久\的\口述\文学\精品\。\牡帕密帕\由嘎木科会\唱诗\的\人\和\魔巴\宗教活动\主持者\主唱\也\可\有\多\人\伴唱\或\多\人\轮唱\歌词\通俗\简练\格律\固定\对偶句\居多\。\曲调\优美\动听\调式\因\地域\不同\而\有\差异\演唱\以字\行腔\有\说唱\的\特点\。\牡帕密帕\在\拉祜族\的\传统节日\、\宗教活动\或\农闲\期间\说唱\唱者\声情并茂\听者\如痴如醉\说唱\往往\通宵达旦\参加者\无不\兴致\盎然\。\牡帕密帕\是\拉祜族\历史\文化\研究\不可或缺\的\宝贵\资料\是\拉祜族\文化\的\载体\也\是\维系\拉祜族\精神\生活\的\纽带\。\但\由于\受\现代\文化\的\冲击\这一\创世神话\濒临\失传\后继乏人\。\目前\澜沧拉祜族自治县\境内\能\完整\演唱\该\曲目\的\仅剩\至人\。,拉祜族
遮帕麻和遮咪麻,第一批,民间文学,云南省梁河县,阿昌族的长篇诗体创世神话《遮帕麻和遮咪麻》主要流传在云南省德宏傣族景颇族自治州梁河县阿昌族群众中以唱诗和口头白话两种形式传承至今。阿昌族人口有三万多主要聚居在云南省德宏州梁河县九保、曩宋和陇川县户撒三个阿昌族乡。在阿昌族宗教及民俗活动中要念诵全部的《遮帕麻和遮咪麻》。普通百姓在建房、迎候亲戚、娶亲迎候媒人时要边歌边舞跳窝罗。开头的唱词为盘家谱首先唱颂阿昌族的始祖遮帕麻和遮咪麻创造了人类使族人得以联姻并繁衍传承。遮帕麻和遮咪麻的传说不论是唱诗还是白话故事内容基本一致。故事讲述了阿昌族始祖遮帕麻和遮咪麻造天织地、制服洪荒、创造人类、智斗邪魔腊訇而使宇宙恢复和平景象的过程。遮帕麻和遮咪麻不仅是阿昌族最受崇拜的至尊善神而且也是所有寻常人家的护佑之神和阿昌族祭祀活动的主掌之神。《遮帕麻和遮咪麻》是一部叙述创世的长诗同时也形象地反映了人类从母权制向父权制过渡的状况。故事中的盐婆神话是古代西南民族游牧文化的一块活化石。《遮帕麻和遮咪麻》是阿昌族文化发展的一座丰碑阿昌族将其称为我们民族的歌。年前遮帕麻和遮咪麻的故事家喻户晓阿昌族男女老少都会口头讲述。如今由于懂阿昌古语的人越来越少能说唱史诗的活祀祭司由原来的人减为人古老的创世神话正濒临消亡的危险。,国家级,阿昌族\的\长篇\诗体\创世神话\《\遮帕麻和遮咪麻\》\主要\流传\在\云南省德宏傣族景颇族自治州\梁河县\阿昌族\群众\中以\唱诗\和\口头\白话\两种\形式\传承\至今\。\阿昌族\人口\有\三万多\主要\聚居\在\云南省\德宏州\梁河县\九保\、\曩\宋\和\陇川县\户\撒\三个\阿昌族\乡\。\在\阿昌族\宗教\及\民俗\活动\中要\念诵\全部\的\《\遮帕麻和遮咪麻\》\。\普通百姓\在\建房\、\迎候\亲戚\、\娶亲\迎候\媒人\时要\边歌\边舞\跳窝罗\。\开头\的\唱词\为盘\家谱\首先\唱颂\阿昌族\的\始祖\遮帕麻和遮咪麻\创造\了\人类\使\族人\得以\联姻\并\繁衍\传承\。\遮帕麻和遮咪麻\的\传说\不论是\唱诗\还是\白话\故事\内容\基本一致\。\故事\讲述\了\阿昌族\始祖\遮帕麻和遮咪麻\造天\织地\、\制服\洪荒\、\创造\人类\、\智斗\邪魔\腊訇\而\使\宇宙\恢复\和平\景象\的\过程\。\遮帕麻和遮咪麻\不仅\是\阿昌族\最受\崇拜\的\至尊\善神\而且\也\是\所有\寻常\人家\的\护佑\之神\和\阿昌族\祭祀\活动\的\主掌\之神\。\《\遮帕麻和遮咪麻\》\是\一部\叙述\创世\的\长诗\同时\也\形象\地\反映\了\人类\从\母权制\向\父权制\过渡\的\状况\。\故事\中\的\盐婆\神话\是\古代\西南\民族\游牧\文化\的\一块\活化石\。\《\遮帕麻和遮咪麻\》\是\阿昌族\文化\发展\的\一座\丰碑\阿昌族\将\其\称为\我们\民族\的\歌\。\年前\遮帕麻和遮咪麻\的\故事\家喻户晓\阿昌族\男女老少\都\会\口头\讲述\。\如今\由于\懂\阿昌\古语\的\人\越来越少\能\说唱\史诗\的\活祀\祭司\由\原来\的\人\减为\人\古老\的\创世神话\正\濒临\消亡\的\危险\。,阿昌族
彝族祭山神,第四批,民俗,泸西县文化馆,红河州泸西县的彝族祭山神仪式彝语称咪朵是当地彝族宗教仪式活动中仅次于祭祖灵的祭祀活动。白彝祖先认为大地具有非凡的繁殖能力白彝的繁衍生息是大地给予的恩惠所以他们年年祭祀山神这一传统沿袭了千年。祭山神在每年农历二月初二举行是白彝一年当中规模较大、仪式较多的祭祀自然神灵和祖先的传统节日。仪式由村中先仆族长召集村里八至十个族头掌事由全村寨每个家庭中最精壮的男人参加祭礼。参加祭山的人都需从净身架下走过以洁净身心不带任何污物进见山神。整个献祭过程都由祭师念唱祷告指引按理生、回熟、撵山雀和老鼠、拴魂、野餐、领魂的顺序依次进行整个过程庄严盛大、古朴神秘。通过仪式把全村人对一年好运势的祈愿通过用鸡、猪、酒、米等物质形式敬献给山神、石神通过祭师与祖灵和天地神灵沟通向万能的山神虔诚祈求赏赐给白彝子孙老小健康、吉祥无灾、粮食丰收、禽畜兴旺。大白彝祭山神活动以口传身受的方式一代又一代地流传至今主要传承方式是家传。活动中贯穿着先仆或者是祭师的祭祀吟唱。这是祭师与祖灵和天地神灵沟通的方式其唱法有十余种之多曲调委婉多变富有神秘感。曲调与语言紧密结合旋律较为平稳一般为五言句旋律随唱词的声韵不断变化而终止音不变富有丰富的文化内涵和艺术价值。彝族祭山神活动内容庞大程序复杂流程繁多蕴含着民族团结精神和凝聚力是维系族人感情的纽带是白彝人与自然万物和谐融合的表现。由于当地青年大多外出打工加之年轻一代对传统祭祀缺乏兴趣祭山神活动后继乏人亟待挖掘、保护、研究、传承。年彝族祭山神入选云南省第四批省级非物质文化遗产代表性项目名录。,省级,红河州\泸西县\的\彝族祭山神\仪式\彝语\称咪朵\是\当地\彝族\宗教仪式\活动\中\仅次于\祭祖\灵\的\祭祀\活动\。\白彝\祖先\认为\大地\具有\非凡\的\繁殖\能力\白彝\的\繁衍生息\是\大地\给予\的\恩惠\所以\他们\年\年\祭祀\山神\这一\传统\沿袭\了\千年\。\祭\山神\在\每年\农历\二月\初二\举行\是\白彝\一年\当中\规模\较大\、\仪式\较\多\的\祭祀\自然\神灵\和\祖先\的\传统节日\。\仪式\由村\中\先仆\族长\召集\村里\八至\十个\族头\掌\事由\全\村寨\每个\家庭\中\最\精壮\的\男人\参加\祭礼\。\参加\祭山\的\人\都\需\从\净身\架下\走过\以\洁净\身心\不带\任何\污物\进见\山神\。\整个\献祭\过程\都\由\祭师\念唱\祷告\指引\按理\生\、\回熟\、\撵\山雀\和\老鼠\、\拴\魂\、\野餐\、\领魂\的\顺序\依次\进行\整个\过程\庄严\盛大\、\古朴\神秘\。\通过\仪式\把\全村人\对\一年\好运\势\的\祈愿\通过\用鸡\、\猪\、\酒\、\米\等\物质\形式\敬献\给\山神\、\石神\通过\祭师\与\祖灵\和\天地\神灵\沟通\向\万能\的\山神\虔诚\祈求\赏赐\给\白彝\子孙\老小\健康\、\吉祥\无灾\、\粮食\丰收\、\禽畜\兴旺\。\大\白彝\祭\山神\活动\以\口传\身受\的\方式\一代\又\一代\地\流传\至今\主要\传承\方式\是\家传\。\活动\中\贯穿\着\先仆\或者\是\祭师\的\祭祀\吟唱\。\这是\祭师\与\祖灵\和\天地\神灵\沟通\的\方式\其\唱法\有\十余种\之多\曲调\委婉\多变\富有\神秘感\。\曲调\与\语言\紧密结合\旋律\较为\平稳\一般\为\五言\句\旋律\随\唱词\的\声韵\不断\变化\而\终止\音\不变\富有\丰富\的\文化\内涵\和\艺术\价值\。\彝族祭山神\活动\内容\庞大\程序\复杂\流程\繁多\蕴含着\民族团结\精神\和\凝聚力\是\维系\族人\感情\的\纽带\是\白彝\人与自然\万物\和谐\融合\的\表现\。\由于\当地\青年\大多\外出\打工\加之\年轻一代\对\传统\祭祀\缺乏\兴趣\祭\山神\活动\后继乏人\亟待\挖掘\、\保护\、\研究\、\传承\。\年\彝族祭山神\入选\云南省\第四批\省级\非物质文化\遗产\代表性\项目\名录\。,彝族
水族吞口制作技艺,第四批,传统美术,富源县文化馆,富源水族吞口最早记载于《清康熙平彝县志》祭祀龙神是水族人民祈求风调雨顺、稻谷丰收、消灾除病的神灵。吞口是水族人家用来保安康的神之。吞口水语发音为及根意思是想吃什么就能吃什么表吞灭之意。吞口种类多样分为人首、凸眼、犬耳、宽鼻、獠牙、咧嘴、伸舌、口含利剑等按照造型特征和功能用途分为五种凶神恶煞型、猩猩必煞型、凶神八煞型、双剑雾煞型、送子行煞型。吞口雕刻有着其独特的制作流程第一步举行仪式烧香、念咒、请师、报吉祥第二步选材香樟树、楸树、白杨树直径厘米长度结合直径大小而定第三步勾图制作画线、雕刻这是制作的核心第四步点睛上漆红、白、黑三色土漆这也是水族吞口制作的重要一环第五步选择吉日良时请师傅给制作好的吞口举行仪式、念咒开光、驱邪避秽以保佑来年五谷丰登、全家安康。水族所居地方石料少故用木刻体现出民族文化艺术性。吞口原作降妖除魔、镇邪消灾之用现已演化为祭祀礼拜、祈求平安之意它彰显着水族人民对自然生灵的敬仰表达着水族人民对美好生活的向往。独特的吞口制作工艺和艺术形态表现对水族文化的深入研究和社会发展有着重要的历史价值、文化价值。水族吞口制作技艺在水乡广为流传但因没有经济收入已处于举步维艰的窘地亟须传承保护。年水族吞口制作技艺入选云南省第四批省级非物质文化遗产代表性项目名录。项目代表性传承人是郎万平。,省级,富源\水族\吞口\最早\记载\于\《\清康熙\平彝\县志\》\祭祀\龙神\是\水族\人民\祈求\风调雨顺\、\稻谷\丰收\、\消灾\除病\的\神灵\。\吞口\是\水族\人家\用来\保\安康\的\神\之\。\吞口水\语\发音\为\及\根\意思\是\想\吃\什么\就\能\吃\什么\表\吞灭\之意\。\吞口\种类\多样\分为\人首\、\凸眼\、\犬\耳\、\宽\鼻\、\獠牙\、\咧嘴\、\伸舌\、\口含\利剑\等\按照\造型\特征\和\功能\用途\分为\五种\凶神恶煞\型\、\猩猩\必煞型\、\凶神\八煞型\、\双剑雾\煞型\、\送子行\煞型\。\吞口\雕刻\有着\其\独特\的\制作\流程\第一步\举行仪式\烧香\、\念咒\、\请师\、\报\吉祥\第二步\选材\香\樟树\、\楸树\、\白杨树\直径\厘米\长度\结合\直径\大小\而定\第三步\勾图\制作\画线\、\雕刻\这是\制作\的\核心\第四步\点睛\上\漆红\、\白\、\黑三色\土漆\这\也\是\水族\吞口\制作\的\重要一环\第五步\选择\吉日良时\请\师傅\给\制作\好\的\吞口\举行仪式\、\念咒\开光\、\驱邪\避秽\以\保佑\来\年\五谷丰登\、\全家\安康\。\水族\所居\地方\石料\少\故用\木刻\体现\出\民族文化\艺术性\。\吞口\原作\降妖除魔\、\镇邪\消灾\之用\现已\演化\为\祭祀\礼拜\、\祈求\平安\之意\它\彰显\着\水族\人民\对\自然\生灵\的\敬仰\表达\着\水族\人民\对\美好生活\的\向往\。\独特\的\吞口\制作\工艺\和\艺术\形态\表现\对\水族\文化\的\深入研究\和\社会发展\有着\重要\的\历史\价值\、\文化价值\。\水族吞口制作技艺\在\水乡\广为流传\但\因\没有\经济\收入\已\处于\举步维艰\的\窘\地\亟须\传承\保护\。\年\水族吞口制作技艺\入选\云南省\第四批\省级\非物质文化\遗产\代表性\项目\名录\。\项目\代表性\传承\人\是\郎\万平\。,水族
宝洪茶制作技艺,云南省第四批,,云南省昆明市宜良县,宝洪茶制作技艺流传于云南省昆明市宜良县始于唐代系引进福建小叶种茶种植而成产于县城西北五公里外的宝洪山茶以山为名称宝洪茶。宝洪茶制作技艺有杀青、揉捻、初晒、复揉、复晒等工序工具有铁锅和炉灶。宝洪茶的制作技艺要点一是突出理条和抓捏手法使其形成杉树叶尖状呈现光扁、直滑、匀齐的宝洪茶特点二是火候的掌握在杀青、炒制、做形、干燥阶段将抖散、抓齐、理直、压、推、磨的手法在有热手感时交替使用。宝洪茶株基部、中部和上部三层的分枝角依次递减形成蓬面展开有利于中、下层横向伸长互不冲突互不遮荫。株型紧凑透光性强受光率高枝干细不会因主干生长而消耗养分芽叶光合作用效率高。白毫丰满沿纵主脉而内跷老叶片大生长持续时间比一般茶种长个月能充分利用日照。叶肉肥厚色深绿内含蛋白质叶绿素高碳水化合物丰富。宝洪茶萌发早持嫩性长惊蛰节令即可开采下树后有兰花香和板栗花香。茶叶光滑壮实有效成分高抗逆力强叶肉厚叶片组织紧密具有抗寒、抗旱、抗病虫力强的特点。宝洪茶汤色黄绿明亮品质、塑形及香气独特冲泡后芽头向上微开似鱼头两个金黄色叶片展开似鱼鳍如金鱼戏水具有很高的观赏价值。年宝洪茶制作技艺入选云南省第四批省级非物质文化遗产代表性项目名录。项目代表性传承人是张文彬。,省级,宝洪茶制作技艺\流传\于\云南省\昆明市\宜良县\始于\唐代\系\引进\福建\小叶\种茶\种植\而成\产于\县城\西北\五公里\外\的\宝\洪山\茶以\山为\名称\宝洪茶\。\宝洪茶制作技艺\有\杀青\、\揉\捻\、\初晒\、\复\揉\、\复晒\等\工序\工具\有\铁锅\和\炉灶\。\宝洪茶\的\制作\技艺\要点\一是\突出\理条\和\抓\捏\手法\使\其\形成\杉\树叶\尖状\呈现\光扁\、\直滑\、\匀齐\的\宝洪茶\特点\二是\火候\的\掌握\在\杀青\、\炒制\、\做形\、\干燥\阶段\将\抖\散\、\抓齐\、\理直\、\压\、\推\、\磨\的\手法\在\有\热\手感\时\交替\使用\。\宝洪茶\株\基部\、\中部\和\上部\三层\的\分枝\角\依次\递减\形成\蓬面\展开\有利于\中\、\下层\横向\伸长\互不\冲突\互不\遮荫\。\株型\紧凑\透光性\强受\光率\高\枝干\细\不会\因\主干\生长\而\消耗\养分\芽叶\光合作用\效率高\。\白毫\丰满\沿纵\主脉\而\内跷\老\叶片\大\生长\持续时间\比\一般\茶种\长个\月\能\充分利用\日照\。\叶肉\肥厚\色\深绿\内含\蛋白质\叶绿素\高\碳水化合物\丰富\。\宝洪茶\萌发\早持\嫩\性长\惊蛰节\令\即可\开采\下树后\有\兰花\香\和\板栗\花香\。\茶叶\光滑\壮实\有效成分\高\抗逆\力强\叶肉\厚\叶片\组织\紧密\具有\抗寒\、\抗旱\、\抗病\虫力\强\的\特点\。\宝洪\茶汤\色\黄绿\明亮\品质\、\塑形\及\香气\独特\冲泡\后芽头\向上\微开似\鱼头\两个\金黄色\叶片\展开\似\鱼鳍\如\金鱼\戏水\具有\很\高\的\观赏价值\。\年\宝洪茶制作技艺\入选\云南省\第四批\省级\非物质文化\遗产\代表性\项目\名录\。\项目\代表性\传承\人\是\张文彬\。,
张蝴绵制作技艺,云南省第四批,,云南省昭通市昭阳区,张蝴绵制作技艺是民国初年由四川合川县今重庆合川区人张义成传入昭通的至今已有五代传人张义成及其传人制作的丝绵被被当地人称为张蝴绵。张蝴绵制作技艺主要有蚕丝制作和被胎制作两大方面几十道工序。蚕丝制作有选茧、装袋、煮茧、漂洗、脱水蚕茧、剥茧、上绵、洗绵、脱水丝绵、定型、烘烤、检验、打包入库等工序被胎制作有称重、分绵、齐绵、撕铺子、铺子检验、扩铺子、铺芯等工序。工具有水绷丝工具、石制压锁、木熨斗等。相关制品有蚕丝被、蚕丝枕头、蚕丝垫等。张蝴绵制作技艺以双宫蚕茧为原料通过手工精制和透光台严格检验产品厚薄均匀不变形不脱节不起球既克服了普通手工丝绵被易变形、易脱节、需拆翻的短板又没有机制丝绵被板结的弊端。其制作方法独特不加药水产品绿色健康。张蝴绵制作技艺精选双宫茧进行抽丝所生产的产品以的桑蚕丝做填充物不用一针一线可使用三十年不变形。张蝴绵用料精分量足工艺独特制作严谨品质高轻薄、贴身、透气。张蝴绵经济效益高带动了周边地区蚕桑业发展为当地农民增收致富做出了突出贡献是昭通地区丝绵制作的领军品牌。年张蝴绵制作技艺入选云南省第四批省级非物质文化遗产代表性项目名录。项目代表性传承人是王元美。,省级,张蝴绵制作技艺\是\民国初年\由\四川\合川县\今\重庆\合川\区人\张义成\传入\昭通\的\至今已有\五代\传人\张义成\及其\传人\制作\的\丝绵被\被\当地人\称为\张蝴绵\。\张蝴绵制作技艺\主要\有\蚕丝\制作\和\被\胎\制作\两大\方面\几十道\工序\。\蚕丝\制作\有\选茧\、\装袋\、\煮\茧\、\漂洗\、\脱水\蚕茧\、\剥茧\、\上绵\、\洗绵\、\脱水\丝绵\、\定型\、\烘烤\、\检验\、\打包\入库\等\工序\被\胎\制作\有\称重\、\分绵\、\齐绵\、\撕\铺子\、\铺子\检验\、\扩\铺子\、\铺\芯\等\工序\。\工具\有水\绷丝\工具\、\石制\压锁\、\木\熨斗\等\。\相关\制品\有\蚕丝被\、\蚕丝\枕头\、\蚕丝\垫\等\。\张蝴绵制作技艺\以双宫\蚕茧\为\原料\通过\手工\精制\和\透光\台\严格\检验\产品\厚薄\均匀\不\变形\不\脱节\不\起球\既\克服\了\普通\手工\丝绵被\易\变形\、\易\脱节\、\需\拆\翻\的\短板\又\没有\机制\丝绵被\板结\的\弊端\。\其\制作方法\独特\不加药\水产品\绿色\健康\。\张蝴绵制作技艺\精选\双宫\茧\进行\抽丝\所\生产\的\产品\以\的\桑蚕丝\做\填充物\不用\一针一线\可\使用\三十年\不\变形\。\张蝴绵\用料\精\分量\足\工艺\独特\制作\严谨\品质\高\轻薄\、\贴身\、\透气\。\张蝴绵\经济效益\高\带动\了\周边地区\蚕桑业\发展\为\当地\农民\增收\致富\做出\了\突出贡献\是\昭通\地区\丝绵\制作\的\领军\品牌\。\年\张蝴绵制作技艺\入选\云南省\第四批\省级\非物质文化\遗产\代表性\项目\名录\。\项目\代表性\传承\人\是\王元美\。,
皇姑节,第四批,民俗,广南县非物质文化遗产保护中心,皇姑庙位于莲城镇太平寨是当地人为纪念安化郡主所建盖的庙宇。据皇姑庙前石碑记载年明永历皇帝朱由榔被吴三桂率领的清军追杀。永历帝西逃其妹安化郡主十六岁辗转流迁到云南广南不幸染上重病殁于广南县城北壮族村寨村民将其安葬在马蹄井地名。革农村今太平寨壮族乡亲不忍心让郡主埋在荒郊野坝将其迁入革农村旁安葬。寨中族老决定从年起每年农历四月第一个寅日皇姑祭日都按壮家风俗举行隆重的接皇姑仪式。经过长期传承发展接皇姑节主要活动内容已由单一的接皇姑仪式发展为上皇姑坟及接皇姑仪式为一体的民俗活动。随着时代的变迁皇姑节的内涵不断丰富不仅体现了壮族群众祈求风调雨顺、五谷丰登、平安幸福的心理也体现了壮汉文化交流互相学习友好及各民族的团结友爱的精神并集中展示了广南壮族传统的礼仪、服饰、歌舞、饮食等文化的魅力在云南、广西、贵州等省的壮、苗、彝、瑶等各族中的影响越来越大每年前来参加皇姑节的各民族群众多达上万人。皇姑节承载着我国明末清初一段鲜为人知的历史故事对研究广南及周边的民族文化交流史有重要作用。皇姑节作为广南县太平寨一个历史悠久的综合性民俗活动包含了壮族众多文化元素充分展示了壮族文化的魅力对于研究广南地区的生产生活习俗也有重要参考价值。此外祭祀活动中蕴含着壮族人民热情好客、感恩向善、团结包容、追求和谐的民族品质对于弘扬壮族优秀传统文化增强民族自信心和自豪感、促进民族团结、构建和谐社会都有着重要作用。年皇姑节入选云南省第四批省级非物质文化遗产代表性项目名录。项目代表性传承人是高泽州。,省级,皇姑\庙\位于\莲\城镇\太平\寨\是\当地人\为\纪念\安化\郡主\所建盖\的\庙宇\。\据\皇姑\庙前\石碑\记载\年明\永历\皇帝\朱由榔\被\吴三桂\率领\的\清军\追杀\。\永历帝\西逃\其妹\安化\郡主\十六岁\辗转\流迁\到\云南\广南\不幸\染上\重病\殁\于\广南县\城北\壮族\村寨\村民\将\其\安葬\在\马蹄\井\地名\。\革\农村\今\太平\寨\壮族\乡亲\不忍心\让\郡主\埋\在\荒郊\野坝\将\其\迁入\革\农村\旁\安葬\。\寨\中族\老\决定\从\年\起\每年\农历\四月\第一个\寅\日\皇姑\祭日\都\按\壮家\风俗\举行\隆重\的\接\皇姑\仪式\。\经过\长期\传承\发展\接\皇姑节\主要\活动\内容\已\由\单一\的\接\皇姑\仪式\发展\为\上\皇姑\坟及\接\皇姑\仪式\为\一体\的\民俗\活动\。\随着\时代\的\变迁\皇姑节\的\内涵\不断丰富\不仅\体现\了\壮族\群众\祈求\风调雨顺\、\五谷丰登\、\平安\幸福\的\心理\也\体现\了\壮汉\文化交流\互相学习\友好\及\各\民族\的\团结友爱\的\精神\并\集中\展示\了\广南\壮族\传统\的\礼仪\、\服饰\、\歌舞\、\饮食\等\文化\的\魅力\在\云南\、\广西\、\贵州\等\省\的\壮\、\苗\、\彝\、\瑶\等\各族\中\的\影响\越来越\大\每年\前来\参加\皇姑节\的\各\民族\群众\多达\上万\人\。\皇姑节\承载\着\我国\明末清初\一段\鲜为人知\的\历史\故事\对\研究\广南\及\周边\的\民族文化\交流史\有\重要\作用\。\皇姑节\作为\广南县\太平\寨\一个\历史悠久\的\综合性\民俗\活动\包含\了\壮族\众多\文化\元素\充分\展示\了\壮族\文化\的\魅力\对于\研究\广南\地区\的\生产\生活\习俗\也\有\重要\参考价值\。\此外\祭祀\活动\中\蕴含着\壮族\人民\热情好客\、\感恩\向善\、\团结\包容\、\追求\和谐\的\民族\品质\对于\弘扬\壮族\优秀\传统文化\增强\民族\自信心\和\自豪感\、\促进\民族团结\、\构建\和谐社会\都\有着\重要\作用\。\年\皇姑节\入选\云南省\第四批\省级\非物质文化\遗产\代表性\项目\名录\。\项目\代表性\传承\人\是\高\泽州\。,壮族
弄驴壮族民歌,云南省第四批,民间文学,云南省文山壮族苗族自治州广南县,弄驴壮族民歌是对文山州广南县八宝镇弄驴村一带壮族民歌的统称其产生发展与壮族的歌圩对歌习俗有关。据清代李熙龄《广南府志》记载当地壮族如缔结婚姻则以歌私会始通父母议财礼。据弄驴村碑刻、族谱等资料可知至迟在清代嘉庆年间弄驴壮族民歌已在当地广泛流传。弄驴壮族民歌有古歌、月令歌、猜歌、赞歌、情歌、婚礼歌、入赘歌、亲家歌、育儿歌、道德歌和祝寿歌等十余种涵盖了生产生活、宗教信仰、自然崇拜等内容折射出历代壮族人民的生存意愿、理想追求、情感交流、生产知识、历史故事、道德规范等多方面的信息。弄驴壮族民歌句式以五言为主杂言相辅讲求押韵对仗韵律十分严密尤以首尾韵、尾腰韵和尾韵最具特色。杂言有一二言、三四言、七八九言也有十余字的形式抒情灵活巧妙常使用赋比兴手法以赞美、夸饰、自谦等手法构造词句。在演唱的场合上没有特别规定做活赶集、走村串寨、婚礼酒宴上均可演唱。民歌旋律高亢明亮、悠扬开阔以不间断换气、真假声对比的演唱技巧一气呵成。通常用壮语演唱一般是同辈分男女一起有独唱、齐唱、对唱、领唱帮腔等多种形式无伴奏。可用不同曲调来表达相同的意义也可用相同的曲调来表达不同的内容。弄驴壮族民歌有老、中、青、幼代际传承一般表现为生产劳动、酒席等场合跟长辈学唱或同辈分之间的互学互唱。黄庭祝是当地公认的老歌王。年弄驴壮族民歌入选云南省第四批省级非物质文化遗产代表性项目名录。项目代表性传承人是黄汉修、黄汉花。,省级,弄驴壮族民歌\是\对\文山州\广南县\八宝\镇\弄\驴\村\一带\壮族\民歌\的\统称\其\产生\发展\与\壮族\的\歌圩\对歌\习俗\有关\。\据\清代\李熙龄\《\广南\府志\》\记载\当地\壮族\如\缔结\婚姻\则\以歌\私会\始通\父母\议\财礼\。\据\弄\驴\村\碑刻\、\族谱\等\资料\可知\至迟\在\清代\嘉庆\年间\弄驴壮族民歌\已\在\当地\广泛\流传\。\弄驴壮族民歌\有\古歌\、\月令\歌\、\猜歌\、\赞歌\、\情歌\、\婚礼\歌\、\入赘\歌\、\亲家\歌\、\育儿\歌\、\道德\歌\和\祝寿\歌\等\十余种\涵盖\了\生产\生活\、\宗教信仰\、\自然崇拜\等\内容\折射出\历代\壮族\人民\的\生存\意愿\、\理想\追求\、\情感\交流\、\生产\知识\、\历史\故事\、\道德规范\等\多方面\的\信息\。\弄驴壮族民歌\句式\以\五言\为主\杂言\相辅\讲求\押韵\对仗\韵律\十分\严密\尤\以\首尾\韵\、\尾腰\韵\和\尾韵\最具\特色\。\杂言\有\一二\言\、\三四\言\、\七八\九言\也\有\十余\字\的\形式\抒情\灵活\巧妙\常\使用\赋\比兴\手法\以\赞美\、\夸饰\、\自谦\等\手法\构造\词句\。\在\演唱\的\场合\上\没有\特别\规定\做活\赶集\、\走村\串\寨\、\婚礼\酒宴\上\均\可\演唱\。\民歌\旋律\高亢\明亮\、\悠扬\开阔\以\不间断\换气\、\真假\声\对比\的\演唱\技巧\一气呵成\。\通常\用\壮语\演唱\一般\是\同\辈分\男女\一起\有\独唱\、\齐唱\、\对唱\、\领唱\帮腔\等\多种形式\无\伴奏\。\可用\不同\曲调\来\表达\相同\的\意义\也\可用\相同\的\曲调\来\表达\不同\的\内容\。\弄驴壮族民歌\有\老\、\中\、\青\、\幼\代际\传承\一般\表现\为\生产\劳动\、\酒席\等\场合\跟\长辈\学唱\或\同\辈分\之间\的\互学\互唱\。\黄庭\祝是\当地\公认\的\老\歌王\。\年\弄驴壮族民歌\入选\云南省\第四批\省级\非物质文化\遗产\代表性\项目\名录\。\项目\代表性\传承\人\是\黄汉修\、\黄汉花\。,壮族
傣族传统手工造纸技艺,第四批,传统技艺,云南省澜沧县,澜沧傣族传统手工造纸技艺主要流传于云南省普洱市澜沧县上允镇芒角村的芒京、芒那两个傣族崩人村寨历史悠久。其造纸的主要原料为构皮树、小叶树。构皮树是一种常绿阔叶灌木在当地普遍生长易栽易活许多农户房前屋后都有种植。澜沧傣族传统手工造纸技艺分为浸泡、蒸煮、捣浆、抄纸、晾晒个流程道工序。采料每年七八月间用刀剥下构树主干或枝干的皮再将皮的绿色表层去掉。晒料将采剥来的构树皮挂在院内晒干后储存备用。浸泡将干构皮置于沟溪之中让清澈的泉水浸泡直至构皮完全发软。拌灰先用筛子将火灰过筛去掉火炭及其他杂物然后将构皮置于其中让火灰均匀地附着在构皮上使构皮得到充分的碱化。蒸煮将已经上灰的构皮置于已盛水的锅中盖上麻布用中火蒸煮三四个小时左右。清洗将煮透了的构皮挑到溪流之中让水将附着其上的火灰冲走同时用手不断浣洗将杂质及硬物清理干净。捣浆将构皮置于石墩上用木槌反复捶打直到构皮的纤维、能够在水中自然散开为止。抄纸先在纸床里盛上七分满的清水然后将纸模放入纸床里再将适当分量的纸浆撒在纸模里先用双手搅开再用双手均匀拍打待纸浆都沉淀到白纱布上后慢慢倾斜着竖起纸模让水滤干。晒纸将抄好的纸连同纸模一起抬到阳光下曝晒。砑光当纸晒到七八成干的时候用边缘光滑完整的瓷碗去轻轻地打磨纸模背面让紧附白纱布一面的纸更光滑更有色泽。揭纸纸晒干后先用手撕一个角然后用很光滑的揭纸木刀轻轻地揭下整张的纸。澜沧傣族传统手工造纸不添加任何化学制剂纸纤维韧性好纤维脉络清楚具有坚韧洁白、柔润光滑、久存不陈、力撕不破、防腐防蛀等优点常作为缅寺抄写经文用还广泛用于民俗活动及日常生活、绘画、食品及茶叶包装等。年澜沧傣族传统手工造纸技艺入选云南省第四批省级非物质文化遗产代表性项目名录扩展项目名录。项目代表性传承人是咩喃满。,省级,澜沧\傣族传统手工造纸技艺\主要\流传\于\云南省\普洱\市\澜沧\县上\允镇\芒角\村\的\芒京\、\芒\那\两个\傣族\崩人\村寨\历史悠久\。\其\造纸\的\主要\原料\为构\皮树\、\小叶\树\。\构皮树\是\一种\常绿阔叶\灌木\在\当地\普遍\生长\易\栽易活\许多\农户\房前\屋后\都\有\种植\。\澜沧\傣族传统手工造纸技艺\分为\浸泡\、\蒸煮\、\捣浆\、\抄纸\、\晾晒\个\流程\道工序\。\采料\每年\七八\月间\用\刀\剥下\构树\主干\或\枝干\的\皮\再\将\皮\的\绿色\表层\去掉\。\晒料\将\采\剥来\的\构\树皮\挂\在\院内\晒干\后\储存\备用\。\浸泡\将\干构\皮\置于\沟溪\之中\让\清澈\的\泉水\浸泡\直至\构皮\完全\发软\。\拌\灰\先用\筛子\将\火灰\过筛\去掉\火炭\及其\他\杂物\然后\将构\皮\置于\其中\让\火灰\均匀\地\附着\在\构皮\上\使构\皮\得到\充分\的\碱化\。\蒸煮\将\已经\上\灰\的\构皮\置于\已盛水\的\锅\中盖\上\麻布\用\中火\蒸煮\三四个\小时\左右\。\清洗\将\煮\透\了\的\构皮\挑到\溪流\之中\让\水\将\附着\其上\的\火灰\冲走\同时\用手\不断\浣洗\将\杂质\及\硬物\清理\干净\。\捣浆\将\构皮\置于\石墩\上\用\木槌\反复\捶打\直到\构皮\的\纤维\、\能够\在\水中\自然\散开\为止\。\抄纸\先\在\纸\床里\盛上\七分\满\的\清水\然后\将\纸模\放入\纸床\里\再\将\适当\分量\的\纸浆\撒\在\纸\模里\先用\双手\搅开\再\用\双手\均匀\拍打\待\纸浆\都\沉淀\到\白\纱布\上后\慢慢\倾斜\着\竖起\纸模\让\水滤\干\。\晒纸\将\抄\好\的\纸\连同\纸模\一起\抬到\阳光\下\曝晒\。\砑\光\当纸\晒\到\七八成\干\的\时候\用\边缘\光滑\完整\的\瓷碗\去\轻轻地\打磨\纸模\背面\让\紧\附白\纱布\一面\的\纸\更\光滑\更\有\色泽\。\揭纸\纸\晒干\后\先用\手\撕\一个角\然后\用\很\光滑\的\揭纸\木刀\轻轻地\揭下\整张\的\纸\。\澜沧\傣族\传统\手工\造纸\不\添加\任何\化学\制剂\纸\纤维\韧性\好\纤维\脉络\清楚\具有\坚韧\洁白\、\柔润\光滑\、\久存\不\陈\、\力\撕\不破\、\防腐\防蛀\等\优点\常\作为\缅寺\抄写\经文\用\还\广泛\用于\民俗\活动\及\日常生活\、\绘画\、\食品\及\茶叶\包装\等\。\年\澜沧\傣族传统手工造纸技艺\入选\云南省\第四批\省级\非物质文化\遗产\代表性\项目\名录\扩展\项目\名录\。\项目\代表性\传承\人\是\咩\喃满\。,傣族
纳西族叙事长诗《鲁般鲁饶》,第四批,民间文学,云南省丽江市古城区,鲁般鲁饶是纳西古语的音译又被翻译成牧奴迁徙记或迁徙之歌这是一部讲述纳西族青年殉情故事的长诗也是第一部完整记载于东巴经中的古典殉情文学作品。《鲁般鲁饶》主要内容是一群年轻的牧人住在高山牧场上放牧过着自由自在的生活父母担心他们走古俗里殉情的老路便让他们搬下山去。年轻人不愿意便相约逃跑。父母为了阻止他们设立了九道白石门又修了七道黑石门都没能成功。在逃跑的过程中其中一对年轻人朱古羽勒排和康美久命姬被迫分开了。朱古羽勒排半路被父母喊了回去姑娘康美久命姬几次托鹦鹉捎口信都没有得到回信。姑娘失望至极在十二岩子坡自缢。等朱古羽勒排赶到时为时已晚于是他也烧起松柏枝自焚而死。《鲁般鲁饶》是一部凄美的爱情悲剧开启了纳西族殉情文学的先河是纳西族历史久远的殉情古俗的文学样本对后世纳西族文学产生了深刻而复杂的影响被称作纳西族三大史诗之一。《鲁般鲁饶》在东巴经里有记载在民间亦有广泛的口头传承。口头流传部分比较片段化东巴经记载的版本较完整但除了东巴以外普通人识读和理解存在一定困难。年纳西族叙事长诗《鲁般鲁饶》入选云南省第四批省级非物质文化遗产代表性项目名录。项目代表性传承人是和强飞。,省级,鲁般鲁饶\是\纳西\古语\的\音译\又\被\翻译成\牧奴\迁徙\记\或\迁徙\之歌\这\是\一部\讲述\纳西族\青年\殉情\故事\的\长诗\也\是\第一部\完整\记载\于\东巴经\中\的\古典\殉情\文学作品\。\《\鲁般鲁饶\》\主要\内容\是\一群\年轻\的\牧人\住\在\高山\牧场\上\放牧\过\着\自由自在\的\生活\父母\担心\他们\走古俗\里\殉情\的\老路\便\让\他们\搬\下山\去\。\年轻人\不\愿意\便\相约\逃跑\。\父母\为了\阻止\他们\设立\了\九道\白石\门\又\修\了\七道\黑\石门\都\没能\成功\。\在\逃跑\的\过程\中\其中\一对\年轻人\朱古羽勒排\和\康美久命\姬\被迫\分开\了\。\朱古羽勒排\半路\被\父母\喊\了\回去\姑娘\康美久命\姬\几次\托\鹦鹉\捎\口信\都\没有\得到\回信\。\姑娘\失望\至极\在\十二\岩子坡\自缢\。\等\朱古羽勒排\赶到\时\为时已晚\于是\他\也\烧起\松柏\枝\自焚\而\死\。\《\鲁般鲁饶\》\是\一部\凄美\的\爱情\悲剧\开启\了\纳西族\殉情\文学\的\先河\是\纳西族\历史\久远\的\殉情\古俗\的\文学\样本\对\后世\纳西族\文学\产生\了\深刻\而\复杂\的\影响\被称作\纳西族\三大\史诗\之一\。\《\鲁般鲁饶\》\在\东巴经\里\有\记载\在\民间\亦\有\广泛\的\口头\传承\。\口头\流传\部分\比较\片段\化\东巴经\记载\的\版本\较完整\但\除了\东巴\以外\普通人\识读\和\理解\存在\一定\困难\。\年\纳西族\叙事\长诗\《\鲁般鲁饶\》\入选\云南省\第四批\省级\非物质文化\遗产\代表性\项目\名录\。\项目\代表性\传承\人\是\和\强飞\。,纳西族
光邦鼓舞,第三批,传统舞蹈,云南省德宏州盈江县文化馆,光邦为傣语是一种鼓的名称由光弄大鼓演变而来鼓体呈圆锥状鼓身长一米左右一般采用楠木、攀枝花等木材和小母牛皮制作而成。傣族地区的男孩岁左右就会开始学习击打光邦鼓随着时代传承发展光邦鼓舞的功能已从最初的驱逐野兽演变为集信息传递、预警、娱乐为一体在当地民间节日庆典、红白喜事、宗教活动上都有光邦鼓舞表演。光邦鼓舞具有较强的艺术性和观赏性表演队伍由若干个三人小组组成每小组又分鼓手、铓手、镲手。表演时舞鼓者左手掌拍击左鼓面右手执鼓棒擂击右鼓面鼓音相互衬托似高低音混合。同时左右脚前后踏进似欲进还退的脚步拍子再加上铓、镲的配合形成富有变化的五种鼓点节拍具有独特的古朴韵味气势磅礴豪迈情绪激昂高亢。光邦鼓舞蕴含着民族风俗、宗教礼仪、民间歌舞等丰富的文化内涵是傣族社会习俗传承延续的重要载体。年光邦鼓舞入选云南省第三批省级非物质文化遗产代表性项目名录。项目代表性传承人是帕安然。光邦鼓的传承人展示光邦鼓的雌雄以及制作完成的光邦鼓年盈江泼水节上的光邦鼓舞表演,省级,光邦\为\傣语\是\一种\鼓\的\名称\由光\弄\大鼓\演变\而来\鼓体\呈\圆锥\状鼓\身长\一米\左右\一般\采用\楠木\、\攀枝花\等\木材\和\小母\牛皮\制作\而成\。\傣族\地区\的\男孩\岁\左右\就\会\开始\学习\击打\光邦\鼓\随着\时代\传承\发展\光邦鼓舞\的\功能\已\从\最初\的\驱逐\野兽\演变\为集\信息\传递\、\预警\、\娱乐\为\一体\在\当地\民间\节日\庆典\、\红白喜事\、\宗教活动\上\都\有\光邦鼓舞\表演\。\光邦鼓舞\具有\较强\的\艺术性\和\观赏性\表演\队伍\由\若干个\三人\小组\组成\每\小组\又\分\鼓手\、\铓\手\、\镲\手\。\表演\时舞\鼓者\左手掌\拍击\左\鼓面\右手\执\鼓棒\擂击右\鼓面\鼓音\相互\衬托\似\高低音\混合\。\同时\左右脚\前后\踏进\似欲进\还\退\的\脚步\拍子\再\加上\铓\、\镲\的\配合\形成\富有\变化\的\五种\鼓点\节拍\具有\独特\的\古朴\韵味\气势磅礴\豪迈\情绪\激昂\高亢\。\光邦鼓舞\蕴含着\民族\风俗\、\宗教\礼仪\、\民间\歌舞\等\丰富\的\文化\内涵\是\傣族\社会习俗\传承\延续\的\重要\载体\。\年\光邦鼓舞\入选\云南省\第三批\省级\非物质文化\遗产\代表性\项目\名录\。\项目\代表性\传承\人\是\帕\安然\。\光邦\鼓\的\传承\人\展示\光邦\鼓\的\雌雄\以及\制作\完成\的\光邦\鼓年\盈江\泼水节\上\的\光邦鼓舞\表演,傣族
迪庆藏刀制作技艺,云南省第四批,,云南省迪庆藏族自治州,据《汉藏史集》记载藏刀被称为藏民的三宝之一有人不离刀刀不离人之说。藏刀由吐蕃传入迪庆地区至今已有一千三百多年的历史。迪庆藏刀的加工材料主要有银、铜、铁、牛角、玛瑙、珊瑚、绿松石、硬杂木等。流程有破料、烧料、打制、整形、淬火、打磨、錾花、装配等。原料为铁料和钢材将选择好的材料在火炉中加热至通红用铁钳夹出置于砧子上用铁锤进行打制直至铁胚呈现需要的形状再用锉子、刨刀等工具加工使形态更清晰细致、精巧美观。淬火又称沾水是藏刀制作过程中最重要的环节使用独特的淬火工艺和药水配制秘方使刀叶在高温下瞬间冷却提高分子密度形成硬度适中的合金为藏刀的整体强度和冲击耐受力提供了强有力的保证。淬火成功与否可通过淬火后刀面呈现的颜色来辨别呈黄白色是最佳效果呈蓝色则时间过长刀刃偏软容易卷刃。呈黄色则时间过短刀刃偏脆容易崩口。打磨过程决定刀具的锋利程度包括刮刀、开刃和磨刀刃三个环节工艺刀不需开刃刀形美观即可实用型刀具则需开刃。錾花是用尖口小錾子在刀鞘、刀叶錾上各式各样的花纹、图案和文字。最后将打制好的刀叶装上由金属、珍贵木材或皮革制成的刀柄和刀鞘以及其他配饰藏刀制作完成。藏刀锋利耐用刀柄与刀鞘用金、银、铜及宝石制成花纹华丽夺目。在藏族传统文化中藏刀既是吉祥护身符又是生活必备工具是藏族传统文化的重要载体具有较高的艺术价值和文化价值。年迪庆藏刀制作技艺入选云南省第四批省级非物质文化遗产代表性项目名录。项目代表性传承人是廖金明。,省级,据\《\汉藏史集\》\记载\藏刀\被\称为\藏民\的\三宝\之一\有人\不\离\刀刀\不离\人\之\说\。\藏刀\由\吐蕃\传入\迪庆\地区\至今已有\一千三百多年\的\历史\。\迪庆\藏刀\的\加工\材料\主要\有\银\、\铜\、\铁\、\牛角\、\玛瑙\、\珊瑚\、\绿松石\、\硬\杂木\等\。\流程\有破料\、\烧料\、\打制\、\整形\、\淬火\、\打磨\、\錾\花\、\装配\等\。\原料\为\铁料\和\钢材\将\选择\好\的\材料\在\火炉\中\加热\至\通红\用铁\钳夹\出\置于\砧子\上用\铁锤\进行\打制\直至\铁\胚\呈现\需要\的\形状\再用\锉子\、\刨刀\等\工具\加工\使\形态\更\清晰\细致\、\精巧\美观\。\淬火\又称\沾水\是\藏刀\制作\过程\中\最\重要\的\环节\使用\独特\的\淬火\工艺\和\药水\配制\秘方\使刀叶\在\高温\下\瞬间\冷却\提高\分子\密度\形成\硬度\适中\的\合金\为\藏刀\的\整体\强度\和\冲击\耐受力\提供\了\强有力\的\保证\。\淬火\成功\与否\可\通过\淬火\后\刀面\呈现\的\颜色\来\辨别\呈\黄白色\是\最佳\效果\呈\蓝色\则\时间\过长\刀刃\偏软\容易\卷刃\。\呈\黄色\则\时间\过\短\刀刃\偏脆\容易\崩口\。\打磨\过程\决定\刀具\的\锋利\程度\包括\刮刀\、\开刃\和\磨\刀刃\三个\环节\工艺\刀\不\需\开刃\刀形\美观\即可\实用型\刀具\则\需\开刃\。\錾\花\是\用\尖口\小\錾子\在\刀鞘\、\刀叶\錾\上\各式各样\的\花纹\、\图案\和\文字\。\最后\将\打制\好\的\刀\叶装\上\由\金属\、\珍贵\木材\或\皮革\制成\的\刀柄\和\刀鞘\以及\其他\配饰\藏刀\制作\完成\。\藏刀\锋利\耐用\刀柄\与\刀鞘\用金\、\银\、\铜及\宝石\制成\花纹\华丽\夺目\。\在\藏族\传统文化\中\藏刀\既\是\吉祥\护身符\又\是\生活\必备\工具\是\藏族\传统文化\的\重要\载体\具有\较\高\的\艺术\价值\和\文化价值\。\年\迪庆藏刀制作技艺\入选\云南省\第四批\省级\非物质文化\遗产\代表性\项目\名录\。\项目\代表性\传承\人\是\廖金明\。,藏族
临沧普洱茶传统制作工艺,云南省第一批,传统技艺,云南省临沧市,临沧地处世界茶树发源中心地带这里野生型、过渡型和栽培型古茶树资源十分丰富种茶制茶历史悠久被誉为茶资源历史博物馆是茶树种类最多、茶园面积最大、古茶树保存量最多的地区。临沧普洱茶传统制作技艺的主要工艺包括采摘、揉捻、晒干、筛拣、计量、蒸软、做型、压制、晾干、包装等。传统手工制作的普洱茶外形壮实、圆直、紧结、完整。熟茶以陈香味主导并有其他植物的特殊香气如枣香、参香、槟榔香等。特殊的加工发酵带来特殊的茶叶汤色与口感尤其是自然熟化的生茶多以樟香、清香为主。茶汤红亮品味时舌面甘醇香气饱满口感极佳。临沧普洱茶按照形态可分为团茶、沱茶、饼茶、砖茶、散茶等类型。临翔区邦东忙麓团茶以忙麓山产的大叶茶为原料用生白布包住茶叶紧压定型为团茶。沱茶以凤庆县永昌祥、复协和等商号较具代表性将外形美观的凤山晒青毛茶和香味浓郁的勐库茶晒青毛茶进行拼配放在竹筒里外套布袋蒸软后放入定型木架加压定型成碗状。普洱生茶采摘后以自然方式发酵茶性较刺激宜存放多年使茶性转温和好的老普洱通常采用此种制法。年后则以科学发酵法辅以人工发酵法使茶性温和让茶水更好喝称为熟茶。临沧普洱茶作为云南的一张亮丽的名片是云南历史文化的重要组成部分。年临沧普洱茶传统制作工艺入选云南省级非物质文化遗产代表性项目名录扩展项目名录。项目代表性传承人是普国忠。,省级,临沧\地处\世界\茶树\发源\中心地带\这里\野生型\、\过渡型\和\栽培\型\古\茶树\资源\十分\丰富\种\茶制\茶\历史悠久\被誉为\茶\资源\历史博物馆\是\茶树\种类\最\多\、\茶园\面积\最大\、\古\茶树\保存\量\最\多\的\地区\。\临沧\普洱茶\传统\制作\技艺\的\主要\工艺\包括\采摘\、\揉\捻\、\晒干\、\筛\拣\、\计量\、\蒸软\、\做型\、\压制\、\晾干\、\包装\等\。\传统\手工\制作\的\普洱茶\外形\壮实\、\圆直\、\紧结\、\完整\。\熟茶\以\陈\香味\主导\并\有\其他\植物\的\特殊\香气\如枣\香\、\参香\、\槟榔\香等\。\特殊\的\加工\发酵\带来\特殊\的\茶叶\汤色\与\口感\尤其\是\自然\熟化\的\生茶\多\以樟香\、\清香\为主\。\茶汤\红亮\品味\时\舌面\甘醇\香气\饱满\口感\极佳\。\临沧\普洱茶\按照\形态\可\分为\团茶\、\沱茶\、\饼\茶\、\砖茶\、\散茶\等\类型\。\临翔区\邦\东忙麓\团茶\以忙麓\山产\的\大叶茶\为\原料\用生\白布\包住\茶叶\紧压\定型\为\团茶\。\沱茶\以\凤庆县\永昌\祥\、\复\协和\等\商号\较具\代表性\将\外形\美观\的\凤山\晒青\毛茶\和\香味\浓郁\的\勐库\茶\晒\青\毛茶\进行\拼配\放在\竹筒\里\外套\布袋\蒸软\后\放入\定型\木架\加压\定型\成碗\状\。\普洱\生\茶\采摘\后以\自然\方式\发酵\茶性\较\刺激\宜\存放\多年\使\茶性\转\温和\好\的\老\普洱\通常\采用\此种\制法\。\年\后\则\以\科学\发酵法\辅以\人工\发酵法\使\茶性\温和\让\茶水\更好\喝\称为\熟茶\。\临沧\普洱茶\作为\云南\的\一张\亮丽\的\名片\是\云南\历史\文化\的\重要\组成部分\。\年\临沧普洱茶传统制作工艺\入选\云南\省级\非物质文化\遗产\代表性\项目\名录\扩展\项目\名录\。\项目\代表性\传承\人\是\普国忠\。,
大词戏,第三批,传统戏剧,云南省维西县,大词戏是云南省迪庆州维西县保和镇独有的地方剧种于清代光绪年间由江西、湖广及江、浙一带的守城官兵传入在长期的发展中融入了滇戏、洞经古乐以及维西各民族的音乐、舞蹈元素成为集中原汉文化与边地少数民族文化于一身的独特剧种。大词戏的曲牌名称、词格、唱腔不仅具有江西赣剧风格还具有浓郁的维西地方特色。唱腔一般不托管弦一人所唱众人帮腔以锣鼓帮衬节奏。唱腔词格除少数曲牌为对偶句式外其余多为长短句式。主要打击乐器有提板、羯鼓又称小鼓或统子、堂鼓、大钹、小钗、大锣、小锣等。大词戏历史上角色行当大致有生、旦、净、丑后来由于受滇剧等剧种的影响经过一段时间的演变现在通常划分为生、旦、净、丑、杂五大行当脸谱多与滇剧、京剧相似。演出服饰与一般的戏曲服饰可通用。大词戏历史上曾经上演过的剧目有《精忠岳传》《目连寻母》《重耳走国》《平天下》《刘全进瓜》《唐僧取经》等。大词戏剧本结构紧凑矛盾冲突比较集中具有较强的文学性和观赏性。随着当前经济社会的快速发展老艺人相继去世现有的艺人年龄也近古稀其传承处于青黄不接的状态亟须加强保护。年大词戏入选云南省第三批省级非物质文化遗产代表性项目名录。项目代表性传承人是杨淑珍、赵寿珍。维西县保和镇大词戏部分艺人合影维西县保和镇大词戏演出剧目《精忠岳传》,省级,大词戏\是\云南省\迪庆\州\维西县\保和\镇\独有\的\地方\剧种\于\清代\光绪年间\由\江西\、\湖广\及江\、\浙\一带\的\守城\官兵\传入\在\长期\的\发展\中\融入\了\滇\戏\、\洞经\古乐\以及\维西\各\民族\的\音乐\、\舞蹈\元素\成为\集中\原汉\文化\与\边\地\少数民族\文化\于\一身\的\独特\剧种\。\大词戏\的\曲牌\名称\、\词格\、\唱腔\不仅\具有\江西\赣剧\风格\还\具有\浓郁\的\维西\地方\特色\。\唱腔\一般\不\托管\弦\一人\所\唱\众人\帮腔\以\锣鼓\帮衬\节奏\。\唱腔\词格\除少数\曲牌\为\对偶句\式\外\其余\多为\长短句\式\。\主要\打击乐器\有\提板\、\羯鼓\又称\小鼓\或\统子\、\堂鼓\、\大钹\、\小钗\、\大锣\、\小锣\等\。\大词戏\历史\上\角色\行当\大致\有生\、\旦\、\净\、\丑\后来\由于\受\滇剧\等\剧种\的\影响\经过\一段时间\的\演变\现在\通常\划分\为生\、\旦\、\净\、\丑\、\杂\五大\行当\脸谱\多\与\滇剧\、\京剧\相似\。\演出\服饰\与\一般\的\戏曲\服饰\可\通用\。\大词戏\历史\上\曾经\上演\过\的\剧目\有\《\精忠\岳传\》\《\目连\寻母\》\《\重耳\走国\》\《\平天下\》\《\刘全进\瓜\》\《\唐僧\取经\》\等\。\大词戏\剧本\结构紧凑\矛盾\冲突\比较\集中\具有\较强\的\文学性\和\观赏性\。\随着\当前\经济社会\的\快速\发展\老\艺人\相继\去世\现有\的\艺人\年龄\也\近\古稀\其\传承\处于\青黄不接\的\状态\亟须\加强\保护\。\年\大词戏\入选\云南省\第三批\省级\非物质文化\遗产\代表性\项目\名录\。\项目\代表性\传承\人\是\杨\淑珍\、\赵寿珍\。\维西县\保和\镇\大词戏\部分\艺人\合影\维西县\保和\镇\大词戏\演出\剧目\《\精忠\岳传\》,
永胜洞经音乐,第三批,传统音乐,永胜县文化馆,永胜县洞经音乐是明朝守军和移民从湖广、陕西、山西、湖北等地带到永胜由康熙于年赐子氏土司《文武真经》而逐渐发展起来。永胜县洞经音乐是儒释道音乐的融合也有古代宫廷乐、唐宋词牌、南北曲、明清小调、江南丝竹融合大量的地方民族音乐是集吹、拉、弹、唱、念、法、唱、拜、祭于一体的声乐套曲。目前有《一窗兰》《喜今年》《朝天子》等首曲谱。明朝时期永胜凡是有汉民居住的乡村几乎村村都有洞经队、洞经会谈演洞经的有上千人一些地方还立碑纪念。乾隆时期永胜洞经音乐最为兴盛各地建立洞经会。目前永胜的涛源、期纳、程海、三川、顺州、永北等乡镇都有洞经会共计支洞经协会有参演人员余名。永胜洞经音乐使用民间器乐进行演奏分文、武两类。演奏场合有庙、阁、祠等地凡村中有安神奠土、超度亡灵、红白喜事多邀请洞经会前往谈经演奏。年永胜县洞经音乐入选云南省第三批省级非物质文化遗产代表性项目名录扩展项目名录。现有市级代表性传承人柳正雄、王璋、张作云等。程海石湾洞经队三川东河洞经队,省级,永胜县\洞经音乐\是\明朝\守军\和\移民\从\湖广\、\陕西\、\山西\、\湖北\等\地带\到\永胜\由\康熙\于\年\赐子氏\土司\《\文武\真经\》\而\逐渐\发展\起来\。\永胜县\洞经音乐\是\儒\释道\音乐\的\融合\也\有\古代\宫廷\乐\、\唐宋词\牌\、\南北曲\、\明清\小调\、\江南\丝竹\融合\大量\的\地方\民族音乐\是\集吹\、\拉\、\弹\、\唱\、\念\、\法\、\唱\、\拜\、\祭于\一体\的\声乐\套曲\。\目前\有\《\一\窗兰\》\《\喜\今年\》\《\朝天子\》\等首\曲谱\。\明朝\时期\永胜\凡是\有\汉民\居住\的\乡村\几乎\村村\都\有\洞经\队\、\洞经\会谈\演\洞经\的\有\上千人\一些\地方\还\立碑纪\念\。\乾隆\时期\永胜洞经音乐\最为\兴盛\各地\建立\洞经\会\。\目前\永胜\的\涛\源\、\期纳\、\程海\、\三川\、\顺州\、\永北\等\乡镇\都\有\洞经\会\共计\支\洞经\协会\有\参演\人员\余名\。\永胜洞经音乐\使用\民间\器乐\进行\演奏\分文\、\武\两类\。\演奏\场合\有庙\、\阁\、\祠\等\地凡村\中\有\安神\奠土\、\超度\亡灵\、\红白喜事\多\邀请\洞经\会\前往\谈经\演奏\。\年\永胜县\洞经音乐\入选\云南省\第三批\省级\非物质文化\遗产\代表性\项目\名录\扩展\项目\名录\。\现有\市级\代表性\传承\人柳\正雄\、\王璋\、\张作云\等\。\程海\石湾\洞经\队\三\川东\河\洞经\队,
丽江粑粑制作技艺,第四批,传统技艺,古城区非物质文化遗产保护管理中心,丽江粑粑是滇西三大美食之一民间有丽江粑粑鹤庆酒大理酸鱼天下行的谚语。明崇祯十二年年二月丽江知府木增盛宴款待远道而来的徐霞客其中有一道被徐霞客称为奇点的酥油饼丝即是人们常说的丽江粑粑。丽江粑粑是系列产品酥油饼丝是油炸粑粑此外还有灶烤粑粑、水焖粑粑、水蒸粑粑、锅贴粑粑等。制作油炸粑粑的面团要特软。制作时要先将面团用擀面杖滚压至薄如纸张然后撒上猪油、盐、火腿丁或豆沙等馅料后卷成筒状两头搭拢压成饼再用文火炸黄即可。灶烤粑粑是丽江粑粑的代表。制作时要先将面粉加土碱掺水揉好做成薄饼状然后在平底锅上烙约分钟再平放在灶膛里已被烤烫的鹅卵石上缓缓翻转直到烤熟。水焖粑粑和水蒸粑粑都是先将面团压成饼在铁锅中烙到二三成熟后取出面饼呈锅状然后在锅中迅速加入适量的水猛火加热。水焖粑粑是将面饼倒扣锅中焖熟水蒸粑粑是把面饼放在蒸板上猛火蒸熟二者都松软可口。锅贴粑粑是在铁锅中烧水或煮上杂锅菜把揉成椭圆条状的粑粑在距水面四五厘米处首尾相接贴锅一圈焖熟皮脆内绵兼有菜香。年丽江粑粑制作技艺入选云南省第四批省级非物质文化遗产代表性项目名录。代表性传承人是赵嘉红。,省级,丽江\粑\粑\是\滇西\三大\美食\之一\民间\有\丽江\粑\粑\鹤庆\酒\大理\酸鱼\天下\行\的\谚语\。\明崇祯\十二年\年\二月\丽江\知府\木增\盛宴\款待\远道而来\的\徐霞客\其中\有\一道\被\徐霞客\称为\奇点\的\酥油\饼\丝\即\是\人们\常说\的\丽江\粑\粑\。\丽江\粑\粑\是\系列产品\酥油\饼\丝\是\油炸\粑\粑\此外\还有\灶\烤\粑\粑\、\水焖\粑\粑\、\水蒸\粑\粑\、\锅贴\粑\粑\等\。\制作\油炸\粑\粑\的\面团\要\特软\。\制作\时要\先\将\面团\用\擀面杖\滚压\至\薄\如\纸张\然后\撒上\猪油\、\盐\、\火腿\丁\或\豆沙\等\馅料\后卷\成\筒状\两头\搭拢\压成\饼\再\用\文火\炸黄\即可\。\灶\烤\粑\粑\是\丽江\粑\粑\的\代表\。\制作\时要\先\将\面粉\加土碱\掺水\揉\好\做成\薄饼\状\然后\在\平底锅\上\烙\约\分钟\再平\放在\灶膛\里\已\被\烤\烫\的\鹅卵石\上\缓缓\翻转\直到\烤熟\。\水焖\粑\粑\和\水蒸\粑\粑\都\是\先\将\面团\压成\饼\在\铁锅\中\烙\到\二三\成熟\后\取出\面饼\呈\锅状\然后\在\锅\中\迅速\加入适量\的\水\猛火\加热\。\水焖\粑\粑\是\将\面饼\倒扣\锅中\焖\熟\水蒸\粑\粑\是\把\面饼\放在\蒸板\上\猛火\蒸熟\二者\都\松软\可口\。\锅贴\粑\粑\是\在\铁锅\中\烧水\或\煮\上\杂锅\菜\把\揉成\椭圆\条状\的\粑\粑\在\距\水面\四五\厘米\处\首尾相接\贴锅\一圈\焖\熟皮\脆内绵\兼有\菜香\。\年\丽江粑粑制作技艺\入选\云南省\第四批\省级\非物质文化\遗产\代表性\项目\名录\。\代表性\传承\人\是\赵嘉红\。,
苗族射弩,第四批,传统体育、游艺与杂技,云南省昭通市大关县文化馆,苗族射弩是由狩猎逐渐演变而来的一种传统体育竞技活动被正式列入全国少数民族传统体育运动会比赛项目。大关的苗族射弩以弩为工具。弩分为标准弩和传统弩两种。大关境内的苗族使用的弩基本上是传统弩由人工选用特殊良木和元麻绳及优质竹等自制而成。每逢春节和苗族最隆重的花山节期间苗族聚集区都要举行射弩比赛大关境内的苗族更是如此且谁的弩射得好谁就成为苗家姑娘或小伙追求和仰慕的对象形成浓郁的地方特色。苗族射弩是广大青年喜爱的一项古老的体育运动能强健身体鼓舞斗志增进民族团结社会和谐给大家带来欢乐。苗族射弩是苗族传统文化的重要组成部分在民族文化交流中已成为不可缺少的传统体育项目是苗族传统习俗特有的文化符号象征也是民族多元文化中的一支奇花。从苗族儿女们的射弩中体现了苗民的坚强、勇敢、果断、稳重的民族精神。为培养射弩人才当地鼓励和扶持掌握苗族射弩技艺的苗族老艺人收徒传授技艺适时对苗族青年进行集中传艺培训并组织和鼓励全面掌握苗族射弩技艺的优秀苗族青年积极参加省、市乃至全国举办的民运会射弩项目的比赛。年苗族射弩入选云南省第四批省级非物质文化遗产代表性项目名录。项目代表性传承人是杨兴均、杨兴才。,省级,苗族射弩\是\由\狩猎\逐渐\演变\而来\的\一种\传统\体育竞技\活动\被\正式\列入\全国\少数民族\传统\体育运动\会\比赛项目\。\大关\的\苗族射弩\以弩为\工具\。\弩\分为\标准\弩\和\传统\弩\两种\。\大关\境内\的\苗族\使用\的\弩\基本上\是\传统\弩\由\人工\选用\特殊\良木\和\元\麻绳\及\优质\竹\等\自制\而成\。\每逢\春节\和\苗族\最\隆重\的\花山节\期间\苗族\聚集区\都\要\举行\射弩\比赛\大关\境内\的\苗族\更是如此\且\谁\的\弩\射\得\好\谁\就\成为\苗家\姑娘\或\小伙\追求\和\仰慕\的\对象\形成\浓郁\的\地方\特色\。\苗族射弩\是\广大青年\喜爱\的\一项\古老\的\体育运动\能\强健\身体\鼓舞斗志\增进\民族团结\社会\和谐\给\大家\带来\欢乐\。\苗族射弩\是\苗族\传统文化\的\重要\组成部分\在\民族文化\交流\中\已\成为\不可\缺少\的\传统\体育项目\是\苗族\传统习俗\特有\的\文化\符号\象征\也\是\民族\多元\文化\中\的\一支\奇花\。\从\苗族\儿女\们\的\射弩\中\体现\了\苗民\的\坚强\、\勇敢\、\果断\、\稳重\的\民族\精神\。\为\培养\射弩\人才\当地\鼓励\和\扶持\掌握\苗族射弩\技艺\的\苗族\老\艺人\收徒\传授\技艺\适时\对\苗族\青年\进行\集中\传艺\培训\并\组织\和\鼓励\全面\掌握\苗族射弩\技艺\的\优秀\苗族\青年\积极\参加\省\、\市\乃至\全国\举办\的\民运会\射弩\项目\的\比赛\。\年\苗族射弩\入选\云南省\第四批\省级\非物质文化\遗产\代表性\项目\名录\。\项目\代表性\传承\人\是\杨兴均\、\杨兴\才\。,苗族
红河傣族传统制陶技艺,第一批,传统技艺,红河县文化馆,红河县傣族土陶制作技艺流传于迤萨镇坝蒿。制陶工具由木陶拍、花纹板来摩、圆石恒、木板达摩、木槌火恒、锅底板扁等组成原料是当地的灰色黏土。常见工序有取土、晒土、碎土、筛土、和泥、制坯、晾晒、烧制等。制作成品品种主要有土锅、水缸、药罐、土盆、茶壶等。红河傣族土陶制作传承均为家庭传承且传女不传男因此土陶制作全由妇女完成。从前坝蒿的傣族家家户户都会制作土陶售卖土陶器是家庭的主要经济收入来源之一。近年来随着经济社会的发展制作陶器的人越来越少现村中只有一位多岁的老人刀玉化掌握完整的制陶技艺她能制作大小各异多种样式的土锅、水缸、药罐等十多种土陶器皿。年红河傣族传统制陶技艺入选云南省第一批省级非物质文化遗产保护名录。代表性传承人是刀玉化。,省级,红河县\傣族\土陶\制作\技艺\流传\于\迤萨镇\坝\蒿\。\制陶\工具\由木陶\拍\、\花纹板\来摩\、\圆石\恒\、\木板\达摩\、\木槌\火恒\、\锅底\板扁\等\组成\原料\是\当地\的\灰色\黏土\。\常见\工序\有\取土\、\晒土\、\碎土\、\筛土\、\和泥\、\制坯\、\晾晒\、\烧制\等\。\制作\成品\品种\主要\有\土锅\、\水缸\、\药罐\、\土盆\、\茶壶\等\。\红河\傣族\土陶\制作\传承\均\为\家庭\传承\且\传女\不传\男\因此\土陶\制作\全\由\妇女\完成\。\从前\坝\蒿\的\傣族\家家户户\都\会\制作\土陶\售卖\土\陶器\是\家庭\的\主要\经济\收入\来源\之一\。\近年来\随着\经济社会\的\发展\制作\陶器\的\人\越来越少\现村\中\只有\一位\多岁\的\老人\刀\玉化\掌握\完整\的\制陶\技艺\她\能\制作\大小\各异\多种\样式\的\土锅\、\水缸\、\药罐\等\十多种\土陶\器皿\。\年\红河傣族传统制陶技艺\入选\云南省\第一批\省级\非物质文化\遗产\保护\名录\。\代表性\传承\人\是\刀\玉化\。,傣族
酥油花,第四批,传统美术,迪庆州非物质文化遗产保护中心,酥油花是藏传佛教寺庙进行较大型的宗教活动时用酥油为主要原料制作成各色花的供品统称为酥油花。酥油花制作技艺历史悠久。年宗喀巴大师在拉萨大昭寺发起祈愿大法会组织制作了大型立体酥油花供奉于佛前。自此在各地延续成觉阿却巴即正月十五供奉节。酥油花与面塑相同只是材料不一样是以酥油和颜料为基础揉捏调制再用模子挤压成各式花瓣和花蕊组装而成。为使其色泽丰富每一种颜色按色泽深浅不同最少要配制四种。酥油花作品一般可分为大型、中型、小型三种类型要经过揉捏、混色、制模、粘贴、扎骨架、做胚胎、敷塑、装盘等多道工序。酥油花虽称之为花但其题材多样内涵丰富特别是中型和大型酥油花有佛神、菩萨金刚、飞禽走兽、花鸟鱼虫、山林树木、花卉盆景以及藏八宝乃至佛教故事、历史故事和传说戏曲故事。手法写实传神具有很高的艺术水准令人叹为观止。其材质、做工、保存期限有着鲜明的地域性和民族性是藏文化和宗教艺术的完美结合。酥油易化只能在冬季进行无法长期保存促使酥油花必须年年制作这对酥油花制作技艺的传承有一定的促进作用。酥油花的制作均由寺庙中的僧人承担因而其传承方式是寺院内部师徒相传。酥油花是雕塑艺术在藏传佛教中的独特体现继承了藏传佛教艺术精、繁、巧的特点包含着深厚的宗教学、美学、造型等学科知识具有较高的文化艺术研究价值。年酥油花入选云南省第四批省级非物质文化遗产代表性项目名录。项目代表性传承人是阿安。,省级,酥油花\是\藏传佛教\寺庙\进行\较大型\的\宗教活动\时用\酥油\为\主要\原料\制作\成\各色\花\的\供品\统称\为\酥油花\。\酥油花\制作\技艺\历史悠久\。\年\宗喀巴\大师\在\拉萨\大昭寺\发起\祈愿\大法\会\组织\制作\了\大型\立体\酥油花\供奉\于\佛前\。\自此\在\各地\延续\成觉\阿\却\巴即\正月十五\供奉\节\。\酥油花\与\面塑\相同\只是\材料\不\一样\是\以\酥油\和\颜料\为\基础\揉捏\调制\再用\模子\挤压\成\各式\花瓣\和\花蕊\组装\而成\。\为\使\其\色泽\丰富\每\一种\颜色\按\色泽\深浅不同\最少\要\配制\四种\。\酥油花\作品\一般\可\分为\大型\、\中型\、\小型\三种\类型\要\经过\揉捏\、\混色\、\制模\、\粘贴\、\扎\骨架\、\做\胚胎\、\敷塑\、\装盘\等\多\道工序\。\酥油花\虽\称之为\花\但\其\题材\多样\内涵\丰富\特别\是\中型\和\大型\酥油花\有\佛神\、\菩萨\金刚\、\飞禽走兽\、\花鸟\鱼虫\、\山林\树木\、\花卉盆景\以及\藏\八宝\乃至\佛教\故事\、\历史\故事\和\传说\戏曲\故事\。\手法\写实\传神\具有\很\高\的\艺术\水准\令人\叹为观止\。\其\材质\、\做工\、\保存\期限\有着\鲜明\的\地域性\和\民族性\是\藏\文化\和\宗教艺术\的\完美\结合\。\酥油\易化\只能\在\冬季\进行\无法\长期\保存\促使\酥油花\必须\年\年\制作\这\对\酥油花\制作\技艺\的\传承\有\一定\的\促进作用\。\酥油花\的\制作\均\由\寺庙\中\的\僧人\承担\因而\其\传承\方式\是\寺院\内部\师徒\相传\。\酥油花\是\雕塑\艺术\在\藏传佛教\中\的\独特\体现\继承\了\藏传佛教\艺术\精\、\繁\、\巧\的\特点\包含\着\深厚\的\宗教学\、\美学\、\造型\等\学科知识\具有\较\高\的\文化\艺术\研究\价值\。\年\酥油花\入选\云南省\第四批\省级\非物质文化\遗产\代表性\项目\名录\。\项目\代表性\传承\人\是\阿安\。,
甩发舞,第三批,传统舞蹈,西盟县文化馆,西盟佤族甩发舞是佤族青年女性的一种自娱性舞蹈。它源于佤族先民的生产生活佤族妇女酷爱长发以长发为美且从小习惯长发披肩每当她们用水洗净长发后都要低头梳妆甩发晾干、整型。后来经民间艺人的加工提炼形成甩发舞成为西盟佤族最具有民族特色的民间舞蹈。其风格独特动作刚劲给人以美的享受和深刻印象。该舞蹈纯属女性舞蹈是佤族妇女显示美丽、表明成熟长大的象征。这种舞蹈在西盟十分普遍甩发舞原甩发方式比较单一大多为前后甩上下左右躬曲以顺势甩动黝黑漂亮的长发为主要特征。近年来已丰富为多种多样的甩法如前后甩、左右甩、转甩、跪甩等。服饰以黑、红色为主色调简洁大方配以银头箍、各色珠链、大圈耳环、银手镯等。舞蹈人数不限既可两人跳亦可多人跳二三人至数十人均可携手成排或成圆圈起舞。开始时她们先站成横排散开长发轻摇身体歌唱双脚踏节拍和美妙的歌声交织在一起充满诗意。她们互相紧挽双臂俯身将长发甩至前面边歌边进直至发梢触及地面后随即微屈双膝用力仰头将头发甩起使它与身体有瞬间的垂直再甩至身后披散开来如是进行甩发歌舞直至尽兴。年西盟县甩发舞入选云南省第三批省级非物质文化遗产代表性项目名录扩展项目名录。项目代表性传承人是娜焕。甩发舞表演甩发舞表演,省级,西盟\佤族甩发舞\是\佤族\青年\女性\的\一种\自娱性\舞蹈\。\它\源于\佤族\先民\的\生产\生活\佤族\妇女\酷爱\长发\以\长发\为\美且\从小\习惯\长发\披肩\每当\她们\用水\洗净\长发\后\都\要\低头\梳妆\甩发\晾干\、\整型\。\后来\经\民间艺人\的\加工\提炼\形成\甩发舞\成为\西盟\佤族\最\具有\民族特色\的\民间舞蹈\。\其\风格\独特\动作\刚劲\给人以\美的\享受\和\深刻印象\。\该\舞蹈\纯属\女性\舞蹈\是\佤族\妇女\显示\美丽\、\表明\成熟\长大\的\象征\。\这种\舞蹈\在\西盟\十分\普遍\甩发舞\原\甩发\方式\比较\单一\大多\为\前后\甩\上下左右\躬曲以\顺势\甩动\黝黑\漂亮\的\长发\为\主要\特征\。\近年来\已\丰富\为\多种多样\的\甩法\如\前后\甩\、\左右\甩\、\转\甩\、\跪\甩\等\。\服饰\以\黑\、\红色\为主\色调\简洁\大方\配以\银\头箍\、\各色\珠链\、\大\圈\耳环\、\银手镯\等\。\舞蹈\人数\不限\既\可\两人\跳\亦可\多人\跳\二三\人至\数十\人均\可\携手\成排\或成\圆圈\起舞\。\开始\时\她们\先站\成\横排\散开\长发\轻摇\身体\歌唱\双\脚踏\节拍\和\美妙\的\歌声\交织\在\一起\充满\诗意\。\她们\互相\紧\挽\双臂\俯身\将\长发\甩\至\前面\边歌\边进\直至\发梢\触及\地面\后\随即\微屈\双膝\用力\仰头\将\头发\甩起\使\它\与\身体\有\瞬间\的\垂直\再\甩\至\身后\披散\开来\如是\进行\甩发\歌舞\直至\尽兴\。\年\西盟\县\甩发舞\入选\云南省\第三批\省级\非物质文化\遗产\代表性\项目\名录\扩展\项目\名录\。\项目\代表性\传承\人\是\娜\焕\。\甩发舞\表演\甩发舞\表演,佤族
德钦藏族服饰,云南省第三批,,云南省德钦县,德钦藏族传统服饰因自然环境、气候、海拔等因素与其他藏区服饰有所不同形成了奔子栏、升平镇、羊拉、澜沧江流域等服饰类型融汇了康巴服饰文化的优良传统具有鲜明的地方特点和民族特色有较大的影响力。德钦藏族服饰具有色彩艳丽、雍容华贵的特点特别是传统手工编织服饰技法。剪羊毛、拉羊毛、扭羊毛、拉线、绕线、放线、织布、织腰带等技艺披肩及传统皮套衣、皮褂、狐皮帽子、藏靴的制作金属佩饰的打制等都是藏区独一无二的。德钦藏族服饰是藏民族文化中的一颗璀璨的明珠。服饰包括腰带、披肩、藏袍、楚巴、古季皮套衣、巴巴堆贵皮褂、狐皮帽子等。帽子和靴子是德钦藏族服饰中不可缺少的组成部分佩饰也是藏族服饰的重要组成部分有耳环、胸饰、腰饰、手饰和藏刀以金、银、铜、珠宝、石器等制成。德钦藏族传统服饰文化是藏族传统的价值观、道德观、审美观的传承和延续是宝贵的历史文化遗产具有很高的观赏性、艺术性和实用性。年德钦藏族服饰入选云南省级非物质文化遗产代表性项目名录扩展项目名录。项目代表性传承人是扎西。,省级,德钦\藏族\传统\服饰\因\自然环境\、\气候\、\海拔\等\因素\与\其他\藏区\服饰\有所不同\形成\了\奔子栏\、\升平\镇\、\羊拉\、\澜沧江\流域\等\服饰\类型\融汇\了\康巴\服饰文化\的\优良传统\具有\鲜明\的\地方\特点\和\民族特色\有\较大\的\影响力\。\德钦藏族服饰\具有\色彩艳丽\、\雍容华贵\的\特点\特别\是\传统\手工\编织\服饰\技法\。\剪羊毛\、\拉\羊毛\、\扭\羊毛\、\拉线\、\绕线\、\放线\、\织布\、\织\腰带\等\技艺\披肩\及\传统\皮套\衣\、\皮褂\、\狐皮\帽子\、\藏\靴\的\制作\金属\佩饰\的\打制\等\都\是\藏区\独一无二\的\。\德钦藏族服饰\是\藏\民族文化\中\的\一颗\璀璨\的\明珠\。\服饰\包括\腰带\、\披肩\、\藏袍\、\楚巴\、\古季\皮套\衣\、\巴巴\堆贵\皮褂\、\狐皮\帽子\等\。\帽子\和\靴子\是\德钦藏族服饰\中\不可\缺少\的\组成部分\佩饰\也\是\藏族\服饰\的\重要\组成部分\有\耳环\、\胸饰\、\腰饰\、\手饰\和\藏刀\以金\、\银\、\铜\、\珠宝\、\石器\等\制成\。\德钦\藏族\传统\服饰文化\是\藏族\传统\的\价值观\、\道德观\、\审美观\的\传承\和\延续\是\宝贵\的\历史\文化遗产\具有\很\高\的\观赏性\、\艺术性\和\实用性\。\年\德钦藏族服饰\入选\云南\省级\非物质文化\遗产\代表性\项目\名录\扩展\项目\名录\。\项目\代表性\传承\人\是\扎西\。,藏族
阿细祭火,第三批,民俗,红河哈尼族彝族自治州弥勒市文化馆,弥勒地区的彝族特别崇尚火其中以彝族支系阿细的祭火仪式最具代表性。阿细祭火阿细语木邓赛禄即祭火神的意思每年农历二月初三举行。阿细祭火由来久远具体时间无确切考证。祭火仪式由毕摩主持仪式流程主要有扎刀门迎宾、松毛长龙宴、扮花花队装扮祭火队伍、祭火神树、钻木取火、送新火种、拜火神、跳火狂欢、送火神、民间文艺表演等。阿细祭火祭祀流程保存完整内容丰富形式特别属原始火神崇拜再现了人类繁衍发展的艰难历程和钻木取火的发明过程具有普遍性和群众性。祭火仪式反映了彝族支系阿细质朴、勇敢、乐观、开放的精神面貌折射出彝族支系阿细对祖先、自然、人类生殖图腾的崇拜是彝族支系阿细文化的重要载体之一。近年来阿细祭火传统文化形态的生存环境遭到了破坏加之祭火仪式主持者年龄结构偏大传承人年事已高能完整掌握祭火祭祀流程及其文化内涵的人日趋减少阿细祭火的传承抢救和保护迫在眉睫。年阿细祭火入选云南省第三批省级非物质文化遗产代表性项目名录。项目代表性传承人是何汝贵。,省级,弥勒\地区\的\彝族\特别\崇尚\火\其中\以\彝族\支系\阿细\的\祭火\仪式\最具\代表性\。\阿细祭火\阿\细语\木\邓赛\禄\即\祭\火神\的\意思\每年\农历\二月\初三\举行\。\阿细祭火\由\来\久远\具体\时间\无\确切\考证\。\祭火\仪式\由\毕摩\主持\仪式\流程\主要\有扎\刀门\迎宾\、\松毛\长龙\宴\、\扮\花花\队\装扮\祭火\队伍\、\祭\火神\树\、\钻木取火\、\送\新\火种\、\拜\火神\、\跳火\狂欢\、\送\火神\、\民间\文艺表演\等\。\阿细祭火\祭祀\流程\保存\完整\内容丰富\形式\特别\属\原始\火神\崇拜\再现\了\人类\繁衍\发展\的\艰难\历程\和\钻木取火\的\发明\过程\具有\普遍性\和\群众性\。\祭火\仪式\反映\了\彝族\支系\阿细\质朴\、\勇敢\、\乐观\、\开放\的\精神面貌\折射出\彝族\支系\阿细\对\祖先\、\自然\、\人类\生殖\图腾\的\崇拜\是\彝族\支系\阿细\文化\的\重要\载体\之一\。\近年来\阿细祭火\传统\文化形态\的\生存环境\遭到\了\破坏\加之\祭火\仪式\主持者\年龄结构\偏\大\传承\人\年事已高\能\完整\掌握\祭火\祭祀\流程\及其\文化\内涵\的\人\日趋\减少\阿细祭火\的\传承\抢救\和\保护\迫在眉睫\。\年\阿细祭火\入选\云南省\第三批\省级\非物质文化\遗产\代表性\项目\名录\。\项目\代表性\传承\人\是\何汝贵\。,彝族
傣族刺绣,第四批,传统美术,耿马县文化馆,傣族刺绣历史悠久经过几代的改进、拓展吸收了外地先进刺绣技术产品种类和艺术价值不断得到提升。耿马傣族刺绣要经过备料、打布壳、剪样、贴花、精绣、缝合六道工序。一般以白纱线为经红、黑做纬织绣而成图案由几种不同纹样连续构成。傣族刺绣配色大胆常将亮度相同的色彩配色并置瑰丽瞩目纹饰多为大象、孔雀、狮、马、花、树、缅寺、人纹及一些菱形等几何图案。材料多采用棉线或丝线有时加入金线。刺绣技法十分丰富常见的有平绣、挑绣、锁边绣、盘金绣主要见于鞋面、枕头套、门帘、佛幡、孩儿帽等用品。其中以绣花鞋最为绣工精湛色彩绚丽堪称傣族传统刺绣工艺精品。傣族刺绣具有鲜明的地域特点和深厚的历史文化内涵融合了傣族人民的民俗信仰、审美意识和价值观具有很高的文化研究价值。年傣族刺绣入选云南省第四批省级非物质文化遗产代表性项目名录。项目代表性传承人是罕云霞、刀永琴。,省级,傣族刺绣\历史悠久\经过\几代\的\改进\、\拓展\吸收\了\外地\先进\刺绣\技术\产品种类\和\艺术\价值\不断\得到\提升\。\耿马\傣族刺绣\要\经过\备料\、\打布壳\、\剪样\、\贴花\、\精绣\、\缝合\六道\工序\。\一般\以白\纱线\为\经红\、\黑\做纬\织绣\而成\图案\由\几种\不同\纹样\连续\构成\。\傣族刺绣\配色\大胆\常将\亮度\相同\的\色彩\配色\并\置\瑰丽\瞩目\纹饰\多为\大象\、\孔雀\、\狮\、\马\、\花\、\树\、\缅寺\、\人纹\及\一些\菱形\等\几何图案\。\材料\多\采用\棉线\或\丝线\有时\加入\金线\。\刺绣\技法\十分\丰富\常见\的\有平\绣\、\挑绣\、\锁边\绣\、\盘金\绣\主要\见于\鞋面\、\枕头套\、\门帘\、\佛幡\、\孩儿\帽\等\用品\。\其中\以\绣花鞋\最为\绣工\精湛\色彩\绚丽\堪称\傣族\传统\刺绣\工艺精品\。\傣族刺绣\具有\鲜明\的\地域\特点\和\深厚\的\历史\文化\内涵\融合\了\傣族\人民\的\民俗\信仰\、\审美意识\和\价值观\具有\很\高\的\文化\研究\价值\。\年\傣族刺绣\入选\云南省\第四批\省级\非物质文化\遗产\代表性\项目\名录\。\项目\代表性\传承\人\是\罕\云霞\、\刀永琴\。,傣族
速古笃制作技艺,云南省第四批,,云南省丽江市古城区,速古笃意为铁核桃源于土耳其约公元世纪传入中国历经宋、元、明、清四代先后在新疆、内蒙古及山西、河南、陕西一带流传宋末传入丽江。速古笃多用核桃木制作木质以重实为佳牢实耐用音色厚实、洪亮。速古笃长约厘米由琴头、琴身、上共鸣箱、下共鸣箱构成。琴头长约厘米宽约厘米厚约厘米琴头倾斜约度四个弦轸安于左侧其间相距厘米琴身亦称琴杆或柄长约厘米上窄下渐宽上共鸣箱长约厘米比琴稍宽与琴身相接处有对称的棱角如竹节棱角旁开有对称的个音孔多用凤眼形下共鸣箱呈梨形长约厘米中下部最宽处约厘米中部厚约厘米如瓢状面部蒙有蟒蛇皮或羊皮。琴头弦槽开于背面长约厘米宽约厘米。上共鸣箱与下共鸣箱之间有月牙形音孔两共鸣箱之间有直径约厘米的圆形音孔相通。琴码多用竹制长约厘米高约厘米下宽上窄下部中空两边触琴面处约厘米。上共鸣箱背面有金属或木质扣子扣子与系弦处系有带子便于演奏时挎琴。清代时速古笃制作技艺在新疆、内蒙古、山西、河南、陕西等原流传地均已失传唯在丽江流传至今。速古笃具有古朴的形制、制作方法、调弦系统还保存了传统演奏技艺为民族音乐和乐器发展研究提供了可贵的实物参照具有重要历史文化价值。年速古笃制作技艺入选云南省第四批省级非物质文化遗产代表性项目名录。项目代表性传承人是和占环。,省级,速古笃意\为\铁\核桃\源于\土耳其\约\公元\世纪\传入\中国\历经\宋\、\元\、\明\、\清\四代\先后\在\新疆\、\内蒙古\及\山西\、\河南\、\陕西\一带\流传\宋末\传入\丽江\。\速古笃\多用\核桃木\制作\木质\以重\实为\佳\牢实\耐用\音色\厚实\、\洪亮\。\速古笃长\约\厘米\由琴头\、\琴身\、\上\共鸣箱\、\下\共鸣箱\构成\。\琴头\长约\厘米\宽约\厘米\厚约\厘米\琴头\倾斜\约度\四个\弦\轸\安于\左侧\其间\相距\厘米\琴身\亦\称\琴杆\或\柄\长约\厘米\上窄\下渐\宽\上\共鸣箱\长约\厘米\比琴\稍宽\与\琴身\相接处\有\对称\的\棱角\如\竹节\棱角\旁开\有\对称\的\个\音孔\多用\凤眼\形下\共鸣箱\呈\梨形\长约\厘米\中下部\最\宽\处\约\厘米\中部\厚约\厘米\如瓢状\面部\蒙有\蟒蛇\皮\或\羊皮\。\琴头\弦\槽\开于\背面\长约\厘米\宽约\厘米\。\上\共鸣箱\与\下\共鸣箱\之间\有\月牙形\音孔\两\共鸣箱\之间\有\直径约\厘米\的\圆形\音孔\相通\。\琴码\多用\竹制\长约\厘米\高约\厘米\下\宽\上\窄\下部\中空\两边\触琴面\处约\厘米\。\上\共鸣箱\背面\有\金属\或\木质\扣子\扣子\与\系\弦\处系\有\带子\便于\演奏\时\挎\琴\。\清代\时速\古笃\制作\技艺\在\新疆\、\内蒙古\、\山西\、\河南\、\陕西\等\原\流传\地均\已\失传\唯在\丽江\流传\至今\。\速古笃\具有\古朴\的\形制\、\制作方法\、\调弦\系统\还\保存\了\传统\演奏\技艺\为\民族音乐\和\乐器\发展\研究\提供\了\可贵\的\实物\参照\具有\重要\历史\文化价值\。\年速\古笃\制作\技艺\入选\云南省\第四批\省级\非物质文化\遗产\代表性\项目\名录\。\项目\代表性\传承\人\是\和\占\环\。,
昭通苗族古歌,云南省第四批,民间文学,云南省昭通市,昭通苗族古歌在昭通市昭阳区盘河镇和鲁甸县的水磨镇保存较为完好古歌内容丰富包括创世史、战争史、迁徙史以及生产生活史等。昭通苗族古歌以《开天辟地》《枫木歌》《洪水滔天》《跋山涉水》《铸日造月》《砍枫香树》等较有代表性各歌均有与之相匹配的芦笙曲调。在昭通花苗族群内虽然古歌内容大致相同但是各流传地的古歌程式略有不同有整齐的五言句式也有参差不齐的长短句。长短句协调但不押韵句与句、段与段之间自然连接表达效果活泼。通常采用自问自答的方式运用比喻、夸张、排比、拟人、反问等修辞手法生动记述苗族先民对天地、万物及人类起源的解释和人们艰苦奋斗开创人类历史的功绩。比如古歌《怀念家园》中的第一句天是九重天的那个时候这里的九重天实际上比喻的是当时苗族社会的等级制度。天强也有弱时格炎敖孜劳从蔡眯弗氐来侵占了劳锢、劳坞、劳黎诸家园。反映了统治阶级衰弱的时候遭到外族入侵最终战败失去家园的历史。昭通苗族古歌使用的唱词多为古苗语语言朴素凝练生动形象。苗族歌手在苗语中称堵稿历来在苗族地区很有威望受人尊敬。昭通苗族古歌可在多种场合演唱形式多样在喜庆歌舞集会时苗族同胞会身着盛装吹奏芦笙演唱古歌。年昭通苗族古歌入选云南省第四批省级非物质文化遗产代表性项目名录。项目代表性传承人是李学德、王永清。,省级,昭通苗族古歌\在\昭通市\昭阳区\盘河\镇\和\鲁甸县\的\水磨\镇\保存\较为\完好\古歌\内容丰富\包括\创世\史\、\战争史\、\迁徙\史\以及\生产\生活史\等\。\昭通苗族古歌\以\《\开天辟地\》\《\枫木\歌\》\《\洪水\滔天\》\《\跋山涉水\》\《\铸日造\月\》\《\砍\枫香树\》\等\较\有\代表性\各歌\均\有\与\之\相匹配\的\芦笙\曲调\。\在\昭通\花\苗族\群内\虽然\古歌\内容\大致相同\但是\各\流传\地\的\古歌\程式\略有不同\有\整齐\的\五言\句式\也\有\参差不齐\的\长短句\。\长短句\协调\但\不\押韵\句\与\句\、\段\与\段\之间\自然\连接\表达\效果\活泼\。\通常\采用\自问自答\的\方式\运用\比喻\、\夸张\、\排比\、\拟人\、\反问\等\修辞手法\生动\记述\苗族\先民\对\天地\、\万物\及\人类\起源\的\解释\和\人们\艰苦奋斗\开创\人类\历史\的\功绩\。\比如\古歌\《\怀念\家园\》\中\的\第一句\天是\九重天\的\那个\时候\这里\的\九重天\实际上\比喻\的\是\当时\苗族\社会\的\等级制度\。\天强\也\有\弱\时格炎\敖孜劳\从\蔡眯弗\氐\来\侵占\了\劳锢\、\劳坞\、\劳黎\诸\家园\。\反映\了\统治阶级\衰弱\的\时候\遭到\外族\入侵\最终\战败\失去\家园\的\历史\。\昭通苗族古歌\使用\的\唱词\多为\古\苗语\语言\朴素\凝练\生动\形象\。\苗族\歌手\在\苗语\中称\堵稿\历来\在\苗族\地区\很\有\威望\受人\尊敬\。\昭通苗族古歌\可\在\多种\场合\演唱\形式多样\在\喜庆\歌舞\集会\时\苗族\同胞\会\身着\盛装\吹奏\芦笙\演唱\古歌\。\年\昭通苗族古歌\入选\云南省\第四批\省级\非物质文化\遗产\代表性\项目\名录\。\项目\代表性\传承\人\是\李学德\、\王\永清\。,苗族
楚雄滇剧,第四批,,楚雄州民族艺术剧院,滇剧自清代同治年间传入楚雄后在楚雄得到广泛普及和发展。年月日楚雄共和社的滇剧演员陈治言、况心臣、曾国璋、李天训等在禄丰县元永井曾为萧克、王震率领的中国工农红军第六军团演出滇剧《捉放曹》《小放牛》等。抗日战争时期楚雄的滇剧团社曾多次举行抗日救亡募捐、慰劳前方抗日将士募捐义演。楚雄州民族艺术剧院滇剧团成立于年是楚雄唯一的滇剧专业表演艺术团体。陈毅、郭沫若以及夏衍等曾观看过演出并给予高度的评价。该团阵容整齐、台风良好不仅传承滇剧优秀传统剧目而且编演反映现实生活的现代滇剧深受人民群众喜爱在全省滇剧界也很有影响。建团至今共演出和创作剧目多个代表剧目有《棠棣之花》《薛平贵与王宝钏》《老树红花》等具有全省影响的演员有李宝珍、况铸、黄龙奎等。滇剧音乐、唱腔创新发展的方针始终坚持古为今用、推陈出新对新创、编、移植的历史剧和现代戏均进行音乐、唱腔设计根据剧中人物的性格、心理变化和剧情的发展在老腔的基础上进行改革创新。对反映彝族人民生产、生活的剧目则吸收一些彝族基本音乐元素融入唱腔和场景音乐中使之具有民族特性。年楚雄滇剧入选云南省第四批省级非物质文化遗产代表性项目名录扩展项目名录。项目代表性传承人有李宝珍、况铸、黄龙奎等。,省级,滇剧\自\清代\同治\年间\传入\楚雄\后\在\楚雄\得到\广泛\普及\和\发展\。\年月日\楚雄\共和\社的\滇剧\演员\陈治言\、\况心臣\、\曾国璋\、\李天训\等\在\禄丰县\元永井\曾\为\萧克\、\王震\率领\的\中国工农红军\第六\军团\演出\滇剧\《\捉放\曹\》\《\小放牛\》\等\。\抗日战争\时期\楚雄\的\滇\剧团\社\曾多次\举行\抗日救亡\募捐\、\慰劳\前方\抗日\将士\募捐\义演\。\楚雄州\民族\艺术剧院\滇\剧团\成立\于\年\是\楚雄\唯一\的\滇剧\专业\表演艺术\团体\。\陈毅\、\郭沫若\以及\夏衍\等\曾\观看\过\演出\并\给予\高度\的\评价\。\该团\阵容\整齐\、\台风\良好\不仅\传承\滇剧\优秀\传统剧目\而且\编演\反映\现实生活\的\现代\滇剧\深受\人民\群众\喜爱\在\全省\滇剧\界\也\很\有\影响\。\建团\至今\共\演出\和\创作\剧目\多个\代表\剧目\有\《\棠棣\之花\》\《\薛平贵\与\王宝钏\》\《\老树\红花\》\等\具有\全省\影响\的\演员\有\李宝珍\、\况铸\、\黄龙\奎\等\。\滇剧\音乐\、\唱腔\创新\发展\的\方针\始终\坚持\古为今用\、\推陈出新\对\新创\、\编\、\移植\的\历史剧\和\现代戏\均\进行\音乐\、\唱腔\设计\根据\剧中\人物\的\性格\、\心理\变化\和\剧情\的\发展\在\老腔\的\基础\上\进行\改革\创新\。\对\反映\彝族\人民\生产\、\生活\的\剧目\则\吸收\一些\彝族\基本\音乐\元素\融入\唱腔\和\场景\音乐\中使\之\具有\民族\特性\。\年\楚雄滇剧\入选\云南省\第四批\省级\非物质文化\遗产\代表性\项目\名录\扩展\项目\名录\。\项目\代表性\传承\人有\李宝珍\、\况铸\、\黄龙\奎\等\。,彝族
口弦乐,第三批,传统音乐,云南省怒江州福贡县文化馆,口弦具有浓郁的民族风格和地方特色不仅是怒族、傈僳族传统舞蹈必不可缺少的伴奏之一也是当地青年男女之间交流思想感情不可或缺的乐器。口弦分单片弦和三片弦单片弦长约至寸宽半寸声音低沉浑厚可独奏也可合奏三片弦根据高低音阶不同又分为腮掰与呆呆。腮掰长约寸宽寸声音清脆细腻为高音区呆呆略长于腮掰音色绵长柔和为中音区。口弦乐声音虽小但音色丰富宛转悠扬、曲调抒情。弹奏时左手食指与拇指压住执手部位右手拔动弹片根据气息的变化来调节音色弹奏出不同弦调。口弦制作材料的挑选也十分严格仅选用冬季生长于当地向阳坡单枝分杈的青竹制作时仅取青竹向阳的一半。口弦制作精巧携带方便深受妇女喜爱是一种传情达意的工具弹奏时能借音传话使人在欣赏音乐时知情会意领会弹奏者的心意。口弦以鲜明的地方特色和民族特征世代相传具有较高的艺术价值。流传在福贡的口弦调傈僳族有《牵俄》《刮肯》《情歌》等怒族有《路亚谱日吉奴》《亚姆亚爬那米里》等曲调。随着时代的发展年轻一代的休闲娱乐方式趋向多元化许多弦调如今已经失传会制作和弹奏口弦的艺人年龄普遍偏大需及时保护。年口弦乐入选云南省第三批省级非物质文化遗产代表性项目名录。项目代表性传承人是汝马你、杨勇。傈僳族、怒族传统乐器三片高音口弦民间艺人弹拨奏三片口弦,省级,口弦\具有\浓郁\的\民族风格\和\地方\特色\不仅\是\怒族\、\傈僳族\传统\舞蹈\必不可缺\少\的\伴奏\之一\也\是\当地\青年\男女之间\交流\思想感情\不可或缺\的\乐器\。\口弦\分\单片\弦\和\三片\弦\单片\弦\长约\至寸\宽\半寸\声音\低沉\浑厚\可\独奏\也\可\合奏\三片\弦\根据\高低\音阶\不同\又\分为\腮\掰\与\呆呆\。\腮\掰\长约寸\宽寸\声音\清脆\细腻\为\高音区\呆呆\略\长于\腮\掰\音色\绵长\柔和\为\中\音区\。\口弦乐\声音\虽小\但\音色\丰富\宛转悠扬\、\曲调\抒情\。\弹奏\时\左手\食指\与\拇指\压住\执手\部位\右手\拔\动弹\片\根据\气息\的\变化\来\调节\音色\弹奏出\不同\弦\调\。\口弦\制作\材料\的\挑选\也\十分\严格\仅\选用\冬季\生长\于\当地\向阳坡\单枝\分\杈\的\青竹\制作\时仅取\青竹\向阳\的\一半\。\口弦\制作\精巧\携带方便\深受\妇女\喜爱\是\一种\传情\达意\的\工具\弹奏\时能\借音\传话\使人\在\欣赏\音乐\时\知情\会意\领会\弹奏\者\的\心意\。\口弦\以\鲜明\的\地方\特色\和\民族\特征\世代相传\具有\较\高\的\艺术\价值\。\流传\在\福贡\的\口弦\调\傈僳族\有\《\牵\俄\》\《\刮肯\》\《\情歌\》\等\怒族\有\《\路亚谱\日吉奴\》\《\亚姆亚\爬\那\米\里\》\等\曲调\。\随着\时代\的\发展\年轻一代\的\休闲\娱乐\方式\趋向\多元化\许多\弦\调\如今\已经\失传\会\制作\和\弹奏\口弦\的\艺人\年龄\普遍\偏大需\及时\保护\。\年\口弦乐\入选\云南省\第三批\省级\非物质文化\遗产\代表性\项目\名录\。\项目\代表性\传承\人\是\汝马\你\、\杨勇\。\傈僳族\、\怒族\传统\乐器\三片\高音\口弦\民间艺人\弹拨\奏\三片\口弦,怒族
花山节,云南省第三批,民俗,云南省师宗县,花山节是苗族最重要的节日之一相传它最初是苗族部落为了纪念一位降魔英雄而每年都举办的比武活动后演变为现在的花山节。花山节每三年为一届第一年举办三天第二年六天第三年九天。花山节一般在农历正月初一至正月初十活动场地选择山村或平整的稻田闲季无庄稼。活动通常由两人负责节目主持另外七人分别负责各个项目的组织实施。主要项目是踩花山需要两棵高且直的树木作花杆砍倒去皮晒干后用红、黄、绿三种颜色的纸进行装饰。其中一棵插蓝色旗的树较矮米是雄花杆代表父亲。另一棵插红色旗的树较高米是雌花杆代表母亲。代表母亲的花杆高一些因为母亲操持家务、生儿育女比较辛苦。在竖花杆的时候雄花杆与雌花杆之间相隔米。整个活动包括情歌对唱、摔跤、踢脚架、登山、爬花杆、射弩、打陀螺、吹口弦、跳芦笙舞等内容丰富形式多样。届时苗族男女青年身着节日盛装打着花伞背着芦笙从四面八方赶赴花山场。花山节既是本民族的大聚会也是男女青年谈情说爱的场所。花山节充分展示了苗族服饰和摔跤、打陀螺、爬花杆、芦笙舞、口弦、情歌对唱等具有地方民族特色的习俗。它既弘扬民族文化又促进民族团结。年花山节入选云南省级非物质文化遗产代表性项目名录扩展项目名录。项目代表性传承人是杨树荣。,省级,花山节\是\苗族\最\重要\的\节日\之一\相传\它\最初\是\苗族\部落\为了\纪念\一位\降魔\英雄\而\每年\都\举办\的\比武\活动\后\演变\为\现在\的\花山节\。\花山节\每\三年\为\一届\第一年\举办\三天\第二年\六天\第三年\九天\。\花山节\一般\在\农历\正月初一\至\正月初十\活动\场地\选择\山村\或\平整\的\稻田\闲季\无\庄稼\。\活动\通常\由\两人\负责\节目主持\另外\七人\分别\负责\各个\项目\的\组织\实施\。\主要\项目\是\踩花山\需要\两棵\高且\直\的\树木\作花杆\砍倒\去皮\晒干\后用\红\、\黄\、\绿\三种\颜色\的\纸\进行\装饰\。\其中\一棵\插\蓝色\旗\的\树\较\矮\米\是\雄花\杆\代表\父亲\。\另\一棵\插\红色\旗\的\树\较\高米\是\雌花\杆\代表\母亲\。\代表\母亲\的\花杆\高\一些\因为\母亲\操持家务\、\生儿育女\比较\辛苦\。\在\竖花杆\的\时候\雄花\杆\与\雌花\杆\之间\相隔\米\。\整个\活动\包括\情歌\对唱\、\摔跤\、\踢\脚架\、\登山\、\爬\花杆\、\射弩\、\打\陀螺\、\吹\口弦\、\跳\芦笙舞\等\内容丰富\形式多样\。\届时\苗族\男女\青年\身着\节日\盛装\打着\花伞\背着\芦笙\从\四面八方\赶赴\花山\场\。\花山节\既\是\本\民族\的\大聚会\也\是\男女\青年\谈情说爱\的\场所\。\花山节\充分\展示\了\苗族\服饰\和\摔跤\、\打\陀螺\、\爬\花杆\、\芦笙舞\、\口弦\、\情歌\对唱\等\具有\地方\民族特色\的\习俗\。\它\既\弘扬\民族文化\又\促进\民族团结\。\年\花山节\入选\云南\省级\非物质文化\遗产\代表性\项目\名录\扩展\项目\名录\。\项目\代表性\传承\人\是\杨树\荣\。,苗族
彝族喀红呗,第四批,传统舞蹈,云南省昭通市镇雄县文化馆,彝族喀红呗舞蹈从始至终响着马铃铛清脆悦耳的铃声使舞蹈节奏十分鲜明形成了独有的风格。随着铃铛的节奏人们唱起彝族的创世古歌、英雄史诗等歌曲涉及民族遭洪水、战争、迁徙等内容。舞蹈时领舞者左手持铃右手握白色孝布其他人右手持铃左手握白色孝布双手动作复杂多变动作幅度大直上直下铃声响亮清脆节奏感强。老年人跳时随着铃声的节拍步伐稳健有力动作舒展大方青年人跳时动作豪放刚劲有力形成粗犷豪放、铿锵有力的艺术特征体现出彝族耿直、粗犷、好强的性格。彝族喀红呗由很多舞段组成每一段舞蹈都有一个特殊的技巧动作。它有十几种舞步如跩脚步、甩铃步、行进甩铃、跳脚步等主要都是模拟动物形态如羊角碰角、猴子爬树、老鹰展翅、毛狗穿洞、四马追羊、野鸡钻篱笆等从这些动作名称和韵律分析反映了彝族古代社会主要是狩猎和畜牧的生活情况。随着时代的变迁彝族喀红呗赖以生存发展的社会环境发生了变化传统民俗日益淡化丧事从简彝族喀红呗的主要活动范围逐渐缩小。一些颇有造诣的舞者因年事已高逐步退出舞台有的相继谢世有些绝技难以得到传承面临人走艺绝的濒危情况亟待抢救。年彝族喀红呗入选云南省第四批省级非物质文化遗产代表性项目名录。项目代表性传承人是陆金华。喀红呗表演喀红呗表演,省级,彝族\喀红\呗\舞蹈\从始至终\响\着\马\铃铛\清脆悦耳\的\铃声\使\舞蹈节奏\十分\鲜明\形成\了\独有\的\风格\。\随着\铃铛\的\节奏\人们\唱起\彝族\的\创世\古歌\、\英雄\史诗\等\歌曲\涉及\民族\遭\洪水\、\战争\、\迁徙\等\内容\。\舞蹈\时\领舞\者\左手\持铃\右手\握\白色\孝布\其他人\右手\持铃\左手\握\白色\孝布\双手\动作\复杂多变\动作\幅度\大\直上直下\铃声\响亮\清脆\节奏感\强\。\老年人\跳时\随着\铃声\的\节拍\步伐\稳健\有力\动作\舒展\大方\青年人\跳时\动作\豪放\刚劲有力\形成\粗犷\豪放\、\铿锵有力\的\艺术\特征\体现\出\彝族\耿直\、\粗犷\、\好强\的\性格\。\彝族\喀红\呗\由\很多\舞段\组成\每\一段\舞蹈\都\有\一个\特殊\的\技巧\动作\。\它\有\十几种\舞步\如\跩\脚步\、\甩铃步\、\行进\甩铃\、\跳\脚步\等\主要\都\是\模拟\动物\形态\如\羊角\碰角\、\猴子\爬树\、\老鹰\展翅\、\毛狗\穿洞\、\四马\追羊\、\野鸡\钻\篱笆\等\从\这些\动作\名称\和\韵律\分析\反映\了\彝族\古代社会\主要\是\狩猎\和\畜牧\的\生活\情况\。\随着\时代\的\变迁\彝族\喀红\呗\赖以生存\发展\的\社会环境\发生\了\变化\传统\民俗\日益\淡化\丧事\从简\彝族\喀红\呗\的\主要\活动\范围\逐渐\缩小\。\一些\颇\有\造诣\的\舞者\因\年事已高\逐步\退出\舞台\有\的\相继\谢世\有些\绝技\难以\得到\传承\面临\人\走\艺绝\的\濒危\情况\亟待\抢救\。\年\彝族\喀红\呗\入选\云南省\第四批\省级\非物质文化\遗产\代表性\项目\名录\。\项目\代表性\传承\人\是\陆\金华\。\喀红\呗\表演\喀红\呗\表演,彝族
竹林村纳西族传统文化生态保护区,第四批,民族传统文化生态保护区,云南省古城区,保护区位于丽江市古城区大东乡大东村委会竹林村地处丽江市区东北部金沙江河谷地区。竹林村面积平方千米全村有户人年统计均为和姓纳西族由素和尤两大家族组成。竹林村交通条件便利森林覆盖率为树种以云南松、高山栲、清香木、核桃、毛竹为主村内有数十棵百年核桃树竹林、山石、建筑融为一体自然生态环境良好。保护区内民居为典型纳西族土木结构建筑呈大聚居、小散居的分布状态。建筑形式以传统的骑厦楼、蛮楼为主还分布有闷楼、井干式木楞房。竹林村是大东乡内东巴文化传承保护最好的村落现存非遗资源主要有以国家级非物质文化遗产纳西族热美蹉、东巴画、东巴造纸技艺及省级非物质文化遗产东巴舞、纳西族民居营造技艺、纳西族服饰、民歌谷气调为代表的十余项国家、省、市、区级非遗项目著名的大东巴五敖五举、和仕诚都是竹林村人。东巴仪式中的祭天、祭猎神、丧葬、乔迁、办寿、满月等仪式保留至今并在村民的精神文化生活中占据重要地位。祭天被视为村内最重要的活动有凝聚人心、增强文化向心力的重要作用。东巴造纸、东巴画、东巴舞等非物质文化遗产在竹林村的传承脉络清晰有序。现在竹林村定期在村小学组织文化活动并进行热美蹉、东巴画培训充分利用各类展览、比赛展示非遗成果。村干部及村民有很高的民族文化传承自觉性。竹林村有白沙细乐演奏队、文化艺术团和传承保护户等一批传承群体。年大东乡被云南省人民政府评为大东纳西族热美蹉之乡。年、年大东乡连续两次被文化部命名为中国民间文化艺术之乡。年大东村被列为第一批中国传统村落。年竹林村纳西族传统文化生态保护区入选云南省第四批省级非物质文化遗产代表性项目名录。项目代表性传承人是和智生、和学强等。,省级,保护区\位于\丽江市\古城区\大\东乡\大东\村委会\竹林\村\地处\丽江\市区\东北部\金沙江\河谷\地区\。\竹林\村\面积\平方千米\全村\有户\人\年\统计\均\为\和\姓\纳西族\由素\和\尤\两\大家族\组成\。\竹林\村\交通条件\便利\森林\覆盖率\为\树种\以\云南松\、\高山\栲\、\清香\木\、\核桃\、\毛竹\为主\村内\有\数十\棵\百年\核桃树\竹林\、\山石\、\建筑\融为一体\自然\生态环境\良好\。\保护区\内\民居\为\典型\纳西族\土\木结构\建筑\呈\大\聚居\、\小\散居\的\分布\状态\。\建筑\形式\以\传统\的\骑\厦楼\、\蛮楼\为主\还\分布\有闷楼\、\井\干式\木楞房\。\竹林\村是\大\东乡\内\东巴文化\传承\保护\最好\的\村落\现存\非遗\资源\主要\有以\国家级\非物质文化\遗产\纳西族热美蹉\、\东巴画\、\东巴\造纸\技艺\及\省级\非物质文化\遗产\东巴舞\、\纳西族\民居\营造\技艺\、\纳西族\服饰\、\民歌谷气调\为\代表\的\十余项\国家\、\省\、\市\、\区级\非遗\项目\著名\的\大\东巴\五敖五举\、\和\仕诚\都\是\竹林\村\人\。\东巴\仪式\中\的\祭天\、\祭猎\神\、\丧葬\、\乔迁\、\办寿\、\满月\等\仪式\保留\至今\并\在\村民\的\精神\文化\生活\中\占据\重要\地位\。\祭天\被\视为\村内\最\重要\的\活动\有\凝聚\人心\、\增强\文化\向心力\的\重要\作用\。\东巴\造纸\、\东巴画\、\东巴舞\等\非物质文化\遗产\在\竹林\村\的\传承\脉络\清晰\有序\。\现在\竹林\村\定期\在\村\小学\组织\文化\活动\并\进行\热美\蹉\、\东巴画\培训\充分利用\各类\展览\、\比赛\展示\非遗\成果\。\村干部\及\村民\有\很\高\的\民族\文化传承\自觉性\。\竹林\村有\白沙细乐\演奏\队\、\文化\艺术团\和\传承\保护\户\等\一批\传承\群体\。\年\大\东乡\被\云南省人民政府\评为\大东纳西族热美蹉之乡\。\年\、\年\大\东乡\连续\两次\被\文化部\命名\为\中国\民间文化\艺术\之\乡\。\年\大\东村\被\列为\第一批\中国\传统\村落\。\年\竹林村纳西族传统文化生态保护区\入选\云南省\第四批\省级\非物质文化\遗产\代表性\项目\名录\。\项目\代表性\传承\人\是\和\智生\、\和\学强\等\。,纳西族
嵩明面塑制作技艺,第三批,传统技艺,云南省嵩明县,面塑俗称面花、礼馍、花糕、捏面人是一种传统的民间艺术。其产生的确切时间已无从考证据当地老人回忆早在世纪初当地已有用于祭祀和售卖的面塑。制作面塑的关键在于面团的制作其制作步骤如下精选上好的小麦面粉和糯米面按比例混合加石蜡、蜂蜜、水将其揉匀制成饼状将面团放入开水中煮熟待面团冷却加入少许食盐和甘油揉搓面团以防止面团腐化在面团中加入各色食用色素或液态的广告画颜料并再次搓揉。这样用于制作面塑的面团便制成。面塑艺人根据需要取适量面团用手和简单工具如剪刀、梳子、刻刀等经捏、搓、揉、掀、切、刻、划、挑等技法便可制作出栩栩如生的艺术形象。传统的面塑作品主要以十二生肖为主兼以动物类、水果类、蔬菜类、人物类、器皿类等不仅包含中国传统戏曲、四大名著、民间故事、神话传说中的人物等传统题材还有深受大人和孩子们喜爱的各种卡通形象。其造型式样色调丰富、形象生动、体积较小具有较高的观赏价值和收藏价值。嵩明面塑没有形成规模化量产要掌握精湛的面塑技艺需要博采众长花费大量的时间进行反复的学习和练习年轻一辈极少有人愿意投入时间面塑制作技艺亟待加强保护。年嵩明面塑制作技艺入选云南省第三批非物质文化遗产代表性项目名录。项目代表性传承人是梁俊丽。,省级,面塑\俗称\面花\、\礼馍\、\花糕\、\捏面\人\是\一种\传统\的\民间艺术\。\其\产生\的\确切\时间\已\无从\考证\据\当地\老人\回忆\早\在\世纪\初\当地\已有\用于\祭祀\和\售卖\的\面塑\。\制作\面塑\的\关键在于\面团\的\制作\其\制作\步骤\如下\精选\上\好\的\小麦\面粉\和\糯米\面\按\比例\混合\加\石蜡\、\蜂蜜\、\水将\其\揉\匀\制成\饼\状\将\面团\放入\开水\中\煮熟\待\面团\冷却\加入\少许\食盐\和\甘油\揉搓\面团\以\防止\面团\腐化\在\面团\中\加入\各色\食用\色素\或\液态\的\广告画\颜料\并\再次\搓揉\。\这样\用于\制作\面塑\的\面团\便\制成\。\面塑\艺人\根据\需要\取适量\面团\用手\和\简单\工具\如\剪刀\、\梳子\、\刻刀\等经\捏\、\搓\、\揉\、\掀\、\切\、\刻\、\划\、\挑\等\技法\便\可\制作\出\栩栩如生\的\艺术形象\。\传统\的\面塑\作品\主要\以\十二生肖\为主\兼以\动物类\、\水果\类\、\蔬菜类\、\人物\类\、\器皿\类\等\不仅\包含\中国\传统\戏曲\、\四大名著\、\民间故事\、\神话传说\中\的\人物\等\传统\题材\还有\深受\大人\和\孩子\们\喜爱\的\各种\卡通\形象\。\其\造型\式样\色调\丰富\、\形象\生动\、\体积\较\小\具有\较\高\的\观赏价值\和\收藏\价值\。\嵩明\面塑\没有\形成\规模化\量产\要\掌握\精湛\的\面塑\技艺\需要\博采众长\花费\大量\的\时间\进行\反复\的\学习\和\练习\年轻\一辈\极少\有人\愿意\投入\时间\面塑\制作\技艺\亟待\加强\保护\。\年\嵩明面塑制作技艺\入选\云南省\第三批\非物质文化\遗产\代表性\项目\名录\。\项目\代表性\传承\人\是\梁俊丽\。,
拖顶藏族酒歌,第四批,传统音乐,云南省迪庆藏族自治州德钦县,拖顶藏族酒歌属一种藏族民歌的无伴奏仪式歌曲主要流传于云南省迪庆藏族自治州德钦县拖顶乡。拖顶地区每逢新春佳节、乔迁新居、婚丧嫁娶拖顶人便捧上醇香的美酒献上一条洁白的哈达给来自八方的朋友唱起优美动听的酒歌客人们流连忘返因此拖顶有酒歌之乡之称。德钦藏区流传的传统敬酒歌曲调弛缓基本动作一般都是弓腰屈膝踢踏动作庄重缓慢而拖顶藏族酒歌则是抬头挺胸节奏欢快最后的《农日》更是肢体动作幅度极大踢踏节奏激烈摆脱了藏族传统酒歌的束缚。拖顶藏族酒歌表演队伍由青年男子组成通常有人左右。表演者统一着装头戴金边帽身着右衽藏红色氆氇楚巴足登长筒藏鞋内穿白色长袖衬衣踏足甩袖引吭高歌。拖顶藏族酒歌共有九支曲调《布达拉》《达巴拉生》《尼玛亚吉》《拉斯都巴》《阿若鲁琼》《扎史永恰》《升几扎巴拉松》《正堆》《农日》每首都有固定的歌词和舞蹈动作表演的时候也有固定的顺序。拖顶藏族酒歌是拖顶藏族民间习俗活动达金中不可或缺的内容包含了当地藏族人民群众的文化、价值、道德理念是当地文化形式的集中体现具有民族学研究价值。年拖顶藏族酒歌入选云南省第四批省级非物质文化遗产代表性项目名录。项目代表性传承人是斯那定主。,省级,拖顶藏族酒歌\属\一种\藏族\民歌\的\无\伴奏\仪式\歌曲\主要\流传\于\云南省迪庆藏族自治州\德钦县\拖顶\乡\。\拖顶\地区\每逢\新春佳节\、\乔迁\新居\、\婚丧嫁娶\拖顶\人\便\捧\上\醇香\的\美酒\献上\一条\洁白\的\哈达\给\来自\八方\的\朋友\唱起\优美\动听\的\酒歌\客人\们\流连忘返\因此\拖顶\有\酒歌\之乡\之称\。\德钦\藏区\流传\的\传统\敬酒\歌曲\调\弛缓\基本\动作\一般\都\是\弓腰\屈膝\踢踏\动作\庄重\缓慢\而\拖顶藏族酒歌\则\是\抬头挺胸\节奏\欢快\最后\的\《\农日\》\更是\肢体\动作\幅度\极大\踢踏\节奏\激烈\摆脱\了\藏族\传统\酒歌\的\束缚\。\拖顶藏族酒歌\表演\队伍\由\青年\男子\组成\通常\有人\左右\。\表演者\统一\着装\头戴\金边\帽\身着\右衽\藏\红色\氆氇\楚巴足\登长\筒\藏\鞋\内\穿\白色\长袖\衬衣\踏足\甩袖\引吭高歌\。\拖顶藏族酒歌\共有\九支\曲调\《\布达拉\》\《\达\巴拉\生\》\《\尼玛\亚吉\》\《\拉斯\都\巴\》\《\阿若鲁琼\》\《\扎史\永恰\》\《\升几扎\巴拉松\》\《\正堆\》\《\农日\》\每\首都\有\固定\的\歌词\和\舞蹈动作\表演\的\时候\也\有\固定\的\顺序\。\拖顶藏族酒歌\是\拖\顶\藏族\民间\习俗\活动\达金中\不可或缺\的\内容\包含\了\当地\藏族\人民\群众\的\文化\、\价值\、\道德\理念\是\当地\文化\形式\的\集中体现\具有\民族学\研究\价值\。\年\拖顶藏族酒歌\入选\云南省\第四批\省级\非物质文化\遗产\代表性\项目\名录\。\项目\代表性\传承\人\是\斯\那定\主\。,藏族
绿春哈尼族服饰,云南省第三批,民俗,云南省绿春县,哈尼族因各支系居住环境不同服饰款式千姿百态工序繁杂考究图案变化多样色彩斑斓美观大方各具特色。绿春哈尼族服饰以自制黑色或青色土染布为主要材质饰有不同的花边、图案和银饰品。经种植棉花、收棉、轧棉、弹棉、搓棉、纺线、绕线、煮线、洗线、捻线、拉线、排线、调线、集线、织布、靛染、凉布、裁缝、剪贴、刺绣等多道繁杂工序制成。袖口、领边、衣襟、脚边均有不同的装饰。从哈尼族服饰不仅可看出穿戴者所属支系还可看出其年龄、婚姻状况和身份。纺织器具均以木和竹制成有轧棉机、弹棉弓、纺线机、集线器、竹管、竹片、调线器、织布机、靛染缸、缝纫机等。绿春哈尼族服饰作为一种文化的载体和一个族群的标志不仅具有满足生活需要、识别身份的功用同时还是哈尼族文化内涵、宗教信仰的折射是哈尼族人在长期的生产劳动中自己创造的。它记录着哈尼族先民漫长的历史又集中体现了哈尼族人民对大自然的主观反映向世人展现出一个古老民族的历史和生产生活习俗具有重要的历史学、科学和文化学的研究价值。年绿春哈尼族服饰入选云南省级非物质文化遗产代表性项目名录扩展项目名录。项目代表性传承人是白玉收。,省级,哈尼族\因\各\支系\居住\环境\不同\服饰\款式\千姿百态\工序\繁杂\考究\图案\变化\多样\色彩斑斓\美观大方\各具特色\。\绿春哈尼族服饰\以\自制\黑色\或\青色\土\染布\为\主要\材质\饰\有\不同\的\花边\、\图案\和\银饰品\。\经\种植\棉花\、\收棉\、\轧棉\、\弹棉\、\搓\棉\、\纺线\、\绕线\、\煮线\、\洗线\、\捻线\、\拉线\、\排线\、\调线\、\集线\、\织布\、\靛染\、\凉布\、\裁缝\、\剪贴\、\刺绣\等\多\道\繁杂\工序\制成\。\袖口\、\领边\、\衣襟\、\脚边\均\有\不同\的\装饰\。\从\哈尼族\服饰\不仅\可\看出\穿戴\者\所属\支系\还\可\看出\其\年龄\、\婚姻状况\和\身份\。\纺织\器具\均\以木\和\竹\制成\有\轧棉\机\、\弹\棉弓\、\纺线\机\、\集线器\、\竹管\、\竹片\、\调线器\、\织布机\、\靛\染缸\、\缝纫机\等\。\绿春哈尼族服饰\作为\一种\文化\的\载体\和\一个\族群\的\标志\不仅\具有\满足\生活\需要\、\识别\身份\的\功用\同时\还是\哈尼族\文化\内涵\、\宗教信仰\的\折射\是\哈尼族\人\在\长期\的\生产\劳动\中\自己\创造\的\。\它\记录\着\哈尼族\先民\漫长\的\历史\又\集中体现\了\哈尼族\人民\对\大自然\的\主观\反映\向\世人\展现出\一个\古老\民族\的\历史\和\生产\生活\习俗\具有\重要\的\历史学\、\科学\和\文化学\的\研究\价值\。\年\绿春哈尼族服饰\入选\云南\省级\非物质文化\遗产\代表性\项目\名录\扩展\项目\名录\。\项目\代表性\传承\人\是\白玉\收\。,哈尼族
壮族创世史诗《濮侬论者渡》,云南省第四批,民间文学,云南省文山壮族苗族自治州,《濮侬论者渡》是壮族濮侬支系世代传诵的创世史诗在文山州壮族濮侬支系和邻国越南的侬族群体里广泛传承。经过调查整理形成的壮语五言律诗有一万余行诗歌有完整的韵律包括首尾韵、腰韵、脖韵等。《濮侬论者渡》按照内容大致可分为个段落涵盖盘古神分天地、造时空、造人和世间万物洪水滔天娘侄婚配传人种以及远古时期建房、狩猎、养牲畜、占卜、祭祀神灵等活动。这部创世史诗是早期濮侬的历史教科书涉及宇宙起源和人类起源涉及生产科技、历法涉及伦理道德、人与社会、人与自然的和谐发展解释生命与生态平衡延续及宗教信仰等。通常在岁时节庆、丧葬礼俗、婚礼仪式、原始宗教祭祀仪式活动中演唱演唱者为民间男女祭司、族长、民间艺人等。不同的民俗活动场景中选唱的段落有所不同音乐曲调也不同。《濮侬论者渡》在民间以口传为主也流传着少量古壮字手抄本。文山州民间文艺家协会通过对全州个村寨的调查统计发现现在能够演唱《濮侬论者渡》三分之一内容的传承人已经不到人其中比较有代表性的是麻栗坡县八布乡竜龙村的祭司张廷会和西畴县西洒镇纸厂村的歌手陆福翠。年壮族创世史诗《濮侬论者渡》入选云南省第四批省级非物质文化遗产代表性项目名录。项目代表性传承人是张廷会、陆福翠。,省级,《\濮\侬\论者\渡\》\是\壮族\濮\侬\支系\世代\传诵\的\创世\史诗\在\文山州\壮族\濮\侬\支系\和\邻国\越南\的\侬\族\群体\里\广泛\传承\。\经过\调查\整理\形成\的\壮语\五言律诗\有\一万余\行\诗歌\有\完整\的\韵律\包括\首尾\韵\、\腰韵\、\脖韵\等\。\《\濮\侬\论者\渡\》\按照\内容\大致\可\分为\个\段落\涵盖\盘古\神分\天地\、\造\时空\、\造人\和\世间\万物\洪水\滔天\娘\侄\婚配\传人\种\以及\远古\时期\建房\、\狩猎\、\养\牲畜\、\占卜\、\祭祀\神灵\等\活动\。\这部\创世\史诗\是\早期\濮\侬\的\历史\教科书\涉及\宇宙\起源\和\人类\起源\涉及\生产\科技\、\历法\涉及\伦理道德\、\人\与\社会\、\人与自然\的\和谐\发展\解释\生命\与\生态平衡\延续\及\宗教信仰\等\。\通常\在\岁\时\节庆\、\丧葬\礼俗\、\婚礼\仪式\、\原始宗教\祭祀\仪式\活动\中\演唱\演唱者\为\民间\男女\祭司\、\族长\、\民间艺人\等\。\不同\的\民俗\活动\场景\中选\唱\的\段落\有所不同\音乐\曲调\也\不同\。\《\濮\侬\论者\渡\》\在\民间\以\口传\为主\也\流传\着\少量\古壮字\手抄本\。\文山州\民间文艺\家协会\通过\对\全州\个\村寨\的\调查\统计\发现\现在\能够\演唱\《\濮\侬\论者\渡\》\三分之一\内容\的\传承\人\已经\不到\人\其中\比较\有\代表性\的\是\麻栗坡县\八布\乡\竜\龙村\的\祭司\张廷会\和\西畴县\西洒\镇\纸厂\村\的\歌手\陆福翠\。\年\壮族\创世\史诗\《\濮\侬\论者\渡\》\入选\云南省\第四批\省级\非物质文化\遗产\代表性\项目\名录\。\项目\代表性\传承\人\是\张廷会\、\陆福翠\。,壮族
布朗族山康茶祖节,第四批,民俗,澜沧县文化馆文化馆,布朗族山康茶祖节布朗族称好够龙与汉族的春节相仿有除旧迎新的意思时间一般为农历的二月二十七到三月初一在新的一年开始之际布朗人表达对祖先的怀念和崇拜祈求祖先给予保佑。布朗族山康茶祖节源于澜沧县惠民镇芒景村布朗族先民发现、驯化、种植和利用茶的活动在千百年历史的磨砺中逐渐演变、成型而约定俗成。节日第一天主要是打扫村寨环境卫生和处理个人卫生准备迎接节日第二天各村寨开始杀猪宰牛包黄粑筹办酒肉以接待附近各族来宾第三天由各村寨自己组织活动内容有民间歌舞联欢接新水、送饭给在佛寺做祈福的老年人堆沙、滴水统一为死去的人献饭寓意为给先人献礼期盼得到先人们的保佑第四天为茶祖节男女老少都穿着盛装前往古茶山祭拜茶魂、祭奠先人。布朗族山康茶祖节有大祭和小祭之分三年为一轮第一、二年为小祭第三年为大祭。小祭时村民自己带一些祭品放在茶魂台上敬献祭拜。大祭时则要举行盛大的剽牛仪式剽牛后将牛头砍下拿到茶魂台敬献茶祖。布朗族山康茶祖节在内容上保持着朴实的生态理念和生活追求表现了布朗人朴素的生态发展观蕴含着布朗族的精神、信仰和价值取向等体现了布朗族古老的宗教文化承载着布朗族许多重大历史和原始记忆。澜沧布朗族地区长期的农耕历史和相对稳定的文化环境使大量原始农耕文化和传统习俗在布朗族山康茶祖节活动中被保留下来其中一些宗教仪式表现的形式是了解布朗族历史、文化的珍贵资料。随着社会的快速发展布朗族传统的生产生活方式日渐消失老一辈传承人相继去世懂得布朗族风俗礼仪知识的人越来越少山康茶祖节没有形成组织机制在外来文化的冲击下群众参与度逐年下降。年布朗族山康茶祖节入选云南省第四批省级非物质文化遗产代表性项目名录。项目代表性传承人是康朗丙、苏国文。,省级,布朗族山康茶祖节\布朗族\称好够\龙\与\汉族\的\春节\相仿\有\除旧迎新\的\意思\时间\一般\为\农历\的\二月\二十七\到\三月初\一在\新\的\一年\开始\之际\布朗\人\表达\对\祖先\的\怀念\和\崇拜\祈求\祖先\给予\保佑\。\布朗族山康茶祖节\源于\澜沧\县\惠民\镇芒\景村\布朗族\先民\发现\、\驯化\、\种植\和\利用\茶\的\活动\在\千百年\历史\的\磨砺\中\逐渐\演变\、\成型\而\约定俗成\。\节日\第一天\主要\是\打扫\村寨\环境卫生\和\处理\个人卫生\准备\迎接\节日\第二天\各\村寨\开始\杀猪\宰牛\包黄粑\筹办\酒肉\以\接待\附近\各族\来宾\第三天\由\各\村寨\自己\组织\活动\内容\有\民间\歌舞\联欢\接新水\、\送饭\给\在\佛寺\做\祈福\的\老年人\堆沙\、\滴水\统一\为\死去\的\人献饭\寓意\为\给\先人\献礼\期盼\得到\先\人们\的\保佑\第四天\为\茶\祖节\男女老少\都\穿着\盛装\前往\古\茶山\祭拜\茶魂\、\祭奠\先人\。\布朗族山康茶祖节\有\大\祭\和\小\祭\之分\三年\为\一轮\第一\、\二年\为\小\祭\第三年\为\大\祭\。\小\祭时\村民\自己\带\一些\祭品\放在\茶魂\台上\敬献\祭拜\。\大\祭时\则\要\举行\盛大\的\剽牛\仪式\剽牛后\将\牛头\砍\下\拿到\茶魂台\敬献\茶祖\。\布朗族山康茶祖节\在\内容\上\保持\着\朴实\的\生态\理念\和\生活\追求\表现\了\布朗\人\朴素\的\生态\发展观\蕴含着\布朗族\的\精神\、\信仰\和\价值\取向\等\体现\了\布朗族\古老\的\宗教文化\承载\着\布朗族\许多\重大\历史\和\原始\记忆\。\澜沧\布朗族\地区\长期\的\农耕\历史\和\相对\稳定\的\文化环境\使\大量\原始\农耕\文化\和\传统习俗\在\布朗族山康茶祖节\活动\中\被\保留\下来\其中\一些\宗教仪式\表现\的\形式\是\了解\布朗族\历史\、\文化\的\珍贵\资料\。\随着\社会\的\快速\发展\布朗族\传统\的\生产\生活方式\日渐\消失\老一辈\传承\人\相继\去世\懂得\布朗族\风俗\礼仪\知识\的\人\越来越少\山康\茶\祖节\没有\形成\组织\机制\在\外来文化\的\冲击\下\群众\参与度\逐年\下降\。\年\布朗族山康茶祖节\入选\云南省\第四批\省级\非物质文化\遗产\代表性\项目\名录\。\项目\代表性\传承\人\是\康朗\丙\、\苏\国文\。,布朗族
万家乌铜走银制作技艺,云南省第一批,传统技艺,云南省保山市隆阳区,乌铜走银曾与北京景泰蓝齐名并称天下铜艺双绝。保山市隆阳区板桥镇万家四宝斋前身为怀宝银楼家传乌铜走银制作技艺已逾四代。乌铜走银是将银丝嵌入乌铜表面已经錾刻好的花纹内再通过加热将银丝熔化使银与铜形成半合金状态稍后冷却用手急擦让汗液渗透到走银处使铜银结合得更稳定并富有光泽。万家乌铜走银制作技艺是全手工操作先将红铜及黄金置于熔炉中加热熔化后浇铸于平整的石板或铁板上铸为薄块状再经手工捶打至所需要的厚度按需求剪切焊接成型。之后在已经成型的合金片上镌刻诗词歌赋或山水人物等字画图案在刻痕里精细地涂抹祖传的焊药待其稍干将已熔化的白银液体灌注其中。此时做好的工件仍呈红铜色但与人体汗液接触后红铜变为乌色灌注在刻痕中的白银就显得更加晶莹白亮。万家乌铜走银制作技艺的绝妙之处一是红铜与黄金的合金比例要恰当浇铸出的合金才会与人体汗液发生反应而成乌色二是焊药的配制十分考究使用祖传秘制的焊药才能让铜与银永远紧密贴合合二为一三是刻字与绘画的精美程度决定了成品的质量与品位。因制作技艺要求较高存世作品并不多见小件主要以烟斗、墨盒、酒具、茶具、香炉、戒指等为主最具代表性的大件是收藏在人民大会堂云南馆的《五百里滇池》巨型屏风。年万家乌铜走银制作技艺入选云南省级非物质文化遗产代表性项目名录扩展项目名录。项目代表性传承人是万光红。,省级,乌铜\走\银\曾\与\北京\景泰蓝\齐名\并称\天下\铜艺\双绝\。\保山市\隆阳区\板桥镇\万家\四宝斋\前身\为\怀宝\银楼\家传\乌铜走银制作技艺\已\逾\四代\。\乌铜\走\银\是\将\银丝\嵌入\乌铜\表面\已经\錾\刻\好\的\花纹\内\再\通过\加热\将\银丝\熔化\使\银\与\铜\形成\半\合金\状态\稍后\冷却\用手\急\擦\让\汗液\渗透到\走银处\使\铜\银\结合\得\更\稳定\并\富有\光泽\。\万家乌铜走银制作技艺\是\全\手工操作\先\将\红铜\及\黄金\置于\熔炉\中\加热\熔化\后\浇铸\于\平整\的\石板\或\铁板\上\铸\为\薄\块状\再\经\手工\捶打\至\所\需要\的\厚度\按\需求\剪切\焊接\成型\。\之后\在\已经\成型\的\合金\片上\镌刻\诗词歌赋\或\山水\人物\等\字画\图案\在\刻痕\里\精细\地\涂抹\祖传\的\焊药\待\其\稍\干将\已\熔化\的\白银\液体\灌注\其中\。\此时\做好\的\工件\仍\呈\红铜\色\但\与\人体\汗液\接触\后\红铜\变为\乌色\灌注\在\刻痕\中\的\白银\就\显得\更加\晶莹\白亮\。\万家乌铜走银制作技艺\的\绝妙\之处\一是\红铜\与\黄金\的\合金\比例\要\恰当\浇铸\出\的\合金\才\会\与\人体\汗液\发生\反应\而成\乌色\二\是\焊药\的\配制\十分\考究\使用\祖传\秘制\的\焊药\才能\让\铜\与\银\永远\紧密\贴合\合二为一\三是\刻字\与\绘画\的\精美\程度\决定\了\成品\的\质量\与\品位\。\因\制作\技艺\要求\较\高\存世\作品\并\不多见\小件\主要\以\烟斗\、\墨盒\、\酒具\、\茶具\、\香炉\、\戒指\等\为主\最具\代表性\的\大件\是\收藏\在\人民大会堂\云南\馆\的\《\五百里\滇池\》\巨型\屏风\。\年\万家乌铜走银制作技艺\入选\云南\省级\非物质文化\遗产\代表性\项目\名录\扩展\项目\名录\。\项目\代表性\传承\人\是\万光红\。,
陆良彝族大三弦舞,第一批,传统舞蹈,陆良县文化馆,云南省曲靖市陆良县彝族撒尼人的大三弦舞世代流传无具体起源时代可查。彝族小伙子们在天黑后挎上三弦见景生情边弹边唱在村寨中邀请舞伴。人们听到传出的琴声和掌声后就会不约而同地来到公房内跳舞如遇到娶亲嫁女会通宵达旦地跳。跳大三弦舞时人数不限男女两排对舞男的拨弦引笛女的击掌拍迎。跳舞时队形变化复杂以圆圈和方队为主。跳舞速度有快有慢蹬脚有韧劲收脚有弹力蹬脚快收脚慢动作干净稳健一进一退起落有致节拍鲜明节奏感强。舞者随着音乐快慢和哨音的长短变化不同的舞步。主要套路有弹跳步、跑跳步、转自跳、十字档、弹脚转身跳、摆臂转圈等。舞蹈的主要特点是沉、稳、颤、顿、朴实、矫健、豪放。彝族大三弦舞在当地流传广不拘形式不限时间不分民族深受群众喜爱。该舞蹈民族特色浓郁有一定的艺术性和观赏性适合广场大型文娱活动也适合舞台演出。年陆良彝族大三弦舞入选云南省第一批省级非物质文化遗产保护名录。代表性传承人是赵竹英。节日聚会上的大三弦舞中小学大三弦舞传承活动,省级,云南省\曲靖市\陆良县\彝族\撒尼\人\的\大三弦\舞\世代\流传\无\具体\起源\时代\可\查\。\彝族\小伙子\们\在\天黑\后\挎\上\三弦\见景生情\边弹\边\唱\在\村寨\中\邀请\舞伴\。\人们\听到\传出\的\琴声\和\掌声\后\就\会\不约而同\地\来到\公房\内\跳舞\如\遇到\娶亲\嫁女\会\通宵达旦\地\跳\。\跳\大三弦\舞时\人数\不\限\男女\两排\对\舞男\的\拨弦\引笛\女\的\击掌\拍迎\。\跳舞\时\队形\变化\复杂\以\圆圈\和\方队\为主\。\跳舞\速度\有快有慢\蹬脚\有\韧劲\收脚\有\弹力\蹬脚\快\收脚\慢动作\干净\稳健\一进\一退\起落\有\致\节拍\鲜明\节奏感\强\。\舞者\随着\音乐\快慢\和\哨音\的\长短\变化\不同\的\舞步\。\主要\套路\有\弹跳\步\、\跑\跳步\、\转自\跳\、\十字\档\、\弹脚\转身\跳\、\摆臂\转圈\等\。\舞蹈\的\主要\特点\是\沉\、\稳\、\颤\、\顿\、\朴实\、\矫健\、\豪放\。\彝族大三弦舞\在\当地\流传\广\不拘形式\不\限\时间\不\分\民族\深受\群众\喜爱\。\该\舞蹈\民族特色\浓郁\有\一定\的\艺术性\和\观赏性\适合\广场\大型\文娱活动\也\适合\舞台\演出\。\年\陆良彝族大三弦舞\入选\云南省\第一批\省级\非物质文化\遗产\保护\名录\。\代表性\传承\人\是\赵竹英\。\节日\聚会\上\的\大三弦\舞\中小学\大三弦\舞\传承\活动,彝族
宁洱洞经音乐,第三批,传统音乐,宁洱县文化馆,宁洱洞经音乐历史悠久在形成及发展过程中深受明清时期汉族移民和茶马古道所带来的汉族文化影响。清雍正七年普洱今宁洱县设府置道就有洞经音乐的记载从中华民国初期至今有着完整的传承谱系。宁洱洞经音乐一板三眼宫、商、角、徵、羽五声调式俱全曲牌分为弹奏曲牌和弹唱曲牌又分为文场、武场。哎、啊、嗯、哈等衬词行腔较多是弹唱经文的纯正雅乐。演奏乐器包括中胡、挽琴、大三弦、大阮、小阮、琵琶、古筝等武场乐器有大鼓、低音锣、小锣等余种。现流传下来的有《南晶宫》《一家仕》《山坡羊》《琵琶词》《锁南枝》《贺圣朝》等支曲牌。宁洱洞经音乐传承在演、唱、奏的风格和形式上做了多方面的大胆探索将茶文化元素引入洞经音乐实行自然有机的结合有着很强的民族性、地域性是宁洱汉族政治、经济、文化发展的缩影。目前宁洱洞经音乐传承活动主要参与者是六七十岁的老人加之洞经音乐是弹唱经文的纯正雅乐在年轻一辈中少有爱好者。年宁洱县洞经音乐入选云南省第三批省级非物质文化遗产代表性项目名录扩展项目名录。项目代表性传承人是肖政。,省级,宁洱洞经音乐\历史悠久\在\形成\及\发展\过程\中\深受\明清\时期\汉族\移民\和\茶\马\古道\所\带来\的\汉族\文化\影响\。\清雍正\七年\普洱\今\宁洱\县\设府\置\道\就\有\洞经音乐\的\记载\从\中华民国\初期\至今\有着\完整\的\传承\谱系\。\宁洱洞经音乐\一板三眼\宫\、\商\、\角\、\徵\、\羽\五声\调式\俱全\曲牌\分为\弹奏\曲牌\和\弹唱\曲牌\又\分为\文场\、\武场\。\哎\、\啊\、\嗯\、\哈等\衬词\行腔\较\多\是\弹唱\经文\的\纯正\雅乐\。\演奏\乐器\包括\中胡\、\挽琴\、\大三弦\、\大阮\、\小\阮\、\琵琶\、\古筝\等\武场\乐器\有\大鼓\、\低音\锣\、\小锣\等\余种\。\现\流传\下来\的\有\《\南晶宫\》\《\一家\仕\》\《\山坡羊\》\《\琵琶\词\》\《\锁南枝\》\《\贺圣朝\》\等\支\曲牌\。\宁洱洞经音乐\传承\在\演\、\唱\、\奏\的\风格\和\形式\上\做\了\多方面\的\大胆\探索\将\茶文化\元素\引入\洞经音乐\实行\自然\有机\的\结合\有着\很强\的\民族性\、\地域性\是\宁洱\汉族\政治\、\经济\、\文化\发展\的\缩影\。\目前\宁洱洞经音乐\传承\活动\主要\参与者\是\六七十岁\的\老人\加之\洞经音乐\是\弹唱\经文\的\纯正\雅乐\在\年轻\一辈\中\少有\爱好者\。\年\宁洱\县\洞经音乐\入选\云南省\第三批\省级\非物质文化\遗产\代表性\项目\名录\扩展\项目\名录\。\项目\代表性\传承\人\是\肖政\。,
纳西族建筑彩绘,第四批,传统美术,古城区非物质文化遗产保护管理中心,纳西族建筑彩绘兴起于明代初期主要施作于殿宇、祠堂、寺庙等大型木结构建筑之上是以图案绘画为代表的传统建筑装饰技艺。纳西族建筑彩绘在数百年来不断广泛吸收汉族、藏族、白族等民族的建筑彩绘技艺融合发展成极具纳西族特色和地方特点的建筑彩绘。其主要特色为部件测量、模板裁剪、桃枝运用、矿物颜料研磨和以三脉五脉晕口留白为代表的彩画、素画和黑白画勾勒施画工艺整理图案多种有相对统一的画谱体系有相应工序规矩使纳西族建筑彩绘工艺技法、色彩运用、图案形制得以系统传承和保留。纳西族建筑彩绘使用桃木笔和以朱丹、石绿、铅粉为主的传统颜料彩绘内容融合汉、藏文化图案包含佛、道、儒等宗教风格具有纳西特点是集工艺性、艺术性于一体的地方建筑彩绘体系。主要工艺包括部件的测量、清理建筑木材平面、裁剪图案纹样模板、模板打样、勾勒施画、作晕粉、淡、深处理最后整理填白。图案则包含人物、物件、几何图案画、吉祥动植物、神兽瑞禽、卷草香花、莲花、牡丹等。纳西族建筑彩绘有相应工序规矩和相对统一的画谱体系其使用的原料和彩绘工艺使木结构更加耐久坚固防虫防潮。该彩绘反映当地审美趋向与人文色彩的建筑装饰施作艺术是中国古建彩绘施作的重要组成部分对维系世界文化遗产丽江古城传统建筑风格具有极其重要的历史意义和现实意义。纳西族建筑彩绘主要施作于大型土木建筑随着现代钢混结构的大量建设其市场需求变少技艺传承面临断代的危机。年纳西族建筑彩绘入选云南省第四批省级非物质文化遗产代表性项目名录。项目代表性传承人是木庚锡。,省级,纳西族建筑彩绘\兴起\于\明代\初期\主要\施作于\殿宇\、\祠堂\、\寺庙\等\大型\木结构\建筑\之上\是\以\图案\绘画\为\代表\的\传统\建筑\装饰\技艺\。\纳西族建筑彩绘\在\数百年\来\不断\广泛\吸收\汉族\、\藏族\、\白族\等\民族\的\建筑\彩绘\技艺\融合\发展\成\极具\纳西族\特色\和\地方\特点\的\建筑\彩绘\。\其\主要\特色\为\部件\测量\、\模板\裁剪\、\桃枝\运用\、\矿物\颜料\研磨\和\以三脉\五脉\晕口\留白\为\代表\的\彩画\、\素画\和\黑白\画\勾勒\施画\工艺\整理\图案\多种\有\相对\统一\的\画谱\体系\有\相应\工序\规矩\使\纳西族建筑彩绘\工艺\技法\、\色彩\运用\、\图案\形制\得以\系统\传承\和\保留\。\纳西族建筑彩绘\使用\桃木\笔和以\朱丹\、\石绿\、\铅粉\为主\的\传统\颜料\彩绘\内容\融合\汉\、\藏\文化\图案\包含\佛\、\道\、\儒等\宗教\风格\具有\纳西\特点\是\集\工艺性\、\艺术性\于\一体\的\地方\建筑\彩绘\体系\。\主要\工艺\包括\部件\的\测量\、\清理\建筑\木材\平面\、\裁剪\图案\纹样\模板\、\模板\打样\、\勾勒\施画\、\作晕粉\、\淡\、\深\处理\最后\整理\填白\。\图案\则\包含\人物\、\物件\、\几何图案\画\、\吉祥\动植物\、\神兽\瑞禽\、\卷草\香花\、\莲花\、\牡丹\等\。\纳西族建筑彩绘\有\相应\工序\规矩\和\相对\统一\的\画谱\体系\其\使用\的\原料\和\彩绘\工艺\使\木结构\更加\耐久\坚固\防虫\防潮\。\该\彩绘\反映\当地\审美\趋向\与\人文\色彩\的\建筑\装饰\施作\艺术\是\中国\古建\彩绘\施作\的\重要\组成部分\对\维系\世界\文化遗产\丽江古城\传统\建筑风格\具有\极其重要\的\历史\意义\和\现实意义\。\纳西族建筑彩绘\主要\施作于\大型\土木建筑\随着\现代\钢混\结构\的\大量\建设\其\市场需求\变\少\技艺\传承\面临\断代\的\危机\。\年\纳西族建筑彩绘\入选\云南省\第四批\省级\非物质文化\遗产\代表性\项目\名录\。\项目\代表性\传承\人\是\木庚锡\。,纳西族
文盛街村汉族传统文化生态保护区,云南省第四批,民族传统文化生态保护区,云南省弥渡县,保护区位于大理白族自治州弥渡县密祉乡永和村委会文盛街村。文盛街自古因文化兴盛而得名全村面积平方千米共有户人年统计其中汉族人口人占总人口的。保护区坐落于被誉为古滇瑰宝杜鹃世界妙香佛地的省级风景名胜区太极山山麓下周边耕地环绕东面是亚溪河森林覆盖率为环境优美宜人是密祉坝区经济文化交汇的中心。早在唐南诏时期文盛街就是古丝绸之路的开南古道上的一个重要驿站至今保存着马道、马店、马槽、马蹄印等遗迹古驿道是第七批全国重点文物保护单位茶马古道的组成部分。此外文盛街村还被列入第二批中国传统村落名录被评为第六批中国历史文化名村。文盛街村还有州级文物保护单位民国第五区区公所、尹宜公故居县级文物保护单位永和碧云寺、永和文昌宫等。还有珍珠泉、凤凰桥、财神阁、碧云庵等景观。保护区民居建筑多为土木结构青瓦屋顶保留了较为完整的明清汉族建筑群落有三坊一照壁四合五天井的合院建筑也有一颗印式院落。保护区保留着丰富的非物质文化遗产密祉元宵灯会民俗活动保存完整其最大的特点是由民间自发组织有歌舞、戏剧、杂耍、器乐、龙狮、彩灯、书画、扎裱等多种形式。民间文学有《太极顶的传说》《珍珠泉的传说》《古驿道的由来》《小河淌水的源头》《千年树王的传说》等。传统音乐有弥渡民歌、洞经音乐。传统戏剧有密祉花灯、花灯小调。传统美术有彩扎、剪纸。传统家庭手工业有土陶、麻纺、刺绣、编织竹编、草编、棕编、酿酒和豆腐作坊等。其中豆腐制作保留了完整的本地特色流程可在豆腐作坊内展示。传统饮食有豆腐宴、野菜宴和农村土八碗等。传统服饰朴素独特、简洁大方延袭了清末服饰的风格以老年妇女在头上佩戴的勒子最具代表性。现在文盛街村共有非物质文化展示场馆五处对多个非遗项目进行展示。文盛街村文化底蕴丰厚是弥渡花灯、弥渡民歌等非遗资源生存发展的主要文化空间也是著名的正月十五龙灯会这一民俗活动保存最完整的地方之一。年文盛街村汉族传统文化生态保护区入选云南省第四批省级非物质文化遗产代表性项目名录。项目代表性传承人是石兴才、王海富。,省级,保护区\位于\大理白族自治州\弥渡县\密祉\乡\永和\村委会\文盛\街村\。\文盛街\自古\因\文化\兴盛\而\得名\全村\面积\平方千米\共有\户人\年\统计\其中\汉族\人口\人\占\总人口\的\。\保护区\坐落于\被誉为\古\滇\瑰宝\杜鹃\世界\妙香佛\地\的\省级\风景\名胜区\太极\山\山麓\下\周边\耕地\环绕\东面\是\亚\溪河\森林\覆盖率\为\环境优美\宜人\是\密祉\坝区\经济\文化\交汇\的\中心\。\早\在\唐南诏\时期\文盛街\就是\古\丝绸之路\的\开南\古道\上\的\一个\重要\驿站\至今\保存\着\马道\、\马店\、\马槽\、\马蹄\印等\遗迹\古\驿道\是\第七批\全国\重点\文物保护\单位\茶马\古道\的\组成部分\。\此外\文盛\街村\还\被\列入\第二批\中国\传统\村落\名录\被\评为\第六批\中国\历史\文化\名村\。\文盛\街村\还有\州级\文物保护\单位\民国\第五\区\区公所\、\尹宜公\故居\县级\文物保护\单位\永和\碧云寺\、\永和\文昌宫\等\。\还有\珍珠泉\、\凤凰桥\、\财神\阁\、\碧云\庵\等\景观\。\保护区\民居\建筑\多为\土\木结构\青瓦\屋顶\保留\了\较为\完整\的\明清\汉族\建筑群\落有\三坊\一\照壁\四合\五\天井\的\合院\建筑\也\有\一颗\印式\院落\。\保护区\保留\着\丰富\的\非物质文化\遗产\密祉\元宵\灯会\民俗\活动\保存\完整\其\最大\的\特点\是\由\民间\自发\组织\有\歌舞\、\戏剧\、\杂耍\、\器乐\、\龙狮\、\彩灯\、\书画\、\扎裱\等\多种形式\。\民间文学\有\《\太极\顶\的\传说\》\《\珍珠泉\的\传说\》\《\古\驿道\的\由\来\》\《\小河\淌水\的\源头\》\《\千年\树王\的\传说\》\等\。\传统\音乐\有\弥渡民歌\、\洞经音乐\。\传统\戏剧\有密祉\花灯\、\花灯\小调\。\传统\美术\有\彩扎\、\剪纸\。\传统\家庭\手工业\有\土陶\、\麻纺\、\刺绣\、\编织\竹编\、\草编\、\棕编\、\酿酒\和\豆腐\作坊\等\。\其中\豆腐\制作\保留\了\完整\的\本地\特色\流程\可\在\豆腐\作坊\内\展示\。\传统\饮食\有\豆腐\宴\、\野菜\宴\和\农村\土\八碗\等\。\传统\服饰\朴素\独特\、\简洁\大方\延袭\了\清末\服饰\的\风格\以\老年\妇女\在\头上\佩戴\的\勒子\最具\代表性\。\现在\文盛\街村\共有\非物质文化\展示\场馆\五处\对\多个\非遗\项目\进行\展示\。\文盛\街村\文化底蕴\丰厚\是\弥渡\花灯\、\弥渡民歌\等\非\遗\资源\生存\发展\的\主要\文化\空间\也\是\著名\的\正月十五\龙灯\会\这\一\民俗\活动\保存\最\完整\的\地方\之一\。\年\文盛街村汉族传统文化生态保护区\入选\云南省\第四批\省级\非物质文化\遗产\代表性\项目\名录\。\项目\代表性\传承\人\是\石兴\才\、\王\海富\。,白族
瑶族盘王节,第四批,民俗,河口县文化馆,盘王节是瑶族祭祀祖先盘瓠的重大节日节日历史悠久分布范围极广有广泛的传承。瑶族地区过盘王节的古老风俗在晋代干宝的《搜神记》、唐代刘禹锡的《蛮子歌》、宋代周去非的《岭外代答》中均有载述。《岭外代答》记载瑶人每岁十月举峒祭都贝大王于庙前会男女之无实家者男女各群连袂而舞谓之踏摇。踏摇即跳盘王还盘王愿。瑶族是个多族源的民族地域分布特征为大分散、小聚居。长期以来各聚居区定期或不定期举行祭祀盘王还盘王愿仪式没有统一的时间。年月来自全国各地的瑶族代表汇集广西南宁一致议定以勉支系的祭祀节日跳盘王为基础发展而成瑶族盘王节为瑶族统一节日并将节期固定为每年农历十月十六日盘王诞日。红河州河口瑶族自治县的瑶族盘王节源自古老的还盘王愿活动主要祈求五谷丰登、人畜兴旺、人丁平安。节日内容丰富包括祭盘王、唱盘王、跳盘王三大内容。祭盘王由祭司主持要选一个地点户设置一个祭坛。悬挂盘王、三清和三元像。祭品有猪、鸡、鸭、粽子等。祭词内容是请盘王从青草庙降临神坛接受子孙祭献跟子孙一起过节人们唱歌跳舞并祈求盘王保佑族人五谷丰登、人畜兴旺、人丁平安、无病无灾、和谐发展。盘王节的唱盘王内容涵盖瑶族古歌、迁徙歌、信歌、劳动歌和情歌是瑶族民歌的大汇聚和大集成。跳盘王是瑶族用人体动作模拟劳动、动物和神灵的舞蹈艺术。舞蹈形式多样内容丰富步伐多。舞蹈动作刚柔相济古朴大方舞者心地虔诚、情感饱满舞蹈艺术感染力强。盘王节融传统宗教、歌舞艺术、服饰、饮食等为一体声势浩大仪式隆重参与者众多持续时间长通过祭与唱两个环节汇聚了瑶族传统歌舞文化具有促进民族团结、边疆稳定、文化传承等功能还具有实践我国非遗保护政策提升边疆民族文化软实力的意义。年瑶族盘王节入选云南省第四批省级非物质文化遗产代表性项目名录。项目代表性传承人是蒋保寿。,省级,盘王节\是\瑶族\祭祀\祖先\盘瓠\的\重大\节日\节日\历史悠久\分布\范围\极广\有\广泛\的\传承\。\瑶族\地区\过\盘王节\的\古老\风俗\在\晋代\干宝\的\《\搜神记\》\、\唐代\刘禹锡\的\《\蛮子\歌\》\、\宋代\周去非\的\《\岭外代答\》\中均\有\载述\。\《\岭外代答\》\记载\瑶人\每岁\十月\举峒\祭\都\贝\大王\于\庙前\会\男女\之\无\实家者\男女\各群\连袂\而舞\谓之\踏摇\。\踏摇即\跳盘王\还盘王愿\。\瑶族\是\个\多族源\的\民族\地域\分布\特征\为\大\分散\、\小\聚居\。\长期以来\各\聚居区\定期\或\不定期\举行\祭祀\盘王\还盘王愿\仪式\没有\统一\的\时间\。\年\月\来自\全国\各地\的\瑶族\代表\汇集\广西南宁\一致\议定\以勉\支系\的\祭祀\节日\跳盘王\为\基础\发展\而成\瑶族盘王节\为\瑶族\统一\节日\并\将\节期\固定\为\每年\农历\十月\十六日\盘王\诞日\。\红河州\河口瑶族自治县\的\瑶族盘王节\源自\古老\的\还盘王愿\活动\主要\祈求\五谷丰登\、\人\畜\兴旺\、\人丁\平安\。\节日\内容丰富\包括\祭\盘王\、\唱盘\王\、\跳盘王\三大\内容\。\祭\盘王\由\祭司\主持\要选\一个\地点\户\设置\一个\祭坛\。\悬挂\盘王\、\三清\和\三元\像\。\祭品\有\猪\、\鸡\、\鸭\、\粽子\等\。\祭词\内容\是\请\盘王\从\青草\庙\降临\神坛\接受\子孙\祭献\跟\子孙\一起\过节\人们\唱歌跳舞\并\祈求\盘王\保佑\族人\五谷丰登\、\人\畜\兴旺\、\人丁\平安\、\无\病\无灾\、\和谐\发展\。\盘王节\的\唱盘\王\内容\涵盖\瑶族\古歌\、\迁徙\歌\、\信歌\、\劳动\歌\和\情歌\是\瑶族\民歌\的\大\汇聚\和\大\集成\。\跳盘王\是\瑶族\用\人体\动作\模拟\劳动\、\动物\和\神灵\的\舞蹈艺术\。\舞蹈\形式多样\内容丰富\步伐\多\。\舞蹈动作\刚柔相济\古朴\大方\舞者\心地\虔诚\、\情感\饱满\舞蹈艺术\感染力\强\。\盘王节\融\传统宗教\、\歌舞\艺术\、\服饰\、\饮食\等\为\一体\声势浩大\仪式\隆重\参与者\众多\持续时间\长\通过\祭\与\唱\两个\环节\汇聚\了\瑶族\传统\歌舞\文化\具有\促进\民族团结\、\边疆\稳定\、\文化传承\等\功能\还\具有\实践\我国\非遗\保护\政策\提升\边疆民族\文化\软\实力\的\意义\。\年\瑶族盘王节\入选\云南省\第四批\省级\非物质文化\遗产\代表性\项目\名录\。\项目\代表性\传承\人\是\蒋保寿\。,瑶族
施甸龙会,第四批,民俗,施甸县文化馆,云南省保山市施甸县从明代至今一直保留着祭龙耍龙的民间习俗每年二月举行祭祀龙的盛会称为施甸龙会。施甸龙会最负盛名的是东山寺三沟头龙会与太平羊皮会。三沟头龙会源于保场菠萝村水源分三条沟渠流入十八个寨子人们的饮用水全靠它。为了感恩每个村寨都扎一条龙二月十八这天人们把十八条龙都聚集到三沟头耍龙祈求风调雨顺后来便自然地形成了三沟头龙会。施甸太平羊皮会俗称二月十一人们耍龙唱戏祈求平安延续了年之久。相传契丹人随蒙古铁骑踏破了金王朝的疆土之后落籍云南在太平这个地方延续着抢羊剥皮的竞技活动慢慢演变为今天的羊皮会。明朝时期中原文化涌入滇西为羊皮会注入了龙狮表演新的内容。施甸龙会人们擅长耍龙表演扎龙的技术也是一流。白布缝制龙衣经彩绘而成由龙头、龙身、龙尾三部分组成长短不一有三十六节、三十节、二十六节、十六节各节用木料制成框架用金竹篾扎成筒形笼子各配以木柄舞龙人手持木柄耍玩并以青黄相配成双出会。耍龙时步调一致动作协调随着珠宝的动作龙头、龙身、龙尾密切配合形成宛若游动的活龙耍龙形式有结盘、反回盘、龙吃水、龙摆尾和倒回龙等。耍龙舞狮以前以男性为主现在妇女、儿童也参与耍龙舞狮的表演每年的这一天太平万人潮涌共享盛会。施甸龙会是宝贵的历史文化财富经过历朝历代民间大师和民众的不断积淀成为风格独特、影响广泛、历史悠久集民俗、宗教、经济、文化诸多元素的民间盛会。龙的扎制也是由当地民间艺人完成的从扎龙的工艺可以一窥民间的艺术取向和审美价值。耍龙是音乐和舞蹈结合的艺术人们随着鼓点的节奏来舞龙摇头、动身、摆尾、请水都需要与乐师紧密配合体现出最淳朴的民间艺术之美。年施甸龙会入选云南省第四批省级非物质文化遗产代表性项目名录。,省级,云南省\保山市\施甸县\从\明代\至今\一直\保留\着\祭龙\耍龙\的\民间\习俗\每年\二月\举行\祭祀\龙\的\盛会\称为\施甸龙会\。\施甸龙会\最负\盛名\的\是\东山\寺\三\沟头\龙会\与\太平\羊皮\会\。\三沟头\龙会\源于\保场\菠萝\村\水源\分\三条\沟渠\流入\十八个\寨子\人们\的\饮用水\全靠\它\。\为了\感恩\每个\村寨\都扎\一条龙\二月\十八\这天\人们\把\十八条\龙\都\聚集\到\三\沟头\耍\龙\祈求\风调雨顺\后来\便\自然\地\形成\了\三\沟头\龙会\。\施甸\太平\羊皮\会\俗称\二月\十一\人们\耍龙\唱戏\祈求\平安\延续\了\年\之久\。\相传\契丹\人随\蒙古\铁骑\踏破\了\金\王朝\的\疆土\之后\落籍\云南\在\太平\这个\地方\延续\着\抢\羊\剥皮\的\竞技\活动\慢慢\演变\为\今天\的\羊皮\会\。\明朝\时期\中原\文化\涌入\滇西\为\羊皮\会\注入\了\龙狮\表演\新\的\内容\。\施甸龙会\人们\擅长\耍龙\表演\扎龙\的\技术\也\是\一流\。\白布\缝制\龙衣经\彩绘\而成\由\龙头\、\龙身\、\龙尾\三\部分\组成\长短不一\有\三十六\节\、\三十\节\、\二十六\节\、\十六节\各节\用\木料\制成\框架\用金\竹篾\扎成\筒形\笼子\各配\以\木柄\舞龙\人\手持\木柄\耍玩\并\以\青黄\相配\成双\出会\。\耍龙时\步调一致\动作\协调\随着\珠宝\的\动作\龙头\、\龙身\、\龙尾\密切配合\形成\宛若\游动\的\活龙\耍\龙\形式\有\结盘\、\反回盘\、\龙\吃水\、\龙\摆尾\和\倒\回龙\等\。\耍龙\舞狮\以前\以\男性\为主\现在\妇女\、\儿童\也\参与\耍龙\舞狮\的\表演\每年\的\这\一天\太平\万人\潮涌\共享\盛会\。\施甸龙会\是\宝贵\的\历史\文化\财富\经过\历朝历代\民间\大师\和\民众\的\不断\积淀\成为\风格\独特\、\影响\广泛\、\历史悠久\集\民俗\、\宗教\、\经济\、\文化\诸多\元素\的\民间\盛会\。\龙\的\扎制\也\是\由\当地\民间艺人\完成\的\从\扎龙\的\工艺\可以\一窥\民间\的\艺术\取向\和\审美价值\。\耍龙\是\音乐\和\舞蹈\结合\的\艺术\人们\随着\鼓点\的\节奏\来\舞龙\摇头\、\动身\、\摆尾\、\请水\都\需要\与\乐师\紧密配合\体现\出\最\淳朴\的\民间艺术\之美\。\年\施甸龙会\入选\云南省\第四批\省级\非物质文化\遗产\代表性\项目\名录\。,
漾濞刀杆节,第四批,民俗,云南省漾濞县,刀杆节傈僳语称阿堂得是云南边陲西南一带傈僳族人民一年一度的传统节日。时间是农历二月初八相传是为了纪念明朝三征麓川的兵部尚书王骥。刀杆节有一套严格的仪式包括点花、点刀、耍刀、迎花、设坛、祭刀杆、竖杆、祭龙、上刀、折刀、下火海等步骤上刀山和下火海是仪式中最为惊心动魄的环节。上刀山是将三十六把利刀捆扎于四五丈高的栗树杆上每把刀相距尺许刀刃全部朝上表演者赤脚踏着锋利的钢刀逐级爬至刀杆顶端依次进行开天门、挂红、撒谷等表演。下火海是表演者下刀杆后又踏入通红炽热的炭火中表演绝技。现在节日中原始信仰的内容已被展现健康新颖的唱词和丰富的手上舞蹈动作的跳嘎所取代具有了更广泛的群众性。漾濞傈僳族的刀杆会在文化解释上与腾冲、泸水等地傈僳族一致的同时在仪式过程、使用法器以及相关文体活动等方面表现出地方性特征如在叼犁头上刀杆、在刀杆山展演各种高难度动作、在刀杆顶上撒蕴含美好寓意的五谷种子等。刀杆节还体现了傈僳族对于周围彝族、白族与汉族文化的积极借鉴与吸纳使其节日富于地方性特征并在刀杆节实践中实现民族节日的敬拜自然与祖先神灵、国家认同、激发民族文化自信与促进地方旅游经济发展等多重功能。由于当地年轻人大多外出打工受现代文化的冲击人们思想观念产生了很大的转变而老艺人已为数不多传承后继乏人有失传的危险。年漾濞刀杆节入选云南省第四批省级非物质文化遗产代表性项目名录扩展项目名录。项目代表性传承人是海润朝。,省级,刀杆节\傈僳语\称\阿堂\得\是\云南\边陲\西南\一带\傈僳族\人民\一年一度\的\传统节日\。\时间\是\农历\二月\初八\相传\是\为了\纪念\明朝\三征麓川\的\兵部\尚书\王骥\。\刀杆节\有\一套\严格\的\仪式\包括\点花\、\点刀\、\耍\刀\、\迎花\、\设坛\、\祭刀杆\、\竖杆\、\祭龙\、\上刀\、\折刀\、\下\火海\等\步骤\上刀山\和\下\火海\是\仪式\中\最为\惊心动魄\的\环节\。\上刀山\是\将\三十六把\利刀\捆扎\于\四五丈\高\的\栗树\杆上\每\把\刀\相距\尺许\刀刃\全部\朝上\表演者\赤\脚踏\着\锋利\的\钢刀\逐级\爬\至\刀\杆\顶端\依次\进行\开\天门\、\挂红\、\撒谷\等\表演\。\下\火海\是\表演者\下刀杆\后\又\踏入\通红\炽热\的\炭火\中\表演\绝技\。\现在\节日\中\原始\信仰\的\内容\已\被\展现\健康\新颖\的\唱词\和\丰富\的\手上\舞蹈动作\的\跳\嘎\所\取代\具有\了\更\广泛\的\群众性\。\漾濞\傈僳族\的\刀\杆会\在\文化\解释\上\与\腾冲\、\泸水\等\地\傈僳族\一致\的\同时\在\仪式\过程\、\使用\法器\以及\相关\文体活动\等\方面\表现\出\地方性\特征\如\在\叼\犁头\上刀杆\、\在\刀\杆山\展演\各种\高难度\动作\、\在\刀\杆\顶上\撒\蕴含\美好\寓意\的\五谷\种子\等\。\刀杆节\还\体现\了\傈僳族\对于\周围\彝族\、\白族\与\汉族\文化\的\积极\借鉴\与\吸纳\使\其\节日\富于\地方性\特征\并\在\刀杆节\实践\中\实现\民族节日\的\敬拜\自然\与\祖先\神灵\、\国家\认同\、\激发\民族文化\自信\与\促进\地方\旅游\经济\发展\等\多重\功能\。\由于\当地\年轻人\大多\外出\打工\受\现代\文化\的\冲击\人们\思想观念\产生\了\很大\的\转变\而\老\艺人\已\为数不多\传承\后继乏人\有\失传\的\危险\。\年\漾濞刀杆节\入选\云南省\第四批\省级\非物质文化\遗产\代表性\项目\名录\扩展\项目\名录\。\项目\代表性\传承\人\是\海润朝\。,傈僳族
哑巴节盖瓦洒哑巴会,第四批,民俗,云南省南涧县,哑巴会彝语热闷巴是一种古朴、独特的祭祀仪式流传于大理州南涧县公郎镇新合村委会盖瓦洒村于每年农历二月初八举行所以又称二月八哑巴会也称盖瓦洒哑巴会。人们通过饰演哑巴头戴面具、身画彩绘、持相应道具裸舞等进行一系列祭神、娱神、驱神活动。哑巴会于每年正月十五开始筹备农历二月初八开始过节历时二十二天。分准备阶段、正式会期两个阶段正月十五要在山神庙举行相关仪式推选出当年组织哑巴会的主会头及当班会头并进行新旧班交接仪式。然后选出当年的八名人选其中六人饰演哑巴一人饰演孔雀神鸟另一人当地人称哑巴护法。二月初八为正式会期。在会期里进行对歌、准备道具和化妆、宴客、打歌、对调、送哑巴神的仪式程序将传统祭祀与民间舞蹈巧妙结合具有祖先崇拜、鬼神崇拜与生殖崇拜并存的特征表达了人们对于人口再生产与风调雨顺、家宅清洁平安的精神诉求节日的地域性与民族性兼备。哑巴会在祭祀之余还有走亲访友、吃喝唱跳、人神共娱的丰富民俗活动强化并传承了彝族传统宗教观念信仰与文化是研究该区域彝族宗教文化与民间歌舞的重要窗口。随着社会经济的发展年青一代外出务工人员增多老一辈传承人面临祖辈的技艺无法传授给下一代的严峻局面。外来人的猎奇心理使哑巴会这一原始的祭祀活动被附加了许多新奇元素无意中影响并试图打破哑巴会原始的程式也致使很大一部分年轻人不愿继承跳哑巴这一古老原始的祭祀活动原始的哑巴会面临变味的局面。年哑巴节盖瓦洒哑巴会入选云南省第四批省级非物质文化遗产代表性项目名录扩展项目名录。项目代表性传承人是施兆兴。,省级,哑巴\会\彝语\热闷\巴是\一种\古朴\、\独特\的\祭祀\仪式\流传\于\大理州\南涧县\公郎镇\新合\村委会\盖瓦\洒村\于\每年\农历\二月\初八\举行\所以\又称\二月\八\哑巴\会\也\称\盖瓦\洒\哑巴\会\。\人们\通过\饰演\哑巴\头\戴面具\、\身画\彩绘\、\持\相应\道具\裸舞\等\进行\一系列\祭神\、\娱神\、\驱神\活动\。\哑巴\会于\每年\正月十五\开始\筹备\农历\二月\初八\开始\过节\历时\二十二\天\。\分\准备\阶段\、\正式\会期\两个\阶段\正月十五\要\在\山神庙\举行\相关\仪式\推选\出\当年\组织\哑巴\会\的\主会头\及\当班\会头\并\进行\新旧\班\交接仪式\。\然后\选出\当年\的\八名\人选\其中\六人\饰演\哑巴\一人\饰演\孔雀\神鸟\另一人\当地人\称\哑巴\护法\。\二月\初八\为\正式\会期\。\在\会期\里\进行\对歌\、\准备\道具\和\化妆\、\宴客\、\打歌\、\对调\、\送\哑巴\神\的\仪式\程序\将\传统\祭祀\与\民间舞蹈\巧妙\结合\具有\祖先崇拜\、\鬼神\崇拜\与\生殖崇拜\并存\的\特征\表达\了\人们\对于\人口再生产\与\风调雨顺\、\家宅\清洁\平安\的\精神\诉求\节日\的\地域性\与\民族性\兼备\。\哑巴\会\在\祭祀\之\余\还有\走亲访友\、\吃喝\唱\跳\、\人神共娱\的\丰富\民俗\活动\强化\并\传承\了\彝族\传统宗教\观念\信仰\与\文化\是\研究\该\区域\彝族\宗教文化\与\民间\歌舞\的\重要\窗口\。\随着\社会\经济\的\发展\年青\一代\外出\务工人员\增多\老一辈\传承\人\面临\祖辈\的\技艺\无法\传授给\下一代\的\严峻\局面\。\外来人\的\猎奇\心理\使\哑巴\会\这\一\原始\的\祭祀\活动\被\附加\了\许多\新奇\元素\无意\中\影响\并\试图\打破\哑巴\会\原始\的\程式\也\致使\很大\一部分\年轻人\不愿\继承\跳\哑巴\这一\古老\原始\的\祭祀\活动\原始\的\哑巴\会\面临\变味\的\局面\。\年\哑巴\节\盖瓦\洒\哑巴\会\入选\云南省\第四批\省级\非物质文化\遗产\代表性\项目\名录\扩展\项目\名录\。\项目\代表性\传承\人\是\施兆兴\。,彝族
碧寨山歌会,第四批,民俗,龙陵县文化馆,龙陵县碧寨乡碧寨山歌的形成与怒江峡谷的地貌特征有重要关系在这个望山跑死马的险峻峡谷里人们能走到一起较为不易相互交流情感的需要催生了清新明快、简洁有力的山歌。山歌是碧寨人民的第二语言日常情感交流、男女之间传情达意、宾主迎来送往等多以山歌传递。每年正月十五碧寨周边村寨包括江对岸施甸县酒房乡的各族人民便聚集于碧寨参加歌会一展歌喉。碧寨山歌形式多样内容丰富大致分为三类老山歌、叙事山歌和花花山歌。老山歌以十二花名、十二花甲根据演绎方式的不同也叫六十花甲等为代表。叙事山歌以下夷方、送郎调、出门调、修船调等为代表。花花山歌在一个固定的调子下即兴创作、临时编写以对唱的形式出现有情歌类、相互赞扬抬敬或打压取笑及叙事等因临场发挥所展现的机智和广博学识最为人们推崇。碧寨山歌真实地记录和反映了当地居民的风土人情、伦理道德、生产生活、社会生活和习俗活动等方面的内容形象生动、情意真挚有较高的人文价值对年轻人不仅起着传授劳动技能、教化规范行为的教育作用还起着文化传承的作用山歌历史源远流长伴随着当地居民的起源演变而来见证了当地居民的经济、文化、生产、生活等方面的发展历程对研究当地的山地文化、农耕文化、民族文化都具有重要的价值。年碧寨山歌会入选云南省第四批省级非物质文化遗产代表性项目名录。,省级,龙陵县\碧寨\乡碧寨\山歌\的\形成\与\怒江\峡谷\的\地貌\特征\有\重要\关系\在\这个\望山\跑\死\马\的\险峻\峡谷\里\人们\能\走\到\一起\较为\不易\相互\交流\情感\的\需要\催生\了\清新\明快\、\简洁\有力\的\山歌\。\山歌\是\碧\寨\人民\的\第二语言\日常\情感\交流\、\男女之间\传情\达意\、\宾主\迎来送往\等\多\以\山歌\传递\。\每年\正月十五\碧寨\周边\村寨\包括\江\对岸\施甸县\酒房\乡\的\各族人民\便\聚集\于碧寨\参加\歌会\一展歌喉\。\碧寨\山歌\形式多样\内容丰富\大致\分为\三类\老\山歌\、\叙事\山歌\和\花花\山歌\。\老\山歌\以\十二\花名\、\十二\花甲\根据\演绎\方式\的\不同\也\叫\六十\花甲\等\为\代表\。\叙事\山歌\以下\夷方\、\送郎调\、\出门\调\、\修船\调等\为\代表\。\花花\山歌\在\一个\固定\的\调子\下\即兴创作\、\临时\编写\以\对唱\的\形式\出现\有\情歌\类\、\相互\赞扬\抬敬\或\打压\取笑\及\叙事\等\因\临场发挥\所\展现\的\机智\和\广博\学识\最为\人们\推崇\。\碧寨\山歌\真实\地\记录\和\反映\了\当地\居民\的\风土人情\、\伦理道德\、\生产\生活\、\社会生活\和\习俗\活动\等\方面\的\内容\形象\生动\、\情意\真挚\有\较\高\的\人文\价值\对\年轻人\不仅\起着\传授\劳动\技能\、\教化\规范\行为\的\教育\作用\还\起\着\文化传承\的\作用\山歌\历史\源远流长\伴随\着\当地\居民\的\起源\演变\而\来\见证\了\当地\居民\的\经济\、\文化\、\生产\、\生活\等\方面\的\发展\历程\对\研究\当地\的\山地\文化\、\农耕\文化\、\民族文化\都\具有\重要\的\价值\。\年\碧寨山歌会\入选\云南省\第四批\省级\非物质文化\遗产\代表性\项目\名录\。,
太平花灯,第四批,传统戏剧,澄江县今澄江市文化馆,太平花灯以唱灯求太平而得名保留了早期云南花灯的演出习俗用祭灯神、接灯神、送灯神的仪式祈求平安五谷丰登多年来已成为当地重大民俗活动和群众精神文化生活的重要内容。玉溪市澄江市松元村的彝族太平花灯源于早期汉族花灯的一种传统戏剧以唱灯求太平而得名。相传在清嘉庆年间由附近汉族村子传入。太平花灯至今仍沿袭云南花灯早期的戏剧、歌舞、小唱三渠并流模式。表演以悲喜剧闹剧为主在长期的发展过程中融入了彝族民间秧老鼓、霸王鞭等传统艺术。其中以人物角色演故事的戏剧占绝大多数剧目主要有《李府拜寿》《大头送妹》《朱买臣休妻》《大凤阳》等戏剧表演生活化无程式化动作行当以小生、小旦、小丑三种为主唱腔音乐吸收了彝族音乐元素念白均用汉语演员均为男性旦角演唱和道白均用小嗓伴奏用彝族四弦小二胡和锣鼓钹等打击乐器。传承方式主要以家族传承为主共有四条传承谱系可追溯五六代人其中以代国元家族和李家能家族最具代表性传承谱系清晰。还能演出的个剧目至今仍基本保留云南花灯早期形态对研究云南花灯的发展与演变具有较大参考价值。年太平花灯入选云南省第四批省级非物质文化遗产代表性项目名录扩展项目名录。项目代表性传承人是杨树林。,省级,太平花灯\以唱\灯求\太平\而\得名\保留\了\早期\云南\花灯\的\演出\习俗\用\祭\灯神\、\接灯\神\、\送灯\神\的\仪式\祈求\平安\五谷丰登\多年\来\已\成为\当地\重大\民俗\活动\和\群众\精神\文化\生活\的\重要\内容\。\玉溪市\澄江\市松元村\的\彝族\太平花灯\源于\早期\汉族\花灯\的\一种\传统\戏剧\以唱\灯求\太平\而\得名\。\相传\在\清嘉庆\年间\由\附近\汉族\村子\传入\。\太平花灯\至今\仍\沿袭\云南\花灯\早期\的\戏剧\、\歌舞\、\小唱三渠\并\流\模式\。\表演\以\悲喜剧\闹剧\为主\在\长期\的\发展\过程\中\融入\了\彝族\民间\秧老鼓\、\霸王鞭\等\传统\艺术\。\其中\以\人物\角色\演\故事\的\戏剧\占\绝大多数\剧目\主要\有\《\李府\拜寿\》\《\大头\送妹\》\《\朱买臣\休妻\》\《\大\凤阳\》\等\戏剧\表演\生活化\无\程式化\动作\行当\以\小生\、\小旦\、\小丑\三种\为主\唱腔\音乐\吸收\了\彝族\音乐\元素\念白\均\用\汉语\演员\均\为\男性\旦角\演唱\和\道白\均\用\小嗓\伴奏\用\彝族\四弦\小\二胡\和\锣鼓\钹\等\打击乐器\。\传承\方式\主要\以\家族\传承\为主\共有\四条\传承\谱系\可追溯\五六\代\人\其中\以\代国\元\家族\和\李家\能\家族\最具\代表性\传承\谱系\清晰\。\还\能\演出\的\个\剧目\至今\仍\基本\保留\云南\花灯\早期\形态\对\研究\云南\花灯\的\发展\与\演变\具有\较大\参考价值\。\年\太平花灯\入选\云南省\第四批\省级\非物质文化\遗产\代表性\项目\名录\扩展\项目\名录\。\项目\代表性\传承\人\是\杨树林\。,彝族
水酥饼制作技艺,第四批,传统技艺,永胜县文化馆,永胜水酥饼制作技艺源于民国二十四年由湖南民间艺人带入永胜县永北镇并传授给杨树轩老人杨家至今已将此技艺传承三代。主要集中在永胜县永北镇的东北街、西南街两个社区。水酥饼制作采用了传统的配制方法以精面粉、鲜猪板油及各种馅料为原料鲜猪板油使水酥饼松脆、香酥重油而不腻。制作工序有选择原料、制面团、制饼、浸泡、烘烤、包装等。其中最关键的环节是浸泡和烘烤。其制作过程是将面粉与去除杂质的鲜猪板油揉搓成均匀的面团把馅料包入其中按需求做成一定大小的圆饼然后将做成的圆饼放入清水中浸泡小时或更长时间最后将浸泡好的圆饼取出后放入烤盘再放入烤炉中烤制分钟左右即可食用。水酥饼正是因有浸泡这个独特的制作环节而得名。永胜县的制饼作坊现在仍保持着传统的烤炉烘烤的方式。水酥饼种类较多既有传统的豆沙、五仁、火腿、白糖等馅料品种也有后来颇受欢迎的玫瑰、蛋黄及各类水果馅料的品种。水酥饼质地松软色香味美酥滑不腻易于消化老少皆宜深受百姓喜爱。年水酥饼制作技艺入选云南省第四批省级非物质文化遗产代表性项目名录。代表性传承人周玉华是杨氏清香斋水酥饼第三代传人。,省级,永胜\水酥饼制作技艺\源于\民国\二十四年\由\湖南\民间艺人\带入\永胜县\永\北镇\并\传授给\杨树\轩\老人\杨家\至今\已\将\此\技艺\传承\三代\。\主要\集中\在\永胜县\永\北镇\的\东北\街\、\西南\街\两个\社区\。\水\酥饼\制作\采用\了\传统\的\配制\方法\以精\面粉\、\鲜猪\板油\及\各种\馅料\为\原料\鲜猪\板油\使水\酥饼\松脆\、\香酥\重油\而\不腻\。\制作\工序\有\选择\原料\、\制\面团\、\制饼\、\浸泡\、\烘烤\、\包装\等\。\其中\最\关键\的\环节\是\浸泡\和\烘烤\。\其\制作\过程\是\将\面粉\与\去除\杂质\的\鲜猪\板油\揉搓\成\均匀\的\面团\把\馅料\包入\其中\按\需求\做成\一定\大小\的\圆饼\然后\将\做成\的\圆饼\放入\清水\中\浸泡\小时\或\更\长时间\最后\将\浸泡\好\的\圆饼\取出\后\放入\烤盘\再\放入\烤炉\中\烤制\分钟\左右\即可\食用\。\水\酥饼\正是\因有\浸泡\这个\独特\的\制作\环节\而\得名\。\永胜县\的\制饼\作坊\现在\仍\保持\着\传统\的\烤炉\烘烤\的\方式\。\水\酥饼\种类\较\多\既有\传统\的\豆沙\、\五仁\、\火腿\、\白糖\等\馅料\品种\也\有\后来\颇受欢迎\的\玫瑰\、\蛋黄\及\各类\水果\馅料\的\品种\。\水\酥饼\质地\松软\色香味\美\酥\滑\不腻\易于\消化\老少皆宜\深受\百姓\喜爱\。\年\水酥饼制作技艺\入选\云南省\第四批\省级\非物质文化\遗产\代表性\项目\名录\。\代表性\传承\人\周玉华\是\杨氏\清香\斋水\酥饼\第三代\传人\。,
《九隆神话》,第三批,民间文学,隆阳区文化馆,九隆神话最早见于东汉时期杨终根据哀牢王使臣的陈述撰写的《哀牢传》此后的《华阳国志》《风俗通义》《后汉书》《水经注》《永昌府志》等历史文献均有记载流传至今已有多年历史。九隆神话主要记载了始祖沙壹怀孕、诞生九隆、沉木化龙、龙舐九隆、九隆为王、九隆兄弟成婚、哀劳的民族习俗、九隆世系等内容。九隆神话反映了哀牢民族远古时代的原始社会风貌。沙壹象征着哀牢民族还处于母系氏族社会捕鱼象征其生产方式主要为渔业触沉木怀孕意味着当时母系氏族社会还处于群婚阶段沉木则象征性器官男根。沉木化为龙意味着哀牢王不仅善于利用华夏图腾博取族民拥护而且在位时还要使臣向汉朝特别陈述哀牢是龙的传人以取得汉朝的信赖和亲近。九隆被推举为王象征着男性开始处于社会的主导地位母系氏族社会向父系氏族社会转化其政治制度是王位推举制。九隆兄弟娶十女子为妻意味着当时的婚姻制度还处于部落之间的比较固定的对偶婚群婚阶段。种人皆刻画其身表明哀牢民族有纹身习俗衣皆著尾则体现了哀牢民族的服饰特点。《九隆神话》主要在保山市隆阳区保山坝各族群众中流传。年《九隆神话》入选云南省第三批省级非物质文化遗产代表性项目名录。哀牢归汉雕塑九隆传说浮雕,省级,九隆神话\最早\见于\东汉时期\杨终\根据\哀牢王\使臣\的\陈述\撰写\的\《\哀牢\传\》\此后\的\《\华阳国志\》\《\风俗\通义\》\《\后汉书\》\《\水经注\》\《\永昌\府志\》\等\历史文献\均\有\记载\流传\至今已有\多年\历史\。\九隆神话\主要\记载\了\始祖\沙壹\怀孕\、\诞生\九隆\、\沉木化龙\、\龙\舐\九隆\、\九隆\为\王\、\九隆\兄弟\成婚\、\哀劳\的\民族\习俗\、\九隆\世系\等\内容\。\九隆神话\反映\了\哀牢\民族\远古时代\的\原始社会\风貌\。\沙壹\象征\着\哀牢\民族\还\处于\母系\氏族社会\捕鱼\象征\其\生产方式\主要\为\渔业\触沉木\怀孕\意味着\当时\母系\氏族社会\还\处于\群婚\阶段\沉木则\象征性\器官\男根\。\沉木\化为\龙\意味着\哀牢王\不仅\善于\利用\华夏\图腾\博取\族民\拥护\而且\在位\时\还要\使臣\向\汉朝\特别\陈述\哀牢\是\龙的传人\以\取得\汉朝\的\信赖\和\亲近\。\九隆\被\推举\为\王\象征\着\男性\开始\处于\社会\的\主导地位\母系\氏族社会\向\父系\氏族社会\转化\其\政治制度\是\王位\推举\制\。\九隆\兄弟\娶\十\女子\为妻\意味着\当时\的\婚姻制度\还\处于\部落\之间\的\比较\固定\的\对偶婚\群婚\阶段\。\种人\皆\刻画\其身\表明\哀牢\民族\有\纹身\习俗\衣皆著\尾\则\体现\了\哀牢\民族\的\服饰\特点\。\《\九隆神话\》\主要\在\保山市\隆阳区\保山\坝\各族群众\中\流传\。\年\《\九隆神话\》\入选\云南省\第三批\省级\非物质文化\遗产\代表性\项目\名录\。\哀牢\归汉\雕塑\九隆\传说\浮雕,
东巴面偶,第四批,传统美术,丽江市东巴文化研究院,东巴面偶纳西语称多玛伴随东巴教同期形成已有多年的历史是纳西族东巴文化的重要组成部分。东巴面偶用青稞、小麦、大麦、燕麦等制成的炒面制作主要靠手搓、滚、捏、拉、按等手法制作而成。面偶由神偶、鬼偶、动物偶三类组成根据不同仪式需要分别使用有约定俗成的使用规矩。代表作有《大祭风木牌画画稿》《大祭风仪式中各种设置物的做法及仪式规程》等近二十种东巴经典。面偶形象保留有民间雕塑随性、率真的特点有稚拙、淳真、可爱抽象中见形象、庄严中带俏皮的艺术风格是纳西族民间美术雕塑形式的典型代表。东巴面偶一般为圆柱体简化下半身突出上半身和面部神态。东巴面偶是东巴教宗教观念的外化表现反映了古代纳西族万物有灵的观念是纳西族受藏族苯教影响而产生的文化现象是研究藏彝走廊民族关系及文化融合发展的重要实证。因此具有较高的审美价值、艺术价值、文化价值和学术研究价值同时对维持东巴仪式的存活空间和意义具有重要作用。但随着现代文化的不断发展东巴文化传承面临更多挑战东巴面偶已处于高度濒危境地亟须保护传承。年东巴面偶入选云南省第四批省级非物质文化遗产代表性项目名录。项目代表性传承人是和桂华。,省级,东巴面偶\纳西语\称多玛\伴随\东巴教\同期\形成\已有\多年\的\历史\是\纳西族\东巴文化\的\重要\组成部分\。\东巴面偶\用\青稞\、\小麦\、\大麦\、\燕麦\等\制成\的\炒面\制作\主要\靠手\搓\、\滚\、\捏\、\拉\、\按\等\手法\制作\而成\。\面偶\由\神偶\、\鬼偶\、\动物\偶\三类\组成\根据\不同\仪式\需要\分别\使用\有\约定俗成\的\使用\规矩\。\代表作\有\《\大\祭风\木牌\画画\稿\》\《\大\祭风\仪式\中\各种\设置\物\的\做法\及\仪式\规程\》\等\近\二十种\东巴\经典\。\面偶\形象\保留\有\民间\雕塑\随性\、\率\真的\特点\有\稚拙\、\淳真\、\可爱\抽象\中见\形象\、\庄严\中带\俏皮\的\艺术风格\是\纳西族\民间美术\雕塑\形式\的\典型\代表\。\东巴面偶\一般\为\圆柱体\简化\下半身\突出\上半身\和\面部\神态\。\东巴面偶\是\东巴教\宗教\观念\的\外化\表现\反映\了\古代\纳西族\万物\有灵\的\观念\是\纳西族\受\藏族\苯教\影响\而\产生\的\文化\现象\是\研究\藏\彝\走廊\民族关系\及\文化融合\发展\的\重要\实证\。\因此\具有\较\高\的\审美价值\、\艺术\价值\、\文化价值\和\学术研究\价值\同时\对\维持\东巴\仪式\的\存活\空间\和\意义\具有\重要\作用\。\但\随着\现代\文化\的\不断\发展\东巴文化\传承\面临\更\多\挑战\东巴面偶\已\处于\高度\濒危\境地\亟须\保护\传承\。\年\东巴面偶\入选\云南省\第四批\省级\非物质文化\遗产\代表性\项目\名录\。\项目\代表性\传承\人\是\和\桂华\。,纳西族
南涧彝族打歌,第四批,传统舞蹈,南涧县文化馆,南涧彝族打歌按照风格可分为无量山系彝族打歌哀牢山系彝族打歌和无量山镇红星彝族打歌三大类。这三大类彼此之间既有共性又有个性。无量山系在南涧县的西北部包括小湾东镇、碧溪乡、乐秋乡、拥翠乡区域的打歌以上耸下踏的竖向运动风格为突出特点。主要套路有喜鹊蹲窝苍蝇蹉脚踏步两翻两转跳步两翻两转三翻三转退歌一步转通等。哀牢山系在南涧县的东南部包括无量山镇、宝华镇及南涧镇的部分地区。这一区域的打歌曲调优美舞者不分男女除转身动作外均保持连臂踏歌姿态形成了前后左右横向运动的风格舞蹈队形有一种紧密团结的整体力量感。主要套路有攒歌二步行走式六步行走式三步颤动式板桥翻半翻三翻全翻正喜歌三跺脚等。无论跳何种套路都要从攒歌开始在此基础上变化不同的组合套路。无量山镇红星彝族打歌主要的舞蹈动律在双膝带动身体做屈伸运动形成另一种打歌风格。主要舞蹈套路有老鸹歌正喜歌歌利得直歌弯脚歌等。这三类打歌均以竹笛、葫芦笙、小三弦和大三弦伴奏。竹笛为高音笛是领奏乐器。葫芦笙为五管笙分大葫芦笙和小葫芦笙。葫芦笙、小三弦以及被当地彝族称为老广弦的大三弦一道成为打歌场上不能缺少的伴奏乐器。伴奏者也是领舞者打歌场上的节奏和情绪气氛都由他们掌控与调整。在南涧县凡遇年节喜庆、婚丧嫁娶、山会庙会各乡镇的彝族均要打歌在二月八过小年时打歌的场面最为盛大。年南涧彝族打歌入选云南省第四批省级非物质文化遗产代表性项目名录扩展项目名录。项目代表性传承人是鲁国花。,省级,南涧彝族打歌\按照\风格\可\分为\无量山\系\彝族打歌\哀牢山\系\彝族打歌\和\无量山\镇\红星\彝族打歌\三大类\。\这三大类\彼此之间\既有\共性\又\有\个性\。\无量山\系在\南涧县\的\西北部\包括\小湾\东镇\、\碧溪乡\、\乐秋乡\、\拥翠乡\区域\的\打歌\以上\耸下\踏\的\竖向\运动\风格\为\突出\特点\。\主要\套路\有\喜鹊\蹲\窝\苍蝇\蹉\脚踏\步\两翻\两转\跳步\两翻\两转\三\翻三转\退歌\一步\转通\等\。\哀牢山\系在\南涧县\的\东南部\包括\无量山\镇\、\宝华\镇及\南涧\镇\的\部分\地区\。\这一\区域\的\打\歌曲\调\优美\舞者\不\分\男女\除\转身\动作\外均\保持\连臂\踏歌\姿态\形成\了\前后左右\横向\运动\的\风格\舞蹈\队形\有\一种\紧密团结\的\整体\力量感\。\主要\套路\有攒歌\二步\行走\式\六步\行走\式\三步\颤动\式\板桥\翻半\翻三翻\全翻\正喜歌\三\跺脚\等\。\无论\跳\何种\套路\都\要\从\攒\歌\开始\在\此基础\上\变化\不同\的\组合\套路\。\无量山\镇\红星\彝族打歌\主要\的\舞蹈\动律\在\双膝\带动\身体\做\屈伸\运动\形成\另\一种\打歌\风格\。\主要\舞蹈\套路\有\老鸹\歌正\喜歌\歌利得\直歌\弯脚\歌\等\。\这三类\打歌\均\以\竹笛\、\葫芦\笙\、\小\三弦\和\大三弦\伴奏\。\竹笛\为\高音\笛\是\领奏\乐器\。\葫芦\笙\为\五管\笙\分大\葫芦\笙\和\小\葫芦\笙\。\葫芦\笙\、\小\三弦\以及\被\当地\彝族\称为\老广弦\的\大三弦\一道\成为\打歌\场上\不能\缺少\的\伴奏\乐器\。\伴奏者\也\是\领舞\者\打歌\场上\的\节奏\和\情绪\气氛\都\由\他们\掌控\与\调整\。\在\南涧县\凡遇\年节\喜庆\、\婚丧嫁娶\、\山会\庙会\各乡镇\的\彝族\均\要\打歌\在\二月\八\过小年\时\打歌\的\场面\最为\盛大\。\年\南涧彝族打歌\入选\云南省\第四批\省级\非物质文化\遗产\代表性\项目\名录\扩展\项目\名录\。\项目\代表性\传承\人\是\鲁国\花\。,彝族
南愣田村拉祜族传统文化生态保护区,第四批,民族传统文化生态保护区,云南省临翔区,保护区位于云南省临沧市临翔区南美拉祜族乡南美村委会南楞田自然村。南楞田村面积平方千米全村有户人年底统计均为拉祜族。保护区东、西、北三面环山村子坐落在字形的谷地中村中有南美河流过森林覆盖率达以上有云南松、麻栗树、水冬瓜、多依树、木莲、杜鹃、野茶花、橄榄树、西南桦、龙竹、金竹、黑竹、泡竹等植物珍稀树种有桫椤、红椿木、樟木、柏木、铁杉及野生古茶树等。有大片的茶园生态环境良好自然风光优美。南楞田村是云南省文化传承示范村年被列入云南省文物保护建设项目年被列入全国具有重要保护价值的传统村落名录。保护区中居民建筑以传统木结构干栏式木掌楼为主兼有汉式平房保留大量茅草屋顶的民居。村民信仰万物有灵信奉天神、地神、山神、水神、树神等。婚礼习俗别具一格新娘在结婚当天要剃光头代表着从女孩到女人的转变一切要从头开始。夜晚所有参加婚礼的人均唱拉祜族叙事民歌古本调祝福新人白头偕老然后集体打歌通宵达旦热闹异常。南楞田村保留传统饮食习俗、建房习俗、居住风俗、丧俗等还保留有拉祜族传统节日如扩节春节、土主节、芭蕉节祭日、搭桥节毛稗魂、尝新米节、叫魂节、拿鱼节等。民间文学有《古本》《阿加烈》《穷人》《岩加另》等。传统音乐有山歌、小调、芦笙吹奏、牛腿琴弹奏。传统舞蹈丰富有打歌和拉祜族芦笙舞芦笙舞已经收集整理为套有多个组合。传统技艺有纺织、服饰制作、酿酒、竹编、铁器制作、牛腿琴制作、拉祜族民居营造、拉祜族饮食等。民间体育活动有打陀螺、射弩等。还有传统民间医药。南楞田村的男女服饰、各年龄段服饰都有不同特色是临沧市拉祜族服饰保留最完整的村寨是原始的拉祜族聚居地也是拉祜族民族风情、习俗传承最为完整的村子。年南楞田村拉祜族传统文化生态保护区入选云南省第四批省级非物质文化遗产代表性项目名录。,省级,保护区\位于\云南省\临沧市\临翔区\南美\拉祜族\乡\南美\村委会\南楞田\自然村\。\南楞田村\面积\平方千米\全村\有户\人\年底\统计\均\为\拉祜族\。\保护区\东\、\西\、\北三面\环山\村子\坐落\在\字形\的\谷地\中村\中\有\南美\河流\过\森林\覆盖率\达\以上\有\云南松\、\麻\栗树\、\水\冬瓜\、\多依树\、\木莲\、\杜鹃\、\野\茶花\、\橄榄树\、\西南\桦\、\龙竹\、\金竹\、\黑竹\、\泡竹\等\植物\珍稀\树种\有\桫椤\、\红椿木\、\樟木\、\柏木\、\铁杉\及\野生\古\茶树\等\。\有\大片\的\茶园\生态环境\良好\自然风光\优美\。\南楞田村\是\云南省\文化传承\示范村\年\被\列入\云南省\文物保护\建设项目\年\被\列入\全国\具有\重要\保护\价值\的\传统\村落\名录\。\保护区\中\居民\建筑\以\传统\木结构\干栏\式\木\掌楼\为主\兼有\汉式\平房\保留\大量\茅草\屋顶\的\民居\。\村民\信仰\万物\有灵\信奉\天神\、\地神\、\山神\、\水神\、\树神\等\。\婚礼\习俗\别具一格\新娘\在\结婚\当天\要\剃光头\代表\着\从\女孩\到\女人\的\转变\一切\要\从头开始\。\夜晚\所有\参加\婚礼\的\人均\唱\拉祜族\叙事\民歌\古本\调\祝福\新人\白头偕老\然后\集体\打歌\通宵达旦\热闹\异常\。\南楞田村\保留\传统\饮食\习俗\、\建房\习俗\、\居住\风俗\、\丧俗\等\还\保留\有\拉祜族\传统节日\如\扩节\春节\、\土主节\、\芭蕉\节\祭\日\、\搭桥\节毛\稗\魂\、\尝新\米节\、\叫魂\节\、\拿\鱼节\等\。\民间文学\有\《\古本\》\《\阿加\烈\》\《\穷人\》\《\岩加\另\》\等\。\传统\音乐\有\山歌\、\小调\、\芦笙\吹奏\、\牛腿琴\弹奏\。\传统\舞蹈\丰富\有\打歌\和\拉祜族芦笙舞\芦笙舞\已经\收集整理\为\套\有\多个\组合\。\传统\技艺\有\纺织\、\服饰\制作\、\酿酒\、\竹编\、\铁器\制作\、\牛腿琴\制作\、\拉祜族\民居\营造\、\拉祜族\饮食\等\。\民间\体育\活动\有\打\陀螺\、\射弩\等\。\还有\传统\民间\医药\。\南楞田村\的\男女\服饰\、\各\年龄段\服饰\都\有\不同\特色\是\临沧市\拉祜族\服饰\保留\最\完整\的\村寨\是\原始\的\拉祜族\聚居地\也\是\拉祜族\民族风情\、\习俗\传承\最为\完整\的\村子\。\年南\楞\田村\拉祜族\传统文化\生态\保护区\入选\云南省\第四批\省级\非物质文化\遗产\代表性\项目\名录\。,拉祜族
景东彝族刺绣,第三批,传统美术,景东县文化馆,景东彝族女子的每种服饰都离不开剌绣品装饰所有服装都是用彝族女子精心绣制的各种剌绣品缝制而成的整体颜色十分艳丽。图案一般先绣在布料上然后再镶在衣服上。一套完整的彝族女子盛装包括包头、上衣、披肩、围腰、腰带、裤子等件套再配以若干银饰和彩珠。刺绣服饰主要有婚服和便装。当地彝族少女从七八岁起就跟随母亲学习织布和剌绣需自己精心绣制自己的婚服婚后还需精心保存婚服至去世时作寿衣用是彝族婚丧文化的一种体现。绣法有挑、绣、补、纳、扣、单面挑、双面绣等。绣花种类有排花、栽花、穿花、贴花、锁花、盘花、滚花、补花、刺花、纳花、纤花、平绣、链子扣、镂空、打字花、扣花、切针等手法和技巧。绣制时先把布料放在绣花箍上绷紧固定然后根据需要和想象设计好图案以牡丹、鸳鸯、花草、龙凤等传统图案居多就可刺制。一般是多种针法交叉使用配色则根据个人喜好随心搭配以红、白、黑为主色辅以其他色调。绣制图案精致、精巧、均衡色彩绚丽。刺绣产品主要有围腰、披肩、绣花鞋、文帐头、壁包、包头、头饰品、领带、童帽、伞套、桌布、窗帘、壁挂、信插、背包、挎包、钱包、腰包、小手袋等。年景东彝族刺绣入选云南省第三批省级非物质文化遗产代表性项目名录扩展项目名录。项目代表性传承人是鲁桂枝、李海仙。,省级,景东\彝族\女子\的\每种\服饰\都\离不开\剌\绣品\装饰\所有\服装\都\是\用\彝族\女子\精心\绣制\的\各种\剌\绣品\缝制\而成\的\整体\颜色\十分\艳丽\。\图案\一般\先\绣\在\布料\上\然后\再\镶\在\衣服\上\。\一套\完整\的\彝族\女子\盛装\包括\包头\、\上衣\、\披肩\、\围腰\、\腰带\、\裤子\等\件套\再配\以\若干\银饰\和\彩珠\。\刺绣\服饰\主要\有\婚服\和\便装\。\当地\彝族\少女\从\七八岁\起\就\跟随\母亲\学习\织布\和\剌\绣\需\自己\精心\绣制\自己\的\婚服\婚后\还\需\精心\保存\婚服\至\去世\时作\寿衣\用\是\彝族\婚丧\文化\的\一种\体现\。\绣法\有\挑\、\绣\、\补\、\纳\、\扣\、\单面\挑\、\双面绣\等\。\绣花\种类\有\排花\、\栽花\、\穿花\、\贴花\、\锁花\、\盘花\、\滚花\、\补花\、\刺花\、\纳花\、\纤花\、\平绣\、\链子\扣\、\镂空\、\打字\花\、\扣花\、\切针\等\手法\和\技巧\。\绣制\时先\把\布料\放在\绣花\箍\上\绷紧\固定\然后\根据\需要\和\想象\设计\好\图案\以\牡丹\、\鸳鸯\、\花草\、\龙凤\等\传统\图案\居多\就\可\刺制\。\一般\是\多种\针法\交叉\使用\配色\则\根据\个人\喜好\随心\搭配\以红\、\白\、\黑\为主\色\辅以\其他\色调\。\绣制\图案\精致\、\精巧\、\均衡\色彩\绚丽\。\刺绣\产品\主要\有围\腰\、\披肩\、\绣花鞋\、\文\帐头\、\壁包\、\包头\、\头\饰品\、\领带\、\童帽\、\伞套\、\桌布\、\窗帘\、\壁挂\、\信插\、\背包\、\挎包\、\钱包\、\腰包\、\小\手袋\等\。\年\景东彝族刺绣\入选\云南省\第三批\省级\非物质文化\遗产\代表性\项目\名录\扩展\项目\名录\。\项目\代表性\传承\人\是\鲁\桂枝\、\李海仙\。,彝族
拓东甜酱油酿造技艺,第四批,传统技艺,昆明拓东调味食品有限公司,昆湖牌拓东甜酱油始创于年原名永香斋至今已有多年历史。酿制拓东甜酱油一般选用云南玉溪华宁县青龙镇出产的黄豆作为原料洗净入锅急火猛煮到烂停火焖至透熟成糊出锅做成饼状置于朽稻草编成的草席上再盖同样的朽草席在阴凉处搁放完成制曲。将长霉的豆饼入缸加凉开水化开盖上竹篷置于阳光下晾晒使其发酵变色称为日晒夜露。若干天后酱糊颜色变深与汁水分离从缸底浮起进行第一次搅拌后继续暴晒。待酱糊颜色发红表面有硬结进行第二次搅拌。如此循环半年制成新酱。新制成的酱需掺兑三年以上的老酱基才能做出味道醇正的酱油。熬油是制作甜酱油最关键的环节。生火后将压榨出的酱油过秤入锅把装好八角、茴香籽等的调料包放入锅中同煮按顺序加入大米酿成的饴糖以提高浓度再加入炒糊的糖以调制颜色最后配放红糖增加纯正甜香。熬制完成后过滤静置即为成品甜酱油。拓东甜酱油成品为黑褐色清亮无杂质且有浓郁的豆酱清香咸甜可口是豆花米线、卤面、凉白肉、牛凉片等云南特色美食必备的调味品深受云南人民喜爱。年拓东甜酱油酿造技艺入选云南省第四批省级非物质文化遗产代表性项目名录。,省级,昆湖牌\拓东\甜\酱油\始创\于\年\原名\永香斋\至今已有\多年\历史\。\酿制\拓东\甜\酱油\一般\选用\云南\玉溪\华宁县\青龙镇\出产\的\黄豆\作为\原料\洗净\入锅\急火\猛\煮\到\烂\停火\焖\至\透熟\成糊出\锅\做成\饼状\置于\朽\稻草\编成\的\草席\上\再\盖\同样\的\朽\草席\在\阴凉处\搁放\完成\制曲\。\将\长霉\的\豆饼\入缸\加\凉开水\化开\盖上\竹篷\置于\阳光\下\晾晒\使\其\发酵\变色\称为\日晒\夜露\。\若干天\后\酱糊\颜色\变深\与\汁水\分离\从\缸\底\浮起\进行\第一次\搅拌\后\继续\暴晒\。\待\酱糊\颜色\发红\表面\有\硬结\进行\第二次\搅拌\。\如此\循环\半年\制成\新酱\。\新\制成\的\酱\需\掺\兑\三年\以上\的\老酱\基\才能\做出\味道\醇正\的\酱油\。\熬油\是\制作\甜\酱油\最\关键\的\环节\。\生火\后\将\压榨\出\的\酱油\过秤\入锅\把\装好\八角\、\茴香\籽\等\的\调料\包\放入\锅中同\煮\按\顺序\加入\大米\酿成\的\饴糖\以\提高\浓度\再\加入\炒糊\的\糖\以\调制\颜色\最后\配放\红糖\增加\纯正\甜香\。\熬制\完成\后\过滤\静置\即\为\成品\甜\酱油\。\拓东\甜\酱油\成品\为\黑褐色\清亮\无杂质\且\有\浓郁\的\豆酱\清香\咸甜\可口\是\豆花\米线\、\卤面\、\凉\白肉\、\牛凉片\等\云南\特色美食\必备\的\调味品\深受\云南\人民\喜爱\。\年\拓东甜酱油酿造技艺\入选\云南省\第四批\省级\非物质文化\遗产\代表性\项目\名录\。,
洱源唢呐乐,第四批,传统音乐,洱源县文化馆,洱源县是文化部命名的中国民间文化艺术白族唢呐之乡。白族唢呐是洱源人民十分珍爱的民间吹奏乐器广泛应用于生产劳动、婚丧喜庆、戏剧舞台、民间风俗社火集会和宗教礼仪等场合白族唢呐吹打乐也是吹吹腔和白剧的主要伴奏音乐。唢呐是白族聚集区域流传最为广泛的民间吹奏乐器不仅承载着本族丰富的文化信息也是白族生产生活中重要的文化器物。洱源白族唢呐与汉族唢呐大不相同木管的背面无音孔正面只有七孔采用借音吹奏法换气方式采取左右腮帮交替进行吹奏者可以边走边吹簧片短而较硬低音浑厚、稳健高音高亢、明亮音域宽广喜用跳进音程具有粗犷、豪放的独特风格。乐曲使用调式以徵调式、羽调式居多商调式、角调式次之。其乐曲结构有上下乐句构成乐段有单乐句反复构成的乐段亦有四个乐句构成的乐段。乐曲的发展以变奏手法较多重复中有变化。洱源白族唢呐十分普及传统曲目极为丰富已搜集到的曲牌有多个。严格区分表达喜庆、祭祀、哀伤等各种情绪而且在各种活动中每个程序都有专用的曲目。白族唢呐吹打乐也用于白剧、白族吹吹腔、白族民歌的伴奏。唢呐在白族生产生活中有着不可取代的地位红白喜事用唢呐逢年过节吹唢呐平时心情好坏也用唢呐去表达。年洱源白族唢呐乐入选云南省第四批省级非物质文化遗产代表性项目名录扩展项目名录。项目代表性传承人是李家福、毛六凡。,省级,洱源县\是\文化部\命名\的\中国\民间文化\艺术\白族\唢呐\之\乡\。\白族\唢呐\是\洱源\人民\十分\珍爱\的\民间\吹奏乐器\广泛应用\于\生产\劳动\、\婚丧喜庆\、\戏剧\舞台\、\民间\风俗\社火\集会\和\宗教\礼仪\等\场合\白族\唢呐\吹打乐\也\是\吹吹腔\和\白剧\的\主要\伴奏\音乐\。\唢呐\是\白族\聚集\区域\流传\最为\广泛\的\民间\吹奏乐器\不仅\承载\着\本族\丰富\的\文化\信息\也\是\白族\生产\生活\中\重要\的\文化\器物\。\洱源\白族\唢呐\与\汉族\唢呐\大不相同\木管\的\背面\无\音孔\正面\只有\七孔\采用\借音\吹奏\法\换气\方式\采取\左右\腮帮\交替\进行\吹奏者\可以\边\走边\吹\簧片\短\而\较硬\低音\浑厚\、\稳健\高音\高亢\、\明亮\音域\宽广\喜用\跳进\音程\具有\粗犷\、\豪放\的\独特\风格\。\乐曲\使用\调式\以徵\调式\、\羽\调式\居多\商\调式\、\角\调式\次之\。\其\乐曲\结构\有\上下\乐句\构成\乐段\有单\乐句\反复\构成\的\乐段\亦\有\四个\乐句\构成\的\乐段\。\乐曲\的\发展\以\变奏\手法\较\多\重复\中有\变化\。\洱源\白族\唢呐\十分\普及\传统\曲目\极为\丰富\已\搜集\到\的\曲牌\有\多个\。\严格\区分\表达\喜庆\、\祭祀\、\哀伤\等\各种\情绪\而且\在\各种\活动\中\每个\程序\都\有\专用\的\曲目\。\白族\唢呐\吹打乐\也\用于\白剧\、\白族\吹吹腔\、\白族\民歌\的\伴奏\。\唢呐\在\白族\生产\生活\中\有着\不可\取代\的\地位\红白喜事\用\唢呐\逢年过节\吹\唢呐\平时\心情\好坏\也\用\唢呐\去\表达\。\年\洱源\白族\唢呐\乐\入选\云南省\第四批\省级\非物质文化\遗产\代表性\项目\名录\扩展\项目\名录\。\项目\代表性\传承\人\是\李家\福\、\毛六凡\。,白族
月琴弦子制作技艺,云南省第三批,传统技艺,云南省砚山县,月琴弦子制作技艺主要流传于阿舍乡巨美村全村村民都是壮族。本地的彝族男子赶集或集会总喜欢把壮族艺人做的弦子带在身上边走边弹。月琴弦子是用泡桐制作的工具有刀、锯、刨、钻、锤、凿子、剪刀、斧子等。所有部件均用榫卯结构和胶水黏接不使用铁钉或螺丝。工艺流程有选料伐木、晒干、解板、推平、压板、合拼材料、雕刻等道工序。月琴弦子的品种有龙头弦、马头弦、蚂螂头弦、平头弦四种。月琴弦子具有浓郁的民族特色和地方特点音色清脆共鸣纯正音域宽广感染力强。在砚山县弦子是民族团结的象征它是彝族人的希望是壮族人智慧的结晶。年月琴弦子制作技艺入选云南省级非物质文化遗产代表性项目名录扩展项目名录。项目代表性传承人是江永富。,省级,月\琴弦\子\制作\技艺\主要\流传\于\阿舍\乡\巨美村\全村\村民\都\是\壮族\。\本地\的\彝族\男子\赶集\或\集会\总\喜欢\把\壮族\艺人\做\的\弦子\带\在\身上\边\走边\弹\。\月\琴弦\子\是\用\泡桐\制作\的\工具\有刀\、\锯\、\刨\、\钻\、\锤\、\凿子\、\剪刀\、\斧子\等\。\所有\部件\均\用\榫卯\结构\和\胶水\黏接\不\使用\铁钉\或\螺丝\。\工艺流程\有\选料\伐木\、\晒干\、\解板\、\推平\、\压板\、\合拼\材料\、\雕刻\等\道工序\。\月\琴弦\子\的\品种\有\龙头\弦\、\马头\弦\、\蚂螂\头\弦\、\平头\弦\四种\。\月\琴弦\子\具有\浓郁\的\民族特色\和\地方\特点\音色\清脆\共鸣\纯正\音域\宽广\感染力\强\。\在\砚山县\弦子\是\民族团结\的\象征\它\是\彝族\人\的\希望\是\壮族\人\智慧\的\结晶\。\年\月\琴弦\子\制作\技艺\入选\云南\省级\非物质文化\遗产\代表性\项目\名录\扩展\项目\名录\。\项目\代表性\传承\人\是\江永\富\。,壮族
漾濞彝族打歌,第四批,传统舞蹈,漾濞县文化馆,漾濞县彝族打歌历史悠久在漾濞县苍山西坡的岩画中就绘有打歌、狩猎、祭祀的场景。彝族打歌不但是当地一个流传久远的民间舞蹈也是当地群众欢迎来客的仪式。当有客人来到时彝族人民为客人献上香醇的美酒跳起粗犷豪放的额克并邀客人一起载歌载舞表达彝族人民火一样的热情。在每年农历正月的初二、十三和三月十九鸡街乡菜白村、达村的彝族都要举行庙会活动。当夜幕降临之际他们燃起篝火围着火塘打歌、对调子直到天明。他们认为参加庙会打歌会得到神灵保佑一年四季六畜兴旺五谷丰登。同时庙会也是青年男女社交的场所。彝族打歌有独特的风格和动作特点。打歌时用笛子和葫芦笙伴奏舞者随舞步提起侧肩膀身子及头部同时向左或向右稍偏动舞蹈动作刚劲有力。主要的舞蹈套路有大三步、原地踢脚、左右三步、前三步后三步、退四步转身、踏两步转身、大三步转身等。舞蹈动力点在大小腿部、腰部、肩部动作优美体现了彝族人豪迈、粗犷的性格。打歌男装简洁大方白对襟衣黑色绣花边的马褂黑色或深蓝色的长裤及黑布鞋。女装艳丽多姿头饰和上衣在醒目部位都用手工刺绣精美的图案头饰还用银饰品作点缀腰上系绣花围腰穿白色、蓝色或绿色的长裤脚上穿绣花鞋。打歌活动离不开笛子和芦笙两种民族乐器它们在打歌中起到关键的作用。舞蹈动作根据吹奏的节拍和调子进行转变。在打歌活动中进行山歌小调对唱抒发打歌者心中激情。漾濞县彝族打歌极大地丰富了广大人民群众的精神文化生活。年彝族打歌入选云南省第四批省级非物质文化遗产代表性项目名录扩展项目名录。项目代表性传承人有常泽香、吴富海等。漾濞鸡街彝族打歌表演漾濞鸡街彝族打歌表演,省级,漾濞县\彝族打歌\历史悠久\在\漾濞县\苍山\西坡\的\岩画\中\就\绘\有\打歌\、\狩猎\、\祭祀\的\场景\。\彝族打歌\不\但是\当地\一个\流传\久远\的\民间舞蹈\也\是\当地\群众\欢迎\来客\的\仪式\。\当有\客人\来到\时\彝族\人民\为\客人\献上\香醇\的\美酒\跳\起\粗犷\豪放\的\额克\并邀\客人\一起\载歌载舞\表达\彝族\人民\火\一样\的\热情\。\在\每年\农历\正月\的\初二\、\十三\和\三月\十九\鸡街\乡菜\白村\、\达村\的\彝族\都\要\举行\庙会\活动\。\当\夜幕降临\之际\他们\燃起\篝火\围着\火塘\打歌\、\对\调子\直到\天明\。\他们\认为\参加\庙会\打\歌会\得到\神灵\保佑\一年四季\六畜兴旺\五谷丰登\。\同时\庙会\也\是\青年\男女\社交\的\场所\。\彝族打歌\有\独特\的\风格\和\动作\特点\。\打歌\时用\笛子\和\葫芦\笙\伴奏\舞者\随\舞步\提起\侧\肩膀\身子\及\头部\同时\向\左\或\向\右\稍\偏动\舞蹈动作\刚劲有力\。\主要\的\舞蹈\套路\有大\三步\、\原地\踢脚\、\左右\三步\、\前三步\后\三步\、\退\四步\转身\、\踏\两步\转身\、\大\三步\转身\等\。\舞蹈\动力\点\在\大小\腿部\、\腰部\、\肩部\动作\优美\体现\了\彝族\人\豪迈\、\粗犷\的\性格\。\打歌\男装\简洁\大方\白\对襟\衣\黑色\绣花\边\的\马褂\黑色\或\深蓝色\的\长裤\及\黑\布鞋\。\女装\艳丽\多姿\头饰\和\上衣\在\醒目\部位\都\用\手工\刺绣\精美\的\图案\头饰\还\用\银饰品\作\点缀\腰\上系\绣花\围腰\穿\白色\、\蓝色\或\绿色\的\长\裤脚\上\穿\绣花鞋\。\打歌\活动\离不开\笛子\和\芦笙\两种\民族乐器\它们\在\打歌\中\起到\关键\的\作用\。\舞蹈动作\根据\吹奏\的\节拍\和\调子\进行\转变\。\在\打歌\活动\中\进行\山歌\小调\对唱\抒发\打\歌者\心中\激情\。\漾濞县\彝族打歌\极大\地\丰富\了\广大\人民\群众\的\精神\文化\生活\。\年\彝族打歌\入选\云南省\第四批\省级\非物质文化\遗产\代表性\项目\名录\扩展\项目\名录\。\项目\代表性\传承\人有\常泽香\、\吴\富海\等\。\漾濞\鸡街\彝族打歌\表演\漾濞\鸡街\彝族打歌\表演,彝族
彝族朝山会,第四批,民俗,云县文化馆,云县彝族朝山会是主要流传在云县境内彝族聚居山寨的传统节日。云县彝族各支系聚居地都有朝山习俗澜沧江沿岸的彝族土俚人、香堂人、俐侎人朝山最为热闹。在澜沧江沿岸的茂兰、漫湾、忙怀、后箐、栗树、大朝山等几个乡镇有数十处朝山地山川百神都是朝拜对象。云县彝族朝山会集祭祀文化及民俗活动为一体主要内容有两项祭祀活动和歌舞活动云县彝族各支系朝山会的日期不相同朝拜的对象也有所不同。朝拜最多的是老君山神石神水神龙王猎神土地公公等。歌舞娱乐活动就是打歌唱调打歌伴奏乐器以芦笙、竹箫、三弦为主唱调以即兴对唱为主。云县彝族白天打歌唱调只有在朝山会才进行有一种打歌打到太阳落只见黄灰不见脚的气势。云县彝族与其他民族和附近村寨民众在朝山之日共敬神、同打歌。与云县毗邻的昌宁、凤庆、巍山、南涧、景东、镇沅、景谷、临翔、永德、耿马等地区邻近村寨也有许多民众在朝山之日来聚会朝拜诸神打歌唱调会友串亲。云县彝族朝山会的主要特点表现为祭俗祭礼世代承传打歌唱调人神共娱不分地域参与面广传统节日吸引力强有不可替代的历史价值、文化价值和社会价值。年云县彝族朝山会入选云南省第四批省级非物质文化遗产代表性项目名录。项目代表性传承人是字国祥。,省级,云县\彝族朝山会\是\主要\流传\在\云县\境内\彝族\聚居\山寨\的\传统节日\。\云县\彝族\各\支系\聚居地\都\有\朝山\习俗\澜沧江\沿岸\的\彝族\土\俚人\、\香堂\人\、\俐\侎\人\朝山\最为\热闹\。\在\澜沧江\沿岸\的\茂兰\、\漫湾\、\忙怀\、\后\箐\、\栗树\、\大朝山\等\几个\乡镇\有\数十处\朝\山地\山川\百\神都\是\朝拜\对象\。\云县\彝族朝山会\集\祭祀\文化\及\民俗\活动\为\一体\主要\内容\有\两项\祭祀\活动\和\歌舞\活动\云县\彝族\各\支系\朝山\会\的\日期\不\相同\朝拜\的\对象\也\有所不同\。\朝拜\最多\的\是\老君山\神石神\水神\龙王\猎神\土地\公公\等\。\歌舞\娱乐活动\就是\打\歌唱\调\打歌\伴奏\乐器\以\芦笙\、\竹箫\、\三弦\为主\唱\调以\即兴\对唱\为主\。\云县\彝族\白天\打\歌唱\调\只有\在\朝山\会\才\进行\有\一种\打歌\打\到\太阳\落\只见\黄灰\不见\脚\的\气势\。\云县\彝族\与\其他\民族\和\附近\村寨\民众\在\朝山\之\日共\敬神\、\同\打歌\。\与\云县\毗邻\的\昌宁\、\凤庆\、\巍山\、\南涧\、\景东\、\镇\沅\、\景谷\、\临翔\、\永德\、\耿马\等\地区\邻近\村寨\也\有\许多\民众\在\朝山\之日来\聚会\朝拜\诸神\打\歌唱\调\会友\串亲\。\云县\彝族朝山会\的\主要\特点\表现\为\祭俗\祭礼\世代\承传\打\歌唱\调人\神共娱\不分\地域\参与\面广\传统节日\吸引力\强有\不可\替代\的\历史\价值\、\文化价值\和\社会价值\。\年\云县\彝族朝山会\入选\云南省\第四批\省级\非物质文化\遗产\代表性\项目\名录\。\项目\代表性\传承\人\是\字\国祥\。,彝族
云县彝族打歌,第三批,传统舞蹈,云县文化馆,云县彝族香堂人打歌历史悠久明清以来的一些史籍中有许多云县彝族生活习俗的记载。打歌的实际含义就是又跳又唱云县彝族每个村寨都有几十种打歌套路。打歌起源有三种传说一是狩猎之时百鸟传艺箐鸡摆尾说二是部落之争时摆迷魂阵的阿苏、阿赛说三是为夜里驱寒的围火转圈说。打歌有拉手或甩手、围圈、在伴奏乐器的节拍中逆时针方向转动也有少部分舞蹈顺时针方向转动等几种主要形式有歌必舞、有舞必歌且唱且舞。打歌的主要类型有模拟鸟兽动作如黄鼠狼掏蜂子、苍蝇搓脚、小黄牛蹽疯模拟劳作动作如栽秧歌、搬篱笆桩、磨面歌反映日常生活状态如穿花歌、送晌午、踢屁股歌等。打歌的功能可分为自娱、祭祀、教化、表演等。打歌屈膝张弛、重拍向下、跑跳结合、左轻右重踏、跺胜于翻、转跺脚几乎全掌落地随着大小芦笙、竹箫、笛子、三弦、竹鼓、响篾、唢呐等伴奏乐器的音乐节拍左弱右强整齐震撼。有三步一跺、三步一转、三步一抬等一些固定步伐组合。打歌传递着彝族香堂人较多的历史文化信息富有地域和民族特色欢快活泼技巧性强具有浓郁的生活气息。目前有不同年龄层次的传承人传承情况良好。年云县彝族打歌入选云南省第三批省级非物质文化遗产代表性项目名录扩展项目名录。项目代表性传承人是杨天龙、布正昌等。,省级,云县\彝族\香堂\人\打歌\历史悠久\明清\以来\的\一些\史籍\中有\许多\云县\彝族\生活\习俗\的\记载\。\打歌\的\实际\含义\就是\又\跳\又\唱\云县\彝族\每个\村寨\都\有\几十种\打歌\套路\。\打歌\起源\有\三种\传说\一是\狩猎\之\时\百鸟\传艺\箐\鸡\摆尾\说二是\部落\之争\时\摆迷魂阵\的\阿苏\、\阿赛\说\三\是\为\夜里\驱寒\的\围火\转圈\说\。\打歌\有\拉手\或\甩手\、\围圈\、\在\伴奏\乐器\的\节拍\中\逆时针\方向\转动\也\有\少部分\舞蹈\顺时针\方向\转动\等\几种\主要\形式\有歌\必舞\、\有舞\必歌且\唱且\舞\。\打歌\的\主要\类型\有\模拟\鸟兽\动作\如\黄鼠狼\掏蜂子\、\苍蝇\搓脚\、\小\黄牛\蹽\疯\模拟\劳作\动作\如\栽\秧歌\、\搬\篱笆\桩\、\磨面\歌\反映\日常生活\状态\如穿\花歌\、\送\晌午\、\踢\屁股\歌\等\。\打歌\的\功能\可\分为\自娱\、\祭祀\、\教化\、\表演\等\。\打歌\屈膝\张弛\、\重拍\向下\、\跑跳\结合\、\左轻右\重踏\、\跺胜于\翻\、\转\跺脚\几乎\全掌\落地\随着\大小\芦笙\、\竹箫\、\笛子\、\三弦\、\竹鼓\、\响篾\、\唢呐\等\伴奏\乐器\的\音乐\节拍\左弱\右强\整齐\震撼\。\有\三步\一\跺\、\三步\一转\、\三步\一\抬\等\一些\固定\步伐\组合\。\打歌\传递\着\彝族\香堂\人较\多\的\历史\文化\信息\富有\地域\和\民族特色\欢快\活泼\技巧性\强\具有\浓郁\的\生活气息\。\目前\有\不同\年龄\层次\的\传承\人\传承\情况\良好\。\年\云县彝族打歌\入选\云南省\第三批\省级\非物质文化\遗产\代表性\项目\名录\扩展\项目\名录\。\项目\代表性\传承\人\是\杨\天龙\、\布正昌\等\。,彝族
磨皮大寨村彝族传统文化生态保护区,第四批,民族传统文化生态保护区,云南省新平彝族傣族自治县,该保护区位于云南省玉溪市新平彝族傣族自治县平甸乡磨皮村委会磨皮大寨小组。村民均为彝族属彝族山苏支系。村落已有多年历史。保护区自然生态环境优越紧邻磨盘山国家森林公园具有丰富的森林资源及草场资源以高山常绿阔叶树种为主还有巨龙竹、白竹、刺竹、凤尾竹、苦竹、甜竹等多种竹类及中草药。村旁植被覆盖率达以上。保护区内彝族土木结构传统民居保存情况较好大多为土掌房占民居建筑总数的聚落格局总体保持传统风貌。崇拜山神、树神、天神、水神。建房习俗、婚庆及丧葬习俗保存完整。传统节日有春节、祭龙节、吃花酒、火把节等其中祭龙节最为盛大、最有特色。这里是省级非遗代表性项目名录花鼓舞的主要流传地还保存有三弦舞、四弦舞、花鼓制作、打陀螺、彝文古籍等非物质文化遗产有重要的彝族历史文化研究价值。各级政府已对花鼓舞投入保护资金平甸乡政府在磨皮小学设立了磨皮花鼓舞传习基地并在保护区设立磨皮花鼓舞传习所多次组织开展花鼓舞进校园和艺人传艺活动。民众对彝族传统文化认同度高能够自觉积极地参与非物质文化遗产的保护和传承。年磨皮大寨村彝族传统文化生态保护区入选云南省第四批省级非物质文化遗产代表性项目名录。项目代表性传承人是易学昌、易成英。,省级,该\保护区\位于\云南省\玉溪市\新平彝族傣族自治县\平甸乡\磨皮\村委会\磨皮\大寨\小组\。\村民\均\为\彝族\属\彝族\山苏\支系\。\村落\已有\多年\历史\。\保护区\自然\生态环境\优越\紧邻\磨盘\山\国家森林公园\具有\丰富\的\森林资源\及\草场\资源\以\高山\常绿阔叶\树种\为主\还有\巨龙\竹\、\白竹\、\刺竹\、\凤尾竹\、\苦竹\、\甜竹\等\多种\竹类\及\中草药\。\村旁\植被\覆盖率\达\以上\。\保护区\内\彝族\土\木结构\传统\民居\保存\情况\较\好\大多\为\土掌房\占\民居\建筑\总数\的\聚落\格局\总体\保持\传统\风貌\。\崇拜\山神\、\树神\、\天神\、\水神\。\建房\习俗\、\婚庆\及\丧葬\习俗\保存\完整\。\传统节日\有\春节\、\祭龙\节\、\吃\花酒\、\火把节\等\其中\祭龙\节\最为\盛大\、\最有\特色\。\这里\是\省级\非遗\代表性\项目\名录\花鼓舞\的\主要\流传\地\还\保存\有\三弦\舞\、\四弦舞\、\花鼓\制作\、\打\陀螺\、\彝文\古籍\等\非物质文化\遗产\有\重要\的\彝族\历史\文化\研究\价值\。\各级\政府\已\对\花鼓舞\投入\保护\资金\平甸\乡政府\在\磨皮\小学\设立\了\磨皮\花鼓舞\传习\基地\并\在\保护区\设立\磨皮\花鼓舞\传习所\多次\组织\开展\花鼓舞\进校园\和\艺人\传艺\活动\。\民众\对\彝族\传统文化\认同度\高\能够\自觉\积极\地\参与\非物质文化\遗产\的\保护\和\传承\。\年\磨皮大寨村彝族传统文化生态保护区\入选\云南省\第四批\省级\非物质文化\遗产\代表性\项目\名录\。\项目\代表性\传承\人\是\易学\昌\、\易成英\。,彝族
云南围棋子永子制作技艺,第五批,传统技艺,云南省保山市隆阳区,保山古称永昌府永子即永昌所产的围棋子又名永棋。永子质地温润如玉又异常坚硬以天然玉石磨制而成被公认为棋中圣品不仅为达官显贵、文士骚客所珍爱还曾是皇室贡品堪称国宝。永子使用天然玛瑙、玉石、琥珀等原料棋子质地细糯如玉入手圆润冬温夏凉而且不易破碎不会风化能长期使用和收藏。其制作工艺流程包括选料、破碎、研磨、配料、焦煤窑熔炼、手工滴制、冷却、打磨、漂洗、晾晒、拣选、包装成品。永子之所以甲天下一是因其原料珍贵二是制作工艺独特三是品质极佳。琴、棋、书、画四大雅艺是我国传统文化的精髓围棋是国粹之一永子是中华民族传统文化中的瑰宝承载着保山五百多年的历史文化是保山人文明和智慧的结晶。年云南围棋子永子制作技艺入选中国第五批国家级非物质文化遗产代表性项目名录。项目代表性传承人是李国伟。,省级,保山\古称\永昌\府\永子\即\永昌\所产\的\围棋子\又名\永棋\。\永子\质地\温润\如玉\又\异常\坚硬\以\天然\玉石\磨制\而成\被\公认\为\棋中\圣品\不仅\为\达官显贵\、\文士\骚客\所\珍爱\还\曾\是\皇室\贡品\堪称\国宝\。\永子\使用\天然\玛瑙\、\玉石\、\琥珀\等\原料\棋子\质地\细\糯\如玉\入手\圆润\冬\温夏凉\而且\不\易破碎\不会\风化\能\长期\使用\和\收藏\。\其\制作\工艺流程\包括\选料\、\破碎\、\研磨\、\配料\、\焦\煤窑\熔炼\、\手工\滴制\、\冷却\、\打磨\、\漂洗\、\晾晒\、\拣选\、\包装\成品\。\永子\之所以\甲天下\一是\因其\原料\珍贵\二是\制作\工艺\独特\三是\品质\极佳\。\琴\、\棋\、\书\、\画\四大\雅艺\是\我国\传统文化\的\精髓\围棋\是\国粹\之一\永子\是\中华民族\传统文化\中\的\瑰宝\承载\着\保山\五百多年\的\历史\文化\是\保山\人\文明\和\智慧\的\结晶\。\年\云南\围棋子\永子\制作\技艺\入选\中国\第五批\国家级\非物质文化\遗产\代表性\项目\名录\。\项目\代表性\传承\人\是\李国伟\。,
傣族果雕,第四批,传统美术,瑞丽市文化馆,傣族果雕是傣族民间美术的重要组成部分。它伴随着佛事活动和丧葬习俗的需要利用当地丰盛的水果资源逐渐形成有较多人参与的一种民间美术创作活动。傣族果雕原料主要选用半熟或未成熟的西瓜、南瓜、萝卜、柚子、葫芦、黄瓜、地瓜、木瓜、苹果、梨以及鲜花等。工具多用小刀。通常在水果表面雕刻各种图案以花卉居多。其刀法效果极像剪纸被誉为多彩的傣家立体剪纸。果雕制作常用的技法有上下组合法、花瓶造型组合法、层层翻卷法、镂空组合法、切片重叠造型法等十余种艺人以女性居多。傣族果雕通常是以一种水果为主料采用一两种适当技法镂刻图案再配插绿叶、鲜花、糯米花串等辅料最后装盘待送。所刻图案以花、叶为多还有佛、鸟等。刻纹有各种平行斜线、弧形锯齿纹、圆环纹、凹凸曲线其代表作有《南瓜花》《萝卜花》《孔雀》等。傣族果雕是傣族民族民间美术的重要组成部分造型生动雕刻精美色彩艳丽寄托了傣家人对佛的虔诚和对美好生活的向往反映了傣族人的审美情趣充分显示了傣族人民的聪明智慧、非凡的艺术才能和丰富的想象力。年傣族果雕入选云南省第四批省级非物质文化遗产代表性项目名录。项目代表性传承人是喊乖。,省级,傣族果雕\是\傣族\民间美术\的\重要\组成部分\。\它\伴随\着\佛事\活动\和\丧葬\习俗\的\需要\利用\当地\丰盛\的\水果\资源\逐渐\形成\有\较\多\人\参与\的\一种\民间美术\创作\活动\。\傣族果雕\原料\主要\选用\半熟\或\未成熟\的\西瓜\、\南瓜\、\萝卜\、\柚子\、\葫芦\、\黄瓜\、\地瓜\、\木瓜\、\苹果\、\梨\以及\鲜花\等\。\工具\多用\小刀\。\通常\在\水果\表面\雕刻\各种\图案\以\花卉\居多\。\其\刀法\效果\极像\剪纸\被誉为\多彩的\傣家\立体\剪纸\。\果雕\制作\常用\的\技法\有\上下\组合法\、\花瓶\造型\组合法\、\层层\翻卷\法\、\镂空\组合法\、\切片\重叠\造型\法等\十余种\艺人\以\女性\居多\。\傣族果雕\通常\是\以\一种\水果\为\主料\采用\一\两种\适当\技法\镂刻\图案\再配\插\绿叶\、\鲜花\、\糯米\花串\等\辅料\最后\装盘\待\送\。\所刻\图案\以花\、\叶为\多\还有\佛\、\鸟\等\。\刻纹\有\各种\平行\斜线\、\弧形\锯齿\纹\、\圆\环纹\、\凹凸\曲线\其\代表作\有\《\南瓜\花\》\《\萝卜花\》\《\孔雀\》\等\。\傣族果雕\是\傣族\民族\民间美术\的\重要\组成部分\造型\生动\雕刻\精美\色彩艳丽\寄托\了\傣家\人\对\佛\的\虔诚\和\对\美好生活\的\向往\反映\了\傣族\人\的\审美\情趣\充分\显示\了\傣族\人民\的\聪明智慧\、\非凡\的\艺术\才能\和\丰富\的\想象力\。\年\傣族果雕\入选\云南省\第四批\省级\非物质文化\遗产\代表性\项目\名录\。\项目\代表性\传承\人\是\喊\乖\。,傣族
开远洞经音乐,第四批,传统音乐,开远市文化馆,开远洞经音乐历史悠久约于清代康熙年间传入至今已有多年历史。经历代经师的传承保存大部分乐章仍然流传于世传承较为完整传承谱系清晰。开远小龙潭洞经音乐俗称长联乐谱。主乐章由九板十三腔组成。九板即九个锣鼓打头。十三腔是由《香赞》《慨古今》《大腔》《甘州歌》《懒画眉》《玉兰曲》《挂经索》《铛子腔》《赞圣号》等旋律优美的十三个曲牌集合而成的套曲。洞经音乐演奏者分为主祭生和司乐生。主祭生为洞经主持司乐生为洞经音乐乐师乐队由十人左右组成。洞经音乐的演奏有其特定的规矩乐师分左右殿堂就座。左排乐师持鼓、锣、镲、钹、碰铃、磬等。右排乐师持木鱼、二胡、三弦、琵琶、箫、竹笛、板胡等。开远洞经音乐经常在当地大小庙会中演奏。正月初五、初十和十月初十至十五为大会乐师们身着长袍马褂聚于庙堂庙堂灯烛交辉仪式隆重气氛肃穆香烟缭绕。乐师们以温文尔雅的风度演奏众乐齐鸣悠扬动听。其他月份的初一、十五亦有小会。年开远洞经音乐入选云南省第四批省级非物质文化遗产代表性项目名录扩展项目名录。项目代表性传承人是何正昆。,省级,开远洞经音乐\历史悠久\约于\清代\康熙\年间\传入\至今已有\多年\历史\。\经\历代\经师\的\传承\保存\大部分\乐章\仍然\流传于世\传承\较为\完整\传承\谱系\清晰\。\开远\小龙潭\洞经音乐\俗称\长联\乐谱\。\主\乐章\由九板\十三腔\组成\。\九板\即\九个\锣鼓\打头\。\十三腔\是\由\《\香赞\》\《\慨\古今\》\《\大腔\》\《\甘州歌\》\《\懒画眉\》\《\玉兰\曲\》\《\挂\经索\》\《\铛子\腔\》\《\赞圣号\》\等\旋律优美\的\十三个\曲牌\集合\而成\的\套曲\。\洞经音乐\演奏者\分为\主祭\生和司\乐生\。\主祭\生\为\洞经\主持\司乐生\为\洞经音乐\乐师\乐队\由十人\左右\组成\。\洞经音乐\的\演奏\有\其\特定\的\规矩\乐师\分\左右\殿堂\就座\。\左排\乐师\持鼓\、\锣\、\镲\、\钹\、\碰铃\、\磬\等\。\右排\乐师\持\木鱼\、\二胡\、\三弦\、\琵琶\、\箫\、\竹笛\、\板胡\等\。\开远洞经音乐\经常\在\当地\大小\庙会\中\演奏\。\正月初五\、\初十\和\十月初\十至\十五\为\大会\乐师\们\身着\长袍马褂\聚于\庙堂\庙堂\灯烛\交辉\仪式\隆重\气氛\肃穆\香烟\缭绕\。\乐师\们\以\温文尔雅\的\风度\演奏\众乐\齐鸣\悠扬\动听\。\其他\月份\的\初一\、\十五\亦\有\小会\。\年\开远洞经音乐\入选\云南省\第四批\省级\非物质文化\遗产\代表性\项目\名录\扩展\项目\名录\。\项目\代表性\传承\人\是\何正昆\。,
云州唢呐乐,第四批,传统音乐,云南省临沧市云县,云州唢呐乐属于民族传统器乐中的吹管器乐。流传于云南省临沧市云县各个地区分布在各乡镇的彝族土俚人、香堂人、俐侎人聚居地和布朗族聚居地和拉祜族聚居地以及山区汉族聚居地。云州鼓吹存续了数百年《云县志》记载婚礼仪从为旌旗鼓乐。云州鼓吹的主要特征是乐队主次分明吹打结合其中吹管乐器主要是唢呐。演奏的曲调丰富多彩规模可大可小灵活多变内涵丰富功能多样。云州唢呐乐以小号唢呐为主奏辅以大筒、长号等吹奏乐器形成合奏形式每逢节日庆典、婚丧嫁娶时吹奏根据不同内容、不同场合的需要分成礼乐、祭乐、歌舞乐等鼓吹乐。各民族至今保留着的鼓吹班每个班少则人、人多则几十人上百人哨街彝族土俚人鼓吹班在澜沧江啤酒狂欢节上有人同时合奏过。云州唢呐乐有庆贺调、喜事调、打歌调、白事调等上千首曲调年至年云县文化馆收集整理多首年云县文化部门补充整理了首。年音乐家马思聪以云县人徐经采提供的云县大寨彝族鼓吹乐打歌调为音乐元素创作了中国第一组交响音乐《山林之歌》乐曲清新优美、富于诗意描绘了作曲家对大自然和山林生活的感受以及由此而引起的一些神州幻想。在云县各族人民群众中传承着云州唢呐乐文化习俗对增进民族情感、深化各民族的认同感具有重要作用。年云州唢呐乐入选云南省第四批省级非物质文化遗产代表性项目名录。项目代表性传承人是布正昌。,省级,云州唢呐乐\属于\民族\传统\器乐\中\的\吹管\器乐\。\流传\于\云南省\临沧市\云县\各个\地区\分布\在\各乡镇\的\彝族\土\俚人\、\香堂\人\、\俐\侎\人\聚居地\和\布朗族\聚居地\和\拉祜族\聚居地\以及\山区\汉族\聚居地\。\云州\鼓吹\存续\了\数百年\《\云\县志\》\记载\婚\礼仪\从\为\旌旗\鼓乐\。\云州\鼓吹\的\主要\特征\是\乐队\主次\分明\吹打\结合\其中\吹\管乐器\主要\是\唢呐\。\演奏\的\曲调\丰富多彩\规模\可大可小\灵活\多变\内涵\丰富\功能\多样\。\云州唢呐乐\以\小号\唢呐\为主\奏\辅以\大筒\、\长号\等\吹奏乐器\形成\合奏\形式\每逢\节日\庆典\、\婚丧嫁娶\时\吹奏\根据\不同\内容\、\不同\场合\的\需要\分成\礼乐\、\祭乐\、\歌舞\乐\等\鼓吹乐\。\各\民族\至今\保留\着\的\鼓吹\班\每个\班少\则\人\、\人\多则\几十人\上百人\哨街\彝族\土\俚人\鼓吹\班\在\澜沧江\啤酒\狂欢节\上\有人\同时\合奏\过\。\云州唢呐乐\有\庆贺\调\、\喜事\调\、\打\歌调\、\白事调\等\上\千首\曲调\年\至\年\云县\文化馆\收集整理\多首\年\云县\文化部门\补充\整理\了\首\。\年\音乐家\马思聪\以\云县\人\徐经\采\提供\的\云县\大寨\彝族\鼓吹乐\打\歌调\为\音乐\元素\创作\了\中国\第一组\交响音乐\《\山林\之歌\》\乐曲\清新\优美\、\富于\诗意\描绘\了\作曲家\对\大自然\和\山林\生活\的\感受\以及\由此\而\引起\的\一些\神州\幻想\。\在\云县\各族人民\群众\中\传承\着\云州唢呐乐\文化\习俗\对\增进\民族\情感\、\深化\各\民族\的\认同感\具有\重要\作用\。\年\云州唢呐乐\入选\云南省\第四批\省级\非物质文化\遗产\代表性\项目\名录\。\项目\代表性\传承\人\是\布正昌\。,彝族
藏族百谐祭祀礼仪,第四批,民俗,德钦县非物质文化遗产保护中心,百谐是流传在藏族地区的一种古老的祭祀仪式百是激励的意思也是德钦地区藏民对刀的别称谐是说的意思现根据百谐在德钦地区的流传形式和内容将其定名为刀赞。起初是古代藏族人在出征打仗前对战士进行战斗动员激励他们英勇杀敌、保家卫土这种鼓舞士气的做法后渐渐形成仪式。在没有战争时期百谐逐渐演变成集宗教、舞蹈、说唱艺术于一体的民间祭祀礼仪同时随着时代的变化百谐也成为藏民节庆聚集时的一种纯娱乐性的文化表演项目。流传在德钦地区的百谐一般在寺庙格冬节跳神节和民间祭山活动时进行活动具体时间各寺不同民间也存在差异寺庙一般在每年藏历九月至十月间而民间大致在每年农历正月初。德钦地区的百谐舞步大致有三种分别称为夏拐顶强特朗工几加亚安玛徐里里。传统的唱词内容也分为三类称为茸百百夏扎百。茸百主要是赞颂佛法僧、吉祥语等内容一般都是在整个百谐活动的开始阶段以示对佛教的尊崇这一部分显然是受了佛教思想的影响内容较严谨、固定第二阶段一般是百夏即挑衅、讽刺的内容也作娱乐用带有很大的随意性有很多即兴成分第三阶段也是百谐的核心部分扎百即赞颂战神、赞美武器等内容。百谐这一古老的祭祀仪式广泛流传于藏区各地其形式和内涵的多样性满足了不同群体信仰、祭祀和娱乐等需要对藏民族的文化艺术、社会生活、风俗习惯等方面都产生了深远的影响。年藏族百谐祭祀礼仪入选云南省第四批省级非物质文化遗产代表性项目名录。项目代表性传承人是加都。,省级,百谐\是\流传\在\藏族\地区\的\一种\古老\的\祭祀\仪式\百是\激励\的\意思\也\是\德钦\地区\藏民\对刀\的\别称\谐\是\说\的\意思\现\根据\百谐\在\德钦\地区\的\流传\形式\和\内容\将\其\定名\为\刀\赞\。\起初\是\古代\藏族人\在\出征\打仗\前\对\战士\进行\战斗\动员\激励\他们\英勇\杀敌\、\保家卫土\这种\鼓舞士气\的\做法\后\渐渐\形成\仪式\。\在\没有\战争\时期\百谐\逐渐\演变成\集\宗教\、\舞蹈\、\说唱\艺术\于\一体\的\民间\祭祀\礼仪\同时\随着\时代\的\变化\百谐\也\成为\藏民\节庆\聚集\时\的\一种\纯\娱乐性\的\文化\表演\项目\。\流传\在\德钦\地区\的\百谐\一般\在\寺庙\格\冬节\跳神节\和\民间\祭山\活动\时\进行\活动\具体\时间\各寺\不同\民间\也\存在\差异\寺庙\一般\在\每年\藏历\九月\至\十月\间\而\民间\大致\在\每年\农历\正月初\。\德钦\地区\的\百谐\舞步\大致\有\三种\分别\称为\夏拐\顶强\特朗\工几加\亚安玛\徐里\里\。\传统\的\唱词\内容\也\分为\三类\称为\茸\百百夏扎百\。\茸\百\主要\是\赞颂\佛法\僧\、\吉祥\语等\内容\一般\都\是\在\整个\百谐\活动\的\开始\阶段\以示\对\佛教\的\尊崇\这\一部分\显然\是\受\了\佛教\思想\的\影响\内容\较\严谨\、\固定\第二阶段\一般\是\百夏即\挑衅\、\讽刺\的\内容\也\作\娱乐\用\带有\很大\的\随意性\有\很多\即兴\成分\第三阶段\也\是\百谐\的\核心\部分\扎百即\赞颂\战神\、\赞美\武器\等\内容\。\百谐\这\一\古老\的\祭祀\仪式\广泛\流传\于\藏区\各地\其\形式\和\内涵\的\多样性\满足\了\不同\群体\信仰\、\祭祀\和\娱乐\等\需要\对藏\民族\的\文化\艺术\、\社会生活\、\风俗习惯\等\方面\都\产生\了\深远\的\影响\。\年\藏族\百谐\祭祀\礼仪\入选\云南省\第四批\省级\非物质文化\遗产\代表性\项目\名录\。\项目\代表性\传承\人\是\加\都\。,藏族
普洱祭茶祖习俗,第三批,民俗,普洱市文化馆,普洱市是普洱茶的原产地和集散地。普洱祭茶祖仪式源于普洱市哈尼、彝、傣、佤、拉祜、布朗等世居民族发现、利用、驯化、种植和经营茶的活动在历史中逐渐演变、成型而约定俗成。普洱祭茶祖仪式表现了茶乡人民视茶为神、敬茶为祖的原始崇拜。因民族与地域的不同而不同普洱祭茶祖仪式有祭茶树王、祭茶祖、祭茶神、茶祖会等不同称谓以村寨或部族为单位一般择春分前吉日或春节期间或与祭竜同时举行由寨老、乡村领导、摩巴、摩匹、白母、香通、竜头等主持。其程序大体是祭师拈香念咒语清扫场地请众神敬香、敬三牲群众有序敬香、献供品祭师唱祈祷歌全场歌舞野餐聚会。普洱祭茶祖仪式表现了茶乡人民视茶为神、敬茶为祖的原始崇拜。年月普洱市委市政府举办第七届中国普洱茶节决定将流行于各地的各民族民间祭茶祖仪式进行集中、组合、整理举办大型的普洱祭茶祖仪式成为每届茶节的活动内容之一连续举行。仪式固定为开坛请茶祖祭师诵祭词各族各界敬茶祖万民娱茶祖。普洱市的各族人民伴茶而生随茶的兴盛而发展在民间每年都要举行不同形式的祭祀茶祖活动以表达与大自然共生共荣的质朴情感和对美好生活的祈愿因此祭祀茶祖这一独具地域特色的传统习俗得以代代相传。祭茶祖仪式历史悠久独具特色表现了朴素的生态发展观在倡导生态文明建设的今天具有深远的历史意义和现实意义。年普洱祭茶祖习俗入选云南省第三批省级非物质文化遗产代表性项目名录。项目代表性传承人是张学才、苏国文。,省级,普洱\市是\普洱茶\的\原产地\和\集散地\。\普洱\祭\茶祖\仪式\源于\普洱\市\哈尼\、\彝\、\傣\、\佤\、\拉祜\、\布朗\等\世居\民族\发现\、\利用\、\驯化\、\种植\和\经营\茶\的\活动\在\历史\中\逐渐\演变\、\成型\而\约定俗成\。\普洱\祭\茶祖\仪式\表现\了\茶乡\人民\视茶\为\神\、\敬茶\为祖\的\原始\崇拜\。\因\民族\与\地域\的\不同\而\不同\普洱\祭\茶祖\仪式\有\祭\茶树\王\、\祭\茶祖\、\祭茶\神\、\茶祖会\等\不同\称谓\以\村寨\或\部族\为\单位\一般\择\春分\前\吉日\或\春节\期间\或\与\祭竜\同时\举行\由寨\老\、\乡村\领导\、\摩巴\、\摩匹\、\白母\、\香通\、\竜\头等\主持\。\其\程序\大体\是\祭师\拈香\念\咒语\清扫\场地\请众\神\敬香\、\敬\三牲\群众\有序\敬香\、\献\供品\祭师\唱\祈祷\歌\全场\歌舞\野餐\聚会\。\普洱\祭\茶祖\仪式\表现\了\茶乡\人民\视茶\为\神\、\敬茶\为祖\的\原始\崇拜\。\年\月\普洱\市委\市政府\举办\第七届\中国\普洱茶\节\决定\将\流行\于\各地\的\各\民族民间\祭\茶祖\仪式\进行\集中\、\组合\、\整理\举办\大型\的\普洱\祭\茶祖\仪式\成为\每届\茶节\的\活动\内容\之一\连续\举行\。\仪式\固定\为\开坛\请\茶祖\祭师\诵\祭词\各族\各界\敬茶\祖\万民\娱茶祖\。\普洱\市\的\各族人民\伴茶\而生\随茶\的\兴盛\而\发展\在\民间\每年\都\要\举行\不同\形式\的\祭祀\茶祖\活动\以\表达\与\大自然\共生\共荣\的\质朴\情感\和\对\美好生活\的\祈愿\因此\祭祀\茶祖\这\一\独具\地域\特色\的\传统习俗\得以\代代相传\。\祭\茶祖\仪式\历史悠久\独具特色\表现\了\朴素\的\生态\发展观\在\倡导\生态\文明\建设\的\今天\具有\深远\的\历史\意义\和\现实意义\。\年\普洱祭茶祖习俗\入选\云南省\第三批\省级\非物质文化\遗产\代表性\项目\名录\。\项目\代表性\传承\人\是\张学\才\、\苏\国文\。,
阿卑节,第三批,民俗,红河州金平县文化馆,金平县老集寨乡居住着彝族支系的一支叫阿鲁人。阿卑为阿鲁语译成汉语为姑娘。阿卑节以民间祭祀为主要内容延续百年至今也称为姑娘节。每年的农历三月二十七日属牛日阿鲁男人聚集祭祀寨神树祈求神灵保佑、吉祥平安。姑娘媳妇们放下手中所有的劳作身着盛装唱歌跳舞吹木叶。家中男人则自发地为她们缝新衣服绣花腰带备办米酒杀鸡宰牛还沿续着晚上男人为女人洗脚的特殊礼仪习俗感谢女人们一年的辛劳。这天阿鲁人还进行荡秋千、打磨秋、背确斗、射弩等民间传统体育竞技活动开展游茶山、对歌、跳舞等丰富多彩的活动姑娘小伙们围着篝火跳起阿鲁舞彻夜狂欢。阿卑节是与传统祭祀融为一体的传统民俗活动蕴含着彝族支系阿鲁人的精神、信仰、生产生活、衣食住行等方面有广泛的群众参与性是具有民族凝聚力的重要活动也是维系民族精神的重要纽带。年阿卑节入选云南省第三批省级非物质文化遗产代表性项目名录。项目代表性传承人是普路发。,省级,金平\县\老集\寨\乡\居住\着\彝族\支系\的\一支\叫\阿鲁人\。\阿卑为\阿\鲁语\译成\汉语\为\姑娘\。\阿卑节\以\民间\祭祀\为\主要\内容\延续\百年\至今\也\称为\姑娘\节\。\每年\的\农历\三月\二十七日\属\牛日\阿鲁\男人\聚集\祭祀\寨\神树\祈求\神灵\保佑\、\吉祥\平安\。\姑娘\媳妇\们\放下\手中\所有\的\劳作\身着\盛装\唱歌跳舞\吹\木叶\。\家中\男人\则\自发\地为\她们\缝新\衣服\绣花\腰带\备办\米酒\杀鸡\宰牛\还\沿续\着\晚上\男人\为\女人\洗脚\的\特殊\礼仪\习俗\感谢\女\人们\一年\的\辛劳\。\这天\阿鲁人\还\进行\荡秋千\、\打磨\秋\、\背确\斗\、\射弩\等\民间\传统\体育竞技\活动\开展\游\茶山\、\对歌\、\跳舞\等\丰富多彩\的\活动\姑娘\小伙\们\围着\篝火\跳起\阿鲁舞\彻夜\狂欢\。\阿卑节\是\与\传统\祭祀\融为一体\的\传统\民俗\活动\蕴含着\彝族\支系\阿鲁人\的\精神\、\信仰\、\生产\生活\、\衣食住行\等\方面\有\广泛\的\群众\参与性\是\具有\民族凝聚力\的\重要\活动\也\是\维系\民族\精神\的\重要\纽带\。\年\阿卑节\入选\云南省\第三批\省级\非物质文化\遗产\代表性\项目\名录\。\项目\代表性\传承\人\是\普路发\。,彝族
屏边苗族芦笙舞,第四批,,屏边县文化馆,芦笙舞是屏边苗族最具特色的舞蹈常在娱乐和祭祀活动场所表演在苗族人民生活中占有相当重要的地位。人们在农闲之季走亲串戚都会切磋交流舞蹈技艺的精华舞蹈洒脱外露、古朴豪放的风格深受苗族人民的喜爱。屏边苗族芦笙舞大多由男子表演一边吹奏芦笙曲一边缓缓起舞。芦笙舞分为娱乐性舞蹈和祭祀性舞蹈两种娱乐性舞蹈有玩耍舞三步舞舂粑粑等祭祀性舞蹈只在举行丧事仪式时使用有引子开门舞早饭舞午饭舞指路舞带路舞出殡舞等十余套动作。舞者吹起芦笙随着节奏稳沉慢步起舞时而转圈时而半跪旋转时而双腿略曲作揖叩拜动作刚柔相济舞姿独特粗犷豪放。芦笙舞可一人独舞、双人对舞、多人群舞。跳舞时可以各展特长各显其能各尽其才如玩耍舞大都有翻、转、滚、跳、攻、打、让技巧动作多而难动作无规律由舞者即兴发挥借舞蹈抒发感情主要动作有高桩转步、矮桩转步、苍蝇搓脚、滚牛皮、拿酒喝等。屏边苗族不同的节日跳不同风格的芦笙舞这已经成为苗族人民增加节日气氛的重要手段。年屏边苗族芦笙舞入选云南省第四批省级非物质文化遗产代表性项目名录扩展项目名录。项目代表性传承人是邹家全。,省级,芦笙舞\是\屏边\苗族\最具\特色\的\舞蹈\常在\娱乐\和\祭祀\活动场所\表演\在\苗族\人民\生活\中\占有\相当\重要\的\地位\。\人们\在\农闲\之季\走亲\串戚\都\会\切磋\交流\舞蹈\技艺\的\精华\舞蹈\洒脱\外露\、\古朴\豪放\的\风格\深受\苗族\人民\的\喜爱\。\屏边苗族芦笙舞\大多\由\男子\表演\一边\吹奏\芦笙\曲\一边\缓缓\起舞\。\芦笙舞\分为\娱乐性\舞蹈\和\祭祀\性\舞蹈\两种\娱乐性\舞蹈\有\玩耍\舞\三步\舞\舂\粑\粑\等\祭祀\性\舞蹈\只\在\举行\丧事\仪式\时\使用\有\引子\开门\舞\早饭\舞\午饭\舞\指路\舞\带路\舞\出殡\舞\等\十余\套\动作\。\舞者\吹\起\芦笙\随着\节奏\稳沉\慢步\起舞\时而\转圈\时而\半\跪\旋转\时而\双腿\略曲\作揖\叩拜\动作\刚柔相济\舞姿\独特\粗犷\豪放\。\芦笙舞\可一人\独舞\、\双人\对舞\、\多\人群\舞\。\跳舞\时\可以\各展\特长\各显其能\各尽其\才\如\玩耍\舞\大都\有\翻\、\转\、\滚\、\跳\、\攻\、\打\、\让\技巧\动作\多\而\难\动作\无规律\由\舞者\即兴\发挥\借\舞蹈\抒发感情\主要\动作\有\高桩\转步\、\矮桩\转步\、\苍蝇\搓脚\、\滚\牛皮\、\拿\酒\喝\等\。\屏边\苗族\不同\的\节日\跳\不同\风格\的\芦笙舞\这\已经\成为\苗族\人民\增加\节日\气氛\的\重要\手段\。\年\屏边苗族芦笙舞\入选\云南省\第四批\省级\非物质文化\遗产\代表性\项目\名录\扩展\项目\名录\。\项目\代表性\传承\人\是\邹家\全\。,苗族
巍山肉饵丝烹制技艺,第四批,传统技艺,巍山县文化馆,肉饵丝是巍山最负盛名、最受群众喜爱的特色小吃也是深受云南各地群众欢迎的早餐之一。所谓肉意为烂糊、软和的肉。传说南诏国开国元君细奴逻曾与彝族同胞一起以打猎为生在某次围猎时碰到大火烧山森林里的野猪被烧死。众人将烧黄的野猪煮着吃味道格外香美。这种烧制后再烹煮的做法一直流传下来与当地特有的饵丝搭配食用逐渐形成了今日色香味俱全的肉饵丝。制作肉首先要选用巍山本地新鲜猪肉后腿、前腿或五花肉然后将肉在栗炭火上烧至微焦用淘米水浸泡反复搓擦至猪肉皮微黄放入土锅注入冷水加上适量火腿、筒子骨、鸡肉等食材同煮。添加草果、生姜等调料炖至猪肉软糯汤汁香浓即可。饵丝由巍山黄谷米蒸熟舂制后切丝而成色泽洁白口感细软甜润不脆不粘。将饵丝入锅烫至熟而不烂时加上炖好的肉汤汁撒上葱花淋上麻油等佐料盖上肉帽子再依个人口味添加辣椒、蒜油、泡菜等一碗色鲜味正、香气四溢的巍山肉饵丝就做成了。肉饵丝黄白分明、红黄相映汤白而稠肉肥而不腻瘦肉细嫩回甜饵丝白而细腻有温中补气健脾健胃的良好功效。年巍山肉饵丝烹制技艺入选云南省第四批省级非物质文化遗产代表性项目名录。,省级,肉\饵\丝\是\巍山\最负\盛名\、\最受\群众\喜爱\的\特色小吃\也\是\深受\云南\各地\群众\欢迎\的\早餐\之一\。\所谓\肉意\为\烂糊\、\软和\的\肉\。\传说\南诏国\开国\元君\细奴\逻\曾\与\彝族\同胞\一起\以\打猎\为生\在\某次\围猎\时\碰到\大\火烧山\森林\里\的\野猪\被\烧死\。\众人\将\烧\黄\的\野猪\煮\着\吃\味道\格外\香美\。\这种\烧制\后\再\烹煮\的\做法\一直\流传\下来\与\当地\特有\的\饵\丝\搭配\食用\逐渐\形成\了\今日\色香味\俱全\的\肉\饵\丝\。\制作\肉\首先\要\选用\巍山\本地\新鲜\猪肉\后腿\、\前腿\或\五花肉\然后\将\肉\在\栗\炭火\上\烧\至\微\焦用\淘米水\浸泡\反复\搓\擦\至\猪肉\皮\微黄\放入\土锅\注入\冷水\加上\适量\火腿\、\筒子\骨\、\鸡肉\等\食材同\煮\。\添加\草果\、\生姜\等\调料\炖\至\猪肉\软\糯\汤汁\香浓\即可\。\饵\丝\由\巍山\黄谷米\蒸熟\舂\制后\切丝\而成\色泽\洁白\口感\细软\甜润\不脆\不\粘\。\将\饵\丝\入锅\烫\至\熟\而\不烂时\加上\炖\好\的\肉\汤汁\撒上\葱花\淋上\麻油\等\佐料\盖\上\肉\帽子\再\依\个人\口味\添加\辣椒\、\蒜油\、\泡菜\等\一碗\色\鲜味\正\、\香气\四溢\的\巍山\肉\饵\丝\就\做成\了\。\肉\饵\丝\黄白\分明\、\红黄\相映\汤白\而\稠肉\肥\而\不腻\瘦肉\细嫩\回甜\饵\丝白\而\细腻\有\温中\补气\健脾\健胃\的\良好\功效\。\年\巍山\肉\饵\丝\烹制\技艺\入选\云南省\第四批\省级\非物质文化\遗产\代表性\项目\名录\。,彝族
陆良银器制作技艺,第四批,传统技艺,云南省陆良县,陆良马街银器制作技艺主要流传于云南省曲靖市陆良县马街镇历史悠久至今仍保持手工制作传统。陆良马街银器的纹饰图案以山水花鸟、葫芦、蝴蝶等为主主要制品有耳环、戒指、项链、手镯、餐具、银锁、珐琅器等在婚嫁、孩童佩戴、装饰、家族传承等方面运用广泛。陆良马街银器制作的原材料选用非常严格采用纯度极高的千足银做材料不掺任何其他材料。制作的主要技艺流程分八个步骤熔银将大块银料砸碎放入坩埚置于炉上熔化。后将银水倒入模具铸造成为长形条状制成银毛坯。锻打趁热将银毛坯锻打成所需形状需要反复加热反复捶打。下料利用小锤和錾刀将银毛坯截下。根据不同的需要把原料打叶根据需要将银毛坯加热后用铁锤在铁砧上打制成薄片、出条把银毛坯搓成圆柱、拉丝用专用的拉丝板把银拉成细丝。铸造将熔化的液态银倒入特定形状的铸模使其凝固成形。雕花根据需要选用不同的錾头钻头有尖、圆、平、月牙形、花瓣形等加工时左手握锤右手持錾头雕出所需图案。焊接在需要焊接的银饰接口处沾上焊药用焊枪熔解焊接。抛光利用机械、化学或电化学的方法使工件表面粗糙度降低以获得光亮、平整的表面。清洗经过反复的捶打与烧烤银饰表面会发黑或沾上杂质。用火高温将银饰烤热然后投入酸液中取出放入清水中用铜刷刷洗即可洁白光亮。陆良马街银器至今仍是馈赠亲朋的佳品成为家族信物传承、寄托美好祈愿的载体。郑氏寿昌银饰在当地颇具盛名。年陆良银器制作技艺入选云南省第四批省级非物质文化遗产代表性项目名录扩展项目名录。项目代表性传承人是郑建文。,省级,陆良\马街\银器\制作\技艺\主要\流传\于\云南省\曲靖市\陆良县\马街\镇\历史悠久\至今\仍\保持\手工\制作\传统\。\陆良\马街\银器\的\纹饰\图案\以\山水\花鸟\、\葫芦\、\蝴蝶\等\为主\主要\制品\有\耳环\、\戒指\、\项链\、\手镯\、\餐具\、\银锁\、\珐琅\器\等\在\婚嫁\、\孩童\佩戴\、\装饰\、\家族\传承\等\方面\运用\广泛\。\陆良\马街\银器\制作\的\原材料\选用\非常\严格\采用\纯度\极高\的\千\足银\做\材料\不\掺\任何\其他\材料\。\制作\的\主要\技艺\流程\分\八个\步骤\熔银\将\大块\银料\砸碎\放入\坩埚\置于\炉上\熔化\。\后\将\银水\倒入\模具\铸造\成为\长形\条状\制成\银\毛坯\。\锻打\趁热\将\银\毛坯\锻打\成所\需\形状\需要\反复\加热\反复\捶打\。\下\料\利用\小锤\和\錾刀\将\银\毛坯\截下\。\根据\不同\的\需要\把\原料\打叶\根据\需要\将\银\毛坯\加热\后\用\铁锤\在\铁砧\上\打\制成\薄片\、\出条\把\银\毛坯\搓成\圆柱\、\拉丝\用\专用\的\拉丝\板\把\银拉\成细丝\。\铸造\将\熔化\的\液态\银\倒入\特定\形状\的\铸模\使\其\凝固\成形\。\雕花\根据\需要\选用\不同\的\錾\头\钻头\有\尖\、\圆\、\平\、\月牙形\、\花瓣\形等\加工\时\左手\握锤\右手\持\錾\头\雕出\所\需\图案\。\焊接\在\需要\焊接\的\银饰\接口处\沾\上\焊药\用\焊枪\熔解\焊接\。\抛光\利用\机械\、\化学\或\电化学\的\方法\使\工件\表面\粗糙度\降低\以\获得\光亮\、\平整\的\表面\。\清洗\经过\反复\的\捶打\与\烧烤\银饰\表面\会\发黑\或\沾\上\杂质\。\用火\高温\将\银饰\烤\热\然后\投入\酸液\中\取出\放入\清水\中用\铜\刷刷\洗\即可\洁白\光亮\。\陆良\马街\银器\至今\仍\是\馈赠\亲朋\的\佳品\成为\家族\信物\传承\、\寄托\美好\祈愿\的\载体\。\郑氏\寿昌\银饰\在\当地\颇具\盛名\。\年\陆良银器制作技艺\入选\云南省\第四批\省级\非物质文化\遗产\代表性\项目\名录\扩展\项目\名录\。\项目\代表性\传承\人\是\郑\建文\。,
天宝斋制墨技艺,第三批,传统技艺,云南省昆明市,天宝斋由李海顺于年迁入云南昆明创办。天宝斋制墨技艺后经其子李宏民、其孙李玉霖的继承和发展一直延续至今。天宝斋所制作的墨以松烟、油烟、胶为主要原料通过煮胶、筛烟、和剂、蒸剂、研磨、秤剂、杵捣、丸杆、样制、修整、阴干、著色敷彩等工序制作完成。其中煮胶时采用的是动物明胶和剂、蒸剂时主要是取松烟加入适当麝香、冰片、金箔、珍珠粉等蒸搅成凝胶状秤剂则是把研磨好的墨团等分成数块并以油布包裹放于工作台下的火炉旁利用火炉的温度以保持柔软经过铁锤的杵捣墨团的质地变得更加紧密再用手把墨团揉搓墨条这是丸杆的过程墨条放入墨模内制压成型后经修整、阴干后再施以描金、彩绘以封蜡涂漆进行保存。天宝斋制作的墨主要有墨条、墨槌、墨汁等产品以松滋侯、松鹤春、兰烟等品牌远销全省、邻省及东南亚国家深受用户好评最极品的品牌是以松烟、珍珠、玉屑、龙脑和以生漆杵捣多次后所制的云墨具有丰肌腻理、光泽如漆的特点。天宝斋是云南唯一一家老字号百年制墨企业但由于原材料的采购受限受到省外低成本墨制品的影响市场部分萎缩从业人员不多。年天宝斋制墨技艺入选云南省第三批省级非物质文化遗产代表性项目名录。项目代表性传承人是李玉霖。,省级,天宝\斋\由\李\海顺\于\年\迁入\云南昆明\创办\。\天宝斋制墨技艺\后经\其子\李宏民\、\其孙\李玉\霖\的\继承\和\发展\一直\延续\至今\。\天宝\斋\所\制作\的\墨以\松烟\、\油烟\、\胶为\主要\原料\通过\煮\胶\、\筛烟\、\和\剂\、\蒸剂\、\研磨\、\秤剂\、\杵\捣\、\丸杆\、\样制\、\修整\、\阴干\、\著色\敷彩\等\工序\制作\完成\。\其中\煮\胶时\采用\的\是\动物\明胶\和\剂\、\蒸剂\时\主要\是\取\松烟\加入\适当\麝香\、\冰片\、\金箔\、\珍珠粉\等\蒸\搅成\凝胶\状秤剂\则\是\把\研磨\好\的\墨团\等\分成\数块\并\以\油布\包裹\放\于\工作\台下\的\火炉\旁\利用\火炉\的\温度\以\保持\柔软\经过\铁锤\的\杵\捣\墨团\的\质地\变得\更加\紧密\再用\手把\墨团\揉搓\墨条\这\是\丸\杆\的\过程\墨条\放入\墨模\内\制压\成型\后经\修整\、\阴干\后\再\施以\描金\、\彩绘\以\封蜡\涂漆\进行\保存\。\天宝\斋\制作\的\墨\主要\有\墨条\、\墨槌\、\墨汁\等\产品\以\松滋\侯\、\松鹤春\、\兰烟\等\品牌\远销\全省\、\邻省\及\东南亚\国家\深受\用户\好评\最\极品\的\品牌\是\以\松烟\、\珍珠\、\玉屑\、\龙脑\和\以\生漆\杵\捣\多次\后\所制\的\云墨\具有\丰肌腻理\、\光泽\如漆\的\特点\。\天宝\斋\是\云南\唯一\一家\老字号\百年\制墨\企业\但\由于\原材料\的\采购\受限\受到\省外\低成本\墨\制品\的\影响\市场\部分\萎缩\从业人员\不\多\。\年\天宝斋制墨技艺\入选\云南省\第三批\省级\非物质文化\遗产\代表性\项目\名录\。\项目\代表性\传承\人\是\李玉\霖\。,
新平傣族传统制陶技艺,第一批,传统技艺,新平县文化馆,新平彝族傣族自治县土锅寨傣族传统制陶采用的工具有方形木陶拍、鹅卵石、竹刮片、木刀、小钢刀、钢锯片、石板、木板、碎布块和小簸箕等。原料采用当地的三种泥土按比例混合。工序一般包括取土、晒土、舂土、筛土、加沙和泥、制坯、晾晒、烧制等。土锅寨土陶器种类较多用途各异品种主要有土锅、水缸、药罐、茶壶、水杯、背壶、土碗、土甑子、花瓶、花盆和工艺品等其中以土锅的产量和销量最大。土陶均由妇女制作各家一直沿袭技艺不传给女儿只传给儿媳妇的古习。土锅寨家家户户都会做土陶制品全村户人家全部从事土陶制作能手很多。土锅寨制陶有一定规模知名度较高。各类造型的土陶产品除满足当地市场外也出口到东南亚国家或被作为民间工艺品收藏每年大约可销售大小各型土锅、土陶工艺品等一万件以上。年新平傣族传统制陶技艺入选云南省第一批省级非物质文化遗产保护名录。代表性传承人是刀拉爱、白绍美等。,省级,新平彝族傣族自治县\土锅\寨\傣族\传统\制陶\采用\的\工具\有\方形\木陶\拍\、\鹅卵石\、\竹\刮片\、\木刀\、\小\钢刀\、\钢锯\片\、\石板\、\木板\、\碎布\块\和\小\簸箕\等\。\原料\采用\当地\的\三种\泥土\按\比例\混合\。\工序\一般\包括\取土\、\晒土\、\舂\土\、\筛土\、\加沙\和泥\、\制坯\、\晾晒\、\烧制\等\。\土锅\寨\土\陶器\种类\较\多用途\各异\品种\主要\有\土锅\、\水缸\、\药罐\、\茶壶\、\水杯\、\背壶\、\土碗\、\土\甑子\、\花瓶\、\花盆\和\工艺品\等\其中\以土锅\的\产量\和\销量\最大\。\土陶\均\由\妇女\制作\各家\一直\沿袭\技艺\不\传给\女儿\只\传给\儿媳妇\的\古习\。\土锅\寨\家家户户\都\会\做\土陶\制品\全村\户\人家\全部\从事\土陶\制作\能手\很多\。\土锅\寨\制陶\有\一定\规模\知名度\较\高\。\各类\造型\的\土陶\产品\除\满足\当地\市场\外\也\出口\到\东南亚\国家\或\被\作为\民间\工艺品\收藏\每年\大约\可\销售\大小\各型\土锅\、\土陶\工艺品\等\一\万件\以上\。\年\新平傣族传统制陶技艺\入选\云南省\第一批\省级\非物质文化\遗产\保护\名录\。\代表性\传承\人\是\刀拉爱\、\白绍\美\等\。,彝族
曼旦村傣族传统文化生态保护区,云南省第三批,民族传统文化生态保护区,云南省勐腊县,曼旦村傣族传统文化生态保护区位于西双版纳傣族自治州勐腊县勐腊镇曼旦村委会曼朗村面积平方千米。全村有户人年统计傣族占总人口的至今已有多年历史。曼旦村依山坡而建周围是国家级自然保护区绿色屏障是极好的天然氧吧。有集体林地亩森林保护状况优良。村里有很多不同品种的水果树多为原生态种植。水果依不同季节应有尽有任人采摘。流经勐腊县城的南朗河源头就在曼旦村河水从村旁流过给村民们带来无穷欢乐。曼旦村传统的傣族干栏式民居建筑保留完整村民仍然居住在传统竹楼内没有钢筋混凝土建筑。院落没有围栏。曼旦村有丰富的傣族传统文化形态保留着章哈、象脚鼓舞、武术、高升、贝叶经刻写、雕刻、传统织锦技艺、传统服装缝制、象脚鼓制作、竹编、民间建筑、傣医、传统礼仪、传统傣菜、节庆习俗等。村里常年活跃着支业余文艺队伍村民积极性十分高涨多数节目为自编自演保持了原生态特点。本村民间艺人能够在居室和寺庙墙壁上雕刻出传统花纹图案。匠人能以竹子、藤蔑为原材料加工编织生活用具手工精致深受当地群众喜爱。用酸木精心雕制的象脚鼓有很强的艺术震撼力和广泛的经济价值。傣族织锦通帕背包、织帕垫床垫、被面、床单等图案搭配恰当细腻精美。传统服饰朴实独到典雅别致具有浓厚的傣族传统韵味和较高的艺术欣赏价值。曼旦村是本地傣族织锦技艺保留最完整、织机最多的村寨。当地的傣族泼水节、开门节、关门节、赕佛、男孩出家当小和尚等习俗传承至今日不上锁、夜不闭户的古风依旧精美竹编、傣医药在勐腊县内享有盛誉。年曼旦村傣族传统文化生态保护区入选云南省第三批省级非物质文化遗产代表性项目名录。项目代表性传承人是波罕丙、岩涛。,省级,曼旦村傣族传统文化生态保护区\位于\西双版纳傣族自治州\勐腊县\勐腊\镇曼旦\村委会\曼朗村\面积\平方千米\。\全村\有户\人\年\统计\傣族\占\总人口\的\至今已有\多年\历史\。\曼旦村\依\山坡\而建\周围\是\国家级\自然保护区\绿色\屏障\是\极好\的\天然\氧吧\。\有\集体\林地\亩\森林保护\状况\优良\。\村里\有\很多\不同\品种\的\水\果树\多为\原生态\种植\。\水果\依\不同\季节\应有尽有\任\人\采摘\。\流经\勐腊县\城\的\南朗\河源\头\就\在\曼旦村\河水\从村\旁\流过\给\村民\们\带来\无穷\欢乐\。\曼旦村\传统\的\傣族\干栏\式\民居\建筑\保留\完整\村民\仍然\居住\在\传统\竹楼\内\没有\钢筋\混凝土\建筑\。\院落\没有\围栏\。\曼旦村\有\丰富\的\傣族\传统\文化形态\保留\着\章哈\、\象脚鼓舞\、\武术\、\高升\、\贝叶经\刻写\、\雕刻\、\传统\织锦\技艺\、\传统服装\缝制\、\象脚鼓\制作\、\竹编\、\民间\建筑\、\傣医\、\传统\礼仪\、\传统\傣菜\、\节庆\习俗\等\。\村里\常年\活跃\着\支\业余\文艺\队伍\村民\积极性\十分\高涨\多数\节目\为\自编自演\保持\了\原生态\特点\。\本村\民间艺人\能够\在\居室\和\寺庙\墙壁\上\雕刻\出\传统\花纹\图案\。\匠人\能以\竹子\、\藤蔑\为\原材料\加工\编织\生活\用具\手工\精致\深受\当地\群众\喜爱\。\用酸木\精心\雕制\的\象脚鼓\有\很\强\的\艺术\震撼力\和\广泛\的\经济\价值\。\傣族\织锦\通帕\背包\、\织帕垫\床垫\、\被面\、\床单\等\图案\搭配\恰当\细腻\精美\。\传统\服饰\朴实\独到\典雅\别致\具有\浓厚\的\傣族\传统\韵味\和\较\高\的\艺术欣赏\价值\。\曼旦村\是\本地\傣族织锦技艺\保留\最\完整\、\织机\最多\的\村寨\。\当地\的\傣族泼水节\、\开门节\、\关门节\、\赕佛\、\男孩\出\家当\小\和尚\等\习俗\传承\至\今日\不\上锁\、\夜不闭户\的\古风\依旧\精美\竹编\、\傣\医药\在\勐腊县\内\享有盛誉\。\年\曼旦村傣族传统文化生态保护区\入选\云南省\第三批\省级\非物质文化\遗产\代表性\项目\名录\。\项目\代表性\传承\人\是\波罕丙\、\岩涛\。,傣族
朴瓦彝族服饰,云南省第三批,民俗,云南省红河州蒙自市,朴瓦彝族服饰典雅古朴造型独特制作技艺历史悠久是云南省红河州彝族民间服饰制作技艺中颇具代表性的一种。朴瓦彝族服饰由头饰、衣服、围腰、裤子、鞋子组成是节日和喜庆场合的主要穿着。最具特色的是那颜色红似火、形状似扇形的头冠头饰以红色毛线银泡为主分为帽子也称帽箍和头冠两个部分帽子前部镶满银泡后部挂满银泡犹如盛开的马缨花。整套服装给人一种雄壮、丰满、热烈、华贵的视觉冲击力。朴瓦彝族服饰的用料为麻布、银泡、丝线、花边毛线、棕、苞谷杆、头发等一套服饰的制作包括纺线、织布、染色、晾干、裁剪、绣图、订花边等工序。朴瓦彝族服饰具有浓郁的民族特色庄重、高贵颇具彝族中的贵族风格具有重要的历史价值和文化价值。年朴瓦彝族服饰入选云南省级非物质文化遗产代表性项目名录扩展项目名录。项目代表性传承人是何秀英。,省级,朴瓦彝族服饰\典雅\古朴\造型\独特\制作\技艺\历史悠久\是\云南省\红河州\彝族\民间\服饰\制作\技艺\中\颇具\代表性\的\一种\。\朴瓦彝族服饰\由\头饰\、\衣服\、\围腰\、\裤子\、\鞋子\组成\是\节日\和\喜庆\场合\的\主要\穿着\。\最具\特色\的\是\那\颜色\红\似火\、\形状\似\扇形\的\头冠\头饰\以\红色\毛线\银泡\为主\分为\帽子\也\称帽\箍\和\头冠\两个\部分\帽子\前部\镶满\银泡\后部\挂\满银\泡\犹如\盛开\的\马缨花\。\整套\服装\给\人\一种\雄壮\、\丰满\、\热烈\、\华贵\的\视觉\冲击力\。\朴瓦彝族服饰\的\用料\为\麻布\、\银泡\、\丝线\、\花边\毛线\、\棕\、\苞谷\杆\、\头发\等\一套\服饰\的\制作\包括\纺线\、\织布\、\染色\、\晾干\、\裁剪\、\绣\图\、\订\花边\等\工序\。\朴瓦彝族服饰\具有\浓郁\的\民族特色\庄重\、\高贵\颇具\彝族\中\的\贵族\风格\具有\重要\的\历史\价值\和\文化价值\。\年\朴瓦彝族服饰\入选\云南\省级\非物质文化\遗产\代表性\项目\名录\扩展\项目\名录\。\项目\代表性\传承\人\是\何\秀英\。,彝族
鹤庆银器制作技艺,云南省第三批,传统技艺,云南省鹤庆县,明代中期鹤庆已有加工制作银铜器具、饰物的手工匠人。在长期生产实践中鹤庆银器制作技艺形成了融民族审美与精湛技艺于一体的特色。鹤庆银器以纯银为主料以镂雕和纯银抽丝编盘工艺相结合根据所需制品形态、规格进行加工。其制作工艺主要有道工序分别为选材、熔炼、敲片捶揲、制模制出初模将银片放在初模上捶打出初步形状、充模向银坯里注入松香等填充物、錾刻、拉丝将银加工成丝经盘曲、掐花、填丝、堆垒等方式制作首饰、金银错在器物表面铸成凹槽图案凹槽内嵌入金银丝、片用错石磨光、熔化通过高温将松香等填充物去除、组合焊接、清洗用梅子醋、酸木瓜汁将银坯上面的杂质除去、打磨、抛光。工具有木树墩、化银用的锅和火炉、风箱鼓风机、大小不同的錾子、小锤、吹灯、锉刀、松香、梅子醋、洗洁剂、铜丝刷等。制品光泽度好抗氧化不易变色且造型丰富种类繁多包括各式茶具、酒具、炊具、刀具、首饰、宗教用品等有藏族、白族、苗族、彝族等各民族生活用品近百种。鹤庆银器的代表性作品主要有九龙壶、银包木碗、青稞酒壶、佛盒、百家锁、寺庙建筑装饰物等。鹤庆银器制作技艺精湛蜚声国内是白族传统文化的重要体现和少数民族银器锻制的典型代表。年鹤庆银器制作技艺入选云南省级非物质文化遗产代表性项目名录扩展项目名录。项目代表性传承人是寸发标、母炳林、董中豪、洪钰昌。,省级,明代\中期\鹤庆\已有\加工\制作\银\铜器\具\、\饰物\的\手\工匠\人\。\在\长期\生产实践\中\鹤庆银器制作技艺\形成\了\融\民族\审美\与\精湛\技艺\于\一体\的\特色\。\鹤庆\银器\以\纯银\为\主料\以\镂\雕\和\纯银\抽丝\编盘\工艺\相结合\根据\所\需\制品\形态\、\规格\进行\加工\。\其\制作\工艺\主要\有\道工序\分别\为\选材\、\熔炼\、\敲片\捶\揲\、\制模\制出\初模\将\银片\放在\初模\上\捶打\出\初步\形状\、\充模\向\银坯\里\注入\松香\等\填充物\、\錾\刻\、\拉丝\将\银\加工\成丝经\盘曲\、\掐花\、\填丝\、\堆垒\等\方式\制作\首饰\、\金银错\在\器物\表面\铸成\凹槽\图案\凹槽\内\嵌入\金银丝\、\片用\错石\磨光\、\熔化\通过\高温\将\松香\等\填充物\去除\、\组合\焊接\、\清洗\用\梅子\醋\、\酸\木瓜\汁\将\银坯\上面\的\杂质\除去\、\打磨\、\抛光\。\工具\有木\树墩\、\化银用\的\锅\和\火炉\、\风箱\鼓风机\、\大小\不同\的\錾子\、\小锤\、\吹灯\、\锉刀\、\松香\、\梅子\醋\、\洗洁\剂\、\铜丝\刷\等\。\制品\光泽度\好\抗氧化\不易\变色\且\造型\丰富\种类\繁多\包括\各式\茶具\、\酒具\、\炊具\、\刀具\、\首饰\、\宗教用品\等\有\藏族\、\白族\、\苗族\、\彝族\等\各\民族\生活用品\近\百种\。\鹤庆\银器\的\代表性\作品\主要\有\九龙\壶\、\银包\木碗\、\青稞酒\壶\、\佛盒\、\百家\锁\、\寺庙\建筑\装饰物\等\。\鹤庆银器制作技艺\精湛\蜚声\国内\是\白族\传统文化\的\重要\体现\和\少数民族\银器\锻制\的\典型\代表\。\年\鹤庆银器制作技艺\入选\云南\省级\非物质文化\遗产\代表性\项目\名录\扩展\项目\名录\。\项目\代表性\传承\人\是\寸\发标\、\母炳林\、\董中豪\、\洪钰昌\。,藏族
彝族祭龙,第四批,民俗,弥勒市文化馆,《弥勒州志》载夷人无天不祀物皆有神。彝族阿哲人每年都要进行祭龙仪式。祭龙在阿哲语中称为咪汁边即祭祀生命之源神的意思。阿哲民间有关祭龙的传说颇多也有很多祭龙的形式位于巡检司镇的高甸村委会陶瓦村的祭龙仪式尤为特别分为祭公龙和祭母龙完成全部程序历时三天。从每年农历正月的最后一天开始到二月初二结束。在历时三天的传统祭龙活动中每天的祭祀内容有所不同。正月最后一天的上午由毕摩主持打鸡卦确定参与人员的分工情况。农历二月初一举行祭公龙仪式。全村男子拎着黑猪去龙山杀猪祭龙祭祀过程有准备祭品、跳祭祀舞、狩猎和燧石取火、建火门、建龙宫、杀猪献祭龙树、祭猎神、芦苇绕龙身、长龙宴、撒种接种、取火种回村、小羊串门等仪式。此日女性需回避仪式内涵为祈求公龙保佑全村人畜平安、五谷丰登。农历二月初二举行祭母龙仪式这天晚上是公龙和母龙相会的日子要迎接母龙进村仪式包含着保佑人畜平安、一切顺利的含义。整个祭祀流程保留完整庄严古朴传统文化的原始形态保存完好特别是祭母龙当地人称女子祭龙独具特色祭祀的内容和形式蕴含了远古母系氏族的文化特征。祭龙仪式由毕摩主持毕摩的传承主要是靠口传心授一代传给一代传承的方式有师传和家传两种。彝族阿哲祭龙习俗展示了原始神灵崇拜的场面再现了人类繁衍发展的历史痕迹折射出彝族阿哲人对祖先、自然、人类生殖图腾的崇拜体现了彝族阿哲人历史演变、民俗起源、哲学思想等有文学、民俗学、人类学等研究价值。年彝族祭龙入选云南省第四批省级非物质文化遗产代表性项目名录。项目代表性传承人有普国安、石炳林等。,省级,《\弥勒\州志\》\载夷人\无天\不\祀物\皆\有神\。\彝族\阿\哲人\每年\都\要\进行\祭龙\仪式\。\祭龙\在\阿哲语\中\称为\咪\汁\边\即\祭祀\生命\之源\神\的\意思\。\阿哲\民间\有关\祭龙\的\传说\颇\多\也\有\很多\祭龙\的\形式\位于\巡检\司镇\的\高甸\村委会\陶瓦\村\的\祭龙\仪式\尤为\特别\分为\祭公龙\和\祭\母龙\完成\全部\程序\历时\三天\。\从\每年\农历\正月\的\最后\一天\开始\到\二月\初二\结束\。\在\历时\三天\的\传统\祭龙\活动\中\每天\的\祭祀\内容\有所不同\。\正月\最后\一天\的\上午\由\毕摩\主持\打鸡卦\确定\参与\人员\的\分工\情况\。\农历\二月\初一\举行\祭公龙\仪式\。\全村\男子\拎\着\黑猪\去\龙山\杀猪\祭龙\祭祀\过程\有\准备\祭品\、\跳\祭祀\舞\、\狩猎\和\燧石\取火\、\建火门\、\建\龙宫\、\杀猪\献祭\龙树\、\祭猎\神\、\芦苇\绕\龙身\、\长龙\宴\、\撒种\接种\、\取\火种\回村\、\小羊\串门\等\仪式\。\此日\女性\需\回避\仪式\内涵\为\祈求\公龙\保佑\全村人\畜\平安\、\五谷丰登\。\农历\二月\初二\举行\祭母龙\仪式\这天\晚上\是\公龙\和\母龙\相会\的\日子\要\迎接\母龙\进村\仪式\包含\着\保佑\人\畜\平安\、\一切顺利\的\含义\。\整个\祭祀\流程\保留\完整\庄严\古朴\传统文化\的\原始\形态\保存\完好\特别\是\祭\母龙\当地人\称\女子\祭龙\独具特色\祭祀\的\内容和形式\蕴含\了\远古\母系\氏族\的\文化\特征\。\祭龙\仪式\由\毕摩\主持\毕摩\的\传承\主要\是\靠\口传心授\一代\传给\一代\传承\的\方式\有\师传\和\家传\两种\。\彝族\阿哲\祭龙\习俗\展示\了\原始\神灵\崇拜\的\场面\再现\了\人类\繁衍\发展\的\历史\痕迹\折射出\彝族\阿\哲人\对\祖先\、\自然\、\人类\生殖\图腾\的\崇拜\体现\了\彝族\阿\哲人\历史\演变\、\民俗\起源\、\哲学思想\等\有\文学\、\民俗学\、\人类学\等\研究\价值\。\年\彝族祭龙\入选\云南省\第四批\省级\非物质文化\遗产\代表性\项目\名录\。\项目\代表性\传承\人有\普\国安\、\石炳林\等\。,彝族
蒙自洞经音乐,第三批,传统音乐,蒙自市文化馆,蒙自洞经音乐主要依附各地庙宇做会设坛谈演经卷、礼仪及音乐在城乡各民族间一脉相承。蒙自洞经音乐历史悠久在形成和发展过程中深受清代汉族移民所带来的汉族文化的影响现能追溯到始于晚清至中华民国初年。蒙自洞经音乐坛规以严肃威仪礼节乐和为核心谈演的经卷依所做各位圣贤的圣诞及礼仪程序而定。乐队为双编制讲究成双成对曲调分为经曲、牌子曲牌谈演中根据文章节结构及诗赞长短需要往往采用联缀体结构。代表性曲目有《玉皇经阐微》《关帝觉世经》《文昌大洞仙经阐微》《观音圣经》等。蒙自洞经音乐遵循儒家礼乐传统设坛谈演必须做到曲终礼尽经圆。在特定的社会环境中有高度的适应性和广泛的群众性其发展从侧面保存了蒙自的历史文脉传承规范完整主要表现在经典正规仪式规范曲调完整在当地汉族发展史、文化史、道德价值观、艺术思维方式等课题的研究上有重要价值和积极意义。蒙自洞经音乐历来以工尺谱传承师傅带徒口传心授为方便传授师傅们还将那些注在经文旁的板眼符号编成浅显易懂的口诀歌传授并称之为郎当谱。中华民国初年到抗日战争前先辈师傅们曾统一组织过几次大的传承活动产生过良好影响。但有能力主持一部经卷谈演的佼佼者称为首座或掌坛师毕竟不是多数他们要能熟练掌握经典、仪式以及全部曲调全市现在大约有十余人各洞经会的传承队伍已经青黄不接。年蒙自市洞经音乐入选云南省第三批省级非物质文化遗产代表性项目名录扩展项目名录。项目代表性传承人是张应祥、车永安、纪枚。,省级,蒙自洞经音乐\主要\依附\各地\庙宇\做会\设坛\谈演\经卷\、\礼仪\及\音乐\在\城乡\各\民族\间\一脉相承\。\蒙自洞经音乐\历史悠久\在\形成\和\发展\过程\中\深受\清代\汉族\移民\所\带来\的\汉族\文化\的\影响\现能\追溯到\始于\晚清\至\中华民国\初年\。\蒙自洞经音乐\坛\规以\严肃\威仪\礼节\乐和为\核心\谈演\的\经卷\依所\做\各位\圣贤\的\圣诞\及\礼仪\程序\而定\。\乐队\为\双\编制\讲究\成双成对\曲调\分为\经曲\、\牌子\曲牌\谈演\中\根据\文章\节\结构\及\诗赞\长短\需要\往往\采用\联缀\体\结构\。\代表性\曲目\有\《\玉皇经\阐微\》\《\关帝\觉世\经\》\《\文昌\大洞\仙经\阐微\》\《\观音\圣经\》\等\。\蒙自洞经音乐\遵循\儒家\礼乐\传统\设坛\谈演\必须\做到\曲终\礼尽\经圆\。\在\特定\的\社会环境\中有\高度\的\适应性\和\广泛\的\群众性\其\发展\从\侧面\保存\了\蒙自\的\历史\文脉\传承\规范\完整\主要\表现\在\经典\正规\仪式\规范\曲调\完整\在\当地\汉族\发展史\、\文化史\、\道德\价值观\、\艺术思维\方式\等\课题\的\研究\上\有\重要\价值\和\积极意义\。\蒙自洞经音乐\历来\以\工尺谱\传承\师傅\带徒\口传心授\为\方便\传授\师傅\们\还\将\那些\注在\经文\旁\的\板眼\符号\编成\浅显易懂\的\口诀\歌\传授\并\称之为\郎当\谱\。\中华民国\初年\到\抗日战争\前\先辈\师傅\们\曾\统一\组织\过\几次\大\的\传承\活动\产生\过\良好\影响\。\但\有\能力\主持\一部\经卷\谈演\的\佼佼者\称为\首座\或\掌坛\师\毕竟\不是\多数\他们\要\能\熟练掌握\经典\、\仪式\以及\全部\曲调\全市\现在\大约\有\十余\人\各\洞经\会\的\传承\队伍\已经\青黄不接\。\年\蒙自\市\洞经音乐\入选\云南省\第三批\省级\非物质文化\遗产\代表性\项目\名录\扩展\项目\名录\。\项目\代表性\传承\人\是\张应祥\、\车\永安\、\纪枚\。,
宜良大香会,第三批,民俗,昆明市文化馆,宜良大香会始于元代《宜良县志》记载二月北古城土主山演戏祈谷。这是较早的宜良县传统戏剧演出活动记载。随着时代的发展庙会日期由每年二月演变为固定不变的正月初八。其活动内容也由表演关帝戏、踩高跷、耍龙灯、颠毛驴、旱船、铁滚等又增加烧大香一项。庙会因此得名称为正月初八大香会并以特异大香的制作与燃供为最大特色。每年入冬后宜良县古城、南北村、安家桥地区的人便开始制作三对大香高米径口米许艺人训练自己高跷、铁滚、班打等的技艺。从正月初四开始村民把大香抬至指定地点入夜由道士在土主寺念经。村民自初七开始在本村办香饭三天。初八举行迎香、行香大典人们从四面八方拥来各上香村鸣放土炮响。道士和数百名手持松枝、信香的善男信女将大香和土主老爷乘坐的轿子抬到老戏台把六炷大香分立于老戏台两侧民间技艺队依次上台表演之后是会戏滇剧演出。到了正月十三村民将大香由戏台送至土主寺门前竖立十六日凌晨奏章后焚烧至此历时十余天的大香庙会结束。大香会最早为民众借正月烧香祈求五谷丰登、六畜兴旺、风调雨顺、国泰民安延至现代已演绎为地区性民间民俗活动。年宜良大香会入选云南省第三批省级非物质文化遗产代表性项目名录。项目代表性传承人是张庭楷、张国忠。,省级,宜良大香会\始于\元代\《\宜良县\志\》\记载\二月\北\古城\土主山\演戏\祈谷\。\这\是\较\早\的\宜良县\传统\戏剧\演出\活动\记载\。\随着\时代\的\发展\庙会\日期\由\每年\二月\演变\为\固定\不变\的\正月\初八\。\其\活动\内容\也\由\表演\关帝\戏\、\踩高跷\、\耍\龙灯\、\颠\毛驴\、\旱船\、\铁滚\等\又\增加\烧大香\一项\。\庙会\因此\得名\称为\正月初\八大\香会\并\以\特异\大香\的\制作\与\燃供\为\最大\特色\。\每年\入冬\后\宜良县\古城\、\南北\村\、\安家\桥\地区\的\人\便\开始\制作\三对\大香\高米径\口米许\艺人\训练\自己\高跷\、\铁滚\、\班\打\等\的\技艺\。\从\正月初\四\开始\村民\把\大香\抬\至\指定\地点\入夜\由\道士\在\土主寺\念经\。\村民\自\初七\开始\在\本村\办香饭\三天\。\初八\举行\迎香\、\行香\大典\人们\从\四面八方\拥来\各上\香村\鸣放\土\炮响\。\道士\和\数百名\手持\松枝\、\信香\的\善男信女\将\大香\和\土主\老爷\乘坐\的\轿子\抬到\老\戏台\把\六\炷\大香\分立\于\老\戏台\两侧\民间\技艺\队\依次\上台\表演\之后\是\会\戏\滇剧\演出\。\到\了\正月\十三\村民\将\大香\由\戏台\送至\土主\寺门前\竖立\十六日\凌晨\奏章\后\焚烧\至此\历时\十余天\的\大香\庙会\结束\。\大香会\最早\为\民众\借\正月\烧香\祈求\五谷丰登\、\六畜兴旺\、\风调雨顺\、\国泰民安\延至\现代\已\演绎\为\地区性\民间\民俗\活动\。\年\宜良大香会\入选\云南省\第三批\省级\非物质文化\遗产\代表性\项目\名录\。\项目\代表性\传承\人\是\张庭楷\、\张国忠\。,
彝族牛灯舞,第四批,传统舞蹈,云南省楚雄州禄丰县文化馆,据康熙《广通县志》记载牛灯是明朝朱元璋西征移民时从南京带入云南源于舜耕田的传说。每年正月初一至十五为颂扬舜的孝顺感恩七仙女和神牛祈求瘟疫平息、人畜平安家家户户均自发点起灯笼照亮田野跳起牛灯舞让牛找到草吃甸尾牛灯舞从此流传下来。牛灯舞通过模仿牛的生活习性和劳作方式表现农民对耕牛的崇敬和对土地的眷恋后来演变为对丰收致富的期盼及祝贺既有汉族花灯的特征又有彝族等少数民族对歌、跳脚、民俗、祭祀的特质是中原文化与当地少数民族文化融合的有力见证。通常在每年的大年初一到十五、栽收两季、民族传统节日、婚礼、乔迁时进行牛灯祭祀活动。牛灯舞演出队到每家每户都进行祭祀家堂里演两圈说些吉利的话祝福家庭平安、六畜兴旺演完之后东家给演出队钱或粮用于发展壮大牛灯舞技艺。牛灯舞表演时随着大小鼓、大小锣、镲、大小钹、三弦、二胡等鼓乐齐鸣关公舞刀、童子牵牛、老汉犁田、妇女插秧、舞灯笼、祭祀舜还有狮子灯、公鸡灯、龙灯、跑马灯、青蛙灯、鲤鱼灯、八角灯、虾灯等十六盏灯紧随其后到家家户户送祝福祈求人畜平安、风调雨顺。牛灯舞唱词灵活多变主要调门有绣香带凤阳花鼓等。其表演及演唱技巧独特音律自然流畅形式新颖内涵丰富风格独特表演灵活多样有较高的艺术性和观赏性。牛灯舞体现了汉民族农耕文化并与当地彝族文化有机融合具有较高的历史价值。年牛灯舞入选云南省第四批省级非物质文化遗产代表性项目名录。项目代表性传承人是尹绍金。,省级,据\康熙\《\广通\县志\》\记载\牛灯\是\明朝\朱元璋\西征\移民\时\从\南京\带入\云南\源于\舜\耕田\的\传说\。\每年\正月初一\至\十五\为\颂扬\舜\的\孝顺\感恩\七仙女\和\神牛\祈求\瘟疫\平息\、\人\畜\平安\家家户户\均\自发\点起\灯笼\照亮\田野\跳起\牛灯\舞\让\牛\找到\草吃甸尾\牛灯\舞\从此\流传\下来\。\牛灯\舞\通过\模仿\牛\的\生活\习性\和\劳作\方式\表现\农民\对\耕牛\的\崇敬\和\对\土地\的\眷恋\后来\演变\为\对\丰收\致富\的\期盼\及\祝贺\既有\汉族\花灯\的\特征\又\有\彝族\等\少数民族\对歌\、\跳脚\、\民俗\、\祭祀\的\特质\是\中原\文化\与\当地\少数民族\文化融合\的\有力\见证\。\通常\在\每年\的\大年初一\到\十五\、\栽收\两季\、\民族\传统节日\、\婚礼\、\乔迁\时\进行\牛灯\祭祀\活动\。\牛灯\舞\演出队\到\每家每户\都\进行\祭祀\家堂\里\演\两圈\说些\吉利\的话\祝福\家庭\平安\、\六畜兴旺\演完\之后\东家\给\演出队\钱\或\粮\用于\发展壮大\牛灯\舞\技艺\。\牛灯\舞\表演\时\随着\大小\鼓\、\大\小锣\、\镲\、\大小\钹\、\三弦\、\二胡\等\鼓乐齐鸣\关公\舞刀\、\童子\牵牛\、\老汉\犁田\、\妇女\插秧\、\舞\灯笼\、\祭祀\舜\还有\狮子\灯\、\公鸡\灯\、\龙灯\、\跑马灯\、\青蛙\灯\、\鲤鱼\灯\、\八角\灯\、\虾灯\等\十六盏\灯\紧随其后\到\家家户户\送祝福\祈求\人\畜\平安\、\风调雨顺\。\牛灯\舞\唱词\灵活\多变\主要\调门\有\绣\香带\凤阳花鼓\等\。\其\表演\及\演唱\技巧\独特\音律\自然\流畅\形式\新颖\内涵\丰富\风格\独特\表演\灵活多样\有\较\高\的\艺术性\和\观赏性\。\牛灯\舞\体现\了\汉\民族\农耕\文化\并\与\当地\彝族\文化\有机\融合\具有\较\高\的\历史\价值\。\年\牛灯\舞\入选\云南省\第四批\省级\非物质文化\遗产\代表性\项目\名录\。\项目\代表性\传承\人\是\尹绍金\。,彝族
慎德堂传统诊疗法,第四批,传统医药,大理市慎德堂中医诊所,慎德堂是大理历史悠久、远近闻名的传统中医诊所由朱氏第十五代祖朱子训于清光绪年间创始于巍山至今相传六代济世百年。坚守慎其术也无往不利德以行之厥疾必疗的宗旨。在一百多年的传承发展过程中慎德堂不仅继承了中华传统医药学还抢救挖掘、创新推广当地彝族、白族、回族各民族在长期历史发展过程中所积累的医药学成果形成独具一格、特色鲜明的医药体系。在脉象鉴别、脉理分析、临床治疗、药剂处方、汤药煎制等众多方面都积累总结了一整套宝贵的医技经验配制和生产出如肿瘤消肿汤及麝香消肿膏、痤疮汤及珍珠痤疮膏、风湿骨痛汤及速效风湿宁等一系列独具地方特色的方剂药物。年慎德堂传统诊疗法入选云南省第四批省级非物质文化遗产代表性项目名录。代表性传承人是朱兆康。,省级,慎德堂\是\大理\历史悠久\、\远近闻名\的\传统\中医\诊所\由\朱氏\第十五\代祖\朱子\训于\清\光绪年间\创始\于\巍山\至今\相传\六代\济世\百年\。\坚守\慎其术\也\无往不利\德以\行之厥\疾必疗\的\宗旨\。\在\一百多年\的\传承\发展\过程\中慎德堂\不仅\继承\了\中华\传统\医药学\还\抢救\挖掘\、\创新\推广\当地\彝族\、\白族\、\回族\各\民族\在\长期\历史\发展\过程\中\所\积累\的\医药学\成果\形成\独具一格\、\特色\鲜明\的\医药\体系\。\在\脉象\鉴别\、\脉理\分析\、\临床\治疗\、\药剂\处方\、\汤药\煎制\等\众多\方面\都\积累\总结\了\一整套\宝贵\的\医技\经验\配制\和\生产\出如\肿瘤\消肿\汤及\麝香\消肿\膏\、\痤疮\汤及\珍珠\痤疮\膏\、\风湿\骨痛\汤及\速效\风湿\宁等\一系列\独具\地方\特色\的\方剂\药物\。\年慎德堂\传统\诊疗\法\入选\云南省\第四批\省级\非物质文化\遗产\代表性\项目\名录\。\代表性\传承\人\是\朱兆康\。,彝族
彝族古歌《阿姆妮惹》,云南省第四批,民间文学,云南省宁蒗县,阿姆妮惹意为妈妈的女儿。通常在姑娘出嫁前夕客人前来女方家祝贺时由长辈们唱诵。《阿姆妮惹》分为三个部分第一部分从妈妈的女儿诞生之日开始唱述描述了女儿降生童年在高山草原间自由自在生活直到岁时的各种成长经历和心情生动描绘出一位自幼勤劳能干、心灵手巧、可爱无比的彝族少女形象。第二部分唱述妈妈的女儿远嫁他乡思念家人与家乡的父老乡亲追忆童年的幸福生活。第三部分唱述被父兄强迫远嫁之后不能与家人团聚欲死不能、欲活无奈的婚姻灾难哭诉包办婚姻带来的痛苦。古歌前半部分属于叙事歌描述的是女儿成长的过程因而旋律优美动听音调抒情曲调婉转、平稳属于平腔的歌唱节奏为拍以依字为衬词开头调式结构为角调式。后半部分属于哭嫁歌主题旋律为散拍。之后呈拍音乐的速度较为缓慢演唱时还带有哭腔调式结构是宫调式和商调式的交替出现。《阿姆妮惹》是宁蒗彝族家喻户晓的叙事古歌内容经典历代传唱不衰对于研究彝族的婚姻制度和民间文学都具有一定的参考价值。年彝族古歌《阿姆妮惹》入选云南省第四批省级非物质文化遗产代表性项目名录。,省级,阿姆\妮\惹\意为\妈妈\的\女儿\。\通常\在\姑娘\出嫁\前夕\客人\前来\女方\家\祝贺\时\由\长辈\们\唱\诵\。\《\阿姆\妮\惹\》\分为\三个\部分\第一\部分\从\妈妈\的\女儿\诞生\之\日\开始\唱述\描述\了\女儿\降生童\年\在\高山\草原\间\自由自在\生活\直到\岁\时\的\各种\成长\经历\和\心情\生动\描绘出\一位\自幼\勤劳\能干\、\心灵手巧\、\可爱\无比\的\彝族\少女\形象\。\第二\部分\唱述\妈妈\的\女儿\远嫁他乡\思念\家人\与\家乡\的\父老乡亲\追忆\童年\的\幸福生活\。\第三\部分\唱述\被\父兄\强迫\远嫁\之后\不能\与\家人\团聚\欲\死\不能\、\欲活\无奈\的\婚姻\灾难\哭诉\包办婚姻\带来\的\痛苦\。\古歌\前半部\分\属于\叙事\歌\描述\的\是\女儿\成长\的\过程\因而\旋律优美\动听\音调\抒情\曲调\婉转\、\平稳\属于\平腔\的\歌唱\节奏\为\拍\以\依字\为\衬词\开头\调式\结构\为角\调式\。\后\半\部分\属于\哭嫁歌\主题\旋律\为\散\拍\。\之后\呈\拍\音乐\的\速度\较为\缓慢\演唱\时\还\带有\哭腔\调式\结构\是\宫调\式\和\商\调式\的\交替\出现\。\《\阿姆\妮\惹\》\是\宁蒗\彝族\家喻户晓\的\叙事\古歌\内容\经典\历代\传唱\不衰\对于\研究\彝族\的\婚姻制度\和\民间文学\都\具有\一定\的\参考价值\。\年\彝族\古歌\《\阿姆\妮\惹\》\入选\云南省\第四批\省级\非物质文化\遗产\代表性\项目\名录\。,彝族
三川火腿制作技艺,云南省第三批,传统技艺,云南省永胜县,明洪武十五年毛太华在澜沧卫军屯时把源于浙江金华并经江西吉州改进的祖传火腿制作技艺带到云南省永胜县。永胜县三川火腿的腌制技艺源于中原是中原与边地饮食文化的结晶迄今已有多年的历史。每年冬季三川镇人都要腌制几只火腿作为自己家中的备用肉食及赠送礼品。永胜县三川镇独特的地理环境和气候特点造就了三川火腿的特殊腌制技艺。腌制三川火腿一般用水泥缸、木缸或瓮缸另需囤箩、绳子、木炭灰、度以上的高度粮食酒和食用盐。三川火腿的腌制程序是将检疫合格的生猪进行屠宰把生猪腿卸下来将鲜腿皮向下摆放于干净的竹器上冷却一天左右在鲜腿上淋上白酒撒上食盐将上好酒和盐的鲜腿皮向下层层堆入腌制缸池腌制三天后第二次上盐腌制十天后上下翻动一次二十五天至三十天出缸腌制结束后去掉猪腿表层食盐贴好白棉纸上架晾挂三个月左右将晾好的猪腿放入缸箩内进行堆捂加入灶灰完全覆盖火腿三个月后可取出食用。成品火腿色泽鲜红油润香味醇厚脂肪低盐度适中营养丰富在自然温度下贮存三四年都不会变质。三川火腿风味独特营养丰富具有低盐、低亚硝酸盐、低过氧化值等优点是滇西火腿中的名产被称为我国唯一的软性火腿。年三川火腿制作技艺入选云南省级非物质文化遗产代表性项目名录扩展项目名录。项目代表性传承人是龙玉菊。,省级,明洪武\十五年\毛太华\在\澜沧\卫\军屯\时\把\源于\浙江\金华\并\经\江西\吉州\改进\的\祖传\火腿\制作\技艺\带到\云南省\永胜县\。\永胜县\三川\火腿\的\腌制\技艺\源于\中原\是\中原\与\边\地\饮食文化\的\结晶\迄今已有\多年\的\历史\。\每年\冬季\三川\镇人\都\要\腌制\几只\火腿\作为\自己\家中\的\备用\肉食\及\赠送礼品\。\永胜县\三川\镇\独特\的\地理环境\和\气候\特点\造就\了\三川\火腿\的\特殊\腌制\技艺\。\腌制\三川\火腿\一般\用\水泥\缸\、\木缸\或\瓮\缸\另\需\囤\箩\、\绳子\、\木炭\灰\、\度\以上\的\高度\粮食\酒\和\食用盐\。\三川\火腿\的\腌制\程序\是\将\检疫\合格\的\生猪\进行\屠宰\把\生猪\腿\卸下来\将\鲜腿\皮\向下\摆放\于\干净\的\竹器\上\冷却\一天\左右\在\鲜腿\上淋上\白酒\撒上\食盐\将\上\好\酒\和\盐\的\鲜腿\皮\向下\层层\堆入\腌制\缸\池\腌制\三天\后\第二次\上\盐\腌制\十天\后\上下\翻动\一次\二十五\天至\三十天\出缸\腌制\结束\后\去掉\猪\腿\表层\食盐\贴\好\白\棉纸\上架\晾\挂\三个\月\左右\将\晾\好\的\猪\腿\放入\缸\箩\内\进行\堆\捂\加入\灶\灰\完全\覆盖\火腿\三个\月\后\可\取出\食用\。\成品\火腿\色泽\鲜红\油润\香味\醇厚\脂肪\低\盐度\适中\营养\丰富\在\自然\温度\下\贮存\三四年\都\不会\变质\。\三川\火腿\风味\独特\营养\丰富\具有\低盐\、\低\亚硝酸盐\、\低\过氧化\值\等\优点\是\滇西\火腿\中\的\名产\被\称为\我国\唯一\的\软性\火腿\。\年\三川火腿制作技艺\入选\云南\省级\非物质文化\遗产\代表性\项目\名录\扩展\项目\名录\。\项目\代表性\传承\人\是\龙玉菊\。,
会泽洞经音乐,第一批,传统音乐,会泽县文化馆,会泽洞经音乐具有数百年历史原是从中原传入会泽的道教音乐是一种唱诵经文的音乐谱。随着会泽铜商文化和庙馆文化的发展它逐渐演变为兼容儒、释、道音律且具有地方韵味的古乐形成了独特的音乐体系具有雅、幽、清的特点。演奏乐器有小胡、中胡、二胡、竹笛、大阮、月琴、扬琴、琵琶、古筝、唢呐及打击乐器大鼓、云锣、大镲、小锣等。保存下来的曲目有经腔开经赞、老卦腔、新卦腔、赞腔、大乘赞及曲牌将军令、小鹧鸪、倒拖船、锁道龛等十多首。年月会泽县堂琅古乐团成立乐团重新发掘、整理出一批古乐曲目使这一艺术种类免于失传。堂琅古乐团演出的曲目主要有三通鼓、将军令、小鹧鸪、开经赞、倒拖船、锁道龛、新卦腔、赞腔、老卦腔、大乘赞等。这些曲目富有特色如白云行空又如落花飘落似龙泉出水缓缓而流若月白风清、竹影摇风。现在堂琅古乐团已经逐渐发展成为一个有固定活动场所、一定活动经费、设施基本齐备和演奏水平稳定的队伍对洞经音乐的继承和发展起到了积极作用在滇东北地区有较大影响力。年会泽洞经音乐入选云南省第一批省级非物质文化遗产保护名录。代表性传承人是田永光。,省级,会泽洞经音乐\具有\数百年\历史\原\是从\中原\传入\会泽\的\道教音乐\是\一种\唱\诵经\文\的\音乐\谱\。\随着\会泽\铜商\文化\和\庙馆\文化\的\发展\它\逐渐\演变\为\兼容\儒\、\释\、\道\音律\且\具有\地方\韵味\的\古乐\形成\了\独特\的\音乐\体系\具有\雅\、\幽\、\清\的\特点\。\演奏\乐器\有小胡\、\中胡\、\二胡\、\竹笛\、\大阮\、\月琴\、\扬琴\、\琵琶\、\古筝\、\唢呐\及\打击乐器\大鼓\、\云锣\、\大镲\、\小锣\等\。\保存\下来\的\曲目\有\经腔\开经赞\、\老卦腔\、\新卦腔\、\赞腔\、\大乘\赞及\曲牌\将军令\、\小\鹧鸪\、\倒\拖船\、\锁道\龛\等\十\多首\。\年\月\会泽县\堂琅古\乐团\成立\乐团\重新\发掘\、\整理\出\一批\古\乐曲\目使\这\一\艺术种类\免于\失传\。\堂琅古\乐团\演出\的\曲目\主要\有\三通\鼓\、\将军令\、\小\鹧鸪\、\开经赞\、\倒\拖船\、\锁道\龛\、\新卦腔\、\赞腔\、\老卦腔\、\大乘\赞等\。\这些\曲目\富有\特色\如\白云\行空\又\如\落花\飘落\似\龙泉\出水\缓缓\而流\若\月白风清\、\竹影\摇风\。\现在\堂琅古\乐团\已经\逐渐\发展\成为\一个\有\固定\活动场所\、\一定\活动\经费\、\设施\基本\齐备\和\演奏\水平\稳定\的\队伍\对\洞经音乐\的\继承\和\发展\起到\了\积极\作用\在\滇\东北地区\有\较大\影响力\。\年\会泽洞经音乐\入选\云南省\第一批\省级\非物质文化\遗产\保护\名录\。\代表性\传承\人\是\田\永光\。,
创世史诗《敏编咪编》,第三批,民间文学,墨江县文化馆,《敏编咪编》全诗共有十章余行主要讲述天地万物及人的诞生、毁灭患难兄妹传人种和哈尼族生产劳作、习俗礼仪等内容主要章节有《造天造地造人造万物》《人类的毁灭》《敏编咪编传人种》《哈尼族的生产劳作》《哈尼族的习俗礼仪》等其中涉及哈尼族生产劳作和习俗礼仪的篇章是全诗的精华。长诗完全用口传心记的方式传承采用哈尼族传统的古歌调式演唱既可一人演唱也可多人轮唱或多人合唱。传承场所多种多样家中火塘边、节日庆典、田间地头、山野林间或桌席间都可以演唱。《敏编咪编》的内容涉及哈尼族传统文化的各种要素传唱这首长诗已成为当地哈尼族传承传统文化的重要手段也是维系哈尼族精神生活的纽带。史诗语言凝炼歌词通俗简练格律固定故事情节完整人物形象鲜明具有很高的文学价值。诗中涉及哈尼族的生产生活和习俗礼仪的内容是宝贵的研究资料。《敏编咪编》是中国少数民族中不可多得的口传叙事长诗之一深受哈尼人的喜爱。由于年迈的传承人逐渐离世《敏编咪编》的保护传承迫在眉睫。年创世史诗《敏编咪编》入选云南省第三批省级非物质文化遗产代表性项目名录。代表性传承人是刘绍祥。代表性传承人刘绍祥在休息时传唱《敏编咪编》代表性传承人刘绍祥、曹加阳、田秀清在水塘边传唱《敏编咪编》,省级,《\敏编\咪\编\》\全诗\共有\十章\余行\主要\讲述\天地万物\及\人\的\诞生\、\毁灭\患难\兄妹\传人\种\和\哈尼族\生产\劳作\、\习俗\礼仪\等\内容\主要\章节\有\《\造天造\地造\人造\万物\》\《\人类\的\毁灭\》\《\敏编\咪\编\传人\种\》\《\哈尼族\的\生产\劳作\》\《\哈尼族\的\习俗\礼仪\》\等\其中\涉及\哈尼族\生产\劳作\和\习俗\礼仪\的\篇章\是\全诗\的\精华\。\长诗\完全\用\口传\心记\的\方式\传承\采用\哈尼族\传统\的\古歌\调式\演唱\既\可\一人\演唱\也\可多人\轮唱\或\多\人\合唱\。\传承\场所\多种多样\家中\火塘\边\、\节日\庆典\、\田间\地头\、\山野\林间\或桌\席间\都\可以\演唱\。\《\敏编\咪\编\》\的\内容\涉及\哈尼族\传统文化\的\各种\要素\传唱\这\首长\诗\已\成为\当地\哈尼族\传承\传统文化\的\重要\手段\也\是\维系\哈尼族\精神\生活\的\纽带\。\史诗\语言\凝炼\歌词\通俗\简练\格律\固定\故事情节\完整\人物形象\鲜明\具有\很\高\的\文学\价值\。\诗中\涉及\哈尼族\的\生产\生活\和\习俗\礼仪\的\内容\是\宝贵\的\研究\资料\。\《\敏编\咪\编\》\是\中国\少数民族\中\不可多得\的\口传\叙事\长诗\之一\深受\哈尼人\的\喜爱\。\由于\年迈\的\传承\人\逐渐\离世\《\敏编\咪\编\》\的\保护\传承\迫在眉睫\。\年\创世\史诗\《\敏编\咪\编\》\入选\云南省\第三批\省级\非物质文化\遗产\代表性\项目\名录\。\代表性\传承\人\是\刘绍祥\。\代表性\传承\人\刘绍祥\在\休息\时\传唱\《\敏编\咪\编\》\代表性\传承\人\刘绍祥\、\曹加阳\、\田秀清\在\水塘\边\传唱\《\敏编\咪\编\》,哈尼族
广南洞经音乐,第三批,传统音乐,广南县文化馆,洞经音乐于清乾隆年间随大量军屯、民屯传入广南与广南壮族音乐相融合形成了独具一格的传统音乐至今已有近年历史。广南洞经音乐乐器由管弦乐文乐和打击乐武乐组成分吹、拉、弹、打四类同时融入马骨胡、牛角号、铜鼓、羊角编钟等壮族民间乐器是融吹、拉、弹、打、唱、念为一体的综合性音乐艺术。不同类型的曲牌大致可分为诗词类、宫廷类、小调类、宗教科仪类等。各类曲牌曲调之间旋律结构、调式、调性很少有相似之处。代表曲目有《将军令》《南清宫》《清河颂》《开经科仪》等。世纪年代初是广南洞经音乐发展的兴盛时期广南莲城境内就有吉祥社、宏仁社和普光社等个洞经音乐组织参演人员达余人。目前广南洞经音乐广泛流传于全县的各壮族村寨有多支洞经队还在继续演出。年县文化馆组织成立广南壮乡礼乐队将铜鼓引入洞经音乐演奏取得良好效果。年广南县洞经音乐入选云南省第三批省级非物质文化遗产代表性项目名录扩展项目名录。项目代表性传承人是李子兰。洞经音乐中传统铜鼓演奏,省级,洞经音乐\于\清\乾隆年间\随\大量\军屯\、\民屯\传入\广南\与\广南\壮族\音乐\相\融合\形成\了\独具一格\的\传统\音乐\至今已有\近年\历史\。\广南洞经音乐\乐器\由\管弦乐\文乐\和\打击乐\武乐\组成\分吹\、\拉\、\弹\、\打\四类\同时\融入\马骨胡\、\牛角\号\、\铜鼓\、\羊角\编钟\等\壮族\民间\乐器\是\融吹\、\拉\、\弹\、\打\、\唱\、\念为\一体\的\综合性\音乐\艺术\。\不同\类型\的\曲牌\大致\可\分为\诗词\类\、\宫廷\类\、\小调\类\、\宗教\科仪\类\等\。\各类\曲牌\曲调\之间\旋律\结构\、\调式\、\调性\很少\有\相似之处\。\代表\曲目\有\《\将军令\》\《\南\清宫\》\《\清河\颂\》\《\开经\科仪\》\等\。\世纪\年代\初是\广南洞经音乐\发展\的\兴盛\时期\广南\莲城\境内\就\有\吉祥\社\、\宏仁\社和普\光社\等\个\洞经音乐\组织\参演\人员\达余人\。\目前\广南洞经音乐\广泛\流传\于\全县\的\各\壮族\村寨\有\多支\洞经\队\还\在\继续\演出\。\年县\文化馆\组织\成立\广南\壮乡\礼\乐队\将\铜鼓\引入\洞经音乐\演奏\取得\良好效果\。\年\广南县\洞经音乐\入选\云南省\第三批\省级\非物质文化\遗产\代表性\项目\名录\扩展\项目\名录\。\项目\代表性\传承\人\是\李子\兰\。\洞经音乐\中\传统\铜鼓\演奏,壮族
彝族花棍狮子舞,第四批,传统舞蹈,云南省玉溪市新平县文化馆,彝族花棍狮子舞通过不断发展演变融入当地彝族的许多舞蹈元素独具一格。每当民俗佳节与客同欢亦有驱邪、辟邪之义。表演者一般为女性少则二三十人多则上百人每人手持金竹制成的花棍随节拍起舞自唱自跳。伴奏乐器有二胡、铃铛、打击乐器伴奏者围绕跳舞场横排列队队形及位置自始至终不变。花棍舞有种套路一个套路至少有拍多则多拍。起舞时双肩前后摆动左右扭腰送胯花棍围绕身体的主要关节碰击发出响声由此引动上身的扭摆及小腿的变化和双脚的跳动舞姿轻盈、变化多端、刚柔相济、节奏欢快给人以激情四射而又豁达愉悦之美感。花棍舞表演时往往有狮子舞配合狮子舞由名男子完成两人合作各扮大、小狮子一人扮引狮郎有前空翻过狮子后空翻上高桌云里翻下梅花桩等高难动作。彝族花棍狮子舞历史悠久套路完整表演形式和风格独特与火把节、祭祀、婚庆、乔迁等传统习俗节日和传统服饰紧密结合相互映衬相得益彰。花棍舞体现了彝族人民独特的艺术审美观、高超的民间技艺水平有较强的表现力和感染力具有浓郁的乡土气息。彝族花棍狮子舞有家族传承和社会传承唯有白鹤乡保存较为完好。但由于外来文化的冲击年轻人外出打工掌握舞蹈全套动作的传承人越来越少且年龄多在岁以上形势严峻亟待保护。年彝族花棍狮子舞入选云南省第四批省级非物质文化遗产代表性项目名录。项目代表性传承人是普长光。,省级,彝族花棍狮子舞\通过\不断\发展\演变\融入\当地\彝族\的\许多\舞蹈\元素\独具一格\。\每当\民俗\佳节\与\客\同欢\亦\有\驱邪\、\辟邪\之义\。\表演者\一般\为\女性\少则\二三十\人\多则\上百人\每人\手持\金竹\制成\的\花棍\随\节拍\起舞\自唱\自跳\。\伴奏\乐器\有\二胡\、\铃铛\、\打击乐器\伴奏者\围绕\跳舞场\横排\列队\队形\及\位置\自始至终\不变\。\花棍舞\有种\套路\一个\套路\至少\有\拍\多则\多\拍\。\起舞\时\双肩\前后\摆动\左右\扭腰\送\胯\花棍\围绕\身体\的\主要\关节\碰击\发出\响声\由此\引动\上身\的\扭摆\及\小腿\的\变化\和\双脚\的\跳动\舞姿\轻盈\、\变化多端\、\刚柔相济\、\节奏\欢快\给人以\激情\四射\而\又\豁达\愉悦\之\美感\。\花棍舞\表演\时\往往\有\狮子舞\配合\狮子舞\由名\男子\完成\两人\合作\各扮\大\、\小狮子\一人扮\引狮郎\有\前空翻\过\狮子\后空翻\上高\桌云里\翻下\梅花桩\等\高难\动作\。\彝族花棍狮子舞\历史悠久\套路\完整\表演\形式\和\风格\独特\与\火把节\、\祭祀\、\婚庆\、\乔迁\等\传统习俗\节日\和\传统\服饰\紧密结合\相互\映衬\相得益彰\。\花棍舞\体现\了\彝族\人民\独特\的\艺术\审美观\、\高超\的\民间\技艺\水平\有\较\强\的\表现力\和\感染力\具有\浓郁\的\乡土气息\。\彝族花棍狮子舞\有\家族\传承\和\社会\传承\唯有\白鹤\乡\保存\较为\完好\。\但\由于\外来文化\的\冲击\年轻人\外出\打工\掌握\舞蹈\全套\动作\的\传承\人\越来越少\且\年龄\多\在\岁\以上\形势严峻\亟待\保护\。\年\彝族花棍狮子舞\入选\云南省\第四批\省级\非物质文化\遗产\代表性\项目\名录\。\项目\代表性\传承\人\是\普长光\。,彝族
哈尼族莫蹉蹉,第四批,传统舞蹈,云南省红河哈尼族彝族自治州绿春县文化馆,哈尼语莫为老人蹉蹉是舞蹈莫蹉蹉是为正常死亡的高龄老人举办丧葬祭祀活动跳的舞蹈。哈尼族莫蹉蹉源于哈尼族古代图腾崇拜人们手拿三叉、铜钱棒、铝心球、桌子、砍刀、镰刀、棕榈叶充当能为民族带来吉祥幸福的白鹇鸟羽翼在具有傣族舒缓、柔美特点的乐曲伴奏下模拟白鹇鸟在树下嬉戏、漫步、四处窥探等自然形态。舞蹈动作古朴、细腻充分表现了哈尼族人民对美好生活的向往。舞者为成年男女十几、二十人不等以铓、鼓、锣、钹为伴奏乐器。在逝者出殡前由德高望重的老人在死者家的房前主持莫蹉蹉。先由主持仪式的老人进入屋内绕棺舞蹈一圈做甩手抖身动作意为跳掉身上的疾病与晦气之后男女舞者手持不同道具在屋外舞蹈。男性舞者动作套路有抛甩铝心球的流球引路嘴咬桌子的雄鹇叼食手持三叉的蹲刺蓝天、跳刺蓝天手持铜钱棒的蹲搓钱棒、跳搓钱棒手持镰刀的镰撸荒草、镰砍荒草另外还有老熊洗脸老熊穿裤猴子抱瓜猴子搂腰公鸡斗架老鹰叼小鸡老鹰拍翅膀等模拟动物动作套路。女性舞者则手持棕扇模拟白鹇鸟动作起舞主要的舞蹈套路有群鹇觅食双鹇赛翅雄鹇授艺众鹇点醉群鹇亮翅。其舞蹈动作古朴沉稳、形态逼真、舞姿优美、民族特征鲜明有浓郁的地方特色表达了对逝者感情真挚的风格特点。随着社会的发展现今的莫蹉蹉祭祀成分已经淡化在丧葬活动中非常鲜见而更多被用于喜庆民俗活动中。哈尼族莫蹉蹉记载着哈尼族传统的历史和文化信息具有较高的历史文化价值以及艺术价值。年哈尼族莫蹉蹉入选云南省第四批省级非物质文化遗产代表性项目名录。项目代表性传承人是白拉咀。,省级,哈尼语\莫为\老人\蹉\蹉\是\舞蹈\莫\蹉\蹉\是\为\正常\死亡\的\高龄\老人\举办\丧葬\祭祀\活动\跳\的\舞蹈\。\哈尼族\莫\蹉\蹉\源于\哈尼族\古代\图腾崇拜\人们\手\拿\三叉\、\铜钱\棒\、\铝心球\、\桌子\、\砍刀\、\镰刀\、\棕榈\叶\充当\能为\民族\带来\吉祥\幸福\的\白鹇\鸟\羽翼\在\具有\傣族\舒缓\、\柔美\特点\的\乐曲\伴奏\下\模拟\白鹇\鸟\在\树下\嬉戏\、\漫步\、\四处\窥探\等\自然\形态\。\舞蹈动作\古朴\、\细腻\充分\表现\了\哈尼族\人民\对\美好生活\的\向往\。\舞者\为\成年\男女\十几\、\二十\人\不等\以\铓\、\鼓\、\锣\、\钹\为\伴奏\乐器\。\在\逝者\出殡\前\由\德高望重\的\老人\在\死者\家\的\房前\主持\莫\蹉\蹉\。\先由\主持\仪式\的\老人\进入\屋内\绕\棺\舞蹈\一圈\做\甩手\抖身\动作\意为\跳\掉\身上\的\疾病\与\晦气\之后\男女\舞者\手持\不同\道具\在\屋外\舞蹈\。\男性\舞者\动作\套路\有\抛\甩\铝\心球\的\流球\引路\嘴\咬\桌子\的\雄鹇\叼\食\手持\三叉\的\蹲\刺\蓝天\、\跳\刺\蓝天\手持\铜钱\棒\的\蹲\搓\钱\棒\、\跳\搓\钱\棒\手持\镰刀\的\镰\撸\荒草\、\镰\砍\荒草\另外\还有\老熊\洗脸\老熊\穿\裤\猴子\抱瓜\猴子\搂\腰\公鸡\斗架\老鹰\叼\小鸡\老鹰\拍\翅膀\等\模拟\动物\动作\套路\。\女性\舞者\则\手持\棕扇\模拟\白鹇\鸟\动作\起舞\主要\的\舞蹈\套路\有\群鹇\觅食\双鹇\赛翅雄鹇\授艺\众鹇\点醉\群鹇\亮\翅\。\其\舞蹈动作\古朴\沉稳\、\形态\逼真\、\舞姿\优美\、\民族\特征\鲜明\有\浓郁\的\地方\特色\表达\了\对\逝者\感情\真挚\的\风格\特点\。\随着\社会\的\发展\现今\的\莫\蹉\蹉\祭祀\成分\已经\淡化\在\丧葬\活动\中\非常\鲜见\而\更\多\被\用于\喜庆\民俗\活动\中\。\哈尼族\莫\蹉\蹉\记载\着\哈尼族\传统\的\历史\和\文化\信息\具有\较\高\的\历史\文化价值\以及\艺术\价值\。\年\哈尼族\莫\蹉\蹉\入选\云南省\第四批\省级\非物质文化\遗产\代表性\项目\名录\。\项目\代表性\传承\人\是\白拉咀\。,哈尼族
彝族六月六习俗,第四批,民俗,禄丰县今禄丰市文化馆,六月六民俗活动历史渊源久远据清康熙《广通县志》等有关史料记载该习俗起源于西汉初年后一直传承至今。因这一天当地彝族各家各户都有晾晒衣被等习俗故也称六月六晒红绿。同时彝族老人要抱着公鸡到田边祭祀后各家老小携带食品上山由毕摩主持杀鸡祭祀山神树祈求村寨及家人清吉平安六畜兴旺。中午青年男女青年相约到山林中采摘杨梅对歌唱曲嬉戏娱乐青年男女对歌跳舞通宵达旦寻找意中人。随着民俗活动的发展演变该节日民俗活动不断融入了更多的文化内容融入了毕摩祭祀祈福、赛装比美、爬油杆等民俗内容。每年举行的节日活动使该民俗事项成了当地一张民族文化品牌而得到不断传承。彝族六月六习俗活动宣传了彝族独具特色的民族地域文化展示传承了彝族优秀的传统歌舞祭祀、体育、婚恋、服饰文化增强了民族凝聚力六月六民俗活动具有十分重要的历史价值和文化艺术价值。但随着外来文化的冲击影响该民俗活动传承难度加大传统祭祀活动面临消亡危险需要加大力度加以保护传承着力培养习俗祭祀传承人、表演队与乐队传承人。年彝族六月六习俗入选云南省第四批省级非物质文化遗产代表性项目名录。,省级,六月\六\民俗\活动\历史渊源\久远\据\清康熙\《\广通\县志\》\等\有关\史料\记载\该\习俗\起源于\西汉\初年\后\一直\传承\至今\。\因\这\一天\当地\彝族\各家各户\都\有\晾晒\衣被\等\习俗\故\也\称\六月\六晒\红绿\。\同时\彝族\老人\要\抱\着\公鸡\到\田边\祭祀\后\各家\老小\携带\食品\上山\由\毕摩\主持\杀鸡\祭祀\山神\树\祈求\村寨\及\家人\清吉\平安\六畜兴旺\。\中午\青年\男女\青年\相约\到\山林\中\采摘\杨梅\对\歌唱\曲\嬉戏\娱乐\青年\男女\对歌\跳舞\通宵达旦\寻找\意中人\。\随着\民俗\活动\的\发展\演变\该\节日\民俗\活动\不断\融入\了\更\多\的\文化\内容\融入\了\毕摩\祭祀\祈福\、\赛装\比美\、\爬\油杆\等\民俗\内容\。\每年\举行\的\节日\活动\使该\民俗\事项\成\了\当地\一张\民族文化\品牌\而\得到\不断\传承\。\彝族六月六习俗\活动\宣传\了\彝族\独具特色\的\民族\地域\文化\展示\传承\了\彝族\优秀\的\传统\歌舞\祭祀\、\体育\、\婚恋\、\服饰文化\增强\了\民族凝聚力\六月\六\民俗\活动\具有\十分\重要\的\历史\价值\和\文化\艺术\价值\。\但\随着\外来文化\的\冲击\影响\该\民俗\活动\传承\难度\加大\传统\祭祀\活动\面临\消亡\危险\需要\加大力度\加以\保护\传承\着力\培养\习俗\祭祀\传承\人\、\表演队\与\乐队\传承\人\。\年\彝族六月六习俗\入选\云南省\第四批\省级\非物质文化\遗产\代表性\项目\名录\。,彝族
阿苏者跳歌调,第三批,传统音乐,云南省楚雄州南华县文化馆,阿苏者跳歌调有着悠久的历史相传起源于三国时期其形式多样、内容广泛具有古朴的民族特色集中反映了不同历史时期南华地区各族人民的生产生活状况、思想感情、道德情操和心理素质展示了南华当地各民族人民的艺术创造才能。阿苏者跳歌调以生动活泼的唱词表现社会实践具有寓教于乐、启心明智的功能。唱词通常为七言两句以两句为一小段每一小段结尾时都以阿苏者为尾缀词。调式则根据不同场景分为农耕调情调喜调欢乐调等。通常由男方开头女方根据男方所唱内容进行对答其唱词包罗万象、言简意赅喻之雅韵含蓄、巧妙贴切以诗歌的形式唱尽宇宙万物、世间百态具有科学性和哲理性。南华县境内能完整演唱阿苏者跳歌调的男女艺人原先有百余人由于年轻人不愿学老艺人逐渐年迈掌握阿苏者跳歌调民间艺人已越来越少亟待做好传承保护工作。年阿苏者跳歌调入选云南省第三批非物质文化遗产代表性项目名录。项目代表性传承人是杨凤。,省级,阿苏者跳歌调\有着\悠久\的\历史\相传\起源于\三国\时期\其\形式多样\、\内容\广泛\具有\古朴\的\民族特色\集中反映\了\不同\历史\时期\南华\地区\各族人民\的\生产\生活状况\、\思想感情\、\道德\情操\和\心理素质\展示\了\南华\当地\各\民族\人民\的\艺术\创造才能\。\阿苏者跳歌调\以\生动活泼\的\唱词\表现\社会\实践\具有\寓教于乐\、\启心\明智\的\功能\。\唱词\通常\为\七言\两句\以\两句\为\一小\段\每\一小\段\结尾\时\都\以\阿苏\者\为\尾缀\词\。\调式\则\根据\不同\场景\分为\农耕\调\情调\喜调\欢乐\调等\。\通常\由\男方\开头\女方\根据\男方\所唱\内容\进行\对答\其\唱词\包罗万象\、\言简意赅\喻之雅韵\含蓄\、\巧妙\贴切\以\诗歌\的\形式\唱\尽\宇宙\万物\、\世间\百态\具有\科学性\和\哲理性\。\南华县\境内\能\完整\演唱\阿苏者跳歌调\的\男女\艺人\原先\有\百余人\由于\年轻人\不愿学\老\艺人\逐渐\年迈\掌握\阿苏者跳歌调\民间艺人\已\越来越少\亟待\做好\传承\保护\工作\。\年\阿苏者跳歌调\入选\云南省\第三批\非物质文化\遗产\代表性\项目\名录\。\项目\代表性\传承\人\是\杨凤\。,
史诗《神蜘蛛》,第三批,民间文学,昌宁县文化馆,傣族史诗《神蜘蛛》讲述的是明朝万历年间缅甸洞吾王朝勾结云南陇川境内经商的江西商人企图夺取陇川土司政权将云南部分领土从中国分裂出去。他们串通耿马土司罕虔、湾甸土司景宗真为内应起象兵十万分五路大举进犯滇西大理告急昆明告急。神蜘蛛转世的民族英雄邓子龙临危受命在姚关大关前大破象阵斩杀湾甸土司景宗真在湾甸设伏大破湾甸后直捣敌巢耿马三尖山三战三捷收复三宣六慰中国明代在云南边地设置的九个重要的土司有力地守卫了边疆维护了中华民族的主权和国家的统一。明代邓子龙将军四十年戎马生涯中在云南滇西共有年是其驻军时间最长、军功最显赫的地方。傣族民间故事《神蜘蛛》经过年的世代相传将这位英雄与神等同并与释迦牟尼佛同等供奉是独特的傣族文化遗产。作为一个跨境的少数民族这既是对英雄的讴歌更是对中华文化和国家统一的大认同表达了广大傣族人民渴望和平、安定的美好向往。在昌宁湾甸傣族每户人家生了孩子都要请人抄一部《神蜘蛛》傣文经卷供奉起到镇宅、消灾作用保佑孩子无病无灾。《神蜘蛛》在民间以家族传承为主湾甸乡万德美一家祖上世代为傣族土司执掌记录工作是史诗《神蜘蛛》的主要传承世家。年史诗《神蜘蛛》入选云南省第三批省级非物质文化遗产代表性项目名录。代表性传承人是万德美。《神蜘蛛》孤本湾甸傣族孤本中九头九尾象图,省级,傣族\史诗\《\神\蜘蛛\》\讲述\的\是\明朝\万历\年间\缅甸\洞\吾\王朝\勾结\云南\陇川\境内\经商\的\江西\商人\企图\夺取\陇川\土司\政权\将\云南\部分\领土\从\中国\分裂\出去\。\他们\串通\耿马\土司\罕\虔\、\湾\甸\土司\景宗真\为\内应\起象\兵\十万分\五路\大举进犯\滇西\大理\告急\昆明\告急\。\神\蜘蛛\转世\的\民族英雄\邓子龙\临危受命\在\姚关\大关\前大破\象阵\斩杀\湾\甸\土司\景宗真\在\湾\甸\设伏\大破湾甸后\直捣\敌巢\耿马\三\尖山\三\战三捷\收复\三宣六慰\中国\明代\在\云南\边\地\设置\的\九个\重要\的\土司\有力\地\守卫\了\边疆\维护\了\中华民族\的\主权\和\国家\的\统一\。\明代\邓子龙\将军\四十年\戎马生涯\中\在\云南\滇西\共有\年\是\其\驻军\时间\最长\、\军功\最\显赫\的\地方\。\傣族\民间故事\《\神\蜘蛛\》\经过\年\的\世代相传\将\这位\英雄\与\神\等同\并\与\释迦牟尼佛\同等\供奉\是\独特\的\傣族\文化遗产\。\作为\一个\跨境\的\少数民族\这\既\是\对\英雄\的\讴歌\更是\对\中华文化\和\国家\统一\的\大\认同\表达\了\广大\傣族\人民\渴望\和平\、\安定\的\美好\向往\。\在\昌宁\湾\甸\傣族\每户\人家\生\了\孩子\都\要\请\人\抄\一部\《\神\蜘蛛\》\傣文\经卷\供奉\起到\镇宅\、\消灾\作用\保佑\孩子\无\病\无灾\。\《\神\蜘蛛\》\在\民间\以\家族\传承\为主\湾甸乡\万德美\一家\祖上\世代\为\傣族\土司\执掌\记录\工作\是\史诗\《\神\蜘蛛\》\的\主要\传承\世家\。\年\史诗\《\神\蜘蛛\》\入选\云南省\第三批\省级\非物质文化\遗产\代表性\项目\名录\。\代表性\传承\人\是\万德美\。\《\神\蜘蛛\》\孤本\湾\甸\傣族\孤本\中\九头\九尾\象图,傣族
石林彝族器乐,第三批,传统音乐,云南省昆明市石林县文化馆,彝族器乐是石林、弥勒一带彝族撒尼、阿细人日常生活场景中重要的传统音乐早在世纪初当地就有彝族器乐活动的踪迹。流传于石林县的传统曲目有近首经常吹奏的有《喜鹊串门》《放羊坡》《过街调》《平地调》《大战鼓》等余首。演奏乐器以竹笛、唢呐为主配有小鼓、小锣、小三弦等民间乐器演奏人员少则十几人多则几十人、上百人有彝族小交响乐之称。彝族器乐过去只在红白喜事中演奏乐曲的选择比较严格喜调不在丧事中出现悲调也不能在婚事上出现并且某个乐曲在什么时段演奏也有严格的规定。中华人民共和国成立后文艺工作者把彝族器乐搬上舞台并在各种节庆活动演奏彝族器乐逐渐成为石林地区各类节庆活动中不可缺少的表演节目之一。流传于石林县的彝族器乐深受西南一带洞经音乐的影响在借鉴学习昆明、楚雄、大理、丽江、保山、红河、曲靖等地区洞经音乐的基础上形成了独具特色的曲牌风格是洞经音乐在彝族地区演变发展的器乐合奏。年石林县彝族器乐入选云南省第三批省级非物质文化遗产代表性项目名录。项目代表性传承人是昂宝德等。,省级,彝族\器乐\是\石林\、\弥勒\一带\彝族\撒尼\、\阿细人\日常生活\场景\中\重要\的\传统\音乐\早\在\世纪\初\当地\就\有\彝族\器乐\活动\的\踪迹\。\流传\于\石林\县\的\传统\曲目\有\近首\经常\吹奏\的\有\《\喜鹊\串门\》\《\放羊\坡\》\《\过\街调\》\《\平地\调\》\《\大\战鼓\》\等\余首\。\演奏\乐器\以\竹笛\、\唢呐\为主\配有\小鼓\、\小锣\、\小\三弦\等\民间\乐器\演奏\人员\少则\十几人\多则\几十人\、\上百人\有\彝族\小\交响乐\之称\。\彝族\器乐\过去\只\在\红白喜事\中\演奏\乐曲\的\选择\比较\严格\喜调\不\在\丧事\中\出现\悲调\也\不能\在\婚事\上\出现\并且\某个\乐曲\在\什么\时段\演奏\也\有\严格\的\规定\。\中华人民共和国\成立\后\文艺工作者\把\彝族\器乐\搬上\舞台\并\在\各种\节庆\活动\演奏\彝族\器乐\逐渐\成为\石林\地区\各类\节庆\活动\中\不可\缺少\的\表演\节目\之一\。\流传\于\石林\县\的\彝族\器乐\深受\西南\一带\洞经音乐\的\影响\在\借鉴\学习\昆明\、\楚雄\、\大理\、\丽江\、\保山\、\红河\、\曲靖\等\地区\洞经音乐\的\基础\上\形成\了\独具特色\的\曲牌\风格\是\洞经音乐\在\彝族\地区\演变\发展\的\器乐\合奏\。\年\石林\县\彝族\器乐\入选\云南省\第三批\省级\非物质文化\遗产\代表性\项目\名录\。\项目\代表性\传承\人\是\昂宝德\等\。,彝族
维西傈僳族服饰,云南省第三批,民俗,云南省迪庆州维西县,傈僳族服饰是傈僳族传统文化中极具代表性的形态是傈僳族经历的刀耕火种、游牧、采集历史的体现反映了傈僳族的生活环境也保留了古羌族服饰的各种遗迹如大襟长衫、绑腿等。维西傈僳族服饰可分为瓦器器和阿尺木刮两类。瓦器器男子服饰包黑色头帕上衣为麻布黑白条纹大襟短袄腰系七色麻布彩腰带下穿蓝色长裤打绑腿穿草鞋或赤足现多穿胶鞋佩腰刀。瓦器器女子服饰头上绕青布或黑布帕子头帕上交叉斜挂两串涡楞再在前额挂一串涡缅直垂到眉梢。双耳悬吊银耳坠戴珊瑚项链身上斜挎精美的花腊裱。上衣为穿白色或天蓝色长袖大襟袄外穿紫色或黑色坎肩下穿百褶长裙裙外系刺绣有花鸟图案的围腰腰间系白色羊毛带鞋、袜、绑腿则与男子差异不大。阿尺木刮男子服饰头戴壳扒腊哄毡帽边沿围绕一圈洒捕涡缅用锦鸡毛装饰头顶。内穿大襟白短褂外穿前襟开口的黑白条纹长衫腰系羊毛带子左挎腊裱佩长刀右背弩弓、箭包裤子是大裆宽口裤裤脚长仅齐膝膝盖以下打羊毛带或麻带绑腿过去穿兽皮鞋或山草鞋现多穿胶鞋。阿尺木刮女子服饰头戴呙亨呙亨上用矣玛缀成花纹图案前钉三块普扁留长发编两辫直至腰部称为部止部止上装饰拉本双耳垂吊银质大耳环项挂三串来俄马省。上身穿细白麻布或棉布长袄外罩紫红或黑色坎肩下穿细白麻布百褶裙裙外系刺绣花围腰腰系白色羊毛带子肩挎腊裱鞋、袜、绑腿与男子差别不大。傈僳族服饰全部以手工制作其原料一般采用自植、自纺、自染的麻、棉布或羊毛。制作工具有格乐、切来、捂咱、压条多、织布架、压玛、压尼等。服饰制作流程主要为采摘麻、棉、剥皮麻、纺线、用碱水煮麻、用蛋白润滑麻、织布、裁剪、缝制、刺绣等。维西傈僳族服饰具有很强的地域特色在漫长的历史发展过程中傈僳族劳动人民创造了一整套纺线、织布、染色、刺绣技艺并在一代代的传承中始终保持着古老的制作工艺。年维西傈僳族服饰入选云南省级非物质文化遗产代表性项目名录扩展项目名录。项目代表性传承人是李桂兰、蜂云波、余信芝、余秀芝。,省级,傈僳族\服饰\是\傈僳族\传统文化\中\极具\代表性\的\形态\是\傈僳族\经历\的\刀耕火种\、\游牧\、\采集\历史\的\体现\反映\了\傈僳族\的\生活环境\也\保留\了\古\羌族\服饰\的\各种\遗迹\如\大襟\长衫\、\绑腿\等\。\维西傈僳族服饰\可\分为\瓦器\器\和\阿尺\木\刮\两类\。\瓦器\器\男子\服饰\包\黑色\头帕\上衣\为\麻布\黑白\条纹\大襟\短袄\腰系\七色\麻布\彩\腰带\下\穿\蓝色\长裤\打\绑腿\穿\草鞋\或\赤足\现多\穿\胶鞋\佩\腰刀\。\瓦器\器\女子\服饰\头上\绕\青布\或\黑布\帕子\头帕\上\交叉\斜\挂\两串\涡\楞\再\在\前额\挂\一串\涡\缅直\垂到\眉梢\。\双耳\悬吊\银\耳坠\戴\珊瑚\项链\身上\斜\挎\精美\的\花腊\裱\。\上衣\为\穿\白色\或\天蓝色\长袖\大襟\袄\外\穿\紫色\或\黑色\坎肩\下\穿\百褶\长裙\裙\外系\刺绣\有\花鸟\图案\的\围\腰\腰间\系\白色\羊毛\带鞋\、\袜\、\绑腿\则\与\男子\差异\不大\。\阿尺\木\刮\男子\服饰\头戴\壳\扒\腊\哄\毡帽\边沿\围绕\一圈\洒\捕涡\缅用\锦鸡\毛\装饰\头顶\。\内\穿\大襟\白\短褂\外穿\前襟\开口\的\黑白\条纹\长衫\腰系\羊毛\带子\左\挎腊\裱佩长\刀\右\背\弩弓\、\箭\包\裤子\是\大裆\宽口\裤\裤脚\长仅\齐膝\膝盖\以下\打\羊毛\带\或\麻带\绑腿\过去\穿兽\皮鞋\或山\草鞋\现多\穿\胶鞋\。\阿尺\木\刮\女子\服饰\头戴\呙亨\呙\亨\上\用\矣\玛缀\成\花纹\图案\前钉\三块\普扁\留\长发\编两\辫\直至\腰部\称为\部止\部止\上\装饰\拉本\双\耳垂\吊\银质\大\耳环\项挂\三串\来\俄马省\。\上\身穿\细白\麻布\或\棉布\长袄\外罩\紫红\或\黑色\坎肩\下\穿\细白\麻布\百褶裙\裙\外系\刺绣\花围\腰\腰系\白色\羊毛\带子\肩\挎\腊\裱\鞋\、\袜\、\绑腿\与\男子\差别\不大\。\傈僳族\服饰\全部\以\手工\制作\其\原料\一般\采用\自植\、\自纺\、\自染\的\麻\、\棉布\或\羊毛\。\制作\工具\有格乐\、\切来\、\捂\咱\、\压条\多\、\织布\架\、\压玛\、\压尼\等\。\服饰\制作\流程\主要\为\采摘\麻\、\棉\、\剥皮\麻\、\纺线\、\用\碱水\煮\麻\、\用\蛋白\润滑\麻\、\织布\、\裁剪\、\缝制\、\刺绣\等\。\维西傈僳族服饰\具有\很强\的\地域\特色\在\漫长\的\历史\发展\过程\中\傈僳族\劳动\人民\创造\了\一整套\纺线\、\织布\、\染色\、\刺绣\技艺\并\在\一代代\的\传承\中\始终保持\着\古老\的\制作\工艺\。\年\维西傈僳族服饰\入选\云南\省级\非物质文化\遗产\代表性\项目\名录\扩展\项目\名录\。\项目\代表性\传承\人\是\李\桂兰\、\蜂云波\、\余信芝\、\余秀芝\。,傈僳族
玎三赛弹奏,第三批,传统音乐,瑞丽市文化馆,玎三赛即一种三弦琴是傣族民间弹拨弦鸣乐器又称玎散赛、玎傣卯等。玎三赛已有多年历史因琴身略似牛腿、马腿和长瓢又有牛腿琴、马腿琴、瓢琴等别称。早期的玎三赛具有独特优美、柔和清脆的音色但音量小音域窄仅限于自娱或小伙子向姑娘表达爱慕之情时弹奏。多年来傣族民间艺人对其进行不断发展改造现在的玎三赛由共鸣箱、琴杆、音品、弦轴、弦线、琴码、弹片等部分组成。制作材料有柚木树、杧果树、椿树等音箱及琴杆由一根整木剜刻而成面板用薄竹片或笋叶、薄木板蒙盖用牛角弹片弹奏。琴头还要雕刻孔雀、凤凰等鸟类造型或雕刻大象造型制作工艺复杂难度较大。经过不断改造音调更加准确音色更加优美而且音量增大音域增宽使用范围也扩大了深受群众欢迎。演奏姿式分为坐姿和立姿两种。坐姿演奏时席地而坐左手握琴杆共鸣箱压在腿上把弹片捆在右手食指上琴身倾靠于身体右手指上下滑动触弦弹奏。立姿演奏时将琴抱于胸前弹奏。弹奏的技法主要有弹拨以勾、挑、轮奏使其乐声千变万化。可独奏也可与其他乐器合奏为民族舞、独唱、合唱伴奏或情歌、山歌弹唱。年玎三赛弹奏入选云南省第三批省级非物质文化遗产代表性项目名录。代表性传承人有约恩散吞、麦喊岩也等。,省级,玎三赛\即\一种\三弦琴\是\傣族\民间\弹拨\弦鸣乐器\又称\玎\散赛\、\玎\傣卯\等\。\玎三赛\已有\多年\历史\因琴\身略似\牛腿\、\马腿\和\长瓢\又\有\牛腿琴\、\马腿\琴\、\瓢琴\等\别称\。\早期\的\玎\三赛\具有\独特\优美\、\柔和\清脆\的\音色\但\音量\小\音域\窄\仅限于\自娱\或\小伙子\向\姑娘\表达\爱慕\之情\时\弹奏\。\多年\来\傣族\民间艺人\对\其\进行\不断\发展\改造\现在\的\玎\三赛\由\共鸣箱\、\琴杆\、\音品\、\弦\轴\、\弦线\、\琴码\、\弹片\等\部分\组成\。\制作\材料\有\柚木树\、\杧\果树\、\椿树\等\音箱\及\琴杆\由\一根\整木\剜\刻而成\面板\用薄\竹片\或笋\叶\、\薄\木板\蒙盖用\牛角\弹片\弹奏\。\琴头\还要\雕刻\孔雀\、\凤凰\等\鸟类\造型\或\雕刻\大象\造型\制作\工艺\复杂\难度\较大\。\经过\不断\改造\音调\更加\准确\音色\更加\优美\而且\音量\增大\音域\增宽\使用\范围\也\扩大\了\深受\群众\欢迎\。\演奏\姿式\分为\坐姿\和\立姿\两种\。\坐姿\演奏\时\席地而坐\左手\握\琴杆\共鸣箱\压\在\腿\上\把\弹片\捆\在\右手\食指\上琴身\倾靠\于\身体\右手\指\上下\滑动\触弦\弹奏\。\立姿\演奏\时\将\琴\抱\于\胸前\弹奏\。\弹奏\的\技法\主要\有\弹拨\以\勾\、\挑\、\轮奏\使\其\乐声\千变万化\。\可\独奏\也\可\与\其他\乐器\合奏\为\民族舞\、\独唱\、\合唱\伴奏\或\情歌\、\山歌\弹唱\。\年\玎三赛弹奏\入选\云南省\第三批\省级\非物质文化\遗产\代表性\项目\名录\。\代表性\传承\人有\约\恩散\吞\、\麦喊岩\也\等\。,傣族
富源彝族刺绣,第四批,传统美术,富源县文化馆,富源县墨红镇的彝族姑娘在婚前要缝制数套花衣裳作为嫁妆包括头帕、围裙、衣裤和鞋子等每套服装都经刺绣装饰图案复杂做工考究独具特色。富源县墨红镇彝族刺绣使用的工具主要有剪刀、针、顶针、绷子等最常用的是红、黄、绿、紫、黑五色丝线一般以红色居多黑色使用较少。布料的选择上以白、红、绿、黑为主。针法包括缠针、乱针、长短针等。技法上有滚绣、锁花绣、挑花绣、插绣、垫绣、引绣、平绣、拼花绣等其中插绣和平绣常与其他技法配合使用。插绣是事先在牛皮纸上绘制好图案然后用剪纸技法把图案镂空并粘贴于布料上再绣制。而平绣在绣制之前要在布料上画上米字格、井字格、田字格后方能施针。挑花绣对绣工技艺要求较高是直接根据布匹的纹路进行创作没有预先设计好的构图其精美程度取决于刺绣者的经验。服饰中不同的部位常依据耐用和美观两个标准去决定刺绣所使用的绣法。衣领、袖口、衣角、鞋舌等部位讲究耐用多用滚秀和锁花绣等绣法加固使之耐磨胸襟、裤筒、围腰、鞋面等部位多用挑花秀和插绣等绣法使之更加精美。刺绣图案在当地服饰中常见于包头、衣服、围腰、鞋子等部件处。包头常绣千层牡丹花、桂花、太阳花等图案表示头为首任何人不能碰在边缘还镶有喜鹊表示天天有喜、喜事临门。衣服上最常见的图案是狗牙图案、拉拉花、钩担花等象征有山有水、有牛有马、有麦穗表示彝家人对美好生活的憧憬。花围腰以龙、凤图案居多表示养儿像龙养女像凤。鞋子又叫花草鞋绣有鱼、桃子等表示年年有余、心心相印。除此以外不同的着装会搭配固定的图案如少女装和新娘装常用豌豆花、铜钱图案和几何图案男装、儿童装以及中老年装多用星点和几何图案。年富源彝族刺绣入选云南省第四批省级非物质文化遗产代表性项目名录扩展项目名录。项目代表性传承人是李良花。,省级,富源县\墨红镇\的\彝族\姑娘\在\婚前\要\缝制\数套\花衣裳\作为\嫁妆\包括\头帕\、\围裙\、\衣裤\和\鞋子\等\每套\服装\都\经\刺绣\装饰\图案\复杂\做工\考究\独具特色\。\富源县\墨红镇\彝族\刺绣\使用\的\工具\主要\有\剪刀\、\针\、\顶针\、\绷子\等\最\常用\的\是\红\、\黄\、\绿\、\紫\、\黑\五色\丝线\一般\以\红色\居多\黑色\使用\较\少\。\布料\的\选择\上\以白\、\红\、\绿\、\黑\为主\。\针法\包括\缠针\、\乱针\、\长短\针等\。\技法\上\有\滚\绣\、\锁\花绣\、\挑花\绣\、\插\绣\、\垫\绣\、\引绣\、\平绣\、\拼花\绣\等\其中\插\绣\和平\绣常\与\其他\技法\配合\使用\。\插\绣\是\事先\在\牛皮纸\上\绘制\好\图案\然后\用\剪纸\技法\把\图案\镂空\并\粘贴\于\布料\上\再\绣制\。\而平\绣\在\绣制\之前\要\在\布料\上画\上\米\字格\、\井字格\、\田字格\后方\能\施针\。\挑花\绣\对\绣工\技艺\要求\较\高\是\直接\根据\布匹\的\纹路\进行\创作\没有\预先\设计\好\的\构图\其\精美\程度\取决于\刺绣\者\的\经验\。\服饰\中\不同\的\部位\常\依据\耐用\和\美观\两个\标准\去\决定\刺绣\所\使用\的\绣\法\。\衣领\、\袖口\、\衣角\、\鞋舌\等\部位\讲究\耐用\多用\滚秀\和\锁\花绣\等\绣\法\加固\使\之\耐磨\胸襟\、\裤筒\、\围腰\、\鞋面\等\部位\多用\挑花\秀\和\插\绣\等\绣\法\使\之\更加\精美\。\刺绣\图案\在\当地\服饰\中\常见于\包头\、\衣服\、\围腰\、\鞋子\等\部件\处\。\包头\常绣\千层\牡丹花\、\桂花\、\太阳\花\等\图案\表示\头\为首\任何人\不能\碰\在\边缘\还\镶\有\喜鹊\表示\天天\有喜\、\喜事\临门\。\衣服\上\最\常见\的\图案\是\狗牙\图案\、\拉拉\花\、\钩\担花\等\象征\有山有水\、\有\牛\有\马\、\有\麦穗\表示\彝\家人\对\美好生活\的\憧憬\。\花围\腰\以龙\、\凤\图案\居多\表示\养儿\像\龙\养女\像凤\。\鞋子\又\叫\花\草鞋\绣\有\鱼\、\桃子\等\表示\年年有余\、\心心相印\。\除此以外\不同\的\着装\会\搭配\固定\的\图案\如\少女装\和\新娘装\常用\豌豆\花\、\铜钱\图案\和\几何图案\男装\、\儿童\装\以及\中老年\装\多用\星点\和\几何图案\。\年\富源彝族刺绣\入选\云南省\第四批\省级\非物质文化\遗产\代表性\项目\名录\扩展\项目\名录\。\项目\代表性\传承\人\是\李良花\。,彝族
呈贡菱角编制技艺,第三批,传统技艺,云南省呈贡区,呈贡菱角编制技艺的历史已无法考证其确切的时间但从使用习俗中可看出中原文化和楚文化在云南的遗存。制作菱角的原材料是大麦秆掐去麦秆的两头留下中间最饱满的部分把麦秆放入水中泡软用指甲剖开使其成为片状通过反复折叠编成等边三角形再用红、黄、绿三色分别把折好的麦秆进行煮染染好色的菱角放到太阳下晒干后才能用线穿编缝合。每一个菱角的制作都以三角形为唯一的造型元素通过不同的组合可以制作成小船、狮子莲花灯、果盘莲花灯、麒麟送子、金鱼、绣球等不同的造型。菱角编织技艺主要流行于昆明地区当地人一般在端午节期间购买和佩戴起到扫秽驱邪毒的功效。但随着生产、生活方式的改变作为编织原料的大麦秆已属于稀缺品加上菱角编制技艺看似简单但费力耗时利润微薄极少有年轻人愿意学习亟待加强保护。年菱角编制技艺入选云南省第三批省级非物质文化遗产代表性项目名录。项目代表性传承人是李留美。,省级,呈贡菱角编制技艺\的\历史\已\无法\考证\其\确切\的\时间\但\从\使用\习俗\中\可\看出\中原\文化\和\楚文化\在\云南\的\遗存\。\制作\菱角\的\原材料\是\大\麦秆\掐\去\麦秆\的\两头\留下\中间\最\饱满\的\部分\把\麦秆\放入\水中\泡\软用\指甲\剖开\使\其\成为\片状\通过\反复\折叠\编成\等边三角\形再\用\红\、\黄\、\绿三色\分别\把\折\好\的\麦秆\进行\煮\染染\好色\的\菱角\放到\太阳\下\晒干\后\才能\用线\穿\编\缝合\。\每\一个\菱角\的\制作\都\以\三角形\为\唯一\的\造型\元素\通过\不同\的\组合\可以\制作\成\小船\、\狮子\莲花\灯\、\果盘\莲花\灯\、\麒麟\送子\、\金鱼\、\绣球\等\不同\的\造型\。\菱角\编织\技艺\主要\流行\于\昆明地区\当地人\一般\在\端午节\期间\购买\和\佩戴\起到\扫秽\驱邪\毒\的\功效\。\但\随着\生产\、\生活方式\的\改变\作为\编织\原料\的\大\麦秆\已\属于\稀缺\品\加上\菱角\编制\技艺\看似\简单\但\费力\耗时\利润\微薄\极少\有\年轻人\愿意\学习\亟待\加强\保护\。\年\菱角\编制\技艺\入选\云南省\第三批\省级\非物质文化\遗产\代表性\项目\名录\。\项目\代表性\传承\人\是\李\留美\。,
保山香童戏,第四批,传统戏剧,云南省保山市隆阳区文化馆,保山香童戏始自蜀汉末年发展于南诏至元代盛于明清衰于中华人民共和国成立后。因跳神之人自称香童得名香童戏。保山隆阳区香童戏是明末清初在中原及江南傩戏傩文化的影响下形成的一种科仪祭祀与戏剧表演相结合的民间表演形式。它的剧目有个代表剧目有《赵公元帅》《金枪五爷》《黑风五爷》《水西蛮子》《王林太子》《迷心小姐》《茶房酒店》等。香童戏演出剧目中的音乐声腔分神腔和戏腔两种。神腔包括太子腔、平腔、雌雄腔、黑神腔、瘟神腔、猎神腔、将军腔等多种唱腔由演出角色而定。戏腔在香童戏中融合了滇戏中的丝弦、胡琴等声腔曲调。科仪祭祀时使用神腔表演剧目时使用戏腔。其表演形式多种多样有多角戏、独角戏、哑剧等具有一般戏剧的特点。香童戏是巫文化、傩文化、戏剧文化、边地文化等多种文化的结合体对研究哀牢文化与边地文化具有重要的参考价值。年香童戏入选云南省第四批省级非物质文化遗产代表性项目名录。项目代表性传承人是杨妮军、杨国礼、杨玉华。香童戏演员表演跳五郎彝族长号在香童戏里伴奏,省级,保山香童戏\始自\蜀汉\末年\发展\于\南诏\至\元代\盛于明\清衰于\中华人民共和国\成立\后\。\因\跳神\之\人\自称\香童\得名\香童\戏\。\保山\隆阳区\香童\戏\是\明末清初\在\中原\及\江南\傩戏\傩\文化\的\影响\下\形成\的\一种\科仪\祭祀\与\戏剧\表演\相结合\的\民间\表演\形式\。\它\的\剧目\有个\代表\剧目\有\《\赵公元帅\》\《\金枪\五爷\》\《\黑风\五爷\》\《\水\西\蛮子\》\《\王林\太子\》\《\迷心\小姐\》\《\茶房\酒店\》\等\。\香童\戏\演出\剧目\中\的\音乐\声腔\分神\腔\和\戏腔\两种\。\神腔\包括\太子\腔\、\平腔\、\雌雄\腔\、\黑神腔\、\瘟神\腔\、\猎神腔\、\将军\腔\等\多种\唱腔\由\演出\角色\而定\。\戏腔\在\香童\戏中\融合\了\滇\戏\中\的\丝弦\、\胡琴\等\声腔\曲调\。\科仪\祭祀\时\使用\神腔\表演\剧目\时\使用\戏腔\。\其\表演\形式\多种多样\有\多角\戏\、\独角戏\、\哑剧\等\具有\一般\戏剧\的\特点\。\香童\戏\是\巫\文化\、\傩\文化\、\戏剧\文化\、\边\地\文化\等\多种\文化\的\结合体\对\研究\哀牢\文化\与\边\地\文化\具有\重要\的\参考价值\。\年\香童\戏\入选\云南省\第四批\省级\非物质文化\遗产\代表性\项目\名录\。\项目\代表性\传承\人\是\杨妮军\、\杨\国礼\、\杨玉华\。\香童\戏\演员\表演\跳\五郎\彝族\长号\在\香童\戏里\伴奏,彝族
平川朱苦拉咖啡制作技艺,第四批,传统技艺,宾川县文化馆,清光绪三十年年法国天主教传教士田德能中文名到宾川传教并培育咖啡树至今已有上百年。朱苦拉村目前尚存棵百年以上树龄的咖啡树经专家鉴定属云南小粒咖啡最古老的波邦蒂皮卡品种。在朱苦拉村喝咖啡是当地村民的习惯。朱苦拉咖啡一般栽种在海拔米以下、无霜的地区通常在沙土环境下种植。当咖啡成熟时村民们采摘红色的咖啡果回家后用牙齿脱皮清洗后捞起置于阴凉处干燥。将干燥的咖啡豆放入杵臼中用木棒撞击脱壳加用筛子或簸箕去壳清洗后晾干。在煮饭的大铁锅里用鸡油或猪油将咖啡豆焙炒使用柴火加热先用大火炒然后逐渐改用小火炒至黑黄色起锅冷却晾干。最后用石磨磨成咖啡粉装入围有塑料布的纸箱中储存。煮咖啡时先放糖再放咖啡糖、咖啡的比例一般是。先用一块粗白色纱布包上几勺咖啡粉备用然后在小茶壶里盛上冷水放到火塘里的三角架上煮沸再把包了咖啡粉的纱布包丢进去用一把勺子不停搅拌约分钟左右取出纱布包咖啡就煮成了。年平川朱苦拉咖啡制作技艺入选云南省第四批省级非物质文化遗产代表性项目名录。代表性传承人是杞凤华。,省级,清光绪\三十年\年\法国\天主教\传教士\田德能\中文名\到\宾川\传教\并\培育\咖啡\树\至今已有\上百年\。\朱苦拉村\目前\尚存\棵\百年\以上\树龄\的\咖啡\树经\专家\鉴定\属\云南\小粒\咖啡\最\古老\的\波邦蒂皮\卡\品种\。\在\朱苦拉村\喝咖啡\是\当地\村民\的\习惯\。\朱苦\拉\咖啡\一般\栽种\在\海拔\米\以下\、\无霜\的\地区\通常\在\沙土\环境\下\种植\。\当\咖啡\成熟\时\村民\们\采摘\红色\的\咖啡\果\回家\后\用\牙齿\脱皮\清洗\后\捞起\置于\阴凉处\干燥\。\将\干燥\的\咖啡豆\放入\杵臼\中\用\木棒\撞击\脱壳\加用\筛子\或\簸箕\去\壳\清洗\后\晾干\。\在\煮饭\的\大\铁锅\里用\鸡油\或\猪油\将\咖啡豆\焙\炒\使用\柴火\加热\先\用\大火\炒\然后\逐渐\改用\小火\炒\至\黑\黄色\起锅\冷却\晾干\。\最后\用\石磨\磨成\咖啡粉\装\入围\有\塑料布\的\纸箱\中\储存\。\煮\咖啡\时先\放糖\再放\咖啡\糖\、\咖啡\的\比例\一般\是\。\先\用\一块\粗\白色\纱布\包\上\几勺\咖啡粉\备用\然后\在\小\茶壶\里\盛上\冷水\放到\火塘\里\的\三角架\上\煮沸\再\把\包\了\咖啡粉\的\纱布\包\丢\进去\用\一把\勺子\不停\搅拌\约\分钟\左右\取出\纱布\包\咖啡\就\煮成\了\。\年\平川朱苦拉咖啡制作技艺\入选\云南省\第四批\省级\非物质文化\遗产\代表性\项目\名录\。\代表性\传承\人\是\杞凤华\。,
云泉豆瓣酱制作技艺,第四批,传统技艺,楚雄市非物质文化遗产保护中心,云泉豆瓣酱是楚雄地区既是酱又是菜的地方传统食品。早在宋元时期楚雄市西山主峰即建有云泉寺时人用寺内云泉井水腌制腐乳制作豆酱云泉之名由此而来。云泉豆瓣酱以当地种植的蚕豆和小麦为主要原料经过人工分拣后进行炒制、粉碎然后将豆瓣颗粒放入缸内取泉水浸泡个小时后滤水再将加工好的小麦粉及滤过水的豆瓣均匀混合进行长达个月的发酵。其间需要每天翻搅促使有益菌产生。发酵成熟的豆瓣酱根据不同需求添加各类香料形成系列产品。云泉豆瓣酱发酵周期长用盐比例低且不添加防腐剂。因气候、水源、原料和生产工艺的特性形成了其细嫩化渣、酱香味醇厚、脂香味浓郁、营养丰富等特点受到群众的广泛喜爱。近千年来云泉豆瓣酱的制作工艺一直在楚雄地区传承到民国初年民间作坊多达百家。始创于年的楚雄云泉酱园有限责任公司原云南楚雄市酱菜厂有着较大的生产规模在国内国际市场享有很高的声誉。云泉商标注册于年并沿用至今。年云泉豆瓣酱制作技艺入选云南省第四批省级非物质文化遗产代表性项目名录。项目代表性传承人是左宗炽。,省级,云泉\豆瓣酱\是\楚雄\地区\既\是\酱\又\是\菜\的\地方\传统\食品\。\早\在\宋元\时期\楚雄市\西山\主峰\即\建有\云泉\寺\时人用\寺\内云泉\井水\腌制\腐乳\制作\豆酱\云泉\之名\由此而来\。\云泉\豆瓣酱\以\当地\种植\的\蚕豆\和\小麦\为\主要\原料\经过\人工\分拣\后\进行\炒制\、\粉碎\然后\将\豆瓣\颗粒\放入\缸内\取\泉水\浸泡\个\小时\后滤水\再\将\加工\好\的\小麦粉\及\滤过\水\的\豆瓣\均匀\混合\进行\长达个\月\的\发酵\。\其间\需要\每天\翻搅\促使\有益菌\产生\。\发酵\成熟\的\豆瓣酱\根据\不同\需求\添加\各类\香料\形成\系列产品\。\云泉\豆瓣酱\发酵\周期长\用\盐\比例\低且\不\添加\防腐剂\。\因\气候\、\水源\、\原料\和\生产工艺\的\特性\形成\了\其\细嫩\化渣\、\酱\香味\醇厚\、\脂\香味\浓郁\、\营养\丰富\等\特点\受到\群众\的\广泛\喜爱\。\近\千年\来云泉\豆瓣酱\的\制作\工艺\一直\在\楚雄\地区\传承\到\民国初年\民间\作坊\多达\百家\。\始创\于\年\的\楚雄\云泉\酱园\有限责任\公司\原\云南\楚雄市\酱菜厂\有着\较大\的\生产\规模\在\国内\国际\市场\享有\很\高\的\声誉\。\云泉\商标注册\于\年\并\沿用至今\。\年\云泉豆瓣酱制作技艺\入选\云南省\第四批\省级\非物质文化\遗产\代表性\项目\名录\。\项目\代表性\传承\人\是\左宗炽\。,
纳西族猪膘肉制作技艺,第四批,传统技艺,宁蒗县文化馆,猪膘肉是纳西族摩梭人特有的食品因外形类似琵琶又称琵琶肉。制作猪膘肉一般在隆冬时节杀猪需择取吉日。每次约杀掉十余头猪。将宰杀后的猪刮干净猪毛用刀从肚皮居中开膛自猪嘴至猪尾直划一条口。然后刮取瘦肉并取出内脏、骨头、脊肉等将猪头完整保留。待猪肉表面的水分稍干将盐巴、花椒、生姜、大蒜等腌制作料均匀地涂抹在剩余的猪肉上有时还辅以酥油和蜂蜜。最后用准备好的麻线将猪肉按整头猪的原型完整缝制即成猪膘。将猪膘肉放在太阳下晾晒几天或者阴干使猪肉的水分晾干此时的猪膘肉基本做成。将其搬进室内在家中神柜或灶台上堆码叠放。当地人认为猪膘肉象征财富哪家的神柜上放满了猪膘肉那这个家庭在当地一定很富有。猪膘肉放置时间长短不一短的一两年长的甚至可至年以上。久存的猪膘肉看似油腻实则不然。摩梭人常以蒸、煮、炖、炒等方式烹饪猪膘肉作为婚丧节庆、待客、祭祀等场合必备的佳肴。每年转山节敬献格姆女神山猪膘肉是必不可少的上品。摩梭儿童年满岁也要站在猪膘肉上举行成人礼。因此摩梭人家家户户储存猪膘肉。年纳西族猪膘肉制作技艺入选云南省第四批省级非物质文化遗产代表性项目名录。代表性传承人是哥洼扎西。,省级,猪膘肉\是\纳西族\摩梭人\特有\的\食品\因\外形\类似\琵琶\又称\琵琶肉\。\制作\猪膘肉\一般\在\隆冬\时节\杀猪\需\择取\吉日\。\每次\约\杀掉\十余头\猪\。\将\宰杀\后\的\猪\刮\干净\猪毛\用刀\从\肚皮\居中\开膛\自\猪嘴\至\猪尾\直划\一条\口\。\然后\刮取\瘦肉\并\取出\内脏\、\骨头\、\脊肉\等\将\猪头\完整\保留\。\待\猪肉\表面\的\水分\稍\干将\盐巴\、\花椒\、\生姜\、\大蒜\等\腌制\作料\均匀\地\涂抹\在\剩余\的\猪肉\上\有时\还\辅以\酥油\和\蜂蜜\。\最后\用\准备\好\的\麻线\将\猪肉\按\整头\猪\的\原型\完整\缝制\即成\猪\膘\。\将\猪膘肉\放在\太阳\下\晾晒\几天\或者\阴干\使\猪肉\的\水分\晾干\此时\的\猪膘肉\基本\做成\。\将\其\搬进\室内\在\家中\神柜\或\灶台\上\堆码\叠放\。\当地人\认为\猪膘肉\象征\财富\哪家\的\神\柜上\放满\了\猪膘肉\那\这个\家庭\在\当地\一定\很\富有\。\猪膘肉\放置\时间\长短不一\短\的\一两年\长\的\甚至\可至\年\以上\。\久存\的\猪膘肉\看似\油腻\实则\不然\。\摩梭人\常以\蒸\、\煮\、\炖\、\炒\等\方式\烹饪\猪膘肉\作为\婚丧\节庆\、\待客\、\祭祀\等\场合\必备\的\佳肴\。\每年\转山节\敬献\格姆\女神\山\猪膘肉\是\必不可少\的\上品\。\摩梭\儿童\年满\岁\也\要\站\在\猪膘肉\上\举行\成人礼\。\因此\摩梭人\家家户户\储存\猪膘肉\。\年\纳西族猪膘肉制作技艺\入选\云南省\第四批\省级\非物质文化\遗产\代表性\项目\名录\。\代表性\传承\人\是\哥洼\扎西\。,纳西族
彩扎,第三批,传统美术,云南省昆明市,汉族彩扎由中原传入云南昆明地区以官渡区绘制的龙及水八仙最具特色和代表性迄今已有近年的历史。彩扎绘制需要经过选材、破篾、编扎、造型、糊裱装饰等步骤具体如下每年月选年以上的老竹作为彩扎的材料这样的竹子不易生虫将竹子剖成厘米的篾条刮去竹子的内膜用水浸泡后置于太阳下曝晒数日干透的竹子不易变形在编扎时可根据所需用火烘烤需要弯折之处用铁丝加以固定使编制的造型骨架不易变形把棉纸或布料糊裱到骨架之上并施以手工彩绘进行装点。传统的彩扎作品主要有彩龙、麒麟、蚌壳、毛驴、旱船、小独龙、板凳龙、狮子、神像、盔头面具、风筝、灯彩、绢人等演出道具常用作春节、元旦节、端午节等节日喜庆的游艺道具及观赏品广泛应用于民间习俗中的娱乐、庆赏和祭祀等活动中。随着城市化的变迁和传统民俗文化活动空间的日益衰微传统手艺逐渐被机械模式化生产所替代掌握彩扎技艺的师傅们年事较高传承后继乏人亟需加强保护。年彩扎入选云南省第三批省级非物质文化遗产代表性项目名录。项目代表性传承人是余国忠。,省级,汉族\彩扎\由\中原\传入\云南昆明\地区\以\官渡区\绘制\的\龙\及\水\八仙\最具\特色\和\代表性\迄今已有\近年\的\历史\。\彩扎\绘制\需要\经过\选材\、\破篾\、\编扎\、\造型\、\糊裱\装饰\等\步骤\具体\如下\每年\月\选年\以上\的\老竹\作为\彩扎\的\材料\这样\的\竹子\不易\生虫\将\竹子\剖成\厘米\的\篾条\刮去\竹子\的\内膜\用水\浸泡\后\置于\太阳\下\曝晒\数日\干透\的\竹子\不易\变形\在编\扎时\可\根据\所\需用\火\烘烤\需要\弯折\之处\用\铁丝\加以\固定\使\编制\的\造型\骨架\不易\变形\把\棉纸\或\布料\糊裱\到\骨架\之上\并\施以\手工\彩绘\进行\装点\。\传统\的\彩扎\作品\主要\有彩龙\、\麒麟\、\蚌壳\、\毛驴\、\旱船\、\小\独龙\、\板凳\龙\、\狮子\、\神像\、\盔头\面具\、\风筝\、\灯彩\、\绢\人\等\演出\道具\常用\作\春节\、\元旦节\、\端午节\等\节日\喜庆\的\游艺\道具\及\观赏\品\广泛应用\于\民间\习俗\中\的\娱乐\、\庆赏\和\祭祀\等\活动\中\。\随着\城市化\的\变迁\和\传统\民俗文化\活动\空间\的\日益\衰微\传统\手艺\逐渐\被\机械\模式化\生产\所\替代\掌握\彩扎\技艺\的\师傅\们\年\事\较\高\传承\后继乏人\亟需\加强\保护\。\年\彩扎\入选\云南省\第三批\省级\非物质文化\遗产\代表性\项目\名录\。\项目\代表性\传承\人\是\余国忠\。,
撒弦乐,第三批,传统音乐,云南省玉溪市江川区文化馆,撒弦乐是彝族四弦乐中曲调优美的民间音乐弹奏一首难度较大的独奏曲是彝族民俗活动中不可或缺的重要环节对彝族音乐的发展起着积极的推动作用。学四弦者一般都先学撒弦乐。撒弦乐清脆悦耳、优雅奔放节奏动感强烈轻弹时如丝丝细雨急拨时如万马奔腾极具现场感染力。听见撒弦响心慌脚杆痒撒弦乐是彝族人民在长期的社会实践中产生的艺术形式有着广泛的群众基础。当地民俗活动均以弹奏撒弦乐呼朋引伴烘托氛围。彝族四弦又称月琴常见于独奏也可作为伴奏使用每逢喜庆节日或民俗活动入夜后当地彝族村寨就会在空场上点燃篝火举行跳乐活动男女老少围着熊熊篝火随着四弦弹奏的欢快节奏掌声合着步伐步伐随着琴声起舞撒弦乐就是其中的重要伴乐。撒弦乐作为民间音乐精品有着较强的艺术感召力在增进民族团结、提高民众审美等方面起着重要的作用已被收入《玉溪市民间音乐》和《江川县民间音乐荟萃》。年撒弦乐入选云南省第三批省级非物质文化遗产代表性项目名录。项目代表性传承人是安正雄。用月琴弹奏撒弦乐月琴师民间称月琴老板彭长谷在弹奏撒弦调,省级,撒弦乐\是\彝族\四\弦乐\中\曲调\优美\的\民间\音乐\弹奏\一首\难度\较大\的\独奏曲\是\彝族\民俗\活动\中\不可或缺\的\重要环节\对\彝族\音乐\的\发展\起着\积极\的\推动\作用\。\学四弦者\一般\都\先学\撒弦乐\。\撒弦乐\清脆悦耳\、\优雅\奔放\节奏\动感\强烈\轻弹\时如\丝丝\细雨\急\拨时\如\万马奔腾\极具\现场\感染力\。\听见\撒弦响\心慌\脚杆\痒\撒弦乐\是\彝族\人民\在\长期\的\社会\实践\中\产生\的\艺术形式\有着\广泛\的\群众\基础\。\当地\民俗\活动\均\以\弹奏\撒弦乐\呼朋引\伴\烘托\氛围\。\彝族\四弦\又称\月琴\常见于\独奏\也\可\作为\伴奏\使用\每逢\喜庆\节日\或\民俗\活动\入夜后\当地\彝族\村寨\就\会\在\空\场上\点燃\篝火\举行\跳乐\活动\男女老少\围着\熊熊\篝火\随着\四弦\弹奏\的\欢快\节奏\掌声\合着\步伐\步伐\随着\琴声\起舞\撒弦乐\就是\其中\的\重要\伴乐\。\撒弦乐\作为\民间\音乐\精品\有着\较强\的\艺术\感召力\在\增进\民族团结\、\提高\民众\审美\等\方面\起着\重要\的\作用\已\被\收入\《\玉溪市\民间\音乐\》\和\《\江川县\民间\音乐\荟萃\》\。\年\撒弦乐\入选\云南省\第三批\省级\非物质文化\遗产\代表性\项目\名录\。\项目\代表性\传承\人\是\安\正雄\。\用\月琴\弹奏\撒弦乐\月\琴师\民间\称\月琴\老板\彭\长谷\在\弹奏\撒弦调,彝族
寻甸牛干巴制作技艺,第四批,传统技艺,寻甸县文化馆,寻甸地区气候温和水草丰茂适宜养牛。每年农历二三月份当地回族开始饲养菜牛。将选好的菜牛圈养在牛舍中选用干净的嫩草、豆秸、玉米秸糠与煮熟的玉米、蚕豆、米糠、麦麸等混合成饲料精心喂养。菜牛养至寒露节令前后已是膘肥体壮此时气温降低是腌制牛干巴的最佳时期。宰牛遵照回族传统习俗由阿訇主持。宰牛时让牛血充分流尽使牛肉清爽。屠宰后的牛经剥皮、去除内脏等环节开始切割。按照牛的生理结构从肉的间隙运刀将牛肉分割成有特定名称且左右成对的二十个干巴。前截有呛口骨梆梆胸子头道肋二道肋五对特点是膘多肉薄。后截有镰刀礅子饭盆外白火扇五对特点是膘少肉厚。切割好的干巴悬挂在阴凉通风的地方凉透后加盐揉搓。揉搓是腌制干巴的关键环节揉得越好干巴越酥嫩爽口。揉好的牛肉即可放入专门的陶坛中陶坛口用麻袋封住使之处于半封闭环境中腌制至天后取出。最后经整形和晾晒即可挂入室内通风处贮存。寻甸牛干巴肉壮、形佳、色鲜、味美深受云南各民族尤其是回族同胞喜爱。年寻甸牛干巴制作技艺入选云南省第四批省级非物质文化遗产代表性项目名录。项目代表性传承人是廖明元。,省级,寻甸\地区\气候\温和\水草\丰茂\适宜\养牛\。\每年\农历\二三月份\当地\回族\开始\饲养\菜牛\。\将\选好\的\菜牛\圈养\在\牛舍\中\选用\干净\的\嫩草\、\豆秸\、\玉米秸\糠\与\煮熟\的\玉米\、\蚕豆\、\米糠\、\麦麸\等\混合\成\饲料\精心\喂养\。\菜牛\养至\寒露\节令\前后\已\是\膘肥体壮\此时\气温\降低\是\腌制\牛\干巴\的\最佳时期\。\宰牛\遵照\回族\传统习俗\由\阿訇\主持\。\宰牛\时\让\牛血\充分\流尽\使\牛肉\清爽\。\屠宰\后\的\牛经\剥皮\、\去除\内脏\等\环节\开始\切割\。\按照\牛\的\生理\结构\从肉\的\间隙\运刀\将\牛肉\分割\成有\特定\名称\且\左右\成对\的\二十个\干巴\。\前截\有\呛\口骨\梆梆\胸子头\道\肋\二道\肋五对\特点\是\膘\多\肉\薄\。\后\截有\镰刀\礅\子\饭盆\外白\火扇\五\对\特点\是\膘\少肉\厚\。\切割\好\的\干巴\悬挂\在\阴凉\通风\的\地方\凉透后\加盐\揉搓\。\揉搓\是\腌制\干巴\的\关键环节\揉\得\越\好\干巴\越\酥\嫩\爽口\。\揉\好\的\牛肉\即可\放入\专门\的\陶坛\中\陶坛\口用\麻袋\封住\使\之\处于\半封闭\环境\中\腌制\至\天后\取出\。\最后\经\整形\和\晾晒\即可\挂入\室内\通风处\贮存\。\寻甸\牛\干巴\肉壮\、\形佳\、\色鲜\、\味美\深受\云南\各\民族\尤其\是\回族\同胞\喜爱\。\年\寻甸牛干巴制作技艺\入选\云南省\第四批\省级\非物质文化\遗产\代表性\项目\名录\。\项目\代表性\传承\人\是\廖明元\。,回族
永香斋玫瑰大头菜制作技艺,第四批,传统技艺,昆明拓东调味食品有限公司,永香斋酱园号称芥酱名家以精制玫瑰大头菜驰名中外。年徐用之祖辈与姑表正式创立永香斋经过分家、更名、建厂等历史变迁于重新恢复昆明永香斋酱菜厂并于年与拓东酱菜厂合并为昆明酿造总厂现称昆明拓东调味食品有限公司。永香斋玫瑰大头菜作为该公司的品牌产品一直延续至今。永香斋玫瑰大头菜制作流程主要包括削皮破块、腌盐翻池、出池滤水、酱制发酵、晒芥收贮等工序。选上等鲜芥菜头为主料经过削皮破块上盐后三次入池腌制然后出池滤水转入泡酱池内进行酱制发酵。将醅子酱和经过特殊处理的红糖、饴糖、老玫瑰糖及老白酱混合制成酱汁便可入池酱制芥块。酱腌时要装一层芥块淋一层酱汁。最后放上篾笆压上木板和石头再加满酱汁八十天即可出池晾晒。晒至两天半翻面再晒半天即可收起、入缸、压实、密封。经八个月的贮存发酵后方为成品。玫瑰大头菜的成品皮色黑亮内心褐红脆嫩滋润回甜清香且易贮藏和携带。可切片生吃也可切丝炒剁肉或切丁与剁碎的青辣椒、剁肉一并烹制成炒三剁是一道深受昆明人喜爱的家常小菜。年永香斋玫瑰大头菜制作技艺入选云南省第四批省级非物质文化遗产代表性项目名录。,省级,永香斋\酱园\号称\芥酱\名家\以\精制\玫瑰\大头菜\驰名中外\。\年\徐用\之\祖辈\与\姑表\正式\创立\永香斋\经过\分家\、\更名\、\建厂\等\历史\变迁\于\重新\恢复\昆明\永香斋\酱菜厂\并于\年\与\拓东\酱菜厂\合并\为\昆明\酿造\总厂\现称\昆明\拓东\调味\食品\有限公司\。\永香斋\玫瑰\大头菜\作为\该\公司\的\品牌\产品\一直\延续\至今\。\永香斋\玫瑰\大头菜\制作\流程\主要\包括\削皮\破块\、\腌盐\翻池\、\出池\滤水\、\酱制\发酵\、\晒\芥\收贮\等\工序\。\选上\等\鲜\芥菜头\为\主料\经过\削皮\破块\上\盐\后\三次\入池\腌制\然后\出池\滤水\转入\泡酱\池内\进行\酱制\发酵\。\将\醅\子\酱\和\经过\特殊\处理\的\红糖\、\饴糖\、\老\玫瑰\糖及\老白酱\混合\制成\酱汁\便\可入\池酱制\芥\块\。\酱\腌\时\要\装\一层\芥块\淋\一层\酱汁\。\最后\放\上\篾笆\压上\木板\和\石头\再\加满\酱汁\八十天\即可\出池\晾晒\。\晒\至\两天\半翻面\再\晒\半天\即可\收起\、\入缸\、\压实\、\密封\。\经\八个\月\的\贮存\发酵\后方\为\成品\。\玫瑰\大头菜\的\成品\皮色\黑亮\内心\褐红\脆嫩\滋润\回甜\清香\且易\贮藏\和\携带\。\可\切片\生吃\也\可\切丝\炒\剁肉\或切\丁\与\剁碎\的\青\辣椒\、\剁肉\一并\烹制\成\炒\三\剁\是\一道\深受\昆明人\喜爱\的\家常\小菜\。\年\永香斋玫瑰大头菜制作技艺\入选\云南省\第四批\省级\非物质文化\遗产\代表性\项目\名录\。,
姚氏中医妇科疗法,第四批,传统医药,昆明圣爱中医馆有限公司,姚氏中医妇科疗法自清朝乾隆年间约公元年由姚氏先辈姚方奇创立至今已经传承八代约余年在昆明地区有十分深远的影响。姚氏中医妇科疗法通过父子、师徒相传形成了以阴阳气血为整体以气化原理为辩证线索因人、因时、因地治疗的特点。对于妇科不孕症、多囊卵巢综合征、习惯性流产、先兆流产等病症均有显著疗效。其中尤以治疗不孕症最负盛名。姚氏独创的保产达生汤剂、保产达生大蜜丸已临床使用余年在治疗习惯性流产、先兆流产方面有很高的知名度。此外还创制有姚氏新加补血汤、四物通经汤、七炭止血散、外用珍珠散等药物长期用于妇科临床治疗颇多效验。年姚氏中医妇科疗法入选云南省第四批省级非物质文化遗产代表性项目名录。代表性传承人姚克敏是姚氏中医妇科疗法的第六代传人。,省级,姚氏中医妇科疗法\自\清朝\乾隆年间\约\公元\年\由\姚氏\先辈\姚方奇\创立\至今\已经\传承\八代\约\余年\在\昆明地区\有\十分\深远\的\影响\。\姚氏中医妇科疗法\通过\父子\、\师徒\相传\形成\了\以\阴阳\气血\为\整体\以\气化\原理\为\辩证\线索\因\人\、\因\时\、\因地\治疗\的\特点\。\对于\妇科\不孕症\、\多囊\卵巢\综合征\、\习惯性\流产\、\先兆\流产\等\病症\均\有\显著\疗效\。\其中\尤\以\治疗\不孕症\最负\盛名\。\姚氏\独创\的\保产\达\生\汤剂\、\保产\达生\大蜜\丸\已\临床\使用\余年\在\治疗\习惯性\流产\、\先兆\流产\方面\有\很\高\的\知名度\。\此外\还\创制\有\姚氏\新加\补血\汤\、\四物\通经\汤\、\七炭\止血\散\、\外用\珍珠\散\等\药物\长期\用于\妇科\临床\治疗\颇\多\效验\。\年\姚氏中医妇科疗法\入选\云南省\第四批\省级\非物质文化\遗产\代表性\项目\名录\。\代表性\传承\人\姚克敏\是\姚氏中医妇科疗法\的\第六代\传人\。,
祥云大营陶器制作技艺,云南省第三批,传统技艺,云南省祥云县,祥云大营陶器制作技艺经历了数个世纪的历史变迁每一处传统作坊、每一座烧制龙窑都蕴藏着当地人生产生活的印记。大营村的土陶制作工艺是大营人民生活环境和精神信仰的产物是劳动人民智慧的呈现。祥云大营陶器制作保留着较为完整的传统手工技艺特征使用的原材料属于高黏土制作工具传统的慢轮车调配釉色也是用传统材料其制品造型沉稳釉色庄重分为生活用品、祭祀用品和艺术品等。祥云大营陶器的制作工序有取泥、晒泥和筛泥、发泥、打泥和玩泥、制胚、上釉、烧制、出窑。整个制作过程中有相应的礼节与禁忌如山梁忌讳等。技艺传承脉络清晰。祥云大营陶器传统的工艺流程、质朴的土陶制品和龙窑群为研究传统制陶技艺提供了丰富而生动的实物资料和经验资料具有较高的历史、文化、学术和艺术价值。年祥云大营陶器制作技艺入选云南省级非物质文化遗产代表性项目名录扩展项目名录。项目代表性传承人是罗晃照、罗志福。,省级,祥云大营陶器制作技艺\经历\了\数个\世纪\的\历史\变迁\每一处\传统\作坊\、\每\一座\烧制\龙窑\都\蕴藏\着\当地人\生产\生活\的\印记\。\大营\村\的\土陶\制作\工艺\是\大营\人民\生活环境\和\精神\信仰\的\产物\是\劳动\人民\智慧\的\呈现\。\祥云\大营\陶器\制作\保留\着\较为\完整\的\传统\手工\技艺\特征\使用\的\原材料\属于\高\黏土\制作\工具\传统\的\慢轮车\调配\釉色\也\是\用\传统\材料\其\制品\造型\沉稳\釉色\庄重\分为\生活用品\、\祭祀\用品\和\艺术品\等\。\祥云\大营\陶器\的\制作\工序\有取\泥\、\晒\泥\和\筛泥\、\发泥\、\打泥\和\玩\泥\、\制胚\、\上釉\、\烧制\、\出窑\。\整个\制作\过程\中有\相应\的\礼节\与\禁忌\如\山梁\忌讳\等\。\技艺\传承\脉络\清晰\。\祥云\大营\陶器\传统\的\工艺流程\、\质朴\的\土陶\制品\和\龙窑\群为\研究\传统\制陶\技艺\提供\了\丰富\而\生动\的\实物\资料\和\经验\资料\具有\较\高\的\历史\、\文化\、\学术\和\艺术\价值\。\年\祥云大营陶器制作技艺\入选\云南\省级\非物质文化\遗产\代表性\项目\名录\扩展\项目\名录\。\项目\代表性\传承\人\是\罗晃照\、\罗志福\。,
建新园过桥米线烹制技艺,第四批,传统技艺,云南省昆明市,过桥米线是云南著名的风味小吃历史悠久源于滇南一带。在滇菜系谱里过桥米线是流传最广、特色最足、代表性最强的佳肴之一。建新园过桥米线属云南众多过桥米线品牌中最知名的一个主要流传于云南省昆明市等地区。建新园原名三合春始建于年即今福顺居原址后由吕开能、李光亮接手经营至年正式更名为建新园意为建设新家园。年公私合营时与德鑫园合并同属于昆明市饮食公司门店。年完成改制更名为昆明饮食服务有限公司。建新园不仅继承了老店的经营传统和惠民理念在米线制作技术上也承袭了德鑫园老店的基本做法。选料颇有讲究米线选用优质籼米和粳米按比例混合经清水淘米、泡米发酵、压浆、煮制后制作成米线所用猪肉、筒骨选自玉溪、宜良一带家庭饲养的新鲜土猪所用鸡肉选自昭通、文山、武定一带的乡村土鸡。将经过漂洗的猪骨料放入冷水锅内加温进行焯水处理以除去异味。煮沸时捞去血污、浮沫用中火汆分钟后捞出用冷水冲洗干净。用刀背将猪筒骨敲断放入汤锅内再放入脊骨、杂骨、火腿、鸡等用大火煮沸打去浮沫再用中火熬制小时汤呈乳白色时用细丝网漏过滤去杂质即可出原汁汤。过桥米线的配料有生猪肉里脊片、凉白肉片、火腿片、凉鸡块、玉兰片、韭菜段、豆芽菜、鹌鹑蛋、豆腐皮等。食用时提前备好荤菜和生菜盘米线用漏勺放在沸水锅内加热分钟取出后整齐地理在碗内。过桥大碗经高温加热至烫手时用小毛巾取出放到托盘内。趁热放入味精、虾粉、胡椒粉浇入滚烫的老油注入汤水。米线和汤水一起上桌烫制在烫制过程中先烫生肉里脊肉用鹌鹑蛋上浆后放入汤中烫熟后放熟片和蔬菜最后放入米线即食。建新园过桥米线口感独特、色香味俱佳吸引着众多中外食客。年月建新园过桥米线在第十届中国美食节暨第八届国际美食博览会上勇摘饮食行业最高荣誉中国美食节金鼎奖和中华老字号百年名小吃称号。建新园过桥米线已成为云南饮食行业中的一块金字招牌。年建新园过桥米线烹制技艺入选云南省第四批省级非物质文化遗产代表性项目名录扩展项目名录。项目代表性传承人是张美楷。过桥米线,省级,过桥米线\是\云南\著名\的\风味小吃\历史悠久\源于\滇南\一带\。\在\滇\菜系\谱\里\过桥米线\是\流传\最广\、\特色\最足\、\代表性\最强\的\佳肴\之一\。\建\新园\过桥米线\属\云南\众多\过桥米线\品牌\中\最\知名\的\一个\主要\流传\于\云南省\昆明市\等\地区\。\建\新园\原名\三合\春\始建\于\年\即\今福\顺居\原址\后\由\吕开\能\、\李\光亮\接手\经营\至\年\正式\更名\为建\新园\意\为\建设\新家园\。\年\公私合营\时\与\德鑫园\合并\同\属于\昆明市\饮食\公司\门店\。\年\完成\改制\更名\为\昆明\饮食\服务\有限公司\。\建\新园\不仅\继承\了\老店\的\经营\传统\和\惠民\理念\在\米线\制作\技术\上\也\承袭\了\德鑫园\老店\的\基本\做法\。\选料\颇\有\讲究\米线\选用\优质\籼米\和\粳米\按\比例\混合\经\清水\淘米\、\泡米\发酵\、\压浆\、\煮\制后\制作\成\米线\所用\猪肉\、\筒\骨\选自\玉溪\、\宜良\一带\家庭\饲养\的\新鲜\土猪\所用\鸡肉\选\自\昭通\、\文山\、\武定\一带\的\乡村\土鸡\。\将\经过\漂洗\的\猪\骨料\放入\冷水\锅内\加温\进行\焯\水\处理\以\除去\异味\。\煮沸\时\捞去\血污\、\浮沫用\中火\汆\分钟\后\捞出\用\冷水\冲洗\干净\。\用\刀背\将\猪\筒\骨\敲断\放入\汤锅\内\再\放入\脊骨\、\杂骨\、\火腿\、\鸡\等\用\大火\煮沸\打去\浮沫\再\用\中火\熬制\小时\汤\呈\乳白色\时用\细丝\网漏\过滤\去\杂质\即可\出\原汁\汤\。\过桥米线\的\配料\有\生猪肉\里脊\片\、\凉白\肉片\、\火腿\片\、\凉\鸡块\、\玉兰片\、\韭菜\段\、\豆芽菜\、\鹌鹑蛋\、\豆腐皮\等\。\食用\时\提前\备好\荤菜\和\生菜\盘\米线\用\漏勺\放在\沸水\锅内\加热\分钟\取出\后\整齐\地理\在\碗\内\。\过桥\大碗\经\高温\加热\至\烫手\时用\小\毛巾\取出\放到\托盘\内\。\趁热\放入\味精\、\虾粉\、\胡椒粉\浇入\滚烫\的\老油\注入\汤水\。\米线\和\汤水\一起\上桌\烫制\在\烫制\过程\中先\烫\生肉\里脊肉\用\鹌鹑蛋\上浆\后\放入\汤中\烫\熟\后\放\熟片\和\蔬菜\最后\放入\米线\即食\。\建\新园\过桥米线\口感\独特\、\色香味\俱佳\吸引\着\众多\中外\食客\。\年\月\建\新园\过桥米线\在\第十届\中国\美食节\暨\第八届\国际\美食\博览会\上勇\摘\饮食\行业\最高\荣誉\中国\美食节\金鼎奖\和\中华\老字号\百年\名\小吃\称号\。\建\新园\过桥米线\已\成为\云南\饮食\行业\中\的\一块\金字招牌\。\年\建新园过桥米线烹制技艺\入选\云南省\第四批\省级\非物质文化\遗产\代表性\项目\名录\扩展\项目\名录\。\项目\代表性\传承\人\是\张美楷\。\过桥米线,
大刀舞,第三批,传统舞蹈,漾濞县文化馆,云南大理白族自治州漾濞县大刀舞历史悠久是彝族流传久远的一种民间兵器舞办红白喜事或节庆活动时都会表演有驱邪气、除歪风之意。当地还流传着关于耍大刀舞的传说。大刀原是一种古代兵器又名春秋刀长五尺、重约八斤刀口锋利是大刀舞的主要道具。大刀舞共有种套路现仅存种面花起头、头顶背花、雪花盖顶、背里钩心、肩绕头花、细脚抠底、左十字、右十字、大开门、小开门、坐盘矮桩、三步颠、左钩、右钩、大刀敬礼、祭腰刀。大刀舞通常与打歌同场表演在打歌中起到烘托渲染气氛的作用一般舞刀者在场中央众人相聚围成一圈在笛子、芦笙及对歌声中表演。大刀舞既可健身又可怡情欢乐有力热情奔放富有感染力深受群众喜爱传播广泛现已发展成为集歌舞乐、竞技于一体的综合性舞蹈艺术。传统大刀舞由男性表演。随着时代的发展产生了女性舞刀者而且从传统的单刀舞发展到现在的群刀舞。大刀舞表演时男装简洁大方通常为白对襟衣黑色绣花边马褂黑色或深蓝色长裤及黑布鞋女装艳丽多姿头饰和上衣在醒目处都手工刺绣精美图案并用银饰品作点缀腰系绣花围腰搭配白色、蓝色或绿色长裤脚穿绣花鞋。大刀舞传承以家传、师徒传承为主。近年来大刀舞已经成为漾濞彝族生活中的一项重要文化内容鸡街乡各彝族村寨几乎都有自己的打歌队伍和耍刀骨干。年漾濞县大刀舞入选云南省第三批省级非物质文化遗产代表性项目名录扩展项目名录。漾濞彝族大刀舞漾濞彝族大刀舞,省级,云南\大理白族自治州\漾濞县\大刀舞\历史悠久\是\彝族\流传\久远\的\一种\民间\兵器\舞办\红白喜事\或\节庆\活动\时\都\会\表演\有\驱邪\气\、\除\歪风\之意\。\当地\还\流传\着\关于\耍\大刀舞\的\传说\。\大刀\原\是\一种\古代\兵器\又名\春秋\刀长\五尺\、\重约\八斤\刀口\锋利\是\大刀舞\的\主要\道具\。\大刀舞\共有\种\套路\现\仅存\种面\花\起头\、\头顶\背花\、\雪花\盖顶\、\背里\钩\心\、\肩绕\头花\、\细脚\抠\底\、\左\十字\、\右\十字\、\大开门\、\小开门\、\坐盘\矮桩\、\三步\颠\、\左钩\、\右钩\、\大刀\敬礼\、\祭\腰刀\。\大刀舞\通常\与\打歌\同场\表演\在\打歌\中\起到\烘托渲染\气氛\的\作用\一般\舞刀\者\在场\中央\众人\相聚\围成\一圈\在\笛子\、\芦笙\及\对\歌声\中\表演\。\大刀舞\既\可\健身\又\可\怡情\欢乐\有力\热情奔放\富有\感染力\深受\群众\喜爱\传播\广泛\现已\发展\成为\集\歌舞\乐\、\竞技\于\一体\的\综合性\舞蹈艺术\。\传统\大刀舞\由\男性\表演\。\随着\时代\的\发展\产生\了\女性\舞刀\者\而且\从\传统\的\单刀\舞\发展\到\现在\的\群刀舞\。\大刀舞\表演\时\男装\简洁\大方\通常\为白\对襟\衣\黑色\绣花\边\马褂\黑色\或\深蓝色\长裤\及\黑\布鞋\女装\艳丽\多姿\头饰\和\上衣\在\醒目\处\都\手工\刺绣\精美\图案\并用\银饰品\作\点缀\腰系\绣花\围腰\搭配\白色\、\蓝色\或\绿色\长\裤脚\穿\绣花鞋\。\大刀舞\传承\以\家传\、\师徒\传承\为主\。\近年来\大刀舞\已经\成为\漾濞\彝族\生活\中\的\一项\重要\文化\内容\鸡街\乡\各\彝族\村寨\几乎\都\有\自己\的\打歌\队伍\和\耍\刀\骨干\。\年\漾濞县\大刀舞\入选\云南省\第三批\省级\非物质文化\遗产\代表性\项目\名录\扩展\项目\名录\。\漾濞\彝族\大刀舞\漾濞\彝族\大刀舞,白族
嘎蒙卡兜舞,第三批,传统舞蹈,云南省大理州永平县文化馆,苗族嘎蒙卡兜舞是集歌、舞、芦笙吹奏等为一体的苗族传统舞蹈。主要流传于永平县龙街镇安吉村因此安吉有苗族歌舞之乡之称。安吉苗族舞蹈分大鼓芦笙舞和芦笙舞两种风格大鼓芦笙舞仅在祭奠死者的场合下进行表演而芦笙舞则代表喜庆吉祥嘎蒙卡兜舞属芦笙舞范畴在各类节日庆典上当地苗族同胞都会组织唱跳欢快的嘎蒙卡兜舞。嘎蒙卡兜舞被称为蚩尤之舞具有广泛的群众基础。音乐旋律古朴优美、动感明快舞蹈节奏时而舒缓时而急迫变化起伏错落有致。舞步以转身为基本动作其中邀约、苍蝇搓脚、滚松球、结疙瘩、解疙瘩、腌鸡锦鸡摆尾为舞蹈动作精髓。表演时由芦笙吹奏者领舞舞蹈动作以两组交叉、转身为基础动作调度流畅、粗犷豪迈舞蹈服饰也极具民族特色由生麻纺织而成全套重达公斤色彩斑斓。作为苗族传统歌舞形式嘎蒙卡兜舞具有较强的地域性、民俗性和艺术观赏性是安吉苗族传统文化的具体表现展现了安吉苗族人民团结互助、积极向上的民族意识。年嘎蒙卡兜舞入选云南省第三批省级非物质文化遗产代表性项目名录。,省级,苗族\嘎蒙卡兜舞\是\集歌\、\舞\、\芦笙\吹奏\等\为\一体\的\苗族\传统\舞蹈\。\主要\流传\于\永平县\龙街\镇\安吉\村\因此\安吉\有\苗族\歌舞\之乡\之称\。\安吉\苗族舞蹈\分\大鼓\芦笙舞\和\芦笙舞\两种\风格\大鼓\芦笙舞\仅\在\祭奠\死者\的\场合\下\进行\表演\而\芦笙舞\则\代表\喜庆\吉祥\嘎蒙卡兜舞\属\芦笙舞\范畴\在\各类\节日\庆典\上\当地\苗族\同胞\都\会\组织\唱\跳\欢快\的\嘎蒙卡兜舞\。\嘎蒙卡兜舞\被\称为\蚩尤\之舞\具有\广泛\的\群众\基础\。\音乐\旋律\古朴\优美\、\动感\明快\舞蹈节奏\时而\舒缓\时而\急迫\变化\起伏\错落有致\。\舞步\以\转身\为\基本\动作\其中\邀约\、\苍蝇\搓脚\、\滚\松球\、\结\疙瘩\、\解\疙瘩\、\腌鸡\锦鸡\摆尾\为\舞蹈动作\精髓\。\表演\时\由\芦笙\吹奏者\领舞\舞蹈动作\以\两组\交叉\、\转身\为\基础\动作\调度\流畅\、\粗犷\豪迈\舞蹈服饰\也\极具\民族特色\由生\麻纺织\而成\全套\重达\公斤\色彩斑斓\。\作为\苗族\传统\歌舞\形式\嘎蒙卡兜舞\具有\较强\的\地域性\、\民俗\性\和\艺术\观赏性\是\安吉\苗族\传统文化\的\具体表现\展现\了\安吉\苗族\人民\团结互助\、\积极向上\的\民族意识\。\年\嘎蒙卡兜舞\入选\云南省\第三批\省级\非物质文化\遗产\代表性\项目\名录\。,苗族
白彝彝族服饰,云南省第三批,民俗,云南省寻甸回族彝族自治县,白彝彝族服饰古朴厚重穿着舒适色彩明快男女装均以红绿两色搭配为主视觉效果极强制作工艺精细保暖效果好。白彝彝族服饰制作精良除种麻、剪羊毛、披毡制作外完全由妇女完成。春季种麻、剪羊毛秋季收麻晾干之后用纺车捻成麻线、羊毛线再用织布机将麻线、羊毛线织成宽一尺的长条布。用山中各色植物煮成染料将布染成需要的颜色最后手工剪裁用麻线或羊毛线刺绣、缝制。服饰有女装和男装之分女装中又有已婚妇女装、新娘装、少女装之分男装以黑白两色为主。白彝彝族服饰的穿戴习俗能充分反映彝族服饰的历史和文化内涵具有鲜明的民族特色和地域特色具有极高的审美价值和研究价值。年白彝彝族服饰入选云南省级非物质文化遗产代表性项目名录扩展项目名录。项目代表性传承人是杨德翠。,省级,白彝彝族服饰\古朴\厚重\穿着\舒适\色彩\明快\男女\装均\以\红绿\两色\搭配\为主\视觉效果\极强\制作\工艺\精细\保暖\效果\好\。\白彝彝族服饰\制作\精良\除\种麻\、\剪羊毛\、\披毡\制作\外\完全\由\妇女\完成\。\春季\种麻\、\剪羊毛\秋季\收麻\晾干\之后\用\纺车\捻成\麻线\、\羊毛\线\再\用\织布机\将\麻线\、\羊毛\线\织成\宽\一尺\的\长条\布\。\用\山中\各色\植物\煮成\染料\将布\染成\需要\的\颜色\最后\手工\剪裁\用\麻线\或\羊毛\线\刺绣\、\缝制\。\服饰\有\女装\和\男装\之分\女装\中\又\有\已婚\妇女\装\、\新娘装\、\少女装\之分\男装\以\黑白\两色\为主\。\白彝彝族服饰\的\穿戴\习俗\能\充分反映\彝族\服饰\的\历史\和\文化\内涵\具有\鲜明\的\民族特色\和\地域\特色\具有\极高\的\审美价值\和\研究\价值\。\年\白彝彝族服饰\入选\云南\省级\非物质文化\遗产\代表性\项目\名录\扩展\项目\名录\。\项目\代表性\传承\人\是\杨德翠\。,彝族
彝族祭祖灵,第四批,民俗,泸西县文化馆,泸西县大白彝属于彝族支系自称支施戈。据老艺人黄绍明口述和白彝民歌《祖先哪里来》的歌词白彝的祖先原在昆明生息后因战争和瘟疫从昆明迁徙到罗平县。此后又因各种灾情其中一部分又迁到师宗县另一部分陆续迁徙到泸西定居。白彝族人的祖洞彝语为阿巴西米我是白彝族人寄放祖宗灵牌的洞穴。祭祖灵也叫入祖。同宗同姓的人家共择村郊岩穴设祖洞并依古礼每年一小祭、三年一大祭。按白彝族的习俗正常死亡的人治丧日后后人要用哥都嘎噜两种植物的根将死者的灵魂收于其上然后放入用栗树做成的魂木棺内再将后亲敬献给死者的裹魂服穿洞后层层裹在魂木棺上由大儿子背回家中悬于堂屋一侧或楼上供奉。逢大祭之年农历十月族头召集祭祖灵才能正式入祖归宗。白彝夫妇一生都相亲相爱无论夫妻两人谁先过世均要等到另一方也过世了待到大祭之年才一起入祖可谓不离不弃、生死同心。泸西县大白彝祭祖灵活动按家族姓氏分两天进行。第一天族里需入祖的族人东家举行请魂献祭等仪式把自家要入祖的长辈从供奉的家中请出来祭献。第二天由族长组织远村近寨的族人统一将接出的请出的长辈按天桥净身、安魂、祖洞请甄、领生、清魂、挖回魂路、回熟、过魂入祖、撒五谷、送祖归洞十个步骤送上山归入祖洞。大白彝祭祖灵是以口头传唱形式一代又一代地流传至今主要传承方式是家族传承。代表人物有黄绍明、黄金贵、黄礼顺等。彝族祭祖灵程序繁复内涵丰富每道程序都由祭师或族长唱念指引自然流畅、井然有序充满对祖先及逝去先辈的哀思、敬仰和关爱。它集中反映了彝族历史、宗教、文学、艺术等白彝最早的传统民族文化渗透着白彝人对自然万物、对先辈祖灵的认知有着深厚的文化内涵它是白彝人的精神、信仰、图腾崇拜、价值取向、社会观的综合体现对民族文化的承载与人类学的研究具有很高的价值。年彝族祭祖灵入选云南省第四批省级非物质文化遗产代表性项目名录。,省级,泸西县\大\白彝\属于\彝族\支系\自称\支施戈\。\据\老\艺人\黄绍明\口述\和\白彝\民歌\《\祖先\哪里\来\》\的\歌词\白彝\的\祖先\原在\昆明\生息\后\因\战争\和\瘟疫\从\昆明\迁徙\到\罗平县\。\此后\又\因\各种\灾情\其中\一部分\又\迁\到\师宗县\另\一部分\陆续\迁徙\到\泸西\定居\。\白\彝族\人\的\祖洞\彝语\为\阿\巴西\米\我\是\白\彝族\人\寄放\祖宗\灵牌\的\洞穴\。\祭祖\灵\也\叫\入祖\。\同宗\同姓\的\人家\共择\村郊\岩穴\设祖洞\并\依古礼\每年\一小\祭\、\三年\一大\祭\。\按白\彝族\的\习俗\正常\死亡\的\人\治丧\日后\后人\要\用哥\都\嘎噜\两种\植物\的\根\将\死者\的\灵魂\收于\其\上\然后\放入\用\栗树\做成\的\魂\木棺\内\再\将\后\亲\敬献\给\死者\的\裹\魂服\穿洞\后\层层\裹\在\魂\木棺\上\由\大儿子\背\回家\中\悬于\堂屋\一侧\或\楼上\供奉\。\逢\大\祭\之\年\农历\十月\族头\召集\祭祖\灵\才能\正式\入祖\归宗\。\白彝\夫妇\一生\都\相亲相爱\无论\夫妻\两人\谁\先\过世\均\要\等到\另一方\也\过世\了\待\到\大\祭\之\年\才\一起\入祖\可谓\不离\不弃\、\生死\同心\。\泸西县\大\白彝\祭祖\灵\活动\按\家族\姓氏\分\两天\进行\。\第一天\族里\需入\祖\的\族人\东家\举行\请魂\献祭\等\仪式\把\自家\要入\祖\的\长辈\从\供奉\的\家中\请\出来\祭献\。\第二天\由\族长\组织\远村\近\寨\的\族人\统一\将\接出\的\请\出\的\长辈\按\天桥\净身\、\安魂\、\祖洞\请\甄\、\领生\、\清魂\、\挖\回魂\路\、\回熟\、\过魂\入祖\、\撒\五谷\、\送祖\归洞\十个\步骤\送\上山\归入\祖洞\。\大\白彝\祭祖\灵是\以\口头\传唱\形式\一代\又\一代\地\流传\至今\主要\传承\方式\是\家族\传承\。\代表\人物\有\黄绍明\、\黄金\贵\、\黄礼顺\等\。\彝族祭祖灵\程序\繁复\内涵\丰富\每道\程序\都\由\祭师\或\族长\唱念\指引\自然\流畅\、\井然有序\充满\对\祖先\及\逝去\先辈\的\哀思\、\敬仰\和\关爱\。\它\集中反映\了\彝族\历史\、\宗教\、\文学\、\艺术\等\白彝\最早\的\传统\民族文化\渗透\着\白彝\人\对\自然\万物\、\对\先辈\祖灵\的\认知\有着\深厚\的\文化\内涵\它\是\白彝\人\的\精神\、\信仰\、\图腾崇拜\、\价值\取向\、\社会观\的\综合\体现\对\民族文化\的\承载\与\人类学\的\研究\具有\很\高\的\价值\。\年\彝族祭祖灵\入选\云南省\第四批\省级\非物质文化\遗产\代表性\项目\名录\。,彝族
苗族传说故事《召赞和卯蚩彩娥翠》,云南省第四批,民间文学,云南省彝良县文化馆,《召赞和卯蚩彩娥翠》讲述的是英俊勇敢的苗家芦笙手召赞与卯蚩彩娥翠的爱情故事。主要内容是召赞随舅习艺继承家传长管芦笙演奏与才女卯蚩彩娥翠相识相爱以精湛的芦笙吹奏技艺赢得了卯蚩彩翠娥父兄垂青娶妻回家。召赞因要参加自格老吹笙祭祀会途中思念卯蚩彩娥翠情不自禁吹起芦笙神奇的芦笙声惊动了藏于岩下的三只老虎老虎们觊觎卯蚩彩娥翠已久趁召赞不在家掳走了卯蚩彩娥翠在乌蒙群山中游荡。召赞立誓要找回爱妻发奋苦练本领循着卯蚩彩娥翠的歌声追到阿支迷里大山三只老虎已将卯蚩彩娥翠带到阿支雨山召赞循歌声追到阿支雨山老虎又挟持卯蚩彩娥翠到了阿麻嘎召赞追到阿麻嘎终于发现了卯蚩彩娥翠他凭自己的机智和勇敢终于将三只恶虎杀死。在召赞的感化下卯蚩彩娥翠死而复生恢复了昔日的美丽。召赞和新生的卯蚩彩娥翠欢欢喜喜回到了家乡。这个故事世代用苗语讲述最早的汉语译本出现于世纪年代收录在英人张继乔、张绍乔所辑的《中国西部苗语口碑文化集成》后由彝良县文化馆重新整理成文。故事用语精练讲与唱穿插与曲艺相声有异曲同工之妙情节动人妙趣横生运用神话反映现实展现了苗族进入乌蒙山后的生存状态及其处世观、英雄观、婚姻观。年苗族传说故事《召赞与卯蚩彩娥翠》入选云南省第四批省级非物质文化遗产代表性项目名录。项目代表性传承人是马兴才。,省级,《\召赞\和\卯\蚩彩\娥\翠\》\讲述\的\是\英俊\勇敢\的\苗家\芦笙\手召赞\与\卯\蚩彩\娥\翠\的\爱情故事\。\主要\内容\是\召赞\随舅\习艺\继承\家传\长管\芦笙\演奏\与\才女\卯\蚩彩\娥\翠\相识\相爱\以\精湛\的\芦笙\吹奏\技艺\赢得\了\卯\蚩\彩翠娥\父兄\垂青\娶妻\回家\。\召赞\因要\参加\自格\老\吹笙\祭祀\会\途中\思念\卯\蚩彩\娥\翠\情不自禁\吹\起\芦笙\神奇\的\芦笙\声\惊动\了\藏于\岩下\的\三只\老虎\老虎\们\觊觎\卯\蚩彩\娥\翠\已久\趁\召赞\不\在家\掳走\了\卯\蚩彩\娥\翠\在\乌蒙\群山\中\游荡\。\召赞\立誓\要\找回\爱妻\发奋\苦练\本领\循着\卯\蚩彩\娥\翠\的\歌声\追到\阿支\迷里\大山\三只\老虎\已\将\卯\蚩彩\娥\翠\带到\阿支\雨山\召赞循\歌声\追到\阿支\雨山\老虎\又\挟持\卯\蚩彩\娥\翠\到\了\阿麻嘎\召赞\追到\阿麻嘎\终于\发现\了\卯\蚩彩\娥\翠\他\凭\自己\的\机智\和\勇敢\终于\将\三只\恶虎\杀死\。\在\召赞\的\感化\下卯\蚩彩\娥\翠\死而复生\恢复\了\昔日\的\美丽\。\召赞\和\新生\的\卯\蚩彩\娥\翠\欢欢喜喜\回到\了\家乡\。\这个\故事\世代\用\苗语\讲述\最早\的\汉语\译本\出现\于\世纪\年代\收录\在\英人\张继\乔\、\张绍\乔所辑\的\《\中国\西部\苗语\口碑\文化\集成\》\后\由\彝良县\文化馆\重新整理\成文\。\故事\用语\精练\讲\与\唱\穿插\与\曲艺\相声\有\异曲同工\之妙\情节\动人\妙趣横生\运用\神话\反映\现实\展现\了\苗族\进入\乌蒙山\后\的\生存\状态\及其\处世\观\、\英雄\观\、\婚姻观\。\年\苗族\传说\故事\《\召赞\与\卯\蚩彩\娥\翠\》\入选\云南省\第四批\省级\非物质文化\遗产\代表性\项目\名录\。\项目\代表性\传承\人\是\马兴\才\。,苗族
叙事长诗《阿哩》,第三批,民间文学,石屏县文化馆,阿哩是彝族民间文学的一种重要表现形式其产生的年代历史文献没有可靠的记载但从阿哩《创世歌》的故事内容推断其起源的年代应在部落王国时代甚至可以追溯到渔猎时代。阿哩在千百年的传承演变过程中经历代民间艺人的加工、丰富、完善以口耳相传的方式代代相传延续至今。阿哩的内容非常丰富涉及天地起源、万物生成、人类繁衍、洪水泛滥、祖先业绩、英雄人物、爱情故事等。由《创世史诗》《英雄史诗》《叙事长诗》三大类多个故事组成。阿哩篇幅较长以叙事为主兼具抒情故事带有神奇色彩人物形象生动鲜明情节曲折引人入胜。阿哩讲述的故事集中反映了花腰彝族对自然界的认识对真善美的追求和对幸福生活的向往反映了彝族的审美观、人生观和世界观。故事中隐含的许多信息对研究花腰彝族的历史、社会、民俗、文化有着重要的学术价值。阿哩为五言体叙事长诗体裁独特比喻、夸张、排比、对仗等修辞手法运用娴熟是不可多得的民族民间文学精品有重要的艺术价值。年叙事长诗《阿哩》入选云南省第三批省级非物质文化遗产代表性项目名录。代表性传承人是邱忠贵。,省级,阿哩\是\彝族\民间文学\的\一种\重要\表现形式\其\产生\的\年代\历史文献\没有\可靠\的\记载\但\从\阿哩\《\创世\歌\》\的\故事\内容\推断\其\起源\的\年代\应\在\部落\王国\时代\甚至\可以\追溯到\渔猎\时代\。\阿哩\在\千百年\的\传承\演变\过程\中\经\历代\民间艺人\的\加工\、\丰富\、\完善\以\口耳相传\的\方式\代代相传\延续\至今\。\阿哩\的\内容\非常丰富\涉及\天地\起源\、\万物\生成\、\人类\繁衍\、\洪水泛滥\、\祖先\业绩\、\英雄人物\、\爱情故事\等\。\由\《\创世\史诗\》\《\英雄\史诗\》\《\叙事\长诗\》\三大类\多个\故事\组成\。\阿哩\篇幅\较长\以\叙事\为主\兼具\抒情\故事\带有\神奇\色彩\人物形象\生动\鲜明\情节\曲折\引人入胜\。\阿哩\讲述\的\故事\集中反映\了\花\腰\彝族\对\自然界\的\认识\对\真善美\的\追求\和\对\幸福生活\的\向往\反映\了\彝族\的\审美观\、\人生观\和\世界观\。\故事\中\隐含\的\许多\信息\对\研究\花腰\彝族\的\历史\、\社会\、\民俗\、\文化\有着\重要\的\学术\价值\。\阿哩\为\五言\体\叙事\长诗\体裁\独特\比喻\、\夸张\、\排比\、\对仗\等\修辞手法\运用\娴熟\是\不可多得\的\民族\民间文学\精品\有\重要\的\艺术\价值\。\年\叙事\长诗\《\阿哩\》\入选\云南省\第三批\省级\非物质文化\遗产\代表性\项目\名录\。\代表性\传承\人\是\邱忠贵\。,彝族
彝族德培好习俗,第四批,民俗,石屏县文化馆,德培好是流传于红河州石屏县哨冲镇、龙武镇等地彝族俗称花腰彝支系民间为纪念先祖阿竜而举行的隆重民俗活动。德培好为彝语音译意为大型集中的祭竜活动因竜龙同音祭竜也译为祭龙。相传彝族先祖阿竜为救百姓而牺牲为了纪念他人们便在阿竜的出生日每年立春后的第一个属马日在龙树神林里举行祭祀活动怀念和感激先祖阿竜并祈求先祖保佑风调雨顺、四季平安、五谷丰登、六畜兴旺。祭祀阿竜分小祭和大祭。当地彝族将每年举行一次的祭竜活动称为咪嘎好。德培好则专指每个属马年举行的祭竜活动。德培好祭祀活动为期三天第一天迎竜祭奠第二天歌舞狂欢第三天祈福送竜。迎竜祭奠时要在专门的祭祀场上举行公祭。在靠近龙林一方设座祭坛示意一轮年一年个月其中个主祭坛个辅祭坛。主祭坛用张方桌层层叠起高达十余米。座分祭坛分别摆设谷、米、鸡等供品。公祭时身穿法服的毕摩分别进入个祭坛念诵彝文经书祈求人畜平安、祛病消灾。同时举行竜蛋穿石仪式。第二天中午跳民族舞蹈舞龙舞狮晚上跳《祭龙调》统称竜哦。跳祭龙调时男女老少皆可参加大家拍掌转身围圈起跳领唱者唱一句众人助唱一句。第三天舞龙、跳杂舞的人员在毕摩的带领下挨家挨户跳拜晚上举行送竜仪式。德培好体现了彝族古老的多神崇拜文化承载彝族许多重要历史文化信息和原始记忆也是彝族传统文化传承的重要载体具有人类学、民俗学、民族学等研究价值。德培好大型祭礼主持人为世袭以家族、家庭传承方式代代相传。年彝族德培好习俗入选云南省第四批省级非物质文化遗产代表性项目名录。项目代表性传承人是普江。,省级,德培好\是\流传\于\红河州\石屏县\哨\冲镇\、\龙武镇\等\地\彝族\俗称\花腰\彝\支系\民间\为\纪念\先祖\阿\竜\而\举行\的\隆重\民俗\活动\。\德培好\为\彝语\音译\意\为\大型\集中\的\祭竜\活动\因\竜\龙\同音\祭竜\也\译\为\祭龙\。\相传\彝族\先祖\阿\竜\为\救\百姓\而\牺牲\为了\纪念\他\人们\便\在\阿\竜\的\出生\日\每年\立春后\的\第一个\属马日\在\龙树\神\林里\举行\祭祀\活动\怀念\和\感激\先祖\阿\竜\并\祈求\先祖\保佑\风调雨顺\、\四季\平安\、\五谷丰登\、\六畜兴旺\。\祭祀\阿\竜\分\小\祭\和\大\祭\。\当地\彝族\将\每年\举行\一次\的\祭竜\活动\称为\咪\嘎\好\。\德培好\则\专指\每个\属马年\举行\的\祭竜\活动\。\德培好\祭祀\活动\为期\三天\第一天\迎\竜\祭奠\第二天\歌舞\狂欢\第三天\祈福\送\竜\。\迎\竜\祭奠\时要\在\专门\的\祭祀\场上\举行\公祭\。\在\靠近\龙林\一方\设座\祭坛\示意\一轮\年\一年\个\月\其中\个主\祭坛\个辅\祭坛\。\主\祭坛\用张\方桌\层层\叠起\高\达\十余米\。\座分\祭坛\分别\摆设\谷\、\米\、\鸡\等\供品\。\公祭\时\身穿\法服\的\毕摩\分别\进入\个\祭坛\念诵\彝文\经书\祈求\人\畜\平安\、\祛病\消灾\。\同时\举行\竜\蛋\穿\石\仪式\。\第二天\中午\跳\民族\舞蹈\舞龙\舞狮\晚上\跳\《\祭龙\调\》\统称\竜\哦\。\跳\祭龙\调时\男女老少\皆\可\参加\大家\拍掌\转身\围圈\起跳\领唱者\唱\一句\众人\助唱\一句\。\第三天\舞龙\、\跳杂\舞\的\人员\在\毕摩\的\带领\下\挨家挨户\跳\拜\晚上\举行\送\竜\仪式\。\德培好\体现\了\彝族\古老\的\多神\崇拜\文化\承载\彝族\许多\重要\历史\文化\信息\和\原始\记忆\也\是\彝族\传统\文化传承\的\重要\载体\具有\人类学\、\民俗学\、\民族学\等\研究\价值\。\德培好\大型\祭礼\主持人\为\世袭\以\家族\、\家庭\传承\方式\代代相传\。\年\彝族\德培好\习俗\入选\云南省\第四批\省级\非物质文化\遗产\代表性\项目\名录\。\项目\代表性\传承\人\是\普江\。,彝族
彝族高山腔,第四批,传统音乐,云南省红河哈尼族彝族自治州蒙自市,彝族高山腔属彝族民歌广泛流传在红河哈尼族彝族自治州蒙自东南部山区朴拉、姆基两个支系的彝族民歌历史悠久祖祖辈辈口耳相传有着深厚的历史文化底蕴。。彝族高山腔较早以彝语来演唱现在是用汉语诗歌体唱词来演唱。姆基支系的雅哩嗼曲调高亢明亮婉转悠长曲体由曲头、曲调主体、曲尾三部分构成曲调主体为上下句结构的一段式羽调式民歌上句曲调的中段和下句曲调的前段有曲折的行腔使曲调显得热情跳荡、婉转动人上下句歌词均为七字句。朴拉支系的高山腔是上下句结构的一段式或两段式羽调式民歌均为七字句结构一段式为结构歌词对应为两句二段式为结构歌词对应为四句句比句多一个曲头朴拉支系的高山腔情感内敛歌声清丽而带几分苍凉婉转而带几分缠绵宛如诉说衷肠。演唱形式有独唱和对唱。帮腔是高山腔对歌中的主要特征唱词内容丰富结构为四字句、五字句和七字句唱词具备机智、风趣、含蓄、生动等特点也采用比喻、夸张、借代、双关等修辞方法。能用彝语演唱的民间歌手大多年过七旬能熟练演唱高山腔的大多年过六旬后继乏人。年彝族高山腔入选云南省第四批省级非物质文化遗产代表性项目名录。,省级,彝族高山腔\属\彝族\民歌\广泛\流传\在\红河哈尼族彝族自治州\蒙自\东南部\山区\朴拉\、\姆\基\两个\支系\的\彝族\民歌\历史悠久\祖祖辈辈\口耳相传\有着\深厚\的\历史\文化底蕴\。\。\彝族高山腔\较\早以\彝语\来\演唱\现在\是\用\汉语\诗歌\体\唱词\来\演唱\。\姆\基\支系\的\雅\哩\嗼\曲调\高亢\明亮\婉转\悠长\曲体\由曲头\、\曲调\主体\、\曲尾\三\部分\构成\曲调\主体\为\上下\句\结构\的\一段\式\羽\调式\民歌\上句\曲调\的\中段\和\下句\曲调\的\前段\有\曲折\的\行腔\使\曲调\显得\热情\跳荡\、\婉转\动人\上下\句\歌词\均\为\七\字句\。\朴拉\支系\的\高山\腔\是\上下\句\结构\的\一段\式\或\两段式\羽\调式\民歌\均\为\七\字句\结构\一段\式\为\结构\歌词\对应\为\两句\二段式\为\结构\歌词\对应\为\四\句句\比句\多\一个\曲头\朴拉\支系\的\高山\腔\情感\内敛\歌声\清丽\而\带\几分\苍凉\婉转\而\带\几分\缠绵\宛如\诉说\衷肠\。\演唱\形式\有\独唱\和\对唱\。\帮腔\是\高山\腔\对歌\中\的\主要\特征\唱词\内容丰富\结构\为\四\字句\、\五\字句\和\七\字句\唱词\具备\机智\、\风趣\、\含蓄\、\生动\等\特点\也\采用\比喻\、\夸张\、\借代\、\双关\等\修辞\方法\。\能\用\彝语\演唱\的\民间\歌手\大\多年\过\七旬\能\熟练\演唱\高山\腔\的\大\多年\过\六旬\后继乏人\。\年\彝族高山腔\入选\云南省\第四批\省级\非物质文化\遗产\代表性\项目\名录\。,彝族
宜良钩花扎染,第四批,传统技艺,云南省宜良县,钩花扎染是我国传统扎染技艺中的一种它以棉布或丝绸作底料采用钩针绕线对织物进行微小面积点状扎又由无数米粒大小的点状扎组成图案以工序独特精细著称。宜良的钩花扎染始于明代军屯时期盛于清末。现分布于宜良县狗街、匡远和马街已形成约余人的钩花扎染制作群体。宜良钩花扎染的织、扎、染技艺都有独特之处。宜良扎染技艺中的织一般采用纯棉、真丝、原生麻有纺纱、织布、染色和纺纱、染纱、织布两种制作方式其中麻料色织尤为特殊。宜良扎染技艺中扎分为扎、缝、钩、刺、绣、镂六种工艺。扎是最费工费时、最考功夫的一道工序。比如镂花需在织好的布上人工隔行剪、抽去部分经纬线构成镂花图案。宜良扎染中的染方法较为丰富分为套染、段染、拔染、叠染、板染、夹染、绞染、引染等十多种不同小类。比如拔染是在染好的布上拔去颜色使局部现出本色组成图案。此外宜良钩花扎染还有一些补充和辅助手段如手绘、压绘等名目繁多应有尽有。染色常用植物做染料一般有柿子、板栗壳、板蓝根、紫茎泽兰、苏木、秋木、茜草、桉树、茶叶、核桃壳等几十种。比如常用染料板蓝根用传统方法发酵半年得到泛着幽蓝光泽并散发清香的染色泥团名青黛用板蓝根染出的颜色是最常用的藏蓝色。为了得到较深的颜色往往要经过反复上色一二十道色彩一次次一层层叠加上去十分厚重最终漂去浮色后风干。种类繁多的原生态植物染料组成了宜良钩花扎染姹紫嫣红、五彩缤纷的钩花图案。宜良钩花扎染产品主要有包袱、手帕、茶垫子、桌布、围腰、床垫、门帘、日本和服、马甲等产品远销日本、韩国和欧美等地。年宜良钩花扎染入选云南省第四批省级非物质文化遗产代表性项目名录扩展项目名录。项目代表性传承人是郭琼芬。,省级,钩花\扎染\是\我国\传统\扎染\技艺\中\的\一种\它\以\棉布\或\丝绸\作\底料\采用\钩针\绕线\对\织物\进行\微小\面积\点状\扎\又\由\无数\米粒\大小\的\点状\扎\组成\图案\以\工序\独特\精细\著称\。\宜良\的\钩花\扎染\始于\明代\军屯\时期\盛于\清末\。\现\分布\于\宜良县\狗街\、\匡远\和\马街\已\形成\约余人\的\钩花\扎染\制作\群体\。\宜良钩花扎染\的\织\、\扎\、\染\技艺\都\有\独特\之\处\。\宜良\扎染\技艺\中\的\织\一般\采用\纯棉\、\真丝\、\原生\麻有\纺纱\、\织布\、\染色\和\纺纱\、\染纱\、\织布\两种\制作\方式\其中\麻料\色织\尤为\特殊\。\宜良\扎染\技艺\中扎\分为\扎\、\缝\、\钩\、\刺\、\绣\、\镂\六种\工艺\。\扎\是\最\费工\费时\、\最考\功夫\的\一道\工序\。\比如\镂花\需在织\好\的\布上\人工\隔行\剪\、\抽\去\部分\经纬线\构成\镂花\图案\。\宜良\扎染\中\的\染\方法\较为\丰富\分为\套染\、\段染\、\拔染\、\叠染\、\板染\、\夹染\、\绞染\、\引染\等\十多种\不同\小类\。\比如\拔染\是\在\染好\的\布上\拔\去\颜色\使\局部\现出\本色\组成\图案\。\此外\宜良钩花扎染\还有\一些\补充\和\辅助\手段\如\手绘\、\压绘\等\名目繁多\应有尽有\。\染色\常用\植物\做\染料\一般\有\柿子\、\板栗\壳\、\板蓝根\、\紫茎\泽兰\、\苏木\、\秋木\、\茜草\、\桉树\、\茶叶\、\核桃壳\等\几十种\。\比如\常用\染料\板蓝根\用\传统\方法\发酵\半年\得到\泛着\幽蓝\光泽\并\散发\清香\的\染色\泥\团名\青黛用\板蓝根\染出\的\颜色\是\最\常用\的\藏蓝色\。\为了\得到\较\深\的\颜色\往往\要\经过\反复\上色\一二十\道\色彩\一次次\一层层\叠加\上去\十分\厚重\最终\漂去\浮色\后\风干\。\种类\繁多\的\原生态\植物\染料\组成\了\宜良钩花扎染\姹紫嫣红\、\五彩缤纷\的\钩花\图案\。\宜良钩花扎染\产品\主要\有\包袱\、\手帕\、\茶\垫子\、\桌布\、\围腰\、\床垫\、\门帘\、\日本\和服\、\马甲\等\产品\远销\日本\、\韩国\和\欧美\等\地\。\年\宜良钩花扎染\入选\云南省\第四批\省级\非物质文化\遗产\代表性\项目\名录\扩展\项目\名录\。\项目\代表性\传承\人\是\郭琼芬\。,
安宁小调,第四批,传统音乐,安宁市文化馆,安宁小调属于民间小调。其曲调朴素旋律优美节奏欢快配词灵活朗朗上口素有滇中小夜曲之美称是彝、汉劳动人民在长期的生产生活与社会交往中逐步产生的用以表达喜怒哀乐和爱憎情感的一种小调同时受汉族文化和江南小调的影响结合当地民歌曲调和唱法便有了独具特色的韵味。安宁小调的演唱形式有独唱、对唱、合唱曲调自然优美在相对固定的曲式中形成四句一段每次演唱至结束前均加一句复词我的情郎哎尼歌来衬腔第四句歌词的完整。安宁小调的唱词极为丰富内容有男女之间表示爱慕情意的有倾诉自己苦难生活的也有希望五谷丰登、富贵平安、人丁兴旺的歌词一般以首唱者发话内容为引子有明喻、暗喻、对比、排比、形容、夸张、对偶等句式意思简单明了通俗易懂也易接唱是典型的民间小调形式。安宁小调曾一度受到禁锢直到二十世纪七十年代末至八十年代初在当地的民间歌手的不懈坚持中得以恢复、传承和推广使这一优秀传统音乐在现代文化和商业文化的大潮中得以生存和发展并焕发出它独特的光彩和魅力。安宁小调在流行地广泛传唱深受人们喜爱但唱得好的人已不多传承人周存英和其他民间歌手一直在坚持表演和传承着这一优美动人的地方音乐。在文化部门的重视和支持下民间歌手积极排练演出并组织队伍参加省、市文化部门举办的民间山歌节和山歌比赛活动。年安宁小调入选云南省第四批省级非物质文化遗产代表性项目名录。,省级,安宁小调\属于\民间\小调\。\其\曲调\朴素\旋律优美\节奏\欢快\配词\灵活\朗朗上口\素有\滇\中\小夜曲\之\美称\是\彝\、\汉\劳动\人民\在\长期\的\生产\生活\与\社会交往\中\逐步\产生\的\用以\表达\喜怒哀乐\和\爱憎\情感\的\一种\小调\同时\受\汉族\文化\和\江南\小调\的\影响\结合\当地\民歌\曲调\和\唱法\便\有\了\独具特色\的\韵味\。\安宁小调\的\演唱\形式\有\独唱\、\对唱\、\合唱曲\调\自然\优美\在\相对\固定\的\曲式\中\形成\四句\一段\每次\演唱\至\结束\前均加\一句\复词\我\的\情郎\哎尼歌\来\衬腔\第四句\歌词\的\完整\。\安宁小调\的\唱词\极为\丰富\内容\有\男女之间\表示\爱慕\情意\的\有\倾诉\自己\苦难\生活\的\也\有\希望\五谷丰登\、\富贵\平安\、\人丁兴旺\的\歌词\一般\以\首唱\者\发话\内容\为\引子\有\明喻\、\暗喻\、\对比\、\排比\、\形容\、\夸张\、\对偶\等\句式\意思\简单明了\通俗易懂\也\易\接唱\是\典型\的\民间\小调\形式\。\安宁小调\曾一度\受到\禁锢\直到\二十世纪\七十年代\末\至\八十年代\初\在\当地\的\民间\歌手\的\不懈\坚持\中\得以\恢复\、\传承\和\推广\使\这\一\优秀\传统\音乐\在\现代\文化\和\商业\文化\的\大潮\中\得以\生存\和\发展\并\焕发\出\它\独特\的\光彩\和\魅力\。\安宁小调\在\流行\地\广泛\传唱\深受\人们\喜爱\但\唱\得\好\的\人\已\不\多\传承\人周\存英\和\其他\民间\歌手\一直\在\坚持\表演\和\传承\着\这\一\优美\动人\的\地方\音乐\。\在\文化部门\的\重视\和\支持\下\民间\歌手\积极\排练\演出\并\组织\队伍\参加\省\、\市\文化部门\举办\的\民间\山歌\节\和\山歌\比赛\活动\。\年\安宁小调\入选\云南省\第四批\省级\非物质文化\遗产\代表性\项目\名录\。,
砚山彝族刺绣,第四批,传统美术,砚山县民族文化群众艺术馆,彝族刺绣的起源时间尚无文字可考但服饰是一个民族最显著的特征从彝族衣服、背带、围腰等服饰上绣的各种花纹和图腾物可以推断彝族刺绣历史悠久。砚山彝族刺绣使用的工具主要有针、剪刀、顶针、绷子、绣架选用的材料包括线、布、纸等。绣制前需在纸上描绘出需要的图案再粘贴到布料上之后绣娘们凭借着丰富的经验和想象力一针一线依样而绣。一幅完整的刺绣作品不仅图案丰富构图精美而且色彩选用十分大胆多用红、绿、黑为基色色系对比强烈。在针法技艺上经过历代绣娘的传承和创新现保留下来的绣法有平绣、纸花绣、打籽绣、数纱绣、包花绣种。砚山彝族刺绣集观赏性和实用性于一体其绣品多用于服饰装饰主要以衣服、背带、围腰、头饰为主所选用的图案花样可分为花、鸟、鱼、动物、山水、符号线条等个种类围腰头的花样有牡丹、火焰花、石榴花、水仙花、菊花、狗牙花、喇叭花、梅花、荷花等其花纹对称工整图案醒目耀眼缝制工艺精湛。除此以外孩童的鱼尾帽、兔头帽、狗头帽、鞋子以及背包、肚兜、小香包、挂包、钱包、手套、披肩等小物件也会选择合适的图案花样用作装饰。此外还有很多用于观赏的独立绣品如六月牡丹、喜鹊眉头、蝴蝶芬芳、水仙争艳等。年砚山彝族刺绣入选云南省第四批省级非物质文化遗产代表性项目名录扩展项目名录。项目代表性传承人是王陆芬、王进秀。,省级,彝族\刺绣\的\起源\时间\尚无\文字\可考\但\服饰\是\一个\民族\最\显著\的\特征\从\彝族\衣服\、\背带\、\围腰\等\服饰\上\绣\的\各种\花纹\和\图腾\物\可以\推断\彝族\刺绣\历史悠久\。\砚山彝族刺绣\使用\的\工具\主要\有针\、\剪刀\、\顶针\、\绷子\、\绣\架\选用\的\材料\包括\线\、\布\、\纸\等\。\绣制\前\需\在\纸\上\描绘出\需要\的\图案\再\粘贴\到\布料\上\之后\绣\娘们\凭借着\丰富\的\经验\和\想象力\一针一线\依样\而\绣\。\一幅\完整\的\刺绣\作品\不仅\图案\丰富\构图\精美\而且\色彩\选用\十分\大胆\多用\红\、\绿\、\黑为\基色\色系\对比\强烈\。\在\针法\技艺\上\经过\历代\绣娘\的\传承\和\创新\现\保留\下来\的\绣\法有平\绣\、\纸花\绣\、\打籽\绣\、\数纱\绣\、\包\花绣\种\。\砚山彝族刺绣\集\观赏性\和\实用性\于\一体\其\绣品\多\用于\服饰\装饰\主要\以\衣服\、\背带\、\围腰\、\头饰\为主\所\选用\的\图案\花样\可\分为\花\、\鸟\、\鱼\、\动物\、\山水\、\符号\线条\等\个\种类\围腰头\的\花样\有\牡丹\、\火焰\花\、\石榴花\、\水仙花\、\菊花\、\狗牙\花\、\喇叭花\、\梅花\、\荷花\等\其\花纹\对称\工整\图案\醒目\耀眼\缝制\工艺\精湛\。\除此以外\孩童\的\鱼尾\帽\、\兔\头帽\、\狗头\帽\、\鞋子\以及\背包\、\肚兜\、\小\香包\、\挂包\、\钱包\、\手套\、\披肩\等\小\物件\也\会\选择\合适\的\图案\花样\用作\装饰\。\此外\还有\很多\用于\观赏\的\独立\绣品\如\六月\牡丹\、\喜鹊\眉头\、\蝴蝶\芬芳\、\水仙\争艳\等\。\年\砚山彝族刺绣\入选\云南省\第四批\省级\非物质文化\遗产\代表性\项目\名录\扩展\项目\名录\。\项目\代表性\传承\人\是\王陆芬\、\王进秀\。,彝族
彝族阿噻调,第四批,传统音乐,云南省楚雄彝族自治州双柏县,彝族阿噻调属彝族民歌源于云南省楚雄彝族自治州双柏县的大麦地镇、安龙堡乡。因曲调开头和结尾处都用衬词阿噻、哎约噻而得名。彝族阿噻调历史悠久演唱内容广泛如天文地理、日月星宿、山川河流、花鸟鱼虫、四时农事、历史、叙事、传说、故事、求教、盘问、抒情等。彝族阿噻调唱词可长可短可唱一时一事亦可唱上千行的叙事长诗多为五言一句讲求押韵郎朗上口。阿噻调用彝语演唱哼腔较多。其曲调规整旋律优美抒情自由委婉动听音区宽广曲调音程跳动较大一般音域在度以上多为羽调式亦有商调式。由六声音阶组成而且所占时值较长。叙事性的阿噻调演唱形式分两种一种是由主唱者领唱调头、调子在场众人合声称帮腔另一种是由众人合唱调头进入调子后由主唱者领唱众人合声。情歌除了合声均为男女对唱亦有男女双方互为合声的。阿噻调调头旋律流畅乐句较长常以散板形式出现内容多为客套话调子则是正腔即演唱正文。当地彝族毕摩和民间歌手都有用阿噻调演唱创世史诗《査姆》叙事演唱语言朴实形象生动想象丰富情歌感情真挚气韵深长民歌经久传唱不衰具有浓厚的地方民族特色深受彝族人民的喜爱。年彝族阿噻调入选云南省第四批省级非物质文化遗产代表性项目名录。项目代表性传承人是方会香。彝族人民一边做手工刺绣一边唱阿噻调彝族人民在彝族土掌房上打跳,省级,彝族阿噻调\属\彝族\民歌\源于\云南省楚雄彝族自治州\双柏县\的\大麦\地镇\、\安龙\堡\乡\。\因\曲调\开头\和\结尾处\都\用\衬词\阿\噻\、\哎约\噻而\得名\。\彝族阿噻调\历史悠久\演唱\内容\广泛\如\天文地理\、\日月\星宿\、\山川\河流\、\花鸟\鱼虫\、\四时\农事\、\历史\、\叙事\、\传说\、\故事\、\求教\、\盘问\、\抒情\等\。\彝族阿噻调\唱词\可长可短\可\唱\一时一事\亦可\唱上\千行\的\叙事\长诗\多为\五言\一句\讲求\押韵\郎朗\上口\。\阿噻\调用\彝语\演唱\哼\腔\较\多\。\其\曲调\规整\旋律优美\抒情\自由\委婉\动听\音区\宽广\曲调\音程\跳动\较大\一般\音域\在度\以上\多为\羽\调式\亦\有商\调式\。\由\六\声音\阶\组成\而且\所\占\时值\较长\。\叙事性\的\阿\噻调\演唱\形式\分\两种\一种\是\由\主唱\者\领唱\调头\、\调子\在场\众人\合\声称\帮腔\另\一种\是\由\众人\合唱\调头\进入\调子\后\由\主唱\者\领唱\众人\合声\。\情歌\除了\合声\均\为\男女\对唱\亦\有\男女双方\互为\合声\的\。\阿噻\调调\头\旋律\流畅\乐句\较\长常以\散板\形式\出现\内容\多为\客套话\调子\则\是\正腔\即\演唱\正文\。\当地\彝族\毕摩\和\民间\歌手\都\有用\阿噻调\演唱\创世\史诗\《\査\姆\》\叙事\演唱\语言\朴实\形象\生动\想象\丰富\情歌\感情\真挚\气韵\深长\民歌\经久\传唱\不衰\具有\浓厚\的\地方\民族特色\深受\彝族\人民\的\喜爱\。\年\彝族阿噻调\入选\云南省\第四批\省级\非物质文化\遗产\代表性\项目\名录\。\项目\代表性\传承\人\是\方会\香\。\彝族\人民\一边\做\手工\刺绣\一边\唱\阿\噻调\彝族\人民\在\彝族\土掌房\上\打跳,彝族
曲靖蒸饵丝烹制技艺,第四批,传统技艺,麒麟区文化馆,曲靖蒸饵丝是曲靖人民不可或缺的早餐之一也是深受云南人民喜爱的特色美食。民间传说明朝状元杨慎与友人喝酒尽兴第二天一早饥肠辘辘友人将饵块切丝蒸热加上自制腌菜、韭菜等作料拌匀。杨慎赞不绝口连吃三碗因而有状元吃饵丝连吃三大碗之说。曲靖蒸饵丝的主要食材为当地特产筒子饵块由曲靖沿江、珠街及麒麟区等地所产的优质粳米蒸熟置于碓窝中舂制而成。将筒子饵块先用凉水浸泡一夜切成细丝即成为蒸饵丝的主料。配料主要包括肉酱、卤水、酸菜、韭菜、油辣椒、花椒、菜籽油和红皮大蒜等。每种配料食材的选用、配比及烹制有一定的讲究都是决定蒸饵丝品质及口味的重要因素。饵丝蒸制需要选择不含金属的全竹制成的蒸笼确保饵丝口感的醇正。蒸制过程中采用猛火将饵丝蒸透软硬适中有嚼头的为最佳。蒸好的饵丝加上各种配料拌匀即可食用再搭配撒有葱花的筒子骨汤更令人回味无穷。年曲靖蒸饵丝烹制技艺入选云南省第四批省级非物质文化遗产代表性项目名录。项目代表性传承人是高永芬。,省级,曲靖\蒸饵\丝\是\曲靖\人民\不可或缺\的\早餐\之一\也\是\深受\云南\人民\喜爱\的\特色美食\。\民间传说\明朝\状元\杨慎\与\友人\喝酒\尽兴\第二天\一早\饥肠辘辘\友人\将\饵\块\切丝\蒸热\加上\自制\腌菜\、\韭菜\等\作料\拌匀\。\杨慎\赞不绝口\连\吃\三碗\因而\有\状元\吃\饵\丝\连\吃\三\大碗\之\说\。\曲靖\蒸饵\丝\的\主要\食材\为\当地\特产\筒子\饵块\由\曲靖\沿江\、\珠街\及\麒麟区\等\地\所产\的\优质\粳米\蒸熟\置于\碓\窝\中\舂\制而成\。\将\筒子\饵块\先用\凉水\浸泡\一夜\切\成细丝\即\成为\蒸饵\丝\的\主料\。\配料\主要\包括\肉酱\、\卤水\、\酸菜\、\韭菜\、\油\辣椒\、\花椒\、\菜籽油\和\红皮\大蒜\等\。\每种\配料\食材\的\选用\、\配比\及\烹制\有\一定\的\讲究\都\是\决定\蒸饵\丝\品质\及\口味\的\重要\因素\。\饵丝\蒸制\需要\选择\不\含\金属\的\全竹\制成\的\蒸笼\确保\饵丝\口感\的\醇正\。\蒸制\过程\中\采用\猛火\将\饵\丝\蒸透\软硬\适中\有嚼头\的\为\最佳\。\蒸好\的\饵\丝\加上\各种\配料\拌匀\即可\食用\再\搭配\撒有\葱花\的\筒子\骨汤\更\令人\回味无穷\。\年\曲靖蒸饵丝烹制技艺\入选\云南省\第四批\省级\非物质文化\遗产\代表性\项目\名录\。\项目\代表性\传承\人\是\高永芬\。,
双江拉祜族葫芦笙舞,第一批,传统舞蹈,双江县文化馆,双江县拉祜族葫芦笙舞多以自制的五管芦笙伴奏有时辅以箫、牛腿琴和小三弦等。音乐节奏多用四分之二拍旋律简单乐句短。芦笙舞除娶嫁、节庆外白天一般不跳大都在晚上跳且多为群舞。一般由打歌师傅领舞舞者围成圆圈踏地跺脚起舞缓缓向逆时针方向转动舞步多以踏、蹉、跺、抬、跳、转等动作组成尤其以下蹲、转身和下肢动作变化为主要特征。舞蹈韵律古朴生动舞蹈语汇和谐统一较好地反映了民族特性同时又具有较强的艺术感染力和观赏性。双江拉祜族芦笙舞套路有套从内容上可分为农业生产劳动类舞蹈、日常生活性舞蹈、娱乐性舞蹈、飞禽走兽类舞蹈、人情世故类舞蹈、非农业生产劳动类舞蹈。《三脚歌》被双江县拉祜族称为芦笙舞的母歌。人们在母歌的基础上创作了和游牧游猎有关的舞蹈如《大路歌》《找树歌》《箐鸡摆尾歌》等与迁徙农业有关的舞蹈如《挖地歌》《栽秧歌》等。随着人际关系和社会关系的形成人们又创作出了反映人情世故的舞蹈如《敬你歌》等子歌。双江县拉祜族芦笙舞不管在什么场合都是以《三脚歌》起步以《大路歌》结束。年拉祜族葫芦笙舞入选云南省第一批省级非物质文化遗产保护名录。代表性传承人是毕玉明。,省级,双江\县\拉祜族葫芦笙舞\多以\自制\的\五管\芦笙\伴奏\有时\辅以\箫\、\牛腿琴\和\小\三弦\等\。\音乐\节奏\多用\四分之二\拍\旋律\简单\乐句\短\。\芦笙舞\除\娶\嫁\、\节庆\外\白天\一般\不\跳\大都\在\晚上\跳且\多\为\群舞\。\一般\由\打歌\师傅\领舞\舞者\围成\圆圈\踏地\跺脚\起舞\缓缓\向\逆时针\方向\转动\舞步\多以\踏\、\蹉\、\跺\、\抬\、\跳\、\转等\动作\组成\尤其\以下\蹲\、\转身\和\下肢\动作\变化\为\主要\特征\。\舞蹈韵律\古朴\生动\舞蹈语汇\和谐\统一\较\好\地\反映\了\民族\特性\同时\又\具有\较强\的\艺术\感染力\和\观赏性\。\双江\拉祜族芦笙舞\套路\有套\从\内容\上\可\分为\农业\生产\劳动\类\舞蹈\、\日常生活\性\舞蹈\、\娱乐性\舞蹈\、\飞禽走兽\类\舞蹈\、\人情世故\类\舞蹈\、\非农业\生产\劳动\类\舞蹈\。\《\三脚\歌\》\被\双江\县\拉祜族\称为\芦笙舞\的\母歌\。\人们\在\母歌\的\基础\上\创作\了\和\游牧\游猎\有关\的\舞蹈\如\《\大路歌\》\《\找树歌\》\《\箐\鸡\摆尾\歌\》\等\与\迁徙\农业\有关\的\舞蹈\如\《\挖\地歌\》\《\栽\秧歌\》\等\。\随着\人际关系\和\社会关系\的\形成\人们\又\创作\出\了\反映\人情世故\的\舞蹈\如\《\敬\你\歌\》\等子\歌\。\双江\县\拉祜族芦笙舞\不管\在\什么\场合\都\是\以\《\三脚\歌\》\起步\以\《\大路歌\》\结束\。\年\拉祜族葫芦笙舞\入选\云南省\第一批\省级\非物质文化\遗产\保护\名录\。\代表性\传承\人\是\毕玉明\。,拉祜族
老滔村赶鸟习俗,第三批,民俗,武定县文化馆,老滔是彝语老为箐滔为尾因村子位于箐尾而得名。老滔村的赶鸟习俗历史悠久但起源时间已无法追溯。中国古代重视鸡称它为五德之禽。人们在过年时剪鸡、贴画鸡而且把新年首日定为鸡日。赶鸟式炼油渣也在每年正月初一的第一天。老滔村赶鸟由当地群众自发组织每年大年三十和正月初一举行。大年三十祭山神、树神、祭土主毕摩在树神前为村民们举行祭祀大年初一家家贴红对联燃放爆竹在香火堂前摆上贡品煮汤圆吃汤圆扎一个鸟用细绳拴在一根长杆上走亲串寨道喜问好驱赶百鸟。孩子们到每家时都大声叫着挖污彝语意为吉祥到家后在贡桌前磕头后拿走贡品有专人背着篮子集中贡品把每家每户的贡肉背到油渣山地名炼油。全村男女老幼聚集到油渣山唱调子、打扑克、下棋各自娱乐。在炼油渣之前毕摩举行祭树神仪式用一块较大的肉放到树上祭鸟。油渣炼出后分给各家各户剩余的油送给本村的孤寡老人和困难户。赶鸟习俗增强了民族的凝聚力和家庭的和睦氛围体现了民族团结、邻里和睦、社会和谐、尊老爱幼、团结互助的高尚品德表达了人们对美好生活长久向往的价值取向。年老滔村赶鸟习俗入选云南省第三批省级非物质文化遗产代表性项目名录。,省级,老滔\是\彝语\老为\箐\滔为\尾\因\村子\位于\箐\尾\而\得名\。\老滔村\的\赶鸟\习俗\历史悠久\但\起源\时间\已\无法\追溯\。\中国\古代\重视\鸡称\它\为\五德\之禽\。\人们\在\过年\时\剪\鸡\、\贴画\鸡\而且\把\新年\首日\定为\鸡日\。\赶鸟\式\炼油\渣\也\在\每年\正月初一\的\第一天\。\老滔村\赶鸟\由\当地\群众\自发\组织\每年\大年三十\和\正月初一\举行\。\大年三十\祭\山神\、\树神\、\祭土主\毕摩\在\树神\前\为\村民\们\举行\祭祀\大年初一\家家\贴红\对联\燃放\爆竹\在\香火\堂前\摆\上\贡品\煮\汤圆\吃\汤圆\扎\一个\鸟用\细绳\拴\在\一根\长杆\上\走\亲串\寨\道喜\问好\驱赶\百鸟\。\孩子\们\到\每家\时\都\大声\叫\着\挖污\彝语\意\为\吉祥\到家\后\在\贡\桌前\磕头\后\拿走\贡品\有\专人\背着\篮子\集中\贡品\把\每家每户\的\贡肉\背到\油渣\山地\名\炼油\。\全村\男女老幼\聚集\到\油渣\山唱\调子\、\打扑克\、\下棋\各自\娱乐\。\在\炼油\渣\之前\毕摩\举行\祭\树神\仪式\用\一块\较大\的\肉\放到\树上\祭鸟\。\油渣\炼出\后\分给\各家各户\剩余\的\油\送给\本村\的\孤寡老人\和\困难户\。\赶鸟\习俗\增强\了\民族\的\凝聚力\和\家庭\的\和睦\氛围\体现\了\民族团结\、\邻里\和睦\、\社会\和谐\、\尊老爱幼\、\团结互助\的\高尚\品德\表达\了\人们\对\美好生活\长久\向往\的\价值\取向\。\年老\滔村\赶鸟\习俗\入选\云南省\第三批\省级\非物质文化\遗产\代表性\项目\名录\。,
迁徙史诗《哈尼阿培聪坡坡》,第三批,民间文学,元阳县文化馆,哈尼阿培聪坡坡汉语意为哈尼族先祖的迁徙是广泛流传于元江县哈尼族村寨的口述民间叙事长诗。因哈尼族没有文字长诗是由才智过人、技艺超群的哈尼摩批和民间歌手使用祖先流传下的哈尼哈吧古老歌唱调式吟唱流传至今。全篇约行由歌头和以下章组成《远古的虎尼虎那高山》《从什虽湖到嘎鲁嘎则》《惹罗普楚》《好地诺玛阿美》《色厄作娘》《谷哈密查》《森林密密的红河南岸》。全诗系统完整地记述了哈尼族从诞生、发展到一路迁徙直至今日所居之地的路线、历程以及迁徙途中的地理地貌、生产生活、社会状况与其他民族的关系等。例如作品第七章《森林密密的红河南岸》讲述了哈尼族南渡红河之后的第一站并与傣族和谐相处但因地理、气候等原因不畏艰辛走进高山密林开垦了举世闻名的哈尼梯田繁衍生息的故事。史诗《哈尼阿培聪坡坡》不仅具有文学价值而且具有重要的历史学、社会学和宗教学价值是比较系统、完整记载哈尼族历史沿革的长篇史诗之一。年迁徙史诗《哈尼阿培聪坡坡》入选云南省第三批省级非物质文化遗产代表性项目名录。代表性传承人有马建昌、李有亮等。,省级,哈尼\阿培聪\坡坡\汉语\意\为\哈尼族\先祖\的\迁徙\是\广泛\流传\于元\江县\哈尼族\村寨\的\口述\民间\叙事\长诗\。\因\哈尼族\没有\文字\长诗\是\由\才智\过\人\、\技艺\超群\的\哈尼\摩批\和\民间\歌手\使用\祖先\流传\下\的\哈尼哈吧\古老\歌唱\调式\吟唱\流传\至今\。\全篇\约行\由\歌头\和\以下\章\组成\《\远古\的\虎尼虎\那\高山\》\《\从什\虽湖\到\嘎\鲁嘎则\》\《\惹罗普楚\》\《\好\地诺玛\阿美\》\《\色厄作娘\》\《\谷\哈密\查\》\《\森林\密密的\红河\南岸\》\。\全诗\系统\完整\地\记述\了\哈尼族\从\诞生\、\发展\到\一路\迁徙\直至\今日\所居\之\地\的\路线\、\历程\以及\迁徙\途中\的\地理\地貌\、\生产\生活\、\社会\状况\与\其他\民族\的\关系\等\。\例如\作品\第七章\《\森林\密密的\红河\南岸\》\讲述\了\哈尼族\南渡\红河\之后\的\第一站\并\与\傣族\和谐\相处\但\因\地理\、\气候\等\原因\不畏\艰辛\走进\高山\密林\开垦\了\举世闻名\的\哈尼\梯田\繁衍生息\的\故事\。\史诗\《\哈尼\阿培聪\坡坡\》\不仅\具有\文学\价值\而且\具有\重要\的\历史学\、\社会学\和\宗教学\价值\是\比较\系统\、\完整\记载\哈尼族\历史沿革\的\长篇\史诗\之一\。\年\迁徙\史诗\《\哈尼\阿培聪\坡坡\》\入选\云南省\第三批\省级\非物质文化\遗产\代表性\项目\名录\。\代表性\传承\人有\马\建昌\、\李有亮\等\。,哈尼族
漾濞苗族刺绣,第四批,传统美术,漾濞县文化馆,生活在云南大理漾濞县龙潭乡的苗族妇女用她们勤劳的双手创造出了绚丽多姿的苗族刺绣颇具地方特色。当地苗族刺绣以彩色丝线和缝衣针在细麻布上分块刺绣各种图案风格独特色彩对比鲜明很多纹样属于民族特有的符号。常见于苗族男女的帽子、围裙、飘带、上衣、裙子、霞帔、鞋子等服饰构件中如男性的大襟长裳常在袖口镶绣黑白杂花、蓝花、黄花等花样种类繁多而女性的围裙多在黑色、蓝色棉布上绣制花卉图案老年服饰则用绣花飘带缠在帽子上作为装饰。纯手工全绣苗族盛装礼服代表着苗族刺绣的高超技艺水平多在新婚、丧仪或祭祀活动等重要场合穿着。离世时必须着盛装入殓因此很难见到存世的全手工刺绣盛装。龙潭苗族刺绣工艺图案精美针法独特在全套手工男女刺绣服装各个构成部件上有不同的表现形式制作技艺繁琐。年漾濞苗族刺绣入选云南省第四批省级非物质文化遗产代表性项目名录扩展项目名录。项目代表性传承人有李菊香、吴玉清等。,省级,生活\在\云南\大理\漾濞县\龙潭\乡\的\苗族\妇女\用\她们\勤劳\的\双手\创造\出\了\绚丽多姿\的\苗族\刺绣\颇具\地方\特色\。\当地\苗族\刺绣\以\彩色\丝线\和\缝衣针\在\细\麻布\上\分块\刺绣\各种\图案\风格\独特\色彩\对比\鲜明\很多\纹样\属于\民族\特有\的\符号\。\常见于\苗族\男女\的\帽子\、\围裙\、\飘带\、\上衣\、\裙子\、\霞帔\、\鞋子\等\服饰\构件\中如\男性\的\大襟\长裳\常\在\袖口\镶\绣\黑白\杂花\、\蓝花\、\黄花\等\花样\种类\繁多\而\女性\的\围裙\多\在\黑色\、\蓝色\棉布\上\绣制\花卉\图案\老年\服饰\则\用\绣花\飘带\缠\在\帽子\上\作为\装饰\。\纯手工\全绣\苗族\盛装\礼服\代表\着\苗族\刺绣\的\高超\技艺\水平\多\在\新婚\、\丧仪\或\祭祀\活动\等\重要\场合\穿着\。\离世\时\必须\着\盛装\入殓\因此\很难\见到\存世\的\全手工\刺绣\盛装\。\龙潭\苗族\刺绣\工艺\图案\精美\针法\独特\在\全套\手工\男女\刺绣\服装\各个\构成\部件\上\有\不同\的\表现形式\制作\技艺\繁琐\。\年\漾濞苗族刺绣\入选\云南省\第四批\省级\非物质文化\遗产\代表性\项目\名录\扩展\项目\名录\。\项目\代表性\传承\人有\李菊香\、\吴\玉清\等\。,苗族
弦子舞,第三批,传统舞蹈,云南省文山壮族苗族自治州丘北县,丘北县彝族弦子舞历史悠久已有余年历史。弦子又称月琴是弦子舞的核心和灵魂声音悦耳动听高音清脆、中音明亮、低音丰满。右手奏法以弹、挑、滚、撮、扫滚为主左手则有按、颤、滑、吟等技法。弦子舞有一步弦、两跺脚、慢三步、抖抖弦、蹲蹲调、蜜蜂采花调、老牛擦痒、狗舂碓、苍蝇搓脚等种步法和套路。队形有圆形、直排、横排、内八字、串花等。一般情况下男子弹奏弦子女子双手叉腰或拍掌。弦子舞一般固定的动作套路有固定的曲调以、拍居多曲调一般短小精悍、节奏整齐、旋律优美。弦子舞通常由一男一女对跳俗称搭子。搭子数量不限人越多场面越热闹壮观。但《一步弦》《两步弦》《三步弦》舞曲可随意弹奏随意起舞民间俗称无根调。丘北彝族各支系弦子舞各具特色。黑彝支系步伐和套路最多弦子独舞技巧性高难度大撒尼人弦子舞幽默诙谐热烈欢快仆拉支系的弦子舞拉手动作和跺脚动作妙趣横生跳弦子舞时多为两人一对用三眼巴乌和木叶等作辅助伴奏乐器僰人支系的弦子舞队形多为圆形和两个直排拍掌动作多用竹笛、二胡、木叶、人声等烘托气氛。年丘北县弦子舞入选云南省第三批省级非物质文化遗产代表性项目名录扩展项目名录。项目代表性传承人是杨树良、张海云。僰人支系弦子舞弦子舞比赛现场,省级,丘北县\彝族\弦子舞\历史悠久\已有\余年\历史\。\弦子\又称\月琴\是\弦子舞\的\核心\和\灵魂\声音\悦耳\动听\高音\清脆\、\中音\明亮\、\低音\丰满\。\右手\奏法\以弹\、\挑\、\滚\、\撮\、\扫滚\为主\左手\则\有\按\、\颤\、\滑\、\吟\等\技法\。\弦子舞\有\一步\弦\、\两\跺脚\、\慢\三步\、\抖抖\弦\、\蹲\蹲\调\、\蜜蜂\采花\调\、\老牛\擦\痒\、\狗\舂\碓\、\苍蝇\搓脚\等种\步法\和\套路\。\队形\有\圆形\、\直排\、\横排\、\内\八字\、\串花\等\。\一般\情况\下\男子\弹奏\弦子\女子\双手\叉腰\或\拍掌\。\弦子舞\一般\固定\的\动作\套路\有\固定\的\曲调\以\、\拍\居多\曲调\一般\短小精悍\、\节奏\整齐\、\旋律优美\。\弦子舞\通常\由\一男一女\对\跳\俗称\搭子\。\搭子\数量\不限人\越\多\场面\越\热闹\壮观\。\但\《\一步\弦\》\《\两步\弦\》\《\三步\弦\》\舞曲\可\随意\弹奏\随意\起舞\民间\俗称\无根调\。\丘北\彝族\各\支系\弦子舞\各具特色\。\黑彝\支系\步伐\和\套路\最\多\弦子\独舞\技巧性\高难度\大\撒尼\人\弦子舞\幽默诙谐\热烈\欢快\仆拉\支系\的\弦子舞\拉手\动作\和\跺脚\动作\妙趣横生\跳\弦子舞\时多为\两人\一对\用\三眼\巴乌\和\木叶\等作\辅助\伴奏\乐器\僰\人\支系\的\弦子舞\队形\多为\圆形\和\两个\直排\拍掌\动作\多用\竹笛\、\二胡\、\木叶\、\人声\等\烘托\气氛\。\年\丘北县\弦子舞\入选\云南省\第三批\省级\非物质文化\遗产\代表性\项目\名录\扩展\项目\名录\。\项目\代表性\传承\人\是\杨树\良\、\张海云\。\僰\人\支系\弦子舞\弦子舞\比赛\现场,彝族
尹武刺绣,第四批,传统美术,云南省昭通市巧家县,尹武刺绣历史悠久发祥于多年的古堂琅时期清雍正年间改土归流后逐步成熟迄今已有近年。它是一种融彝族、汉族民间文化为一体独具地方特色的刺绣样式主要分布在昭通市巧家县老店镇尹武地区。尹武刺绣主要用于女性服饰上绣品包括服饰、鞋帽、围腰、背带、枕头等颜色以红、白、黑、黄为主调对比强烈而和谐造型接近美术画但图案总体左右对称。内容以花草为主辅以虫鱼鸟兽。这些世代相承的文化符号寓意消灾纳福、爱情美满、多子多福。花卉多为象征忠贞富贵的梅花、牡丹动物多为象征喜庆吉祥的喜鹊、凤凰特别是儿童虎头帽的造型展示出彝族对虎的图腾崇拜充分体现了汉、彝文化元素的完美结合。在长期的生产生活实践中尹武刺绣根据服饰使用功能和描绘对象的不同形成了独有的图案形式和配色模式呈现出尹武刺绣细密圆润的风格灵秀华美的色彩。尹武刺绣从工艺到图案谱系都承载着丰厚的民间文化内涵反映了尹武刺绣独特的审美观为研究民间信仰、人生礼俗、民众心理、民族美术等提供了丰富的实物资料具有重要的文化艺术价值。年尹武刺绣入选云南省第四批省级非物质文化遗产代表性项目名录。项目代表性传承人是刘买翠。,省级,尹武刺绣\历史悠久\发祥\于\多年\的\古堂\琅\时期\清\雍正年间\改土归流\后\逐步\成熟\迄今已有\近年\。\它\是\一种\融\彝族\、\汉族\民间文化\为\一体\独具\地方\特色\的\刺绣\样式\主要\分布\在\昭通市\巧家县\老店\镇\尹武\地区\。\尹武刺绣\主要\用于\女性\服饰\上\绣品\包括\服饰\、\鞋帽\、\围腰\、\背带\、\枕头\等\颜色\以红\、\白\、\黑\、\黄\为主\调\对比\强烈\而\和谐\造型\接近\美术\画\但\图案\总体\左右\对称\。\内容\以\花草\为主\辅以\虫\鱼\鸟兽\。\这些\世代\相承\的\文化\符号\寓意\消灾\纳福\、\爱情\美满\、\多子\多福\。\花卉\多为\象征\忠贞\富贵\的\梅花\、\牡丹\动物\多为\象征\喜庆\吉祥\的\喜鹊\、\凤凰\特别\是\儿童\虎头\帽\的\造型\展示出\彝族\对\虎\的\图腾崇拜\充分体现\了\汉\、\彝\文化\元素\的\完美\结合\。\在\长期\的\生产\生活实践\中\尹武刺绣\根据\服饰\使用\功能\和\描绘\对象\的\不同\形成\了\独有\的\图案\形式\和\配色\模式\呈现出\尹武刺绣\细密\圆润\的\风格\灵秀\华美\的\色彩\。\尹武刺绣\从\工艺\到\图案\谱系\都\承载\着\丰厚\的\民间文化\内涵\反映\了\尹武刺绣\独特\的\审美观\为\研究\民间信仰\、\人生\礼俗\、\民众\心理\、\民族\美术\等\提供\了\丰富\的\实物\资料\具有\重要\的\文化\艺术\价值\。\年\尹武刺绣\入选\云南省\第四批\省级\非物质文化\遗产\代表性\项目\名录\。\项目\代表性\传承\人\是\刘买翠\。,彝族
阿昌族织锦技艺,第三批,传统技艺,云南省梁河县,阿昌族的纺织历史悠久据考证早在明清时期阿昌族就已经熟练掌握织锦技艺。阿昌族的纺织技艺流程主要有捻线、纺线、染线、打线、经线、织布等环节。历史上的阿昌族有种棉花和养蚕的传统织工们先捻出棉线和丝线再经由纺车纺成线团之后把线团放入染缸中经过反复浸泡上色将染好的线绕在纺线筒上再将需要的线筒依次插在织机上把线头绕在经杆上最后通过控制织机织出所需各种花样纹饰的织锦。阿昌族织锦主要用于传统服饰中的筒裙、挂膀、花腰带、绑腿、上衣、筒帕以及男性服饰中的包头、衣服、裤子等。常用花纹样式可分为动物类、植物类和器物类。动物纹样有狗牙、鸡嘴、羊角、鱼眼、毛虫、蚯蚓、蚂蚱等植物类纹样有南瓜耔、丁香花、灯笼花、竹节花等器物纹样大都是生活中常见的长刀、托盘、竹筒、扭棍等。阿昌族织锦技艺主要由女性传承由于工序繁多比较费时产品仅能自给自足无法进行商品售卖很多阿昌族妇女不愿再继续织加之阿昌族人口少该技艺濒临失传亟须加强保护。年阿昌族织锦技艺入选云南省第三批省级非物质文化遗产代表性项目名录。项目代表性传承人是梁润仙。,省级,阿昌族\的\纺织\历史悠久\据\考证\早\在\明清\时期\阿昌族\就\已经\熟练掌握\织锦\技艺\。\阿昌族\的\纺织\技艺\流程\主要\有\捻线\、\纺线\、\染线\、\打线\、\经线\、\织布\等\环节\。\历史\上\的\阿昌族\有种\棉花\和\养蚕\的\传统\织工\们\先\捻\出\棉线\和\丝线\再\经由\纺车\纺成\线团\之后\把\线团\放入\染缸\中\经过\反复\浸泡\上色\将染\好\的\线\绕\在\纺线\筒\上\再\将\需要\的\线\筒\依次\插\在\织机\上\把\线头\绕\在\经杆\上\最后\通过\控制\织机\织出\所\需\各种\花样\纹饰\的\织锦\。\阿昌族\织锦\主要\用于\传统\服饰\中\的\筒裙\、\挂膀\、\花\腰带\、\绑腿\、\上衣\、\筒\帕\以及\男性\服饰\中\的\包头\、\衣服\、\裤子\等\。\常用\花纹\样式\可\分为\动物类\、\植物\类\和\器物\类\。\动物\纹样\有\狗牙\、\鸡嘴\、\羊角\、\鱼眼\、\毛虫\、\蚯蚓\、\蚂蚱\等\植物\类\纹样\有\南瓜\耔\、\丁香花\、\灯笼花\、\竹节\花\等\器物\纹样\大都\是\生活\中\常见\的\长刀\、\托盘\、\竹筒\、\扭棍\等\。\阿昌族织锦技艺\主要\由\女性\传承\由于\工序\繁多\比较\费时\产品\仅能\自给自足\无法\进行\商品\售卖\很多\阿昌族\妇女\不愿\再\继续\织\加之\阿昌族\人口\少该\技艺\濒临\失传\亟须\加强\保护\。\年\阿昌族织锦技艺\入选\云南省\第三批\省级\非物质文化\遗产\代表性\项目\名录\。\项目\代表性\传承\人\是\梁润仙\。,阿昌族
傣族狮子舞,第四批,传统舞蹈,云南省玉溪市元江县文化馆,傣族狮子舞是元江傣族展示驯狮动作并配以傣族传统武术表演、人狮互动表演的一种民间传统舞蹈傣族自古相传。每年的春节、傣族花街节期间要在村中或到县城里跳狮子舞预祝五谷丰登、人畜兴旺。傣族狮子舞有阳狮舞和阴狮舞两种不同的表现形式。阳狮舞是逢年过节时喜庆祈福为表达欢乐祥和而跳。阴狮舞则有丧葬祭祀、驱鬼辟邪为逝者起舞和寄托哀思的目的。表现形式有单狮、双狮、群狮配以牛皮鼓、铓、锣等打击乐伴奏节奏鲜明由两人扮狮子一人扮驯狮者手拿绣球或驯狮棒、大刀在前指挥。套路除狮子舞中常见的摇头、晃耳、抓脸、翻滚等动作最具特色的是武艺高超的领狮王武色表演的大小红拳、棍棒拳、勾镰拳、阴枪拳、三叉拳以及双手持钢刀在八仙桌上自由翻滚腾跃引领雄狮也跟着上下翻腾的技艺这些动作中充满浓郁的傣族舞蹈韵律特征和傣拳的武术套路。傣族狮子舞既保留了历史传统又融合了边地少数民族地区的民族文化特征形成独具特色的表现形式具有较强的观赏性、艺术性和表演性也是傣族文化多样性的展现具有重要的传承保护价值。随着城镇化进程的不断推进傣族狮子舞的传承队伍不断减少能传承傣族狮子舞文化的艺人相对较少承担的角色单一只会扮狮或者只会引狮很多艺人能表演的剧目也不多这些剧目往往难度不大动作简单重复保护传承傣族狮子舞已经迫在眉睫。年傣族狮子舞入选云南省第四批省级非物质文化遗产代表性项目名录。项目代表性传承人是封有兴。,省级,傣族狮子舞\是\元江\傣族\展示\驯狮\动作\并\配以\傣族传统武术\表演\、\人狮\互动\表演\的\一种\民间\传统\舞蹈\傣族\自古\相传\。\每年\的\春节\、\傣族\花街节\期间\要\在\村\中\或\到\县城\里\跳\狮子舞\预祝\五谷丰登\、\人\畜\兴旺\。\傣族狮子舞\有阳\狮舞\和\阴狮舞\两种\不同\的\表现形式\。\阳狮舞\是\逢年过节\时\喜庆\祈福\为\表达\欢乐祥和\而\跳\。\阴狮\舞则\有\丧葬\祭祀\、\驱鬼\辟邪\为\逝者\起舞\和\寄托\哀思\的\目的\。\表现形式\有\单狮\、\双狮\、\群狮\配以\牛皮\鼓\、\铓\、\锣\等\打击乐\伴奏\节奏\鲜明\由\两人扮\狮子\一人扮\驯狮者\手\拿\绣球\或\驯狮\棒\、\大刀\在\前\指挥\。\套路\除\狮子舞\中\常见\的\摇头\、\晃\耳\、\抓脸\、\翻滚\等\动作\最具\特色\的\是\武艺\高超\的\领\狮王\武色\表演\的\大小\红拳\、\棍棒\拳\、\勾\镰拳\、\阴枪\拳\、\三叉\拳\以及\双手\持\钢刀\在\八仙桌\上\自由\翻滚\腾跃\引领\雄狮\也\跟着\上下\翻腾\的\技艺\这些\动作\中\充满\浓郁\的\傣族\舞蹈韵律\特征\和\傣拳\的\武术\套路\。\傣族狮子舞\既\保留\了\历史\传统\又\融合\了\边\地\少数民族\地区\的\民族文化\特征\形成\独具特色\的\表现形式\具有\较强\的\观赏性\、\艺术性\和\表演性\也\是\傣族\文化\多样性\的\展现\具有\重要\的\传承\保护\价值\。\随着\城镇化\进程\的\不断\推进\傣族狮子舞\的\传承\队伍\不断\减少\能\传承\傣族狮子舞\文化\的\艺人\相对\较\少\承担\的\角色\单一\只会\扮狮\或者\只会\引狮\很多\艺人\能\表演\的\剧目\也\不\多\这些\剧目\往往\难度\不大\动作\简单\重复\保护\传承\傣族狮子舞\已经\迫在眉睫\。\年\傣族狮子舞\入选\云南省\第四批\省级\非物质文化\遗产\代表性\项目\名录\。\项目\代表性\传承\人\是\封有兴\。,傣族
镇沅黑陶制作技艺,云南省第一批,传统技艺,云南省普洱市镇沅彝族哈尼族拉祜族自治县,镇沅黑陶生产历史悠久。早在一千多年前在镇沅振太的塘房、小寨一带就有用蚂蚁巢土以手工和泥烧制茶罐、烟斗等器物的历史。乾隆二十八年夏白老、年宗义等人建立镇沅府陶瓷厂。至道光年间产品已经远销到上海、北京、印度、缅甸等地区和国家。镇沅黑陶以当地优质黑胶泥即蚂蚁巢土为主要原料经过精心选料配入辅料后浸入浆池搅拌、过滤、沉淀、脱水、练泥后备用。之后按产品大小选取一定数量的泥料经工艺师拉坯形成所需产品的陶坯。陶坯经阴凉脱水后雕刻师在其表面绘出所需图案然后用砂纸反复打磨再用丝绒反复拖拉上光。抛光晾干后入窑烧制小时后出窑。最后清洁干净分类入库待销。镇沅黑陶主要制品有各式花瓶、烟灰缸、樽、盂等余种。黑陶制品可以吸附空气中的一氧化碳、甲烷等有毒气体有效净化空气维护人体健康。产品黑如漆、明如镜、硬如瓷、击如磬集雕、镂、剔多种工艺于一身融艺术性、观赏性、实用性为一体。年镇沅黑陶制作技艺入选云南省级非物质文化遗产代表性项目名录扩展项目名录。项目代表性传承人是徐世菊。,省级,镇\沅\黑陶\生产\历史悠久\。\早\在\一千多年\前\在\镇沅振太\的\塘\房\、\小寨\一带\就\有用\蚂蚁\巢土以\手工\和泥\烧制\茶罐\、\烟斗\等\器物\的\历史\。\乾隆\二十八年\夏白\老\、\年宗义\等\人\建立\镇沅府\陶瓷厂\。\至\道光\年间\产品\已经\远销\到\上海\、\北京\、\印度\、\缅甸\等\地区\和\国家\。\镇\沅\黑陶\以\当地\优质\黑\胶泥\即\蚂蚁\巢土\为\主要\原料\经过\精心\选料\配入\辅料\后\浸入\浆池\搅拌\、\过滤\、\沉淀\、\脱水\、\练泥\后备\用\。\之后\按\产品\大小\选取\一定\数量\的\泥料\经\工艺师\拉坯\形成\所\需\产品\的\陶坯\。\陶坯经\阴凉\脱水\后\雕刻师\在\其\表面\绘出\所\需\图案\然后\用\砂纸\反复\打磨\再用\丝绒\反复\拖拉\上\光\。\抛光\晾干\后入\窑\烧制\小时\后\出窑\。\最后\清洁\干净\分类\入库\待销\。\镇\沅\黑陶\主要\制品\有\各式\花瓶\、\烟灰缸\、\樽\、\盂\等\余种\。\黑陶\制品\可以\吸附\空气\中\的\一氧化碳\、\甲烷\等\有毒气体\有效\净化\空气\维护\人体\健康\。\产品\黑如漆\、\明如镜\、\硬如瓷\、\击如磬\集雕\、\镂\、\剔\多种\工艺\于\一身\融\艺术性\、\观赏性\、\实用性\为\一体\。\年\镇沅黑陶制作技艺\入选\云南\省级\非物质文化\遗产\代表性\项目\名录\扩展\项目\名录\。\项目\代表性\传承\人\是\徐世菊\。,
米线节,第三批,民俗,玉溪市红塔区非物质文化遗产保护中心,米线节又名三春节孟、仲、季春、豆糠节节期至三月下旬打糠之季、灯节节期间放灯、唱灯。米线节源于对土主、祖师、龙神的崇拜各村屯以轮流迎神祭神的形式祈求神灵护佑来年风调雨顺、国泰民安而形成的节日节日期间都以米线为主食和大规模米线盛宴而最终得名米线节。从每年正月初一开始境内十堂土主六堂出巡、十堂祖师分别按固定的时间、路线、所辖范围出巡城乡村屯。各村屯依次组织彩仗花灯迎神赛会神到哪村就是哪村的节日各村屯寨举办迎神、栖安神、祭神的仪式。在此期间以村为单位先后分别举行祭龙活动也以祭龙日为节日。迎土主、祭龙过的节为荤节刑牲迎祖师过的为素节不刑牲。由于神像出巡中路线的交叉重叠以及是否驻跸等原因会出现一村先后过几次节和一天之中数村乃至数十村同时过节的现象。节日期间以迎神祭神为外在表现形式各村开展文艺活动娱神、娱人以名目多样的米线为主食迎宾宴客并举办各种民间文艺表演展现了当地传统民间风俗活动。米线节是玉溪市红塔区人民在长期农耕生活中发展的历史悠久、历时最长、范围最广、规模最大的民俗活动具有广泛的群众性、持久性和民间传承性是地方标志性文化活动。年米线节入选云南省第三批省级非物质文化遗产代表性项目名录。,省级,米线节\又名\三\春节\孟\、\仲\、\季春\、\豆糠节\节期\至\三月\下旬\打糠\之季\、\灯节\节\期间\放灯\、\唱灯\。\米线节\源于\对\土主\、\祖师\、\龙神\的\崇拜\各\村屯\以\轮流\迎神\祭神\的\形式\祈求\神灵\护佑\来\年\风调雨顺\、\国泰民安\而\形成\的\节日\节日期间\都\以\米线\为主\食\和\大规模\米线\盛宴\而\最终\得名\米线节\。\从\每年\正月初一\开始\境内\十堂\土主\六堂\出巡\、\十堂\祖师\分别\按\固定\的\时间\、\路线\、\所\辖\范围\出巡\城乡\村屯\。\各\村屯\依次\组织\彩仗\花灯\迎神赛会\神到\哪村\就是\哪村\的\节日\各\村屯\寨\举办\迎神\、\栖\安神\、\祭神\的\仪式\。\在此期间\以村\为\单位\先后\分别\举行\祭龙\活动\也\以\祭龙\日为\节日\。\迎土主\、\祭龙\过\的\节为\荤\节刑\牲迎\祖师\过\的\为\素节\不\刑牲\。\由于\神像\出巡\中\路线\的\交叉\重叠\以及\是否\驻跸\等\原因\会\出现\一村\先后\过\几次\节\和\一天\之中\数村\乃至\数十\村\同时\过节\的\现象\。\节日期间\以\迎神\祭神\为外\在\表现形式\各村\开展\文艺活动\娱神\、\娱人以\名目\多样\的\米线\为主\食\迎宾\宴客\并\举办\各种\民间\文艺表演\展现\了\当地\传统\民间\风俗\活动\。\米线节\是\玉溪市\红塔区\人民\在\长期\农耕\生活\中\发展\的\历史悠久\、\历时\最长\、\范围\最广\、\规模\最大\的\民俗\活动\具有\广泛\的\群众性\、\持久性\和\民间\传承\性是\地方\标志性\文化\活动\。\年\米线节\入选\云南省\第三批\省级\非物质文化\遗产\代表性\项目\名录\。,
直苴村彝族传统文化生态保护区,第四批,民族传统文化生态保护区,云南省永仁县,该保护区位于楚雄彝族自治州永仁县中和镇直苴村委会。直苴村均为彝族属彝族罗倮支系。已有多年历史。保护区内拥有原始森林区域森林覆盖率为。万马河源头就在直苴村辖区河水从直苴村流经中和乡、万马乡泻入金沙江自然生态良好气候宜人景色优美。保护区内传统的木垛房木楞房和土坯房保留完整成片连接除学校为砖瓦房外没有钢筋混泥土建筑均为土墙房保持了质朴的传统风貌。至今流传杀猪节、春节、端午节、火把节、七月半鬼节、新米节等节日有很多彝族祭祀活动和民间行为、语言、饮食禁忌。保留传统婚恋习俗年轻人谈恋爱以姑娘房为中心谈婚论嫁时父母都会为自家姑娘准备姑娘房。葬礼习俗古朴、隆重、纷繁复杂与其他彝族支系截然不同最具特色逝者入棺后人们围着棺材跳脚、敬酒、喝酒一夜到亮。还有给婴儿取乳名的习俗彝语叫艾乃咪。每年农历的正月十五都要举行历史悠久、影响最大、最隆重的赛装节从远处看整个赛装场一片绚丽热闹非凡很多外地人、外国人都会赶来参加。民间流传有神话、史诗、传说、故事、谚语等传唱史诗《梅葛》演唱叙事歌、劳动歌、山歌、习俗歌、情歌、婚嫁歌、酒歌、舞蹈歌、儿歌和祭祀歌等使用五眼笛、哔噜、月琴、响篾等乐器。保护区内保留有传统的彝族打跳、左脚舞还有刺绣、剪纸、篾编、木制、石雕、铁制、羊皮褂制作等彝族传统手工技艺。羊皮褂做工精细销售较好。民族民间体育活动有耙田、捆驮子、射弩、踩高跷、顶肩、拔藤拔河等。妇女穿缝制刺绣的花衣服男子穿羊皮褂。保护区内有丰富的彝族传统文化有赛装之源、梅葛故里、彝剧之乡、彝绣圣地之称。年直苴村彝族传统文化生态保护区入选云南省第四批省级非物质文化遗产代表性项目名录。项目代表性传承人是李兆芬。,省级,该\保护区\位于\楚雄彝族自治州\永仁县\中\和\镇\直\苴\村委会\。\直\苴\村\均\为\彝族\属\彝族\罗倮\支系\。\已有\多年\历史\。\保护区\内\拥有\原始森林\区域\森林\覆盖率\为\。\万\马河\源头\就\在\直\苴\村\辖区\河水\从直\苴\村\流经\中\和\乡\、\万马乡\泻入\金沙江\自然生态\良好\气候宜人\景色\优美\。\保护区\内\传统\的\木垛\房木\楞\房\和\土坯房\保留\完整\成片\连接\除\学校\为\砖瓦房\外\没有\钢筋\混\泥土\建筑\均\为\土墙\房\保持\了\质朴\的\传统\风貌\。\至今\流传\杀猪\节\、\春节\、\端午节\、\火把节\、\七月\半\鬼节\、\新米节\等\节日\有\很多\彝族\祭祀\活动\和\民间\行为\、\语言\、\饮食\禁忌\。\保留\传统\婚恋\习俗\年轻人\谈恋爱\以\姑娘\房为\中心\谈婚论嫁\时\父母\都\会\为\自家\姑娘\准备\姑娘\房\。\葬礼\习俗\古朴\、\隆重\、\纷繁复杂\与\其他\彝族\支系\截然不同\最具\特色\逝者\入棺\后\人们\围着\棺材\跳脚\、\敬酒\、\喝酒\一夜\到亮\。\还有\给\婴儿\取\乳名\的\习俗\彝语\叫\艾乃咪\。\每年\农历\的\正月十五\都\要\举行\历史悠久\、\影响\最大\、\最\隆重\的\赛装节\从\远处\看\整个\赛装场\一片\绚丽\热闹非凡\很多\外地人\、\外国人\都\会\赶来\参加\。\民间\流传\有\神话\、\史诗\、\传说\、\故事\、\谚语\等\传唱\史诗\《\梅葛\》\演唱\叙事\歌\、\劳动\歌\、\山歌\、\习俗歌\、\情歌\、\婚嫁\歌\、\酒歌\、\舞蹈\歌\、\儿歌\和\祭祀\歌\等\使用\五眼\笛\、\哔噜\、\月琴\、\响篾\等\乐器\。\保护区\内\保留\有\传统\的\彝族\打跳\、\左脚\舞\还有\刺绣\、\剪纸\、\篾编\、\木制\、\石雕\、\铁制\、\羊皮\褂\制作\等\彝族\传统\手工\技艺\。\羊皮\褂\做工\精细\销售\较\好\。\民族民间\体育\活动\有\耙田\、\捆\驮子\、\射弩\、\踩高跷\、\顶肩\、\拔藤\拔河\等\。\妇女\穿\缝制\刺绣\的\花衣服\男子\穿\羊皮\褂\。\保护区\内有\丰富\的\彝族\传统文化\有赛\装之源\、\梅葛\故里\、\彝剧\之\乡\、\彝绣\圣地\之称\。\年\直苴村彝族传统文化生态保护区\入选\云南省\第四批\省级\非物质文化\遗产\代表性\项目\名录\。\项目\代表性\传承\人\是\李兆芬\。,彝族
普米族拈达则封山仪式,第四批,民俗,宁蒗彝族自治县文化馆,拈达中的拈意为永远、达意为平安拈达即永远幸福安宁、长治久安。拈达是普米族古老的封禅式以祭祀本教祖师寄托对养育庇护普米人民的山川大地的敬畏和礼赞传递出对人类赖以生存的自然生态的深切关注和希望命运亨通的祈祷。通过向神灵祈祷实现禳灾、平安、富裕、幸福美好的人生体现了人与人、人与自然生灵共生共荣和包容万物、敬畏生命、保护生态的人文精神彰显和谐发展的理念。拈达节一般在每年春天举行时间三天道具是在神山上设立一个祭坛其上竖一根四五米高的神柱在神柱顶部做一个圆盘圆盘上绘祖师的木板画像在神柱的十三节上全部绘上吉祥图案四周绘制祖师从天上带来的天兵天将的画像每一节用木板画代表吉祥动物。整个祭祀仪式过程需要三天时间期间全村人到山上转拈达神柱每家户在这一天都要在神山上种三棵树并从当天起禁止上山砍柴、伐木实行封山育林。拈达则封山仪式是普米族先民在长期的迁徙过程中面对特殊的自然气候条件在不断调整生活方式以适应环境的谋生过程中创造的独树一帜的普米族文化。普米族的传统祭祀仪式拈达是普米族传统文化的精华它集福文化、生态文化于一身体现了普米族传统文化中的和谐精神。在宁蒗县牛窝子村神山上建有拈达神坛、神柱每年举办拈达节。年普米族拈达则封山仪式入选云南省第四批省级非物质文化遗产代表性项目名录。项目代表性传承人是偏初里。,省级,拈达\中\的\拈意\为\永远\、\达意\为\平安\拈达\即\永远\幸福\安宁\、\长治久安\。\拈达\是\普米族\古老\的\封禅\式\以\祭祀\本教\祖师\寄托\对\养育\庇护\普米\人民\的\山川\大地\的\敬畏\和\礼赞\传递\出对\人类\赖以生存\的\自然生态\的\深切\关注\和\希望\命运\亨通\的\祈祷\。\通过\向\神灵\祈祷\实现\禳\灾\、\平安\、\富裕\、\幸福美好\的\人生\体现\了\人\与\人\、\人与自然\生灵\共生\共荣\和\包容\万物\、\敬畏\生命\、\保护\生态\的\人文精神\彰显\和谐\发展\的\理念\。\拈达节\一般\在\每年\春天\举行\时间\三天\道具\是\在\神山\上\设立\一个\祭坛\其上\竖\一根\四五米\高\的\神柱\在\神柱\顶部\做\一个\圆盘\圆盘\上绘\祖师\的\木板\画像\在\神柱\的\十三\节上\全部\绘上\吉祥图案\四周\绘制\祖师\从\天上\带来\的\天兵天将\的\画像\每\一节\用\木板\画\代表\吉祥\动物\。\整个\祭祀\仪式\过程\需要\三天\时间\期间\全村人\到\山上\转拈达\神柱\每家\户\在\这\一天\都\要\在\神山\上种\三棵树\并\从\当天\起\禁止\上山\砍柴\、\伐木\实行\封山育林\。\拈达\则\封山\仪式\是\普米族\先民\在\长期\的\迁徙\过程\中\面对\特殊\的\自然\气候\条件\在\不断\调整\生活方式\以\适应环境\的\谋生\过程\中\创造\的\独树一帜\的\普米族\文化\。\普米族\的\传统\祭祀\仪式\拈达\是\普米族\传统文化\的\精华\它\集福\文化\、\生态\文化\于\一身\体现\了\普米族\传统文化\中\的\和谐\精神\。\在\宁蒗\县牛\窝子\村\神山\上\建有\拈达\神坛\、\神柱\每年\举办\拈达节\。\年\普米族\拈达\则\封山\仪式\入选\云南省\第四批\省级\非物质文化\遗产\代表性\项目\名录\。\项目\代表性\传承\人\是\偏\初里\。,普米族
德昂族酸茶制作技艺,云南省第四批,,云南省德宏傣族景颇族自治州芒市,德昂族素有茶的子孙古老的茶农之称其创世史诗《达古达楞格莱标》中说德昂族是茶叶变的茶是德昂族的根。种茶、饮茶、送茶记述了德昂族从远古走来的足迹茶成为德昂族千百年来社会交往、防病治病的重要饮品。德昂族酸茶制作技艺以当地大叶种茶作为原料工具有簸箕、竹笋叶、竹筒、竹筐、揉茶机等。茶叶采摘之后须尽快用竹制簸箕摊开晾晒避免阳光直射确保茶叶完整、新鲜、匀净。然后清洗茶叶蒸茶杀青将蒸好的茶放置于簸箕晾至室温后开始揉茶。用手工或揉茶机进行揉捻力度、时长适中避免茶叶破碎。将揉好的茶叶塞入竹筒或竹筐土坑发酵用竹筒地窖发酵用竹筐压紧用洗净的竹笋叶封口用竹篾扎紧。土坑发酵即将竹筒埋入土坑口朝下用石板压住竹筒底部盖上泥土。地窖发酵即把密封好的竹筐茶放入地窖堆放发酵天后出窖其间不能打开确保密封。将发酵好的酸茶加工为成品日光干燥即可。德昂族酸茶分湿茶和干茶两种在适宜条件下湿茶可保存年干茶可长期保存。湿茶可食用加入番茄、食盐、花生、香油、辣椒等佐料美味可口具有清香、微涩、回甘、健脾开胃的特点是德昂族的传统美食。干茶则用于冲饮汤色透亮嗅之微酸轻柔爽口既有熟茶的柔和又具绿茶的清新回味甘甜解暑生津。相关制品有条茶、圆茶、片茶、砖茶、团茶等。年德昂族酸茶制作技艺入选云南省第四批省级非物质文化遗产代表性项目名录。项目代表性传承人是杨腊三。,省级,德昂族\素有\茶\的\子孙\古老\的\茶农\之称\其\创世\史诗\《\达古达楞格莱标\》\中说\德昂族\是\茶叶\变\的\茶\是\德昂族\的\根\。\种茶\、\饮茶\、\送\茶\记述\了\德昂族\从\远古\走来\的\足迹\茶\成为\德昂族\千百年来\社会交往\、\防病治病\的\重要\饮品\。\德昂族酸茶制作技艺\以\当地\大叶种\茶\作为\原料\工具\有\簸箕\、\竹笋\叶\、\竹筒\、\竹筐\、\揉\茶机\等\。\茶叶\采摘\之后\须\尽快\用\竹制\簸箕\摊开\晾晒\避免\阳光\直射\确保\茶叶\完整\、\新鲜\、\匀净\。\然后\清洗\茶叶\蒸茶\杀青\将\蒸\好\的\茶\放置\于\簸箕\晾\至\室温\后\开始\揉\茶\。\用\手工\或\揉\茶机\进行\揉\捻\力度\、\时\长\适中\避免\茶叶\破碎\。\将\揉\好\的\茶叶\塞入\竹筒\或\竹筐\土坑\发酵\用\竹筒\地窖\发酵\用\竹筐\压紧\用\洗净\的\竹笋\叶\封口\用\竹篾\扎紧\。\土坑\发酵\即将\竹筒\埋入\土坑\口朝\下用\石板\压住\竹筒\底部\盖上\泥土\。\地窖\发酵\即\把\密封\好\的\竹筐\茶\放入\地窖\堆放\发酵\天后\出窖\其间\不能\打开\确保\密封\。\将\发酵\好\的\酸\茶\加工\为\成品\日光\干燥\即可\。\德昂族\酸茶\分湿\茶\和\干\茶\两种\在\适宜\条件\下湿\茶\可\保存\年\干\茶\可\长期\保存\。\湿茶\可食用\加入\番茄\、\食盐\、\花生\、\香油\、\辣椒\等\佐料\美味可口\具有\清香\、\微涩\、\回甘\、\健脾开胃\的\特点\是\德昂族\的\传统\美食\。\干茶\则\用于\冲\饮汤\色\透亮\嗅\之\微酸\轻柔\爽口\既有\熟茶\的\柔和\又\具\绿茶\的\清新\回味\甘甜\解暑\生津\。\相关\制品\有条\茶\、\圆茶\、\片茶\、\砖茶\、\团茶\等\。\年\德昂族酸茶制作技艺\入选\云南省\第四批\省级\非物质文化\遗产\代表性\项目\名录\。\项目\代表性\传承\人\是\杨腊\三\。,德昂族
石羊筒子锅煎盐技艺,第四批,传统技艺,大姚县文化馆,石羊古称白井传说有公羊舔土蒙氏掘地取卤得石似羊而得名。石羊自西汉凿井采盐以来一直是云南井盐的盛产地明末清初达到鼎盛一度商贾云集、经济繁荣有千年盐都之称。石羊地区的庆丰井开凿于西汉沿用至今仍保存完好由井道、淡水井、卤水井等部分构成形制规模完整。人们在取卤水制盐前通常要举行一定的祭祀仪式。卤水汲取有辘轳提汲、竹筒抽汲及人工背运三种形式。煎盐灶有蹄形灶、鸡窝灶两种。主要分为四个步骤把卤水倒入灶上的铸铁筒子锅中用柴煮沸使水分挥发将后排锅内的浓盐水舀入前排锅内逐渐蒸发水分依次向前反复操作制出盐沙趁热在含有少量水分时把盐沙舀入木模中锤紧后倒出做成盐团再用火烘烤使其干燥坚硬便于贮存运输。盐团呈圆柱体头平体圆约重千克。盐色白、沙粗、无苦味适宜调味、制作咸菜和腌肉。盐水、盐汁则常用于做泡菜、豆瓣酱、面酱或腌制火腿等。因耗薪多、污染大、耗能高传统的筒子锅制盐技艺濒于失传亟待保护。年石羊筒子锅煎盐技艺入选云南省第四批省级非物质文化遗产代表性项目名录。代表性传承人是赵仲武。,省级,石羊\古称\白井\传说\有\公羊\舔\土蒙氏掘\地取\卤得\石似\羊\而\得名\。\石羊\自\西汉\凿井\采盐\以来\一直\是\云南\井盐\的\盛产\地\明末清初\达到\鼎盛\一度\商贾\云集\、\经济繁荣\有\千年\盐都\之称\。\石羊\地区\的\庆丰\井\开凿\于\西汉\沿用至今\仍\保存\完好\由井道\、\淡水\井\、\卤\水井\等\部分\构成\形制\规模\完整\。\人们\在\取\卤水\制盐\前\通常\要\举行\一定\的\祭祀\仪式\。\卤水\汲取\有\辘轳\提汲\、\竹筒\抽\汲及\人工\背运\三种\形式\。\煎\盐\灶\有\蹄形\灶\、\鸡窝\灶\两种\。\主要\分为\四个\步骤\把\卤水\倒入\灶\上\的\铸铁\筒子\锅中用\柴\煮沸\使\水分\挥发\将\后排\锅内\的\浓\盐水\舀\入\前排\锅内\逐渐\蒸发\水分\依次\向前\反复\操作\制出\盐沙\趁热\在\含有\少量\水分\时\把\盐沙\舀\入\木模\中锤\紧后\倒\出\做成\盐团\再\用\火\烘烤\使\其\干燥\坚硬\便于\贮存\运输\。\盐团\呈\圆柱体\头平体\圆约重\千克\。\盐色\白\、\沙粗\、\无\苦味\适宜\调味\、\制作\咸菜\和\腌肉\。\盐水\、\盐汁\则\常用\于\做\泡菜\、\豆瓣酱\、\面酱\或\腌制\火腿\等\。\因耗\薪多\、\污染\大\、\耗能\高\传统\的\筒子\锅\制盐\技艺\濒于\失传\亟待\保护\。\年\石羊筒子锅煎盐技艺\入选\云南省\第四批\省级\非物质文化\遗产\代表性\项目\名录\。\代表性\传承\人\是\赵仲武\。,
土碱制作技艺,云南省第四批,,云南省大理白族自治州祥云县,据祥云县刘厂镇王家庄村碑刻记载当地碱地开发始于清雍正年间成熟于清末世纪年代达到鼎盛至今已有近年历史。土碱制作技艺的基础设施主要有碱地、蓄水塘、碱水台子、硝房、熬硝房等工具有撑杆、水桶、锄头、粪箕、长把瓢、草席、硝盆、硝箍盆、硝箍、脱瓢等。土碱制作技艺的工序有铺撒泡灌。将沙均匀铺撒到硝地墒子上沙厚约厘米从温泉中将碱水泡灌在硝地的硝沟中水量适中浸湿即可。隔一天半左右硝地水蒸发干接着泡五次水水蒸发干后墒面上出现雪白色时即可收获。收获硝灰。待碱水泡灌五水后硝地呈白色将雪白的硝灰铲刮起来刮硝挑入硝灰房将生沙撒入硝地准备下一轮生产。过滤提纯。这是生产过程中两次蒸发环节中间的粗加工。将硝灰填入过滤仓踩实填满掺添温泉水让其过滤到台子洞滤满水后再用铁瓢舀入台子循环二至三次后碱水变为暗红色的浓缩水即酽水。将酽水从台子洞内取出即可进入熬制阶段。熬制。碱水经台子过滤提纯后呈黄里透红的晶亮色将其移至熬硝房锅内用猛火熬煮一昼夜进行第二次蒸发。成形。平整出床铺大小的硝灰用木块拍平拍实铺上浸水的秧草席用硝箍盆和硝箍进行蘸水脱制避免粘连。其间不可见阳光确保易干色鲜土碱一般在清晨成形此时气温低、凉爽便于土碱成形风干。晾晒入库。在中午十二点前后把脱制在席铺上的土碱放入晒硝粪箕进行晾晒摘硝宜通风凉爽不宜暴晒。待土碱发白可在阳光下晒至干透。制硝牙。硝牙是土碱精品形似大块冰糖色黄白晶莹呈半透明状。制作方法有季节性用料纯。在可结冰的严冬将浓酽水沉淀、去杂质放入瓦盆置于室外待结成硝牙后在瓦盆底放入热水稍加温便可完整取出硝牙晾干后收藏即可。土碱产品通常销往下关、大理、洱源、鹤庆、姚安、大姚、楚雄、昆明等地用于日常生活和工业生产。年土碱制作技艺入选云南省第四批省级非物质文化遗产代表性项目名录。项目代表性传承人是朱永明。,省级,据\祥云县\刘厂\镇\王家庄\村\碑刻\记载\当地\碱地\开发\始于\清\雍正年间\成熟\于\清末\世纪\年代\达到\鼎盛\至今已有\近年\历史\。\土碱制作技艺\的\基础设施\主要\有\碱地\、\蓄水\塘\、\碱水\台子\、\硝房\、\熬\硝房\等\工具\有\撑杆\、\水桶\、\锄头\、\粪箕\、\长\把\瓢\、\草席\、\硝盆\、\硝箍盆\、\硝箍\、\脱瓢\等\。\土碱制作技艺\的\工序\有\铺\撒\泡\灌\。\将沙\均匀\铺\撒到\硝地\墒\子\上\沙厚\约\厘米\从\温泉\中将\碱\水泡\灌\在\硝地\的\硝沟\中\水量\适中\浸湿\即可\。\隔\一天\半左右\硝地水\蒸发\干\接着\泡\五次\水水\蒸发\干后\墒\面上\出现\雪白色\时\即可\收获\。\收获\硝灰\。\待碱\水泡\灌五水后\硝地\呈\白色\将\雪白\的\硝灰铲\刮起来\刮硝挑入\硝灰房\将\生沙\撒入\硝地\准备\下\一轮\生产\。\过滤\提纯\。\这是\生产\过程\中\两次\蒸发\环节\中间\的\粗加工\。\将\硝灰\填入\过滤\仓\踩\实\填满\掺添\温泉水\让\其\过滤\到\台子\洞滤\满水后\再\用\铁瓢\舀\入\台子\循环\二至\三次\后\碱水\变为\暗红色\的\浓缩\水即\酽\水\。\将\酽\水\从\台子\洞内\取出\即可\进入\熬制\阶段\。\熬制\。\碱水\经\台子\过滤\提纯\后\呈\黄里\透红\的\晶亮\色\将\其\移至\熬\硝房\锅\内用\猛火\熬\煮\一\昼夜\进行\第二次\蒸发\。\成形\。\平整\出\床铺\大小\的\硝灰用\木块\拍平\拍实\铺上\浸水\的\秧\草席\用硝箍盆\和\硝\箍\进行\蘸\水\脱制\避免\粘连\。\其间\不\可见\阳光\确保\易干色\鲜土碱\一般\在\清晨\成形\此时\气温\低\、\凉爽\便于\土碱\成形\风干\。\晾晒\入库\。\在\中午\十二点\前后\把\脱制\在\席\铺上\的\土碱\放入\晒\硝\粪箕\进行\晾晒\摘硝宜\通风\凉爽\不宜\暴晒\。\待\土碱\发白\可\在\阳光\下\晒\至\干透\。\制硝牙\。\硝牙\是\土碱\精品\形似\大块\冰糖\色\黄白\晶莹\呈\半透明\状\。\制作方法\有\季节性\用料\纯\。\在\可\结冰\的\严冬\将\浓\酽\水\沉淀\、\去\杂质\放入\瓦盆\置于\室外\待\结成\硝牙后\在\瓦盆\底\放入\热水\稍加\温便\可\完整\取出\硝牙\晾干\后\收藏\即可\。\土碱\产品\通常\销往\下关\、\大理\、\洱源\、\鹤庆\、\姚安\、\大姚\、\楚雄\、\昆明\等\地\用于\日常生活\和\工业生产\。\年\土碱制作技艺\入选\云南省\第四批\省级\非物质文化\遗产\代表性\项目\名录\。\项目\代表性\传承\人\是\朱\永明\。,
火草纺织技艺,云南省第三批,传统技艺,云南省南华县,火草纺织技艺是中国纺织史上较为独特的技艺它是一种以野生植物的叶子为原料的混纺技艺距今有多年的纺织历史。《南诏通纪》记载草叶三四寸蹋地而生。叶背有绵取其端而抽之成丝织以为布宽寸许。以为可以为燧取火故曰火草。火草纺织是一项由家庭妇女承担的重要的家庭手工业主要解决穿衣问题。过去当地彝族无论老幼每人都需备置一套火草麻布衣作为孝服现在他们把火草麻布加工成衣裤绣上图案花纹作为节日盛装。火草纺织从原料加工到出成品经过种麻、割麻、晒麻、剥麻皮、晒麻皮、浸泡麻皮、分麻皮、切麻线、采火草叶、撕白丝、搓丝线、绕丝团、纺线、煮麻线、洗麻线、晒麻线、上羊油、绕线、上机纺织等道工序。火草麻布绵软洁白结实耐磨冬暖夏凉是麻布中的上品。其制作原料葛麻和火草都取自大自然具有柔韧性和保暖性。火草纺织技艺是一项保存较为完整的家庭手工艺是西南少数民族在纺织技术上一项重要的创造和发明是南华县彝族心灵与智慧的结晶。年火草纺织技艺入选云南省第三批省级非物质文化遗产代表性项目名录扩展项目名录。项目代表性传承人是罗应琴。,省级,火草纺织技艺\是\中国\纺织\史上\较为\独特\的\技艺\它\是\一种\以\野生植物\的\叶子\为\原料\的\混纺\技艺\距今\有\多年\的\纺织\历史\。\《\南诏\通纪\》\记载\草叶\三四寸\蹋\地而生\。\叶背\有\绵取\其端\而\抽之成\丝织\以为\布宽寸许\。\以为\可以\为\燧\取火\故曰\火草\。\火草\纺织\是\一项\由\家庭妇女\承担\的\重要\的\家庭\手工业\主要\解决\穿衣\问题\。\过去\当地\彝族\无论\老幼\每人\都\需\备置\一套\火草\麻布\衣\作为\孝服\现在\他们\把\火草\麻布\加工\成\衣裤\绣\上\图案\花纹\作为\节日\盛装\。\火草\纺织\从\原料\加工\到\出\成品\经过\种麻\、\割麻\、\晒麻\、\剥\麻皮\、\晒\麻皮\、\浸泡\麻皮\、\分\麻皮\、\切\麻线\、\采火\草叶\、\撕白丝\、\搓\丝线\、\绕丝团\、\纺线\、\煮\麻线\、\洗\麻线\、\晒\麻线\、\上\羊油\、\绕线\、\上机\纺织\等\道工序\。\火草\麻布\绵软\洁白\结实\耐磨\冬暖夏凉\是\麻布\中\的\上品\。\其\制作\原料\葛麻\和\火草\都\取自\大自然\具有\柔韧性\和\保暖性\。\火草纺织技艺\是\一项\保存\较为\完整\的\家庭\手工艺\是\西南\少数民族\在\纺织\技术\上\一项\重要\的\创造\和\发明\是\南华县\彝族\心灵\与\智慧\的\结晶\。\年\火草纺织技艺\入选\云南省\第三批\省级\非物质文化\遗产\代表性\项目\名录\扩展\项目\名录\。\项目\代表性\传承\人\是\罗应琴\。,彝族
纳西族医药,第三批,传统医药,玉龙纳西族自治县非物质文化遗产保护中心,纳西族医药是大量吸纳融合藏族、白族、汉族医学知识结合地域、生态、物种和纳西族的哲学观以纳西族医学思想为主线创造的医药体系以口传心授、师徒相传的方式传承至今。纳西族医药建立在卢色阴阳、精威五行学说和巴格图哲学观上采用看诊法和三段切诊法并以境内丰富的药材资源为基础。治疗范围涵盖了内科、外科、妇科、小儿科等特别擅长治疗风湿病、骨折、跌打损伤及小儿积食等病症。境内有药材余种主要取材于动植物。剂型有药丸、汤剂、散剂、搽剂、酒剂、洗剂等类别。当地医生善于制作药丸使用药膳和酒剂。清朝道光年间纳西族名医和介山的著作《玉龙本草》载有本地产中草药种阐述了纳西用药之单方对所收载的药物都详细记录了采挖时间地点、加工炮制、药用部位、功效和主治等是一本民族性、区域性的医药著作是纳西族人民在长期的生产生活和与疾病的斗争中总结出的医学经验成为纳西族人民的民族医药遗产代表著作。纳西族医药的药材资源丰富医药理论独具特色重视用药、情志平和等典型方面。它依靠纳西族聚居区丰富的药材资源一直为当地群众服务是现代医疗的有效辅助。目前纳西族医药后继乏人临床水平逐渐下降民族特色不断淡化纳西族医药文化失去了生存的土壤和群众基础有消亡的危险亟待保护。年纳西族医药诊疗法入选云南省第三批省级非物质文化遗产代表性项目名录。项目代表性传承人是和忠。,省级,纳西族医药\是\大量\吸纳\融合\藏族\、\白族\、\汉族\医学知识\结合\地域\、\生态\、\物种\和\纳西族\的\哲学观\以\纳西族\医学\思想\为主\线\创造\的\医药\体系\以\口传心授\、\师徒\相传\的\方式\传承\至今\。\纳西族医药\建立\在\卢色\阴阳\、\精威\五行\学说\和\巴格图\哲学观\上\采用\看诊法\和\三段\切诊\法\并\以\境内\丰富\的\药材\资源\为\基础\。\治疗\范围\涵盖\了\内科\、\外科\、\妇科\、\小儿科\等\特别\擅长\治疗\风湿病\、\骨折\、\跌打损伤\及\小儿\积食\等\病症\。\境内\有\药材\余种\主要\取材于\动植物\。\剂型\有\药丸\、\汤剂\、\散剂\、\搽\剂\、\酒剂\、\洗剂\等\类别\。\当地\医生\善于\制作\药丸\使用\药膳\和\酒剂\。\清朝\道光\年间\纳西族\名医\和\介山\的\著作\《\玉龙\本草\》\载有\本地产\中草药\种\阐述\了\纳西\用药\之\单方\对\所\收载\的\药物\都\详细\记录\了\采挖\时间\地点\、\加工\炮制\、\药用\部位\、\功效\和\主治\等\是\一本\民族性\、\区域性\的\医药\著作\是\纳西族\人民\在\长期\的\生产\生活\和\与\疾病\的\斗争\中\总结\出\的\医学\经验\成为\纳西族\人民\的\民族\医药\遗产\代表\著作\。\纳西族医药\的\药材\资源\丰富\医药\理论\独具特色\重视\用药\、\情志\平和\等\典型\方面\。\它\依靠\纳西族\聚居区\丰富\的\药材\资源\一直\为\当地\群众\服务\是\现代\医疗\的\有效\辅助\。\目前\纳西族医药\后继乏人\临床\水平\逐渐\下降\民族特色\不断\淡化\纳西族医药\文化\失去\了\生存\的\土壤\和\群众\基础\有\消亡\的\危险\亟待\保护\。\年\纳西族医药\诊疗\法\入选\云南省\第三批\省级\非物质文化\遗产\代表性\项目\名录\。\项目\代表性\传承\人\是\和\忠\。,纳西族
火草纺织技艺,第四批,传统技艺,云南省石林县,彝族火草纺织流传于云南省昆明市石林县一带和石林西南部的圭山、长湖等撒尼人聚集区。彝族火草布是彝族撒尼人民间著名的纺织品种。火草叶为草本植物每年七八月间生长于山坡沟箐。每株小草有至片叶子火草叶呈尖毛状草叶仅长至厘米、宽厘米叶子的背面有一薄层乳白色具有一定韧性的纤维可以撕下形似棉纸是制作火草褂子的原料。每年夏末撒尼妇女们成群结队到山上采集火草叶片。采回的火草叶片一定要在三天之内捻成线绕成团待到冬季农闲时再纺织。一件火草褂子需要至公斤的火草叶片。火草布制作工艺极其复杂必须历采火草、洗火草叶、撕火草绒、捻火草线、纺火草线、上线架拧线、圈火草线、提火草线和织火草布、量体裁布缝衣等多道工序。火草布有不生虫、抗腐蚀的特点制成服装有冬暖夏凉、养身养颜、防雨耐磨等特点是极好的民族生产生活服装。近年来由于生态日益恶化和外来物种紫茎泽兰的滋生蔓延火草叶在石林境内越来越少给火草布制作技艺的传承带来很大困难火草布制作技艺传承乏人处于濒危状态。年火草纺织技艺入选云南省第四批省级非物质文化遗产代表性项目名录扩展项目名录。项目代表性传承人是杨竹兰。火草布纺织火草被成品正面织火草布,省级,彝族\火草\纺织\流传\于\云南省\昆明市\石林\县\一带\和\石林\西南部\的\圭\山\、\长湖\等\撒尼\人\聚集区\。\彝族\火草布\是\彝族\撒尼\人\民间\著名\的\纺织\品种\。\火\草叶\为\草本植物\每年\七八\月间\生长\于\山坡\沟\箐\。\每株\小草\有\至片\叶子\火\草叶\呈\尖\毛状\草叶\仅长\至\厘米\、\宽\厘米\叶子\的\背面\有\一\薄层\乳白色\具有\一定\韧性\的\纤维\可以\撕下\形似\棉纸\是\制作\火草\褂子\的\原料\。\每年\夏末\撒尼\妇女\们\成群结队\到\山上\采集\火草\叶片\。\采回\的\火草\叶片\一定\要\在\三天\之内\捻\成线\绕\成团\待\到\冬季\农闲\时\再\纺织\。\一件\火草\褂子\需要\至\公斤\的\火草\叶片\。\火草布\制作\工艺\极其\复杂\必须\历采\火草\、\洗火\草叶\、\撕火\草绒\、\捻\火草线\、\纺火\草线\、\上线\架\拧\线\、\圈火\草线\、\提火\草线\和织\火草布\、\量\体裁\布缝\衣\等\多\道工序\。\火草布\有\不\生虫\、\抗腐蚀\的\特点\制成\服装\有\冬暖夏凉\、\养身\养颜\、\防雨\耐磨\等\特点\是\极好\的\民族\生产\生活\服装\。\近年来\由于\生态\日益\恶化\和\外来\物种\紫茎\泽兰\的\滋生\蔓延\火\草叶\在\石林\境内\越来越少\给\火草布\制作\技艺\的\传承\带来\很大\困难\火草布\制作\技艺\传承\乏人\处于\濒危\状态\。\年\火草纺织技艺\入选\云南省\第四批\省级\非物质文化\遗产\代表性\项目\名录\扩展\项目\名录\。\项目\代表性\传承\人\是\杨竹兰\。\火草布\纺织\火草\被\成品\正面\织火\草布,彝族
漾濞彝族刺绣,第四批,传统美术,漾濞县文化馆,云南大理漾濞县鸡街乡的彝族刺绣传承历史悠久构图精美独具地方特色。图案纹样以动物、树木、花、鸟为主抽象几何纹样次之并加以银饰点缀。广泛运用于彝族服饰、鞋子、鞋垫、背包、钱包、被套、枕头、帐帘、荷包等。从帽子到上衣再到裙裳和围腰刺绣作为装饰纹样成就了彝族服饰的华丽同时也凸显出彝族刺绣技艺的高超尤其是新娘服装。彝族少女从小便开始学习多种刺绣针法之后再学拼接图案和色彩搭配至十一、二岁时便能自己独自对绣样进行设计。经过长时间的积累到出嫁时必须穿着自己亲手设计和缝制的新娘嫁衣。彝族刺绣在当地主要依靠女性传承。年漾濞彝族刺绣入选云南省第四批省级非物质文化遗产代表性项目名录扩展项目名录。项目代表性传承人是吉珍琳、胡花妹。,省级,云南\大理\漾濞县\鸡街\乡\的\彝族\刺绣\传承\历史悠久\构图\精美\独具\地方\特色\。\图案\纹样\以\动物\、\树木\、\花\、\鸟\为主\抽象\几何\纹样\次之\并\加以\银饰\点缀\。\广泛\运用\于\彝族\服饰\、\鞋子\、\鞋垫\、\背包\、\钱包\、\被套\、\枕头\、\帐帘\、\荷包\等\。\从\帽子\到\上衣\再到\裙裳\和\围\腰\刺绣\作为\装饰\纹样\成就\了\彝族\服饰\的\华丽\同时\也\凸显出\彝族\刺绣\技艺\的\高超\尤其\是\新娘\服装\。\彝族\少女\从小\便\开始\学习\多种\刺绣\针法\之后\再学\拼接\图案\和\色彩\搭配\至\十一\、\二岁\时\便\能\自己\独自\对绣样\进行\设计\。\经过\长时间\的\积累\到\出嫁\时\必须\穿着\自己\亲手\设计\和\缝制\的\新娘\嫁衣\。\彝族\刺绣\在\当地\主要\依靠\女性\传承\。\年\漾濞彝族刺绣\入选\云南省\第四批\省级\非物质文化\遗产\代表性\项目\名录\扩展\项目\名录\。\项目\代表性\传承\人\是\吉珍琳\、\胡花妹\。,彝族
新平火把节,第四批,民俗,云南省新平县,彝族火把节又称过大年为彝族传统盛大民俗节日流传于云南省玉溪市新平县各彝族聚居村寨。活动时间为每年农历六月二十三至二十五日。彝族火把节历史悠久内容丰富。节日起源于彝族英雄黑体拉巴英勇抗击恶魔为民除害聪明美丽的彝族姑娘妮璋阿芝想办法发动群众扎火把点燃火把烧死天虫保住彝族人民美好家园的传说。农历六月二十三日一大早彝族村民要在村寨门口扎起大火把宰杀将要祭献的公牛和鸡。每户人家将分到的牛肉和鸡煮熟后先到房顶祭献喝咱神堂祈求衣禄神保佑家业兴旺然后到屋内神堂祭献祖宗追思感恩。二十四日每家每户首先扎起两个小火把摆在房顶当夜幕降临每家派出一名人员到大火把旁引取火种点燃自家放置在房顶的小火把全寨火光熊熊。待小火把渐渐熄灭寨中人聚居到大火把周围听寨主念诵祭语祈求天神保佑村寨平安。之后寨主点燃大火把后村人围大火唱歌跳舞通宵达旦。二十五日祭师在每家房顶和大门口念咒俗称叫魂为家人驱邪求平安、五谷丰登、六畜兴旺。彝族火把节源于火崇拜集中了彝族各种音乐舞蹈和服饰艺术。其中艺术形式主要分两类一是群众性音乐歌舞每个村寨都有大家公认的代表性艺人另一种是已经形成一定影响且相对固定的乐种、舞种拥有较为突出的传承体系和较大影响的代表性艺人。彝族火把节现已成为加强民族自我认同促进社会和谐进步、传承传统优秀传统文化的重要载体和形式。由于传统观念及习俗淡化、节庆活动城镇化、民俗活动商业化彝族传统火把节习俗传承面临危机亟待抢救保护传承。年新平火把节入选云南省第四批省级非物质文化遗产代表性项目名录扩展项目名录。项目代表性传承人是鲁文林。,省级,彝族\火把节\又称\过大年\为\彝族\传统\盛大\民俗\节日\流传\于\云南省\玉溪市\新平县\各\彝族\聚居\村寨\。\活动\时间\为\每年\农历\六月\二十三\至\二十五日\。\彝族\火把节\历史悠久\内容丰富\。\节日\起源于\彝族\英雄\黑体\拉巴\英勇\抗击\恶魔\为民除害\聪明\美丽\的\彝族\姑娘\妮璋\阿芝\想\办法\发动群众\扎\火把\点燃\火把\烧死\天虫\保住\彝族\人民\美好\家园\的\传说\。\农历\六月\二十三日\一大早\彝族\村民\要\在\村寨\门口\扎起\大\火把\宰杀\将要\祭献\的\公牛\和\鸡\。\每户\人家\将\分到\的\牛肉\和\鸡\煮熟\后\先到\房顶\祭献\喝\咱\神堂\祈求\衣\禄神\保佑\家业\兴旺\然后\到\屋内\神堂\祭献\祖宗\追思\感恩\。\二十四日\每家每户\首先\扎起\两个\小\火把\摆在\房顶\当\夜幕降临\每家\派出\一名\人员\到\大\火把\旁\引取\火种\点燃\自家\放置\在\房顶\的\小\火把\全寨\火光熊熊\。\待\小\火把\渐渐\熄灭\寨\中人\聚居\到\大\火把\周围\听\寨主\念诵\祭语\祈求\天神\保佑\村寨\平安\。\之后\寨主\点燃\大\火把\后村\人围\大火\唱歌跳舞\通宵达旦\。\二十五日\祭师\在\每家\房顶\和\大门口\念咒\俗称\叫魂\为\家人\驱邪\求\平安\、\五谷丰登\、\六畜兴旺\。\彝族\火把节\源于\火\崇拜\集中\了\彝族\各种\音乐舞蹈\和\服饰\艺术\。\其中\艺术形式\主要\分\两类\一是\群众性\音乐\歌舞\每个\村寨\都\有\大家\公认\的\代表性\艺人\另\一种\是\已经\形成\一定\影响\且\相对\固定\的\乐种\、\舞种\拥有\较为\突出\的\传承\体系\和\较大\影响\的\代表性\艺人\。\彝族\火把节\现已\成为\加强\民族\自我\认同\促进\社会\和谐\进步\、\传承\传统\优秀\传统文化\的\重要\载体\和\形式\。\由于\传统观念\及\习俗\淡化\、\节庆\活动\城镇化\、\民俗\活动\商业化\彝族\传统\火把节\习俗\传承\面临\危机\亟待\抢救\保护\传承\。\年\新平火把节\入选\云南省\第四批\省级\非物质文化\遗产\代表性\项目\名录\扩展\项目\名录\。\项目\代表性\传承\人\是\鲁\文林\。,彝族
河口瑶族度戒,第四批,民俗,河口县文化馆,红河州河口瑶族自治县瑶族的度戒仪式过程清晰、完整。河口县有蓝靛瑶和红头瑶两个支系均有度戒习俗。瑶族男子岁时为其开天、地、人、佛、畜、鬼六道即为度戒对其授予十戒、十问的道德行为戒律以宗教信仰与仪式来教育与规范瑶族后代的道德与行为体现了瑶族的祖先崇拜、自然崇拜、孝道文化、人生礼仪与道德行为规范。通过度戒仪式的考验瑶族男子便正式成人才有资格参加瑶族各项社会活动才有资格学习本民族宗教知识、民族历史知识、民歌知识和生产技能。河口瑶族度戒程序较为复杂依次分为日午灯筵、贡筵红楼、金楼明真三个级别。度戒仪式程序较复杂主要程序有投坛投师、开经、设坛、喃师、动鼓安帅、功曹奏庙、招龙运水、祝贺楼台、请圣证明、启师授戒、存黍存谷魂、安坛、场筵奉送十三个历时两天一夜。仪式级别高的达七天七夜但高级别的仪式已失传无人能举行。度戒时展演套组合舞蹈、种音乐节奏和曲调是瑶族音乐、歌曲、戏剧的大展会也是传承民族传统文化的平台。年河口瑶族度戒入选云南省第四批省级非物质文化遗产代表性项目名录。项目代表性传承人是李文山。,省级,红河州\河口瑶族自治县\瑶族\的\度戒\仪式\过程\清晰\、\完整\。\河口县\有\蓝靛瑶\和\红头\瑶\两个\支系\均\有\度戒\习俗\。\瑶族\男子\岁\时\为\其\开天\、\地\、\人\、\佛\、\畜\、\鬼\六道\即\为\度戒\对\其\授予\十戒\、\十问\的\道德行为\戒律\以\宗教信仰\与\仪式\来\教育\与\规范\瑶族\后代\的\道德\与\行为\体现\了\瑶族\的\祖先崇拜\、\自然崇拜\、\孝道\文化\、\人生\礼仪\与\道德行为\规范\。\通过\度戒\仪式\的\考验\瑶族\男子\便\正式\成\人才\有\资格\参加\瑶族\各项\社会活动\才\有\资格\学习\本\民族宗教\知识\、\民族\历史\知识\、\民歌\知识\和\生产\技能\。\河口瑶族度戒\程序\较为\复杂\依次\分为\日午\灯\筵\、\贡筵\红楼\、\金楼\明真\三个\级别\。\度戒\仪式\程序\较\复杂\主要\程序\有\投坛\投师\、\开经\、\设坛\、\喃师\、\动鼓安帅\、\功\曹奏庙\、\招龙\运水\、\祝贺\楼台\、\请\圣\证明\、\启师\授戒\、\存黍\存谷魂\、\安坛\、\场\筵\奉送\十三个\历时\两天\一夜\。\仪式\级别\高\的\达\七天\七夜\但\高级\别的\仪式\已\失传\无人\能\举行\。\度戒\时\展演\套\组合\舞蹈\、\种\音乐\节奏\和\曲调\是\瑶族\音乐\、\歌曲\、\戏剧\的\大\展会\也\是\传承\民族\传统文化\的\平台\。\年\河口瑶族度戒\入选\云南省\第四批\省级\非物质文化\遗产\代表性\项目\名录\。\项目\代表性\传承\人\是\李\文山\。,瑶族
彝族三弦制作技艺,云南省第四批,,云南省楚雄彝族自治州南华县,彝族三弦制作技艺遍及南华县十个乡镇各乡镇都有三弦制作作坊使用材料不同风格各异制作流程大致相同。首先用前一年砍下阴干的刺桐、楸木、红木、黄杨、紫柚木等根据需要锯成米大三弦、米中三弦或米小三弦不等的弦筒备料。然后将料锯成四角形剜空用砂布打磨成形在弦筒背面题款、雕花。弦皮选用上等大羯羊皮晒五天以上干透为止。蒙弦皮前三天把干皮泡软去掉毛和皮肉杂质紧绷到弦筒上弦滚用牛角制作。用刺桐、楸木、红木、黄杨、紫柚木等原料作弦杆弦杆有大中小三种长分别为米、米、米。用龙竹、金梅花树制作弦钮和弦山。弦码形似虎头须精细雕刻置于羊皮中央用以调节三弦共鸣之声。传统弦线采用浸蜡麻线、羊肠线、马尾毛、尼龙线等原材料现今多采用钓鱼线三根弦线系于菱形弦杆末端与三个弦轴之间。三弦制作完成后还需上道油漆素弦上清漆另根据图样需要涂上各种色彩鲜艳的桐油漆或生漆再用有色图钉做成护弦。弦带多为彝族少女手工刺绣品长约米图案多为花鸟虫鱼色彩艳丽系在弦杆两端并饰以彩色绣球便于演奏时将三弦挂于胸前。彝族三弦曲目有《江边小调》《西南小调》《高山小调》《山鸽子》《阿苏遮》等三弦是彝族舞曲的主要伴奏乐器在彝族群众婚、丧、歌舞、祭祀、农耕等生产生活习俗中有重要作用在促进民族团结、传承彝族传统文化等方面有重要意义。年彝族三弦制作技艺入选云南省第四批省级非物质文化遗产代表性项目名录。项目代表性传承人是周建荣、起开才。,省级,彝族三弦制作技艺\遍及\南华县\十个\乡镇\各乡镇\都\有\三弦\制作\作坊\使用\材料\不同\风格各异\制作\流程\大致相同\。\首先\用前\一年\砍\下\阴干\的\刺桐\、\楸\木\、\红木\、\黄杨\、\紫\柚木\等\根据\需要\锯成\米\大三弦\、\米\中\三弦\或\米\小\三弦\不等\的\弦\筒\备料\。\然后\将料\锯成\四角形\剜\空用\砂布\打磨\成形\在\弦\筒\背面\题款\、\雕花\。\弦\皮\选用\上\等\大\羯\羊皮\晒\五天\以上\干透\为止\。\蒙弦皮\前三天\把\干皮\泡\软\去掉\毛\和\皮肉\杂质\紧绷\到\弦\筒\上弦\滚用\牛角\制作\。\用\刺桐\、\楸\木\、\红木\、\黄杨\、\紫\柚木\等\原料\作弦杆\弦\杆\有\大中小\三种\长\分别\为\米\、\米\、\米\。\用龙竹\、\金\梅花\树\制作\弦\钮\和弦\山\。\弦码\形似\虎头\须\精细\雕刻\置于\羊皮\中央\用以\调节\三弦\共鸣\之声\。\传统\弦线\采用\浸蜡\麻线\、\羊肠线\、\马尾\毛\、\尼龙线\等\原材料\现今\多\采用\钓鱼\线\三根\弦线\系于\菱形\弦\杆\末端\与\三个\弦\轴\之间\。\三弦\制作\完成\后\还\需上\道\油漆\素弦上\清漆\另\根据\图样\需要\涂上\各种\色彩鲜艳\的\桐油\漆\或\生漆\再用\有色\图钉\做成\护弦\。\弦\带\多\为\彝族\少女\手工\刺绣品\长约\米\图案\多为\花鸟虫鱼\色彩艳丽\系\在\弦\杆\两端\并饰\以\彩色\绣球\便于\演奏\时\将\三弦\挂于\胸前\。\彝族\三弦\曲目\有\《\江边\小调\》\《\西南\小调\》\《\高山\小调\》\《\山\鸽子\》\《\阿苏\遮\》\等\三弦\是\彝族\舞曲\的\主要\伴奏\乐器\在\彝族\群众\婚\、\丧\、\歌舞\、\祭祀\、\农耕\等\生产\生活\习俗\中有\重要\作用\在\促进\民族团结\、\传承\彝族\传统文化\等\方面\有\重要\意义\。\年\彝族三弦制作技艺\入选\云南省\第四批\省级\非物质文化\遗产\代表性\项目\名录\。\项目\代表性\传承\人\是\周建荣\、\起开\才\。,彝族
营上镇庙会,第四批,民俗,富源县文化馆,报恩寺位于富源县太华山据寺内石碑记载报恩寺始建于明崇祯年间。相传慧光法师化斋云游至此病倒得到羊肠营当地百姓救治。慧光法师为感恩救治之德广结善缘在此建起报恩寺取义报答救命恩德广结佛缘弘扬佛法造福百姓之意。当地百姓为感激自建寺以来当地风调雨顺、人杰地灵、物阜民丰便将龙王爷的圣诞日农历三月二十日定为报恩寺赶庙会的日子。庙会活动一直延续开展至今成为云南东部范围最广并影响贵州西部的庙会活动。营上镇庙会日活动内容和形式丰富多样主要有香客烧香、祈福诵经、拜佛许愿等民俗活动全羊汤锅、凉粉卷粉、酸菜猪脚、糯米粑粑等地方特色饮食文化传承竹编草编、剪纸刺绣等民间工艺展示传承山歌赛、竹竿舞、广场舞、民间乐器演奏等民间文艺活动以及气功、魔术表演、耍龙舞狮、旱船表演等传统文体活动等。庙会活动成了规模大、参加人数多、影响范围广的重要民俗。传承人有翟三德、苏金昆、尤宝国、王竹美、田菊芬等人每项重要民俗事项都拥有传承人。该民俗活动对于保护民族传统文化、弘扬民族传统手工技艺、促进民间商贸营生、增加人文交流等方面起到了积极推动作用。年营上镇庙会入选云南省第四批省级非物质文化遗产代表性项目名录。,省级,报恩寺\位于\富源县\太华山\据\寺\内\石碑\记载\报恩寺\始建\于\明崇祯\年间\。\相传\慧光\法师\化斋\云游\至此\病倒\得到\羊肠\营\当地\百姓\救治\。\慧光\法师\为\感恩\救治\之德\广结善缘\在\此\建起\报恩寺\取义\报答\救命\恩德\广结\佛缘\弘扬\佛法\造福\百姓\之意\。\当地\百姓\为\感激\自建寺\以来\当地\风调雨顺\、\人杰地灵\、\物阜民丰\便\将\龙王爷\的\圣诞\日\农历\三月\二十日\定为\报恩寺\赶庙会\的\日子\。\庙会\活动\一直\延续\开展\至今\成为\云南\东部\范围\最广\并\影响\贵州\西部\的\庙会\活动\。\营上镇庙会\日\活动\内容和形式\丰富\多样\主要\有\香客\烧香\、\祈福\诵经\、\拜佛\许愿\等\民俗\活动\全羊\汤锅\、\凉粉\卷粉\、\酸菜\猪脚\、\糯米\粑\粑\等\地方\特色\饮食\文化传承\竹编\草编\、\剪纸\刺绣\等\民间工艺\展示\传承\山歌\赛\、\竹竿舞\、\广场\舞\、\民间\乐器\演奏\等\民间文艺\活动\以及\气功\、\魔术\表演\、\耍龙\舞狮\、\旱船\表演\等\传统\文体活动\等\。\庙会\活动\成\了\规模\大\、\参加\人数\多\、\影响\范围广\的\重要\民俗\。\传承\人有\翟\三德\、\苏金昆\、\尤宝国\、\王竹美\、\田菊芬\等\人\每项\重要\民俗\事项\都\拥有\传承\人\。\该\民俗\活动\对于\保护\民族\传统文化\、\弘扬\民族\传统\手工\技艺\、\促进\民间\商贸\营生\、\增加\人文\交流\等\方面\起到\了\积极\推动\作用\。\年\营上镇庙会\入选\云南省\第四批\省级\非物质文化\遗产\代表性\项目\名录\。,
纳西族传统婚俗,第四批,民俗,古城区非物质文化遗产保护管理中心,纳西族传统婚俗经过了恋爱和婚姻都自由、恋爱自由而婚姻不自主和今天法制条件下的恋爱自由婚姻自主几个阶段的演变。清雍正元年后逐步形成。纳西族传统婚俗大致可以分为说亲、订婚、结婚三个步骤。围绕说亲、定亲、结婚核心内容以媒约、聘礼、彩礼、宴席、回门等组成了一整套的风俗礼仪。它是纳西文化和外来文化融合的产物但又不失地方特色与民族特色是了解纳西文化的一扇重要窗口。纳西族传统婚俗的最大亮点是显著的地域文化特点具有纳西、藏、白、汉及丽江其他民族参与互动的多民族特点和民族文化多样性、宗教文化多元性以及民族团结和谐的突出特征还具有尊老爱幼、邻里和睦、人生美满、万物和谐等人文关怀。纳西族传统婚俗凝聚了纳西民族礼仪风俗的精华保留完整、内容丰富在人类学、民俗学研究中具有重要价值。同时它从一个侧面反映了纳西族主要聚区的自然环境、社会制度、经济制度、生产条件和发展轨迹在历史学、政治学、经济学、地理学研究中具有重要价值。当前由于文化交流空前频繁纳西族婚礼形式日趋多样化和复杂化纳西族婚俗礼仪中具有独特民族韵味的许多重要程序和经典内容逐渐简化。年纳西族传统婚俗入选云南省第四批省级非物质文化遗产代表性项目名录。,省级,纳西族传统婚俗\经过\了\恋爱\和\婚姻\都\自由\、\恋爱\自由\而\婚姻\不\自主\和\今天\法制\条件\下\的\恋爱\自由\婚姻自主\几个\阶段\的\演变\。\清雍正\元年\后\逐步形成\。\纳西族传统婚俗\大致\可以\分为\说亲\、\订婚\、\结婚\三个\步骤\。\围绕\说亲\、\定亲\、\结婚\核心内容\以媒约\、\聘礼\、\彩礼\、\宴席\、\回门\等\组成\了\一整套\的\风俗\礼仪\。\它\是\纳西\文化\和\外来文化\融合\的\产物\但\又\不失\地方\特色\与\民族特色\是\了解\纳西\文化\的\一扇\重要\窗口\。\纳西族传统婚俗\的\最大\亮点\是\显著\的\地域\文化\特点\具有\纳西\、\藏\、\白\、\汉及\丽江\其他\民族\参与\互动\的\多\民族特点\和\民族文化\多样性\、\宗教文化\多元性\以及\民族团结\和谐\的\突出\特征\还\具有\尊老爱幼\、\邻里\和睦\、\人生\美满\、\万物\和谐\等\人文\关怀\。\纳西族传统婚俗\凝聚\了\纳西\民族\礼仪\风俗\的\精华\保留\完整\、\内容丰富\在\人类学\、\民俗学\研究\中\具有\重要\价值\。\同时\它\从\一个\侧面\反映\了\纳西族\主要\聚区\的\自然环境\、\社会制度\、\经济制度\、\生产\条件\和\发展\轨迹\在\历史学\、\政治学\、\经济学\、\地理学\研究\中\具有\重要\价值\。\当前\由于\文化交流\空前\频繁\纳西族\婚礼\形式\日趋\多样化\和\复杂化\纳西族\婚俗\礼仪\中\具有\独特\民族\韵味\的\许多\重要\程序\和\经典\内容\逐渐\简化\。\年\纳西族传统婚俗\入选\云南省\第四批\省级\非物质文化\遗产\代表性\项目\名录\。,纳西族
孟连傣族手工造纸技艺,第一批,传统技艺,孟连县文化馆,孟连傣族手工造纸技艺为一家一户的生产形式传女不传男世代沿袭。该技艺采用纸模为自制土布和竹片合成造纸原料为桑科植物构树皮傣族手工造纸技艺保留了中国古代造纸的工艺流程。工艺流程分为采构皮、去杂质、浸泡、蒸煮、漂洗、打浆、浇纸、晒纸、揭纸等。工具有煮锅、抄纸器、水槽、木槌、戥子、木块或石头、砑光工具等。孟连傣族造纸的主要原料是构树皮俗称革皮树傣语称埋沙工匠于每年至月采集。娜允镇的手艺人波艾章在构皮中加适量榕树皮以的比例一起浸泡、蒸煮生产出来的纸表面光滑书写更流畅实现了傣族传统手工造纸技艺的创新。孟连傣族传统造纸不添加化学制剂纸张纤维韧性好脉络清晰。现在使用孟连傣族传统造纸技艺生产的纸不仅用于抄写经文、制作佛教用品而且许多绘画师将其作为绘画的首选纸银行也把傣族土纸轧成条形用于捆扎现金人民币一些普洱茶的包装也选用这类纸张更有利于保持普洱茶的品质。该地域与东南亚国家山水相连有一脉相传的文化联系对我国边疆民族地区的文化传播起到了重要作用有较高的科学价值和经济实用价值。年孟连傣族手工造纸技艺入选云南省第一批省级非物质文化遗产保护名录。代表性传承人有波玉种、波艾胆和波艾章等。,省级,孟连傣族手工造纸技艺\为\一家一户\的\生产\形式\传女\不传\男\世代\沿袭\。\该\技艺\采用\纸模\为\自制\土布\和\竹片\合成\造纸\原料\为\桑科\植物\构\树皮\傣族手工造纸技艺\保留\了\中国\古代\造纸\的\工艺流程\。\工艺流程\分为\采构\皮\、\去\杂质\、\浸泡\、\蒸煮\、\漂洗\、\打浆\、\浇纸\、\晒纸\、\揭纸\等\。\工具\有\煮\锅\、\抄纸器\、\水槽\、\木槌\、\戥\子\、\木块\或\石头\、\砑\光\工具\等\。\孟连\傣族\造纸\的\主要\原料\是构\树皮\俗称\革皮树\傣语\称\埋沙\工匠\于\每年\至\月\采集\。\娜\允镇\的\手艺人\波艾章\在\构皮\中加\适量\榕树\皮以\的\比例\一起\浸泡\、\蒸煮\生产\出来\的\纸\表面\光滑\书写\更\流畅\实现\了\傣族传统手工造纸技艺\的\创新\。\孟连\傣族\传统\造纸\不\添加\化学\制剂\纸张\纤维\韧性\好\脉络\清晰\。\现在\使用\孟连\傣族\传统\造纸\技艺\生产\的\纸\不仅\用于\抄写\经文\、\制作\佛教\用品\而且\许多\绘画\师\将\其\作为\绘画\的\首选\纸\银行\也\把\傣族\土纸\轧成\条形\用于\捆扎\现金\人民币\一些\普洱茶\的\包装\也\选用\这\类\纸张\更\有利于\保持\普洱茶\的\品质\。\该\地域\与\东南亚\国家\山水相连\有\一脉相传\的\文化\联系\对\我国\边疆民族\地区\的\文化传播\起到\了\重要\作用\有\较\高\的\科学\价值\和\经济\实用价值\。\年\孟连傣族手工造纸技艺\入选\云南省\第一批\省级\非物质文化\遗产\保护\名录\。\代表性\传承\人有\波玉种\、\波艾胆\和\波艾章\等\。,傣族
迪庆唐卡,第四批,传统美术,迪庆州非物质文化遗产保护中心,迪庆唐卡属三大流派中的噶玛嘎孜派是藏族文化中一种独具特色的绘画艺术形式具有鲜明的民族特点、浓郁的宗教色彩和独特的艺术风格是宗教情怀、禅修实证和高超技艺的综合反映具有很高的文化艺术价值。迪庆唐卡的形制多为竖长条幅大小无定制。画心通常以白布为底经绷框、涂胶、打磨、勾线、着色等一系列工序制作而成。唐卡在制作上要求严苛工艺繁多且不同唐卡的制作工艺和工序各不相同必须按照经书上的仪轨及上师的要求来画制。颜料多为矿物颜料选用金、银、珍珠、珊瑚、玛瑙、绿松石、孔雀石、朱砂等珍贵的材料也使用藏红花、大黄、蓝靛等植物和一些动物的骨或角通过传统工艺制作。唐卡构图严谨手法精细绘制周期长一幅唐卡往往需数月或几年才能完成。用色对比强烈色彩富丽追求金碧辉煌的画面效果。唐卡内容丰富多彩有藏传佛教神佛体系中的佛、菩萨、金刚、护法、天王、度母等诸神以及藏族历史、文化、地理、科技、医学和历法是一部以画言史、叙事、载道、弘法的总集。迪庆唐卡在发展历程中经历了探索、共融、成形、发展等过程具有独特的艺术风格、表现手法、传统工艺和鲜明的民族特色较为客观地反映迪庆藏族文化的艺术成就是藏文化独树一帜的绘画艺术形式是藏传佛教文化的瑰宝、藏族文化的精髓。迪庆唐卡以其繁复的工艺、珍贵的颜料、深厚的艺术底蕴和画师们虔诚精湛的笔触而具有颇高的艺术价值和收藏价值。年唐卡入选云南省第四批省级非物质文化遗产代表性项目名录。项目代表性传承人鲁茸吉称。,省级,迪庆唐卡\属三大\流派\中\的\噶玛嘎孜派\是\藏族\文化\中\一种\独具特色\的\绘画\艺术形式\具有\鲜明\的\民族特点\、\浓郁\的\宗教\色彩\和\独特\的\艺术风格\是\宗教\情怀\、\禅修\实证\和\高超\技艺\的\综合\反映\具有\很\高\的\文化\艺术\价值\。\迪庆唐卡\的\形制\多为\竖长\条幅\大小\无\定制\。\画心\通常\以\白布\为底\经绷框\、\涂胶\、\打磨\、\勾线\、\着色\等\一系列\工序\制作\而成\。\唐卡\在\制作\上\要求\严苛\工艺\繁多\且\不同\唐卡\的\制作\工艺\和\工序\各不相同\必须\按照\经书\上\的\仪轨\及\上师\的\要求\来\画制\。\颜料\多为\矿物\颜料\选用\金\、\银\、\珍珠\、\珊瑚\、\玛瑙\、\绿松石\、\孔雀石\、\朱砂\等\珍贵\的\材料\也\使用\藏红花\、\大黄\、\蓝靛\等\植物\和\一些\动物\的\骨\或\角\通过\传统\工艺制作\。\唐卡\构图\严谨\手法\精细\绘制\周期长\一幅\唐卡\往往\需\数月\或\几年\才能\完成\。\用\色\对比\强烈\色彩\富丽\追求\金碧辉煌\的\画面\效果\。\唐卡\内容\丰富多彩\有\藏传佛教\神佛\体系\中\的\佛\、\菩萨\、\金刚\、\护法\、\天王\、\度母\等\诸神\以及\藏族\历史\、\文化\、\地理\、\科技\、\医学\和\历法\是\一部\以画言史\、\叙事\、\载\道\、\弘法\的\总集\。\迪庆唐卡\在\发展\历程\中\经历\了\探索\、\共融\、\成形\、\发展\等\过程\具有\独特\的\艺术风格\、\表现手法\、\传统工艺\和\鲜明\的\民族特色\较为\客观\地\反映\迪庆\藏族\文化\的\艺术\成就\是\藏\文化\独树一帜\的\绘画\艺术形式\是\藏传佛教\文化\的\瑰宝\、\藏族\文化\的\精髓\。\迪庆唐卡\以\其\繁复\的\工艺\、\珍贵\的\颜料\、\深厚\的\艺术\底蕴\和\画师\们\虔诚\精湛\的\笔触\而\具有\颇\高\的\艺术\价值\和\收藏\价值\。\年\唐卡\入选\云南省\第四批\省级\非物质文化\遗产\代表性\项目\名录\。\项目\代表性\传承\人鲁茸吉称\。,藏族
傣族漆器制作技艺,云南省第四批,,云南省临沧市耿马傣族佤族自治县,髹漆工艺在云南具有悠久的历史漆器是佛寺活动及傣族日常生活中的常见用品。因品不同傣族漆器的具体制作过程略有差异工艺流程大致分为三步包括道工序即备料选竹、破篾、选料、编制编制箩身、箩盖制作提柄和支脚组装、装饰铺地、上漆、彩绘。以撒毫傣语意为饭箩为例工艺流程如下一、备料。选取长势良好的一年生龙竹破竹篾。竹篾分为宽窄两类宽竹篾用于编制箩底和箩盖窄竹篾用于编箩身。用破篾刀削成长厘米、厚毫米的宽篾窄篾长米宽厚均为毫米。制作撒毫的其他原料主要是漆类所用金漆为缅甸、泰国产的进口漆黑漆、红漆、铁丝、钢化乳胶等均用我国产品。二、编制。用宽篾经纬交织起底编成正方形底部逐渐上收成圆形然后用窄篾为纬与宽篾交织编至厘米高处在口沿部位内外各加一个篾环用铁丝固定箩身编制完成。再用宽篾经纬交织编制成帽儿形穹顶与箩口大小相等上下各加一个篾环用细铁丝固定箩盖编制完成。三、装饰。用草木灰与牛皮胶拌匀均匀涂在撒毫内外侧晾晒天干后用土漆上黑色底色底色干后绘制各色图案即成。傣族漆器制作工艺精细造型朴实大方图案美观种类繁多有篱、墙、门、毯笆、竹筏、床、桌、柜、席、饭盒、帽、扁担、篓、提箩、甑子、供桌、鼓凳等在傣族群众生产生活中有不可替代的作用有较高的艺术价值是傣族传统文化的重要载体。年傣族漆器制作技艺入选云南省第四批省级非物质文化遗产代表性项目名录。项目代表性传承人是陶志明、俸正和、俸文平。,省级,髹漆工艺\在\云南\具有\悠久\的\历史\漆器\是\佛寺\活动\及\傣族\日常生活\中\的\常见\用品\。\因品\不同\傣族\漆器\的\具体\制作\过程\略有\差异\工艺流程\大致\分为\三步\包括\道工序\即\备料\选竹\、\破篾\、\选料\、\编制\编制\箩身\、\箩盖\制作\提柄\和\支脚\组装\、\装饰\铺地\、\上漆\、\彩绘\。\以撒毫\傣\语意\为\饭\箩\为例\工艺流程\如下\一\、\备料\。\选取\长势\良好\的\一年生\龙竹破\竹篾\。\竹篾\分为\宽窄\两类\宽\竹篾\用于\编制\箩底\和\箩\盖\窄\竹篾\用于\编箩身\。\用破篾\刀削\成长\厘米\、\厚\毫米\的\宽\篾\窄\篾\长米\宽厚\均\为\毫米\。\制作\撒毫\的\其他\原料\主要\是\漆类\所用\金漆\为\缅甸\、\泰国\产\的\进口\漆黑\漆\、\红漆\、\铁丝\、\钢化\乳胶\等\均\用\我国\产品\。\二\、\编制\。\用\宽\篾\经纬\交织\起底\编成\正方形\底部\逐渐\上\收成\圆形\然后\用窄\篾\为\纬\与\宽\篾\交织\编至\厘米\高处\在\口\沿\部位\内外\各加\一个\篾\环用\铁丝\固定\箩身\编制\完成\。\再用\宽\篾\经纬\交织\编制成\帽儿\形\穹顶\与\箩口\大小\相等\上下\各加\一个\篾\环用\细铁丝\固定\箩盖\编制\完成\。\三\、\装饰\。\用\草木灰\与\牛皮\胶\拌匀\均匀\涂\在\撒\毫内\外侧\晾晒\天干\后用\土漆\上\黑色\底色\底色\干后\绘制\各色\图案\即\成\。\傣族\漆器\制作\工艺\精细\造型\朴实\大方\图案\美观\种类\繁多\有篱\、\墙\、\门\、\毯笆\、\竹筏\、\床\、\桌\、\柜\、\席\、\饭盒\、\帽\、\扁担\、\篓\、\提箩\、\甑子\、\供桌\、\鼓凳\等\在\傣族\群众\生产\生活\中有\不可\替代\的\作用\有\较\高\的\艺术\价值\是\傣族\传统文化\的\重要\载体\。\年\傣族漆器制作技艺\入选\云南省\第四批\省级\非物质文化\遗产\代表性\项目\名录\。\项目\代表性\传承\人\是\陶志明\、\俸\正\和\、\俸文平\。,傣族
纳西族口弦调,第四批,传统音乐,云南省丽江市古城区、玉龙县,纳西族口弦调属于传统器乐口弦纳西语称阔库或锅果。在纳西族古老的东巴经《鲁般鲁饶》中详细记述了口弦的来历、形制以及功用。纳西族口弦均为竹制分单片、三片两种长约公分宽约半公分。纳西族口弦调演奏方法有抻动和手指拨动两种单片者较大称为当阔库意为拉奏之口弦三片者较小称为慨阔库意为弹奏之口弦。纳西族口弦能奏出泛音旋律构成二声部或三声部的多声音乐音域宽泛音色动听旋律典雅具有特殊的魅力。曲调采用拟声、状形、叙事、传情、达意等手法。古老口弦的曲调有七十二调民间广为流传的曲调有蜜蜂过江、狗追马鹿、铜盆滴漏、母女夜话、鹤舞凤唳、彩蝶恋花、鱼水相会、牧人数羊等。纳西族口弦调从多方面记录和反映了纳西人的生产生活习俗及婚姻爱情等是研究纳西族历史的宝贵材料。随着现代流行音乐的兴起口弦受到了前所未有的冲击。年纳西族口弦调入选云南省第四批省级非物质文化遗产代表性项目名录。项目代表性传承人是和冬月。,省级,纳西族口弦调\属于\传统\器乐\口弦\纳西语\称阔库\或\锅果\。\在\纳西族\古老\的\东巴经\《\鲁般鲁饶\》\中\详细\记述\了\口弦\的\来历\、\形制\以及\功用\。\纳西族\口弦\均\为\竹制\分\单片\、\三片\两种\长约\公分\宽约\半\公分\。\纳西族口弦调\演奏\方法\有\抻\动\和\手指\拨动\两种\单片\者\较大\称为\当阔\库意\为拉奏\之\口弦\三片\者\较\小\称为\慨阔\库意\为\弹奏\之\口弦\。\纳西族\口弦\能奏出\泛音\旋律\构成\二\声部\或\三声\部\的\多声\音乐\音域\宽泛\音色\动听\旋律\典雅\具有\特殊\的\魅力\。\曲调\采用\拟声\、\状形\、\叙事\、\传情\、\达意\等\手法\。\古老\口弦\的\曲调\有\七十二\调\民间\广为流传\的\曲调\有\蜜蜂\过江\、\狗\追\马鹿\、\铜盆\滴漏\、\母女\夜话\、\鹤舞凤\唳\、\彩\蝶恋花\、\鱼水相会\、\牧\人数\羊\等\。\纳西族口弦调\从\多方面\记录\和\反映\了\纳西\人\的\生产\生活\习俗\及\婚姻\爱情\等\是\研究\纳西族\历史\的\宝贵\材料\。\随着\现代\流行音乐\的\兴起\口弦\受到\了\前所未有\的\冲击\。\年\纳西族口弦调\入选\云南省\第四批\省级\非物质文化\遗产\代表性\项目\名录\。\项目\代表性\传承\人\是\和\冬月\。,纳西族
勒巴舞,第三批,传统舞蹈,云南省丽江市玉龙县非物质文化遗产保护中心,勒巴舞是纳西族传统祭祀性舞蹈以自然村为单位举行每年举行一至二次每逢新春佳节当地纳西族人民都要跳勒巴舞以祈祷五谷丰登、风调雨顺、人畜平安期间还要举行迎神、请神和送神仪式庄重而神秘。勒巴舞由五个部分十二节舞蹈组成舞姿优美、队形多变、技巧性强、舞蹈语言丰富基本动作由模仿动物的形体、动作、神态演变而来有甩手帕、转三方、点地蹬步、点辗转、蹉步、鸽子喝水等。勒巴舞的表演服饰也极具民族特色男子身着白色麻布长衫外罩短褂腰系羊毛线裙戴红色头帕或羊毛帽子左手持牦牛尾巴右手持板鼓女子身着白、蓝、灰衬衫外罩红色短褂黑色或白色百褶长裙身后挂红色带子头戴红色头帕佩银耳环左手持长棒鼓右手持鼓槌。整个舞蹈过程参与者都需手持道具进行保留了原始社会早期古典舞蹈的特点风格庄重大方、热情豪放、气势磅礴既有宗教祭祀的严肃性又有民间歌舞的娱乐性等特点。勒巴舞起源于藏传佛教对于研究藏传佛教对纳西族的影响、藏族文化和纳西族文化相互融合等方面具有较高的价值。年勒巴舞入选云南省第三批省级非物质文化遗产代表性项目名录。青蛙舞大象舞,省级,勒巴舞\是\纳西族\传统\祭祀\性\舞蹈\以\自然村\为\单位\举行\每年\举行\一至\二次\每逢\新春佳节\当地\纳西族\人民\都\要\跳\勒巴舞\以\祈祷\五谷丰登\、\风调雨顺\、\人\畜\平安\期间\还要\举行\迎神\、\请神\和\送神\仪式\庄重\而\神秘\。\勒巴舞\由\五个\部分\十二\节\舞蹈\组成\舞姿\优美\、\队形\多变\、\技巧性\强\、\舞蹈语言\丰富\基本\动作\由\模仿\动物\的\形体\、\动作\、\神态\演变\而来\有\甩\手帕\、\转\三方\、\点地\蹬\步\、\点\辗转\、\蹉步\、\鸽子\喝水\等\。\勒巴舞\的\表演\服饰\也\极具\民族特色\男子\身着\白色\麻布\长衫\外罩\短褂\腰系\羊毛\线裙\戴\红色\头帕\或\羊毛\帽子\左手\持\牦牛\尾巴\右手\持\板鼓\女子\身着\白\、\蓝\、\灰\衬衫\外罩\红色\短褂\黑色\或\白色\百褶\长裙\身后\挂\红色\带子\头戴\红色\头帕\佩银\耳环\左手\持长\棒\鼓\右手\持\鼓槌\。\整个\舞蹈\过程\参与者\都\需\手持\道具\进行\保留\了\原始社会\早期\古典舞蹈\的\特点\风格\庄重\大方\、\热情\豪放\、\气势磅礴\既有\宗教\祭祀\的\严肃性\又\有\民间\歌舞\的\娱乐性\等\特点\。\勒巴舞\起源于\藏传佛教\对于\研究\藏传佛教\对\纳西族\的\影响\、\藏族\文化\和\纳西族\文化\相互\融合\等\方面\具有\较\高\的\价值\。\年\勒巴舞\入选\云南省\第三批\省级\非物质文化\遗产\代表性\项目\名录\。\青蛙\舞\大象\舞,纳西族
昆明洞经音乐,第一批,传统音乐,昆明市文化馆,昆明洞经相传由大理传入最早的文字记载见于官渡《文明会大洞经坛碑记》。它用唱、念、诵、讲、读、说等方式表达经文教义以科仪为载体进行传达。洞经的科仪分为礼请、谈经、庆诞、送圣等。每个主项中含若干小项进行中以器乐伴奏。洞经会每年都要举办若干盛大的谈经活动常见者有文昌会、上九会、孔子会、关圣会等。昆明洞经会所谈经文有部最常见的是洞经、皇经和雷经。至中华民国年间昆明已有桂香学、保庶学、崇仁学、崇文学、宏文学、同仁学、文明会等个洞经学会。昆明洞经音乐由经腔、曲牌、打击乐组成。经腔有四言、五言、七言、长短句、骈文等词体伴奏形式分为大乐、细乐和雅乐三种。曲牌主要用于各种仪式或穿插于仪式中的礼仪项目的伴奏因乐器不同分为大乐曲牌和细乐曲牌前者以唢呐为主奏乐器后者以笛子为主奏乐器。乐器分为文乐和武乐分别指管弦乐器和打击乐器。曲牌中有唐宋词牌如浪淘沙、汉东山等有道家音乐如上清宫、天公颂等有宫廷音乐如南清宫、普天乐等有江南丝竹如忆江南、叠落泉等还有欢快活泼的民间小调如忆江陵、瑞雪飞等。目前已收集整理经牌、曲牌、打击乐等曲调首文字记录余万字。年昆明洞经音乐入选云南省第一批省级非物质文化遗产保护名录。,省级,昆明\洞经\相传\由\大理\传入\最早\的\文字\记载\见于\官渡\《\文明\会\大洞\经坛\碑记\》\。\它\用\唱\、\念\、\诵\、\讲\、\读\、\说\等\方式\表达\经文\教义\以\科仪\为\载体\进行\传达\。\洞经\的\科仪\分为\礼请\、\谈经\、\庆诞\、\送圣\等\。\每个\主项\中含\若干\小项\进行\中以\器乐\伴奏\。\洞经\会\每年\都\要\举办\若干\盛大\的\谈经\活动\常见\者\有\文昌\会\、\上九会\、\孔子\会\、\关圣会\等\。\昆明\洞经\会所\谈\经文\有部\最\常见\的\是\洞经\、\皇经\和\雷经\。\至\中华民国\年间\昆明\已有\桂香学\、\保庶学\、\崇仁\学\、\崇\文学\、\宏\文学\、\同仁\学\、\文明\会\等\个\洞经\学会\。\昆明洞经音乐\由\经腔\、\曲牌\、\打击乐\组成\。\经腔\有\四言\、\五言\、\七言\、\长短句\、\骈文\等\词体\伴奏\形式\分为\大乐\、\细乐\和\雅乐\三种\。\曲牌\主要\用于\各种\仪式\或\穿插\于\仪式\中\的\礼仪\项目\的\伴奏\因\乐器\不同\分为\大乐\曲牌\和\细\乐曲\牌\前者\以\唢呐\为主\奏\乐器\后者\以\笛子\为主\奏\乐器\。\乐器\分为\文乐\和\武乐\分别\指\管弦乐器\和\打击乐器\。\曲牌\中有\唐宋词\牌如\浪淘沙\、\汉\东山\等\有\道家\音乐\如\上清宫\、\天公\颂\等\有\宫廷\音乐\如南\清宫\、\普天乐\等\有\江南\丝竹\如\忆江南\、\叠\落泉\等\还有\欢快\活泼\的\民间\小调\如忆\江陵\、\瑞雪\飞等\。\目前\已\收集整理\经牌\、\曲牌\、\打击乐\等\曲调\首\文字\记录\余万\字\。\年\昆明洞经音乐\入选\云南省\第一批\省级\非物质文化\遗产\保护\名录\。,
四腔,第三批,传统音乐,峨山县文化馆,四腔是滇南彝族四大声腔之一是彝汉文化交融的产物。四腔主要用汉语演唱音乐保留了彝族风格。通常由拘腔、舍腔、曲子及白话四个部分组成。拘腔是前奏。舍腔即帮腔是独唱之后的齐唱。曲子是核心一般七字一句包括头腔、二腔、三腔、四腔这四个腔每唱一遍只唱完两句词头腔唱四个字二腔三个字三腔唱四个字四腔唱三个字唱完一遍为一个转板四腔由此得名。白话即闲话多为五字句可以自由加入有烟锅白话、讲玩白话、打酒白话、敬酒白话、还盅白话等其他内容也可即兴发挥互相对答。四腔的结构比较复杂篇幅较长演唱时有男女声领唱、合唱、齐唱、对唱、说唱等多种形式。为了增加演唱的丰富性有时在演唱时会采用倒四腔四腔一起了一夹三二夹四双腔四六句等花哨唱法这些唱法常用几种声腔交替演唱难度较高一般人很难掌握。民间有山药沙莜拌海菜四腔摆着卖五三腔在外的说法其实就是滇南四大腔互相混合演唱的生动写照。四腔代表性的曲目有《十会小曲》《十挂小曲》《十绣小曲》《十爱小曲》《十想小曲》等。滇南四大腔的演唱多在彝族吃火草烟彝族民间社交、娱乐活动习俗中呈现随着这一习俗的消失四大腔的演唱能手曲子师傅曲子老板也日渐减少。年滇南四大腔四腔入选云南省第三批省级非物质文化遗产代表性项目名录扩展项目名录。项目代表性传承人是李成刚。老艺人演唱四腔彝族吃火草烟对白话及演唱四腔,省级,四腔\是\滇南\彝族\四大\声腔\之一\是\彝汉\文化\交融\的\产物\。\四腔\主要\用\汉语\演唱\音乐\保留\了\彝族\风格\。\通常\由\拘腔\、\舍腔\、\曲子\及\白话\四个\部分\组成\。\拘腔\是\前奏\。\舍腔\即\帮腔\是\独唱\之后\的\齐唱\。\曲子\是\核心\一般\七字\一句\包括\头腔\、\二腔\、\三腔\、\四腔\这\四个\腔\每\唱\一遍\只\唱\完\两句\词头\腔\唱\四个\字二腔\三个\字\三腔\唱\四个\字\四腔\唱\三个\字\唱\完\一遍\为\一个\转板\四腔\由此\得名\。\白话\即\闲话\多为\五\字句\可以\自由\加入\有\烟锅\白话\、\讲\玩\白话\、\打酒\白话\、\敬酒\白话\、\还\盅\白话\等\其他\内容\也\可\即兴\发挥\互相\对答\。\四腔\的\结构\比较复杂\篇幅\较长\演唱\时有\男女声\领唱\、\合唱\、\齐唱\、\对唱\、\说唱\等\多种形式\。\为了\增加\演唱\的\丰富性\有时\在\演唱\时会\采用\倒\四腔\四腔\一起\了\一\夹三二\夹\四双\腔\四六句\等\花哨\唱法\这些\唱法\常用\几种\声腔\交替\演唱\难度\较\高\一般\人\很\难\掌握\。\民间\有\山药\沙\莜拌\海菜\四腔\摆着\卖\五三腔\在外\的\说法\其实\就是\滇南\四大\腔\互相\混合\演唱\的\生动\写照\。\四腔\代表性\的\曲目\有\《\十会\小曲\》\《\十挂\小曲\》\《\十绣\小曲\》\《\十爱\小曲\》\《\十想\小曲\》\等\。\滇南\四大\腔\的\演唱\多\在\彝族\吃\火草烟\彝族\民间\社交\、\娱乐活动\习俗\中\呈现\随着\这一\习俗\的\消失\四大\腔\的\演唱\能手\曲子\师傅\曲子\老板\也\日渐\减少\。\年\滇南\四大\腔\四腔\入选\云南省\第三批\省级\非物质文化\遗产\代表性\项目\名录\扩展\项目\名录\。\项目\代表性\传承\人\是\李成\刚\。\老\艺人\演唱\四腔\彝族\吃\火草烟\对\白话\及\演唱\四腔,彝族
紫米封缸酒制作技艺,第四批,传统技艺,云南省墨江县,普洱市墨江县哈尼族紫米封缸酒酿造历史悠久。在民间紫米甜酒煮鸡蛋是产妇必不可少的滋补食品。墨江是一个北回归线穿越的县城独特的气候和日照条件十分利于农作物的生长也为酿酒微生物繁殖营造了得天独厚的环境从而为墨江紫米封缸酒的酿造打下了良好的基础。墨江紫米是云南六大名米之一集中种植在墨江县联珠、龙坝两地属于籼型水稻类米粒饱满具有较强的黏性有滋阴补肾、健脾暖肝、明目活血、补血益气、收宫滋阴等作用因此享有紫珍珠胭脂米补血米长寿米等美誉一度曾为朝廷贡米。紫米封缸酒是用墨江紫米为主要原料以小曲、酶制剂和酵母为糖化发酵剂经过长时间封缸发酵而成的香气清雅、口味清爽的酿造酒。在酿造过程中根据需要也可加入具有保健功效的多种植物进行混合发酵。酿造过程包括清洗、泡米、蒸煮、加酒药糖化、封缸发酵、压榨、煎酒、封缸贮存、加蜂蜜、过滤、灭菌、罐装封口等多道工序。酿造过程较长最短也需一年才能完成。紫米封缸酒属黄酒类酒精度为度酒色棕红透明、口感醇香浓郁、回味绵长同时含有丰富的原花青素、强心苷、蛋白质、脂肪、赖氨酸、色氨酸、核黄素、硫氨素、叶酸及多种维生素还含有铁、锌、钙、磷等人体所需微量元素有较高的营养价值和保健功效。年紫米封缸酒制作技艺入选云南省第四批省级非物质文化遗产代表性项目名录扩展项目名录。项目代表性传承人是李忠富。,省级,普洱\市\墨江\县\哈尼族\紫米\封缸\酒\酿造\历史悠久\。\在\民间\紫米\甜酒\煮\鸡蛋\是\产妇\必不可少\的\滋补食品\。\墨江\是\一个\北回归线\穿越\的\县城\独特\的\气候\和\日照\条件\十分\利于\农作物\的\生长\也\为\酿酒\微生物\繁殖\营造\了\得天独厚\的\环境\从而\为\墨江\紫米\封缸\酒\的\酿造\打下\了\良好\的\基础\。\墨江\紫米\是\云南\六大\名米\之一\集中\种植\在\墨江\县联珠\、\龙坝\两地\属于\籼型\水稻\类\米粒\饱满\具有\较强\的\黏性\有\滋阴\补肾\、\健脾\暖\肝\、\明目\活血\、\补血\益气\、\收宫\滋阴\等\作用\因此\享有\紫\珍珠\胭脂\米\补血\米\长寿\米\等\美誉\一度\曾\为\朝廷\贡米\。\紫米\封缸\酒\是\用\墨江\紫米\为\主要\原料\以\小曲\、\酶制剂\和\酵母\为\糖化\发酵剂\经过\长时间\封缸\发酵\而成\的\香气\清雅\、\口味\清爽\的\酿造酒\。\在\酿造\过程\中\根据\需要\也\可\加入\具有\保健\功效\的\多种\植物\进行\混合\发酵\。\酿造\过程\包括\清洗\、\泡米\、\蒸煮\、\加\酒药\糖化\、\封缸\发酵\、\压榨\、\煎\酒\、\封缸\贮存\、\加\蜂蜜\、\过滤\、\灭菌\、\罐装\封口\等\多\道工序\。\酿造\过程\较长\最\短\也\需\一年\才能\完成\。\紫米\封缸\酒\属\黄酒\类\酒精度\为度\酒色\棕红\透明\、\口感\醇香\浓郁\、\回味\绵长\同时\含有\丰富\的\原\花青素\、\强心\苷\、\蛋白质\、\脂肪\、\赖氨酸\、\色氨酸\、\核黄素\、\硫氨素\、\叶酸\及\多种\维生素\还\含有\铁\、\锌\、\钙\、\磷\等\人体\所\需\微量元素\有\较\高\的\营养价值\和\保健\功效\。\年\紫米封缸酒制作技艺\入选\云南省\第四批\省级\非物质文化\遗产\代表性\项目\名录\扩展\项目\名录\。\项目\代表性\传承\人\是\李忠富\。,哈尼族
彝族四弦舞,第四批,传统舞蹈,云南省玉溪市新平县文化馆,据《中国彝族通史》记载彝族四弦舞由战国至汉代时期滇文化青铜器编钟羽舞图踏歌跳歌等演变而来。其源于当地割麻、剥麻、洗麻的劳动场景。舞者随四弦节奏围圈手拉手肩并肩膝微弯曲前后摆动向逆时针方向舞动。舞者双足摆步挪动双手在胸前拍掌身子随挪动的脚步上下左右自然摇摆节奏明快动律优美人数可多可少。四弦响起人们便踏脚击掌欢歌起舞传承至今。彝族四弦舞的舞曲词调唱词精练大胆比喻生动有趣词调有魏晋时期格律诗歌的风格。诗歌内容丰富歌词中有男女之间相互赞美、谈情说爱为主线的内容也有教授伦理道德、做官做人以及讲述生产生活方面的内容等。彝族先辈们把收集来的口头流传的史诗歌谣整理编纂成有押韵的格律诗歌。在传承发展中这些格律诗歌有的成了毕摩祭祀吟诵的《经书》有的以彝文手抄本形式流传后世供民间群众诵唱。源于咸丰年间彝文手抄本的首格律诗歌有男女互诉衷肠、为人处世哲理、伦理道德以及生产生活等方面内容。彝族四弦舞是彝族青年男女相识相恋的重要媒介是彝族人民表达欢庆、喜悦、丰收的重要载体。月亮初上树梢情人相约黄昏后弹起四弦跳起舞直至月影西斜朝霞满天彝族姑娘和小伙们往往通过这样的活动相识、相恋结成伴侣。舞蹈者随着悠扬动听的弦音脚步挪动紧跟前者腰部摇摆舞姿优柔身动心想回味着歌词内容激发情感豪情奔放尽情享受和展示舞蹈和弦乐的美与乐跳到更深夜静方才尽兴。舞蹈有时齐声唱有时齐声吆喝舞蹈者多到成百上千人少到十几个声势壮观。随着外来文化的冲击年轻人对本民族文化兴趣减弱很多古老舞步和词调已随老艺人的逝世而消失现在掌握一部分古老技艺的人年龄多在岁以上。随着时间的推移彝族四弦舞有失传的危险亟待保护。年彝族四弦舞入选云南省第四批省级非物质文化遗产代表性项目名录。项目代表性传承人是李学亮。,省级,据\《\中国\彝族\通史\》\记载\彝族四弦舞\由\战国\至\汉代\时期\滇\文化\青铜器\编钟\羽舞\图\踏歌\跳歌\等\演变\而\来\。\其\源于\当地\割麻\、\剥麻\、\洗麻\的\劳动\场景\。\舞者\随四弦\节奏\围圈\手拉手\肩并肩\膝微\弯曲\前后\摆动\向\逆时针\方向\舞动\。\舞者\双足\摆步\挪动\双手\在\胸前\拍掌\身子\随\挪动\的\脚步\上下左右\自然\摇摆\节奏\明快\动律\优美\人数\可多可少\。\四弦\响起\人们\便\踏脚\击掌\欢歌\起舞\传承\至今\。\彝族四弦舞\的\舞曲\词调\唱词\精练\大胆\比喻\生动有趣\词调\有\魏晋\时期\格律\诗歌\的\风格\。\诗歌\内容丰富\歌词\中有\男女之间\相互\赞美\、\谈情说爱\为主\线\的\内容\也\有\教授\伦理道德\、\做官\做人\以及\讲述\生产\生活\方面\的\内容\等\。\彝族\先辈\们\把\收集\来\的\口头\流传\的\史诗\歌谣\整理\编纂\成有\押韵\的\格律\诗歌\。\在\传承\发展\中\这些\格律\诗歌\有\的\成\了\毕摩\祭祀\吟诵\的\《\经书\》\有\的\以\彝文\手抄本\形式\流传后世\供\民间\群众\诵唱\。\源于\咸丰\年间\彝文\手抄本\的\首\格律\诗歌\有\男女\互诉\衷肠\、\为人处世\哲理\、\伦理道德\以及\生产\生活\等\方面\内容\。\彝族四弦舞\是\彝族\青年\男女\相识\相恋\的\重要\媒介\是\彝族\人民\表达\欢庆\、\喜悦\、\丰收\的\重要\载体\。\月亮\初\上\树梢\情人\相约\黄昏\后\弹起\四弦\跳\起舞\直至\月影\西斜\朝霞\满天\彝族\姑娘\和\小伙\们\往往\通过\这样\的\活动\相识\、\相恋\结成\伴侣\。\舞蹈\者\随着\悠扬\动听\的\弦音\脚步\挪动\紧跟\前者\腰部\摇摆\舞姿\优柔\身动\心想\回味\着\歌词\内容\激发\情感\豪情\奔放\尽情\享受\和\展示\舞蹈\和\弦乐\的\美\与\乐\跳\到\更深夜静\方才\尽兴\。\舞蹈\有时\齐声\唱\有时\齐声\吆喝\舞蹈\者\多\到\成百上千\人少\到\十几个\声势\壮观\。\随着\外来文化\的\冲击\年轻人\对本\民族文化\兴趣\减弱\很多\古老\舞步\和\词调\已\随老\艺人\的\逝世\而\消失\现在\掌握\一部分\古老\技艺\的\人\年龄\多\在\岁\以上\。\随着\时间\的\推移\彝族四弦舞\有\失传\的\危险\亟待\保护\。\年\彝族四弦舞\入选\云南省\第四批\省级\非物质文化\遗产\代表性\项目\名录\。\项目\代表性\传承\人\是\李学亮\。,彝族
昆明微雕,第四批,传统美术,昆明市盘龙区文化馆,昆明微雕是以微细、微小雕刻技法见长于作品包括微雕和微刻是雕刻艺术中的一个组成部分。微雕多在石质、牙、骨等材料上创作题材多以吉祥、护符、避邪为主微刻以经文、诗词、花鸟、人物为主。清代、中华民国时期多为印章题刻边框世纪年代则流行于在钢笔杆、手表、眼镜架上刻字年代开始出现了经书微刻、立体茶壶雕刻、人物雕刻等使用材料也更为广泛除传统的象牙、果核外大米、头发上都可雕刻。昆明微雕作品的构思和雕刻都达到了极高的技术水平和艺术境界被称作微雕神技、艺术奇葩。它的魅力见证了中华民族文化传统具有历史研究和收藏的独特价值。微雕所需要的艺术和技法综合性较强需要精通很多门类和长久的积淀经济回收比较缓慢从事微雕的艺人寥寥无几昆明微雕现已处于濒危状态亟须传承保护。年昆明微雕入选云南省第四批省级非物质文化遗产代表性项目名录。项目代表性传承人是冉隆全。,省级,昆明微雕\是\以\微细\、\微小\雕刻\技法\见长\于\作品\包括\微雕\和\微刻\是\雕刻\艺术\中\的\一个\组成部分\。\微雕\多\在\石质\、\牙\、\骨\等\材料\上\创作\题材\多以\吉祥\、\护符\、\避邪\为主\微刻\以\经文\、\诗词\、\花鸟\、\人物\为主\。\清代\、\中华民国\时期\多为\印章\题刻\边框\世纪\年代\则\流行\于\在\钢笔杆\、\手表\、\眼镜架\上\刻字\年代\开始\出现\了\经书\微刻\、\立体\茶壶\雕刻\、\人物\雕刻\等\使用\材料\也\更为\广泛\除\传统\的\象牙\、\果核\外\大米\、\头发\上\都\可\雕刻\。\昆明微雕\作品\的\构思\和\雕刻\都\达到\了\极\高\的\技术水平\和\艺术境界\被称作\微雕\神技\、\艺术\奇葩\。\它\的\魅力\见证\了\中华民族\文化\传统\具有\历史研究\和\收藏\的\独特\价值\。\微雕\所\需要\的\艺术\和\技法\综合性\较强\需要\精通\很多\门类\和\长久\的\积淀\经济\回收\比较\缓慢\从事\微雕\的\艺人\寥寥无几\昆明微雕\现已\处于\濒危\状态\亟须\传承\保护\。\年\昆明微雕\入选\云南省\第四批\省级\非物质文化\遗产\代表性\项目\名录\。\项目\代表性\传承\人\是\冉隆全\。,
石屏豆腐制作技艺,第四批,传统技艺,石屏县文化馆,石屏豆腐制作技艺最大的特色是不用石膏卤水点制而是直接采用石屏县特有的地下酸水点制凝固而成。石屏豆腐质地细腻味道鲜嫩可口营养丰富。石屏豆腐原料来自省内外各地精心筛选后粗碾成豆瓣再以簸箕或风车清理碎豆壳。浸泡后用石磨磨成浆。将生豆浆装入过滤的口袋内用煮沸的开水冲入进行烫浆将滤出的豆浆倒入铁锅内以温火熬煮至熟。点豆腐是最关键的程序将煮熟的豆浆出锅装入大木桶内待温度降至以石屏城内特有的井水兑入使其与豆浆溶合逐渐凝固成水豆腐。最后将水豆腐包好加压去泔水。传统的石屏豆腐成条块状。包豆腐时要事先做好木框模具套在沙布包袱之外使其大小尺寸合于一个规格按每条包成一片。每片滤去泔水的豆腐放在一片竹床上叠片为一扎再用杠杆重压排挤出水分。将压好的豆腐片块取出每片抹上少许盐巴以便滤水分层。成品有豆腐干、桶漂豆腐、漂花豆腐、鲜条豆腐、小块豆腐、干条豆腐、干豆腐片、水豆腐等多种类型。在各种烹饪方式中烧烤石屏豆腐最负盛名深受云南各地百姓喜爱。年石屏豆腐制作技艺入选云南省第四批省级非物质文化遗产代表性项目名录。代表性传承人是吴勇。,省级,石屏豆腐制作技艺\最大\的\特色\是\不用\石膏\卤水\点制\而是\直接\采用\石屏县\特有\的\地下\酸水点制\凝固\而成\。\石屏\豆腐\质地\细腻\味道\鲜嫩\可口\营养\丰富\。\石屏\豆腐\原料\来自\省内外\各地\精心\筛选\后\粗\碾成\豆瓣\再\以\簸箕\或\风车\清理\碎\豆壳\。\浸泡\后\用\石磨\磨成\浆\。\将生\豆浆\装入\过滤\的\口袋\内用\煮沸\的\开水\冲入\进行\烫\浆\将\滤出\的\豆浆\倒入\铁锅\内以\温火\熬\煮\至\熟\。\点\豆腐\是\最\关键\的\程序\将\煮熟\的\豆浆\出锅\装入\大\木桶\内待\温度\降至\以\石屏\城内\特有\的\井水\兑入\使\其\与\豆浆\溶合\逐渐\凝固\成\水豆腐\。\最后\将\水豆腐\包\好\加压\去\泔水\。\传统\的\石屏\豆腐\成条\块状\。\包\豆腐\时要\事先\做好\木框\模具\套\在\沙布\包袱\之外\使\其\大小\尺寸\合\于\一个\规格\按\每条\包成\一片\。\每片\滤去\泔水\的\豆腐\放在\一片\竹\床上\叠片\为\一扎\再\用\杠杆\重压\排挤\出\水分\。\将\压好\的\豆腐\片块\取出\每片\抹\上\少许\盐巴\以便\滤\水分\层\。\成品\有\豆腐干\、\桶\漂\豆腐\、\漂花\豆腐\、\鲜条\豆腐\、\小\块\豆腐\、\干条\豆腐\、\干\豆腐\片\、\水豆腐\等\多种类型\。\在\各种\烹饪\方式\中\烧烤\石屏\豆腐\最负\盛名\深受\云南\各地\百姓\喜爱\。\年\石屏豆腐制作技艺\入选\云南省\第四批\省级\非物质文化\遗产\代表性\项目\名录\。\代表性\传承\人\是\吴勇\。,
昭通甲马,第四批,传统美术,昭通市非物质文化遗产保护中心,甲马是民间祭祀财神、月神、灶神、寿星等神祇时所使用的物品。昭通甲马在当地主要运用于丧葬祭祀、驱邪法事和还愿等仪式是反映民俗信仰的重要载体。甲马图案内容丰富可以分为图画甲马和文字甲马。图画甲马主要有《香花供养》《诸天驾》《解秽图》等工笔细腻线条流畅文字甲马以各种佛道经书、章表奏疏、牒札符命为主有《华严经》《十王疏》《瘟火牌》《土符》《功曹牒》等展现了传统书法艺术的特点常被装订成册使用其余的甲马则用于焚烧。制作甲马包括雕版制作和印刷两个步骤。需选用材质细密的梨木作为雕版原料经过抛光平整后在抛光面涂上一层菜油待油脂浸润木板后把糨糊均匀涂抹在木板上并把预先绘制在纸上的画稿或是写好的文字稿反贴于木板表面抹平压实再用手指轻轻搓揉让纸变薄并使划痕或字迹清晰透出纸面最后用自制的斜口、宽口、圆口三种刻刀采用阳刻的方式雕刻。印刷前需要在雕好的木板上刷上调好的油烟墨以及各色颜料然后敷上白纸用刷子把整个雕版从里到外全部刷完待图画和字迹全部印入纸面后方可揭下做好的甲马。年昭通甲马入选云南省第四批省级非物质文化遗产代表性项目名录扩展项目名录。项目代表性传承人有郎学志、罗廷良等。,省级,甲马\是\民间\祭祀\财神\、\月\神\、\灶神\、\寿星\等\神祇\时所\使用\的\物品\。\昭通甲马\在\当地\主要\运用\于\丧葬\祭祀\、\驱邪\法事\和\还愿\等\仪式\是\反映\民俗\信仰\的\重要\载体\。\甲马\图案\内容丰富\可以\分为\图画\甲马\和\文字\甲马\。\图画\甲马\主要\有\《\香花供养\》\《\诸天\驾\》\《\解秽图\》\等\工笔\细腻\线条\流畅\文字\甲马\以\各种\佛道\经书\、\章表\奏疏\、\牒\札\符命\为主\有\《\华严经\》\《\十王\疏\》\《\瘟火牌\》\《\土符\》\《\功\曹牒\》\等\展现\了\传统\书法艺术\的\特点\常\被\装订成册\使用\其余\的\甲马\则\用于\焚烧\。\制作\甲马\包括\雕版\制作\和\印刷\两个\步骤\。\需\选用\材质\细密\的\梨木\作为\雕版\原料\经过\抛光\平整\后\在\抛光\面\涂上一层\菜油\待\油脂\浸润\木板\后\把\糨糊\均匀\涂抹\在\木板\上\并\把\预先\绘制\在\纸\上\的\画稿\或是\写\好\的\文字\稿\反贴\于\木板\表面\抹平\压实\再用\手指\轻轻\搓揉\让\纸\变薄\并\使\划痕\或\字迹\清晰\透出\纸面\最后\用\自制\的\斜口\、\宽口\、\圆口\三种\刻刀\采用\阳刻\的\方式\雕刻\。\印刷\前\需要\在\雕\好\的\木板\上刷\上调\好\的\油烟墨\以及\各色\颜料\然后\敷上\白纸\用\刷子\把\整个\雕版\从里到外\全部\刷\完待\图画\和\字迹\全部\印入\纸面\后方\可\揭下\做好\的\甲马\。\年\昭通甲马\入选\云南省\第四批\省级\非物质文化\遗产\代表性\项目\名录\扩展\项目\名录\。\项目\代表性\传承\人有\郎学志\、\罗廷良\等\。,
水族狮子灯,第四批,民俗,富源县文化馆,在古敢水族乡大寨村每逢节庆春节、水族三月三对歌节、二月二祭白龙节或村中老人寿庆大多以舞灯祝贺白喜绕堂红喜事上房踩瓦形式不拘一格突显的故事情节大同小异相传是为了纪念唐僧西天取经归来表演以示庆贺。表演时通常先绕场数周在地上跳跃翻舞然后雄狮攀上用十二张方桌重叠而成的高台在仅能容足的高台子上盘旋戏舞。有的舞班在耍狮过程中还加入一些故事情节进行表演故事全都取材于《西游记》由若干演员身穿戏服、头戴面具扮成唐僧、孙悟空、猪八戒、沙和尚以白骨精、红孩儿、牛魔王等正反两面角色分批上场亮相厮杀最后以孙大圣率领群猴降伏妖魔大获全胜舞狮祝贺而告终。在娱乐表演中寓意正义战胜邪恶的宗旨深受群众喜爱。狮子在中国人心目中为瑞兽象征着吉祥如意舞狮活动寄托着民众消灾除害、求吉纳福的美好意愿。古敢水族狮子灯传承了古老的水族民俗与其他民族、其他地区的舞狮在内容和形式上均有不同之处具有历史价值、文化价值、艺术价值和社会价值。年水族狮子灯入选云南省第四批省级非物质文化遗产代表性项目名录。项目代表性传承人是郎如伟。,省级,在\古敢\水族\乡\大寨村\每逢\节庆\春节\、\水族\三月三\对歌\节\、\二月\二\祭\白龙节\或\村\中\老人\寿庆\大多\以舞灯\祝贺\白喜\绕堂\红\喜事\上房\踩\瓦\形式\不拘一格\突显\的\故事情节\大同小异\相传\是\为了\纪念\唐僧\西天\取经\归来\表演\以示\庆贺\。\表演\时\通常\先绕场\数周\在\地上\跳跃\翻舞\然后\雄狮\攀上\用\十二张\方桌\重叠\而成\的\高台\在\仅\能容\足\的\高\台子上\盘旋\戏舞\。\有\的\舞班\在\耍\狮\过程\中\还\加入\一些\故事情节\进行\表演\故事\全都\取材于\《\西游记\》\由\若干\演员\身穿\戏服\、\头\戴面具\扮成\唐僧\、\孙悟空\、\猪八戒\、\沙和尚\以\白骨精\、\红孩儿\、\牛魔王\等\正反两面\角色\分批\上场\亮相\厮杀\最后\以\孙大圣\率领\群猴\降伏\妖魔\大获全胜\舞狮\祝贺\而\告终\。\在\娱乐\表演\中\寓意\正义\战胜\邪恶\的\宗旨\深受\群众\喜爱\。\狮子\在\中国\人\心目\中为\瑞兽\象征\着\吉祥如意\舞狮\活动\寄托\着\民众\消灾\除害\、\求吉\纳福\的\美好\意愿\。\古敢\水族狮子灯\传承\了\古老\的\水族\民俗\与\其他\民族\、\其他\地区\的\舞狮\在\内容和形式\上\均\有\不同之处\具有\历史\价值\、\文化价值\、\艺术\价值\和\社会价值\。\年\水族狮子灯\入选\云南省\第四批\省级\非物质文化\遗产\代表性\项目\名录\。\项目\代表性\传承\人\是\郎\如伟\。,水族
汪情银器制作技艺,云南省第三批,传统技艺,云南省祥云县,汪情银器制作及民族饰品加工工艺的前身是补锅手艺随着经济社会的发展加工对象逐渐向银器和民族饰品转化成为一门独具特色的手工艺。汪情银器以饰品为主以纯银为料以镂雕和纯银抽丝编盘工艺相结合根据器物的形态、规格加工而成。其工艺流程是用钢铁模具将纯银熔化注入模具回火雕花、抽丝备用运用煮、捶、钻、吹、镀、嵌、接等工艺技术将备好的部件组合成成品。景泰蓝工艺流程将纯银抽丝、压片制作成形态各异的饰物后用景泰蓝根据所需色调制胎着色上火烘烤。纯银鎏金工艺流程把剪好的银丝或压好的银片反复清洗将黄金制成粉末将需鎏金的花草部分挑上金粉然后吹火烘烤。汪情银器品种繁多造型逼真晶莹剔透实用性强其造型、图饰纹样来源于生活具有较为浓厚的民间艺术色彩。年汪情银器制作技艺入选云南省级非物质文化遗产代表性项目名录扩展项目名录。项目代表性传承人是汪开荣、陈荣。,省级,汪情\银器\制作\及\民族\饰品\加工\工艺\的\前身\是\补锅\手艺\随着\经济社会\的\发展\加工\对象\逐渐\向\银器\和\民族\饰品\转化\成为\一门\独具特色\的\手工艺\。\汪情\银器\以\饰品\为主\以\纯银\为料\以\镂\雕\和\纯银\抽丝\编盘\工艺\相结合\根据\器物\的\形态\、\规格\加工\而成\。\其\工艺流程\是\用\钢铁\模具\将\纯银\熔化\注入\模具\回火\雕花\、\抽丝\备用\运用\煮\、\捶\、\钻\、\吹\、\镀\、\嵌\、\接等\工艺技术\将备\好\的\部件\组合成\成品\。\景泰蓝\工艺流程\将\纯银\抽丝\、\压片\制作\成\形态各异\的\饰物\后\用\景泰蓝\根据\所\需色\调制\胎\着色\上火\烘烤\。\纯银\鎏金\工艺流程\把\剪\好\的\银丝\或压\好\的\银片\反复\清洗\将\黄金\制成\粉末\将\需\鎏金\的\花草\部分\挑\上\金粉\然后\吹火\烘烤\。\汪情\银器\品种繁多\造型\逼真\晶莹剔透\实用性\强其\造型\、\图饰\纹样\来源于\生活\具有\较为\浓厚\的\民间艺术\色彩\。\年\汪情银器制作技艺\入选\云南\省级\非物质文化\遗产\代表性\项目\名录\扩展\项目\名录\。\项目\代表性\传承\人\是\汪开荣\、\陈荣\。,
俐侎彝族服饰,云南省第三批,民俗,云南省永德县,俐侎彝族服饰制作工艺是俐侎人的历史文化产物有着创造、传承和创新的漫长历史发展轨迹展示着俐侎人灿烂夺目的古老文明。据《皇朝职贡图》记载距今多年前俐侎彝族服饰已经成型。以崇尚黑色、纯天然、顺应天性、古朴典雅为特征的俐侎彝族服饰制作工艺包括纺线、织布、靛染、剪裁、刺绣、缝纫等多道工序。它不仅凝聚了俐侎人的勤劳和智慧也体现出鲜明的民族风格和地域特色是彝族服饰大家庭中的一朵奇葩。它的制作工艺也堪称民族民间手工技艺的活化石。俐侎人的男子服饰相对简约全套服饰为靛黑色头戴约七米长的黑色布包头上身着圆领右襟或对襟衣裳下身穿摆裆裤腰系黑色布带。女子服饰相对复杂主色调为黑色可分为普通装、盛装、新娘装。一般以黑色布带缠绕成包头再盖层叠包巾然后用带须尾宽带包扎包巾。上着无领对襟长衣以银泡做纽扣袖筒长、宽、大襟边、袖口镶有红、黄、蓝、黑布片拼接成的几何花纹图案下着筒裤外加有边脚花纹套裙、小腿套布筒及围腰脚穿绣花船头靴。新娘装较为艳丽复杂多彩。俐侎女子注重饰品的佩戴一般两耳坠银制大耳环两手戴宽、窄银镯手指戴有银、铜打制的戒指衣服脖颈两旁用三十个小银泡做装饰胸襟两边用八个大银泡做装饰胸前挂一串带银针筒、银铃的银挂饰。俐侎彝族服饰制作工艺作为俐侎人的独特技艺是西南少数民族传统服饰制作技艺的鲜活体现。年俐侎彝族服饰入选云南省级非物质文化遗产代表性项目名录扩展项目名录。项目代表性传承人是李东妹、李从妹。,省级,俐侎彝族服饰\制作\工艺\是俐\侎\人\的\历史\文化\产物\有着\创造\、\传承\和\创新\的\漫长\历史\发展\轨迹\展示\着俐\侎\人\灿烂夺目\的\古老\文明\。\据\《\皇朝\职贡图\》\记载\距今\多年\前\俐侎彝族服饰\已经\成型\。\以\崇尚\黑色\、\纯天然\、\顺应\天性\、\古朴\典雅\为\特征\的\俐侎彝族服饰\制作\工艺\包括\纺线\、\织布\、\靛染\、\剪裁\、\刺绣\、\缝纫\等\多\道工序\。\它\不仅\凝聚\了俐\侎\人\的\勤劳\和\智慧\也\体现\出\鲜明\的\民族风格\和\地域\特色\是\彝族\服饰\大家庭\中\的\一朵\奇葩\。\它\的\制作\工艺\也\堪称\民族民间\手工\技艺\的\活化石\。\俐\侎\人\的\男子\服饰\相对\简约\全套\服饰\为\靛\黑色\头戴\约\七米\长\的\黑色\布包\头上\身着\圆领\右襟\或\对襟\衣裳\下\身穿\摆裆\裤腰\系\黑色\布带\。\女子\服饰\相对\复杂\主色调\为\黑色\可\分为\普通\装\、\盛装\、\新娘装\。\一般\以\黑色\布带\缠绕\成\包头\再盖\层叠\包巾\然后\用\带须\尾\宽带\包扎\包巾\。\上\着\无领\对襟\长衣\以银泡\做\纽扣\袖筒\长\、\宽\、\大襟\边\、\袖口\镶有\红\、\黄\、\蓝\、\黑布\片\拼接\成\的\几何\花纹\图案\下\着\筒裤\外加\有边\脚\花纹\套裙\、\小腿\套布筒\及围\腰\脚\穿\绣花\船头\靴\。\新娘装\较为\艳丽\复杂\多彩\。\俐\侎\女子\注重\饰品\的\佩戴\一般\两\耳坠\银制\大\耳环\两手\戴\宽\、\窄\银镯\手指\戴有\银\、\铜\打制\的\戒指\衣服\脖颈\两旁\用\三十个\小银泡\做\装饰\胸襟\两边\用\八个\大银泡\做\装饰\胸前\挂\一串\带\银针\筒\、\银铃\的\银\挂饰\。\俐侎彝族服饰\制作\工艺\作为\俐\侎\人\的\独特\技艺\是\西南\少数民族\传统\服饰\制作\技艺\的\鲜活\体现\。\年\俐侎彝族服饰\入选\云南\省级\非物质文化\遗产\代表性\项目\名录\扩展\项目\名录\。\项目\代表性\传承\人\是\李东妹\、\李从妹\。,彝族
腾冲中成药制作技艺,第四批,传统医药,云南腾药制药股份有限公司,明代天启六年年随邓子龙将军平叛至腾冲的军医李仲春倡建药王宫标志着中原医术在边地的落叶生根。解放后腾冲县今腾冲市卫生工作者协会于药王宫组建医药供应社后扩建为腾冲县制药厂逐步发展为云南腾药制药股份有限公司。腾冲中成药制作技艺依托高黎贡山出产的天然药材常用中药材味。涉及的炮制方法有净制、蒸、煮、炒、煅、飞、炙等数种项下细分如清炒、麸炒、蛤粉炒多达十几种。精选的道地中药材经过清洗、净选、净制、浸润、切制去除非药用成分及杂质后按照每种药材、方剂要求的药效特点总结出药材炮制规程个如炒黄、炒焦、炒碳、麸炒、酒炙、姜炙、蜜炙、锻、蒸、煮、水飞、制霜等药材净制规程个如水选、漂洗除杂质、剪切除非用药部位、刮削去杂质等。产品有丸剂、片剂、颗粒剂、散剂、酒剂、酊剂、糖浆剂、注射剂等个品种。其中安宫牛黄丸包金衣及六灵丸手工泛丸最具特色。年腾冲中成药制作技艺入选云南省第四批省级非物质文化遗产代表性项目名录。,省级,明代\天启\六年\年\随\邓子龙\将军\平叛\至\腾冲\的\军医\李\仲春\倡建药\王宫\标志\着\中原\医术\在\边\地\的\落叶\生根\。\解放后\腾冲县\今\腾冲\市\卫生工作者\协会\于药\王宫\组建\医药\供应\社后\扩建\为\腾冲县\制药厂\逐步\发展\为\云南\腾药\制药\股份\有限公司\。\腾冲中成药制作技艺\依托\高黎贡山\出产\的\天然\药材\常用\中药材\味\。\涉及\的\炮制\方法\有净制\、\蒸\、\煮\、\炒\、\煅\、\飞\、\炙\等\数种\项\下\细分\如\清炒\、\麸\炒\、\蛤粉\炒\多达\十几种\。\精选\的\道\地\中药材\经过\清洗\、\净选\、\净制\、\浸润\、\切制\去\除非\药用\成分\及\杂质\后\按照\每种\药材\、\方剂\要求\的\药效\特点\总结\出\药材\炮制\规程\个\如\炒\黄\、\炒焦\、\炒\碳\、\麸\炒\、\酒\炙\、\姜\炙\、\蜜\炙\、\锻\、\蒸\、\煮\、\水飞\、\制霜\等\药材\净制\规程\个\如\水选\、\漂洗\除\杂质\、\剪切\除非\用药\部位\、\刮削\去\杂质\等\。\产品\有\丸剂\、\片剂\、\颗粒剂\、\散剂\、\酒剂\、\酊剂\、\糖浆剂\、\注射剂\等\个\品种\。\其中\安宫\牛黄丸\包金\衣及\六灵丸\手工\泛丸\最具\特色\。\年\腾冲中成药制作技艺\入选\云南省\第四批\省级\非物质文化\遗产\代表性\项目\名录\。,
芒景村布朗族传统文化生态保护区,云南省第三批,民族传统文化生态保护区,云南省澜沧县,芒景村布朗族传统文化生态保护区位于普洱市澜沧拉祜族自治县惠民镇芒景村辖个村民小组面积平方千米。芒景村共户人年统计布朗族占总人口的。芒景村历史悠久文化底蕴深厚较好地保存了当地传统习俗、伦理道德、生活习惯、节庆活动、文艺体育、宗教信仰等。村寨有县级文物布朗族传统建筑群、芒洪八角塔还有翁基榕树群、翁洼帕达大石岩溶洞、千年古茶林。的民居建筑为干栏式木构瓦顶建筑是布朗族生态文化的露天博物馆。传统天文历法、民间医药、传统习俗保留完整有当堂、苏木松、嘎冷、丁巴、祭山神等祭祀活动。传统节日有山康茶祖节、泼水节、关门节、开门节等。民间文学的代表作品有《哎冷传说》《千年万亩古茶林传说》《芒洪八角塔传说》《帕达大石岩传说》《金伞传说》等。传统音乐有上新房调、结婚调、情歌、祝福调等乐器有象脚鼓、片镲、二胡、比哨等。传统舞蹈有象脚鼓舞、刀舞等。传统体育项目有大刀、梭镖、舞棍、射弩等。传统工艺有纺织、竹编、榨糖、制茶、土制火药等。布朗族是云南的独有民族具有自己独特的民族文化。年芒景村被评为全国最休闲旅游村现在正在打造国家级景区和申报世界自然遗产。芒景村布朗族传统文化生态保护区的建立可促进当地旅游业的发展。年芒景村布朗族传统文化生态保护区入选云南省第三批省级非物质文化遗产代表性项目名录。,省级,芒景村布朗族传统文化生态保护区\位于\普洱\市\澜沧拉祜族自治县\惠民\镇芒\景村辖个\村民\小组\面积\平方千米\。\芒景\村共户\人\年\统计\布朗族\占\总人口\的\。\芒景村\历史悠久\文化底蕴\深厚\较\好\地\保存\了\当地\传统习俗\、\伦理道德\、\生活习惯\、\节庆\活动\、\文艺\体育\、\宗教信仰\等\。\村寨\有\县级\文物\布朗族\传统\建筑群\、\芒洪\八角\塔\还有\翁基\榕树\群\、\翁洼\帕达\大石\岩溶洞\、\千年\古茶林\。\的\民居\建筑\为\干栏\式\木构\瓦顶\建筑\是\布朗族\生态\文化\的\露天\博物馆\。\传统\天文\历法\、\民间\医药\、\传统习俗\保留\完整\有\当堂\、\苏木\松\、\嘎\冷\、\丁巴\、\祭\山神\等\祭祀\活动\。\传统节日\有山康\茶\祖节\、\泼水节\、\关门节\、\开门节\等\。\民间文学\的\代表作品\有\《\哎\冷\传说\》\《\千年\万亩\古茶林\传说\》\《\芒洪\八角\塔\传说\》\《\帕达\大石\岩\传说\》\《\金伞\传说\》\等\。\传统\音乐\有\上\新房\调\、\结婚\调\、\情歌\、\祝福\调等\乐器\有\象脚鼓\、\片\镲\、\二胡\、\比哨\等\。\传统\舞蹈\有\象脚鼓舞\、\刀舞\等\。\传统\体育项目\有\大刀\、\梭镖\、\舞棍\、\射弩\等\。\传统工艺\有\纺织\、\竹编\、\榨糖\、\制茶\、\土制\火药\等\。\布朗族\是\云南\的\独有\民族\具有\自己\独特\的\民族文化\。\年芒\景村\被\评为\全国\最\休闲\旅游\村\现在\正在\打造\国家级\景区\和\申报\世界\自然遗产\。\芒景村布朗族传统文化生态保护区\的\建立\可\促进\当地\旅游业\的\发展\。\年\芒景村布朗族传统文化生态保护区\入选\云南省\第三批\省级\非物质文化\遗产\代表性\项目\名录\。,布朗族
巧家小碗红糖制作技艺,第四批,传统技艺,巧家县文化馆,巧家小碗红糖又称碗碗糖呈红黄色半透明香气浓郁口感纯正因成品为小碗形状而得名。其生产始于清朝乾隆年间在国内久享盛誉尤为青、藏、川、滇等地区百姓所钟爱。巧家小碗红糖制作采用传统土榨法。一般每年农历冬月尾开榨次年清明前后收榨。糖房工匠称三大师即榨匠、糖匠、大火头。其他辅助工有刀刀匠牛毛尖草疙瘩渣渣匠叶子客包包匠等。其制作工序分为压榨、加热、蒸发、澄清等步骤。榨匠统一指挥压榨工作榨匠向榨滚内放入甘蔗渣渣匠负责理甘蔗渣并往糖锅里送蔗汁。大火头负责烧火掌握火候。糖匠负责在蒸发过程中向糖锅中加入石灰和蓖麻油脚子或清油脚子促使糖浆澄清和散泡增加糖的硬度。熬制间的牛尾灶一般有五口锅第一、二口为生水锅煮制刚榨出的甘蔗汁边煮边捞出渣屑。第三、四口锅为中锅逐一熬糖。第五口、六口锅为出糖锅。出糖后把糖膏舀进糖钵用糖棒不停搅拌俗称杀糖。直到糖浆无泡变沙即可舀入小碗状的糖模子里形成糖块。成品一般有小碗糖、大碗糖、砖糖、狮子糖等。年巧家小碗红糖制作技艺入选云南省第四批省级非物质文化遗产代表性项目名录。项目代表性传承人是万兴全。,省级,巧家\小碗\红糖\又称\碗\碗\糖\呈\红黄色\半透明\香气\浓郁\口感\纯正\因\成品\为\小碗\形状\而\得名\。\其\生产\始于\清朝\乾隆年间\在\国内\久享\盛誉\尤为\青\、\藏\、\川\、\滇\等\地区\百姓\所\钟爱\。\巧家\小碗\红糖\制作\采用\传统\土\榨法\。\一般\每年\农历\冬月\尾开\榨\次年\清明前后\收榨\。\糖房\工匠\称\三\大师\即\榨匠\、\糖匠\、\大\火头\。\其他\辅助\工有\刀\刀匠\牛\毛尖\草\疙瘩\渣渣匠\叶子\客\包包\匠\等\。\其\制作\工序\分为\压榨\、\加热\、\蒸发\、\澄清\等\步骤\。\榨匠\统一指挥\压榨\工作\榨匠\向\榨\滚\内\放入\甘蔗渣\渣匠\负责\理\甘蔗渣\并\往\糖锅\里\送\蔗汁\。\大\火头\负责\烧火\掌握\火候\。\糖匠\负责\在\蒸发\过程\中向\糖锅\中\加入\石灰\和\蓖麻油\脚子\或\清油\脚子\促使\糖浆\澄清\和\散\泡\增加\糖\的\硬度\。\熬\制间\的\牛尾\灶\一般\有\五口\锅\第一\、\二\口\为生\水锅\煮\制刚\榨出\的\甘蔗汁\边\煮\边\捞\出渣\屑\。\第三\、\四口\锅为\中锅\逐一\熬\糖\。\第五\口\、\六口\锅为\出\糖锅\。\出糖\后\把\糖膏\舀\进糖\钵\用\糖\棒\不停\搅拌\俗称\杀糖\。\直到\糖浆\无泡\变沙\即可\舀\入\小碗\状\的\糖\模子\里\形成\糖块\。\成品\一般\有\小碗\糖\、\大碗\糖\、\砖糖\、\狮子\糖\等\。\年\巧家小碗红糖制作技艺\入选\云南省\第四批\省级\非物质文化\遗产\代表性\项目\名录\。\项目\代表性\传承\人\是\万兴全\。,
昭通酱制作技艺,第三批,传统技艺,云南省昭通市,昭通酱制作历史悠久清雍正年间就在昭通地区规模化生产是云南第一大酱。它采用上等黄豆、昭通炎山花椒、本地辣椒、自贡井盐、大龙洞山泉水纯手工制作而成是百味之母。昭通酱的制作主要有制作豆面、制作酱面、下酱等工序。制作豆面时要精选上等黄豆再文火焙炒至酥脆磨成细面过筛备用。制作酱面时则在豆面中加入泉水搅拌均匀至豆面可捏成坨为宜。民间制作酱面有紧三把松三把不紧不松又三把之说把成坨的酱面装入垫有稻草的竹筐内覆盖稻草存放发酵天左右。期间要定时将竹筐中的面坨作上下左右调整使面坨发酵充分均匀。待坨面出现黄白色霉衣后将酱面取出掰成小块晒干再磨成细粉。下酱时把山花椒、辣椒、食盐等调料与酱面、泉水混合拌匀再装入瓦缸中盖上尖顶的竹篾盖并露天放置。每三天搅拌一次放置天左右昭通酱才能制作完成。昭通酱色红如玛瑙麻辣咸香酱香浓郁荤素皆宜是多家食品企业的重要原料。昭通酱完整保留了浓郁的地方特色风味并发展了多种衍生酱品有肉酱、油酱、花椒酱、香椿酱、火腿酱、天麻酱等久贮不变味携带方便美味可口。年昭通酱制作技艺入选云南省第三批省级非物质文化遗产代表性项目名录。项目代表性传承人是黄智敏。,省级,昭通\酱\制作\历史悠久\清\雍正年间\就\在\昭通\地区\规模化\生产\是\云南\第一\大酱\。\它\采用\上\等\黄豆\、\昭通\炎山\花椒\、\本地\辣椒\、\自贡\井盐\、\大\龙洞\山泉水\纯手工\制作\而成\是\百味\之母\。\昭通\酱\的\制作\主要\有\制作\豆面\、\制作\酱面\、\下酱\等\工序\。\制作\豆面\时要\精选\上\等\黄豆\再\文火\焙\炒\至\酥脆\磨成\细面\过筛\备用\。\制作\酱面\时\则\在\豆面\中\加入\泉水\搅拌\均匀\至\豆面\可\捏成\坨\为\宜\。\民间\制作\酱面\有\紧\三\把\松\三\把\不\紧不松\又\三\把\之\说\把\成\坨\的\酱面\装入\垫\有\稻草\的\竹筐\内\覆盖\稻草\存放\发酵\天\左右\。\期间\要\定时\将\竹筐\中\的\面坨作\上下左右\调整\使面\坨\发酵\充分\均匀\。\待\坨面\出现\黄白色\霉衣后\将\酱面\取出\掰\成小块\晒干\再磨\成细粉\。\下酱\时\把\山\花椒\、\辣椒\、\食盐\等\调料\与\酱面\、\泉水\混合\拌匀\再\装入\瓦缸\中盖\上\尖顶\的\竹篾\盖\并\露天\放置\。\每\三天\搅拌\一次\放置\天\左右\昭通\酱\才能\制作\完成\。\昭通\酱色\红如\玛瑙\麻辣\咸香\酱香\浓郁\荤素\皆宜\是\多家\食品\企业\的\重要\原料\。\昭通\酱\完整\保留\了\浓郁\的\地方\特色\风味\并\发展\了\多种\衍生\酱品\有\肉酱\、\油酱\、\花椒\酱\、\香椿\酱\、\火腿\酱\、\天麻\酱\等\久\贮\不\变味\携带方便\美味可口\。\年\昭通酱制作技艺\入选\云南省\第三批\省级\非物质文化\遗产\代表性\项目\名录\。\项目\代表性\传承\人\是\黄智敏\。,
永仁彝族刺绣,云南省第一批,传统技艺,云南省楚雄彝族自治州永仁县,刺绣是永仁彝族女子必备的生活技能当地彝族女子自幼跟随母亲学习刺绣。永仁彝绣使用棉麻、丝绣线、棉线、开司米线。绣法有平绣、十字绣、扣花绣、插绣、镂空绣、扣边绣等针法精细平整。常见的图案有日月星辰、风雨雷电、山水花木和飞禽走兽等。永仁彝绣主要用在服饰上一般公鸡帽上绣山茶花、云雾花、麂子花、火焰花衣服上绣铜钱花、鸡冠花裤子上绣房顶瓦面、瓜影、山茶花、小人影围腰上绣树勾花、山茶花腰带上绣铜钱花、鸡冠花挎包上绣四叶花、狗脚印花鞋子上绣吊勾花和南瓜花等。以马缨花、山茶花等图案最为常见颜色艳丽技艺精美富有内涵。传统的永仁彝绣以黑色为底色绣线多使用大红、粉红等颜色。现代绣法较传统绣法更为大胆艳丽底色五彩缤纷形式多种多样。彝绣构图虚实并存形象夸张色彩对比强烈。女人们会把对美的追求、对人生的感悟等所思所想用绣花的方式表现出来绣得最美的服饰会在一年一度的赛装节上展示出来。一些绣有马缨似火、山茶争艳、喜鹊闹梅、蝴蝶采花等图案的挎包还常常用作男女定情的信物。现在永仁县已经成立刺绣协会与刺绣专业合作社将永仁彝绣产品远销各地。年永仁彝族刺绣入选云南省级非物质文化遗产代表性项目名录扩展项目名录。项目代表性传承人是殷绍庄。,省级,刺绣\是\永仁\彝族\女子\必备\的\生活\技能\当地\彝族\女子\自幼\跟随\母亲\学习\刺绣\。\永仁\彝绣\使用\棉麻\、\丝绣线\、\棉线\、\开司米\线\。\绣法\有平\绣\、\十字绣\、\扣\花绣\、\插\绣\、\镂空\绣\、\扣边\绣\等\针法\精细\平整\。\常见\的\图案\有\日月星辰\、\风雨雷电\、\山水\花木\和\飞禽走兽\等\。\永仁\彝绣\主要\用\在\服饰\上\一般\公鸡\帽上\绣\山茶花\、\云雾\花\、\麂子\花\、\火焰\花衣服\上\绣\铜钱\花\、\鸡冠花\裤子\上\绣\房顶\瓦面\、\瓜影\、\山茶花\、\小\人影\围腰\上\绣\树\勾花\、\山茶花\腰带\上\绣\铜钱\花\、\鸡冠花\挎包\上\绣\四叶\花\、\狗脚\印花\鞋子\上\绣\吊\勾花\和\南瓜\花\等\。\以\马缨花\、\山茶花\等\图案\最为\常见\颜色\艳丽\技艺\精美\富有\内涵\。\传统\的\永仁\彝绣以\黑色\为\底色\绣线\多\使用\大红\、\粉红\等\颜色\。\现代\绣法\较\传统\绣法\更为\大胆\艳丽\底色\五彩缤纷\形式\多种多样\。\彝绣\构图\虚实\并存\形象\夸张\色彩\对比\强烈\。\女\人们\会\把\对\美的\追求\、\对\人生\的\感悟\等\所思\所想用\绣花\的\方式\表现\出来\绣\得\最美\的\服饰\会\在\一年一度\的\赛装节\上\展示\出来\。\一些\绣\有\马缨\似火\、\山茶\争艳\、\喜鹊\闹梅\、\蝴蝶\采花\等\图案\的\挎包\还\常常\用作\男女\定情\的\信物\。\现在\永仁县\已经\成立\刺绣\协会\与\刺绣\专业\合作社\将\永仁\彝绣\产品\远销\各地\。\年\永仁彝族刺绣\入选\云南\省级\非物质文化\遗产\代表性\项目\名录\扩展\项目\名录\。\项目\代表性\传承\人\是\殷绍庄\。,彝族
景东彝族打歌,第一批,传统舞蹈,景东县文化馆,现已收集整理的云南省普洱市景东县彝族打歌有四十三套路按其舞蹈的内容大体可分为三类一是动物模拟舞如老鸹歌、猴子扯磨、孔雀摆尾、苍蝇搓脚等二是生产生活舞如三跺脚、翻身歌、大倒躜、顺躜歌、合脚歌、新房歌等三是祝福寄托舞如闪闪歌等。景东打歌曲调旋律优美节奏规整严谨分为上下句或四句乐段结构。曲调多为五声音阶特性可根据情绪的变化快慢反复加花使用。伴奏乐器主要有葫芦笙、大小三弦、笛子、树叶等。近几年也有用口琴当伴奏乐器的。无量山一带基本按传统节日、吉日来跳。哀牢山一带则不拘时辰少则几人多则成百上千人围成圈领舞者吹笙在前众人随着音乐旋律、节奏变化尽情欢歌。以芦笙伴奏的歌调具有一调多舞的通用性。用笛子伴奏的歌调音乐不同则舞步不同但总体以腰、腿为动律脚上的动作较多跺步、甩步、踢腿、收脚等较为普遍。膝盖自然弯曲有弹性。上身有前俯、后仰、收腹、挺腰、翻身等动作。手部动作不大多为拉手、挽臂、搭肩、扣手、拍手或自然甩动。舞蹈队形一般为一个大圆圈也有围成两个圆的、两排的。在人数上有的只能成双有的围圈后两个伴对面跳等。跳法虽有固定套路但舞者可根据自己的情绪、体力、习惯及舞场气氛自由发挥。年景东彝族打歌入选云南省第一批省级非物质文化遗产保护名录。代表性传承人是曹爱民。,省级,现已\收集整理\的\云南省\普洱\市\景东\县\彝族打歌\有\四十三\套路\按\其\舞蹈\的\内容\大体\可\分为\三类\一是\动物\模拟\舞如\老鸹\歌\、\猴子\扯\磨\、\孔雀\摆尾\、\苍蝇\搓脚\等\二\是\生产\生活\舞如\三\跺脚\、\翻身\歌\、\大倒\躜\、\顺\躜\歌\、\合脚\歌\、\新房\歌\等\三\是\祝福\寄托\舞如\闪闪\歌\等\。\景东\打\歌曲\调\旋律优美\节奏\规整\严谨\分为\上下\句\或\四句\乐段\结构\。\曲调\多为\五声\音阶\特性\可\根据\情绪\的\变化\快慢\反复\加花\使用\。\伴奏\乐器\主要\有\葫芦\笙\、\大小\三弦\、\笛子\、\树叶\等\。\近几年\也\有用\口琴\当\伴奏\乐器\的\。\无量山\一带\基本\按\传统节日\、\吉日\来\跳\。\哀牢山\一带\则\不拘\时辰\少则\几人\多则\成百上千\人\围成\圈\领舞\者\吹笙\在\前\众人\随着\音乐\旋律\、\节奏\变化\尽情\欢歌\。\以\芦笙\伴奏\的\歌调\具有\一调\多舞\的\通用性\。\用\笛子\伴奏\的\歌调\音乐\不同\则\舞步\不同\但\总体\以腰\、\腿\为\动律\脚\上\的\动作\较\多\跺步\、\甩步\、\踢腿\、\收脚\等\较为\普遍\。\膝盖\自然\弯曲\有\弹性\。\上身\有前\俯\、\后仰\、\收腹\、\挺\腰\、\翻身\等\动作\。\手部\动作\不\大多\为\拉手\、\挽臂\、\搭肩\、\扣手\、\拍手\或\自然\甩动\。\舞蹈\队形\一般\为\一个\大\圆圈\也\有\围成\两个\圆\的\、\两排\的\。\在\人数\上\有\的\只能\成双\有\的\围圈\后\两个\伴\对面\跳\等\。\跳法\虽有\固定\套路\但\舞者\可\根据\自己\的\情绪\、\体力\、\习惯\及\舞场\气氛\自由发挥\。\年\景东彝族打歌\入选\云南省\第一批\省级\非物质文化\遗产\保护\名录\。\代表性\传承\人\是\曹\爱民\。,彝族
孟连傣族传统制陶技艺,第一批,传统技艺,孟连县文化馆,孟连傣族土陶制作技艺主要流传于孟连县娜允镇。制陶工具有木拍、花陶拍、卵石、轮盘等。原料是当地的黏土。工序一般分为取土、晒土、筛土、加沙和泥、制坯、晾晒、烧制等。制品有生活用具、建筑材料及赕佛用具等包括厨具类的土锅、水壶、陶罐、陶瓶、陶盘等家居类的花瓶、花盆和赕佛用的灯盏、高足盘等。制陶技艺为家庭内部传承传女不传男。成坯方法呈多样化特点有无转轮制坯、脚趾拨动慢轮、手拨动转轮等慢轮手工制作器物表面均用有纹的木拍拍打出印纹这与南方出土的新石器时期印纹陶器相一致烧制为堆烧法。傣族慢轮制陶除满足傣族群众日常生活需要外还具有丰富的社会文化价值和历史研究价值不仅体现在古老的手工制作方式和工艺流程中还体现在傣族的生产生活中深刻反映了傣族传统生活方式及其变迁。年孟连傣族传统制陶技艺入选云南省第一批省级非物质文化遗产保护名录。,省级,孟连\傣族\土陶\制作\技艺\主要\流传\于\孟连\县娜\允镇\。\制陶\工具\有木\拍\、\花陶\拍\、\卵石\、\轮盘\等\。\原料\是\当地\的\黏土\。\工序\一般\分为\取土\、\晒土\、\筛土\、\加沙\和泥\、\制坯\、\晾晒\、\烧制\等\。\制品\有\生活\用具\、\建筑材料\及\赕佛\用具\等\包括\厨具\类\的\土锅\、\水壶\、\陶罐\、\陶瓶\、\陶盘\等\家居\类\的\花瓶\、\花盆\和\赕佛\用\的\灯盏\、\高足\盘\等\。\制陶\技艺\为\家庭\内部\传承\传女\不传\男\。\成坯\方法\呈\多样化\特点\有无\转轮\制坯\、\脚趾\拨动\慢轮\、\手\拨动\转轮\等\慢轮\手工\制作\器物\表面\均\用\有\纹\的\木\拍拍\打出\印纹\这\与\南方\出土\的\新石器\时期\印纹陶\器\相一致\烧制\为\堆\烧法\。\傣族\慢轮\制陶\除\满足\傣族\群众\日常生活\需要\外\还\具有\丰富\的\社会\文化价值\和\历史研究\价值\不仅\体现\在\古老\的\手工\制作\方式\和\工艺流程\中\还\体现\在\傣族\的\生产\生活\中\深刻\反映\了\傣族\传统\生活方式\及其\变迁\。\年\孟连傣族传统制陶技艺\入选\云南省\第一批\省级\非物质文化\遗产\保护\名录\。,傣族
云县鸡肉米线烹制技艺,第四批,传统技艺,云南省云县,云县鸡肉米线是云南省临沧市云县的特色小吃在全省各州市均受到食客青睐。传统的云县鸡肉米线烹制技艺集中流传在云县爱华镇城区爱华、新云州、草皮街、毛家村四个社区。云县鸡肉米线历史悠久多部史书中均有记载其食用历史可追溯年以上民间流传着诸多与其相关的故事和俗谚。云县鸡肉米线选用传统木榨米线即酸浆米线制作工艺相对繁杂要经过选米、净米、洗泡、发酵、磨浆、潮化、合成、初蒸、压榨、煮熟、冷却、漂洗等十几道工序。木榨工艺各家有各家的特点既要保留大米的清香、甘爽又要使米线有韧性、柔软可口其发酵配方有诸多讲究。鸡肉通常选用毛泽鲜亮、背平体健的黑肉土鸡每只重量需在公斤以上。买回来以后还要在家中饲养一周既观察它的健康程度又使它更加肥壮。土鸡当天宰杀必须当天食用民间有三分米线七分汤的说法老汤的熬制是鸡肉米线制作的关键步骤讲究一鲜二慢三原味即所取熬汤的肉骨要新鲜煮汤的火要用均匀的慢火煮沸过程中不得加水确保肉汤的原汁原味。以前用土锅熬制现在因情况而异使用木柴或木炭烧火将新鲜鸡肉与草果、盐巴、姜片等配料放入水中同煮掌控火候小时熬成。老汤熬成后将鸡头、鸡翅、鸡腿、鸡肝等捞出供顾客选买。其余鸡肉捞出做成肉丁配其他调料制成鸡肉戴帽。传统鸡肉米线吃法较为简单清淡一锅汤搭配适当佐料称为滑米线后逐步发展成为现今颇受群众欢迎的戴帽米线先将适量的米线放入碗中或直接放入漏勺后将其放入摄氏度的热水中烫秒左右当米线温到一定软度捞出再倒入碗中放上葱花再用滚汤的老汤烫熟放入鸡肉戴帽顾客再根据自己的爱好添加佐料即可食用。鸡肉米线的佐料繁多常见的有酱油、辣椒油、蒜泥、麻油、芫荽、小米辣、水腌菜、腊腌菜等。年云县鸡肉米线烹制技艺入选云南省第四批省级非物质文化遗产代表性项目名录扩展项目名录。项目代表性传承人是尹庆美。,省级,云县\鸡肉\米线\是\云南省\临沧市\云县\的\特色小吃\在\全省\各州\市均\受到\食客\青睐\。\传统\的\云县鸡肉米线烹制技艺\集中\流传\在\云县\爱华\镇\城区\爱华\、\新\云州\、\草皮\街\、\毛\家村\四个\社区\。\云县\鸡肉\米线\历史悠久\多部\史书\中均\有\记载\其\食用\历史\可追溯\年\以上\民间\流传\着\诸多\与其\相关\的\故事\和\俗谚\。\云县\鸡肉\米线\选用\传统\木榨\米线\即\酸浆\米线\制作\工艺\相对\繁杂\要\经过\选米\、\净米\、\洗泡\、\发酵\、\磨浆\、\潮化\、\合成\、\初蒸\、\压榨\、\煮熟\、\冷却\、\漂洗\等\十几道\工序\。\木榨\工艺\各家\有\各家\的\特点\既\要\保留\大米\的\清香\、\甘爽\又\要\使\米线\有\韧性\、\柔软\可口\其\发酵\配方\有\诸多\讲究\。\鸡肉\通常\选用\毛泽\鲜亮\、\背平\体健\的\黑肉\土鸡\每\只\重量\需在\公斤\以上\。\买回来\以后\还要\在\家中\饲养\一周\既\观察\它\的\健康\程度\又\使\它\更加\肥壮\。\土鸡\当天\宰杀\必须\当天\食用\民间\有\三分\米线\七分\汤\的\说法\老汤\的\熬\制是\鸡肉\米线\制作\的\关键步骤\讲究\一鲜二慢\三\原味\即\所取\熬汤\的\肉\骨要\新鲜\煮汤\的\火要\用\均匀\的\慢火\煮沸\过程\中\不得\加水\确保\肉汤\的\原汁原味\。\以前\用\土锅\熬制\现在\因\情况\而异\使用\木柴\或\木炭\烧火\将\新鲜\鸡肉\与\草果\、\盐巴\、\姜片\等\配料\放入\水中\同煮\掌控\火候\小时\熬成\。\老汤\熬\成后\将\鸡头\、\鸡翅\、\鸡腿\、\鸡肝\等\捞出\供\顾客\选买\。\其余\鸡肉\捞出\做成\肉丁\配\其他\调料\制成\鸡肉\戴帽\。\传统\鸡肉\米线\吃法\较为简单\清淡\一\锅汤\搭配\适当\佐料\称为\滑\米线\后\逐步\发展\成为\现今\颇受\群众\欢迎\的\戴帽\米线\先\将\适量\的\米线\放入\碗\中\或\直接\放入\漏勺\后\将\其\放入\摄氏度\的\热水\中烫\秒左右\当\米线\温到\一定\软度\捞出\再\倒入\碗\中放上\葱花\再用\滚汤\的\老汤\烫\熟\放入\鸡肉\戴帽\顾客\再\根据\自己\的\爱好\添加\佐料\即可\食用\。\鸡肉\米线\的\佐料\繁多\常见\的\有\酱油\、\辣椒油\、\蒜泥\、\麻油\、\芫荽\、\小米\辣\、\水\腌菜\、\腊\腌菜\等\。\年\云县鸡肉米线烹制技艺\入选\云南省\第四批\省级\非物质文化\遗产\代表性\项目\名录\扩展\项目\名录\。\项目\代表性\传承\人\是\尹庆美\。,
天峰山歌会,第四批,民俗,祥云县非物质文化遗产保护中心,天峰山歌会是祥云县普棚镇彝族人民世代相传的一个传统节日已有上百年的历史。天峰山歌会起源于天峰山老君圣诞会同时也是为了纪念彝族先祖孟获的夫人祝融。每年农历二月十五祥云县普棚镇天峰山一带彝族同胞、信徒及香客汇聚天峰山举行彝族歌调对唱、弹弦打歌、诵经拜唱、洞经音乐会等活动。按照传统习俗农历二月十四天峰山的主持和歌会头人就要在天峰山起鼓开堂立歌会大旗。二月十五歌会头人组织祭歌会大旗仪式祭天祭地祭祖宗天峰山歌会开始。活动内容主要有对山歌、芦笙舞表演、传统体育比赛、打歌、朝山拜等同时还举行歌会大典、祭祖、竖会杆等活动。天峰山歌会丰富的文化内涵是彝族上百年来物质生活和精神生活长期积淀的智慧结晶天峰山歌会伴随着彝族历史发展不断得到丰富特别是有关天峰山歌会来历的诸多传说都与彝族历史上所发生的事件有关是研究彝族历史的好素材具有较浓的民族特色是展示彝族文化、塑造民族形象的重要窗口。年天峰山歌会入选云南省第四批省级非物质文化遗产代表性项目名录。项目代表性传承人是罗荣。,省级,天峰山歌会\是\祥云县\普棚\镇\彝族\人民\世代相传\的\一个\传统节日\已有\上百年\的\历史\。\天峰山歌会\起源于\天\峰山\老君圣诞\会\同时\也\是\为了\纪念\彝族\先祖\孟获\的\夫人\祝融\。\每年\农历\二月\十五\祥云县\普棚\镇天\峰山\一带\彝族\同胞\、\信徒\及\香客\汇聚\天\峰山\举行\彝族\歌调\对唱\、\弹弦\打歌\、\诵经\拜唱\、\洞经音乐\会\等\活动\。\按照\传统习俗\农历\二月\十四天\峰山\的\主持\和\歌会\头人\就要\在\天\峰山\起鼓\开堂\立\歌会\大旗\。\二月\十五\歌会\头人\组织\祭\歌会\大旗\仪式\祭天\祭地\祭\祖宗\天峰山歌会\开始\。\活动\内容\主要\有\对\山歌\、\芦笙舞\表演\、\传统\体育比赛\、\打歌\、\朝山\拜\等\同时\还\举行\歌会\大典\、\祭祖\、\竖会杆\等\活动\。\天峰山歌会\丰富\的\文化\内涵\是\彝族\上百年\来\物质\生活\和\精神\生活\长期\积淀\的\智慧结晶\天峰山歌会\伴随\着\彝族\历史\发展\不断\得到\丰富\特别\是\有关\天峰山歌会\来历\的\诸多\传说\都\与\彝族\历史\上\所\发生\的\事件\有关\是\研究\彝族\历史\的\好\素材\具有\较\浓\的\民族特色\是\展示\彝族\文化\、\塑造\民族\形象\的\重要\窗口\。\年\天峰山歌会\入选\云南省\第四批\省级\非物质文化\遗产\代表性\项目\名录\。\项目\代表性\传承\人\是\罗荣\。,彝族
彝族民间故事《阿乐攀月》,云南省第四批,民间文学,云南省景东县,《阿乐攀乐》讲述的是古代彝族青年阿乐搭天梯驱逐天狗拯救太阳和月亮的故事。阿乐小时候从老人们那里无数次听过天狗会吃太阳和月亮的故事总是担心天狗再去偷吃太阳和月亮而令人间陷入黑暗。长大后阿乐想了很多办法如将羽毛捆扎在身上变成一只鸟或用一根很长的绳索系上篮兜自己坐在兜中由乡亲们帮忙拉绳索想攀上月亮驱逐天狗但始终没有成功。后来阿乐救了一只凤凰在梦中凤凰告诉他登月的办法。按照凤凰的指点阿乐在乡亲们的帮助下用龙竹搭建了九百九十九级天梯终于登上月亮赶走了天狗捍卫了人间的光明。在一些版本中提到阿乐被凤凰带到月宫后从月宫中撒下桫椤树种子把天狗攻击月亮、进攻太阳的消息提前告诉了乡亲们让大家做好驱赶天狗的准备。故事讴歌了彝族先民不畏艰难险阻精诚团结勇于探索自然和改造自然的斗争精神。根据这个传说故事还衍生了一项体育活动由人扮演阿乐其余人分成两列面对面站立队员伸手握住对面同伴的手腕搭成梯子阿乐在队员手臂搭成的梯子上匍匐前进。当阿乐通过后队员相继移动到前面阿乐未到达的地方继续搭梯直到将阿乐送到终点摘到月亮两组比赛速度快者为胜。每年彝族火把节当地彝族同胞都会举行这项体育竞技活动。年彝族民间故事《阿乐攀月》入选云南省第四批省级非物质文化遗产代表性项目名录。项目代表性传承人是罗朝明。,省级,《\阿乐\攀乐\》\讲述\的\是\古代\彝族\青年\阿乐\搭\天梯\驱逐\天狗\拯救\太阳\和\月亮\的\故事\。\阿乐\小时候\从\老\人们\那里\无数次\听过\天狗\会\吃\太阳\和\月亮\的\故事\总是\担心\天狗\再\去\偷吃\太阳\和\月亮\而\令人\间\陷入\黑暗\。\长大\后\阿乐想\了\很多\办法\如\将\羽毛\捆扎\在\身上\变成\一只\鸟\或\用\一根\很长\的\绳索\系\上篮\兜\自己\坐在\兜\中\由\乡亲们\帮忙\拉\绳索\想\攀\上\月亮\驱逐\天狗\但\始终\没有\成功\。\后来\阿乐救\了\一只\凤凰\在\梦\中\凤凰\告诉\他\登月\的\办法\。\按照\凤凰\的\指点\阿乐\在\乡亲们\的\帮助\下用\龙竹\搭建\了\九百九十九\级\天梯\终于\登上\月亮\赶走\了\天狗\捍卫\了\人间\的\光明\。\在\一些\版本\中\提到\阿乐\被\凤凰\带到\月宫\后\从\月\宫中\撒\下\桫椤树\种子\把\天狗\攻击\月亮\、\进攻\太阳\的\消息\提前\告诉\了\乡亲们\让\大家\做好\驱赶\天狗\的\准备\。\故事\讴歌\了\彝族\先民\不畏\艰难险阻\精诚团结\勇于探索\自然\和\改造\自然\的\斗争\精神\。\根据\这个\传说\故事\还\衍生\了\一项\体育\活动\由人\扮演\阿乐\其余\人\分成\两列\面对面\站立\队员\伸手\握住\对面\同伴\的\手腕\搭成\梯子\阿乐\在\队员\手臂\搭成\的\梯子\上\匍匐前进\。\当阿乐\通过\后\队员\相继\移动\到\前面\阿乐\未\到达\的\地方\继续\搭梯\直到\将\阿乐\送到\终点\摘\到\月亮\两组\比赛\速度快\者\为\胜\。\每年\彝族\火把节\当地\彝族\同胞\都\会\举行\这项\体育竞技\活动\。\年\彝族\民间故事\《\阿乐\攀\月\》\入选\云南省\第四批\省级\非物质文化\遗产\代表性\项目\名录\。\项目\代表性\传承\人\是\罗朝明\。,彝族
阿昌族传统婚俗,第四批,民俗,龙陵县文化馆,龙陵县阿昌族是从德宏州的梁河及腾冲迁徙到龙陵河头芒麦村的已有多年的历史。龙陵县龙山镇的阿昌族自称小阿昌在阿昌族古老丰富的传统文化中婚俗文化异彩纷呈独具地方特色。其婚俗基本上承袭了阿昌族历史上古老的婚俗礼仪同时又受其他民族影响有所变化其中长筷戏新郎就是龙陵阿昌族独有的习俗。龙陵县龙山镇阿昌族婚庆习俗主要分求婚和婚礼两个部分。求婚中男女双方在唱情歌、要烟吃的场合中相识互递信物。举办婚礼时间为男方三天女方两天。婚礼分娶亲、长筷戏新郎、送亲、入洞房、认亲、坐满月、拜年七项内容。一是娶亲女方家青年男女大显玩新姑爷的高招新郎和陪郎要闯过拦门、泼水等多个关卡不施小礼就不能过关。二是早饭后别有风趣的长筷戏新郎在女方家院场开演新郎要用几米长的竹子当筷子给亲友宾客一一夹菜在嬉戏中尽情展示阿昌族人民古老的农耕文化和诙谐的民族性格民族风情浓郁把这场精彩演出推向高潮成为照亮全戏的最大闪光点。三是送亲女方给男方的媒人、总理戴花帽。四是入洞房新郎带新娘绕火塘三圈才进入洞房共同吃一个糯米饭团象征今后夫妻相处像糯米饭团一样胶黏。五是拜堂认亲新媳妇敬奉长辈甜茶互赠礼物。六是坐满月由娘家接送返回时给每家亲戚都送一只鸡。七是拜年到各亲戚家中行跪拜礼、赠礼品返家时每家亲戚也要给新郎新娘送一只鸡。受现代文明的冲击阿昌族婚俗内容也随之发生了流变民族服饰逐渐被现代服饰同化银制头饰、手饰、装饰品不再显得那么重要青年男女婚俗观念也随之改变。年阿昌族传统婚俗入选云南省第四批省级非物质文化遗产代表性项目名录。,省级,龙陵县\阿昌族\是从\德宏州\的\梁河\及\腾冲\迁徙\到\龙陵\河头\芒麦村\的\已有\多年\的\历史\。\龙陵县\龙山镇\的\阿昌族\自称\小\阿昌\在\阿昌族\古老\丰富\的\传统文化\中\婚俗\文化\异彩纷呈\独具\地方\特色\。\其\婚俗\基本上\承袭\了\阿昌族\历史\上\古老\的\婚俗\礼仪\同时\又\受\其他\民族\影响\有所\变化\其中\长\筷戏\新郎\就是\龙陵\阿昌族\独有\的\习俗\。\龙陵县\龙山镇\阿昌族\婚庆\习俗\主要\分\求婚\和\婚礼\两个\部分\。\求婚\中\男女双方\在\唱\情歌\、\要\烟\吃\的\场合\中\相识\互递\信物\。\举办\婚礼\时间\为\男方\三天\女方\两天\。\婚礼\分\娶亲\、\长\筷戏\新郎\、\送亲\、\入\洞房\、\认亲\、\坐\满月\、\拜年\七项\内容\。\一是\娶亲\女方\家\青年\男女\大显\玩\新姑爷\的\高招\新郎\和\陪郎要\闯过\拦门\、\泼水\等\多个\关卡\不施\小礼\就\不能\过关\。\二是\早饭\后\别有风趣\的\长\筷戏\新郎\在\女方\家院场\开演\新郎\要\用\几米\长\的\竹子\当\筷子\给\亲友\宾客\一一\夹菜\在\嬉戏\中\尽情\展示\阿昌族\人民\古老\的\农耕\文化\和\诙谐\的\民族\性格\民族风情\浓郁\把\这场\精彩演出\推向\高潮\成为\照亮\全戏\的\最大\闪光点\。\三是\送亲\女方\给\男方\的\媒人\、\总理\戴\花帽\。\四是\入\洞房\新郎\带\新娘\绕\火塘\三圈\才\进入\洞房\共同\吃\一个\糯米饭\团\象征\今后\夫妻\相处\像\糯米饭\团\一样\胶\黏\。\五是\拜堂\认亲\新媳妇\敬奉\长辈\甜茶\互赠\礼物\。\六是\坐\满月\由\娘家\接送\返回\时\给\每家\亲戚\都\送\一只\鸡\。\七是\拜年\到\各\亲戚家\中行\跪拜礼\、\赠\礼品\返家\时\每家\亲戚\也\要\给\新郎新娘\送\一只\鸡\。\受\现代文明\的\冲击\阿昌族\婚俗\内容\也\随之\发生\了\流变\民族服饰\逐渐\被\现代\服饰\同化\银制\头饰\、\手饰\、\装饰品\不再\显得\那么\重要\青年\男女\婚俗\观念\也\随之\改变\。\年\阿昌族传统婚俗\入选\云南省\第四批\省级\非物质文化\遗产\代表性\项目\名录\。,阿昌族
东山庙会,第四批,民俗,古城区非物质文化遗产保护管理中心,东山又称吴烈山位于丽江古城东面十余里丽江市古城区金山街道境内东山庙始建于明正德年间史称吴烈庙是丽江盆地东部纳西族民众的山神祠。清朝初期白族迁入带来了本主文化改称东山庙。清朝雍正年间在东山山顶建了道教庙宇玉皇庙和南天门等建筑又在半山腰建了汉传佛教寺庙法喜寺。随着丽江纳西族、白族、汉族等各民族民俗文化不断融入东山已形成丽江较有影响的东山庙会活动。每年农历三月十三日为东山庙会日会期为三天。庙会期间附近十里八乡的百姓蜂拥而来登山赶会、祭祀拜神、社交求偶、春游聚会。其间有民歌对唱、古乐演奏、滇戏演出等民间文化交流及物资交易活动。东山庙会逐渐形成了融宗教礼仪、民族歌舞、民间音乐、说唱艺术于一体的地域性民俗文化活动是丽江纳西族、白族、汉族等民族传统音乐、舞蹈、说唱艺术的重要载体也是丽江最具社会影响的庙会活动之一。东山庙会承载了丽江坝五百多年来纳西族、白族、汉族等各民族的政治、经济、社会、文化发展变迁史集中体现了纳西族东巴教、白族本主教以及汉族道教佛教并存发展的历史见证了纳西族、白族、汉族、傈僳族等丽江各民族兄弟间相互包容、共生共荣的历史是民族文化多样性、宗教文化多元性以及民族团结和谐的象征。年东山庙会入选云南省第四批省级非物质文化遗产代表性项目名录。,省级,东山\又称\吴烈\山\位于\丽江古城\东面\十余里\丽江市\古城区\金山\街道\境内\东山\庙\始建\于\明正德\年间\史称\吴烈\庙\是\丽江\盆地\东部\纳西族\民众\的\山\神祠\。\清朝\初期\白族\迁入\带来\了\本主\文化\改称\东山\庙\。\清朝\雍正年间\在\东山\山顶\建了\道教\庙宇\玉皇庙\和\南天门\等\建筑\又\在\半山腰\建了\汉传佛教\寺庙\法喜寺\。\随着\丽江\纳西族\、\白族\、\汉族\等\各\民族\民俗文化\不断\融入\东山\已\形成\丽江\较\有\影响\的\东山庙会\活动\。\每年\农历\三月\十三日\为\东山庙会\日\会期\为\三天\。\庙会\期间\附近\十里八乡\的\百姓\蜂拥而来\登山\赶会\、\祭祀\拜神\、\社交\求偶\、\春游\聚会\。\其间\有\民歌\对唱\、\古乐\演奏\、\滇戏\演出\等\民间文化\交流\及\物资\交易\活动\。\东山庙会\逐渐\形成\了\融\宗教\礼仪\、\民族\歌舞\、\民间\音乐\、\说唱\艺术\于\一体\的\地域性\民俗文化\活动\是\丽江\纳西族\、\白族\、\汉族\等\民族\传统\音乐\、\舞蹈\、\说唱\艺术\的\重要\载体\也\是\丽江\最具\社会\影响\的\庙会\活动\之一\。\东山庙会\承载\了\丽江\坝\五百多年\来\纳西族\、\白族\、\汉族\等\各\民族\的\政治\、\经济\、\社会\、\文化\发展\变迁\史\集中体现\了\纳西族\东巴教\、\白族\本\主教\以及\汉族\道教\佛教\并存\发展\的\历史\见证\了\纳西族\、\白族\、\汉族\、\傈僳族\等\丽江\各\民族\兄弟\间\相互\包容\、\共生\共荣\的\历史\是\民族文化\多样性\、\宗教文化\多元性\以及\民族团结\和谐\的\象征\。\年\东山庙会\入选\云南省\第四批\省级\非物质文化\遗产\代表性\项目\名录\。,纳西族
妥甸酱油酿造技艺,第四批,传统技艺,双柏县文化馆,妥甸酱油始创于明洪武年距今已有多年历史。清咸丰年间在民间手工作坊少量生产形成商品后作为宫廷宴席的调味珍品久负盛誉。妥甸酱油生产周期需一年半左右。选取妥甸登高山小龙箐之水酿制而成。技艺流程可概括为备料、制曲、制醪发酵、压榨浓缩四大工序。大豆浸泡后破碎为两瓣小麦洗净浸润约小时后用锅炒黄粉碎备用将豆瓣和炒麦粉混合浸润后上甑蒸制然后用炒麦粉接种曲入恒温室培养出曲香气即可进入发酵环节。调配好盐水、曲水入露天大缸内发酵。日晒夜露是酱油质量好坏的关键一般在冬、春旱季进行需个月方能成熟。发酵完成后采用传统木榨法取汁入锅加热浓缩浓度达标即可出锅。出锅后经冷却、沉淀过滤后方为成品。妥甸酱油主要有老抽、生抽和白酱油三类其特点是色泽鲜艳、香味浓郁、咸甜适中、稠能挂碗。妥甸酱油含有丰富的葡萄糖和各种氨基酸且久存不变质、不生霉是佐餐调味的上等佳品。年妥甸酱油酿造技艺入选云南省第四批省级非物质文化遗产代表性项目名录。妥甸酱油酿制以王氏家族传承最为正宗其第三代传人王文俊是此项目的代表性传承人。,省级,妥甸\酱油\始创\于明洪武\年\距今已有\多年\历史\。\清咸丰\年间\在\民间\手工\作坊\少量\生产\形成\商品\后\作为\宫廷\宴席\的\调味\珍品\久负\盛誉\。\妥甸\酱油\生产\周期\需\一年\半左右\。\选取\妥甸登\高山\小龙\箐\之水\酿制\而成\。\技艺\流程\可\概括\为\备料\、\制曲\、\制醪\发酵\、\压榨\浓缩\四大\工序\。\大豆\浸泡\后\破碎\为\两瓣\小麦\洗净\浸润\约\小时\后用\锅\炒\黄\粉碎\备用\将\豆瓣\和\炒\麦粉\混合\浸润\后\上\甑\蒸制\然后\用\炒\麦粉\接种\曲入\恒温室\培养\出曲\香气\即可\进入\发酵\环节\。\调配\好\盐水\、\曲水\入\露天\大\缸内\发酵\。\日晒\夜露\是\酱油\质量\好坏\的\关键\一般\在\冬\、\春\旱季\进行\需个\月\方能\成熟\。\发酵\完成\后\采用\传统\木榨\法取\汁\入锅\加热\浓缩\浓度\达标\即可\出锅\。\出锅\后经\冷却\、\沉淀\过滤\后方\为\成品\。\妥甸\酱油\主要\有\老抽\、\生抽\和\白\酱油\三类\其\特点\是\色泽\鲜艳\、\香味\浓郁\、\咸甜\适中\、\稠能\挂\碗\。\妥甸\酱油\含有\丰富\的\葡萄糖\和\各种\氨基酸\且\久存\不\变质\、\不\生霉\是\佐餐\调味\的\上\等\佳品\。\年\妥甸酱油酿造技艺\入选\云南省\第四批\省级\非物质文化\遗产\代表性\项目\名录\。\妥甸\酱油\酿制\以\王氏家族\传承\最为\正宗\其\第三代\传人\王文俊\是\此\项目\的\代表性\传承\人\。,
拉祜族传统手工造纸技艺,第四批,,云南省镇沅县,麻洋纸制作技艺主要流传于云南省普洱市镇沅县和平镇麻洋村以麻洋村为名当地俗称麻洋纸。当地拉祜族苦聪人依托哀牢山盛产野生桦竹的自然优势以竹子为主要原料制作麻洋纸。制作麻洋纸的主要工具有柴刀、蒸锅、切皮刀、切皮桶、料缸、脚槌、清洗池、浸泡池、人工粉浆机、纸缸、帘子、人工压纸机、烘烤炉、土窖。制作麻洋纸时要经过大小道工序其主要流程包括九个步骤采料从山中砍来桦竹去掉茎叶扎捆好备用。晒洗用脚槌将桦竹打碎送到堆料场晒至发黄扎成大捆放到清洗池中浸泡二十天左右。蒸煮、清洗将浸泡过的碎桦竹捞出分成小捆捆扎均匀地打上石灰浆堆放半个月左右送入土窖用木柴火高温蒸煮半个月然后捞出进行清洗。清洗时一般先粗洗把大块竹渣去掉再细洗一根根地按顺序洗用工具慢慢刮去粘在桦竹丝上的石灰之后用苦荞水浸泡放入窑子高温蒸煮四至五天取出洗净苦荞水浸入米浆或豆浆再装窑发酵十五天。粉浆将发酵好的桦竹丝用木槌等工具捣碎放入浆池中待用。抄纸将纸浆放入抄纸缸兑入一定数量的滑水进行搅拌然后把特制的帘子放入抄纸缸中对角上压石头再放入一团纸浆用手指在四周快速搅拌使纸浆均匀地分散在帘子中并反复拍打一边打一边剔出杂质。再用一根木棒从横到竖地拍浆使其均匀分布于竹帘上。每抄一次就是一张纸。取开压边的石头平抬把帘子置于滤水槽脱水。起纸待纸脱水到一定时间用一根矛形木刮把纸帘揭开一缝从上到下移动将纸轻轻揭离帘子并将纸叠好送入压纸机进行强压再送进烤房。烤干、压平将纸贴到烘烤炉平面上进行烘烤使纸张均匀脱水、干燥。拣纸对烤平的纸张进行检验拣除质量不合格的纸张。扎捆把检验合格的纸捆扎成堆存放于仓库。麻阳纸的主要用途有糊斗笠、裱扇子、祭祀用品、包装纸等。麻洋纸制作工艺周期长、原料不足、生产产量低随着时代的发展老一辈技艺能手相继去世能完整地制作麻洋纸的艺人已所剩无几这种传统造纸技艺面临着无人继承的危险。年拉祜族传统手工造纸技艺入选云南省第四批省级非物质文化遗产代表性项目名录扩展项目名录。项目代表性传承人是罗志兴。,省级,麻洋纸\制作\技艺\主要\流传\于\云南省\普洱\市镇\沅县\和平\镇麻洋村\以\麻洋村\为名\当地\俗称\麻洋纸\。\当地\拉祜族\苦聪\人\依托\哀牢山\盛产\野生\桦\竹\的\自然\优势\以\竹子\为\主要\原料\制作\麻洋纸\。\制作\麻洋纸\的\主要\工具\有\柴刀\、\蒸锅\、\切皮\刀\、\切皮桶\、\料缸\、\脚槌\、\清洗\池\、\浸泡\池\、\人工\粉浆\机\、\纸缸\、\帘子\、\人工\压纸机\、\烘烤\炉\、\土窖\。\制作\麻洋纸\时要\经过\大小\道工序\其\主要\流程\包括\九个\步骤\采料\从\山中\砍\来\桦\竹\去掉\茎\叶扎\捆好\备用\。\晒\洗用\脚\槌\将\桦\竹\打碎\送到\堆\料场\晒\至\发黄\扎成\大捆\放到\清洗\池中\浸泡\二十天\左右\。\蒸煮\、\清洗\将\浸泡\过\的\碎\桦\竹\捞出\分成\小捆\捆扎\均匀\地\打\上\石灰浆\堆放\半个\月\左右\送\入土\窖\用\木\柴火\高温\蒸煮\半个\月\然后\捞出\进行\清洗\。\清洗\时\一般\先\粗\洗\把\大块\竹渣\去掉\再细\洗\一根\根地\按\顺序\洗用\工具\慢慢\刮去\粘\在\桦\竹丝\上\的\石灰\之后\用\苦荞\水浸泡\放入\窑子\高温\蒸煮\四至\五天\取出\洗净\苦荞\水\浸入\米浆\或\豆浆\再装\窑\发酵\十五天\。\粉浆\将\发酵\好\的\桦\竹丝\用\木槌\等\工具\捣碎\放入\浆池\中\待用\。\抄纸\将\纸浆\放入\抄纸\缸\兑入\一定\数量\的\滑水\进行\搅拌\然后\把\特制\的\帘子\放入\抄纸\缸\中\对角\上压\石头\再\放入\一团\纸浆\用\手指\在\四周\快速\搅拌\使\纸浆\均匀\地\分散\在\帘子\中\并\反复\拍打\一边\打\一边\剔出\杂质\。\再用\一根\木棒\从\横到\竖\地\拍浆\使\其\均匀分布\于\竹帘\上\。\每抄\一次\就是\一张\纸\。\取\开\压边\的\石头\平\抬\把\帘子\置于\滤\水槽\脱水\。\起纸\待\纸\脱水\到\一定\时间\用\一根\矛形\木\刮\把\纸帘\揭开\一缝\从上到下\移动\将\纸\轻轻\揭离\帘子\并\将\纸\叠好\送入\压纸机\进行\强压\再\送\进烤\房\。\烤干\、\压平\将\纸\贴\到\烘烤\炉\平面\上\进行\烘烤\使\纸张\均匀\脱水\、\干燥\。\拣\纸\对\烤平\的\纸张\进行\检验\拣\除\质量\不\合格\的\纸张\。\扎\捆\把\检验\合格\的\纸\捆扎\成堆\存放\于\仓库\。\麻阳\纸\的\主要用途\有糊\斗笠\、\裱\扇子\、\祭祀\用品\、\包装纸\等\。\麻洋纸\制作\工艺\周期长\、\原料\不足\、\生产\产量\低\随着\时代\的\发展\老一辈\技艺\能手\相继\去世\能\完整\地\制作\麻洋纸\的\艺人\已\所剩无几\这种\传统\造纸\技艺\面临\着\无人\继承\的\危险\。\年\拉祜族传统手工造纸技艺\入选\云南省\第四批\省级\非物质文化\遗产\代表性\项目\名录\扩展\项目\名录\。\项目\代表性\传承\人\是\罗志兴\。,拉祜族
傣族三弦调,第四批,传统音乐,云南省玉溪市新平彝族傣族自治县,傣族三弦调傣语称罕定流传于云南省新平县花腰傣聚居的漠沙镇、戛洒镇、水塘镇和元江县的曼莱镇、甘庄镇、大水平乡等地是红河中上游分布最广、影响最大、历史最久远的一种傣族民歌。傣族是一个能歌善舞的民族通过三弦调子的一些古老歌谣来记述民族的历史、社会、生活和感情历程。傣族三弦调用传统乐器三弦弹奏伴唱它的内容丰富、形式多样、旋律优美、言词质朴、感情细腻表现力和感染力非常强。主要特点是节奏感比较强一拍一个语音能够较好地表词达意。有的使用引腔和拖腔曲调显得舒展、开阔。它的篇幅长短不一一首歌词有五六句或几十句甚至上百句。它的歌词句式有的运用五言、七言句有的以六言、九言句为主等有时也运用三言、四言的短句使曲调高低起伏首尾呼应。它歌词讲究调子的开头句善于运用比兴的手法使调子意境深长扣人心弦。千百年来傣族三弦调世代相传代表作有《罕悲哈》《罕少罕冒》《罕生骚》《罗傣卜少仰着仰》等。傣族三弦调记载着花腰傣人历史的演变反映着花腰傣人社会的变化发展诉说着花腰傣人对美满幸福生活的憧憬其曲风优美唱词生动是认识花腰傣社会历史、民风民俗的宝贵资料对研究花腰傣音乐文化的发展有着重要意义。年傣族三弦调入选云南省第四批省级非物质文化遗产代表性项目名录。三弦琴立姿演奏情歌对唱伴奏对歌,省级,傣族三弦调\傣语\称罕定\流传\于\云南省\新平县\花腰\傣\聚居\的\漠沙镇\、\戛洒\镇\、\水塘\镇\和\元\江县\的\曼莱镇\、\甘庄镇\、\大\水平\乡\等\地\是\红河\中上游\分布\最广\、\影响\最大\、\历史\最\久远\的\一种\傣族民歌\。\傣族\是\一个\能歌善舞\的\民族\通过\三弦\调子\的\一些\古老\歌谣\来\记述\民族\的\历史\、\社会\、\生活\和\感情\历程\。\傣族三弦调\用\传统\乐器\三弦\弹奏\伴唱\它\的\内容丰富\、\形式多样\、\旋律优美\、\言词\质朴\、\感情\细腻\表现力\和\感染力\非常\强\。\主要\特点\是\节奏感\比较\强一\拍\一个\语音\能够\较\好\地表\词\达意\。\有\的\使用\引腔\和\拖腔\曲调\显得\舒展\、\开阔\。\它\的\篇幅\长短不一\一首歌\词有\五六\句\或\几十句\甚至\上\百句\。\它\的\歌词\句式\有\的\运用\五言\、\七言句\有\的\以六言\、\九言句\为主\等\有时\也\运用\三言\、\四言\的\短句\使\曲调\高低\起伏\首尾呼应\。\它\歌词\讲究\调子\的\开头\句\善于\运用\比兴\的\手法\使\调子\意境\深长\扣人心弦\。\千百年来\傣族三弦调\世代相传\代表作\有\《\罕\悲哈\》\《\罕少\罕\冒\》\《\罕生骚\》\《\罗傣卜\少仰\着\仰\》\等\。\傣族三弦调\记载\着\花\腰\傣人\历史\的\演变\反映\着\花\腰\傣人\社会\的\变化\发展\诉说着\花腰\傣人\对\美满幸福\生活\的\憧憬\其\曲风\优美\唱词\生动\是\认识\花腰\傣\社会历史\、\民风\民俗\的\宝贵\资料\对\研究\花腰\傣\音乐\文化\的\发展\有着\重要\意义\。\年\傣族三弦调\入选\云南省\第四批\省级\非物质文化\遗产\代表性\项目\名录\。\三弦琴\立姿\演奏\情歌\对唱\伴奏\对歌,傣族
五三腔,第三批,传统音乐,华宁县文化馆,五三腔是滇南四大腔之一因乐段结构由五个腔口演唱三句唱词而得名。一首完整的五三腔演唱以领唱与帮腔、对唱与帮腔的形式为主演唱需要经过拘腔、四六句、曲子、落腔、白话五个部分才算完成各部分又夹杂舍腔、空腔等腔型。其中曲子是核心部分又有大曲、小曲、对口杂曲之分常见的大曲有十大格子、十进花园、十绣小曲、十会小曲等常见的小曲有相逢曲、遇团曲、试探曲、牵挂曲、勾引曲、离别曲、闲聊曲、串联曲等。演唱技法有真假嗓结合、大声、轻声、哼鸣等方式语言以汉语为主含少量彝语。常见的伴奏乐器有弦子也称四弦或月琴、树叶等。五三腔结构复杂篇幅宏大曲调音域宽广旋律跌宕起伏时而高亢明亮铿锵有力时而如绵绵细语细腻柔和。唱词内容丰富广泛主要表现男女恋情、社交礼仪等朴素自然富有情趣。五三腔常在彝族吃火草烟彝族民间社交、娱乐活动习俗中呈现用于交际和娱乐。由于人们生产生活方式的转变已逐渐脱离原有的传承载体加之五三腔结构庞大声腔连接需要群体完成在民间的传承遇到一定的困难与挑战。年滇南四大腔五三腔入选云南省第三批省级非物质文化遗产代表性项目名录扩展项目名录。项目代表性传承人是普秀凤。华溪甫甸何包田左和姚桂珍右演唱五三腔拘腔彝族服饰,省级,五三腔\是\滇南\四大\腔\之一\因\乐段\结构\由\五个\腔口\演唱\三句\唱词\而\得名\。\一首\完整\的\五三腔\演唱\以\领唱\与\帮腔\、\对唱\与\帮腔\的\形式\为主\演唱\需要\经过\拘腔\、\四六句\、\曲子\、\落腔\、\白话\五个\部分\才\算\完成\各\部分\又\夹杂\舍腔\、\空腔\等腔型\。\其中\曲子\是\核心\部分\又\有\大曲\、\小曲\、\对口\杂曲\之分\常见\的\大曲\有\十大\格子\、\十进\花园\、\十绣\小曲\、\十会\小曲\等\常见\的\小曲\有\相逢\曲\、\遇团曲\、\试探\曲\、\牵挂\曲\、\勾引\曲\、\离别\曲\、\闲聊\曲\、\串联\曲\等\。\演唱\技法\有\真假\嗓\结合\、\大声\、\轻声\、\哼\鸣\等\方式\语言\以\汉语\为主\含\少量\彝语\。\常见\的\伴奏\乐器\有\弦子\也\称\四\弦\或\月琴\、\树叶\等\。\五三腔\结构复杂\篇幅\宏大\曲调\音域\宽广\旋律\跌宕起伏\时而\高亢\明亮\铿锵有力\时而\如\绵绵细语\细腻\柔和\。\唱词\内容丰富\广泛\主要\表现\男女\恋情\、\社交\礼仪\等\朴素\自然\富有\情趣\。\五三腔\常在\彝族\吃\火草烟\彝族\民间\社交\、\娱乐活动\习俗\中\呈现\用于\交际\和\娱乐\。\由于\人们\生产\生活方式\的\转变\已\逐渐\脱离\原有\的\传承\载体\加之\五三腔\结构\庞大\声腔\连接\需要\群体\完成\在\民间\的\传承\遇到\一定\的\困难\与\挑战\。\年\滇南\四大\腔\五三腔\入选\云南省\第三批\省级\非物质文化\遗产\代表性\项目\名录\扩展\项目\名录\。\项目\代表性\传承\人\是\普秀凤\。\华溪甫甸何\包田\左\和\姚桂珍\右\演唱\五三腔\拘腔\彝族\服饰,彝族
老达保村拉祜族传统文化生态保护区,第四批,民族传统文化生态保护区,云南省澜沧拉祜族自治县,该保护区位于普洱市澜沧拉祜族自治县酒井乡勐根村老达保村民小组。村民均为拉祜族属拉祜族拉祜纳支系。保护区自然生态环境良好植被以亚热带常绿阔叶林树种为主森林植被覆盖率为。村民有自觉保护森林植被的传统。保护区内木结构干栏式拉祜族传统民居保存情况良好聚落格局总体保持传统风貌。民间信仰有基督教、寨神、山神、树神、地神、水神等。主要节日有春节、葫芦节、新米节、中秋节其中春节最为隆重和热闹在正月初一这天要抢新水接新水谁最先抢到新水谁就是最幸福的人。保护区非物质文化遗产资源丰富是国家级非遗代表性项目《牡帕密帕》拉祜族芦笙舞省级非遗代表性项目拉祜族史诗《根古》拉祜族服饰拉祜族竹编技艺拉祜族摆舞之乡的主要流传区域。当地还保存有婚庆及丧葬习俗、民歌、刺绣、木雕、编织、制茶、葫芦笙制作、民间医药、打陀螺等非物质文化遗产。其中拉祜族创世史诗《牡帕密帕》内容丰富叙述了创世造物、人类繁衍、工具制造、发展生产、分配制度等历史故事是研究拉祜族历史文化不可或缺的宝贵资料。芦笙舞是拉祜族有代表性的传统舞蹈以跳、跺、扫、绕、蹉等步法带动身段的俯、仰、摆、转及横移动作古朴重心下沉模仿生产生活及动物动作逼真有浓郁的民族风格特点。传统服饰图案丰富多彩内容有创世神话、民族迁徙、鬼神喻示和礼仪教化等有较高的民族历史文化研究价值。保护区各项非物质文化遗产保护传承情况良好成立了保护区管理委员会在保护区建立国家级非遗代表性项目《牡帕密帕》和拉祜族芦笙舞传承基地。保护区内民众对拉祜族传统文化认同感高能够自觉积极地参与非物质文化遗产的保护和传承。年老达保村拉祜族传统文化生态保护区入选云南省第四批省级非物质文化遗产代表性项目名录。项目代表性传承人有李扎戈、李扎倮、李扎莫、李石开。,省级,该\保护区\位于\普洱\市\澜沧拉祜族自治县\酒井\乡\勐\根村\老达保\村民\小组\。\村民\均\为\拉祜族\属\拉祜族\拉祜纳\支系\。\保护区\自然\生态环境\良好\植被\以\亚热带\常绿\阔叶林\树种\为主\森林\植被\覆盖率\为\。\村民\有\自觉\保护\森林\植被\的\传统\。\保护区\内\木结构\干栏\式\拉祜族\传统\民居\保存\情况\良好\聚落\格局\总体\保持\传统\风貌\。\民间信仰\有\基督教\、\寨\神\、\山神\、\树神\、\地神\、\水神\等\。\主要\节日\有\春节\、\葫芦\节\、\新米节\、\中秋节\其中\春节\最为\隆重\和\热闹\在\正月初一\这天\要\抢\新水接\新水\谁\最先\抢到\新水\谁\就是\最\幸福\的\人\。\保护区\非物质文化\遗产\资源\丰富\是\国家级\非遗\代表性\项目\《\牡帕密帕\》\拉祜族芦笙舞\省级\非遗\代表性\项目\拉祜族\史诗\《\根古\》\拉祜族\服饰\拉祜族\竹编\技艺\拉祜族\摆舞\之乡\的\主要\流传\区域\。\当地\还\保存\有\婚庆\及\丧葬\习俗\、\民歌\、\刺绣\、\木雕\、\编织\、\制茶\、\葫芦\笙\制作\、\民间\医药\、\打\陀螺\等\非物质文化\遗产\。\其中\拉祜族\创世\史诗\《\牡帕密帕\》\内容丰富\叙述\了\创世\造物\、\人类\繁衍\、\工具\制造\、\发展\生产\、\分配制度\等\历史\故事\是\研究\拉祜族\历史\文化\不可或缺\的\宝贵\资料\。\芦笙舞\是\拉祜族\有\代表性\的\传统\舞蹈\以\跳\、\跺\、\扫\、\绕\、\蹉等\步法\带动\身段\的\俯\、\仰\、\摆\、\转及\横移动\作\古朴\重心\下沉\模仿\生产\生活\及\动物\动作\逼真\有\浓郁\的\民族风格\特点\。\传统\服饰\图案\丰富多彩\内容\有\创世神话\、\民族迁徙\、\鬼神\喻示\和\礼仪\教化\等\有\较\高\的\民族\历史\文化\研究\价值\。\保护区\各项\非物质文化\遗产\保护\传承\情况\良好\成立\了\保护区\管理\委员会\在\保护区\建立\国家级\非遗\代表性\项目\《\牡帕密帕\》\和\拉祜族芦笙舞\传承\基地\。\保护区\内\民众\对\拉祜族\传统文化\认同感\高\能够\自觉\积极\地\参与\非物质文化\遗产\的\保护\和\传承\。\年\老达保村拉祜族传统文化生态保护区\入选\云南省\第四批\省级\非物质文化\遗产\代表性\项目\名录\。\项目\代表性\传承\人有\李扎戈\、\李扎\倮\、\李扎\莫\、\李石开\。,拉祜族
勐永傣族传统制陶技艺,云南省第一批,传统技艺,云南省临沧市耿马傣族佤族自治县,勐永傣族传统制陶技艺历史悠久曾是上贡土司的地方特产。该技艺就地取材以黄褐色黏土和细沙为主要原料将黄色胶泥土和细沙筛好后进行混合搅拌直至形成黏性极好、可塑性强的陶泥。将陶泥揉搓成条放在木板上制坯又称盘条堆筑法。根据需要制成雏形后用鹅卵石和竹片内垫外拍至光亮成坯。将坯品阴干然后将坯品放置在室外的稻草或秸秆上覆盖好点火烧制一个多小时后撤火降温清洁后即为成品。该工艺工序简单成品美观大方价廉实用。主要产品有土锅、陶缸等。土锅煮食煮沸而不溢保温时间长能够保留食品的纯正原味陶缸盛放物品能防潮防虫盛水可长久保鲜清凉。勐永傣族传统制陶技艺遵循传女不传男的传统以母传女、婆传媳的方式在家族内传承至今。年勐永傣族传统制陶技艺入选云南省级非物质文化遗产代表性项目名录扩展项目名录。项目代表性传承人是张如华。,省级,勐永傣族传统制陶技艺\历史悠久\曾\是\上\贡\土司\的\地方\特产\。\该\技艺\就地取材\以\黄褐色\黏土\和\细沙\为\主要\原料\将\黄色\胶\泥土\和\细沙\筛好\后\进行\混合\搅拌\直至\形成\黏性\极好\、\可塑性\强\的\陶泥\。\将\陶泥\揉搓\成条\放在\木板\上制\坯\又称\盘条\堆筑法\。\根据\需要\制成\雏形\后\用\鹅卵石\和\竹片\内垫外\拍\至\光亮\成坯\。\将\坯品\阴干\然后\将\坯品\放置\在\室外\的\稻草\或\秸秆\上\覆盖\好\点火\烧制\一个多\小时\后撤\火\降温\清洁\后\即\为\成品\。\该\工艺\工序\简单\成品\美观大方\价廉\实用\。\主要\产品\有\土锅\、\陶缸\等\。\土锅\煮食\煮沸\而\不溢\保温\时间\长\能够\保留\食品\的\纯正\原味\陶缸\盛放\物品\能\防潮\防虫\盛水\可\长久\保鲜\清凉\。\勐永傣族传统制陶技艺\遵循\传女\不传\男\的\传统\以母\传女\、\婆传媳\的\方式\在\家族\内\传承\至今\。\年\勐永傣族传统制陶技艺\入选\云南\省级\非物质文化\遗产\代表性\项目\名录\扩展\项目\名录\。\项目\代表性\传承\人\是\张如华\。,傣族
建水花灯,第一批,传统戏剧,建水县文化馆,建水花灯的演唱已有百余年历史从清光绪十九年白云村举办第一个灯会算起建水彝族花灯已经历了五代传承。建水彝族花灯在长期发展过程中融入了许多彝族音乐、舞蹈、语言及服饰元素在剧本、音乐、念白等方面都有自己的特色。彝族四大腔中白话部分常用的五言句式和彝语语气词在彝族花灯唱词中经常出现舞蹈部分融进了彝族民间舞的动作特点伴奏中增加了彝族的特色乐器四弦极大地丰富了建水花灯的彝族风格形成云南花灯的一个独特支派。建水花灯的传统剧目有《打花鼓》《打渔》《打草竿》《补缸》《玉钓瓶》《霸王下山》《张三杀羊》《劝赌》《乡城吵闹》《老贾休妻》《韩湘子渡妻》等多个。年建水花灯曾先后为省、州、县有关文化单位提供过许多音乐、剧本等方面的资料并参加省级文艺汇演获得各方面的好评。建水花灯在当地流传情况较好每年农历正月十五灯班都要举行隆重的请灯神仪式其后每天早晚都要上香正月十五、十六全村开始大唱花灯正月十七唱完即送灯神。年建水花灯入选云南省第一批省级非物质文化遗产保护名录。代表性传承人是白家顺。,省级,建水花灯\的\演唱\已有\百余年\历史\从\清光绪\十九年\白云村\举办\第一个\灯会\算\起\建水\彝族\花灯\已\经历\了\五代\传承\。\建水\彝族\花灯\在\长期\发展\过程\中\融入\了\许多\彝族\音乐\、\舞蹈\、\语言\及\服饰\元素\在\剧本\、\音乐\、\念白\等\方面\都\有\自己\的\特色\。\彝族\四大\腔\中\白话\部分\常用\的\五言\句式\和\彝语\语气词\在\彝族\花灯\唱词\中\经常出现\舞蹈\部分\融进\了\彝族\民间舞\的\动作\特点\伴奏\中\增加\了\彝族\的\特色\乐器\四弦\极大\地\丰富\了\建水花灯\的\彝族\风格\形成\云南\花灯\的\一个\独特\支派\。\建水花灯\的\传统剧目\有\《\打花鼓\》\《\打渔\》\《\打草竿\》\《\补缸\》\《\玉钓瓶\》\《\霸王\下山\》\《\张三杀\羊\》\《\劝\赌\》\《\乡\城\吵闹\》\《\老贾\休妻\》\《\韩湘子\渡妻\》\等\多个\。\年\建水花灯\曾\先后\为省\、\州\、\县\有关\文化\单位\提供\过\许多\音乐\、\剧本\等\方面\的\资料\并\参加\省级\文艺\汇演\获得\各\方面\的\好评\。\建水花灯\在\当地\流传\情况\较\好\每年\农历\正月十五\灯班\都\要\举行\隆重\的\请\灯神\仪式\其后\每天\早晚\都\要\上\香\正月十五\、\十六\全村\开始\大唱\花灯\正月\十七\唱\完即\送\灯神\。\年\建水花灯\入选\云南省\第一批\省级\非物质文化\遗产\保护\名录\。\代表性\传承\人\是\白家\顺\。,彝族
嵩明花灯,第一批,传统戏剧,嵩明县文化馆,嵩明地区的传统花灯活动十分兴盛有超过个村寨曾有花灯活动。除元宵灯会期间的表演外嵩明花灯还在各种民间庙会中汇聚表演灯期长达一两个月。嵩明花灯的表演形式多样民间习惯分为团场和坐场两个部分。团场是花灯演出的开场节目由十余名成对的男女角色歌舞表演气氛热烈。坐场是各类小戏、小歌舞和小演唱的统称以小戏表演为主。嵩明花灯小戏剧目非常丰富约计出部分是只有说白而无唱腔的讲口戏在其他花灯流布区较少见。嵩明花灯的团场在世纪年代被总政歌舞团改编为《红灯舞》有一定影响力。其他剧目《嵩明采茶》《王氏挑水》《双叠调》《老鹰亮翅》等是全省各地花灯表演团体的常用花灯曲调。由于一些老艺人去世嵩明花灯活动的规模已不如从前。年嵩明花灯入选云南省第一批省级非物质文化遗产保护名录。代表性传承人是戚俊才。,省级,嵩明\地区\的\传统\花灯\活动\十分\兴盛\有\超过\个\村寨\曾\有\花灯\活动\。\除\元宵\灯会\期间\的\表演\外\嵩明花灯\还\在\各种\民间\庙会\中\汇聚\表演\灯期\长\达\一两个\月\。\嵩明花灯\的\表演\形式多样\民间\习惯\分为\团场\和\坐场\两个\部分\。\团场\是\花灯\演出\的\开场\节目\由\十余名\成对\的\男女\角色\歌舞\表演\气氛\热烈\。\坐场\是\各类\小戏\、\小\歌舞\和\小\演唱\的\统称\以\小戏\表演\为主\。\嵩明花灯\小戏\剧目\非常丰富\约计\出\部分\是\只有\说白\而\无\唱腔\的\讲口戏\在\其他\花灯\流布\区较\少见\。\嵩明花灯\的\团场\在\世纪\年代\被\总政\歌舞团\改编\为\《\红灯\舞\》\有\一定\影响力\。\其他\剧目\《\嵩明\采茶\》\《\王氏\挑水\》\《\双叠调\》\《\老鹰\亮\翅\》\等\是\全省各地\花灯\表演\团体\的\常用\花灯\曲调\。\由于\一些\老\艺人\去世\嵩明花灯\活动\的\规模\已\不如\从前\。\年\嵩明花灯\入选\云南省\第一批\省级\非物质文化\遗产\保护\名录\。\代表性\传承\人\是\戚俊才\。,
高跷舞狮,第三批,传统体育、游艺与杂技,云南省通海县,高跷舞狮又名高脚狮子在明初由中原地区传入迄今已有多年的历史以云南省玉溪市通海县石景村的高跷舞狮最为出名。当地的高跷舞狮以高、奇、险著称表演前表演者坐于屋檐或墙头上将双脚用布带紧缚在两根高厘米左右的跷上以木杆延长人腿立起时身体高度随之增加表演时一般由六人协调配合进行两人共耍一狮一人耍狮头一人耍狮尾一人装扮驯引狮者一人执绣球引狮四人分别装扮雄雌两狮表演内容较为单一以双狮争抢绣球老和尚时而高举拂尘打下驯服狮子时而摇摆拂尘逗引狮子作乐为主为配合高跷舞狮的表演在前后左右还插入若干身穿不同服饰的高跷队员渲染场面活跃气氛他们的动作步伐时而整齐有序时而疏乱自由最后以老和尚双手合掌作揖向周围观众致谢收场。在当地人们喜欢看高跷舞狮闲暇时谈论和夸赞它独特的技艺和表演者的功夫、胆识许多少年儿童还在空余时间用树杈木棍学踩高跷嬉戏作乐。由于掌握高跷技艺的艺人大量外出打工高跷舞狮出现了人才青黄不接的情况舞狮队伍没有稳定的经费作保障传承工作难以开展亟须加强保护。年高跷舞狮入选云南省第三批省级非物质文化遗产代表性项目名录。项目代表性传承人是刘福德。高跷舞狮表演抛接狮头一幕高跷舞狮表演,省级,高跷舞狮\又名\高脚\狮子\在\明初\由\中原地区\传入\迄今已有\多年\的\历史\以\云南省\玉溪市\通海县\石景\村\的\高跷舞狮\最为\出名\。\当地\的\高跷舞狮\以高\、\奇\、\险\著称\表演\前\表演者\坐于\屋檐\或\墙头\上将\双脚\用布\带\紧缚\在\两根\高\厘米\左右\的\跷\上\以\木杆\延长\人腿立\起时\身体\高度\随之\增加\表演\时\一般\由六人\协调\配合\进行\两人共耍\一狮\一人\耍\狮头\一人\耍\狮尾\一人\装扮\驯引\狮者\一人\执\绣球\引狮\四人\分别\装扮\雄\雌\两狮\表演\内容\较为\单一\以双狮\争抢\绣球\老和尚\时而\高举\拂尘\打下\驯服\狮子\时而\摇摆\拂尘\逗引\狮子\作乐\为主\为\配合\高跷舞狮\的\表演\在\前后左右\还\插入\若干\身穿\不同\服饰\的\高跷\队员\渲染\场面\活跃\气氛\他们\的\动作\步伐\时而\整齐有序\时而\疏乱\自由\最后\以\老和尚\双手\合掌\作揖\向\周围\观众\致谢\收场\。\在\当地\人们\喜欢\看\高跷舞狮\闲暇\时\谈论\和\夸赞\它\独特\的\技艺\和\表演者\的\功夫\、\胆识\许多\少年儿童\还\在\空余\时间\用\树杈\木棍\学\踩高跷\嬉戏\作乐\。\由于\掌握\高跷\技艺\的\艺人\大量\外出\打工\高跷舞狮\出现\了\人才\青黄不接\的\情况\舞狮\队伍\没有\稳定\的\经费\作\保障\传承\工作\难以\开展\亟须\加强\保护\。\年\高跷舞狮\入选\云南省\第三批\省级\非物质文化\遗产\代表性\项目\名录\。\项目\代表性\传承\人\是\刘福德\。\高跷舞狮\表演\抛接\狮头\一幕\高跷舞狮\表演,
大理白族剪纸,第三批,传统美术,大理市非物质文化遗产保护管理所,大理白族剪纸是白族文化艺术的一项重要内容与大理地区白族村落的节日习俗和刺绣艺术有着密切关系逢年过节、办喜事都会剪纸白族服饰等刺绣品的制作也需要剪纸花样。大理白族剪纸根据内容分为两类一是家居装饰有鲤鱼跳龙门、鹿鹤同春等二是作为刺绣花样有腰带、帽子、裹被等服饰和经袋、跪垫等用品的绣样图案均为美观大方实用的民间风格。白族剪纸一般以纸张为主少量用箔、布、皮革等材料。艺人们有的把刻制好的纸样覆盖在成叠的材料纸上一次剪裁出好几个相连的完全一样的作品也有直接在成叠的材料纸上直接印、画并剪裁使用临剪、重剪、画剪技法的同时还可应用变形、夸张的手法。部分剪纸作品作为艺术品要进行装裱首先要压平剪纸然后选择花边的配色备用一些花边纸备好与底版纸相同大小的托纸这种托纸最好使用与剪纸相同纸质的纸张纸张要光洁无颜色。大理白族剪纸的基本材料是平面纸张基本单元是线条和块面基本语言符号是感性化的点、线、面由于材料的限制无法表现多层次复杂的、立体的内容。白族剪纸具有深厚的内涵、广泛的群众基础与较大的社会影响力并与白族社会生产生活、文化艺术、风俗习惯等交织在一起。年大理白族剪纸入选云南省第三批省级非物质文化遗产代表性项目名录扩展项目名录。项目代表性传承人是杨惠英杨慧英。,省级,大理白族剪纸\是\白族\文化\艺术\的\一项\重要\内容\与\大理\地区\白族\村落\的\节日\习俗\和\刺绣\艺术\有着\密切关系\逢年过节\、\办喜事\都\会\剪纸\白族服饰\等\刺绣品\的\制作\也\需要\剪纸\花样\。\大理白族剪纸\根据\内容\分为\两类\一是\家居装饰\有\鲤鱼\跳龙门\、\鹿鹤同\春\等\二\是\作为\刺绣\花样\有\腰带\、\帽子\、\裹\被\等\服饰\和\经袋\、\跪垫\等\用品\的\绣样\图案\均\为\美观大方\实用\的\民间\风格\。\白族\剪纸\一般\以\纸张\为主\少量\用箔\、\布\、\皮革\等\材料\。\艺\人们\有\的\把\刻制\好\的\纸样\覆盖\在\成叠\的\材料\纸上\一次\剪裁\出\好几个\相连\的\完全\一样\的\作品\也\有\直接\在\成叠\的\材料\纸上\直接\印\、\画\并\剪裁\使用\临剪\、\重剪\、\画\剪\技法\的\同时\还\可\应用\变形\、\夸张\的\手法\。\部分\剪纸作品\作为\艺术品\要\进行\装裱\首先\要\压平\剪纸\然后\选择\花边\的\配色\备用\一些\花边\纸备\好\与\底版\纸\相同\大小\的\托纸\这种\托纸\最好\使用\与\剪纸\相同\纸质\的\纸张\纸张\要\光洁\无\颜色\。\大理白族剪纸\的\基本\材料\是\平面\纸张\基本\单元\是\线条\和\块\面\基本\语言\符号\是\感性\化\的\点\、\线\、\面\由于\材料\的\限制\无法\表现\多层次\复杂\的\、\立体\的\内容\。\白族\剪纸\具有\深厚\的\内涵\、\广泛\的\群众\基础\与\较大\的\社会\影响力\并\与\白族\社会\生产\生活\、\文化\艺术\、\风俗习惯\等\交织\在\一起\。\年\大理白族剪纸\入选\云南省\第三批\省级\非物质文化\遗产\代表性\项目\名录\扩展\项目\名录\。\项目\代表性\传承\人\是\杨惠英\杨慧英\。,白族
华宁苗族服饰,第四批,民俗,云南省华宁县,华宁县苗族主要分布在宁州街道、盘溪、华溪、通红甸、青龙等乡镇高海拔山区。据《通红甸乡志》和《华宁县民族志》记载华宁县的苗族是明、清时期从云南其他地方渐渐辗转流入的。苗族服饰又叫花衣色彩艳丽一件衣服多达种颜色。苗族妇女服饰主要由头饰套头、上衣、围腰、飘带、裙子、绑腿、绣花鞋以及配饰、银饰、缨须等组成。苗族妇女服饰色彩鲜艳。男子则是头戴包头身穿紧袖、钉满银扣的对襟短装着素色褶腰大裤脚长裤显得简洁利落、朴实大方。制作一套苗族服饰要经过种麻、收、割、晒、洗、撕、染、织、裁剪、刺绣、缝制成衣等几十道工序才能完成而主要工序有五道下料、裁衣布料、针线备好根据各人身材进行剪裁。设计图案。苗族妇女心灵手巧不需画图只需按照布的纹路就可以绣出整齐边框和自己喜爱的图案。刺绣。刺绣包括挑基础图案、挑装饰色还必须考虑整套服饰的配色是整套衣服最为复杂的一道工序是苗族服饰的核心内容有平绣、锁绣、辫绣、贴布绣、挑花等绣法但着重选用平绣和辫绣两种绣法。此道工序有很高的艺术欣赏价值。制作布衬绣好的服饰里面必须有内衬内衬采用牢实的卡几布。锁边、缝合把衣服的边边角角和所有配件缝制工整。苗族服饰从总体来看保持着中国民间的织、绣、挑、染的传统工艺技法往往在运用一种主要的工艺手法的同时穿插使用其他的工艺手法或者挑中带绣或者染中带绣或者织绣结合从而使这些作品花团锦簇流光溢彩显示出鲜明的民族艺术特色。苗族服饰以夺目的色彩、繁复的装饰和耐人寻味的文化内涵著称于世服饰图案承载了传承本民族文化的历史重任从而具有文字的表达功能被誉为无字史书和穿在身上的史书。苗族妇女服饰上绣满红花、绿叶、蝴蝶、山川的花纹反映了从事农业生产的苗族对大自然的热爱具有较高的艺术价值。苗族服饰倾注了妇女们炽热的感情和丰富的想象。精美的刺绣、生动艳丽的图案是苗族人民智慧的结晶、民族审美心理的体现具有民族文化价值。随着社会的发展由于现代文化的影响各民族之间的通婚且服饰制作工序繁杂、耗时大等原因苗族民众很少穿自己的民族服饰导致苗族服饰越来越少制作水平难以提高掌握全部制作过程的人越来越少苗族服饰已有逐渐消融的趋势。年华宁苗族服饰入选云南省第四批省级非物质文化遗产代表性项目名录扩展项目名录。项目代表性传承人是罗永英。,省级,华宁县\苗族\主要\分布\在\宁州\街道\、\盘溪\、\华溪\、\通红\甸\、\青龙\等\乡镇\高\海拔\山区\。\据\《\通红\甸\乡志\》\和\《\华宁县\民族志\》\记载\华宁县\的\苗族\是\明\、\清\时期\从\云南\其他\地方\渐渐\辗转\流入\的\。\苗族\服饰\又\叫\花衣\色彩艳丽\一件\衣服\多达\种颜色\。\苗族\妇女\服饰\主要\由\头饰\套头\、\上衣\、\围腰\、\飘带\、\裙子\、\绑腿\、\绣花鞋\以及\配饰\、\银饰\、\缨\须\等\组成\。\苗族\妇女\服饰\色彩鲜艳\。\男子\则\是\头戴\包头\身穿\紧袖\、\钉\满\银扣\的\对襟\短装\着\素色\褶腰\大\裤脚\长裤\显得\简洁\利落\、\朴实\大方\。\制作\一套\苗族\服饰\要\经过\种麻\、\收\、\割\、\晒\、\洗\、\撕\、\染\、\织\、\裁剪\、\刺绣\、\缝制成\衣等\几十道\工序\才能\完成\而\主要\工序\有\五道\下\料\、\裁衣\布料\、\针线\备好\根据\各人\身材\进行\剪裁\。\设计\图案\。\苗族\妇女\心灵手巧\不需\画图\只\需\按照\布\的\纹路\就\可以\绣\出\整齐\边框\和\自己\喜爱\的\图案\。\刺绣\。\刺绣\包括\挑\基础\图案\、\挑\装饰\色\还\必须\考虑\整套\服饰\的\配色\是\整套\衣服\最为\复杂\的\一道\工序\是\苗族\服饰\的\核心内容\有平\绣\、\锁\绣\、\辫\绣\、\贴布\绣\、\挑花\等\绣\法\但\着重\选用\平绣\和\辫\绣\两种\绣法\。\此\道工序\有\很\高\的\艺术欣赏\价值\。\制作\布衬\绣\好\的\服饰\里面\必须\有\内衬\内衬\采用\牢实\的\卡\几布\。\锁边\、\缝合\把\衣服\的\边边角角\和\所有\配件\缝制\工整\。\苗族\服饰\从\总体\来看\保持\着\中国\民间\的\织\、\绣\、\挑\、\染\的\传统工艺\技法\往往\在\运用\一种\主要\的\工艺\手法\的\同时\穿插\使用\其他\的\工艺\手法\或者\挑中\带\绣\或者\染中\带\绣\或者\织绣\结合\从而\使\这些\作品\花团锦簇\流光溢彩\显示\出\鲜明\的\民族\艺术\特色\。\苗族\服饰\以\夺目\的\色彩\、\繁复\的\装饰\和\耐人寻味\的\文化\内涵\著称\于世\服饰\图案\承载\了\传承\本\民族文化\的\历史\重任\从而\具有\文字\的\表达\功能\被誉为\无字\史书\和\穿\在\身上\的\史书\。\苗族\妇女\服饰\上\绣\满\红花\、\绿叶\、\蝴蝶\、\山川\的\花纹\反映\了\从事\农业\生产\的\苗族\对\大自然\的\热爱\具有\较\高\的\艺术\价值\。\苗族\服饰\倾注\了\妇女\们\炽热\的\感情\和\丰富\的\想象\。\精美\的\刺绣\、\生动\艳丽\的\图案\是\苗族\人民\智慧\的\结晶\、\民族\审美\心理\的\体现\具有\民族\文化价值\。\随着\社会\的\发展\由于\现代\文化\的\影响\各\民族\之间\的\通婚\且\服饰\制作\工序\繁杂\、\耗时\大\等\原因\苗族\民众\很少\穿\自己\的\民族服饰\导致\苗族\服饰\越来越少\制作\水平\难以\提高\掌握\全部\制作\过程\的\人\越来越少\苗族\服饰\已有\逐渐\消融\的\趋势\。\年\华宁苗族服饰\入选\云南省\第四批\省级\非物质文化\遗产\代表性\项目\名录\扩展\项目\名录\。\项目\代表性\传承\人\是\罗永英\。,苗族
无量山火腿制作技艺,第四批,传统技艺,云南省南涧县,无量山火腿是南涧县山区彝族民间传统腌制食品。每年的十月中旬到腊月中旬无量山农村家家户户都开始杀年猪火腿制作随之开始选择猪腿要求腿心丰满、皮质新鲜、瘦肉鲜红、肥肉洁白的后腿每个猪腿重量以公斤为宜。切好的鲜猪腿置于阴凉通风处晾小时直至猪腿肉里外凉透以利于食盐的渗入。腌制时需对猪腿进行修整使腿端面呈圆形整体形似琵琶并将囊皮、膝关节处的油膜和肌肉上的浮油除净敲打腿肉并用力挤压血管排出淤血。腌制一般采用干擦法。用盐量为鲜腿重量的腌制时将鲜腿放在案板上或簸箕里从猪脚爪搓起然后由下而上由皮外向肉里敷盐揉搓用力来回搓揉至肉出水随即再加上一层盐注意在腰椎骨、耻骨、膝关节、髋关节和血管及大腿上部肉厚的部位多敷盐多磨擦有孔缝的地方。每只腿需搓约分钟全部搓完盐后再在腌腿的肉面上再加一层盐然后将腌腿肉面朝上堆叠放在竹篮里竹篮下放一大盆或大锅用来接沥出来的腌肉水滴下的腌肉水要及时倒掉。腌制时间的长短受鲜腿重量和腌缸所处房屋室温的影响。一般腌制天。阴挂沥干水分。经腌制好的猪腿挂在屋横梁或木架上通风干燥支与支间保持适当距离挂与挂之间留有人行道便于火腿艺人时刻观察和控制发酵情况。要注意防水防潮并应经常检查。压制火腿在当地一般用石磨、石头、木头等重物压在腌腿上或者利用千斤顶压在肉榨子上压制达到阴干火腿的目的。无量山火腿一般要压制二至三次。火腿阴干基本完成通常需要个月肉面上会长出绿色和绿灰色松花霉又称铜霉这是阴干良好的自然现象火腿散发出甘醇清香的气味便可将火腿放入纸箱或木箱贮藏。火腿虽然比其他肉类食品存放时间长但一般存放时间不宜过久以一两年内为好。食用方式以煮食为主也可煎炒或蒸炖。煮食之前要将火腿上的松花霉洗净。煮熟之后的无量山火腿瘦肉香而不咸肥肉香而不腻香气四溢风味独特是当地群众传统宴席中必不可少的美食也是逢年过节时祭祀祖先的重要祭品其制作技艺在当地民众中广泛流传。年无量山火腿制作技艺入选云南省第四批省级非物质文化遗产代表性项目名录扩展项目名录。项目代表性传承人是李德恭。,省级,无量山\火腿\是\南涧县\山区\彝族\民间\传统\腌制\食品\。\每年\的\十月\中旬\到\腊月\中旬\无量山\农村\家家户户\都\开始\杀年\猪\火腿\制作\随之\开始\选择\猪\腿\要求\腿\心\丰满\、\皮质\新鲜\、\瘦肉\鲜红\、\肥肉\洁白\的\后腿\每个\猪\腿\重量\以\公斤\为宜\。\切好\的\鲜猪\腿\置于\阴凉\通风处\晾\小时\直至\猪\腿肉\里外\凉透\以利于\食盐\的\渗入\。\腌制\时\需\对\猪\腿\进行\修整\使\腿\端面\呈圆形\整体\形似\琵琶\并\将\囊\皮\、\膝关节\处\的\油膜\和\肌肉\上\的\浮油\除净\敲打\腿肉\并\用力\挤压\血管\排出\淤血\。\腌制\一般\采用\干擦法\。\用\盐量\为\鲜腿\重量\的\腌制\时\将\鲜腿\放在\案板\上\或\簸箕\里\从\猪\脚爪\搓\起\然后\由下而上\由皮\外向\肉里\敷\盐\揉搓\用力\来回\搓揉\至肉\出水\随即\再\加上\一层\盐\注意\在\腰椎骨\、\耻骨\、\膝关节\、\髋关节\和\血管\及\大腿\上部\肉厚\的\部位\多\敷\盐\多\磨擦\有\孔缝\的\地方\。\每\只\腿\需\搓\约\分钟\全部\搓\完盐\后\再\在\腌\腿\的\肉\面上\再\加\一层\盐\然后\将\腌\腿肉\面朝\上\堆叠\放在\竹篮\里\竹篮\下放\一大\盆\或\大锅\用来\接沥\出来\的\腌肉\水滴\下\的\腌肉\水要\及时\倒掉\。\腌制\时间\的\长短\受鲜\腿\重量\和\腌\缸\所处\房屋\室温\的\影响\。\一般\腌制\天\。\阴挂\沥干\水分\。\经\腌制\好\的\猪\腿\挂\在\屋\横梁\或\木架\上\通风\干燥\支与\支间\保持\适当\距离\挂\与\挂\之间\留有\人行道\便于\火腿\艺人\时刻\观察\和\控制\发酵\情况\。\要\注意\防水\防潮\并\应\经常\检查\。\压制\火腿\在\当地\一般\用\石磨\、\石头\、\木头\等\重物\压\在\腌\腿\上\或者\利用\千斤顶\压\在\肉\榨子\上\压制\达到\阴干\火腿\的\目的\。\无量山\火腿\一般\要\压制\二至\三次\。\火腿\阴干\基本\完成\通常\需要\个\月\肉\面上\会长\出\绿色\和\绿\灰色\松花\霉\又称\铜霉\这\是\阴干\良好\的\自然现象\火腿\散发出\甘醇\清香\的\气味\便\可\将\火腿\放入\纸箱\或\木箱\贮藏\。\火腿\虽然\比\其他\肉类\食品\存放\时间\长\但\一般\存放\时间\不宜\过久以\一两年\内为\好\。\食用\方式\以\煮食\为主\也\可\煎炒\或\蒸炖\。\煮食\之前\要\将\火腿\上\的\松花\霉\洗净\。\煮熟\之后\的\无量山\火腿\瘦肉\香而\不\咸\肥肉\香而\不腻\香气\四溢\风味\独特\是\当地\群众\传统\宴席\中\必不可少\的\美食\也\是\逢年过节\时\祭祀\祖先\的\重要\祭品\其\制作\技艺\在\当地\民众\中\广泛\流传\。\年\无量山火腿制作技艺\入选\云南省\第四批\省级\非物质文化\遗产\代表性\项目\名录\扩展\项目\名录\。\项目\代表性\传承\人\是\李德\恭\。,彝族
兴隆高竿舞狮,第四批,传统体育、游艺与杂技,云南省昭通市盐津县文化馆,兴隆高竿舞狮是民间传统游艺类项目是随当地先民从中原迁徙至本地带入而来并随着时间的推移变得愈加丰富多样。兴隆高竿舞狮属于南方醒狮类一般由一人扮演狮头一人扮演狮身狮头以戏曲脸谱作鉴色彩艳丽做工考究造型较为威猛灵巧其风格独特、内容丰富。兴隆高竿舞狮全面、完整、生动地体现了兴隆当地本土文化具有较强的民俗学研究价值。从表演形式看它融入了武术的一些身型、步法。同时表演中演员分工明确又配合协调狮头看佛头佛头听锣鼓注重团队配合是形、神、意三者结合融技术性、健身性和艺术观赏性于一体。兴隆高竿舞狮可分为三类地面舞狮、高台桌子舞狮、高竿舞狮。地面舞狮主要是通过踩大四门或小四门或是狮子滚桌耗子过梁等在大头佛的引领及孙悟空的陪伴下完成各种朝拜动作高台桌子舞狮是用高桌子层层叠加而成最高可达张舞者在最高一张木桌上表演各种动作高竿舞狮是所有狮舞中最受欢迎的一种表演形式主要由饰演孙猴子和饰演狮子的表演者沿着竹竿徒手攀上近米高的竿上四方朝拜后完成各种表演动作如洗须、舔身、抖毛、踩桩换位、高空倒立、一柱擎天、倒挂金钟、空中悬狮、白马献蹄、鹞鹰展翅等。年在当地政府积极引导和支持下成立了兴隆高竿狮舞民间艺术团。艺术团经常受邀参加公益性表演扩大宣传促进发展为传承和保护这一项目起到了积极作用。年兴隆高竿狮舞入选云南省第四批省级非物质文化遗产代表性项目名录。项目代表性传承人是杨华。,省级,兴隆高竿舞狮\是\民间\传统\游艺\类\项目\是\随\当地\先民\从\中原\迁徙\至\本地\带入\而来\并\随着\时间\的\推移\变得\愈加\丰富\多样\。\兴隆高竿舞狮\属于\南方\醒狮\类\一般\由\一人\扮演\狮头\一人\扮演\狮身\狮头\以\戏曲\脸谱\作鉴\色彩艳丽\做工\考究\造型\较为\威猛\灵巧\其\风格\独特\、\内容丰富\。\兴隆高竿舞狮\全面\、\完整\、\生动\地\体现\了\兴隆\当地\本土文化\具有\较强\的\民俗学\研究\价值\。\从\表演\形式\看\它\融入\了\武术\的\一些\身型\、\步法\。\同时\表演\中\演员\分工\明确\又\配合\协调\狮头\看\佛头\佛头\听\锣鼓\注重\团队\配合\是\形\、\神\、\意\三者\结合\融\技术性\、\健身\性\和\艺术\观赏性\于\一体\。\兴隆高竿舞狮\可\分为\三类\地面\舞狮\、\高台\桌子\舞狮\、\高竿\舞狮\。\地面\舞狮\主要\是\通过\踩\大\四门\或\小\四门\或是\狮子\滚桌\耗子\过梁\等\在\大头\佛\的\引领\及\孙悟空\的\陪伴\下\完成\各种\朝拜\动作\高台\桌子\舞狮\是\用\高\桌子\层层\叠加\而成\最高\可达张\舞者\在\最高\一张\木\桌上\表演\各种\动作\高竿\舞狮\是\所有\狮舞\中\最\受欢迎\的\一种\表演\形式\主要\由\饰演\孙\猴子\和\饰演\狮子\的\表演者\沿着\竹竿\徒手\攀上\近米\高\的\竿\上\四方\朝拜\后\完成\各种\表演\动作\如洗\须\、\舔\身\、\抖\毛\、\踩\桩\换位\、\高空\倒立\、\一柱擎天\、\倒挂金钟\、\空中\悬狮\、\白马\献蹄\、\鹞鹰\展翅\等\。\年\在\当地政府\积极\引导\和\支持\下\成立\了\兴隆\高竿\狮舞\民间艺术团\。\艺术团\经常\受邀\参加\公益性\表演\扩大\宣传\促进\发展\为\传承\和\保护\这一\项目\起到\了\积极\作用\。\年\兴隆\高竿\狮舞\入选\云南省\第四批\省级\非物质文化\遗产\代表性\项目\名录\。\项目\代表性\传承\人\是\杨华\。,
象脚鼓制作技艺,云南省第三批,传统技艺,云南省西双版纳傣族自治州景洪市,象脚鼓是傣族同胞最喜爱的传统乐器之一是傣历新年、关门节、开门节等年节喜庆时必不可少的打击乐器可在多种场合表演或自娱具有怡情悦性、以鼓会友、强健身心、祈庆丰年等多重功能。象脚鼓的制作从选材到制成的全过程都必须遵循相关的习俗具有浓郁的傣族特色。制作时仅使用刀、斧、凿子等简单工具鼓身一般选用甑子木。其他材料有牛皮、牛筋、油漆、织锦背带、藤篾圈、糯米饭等。有选树、备料、雕琢、蒙鼓面、雕刻、彩绘、调音、系背带等工艺流程。象脚鼓有大、中、小三种制作工艺大致相同仅尺寸有所差异。象脚鼓制成后用糯米饭捏成口杯大小的圆饼贴在鼓面中心用于调节音色和音高。象脚鼓制作体现了傣族人与自然和谐相处的生态观是古代社会分工的遗迹是傣族狩猎文化的生动体现。象脚鼓制作以口传心授的方式世代传承蕴含着傣族先民的生存智慧和审美情趣。年象脚鼓制作技艺入选云南省级非物质文化遗产代表性项目名录扩展项目名录。项目代表性传承人是岩腊。,省级,象脚鼓\是\傣族\同胞\最\喜爱\的\传统\乐器\之一\是\傣历\新年\、\关门节\、\开门节\等\年节\喜庆\时\必不可少\的\打击乐器\可\在\多种\场合\表演\或\自娱\具有\怡情悦性\、\以鼓\会友\、\强健\身心\、\祈\庆丰\年\等\多重\功能\。\象脚鼓\的\制作\从\选材\到\制成\的\全过程\都\必须\遵循\相关\的\习俗\具有\浓郁\的\傣族\特色\。\制作\时仅\使用\刀\、\斧\、\凿子\等\简单\工具\鼓身\一般\选用\甑子\木\。\其他\材料\有\牛皮\、\牛筋\、\油漆\、\织锦\背带\、\藤篾\圈\、\糯米饭\等\。\有\选树\、\备料\、\雕琢\、\蒙\鼓面\、\雕刻\、\彩绘\、\调音\、\系\背带\等\工艺流程\。\象脚鼓\有大\、\中\、\小\三种\制作\工艺\大致相同\仅\尺寸\有所\差异\。\象脚鼓\制成\后\用\糯米饭\捏成\口杯\大小\的\圆饼\贴\在\鼓面\中心\用于\调节\音色\和\音高\。\象脚鼓\制作\体现\了\傣族\人与自然\和谐\相处\的\生态\观是\古代\社会分工\的\遗迹\是\傣族\狩猎\文化\的\生动\体现\。\象脚鼓\制作\以\口传心授\的\方式\世代\传承\蕴含着\傣族\先民\的\生存\智慧\和\审美\情趣\。\年\象脚鼓制作技艺\入选\云南\省级\非物质文化\遗产\代表性\项目\名录\扩展\项目\名录\。\项目\代表性\传承\人\是\岩腊\。,傣族
迪庆藏香制作技艺,云南省第四批,,云南省迪庆藏族自治州,藏香是藏区雪域山中稀有的天木佛经中有诸多记载天木香是佛教礼佛供养之上品是显密典籍中记载的著名的五种殊胜供香之一。迪庆藏香有三百多年历史。迪庆藏香所用原料为植物药材和植物香料以生长于海拔米以上高原的柏树树干为主料再以藏红花、麝香、白檀香、红檀香、紫檀香、沉香、豆蔻、穿山甲、甘崧、冰片、没药、丁香等几十种香料和药材按适当比例配合揉搓而成。原料的拣选、洗净、晾晒、炮制、保存必须按照制药标准传统制作工艺有采摘、选配、研磨、调和、开孔牛角挤制成形、晾制、包装等几十道工序。制作藏香须对原料进行拣选并由香师以水法火法炮制处理一是去其杂质便于使用二是导顺治逆理其药性并消除可能具有的毒副作用。针对不同药材选取不同研磨工具采用古法纯手工细磨自然晾晒挤压成条最后包装成品。迪庆藏香的主要产品有线香、塔香、瓣香、盘香等。迪庆藏香是藏族传统的手工艺品也是藏传佛教重要的文化载体因其含有多种天然香料和藏药具有清心健脾、杀菌消毒之效除敬神礼佛外还有美容养生、祛痛提神之功是藏、汉及域外多民族文化交流的结晶是藏族群众生活中不可缺少的日常用品。年迪庆藏香制作技艺入选云南省第四批省级非物质文化遗产代表性项目名录。项目代表性传承人是江参。,省级,藏香\是\藏区\雪域\山中\稀有\的\天木\佛经\中有\诸多\记载\天\木香\是\佛教\礼佛\供养\之\上品\是\显密\典籍\中\记载\的\著名\的\五种\殊胜\供香\之一\。\迪庆\藏香\有\三百多年\历史\。\迪庆\藏香\所用\原料\为\植物\药材\和\植物\香料\以\生长\于\海拔\米\以上\高原\的\柏树\树干\为\主料\再\以\藏红花\、\麝香\、\白\檀香\、\红\檀香\、\紫檀\香\、\沉香\、\豆蔻\、\穿山甲\、\甘崧\、\冰片\、\没药\、\丁香\等\几十种\香料\和\药材\按\适当\比例\配合\揉搓\而成\。\原料\的\拣选\、\洗净\、\晾晒\、\炮制\、\保存\必须\按照\制药\标准\传统\制作\工艺\有\采摘\、\选配\、\研磨\、\调和\、\开孔\牛角\挤\制成\形\、\晾制\、\包装\等\几十道\工序\。\制作\藏香\须\对\原料\进行\拣选\并\由\香师\以\水法\火法\炮制\处理\一是\去\其\杂质\便于\使用\二是导\顺治\逆理\其\药性\并\消除\可能\具有\的\毒副作用\。\针对\不同\药材\选取\不同\研磨\工具\采用\古法\纯手工\细磨\自然\晾晒\挤压\成条\最后\包装\成品\。\迪庆\藏香\的\主要\产品\有\线香\、\塔香\、\瓣\香\、\盘香\等\。\迪庆\藏香\是\藏族\传统\的\手工艺品\也\是\藏传佛教\重要\的\文化\载体\因\其\含有\多种\天然\香料\和\藏药\具有\清心\健脾\、\杀菌\消毒\之效\除\敬神\礼佛\外\还有\美容\养生\、\祛痛\提神\之功\是\藏\、\汉及\域外\多\民族文化\交流\的\结晶\是\藏族\群众\生活\中\不可\缺少\的\日常用品\。\年\迪庆藏香制作技艺\入选\云南省\第四批\省级\非物质文化\遗产\代表性\项目\名录\。\项目\代表性\传承\人\是\江参\。,藏族
三眼土洞箫吹奏,第四批,传统音乐,云南省文山壮族自治州文山市,三眼土洞箫属于传统乐器中的吹奏乐器流传于云南省文山壮族自治州文山市追栗街镇大兴寨彝族诺科人仆拉支系聚居村寨。据《文山地方县志》记载三眼土洞箫即三孔陶埙彝语称之为底劳和流传于春秋战国时代的埙属同类。三眼土洞箫用当地黏性较好的灰白土、棕红土、或黄土和水捏成体高至厘米体围至厘米形状腰粗、底平、嘴尖的鸭梨状土坯顶端开一吹孔腔体中部各开三个音孔在荫处晾晒而成乐器外形与古乐器埙相似。其音色低沉浑厚能吹奏个音符即、、、。音调高低随腔体大小而异。三眼土洞箫吹奏音色古朴醇厚声音和谐音调舒缓平和。结合当地彝族民间音乐演奏别具一格、极富地方特色。演奏技法是口对吹孔双手握住腔体左手拇指按后音孔右手二指按右音孔左手二指按左音孔。吹奏时气吸要求均匀饱满其情感音色靠气吸调节。曲调分为两大类即祭祀曲调和即兴曲调。曲调中既有连续数拍的长音又有较短时值的、紧凑的快速进行节奏时紧时松忽快忽慢使只有四个音的曲调如山峦起伏充满灵动曲调各音一般以上、下方二、三度做装饰润色。三眼土洞箫吹奏在文山彝家山寨中完整地传承了多年见证了历史沧桑和风雨岁月如今三眼土洞箫吹奏传承打破了传男不传女的传统。在古时每年春耕前铲草烧灰、修田埂时吹奏入秋后渐息有祝福五谷丰登的含义。而今三眼土洞箫吹奏在人民群众生活中起到祭祀、抒发情感、振奋精神的作用是彝族传统文化的重要内容。年三眼土洞箫吹奏入选云南省第四批省级非物质文化遗产代表性项目名录。项目代表性传承人是李汉明。,省级,三眼\土\洞箫\属于\传统\乐器\中\的\吹奏乐器\流传\于\云南省\文山\壮族\自治州\文山\市\追栗\街镇\大兴\寨\彝族\诺科人\仆拉\支系\聚居\村寨\。\据\《\文山\地方\县志\》\记载\三眼\土\洞箫\即三孔\陶埙\彝语\称之为\底劳\和\流传\于\春秋战国\时代\的\埙\属\同类\。\三眼\土\洞箫\用\当地\黏性\较\好\的\灰白\土\、\棕\红土\、\或\黄土\和\水\捏成\体高至\厘米\体围\至\厘米\形状\腰\粗\、\底平\、\嘴尖\的\鸭梨\状\土坯\顶端\开一吹孔\腔体\中部\各开\三个\音孔\在\荫\处\晾晒\而成\乐器\外形\与\古\乐器\埙\相似\。\其\音色\低沉\浑厚\能\吹奏\个\音符\即\、\、\、\。\音调\高低\随\腔体\大小\而异\。\三眼土洞箫吹奏\音色\古朴\醇厚\声音\和谐\音调\舒缓\平和\。\结合\当地\彝族\民间\音乐演奏\别具一格\、\极富\地方\特色\。\演奏\技法\是\口\对\吹\孔\双手\握住\腔体\左手\拇指\按后\音孔\右手\二指\按右\音孔\左手\二指\按\左\音孔\。\吹奏\时气\吸\要求\均匀\饱满\其\情感\音色\靠气\吸\调节\。\曲调\分为\两大类\即\祭祀\曲调\和\即兴曲\调\。\曲调\中\既有\连续\数拍\的\长音\又\有\较\短\时值\的\、\紧凑\的\快速\进行\节奏\时紧时松\忽快忽慢\使\只有\四个\音\的\曲调\如\山峦起伏\充满\灵动\曲调\各音\一般\以上\、\下方\二\、\三度\做\装饰\润色\。\三眼土洞箫吹奏\在\文山\彝家\山寨\中\完整\地\传承\了\多年\见证\了\历史\沧桑\和\风雨\岁月\如今\三眼土洞箫吹奏\传承\打破\了\传\男\不\传女\的\传统\。\在\古时\每年\春耕\前\铲\草\烧灰\、\修\田埂\时\吹奏\入秋\后\渐息\有\祝福\五谷丰登\的\含义\。\而今\三眼土洞箫吹奏\在\人民\群众\生活\中\起到\祭祀\、\抒发\情感\、\振奋精神\的\作用\是\彝族\传统文化\的\重要\内容\。\年\三眼土洞箫吹奏\入选\云南省\第四批\省级\非物质文化\遗产\代表性\项目\名录\。\项目\代表性\传承\人\是\李\汉明\。,壮族
白倮彝族服饰,云南省第三批,民俗,云南省麻栗坡县,白倮彝族服饰有厚重的历史积淀是彝族不同支系的识别符号表达了白倮彝族的宇宙观和传统信仰具有族源、迁徙、情感、认知、神话传说和族群意识等多方面的意义。白倮彝族服饰制作主要经过种棉、纺线、织布、蜡染、刺绣、缝制六个步骤。其中蜡染工艺分点蜡、染布、泡布、脱蜡四个工序。制作工具有脱棉机、纺线机、织布机、土碗、蜡笔、针、过滤网、甑子、锅、火盆、泡布塘等。服饰纹样主要以蜡染图案为主布料的裁剪、缝制体现了白倮人从古至今节约资源的传统美德整套服饰都是一块布料缝制而成没有拼角保持了服饰纹样的完整性、整体性、连续性。服饰上的各种图案和纹饰是其族群记忆的载体与白倮彝族的历史传说和生产生活息息相关承载着民族的历史记忆传承着先民创造的文化。白倮彝族服饰是一部穿在身上的史书是白倮人优秀传统文化的遗存具有浓郁的地方特色和民族特色对研究白倮彝族文化具有重要的价值和意义。年白倮彝族服饰入选云南省级非物质文化遗产代表性项目名录扩展项目名录。项目代表性传承人是张安春。,省级,白倮彝族服饰\有\厚重\的\历史\积淀\是\彝族\不同\支系\的\识别\符号\表达\了\白倮\彝族\的\宇宙观\和\传统\信仰\具有\族源\、\迁徙\、\情感\、\认知\、\神话传说\和\族群\意识\等\多方面\的\意义\。\白倮彝族服饰\制作\主要\经过\种棉\、\纺线\、\织布\、\蜡染\、\刺绣\、\缝制\六个\步骤\。\其中\蜡染\工艺\分点\蜡\、\染布\、\泡布\、\脱蜡\四个\工序\。\制作\工具\有脱\棉机\、\纺线\机\、\织布机\、\土碗\、\蜡笔\、\针\、\过滤网\、\甑子\、\锅\、\火盆\、\泡布塘\等\。\服饰\纹样\主要\以\蜡染\图案\为主\布料\的\裁剪\、\缝制\体现\了\白倮\人\从古至今\节约资源\的\传统美德\整套\服饰\都\是\一块\布料\缝制\而成\没有\拼角\保持\了\服饰\纹样\的\完整性\、\整体性\、\连续性\。\服饰\上\的\各种\图案\和\纹饰\是\其\族群\记忆\的\载体\与\白倮\彝族\的\历史\传说\和\生产\生活\息息相关\承载\着\民族\的\历史\记忆\传承\着\先民\创造\的\文化\。\白倮彝族服饰\是\一部\穿\在\身上\的\史书\是\白倮\人\优秀\传统文化\的\遗存\具有\浓郁\的\地方\特色\和\民族特色\对\研究\白倮\彝族\文化\具有\重要\的\价值\和\意义\。\年\白倮彝族服饰\入选\云南\省级\非物质文化\遗产\代表性\项目\名录\扩展\项目\名录\。\项目\代表性\传承\人\是\张安春\。,彝族
马腿琴制作技艺,第三批,传统技艺,云南省龙陵县,马腿琴傣语称玎喊亦称作哩叮意为弹奏之琴是傣族弹弦乐器的总称。因形似大象且琴体细长、小巧傣族称其为马腿琴。制作马腿琴需要经过选材、制作琴身、制作共鸣箱、制作弦码、上弦线、系拨片、装饰外观等环节。首先以当地生长的马墩树作为制作琴体的原材料在琴身中凿出船底形腹腔以竹片做成共鸣箱其上开成三角形排列的出音孔将铅烧至软化后直接浇固在琴头一端即制成弦码将条粗细不等的丝线穿在弦码开有弦槽的弦轴上也就是上弦最后是制作拨片和装饰将牛角削成长厘米、厚毫米的小薄片系在弦的一端并在琴体周围雕刻藤子花作装饰。弹奏马腿琴时将琴身斜置于胸前左手持琴按弦左手食指空弦打音、小指勾弦、擞音右手执拨弹奏有单挑、滚奏、滑音、双音等技巧。常用中、外两弦演奏旋律内弦只作和弦。马腿琴音色柔美细腻唯音量较小但在傣族心目中占有重要地位是未婚青年专门用于求爱、倾吐情爱的一种主要表达方式。流传有《恋爱调》《反悔调》《挖苦调》《花花调》等传统乐曲。近年来在多元文化的冲击下会制作、弹奏且听得懂弹唱内容的人越来越少亟待加强保护。年马腿琴制作技艺入选云南省第三批省级非物质文化遗产代表性项目名录。,省级,马腿\琴\傣语\称\玎\喊\亦\称作\哩叮意\为\弹奏\之琴\是\傣族\弹\弦乐器\的\总称\。\因\形似\大象\且琴体\细长\、\小巧\傣族\称其为\马腿\琴\。\制作\马腿\琴\需要\经过\选材\、\制作\琴身\、\制作\共鸣箱\、\制作\弦码\、\上\弦线\、\系拨片\、\装饰\外观\等\环节\。\首先\以\当地\生长\的\马墩\树\作为\制作\琴体\的\原材料\在\琴身\中\凿出\船底\形\腹腔\以\竹片\做成\共鸣箱\其上\开成\三角形\排列\的\出\音孔\将\铅\烧\至\软化\后\直接\浇固\在\琴头\一端\即\制成\弦码\将\条\粗细\不等\的\丝线\穿\在\弦\码开\有\弦\槽\的\弦\轴\上\也\就是\上弦\最后\是\制作\拨片\和\装饰\将\牛角\削\成长\厘米\、\厚\毫米\的\小\薄片\系\在\弦\的\一端\并\在\琴体\周围\雕刻\藤子\花作\装饰\。\弹奏\马腿\琴时\将\琴身\斜\置于\胸前\左手\持琴\按\弦\左手\食指\空弦\打音\、\小指\勾弦\、\擞\音\右手\执拨\弹奏\有\单挑\、\滚奏\、\滑音\、\双音\等\技巧\。\常用\中\、\外\两\弦\演奏\旋律\内弦\只作\和弦\。\马腿\琴音\色\柔美\细腻\唯\音量\较\小\但\在\傣族\心目\中\占有\重要\地位\是\未婚\青年\专门\用于\求爱\、\倾吐\情爱\的\一种\主要\表达方式\。\流传\有\《\恋爱\调\》\《\反悔\调\》\《\挖苦\调\》\《\花花\调\》\等\传统\乐曲\。\近年来\在\多元\文化\的\冲击\下会\制作\、\弹奏\且\听得懂\弹唱\内容\的\人\越来越少\亟待\加强\保护\。\年\马腿琴制作技艺\入选\云南省\第三批\省级\非物质文化\遗产\代表性\项目\名录\。,傣族
杨林肥酒制作技艺,第三批,传统技艺,云南省嵩明县,杨林肥洒在当地享有盛誉肥是营养丰富、滋补的意思因此肥酒意为补酒。杨林肥酒是杨林镇商人陈鼎参照明代兰茂所著《滇南本草》中的药酒仙方和水酒十八方里的绿酒方用自酿的小曲白酒为基酒加入党参、拐枣、肉桂、陈皮等十多味中药材进行浸泡从而兑制出金黄色的酒液再用豌豆尖、小茴香、青竹叶熬制蒸馏提取天然绿色素加入兑制好的酒中即成为绿色的杨林肥酒酿好的酒还要存入公斤酒的土陶缸进行陈酿才能除去酒中辛辣、苦涩的味道酒的口感才会变得圆润、醇和。杨林肥酒历经百余年的传承发展把传统的酿酒技术与中医理论结合具有调补、营养、健康的作用。杨林肥酒主要由云南杨林肥酒有限公司进行生产已研发出杨林肥酒系列、杨林清酒系列、喜良缘酒系列和保健酒系列等多个产品被商务部授予中华老字号称号。伴随市场经济的冲击杨林肥酒传统技艺的部分步骤已用现代化的生产工具来完成仅有几名技师了解古法制酒的工艺流程要做到广泛传承有一定难度。年杨林肥酒制作技艺入选云南省第三批省级非物质文化遗产代表性项目名录。,省级,杨林\肥洒\在\当地\享有盛誉\肥是\营养\丰富\、\滋补\的\意思\因此\肥\酒意\为\补酒\。\杨林\肥酒\是\杨林\镇\商人\陈鼎\参照\明代\兰茂所著\《\滇南\本草\》\中\的\药酒\仙方\和\水酒\十八\方里\的\绿酒\方用\自酿\的\小曲\白酒\为\基酒\加入\党参\、\拐枣\、\肉桂\、\陈皮\等\十多\味\中药材\进行\浸泡\从而\兑制\出\金黄色\的\酒液\再\用\豌豆\尖\、\小茴香\、\青竹\叶熬\制\蒸馏\提取\天然\绿色\素\加入\兑制\好\的\酒\中\即\成为\绿色\的\杨林\肥\酒酿\好\的\酒\还要\存入\公斤\酒\的\土\陶缸\进行\陈酿\才能\除去\酒中\辛辣\、\苦涩\的\味道\酒\的\口感\才\会\变得\圆润\、\醇和\。\杨林\肥酒\历经\百余年\的\传承\发展\把\传统\的\酿酒\技术\与\中医理论\结合\具有\调补\、\营养\、\健康\的\作用\。\杨林\肥酒\主要\由\云南\杨林\肥酒\有限公司\进行\生产\已\研发\出\杨林\肥酒\系列\、\杨林\清酒\系列\、\喜\良缘\酒\系列\和\保健酒\系列\等\多个\产品\被\商务部\授予\中华\老字号\称号\。\伴随\市场经济\的\冲击\杨林\肥酒\传统\技艺\的\部分\步骤\已\用\现代化\的\生产工具\来\完成\仅\有\几名\技师\了解\古\法制\酒\的\工艺流程\要\做到\广泛\传承\有\一定\难度\。\年\杨林肥酒制作技艺\入选\云南省\第三批\省级\非物质文化\遗产\代表性\项目\名录\。,
芦差冲村壮族传统文化生态保护区,云南省第三批,民族传统文化生态保护区,云南省马关县,芦差冲村壮族传统文化生态保护区位于文山壮族苗族自治州马关县马白镇马尾冲村委会芦差冲自然村三面高山环绕寨子底下是纵横的稻田和耕地是典型的壮族土支系聚居的村寨面积平方千米。全村有户人年统计壮族占总人口的。芦差冲村的壮民族有火神、水神、树神、雷神、花神、山石等多神原始崇拜。民族节日与宗教节日合二为一有二月祭龙节、三月三祭雷神等。其中六月节也叫六一花饭节俗称过小年是壮族最隆重的节日。芦差冲村保存有《开天辟地》《蓝靛的传说》等数十个民间文学故事和许多民间谚语涉及宗教信仰、生活常识、伦理道德、经济自然等方面。有古歌、酒歌、情歌、山歌、四季歌、谢礼歌、开路歌、送别歌等丰富多彩的传统民歌。乐器有二胡、笛子、大小唢呐、三弦、板胡、大鼓、木鱼等。传统舞蹈有《弄娅歪》《纸马舞》《手巾舞》《霸王鞭》等。芦差冲村保留纺织、刺绣、编织、染织、雕刻、银饰品加工等传统技艺。蓝靛染布是承袭至今的古老技艺。传统刺绣的花样清新名目繁多色彩艳丽。银饰品做工精细样式古朴具有鲜明的民族特色。至今还保留古老的土布织布机、轧棉机、纺线机、绕线机并种植蓝靛。传统服饰集中体现了壮族土支系的服饰审美观念。芦差冲村民族传统文化生态保护区是马关县壮族土支系中最古老、最具民族特色的少数民族村寨之一是一座丰富的民族传统文化宝库。政府对该地文化传统采取了资金支持、深度挖掘整理、人才培养保护以及展演活动等保护措施。年芦差冲村民族传统文化生态保护区入选云南省第三批省级非物质文化遗产代表性项目名录。项目代表性传承人是田国珍、田达明等。,省级,芦差冲村壮族传统文化生态保护区\位于\文山壮族苗族自治州\马关县\马白镇\马尾\冲\村委会\芦差\冲\自然村\三面\高山\环绕\寨子\底下\是\纵横\的\稻田\和\耕地\是\典型\的\壮族\土\支系\聚居\的\村寨\面积\平方千米\。\全村\有户\人\年\统计\壮族\占\总人口\的\。\芦差\冲村\的\壮\民族\有\火神\、\水神\、\树神\、\雷神\、\花神\、\山石\等\多神\原始\崇拜\。\民族节日\与\宗教节日\合二为一\有\二月\祭龙\节\、\三月三\祭\雷神\等\。\其中\六月\节\也\叫\六一\花饭\节\俗称\过小年\是\壮族\最\隆重\的\节日\。\芦差\冲村\保存\有\《\开天辟地\》\《\蓝靛\的\传说\》\等\数十个\民间文学\故事\和\许多\民间\谚语\涉及\宗教信仰\、\生活\常识\、\伦理道德\、\经济\自然\等\方面\。\有\古歌\、\酒歌\、\情歌\、\山歌\、\四季歌\、\谢礼\歌\、\开路\歌\、\送别\歌\等\丰富多彩\的\传统\民歌\。\乐器\有\二胡\、\笛子\、\大小\唢呐\、\三弦\、\板胡\、\大鼓\、\木鱼\等\。\传统\舞蹈\有\《\弄娅\歪\》\《\纸马\舞\》\《\手巾\舞\》\《\霸王鞭\》\等\。\芦差\冲村\保留\纺织\、\刺绣\、\编织\、\染织\、\雕刻\、\银饰品\加工\等\传统\技艺\。\蓝靛\染布\是\承袭\至今\的\古老\技艺\。\传统\刺绣\的\花样\清新\名目繁多\色彩艳丽\。\银饰品\做工\精细\样式\古朴\具有\鲜明\的\民族特色\。\至今\还\保留\古老\的\土布\织布机\、\轧棉\机\、\纺线\机\、\绕线机\并\种植\蓝靛\。\传统\服饰\集中体现\了\壮族\土\支系\的\服饰\审美观念\。\芦差\冲村\民族\传统文化\生态\保护区\是\马关县\壮族\土\支系\中\最\古老\、\最具\民族特色\的\少数民族\村寨\之一\是\一座\丰富\的\民族\传统文化\宝库\。\政府\对\该地\文化\传统\采取\了\资金\支持\、\深度\挖掘\整理\、\人才培养\保护\以及\展演\活动\等\保护措施\。\年\芦差\冲村\民族\传统文化\生态\保护区\入选\云南省\第三批\省级\非物质文化\遗产\代表性\项目\名录\。\项目\代表性\传承\人\是\田国珍\、\田达明\等\。,壮族
大理洞经音乐,第三批,传统音乐,大理市非物质文化遗产保护管理所,大理洞经音乐起源于南诏大理国时期的宫廷音乐和祭祀音乐兴盛于明清两代发展过程中融入了儒、释、道三教祭祀音乐完善和成型于道家道场。大理是云南洞经音乐的发源地。大理最早的洞经是《三洞仙经》。大理洞经音乐演奏主要分为声乐和器乐两部分。声乐部分有领唱和伴唱两种演唱时有两种乐队伴奏一种是丝竹乐一种是吹打乐。器乐部分则分为大乐曲牌、细乐曲牌和锣鼓曲牌三类。大理洞经音乐完整地保存了各种古代音乐的原生形态既有道教音乐的飘逸、宫廷音乐的典雅、江南丝竹的柔美、儒教音乐的浑厚也有各种民间音乐的风韵形成了洞经音乐古朴典雅、柔美清正、飘逸悠扬、超凡脱俗、教化育人、礼乐兴邦的独特的主题和风格是中国古代音乐的集大成者对研究中国古代音乐文化具有重要的历史价值。目前活跃在大理城乡的洞经古乐社团多达多支仅大理市就有多支。洞经音乐社团组织多数以村社的民间宗教活动为载体形成相对稳定的队伍如三元会、宏仁会、下关洞经古乐会、大理南雅音乐社等。年大理市洞经音乐入选云南省第三批省级非物质文化遗产代表性项目名录扩展项目名录。项目代表性传承人是杨贵。大理洞经音乐节日展演大理洞经音乐开经,省级,大理洞经音乐\起源于\南诏\大理国\时期\的\宫廷\音乐\和\祭祀\音乐\兴盛\于\明清两代\发展\过程\中\融入\了\儒\、\释\、\道\三教\祭祀\音乐\完善\和\成型\于\道家\道场\。\大理\是\云南\洞经音乐\的\发源地\。\大理\最早\的\洞经\是\《\三洞\仙经\》\。\大理洞经音乐\演奏\主要\分为\声乐\和\器乐\两\部分\。\声乐\部分\有\领唱\和\伴唱\两种\演唱\时有\两种\乐队\伴奏\一种\是\丝竹\乐\一种\是\吹打乐\。\器乐\部分\则\分为\大乐\曲牌\、\细\乐曲\牌\和\锣鼓\曲牌\三类\。\大理洞经音乐\完整\地\保存\了\各种\古代\音乐\的\原生\形态\既有\道教音乐\的\飘逸\、\宫廷\音乐\的\典雅\、\江南\丝竹\的\柔美\、\儒教\音乐\的\浑厚\也\有\各种\民间\音乐\的\风韵\形成\了\洞经音乐\古朴\典雅\、\柔美\清正\、\飘逸\悠扬\、\超凡脱俗\、\教化\育人\、\礼乐\兴邦\的\独特\的\主题\和\风格\是\中国\古代\音乐\的\集大成者\对\研究\中国\古代\音乐\文化\具有\重要\的\历史\价值\。\目前\活跃\在\大理\城乡\的\洞经\古乐\社团\多达\多支\仅\大理市\就\有\多支\。\洞经音乐\社团组织\多数\以\村社\的\民间宗教\活动\为\载体\形成\相对\稳定\的\队伍\如\三元\会\、\宏仁\会\、\下关\洞经\古乐会\、\大理\南雅\音乐\社等\。\年\大理市\洞经音乐\入选\云南省\第三批\省级\非物质文化\遗产\代表性\项目\名录\扩展\项目\名录\。\项目\代表性\传承\人\是\杨贵\。\大理洞经音乐\节日\展演\大理洞经音乐\开经,
威信苗族芦笙制作技艺,第四批,传统技艺,云南省威信县,芦笙是苗族在丧葬祭祀及踩花山、跳芦笙舞等活动时吹奏的一种簧管乐器。苗族芦笙制作技艺主要流传于云南省昭通市威信县苗族白苗支系聚居区历史悠久。威信白苗芦笙传统上都是六管式虽然构造简单但工艺流程却极为复杂繁琐大体有十个步骤每年夏至后伐竹冬天伐木和剥取樱桃树皮晒干如急需也可用火烘干至干透用以绑扎、加固、美化装饰芦笙。在确认竹、木干透后用锯子根据需要下料备用。用刀刮去竹管表皮竹青打磨至光滑为止。用斧头和削刀将下料待用的木段劈、削成葫芦状的笙斗和吹管。再用锯子纵向把笙斗和吹管锯为一破两开。用挖刀将两片笙斗挖空似葫芦类型把吹管挖成内空型似竹管状。用强力粘合剂一般用牛皮胶、白乳胶等将两片同样的空心笙斗粘合还原并用绳索捆紧固定。把已粘合牢固的笙斗按六根音管的直径大小凿出左右三孔并列的六个孔。舌簧制作先用火炼制熟铜炼好后把铜块锤打成比现代口琴簧片还要薄的柔软铜片然后依据芦笙音管的长短、内径大小以及音调高低裁制成长厘米宽厘米的长方形小铜片再用薄刀片在铜片中央刮割出形如口琴舌簧的可颤动的发音舌片。然后把形状大小不一的舌簧安装上长短不一的六根音管上最后把六根音管按排序插入笙斗内。最后把六支音管按、、、、、前二位属小字组后四位属小字一组、、、、、前一位属小字组后五位属小字一组的标准音律用刮刀在簧片上进行刮削刮去多余簧片最后把音校准芦笙就可以吹奏了。苗族芦笙历史悠久是苗族生活必备品是苗族传统文化的重要载体制作程序复杂缺少芦笙制作艺人是面临的最大危机。年威信苗族芦笙制作技艺入选云南省第四批省级非物质文化遗产代表性项目名录扩展项目名录。项目代表性传承人是熊永钟。,省级,芦笙\是\苗族\在\丧葬\祭祀\及\踩花山\、\跳\芦笙舞\等\活动\时\吹奏\的\一种\簧管\乐器\。\苗族芦笙制作技艺\主要\流传\于\云南省\昭通市\威信县\苗族\白苗\支系\聚居区\历史悠久\。\威信\白苗\芦笙\传统\上\都\是\六\管式\虽然\构造\简单\但\工艺流程\却\极为\复杂\繁琐\大体\有\十个\步骤\每年\夏至\后伐竹\冬天\伐木\和\剥取\樱桃\树皮\晒干\如\急需\也\可用\火\烘干\至\干透\用以\绑扎\、\加固\、\美化\装饰\芦笙\。\在\确认\竹\、\木\干透\后\用\锯子\根据\需要\下\料\备用\。\用刀\刮去\竹管\表皮\竹青\打磨\至\光滑\为止\。\用\斧头\和\削刀\将\下料\待用\的\木段\劈\、\削成\葫芦状\的\笙\斗\和\吹管\。\再用\锯子\纵向\把\笙\斗\和\吹管\锯为\一破\两开\。\用\挖\刀\将\两片\笙斗\挖空\似\葫芦\类型\把\吹管\挖成\内空型\似竹\管状\。\用\强力\粘合剂\一般\用\牛皮\胶\、\白乳胶\等\将\两片\同样\的\空心\笙斗\粘合\还原\并用\绳索\捆紧\固定\。\把\已\粘合\牢固\的\笙\斗\按\六根\音管\的\直径\大小\凿出\左右\三孔\并列\的\六个\孔\。\舌簧\制作\先用\火\炼制\熟铜\炼好\后\把\铜块\锤\打成\比\现代\口琴\簧片\还要\薄\的\柔软\铜片\然后\依据\芦笙\音管\的\长短\、\内径\大小\以及\音调\高低\裁制\成长\厘米\宽\厘米\的\长方形\小\铜片\再用\薄\刀片\在\铜片\中央\刮\割出\形\如\口琴\舌簧\的\可\颤动\的\发音\舌片\。\然后\把\形状\大小不一\的\舌簧\安装\上\长短不一\的\六根\音管\上\最后\把\六根\音管\按\排序\插入\笙斗内\。\最后\把\六支\音管\按\、\、\、\、\、\前\二位\属\小字\组后\四位\属\小字\一组\、\、\、\、\、\前\一位\属\小字\组后\五位\属\小字\一组\的\标准\音律\用\刮刀\在\簧片\上\进行\刮削\刮去\多余\簧片\最后\把音\校准\芦笙\就\可以\吹奏\了\。\苗族\芦笙\历史悠久\是\苗族\生活\必备品\是\苗族\传统文化\的\重要\载体\制作\程序\复杂\缺少\芦笙\制作\艺人\是\面临\的\最大\危机\。\年\威信苗族芦笙制作技艺\入选\云南省\第四批\省级\非物质文化\遗产\代表性\项目\名录\扩展\项目\名录\。\项目\代表性\传承\人\是\熊永钟\。,苗族
苗族闹兜阳,第四批,民俗,马关县文化馆,闹兜阳是苗族的传统节日流传于马关县苗族聚居的多个村寨已有数百年的历史。苗族民众每年农历五月初五举行的闹兜阳节是纪念历史上一个叫兜阳的人和选出像兜阳一样的好人每年农历五月初五兜阳罹难日举行。这一民俗活动共有七个仪程定招魂门、招兜阳魂、迎兜阳客、问兜阳、送兜阳魂、跳兜阳和选兜阳即闹兜阳。闹兜阳节群众参与面广民俗性强引导人们崇贤向善不忘为民族做出过贡献的英雄。其活动内容丰富多彩健康向上有很高的社会价值活动中还有对歌、跳芦笙舞、打竹筒电话、丢鸡毛键、打陀螺、射箭、摆长桌宴等具有很强的观赏性、参与性艺术价值高。闹兜阳这一传统统习俗极大地鼓舞了苗族同胞对传统文化的继承和保护起到了积极作用。闹兜阳是苗族的重大节日是一个以尊重人才、崇善、团结为宗旨的有效载体。苗族闹兜阳传统节日只有年长者掌握闹兜阳的整个仪式以及相关禁忌年青人学习和了解较少节日中表演的苗族芦笙舞芦笙音乐与古歌等主要代表人年事已高参与并掌握技艺的年轻人不多项目面临濒危状况。年苗族闹兜阳入选云南省第四批省级非物质文化遗产代表性项目名录。项目代表性传承人是熊明清。,省级,闹\兜阳\是\苗族\的\传统节日\流传\于\马关县\苗族\聚居\的\多个\村寨\已有\数百年\的\历史\。\苗族\民众\每年\农历\五月\初五\举行\的\闹\兜阳节\是\纪念\历史\上\一个\叫\兜阳\的\人\和\选出\像\兜阳\一样\的\好人\每年\农历\五月\初五\兜阳\罹难\日\举行\。\这一\民俗\活动\共有\七个\仪程定\招魂\门\、\招兜阳魂\、\迎兜阳客\、\问兜阳\、\送\兜阳魂\、\跳兜阳\和\选兜阳\即\闹\兜阳\。\闹\兜阳节\群众\参与\面广\民俗\性强\引导\人们\崇贤\向善\不忘为\民族\做出\过\贡献\的\英雄\。\其\活动\内容\丰富多彩\健康\向上\有\很\高\的\社会价值\活动\中\还有\对歌\、\跳\芦笙舞\、\打\竹筒\电话\、\丢\鸡毛\键\、\打\陀螺\、\射箭\、\摆\长桌\宴\等\具有\很强\的\观赏性\、\参与性\艺术\价值\高\。\闹\兜阳\这\一\传统\统\习俗\极大\地鼓舞\了\苗族\同胞\对\传统文化\的\继承\和\保护\起到\了\积极\作用\。\闹\兜阳\是\苗族\的\重大\节日\是\一个\以\尊重人才\、\崇善\、\团结\为\宗旨\的\有效\载体\。\苗族\闹\兜阳\传统节日\只有\年长者\掌握\闹\兜阳\的\整个\仪式\以及\相关\禁忌\年青人\学习\和\了解\较\少\节日\中\表演\的\苗族\芦笙舞\芦笙\音乐\与\古歌\等\主要\代表人\年事已高\参与\并\掌握\技艺\的\年轻人\不\多\项目\面临\濒危\状况\。\年\苗族\闹\兜阳\入选\云南省\第四批\省级\非物质文化\遗产\代表性\项目\名录\。\项目\代表性\传承\人\是\熊\明清\。,苗族
鲁甸牛干巴制作技艺,第四批,传统技艺,鲁甸县文化馆,鲁甸牛干巴选用当地优质良种壮黄牛。每年农历正二月间将牛关起来喂养先以嫩草催膘根据牛的牙口和体质适当采用中草药进行打痨除疾以健脾胃增强食欲再逐渐增加蚕豆面等精细饲料喂养。民间有厩干食饱牛长膘的俗谚。寒露时节是腌制牛干巴的最佳时期。通常由回族阿訇主刀杀牛放血、剥皮、开膛去内脏后剔成块即对净肉。将割下的肉铺在通风处凉透之后再进行腌制。一般按的比例将盐撒在肉上反复搓揉至肉质发软盐充分浸透再放入陶制的瓮缸内码好、压实缸口用硬纸或麻布盖紧扎好腌天便可以出缸晾晒。晾晒三天收回室内空挂直至肉面干硬呈板栗色食用最佳。每块干巴因选肉的部位不同而有专门的名称如饭盒里裆镰刀火扇外白碓嘴抢口胸子骨梆梆心瓜子以及两对肋条。饭盒里裆为上品肉质细嫩容易切片食用时煎煮均可。其次如肋条油多筋多炖吃鲜美。鲁甸牛干巴富含蛋白质味道醇厚易保存。油淋干巴、五香干巴、厚干巴、干巴煨红豆、干巴炒藕、干巴夹乳饼、糖醋干巴、酸菜煮干巴、干巴豆焖饭等是鲁甸回族婚丧嫁娶等各种重要场合不可或缺的菜品。年鲁甸牛干巴制作技艺入选云南省第四批省级非物质文化遗产代表性项目名录。项目代表性传承人是马飞。,省级,鲁甸\牛\干巴\选用\当地\优质\良种\壮\黄牛\。\每年\农历\正\二月\间\将\牛关\起来\喂养\先\以\嫩草\催\膘\根据\牛\的\牙口\和\体质\适当\采用\中草药\进行\打痨\除\疾以\健脾胃\增强\食欲\再\逐渐\增加\蚕豆\面等\精细\饲料\喂养\。\民间\有\厩\干食\饱\牛\长膘\的\俗谚\。\寒露\时节\是\腌制\牛\干巴\的\最佳时期\。\通常\由\回族\阿訇\主刀\杀牛\放血\、\剥皮\、\开膛\去\内脏\后剔\成块\即\对\净肉\。\将\割下\的\肉铺\在\通风处\凉透\之后\再\进行\腌制\。\一般\按\的\比例\将\盐\撒\在\肉\上\反复\搓揉\至\肉质\发软\盐\充分\浸透\再\放入\陶制\的\瓮\缸内\码好\、\压实\缸\口用\硬纸\或\麻布\盖紧\扎\好\腌天\便\可以\出缸\晾晒\。\晾晒\三天\收回\室内\空挂\直至\肉面\干\硬\呈\板栗\色\食用\最佳\。\每块\干巴\因选肉\的\部位\不同\而\有\专门\的\名称\如\饭盒\里\裆\镰刀\火扇\外白\碓\嘴\抢口\胸子\骨\梆梆\心\瓜子\以及\两对\肋条\。\饭盒\里\裆\为\上品\肉质\细嫩\容易\切片\食用\时\煎煮\均\可\。\其次\如\肋条\油多筋\多炖\吃\鲜美\。\鲁甸\牛\干巴\富含\蛋白质\味道\醇厚\易\保存\。\油淋\干巴\、\五香\干巴\、\厚\干巴\、\干巴\煨\红豆\、\干巴\炒\藕\、\干巴\夹\乳饼\、\糖醋\干巴\、\酸菜\煮\干巴\、\干\巴豆\焖饭\等\是\鲁甸\回族\婚丧嫁娶\等\各种\重要\场合\不可或缺\的\菜品\。\年\鲁甸牛干巴制作技艺\入选\云南省\第四批\省级\非物质文化\遗产\代表性\项目\名录\。\项目\代表性\传承\人\是\马飞\。,回族
彝族鱼鳞片吹奏,第四批,传统音乐,云南省红河哈尼族彝族自治州蒙自市,彝族鱼鳞片吹奏是彝族尼苏支系的一种传统乐器的吹奏乐器主要流传于云南省红河哈尼族彝族自治州蒙自市北部坝区长桥海、大屯海湖、蒙自坝、大屯坝、草坝的彝族聚集地。清代中叶就已经盛行有上百年历史五代传承谱系。彝族鱼鳞片吹奏清脆、明亮、悦耳与吹奏树叶的效果相似而又略显柔润、深沉具有较强的艺术表现力。鱼鳞片选材有讲究从鱼体六斤以上重的鲤鱼最佳两肋部位上取下鳞片规格以直径为至厘米为佳须稍有硬韧度以便容易产生振动而发出更宽音域的有效音区吹奏前将鱼鳞片卷曲的边作适当修剪若鳞片硬度过强不易产生振动则可用布稍作打磨或用小刀刮至适合为止。演奏技法当舌簧产生振动而发出声音时须收拢风门调节气流的强弱来奏出音的高低控制气息的长短来节制音的节奏有缓吹、急吹、吐音、滑音等装饰手法以提升演奏艺术效果用喉、舌联合颤动来获得柔音效果增强艺术感染力。用鱼鳞片吹奏出的音区一般在约度之间。演奏特技效果时扩展的有效音区可达度。鱼鳞片吹奏反映了当地彝族尼苏人的生活环境、生产生活状况对研究少数民族乐器有重要的艺术价值。年彝族鱼鳞片吹奏入选云南省第四批省级非物质文化遗产代表性项目名录。,省级,彝族鱼鳞片吹奏\是\彝族\尼苏\支系\的\一种\传统\乐器\的\吹奏乐器\主要\流传\于\云南省\红河哈尼族彝族自治州\蒙自\市\北部\坝区\长桥\海\、\大屯\海湖\、\蒙自\坝\、\大屯\坝\、\草坝\的\彝族\聚集地\。\清代\中叶\就\已经\盛行\有\上百年\历史\五代\传承\谱系\。\彝族鱼鳞片吹奏\清脆\、\明亮\、\悦耳\与\吹奏\树叶\的\效果\相似\而\又\略显\柔润\、\深沉\具有\较强\的\艺术\表现力\。\鱼鳞片\选材\有\讲究\从\鱼体\六斤\以上\重\的\鲤鱼\最佳\两肋\部位\上取\下\鳞片\规格\以\直径\为\至\厘米\为佳须\稍\有\硬\韧度\以便\容易\产生\振动\而\发出\更\宽\音域\的\有效\音区\吹奏\前\将\鱼鳞片\卷曲\的\边作\适当\修剪\若\鳞片\硬度\过\强\不易\产生\振动\则\可\用布\稍作\打磨\或用\小刀\刮至\适合\为止\。\演奏\技法\当舌簧\产生\振动\而\发出声音\时须\收拢\风门\调节\气流\的\强弱\来奏\出音\的\高低\控制\气息\的\长短\来\节制\音\的\节奏\有缓\吹\、\急\吹\、\吐音\、\滑音\等\装饰\手法\以\提升\演奏\艺术\效果\用喉\、\舌\联合\颤动\来\获得\柔音\效果\增强\艺术\感染力\。\用\鱼鳞片\吹奏\出\的\音区\一般\在\约度\之间\。\演奏\特技\效果\时\扩展\的\有效\音区\可达度\。\鱼鳞片\吹奏\反映\了\当地\彝族\尼\苏人\的\生活环境\、\生产\生活状况\对\研究\少数民族\乐器\有\重要\的\艺术\价值\。\年\彝族鱼鳞片吹奏\入选\云南省\第四批\省级\非物质文化\遗产\代表性\项目\名录\。,彝族
昭通毛毡制作技艺,第四批,传统技艺,云南省昭通市,昭通市巧家、彝良、永善和昭阳区等县区的高寒山区生活着汉族、彝族等民族他们就地取材以当地羊毛为原料手工擀制披毡形成了独特的毡制服饰。披毡披在身上遮风避雨保暖御寒铺在地上作为卧具保暖防潮是当地乡民赖以生存的重要纺织品。昭通披毡的制作工序比较独特。披毡制作需要两人或两人以上同时操作擀毡的场地要求宽敞、平坦、洁净以温湿的夏秋两季擀制比较适宜。筋骨好站得直褶子细收的拢是基本的质量要求。擀毡的原料选择较为考究要选用本地或附近所产土羊的羊毛羊毛以六月毛为最好制作昭通披毡使用的主要工具有杆秤、竹帘、弹弓、木槌、麻绳、小扫帚、皮板指等。擀制全手工操作工序为如下几步选毛分等将分等后的羊毛洗涤、脱脂用弦弓弹松卷帘将弹松的羊毛均匀地铺在特制的竹帘上卷成帘筒用热水浸发蹬踩竹帘筒边蹬边泼水浇淋去除羊毛中的杂质使之粘贴提褶嵌线。在制作工程中蹬踩、提褶、嵌线等工序需要毡工有娴熟的技艺才能使所加工的披毡厚度均匀结构致密褶子达到褶的较高要求尺寸适中舒卷自如。昭通披毡作为区域性的独特服饰历史悠久曾作为向朝廷贡赋的贡品。昭通披毡多为旅游纪念购买或收藏购买市场需求量很小制作工期长其制作手法逐渐式微甚至到了濒临消亡的地步。年昭通毛毡制作技艺入选云南省第四批省级非物质文化遗产代表性项目名录扩展项目名录。项目代表性传承人是王开友。,省级,昭通市\巧家\、\彝良\、\永善\和\昭阳区\等\县区\的\高寒\山区\生活\着\汉族\、\彝族\等\民族\他们\就地取材\以\当地\羊毛\为\原料\手工\擀制\披毡\形成\了\独特\的\毡制\服饰\。\披毡\披\在\身上\遮风避雨\保暖\御寒\铺\在\地上\作为\卧具\保暖\防潮\是\当地\乡民\赖以生存\的\重要\纺织品\。\昭通\披毡\的\制作\工序\比较\独特\。\披毡\制作\需要\两人\或\两人\以上\同时\操作\擀毡\的\场地\要求\宽敞\、\平坦\、\洁净\以\温湿\的\夏秋\两季\擀制\比较\适宜\。\筋骨\好\站\得\直\褶子\细收\的\拢\是\基本\的\质量\要求\。\擀毡\的\原料\选择\较为\考究\要\选用\本地\或\附近\所产土\羊\的\羊毛\羊毛\以\六月\毛为\最好\制作\昭通\披毡\使用\的\主要\工具\有\杆秤\、\竹帘\、\弹弓\、\木槌\、\麻绳\、\小\扫帚\、\皮板\指等\。\擀\制全\手工操作\工序\为\如下\几步\选毛分\等\将\分\等\后\的\羊毛\洗涤\、\脱脂\用\弦\弓弹\松\卷帘\将\弹松\的\羊毛\均匀\地铺\在\特制\的\竹帘\上卷\成帘筒\用\热\水浸\发蹬\踩\竹帘\筒\边\蹬\边\泼水\浇淋\去除\羊毛\中\的\杂质\使\之\粘贴\提褶\嵌线\。\在\制作\工程\中\蹬\踩\、\提褶\、\嵌线\等\工序\需要\毡\工有\娴熟\的\技艺\才能\使\所\加工\的\披毡\厚度\均匀\结构\致密\褶子\达到\褶\的\较\高\要求\尺寸\适中\舒卷自如\。\昭通\披毡\作为\区域性\的\独特\服饰\历史悠久\曾\作为\向\朝廷\贡赋\的\贡品\。\昭通\披毡\多为\旅游\纪念\购买\或\收藏\购买\市场\需求量\很小\制作\工期\长其\制作\手法\逐渐\式微\甚至\到\了\濒临\消亡\的\地步\。\年\昭通毛毡制作技艺\入选\云南省\第四批\省级\非物质文化\遗产\代表性\项目\名录\扩展\项目\名录\。\项目\代表性\传承\人\是\王开友\。,彝族
陆良草编,第四批,传统美术,陆良县文化馆,陆良草编主要用牛尾巴草或秧草做芯棕叶芯做线编制而成。牛尾巴草采集的最佳季节是秋季该草长到八十厘米至一米高左右等籽成熟后便可收割后经过晾晒、摔打、脱籽、除叶只留在主杆等程序即可待用。秧草大多生长在湿地周边或秧田埂边采集时不分季节晒干就可以待用。棕叶芯学名蒲葵树龄要在二十年以上的方可割芯采集棕叶不分季节只要新长棕叶有六七十厘米左右就可以采集。之后要进行煮、晾晒、浸泡等工序备用。草编产品种类繁多有小蒲箩、提篮、装饰摆件、收纳盒、宠物窝及各类包装盒等也可以按需求定制。陆良草编形状由传统的鼓灯形发展为圆柱形、椭圆形、方形、葫芦形及不规则形状其中以小蒲箩较为出名。陆良草编原材料健康、环保编织工艺精细度高具有保温、经摔、耐用等特点地方特色鲜明作品透露着朴素、简拙的审美情趣。由于纯手工编制蒲箩耗时长、枯燥、利润低只有守在家中的老年人坚持编织会编织的人员也在逐年递减亟须传承保护。年陆良草编入选云南省第四批省级非物质文化遗产代表性项目名录。项目代表性传承人是王敖英。,省级,陆良草编\主要\用\牛尾巴\草\或\秧草\做\芯\棕叶\芯\做线\编制\而成\。\牛尾巴\草\采集\的\最佳\季节\是\秋季\该\草长\到\八十\厘米\至\一米\高\左右\等\籽\成熟\后\便\可\收割\后\经过\晾晒\、\摔打\、\脱籽\、\除叶\只\留在\主杆\等\程序\即可\待用\。\秧草\大多\生长\在\湿地\周边\或秧\田埂\边\采集\时不分\季节\晒干\就\可以\待用\。\棕叶\芯\学名\蒲葵\树龄\要\在\二十年\以上\的\方可\割\芯\采集\棕叶\不\分\季节\只要\新长\棕叶\有\六七十\厘米\左右\就\可以\采集\。\之后\要\进行\煮\、\晾晒\、\浸泡\等\工序\备用\。\草编\产品种类\繁多\有\小\蒲箩\、\提篮\、\装饰\摆件\、\收纳盒\、\宠物\窝及\各类\包装盒\等\也\可以\按\需求\定制\。\陆良草编\形状\由\传统\的\鼓灯形\发展\为\圆柱形\、\椭圆形\、\方形\、\葫芦\形及\不规则\形状\其中\以小蒲\箩\较为\出名\。\陆良草编\原材料\健康\、\环保\编织\工艺\精细\度高\具有\保温\、\经\摔\、\耐用\等\特点\地方\特色\鲜明\作品\透露\着\朴素\、\简拙\的\审美\情趣\。\由于\纯手工\编制\蒲箩\耗时\长\、\枯燥\、\利润\低\只有\守\在\家中\的\老年人\坚持\编织\会\编织\的\人员\也\在\逐年\递减\亟须\传承\保护\。\年\陆良草编\入选\云南省\第四批\省级\非物质文化\遗产\代表性\项目\名录\。\项目\代表性\传承\人\是\王敖英\。,
易门浦贝陶器制作技艺,云南省第三批,传统技艺,云南省易门县,易门浦贝陶器制作历史悠久起源于明末清初至今已有多年。随着社会的发展和工业化的不断推进易门浦贝陶器的制作和销售受到极大的冲击但其传统的制作技艺还是在一部分窑工的坚守中传承了下来。易门浦贝陶器就地取材就地制作土生土长地方特性浓郁注重实用性和欣赏性的统一。其制作流程有原料精选、坯料配制、拉坯成型、干燥、施釉、装窑、烧成、出窑、成品检验。制陶用的黏土、石英砂及釉料在浦贝境内都有丰富的储量且离作坊不远开采和运输都比较方便。易门浦贝陶的产品深入到社会生活的多个领域能满足不同需求并具有耐酸碱、陶质细腻、腌制咸菜色鲜味纯、盛酒不走味的特点。易门浦贝陶器制作技艺精湛文化底蕴深厚具有较高的艺术价值。年易门浦贝陶器制作技艺入选云南省级非物质文化遗产代表性项目名录扩展项目名录。项目代表性传承人是杨建云。,省级,易门浦贝\陶器\制作\历史悠久\起源于\明末清初\至今已有\多年\。\随着\社会\的\发展\和\工业化\的\不断\推进\易门浦贝\陶器\的\制作\和\销售\受到\极大\的\冲击\但\其\传统\的\制作\技艺\还是\在\一部分\窑工\的\坚守\中\传承\了\下来\。\易门浦贝\陶器\就地取材\就\地\制作\土生土长\地方\特性\浓郁\注重\实用性\和\欣赏性\的\统一\。\其\制作\流程\有\原料\精选\、\坯料\配制\、\拉坯\成型\、\干燥\、\施釉\、\装窑\、\烧成\、\出窑\、\成品\检验\。\制陶\用\的\黏土\、\石英砂\及\釉料\在\浦贝\境内\都\有\丰富\的\储量\且\离\作坊\不远\开采\和\运输\都\比较\方便\。\易门浦贝陶\的\产品\深入\到\社会生活\的\多个\领域\能\满足\不同\需求\并\具有\耐酸碱\、\陶质\细腻\、\腌制\咸菜\色\鲜味\纯\、\盛酒\不\走味\的\特点\。\易门浦贝陶器制作技艺\精湛\文化底蕴\深厚\具有\较\高\的\艺术\价值\。\年\易门浦贝陶器制作技艺\入选\云南\省级\非物质文化\遗产\代表性\项目\名录\扩展\项目\名录\。\项目\代表性\传承\人\是\杨建云\。,
羊街花灯,第四批,传统戏剧,开远市文化馆,开远羊街彝族花灯相传在清咸丰年间传入当地是彝族先辈在汉族花灯艺术基础上经长期发展创作形成的一种独具地域特色和民族特色的民间花灯艺术。羊街花灯以彝家山歌小调为主要旋律使用汉语演唱载歌载舞风趣活泼曲调优雅动听泥土气息浓厚。羊街花灯音乐由声腔、曲牌两部分组成在艺术表现中相互穿插运用可分为戏曲型灯调、演唱型灯调和歌舞型灯调三种。戏曲型灯调唱腔节奏多变行腔委婉宜于抒情均能以各自的功能单独表现剧中不同人物性格和感情变化。演唱型灯调存在于独立的艺术活动中常以独唱、对唱、齐唱形式出现。歌舞型灯调节奏明朗跳跃、舞蹈性强从始至终贯穿着欢乐的基调除在台子戏中发挥作用外还能独立于民间歌舞活动中有《打鸟》《憨二娃接姐》《张三宰羊》《李海朝山》《打花鼓》等数十个传统剧目大部分是从汉族花灯剧本移植而来。羊街花灯表演程式化即歌舞表演于先、戏曲演出压台。主要伴奏乐器有笛、箫、二胡、三弦、四弦等。女演员俗称花姑娘唱嫩腔按角色属于旦角男演员俗称小老丑唱老腔角色属于丑角。演出服饰为传统服装道具主要有手巾、扇子、霸王鞭等。羊街花灯风格古朴有典型的彝汉文化交融的特点。至今已有七代传人传承谱系清晰。年羊街花灯入选云南省第四批省级非物质文化遗产代表性项目名录扩展项目名录。项目代表性传承人有李应康、张玲娟等。,省级,开远\羊街\彝族\花灯\相传\在\清咸丰\年间\传入\当地\是\彝族\先辈\在\汉族\花灯\艺术\基础\上经\长期\发展\创作\形成\的\一种\独具\地域\特色\和\民族特色\的\民间\花灯\艺术\。\羊街花灯\以彝家\山歌\小调\为\主要\旋律\使用\汉语\演唱\载歌载舞\风趣\活泼\曲调\优雅\动听\泥土\气息\浓厚\。\羊街花灯\音乐\由\声腔\、\曲牌\两\部分\组成\在\艺术\表现\中\相互\穿插\运用\可\分为\戏曲\型\灯调\、\演唱\型\灯\调和\歌舞\型\灯调\三种\。\戏曲\型\灯调\唱腔\节奏\多变\行腔\委婉\宜于\抒情\均\能\以\各自\的\功能\单独\表现\剧中\不同\人物性格\和\感情\变化\。\演唱\型\灯调\存在\于\独立\的\艺术\活动\中常\以\独唱\、\对唱\、\齐唱\形式\出现\。\歌舞\型\灯调\节奏明朗\跳跃\、\舞蹈\性强\从始至终\贯穿\着\欢乐\的\基调\除\在\台子\戏中\发挥作用\外\还\能\独立\于\民间\歌舞\活动\中有\《\打鸟\》\《\憨二娃\接姐\》\《\张三\宰羊\》\《\李海\朝山\》\《\打花鼓\》\等\数十个\传统剧目\大部分\是从\汉族\花灯\剧本\移植\而\来\。\羊街花灯\表演\程式化\即\歌舞\表演\于\先\、\戏曲\演出\压台\。\主要\伴奏\乐器\有\笛\、\箫\、\二胡\、\三弦\、\四弦\等\。\女演员\俗称\花姑娘\唱嫩腔\按\角色\属于\旦角\男演员\俗称\小老丑\唱\老腔\角色\属于\丑角\。\演出\服饰\为\传统\服装道具\主要\有\手巾\、\扇子\、\霸王鞭\等\。\羊街花灯\风格\古朴\有\典型\的\彝汉\文化\交融\的\特点\。\至今已有\七代\传人\传承\谱系\清晰\。\年\羊街花灯\入选\云南省\第四批\省级\非物质文化\遗产\代表性\项目\名录\扩展\项目\名录\。\项目\代表性\传承\人有\李应康\、\张玲娟\等\。,彝族
墨江哈尼族祭寨神林,第四批,民俗,云南省墨江县,普洱市墨江县是全国唯一的哈尼族自治县生活着哈尼族的碧约、豪尼、白宏、卡多、阿木、腊米、西摩落、切第、卡别九个支系尽管墨江哈尼族九个支系祭寨神林的习俗各有异同但墨江的哈尼族村寨无论大小、人数多少都有自己的村寨神林和寨神林在寨神林里每年都要举行祭寨神林仪式寨神林也因此庄严而神圣不可侵犯受到全寨人的保护。哈尼族的寨神林保护埔玛兔也叫祭竜节。在哈尼山寨祭竜活动的时间一般在农历二三月间本寨不出特殊情况在二月份就结束了祭竜的日子是根据本寨子的好日子来决定的。有些支系是二月份第一个属龙的日子有些支系是二月份属猪的日子。按各个寨子的情况来确定日子欢度祭竜节。哈尼人保存着埔玛兔传统节日并在节日期间把传统的美德代代相传。哈尼族埔玛的建立由村寨的摩批主持而埔玛兔活动却要由竜头主持不一定是寨中摩批竜头被称为莫巴。每年祭寨神林在寨神树下进行。通过保护寨神林和祭祀寨神以求保护村寨范围居住的人畜使人们衣食有保障村寨安宁家庭和睦身体健康人丁兴旺。哈尼民间有人间兴旺看埔玛姑娘俏丽看水井的说法认为建村立寨时只要精心选择培育寨神林把圈定的寨子埔玛清扫干净定时杀牲祭祀寨神就会尽心尽职护卫这块纯洁的土地不让妖魔鬼怪入寨阻止凶猛野兽涉足使人们平安繁衍生息五谷丰登禽畜兴旺。祭寨神林项目内容丰富包括祭竜活动、竜树的选择、竜头的产生等民俗。祭寨神林具有重要价值。祭寨神林的内容涉及哈尼族传统习俗具有很高的历史价值和文化价值寨神林保护体现了哈尼族万物有灵的自然崇拜和信仰有研究哈尼族民族性格和价值观念的资料价值寨神林保护的内容和形式及具体做法具有哲学、民族学、民俗学、生态学、坏境学等学科的研究价值。祭寨神林是哈尼族习俗的重要组成部分在哈尼族民间世代相传也是哈尼族自然生态观的体现和信仰的重要组成部分。但有威望的竜头、掌竜人、祭词咒语等祭祀内容逐渐退化、萎缩处于濒危状态。年墨江哈尼族祭寨神林入选云南省第四批省级非物质文化遗产代表性项目名录扩展项目名录。项目代表性传承人是白开文、鲍荣贵等。,省级,普洱\市\墨江\县\是\全国\唯一\的\哈尼族\自治县\生活\着\哈尼族\的\碧\约\、\豪尼\、\白宏\、\卡\多\、\阿木\、\腊米\、\西摩\落\、\切\第\、\卡别\九个\支系\尽管\墨江\哈尼族\九个\支系\祭寨神林\的\习俗\各有\异同\但\墨江\的\哈尼族\村寨\无论\大小\、\人数\多少\都\有\自己\的\村寨\神林\和\寨\神林\在\寨\神\林里\每年\都\要\举行\祭寨神林\仪式\寨\神林\也\因此\庄严\而\神圣不可\侵犯\受到\全寨\人\的\保护\。\哈尼族\的\寨\神林\保护\埔\玛兔\也\叫\祭竜\节\。\在\哈尼\山寨\祭竜\活动\的\时间\一般\在\农历\二三月\间\本寨\不出\特殊\情况\在\二月份\就\结束\了\祭竜\的\日子\是\根据\本\寨子\的\好日子\来\决定\的\。\有些\支系\是\二月份\第一个\属龙\的\日子\有些\支系\是\二月份\属猪\的\日子\。\按\各个\寨子\的\情况\来\确定\日子\欢度\祭竜\节\。\哈尼人\保存\着埔玛兔\传统节日\并\在\节日期间\把\传统\的\美德\代代相传\。\哈尼族\埔\玛\的\建立\由\村寨\的\摩批\主持\而埔玛兔\活动\却\要\由\竜\头\主持\不\一定\是\寨\中摩批\竜\头\被\称为\莫巴\。\每年\祭寨神林\在\寨\神树\下\进行\。\通过\保护\寨\神林\和\祭祀\寨\神\以求\保护\村寨\范围\居住\的\人畜\使\人们\衣食\有\保障\村寨\安宁\家庭和睦\身体健康\人丁兴旺\。\哈尼\民间\有\人间\兴旺\看埔玛\姑娘\俏丽\看\水井\的\说法\认为\建村立\寨\时\只要\精心\选择\培育\寨\神林\把\圈定\的\寨子\埔\玛\清扫\干净\定时\杀牲\祭祀\寨\神\就\会\尽心尽职\护卫\这块\纯洁\的\土地\不让\妖魔鬼怪\入寨\阻止\凶猛\野兽\涉足\使\人们\平安\繁衍生息\五谷丰登\禽畜\兴旺\。\祭寨神林\项目\内容丰富\包括\祭竜\活动\、\竜\树\的\选择\、\竜\头\的\产生\等\民俗\。\祭寨神林\具有\重要\价值\。\祭寨神林\的\内容\涉及\哈尼族\传统习俗\具有\很\高\的\历史\价值\和\文化价值\寨\神林\保护\体现\了\哈尼族\万物\有灵\的\自然崇拜\和\信仰\有\研究\哈尼族\民族\性格\和\价值观念\的\资料\价值\寨\神林\保护\的\内容和形式\及\具体做法\具有\哲学\、\民族学\、\民俗学\、\生态学\、\坏境学\等\学科\的\研究\价值\。\祭寨神林\是\哈尼族\习俗\的\重要\组成部分\在\哈尼族\民间\世代相传\也\是\哈尼族\自然生态\观\的\体现\和\信仰\的\重要\组成部分\。\但\有\威望\的\竜\头\、\掌\竜\人\、\祭词\咒语\等\祭祀\内容\逐渐\退化\、\萎缩\处于\濒危\状态\。\年\墨江哈尼族祭寨神林\入选\云南省\第四批\省级\非物质文化\遗产\代表性\项目\名录\扩展\项目\名录\。\项目\代表性\传承\人\是\白开文\、\鲍荣贵\等\。,哈尼族
矻扎扎节,第三批,民俗,元阳县文化馆,哈尼族的矻扎扎节又称惹矻扎、依矻扎等意为夏天节或六月节是哈尼族三大节日之一节期三天。节日头天是农历六月的第一个属猪日人们在节日头天架设磨秋、秋千翻新祭祀房咪谷带领祭司摩批迎请天神村民各户到梯田祭祀田神和水神。第二天咪谷带领全村人到祭祀场杀牛祭祀村民分到牛肉各自回家祭祖。第三天咪谷带领全村人参加谢神的盛典。节日期间家家户户宾朋满座有本民族也有彝族、傣族等周边的兄弟民族参加。未婚男女青年把矻扎扎节当作恋爱佳期相邀荡秋千、打磨秋、对歌跳舞其乐无穷。哈尼族矻扎扎节是哈尼族祈祷梯田农业丰收的民族节日内涵深厚、节日隆重、内容丰富、传承严谨是哈尼族农耕文化重要的代表习俗之一体现着哈尼族人与自然和谐相处的朴素自然观具有很高的民族认同感对增强民族凝聚力、构建和谐社会有积极的现实意义。由于梯田稻作产出低所以很多传承人迫于生存压力出现了放弃矻扎扎传承活动的现象传承面临挑战。年矻扎扎节入选云南省第三批省级非物质文化遗产代表性项目名录。项目代表性传承人是李正林。,省级,哈尼族\的\矻扎扎节\又称\惹\矻\扎\、\依\矻\扎\等\意为\夏天\节\或\六月\节是\哈尼族\三大\节日\之一\节期\三天\。\节日\头天\是\农历\六月\的\第一个\属猪\日\人们\在\节日\头天\架设\磨秋\、\秋千\翻新\祭祀\房咪谷\带领\祭司\摩批\迎\请\天神\村民\各户\到\梯田\祭祀\田神\和\水神\。\第二天\咪谷\带领\全村人\到\祭祀\场\杀\牛\祭祀\村民\分\到\牛肉\各自\回家\祭祖\。\第三天\咪谷\带领\全村人\参加\谢神\的\盛典\。\节日期间\家家户户\宾朋满座\有本\民族\也\有\彝族\、\傣族\等\周边\的\兄弟\民族\参加\。\未婚\男女\青年\把\矻扎扎节\当作\恋爱\佳期\相邀\荡秋千\、\打磨\秋\、\对歌\跳舞\其乐无穷\。\哈尼族\矻扎扎节\是\哈尼族\祈祷\梯田农业\丰收\的\民族节日\内涵\深厚\、\节日\隆重\、\内容丰富\、\传承\严谨\是\哈尼族\农耕\文化\重要\的\代表\习俗\之一\体现\着\哈尼族\人与自然\和谐\相处\的\朴素\自然观\具有\很\高\的\民族\认同感\对\增强\民族凝聚力\、\构建\和谐社会\有\积极\的\现实意义\。\由于\梯田\稻作\产出\低\所以\很多\传承\人\迫于\生存\压力\出现\了\放弃\矻\扎扎\传承\活动\的\现象\传承\面临\挑战\。\年\矻扎扎节\入选\云南省\第三批\省级\非物质文化\遗产\代表性\项目\名录\。\项目\代表性\传承\人\是\李正林\。,哈尼族
牟定铜器制作技艺,云南省第三批,传统技艺,云南省牟定县,牟定铜器制作技艺历史悠久据地方史料记载明清时期就有六代传承谱系从事铁铜生产生活用品的制作距今已有几百年历史。牟定铜器品类众多工艺考究其制作分为道工序化铜。把铜原料放入装有松炭的熔化炉中熔化成铜水后倒入料槽使之凝固成铜块。成形。把铜块打成铜片套上模子敲成所需形制。连接。将各部件相互连接形成成品。抛光。在成品上涂盐水用细砂纸打磨。牟定铜器成品有炊锅、盆、碗、茶壶、酒具、勺、筷等十多种其生产以传统家庭作坊为主要形式由小到大足迹遍及滇西南大部分地区远至缅甸。牟定铜器制作技艺具有中原汉文化特点有较高的知名度和影响力。年牟定铜器制作技艺入选云南省级非物质文化遗产代表性项目名录扩展项目名录。项目代表性传承人是王子兴。,省级,牟定铜器制作技艺\历史悠久\据\地方\史料\记载\明清\时期\就\有\六代\传承\谱系\从事\铁铜\生产\生活用品\的\制作\距今已有\几百年\历史\。\牟定\铜器\品类\众多\工艺\考究\其\制作\分为\道工序\化铜\。\把\铜\原料\放入\装有\松炭\的\熔化炉\中\熔化成\铜水后\倒入\料槽\使\之\凝固\成\铜块\。\成形\。\把\铜块\打成\铜片\套上\模子\敲成\所\需\形制\。\连接\。\将\各\部件\相互连接\形成\成品\。\抛光\。\在\成品\上涂\盐水\用\细砂纸\打磨\。\牟定\铜器\成品\有\炊锅\、\盆\、\碗\、\茶壶\、\酒具\、\勺\、\筷等\十多种\其\生产\以\传统\家庭\作坊\为\主要\形式\由小到大\足迹\遍及\滇西南\大部分\地区\远至\缅甸\。\牟定铜器制作技艺\具有\中原\汉\文化\特点\有\较\高\的\知名度\和\影响力\。\年\牟定铜器制作技艺\入选\云南\省级\非物质文化\遗产\代表性\项目\名录\扩展\项目\名录\。\项目\代表性\传承\人\是\王子\兴\。,
罗平传统手工造纸技艺,云南省第三批,传统技艺,云南省罗平县,罗平传统手工造纸技艺已有三百多年的历史纸匠们仍使用传统工具按照东汉蔡伦发明的完整流程造纸。它作为一种文化的载体为本地区文明的传播和延续发挥了巨大的作用。当地群众称传统手工造纸为抄纸它以构树皮等为原料其成品是白棉纸主要用于茶叶包装、卷伞、风筝、银行专用捆钞条、烟花爆竹引线、扫坟祭祀、契约家谱及佛道经书等。其制作工艺复杂素有七十二道工序一口气之说包括泡料、煮料、洗料、加入纸药、抄纸、焙纸、撕纸等工序。制成的纸张纤维长具有极高的韧性、极好的吸水吸湿性和透气性无毒环保防腐防蛀保存时间长。罗平传统手工造纸技艺历史悠久工艺复杂是劳动人民智慧的结晶具有深远的历史文化价值、工艺价值和经济价值。年罗平传统手工造纸技艺入选云南省级非物质文化遗产代表性项目名录扩展项目名录。项目代表性传承人是幸金改。,省级,罗平传统手工造纸技艺\已有\三百多年\的\历史\纸匠\们\仍\使用\传统\工具\按照\东汉\蔡伦\发明\的\完整\流程\造纸\。\它\作为\一种\文化\的\载体\为本\地区\文明\的\传播\和\延续\发挥\了\巨大\的\作用\。\当地\群众\称\传统\手工\造纸\为\抄\纸\它\以构\树皮\等\为\原料\其\成品\是\白\棉纸\主要\用于\茶叶\包装\、\卷\伞\、\风筝\、\银行\专用\捆\钞条\、\烟花爆竹\引线\、\扫坟\祭祀\、\契约\家谱\及\佛道\经书\等\。\其\制作\工艺\复杂\素有\七十二\道工序\一口气\之\说\包括\泡料\、\煮料\、\洗料\、\加入\纸药\、\抄纸\、\焙纸\、\撕纸\等\工序\。\制成\的\纸张\纤维\长\具有\极高\的\韧性\、\极好\的\吸水\吸湿性\和\透气性\无毒\环保\防腐\防蛀\保存\时间\长\。\罗平传统手工造纸技艺\历史悠久\工艺\复杂\是\劳动\人民\智慧\的\结晶\具有\深远\的\历史\文化价值\、\工艺\价值\和\经济\价值\。\年\罗平传统手工造纸技艺\入选\云南\省级\非物质文化\遗产\代表性\项目\名录\扩展\项目\名录\。\项目\代表性\传承\人\是\幸金改\。,
九龙山祭祀,第四批,民俗,广南县非物质文化遗产保护中心,九龙山祭祀或称获那訇是以神田传统祭祀和栽种为依托的一系列壮族野生稻种植仪式和与之相关的传统习俗。获那訇为壮语音译获即田间劳作那訇即神圣稻田直译就是种神田。神田祭祀整个过程包括六项活动农历二月第一个属鼠日开仓出种当天举行祭秧苗神仪式获森乍农历三月第一个属鼠日举行祭天地神仪式卜訇乜訇农历三月第一个属虎日举行祭耕织女神仪式囊匾农历三月第一个属龙日举行农忙祭祖先仪式布洛陀农历五月第一个属马日举行水稻栽种结束仪式晋吉们农历六月第一个属鼠日举行祈丰收仪式平乱之神訇町。在广南县九龙山壮族每年项祭祀活动中获那訇祭秧苗神最为重要是整个壮族社区每年春耕开始的序幕。获那訇一直保留着完整的社会管理体系和祭祀议程种神田家族对当值田主的选举和资格审核有严格的制度规范部落群体享有参与的权利和义务部族管理体系严谨规范也有完整严格的耕种神田守则由村寨三老负责管理和监督。获那訇传承谱系清楚第一类仪式主持人已传至第四代第二类田主传承谱系已传至第二十八任。获那訇神田祭祀的主要目的有四方面一是祈求人畜平安、五谷丰登二是教育村民保护九龙山的草木水土不破坏生态三是男女老少要遵规守道、与人为善、以和为贵、同心协力、互帮互助四是教育年青一代树立良好村风、民风、家风。获那訇神田祭祀在明清各代地方志均有大量记载历史或可追溯到母系氏族时期。壮族是云南最古老的稻作民族之一其早期稻作文明形态世代传袭至今属罕见现象具有很高的历史文化价值和学术研究价值。获那訇神田祭祀不仅反映了壮族人的生态伦理观、社区和谐等理念更对民族农耕文化遗产的传承保护、传统物种多样性保护、民族团结等有积极意义和促进作用。年九龙山祭祀入选云南省第四批省级非物质文化遗产代表性项目名录。,省级,九龙山祭祀\或称\获\那訇\是\以\神田\传统\祭祀\和\栽种\为\依托\的\一系列\壮族\野生\稻\种植\仪式\和\与\之\相关\的\传统习俗\。\获\那訇\为\壮语\音译\获即\田间\劳作\那訇\即\神圣\稻田\直译\就是\种\神田\。\神田\祭祀\整个\过程\包括\六项\活动\农历\二月\第一个\属鼠\日\开仓\出种\当天\举行\祭\秧苗\神\仪式\获森\乍\农历\三月\第一个\属鼠\日\举行\祭天\地神\仪式\卜訇\乜訇\农历\三月\第一个\属虎日\举行\祭\耕织\女神\仪式\囊\匾\农历\三月\第一个\属龙日\举行\农忙\祭祖\先\仪式\布洛陀\农历\五月\第一个\属马日\举行\水稻\栽种\结束\仪式\晋吉们\农历\六月\第一个\属鼠\日\举行\祈\丰收\仪式\平乱\之神訇\町\。\在\广南县\九龙山\壮族\每年\项\祭祀\活动\中获\那訇\祭\秧苗\神\最为\重要\是\整个\壮族\社区\每年\春耕\开始\的\序幕\。\获\那訇\一直\保留\着\完整\的\社会\管理体系\和\祭祀\议程\种\神田\家族\对\当值\田主\的\选举\和\资格\审核\有\严格\的\制度\规范\部落\群体\享有\参与\的\权利\和\义务\部族\管理体系\严谨\规范\也\有\完整\严格\的\耕种\神田\守则\由\村寨\三老\负责管理\和\监督\。\获\那訇\传承\谱系\清楚\第一类\仪式\主持人\已传\至\第四代\第二类\田主\传承\谱系\已传\至\第二十八\任\。\获\那訇\神田\祭祀\的\主要\目的\有\四方面\一是\祈求\人\畜\平安\、\五谷丰登\二是\教育\村民\保护\九龙山\的\草木\水土\不\破坏\生态\三是\男女老少\要\遵规守\道\、\与人为善\、\以和为贵\、\同心协力\、\互帮互助\四是\教育\年青\一代\树立\良好\村风\、\民风\、\家风\。\获\那訇\神田\祭祀\在\明清\各代\地方志\均\有\大量\记载\历史\或\可追溯\到\母系\氏族\时期\。\壮族\是\云南\最\古老\的\稻作\民族\之一\其\早期\稻作\文明\形态\世代\传袭\至今\属\罕见\现象\具有\很\高\的\历史\文化价值\和\学术研究\价值\。\获\那訇\神田\祭祀\不仅\反映\了\壮族\人\的\生态\伦理观\、\社区\和谐\等\理念\更\对\民族\农耕\文化遗产\的\传承\保护\、\传统\物种\多样性\保护\、\民族团结\等\有\积极意义\和\促进作用\。\年\九龙山祭祀\入选\云南省\第四批\省级\非物质文化\遗产\代表性\项目\名录\。,壮族
云龙白族刺绣,第三批,传统美术,云龙县文化馆,云龙白族聚居区由于高寒冷凉的气候特点服饰除了美观还要注重御寒保暖因此布质厚实、穿戴繁琐领口、袖口都用纽扣封严多以大块面、浓颜色为主底布多为土布刺绣用线传统一贯用蚕丝但因细丝刺绣工期过长后期多改用细毛线。其色彩注重红、黄、蓝、绿、黑、白的搭配包头的材质也采用又长又厚的毛巾。常用图案有牡丹、佛手、石榴、菊、桃、梅、竹等各种花纹图案也有狮、虎、龙、凤、金鱼、公鸡、松鼠、蝴蝶等吉祥动物和几何图形。绣花鞋鞋底是千层底用旧布装裱新布覆盖有些鞋底还配有雪白的缨穗。鞋面颜色多样多以黑、红为主方口绣有和围腰上一样的花鸟虫鱼图案。云龙白族刺绣中尤其以围腰最为繁琐分为精制围腰和普通围腰两种围腰以五色丝线为主色彩浓郁通常绣大花朵刺绣花朵呈单数少则朵多则朵多以牡丹、芍药、山茶、仙桃等花作为图案。刺绣前或是直绘图样或是剪纸作底再用各色彩线配绣。绣硬件绣品时可把绣品直接置于手上绣软件大物时则用花绷作圈架。其刺绣色彩鲜艳、针法致密、虚实相间构图布局立体感强广泛运用于服饰、头饰、鞋帽、裹背、围腰、围裙、绣花包、针线包、枕套、帐帘等日常生活用品。年云龙县白族刺绣入选云南省第三批省级非物质文化遗产代表性项目名录扩展项目名录。项目代表性传承人是张素娟、字勤飞。白族刺绣成品白族刺绣花纹,省级,云龙\白族\聚居区\由于\高寒\冷凉\的\气候\特点\服饰\除了\美观\还要\注重\御寒\保暖\因此\布质\厚实\、\穿戴\繁琐\领口\、\袖口\都\用\纽扣\封严\多\以\大块\面\、\浓\颜色\为主\底布\多为\土布\刺绣\用线\传统\一贯\用\蚕丝\但\因\细丝\刺绣工\期\过长\后期\多\改用\细\毛线\。\其\色彩\注重\红\、\黄\、\蓝\、\绿\、\黑\、\白\的\搭配\包头\的\材质\也\采用\又\长\又\厚\的\毛巾\。\常用\图案\有\牡丹\、\佛手\、\石榴\、\菊\、\桃\、\梅\、\竹\等\各种\花纹\图案\也\有\狮\、\虎\、\龙\、\凤\、\金鱼\、\公鸡\、\松鼠\、\蝴蝶\等\吉祥\动物\和\几何图形\。\绣花鞋\鞋底\是\千层底\用\旧布\装裱\新布\覆盖\有些\鞋底\还\配有\雪白\的\缨穗\。\鞋面\颜色\多样\多以\黑\、\红\为主\方口\绣\有\和\围\腰\上\一样\的\花鸟虫鱼\图案\。\云龙白族刺绣\中\尤其\以围\腰\最为\繁琐\分为\精制\围腰\和\普通\围腰\两种\围腰\以\五色\丝线\为主\色彩\浓郁\通常\绣\大\花朵\刺绣\花朵\呈\单数\少则\朵\多则\朵\多\以\牡丹\、\芍药\、\山茶\、\仙桃\等\花\作为\图案\。\刺绣\前\或是\直绘\图样\或是\剪纸\作底\再\用\各\色彩\线配\绣\。\绣\硬件\绣品\时\可\把\绣品\直接\置于\手上\绣\软件\大物\时\则\用\花\绷\作圈\架\。\其\刺绣\色彩鲜艳\、\针法\致密\、\虚实\相间\构图\布局\立体感\强\广泛\运用\于\服饰\、\头饰\、\鞋帽\、\裹\背\、\围腰\、\围裙\、\绣花\包\、\针线包\、\枕套\、\帐帘\等\日常\生活用品\。\年\云龙县\白族\刺绣\入选\云南省\第三批\省级\非物质文化\遗产\代表性\项目\名录\扩展\项目\名录\。\项目\代表性\传承\人\是\张素娟\、\字勤\飞\。\白族\刺绣\成品\白族\刺绣\花纹,白族
彝良苗族芦笙舞,第三批,传统舞蹈,彝良县文化馆,云南省昭通市彝良县苗族芦笙舞历史悠久最早记载于明代倪辂《南诏野史》。又称阿作芦笙舞阿作有聚成一帮、做一路的含义。芦笙舞是苗族大花苗支系综合性舞蹈以芦笙为主要器乐边吹奏边起舞包括跨杆踩堂敬酒等套路。舞蹈形式有单人舞和群舞。舞蹈以芦笙曲为主导以古歌演唱随后芦笙主曲共九首每首三段每段三节其中以壮烈争战最为有名。尤以芦笙迁徙舞规模庞大曲调复杂动作难度大通过音乐和舞蹈再现了苗族艰难迁徙的历程。这种富有特色的传统舞蹈极富感染力深受群众喜爱传播地区广泛是苗族人民交流感情、沟通心灵的主要载体现已发展成集歌、舞、乐于一体的综合性舞蹈艺术。彝良苗族芦笙舞作为滇东北苗族最具特色的一种舞蹈边舞边唱有男有女。动作有垫步、弹腿、蹬跳等其滚山珠、跳竿、侧翻、滚翻、上梯倒立三转、旋转蹬、双人俯驮、仰驮等技艺难度较大。彝良苗族芦笙舞一般在节日庆典、祭祀、丧葬、婚俗等仪式活动中表演。各地苗族芦笙手汇集时以竹制六管大芦笙为道具和伴奏表演者身着苗族大花衣不需要排练便能协调起舞。芦笙舞主要有家传和师传两种传承方式但目前可以完整演唱和表演全套芦笙舞的艺人已经不多。年彝良县芦笙舞入选云南省第三批省级非物质文化遗产代表性项目名录扩展项目名录。项目代表性传承人是杨永松、杨礼双。,省级,云南省\昭通市\彝良县\苗族\芦笙舞\历史悠久\最早\记载\于\明代\倪辂\《\南诏\野史\》\。\又称\阿作\芦笙舞\阿作\有\聚成\一帮\、\做\一路\的\含义\。\芦笙舞\是\苗族\大\花苗\支系\综合性\舞蹈\以\芦笙\为\主要\器乐\边\吹奏\边\起舞\包括\跨杆\踩\堂\敬酒\等\套路\。\舞蹈形式\有\单人舞\和\群舞\。\舞蹈\以\芦笙\曲为\主导\以\古歌\演唱\随后\芦笙\主曲\共\九首\每首\三段\每\段\三节\其中\以\壮烈\争战\最为\有名\。\尤\以\芦笙\迁徙\舞\规模\庞大\曲调\复杂\动作\难度\大\通过\音乐\和\舞蹈\再现\了\苗族\艰难\迁徙\的\历程\。\这种\富有\特色\的\传统\舞蹈\极富\感染力\深受\群众\喜爱\传播\地区\广泛\是\苗族\人民\交流\感情\、\沟通\心灵\的\主要\载体\现已\发展\成集歌\、\舞\、\乐于\一体\的\综合性\舞蹈艺术\。\彝良苗族芦笙舞\作为\滇\东北\苗族\最具\特色\的\一种\舞蹈\边舞\边唱\有\男有\女\。\动作\有\垫步\、\弹腿\、\蹬\跳\等\其\滚山珠\、\跳竿\、\侧翻\、\滚翻\、\上梯\倒立\三转\、\旋转\蹬\、\双人\俯\驮\、\仰\驮\等\技艺\难度\较大\。\彝良苗族芦笙舞\一般\在\节日\庆典\、\祭祀\、\丧葬\、\婚俗\等\仪式\活动\中\表演\。\各地\苗族\芦笙\手\汇集\时以\竹制\六管\大\芦笙\为\道具\和\伴奏\表演者\身着\苗族\大\花衣\不\需要\排练\便\能\协调\起舞\。\芦笙舞\主要\有\家传\和\师传\两种\传承\方式\但\目前\可以\完整\演唱\和\表演\全套\芦笙舞\的\艺人\已经\不\多\。\年\彝良县\芦笙舞\入选\云南省\第三批\省级\非物质文化\遗产\代表性\项目\名录\扩展\项目\名录\。\项目\代表性\传承\人\是\杨永松\、\杨礼\双\。,苗族
三月三耍西山,第三批,民俗,昆明市西山区文化馆,古时以三月第一个巳日为上巳汉代定为节日。魏晋以后上巳节改为农历三月三日后代沿袭至今遂成民间盛行的祈福祭祀和郊外春游的三月三民俗活动。西山森林公园有源于元朝大德十年的道、佛教文化诸多的历史文化遗迹苍翠的森林植被和秀丽景色是昆明人参与三月三民间传统习俗活动的场所至今已有余年的历史。农历三月三日昆明各族群众聚集于西山森林公园在祈福求平安的同时人们也参与自娱自乐的活动民间群众自唱自演彰显民族个性。活动集民族歌舞、山歌、舞龙灯、踩高跷、唱花灯、唱滇戏、对调子交朋友、春季野外踏青为一体汉、回、彝、苗、白、蒙等多民族民间文化相互交融是独具特色的大型民间民俗文化活动。其影响力和参与面也逐年扩大到昆明附近州、市每年余万人参与家喻户晓形成了规模宏大的民间民俗文化现象。三月三耍西山源远流长为昆明各民族群众所喜爱并自发参与传承、传播具多元丰富的民族民间文化内涵能够激发人们对文化多样性及人类创造力的认识和尊重。年三月三耍西山入选云南省第三批省级非物质文化遗产代表性项目名录。,省级,古时\以\三月\第一个\巳\日\为\上\巳\汉代\定为\节日\。\魏晋\以后\上巳节\改为\农历\三月\三日\后代\沿袭\至今\遂成\民间\盛行\的\祈福\祭祀\和\郊外\春游\的\三月三\民俗\活动\。\西山\森林公园\有\源于\元朝\大德\十年\的\道\、\佛教文化\诸多\的\历史\文化\遗迹\苍翠\的\森林\植被\和\秀丽\景色\是\昆明人\参与\三月三\民间\传统习俗\活动\的\场所\至今已有\余年\的\历史\。\农历\三月\三日\昆明\各族群众\聚集\于\西山\森林公园\在\祈福\求\平安\的\同时\人们\也\参与\自娱自乐\的\活动\民间\群众\自唱\自演\彰显\民族\个性\。\活动\集\民族\歌舞\、\山歌\、\舞\龙灯\、\踩高跷\、\唱\花灯\、\唱\滇\戏\、\对\调子\交朋友\、\春季\野外\踏青\为\一体\汉\、\回\、\彝\、\苗\、\白\、\蒙等\多\民族民间\文化\相互\交融\是\独具特色\的\大型\民间\民俗文化\活动\。\其\影响力\和\参与\面\也\逐年\扩大\到\昆明\附近\州\、\市\每年\余万\人\参与\家喻户晓\形成\了\规模宏大\的\民间\民俗文化\现象\。\三月三\耍\西山\源远流长\为\昆明\各\民族\群众\所\喜爱\并\自发\参与\传承\、\传播\具\多元\丰富\的\民族民间\文化\内涵\能够\激发\人们\对\文化\多样性\及\人类\创造力\的\认识\和\尊重\。\年\三月三\耍\西山\入选\云南省\第三批\省级\非物质文化\遗产\代表性\项目\名录\。,
维西洞经音乐,第四批,传统音乐,维西县文化遗产保护所,维西洞经音乐约出现于清代中期至今已有多年历史。世纪年代得以恢复现在所遗留的乐器、乐曲基本齐全人员经过近年的艺术实践已经较好地继承了维西洞经音乐的传统。维西洞经音乐有九大调十小调之称九大调是《八卦》《全八卦》《元始》《吉祥音》《普光》《奏章》《十供样》《小节记》《祝加曹》十小调是《小桃红》《小杜梅》《水龙吟》《清河颂》《朝天子》《小白梅》《大摆队》《高山流水》《步步娇》《狗骢碓》。维西洞经音乐的演奏主要分文乐和武乐两大类即管弦乐和打击乐。文乐管弦乐以丝、竹、管、弦为主。所用乐器为竹笛、小二胡、中胡、大胡、菜胡、三弦、琵琶、扬琴、古筝、板胡等。武乐打击乐使用大鼓、小鼓、镲、板鼓、碰铃、木鱼、磬、锣、铜锣等。维西洞经音乐一直以来都深受各族人民的喜爱在当地有重要影响。洞经音乐在历史上多凭口传心授传承偶有乐谱亦采用工尺谱。独具特色的《紫微八卦舞曲》在维西洞经音乐中得到了较为完好的保存。年维西洞经音乐入选云南省第四批省级非物质文化遗产代表性项目名录扩展项目名录。项目代表性传承人是杨镇远、杨淑珍。,省级,维西洞经音乐\约\出现\于\清代\中期\至今已有\多年\历史\。\世纪\年代\得以\恢复\现在\所\遗留\的\乐器\、\乐曲\基本\齐全\人员\经过\近年\的\艺术\实践\已经\较\好\地\继承\了\维西洞经音乐\的\传统\。\维西洞经音乐\有\九大\调十\小调\之称\九大\调是\《\八卦\》\《\全\八卦\》\《\元始\》\《\吉祥\音\》\《\普光\》\《\奏章\》\《\十供样\》\《\小节\记\》\《\祝加\曹\》\十\小调\是\《\小桃红\》\《\小杜梅\》\《\水龙吟\》\《\清河\颂\》\《\朝天子\》\《\小白梅\》\《\大摆队\》\《\高山流水\》\《\步步娇\》\《\狗骢\碓\》\。\维西洞经音乐\的\演奏\主要\分文\乐\和\武乐\两大类\即\管弦乐\和\打击乐\。\文乐\管弦乐\以丝\、\竹\、\管\、\弦\为主\。\所用\乐器\为\竹笛\、\小\二胡\、\中胡\、\大胡\、\菜\胡\、\三弦\、\琵琶\、\扬琴\、\古筝\、\板胡\等\。\武乐\打击乐\使用\大鼓\、\小鼓\、\镲\、\板鼓\、\碰铃\、\木鱼\、\磬\、\锣\、\铜锣\等\。\维西洞经音乐\一直\以来\都\深受\各族人民\的\喜爱\在\当地\有\重要\影响\。\洞经音乐\在历史上\多\凭\口传心授\传承\偶有\乐谱\亦\采用\工尺谱\。\独具特色\的\《\紫微\八卦\舞曲\》\在\维西洞经音乐\中\得到\了\较为\完好\的\保存\。\年\维西洞经音乐\入选\云南省\第四批\省级\非物质文化\遗产\代表性\项目\名录\扩展\项目\名录\。\项目\代表性\传承\人\是\杨\镇远\、\杨\淑珍\。,
大理白族霸王鞭,第四批,传统舞蹈,大理市非物质文化遗产保护管理所,霸王鞭是白族民间舞蹈里最具代表性和流行最广的舞蹈也是白族节日活动中必不可少的重要组成部分通常在民俗活动中承担娱神娱人的功能在安龙谢土、节庆与喜事中进行表演。霸王鞭既是舞蹈的道具又是稻作文化的产物和艺术显现。霸王鞭上的四个长方形孔象征着四季孔中镶嵌的铜钱数目分别表示十二个月或二十四节令。在大理白族霸王鞭舞通常在春节、火把节、三月节、本主庙会等节庆活动中表演尤其以每年农历四月的绕三灵活动规模最为盛大。大理白族霸王鞭为女性舞蹈。跳时舞者右手持鞭左手或拍或拨鞭头与鞭尾身体随鞭舞动用霸王鞭绕身碰击肩、胸、肘、膝、背等身体各关节部位发出清脆悦耳、有节奏的响声并由此引动上身的扭、摆和双脚的跳跃形成各式各样的舞姿。霸王鞭有上百个舞蹈套路较有特色的是周城八下金河十一下庆洞二十六下。霸王鞭也常与男性的八角鼓、女性的双飞燕相互配合组成心合心背靠背脚勾脚等组合动作并打出一条街过天桥五梅花满天星等队形图案。舞蹈中以龙头三弦、树叶、短笛、月琴为伴奏乐器有时也用长号、唢呐、锣鼓等吹奏乐器和打击乐器伴奏或以抒情民歌小调伴舞边唱边跳。霸王鞭古朴幽默、典雅刚健、欢快明朗、清新活泼反映了白族人民勤劳勇敢、纯朴善良、团结进取的精神。年白族霸王鞭入选云南省第四批省级非物质文化遗产代表性项目名录扩展项目名录。项目代表性传承人是杨锦开。霸王鞭表演霸王鞭表演,省级,霸王鞭\是\白族\民间舞蹈\里\最具\代表性\和\流行\最广\的\舞蹈\也\是\白族\节日\活动\中\必不可少\的\重要\组成部分\通常\在\民俗\活动\中\承担\娱神\娱人\的\功能\在\安龙\谢土\、\节庆\与\喜事\中\进行\表演\。\霸王鞭\既\是\舞蹈\的\道具\又\是\稻作\文化\的\产物\和\艺术\显现\。\霸王鞭\上\的\四个\长方形\孔\象征\着\四季\孔中\镶嵌\的\铜钱\数目\分别\表示\十二个\月\或\二十四\节令\。\在\大理白族霸王鞭\舞\通常\在\春节\、\火把节\、\三月\节\、\本主\庙会\等\节庆\活动\中\表演\尤其\以\每年\农历\四月\的\绕三灵\活动\规模\最为\盛大\。\大理白族霸王鞭\为\女性\舞蹈\。\跳时\舞者\右手\持鞭\左手\或\拍\或\拨\鞭头\与\鞭\尾\身体\随鞭\舞动\用\霸王鞭\绕身\碰击\肩\、\胸\、\肘\、\膝\、\背\等\身体\各\关节\部位\发出\清脆悦耳\、\有\节奏\的\响声\并\由此\引动\上身\的\扭\、\摆\和\双脚\的\跳跃\形成\各式各样\的\舞姿\。\霸王鞭\有\上\百个\舞蹈\套路\较\有\特色\的\是\周城\八下\金河\十一下\庆洞\二十六\下\。\霸王鞭\也\常\与\男性\的\八角鼓\、\女性\的\双飞燕\相互配合\组成\心合心\背靠背\脚勾脚\等\组合\动作\并\打出\一条街\过\天桥\五\梅花\满天星\等\队形\图案\。\舞蹈\中以\龙头\三弦\、\树叶\、\短笛\、\月琴\为\伴奏\乐器\有时\也\用\长号\、\唢呐\、\锣鼓\等\吹奏乐器\和\打击乐器\伴奏\或\以\抒情\民歌\小调\伴舞\边唱边\跳\。\霸王鞭\古朴\幽默\、\典雅\刚健\、\欢快\明朗\、\清新\活泼\反映\了\白族\人民\勤劳勇敢\、\纯朴\善良\、\团结\进取\的\精神\。\年\白族\霸王鞭\入选\云南省\第四批\省级\非物质文化\遗产\代表性\项目\名录\扩展\项目\名录\。\项目\代表性\传承\人\是\杨锦开\。\霸王鞭\表演\霸王鞭\表演,白族
傣族大鼓制作技艺,第三批,传统技艺,云南省景洪市,傣族大鼓是傣族的民间传统乐器之一多在原始宗教、傣历新年、关门节、开门节、桑衎节等节日庆典时使用起源久远流传广泛。传统的傣族大鼓制作具有浓郁的民族特色从选材伐木到制成大鼓必须严格遵守一定的规矩和习俗。能象征寨名和佛寺名称的椿木、甑子木等通常被选作制鼓的原材料。做鼓师傅和高僧用贝壳、槟榔、红布、白布、谷子、大米、鲜花、蜡条、芭蕉、甘蔗等祭祀树神后砍下树木的第二段作为鼓身制作时用刀、斧、凿子等把整段树木凿空成型念咒加持再把谷物、茶叶、碎银等放进大鼓里作为它的心脏和灵魂最后再绷牛皮、蒙鼓面。做好的大鼓都必须放入寺庙由佛爷念经安置后才能使用这个过程称为入寺。经过这些步骤大鼓的制作才算完成。傣族大鼓的制作与傣族的文化信仰息息相关体现了傣族敬畏天地、人与自然和谐相处的生态观、生命观和审美观是傣族宗教文化的生动诠释。随着现代社会的快速发展传统观念和文化受到强烈冲击年青一代对传统制鼓技艺不感兴趣会制作大鼓的艺人已为数不多而且都年事已高亟须加强保护。年傣族大鼓制作技艺入选云南省第三批省级非物质文化遗产代表性项目名录。项目代表性传承人是波应光。,省级,傣族\大鼓\是\傣族\的\民间\传统\乐器\之一\多\在\原始宗教\、\傣历\新年\、\关门节\、\开门节\、\桑\衎\节\等\节日\庆典\时\使用\起源\久远\流传\广泛\。\传统\的\傣族\大鼓\制作\具有\浓郁\的\民族特色\从\选材\伐木\到\制成\大鼓\必须\严格遵守\一定\的\规矩\和\习俗\。\能\象征\寨\名\和\佛寺\名称\的\椿\木\、\甑子\木等\通常\被\选作\制鼓\的\原材料\。\做鼓\师傅\和\高僧\用\贝壳\、\槟榔\、\红布\、\白布\、\谷子\、\大米\、\鲜花\、\蜡条\、\芭蕉\、\甘蔗\等\祭祀\树神\后\砍\下\树木\的\第二段\作为\鼓身\制作\时用\刀\、\斧\、\凿子\等\把\整段\树木\凿空\成型\念咒\加持\再\把\谷物\、\茶叶\、\碎银\等\放进\大鼓\里\作为\它\的\心脏\和\灵魂\最后\再\绷\牛皮\、\蒙\鼓面\。\做好\的\大鼓\都\必须\放入\寺庙\由\佛爷\念经\安置\后\才能\使用\这个\过程\称为\入寺\。\经过\这些\步骤\大鼓\的\制作\才\算\完成\。\傣族\大鼓\的\制作\与\傣族\的\文化\信仰\息息相关\体现\了\傣族\敬畏\天地\、\人与自然\和谐\相处\的\生态\观\、\生命\观\和\审美观\是\傣族\宗教文化\的\生动\诠释\。\随着\现代社会\的\快速\发展\传统观念\和\文化\受到\强烈\冲击\年青\一代\对\传统\制鼓\技艺\不感兴趣\会\制作\大鼓\的\艺人\已\为数不多\而且\都\年事已高\亟须\加强\保护\。\年\傣族大鼓制作技艺\入选\云南省\第三批\省级\非物质文化\遗产\代表性\项目\名录\。\项目\代表性\传承\人\是\波应光\。,傣族
花鼓舞,第三批,传统舞蹈,云南省玉溪市新平彝族傣族自治县,新平县磨皮花鼓舞根据古代战争情景演绎而成领舞者要耍箐鸡尾指挥模仿和再现了磨盘山彝族祖先为保卫家乡英勇杀敌的战争情景约有余年历史。花鼓舞分为男女两队男队为兵器队女队为花鼓队亦文亦武同场表演穿插流转融为一体。花鼓舞共有多种套路现存出征、跋山涉水、设阵埋伏、包围敌寇、勇猛拼杀、驱敌出境、凯旋归来、颠跑步、蹬四脚、吸跳步、蹬脚跪等种套路。主要在彝族吃花酒、火把节、中秋节、春节、祭龙、办丧事及出殡日等场合表演。花鼓舞要有人以上方能表演。男队手持扎有红绿布条的大刀、双刀、二节棍、枪、长矛、三尖叉戟、勾镰等格斗兵器花鼓队腰系红绸身背花鼓右手执鼓棒左手执白毛巾。由一名左手持一根捆扎白鹇、雉鸡尾木棍右手执白毛巾的男子口吹牛角号指挥领舞由大鼓、腰鼓、锣、铓、大钹、小镲等乐器伴奏舞蹈伴奏者在场边站成横排队形及位置一般固定不变。整个舞蹈用事先规定的牛角号声音的长短、次数的多少指挥交换场面。磨皮花鼓舞层次分明分前奏表演、战争场景和欢庆胜利的场面。领舞、独舞、双人舞、集体舞融为一体一环扣一环跌宕起伏高潮不断。表演者需手、眼、身、步到位脚、腰、头等部位动作幅度大舞姿优美节奏铿锵刚劲豪迈有很强的艺术表现力和感染力。年新平县花鼓舞入选云南省第三批省级非物质文化遗产代表性项目名录扩展项目名录。项目代表性传承人是易学昌、易成英。磨皮花鼓舞表演磨皮花鼓舞队伍,省级,新平县\磨皮\花鼓舞\根据\古代\战争\情景\演绎\而成\领舞\者\要\耍\箐\鸡尾\指挥\模仿\和\再现\了\磨盘\山\彝族\祖先\为\保卫\家乡\英勇\杀敌\的\战争\情景\约\有\余年\历史\。\花鼓舞\分为\男女\两队\男队\为\兵器\队\女队\为\花鼓\队\亦\文亦武\同场\表演\穿插\流转\融为一体\。\花鼓舞\共有\多种\套路\现存\出征\、\跋山涉水\、\设阵\埋伏\、\包围\敌寇\、\勇猛\拼杀\、\驱敌\出境\、\凯旋归来\、\颠\跑步\、\蹬\四脚\、\吸\跳步\、\蹬脚\跪等种\套路\。\主要\在\彝族\吃\花酒\、\火把节\、\中秋节\、\春节\、\祭龙\、\办\丧事\及\出殡日\等\场合\表演\。\花鼓舞\要\有人\以上\方\能\表演\。\男队\手持\扎有\红绿\布条\的\大刀\、\双刀\、\二节棍\、\枪\、\长矛\、\三\尖叉\戟\、\勾\镰\等\格斗\兵器\花鼓\队\腰系\红绸\身背\花鼓\右手\执\鼓棒\左手\执白\毛巾\。\由\一名\左手\持\一根\捆扎\白鹇\、\雉鸡\尾\木棍\右手\执白\毛巾\的\男子\口\吹牛\角号\指挥\领舞\由\大鼓\、\腰鼓\、\锣\、\铓\、\大钹\、\小\镲\等\乐器\伴奏\舞蹈\伴奏者\在\场边\站成\横排\队形\及\位置\一般\固定\不变\。\整个\舞蹈\用\事先\规定\的\牛角\号\声音\的\长短\、\次数\的\多少\指挥\交换\场面\。\磨皮\花鼓舞\层次分明\分\前奏\表演\、\战争\场景\和\欢庆\胜利\的\场面\。\领舞\、\独舞\、\双人舞\、\集体舞\融为一体\一环扣一环\跌宕起伏\高潮\不断\。\表演者\需手\、\眼\、\身\、\步\到位\脚\、\腰\、\头等\部位\动作\幅度\大\舞姿\优美\节奏\铿锵\刚劲\豪迈\有\很\强\的\艺术\表现力\和\感染力\。\年\新平县\花鼓舞\入选\云南省\第三批\省级\非物质文化\遗产\代表性\项目\名录\扩展\项目\名录\。\项目\代表性\传承\人\是\易学\昌\、\易成英\。\磨皮\花鼓舞\表演\磨皮\花鼓舞\队伍,彝族
巧家朱氏唢呐锣鼓,第四批,传统音乐,云南省昭通市巧家县,巧家朱氏唢呐锣鼓属于传统器乐中的吹打乐。朱氏唢呐锣鼓有多年的历史以家族口传身授父传子承为主。因乐队人员基本上是朱姓家庭成员当地人称朱氏唢呐锣鼓队现有代朱氏传人。唢呐常作为领奏乐器与锣鼓合奏。朱氏唢呐锣鼓吸纳当地唢呐优点逐渐形成了有地方特色的民间音乐。朱氏唢呐的曲牌和锣鼓点子都比较丰富有唢呐曲牌首打击乐曲牌首。朱氏吹奏的唢呐比平常一般所见的唢呐要长一些全长公分哨口用麦杆制成其空管高为降调音色浑厚而低沉。吹奏时除了用一对相同的唢呐外还配上支或支海笛。支唢呐中支为上手支为下手上手者多为高音下手者多为低音一上一下忽分忽合再加上海笛甚为悦耳动听。朱氏唢呐锣鼓保留有中原音乐的遗韵并融入当地民间音乐。在演奏中唢呐与锣鼓有独具特色的独奏、合奏。合奏中唢呐旋律与锣鼓节奏相互交融互为补充达到和谐统一。年巧家朱氏唢呐锣鼓入选云南省第五批省级非物质文化遗产代表性项目名录。项目代表性传承人是朱永盛、朱远玉。,省级,巧家朱氏唢呐锣鼓\属于\传统\器乐\中\的\吹打乐\。\朱氏\唢呐\锣鼓\有\多年\的\历史\以\家族\口传\身授\父传子\承\为主\。\因\乐队\人员\基本上\是\朱姓\家庭成员\当地人\称\朱氏\唢呐\锣鼓队\现有\代朱氏\传人\。\唢呐\常\作为\领奏\乐器\与\锣鼓\合奏\。\朱氏\唢呐\锣鼓\吸纳\当地\唢呐\优点\逐渐\形成\了\有\地方\特色\的\民间\音乐\。\朱氏\唢呐\的\曲牌\和\锣鼓点\子\都\比较丰富\有\唢呐\曲牌\首\打击乐\曲牌\首\。\朱氏\吹奏\的\唢呐\比\平常\一般\所见\的\唢呐\要长\一些\全长\公分\哨口\用\麦杆\制成\其\空管\高为\降调\音色\浑厚\而\低沉\。\吹奏\时\除了\用\一对\相同\的\唢呐\外\还\配上\支\或\支海笛\。\支\唢呐\中支\为\上\手\支为\下手\上\手者\多\为\高音\下手\者\多\为\低音\一\上\一下\忽分\忽合\再加\上海\笛\甚为\悦耳\动听\。\朱氏\唢呐\锣鼓\保留\有\中原\音乐\的\遗韵\并\融入\当地\民间\音乐\。\在\演奏\中\唢呐\与\锣鼓\有\独具特色\的\独奏\、\合奏\。\合奏\中\唢呐\旋律\与\锣鼓\节奏\相互\交融\互为补充\达到\和谐\统一\。\年\巧家朱氏唢呐锣鼓\入选\云南省\第五批\省级\非物质文化\遗产\代表性\项目\名录\。\项目\代表性\传承\人\是\朱永盛\、\朱远玉\。,
景颇族吹管乐,第四批,传统音乐,云南省德宏傣族景颇族自治州瑞丽市,景颇族吹管乐属于传统器乐中的吹奏器乐。景颇族传统乐器是景颇族人民文化生活中不可缺少的用品是景颇族人民从身边取材制作出各种音色的乐器并世代相传。景颇族有丰富的传统乐器主要分吹管乐器、弹拨乐器、打击乐器三类。传统的吹管乐器有勒荣、洞巴、吐良、克挖、比笋、锐作、颇哈桑比、巴扎等弹拨乐器有三弦、掌共汉语称口弦琴等打击乐器有大、中、小铓镲木鼓象脚鼓等景颇族吹管乐在传统节日目瑙纵歌、婚丧嫁娶、进新房等活动中都使用不同的乐器和不同的乐曲演奏。景颇族民间乐器不仅仅是一种演奏工具它植根于本民族丰厚的的历史文化传统是研究了解景颇族文化的重要组成部分。乐器及演奏以其独特性、艺术性和地域代表性表现出自身存在的价值是进行音乐创作的重要源泉展现出景颇人民杰出的文化艺术创造力。景颇族吹管乐不仅在景颇族聚居区广泛为流传也深受当地各族群众的喜爱对增进民族团结、促进旅游业和社会经济的发展具有重要作用。年景颇族吹管乐入选云南省第四批省级非物质文化遗产代表性项目名录。,省级,景颇族吹管乐\属于\传统\器乐\中\的\吹奏\器乐\。\景颇族\传统\乐器\是\景颇族\人民\文化\生活\中\不可\缺少\的\用品\是\景颇族\人民\从\身边\取材\制作\出\各种\音色\的\乐器\并\世代相传\。\景颇族\有\丰富\的\传统\乐器\主要\分吹\管乐器\、\弹拨乐器\、\打击乐器\三类\。\传统\的\吹\管乐器\有勒荣\、\洞巴\、\吐良\、\克\挖\、\比笋\、\锐作\、\颇\哈桑\比\、\巴扎\等\弹拨乐器\有\三弦\、\掌共\汉语\称口\弦琴\等\打击乐器\有大\、\中\、\小\铓\镲\木鼓\象脚鼓\等\景颇族吹管乐\在\传统节日\目瑙\纵歌\、\婚丧嫁娶\、\进\新房\等\活动\中\都\使用\不同\的\乐器\和\不同\的\乐曲\演奏\。\景颇族\民间\乐器\不仅仅\是\一种\演奏\工具\它\植根于\本\民族\丰厚\的\的\历史\文化\传统\是\研究\了解\景颇族\文化\的\重要\组成部分\。\乐器\及\演奏\以\其\独特性\、\艺术性\和\地域\代表性\表现\出\自身\存在\的\价值\是\进行\音乐创作\的\重要\源泉\展现出\景颇\人民\杰出\的\文化\艺术\创造力\。\景颇族吹管乐\不仅\在\景颇族\聚居区\广泛\为\流传\也\深受\当地\各族群众\的\喜爱\对\增进\民族团结\、\促进\旅游业\和\社会\经济\的\发展\具有\重要\作用\。\年\景颇族吹管乐\入选\云南省\第四批\省级\非物质文化\遗产\代表性\项目\名录\。,景颇族
傈僳族期奔演奏,第四批,传统音乐,云南省怒江傈僳族自治州福贡县,傈僳族期奔属民族传统弹拨乐器流传于云南省怒江傈僳族自治州福贡县除匹河怒族乡及其他傈僳族村寨。傈僳族逢年过节、婚嫁喜庆、新房落成、丰收猎获之时都要用期奔传情达意表达喜怒哀乐。傈僳族期奔分为大、小两种。小期奔弹奏的音色清晰明朗欢乐动人主要用来弹奏抒情的曲子。大期奔弹奏的音色则为音域宽广、洪亮、深韵主要用来演奏欢乐的曲子。傈僳族期奔的定弦调有、、、、、六种。主要曲调有多种每一种曲调都有一定的内容如打猎、栽种、盖房、收获及模仿动物声音都各有独特的内容和旋律、曲调。演奏时可在两个或三个声部同时进行当其中一个声部作为主旋律时其他的音则作为衬托的和音出现互相配合使其主要内容能形象、生动、流畅、细腻地表现出来。有的乐曲精心弹奏时如同说话一样使听众很快领悟出乐曲的主要思想感情。傈僳族期奔边弹奏边唱称期奔弹跳期奔弹跳有打猎、栽种、盖房、收获及模仿动物声音等如《刮来甲俄》《尼肯减来》《念门尼俄》《咱别犁俄》等歌曲。傈僳族无论在逢年过节亲朋好友欢聚或盖房举行婚礼在火塘边、田间地角无时不弹期奔。傈僳族传统歌舞都通过期奔的弹跳进行表演和传承具有广泛的群众参与性。年傈僳族期奔演奏入选云南省第四批省级非物质文化遗产代表性项目名录。项目代表性传承人是阿称恒、波益四、邓有妹、批四恒、车四恒。,省级,傈僳族\期奔\属\民族\传统\弹拨乐器\流传\于\云南省\怒江傈僳族自治州\福贡县\除匹河\怒族\乡\及其\他\傈僳族\村寨\。\傈僳族\逢年过节\、\婚嫁\喜庆\、\新房\落成\、\丰收\猎获\之时\都\要\用期\奔\传情\达意\表达\喜怒哀乐\。\傈僳族\期奔\分为\大\、\小\两种\。\小期\奔\弹奏\的\音色\清晰\明朗\欢乐\动人\主要\用来\弹奏\抒情\的\曲子\。\大期\奔\弹奏\的\音色\则\为\音域\宽广\、\洪亮\、\深韵\主要\用来\演奏\欢乐\的\曲子\。\傈僳族\期奔\的\定弦\调有\、\、\、\、\、\六种\。\主要\曲调\有\多种\每\一种\曲调\都\有\一定\的\内容\如\打猎\、\栽种\、\盖房\、\收获\及\模仿\动物\声音\都\各有\独特\的\内容\和\旋律\、\曲调\。\演奏\时\可\在\两个\或\三个\声部\同时\进行\当\其中\一个\声部\作为\主旋律\时\其他\的\音则\作为\衬托\的\和\音\出现\互相配合\使\其\主要\内容\能\形象\、\生动\、\流畅\、\细腻\地\表现\出来\。\有\的\乐曲\精心\弹奏\时\如同\说话\一样\使\听众\很快\领悟出\乐曲\的\主要\思想感情\。\傈僳族\期奔边\弹奏\边唱\称期\奔\弹跳\期奔\弹跳\有\打猎\、\栽种\、\盖房\、\收获\及\模仿\动物\声音\等\如\《\刮来\甲\俄\》\《\尼肯\减来\》\《\念门尼\俄\》\《\咱别\犁\俄\》\等\歌曲\。\傈僳族\无论\在\逢年过节\亲朋好友\欢聚\或\盖房\举行\婚礼\在\火塘\边\、\田间\地角\无时\不弹期\奔\。\傈僳族\传统\歌舞\都\通过\期奔\的\弹跳\进行\表演\和\传承\具有\广泛\的\群众\参与性\。\年\傈僳族\期奔\演奏\入选\云南省\第四批\省级\非物质文化\遗产\代表性\项目\名录\。\项目\代表性\传承\人\是\阿称\恒\、\波益\四\、\邓有妹\、\批四恒\、\车四恒\。,傈僳族
赶花街,第四批,民俗,广南县非物质文化遗产保护中心,赶花街又称花街节壮语称作阖聋娃、阖廊汉语意为人很多、很热闹的街又称阖愣那开秧门街。关于花街的起源当地流传着七姊妹造街的传说以十二属相安排各地赶街的日期。者报花街为每年农历三月的第一个属鼠日。者兔花街为每年农历三月的第二个属龙日。那伦花街为农历三月的第二个属虎日或属猴日。里洋花街为每年农历二月的第一个属牛或属羊日。甲板花街需赶两街第一街为每年农历三月的第一个属鼠日或属马日当地人称之为栽秧节、小花街或准备街第二街为每年农历三月的第二个属鼠日或属马日是当地最隆重的花街。每年农历的二三月份各村各寨的男女老少都邀约各自的朋友前往既定的花街节地点去赶花街节。人们身着节日盛装带着自家准备的花糯米饭、红鸡蛋、鸡腿、鸭子、腊肉、银饰、花线、布鞋、毛巾等相约而至开展集会活动然后群体分享食物、对唱山歌、喝酒猜拳、相互敬酒等直至天黑。这种活动有时会进行两三天活动中老人们与故交叙旧谈心青年男女们尽情地对唱山歌唱到情投意合的时候便会成双结对地到田边地角坝上树下幽会互送礼物结下情缘。在农业社会壮族人民赶花街是集体农事活动用来传递农耕信息各部落首领也会借这种集会活动相互结盟互相依存。随着时代的变迁聚会活动渐渐融入了会友、对歌、择偶等诸多内容形成了集信息交流、走亲会友、谈情说爱、商品交易于一体的壮族独有的民族传统习俗。为保护和传承花街节这一壮族传统节庆活动广南县连续多年举办了广南壮族花街节系列文化活动极大地丰富了花街节的文化内含并扩大宣传面提升其知名度和影响力增强了民族自信心和自豪感有效地促进了花街节的传承和发展。花街节已发展成为集壮族稻作文化、饮食文化、服饰文化、婚俗文化、民歌文化、传统礼仪、传统技艺等诸多文化元素为一体的文化盛会。年赶花街入选云南省第四批省级非物质文化遗产代表性项目名录。项目代表性传承人是陆寿龙。,省级,赶花街\又称\花街节\壮语\称作\阖\聋\娃\、\阖\廊\汉语\意为\人\很多\、\很\热闹\的\街\又称\阖\愣\那\开秧门\街\。\关于\花街\的\起源\当地\流传\着\七\姊妹\造街\的\传说\以\十二属相\安排\各地\赶街\的\日期\。\者\报\花街\为\每年\农历\三月\的\第一个\属鼠\日\。\者\兔\花街\为\每年\农历\三月\的\第二个\属龙日\。\那伦\花街\为\农历\三月\的\第二个\属\虎\日\或\属\猴\日\。\里洋\花街\为\每年\农历\二月\的\第一个\属\牛\或\属\羊\日\。\甲板\花街\需赶\两街\第一\街为\每年\农历\三月\的\第一个\属鼠\日\或\属\马日\当地人\称之为\栽秧\节\、\小\花街\或\准备\街\第二\街为\每年\农历\三月\的\第二个\属鼠\日\或\属\马日\是\当地\最\隆重\的\花街\。\每年\农历\的\二三月份\各村\各寨\的\男女老少\都\邀约\各自\的\朋友\前往\既定\的\花街节\地点\去\赶花街\节\。\人们\身着\节日\盛装\带\着\自家\准备\的\花\糯米饭\、\红\鸡蛋\、\鸡腿\、\鸭子\、\腊肉\、\银饰\、\花线\、\布鞋\、\毛巾\等\相约\而\至\开展\集会\活动\然后\群体\分享\食物\、\对\唱山歌\、\喝酒\猜拳\、\相互\敬酒\等\直至\天黑\。\这种\活动\有时\会\进行\两三天\活动\中老\人们\与\故交\叙旧\谈心\青年\男女\们\尽情\地\对\唱山歌\唱\到\情投意合\的\时候\便会\成双\结对\地到\田边\地角\坝上\树\下\幽会\互\送礼物\结下\情缘\。\在\农业社会\壮族\人民\赶花街\是\集体\农事\活动\用来\传递\农耕\信息\各\部落\首领\也\会\借\这种\集会\活动\相互\结盟\互相\依存\。\随着\时代\的\变迁\聚会\活动\渐渐\融入\了\会友\、\对歌\、\择偶\等\诸多\内容\形成\了\集\信息\交流\、\走亲\会友\、\谈情说爱\、\商品交易\于\一体\的\壮族\独有\的\民族\传统习俗\。\为\保护\和\传承\花街节\这一\壮族\传统\节庆\活动\广南县\连续\多年\举办\了\广南\壮族\花街节\系列\文化\活动\极大\地\丰富\了\花街节\的\文化\内含\并\扩大\宣传\面\提升\其\知名度\和\影响力\增强\了\民族\自信心\和\自豪感\有效\地\促进\了\花街节\的\传承\和\发展\。\花街节\已\发展\成为\集\壮族\稻作\文化\、\饮食文化\、\服饰文化\、\婚俗\文化\、\民歌\文化\、\传统\礼仪\、\传统\技艺\等\诸多\文化\元素\为\一体\的\文化\盛会\。\年\赶花街\入选\云南省\第四批\省级\非物质文化\遗产\代表性\项目\名录\。\项目\代表性\传承\人\是\陆寿龙\。,壮族
建水小调,第三批,传统音乐,建水县文化馆,建水小调起源于明代初期。明清以来数百年间不断有不同旋律、不同风格的小调传入建水地区最终形成建水小调。它以汉族小调为母体后在发展中吸收彝族四大腔、烟盒舞曲的唱词格律和音乐元素成为彝汉文化相互吸收、相互融合的一种独特的传统音乐形式。建水小调唱词内容广泛涉及到社会生活的各个领域男女青年的情爱、对美好生活的祈愿和劝诫除戒恶习等内容均有涉及。唱词一般以五字句和七字句最为常见句式押韵篇幅长短不一短则一段多则几十段。内容上有一个显著的特点就是运用十二月十朵十合五更等节令和景物连接唱词使内容按一定的规律发展。音乐结构严谨音调质朴流畅含蓄细腻。以两个乐句构成上下句在两个乐句的基础上随感情变化来完成一层内容。终止式亦较有特点在上下句的乐句中第一乐句结束在调式主音或五级音上形成半终止第二乐句结束在调式主音上。乐句的中间或结尾不断加入富有地方色彩的衬词、衬句或衬腔乐句使音调不断延伸扩充情绪的发展更为充分。优秀的歌手往往可以根据词曲格律自由填词因而新的作品不断产生。代表曲目有《小妹花》《寡妇放羊》《栽秧歌》《蒋二娘》《十大姐采花》等。年建水小调入选云南省第三批省级非物质文化遗产代表性项目名录。代表性传承人有普小芬、白绍芬等。,省级,建水小调\起源于\明代\初期\。\明清\以来\数百年\间\不断\有\不同\旋律\、\不同\风格\的\小调\传入\建水\地区\最终\形成\建水小调\。\它\以\汉族\小调\为\母体\后\在\发展\中\吸收\彝族\四大\腔\、\烟盒\舞曲\的\唱词\格律\和\音乐\元素\成为\彝汉\文化\相互\吸收\、\相互\融合\的\一种\独特\的\传统\音乐形式\。\建水小调\唱词\内容\广泛\涉及\到\社会生活\的\各个领域\男女\青年\的\情爱\、\对\美好生活\的\祈愿\和\劝诫\除戒\恶习\等\内容\均\有\涉及\。\唱词\一般\以五\字句\和\七\字句\最为\常见\句式\押韵\篇幅\长短不一\短则\一段\多则\几十\段\。\内容\上\有\一个\显著\的\特点\就是\运用\十二月\十朵\十合\五更\等\节令\和\景物\连接\唱词\使\内容\按\一定\的\规律\发展\。\音乐\结构\严谨\音调\质朴\流畅\含蓄\细腻\。\以\两个\乐句\构成\上下\句\在\两个\乐句\的\基础\上\随\感情\变化\来\完成\一层\内容\。\终止式\亦\较\有\特点\在\上下\句\的\乐句\中\第一\乐句\结束\在\调式\主音\或\五级\音上\形成\半\终止\第二\乐句\结束\在\调式\主音\上\。\乐句\的\中间\或\结尾\不断\加入\富有\地方色彩\的\衬词\、\衬句\或\衬腔\乐句\使\音调\不断\延伸\扩充\情绪\的\发展\更为\充分\。\优秀\的\歌手\往往\可以\根据\词曲\格律\自由\填词\因而\新\的\作品\不断\产生\。\代表\曲目\有\《\小妹\花\》\《\寡妇\放羊\》\《\栽\秧歌\》\《\蒋\二娘\》\《\十\大姐\采花\》\等\。\年\建水小调\入选\云南省\第三批\省级\非物质文化\遗产\代表性\项目\名录\。\代表性\传承\人有\普小芬\、\白绍芬\等\。,彝族
叙事史诗《都玛简收》,第三批,民间文学,绿春县文化馆,都玛简收汉语意为我妹子简收。诗歌《都玛简收》讲述了叫简收的哈尼女子出生、成长、谈情、被逼婚、逃婚流浪最后回归天界的悲剧神话。《都玛简收》萌发于哈尼族由游牧社会到农耕社会的转型期之后在千百年的口耳传承中结构逐步严谨情节愈加生动内容不断丰富。在广阔的流传空间中虽然形成了多种不同的版本但其主要情节和主人公的形象如简收的美丽、智慧又神力无边的特征以及遮天大树的出世、砍倒等情节大都趋于一致。绿春县是哈尼族集中居住的地区之一。这里流传的《都玛简收》结构恢宏情节跌宕起伏思想深邃。全诗余行先后由《序歌》《都玛简收出生》《都玛简收成长》《都玛简收谈情》《波里头人逼婚》《都玛简收逃跑》《大树王出世》《砍大树王》《认年月》《祭树王》《歌尾》共个篇章组成。《序歌》和《歌尾》是哈尼族传统诗歌在演唱中必备的两段唱词。根据演唱环境和演唱者的不同有所变化一般是道明演唱的目的意义表达演唱者谦虚、祝福、祈祷等愿望。第二章至第五章通过对简收出生到回归天界人生历程的描写全面系统地反映了哈尼族从出生到婚嫁的全部人生礼仪以及多彩的生产生活习俗。第六到第九章以奇丽无比的想象描绘了遮天大树的诞生、倒伏、祭祀的场景反映了哈尼族的原始宗教文化以及与自然和谐相处的思想观念朴素地解释了哈尼族十月历和物候历的起源。年叙事史诗《都玛简收》入选云南省第三批省级非物质文化遗产代表性项目名录。代表性传承人是陆波才。,省级,都\玛\简收\汉语\意为\我\妹子\简收\。\诗歌\《\都\玛\简收\》\讲述\了\叫\简收\的\哈尼\女子\出生\、\成长\、\谈情\、\被\逼婚\、\逃婚\流浪\最后\回归\天界\的\悲剧\神话\。\《\都\玛\简收\》\萌发\于\哈尼族\由\游牧\社会\到\农耕社会\的\转型期\之后\在\千百年\的\口耳\传承\中\结构\逐步\严谨\情节\愈加\生动\内容\不断丰富\。\在\广阔\的\流传\空间\中\虽然\形成\了\多种不同\的\版本\但\其\主要\情节\和\主人公\的\形象\如\简收\的\美丽\、\智慧\又\神力\无边\的\特征\以及\遮天\大树\的\出世\、\砍倒\等\情节\大都\趋于\一致\。\绿春县\是\哈尼族\集中\居住\的\地区\之一\。\这里\流传\的\《\都\玛\简收\》\结构\恢宏\情节\跌宕起伏\思想\深邃\。\全\诗余\行\先后\由\《\序歌\》\《\都\玛\简收\出生\》\《\都\玛\简收\成长\》\《\都\玛\简收\谈情\》\《\波\里头\人\逼婚\》\《\都\玛\简收\逃跑\》\《\大树\王\出世\》\《\砍\大树\王\》\《\认年\月\》\《\祭\树王\》\《\歌尾\》\共个\篇章\组成\。\《\序歌\》\和\《\歌尾\》\是\哈尼族\传统\诗歌\在\演唱\中\必备\的\两段\唱词\。\根据\演唱\环境\和\演唱者\的\不同\有所\变化\一般\是\道\明\演唱\的\目的意义\表达\演唱者\谦虚\、\祝福\、\祈祷\等\愿望\。\第二章\至\第五章\通过\对\简收\出生\到\回归\天界\人生\历程\的\描写\全面\系统地\反映\了\哈尼族\从\出生\到\婚嫁\的\全部\人生\礼仪\以及\多彩的\生产\生活\习俗\。\第六\到\第九章\以\奇丽\无比\的\想象\描绘\了\遮天\大树\的\诞生\、\倒伏\、\祭祀\的\场景\反映\了\哈尼族\的\原始宗教\文化\以及\与\自然\和谐\相处\的\思想观念\朴素\地\解释\了\哈尼族\十月\历和\物候\历的\起源\。\年\叙事\史诗\《\都\玛\简收\》\入选\云南省\第三批\省级\非物质文化\遗产\代表性\项目\名录\。\代表性\传承\人\是\陆波\才\。,哈尼族
咪黑们彝族传统文化生态保护区,第四批,民族传统文化生态保护区,云南省南华县,该保护区位于楚雄彝族自治州南华县五街镇咪黑们村委会所辖村民小组。咪黑们村彝族村民属彝族罗罗濮支系已有多年历史。保护区内古木参天森林覆盖率为自然环境良好。村委会驻地马樱花山为红河和金沙江两大水系的分水岭风景优美有仙人脚迹山、蝴蝶山等风景名胜还有清光绪十九年立的封山石碑。保护区内保存有较好的垛木房木楞房村民居住在木结构垛木房、垛木结构的瓦房、草房、闪片房内窗棱、墙体、火塘保留彝族的鲜明特色。主要信仰为原始宗教以祖先崇拜和土主崇拜为核心道教和佛教融入原始宗教形成巫、道、佛相结合的多层次的信仰体系渗入彝族社会生活的方方面面。每个自然村都建有土主庙、山神庙、财神庙每家供有谱颇汉意祖先人死后举行隆重的教路仪式有着与其他彝族支系不同的独特的丧葬习俗现有由五力么、咪黑们、大平地等村人组成的彝族古乐班进行祭祀、殡仪活动。留传姑娘房满宗着喝交杯酒抹花脸的传统婚俗。有过年、过小年、清明节、端午节、求雨节、火地节、炒食节、中秋节、喽底节祭农神等节日。毕摩文化历史悠久现还有罗开礼等位毕摩民间传说故事被编入《南华史苑》中叙述穿火草织麻布衣裳的起源。民间音乐有对山歌、青棚调、仁意调、祭祀调、彝族古乐、彝族洞经音乐等。民间舞蹈有宫挑宫欣汉族称踏歌、跳歌和三弦舞等其中集体传统舞蹈三弦舞深受群众喜爱有快有慢适合男女老少参与广为流传。民间传统技艺保留着富有彝族特色的火草麻布纺织技艺家家户户都会纺织火草麻布。民族民间体育活动有讨葫芦、骑木马、打牛屎炮、卷草帘、皮风子、老虎抱蛋、抓石子、跳藤绳、打陀螺、上树比赛等。传统服饰色泽艳丽整体的底色以黑、白、蓝为主不论是马褂、对襟衣服还是围裙领口、袖口、衣角边都绣有浅色系的刺绣图案。咪黑们村被立为彝族文化保护传承试点村并成为中外学者研究滇中乡土知识与生物多样性保护项目的重要基地。年咪黑们彝族传统文化生态保护区入选云南省第四批省级非物质文化遗产代表性项目名录。项目代表性传承人是罗应琴。,省级,该\保护区\位于\楚雄彝族自治州\南华县\五街\镇\咪\黑们\村委会\所\辖\村民\小组\。\咪\黑们\村\彝族\村民\属\彝族\罗罗\濮\支系\已有\多年\历史\。\保护区\内\古木参天\森林\覆盖率\为\自然环境\良好\。\村委会\驻地\马\樱花\山为\红河\和\金沙江\两大\水系\的\分水岭\风景优美\有\仙人\脚迹\山\、\蝴蝶\山\等\风景名胜\还有\清光绪\十九年\立\的\封山\石碑\。\保护区\内\保存\有\较\好\的\垛\木房\木楞房\村民\居住\在\木结构\垛\木房\、\垛\木结构\的\瓦房\、\草房\、\闪片\房内\窗棱\、\墙体\、\火塘\保留\彝族\的\鲜明\特色\。\主要\信仰\为\原始宗教\以\祖先崇拜\和\土主\崇拜\为\核心\道教\和\佛教\融入\原始宗教\形成\巫\、\道\、\佛\相结合\的\多层次\的\信仰\体系\渗入\彝族\社会生活\的\方方面面\。\每个\自然村\都\建有\土主庙\、\山神庙\、\财神庙\每家\供有\谱\颇\汉意\祖先\人死\后\举行\隆重\的\教路\仪式\有着\与\其他\彝族\支系\不同\的\独特\的\丧葬\习俗\现有\由\五力\么\、\咪\黑们\、\大\平地\等\村人\组成\的\彝族\古\乐班\进行\祭祀\、\殡仪\活动\。\留传\姑娘\房满宗\着\喝\交杯酒\抹\花脸\的\传统\婚俗\。\有\过年\、\过小年\、\清明节\、\端午节\、\求雨\节\、\火地节\、\炒\食节\、\中秋节\、\喽底\节\祭\农神\等\节日\。\毕摩\文化\历史悠久\现\还有\罗开礼\等位\毕摩\民间传说\故事\被\编入\《\南华\史苑\》\中\叙述\穿火\草织\麻布\衣裳\的\起源\。\民间\音乐\有\对\山歌\、\青棚\调\、\仁意\调\、\祭祀\调\、\彝族\古乐\、\彝族\洞经音乐\等\。\民间舞蹈\有宫\挑宫欣\汉族\称\踏歌\、\跳歌\和\三弦\舞\等\其中\集体\传统\舞蹈\三弦\舞\深受\群众\喜爱\有快有慢\适合\男女老少\参与\广为流传\。\民间\传统\技艺\保留\着\富有\彝族\特色\的\火草\麻布\纺织\技艺\家家户户\都\会\纺织\火草\麻布\。\民族民间\体育\活动\有讨\葫芦\、\骑\木马\、\打牛\屎\炮\、\卷\草帘\、\皮风子\、\老虎\抱蛋\、\抓\石子\、\跳藤绳\、\打\陀螺\、\上\树\比赛\等\。\传统\服饰\色泽\艳丽\整体\的\底色\以\黑\、\白\、\蓝\为主\不论是\马褂\、\对襟\衣服\还是\围裙\领口\、\袖口\、\衣角\边\都\绣\有\浅色系\的\刺绣\图案\。\咪\黑们\村\被\立为\彝族\文化\保护\传承\试点\村\并\成为\中外\学者\研究\滇\中\乡土\知识\与\生物\多样性\保护\项目\的\重要\基地\。\年\咪黑们彝族传统文化生态保护区\入选\云南省\第四批\省级\非物质文化\遗产\代表性\项目\名录\。\项目\代表性\传承\人\是\罗应琴\。,彝族
发嘎村彝族传统文化生态保护区,云南省第三批,民族传统文化生态保护区,云南省昆明市寻甸回族彝族自治县,发嘎村彝族传统文化生态保护区位于昆明市寻甸回族彝族自治县六哨乡龙泉村委会发嘎村。发嘎村是典型的彝族白彝聚居区面积平方千米全村有户多人年统计均为彝族白彝始建于东汉末三国时期。发嘎彝语为石头的意思发嘎村原意为建在石头上的村寨。发嘎村依山而建山脚下两条河流环山而过四周高山环绕周围平缓的山坡是阡陌纵横的耕地属高原山地地形。民居建筑多以传统土木结构半干栏式建筑为主一楼一底人畜分住。择向、选材、建新房、进新房等传统建房习俗保留完整保持彝族白彝传统建筑风格。发嘎村传统文化底蕴深厚保留着古老的生活习惯祭山神、祭树神、祭密枝林传统节庆有立秋节、泼水节、赶新街又叫青年节以及春节等有民间传说故事、传统音乐、传统舞蹈有即兴演唱的四季歌、贺喜歌等山歌有磨担秋、赛马、斗牛、拔河等竞技项目还有民间草医和打不死等名贵药材。发嘎村还有村民自发组建的山歌队与舞蹈队有代表性的舞蹈有《跌肩舞》《拖媳妇》《栽秧舞》《谈恋舞》等。每逢重要节日老老少少到寨子的大青树下载歌载舞体现出当地民族团结的和谐面貌。服饰制作极富特色有纺线、织布、印染和刺绣等工序。妇女服饰做工精细色彩鲜艳用料主要以羊毛、麻为主颜色多以红色为主图案以方块、线条为主。花腰带和花包包是青年男女喜爱的装饰品。彝族白彝中老年妇女还有纹面的习俗在前额、上唇与鼻子之间、下颌刺青黑色点状纹面一般为三点、一点、七点所刺的点必须是单数。发嘎村较完整地保留了寻甸彝族白彝支系的生产生活习俗、宗教仪式、民族文化特色对我们了解和研究彝族这一古老民族有着非常重要的价值。在世的传承人有名开展传承活动情况良好。年发嘎村彝族传统文化生态保护区入选云南省第三批省级非物质文化遗产代表性项目名录。,省级,发嘎村彝族传统文化生态保护区\位于\昆明市\寻甸回族彝族自治县\六哨\乡\龙泉\村委会\发嘎村\。\发嘎村\是\典型\的\彝族\白彝\聚居区\面积\平方千米\全村\有户\多\人\年\统计\均\为\彝族\白彝\始建\于\东汉\末\三国\时期\。\发嘎\彝语\为\石头\的\意思\发嘎村\原意\为建\在\石头\上\的\村寨\。\发嘎村\依山\而建\山脚下\两条\河流\环山\而\过\四周\高山\环绕\周围\平缓\的\山坡\是\阡陌\纵横\的\耕地\属\高原\山地\地形\。\民居\建筑\多以\传统\土\木结构\半\干栏\式\建筑\为主\一楼\一底\人\畜分\住\。\择向\、\选材\、\建\新房\、\进\新房\等\传统\建房\习俗\保留\完整\保持\彝族\白彝\传统\建筑风格\。\发嘎村\传统\文化底蕴\深厚\保留\着\古老\的\生活习惯\祭\山神\、\祭\树神\、\祭密枝林\传统\节庆\有立\秋节\、\泼水节\、\赶\新街\又\叫\青年节\以及\春节\等\有\民间传说\故事\、\传统\音乐\、\传统\舞蹈\有\即兴\演唱\的\四季歌\、\贺喜\歌\等\山歌\有磨\担秋\、\赛马\、\斗牛\、\拔河\等\竞技\项目\还有\民间\草医\和\打\不\死\等\名贵药材\。\发嘎村\还有\村民\自发\组建\的\山歌\队\与\舞蹈队\有\代表性\的\舞蹈\有\《\跌\肩舞\》\《\拖\媳妇\》\《\栽秧\舞\》\《\谈恋舞\》\等\。\每逢\重要\节日\老老少少\到\寨子\的\大青树下\载歌载舞\体现\出\当地\民族团结\的\和谐\面貌\。\服饰\制作\极富\特色\有\纺线\、\织布\、\印染\和\刺绣\等\工序\。\妇女\服饰\做工\精细\色彩鲜艳\用料\主要\以\羊毛\、\麻\为主\颜色\多以\红色\为主\图案\以\方块\、\线条\为主\。\花\腰带\和\花\包包\是\青年\男女\喜爱\的\装饰品\。\彝族\白彝\中老年\妇女\还有\纹面\的\习俗\在\前额\、\上唇\与\鼻子\之间\、\下颌\刺\青黑色\点状\纹面\一般\为\三点\、\一点\、\七点\所刺\的\点\必须\是\单数\。\发嘎村\较完整\地\保留\了\寻甸\彝族\白彝\支系\的\生产\生活\习俗\、\宗教仪式\、\民族文化\特色\对\我们\了解\和\研究\彝族\这一\古老\民族\有着\非常\重要\的\价值\。\在世\的\传承\人\有名\开展\传承\活动\情况\良好\。\年\发嘎村彝族传统文化生态保护区\入选\云南省\第三批\省级\非物质文化\遗产\代表性\项目\名录\。,彝族
易武普洱茶传统制作技艺,云南省第一批,传统技艺,云南易武正山茶叶有限公司,易武是普洱茶原料大叶种茶的主要基地是著名的六大茶山所在地之一。易武茶在清代被朝廷列入贡茶案册。制作易武七子饼普洱茶需要对采摘的鲜茶叶进行杀青手工揉捻经过日光干燥制成毛茶。之后拣剔茶梗、黄片经严格筛选将散茶按照盖头、二梭、老茶分出等级。之后拼配蒸压把尖子茶装入蒸筒底部衬底将拼配好的叶茶装第二层再放入二梭茶插边缘尖子茶作盖面。用甑子蒸软从蒸筒中取出后放入茶袋。如用一口料就不需要拼配直接装筒蒸软倒入茶袋。将袋中茶叶趁软快速做成饼状放置于石磨之下人工踩压定型然后将定型好的茶饼取出置于木架上自然风干。风干后的茶饼先用棉纸包好然后按七饼一筒用竹笋叶子包扎起来放入竹筐中入库。用竹筐装运不仅透气性好、防潮还能隔除异味。易武普洱茶过去在少数民族地区多作为嫁娶用的彩礼和逢年过节赠送亲友的礼物有喜庆团圆的寓意。常见的易武普洱茶为克一饼七饼为一筒每筒约千克每件筒共千克。易武普洱茶也是藏区人民生活的必需之物是滇藏茶马古道上的重要货品如今行销海内外声名远播。年易武普洱茶传统制作技艺入选云南省级非物质文化遗产代表性项目名录扩展项目名录。,省级,易武\是\普洱茶\原料\大叶种\茶\的\主要\基地\是\著名\的\六大\茶山\所在地\之一\。\易武茶\在\清代\被\朝廷\列入\贡茶\案册\。\制作\易\武七子\饼\普洱茶\需要\对\采摘\的\鲜\茶叶\进行\杀青\手工\揉\捻\经过\日光\干燥\制成\毛茶\。\之后\拣\剔\茶\梗\、\黄片\经\严格\筛选\将\散\茶\按照\盖头\、\二梭\、\老茶\分出\等级\。\之后\拼配\蒸压\把\尖子\茶\装入\蒸筒\底部\衬底\将\拼配\好\的\叶\茶装\第二层\再\放入\二梭\茶\插\边缘\尖子\茶作\盖面\。\用\甑子\蒸软\从\蒸筒\中\取出\后\放入\茶袋\。\如用\一口\料\就\不\需要\拼配\直接\装筒\蒸软\倒入\茶袋\。\将\袋中\茶叶\趁软\快速\做成\饼状\放置\于\石磨\之下\人工\踩\压\定型\然后\将\定型\好\的\茶\饼\取出\置于\木架\上\自然\风干\。\风干\后\的\茶\饼\先用\棉\纸包\好\然后\按七饼\一筒\用\竹笋\叶子\包扎\起来\放入\竹筐\中\入库\。\用\竹筐\装运\不仅\透气性\好\、\防潮\还\能\隔\除异味\。\易武\普洱茶\过去\在\少数民族\地区\多\作为\嫁娶\用\的\彩礼\和\逢年过节\赠送\亲友\的\礼物\有\喜庆\团圆\的\寓意\。\常见\的\易武\普洱茶\为克\一饼\七饼\为\一筒\每筒\约\千克\每件\筒\共\千克\。\易武\普洱茶\也\是\藏区\人民\生活\的\必需\之物\是\滇\藏\茶\马\古道\上\的\重要\货品\如今\行销\海内外\声名远播\。\年\易武普洱茶传统制作技艺\入选\云南\省级\非物质文化\遗产\代表性\项目\名录\扩展\项目\名录\。,
建水洞经音乐,第四批,传统音乐,建水县文化馆,建水洞经音乐历史悠久明代传入建水至今已有数百年历史是建水地区表现信仰及娱乐的重要活动。建水洞经音乐谈奏以儒家经典为主经腔的曲调古朴典雅、文静和谐以礼和乐贯穿始终以独立的地位渗透在各阶层人民的社会生活中。建水洞经的音乐形式分谈、诵两部分皆用乐器伴奏。所用乐器种类齐全有管乐、弦乐、打击乐。乐曲种类有牌子曲、经腔、锣鼓经。主要曲目有《转颂》《十供献》《开经赞》《锁道龛》《千秋岁》《清河颂》等余首。曲调内容丰富、气势宏大、古朴典雅、韵律深沉。谈演经卷时多种传统乐器齐全经生、乐生分工明确。经坛之上还保留着引赞、陪赞、纠仪等礼仪传统。洞经音乐谈演的三大组成部分即经卷、礼、曲目整体保存完整。建水洞经一唱三拖的艺术形式别具一格在祭孔活动中更是彰显出其古朴儒雅的艺术特色。人们为了发扬晚清以来的儒学传统使用洞经音乐祭祀孔子是建水洞经音乐的一大特色。年建水洞经音乐入选云南省第四批省级非物质文化遗产代表性项目名录扩展项目名录。项目代表性传承人是孙本仁、孙本义。,省级,建水洞经音乐\历史悠久\明代\传入\建水\至今已有\数百年\历史\是\建水\地区\表现\信仰\及\娱乐\的\重要\活动\。\建水洞经音乐\谈奏\以\儒家\经典\为主\经腔\的\曲调\古朴\典雅\、\文静\和谐\以礼\和乐\贯穿\始终\以\独立\的\地位\渗透\在\各阶层\人民\的\社会生活\中\。\建\水洞\经\的\音乐形式\分谈\、\诵\两\部分\皆\用\乐器\伴奏\。\所用\乐器\种类\齐全\有\管乐\、\弦乐\、\打击乐\。\乐曲\种类\有\牌子曲\、\经腔\、\锣鼓\经\。\主要\曲目\有\《\转颂\》\《\十\供献\》\《\开经赞\》\《\锁道\龛\》\《\千秋岁\》\《\清河\颂\》\等\余首\。\曲调\内容丰富\、\气势\宏大\、\古朴\典雅\、\韵律\深沉\。\谈演\经卷\时\多种\传统\乐器\齐全\经生\、\乐生\分工\明确\。\经坛\之上\还\保留\着\引赞\、\陪赞\、\纠仪\等\礼仪\传统\。\洞经音乐\谈演\的\三大\组成部分\即\经卷\、\礼\、\曲目\整体\保存\完整\。\建\水洞\经一唱\三\拖\的\艺术形式\别具一格\在\祭孔\活动\中\更是\彰显\出其\古朴\儒雅\的\艺术\特色\。\人们\为了\发扬\晚清\以来\的\儒学\传统\使用\洞经音乐\祭祀\孔子\是\建水洞经音乐\的\一大\特色\。\年\建水洞经音乐\入选\云南省\第四批\省级\非物质文化\遗产\代表性\项目\名录\扩展\项目\名录\。\项目\代表性\传承\人\是\孙本仁\、\孙\本义\。,
纳西族铜器制作技艺,云南省第三批,传统技艺,云南省玉龙纳西族自治县,纳西族铜器制作技艺源于明初木氏土司聘请的中原铜匠历史悠久工艺发达铜制品深得各族人民钟爱是纳西人家不可缺少的日常生活用具。纳西族铜器制作工序有冶炼铜矿石、打制粗胚、精细加工焊接、锤击、錾刻、镌镂、抛光、点冷锤等。原料为紫铜原生铜、黄铜、青铜、白铜四种后三种为加入了锌、锡、镍等成分的合金。纳西族铜器品类繁多有生产生活用品及工艺品余种。纳西族铜器制作技艺具有以下特点纯手工制作成色好分量足品种多质地坚固耐用工艺精良图案精美外观锃亮富丽生辉。纳西族铜器制作技艺是研究纳西族传统手工技艺的形成、发展及与中原文化交流的活化石具有历史研究价值。年纳西族铜器制作技艺入选云南省级非物质文化遗产代表性项目名录扩展项目名录。项目代表性传承人是和积宽、和善均。,省级,纳西族铜器制作技艺\源\于明初\木氏\土司\聘请\的\中原\铜匠\历史悠久\工艺\发达\铜制品\深得\各族人民\钟爱\是\纳西\人家\不可\缺少\的\日常生活\用具\。\纳西族\铜器\制作\工序\有\冶炼\铜矿\石\、\打制\粗\胚\、\精细\加工\焊接\、\锤击\、\錾\刻\、\镌镂\、\抛光\、\点冷锤\等\。\原料\为\紫铜\原生\铜\、\黄铜\、\青铜\、\白铜\四种\后\三种\为\加入\了\锌\、\锡\、\镍\等\成分\的\合金\。\纳西族\铜器\品类繁多\有\生产\生活用品\及\工艺品\余种\。\纳西族铜器制作技艺\具有\以下\特点\纯手工\制作\成色\好\分量\足\品种\多\质地\坚固耐用\工艺\精良\图案\精美\外观\锃亮\富丽\生辉\。\纳西族铜器制作技艺\是\研究\纳西族\传统\手工\技艺\的\形成\、\发展\及\与\中原\文化交流\的\活化石\具有\历史研究\价值\。\年\纳西族铜器制作技艺\入选\云南\省级\非物质文化\遗产\代表性\项目\名录\扩展\项目\名录\。\项目\代表性\传承\人\是\和\积宽\、\和善\均\。,纳西族
花腰彝族服饰,云南省第三批,民俗,云南省石屏县,花腰彝族服饰历史悠久文化内涵丰富特色鲜明是石屏彝族传统文化的重要组成部分具有浓郁的民族特色和地域特色当地称穿的是历史戴的是神话。花腰彝族服饰具有独特的艺术性和观赏性。花腰彝族服饰纹样丰富多彩色调层次分明。一套完整的花腰彝族服饰由件刺绣绣片组成每件绣片皆隐含一个故事或传说全套女装重量在千克以上。花腰彝族服饰的制作过程需经剪纸、刺绣、缝制几道工序针法以挑花技法为主。男装样式相对单一青年人喜穿浅色以黑、白、青色为主调花饰稍多老年人喜欢深色以黑、青两面色为主更严肃、庄重。妇女的服饰色彩丰富。女婴服饰的银饰较多花饰色彩鲜艳常见的是黑底红花表达了父母对孩子无限爱护幼女服饰以白色、粉红色为主调表现了女孩的童贞花腰未婚女子服饰以大红、玫瑰红为基调新娘服饰花口索塔全身绣满鲜花大红袖子为新娘服饰的重要标志中年妇女以粉蓝色为主表示成熟、端庄老年妇女则以深蓝色、黑色为主。花腰彝族服饰纹样绚丽多姿文化底蕴深厚隐含着花腰彝族人大量的历史文化信息是一份极其珍贵的民族文化遗产。年花腰彝族服饰入选云南省级非物质文化遗产代表性项目名录扩展项目名录。项目代表性传承人是普合妹。,省级,花腰彝族服饰\历史悠久\文化\内涵\丰富\特色\鲜明\是\石屏\彝族\传统文化\的\重要\组成部分\具有\浓郁\的\民族特色\和\地域\特色\当地\称\穿\的\是\历史\戴\的\是\神话\。\花腰彝族服饰\具有\独特\的\艺术性\和\观赏性\。\花腰彝族服饰\纹样\丰富多彩\色调\层次分明\。\一套\完整\的\花腰彝族服饰\由件\刺绣\绣片\组成\每件\绣片\皆\隐含\一个\故事\或\传说\全套\女装\重量\在\千克\以上\。\花腰彝族服饰\的\制作\过程\需经\剪纸\、\刺绣\、\缝制\几道\工序\针法\以\挑花\技法\为主\。\男装\样式\相对\单一\青年人\喜穿\浅色\以\黑\、\白\、\青色\为主\调\花饰\稍\多\老年人\喜欢\深色\以\黑\、\青两\面色\为主\更\严肃\、\庄重\。\妇女\的\服饰\色彩\丰富\。\女婴\服饰\的\银饰\较\多\花饰\色彩鲜艳\常见\的\是\黑底\红花\表达\了\父母\对\孩子\无限\爱护\幼女\服饰\以\白色\、\粉红色\为主\调\表现\了\女孩\的\童贞\花腰\未婚\女子\服饰\以\大红\、\玫瑰红\为\基调\新娘\服饰\花口\索塔\全身\绣\满鲜花\大红\袖子\为\新娘\服饰\的\重要\标志\中年妇女\以粉\蓝色\为主\表示\成熟\、\端庄\老年\妇女\则\以\深蓝色\、\黑色\为主\。\花腰彝族服饰\纹样\绚丽多姿\文化底蕴\深厚\隐含\着\花\腰\彝族\人\大量\的\历史\文化\信息\是\一份\极其\珍贵\的\民族\文化遗产\。\年\花腰彝族服饰\入选\云南\省级\非物质文化\遗产\代表性\项目\名录\扩展\项目\名录\。\项目\代表性\传承\人\是\普合妹\。,彝族
古城洞经音乐,第三批,传统音乐,古城区非物质文化遗产保护管理中心,古城区洞经音乐是明、清之际传入的儒、释、道合流的宗教性科仪音乐是汉文化在少数民族地区扎根的具体实例紧随着汉文化的传播而浸入融合到丽江纳西族地区。古城区洞经音乐除贯穿始终的洞经谈演礼仪外分为调音曲、经腔、细乐曲牌、打击乐曲牌四个部分。代表曲目有《关圣帝君觉世真经》《忠义经》《孝经》等。古城区的洞经乐队主要分为洞经会、皇经会、乐会三类。在演奏中使用纳西族独有的乐器苏古独、波伯以及唐朝形制的曲项琵琶独特的运弓方法和打击乐器的频繁使用构成一种奇特的音乐效果。古城区洞经音乐是汉族古典音乐的旋律、雅韵与纳西民间音乐的风格融为一体的特殊流派融合了民间音乐、宫廷音乐和宗教音乐等多种音乐元素。在长期的流变中地理环境、民族特色、社会结构、历史传统、族群文化、宗教信仰赋予了纳西民族思想感情、审美风格和音乐风韵使洞经音乐呈现出纳西特色的艺术风格。古城区洞经音乐文化形态的综合性是其最为显要的价值体现。年古城区洞经音乐入选云南省第三批省级非物质文化遗产代表性项目名录扩展项目名录。项目代表性传承人是杨友和、杨曾烈。,省级,古城区\洞经音乐\是\明\、\清\之际\传入\的\儒\、\释\、\道\合流\的\宗教性\科仪\音乐\是\汉\文化\在\少数民族\地区\扎根\的\具体\实例\紧\随着\汉\文化\的\传播\而\浸入\融合\到\丽江\纳西族\地区\。\古城区\洞经音乐\除\贯穿\始终\的\洞经\谈演\礼仪\外\分为\调音\曲\、\经腔\、\细\乐曲\牌\、\打击乐\曲牌\四个\部分\。\代表\曲目\有\《\关圣帝君\觉世\真经\》\《\忠义\经\》\《\孝经\》\等\。\古城区\的\洞经\乐队\主要\分为\洞经\会\、\皇经\会\、\乐会\三类\。\在\演奏\中\使用\纳西族\独有\的\乐器\苏古独\、\波伯\以及\唐朝\形制\的\曲项\琵琶\独特\的\运弓\方法\和\打击乐器\的\频繁\使用\构成\一种\奇特\的\音乐\效果\。\古城区\洞经音乐\是\汉族\古典音乐\的\旋律\、\雅韵\与\纳西\民间\音乐\的\风格\融为一体\的\特殊\流派\融合\了\民间\音乐\、\宫廷\音乐\和\宗教音乐\等\多种\音乐\元素\。\在\长期\的\流变\中\地理环境\、\民族特色\、\社会结构\、\历史\传统\、\族群\文化\、\宗教信仰\赋予\了\纳西\民族\思想感情\、\审美\风格\和\音乐\风韵\使\洞经音乐\呈现出\纳西\特色\的\艺术风格\。\古城区\洞经音乐\文化形态\的\综合性\是\其\最为\显要\的\价值\体现\。\年\古城区\洞经音乐\入选\云南省\第三批\省级\非物质文化\遗产\代表性\项目\名录\扩展\项目\名录\。\项目\代表性\传承\人\是\杨友\和\、\杨\曾烈\。,纳西族
金江号子,第三批,传统音乐,云南省昭通市绥江县文化馆,金沙江是长江上游主干流最为险要的河段穿行于高山峡谷之间落差大、险滩多水势变化无常航行十分危险。在与恶劣自然环境的长期斗争中具有指挥劳动、统一步调、鼓舞情绪等功能的金江号子应运而生在绥江县境内流传最广。金江号子节奏粗犷豪迈、高亢雄壮可分为招架号子、五板号子、四平腔、搬滩号子、抛河号子、下滩号子和抽桅子号子七大类每一类号子又有若干唱法。在实际应用中因劳动作业的连续性各类号子又可形成联曲。金江号子以引用古诗、评书和戏曲中的唱词为主一般由四句诗起头以评书或戏曲唱词续唱经验丰富的号工则可即兴发挥自编自唱号子的高昂舒缓则是根据水流的湍急程度而变化抢滩时高昂激烈平缓时低沉优雅。金江号子是绥江县社会变迁和金沙江航运史的重要历史见证随着大帆船时代的逝去金江号子逐渐失去赖以生存的土壤亟须保护已被《云南省民间文学集成》《吟唱绥江》大量收录。年金江号子入选云南省第三批省级非物质文化遗产代表性项目名录。项目代表性传承人是牟玉成。纤夫们演唱金江号子纤夫们演唱金江号子,省级,金沙江\是\长江上游\主\干流\最为\险要\的\河段\穿行\于\高山\峡谷\之间\落差\大\、\险滩\多\水势\变化无常\航行\十分\危险\。\在\与\恶劣\自然环境\的\长期斗争\中\具有\指挥\劳动\、\统一\步调\、\鼓舞\情绪\等\功能\的\金江号子\应运而生\在\绥江县\境内\流传\最广\。\金江号子\节奏\粗犷\豪迈\、\高亢\雄壮\可\分为\招架\号子\、\五板\号子\、\四平腔\、\搬滩\号子\、\抛河\号子\、\下滩\号子\和\抽\桅子\号子\七大类\每\一类\号子\又\有\若干\唱法\。\在\实际\应用\中因\劳动\作业\的\连续性\各类\号子\又\可\形成\联曲\。\金江号子\以\引用\古诗\、\评书\和\戏曲\中\的\唱词\为主\一般\由\四句\诗\起头\以\评书\或\戏曲\唱词\续唱\经验丰富\的\号\工则\可\即兴\发挥\自编\自唱\号子\的\高昂\舒缓\则\是\根据\水流\的\湍急\程度\而\变化\抢滩\时\高昂\激烈\平缓\时\低沉\优雅\。\金江号子\是\绥江县\社会变迁\和\金沙江\航运\史\的\重要\历史\见证\随着\大\帆船\时代\的\逝去\金江号子\逐渐\失去\赖以生存\的\土壤\亟须\保护\已\被\《\云南省\民间文学\集成\》\《\吟唱\绥江\》\大量\收录\。\年\金江号子\入选\云南省\第三批\省级\非物质文化\遗产\代表性\项目\名录\。\项目\代表性\传承\人\是\牟\玉成\。\纤夫\们\演唱\金江号子\纤夫\们\演唱\金江号子,
龙泉探梅,第四批,民俗,昆明市黑龙潭公园,黑龙潭公园位于昆明北郊龙泉山麓占地面积公顷面南背北环境优美主要景点有龙泉探梅、龙潭问谜、鹃谷闹春、蕉林听雨、古塔吟枫、汉祠溯古、碧溪流韵、松涛疏影、紫极玄都、英烈遗芳是市民在节假日休闲聚会郊游的场所。据《汉书地理志》记载此地汉代建有黑水祠后又修建龙泉观并经多次重修有滇中第一祠之誉。黑龙潭的梅花种植始于唐代。清光绪《昆明县志》记载梅之红者莫盛于滇而龙泉观之唐梅夭矫离奇极人间所未有。观有古梅二株盘曲偃蹇相传为唐时所植。自唐代道安和尚亲手植梅开始不断有名人雅士到此广植名木、赋诗吟咏形成以唐梅、宋柏、元杉、明茶为首的植物群落黑龙潭最古老的唐梅也成为了昆明八景之一。黑龙潭每年二月十九日观音圣诞均要做法事庆祝相传每年三月初三上巳节凤迦异唐代南诏王子都要到黑龙潭祈丰求雨水旱必祷。千百年来民众到黑龙潭祭祀龙神祈求风调雨顺人畜平安赏梅活动也随之成为昆明地区相对固定的龙泉探梅传统习俗延续至今。年国家在黑龙潭公园兴建梅园占地余亩随着梅园的扩建和发展地栽梅花达两万余株盆栽桩景四千余盆成为西南地区乃至全国梅园面积最大、梅花数量最多、树龄最长、品质最优的山水梅园。年龙泉探梅被昆明市政府公布为昆明新十六景之一赏梅为主要活动。每年秋末初冬赏梅习俗中人潮涌动民族民间文化活动纷呈。众多民间传统食品齐聚如米线、饵块、蒸糕、卷粉、豆粉等。民间艺人纷至沓来如捏泥人、做糖画、吹糖人、编鸟笼、竹编小动物、书写字画等。更有民众自发参与的传统滇剧、花灯演出伴有扭秧歌、踩高跷、划旱船、舞龙狮等。自娱自乐达几十日。黑龙潭公园为龙泉探梅投入大量人力物力提升了龙泉探梅品质使该传统习俗影响日益增大。在昆明市非物质遗产保护中心的大力支持下公园成功举办了昆明首届非物质遗产保护展演得到广大市民的高度赞誉。龙泉探梅现已成为昆明地区传统民俗活动开展与传承的重要载体。年龙泉探梅入选云南省第四批省级非物质文化遗产代表性项目名录。,省级,黑龙潭\公园\位于\昆明\北郊\龙泉\山麓\占地面积\公顷\面南\背北\环境优美\主要\景点\有\龙泉探梅\、\龙潭\问\谜\、\鹃\谷闹春\、\蕉林\听雨\、\古塔\吟枫\、\汉祠溯\古\、\碧\溪流\韵\、\松涛\疏影\、\紫极\玄\都\、\英烈\遗芳\是\市民\在\节假日\休闲\聚会\郊游\的\场所\。\据\《\汉书\地理\志\》\记载\此地\汉代\建有\黑水\祠后\又\修建\龙泉\观并经\多次\重修\有\滇\中\第一\祠之誉\。\黑龙潭\的\梅花\种植\始于\唐代\。\清光绪\《\昆明\县志\》\记载\梅之红者\莫盛于\滇\而\龙泉\观之\唐梅\夭矫\离奇\极\人间\所\未有\。\观有\古梅\二株\盘曲\偃\蹇\相传\为\唐时\所植\。\自\唐代\道安\和尚\亲手\植梅\开始\不断\有\名人\雅士\到\此广植\名木\、\赋诗\吟咏\形成\以\唐梅\、\宋柏\、\元杉\、\明茶\为首\的\植物群落\黑龙潭\最\古老\的\唐梅\也\成为\了\昆明\八景\之一\。\黑龙潭\每年\二月\十九日\观音\圣诞\均\要\做法\事\庆祝\相传\每年\三月初\三上\巳\节凤迦异\唐代\南诏\王子\都\要\到\黑龙潭\祈丰\求雨\水旱\必祷\。\千百年来\民众\到\黑龙潭\祭祀\龙神\祈求\风调雨顺\人\畜\平安\赏梅\活动\也\随之\成为\昆明地区\相对\固定\的\龙泉探梅\传统习俗\延续\至今\。\年\国家\在\黑龙潭\公园\兴建\梅园\占地\余亩\随着\梅园\的\扩建\和\发展\地\栽\梅花\达\两\万余株\盆栽\桩\景\四千余\盆\成为\西南地区\乃至\全国\梅园\面积\最大\、\梅花\数量\最\多\、\树龄\最长\、\品质\最优\的\山水\梅园\。\年\龙泉探梅\被\昆明市\政府\公布\为\昆明\新\十六\景\之一\赏梅\为\主要\活动\。\每年\秋末\初冬\赏梅\习俗\中\人潮\涌动\民族民间\文化\活动\纷呈\。\众多\民间\传统\食品\齐聚\如\米线\、\饵块\、\蒸糕\、\卷粉\、\豆粉\等\。\民间艺人\纷至沓来\如\捏\泥人\、\做\糖\画\、\吹糖\人\、\编\鸟笼\、\竹编\小\动物\、\书写\字画\等\。\更\有\民众\自发\参与\的\传统\滇剧\、\花灯\演出\伴有\扭秧歌\、\踩高跷\、\划\旱船\、\舞龙\狮等\。\自娱自乐\达\几十\日\。\黑龙潭\公园\为\龙泉探梅\投入\大量\人力物力\提升\了\龙泉探梅\品质\使该\传统习俗\影响\日益\增大\。\在\昆明市\非\物质\遗产\保护\中心\的\大力支持\下\公园\成功\举办\了\昆明\首届\非\物质\遗产\保护\展演\得到\广大\市民\的\高度\赞誉\。\龙泉探梅\现已\成为\昆明地区\传统\民俗\活动\开展\与\传承\的\重要\载体\。\年\龙泉探梅\入选\云南省\第四批\省级\非物质文化\遗产\代表性\项目\名录\。,
傣族传统武术,第三批,传统体育、游艺与杂技,云南省景洪市,傣族传统武术历史悠久项目众多傣语称为整傣是傣族先民在生产劳作和狩猎过程中为抵御毒虫、飞禽、猛兽的侵害从它们的动作神态中得到启发经过模仿学习而创造出来的。傣族传统武术可分为拳术、器械、对练三种类型。拳术类主要包括四方拳、花拳、环绕拳、肘拳、拳术、防卫拳、圆圈拳、梅花坑、二十五路综合拳等器械类的有枪术、匕首、单刀、双刀、四棱铁、长短棍术等对练类的则有单刀对双棍、双刀对棍、四闷拳对练、徒手对双刀等。傣族传统武术不仅是攻击防身之术在表演时更具有观赏价值表演时要以象脚鼓、铓、镲等传统打击乐器作为伴奏其动作、步法、身段等与打击乐节奏协调一致既有武术的威武气势又有舞蹈的美感韵律。随着经济社会的发展传统观念和传统文化受到强烈冲击傣族传统武术逐步淡出人们的视野年轻一辈愿意学习和传承的很少傣族传统武术的传承发展亟须加强保护。年傣族传统武术入选云南省第三批省级非物质文化遗产代表性项目名录。项目代表性传承人是波温旺。圆圈拳傣语整咩赖勐绝招拳傣语整咩破,省级,傣族传统武术\历史悠久\项目\众多\傣语\称为\整傣是\傣族\先民\在\生产\劳作\和\狩猎\过程\中为\抵御\毒虫\、\飞禽\、\猛兽\的\侵害\从\它们\的\动作\神态\中\得到\启发\经过\模仿\学习\而\创造\出来\的\。\傣族传统武术\可\分为\拳术\、\器械\、\对练\三种\类型\。\拳术\类\主要\包括\四方\拳\、\花拳\、\环绕\拳\、\肘拳\、\拳术\、\防卫\拳\、\圆圈\拳\、\梅花\坑\、\二十五\路\综合\拳\等\器械\类\的\有\枪术\、\匕首\、\单刀\、\双刀\、\四棱铁\、\长短\棍术\等\对练\类\的\则\有\单刀\对\双棍\、\双刀\对棍\、\四闷\拳\对练\、\徒手\对\双刀\等\。\傣族传统武术\不仅\是\攻击\防身\之术\在\表演\时\更\具有\观赏价值\表演\时要\以\象脚鼓\、\铓\、\镲\等\传统\打击乐器\作为\伴奏\其\动作\、\步法\、\身段\等\与\打击乐\节奏\协调一致\既有\武术\的\威武\气势\又\有\舞蹈\的\美感\韵律\。\随着\经济社会\的\发展\传统观念\和\传统文化\受到\强烈\冲击\傣族传统武术\逐步\淡出\人们\的\视野\年轻\一辈\愿意\学习\和\传承\的\很少\傣族传统武术\的\传承\发展\亟须\加强\保护\。\年\傣族传统武术\入选\云南省\第三批\省级\非物质文化\遗产\代表性\项目\名录\。\项目\代表性\传承\人\是\波\温旺\。\圆圈\拳\傣语\整\咩\赖\勐\绝招\拳\傣语\整\咩\破,傣族
栽秧会,第四批,民俗,大理市非物质文化遗产保护管理所,每年五月栽插水稻秧苗的季节白族聚居的村寨都要举行栽秧会。栽秧会既是一种传统稻作祭祀与生产劳动相结合的群众性娱乐活动又是临时性的妇女插秧互助组织。人们自愿组织起来以换工的形式进行集体栽插。通过民主协商推选出一位能说会道、风趣幽默、生产经验丰富的劳动能手担任秧官负责劳动协调、技术指导同时还负责在田间地头临时组织娱乐活动大家都听从她的指挥、安排和调动。每个临时栽秧组织都有自己的标志秧旗旗杆一般有三丈多高顶端彩扎有升斗象征五谷丰登。从开秧门那天起秧旗就一直飘扬在田头。秧旗下人们随着音乐节奏的快慢、起伏展开劳动竞赛。秧官在栽秧会的整个生产娱乐活动中最为繁忙她既要指挥人们插好秧苗也要忙着安排曲子、组织演奏和插秧时的插科打诨、嬉戏逗情使繁重的生产劳动在欢乐的气氛中度过。栽秧结束后还要举行关秧门仪式紧接着开展田家乐娱乐活动又称谢水节酬谢、祭祀水神、龙王、田公、地母等各路神仙。整个活动显得风趣、诙谐充满着喜庆的节日气氛。栽秧会也是农业信仰的宗教祭祀活动同时起到了调节社会关系的作用。随着农业产业化的不断发展新型农用机械不断更新和投入使用栽秧会这种以换工方式进行集体插秧的劳动互助组织逐渐松散民俗文化活动也逐渐简化。年栽秧会入选云南省第四批省级非物质文化遗产代表性项目名录。,省级,每年\五月\栽插\水稻\秧苗\的\季节\白族\聚居\的\村寨\都\要\举行\栽秧会\。\栽秧会\既\是\一种\传统\稻作\祭祀\与\生产\劳动\相结合\的\群众性\娱乐活动\又\是\临时性\的\妇女\插秧\互助\组织\。\人们\自愿\组织\起来\以\换工\的\形式\进行\集体\栽插\。\通过\民主协商\推选\出\一位\能说会道\、\风趣\幽默\、\生产\经验丰富\的\劳动\能手\担任\秧官\负责\劳动\协调\、\技术\指导\同时\还\负责\在\田间\地头\临时\组织\娱乐活动\大家\都\听从\她\的\指挥\、\安排\和\调动\。\每个\临时\栽秧\组织\都\有\自己\的\标志\秧旗\旗杆\一般\有\三丈\多高\顶端\彩扎\有\升斗\象征\五谷丰登\。\从\开秧门\那天\起秧旗\就\一直\飘扬\在\田头\。\秧\旗下\人们\随着\音乐\节奏\的\快慢\、\起伏\展开\劳动竞赛\。\秧官\在\栽秧会\的\整个\生产\娱乐活动\中\最为\繁忙\她\既\要\指挥\人们\插好\秧苗\也\要\忙\着\安排\曲子\、\组织\演奏\和\插秧\时\的\插科打诨\、\嬉戏\逗情\使\繁重\的\生产\劳动\在\欢乐\的\气氛\中\度过\。\栽秧\结束\后\还要\举行\关秧门\仪式\紧接着\开展\田家\乐\娱乐活动\又称\谢水节\酬谢\、\祭祀\水神\、\龙王\、\田公\、\地母\等\各路\神仙\。\整个\活动\显得\风趣\、\诙谐\充满\着\喜庆\的\节日\气氛\。\栽秧会\也\是\农业\信仰\的\宗教\祭祀\活动\同时\起到\了\调节\社会关系\的\作用\。\随着\农业\产业化\的\不断\发展\新型\农用\机械\不断更新\和\投入使用\栽秧会\这种\以\换工\方式\进行\集体\插秧\的\劳动\互助\组织\逐渐\松散\民俗文化\活动\也\逐渐\简化\。\年\栽秧会\入选\云南省\第四批\省级\非物质文化\遗产\代表性\项目\名录\。,白族
宝翰轩字画装裱修复技艺,第三批,传统技艺,云南省昆明市,宝翰轩字画装裱修复技艺由创始人张宝善创建于年他在继承传统手工修复字画技艺的同时根据云南昆明的地理气候特点不断摸索创新逐渐形成了滇派装裱修复的风格。宝翰轩字画装裱修复技艺有手工装裱、镶覆和砑装等过程。首先用排笔把平铺于案台的绫、绢蘸水刷透再用干毛巾将水分吸干使绫绢紧绷案面。再刷浆糊将需要修复的书画采取边展边托的方式置于绫绢之上以棕刷排实揭去后晾在墙上其次是托镶料纸、裱背纸用稀浆水把每一层纸刷平刷匀后逐层托展再用棕刷刷实晾干之后把用水浸泡的颜料和胶的混合物渐次刷于托纸的表面和纸、绢、绫的正面后再上墙晾干最后是托裱对于不易掉色的画采用湿托法对于易掉色的画则采用平托法镶覆是指将托好的画裁去多余的局条在画的四周镶覆上所需要的圈档、上下隔水、天地头、惊燕、绫小边或通天小边等各种材料然后在其背面刷浆水粘上覆背纸即可而砑装则是对覆背后的裱件用砑石砑磨装配天地杆、轴头在杆上穿绳悬挂。经过宝翰轩装裱过的书画作品不仅颜色搭配协调雅致、干净平整、柔软结实还能在长时间的悬挂和保存中不起皱不生虫、不变形。由于用于制作装裱的原材料成本较高而且不易采购又受到省外特别是机制装裱工艺低成本工艺的影响所以市场部分萎缩前景不乐观亟待加强保护。年宝翰轩字画装裱修复技艺制作工艺入选云南省第三批省级非物质文化遗产代表性项目名录。项目代表性传承人是张惠玲、张志宏。,省级,宝翰轩字画装裱修复技艺\由\创始人\张宝\善\创建\于\年\他\在\继承\传统\手工\修复\字画\技艺\的\同时\根据\云南昆明\的\地理\气候\特点\不断\摸索\创新\逐渐\形成\了\滇\派\装裱\修复\的\风格\。\宝翰轩字画装裱修复技艺\有\手工\装裱\、\镶覆\和\砑\装\等\过程\。\首先\用\排笔\把\平铺\于案\台\的\绫\、\绢\蘸\水刷\透\再\用\干\毛巾\将\水分\吸干\使\绫绢\紧绷\案面\。\再刷\浆糊\将\需要\修复\的\书画\采取\边展\边托\的\方式\置于\绫绢\之上\以\棕刷\排实\揭去\后\晾\在\墙上\其次\是\托\镶料\纸\、\裱\背纸\用\稀\浆水\把\每\一层\纸刷\平刷匀\后\逐层\托展\再\用\棕\刷刷\实\晾干\之后\把\用水\浸泡\的\颜料\和\胶\的\混合物\渐次\刷于\托纸\的\表面\和\纸\、\绢\、\绫\的\正面\后\再\上\墙\晾干\最后\是\托\裱\对于\不易\掉色\的\画\采用\湿托法\对于\易\掉色\的\画\则\采用\平托法\镶\覆\是\指\将\托\好\的\画裁\去\多余\的\局条\在\画\的\四周\镶覆上\所\需要\的\圈\档\、\上下\隔水\、\天地\头\、\惊燕\、\绫小边\或\通天\小边\等\各种\材料\然后\在\其\背面\刷浆\水粘上\覆\背纸\即可\而\砑\装则\是\对\覆\背后\的\裱件\用\砑\石\砑\磨\装配\天地\杆\、\轴头\在\杆\上\穿\绳\悬挂\。\经过\宝翰轩\装裱\过\的\书画作品\不仅\颜色\搭配\协调\雅致\、\干净\平整\、\柔软\结实\还\能\在\长时间\的\悬挂\和\保存\中\不\起皱\不生虫\、\不\变形\。\由于\用于\制作\装裱\的\原材料\成本\较\高\而且\不易\采购\又\受到\省外\特别\是\机制\装裱\工艺\低成本\工艺\的\影响\所以\市场\部分\萎缩\前景\不\乐观\亟待\加强\保护\。\年\宝翰轩字画装裱修复技艺\制作\工艺\入选\云南省\第三批\省级\非物质文化\遗产\代表性\项目\名录\。\项目\代表性\传承\人\是\张惠玲\、\张志宏\。,
羊皮舞,第三批,传统舞蹈,云南省普洱市景东县文化馆,羊皮舞节奏欢快热烈动作粗犷豪迈是普洱市景东县安定镇广为流传的彝族传统舞蹈。表演者不分年龄性别通常由十几人至几十人的队伍组成以三弦、芦笙、竹笛为主要伴奏乐器。羊皮舞以有节奏的拍打羊皮褂来统一步调动作以甩步、跺脚、跳步、转身为主要特征队形为两排或两个独立的圆圈每套动作又有各自不同的旋律和形式唱词内容以祝贺新人相亲相爱、百年好合为主也有男女对唱的情歌。在安定乡青联村有着可容纳上千人同时进行表演的打歌场每月初四、十四、二十四和传统节日都会组织打歌活动以春节、元宵节最为隆重。在活动现场上百人的队伍围成圆圈同时唱跳本村还会组织与邻村的队伍进行对唱比歌同时还会编排诙谐的歌词调动氛围场面热闹壮观。羊皮舞充满着浓郁的民族风格和地域风情在当地有着广泛的群众基础具有较高的艺术观赏性既适合群众自娱自乐的大规模现场表演又可参与舞台演出。年羊皮舞入选云南省第三批省级非物质文化遗产代表性项目名录。项目代表性传承人是吴治东。羊皮舞表演,省级,羊皮舞\节奏\欢快\热烈\动作\粗犷\豪迈\是\普洱\市\景东\县\安定\镇\广为流传\的\彝族\传统\舞蹈\。\表演者\不\分\年龄\性别\通常\由\十几人\至\几十人\的\队伍\组成\以\三弦\、\芦笙\、\竹笛\为\主要\伴奏\乐器\。\羊皮舞\以有\节奏\的\拍打\羊皮\褂来\统一\步调\动作\以\甩步\、\跺脚\、\跳步\、\转身\为\主要\特征\队形\为\两排\或\两个\独立\的\圆圈\每套\动作\又\有\各自\不同\的\旋律\和\形式\唱词\内容\以\祝贺\新人\相亲相爱\、\百年好合\为主\也\有\男女\对唱\的\情歌\。\在\安定\乡\青联\村\有着\可\容纳\上千人\同时\进行\表演\的\打歌\场\每月\初四\、\十四\、\二十四\和\传统节日\都\会\组织\打歌\活动\以\春节\、\元宵节\最为\隆重\。\在\活动\现场\上百人\的\队伍\围成\圆圈\同时\唱\跳\本村\还会\组织\与\邻村\的\队伍\进行\对唱\比歌\同时\还会\编排\诙谐\的\歌词\调动\氛围\场面\热闹\壮观\。\羊皮舞\充满\着\浓郁\的\民族风格\和\地域\风情\在\当地\有着\广泛\的\群众\基础\具有\较\高\的\艺术\观赏性\既\适合\群众\自娱自乐\的\大规模\现场表演\又\可\参与\舞台\演出\。\年\羊皮舞\入选\云南省\第三批\省级\非物质文化\遗产\代表性\项目\名录\。\项目\代表性\传承\人\是\吴治东\。\羊皮舞\表演,彝族
草人舞,第三批,传统舞蹈,云南省文山州砚山县民族文化群众艺术馆,草人舞属壮族土支系民间传统祭祀性舞蹈衍生于壮族传统稻作文化与四季岁时节令紧密联系反映农业生产各个重要阶段人们的生活习惯、耕作经验和追求幸福的迫切愿望。在砚山县境内最大的壮族土支系村寨之一的大新每年春节后的正月第一个属猪日都要举行开年节跳草人舞便是开年节的重要内容之一。草人舞利用稻草编织成衣服和类别丰富的头饰装扮不同形态的草人来代表不同的寓意。有龙头、蚂螂头、羊角、牛角四式动物头饰其余头饰大致相同根据舞蹈动作的不同可分饰老虎、打虎壮汉、撒种妇女、犁地农夫、新娘子等角色使用二胡、三弦、鼓、镲等传统民间乐器进行伴奏舞蹈动作没有过多繁杂套路表演道具均为村民日常耕作时使用的犁、耙、锄头、镰刀等。草人舞表演队伍没有严格的人数限制但化扑唦把男孩化妆成女孩却是不变的传统习俗生动地再现了壮族先民传统稻作以及生产生活场景。草人舞历史久远集歌、舞、乐为一体。舞蹈、歌词、道具、服饰与四季节令、自然循环、稻作传统紧密结合形式独特具有浓厚的民族特色和较高的艺术研究价值。年草人舞入选云南省第三批省级非物质文化遗产代表性项目名录。项目代表性传承人是罗启桢、白玉能。草人舞表演的稻草服饰草人舞表演的男扮女人演员在包头饰,省级,草人舞\属\壮族\土\支系\民间\传统\祭祀\性\舞蹈\衍生\于\壮族\传统\稻作\文化\与\四季\岁\时\节令\紧密联系\反映\农业\生产\各个\重要\阶段\人们\的\生活习惯\、\耕作\经验\和\追求幸福\的\迫切愿望\。\在\砚山县\境内\最大\的\壮族\土\支系\村寨\之一\的\大\新\每年\春节\后\的\正月\第一个\属猪\日\都\要\举行\开\年节\跳\草人舞\便是\开\年节\的\重要\内容\之一\。\草人舞\利用\稻草\编织成\衣服\和\类别\丰富\的\头饰\装扮\不同\形态\的\草人来\代表\不同\的\寓意\。\有\龙头\、\蚂螂\头\、\羊角\、\牛角\四\式\动物\头饰\其余\头饰\大致相同\根据\舞蹈动作\的\不同\可\分饰\老虎\、\打虎\壮汉\、\撒种\妇女\、\犁地\农夫\、\新娘子\等\角色\使用\二胡\、\三弦\、\鼓\、\镲\等\传统\民间\乐器\进行\伴奏\舞蹈动作\没有\过多\繁杂\套路\表演\道具\均\为\村民\日常\耕作\时\使用\的\犁\、\耙\、\锄头\、\镰刀\等\。\草人舞\表演\队伍\没有\严格\的\人数\限制\但化\扑\唦\把\男孩\化妆\成\女孩\却是\不变\的\传统习俗\生动\地\再现\了\壮族\先民\传统\稻作\以及\生产\生活\场景\。\草人舞\历史\久远\集歌\、\舞\、\乐为\一体\。\舞蹈\、\歌词\、\道具\、\服饰\与\四季\节令\、\自然\循环\、\稻作\传统\紧密结合\形式\独特\具有\浓厚\的\民族特色\和\较\高\的\艺术\研究\价值\。\年\草人舞\入选\云南省\第三批\省级\非物质文化\遗产\代表性\项目\名录\。\项目\代表性\传承\人\是\罗启桢\、\白玉\能\。\草人舞\表演\的\稻草\服饰\草人舞\表演\的\男扮\女人\演员\在\包头\饰,壮族
丁王村傈僳族传统文化生态保护区,第四批,民族传统文化生态保护区,云南省华坪县,保护区位于丽江市华坪县通达傈僳族乡丁王村该村下辖个村民小组面积平方千米全村有户人年统计均为傈僳族。丁王村历史悠久公元年就有傈僳族迁入定居。村内自然生态环境良好种植业和养殖业是村民的主要经济来源。保护区传统民居建筑属木楞房就地取材建造方便具有典型的傈僳族民居特色分上下两院上院用于主人居住和晾晒粮食下院用于喂养家禽和牲口。保护区非物质文化遗产资源丰富传统歌舞、服饰尤具特色。歌舞有《放猪调》《放羊调》《葫芦笙舞》《阔时调》《洗麻纱》等。山歌内容丰富唱法多样如过节唱欢乐调劳动时唱劳动调嫁娶时唱媒人调、离娘调、母子调、过山调丧葬时唱呢扒调等。当地妇女服饰以黄、红、蓝、绿为主要色调色彩绚丽被称为花傈僳。每年农历十二月二十日举行的阔时节是傈僳族的新年节日期间大家吹起葫芦笙打迎新跳唱迎新歌并举行隆重的仪式整个节日热闹非凡歌舞通宵达旦。当地保留有葫芦笙、灰粑、米酒的传统制作技艺还有傈僳族民间医药。有一批歌舞类传承人和傈僳牧歌文化传承坊演出队、腊姑河村民小组演出队等传承群体村内还建有歌舞表演广场、傈僳族文化展示厅和傈僳族文化传承坊。华坪县政府十分重视丁王村傈僳族传统文化保护群众基础良好。年通达乡被文化部评为中国民间艺术之乡年丁王村被丽江市评为通达丁王村傈僳花傈僳民族民间歌舞之乡。县政府采取资金支持、整理出版非遗书籍等方式加大对丁王村傈僳族文化的保护力度。年丁王村傈僳族传统文化生态保护区入选云南省第四批省级非物质文化遗产代表性项目名录。项目代表性传承人是蔡学珍。,省级,保护区\位于\丽江市\华坪县\通达\傈僳族\乡丁\王村\该村\下辖\个\村民\小组\面积\平方千米\全村\有户\人\年\统计\均\为\傈僳族\。\丁王村\历史悠久\公元\年\就\有\傈僳族\迁入\定居\。\村内\自然\生态环境\良好\种植业\和\养殖业\是\村民\的\主要\经济\来源\。\保护区\传统\民居\建筑\属木楞房\就地取材\建造\方便\具有\典型\的\傈僳族\民居\特色\分\上下\两院\上院\用于\主人\居住\和\晾晒\粮食\下院\用于\喂养\家禽\和\牲口\。\保护区\非物质文化\遗产\资源\丰富\传统\歌舞\、\服饰\尤具\特色\。\歌舞\有\《\放猪\调\》\《\放羊\调\》\《\葫芦\笙舞\》\《\阔\时调\》\《\洗\麻纱\》\等\。\山歌\内容丰富\唱法\多样\如\过节\唱\欢乐\调\劳动\时唱\劳动\调\嫁娶\时唱\媒人\调\、\离娘\调\、\母子\调\、\过山调\丧葬\时唱\呢\扒\调\等\。\当地\妇女\服饰\以黄\、\红\、\蓝\、\绿为\主要\色调\色彩\绚丽\被\称为\花\傈僳\。\每年\农历\十二月\二十日\举行\的\阔\时节\是\傈僳族\的\新年\节日期间\大家\吹\起\葫芦\笙\打\迎新\跳唱\迎新\歌\并\举行\隆重\的\仪式\整个\节日\热闹非凡\歌舞\通宵达旦\。\当地\保留\有\葫芦\笙\、\灰粑\、\米酒\的\传统\制作\技艺\还有\傈僳族\民间\医药\。\有\一批\歌舞\类\传承\人\和\傈僳\牧歌\文化传承\坊\演出队\、\腊姑河\村民\小组\演出队\等\传承\群体\村内\还\建有\歌舞\表演\广场\、\傈僳族\文化\展示厅\和\傈僳族\文化传承\坊\。\华坪县\政府\十分重视\丁王村\傈僳族\传统文化\保护\群众\基础\良好\。\年\通达\乡\被\文化部\评为\中国\民间艺术\之乡\年\丁\王村\被\丽江市\评为\通达\丁王村\傈僳\花\傈僳\民族民间\歌舞\之\乡\。\县政府\采取\资金\支持\、\整理\出版\非遗\书籍\等\方式\加大\对丁\王村\傈僳族\文化\的\保护\力度\。\年\丁王村傈僳族传统文化生态保护区\入选\云南省\第四批\省级\非物质文化\遗产\代表性\项目\名录\。\项目\代表性\传承\人\是\蔡学珍\。,傈僳族
玉溪青花瓷烧制技艺,第三批,传统技艺,云南省玉溪市,青花瓷在玉溪的生产历史悠久始烧制于元末明初是当地传统手工制瓷的代表。玉溪青花瓷的制作以当地天然瓷土、粘土为主要原料经晾晒、浸泡、过滤、淘洗、陈腐、揉炼制作成质地纯净、干湿均匀的瓷泥采用全手工拉坯成型将制好的瓷泥制成各种器形并晾干之后把天然钴土进行淘洗、冶炼再通过绘画、印花、划花、贴花、剔刻、瓷塑等方式在晾干的瓷坯上制作图案采用天然矿物制作釉料需按照一定的配比将釉料淘洗、磨细、陈腐通过浸釉法、粘釉、刷釉等方法在已经画好纹饰的瓷胚外面罩上一层釉水最后是对火焰性质和温度的把握瓷胚经摄氏度左右的高温烧制制作出胎色沉稳、青花深重、釉色青灰的青花瓷。玉溪青花的纹饰主要有植物、动物、人物、文字、辅助纹饰等器具可分为生活用品和工艺品生活器具有碗、盘、盏、杯、盆、碟、罐、壶、油灯、香炉、小瓶等工艺品有种类繁多的瓶、净水碗、花插、笔瓶、香插等其中最具代表性的是玉溪青花青釉玉壶春瓶。玉溪青花瓷烧制技艺在历史上曾中断过加之青花陶瓷工艺技术难度大需要较长时间的学习和丰富的生产实践才能掌握陶瓷生产技艺尤其是拉坯、烧制等工艺较为艰苦年轻人多不愿学玉溪青花瓷烧制技艺后继乏人亟待加强保护。年玉溪青花瓷烧制技艺入选云南省第三批省级非物质文化遗产代表性项目名录。,省级,青花瓷\在\玉溪\的\生产\历史悠久\始\烧制\于\元末明\初是\当地\传统\手工\制瓷\的\代表\。\玉溪\青花瓷\的\制作\以\当地\天然\瓷土\、\粘土\为\主要\原料\经\晾晒\、\浸泡\、\过滤\、\淘洗\、\陈腐\、\揉\炼制\作成\质地\纯净\、\干湿\均匀\的\瓷\泥\采用\全手工\拉坯\成型\将制\好\的\瓷\泥\制成\各种\器形\并\晾干\之后\把\天然\钴\土\进行\淘洗\、\冶炼\再\通过\绘画\、\印花\、\划花\、\贴花\、\剔刻\、\瓷塑\等\方式\在\晾干\的\瓷坯\上\制作\图案\采用\天然\矿物\制作\釉料\需\按照\一定\的\配比\将\釉料\淘洗\、\磨细\、\陈腐\通过\浸釉法\、\粘釉\、\刷\釉\等\方法\在\已经\画好\纹饰\的\瓷\胚\外面\罩\上\一层\釉水\最后\是\对\火焰\性质\和\温度\的\把握\瓷\胚经\摄氏度\左右\的\高温\烧制\制作\出胎色\沉稳\、\青花\深重\、\釉色\青灰\的\青花瓷\。\玉溪\青花\的\纹饰\主要\有\植物\、\动物\、\人物\、\文字\、\辅助\纹饰\等\器具\可\分为\生活用品\和\工艺品\生活\器具\有碗\、\盘\、\盏\、\杯\、\盆\、\碟\、\罐\、\壶\、\油灯\、\香炉\、\小瓶\等\工艺品\有\种类\繁多\的\瓶\、\净水\碗\、\花插\、\笔瓶\、\香\插\等\其中\最具\代表性\的\是\玉溪\青花\青釉\玉壶春瓶\。\玉溪青花瓷烧制技艺\在历史上\曾\中断\过\加之\青花\陶瓷工艺\技术难度\大\需要\较长时间\的\学习\和\丰富\的\生产实践\才能\掌握\陶瓷\生产\技艺\尤其\是\拉坯\、\烧制\等\工艺\较为\艰苦\年轻人\多不愿学\玉溪青花瓷烧制技艺\后继乏人\亟待\加强\保护\。\年\玉溪青花瓷烧制技艺\入选\云南省\第三批\省级\非物质文化\遗产\代表性\项目\名录\。,
阿卡巴拉舞,第三批,传统舞蹈,云南省迪庆州香格里拉市文化馆,阿卡巴拉舞意为欢庆吉祥是纳西族人民在长期的生产生活实践中产生的以歌舞为载体含有历史、民俗、艺术等内涵的传统舞蹈在每年纳西族最重要的节日农历二月八为祭祀白水女神而跳。阿卡巴拉舞节奏动感欢快主要动作是走、迈、跺、跳双臂前后甩动双膝屈伸踢脚拉手成圈随歌而舞。曲调共有种每个曲调都有着不同的寓意主要内容是歌颂纳西族神话英雄丁巴什罗除妖杀魔为人类带来平安吉祥劝谕人生、伦理道德以及教导世人与自然和谐相处。以师徒传承、家族传承、村寨传承的方式传承传播。舞蹈时身着节日盛装的纳西男女围成圆圈连臂踏歌曲调激昂丰富节奏明快歌词涉及纳西族的历史、文化、社会生产生活等方面饱含对大自然的敬畏和崇拜对美好生活的向往是纳西族民俗和历史的重要体现。阿卡巴拉舞随着时代的发展已成为纳西族各种喜庆节日中大众参与度很高的狂欢性节目在当地有着跳阿卡巴拉舞可以忘记一切苦恼的说法。阿卡巴拉舞对丰富纳西族人民精神生活、维护边疆稳定、促进民族团结有着积极意义。年阿卡巴拉舞入选云南省第三批省级非物质文化遗产代表性项目名录。项目代表性传承人是和尚芳、和德明。,省级,阿卡巴拉舞\意\为\欢庆\吉祥\是\纳西族\人民\在\长期\的\生产\生活实践\中\产生\的\以\歌舞\为\载体\含有\历史\、\民俗\、\艺术\等\内涵\的\传统\舞蹈\在\每年\纳西族\最\重要\的\节日\农历\二月\八为\祭祀\白水\女神\而\跳\。\阿卡巴拉舞\节奏\动感\欢快\主要\动作\是\走\、\迈\、\跺\、\跳\双臂\前后\甩动\双膝\屈伸\踢脚\拉手\成圈\随歌\而\舞\。\曲调\共有\种\每个\曲调\都\有着\不同\的\寓意\主要\内容\是\歌颂\纳西族\神话\英雄\丁巴什罗\除妖\杀\魔\为\人类\带来\平安\吉祥\劝谕\人生\、\伦理道德\以及\教导\世人\与\自然\和谐\相处\。\以\师徒\传承\、\家族\传承\、\村寨\传承\的\方式\传承\传播\。\舞蹈\时\身着\节日\盛装\的\纳西\男女\围成\圆圈\连臂\踏歌\曲调\激昂\丰富\节奏\明快\歌词\涉及\纳西族\的\历史\、\文化\、\社会\生产\生活\等\方面\饱含\对\大自然\的\敬畏\和\崇拜\对\美好生活\的\向往\是\纳西族\民俗\和\历史\的\重要\体现\。\阿卡巴拉舞\随着\时代\的\发展\已\成为\纳西族\各种\喜庆\节日\中\大众\参与度\很\高\的\狂欢\性\节目\在\当地\有着\跳\阿卡巴拉舞\可以\忘记\一切\苦恼\的\说法\。\阿卡巴拉舞\对\丰富\纳西族\人民\精神\生活\、\维护\边疆\稳定\、\促进\民族团结\有着\积极意义\。\年\阿卡巴拉舞\入选\云南省\第三批\省级\非物质文化\遗产\代表性\项目\名录\。\项目\代表性\传承\人\是\和尚\芳\、\和\德明\。,纳西族
团茶制作技艺,云南省第四批,,云南省普洱市景谷傣族彝族自治县,据《景谷县志》载清光绪二十六年景谷街人李文相创办制茶作坊以优质晒青毛茶为原料土法蒸压为月饼形又名团茶。团茶制作技艺以锅灶、衡器、甄子、布袋、内飞、石模、内包棉纸、外包装物、干燥架等为制作工具主要有原料采选、杀青揉晒、蒸压成型、包装入库四个工序。原料选用优质古树大叶茶。杀青是在热锅里用焖、抖结合的手法使鲜叶受热而均匀地失去部分水分充分释放出茶叶内的芳香物。这一步的关键在于温度的掌握全凭经验和手感温度过低则鲜叶的生涩味不能去除温度过高则对茶叶中的活性酶破坏太大不利于后期发酵和茶多酚类物质的保留。揉捻是用手搓揉已杀青的茶叶关键在轻重把握和着力方向使茶叶细胞破裂程度适当保证在冲泡时能均匀地释放浸出物技法高低直接影响茶叶品味和芽条造型优劣。蒸压成型即将晒青茶经过蒸软、袋揉、压模定型、干燥、包装等工序制成各种形状的紧压茶关键在蒸制程度和模压力度的掌握需保持紧而不实、疏而不松的形状。景谷县茶区数量多、分布广古茶园密度高、产量高古茶树未经矮化树龄长茶叶芽头肥壮、质量好、条索长、味道纯正在除西藏、新疆外的全国各省市和日本、韩国、英国等地建立了销售网络产品行销海内外。团茶是茶品形态从散茶到紧压茶过渡过程中的产品在普洱茶历史文化中具有重要意义。年团茶制作技艺入选云南省第四批省级非物质文化遗产代表性项目名录。项目代表性传承人是李明。,省级,据\《\景谷\县志\》\载\清光绪\二十六年\景谷\街人\李文相\创办\制茶\作坊\以\优质\晒青\毛茶\为\原料\土法\蒸压\为\月饼\形\又名\团茶\。\团茶制作技艺\以\锅灶\、\衡器\、\甄子\、\布袋\、\内飞\、\石模\、\内包\棉纸\、\外包装\物\、\干燥\架\等\为\制作\工具\主要\有\原料\采选\、\杀青\揉\晒\、\蒸压\成型\、\包装\入库\四个\工序\。\原料\选用\优质\古树\大叶茶\。\杀青\是\在\热锅\里\用\焖\、\抖\结合\的\手法\使\鲜叶\受热\而\均匀\地\失去\部分\水分\充分\释放出\茶叶\内\的\芳香\物\。\这\一步\的\关键在于\温度\的\掌握\全凭\经验\和\手感\温度\过低\则\鲜叶\的\生\涩味\不能\去除\温度\过高则\对\茶叶\中\的\活性\酶\破坏\太\大\不利于\后期\发酵\和\茶多酚\类物质\的\保留\。\揉\捻\是\用\手\搓揉\已\杀青\的\茶叶\关键\在\轻重\把握\和\着力\方向\使\茶叶\细胞\破裂\程度\适当\保证\在\冲泡\时能\均匀\地\释放\浸出物\技法\高低\直接\影响\茶叶\品味\和\芽\条\造型\优劣\。\蒸压\成型\即将\晒\青茶\经过\蒸软\、\袋\揉\、\压模\定型\、\干燥\、\包装\等\工序\制成\各种\形状\的\紧压茶\关键\在\蒸制\程度\和\模压\力度\的\掌握\需\保持\紧而\不实\、\疏而\不松\的\形状\。\景谷\县\茶区\数量\多\、\分布\广古\茶园\密度\高\、\产量\高古\茶树\未经\矮化\树龄\长\茶叶\芽头\肥壮\、\质量\好\、\条索长\、\味道\纯正\在\除\西藏\、\新疆\外\的\全国\各省市\和\日本\、\韩国\、\英国\等\地\建立\了\销售\网络产品\行销\海内外\。\团茶\是\茶品\形态\从散\茶\到\紧压茶\过渡\过程\中\的\产品\在\普洱茶\历史\文化\中\具有\重要\意义\。\年\团茶制作技艺\入选\云南省\第四批\省级\非物质文化\遗产\代表性\项目\名录\。\项目\代表性\传承\人\是\李明\。,
宁蒗朱氏诊疗法,第三批,传统医药,丽江市非物质文化遗产保护中心,宁蒗傈僳族朱氏传统医药以口耳相传的方式保存和传承生产生活实践中的经验记忆。朱氏诊疗法主要以宁蒗翠玉库脚山上新鲜药物为主药多用单方少有配方。常见的药物有冬虫夏草、茯苓、灵芝、雪茶、云黄连、珠子参、天麻、虫楼、贝母、白芨、石斛、辛荑和草乌等。朱氏诊疗法是在对患者进行心理引导的基础上以内服汤药为主要的治疗手段治疗骨折、跌打损伤、骨质增生、腰椎间盘突出等病症同时辅以中药提速器等设备使用疏通经络秘方以行气血再用活血化瘀秘方对患病部位辨证施治。朱氏诊疗法治疗范围广尤其是针对各种疑难杂症的治疗特别是骨科独特的治疗手段因其疗程短、治愈率高、病人痛苦少、显著疗效备受傈僳族患者推崇对发展祖国民族医药的多样性有着不可替代的作用。由于大量的外地药商频繁涌入宁蒗县傈僳族居住区收购药材使得传统的药用植物资源受到了一定程度的破坏加之朱氏家族恪守传统口传心授的传承规则导致大多数傈僳族民间秘方已经失传这些因素都制约了朱氏诊疗法的传承和发展。年宁蒗朱氏诊疗法入选云南省第三批省级非物质文化遗产代表性项目名录。项目代表性传承人是朱瑞林。,省级,宁蒗\傈僳族\朱氏\传统\医药\以\口耳相传\的\方式\保存\和\传承\生产\生活实践\中\的\经验\记忆\。\朱氏\诊疗\法\主要\以\宁蒗\翠玉\库脚\山上\新鲜\药物\为主\药\多用\单方\少有\配方\。\常见\的\药物\有\冬虫夏草\、\茯苓\、\灵芝\、\雪茶\、\云\黄连\、\珠子参\、\天麻\、\虫楼\、\贝母\、\白芨\、\石斛\、\辛荑\和\草乌\等\。\朱氏\诊疗\法是\在\对\患者\进行\心理\引导\的\基础\上以\内服\汤药\为\主要\的\治疗\手段\治疗\骨折\、\跌打损伤\、\骨质增生\、\腰椎间盘\突出\等\病症\同时\辅以\中药\提速\器\等\设备\使用\疏通\经络\秘方\以行\气血\再用\活血化瘀\秘方\对\患病\部位\辨证\施治\。\朱氏\诊疗\法\治疗\范围广\尤其\是\针对\各种\疑难杂症\的\治疗\特别\是\骨科\独特\的\治疗\手段\因\其\疗程短\、\治愈率\高\、\病人\痛苦\少\、\显著\疗效\备受\傈僳族\患者\推崇\对\发展\祖国\民族\医药\的\多样性\有着\不可\替代\的\作用\。\由于\大量\的\外地\药商\频繁\涌入\宁蒗\县\傈僳族\居住区\收购\药材\使得\传统\的\药用植物\资源\受到\了\一定\程度\的\破坏\加之\朱氏\家族\恪守\传统\口传心授\的\传承\规则\导致\大多数\傈僳族\民间\秘方\已经\失传\这些\因素\都\制约\了\朱氏\诊疗\法\的\传承\和\发展\。\年\宁蒗朱氏诊疗法\入选\云南省\第三批\省级\非物质文化\遗产\代表性\项目\名录\。\项目\代表性\传承\人\是\朱瑞林\。,傈僳族
吾母村纳西族传统文化生态保护区,第四批,民族传统文化生态保护区,云南省玉龙纳西族自治县,保护区位于丽江市玉龙纳西族自治县宝山乡吾母村该村下辖个自然村个村民小组面积平方千米全村有户人年统计。保护区森林覆盖率达以上生态环境优美梯田风光壮观交通便利民风淳朴。吾母村相传建于北宋之前有殉情岩洞、培德桥等古迹还保留着多座清代和民国时期建造的纳西族传统粮仓体现了吾母发达的农耕文化。保护区内民居大多为土木结构比较常见的有四合五天井三坊一照壁、前后院、一院两进等形式保存完好。保护区至今仍保留着大量的非物质文化遗产资源。从农历一月到十一月每月都有不同的祭祀活动有祭天、祭水神、祭山神、祭战神、祭谷神、祭牧神、祭祖先等甚至吃新米、杀年猪都要举办祭祀活动沿袭至今。传统节日有春节、三多节、清明节、端午节、火把节、牧人建丹节、祭祖节、中秋节、吃新米节等。村中保留着传统的村规民约还有纳西族天文历法、民间医药知识和古老的东巴文字。民间文学有《祭天古歌》《吾母的由来》、各种谚语等。传统音乐有在祭天、祭山神或丧葬仪式上唱的喂默达、哦热热在劳作之余唱的伟热热、纳谷、谷气、啊丽里、劝牛调、栽秧调以及纳西古乐等。传统舞蹈有东巴舞、葫芦笙锅庄舞、笛子打跳。传统美术有剪纸、纸扎、木雕、石雕、东巴画等。传统技艺有东巴造纸、烧瓦、竹编、草编、兽皮加工制作、纺织、铸铁、颜料制作、纳西族服饰制作等。民间体育活动有秋千、摔跤、鲁喷即玩石头、斗牛、斗羊等。纳西族服饰古雅淳朴其中的东巴服饰是一种体现了原始信仰、观念、想象的有意味的形式。吾母村是丽江市辖区内东巴祭祀仪式保存最为完整的村落。为了保留传统的东巴文化保护区于年成立了东巴文化传承协会。协会不仅组织老东巴向会员传授各种东巴文化知识还为当地五峰完小每周举行两次东巴文化知识讲座现在有会员多名培养了一批东巴文化传承人。年吾母村纳西族传统文化生态保护区入选云南省第四批省级非物质文化遗产代表性项目名录。项目代表性传承人是和茂椿、和继泉。,省级,保护区\位于\丽江市\玉龙纳西族自治县\宝山\乡吾母\村\该村\下辖\个\自然村\个\村民\小组\面积\平方千米\全村\有户\人\年\统计\。\保护区\森林\覆盖率\达\以上\生态\环境优美\梯田\风光\壮观\交通\便利\民风\淳朴\。\吾\母村\相传\建于\北宋\之前\有\殉情\岩洞\、\培德桥\等\古迹\还\保留\着\多座\清代\和\民国时期\建造\的\纳西族\传统\粮仓\体现\了\吾\母\发达\的\农耕\文化\。\保护区\内\民居\大多\为土\木结构\比较\常见\的\有\四合\五\天井\三坊\一\照壁\、\前\后院\、\一院\两进\等\形式\保存\完好\。\保护区\至今\仍\保留\着\大量\的\非物质文化\遗产\资源\。\从\农历\一月\到\十一月\每月\都\有\不同\的\祭祀\活动\有\祭天\、\祭\水神\、\祭\山神\、\祭\战神\、\祭谷神\、\祭\牧神\、\祭祖\先\等\甚至\吃\新米\、\杀年\猪\都\要\举办\祭祀\活动\沿袭\至今\。\传统节日\有\春节\、\三\多节\、\清明节\、\端午节\、\火把节\、\牧人\建丹节\、\祭祖\节\、\中秋节\、\吃\新米节\等\。\村中\保留\着\传统\的\村规民约\还有\纳西族\天文\历法\、\民间\医药\知识\和\古老\的\东巴\文字\。\民间文学\有\《\祭天\古歌\》\《\吾\母\的\由\来\》\、\各种\谚语\等\。\传统\音乐\有\在\祭天\、\祭\山神\或\丧葬仪式\上\唱\的\喂\默达\、\哦\热热\在\劳作\之余唱\的\伟\热热\、\纳谷\、\谷气\、\啊丽里\、\劝牛调\、\栽秧\调\以及\纳西\古乐\等\。\传统\舞蹈\有\东巴舞\、\葫芦\笙\锅庄\舞\、\笛子\打跳\。\传统\美术\有\剪纸\、\纸扎\、\木雕\、\石雕\、\东巴画\等\。\传统\技艺\有\东巴\造纸\、\烧瓦\、\竹编\、\草编\、\兽皮\加工\制作\、\纺织\、\铸铁\、\颜料\制作\、\纳西族\服饰\制作\等\。\民间\体育\活动\有\秋千\、\摔跤\、\鲁喷即\玩\石头\、\斗牛\、\斗羊\等\。\纳西族\服饰\古雅\淳朴\其中\的\东巴\服饰\是\一种\体现\了\原始\信仰\、\观念\、\想象\的\有\意味\的\形式\。\吾\母村\是\丽江\市辖区\内\东巴\祭祀\仪式\保存\最为\完整\的\村落\。\为了\保留\传统\的\东巴文化\保护区\于\年\成立\了\东巴文化\传承\协会\。\协会\不仅\组织\老\东巴\向\会员\传授\各种\东巴文化\知识\还\为\当地\五峰\完小\每周\举行\两次\东巴文化\知识讲座\现在\有\会员\多名\培养\了\一批\东巴文化\传承\人\。\年\吾母村纳西族传统文化生态保护区\入选\云南省\第四批\省级\非物质文化\遗产\代表性\项目\名录\。\项目\代表性\传承\人\是\和\茂椿\、\和\继泉\。,纳西族
马树红毡制作技艺,云南省第三批,传统技艺,云南省巧家县,红毡的历史可追溯到东晋是滇东北乌蒙山区原生态民间工艺品。中原汉民族迁入云南巧家县他们的文化和当地彝族的文化相融合马树红毡的制作技艺正是民族文化融合的结晶。马树红毡的制作是具有鲜明地域特色的民间手工技艺它是将纯羊毛擀制成床毡、桌毡、毡包等并在红毡上绘制吉祥、喜庆的民间美术图案既利于健康又有较高的美学价值一直深受消费者的青睐。毛毡以红色或绿色为主调以天然的半细纯羊毛和优质面粉为原料。首先分别擀制出毡子、毡包、毡褂、毡衫等主要工序是选优质羊毛、弹羊毛、铺羊毛、踩帘子、清洗毡子半成品、搓揉半成品、清洗、搓边、清洗、晾干等。接着将优质面粉与水按一定比例混合搅拌成面浆再加上白、黄、绿、红等色浆。然后在红毡上绘制吉祥图案再用特制颜料煮染清洗后晾晒即成整个生产过程有多道工序。纹样色彩对比强烈图案朴拙画面热烈喜庆体现了民间艺人对生活的理解和对幸福的祈求。马树红毡之所以品质优良主要因为以优质半细羊毛为原材料。在传承过程中遵循传内不传外传男不传女的原则使这门手工艺显得神秘传播范围极其有限。马树红毡制作技艺是具有鲜明地域特色的民间手工技艺有较高的美学价值。经过十四代传承者的继承和发扬制品的种类和形式日渐丰富。年马树红毡制作技艺入选云南省级非物质文化遗产代表性项目名录扩展项目名录。项目代表性传承人是洪顺章。,省级,红毡\的\历史\可追溯\到\东晋\是\滇\东北\乌蒙山\区\原生态\民间\工艺品\。\中原\汉\民族\迁入\云南\巧家县\他们\的\文化\和\当地\彝族\的\文化\相\融合\马树红\毡\的\制作\技艺\正是\民族\文化融合\的\结晶\。\马树红\毡\的\制作\是\具有\鲜明\地域\特色\的\民间\手工\技艺\它\是\将\纯羊毛\擀\制成\床\毡\、\桌毡\、\毡包\等\并\在\红\毡\上\绘制\吉祥\、\喜庆\的\民间美术\图案\既\利于\健康\又\有\较\高\的\美学\价值\一直\深受\消费者\的\青睐\。\毛毡\以\红色\或\绿色\为主\调以\天然\的\半细\纯羊毛\和\优质\面粉\为\原料\。\首先\分别\擀\制出\毡子\、\毡包\、\毡\褂\、\毡衫\等\主要\工序\是\选\优质\羊毛\、\弹\羊毛\、\铺\羊毛\、\踩\帘子\、\清洗\毡子\半成品\、\搓揉\半成品\、\清洗\、\搓\边\、\清洗\、\晾干\等\。\接着\将\优质\面粉\与\水\按\一定\比例\混合\搅拌\成\面浆\再\加上\白\、\黄\、\绿\、\红等色\浆\。\然后\在\红\毡\上\绘制\吉祥图案\再用\特制\颜料\煮染\清洗\后\晾晒\即\成\整个\生产\过程\有\多\道工序\。\纹样\色彩\对比\强烈\图案\朴拙\画面\热烈\喜庆\体现\了\民间艺人\对\生活\的\理解\和\对\幸福\的\祈求\。\马树红\毡\之所以\品质\优良\主要\因为\以\优质\半\细羊毛\为\原材料\。\在\传承\过程\中\遵循\传内\不传\外传\男不传\女\的\原则\使\这门\手工艺\显得\神秘\传播\范围\极其\有限\。\马树红毡制作技艺\是\具有\鲜明\地域\特色\的\民间\手工\技艺\有\较\高\的\美学\价值\。\经过\十四\代\传承者\的\继承\和\发扬\制品\的\种类\和\形式\日渐\丰富\。\年\马树红毡制作技艺\入选\云南\省级\非物质文化\遗产\代表性\项目\名录\扩展\项目\名录\。\项目\代表性\传承\人\是\洪顺章\。,彝族
彝族小豹子笙,第四批,传统舞蹈,云南省楚雄州双柏县文化馆,彝族小豹子笙是一种具有驱鬼逐疫、祭祀功能的傩舞是彝族纳苏支系的一个舞种。彝语称移蒙赖克余汉意为豹子化妆。当地彝族自古信奉土主神和山神信奉万物有灵好灵则祭坏灵则驱。当地先民视豹为灵神认为豹子的速度迅捷异常动作矫健为当地常见的兽中之王因此称王奉之。彝族小豹子笙的基本动作有挑棍、戳棍、对棍、绞棍、打棍、翻棍、弹棍、摇棍、摆棍等。基本步法动作有跳踏步、颠步、编脚步、吸腿步、摇摆步。舞蹈粗犷古朴有较高的观赏性和艺术性。整个饰豹参跳的舞者均为青年男性无一女性参跳的人员为十一二岁的儿童。舞者全身赤裸身体画上各种豹子花纹粽叶遮面手持棍棒。跳舞时不说话不露面舞者在锣鼓的伴奏中变换着不同的舞步一开始各守一个山头然后随着不同的锣鼓声小豹子开始下山在彝家错落有致、相互连接的土掌房上跳逐户巡戏参跳的人只能是双数最后到各家各户和庄稼地里驱鬼逐疫祈求家家户户平安吉祥、人畜兴旺有驱邪扶正、消灾免难之意。彝族小豹子笙反映了彝族先民的崇豹观、人与自然和谐相处的和谐发展观反映了彝族人粗犷、豪放、勤劳的性格承载着彝族许多重大历史文化信息和原始记忆是人与人、人与自然和谐发展的标志又是彝族传统文化的传承平台彝族小豹子笙有很高的人类学、民族学、民俗学及艺术价值曾被央视和多家媒体宣传报道。彝族小豹子笙受现代文化的冲击老一代传承人离开人世彝族毕摩传承人减少年轻一代从小就接受现代教育大多不愿意传承学习加之受民俗活动商业化的影响导致小豹子笙这一古老的彝族民间文化活动面临着逐渐消亡的危机。年彝族小豹子笙入选云南省第四批省级非物质文化遗产代表性项目名录。项目代表性传承人是方贵生。,省级,彝族小豹子笙\是\一种\具有\驱鬼\逐疫\、\祭祀\功能\的\傩\舞\是\彝族\纳苏\支系\的\一个\舞种\。\彝语\称移\蒙赖克余汉意\为\豹子\化妆\。\当地\彝族\自古\信奉\土\主神\和\山神\信奉\万物\有灵\好\灵则\祭坏\灵则\驱\。\当地\先民\视豹\为\灵神\认为\豹子\的\速度\迅捷\异常\动作\矫健\为\当地\常见\的\兽中之王\因此\称王\奉\之\。\彝族小豹子笙\的\基本\动作\有\挑棍\、\戳\棍\、\对棍\、\绞棍\、\打棍\、\翻棍\、\弹棍\、\摇棍\、\摆棍\等\。\基本\步法\动作\有\跳\踏步\、\颠步\、\编\脚步\、\吸腿步\、\摇摆\步\。\舞蹈\粗犷\古朴\有\较\高\的\观赏性\和\艺术性\。\整个\饰豹\参跳\的\舞者\均\为\青年\男性\无一\女性\参跳\的\人员\为\十一二岁\的\儿童\。\舞者\全身\赤裸\身体\画上\各种\豹子\花纹\粽叶\遮面\手持\棍棒\。\跳舞\时\不\说话\不\露面\舞者\在\锣鼓\的\伴奏\中\变换\着\不同\的\舞步\一\开始\各守\一个\山头\然后\随着\不同\的\锣鼓声\小\豹子\开始\下山\在\彝家\错落有致\、\相互连接\的\土掌房\上\跳\逐户\巡戏\参跳\的\人\只能\是\双数\最后\到\各家各户\和\庄稼地\里\驱鬼\逐疫\祈求\家家户户\平安\吉祥\、\人\畜\兴旺\有\驱邪\扶正\、\消灾\免难\之意\。\彝族小豹子笙\反映\了\彝族\先民\的\崇豹\观\、\人与自然\和谐\相处\的\和谐\发展观\反映\了\彝族\人\粗犷\、\豪放\、\勤劳\的\性格\承载\着\彝族\许多\重大\历史\文化\信息\和\原始\记忆\是\人\与\人\、\人与自然\和谐\发展\的\标志\又\是\彝族\传统文化\的\传承\平台\彝族小豹子笙\有\很\高\的\人类学\、\民族学\、\民俗学\及\艺术\价值\曾\被\央视\和\多家\媒体\宣传报道\。\彝族小豹子笙\受\现代\文化\的\冲击\老一代\传承\人\离开\人世\彝族\毕摩\传承\人\减少\年轻一代\从小\就\接受\现代\教育\大多\不\愿意\传承\学习\加之\受\民俗\活动\商业化\的\影响\导致\小\豹子\笙\这\一\古老\的\彝族\民间文化\活动\面临\着\逐渐\消亡\的\危机\。\年\彝族小豹子笙\入选\云南省\第四批\省级\非物质文化\遗产\代表性\项目\名录\。\项目\代表性\传承\人\是\方贵生\。,彝族
阿峨壮族版画,第四批,传统美术,马关县文化馆,阿峨新寨壮族农民版画流传于马关县仁和镇阿峨新寨村至今已有多年的历史。据仁和镇的村民家谱记载施家在清光绪年间在马关县仁和街开设木刻印刷作坊太和堂刻印版画内容的书籍出售流传很广深受当地民众喜爱。到世纪年代阿峨新寨版画跨入新的发展时期年马关县被文化部命名为中国民间艺术之乡。阿峨版画主要通过选取木料、制木版、构思版画内容、画图、雕刻、印制或套色印制、装框等工序制作出主题鲜明、古朴新颖、刀法粗犷又不乏细腻的版画作品。阿峨版画主要包括直接转写法和复写法两种。直接转写法是将炭笔画稿压印在木版上。复写法是用复写纸将画稿描在木版上。艺人以刀代笔用刀作画版画成品黑白对比强烈画面朴素、明快注重物象结构和神韵其点、线布局疏密有致雕刻手法特殊艺术效果突出。阿峨版画在一定程度上记录了壮族人民物质、文化生活的真实情况。阿峨版画构图巧妙主题鲜明内容丰富涉及面广先后创作作品千余幅具有突出的民族特色和地域特征文化内涵丰富具有一定的文化艺术价值有的作品被云南省博物馆收藏。阿峨新寨村由于地理位置偏僻且较为封闭年轻人的民族文化意识不强现代化生活方式与传统文化存在较大的冲突版画传承难度较大呈濒危状态亟须传承保护。年阿峨壮族版画入选云南省第四批省级非物质文化遗产代表性项目名录。项目代表性传承人是卢正林。,省级,阿峨\新寨\壮族\农民\版画\流传\于\马关县\仁和镇\阿峨\新寨村\至今已有\多年\的\历史\。\据\仁和镇\的\村民\家谱\记载\施家\在\清\光绪年间\在\马关县\仁和\街\开设\木刻\印刷\作坊\太和\堂\刻印\版画\内容\的\书籍\出售\流传\很广\深受\当地\民众\喜爱\。\到\世纪\年代\阿峨\新寨\版画\跨入\新\的\发展\时期\年\马关县\被\文化部\命名\为\中国\民间艺术\之\乡\。\阿峨\版画\主要\通过\选取\木料\、\制\木版\、\构思\版画\内容\、\画图\、\雕刻\、\印制\或\套色\印制\、\装框\等\工序\制作\出\主题鲜明\、\古朴\新颖\、\刀法\粗犷\又\不乏\细腻\的\版画\作品\。\阿峨\版画\主要\包括\直接\转\写法\和\复\写法\两种\。\直接\转\写法\是\将\炭笔\画稿\压印\在\木版\上\。\复\写法\是\用\复写纸\将\画稿\描在\木版\上\。\艺人\以刀\代笔\用刀\作画\版画\成品\黑白\对比\强烈\画面\朴素\、\明快\注重\物象\结构\和\神韵\其点\、\线\布局\疏密\有\致\雕刻\手法\特殊\艺术\效果\突出\。\阿峨\版画\在\一定\程度\上\记录\了\壮族\人民\物质\、\文化\生活\的\真实情况\。\阿峨\版画\构图\巧妙\主题鲜明\内容丰富\涉及面\广\先后\创作\作品\千余\幅\具有\突出\的\民族特色\和\地域\特征\文化\内涵\丰富\具有\一定\的\文化\艺术\价值\有\的\作品\被\云南省\博物馆\收藏\。\阿峨\新寨村\由于\地理位置\偏僻\且\较为\封闭\年轻人\的\民族文化\意识\不\强\现代化\生活方式\与\传统文化\存在\较大\的\冲突\版画\传承\难度\较大\呈\濒危\状态\亟须\传承\保护\。\年\阿峨壮族版画\入选\云南省\第四批\省级\非物质文化\遗产\代表性\项目\名录\。\项目\代表性\传承\人\是\卢正林\。,壮族
东莲花村回族传统文化生态保护区,第四批,民族传统文化生态保护区,云南省巍山彝族回族自治县,保护区位于大理白族自治州巍山彝族回族自治县永建镇东莲花村。莲花村面积平方千米全村有户人年统计均为回族始建于明初至今有多年的历史。保护区植被树种以云南松为主另有华山松、杂栎木等还有龙竹、慈竹等植物。保护区坐落于红河支流米汤河畔三面环水环境优美是大理州主要回族聚居区也是云南省著名的侨乡。保护区历史悠久是茶马古道百年马帮重要集散地。民居保存完好有三坊一照壁四合五天井走马转阁楼一门进两院等形制民居建筑以上保持传统风貌其中以民国三十年建成的马家大院最具代表性。清真寺建筑宏伟民居围寺而建建筑工艺精湛风格独特有很高的历史研究价值。村内非物质文化遗产内容丰富保留着较为完整的文化习俗覆盖生活的方方面面如穿衣习俗、建房习俗、饮食习俗、节日庆典等。重大节日有古尔邦节、圣诞节、尔德节、盖德尔夜、亡人节等。当地流传着许多传说故事。传统音乐多与宗教相关。传统技艺以食品制作技艺为主如片片面、油香、树皮、馓子、乳扇、牛干巴、三道茶一苦二甜三回味等的制作技艺还有传统手工刺绣、银器和珐琅银饰加工技艺。有传统的草医草药。民间体育活动以赛马最具代表性。当地回族信奉伊斯兰教妇女多戴头巾、穿长袍男子戴白色帽子更具民族特色的是在举行穿衣仪式阿文毕业典礼上所穿的衣服。目前正在申报级景区。年同济大学为东莲花村做保护规划现已具备较扎实的保护和建设基础宗教节日繁多气息浓郁从文化精神上体现出巨大的民族凝聚力年获评国家级历史文化名村。现在民族文化广场、游客服务中心、滇西回族文化展览馆等项目全力推进古民居得到抢救性保护和维修村庄风貌整治、马帮文化展示、特色旅游开发、和谐生态建设等示范工作纵深开展。年东莲花村回族传统文化生态保护区入选云南省第四批省级非物质文化遗产代表性项目名录。,省级,保护区\位于\大理白族自治州\巍山彝族回族自治县\永建\镇东\莲花\村\。\莲花\村\面积\平方千米\全村\有户\人\年\统计\均\为\回族\始建\于明初\至今\有\多年\的\历史\。\保护区\植被\树种\以\云南松\为主\另有\华山松\、\杂\栎木\等\还有\龙竹\、\慈竹\等\植物\。\保护区\坐落于\红河\支流\米汤\河畔\三面\环水\环境优美\是\大理州\主要\回族\聚居区\也\是\云南省\著名\的\侨乡\。\保护区\历史悠久\是\茶\马\古道\百年\马帮\重要\集散地\。\民居\保存\完好\有三坊\一\照壁\四合\五\天井\走马\转\阁楼\一门\进\两院\等\形制\民居\建筑\以上\保持\传统\风貌\其中\以\民国\三十年\建成\的\马家\大院\最具\代表性\。\清真寺\建筑\宏伟\民居\围寺\而建\建筑\工艺\精湛\风格\独特\有\很\高\的\历史研究\价值\。\村内\非物质文化\遗产\内容丰富\保留\着\较为\完整\的\文化\习俗\覆盖\生活\的\方方面面\如\穿衣\习俗\、\建房\习俗\、\饮食\习俗\、\节日\庆典\等\。\重大\节日\有\古尔邦节\、\圣诞节\、\尔德\节\、\盖德尔夜\、\亡人节\等\。\当地\流传\着\许多\传说\故事\。\传统\音乐\多\与\宗教\相关\。\传统\技艺\以\食品\制作\技艺\为主\如片\片面\、\油香\、\树皮\、\馓子\、\乳扇\、\牛\干巴\、\三道茶\一苦\二甜\三\回味\等\的\制作\技艺\还有\传统\手工\刺绣\、\银器\和\珐琅\银饰\加工\技艺\。\有\传统\的\草医\草药\。\民间\体育\活动\以\赛马\最具\代表性\。\当地\回族\信奉\伊斯兰教\妇女\多\戴\头巾\、\穿\长袍\男子\戴\白色\帽子\更具\民族特色\的\是\在\举行\穿衣\仪式\阿文\毕业典礼\上\所\穿\的\衣服\。\目前\正在\申报\级\景区\。\年\同济大学\为东\莲花\村\做\保护\规划\现已\具备\较\扎实\的\保护\和\建设\基础\宗教节日\繁多\气息\浓郁\从\文化精神\上\体现\出\巨大\的\民族凝聚力\年\获评\国家级\历史\文化\名村\。\现在\民族文化\广场\、\游客\服务中心\、\滇西\回族\文化\展览馆\等\项目\全力\推进\古民居\得到\抢救性\保护\和\维修\村庄\风貌\整治\、\马帮\文化\展示\、\特色旅游\开发\、\和谐\生态建设\等\示范\工作\纵深\开展\。\年\东莲花村回族传统文化生态保护区\入选\云南省\第四批\省级\非物质文化\遗产\代表性\项目\名录\。,白族
纳西族传统手工造纸技艺,云南省第三批,传统技艺,云南省玉龙纳西族自治县,纳西族传统手工造纸技艺是纳西族劳动人民在长期的生产生活实践中创造出来的一种传统工艺在纳西族中代代的相传成为古代纳西人书写重要契约及东巴经书的载体。纳西族称传统手工造纸为东巴纸它的主要原料是韧皮纤维发达的瑞香科荛花属的丽江荛花制造工艺流程包括采集原料、晒料、浸泡、蒸煮、漂洗、打浆、抄纸、晒纸、砑纸等工序。其制造方法独特融合了浇纸法和抄纸法的特点采集富含纤维的植物在铁锅中浸沤、舂捣、蒸煮去除杂质做成纸料再用一个网帘纸帘将悬浮于水中的纸浆过滤为薄片最后将薄纤维层在晒纸木板上烘干或晒干。这种纸坚实耐用吸水性强易书写不会被虫蛀适合永久保存。东巴纸取材方便有利于环保无污染是书写经书、东巴书法作品及创作东巴绘画的专用纸张它还在东巴仪式中被制成各种人物形象、器物及东巴法帽、法牌等。纳西族传统手工造纸技艺是古老造纸术的活标本也是东巴文化的重要载体。年纳西族传统手工造纸技艺入选云南省级非物质文化遗产代表性项目名录扩展项目名录。项目代表性传承人是王福宝。,省级,纳西族传统手工造纸技艺\是\纳西族\劳动\人民\在\长期\的\生产\生活实践\中\创造\出来\的\一种\传统工艺\在\纳西族\中\代代\的\相传\成为\古代\纳西\人\书写\重要\契约\及\东巴经\书\的\载体\。\纳西族\称\传统\手工\造纸\为\东巴\纸\它\的\主要\原料\是\韧皮纤维\发达\的\瑞香\科荛\花属\的\丽江\荛\花\制造\工艺流程\包括\采集\原料\、\晒料\、\浸泡\、\蒸煮\、\漂洗\、\打浆\、\抄纸\、\晒纸\、\砑\纸\等\工序\。\其\制造\方法\独特\融合\了\浇\纸法\和\抄\纸法\的\特点\采集\富含\纤维\的\植物\在\铁锅\中浸\沤\、\舂\捣\、\蒸煮\去除\杂质\做成\纸料\再\用\一个\网帘纸\帘\将\悬浮\于\水中\的\纸浆\过滤\为\薄片\最后\将\薄\纤维\层\在\晒\纸\木板\上\烘干\或\晒干\。\这种\纸\坚实\耐用\吸水性\强易\书写\不会\被\虫蛀\适合\永久\保存\。\东巴\纸\取材\方便\有利于\环保\无污染\是\书写\经书\、\东巴\书法作品\及\创作\东巴\绘画\的\专用\纸张\它\还\在\东巴\仪式\中\被\制成\各种\人物形象\、\器物\及\东巴\法帽\、\法牌\等\。\纳西族传统手工造纸技艺\是\古老\造纸术\的\活\标本\也\是\东巴文化\的\重要\载体\。\年\纳西族传统手工造纸技艺\入选\云南\省级\非物质文化\遗产\代表性\项目\名录\扩展\项目\名录\。\项目\代表性\传承\人\是\王\福宝\。,纳西族
小民福村彝族传统文化生态保护区,第四批,民族传统文化生态保护区,云南省景东彝族自治县,该保护区位于普洱市景东彝族自治县安定镇民福村委会小民福村。小民福村建于公元年村民均为彝族属彝族蒙化支系。保护区地处无量山脉腹地边缘属高寒山区境内沟箐交错纵横水资源丰富。全村森林覆盖率达以上森林植被以南亚热带常绿针叶林、阔叶混交林为主。自然生态环境良好有双河温泉、二擦皮瀑布、亮洞森林保护区国家级自然保护区等景点。村寨建在山腰上山顶是风水林、山下是耕地。全村建筑均属土木结构土基砌墙穿斗屋架瓦屋顶形态方面较完整地保留了传统彝族民居上七、下八上桩高七尺下桩高八尺的建筑特点。建筑群落保存状态完整分布集中非遗载体丰富。村寨后山有山神、土主牌位村中百年以上的竜树、柳树、风水林都得到很好的保护。保护区内逢年过节都会组织村民举行祭拜活动如祭茶祖、祭祖先活动。村内建有打歌场、陀螺场。传统仪式如起房建屋、讨亲嫁娶等保存较好。民间文学依靠口传心授的方式传承其中最具代表性的是《山神送猪》。民歌有情歌、儿歌、叙事歌、谜语歌、节庆歌、贺喜歌、祭礼歌等。乐器有彝族三弦、芦笙、彝族竹笛、大筒、过山号、唢呐、小钹、小鼓等。传统舞蹈以跳菜和打歌最为典型打歌以老帮腔最为普及。传统手工技艺有纺织、刺绣、竹编、榨香油等。传统饮食有东包肉、羊肉粉蒸、玉米面果、荞饼等。保护区内至今沿用传统天文历法、民间医药。当地已成立了保护区管理委员会负责保护区民俗事项的保护传承工作还建立了传习所。小民福村保留了大量彝族传统文化生态环境优美、文化底蕴深厚、民族歌舞独特宗教信仰、民族习俗的传承和保存状态较好地热资源、山泉瀑布丰沛是人们旅游休闲度假的胜地。以彝族打歌、羊皮舞、跳菜、老帮腔、彝族刺绣为代表的彝族传统歌舞和手工技艺在县内外影响很大。年小民福村彝族传统文化生态保护区入选云南省第四批省级非物质文化遗产代表性项目名录。项目代表性传承人有张德康、吴国富、张志华等。,省级,该\保护区\位于\普洱\市\景东彝族自治县\安定\镇民\福\村委会\小民\福村\。\小民\福村\建于\公元\年\村民\均\为\彝族\属\彝族\蒙化\支系\。\保护区\地处\无量\山脉\腹地\边缘\属\高寒\山区\境内\沟\箐\交错\纵横\水资源\丰富\。\全村\森林\覆盖率\达\以上\森林\植被\以南\亚热带\常绿\针叶林\、\阔叶\混交林\为主\。\自然\生态环境\良好\有\双河\温泉\、\二\擦皮\瀑布\、\亮洞\森林\保护区\国家级\自然保护区\等\景点\。\村寨\建\在\山腰上\山顶\是\风水\林\、\山下\是\耕地\。\全村\建筑\均\属\土\木结构\土基\砌墙\穿斗\屋架\瓦\屋顶\形态\方面\较完整\地\保留\了\传统\彝族\民居\上\七\、\下八上\桩\高\七尺\下桩\高\八尺\的\建筑\特点\。\建筑群\落\保存\状态\完整\分布\集中\非遗\载体\丰富\。\村寨\后山\有\山神\、\土主\牌位\村中\百年\以上\的\竜\树\、\柳树\、\风水\林\都\得到\很\好\的\保护\。\保护区\内\逢年过节\都\会\组织\村民\举行\祭拜\活动\如\祭\茶祖\、\祭祖\先\活动\。\村内\建有\打歌\场\、\陀螺\场\。\传统\仪式\如起\房建屋\、\讨亲\嫁娶\等\保存\较\好\。\民间文学\依靠\口传心授\的\方式\传承\其中\最具\代表性\的\是\《\山神\送猪\》\。\民歌\有\情歌\、\儿歌\、\叙事\歌\、\谜语\歌\、\节庆\歌\、\贺喜\歌\、\祭礼\歌\等\。\乐器\有\彝族\三弦\、\芦笙\、\彝族\竹笛\、\大筒\、\过山\号\、\唢呐\、\小钹\、\小鼓\等\。\传统\舞蹈\以\跳\菜\和\打歌\最为\典型\打歌\以\老\帮腔\最为\普及\。\传统\手工\技艺\有\纺织\、\刺绣\、\竹编\、\榨\香油\等\。\传统\饮食\有东\包肉\、\羊肉\粉蒸\、\玉米面\果\、\荞饼\等\。\保护区\内\至今\沿用\传统\天文\历法\、\民间\医药\。\当地\已\成立\了\保护区\管理\委员会\负责\保护区\民俗\事项\的\保护\传承\工作\还\建立\了\传习所\。\小民\福村\保留\了\大量\彝族\传统文化\生态\环境优美\、\文化底蕴\深厚\、\民族\歌舞\独特\宗教信仰\、\民族\习俗\的\传承\和\保存\状态\较\好\地热资源\、\山泉\瀑布\丰沛\是\人们\旅游\休闲\度假\的\胜地\。\以\彝族打歌\、\羊皮舞\、\跳菜\、\老\帮腔\、\彝族\刺绣\为\代表\的\彝族\传统\歌舞\和\手工\技艺\在\县\内外\影响\很大\。\年\小民福村彝族传统文化生态保护区\入选\云南省\第四批\省级\非物质文化\遗产\代表性\项目\名录\。\项目\代表性\传承\人有\张德康\、\吴国\富\、\张志华\等\。,彝族
创世史诗《创世纪》,第三批,民间文学,玉龙县非物质文化遗产保护中心,纳西族史诗《创世纪》讲述了开天辟地、人类诞生、洪水滔天先祖崇忍利恩与天神、恶神、洪水斗争重建人间的故事以散文体和诗体两种文学样式在纳西族地区广为流传。在以散文体流传的民间神话传说中被翻译为汉文《开天辟地》《洪水的故事》或《天女下凡》。用纳西族传统音乐谷气调吟唱的被译为《洪水冲天》。另一种用东巴象形文字以诗体语言记载在东巴经书上在祭天仪式中吟诵的被译作《崇般颂》在祭风、祭署等活动中吟诵的被译为《崇般图》。尽管有说有唱有吟某些情节也因地因人而有所不同但其基本内容是一致的。史诗共计分为《开天辟地》《洪水滔天》《天上烽火》《迁徙人间》四个章节。它的中心内容是描述先祖崇忍利恩如何坚持与天神、恶神、洪水作斗争终于重建了人间的故事热情歌颂和赞美了人类不屈不挠的精神。史诗以新颖的思想、高超的意境、丰富的想象力、神奇的故事情节描绘了万物起始、开天辟地、人类起源和先祖创业等内容。它跨越了巨大的时空界限有突出的历史价值、文学价值不仅在国内产生了重要影响而且被译为英文、日文等版本在国际上产生了重要影响。《创世纪》在纳西族文学史上占据着重要的地位与《黑白战争》《鲁般鲁饶》并称为纳西族三大史诗。年创世史诗《创世纪》入选云南省第三批省级非物质文化遗产代表性项目名录。代表性传承人是和振伟。《创世纪》东巴经书《创世纪》用于祭署仪式纳西族民歌手用谷气调唱东巴经《创世纪》,省级,纳西族\史诗\《\创世纪\》\讲述\了\开天辟地\、\人类\诞生\、\洪水\滔天\先祖\崇忍\利恩\与\天神\、\恶神\、\洪水\斗争\重建\人间\的\故事\以\散文体\和\诗体\两种\文学\样式\在\纳西族\地区\广为流传\。\在\以\散文体\流传\的\民间\神话传说\中\被\翻译\为\汉文\《\开天辟地\》\《\洪水\的\故事\》\或\《\天女下凡\》\。\用\纳西族\传统\音乐谷\气调\吟唱\的\被\译\为\《\洪水\冲天\》\。\另\一种\用\东巴\象形文字\以\诗体\语言\记载\在\东巴经\书上\在\祭天\仪式\中\吟诵\的\被\译作\《\崇般\颂\》\在\祭风\、\祭署\等\活动\中\吟诵\的\被\译\为\《\崇般\图\》\。\尽管\有\说\有\唱\有吟\某些\情节\也\因地\因人\而\有所不同\但\其\基本\内容\是\一致\的\。\史诗\共计\分为\《\开天辟地\》\《\洪水\滔天\》\《\天上\烽火\》\《\迁徙\人间\》\四个\章节\。\它\的\中心\内容\是\描述\先祖\崇忍\利恩\如何\坚持\与\天神\、\恶神\、\洪水\作\斗争\终于\重建\了\人间\的\故事\热情\歌颂\和\赞美\了\人类\不屈不挠\的\精神\。\史诗\以\新颖\的\思想\、\高超\的\意境\、\丰富\的\想象力\、\神奇\的\故事情节\描绘\了\万物\起始\、\开天辟地\、\人类\起源\和\先祖\创业\等\内容\。\它\跨越\了\巨大\的\时空\界限\有\突出\的\历史\价值\、\文学\价值\不仅\在\国内\产生\了\重要\影响\而且\被\译\为\英文\、\日文\等\版本\在\国际\上\产生\了\重要\影响\。\《\创世纪\》\在\纳西族\文学史\上\占据\着\重要\的\地位\与\《\黑白\战争\》\《\鲁般鲁饶\》\并\称为\纳西族\三大\史诗\。\年\创世\史诗\《\创世纪\》\入选\云南省\第三批\省级\非物质文化\遗产\代表性\项目\名录\。\代表性\传承\人\是\和\振伟\。\《\创世纪\》\东巴经\书\《\创世纪\》\用于\祭署\仪式\纳西族\民歌手\用谷\气调\唱\东巴经\《\创世纪\》,纳西族
昭通清拳,第三批,传统体育、游艺与杂技,云南省昭通市,昭通清拳包含邹家拳和彭家拳产生于清末民初。在昭阳地区练习邹家拳者多少也会几招彭家拳而习练彭家拳者很多也拜邹家拳师为师因此两种拳法可兼修。邹家拳由邹若衡所创拳法短小精悍拳路十分刚猛以实战技术为主由于其拳法简单易学、效果显著的特点备受武术爱好者喜爱因而被后人称为邹家拳同时被列为中国武术名拳之一。其拳种拳势刚劲、发力有声步伐稳固、落地生根招式磅礴、刚猛逼人。拳种有虎尾鞭、双狮解带、六出七三、四门反挂、扭丝破四门、南贯锤、铁栅五封、六合连环、七星练步、七星赶月、九门铁栅、十面埋伏等。器械有单刀、短棍、板凳、朴刀等。内功有虎灵功、通智能功、金刚劲功、拍打功等。彭家拳由彭勤所创所创拳种套路短小结构严谨能四面迎敌、八方出击招式激烈动作多变。拳种包含十二连环手、十二连环拳、八大一掌劲、六字劲等武术套路和功法。手法有表、搞、盘、挂、宰、剁、炮、冲、封闭、擒拿等。腿法有扫趟、弹腿等。步法以丁八步为主。昭通清拳融各家之长首创了很多以实战为目的的招式兼具观赏性和表演性备受武术爱好者喜爱在昭通广为流传。由于昭通清拳技艺大多以口传心授为主要传承方式所以许多绝技妙招濒临失传传统套路需要重新整理拳经义理需要进一步阐发亟须加强保护。年昭通清拳入选云南省第三批省级非物质文化遗产代表性项目名录。项目代表性传承人是许明富、彭志飞。彭家拳传人郑其平演示拳法彭家拳传人谭永林演练双刀,省级,昭通清拳\包含\邹家\拳\和\彭家拳\产生\于\清末\民初\。\在\昭阳\地区\练习\邹家\拳者\多少\也\会\几招\彭家拳\而\习练\彭家\拳者\很多\也\拜\邹家\拳师\为师\因此\两种\拳法\可\兼修\。\邹家\拳\由\邹若衡\所创\拳法\短小精悍\拳路\十分\刚猛\以\实战\技术\为主\由于\其\拳法\简单\易学\、\效果显著\的\特点\备受\武术\爱好者\喜爱\因而\被\后人\称为\邹家\拳\同时\被\列为\中国武术\名拳\之一\。\其拳种\拳势\刚劲\、\发力\有声\步伐\稳固\、\落地生根\招式\磅礴\、\刚猛\逼人\。\拳种\有\虎尾\鞭\、\双狮\解带\、\六出\七\三\、\四门\反挂\、\扭丝破\四门\、\南贯锤\、\铁栅\五封\、\六合\连环\、\七星\练步\、\七星\赶月\、\九门\铁栅\、\十面埋伏\等\。\器械\有\单刀\、\短棍\、\板凳\、\朴刀\等\。\内功\有虎\灵功\、\通\智能\功\、\金刚\劲功\、\拍打\功等\。\彭家拳\由\彭勤\所\创所\创拳种\套路\短小\结构\严谨\能\四面\迎敌\、\八方\出击\招式\激烈\动作\多变\。\拳种\包含\十二\连环\手\、\十二\连环\拳\、\八大\一掌\劲\、\六字\劲\等\武术\套路\和\功法\。\手法\有表\、\搞\、\盘\、\挂\、\宰\、\剁\、\炮\、\冲\、\封闭\、\擒拿\等\。\腿法\有\扫趟\、\弹腿\等\。\步法\以丁\八步\为主\。\昭通清拳\融\各家\之\长\首创\了\很多\以\实战\为\目的\的\招式\兼具\观赏性\和\表演性\备受\武术\爱好者\喜爱\在\昭通\广为流传\。\由于\昭通清拳\技艺\大多\以\口传心授\为\主要\传承\方式\所以\许多\绝技\妙招\濒临\失传\传统\套路\需要\重新整理\拳经\义理\需要\进一步\阐发\亟须\加强\保护\。\年\昭通清拳\入选\云南省\第三批\省级\非物质文化\遗产\代表性\项目\名录\。\项目\代表性\传承\人\是\许明富\、\彭志飞\。\彭家拳\传人\郑其平\演示\拳法\彭家拳\传人\谭永林\演练\双刀,
屏边苗族芦笙制作技艺,第四批,传统技艺,云南省屏边苗族自治县,屏边县是云南省唯一的单一苗族自治县。芦笙是屏边苗族人民生活的重要组成部分。屏边苗族芦笙音质纯正外表光洁美观吹奏的各种曲调古朴悠远。制作芦笙除了要懂得乐理知识还要具备一定的物理知识要求制作者有长期的经验积累。芦笙苗语称更由木头、竹子、树皮和铜制成。木头是芦笙把的材料竹子是芦笙管的材料树皮是箍芦笙把和芦笙管的材料铜是簧片的材料。苗族芦笙制作工序复杂做工讲究。屏边苗族芦笙的制作分三个步骤第一步制作芦笙匏把。芦笙把一般长尺寸其中芦笙匏寸匏成椭圆形便于插管。芦笙把成型后用芦笙匏的角度尺在芦笙把的中心画匏线、把线和脚线。用锯子沿中心线将芦笙把锯成两片推平锯齿让两片芦笙把合一无缝隙。然后确定芦笙把的长度及匏把凿空的宽度画好线用圆形凿子沿线将匏的空膛凿开用白乳胶黏合两片匏把待胶水干透后在匏上确定芦笙管的洞眼处用锥子锥出洞眼再用火柱烙通孔洞适合芦笙管的大小即可。第二步制作芦笙管。先确定竹子长度然后用火柱将置于匏前的所有竹节烙通再确定好植入簧片的位置依据簧片的长度在竹管两边刻好两个梯形孔将制作好的簧片正反两面置于两个孔上六根长短不一的竹子分别置上十二片簧片。匏把上的孔洞处插入芦笙管并用樱桃树皮将芦笙管箍紧一把芦笙就制作好了。第三步制作簧片。先建一个小炼炉用耐火材料制成一个拳头大小般的容器将按比例配好的生铜和熟铜放入容器里待铜熔化后为增加铜的坚韧度要按一定的比例加入多种矿物质然后将铜水倒入预先制作好的模具里待铜水在模具里冷却后将铜片取出再按一定的长度斩断并进行捶打捶打至厚度宜做簧片时切割成簧片大小相宜的铜片将铜片的两面削光滑最后用嘴试吹簧片根据声音多次矫正调试直至音质达到要求。屏边苗族在丧事仪式和娱乐活动中都吹奏芦笙芦笙与苗族日常生活密不可分是苗族人表达思想感情的重要纽带。年屏边苗族芦笙制作技艺入选云南省第四批省级非物质文化遗产代表性项目名录扩展项目名录。项目代表性传承人是邓永明。,省级,屏边\县\是\云南省\唯一\的\单一\苗族\自治县\。\芦笙\是\屏边\苗族\人民\生活\的\重要\组成部分\。\屏边\苗族\芦笙\音质\纯正\外表\光洁\美观\吹奏\的\各种\曲调\古朴\悠远\。\制作\芦笙\除了\要\懂得\乐理\知识\还要\具备\一定\的\物理\知识\要求\制作者\有\长期\的\经验\积累\。\芦笙\苗语\称\更\由\木头\、\竹子\、\树皮\和\铜\制成\。\木头\是\芦笙\把\的\材料\竹子\是\芦笙\管\的\材料\树皮\是\箍\芦笙\把\和\芦笙\管\的\材料\铜\是\簧片\的\材料\。\苗族\芦笙\制作\工序\复杂\做工\讲究\。\屏边\苗族\芦笙\的\制作\分\三个\步骤\第一步\制作\芦笙\匏\把\。\芦笙\把\一般\长\尺寸\其中\芦笙\匏\寸\匏\成\椭圆形\便于\插管\。\芦笙\把\成型\后\用\芦笙\匏\的\角度\尺\在\芦笙\把\的\中心\画匏线\、\把\线\和\脚线\。\用\锯子\沿\中心线\将\芦笙\把\锯成\两片\推平\锯齿\让\两片\芦笙\把\合一\无\缝隙\。\然后\确定\芦笙\把\的\长度\及\匏\把\凿空\的\宽度\画好线\用\圆形\凿子\沿线\将\匏\的\空膛\凿开\用\白乳胶\黏合\两片\匏\把\待\胶水\干透\后\在\匏\上\确定\芦笙\管\的\洞\眼处\用\锥子\锥出\洞眼\再\用\火柱\烙通\孔洞\适合\芦笙\管\的\大小\即可\。\第二步\制作\芦笙\管\。\先\确定\竹子\长度\然后\用\火柱\将\置于\匏\前\的\所有\竹节\烙通\再\确定\好\植入\簧片\的\位置\依据\簧片\的\长度\在\竹管\两边\刻好\两个\梯形\孔\将\制作\好\的\簧片\正反两面\置于\两个\孔上\六根\长短不一\的\竹子\分别\置\上\十二片\簧片\。\匏\把\上\的\孔洞\处\插入\芦笙\管\并用\樱桃\树皮\将\芦笙\管\箍紧\一把\芦笙\就\制作\好\了\。\第三步\制作\簧片\。\先建\一个\小炼\炉用\耐火材料\制成\一个\拳头\大小\般的\容器\将\按\比例\配好\的\生铜\和\熟铜\放入\容器\里\待\铜\熔化\后\为\增加\铜\的\坚韧度\要\按\一定\的\比例\加入\多种\矿物质\然后\将\铜\水\倒入\预先\制作\好\的\模具\里\待\铜\水\在\模具\里\冷却\后\将\铜片\取出\再\按\一定\的\长度\斩断\并\进行\捶打\捶打\至\厚度\宜做\簧片\时\切割成\簧片\大小\相宜\的\铜片\将\铜片\的\两面\削\光滑\最后\用\嘴试\吹\簧片\根据\声音\多次\矫正\调试\直至\音质\达到\要求\。\屏边\苗族\在\丧事\仪式\和\娱乐活动\中\都\吹奏\芦笙\芦笙\与\苗族\日常生活\密不可分\是\苗族\人\表达思想\感情\的\重要\纽带\。\年\屏边苗族芦笙制作技艺\入选\云南省\第四批\省级\非物质文化\遗产\代表性\项目\名录\扩展\项目\名录\。\项目\代表性\传承\人\是\邓\永明\。,苗族
龙应村白族传统文化生态保护区,第四批,民族传统文化生态保护区,云南省玉龙纳西族自治县,保护区位于丽江市玉龙纳西族自治县九河乡龙应行政村该村下辖个村民小组。龙应村面积平方千米全村有户人年统计除个别外嫁者外都是白族。龙应村处于老君山东麓坐落于九河坝子最南端是从滇西北入滇的必经之路古时是连通南诏国与吐蕃的主要通道。村内自然生态环境优美森林覆盖率为村中古树众多植被主要有云南松、冷杉、铁杉等。村中有许多保存完好的古迹有石拱桥七座木板桥一座龙王庙一座魁星阁三座文昌宫两座本主庙三座祭天坛三座古井十二口南诏大理国时期火葬墓遗址两处。保护区内民居建筑以上是白族土木结构房屋集中连片。保存完好的三坊一照民居有座一正一面民居有座是丽江市内一个典型的白族聚居村落。保护区非遗资源富集保存完好各类传承人众多当地人保留着古老的白族传统婚丧嫁娶习俗生育习俗、建房习俗以及独特的祭天、栽秧会、龙神祭、阳日等传统祭典、节庆。保护区有《龙应村的传说》《三弦的传说》《唢呐的传说》等民间传说故事。传统音乐有白族民歌、三弦弹唱。传统舞蹈有白族霸王鞭。曲艺有白族大本曲。传统美术有白族刺绣、民居彩绘、白族木雕、白族石雕、竹编。传统技艺有白族服饰制作、民族特色食品制作。还有白族民间医药等非物质文化遗产世代相传有序发展。当地白族妇女服饰与大理白族妇女的服饰有所不同未婚女子披头巾头巾上有披散状或耸起兔耳般的棱角这种样式有小白兔之称。近几年村民依托良好的自然生态环境和气候条件合理开发野生生态食品深加工、白族传统食品制作、白族传统服饰制作、白族传统木结构房屋建筑等产业已初具规模。村中民间艺人自发在龙应小学开展非物质文化遗产进校园活动培养了一批能够弹奏龙头三弦、唱白族民歌、跳白族舞蹈的小学生使白族文化发扬光大。年龙应村白族传统文化生态保护区入选云南省第四批省级非物质文化遗产代表性项目名录。项目代表性传承人是王四合、李银禄、姚会龙。,省级,保护区\位于\丽江市\玉龙纳西族自治县\九河\乡龙应\行政村\该村\下辖\个\村民\小组\。\龙应村\面积\平方千米\全村\有户\人\年\统计\除个别\外嫁\者\外\都\是\白族\。\龙应村\处于\老君山\东麓\坐落于\九河\坝子\最南端\是从\滇西北\入\滇\的\必经之路\古时\是\连通\南诏国\与\吐蕃\的\主要\通道\。\村内\自然生态\环境优美\森林\覆盖率\为村\中\古树\众多\植被\主要\有\云南松\、\冷杉\、\铁杉\等\。\村中\有\许多\保存\完好\的\古迹\有\石拱桥\七座\木板桥\一座\龙王庙\一座\魁星阁\三座\文昌宫\两座\本主\庙\三座\祭天\坛\三座\古井\十二口\南诏\大理国\时期\火葬\墓\遗址\两处\。\保护区\内\民居\建筑\以上\是\白族\土\木结构\房屋\集中\连片\。\保存\完好\的\三坊\一照\民居\有座\一正\一面\民居\有座\是\丽江\市内\一个\典型\的\白族\聚居\村落\。\保护区\非遗\资源\富集\保存\完好\各类\传承\人\众多\当地人\保留\着\古老\的\白族\传统\婚丧嫁娶\习俗\生育\习俗\、\建房\习俗\以及\独特\的\祭天\、\栽秧会\、\龙神\祭\、\阳日\等\传统\祭典\、\节庆\。\保护区\有\《\龙应村\的\传说\》\《\三弦\的\传说\》\《\唢呐\的\传说\》\等\民间传说\故事\。\传统\音乐\有\白族\民歌\、\三弦\弹唱\。\传统\舞蹈\有\白族\霸王鞭\。\曲艺\有\白族大本曲\。\传统\美术\有\白族\刺绣\、\民居\彩绘\、\白族\木雕\、\白族\石雕\、\竹编\。\传统\技艺\有\白族服饰\制作\、\民族特色\食品\制作\。\还有\白族\民间\医药\等\非物质文化\遗产\世代相传\有序\发展\。\当地\白族\妇女\服饰\与\大理\白族\妇女\的\服饰\有所不同\未婚\女子\披\头巾\头巾\上\有\披散\状\或\耸\起\兔\耳\般的\棱角\这种\样式\有\小白兔\之称\。\近几年\村民\依托\良好\的\自然\生态环境\和\气候\条件\合理\开发\野生\生态\食品\深加工\、\白族\传统\食品\制作\、\白族\传统\服饰\制作\、\白族\传统\木结构\房屋建筑\等\产业\已\初具规模\。\村中\民间艺人\自发\在\龙应\小学\开展\非物质文化\遗产\进校园\活动\培养\了\一批\能够\弹奏\龙头\三弦\、\唱\白族\民歌\、\跳\白族舞蹈\的\小学生\使\白族\文化\发扬光大\。\年\龙应村白族传统文化生态保护区\入选\云南省\第四批\省级\非物质文化\遗产\代表性\项目\名录\。\项目\代表性\传承\人\是\王\四合\、\李银禄\、\姚会龙\。,纳西族
永胜傈僳族服饰,第四批,民俗,云南省永胜县,永胜县松坪傈僳族自称拿咔傈僳属花傈僳支系。主要分布在永胜县松坪傈僳族乡。妇女服饰由长衫、外褂、裙子、腰带、围腰、包头及配饰构成男子服饰由长衫、外褂等构成。服饰色调以青、蓝、为主。傈僳族服饰主要工艺流程如下制麻线采麻、绩麻、柱麻纺成的线制火草线纺织火草麻布缝制根据式样和尺寸进行剪裁最后手工拼接缝合出服饰成品。使用原始的木制纺织机将采集来的野生火草撕拨搓成线与苎麻皮制成的线合用纺织成火草麻布再用手工剪裁缝制出独具特色的民族服装与饰物。傈僳族服饰男装主要有长装、短装、新郎装、坎肩马褂等。女装主要有长装与男装区别前短后长、短装、裙子、坎肩马褂、内腰带、外腰围上面镶嵌贝壳、珠串等头部有内裹巾、外头巾上面镶嵌银、珠等饰物饰品有头套带、项链、耳环、手镯等。男、女长装反穿当孝服。当地傈僳族的习俗生、死都是大喜事所以新郎长装到去世时需穿戴装入棺材中。腰带是女性送给男性的定情之物。松坪傈僳族运用植物火草和麻为原料采用纯手工制作男女服饰造型独特。日常生活、劳动中着短装以深色为主。在节日、喜庆等场面青年男女都要身着礼装长装服饰花样多色彩鲜艳。老年人的服饰色彩单一以纯火草麻布色为主给人以清淡庄重之感。松坪傈僳族服饰与其他傈僳族服饰上的明显区别一是其他傈僳族服饰的黑色与其他颜色是配合使用而在松坪傈僳族服饰中黑色、青色的地位很突出二是头巾方面其他傈僳族的头巾以圆形造型的较多而松坪傈僳族的头巾造型则是立式方形。松坪傈僳族服饰衣料材质工艺、制作技艺和服装款式具有较高的传承和保护价值。松坪傈僳族传统服饰用火草布制作而成完整保留了火草布纺织的全套技艺具有重大技艺传承价值。松坪傈僳族服饰图案富含象征意义如腰带上的方形代表安宁、稳固、和平意味诚实可信圆形代表诚信、交流、完整暗示着圆满、团结、和谐。妇女服装圆形则表示温暖舒适菱形代表连绵不断寓意福寿绵长、子孙万代等吉祥寓意。永胜县松坪傈僳族服饰衣料火草布来源稀少、纺织费时耗力技艺传承处于濒危状态亟待保护。年永胜傈僳族服饰入选云南省第四批省级非物质文化遗产代表性项目名录扩展项目名录。项目代表性传承人是顾金英、朱桂英等。,省级,永胜县\松坪\傈僳族\自称\拿\咔\傈僳\属花\傈僳\支系\。\主要\分布\在\永胜县\松坪\傈僳族\乡\。\妇女\服饰\由\长衫\、\外褂\、\裙子\、\腰带\、\围腰\、\包头\及\配饰\构成\男子\服饰\由\长衫\、\外褂\等\构成\。\服饰\色调\以青\、\蓝\、\为主\。\傈僳族\服饰\主要\工艺流程\如下\制\麻线\采麻\、\绩麻\、\柱\麻纺\成\的\线制\火草线\纺织\火草\麻布\缝制\根据\式样\和\尺寸\进行\剪裁\最后\手工\拼接\缝合\出\服饰\成品\。\使用\原始\的\木制\纺织机\将\采集\来\的\野生\火草\撕\拨\搓成\线\与\苎麻\皮\制成\的\线\合用\纺织\成火草\麻布\再用\手工\剪裁\缝制\出\独具特色\的\民族服装\与\饰物\。\傈僳族\服饰\男装\主要\有\长装\、\短装\、\新郎\装\、\坎肩\马褂\等\。\女装\主要\有\长装\与\男装\区别\前短后长\、\短装\、\裙子\、\坎肩\马褂\、\内\腰带\、\外\腰围\上面\镶嵌\贝壳\、\珠串\等\头部\有\内\裹\巾\、\外\头巾\上面\镶嵌\银\、\珠\等\饰物\饰品\有\头套\带\、\项链\、\耳环\、\手镯\等\。\男\、\女长装\反穿\当\孝服\。\当地\傈僳族\的\习俗\生\、\死\都\是\大喜事\所以\新郎\长装\到\去世\时需\穿戴\装入\棺材\中\。\腰带\是\女性\送给\男性\的\定情之物\。\松坪\傈僳族\运用\植物\火草\和\麻为\原料\采用\纯手工\制作\男女\服饰\造型\独特\。\日常生活\、\劳动\中着\短装\以\深色\为主\。\在\节日\、\喜庆\等\场面\青年\男女\都\要\身着\礼装\长装\服饰\花样\多\色彩鲜艳\。\老年人\的\服饰\色彩\单一\以纯\火草\麻布\色\为主\给人以\清淡\庄重\之感\。\松坪\傈僳族\服饰\与\其他\傈僳族\服饰\上\的\明显\区别\一是\其他\傈僳族\服饰\的\黑色\与\其他\颜色\是\配合\使用\而\在\松坪\傈僳族\服饰\中\黑色\、\青色\的\地位\很\突出\二是\头巾\方面\其他\傈僳族\的\头巾\以\圆形\造型\的\较\多\而\松坪\傈僳族\的\头巾\造型\则\是\立式\方形\。\松坪\傈僳族\服饰\衣料\材质\工艺\、\制作\技艺\和\服装\款式\具有\较\高\的\传承\和\保护\价值\。\松坪\傈僳族\传统\服饰\用火\草布\制作\而成\完整\保留\了\火草布\纺织\的\全套\技艺\具有\重大\技艺\传承\价值\。\松坪\傈僳族\服饰\图案\富含\象征意义\如\腰带\上\的\方形\代表\安宁\、\稳固\、\和平\意味\诚实\可信\圆形\代表\诚信\、\交流\、\完整\暗示着\圆满\、\团结\、\和谐\。\妇女\服装\圆形\则\表示\温暖\舒适\菱形\代表\连绵不断\寓意\福寿绵长\、\子孙万代\等\吉祥\寓意\。\永胜县\松坪\傈僳族\服饰\衣料\火草布\来源\稀少\、\纺织\费时\耗力\技艺\传承\处于\濒危\状态\亟待\保护\。\年\永胜傈僳族服饰\入选\云南省\第四批\省级\非物质文化\遗产\代表性\项目\名录\扩展\项目\名录\。\项目\代表性\传承\人\是\顾金\英\、\朱桂英\等\。,傈僳族
昙华乡彝族传统文化生态保护区,云南省第三批,民族传统文化生态保护区,云南省大姚县,昙华乡彝族传统文化生态保护区位于大姚县中部距县城公里辖个村委会个村民小组其中彝族人口占总人口的。昙华乡地处高海拔地区生态环境良好。部分村落的民居以垛木房或土木结构房为主较好地保留了传统风貌。昙华是彝剧的诞生地彝剧是集文学、音乐、舞蹈、美术特性为一体的地方民族剧种。它多取材于当地生活表演时穿彝装唱彝调说彝语使用彝族乐器伴奏是彝族社会生活和精神世界的生动反映。彝剧的代表剧目有《半夜羊叫》《曼嫫与玛若》《咪依噜》等。昙华乡是彝族创世史诗《梅葛》的主要流传地之一。梅葛调在当地民间世代相传被用于祭祀、嫁娶等场合也用以传达爱意或自娱自乐。过山调马缨花调定亲调请客调迎客调放羊调等民间小调在当地民众中广泛传唱。当地流传的典型乐器有葫芦笙、唢呐、竹笛、大号、木叶、月琴、四弦胡、响蔑等。昙华乡有祭羊神、清明节、火把节、接祖节和中秋节等传统节日插花节是昙华乡最具代表性的传统节日已成为当地展现民族风情、探研彝族文化、集娱乐与文化交流于一体的民族节日。昙华彝族刺绣做工精美色彩艳丽其制品有衣服、鞋子、包头、飘带、腰带、挎包等。昙华乡的婚丧嫁娶习俗保存较为完好。青年男女通过爬草楼的方式试婚组建家庭但不举办结婚仪式待第一个孩子满月时才正式宴请。人死后要举行隆重的丧葬仪式。昙华乡文化底蕴较为深厚境内有昙华寺、高奣映石刻、浮雕、向天坟遗址与大河新石器遗址等历史文化遗迹具有重要的社会历史价值。年昙华乡彝族传统文化生态保护区入选云南省第三批省级非物质文化遗产代表性项目名录。项目代表性传承人是张德荣、李学品、杞学亮。,省级,昙华乡彝族传统文化生态保护区\位于\大姚县\中部\距\县城\公里\辖个\村委会\个\村民\小组\其中\彝族\人口\占\总人口\的\。\昙华乡\地处\高\海拔\地区\生态环境\良好\。\部分\村落\的\民居\以垛\木房\或土\木结构\房\为主\较\好\地\保留\了\传统\风貌\。\昙华是\彝剧\的\诞生地\彝剧\是\集\文学\、\音乐\、\舞蹈\、\美术\特性\为\一体\的\地方\民族\剧种\。\它\多\取材于\当地\生活\表演\时\穿\彝装\唱\彝调\说\彝语\使用\彝族\乐器\伴奏\是\彝族\社会生活\和\精神\世界\的\生动\反映\。\彝剧\的\代表\剧目\有\《\半夜\羊\叫\》\《\曼\嫫\与\玛若\》\《\咪\依噜\》\等\。\昙华乡\是\彝族\创世\史诗\《\梅葛\》\的\主要\流传\地\之一\。\梅葛\调在\当地\民间\世代相传\被\用于\祭祀\、\嫁娶\等\场合\也\用以\传达\爱意\或\自娱自乐\。\过山调\马缨花\调\定亲\调\请客\调\迎客\调\放羊\调等\民间\小调\在\当地\民众\中\广泛\传唱\。\当地\流传\的\典型\乐器\有\葫芦\笙\、\唢呐\、\竹笛\、\大号\、\木叶\、\月琴\、\四弦\胡\、\响蔑\等\。\昙华乡\有\祭\羊神\、\清明节\、\火把节\、\接祖节\和\中秋节\等\传统节日\插花\节是\昙华乡\最具\代表性\的\传统节日\已\成为\当地\展现\民族风情\、\探研\彝族\文化\、\集\娱乐\与\文化交流\于\一体\的\民族节日\。\昙华\彝族\刺绣\做工\精美\色彩艳丽\其\制品\有\衣服\、\鞋子\、\包头\、\飘带\、\腰带\、\挎包\等\。\昙华乡\的\婚丧嫁娶\习俗\保存\较为\完好\。\青年\男女\通过\爬\草楼\的\方式\试婚\组建\家庭\但\不\举办\结婚仪式\待\第一个\孩子\满月\时才\正式\宴请\。\人死\后\要\举行\隆重\的\丧葬仪式\。\昙华乡\文化底蕴\较为\深厚\境内\有\昙\华寺\、\高\奣\映\石刻\、\浮雕\、\向天\坟\遗址\与\大河\新石器\遗址\等\历史\文化\遗迹\具有\重要\的\社会历史\价值\。\年\昙华乡彝族传统文化生态保护区\入选\云南省\第三批\省级\非物质文化\遗产\代表性\项目\名录\。\项目\代表性\传承\人\是\张德荣\、\李学品\、\杞学亮\。,彝族
建水汽锅鸡烹制技艺,第四批,传统技艺,建水县文化馆,建水汽锅鸡始创于元代。年尼克松访华周总理安排的国宴中亲点了滇味名肴汽锅鸡。开宴时揭开盖子香溢四座鸡肉滑嫩汤鲜味美为国内外媒体竞相报道。汽锅为建水独创有青瓷汽锅、青花汽锅、酱釉汽锅、白釉汽锅、蓝釉汽锅、乌金釉汽锅、紫陶汽锅等其中尤以紫陶汽锅最为著名。紫陶汽锅外形如荸荠扁圆形短直口圈足以狮头为双辅耳便于端拿并增加装饰美锅内底部正中有一圆锥形气管从锅底通至锅盖附近。制作建水汽锅鸡一般选用当地饲养的肥嫩土鸡清理干净后切成至厘米的块状用热水略氽去除腥味后置于汽锅内酌量加入食盐、葱、姜、白胡椒等作料和三七、天麻、枸杞、燕窝、银耳等滋补药材不加水置于盛水的蒸锅上用薄纸蘸水将锅盖接合处的缝隙封住蒸汽就通过汽锅中间的汽嘴将鸡逐渐蒸熟。蒸至个小时左右即可开锅食用。出锅的鸡肉肉质滑嫩味道鲜美汤汁全由蒸汽凝成清澈澄明香醇爽口。约在清中期后建水汽锅鸡已在云南各地普遍流传特别是清末民初时期一批建水紫陶爱好者和书画名家的改进推广使建水汽锅鸡身价倍增闻名遐迩。年建水汽锅鸡烹制技艺入选云南省第四批省级非物质文化遗产代表性项目名录。代表性传承人是陈林。,省级,建水\汽锅\鸡\始创\于\元代\。\年\尼克松\访华\周总理\安排\的\国宴\中亲\点\了\滇味\名肴\汽锅\鸡\。\开宴\时\揭开\盖子\香溢\四座\鸡肉\滑嫩\汤\鲜味\美为\国内外\媒体\竞相\报道\。\汽锅\为\建水\独创\有\青瓷\汽锅\、\青花\汽锅\、\酱\釉\汽锅\、\白釉\汽锅\、\蓝釉\汽锅\、\乌金\釉\汽锅\、\紫陶\汽锅\等\其中\尤以\紫陶\汽锅\最为\著名\。\紫陶\汽锅\外形\如\荸荠\扁圆形\短直\口圈\足以\狮头\为\双辅\耳\便于\端\拿\并\增加\装饰\美锅\内\底部\正中\有\一\圆锥形\气管\从\锅底\通至\锅盖\附近\。\制作\建水\汽锅\鸡\一般\选用\当地\饲养\的\肥嫩\土鸡\清理\干净\后\切成\至\厘米\的\块状\用\热水\略\氽\去除\腥味\后\置于\汽锅\内\酌量\加入\食盐\、\葱\、\姜\、\白胡椒\等\作料\和\三七\、\天麻\、\枸杞\、\燕窝\、\银耳\等\滋补\药材\不\加水\置于\盛水\的\蒸锅\上用\薄纸\蘸\水\将\锅盖\接合处\的\缝隙\封住\蒸汽\就\通过\汽锅\中间\的\汽嘴\将\鸡\逐渐\蒸熟\。\蒸至个\小时\左右\即可\开锅\食用\。\出锅\的\鸡肉\肉质\滑嫩\味道鲜美\汤汁\全\由\蒸汽\凝成\清澈\澄明\香醇\爽口\。\约\在\清\中期\后\建水\汽锅\鸡\已\在\云南\各地\普遍\流传\特别\是\清末\民初\时期\一批\建水\紫陶\爱好者\和\书画名家\的\改进\推广\使\建水\汽锅\鸡\身价倍增\闻名遐迩\。\年\建水汽锅鸡烹制技艺\入选\云南省\第四批\省级\非物质文化\遗产\代表性\项目\名录\。\代表性\传承\人\是\陈林\。,
宝峰正月接佛习俗,第四批,民俗,晋宁区文化馆,晋宁、昆阳地区的接佛习俗在清朝时期就已存在。清道光《昆阳州志》记载二月八日远近迎佛祝国祈年。《晋宁州志》记载二月州城内外沿旧俗轮期迎佛驾车绕城自朔日至十日乃止以为祝国祈年之意。据当地民间传说宝峰接佛习俗最初起源于宝峰铁锁村。当地村民传说由阮皇帝化身为有灵性的树桩村民发现后雕刻成佛像供奉在铁锁村大庙中保佑当地风调雨顺。由于宝峰坝子连年干旱而铁锁村年年丰收所以宝峰的乡绅联合将佛像移至宝泉寺供全乡人民供奉、祭拜。后逐步演变成每年的正月初一至正月十六日在宝峰个村举行的迎佛接佛活动以求保佑宝峰地域风调雨顺、人杰地灵、五谷丰登、清吉平安。接佛活动分为接佛、迎佛、供佛、送佛四个阶段。所接佛像为男女佛像各二尊村民称呼男佛为大哥、二哥称呼女佛为大姐、二姐。四尊佛像平时供奉在宝峰宝泉寺内。每年农历正月初一中午在宝泉寺所在村子的长者烧香祭拜后由首先接佛的村子铁锁村和双龙村把佛像搬上木轿由秧佬鼓舞、花驴灯、花棍舞等表演队伍开道接佛巡游。接佛分两条路线两尊男佛走东线两尊女佛走西线遵循大村子佛像供奉两天小村子供奉一天的原则分别在宝峰个村寨中巡行供奉。每到一个村子都要举行相应仪式。接佛当天家家户户都在要大摆宴席当晚村中还会组织唱花灯、对调子、跳秧佬鼓等民间群众文艺演出活动气氛热闹异常。农历正月十六日又被称为四佛归殿日男佛、女佛在宝泉寺路口汇合后一起回到宝泉寺内供奉宝泉寺内将举行为期三天的庙会活动。来自昆明、玉溪、峨山、易门、曲靖等地区的三万多游客参与到这个民俗活动中赶庙会拜佛求平安品各种民俗小吃唱戏三天。宝峰正月接佛习俗声势浩大仪式隆重持续时间长地域范围广参与人达三四万之多是滇池流域地方宗教、节日、饮食、服饰、花灯与民间歌舞等文化的集中体现也是研究滇池乃至云南汉族移民文化及其地方化的一个重要窗口。年宝峰正月接佛习俗入选云南省第四批省级非物质文化遗产代表性项目名录。,省级,晋宁\、\昆阳\地区\的\接佛\习俗\在\清朝\时期\就\已\存在\。\清道光\《\昆阳\州志\》\记载\二月\八日\远近\迎佛\祝国\祈年\。\《\晋宁\州志\》\记载\二月\州\城内\外沿\旧俗\轮期\迎佛\驾车\绕城\自\朔日\至\十日\乃止\以为\祝国\祈年\之意\。\据\当地\民间传说\宝峰\接佛\习俗\最初\起源于\宝峰\铁锁\村\。\当地\村民\传说\由\阮\皇帝\化身为\有\灵性\的\树桩\村民\发现\后\雕刻\成\佛像\供奉\在\铁锁\村\大庙\中\保佑\当地\风调雨顺\。\由于\宝峰\坝子\连年\干旱\而\铁锁\村年\年\丰收\所以\宝峰\的\乡绅\联合\将\佛像\移\至宝\泉寺\供\全乡\人民\供奉\、\祭拜\。\后\逐步\演变成\每年\的\正月初一\至\正月\十六日\在\宝峰\个\村\举行\的\迎佛\接佛\活动\以求\保佑\宝峰\地域\风调雨顺\、\人杰地灵\、\五谷丰登\、\清吉\平安\。\接佛\活动\分为\接佛\、\迎佛\、\供佛\、\送佛\四个\阶段\。\所接\佛像\为\男女\佛像\各\二尊\村民\称呼\男佛\为\大哥\、\二哥\称呼\女佛\为\大姐\、\二姐\。\四尊\佛像\平时\供奉\在\宝峰\宝泉\寺\内\。\每年\农历\正月初一\中午\在\宝泉\寺\所在\村子\的\长者\烧香\祭拜\后\由\首先\接佛\的\村子\铁锁\村\和\双龙\村\把\佛像\搬\上\木\轿\由\秧佬\鼓舞\、\花驴\灯\、\花棍舞\等\表演\队伍\开道\接佛\巡游\。\接佛分\两条路线\两尊\男佛\走\东线\两尊\女佛\走\西线\遵循\大\村子\佛像\供奉\两天\小村子\供奉\一天\的\原则\分别\在\宝峰个\村寨\中\巡行\供奉\。\每到\一个\村子\都\要\举行\相应\仪式\。\接佛\当天\家家户户\都\在\要\大\摆\宴席\当晚\村中\还\会\组织\唱\花灯\、\对\调子\、\跳\秧佬鼓\等\民间\群众\文艺演出\活动\气氛\热闹\异常\。\农历\正月\十六日\又\被\称为\四佛\归殿\日\男佛\、\女佛\在\宝泉\寺\路口\汇合\后\一起\回到\宝泉\寺\内\供奉\宝泉\寺\内\将\举行\为期\三天\的\庙会\活动\。\来自\昆明\、\玉溪\、\峨山\、\易\门\、\曲靖\等\地区\的\三万多\游客\参与\到\这个\民俗\活动\中\赶庙会\拜佛\求\平安\品\各种\民俗\小吃\唱戏\三天\。\宝峰正月接佛习俗\声势浩大\仪式\隆重\持续时间\长\地域\范围广\参与\人达\三四万\之多\是\滇池\流域\地方\宗教\、\节日\、\饮食\、\服饰\、\花灯\与\民间\歌舞\等\文化\的\集中体现\也\是\研究\滇池\乃至\云南\汉族\移民\文化\及其\地方化\的\一个\重要\窗口\。\年\宝峰正月接佛习俗\入选\云南省\第四批\省级\非物质文化\遗产\代表性\项目\名录\。,
河南村彝族传统文化生态保护区,云南省第四批,民族传统文化生态保护区,云南省云龙县,保护区位于云南省大理白族自治州云龙县团结彝族乡河南村该村下辖个村民小组个自然村面积平方千米全村有户人年统计彝族人口占全村总人口的以上属彝族聂苏支系佬倵人。保护区内生态环境良好森林覆盖率为有成片茶树林、核桃林。当地政府根据地方特点启动天然林保护工程当地生态环境有林在村中村在林中人在画中之誉。保护区民居特色鲜明除村委会、村民活动中心为现代砖混结构建筑其余建筑大多保留了具有彝族特色土木结构的民居样式且厨房、牲畜房均为垛木房。当地彝族信仰本主民俗活动丰富如丧葬、婚俗、搭青棚、火把节、立夏会、农历七月十四、民间土主信仰等。民间文学有《天地起源的传说》《金蜂天子》《字文才与龙打老友》《佬倵机智人物的传说》等。传统音乐有佬倵山歌、清筒音唢呐唢呐可吹奏曲目上千首。传统舞蹈有彝族打歌、跳菜。传统技艺有织麻、竹编、民居建筑、酿酒和饮食技艺为村民带来一定的经济收入。传统美术有纸扎、木雕、刺绣等其中的纸扎内容丰富最具地方特色有纸制狮、象、鹿、马纸帛、纸伞、纸人等几乎每个村都有纸扎艺人纸扎艺人需要拜师学艺才能获得民间的资格认证符文和印章。当地民族传统服饰保存完好独具特色。保护区常年有业余文艺队伍活动年在村口建起了广场和村民活动中心有图书室、非遗展示室等。整个保护区已具备了一定的保护建设基础当地群众申报传统文化生态保护区的积极性十分高涨。年河南村彝族传统文化生态保护区入选云南省第四批省级非物质文化遗产代表性项目名录。项目代表性传承人是字明、字应培、字石开、字雄、施四代、字明华、施正康、字桥翠、字阿柒。,省级,保护区\位于\云南省\大理白族自治州\云龙县\团结\彝族\乡\河南\村\该村\下辖\个\村民\小组\个\自然村\面积\平方千米\全村\有户\人\年\统计\彝族\人口\占\全村\总人口\的\以上\属\彝族\聂苏\支系\佬\倵\人\。\保护区\内\生态环境\良好\森林\覆盖率\为\有\成片\茶\树林\、\核桃林\。\当地政府\根据\地方\特点\启动\天然林\保护\工程\当地\生态环境\有林\在\村\中村\在\林中\人\在\画\中之誉\。\保护区\民居\特色\鲜明\除\村委会\、\村民\活动中心\为\现代\砖混\结构\建筑\其余\建筑\大多\保留\了\具有\彝族\特色\土\木结构\的\民居\样式\且\厨房\、\牲畜\房均\为\垛\木房\。\当地\彝族\信仰\本主\民俗\活动\丰富\如\丧葬\、\婚俗\、\搭青棚\、\火把节\、\立夏会\、\农历\七月\十四\、\民间\土主\信仰\等\。\民间文学\有\《\天地\起源\的\传说\》\《\金蜂\天子\》\《\字\文才\与\龙\打\老友\》\《\佬\倵\机智\人物\的\传说\》\等\。\传统\音乐\有\佬\倵\山歌\、\清筒音\唢呐\唢呐\可\吹奏\曲目\上\千首\。\传统\舞蹈\有\彝族打歌\、\跳菜\。\传统\技艺\有织\麻\、\竹编\、\民居\建筑\、\酿酒\和\饮食\技艺\为\村民\带来\一定\的\经济\收入\。\传统\美术\有纸\扎\、\木雕\、\刺绣\等\其中\的\纸\扎\内容丰富\最具\地方\特色\有\纸制\狮\、\象\、\鹿\、\马纸\帛\、\纸伞\、\纸人\等\几乎\每个\村\都\有\纸\扎\艺人\纸扎\艺人\需要\拜师学艺\才能\获得\民间\的\资格\认证\符文\和\印章\。\当地\民族\传统\服饰\保存\完好\独具特色\。\保护区\常年\有\业余\文艺\队伍\活动\年\在\村口\建起\了\广场\和\村民\活动中心\有\图书室\、\非遗\展示室\等\。\整个\保护区\已\具备\了\一定\的\保护\建设\基础\当地\群众\申报\传统文化\生态\保护区\的\积极性\十分\高涨\。\年\河南村彝族传统文化生态保护区\入选\云南省\第四批\省级\非物质文化\遗产\代表性\项目\名录\。\项目\代表性\传承\人\是\字明\、\字\应培\、\字\石开\、\字雄\、\施\四代\、\字明华\、\施正康\、\字桥\翠\、\字\阿柒\。,白族
纳西族童谣,第五批,民间文学,云南省丽江市古城区,纳西族童谣是历代纳西族人口耳相传的儿童歌谣是纳西族悠久历史文化的重要组成部分是产生较早的纳西族民间文学和纳西族民间音乐有机融合的重要样式。纳西族童谣是以纳西母语为载体用语言的自然节奏和韵律呈现儿童思想情趣的歌谣在一代又一代纳西人中不断创作、传播、演变随着时代的律动、社会的变迁而演进是民族文化活态传承的样本。纳西族童谣题材广泛种类丰富语言诙谐流传至今的有余首基本内容有反映游戏娱乐的有反映自然现象和社会生活的有反映纳西族传统生态观和民俗的有反映阶级剥削给人们带来的苦难的也有个别纪事纪年的。根据表现形式可分为摇篮曲、叙事谣、游戏歌、问答歌、谜语歌、字头歌、放牧歌、手指歌、数数歌、颠倒歌、岁时歌、新童谣个种类。其表现风格注重智趣的交流、语言的和谐、词语的对仗在充分发挥纳西语本身特点的基础上灵活安排句数运用句式、韵律、衬音、重复等手法为童谣的韵味和内容服务。随着社会的发展语言环境、交流方式的改变纳西族童谣祖传孙、母传女、玩伴相传、邻里相传的传统土壤已发生了改变。近年来经过文化、教育工作者的努力纳西族童谣与母语教学、音乐教育、兴趣班学习等形式相结合已初步形成儿童学校教育与传统民间传承共同推进的传承模式。年纳西族童谣入选第五批国家级非物质文化遗产代表性项目名录。,省级,纳西族童谣\是\历代\纳西族\人\口耳相传\的\儿童\歌谣\是\纳西族\悠久\历史\文化\的\重要\组成部分\是\产生\较\早\的\纳西族\民间文学\和\纳西族\民间\音乐\有机\融合\的\重要\样式\。\纳西族童谣\是\以\纳西\母语\为\载体\用\语言\的\自然\节奏\和\韵律\呈现\儿童\思想\情趣\的\歌谣\在\一代\又\一代\纳西\人中\不断\创作\、\传播\、\演变\随着\时代\的\律动\、\社会\的\变迁\而\演进\是\民族文化\活态\传承\的\样本\。\纳西族童谣\题材\广泛\种类\丰富\语言\诙谐\流传\至今\的\有\余首\基本\内容\有\反映\游戏\娱乐\的\有\反映\自然现象\和\社会生活\的\有\反映\纳西族\传统\生态\观\和\民俗\的\有\反映\阶级\剥削\给\人们\带来\的\苦难\的\也\有\个别\纪事\纪年\的\。\根据\表现形式\可\分为\摇篮曲\、\叙事\谣\、\游戏\歌\、\问答\歌\、\谜语\歌\、\字头\歌\、\放牧\歌\、\手指\歌\、\数数\歌\、\颠倒\歌\、\岁\时歌\、\新\童谣\个\种类\。\其\表现\风格\注重\智趣\的\交流\、\语言\的\和谐\、\词语\的\对仗\在\充分发挥\纳西语\本身\特点\的\基础\上\灵活\安排\句数\运用\句式\、\韵律\、\衬音\、\重复\等\手法\为\童谣\的\韵味\和\内容\服务\。\随着\社会\的\发展\语言\环境\、\交流\方式\的\改变\纳西族童谣\祖传\孙\、\母传女\、\玩伴\相传\、\邻里\相传\的\传统\土壤\已\发生\了\改变\。\近年来\经过\文化\、\教育工作者\的\努力\纳西族童谣\与\母语\教学\、\音乐教育\、\兴趣班\学习\等\形式\相结合\已\初步\形成\儿童\学校教育\与\传统\民间\传承\共同\推进\的\传承\模式\。\年\纳西族童谣\入选\第五批\国家级\非物质文化\遗产\代表性\项目\名录\。,纳西族
复方薏仁汤制作技艺,第四批,传统医药,云南普瑞生物制药集团有限公司,复方薏仁汤自咸丰年间由北京紫禁城传入曲靖师宗地区至今已有余年。公元年左右咸丰皇帝的老师何桂珍战死杀场在其遗物中留有宫廷复方薏仁汤的秘方及薏仁种子。遗物送回师宗老家后何桂珍的叔父何云严将秘方保留后将其赠予游医王连民该配方在王氏家族中传承至今。复方薏仁汤优选种仁饱满成熟的师宗薏仁为原料其制作过程如下除去薏仁的皮壳及杂质筛去灰屑取麸皮撒入锅中用中火加热至冒烟时加入净薏仁炒至表面呈黄色微鼓起筛去麸皮得麸炒薏仁将莲子、山药、大枣、赤小豆等方药放入砂锅中加入适量水浸泡小时后加入麸炒薏仁用文火煎制小时左右取出汤剂冷却后即可服用。复方薏仁汤可润泽肌肤、祛斑美容、提高免疫力具有健脾、清热、利水、祛风湿等功效。年复方薏仁汤制作技艺入选云南省第四批省级非物质文化遗产代表性项目名录。代表性传承人是王志光。,省级,复方\薏仁\汤自\咸丰\年间\由\北京\紫禁城\传入\曲靖\师宗\地区\至今已有\余年\。\公元\年\左右\咸丰\皇帝\的\老师\何桂珍\战死\杀场\在\其\遗物\中\留有\宫廷\复方\薏仁\汤\的\秘方\及\薏仁\种子\。\遗物\送回\师宗\老家\后\何桂珍\的\叔父\何云严\将\秘方\保留\后\将\其\赠予\游医\王连民该\配方\在\王氏家族\中\传承\至今\。\复方\薏仁\汤\优选\种仁\饱满\成熟\的\师宗\薏仁\为\原料\其\制作\过程\如下\除去\薏仁\的\皮壳\及\杂质\筛去\灰屑取\麸皮\撒\入锅\中用\中火\加热\至\冒烟\时\加入\净\薏仁\炒至\表面\呈\黄色\微\鼓起\筛去\麸皮\得\麸\炒\薏仁\将\莲子\、\山药\、\大枣\、\赤小豆\等\方药\放入\砂锅\中\加入适量\水浸泡\小时\后\加入\麸\炒\薏仁\用\文火\煎制\小时\左右\取出\汤剂\冷却\后\即可\服用\。\复方\薏仁\汤\可\润泽\肌肤\、\祛斑\美容\、\提高\免疫力\具有\健脾\、\清热\、\利水\、\祛风\湿\等\功效\。\年\复方薏仁汤制作技艺\入选\云南省\第四批\省级\非物质文化\遗产\代表性\项目\名录\。\代表性\传承\人\是\王志光\。,
青稞酒制作技艺,第三批,传统技艺,云南省迪庆州,青稞酒酿制技艺是云南省迪庆藏族自治州藏族民众世代传承的酿酒技艺在当地有着悠久的历史最远可追溯到唐文成公主远嫁吐蕃时期于清代雍正年间传入今香格里拉地区到宣统年间形成规模化的生产。在迪庆藏语中青稞酒被称为阿拉因酒的度数不同又分为阿拉和琼两种琼也就是低度的青稞酒。酿制青稞酒需要经过选料、清洗、浸泡、煮青稞、晾青稞、拌曲、发酵、蒸馏等过程其中酒曲被酿酒人视为酒的魂在酿酒中起着至关重要的作用好的酒曲是精选酒曲草龙胆草、红景天、苦荞叶子、雪莲花、雪茶、青稞面等名贵草药精致发酵而成。除此以外酿酒时还需加入酒酿也就是青稞、小麦、大麦、包谷、荞麦等粮食作物发酵制作的酒引子进行发酵经蒸馏后将不同度数的蒸馏凝液通过勾兑便能得到不同度数的青稞酒。迪庆藏族青稞酒口感醇厚、余味悠长是迪庆藏民逢年过节、结婚生子、迎送亲友的必备佳饮。由于传统的酒曲制作工艺复杂原料采集有季节性的限制现在传统酒曲制作技艺在许多村寨都已失传这一技艺的传承发展亟待保护。年青稞酒制作技艺入选云南省第三批省级非物质文化遗产代表性项目名录。项目代表性传承人是王彬文、扎西拉姆。,省级,青稞酒\酿制\技艺\是\云南省迪庆藏族自治州\藏族\民众\世代\传承\的\酿酒\技艺\在\当地\有着\悠久\的\历史\最远\可追溯\到\唐\文成公主\远嫁\吐蕃\时期\于\清代\雍正年间\传入\今\香格里拉\地区\到\宣统\年间\形成\规模化\的\生产\。\在\迪庆\藏语\中\青稞酒\被\称为\阿拉\因酒\的\度数\不同\又\分为\阿拉\和\琼\两种\琼\也\就是\低度\的\青稞酒\。\酿制\青稞酒\需要\经过\选料\、\清洗\、\浸泡\、\煮\青稞\、\晾\青稞\、\拌曲\、\发酵\、\蒸馏\等\过程\其中\酒曲\被\酿酒\人\视为\酒\的\魂\在\酿酒\中起\着\至关重要\的\作用\好\的\酒曲\是\精选\酒曲\草\龙胆草\、\红景天\、\苦荞\叶子\、\雪莲花\、\雪茶\、\青稞\面等\名贵\草药\精致\发酵\而成\。\除此以外\酿酒\时\还\需\加入\酒酿\也\就是\青稞\、\小麦\、\大麦\、\包谷\、\荞麦\等\粮食作物\发酵\制作\的\酒\引子\进行\发酵\经\蒸馏\后\将\不同\度数\的\蒸馏\凝液\通过\勾兑\便\能\得到\不同\度数\的\青稞酒\。\迪庆\藏族\青稞酒\口感\醇厚\、\余味\悠长\是\迪庆\藏民\逢年过节\、\结婚\生子\、\迎送\亲友\的\必备\佳\饮\。\由于\传统\的\酒曲\制作\工艺\复杂\原料\采集\有\季节性\的\限制\现在\传统\酒曲\制作\技艺\在\许多\村寨\都\已\失传\这一\技艺\的\传承\发展\亟待\保护\。\年\青稞酒制作技艺\入选\云南省\第三批\省级\非物质文化\遗产\代表性\项目\名录\。\项目\代表性\传承\人\是\王彬文\、\扎西\拉姆\。,藏族
拉祜族搭桥节,第四批,民俗,临翔区文化馆,搭桥节在拉祜语意为添加添上表达祈吉求福、添福添禄的意愿。南美乡拉祜族搭桥节历史悠久数百年来从未中断。搭桥节对于拉祜人来说意义非凡搭桥除了方便出行还可以保佑农作物和养殖丰收。每年搭桥节拉祜族全村男女老幼都一起出动砍树、搭桥祭祀祈福祈祷家庭兴旺、四季平安、幸福美满。搭桥节分为四月搭桥节和六月搭桥节农历四月六月属龙日即可。四月搭桥节是集体性的大型节庆活动六月搭桥节是家庭性的小型节庆活动。搭桥过程一般为砍树、搭桥、压桥、洗桥、磕头、拴叫魂线、献饭和欢庆八个步骤每个活动流程都是集体行动的过程处处体现着团结协作的精神。搭桥节活动既是南美拉祜族建立和调节人际关系的黏合剂也完整地体现了拉祜族万物有灵的原始宗教信仰习俗。拉祜族搭桥节在云南甚至在中国都是独一无二的。搭桥节在南美乡历史上有较长的流传时间它有既定的时间、地点、仪式和内容汇集了拉祜族的民间习俗、民族宗教、民族礼俗、民族服饰、民族饮食等方面的文化内涵是拉祜族群众在生产实践和日常生活中形成的一种文化现象也是拉祜族的社会观念、价值取向、社会心理和传统意识的体现。年南美乡拉祜族搭桥节入选云南省第四批省级非物质文化遗产代表性项目名录。,省级,搭桥\节在\拉祜语\意\为\添加\添上\表达\祈吉求\福\、\添福\添禄\的\意愿\。\南美\乡\拉祜族搭桥节\历史悠久\数百年\来\从未\中断\。\搭桥\节\对于\拉祜\人\来说\意义\非凡\搭桥\除了\方便\出行\还\可以\保佑\农作物\和\养殖\丰收\。\每年\搭桥\节\拉祜族\全村\男女老幼\都\一起\出动\砍树\、\搭桥\祭祀\祈福\祈祷\家庭\兴旺\、\四季\平安\、\幸福美满\。\搭桥\节\分为\四月\搭桥\节\和\六月\搭桥\节\农历\四月\六月\属龙日\即可\。\四月\搭桥\节是\集体性\的\大型\节庆\活动\六月\搭桥\节是\家庭\性\的\小型\节庆\活动\。\搭桥\过程\一般\为\砍树\、\搭桥\、\压桥\、\洗桥\、\磕头\、\拴\叫魂\线\、\献饭\和\欢庆\八个\步骤\每个\活动\流程\都\是\集体行动\的\过程\处处\体现\着\团结\协作\的\精神\。\搭桥\节\活动\既\是\南美\拉祜族\建立\和\调节\人际关系\的\黏合剂\也\完整\地\体现\了\拉祜族\万物\有灵\的\原始\宗教信仰\习俗\。\拉祜族搭桥节\在\云南\甚至\在\中国\都\是\独一无二\的\。\搭桥\节在\南美\乡\历史\上\有\较\长\的\流传\时间\它\有\既定\的\时间\、\地点\、\仪式\和\内容\汇集\了\拉祜族\的\民间\习俗\、\民族宗教\、\民族\礼俗\、\民族服饰\、\民族\饮食\等\方面\的\文化\内涵\是\拉祜族\群众\在\生产实践\和\日常生活\中\形成\的\一种\文化\现象\也\是\拉祜族\的\社会\观念\、\价值\取向\、\社会\心理\和\传统\意识\的\体现\。\年\南美\乡\拉祜族搭桥节\入选\云南省\第四批\省级\非物质文化\遗产\代表性\项目\名录\。,拉祜族
昭通苗族蜡染制作技艺,第四批,传统技艺,云南省昭通市,蜡染古称蜡缬苗语称为琅倒属古代传统织染技艺在昭通永善、彝良、昭阳、大关、巧家、镇雄、威信等地苗族聚居地广泛流传。昭通苗族蜡染制作工具主要有蜡锅、蜡刀、案板、染缸、清水锅等主要工序有调蜡、绘图、渍染、去蜡等。调腊是先将蜂蜡或白蜡置蜡锅中加温至摄氏度左右融化成液体并使其保持熔融状态。绘画是将白布平展于蜡板上用蜡刀蘸蜡液点绘所需图案。渍染是把点画完毕的布平铺于光滑的地面或桌面上将预先准备好的靛蓝染料用刷子平涂于画布上。去蜡就是待染料充分浸透后将画布放于盛有开水的铁锅内煮把画布上的蜡熔化去除。最后要将煮好的画布用清水洗净晾干。昭通苗族蜡染形成了一整套图案体系并且在保留传统的基础上与时俱进根据时代审美取向变化不断拓展图案内涵。传统图案对称均匀富有象征意义除了苗族自身关于土地、河流、森林、城堡的固定图案符号还有喜鹊闹梅、五子登科、连年有余、富贵牡丹、孔雀开屏等汉族传统题材图案中虎、鹰等动物的造型又让人想到彝族的图腾。在所有图案中最吸引人的是那些具有原创精神的个性化作品如《芦笙舞》场面大人物多气氛热烈感染力强再如《织布图》把苗族女性绩麻织布的劳动场景展示得十分生动。苗族蜡染的传承一般为苗族女性外婆传给母亲母亲传给女儿女性嫁到什么地方就把蜡染技艺传到什么地方。此种传承方式打破了地域的局限使得不同村寨的苗族女性有条件互相交流和借鉴学习苗族蜡染成为昭通各地苗族文化认同的重要媒介。近年来苗族蜡染已应用于生活的各个领域主要产品有苗族百褶裙、衣饰、枕巾、包单、挎提包、婴儿背套、居家装饰等。年昭通苗族蜡染制作技艺入选云南省第四批省级非物质文化遗产代表性项目名录扩展项目名录。项目代表性传承人是陶玉琼、杨建花。制作苗族蜡染苗族蜡染成品,省级,蜡染\古称\蜡缬\苗语\称为\琅\倒\属\古代\传统\织染\技艺\在\昭通\永善\、\彝良\、\昭阳\、\大关\、\巧家\、\镇雄\、\威信\等\地\苗族\聚居地\广泛\流传\。\昭通\苗族\蜡染\制作\工具\主要\有\蜡锅\、\蜡刀\、\案板\、\染缸\、\清水\锅\等\主要\工序\有\调蜡\、\绘图\、\渍染\、\去蜡\等\。\调腊\是\先\将\蜂蜡\或\白蜡\置\蜡锅\中\加温\至\摄氏度\左右\融化\成\液体\并\使\其\保持\熔融\状态\。\绘画\是\将\白布\平展\于\蜡板\上用\蜡刀\蘸\蜡液\点绘\所\需\图案\。\渍染\是\把\点画\完毕\的\布\平铺\于\光滑\的\地面\或\桌面上\将\预先\准备\好\的\靛蓝\染料\用\刷子\平涂\于\画布\上\。\去蜡\就是\待\染料\充分\浸透\后\将\画布\放于\盛有\开水\的\铁锅\内\煮\把\画布\上\的\蜡\熔化\去除\。\最后\要\将\煮\好\的\画布\用\清水\洗净\晾干\。\昭通\苗族\蜡染\形成\了\一整套\图案\体系\并且\在\保留\传统\的\基础\上\与时俱进\根据\时代\审美\取向\变化\不断\拓展\图案\内涵\。\传统\图案\对称\均匀\富有\象征意义\除了\苗族\自身\关于\土地\、\河流\、\森林\、\城堡\的\固定\图案\符号\还有\喜鹊\闹梅\、\五子登科\、\连年\有余\、\富贵\牡丹\、\孔雀开屏\等\汉族\传统\题材\图案\中虎\、\鹰\等\动物\的\造型\又\让\人\想到\彝族\的\图腾\。\在\所有\图案\中\最\吸引\人\的\是\那些\具有\原创\精神\的\个性化\作品\如\《\芦笙舞\》\场面\大人物\多\气氛\热烈\感染力\强\再\如\《\织布\图\》\把\苗族\女性\绩麻\织布\的\劳动\场景\展示\得\十分\生动\。\苗族\蜡染\的\传承\一般\为\苗族\女性\外婆\传给\母亲\母亲\传给\女儿\女性\嫁\到\什么\地方\就\把\蜡染\技艺\传到\什么\地方\。\此种\传承\方式\打破\了\地域\的\局限\使得\不同\村寨\的\苗族\女性\有\条件\互相\交流\和\借鉴\学习\苗族\蜡染\成为\昭通\各地\苗族\文化\认同\的\重要\媒介\。\近年来\苗族\蜡染\已\应用\于\生活\的\各个领域\主要\产品\有\苗族\百褶裙\、\衣饰\、\枕巾\、\包单\、\挎\提包\、\婴儿\背套\、\居家\装饰\等\。\年\昭通苗族蜡染制作技艺\入选\云南省\第四批\省级\非物质文化\遗产\代表性\项目\名录\扩展\项目\名录\。\项目\代表性\传承\人\是\陶玉琼\、\杨建花\。\制作\苗族\蜡染\苗族\蜡染\成品,苗族
华宁苗族芦笙舞,第四批,传统舞蹈,华宁县文化馆,苗族芦笙舞是一种古老的祭祀性舞蹈以边吹奏芦笙边跳舞为主要形式由男子独舞或集体舞蹈通常在丧葬场合表演。华宁苗族芦笙舞有喜、丧两种不同的表现形式喜时潇洒明快扣人心弦丧则凄惨鸣咽听者动容。丧葬性芦笙舞的曲调委婉动情、悲伤沉闷有给死者的指路调、孝调、出门调、送神调等十多种调子。在丧葬活动中出殡前由主事的男性芦笙舞师傅带领死者家属和参与出殡的人围绕挂鼓的松树和家里的鼓正向、反向各转三圈之后随鼓声跳芦笙舞具有较强的仪式感和民俗性。而娱乐性芦笙舞可以男女同跳曲调欢快热烈有跨脚调、踏碓调、赶蚂蚁调、花山调等伴以屈腿旋转、端腿跳、吸腿跳、悠腿跳、跪脚步和苍蝇搓脚等动作。舞蹈敏捷灵活、刚健有力、欢快自如。芦笙舞简单的舞蹈套路有探路步、上河滩、双踏浪。难度较大、技巧高的动作和组合还有板凳下腰、滚地笙、双腿蹬天、望家乡等。华宁苗族芦笙舞曲调丰富、动作古朴富有当地苗族浓厚的风格特征。丧葬时表演的芦笙舞曲调与动作沿袭传统有较为固定的形式娱乐性芦笙舞则吸收了其他民族的舞蹈动作曲调变换内容丰富形式多样。年华宁县苗族芦笙舞入选云南省第四批省级非物质文化遗产代表性项目名录扩展项目名录。项目代表性传承人是康汝贵、陶文兴。,省级,苗族\芦笙舞\是\一种\古老\的\祭祀\性\舞蹈\以边\吹奏\芦笙\边\跳舞\为\主要\形式\由\男子\独舞\或\集体\舞蹈\通常\在\丧葬\场合\表演\。\华宁苗族芦笙舞\有喜\、\丧\两种\不同\的\表现形式\喜时\潇洒\明快\扣人心弦\丧则\凄惨\鸣咽\听者\动容\。\丧葬\性\芦笙舞\的\曲调\委婉\动情\、\悲伤\沉闷\有\给\死者\的\指路\调\、\孝调\、\出门\调\、\送神\调等\十多种\调子\。\在\丧葬\活动\中\出殡\前由主事\的\男性\芦笙舞\师傅\带领\死者家属\和\参与\出殡\的\人\围绕\挂\鼓\的\松树\和\家里\的\鼓\正向\、\反向\各转\三圈\之后\随\鼓声\跳\芦笙舞\具有\较强\的\仪式\感\和\民俗\性\。\而\娱乐性\芦笙舞\可以\男女\同跳\曲调\欢快\热烈\有\跨脚\调\、\踏碓调\、\赶\蚂蚁\调\、\花山\调等\伴以\屈腿\旋转\、\端\腿\跳\、\吸腿\跳\、\悠腿\跳\、\跪\脚步\和\苍蝇\搓脚\等\动作\。\舞蹈\敏捷\灵活\、\刚健\有力\、\欢快\自如\。\芦笙舞\简单\的\舞蹈\套路\有\探路\步\、\上\河滩\、\双踏浪\。\难度\较大\、\技巧\高\的\动作\和\组合\还有\板凳\下腰\、\滚地\笙\、\双腿\蹬\天\、\望\家乡\等\。\华宁苗族芦笙舞\曲调\丰富\、\动作\古朴\富有\当地\苗族\浓厚\的\风格特征\。\丧葬\时\表演\的\芦笙舞\曲调\与\动作\沿袭\传统\有\较为\固定\的\形式\娱乐性\芦笙舞\则\吸收\了\其他\民族\的\舞蹈动作\曲调\变换\内容丰富\形式多样\。\年\华宁县\苗族\芦笙舞\入选\云南省\第四批\省级\非物质文化\遗产\代表性\项目\名录\扩展\项目\名录\。\项目\代表性\传承\人\是\康汝贵\、\陶文兴\。,苗族
无敌治骨疗伤法,第三批,传统医药,云南无敌制药有限责任公司,云南无敌治骨疗法主要用于治疗风湿、腰肌劳损、骨伤科疾病包括无敌治骨疗法、味中草药配制的无敌治骨系列药品、王子荣编纂的收录种药材的《增补云南本草》等。所属云南无敌制药有限责任公司被国家商务部评定为中华老字号被云南省商务厅评为云南老字号企业。无敌治骨疗法技艺自年传承至今。无敌治骨疗法技艺从王屺开始传承并在传承中不断完善无敌治骨系列药品炮制工艺、无敌治骨疗法技艺各种特殊医疗技法共有九种疗效不断提高。王子荣在总结前辈行医治病丰富经验的基础上有所创新创编了云南无敌治骨疗法并用味中草药配制出王子荣无敌丹、王子荣无敌膏、王子荣无敌药酒等无敌治骨系列药品。他编写了《增补云南本草》收录药材种详细说明每种中药材的药性、毒性、应用和疗效。无敌丹胶囊、无敌止痛搽剂、外用无敌膏三个药品得到了国家中医药知识产权保护获得了国家中药保护品种证书。云南无敌治骨疗法使用无敌治骨疗法与内服外用无敌治骨系列药品共同治疗的方式药、医相辅相成。因其技艺独特、疗效良好深受广大患者信赖具有重要的医疗价值和研究价值。现建设的云南无敌治骨疗法中医馆打破了祖传技艺不外传的保守思想打破了传男不传女等门户之见注重培养无敌治骨疗法技艺的后备人才扩大了无敌治骨系列药品的市场销售网络使无敌治骨系列医药产品服务于全国更广大的患者人群。年无敌治骨疗伤法入选云南省第三批省级非物质文化遗产代表性项目名录。,省级,云南\无敌\治骨\疗法\主要\用于\治疗\风湿\、\腰肌劳损\、\骨伤科\疾病\包括\无敌\治骨\疗法\、\味\中草药\配制\的\无敌\治骨\系列\药品\、\王子\荣\编纂\的\收录\种\药材\的\《\增补\云南\本草\》\等\。\所属\云南\无敌\制药\有限责任\公司\被\国家\商务部\评定\为\中华\老字号\被\云南省\商务厅\评为\云南\老字号\企业\。\无敌\治骨\疗法\技艺\自年\传承\至今\。\无敌\治骨\疗法\技艺\从王\屺\开始\传承\并\在\传承\中\不断完善\无敌\治骨\系列\药品\炮制\工艺\、\无敌\治骨\疗法\技艺\各种\特殊\医疗\技法\共有\九种\疗效\不断\提高\。\王子\荣在\总结\前辈\行医\治病\丰富\经验\的\基础\上\有所\创新\创编\了\云南\无敌\治骨\疗法\并用\味\中草药\配制\出\王子\荣\无敌\丹\、\王子\荣\无敌\膏\、\王子\荣\无敌\药酒\等\无敌\治骨\系列\药品\。\他\编写\了\《\增补\云南\本草\》\收录\药材\种\详细\说明\每种\中药材\的\药性\、\毒性\、\应用\和\疗效\。\无敌\丹\胶囊\、\无敌\止痛\搽\剂\、\外用\无敌\膏\三个\药品\得到\了\国家\中医药\知识产权\保护\获得\了\国家\中药\保护\品种\证书\。\云南\无敌\治骨\疗法\使用\无敌\治骨\疗法\与\内服\外用\无敌\治骨\系列\药品\共同\治疗\的\方式\药\、\医\相辅相成\。\因\其\技艺\独特\、\疗效\良好\深受\广大\患者\信赖\具有\重要\的\医疗\价值\和\研究\价值\。\现\建设\的\云南\无敌\治骨\疗法\中医\馆\打破\了\祖传\技艺\不\外传\的\保守思想\打破\了\传\男\不\传女\等\门户之见\注重\培养\无敌\治骨\疗法\技艺\的\后备\人才\扩大\了\无敌\治骨\系列\药品\的\市场\销售\网络\使\无敌\治骨\系列\医药\产品\服务\于\全国\更\广大\的\患者\人群\。\年\无敌治骨疗伤法\入选\云南省\第三批\省级\非物质文化\遗产\代表性\项目\名录\。,
哈尼族腊猪脚制作技艺,第四批,传统技艺,元阳县文化馆,哈尼族腊猪脚是长街宴席上最为著名的一道美味。每逢哈尼族过十月年家家户户都要宰杀年猪。当地土猪终年与牛羊混群放养主食青草野菜四肢发达肌肉结实饱满瘦肉率高制作出的腊肉肉质细嫩、清香味美。腌制猪脚时用草果、花椒、盐、八角、辣椒、姜、酒等作料涂抹在猪脚表面确保整只猪脚都均匀地被调料覆盖同时还要不停地捋动猪腿使肌肉充分舒展然后将猪脚放入大缸内密封天左右使调料充分入味再将腌制好的猪脚表面清洗干净用草绳串起挂上竹竿晾干水分悬挂在火塘上方的吊架上利用农家在火塘上烧煮、取暖燃烧柴薪产生的烟火热气进行熏烘。熏烘时一般多用比较能发出香味的木材燃料如柏枝、松柴等。猪脚熏烘半月至一月后重量减轻肉皮呈现焦黄色肥肉呈现透明状即为成品。烹制时将腊猪脚用温水浸泡两到三个小时待猪脚充分撑展开后再放到柴火上烧透刮洗干净砍成小块放入锅中慢火煨煮常放一些红豆或豆壳以增加风味煮熟后佐以薄荷、香椿、葱花、香草、芫荽、花椒、姜、蒜、小米辣等混合而成的哈尼蘸水即可食用。年哈尼族腊猪脚制作技艺入选云南省第四批省级非物质文化遗产代表性项目名录。代表性传承人是杨金福。,省级,哈尼族\腊\猪脚\是\长街\宴席\上\最为\著名\的\一道\美味\。\每逢\哈尼族\过\十月年\家家户户\都\要\宰杀\年\猪\。\当地\土猪\终年\与\牛羊\混群\放养\主食\青草\野菜\四肢发达\肌肉\结实\饱满\瘦肉率\高\制作\出\的\腊肉\肉质\细嫩\、\清香味\美\。\腌制\猪脚\时用\草果\、\花椒\、\盐\、\八角\、\辣椒\、\姜\、\酒\等\作料\涂抹\在\猪脚\表面\确保\整只\猪脚\都\均匀\地被\调料\覆盖\同时\还要\不停\地\捋\动猪\腿\使\肌肉\充分\舒展\然后\将\猪脚\放入\大\缸内\密封\天\左右\使\调料\充分\入味\再\将\腌制\好\的\猪脚\表面\清洗\干净\用\草绳\串起\挂\上\竹竿\晾干\水分\悬挂\在\火塘\上方\的\吊架\上\利用\农家\在\火塘\上\烧煮\、\取暖\燃烧\柴薪\产生\的\烟火\热气\进行\熏\烘\。\熏烘时\一般\多用\比较\能\发出\香味\的\木材\燃料\如柏枝\、\松柴\等\。\猪脚\熏\烘\半月\至\一月\后\重量\减轻\肉皮\呈现\焦\黄色\肥肉\呈现\透明\状即\为\成品\。\烹制\时将腊\猪脚\用\温水\浸泡\两到\三个\小时\待\猪脚\充分\撑\展开\后\再\放到\柴火\上\烧\透\刮\洗\干净\砍成\小\块\放入\锅中\慢火\煨\煮\常放\一些\红豆\或\豆壳\以\增加\风味\煮熟\后佐以\薄荷\、\香椿\、\葱花\、\香草\、\芫荽\、\花椒\、\姜\、\蒜\、\小米\辣\等\混合\而成\的\哈尼\蘸\水\即可\食用\。\年\哈尼族腊猪脚制作技艺\入选\云南省\第四批\省级\非物质文化\遗产\代表性\项目\名录\。\代表性\传承\人\是\杨金福\。,哈尼族
建水西门豆腐制作技艺,第四批,传统技艺,建水县文化馆,明洪武二十二年年临安府治移驻建水负责建造西段城墙的将军率领士兵在城墙脚下挖掘了一口水井浦博泉俗称西门大板井。用此井水做出的豆腐味道极其鲜美称为西门豆腐。西门豆腐制作选用建水南部山区狗街子生产的白皮黄豆因当地光晒充足豆子均匀熟透出浆率极高。泡豆、生浆稀释等环节的用水必用西门大板井水。熬浆过程中不提取豆腐皮留住大豆油脂是其区别于其他豆腐制作的一大特点。点豆腐是最考验手艺的环节把煮好的豆浆快速倒入瓦缸中用发酵过的酸浆水掺入其中慢慢搅动直至豆腐和水分离。酸浆水用量多少全凭经验。包豆腐也是西门豆腐制作的一绝将点过的豆腐包成厘米左右均匀的小豆腐块经压制去除部分水分再撒盐、翻晒即为成品。建水西门豆腐细滑鲜嫩腻软松香最常见的烹饪方法是烧烤在云南各地的烧烤摊上西门豆腐都是必不可少的一道美食。西门豆腐的制作技艺以曾氏豆腐和邰记豆腐作坊的传承最为正宗均可追溯五代以上。过年不吃肉也要吃豆腐的俗语在建水地区广为流传如今建水人家依旧传承着腊月二十四做豆腐、储存豆腐过年的习俗。年建水西门豆腐制作技艺入选云南省第四批省级非物质文化遗产代表性项目名录。代表性传承人是曾红彬。,省级,明洪武\二十二年\年\临安\府治\移驻\建水\负责\建造\西段\城墙\的\将军\率领\士兵\在\城墙\脚下\挖掘\了\一口\水井\浦博泉\俗称\西门\大板\井\。\用此\井水\做出\的\豆腐\味道\极其\鲜美\称为\西门\豆腐\。\西门\豆腐\制作\选用\建水\南部\山区\狗\街子\生产\的\白皮\黄豆\因\当地\光晒\充足\豆子\均匀\熟透\出浆\率\极\高\。\泡豆\、\生浆\稀释\等\环节\的\用水\必用\西门\大板\井水\。\熬\浆\过程\中\不\提取\豆腐皮\留住\大豆\油脂\是\其\区别\于\其他\豆腐\制作\的\一大\特点\。\点\豆腐\是\最\考验\手艺\的\环节\把\煮\好\的\豆浆\快速\倒入\瓦缸\中用\发酵\过\的\酸\浆水\掺入\其中\慢慢\搅动\直至\豆腐\和\水\分离\。\酸\浆水\用量\多少\全凭\经验\。\包\豆腐\也\是\西门\豆腐\制作\的\一绝\将\点\过\的\豆腐\包\成\厘米\左右\均匀\的\小\豆腐块\经\压制\去除\部分\水分\再\撒盐\、\翻晒\即\为\成品\。\建水\西门\豆腐\细滑\鲜嫩\腻\软\松香\最\常见\的\烹饪\方法\是\烧烤\在\云南\各地\的\烧烤\摊上\西门\豆腐\都\是\必不可少\的\一道\美食\。\西门\豆腐\的\制作\技艺\以\曾氏\豆腐\和\邰记\豆腐\作坊\的\传承\最为\正宗\均\可追溯\五代\以上\。\过年\不吃\肉\也\要\吃豆腐\的\俗语\在\建水\地区\广为流传\如今\建水\人家\依旧\传承\着\腊月\二十四\做\豆腐\、\储存\豆腐\过年\的\习俗\。\年\建水西门豆腐制作技艺\入选\云南省\第四批\省级\非物质文化\遗产\代表性\项目\名录\。\代表性\传承\人\是\曾\红彬\。,
彝族关龙调,云南省第四批,民间文学,云南省云县,彝族关龙调是在婚娶喜庆之夜演唱的对歌调。有自由组合的唱班也有主人家特意邀请的唱班与庆贺之夜的打歌调同时演唱。通常以村为单位组成一个唱班。演唱时主人家关起堂屋门唱班分门外、门内两伙对唱以定输赢。唱时有问有答赢的一方可以打开门自由出入被主人家视为贵客唱输的一边不能擅自开门出入需要对方允许或者退场回家由别的唱班取而代之。因为唱调固定从龙唱起所以被称为关龙调。彝族关龙调唱调比较单一重在唱词除开头固定外其余多是即兴演唱。不同村寨不同艺人有不同唱法男女唱法也有所不同甚至同一个歌手第一次与第二次唱的方法也不一样。但唱词丰富多彩有历史、天文地理、生产生活常识、亲情、爱情等方方面面的内容随口问答即兴发挥可以一直唱下去。唱词基本是七字句每两句押韵每八句形成一段完整意思即四问四答。云县彝族俐侎人演唱时使用俐侎方言此外各支系通常用汉语方言演唱。彝族关龙调唱词丰富演唱轻快内容诙谐通俗是深受群众喜爱的民间文学形式对于增进民族感情促进民族团结起到了重要作用。近年来随着彝族婚礼习俗的变迁关龙调演唱习俗也有所变化。年彝族关龙调入选云南省第四批省级非物质文化遗产代表性项目名录。项目代表性传承人是尤张妹。,省级,彝族关龙调\是\在\婚娶\喜庆\之夜\演唱\的\对\歌调\。\有\自由组合\的\唱\班\也\有\主人家\特意\邀请\的\唱\班\与\庆贺\之夜\的\打\歌调\同时\演唱\。\通常\以村\为\单位\组成\一个\唱班\。\演唱\时\主人家\关\起\堂屋\门唱班分\门外\、\门内\两伙\对唱\以\定\输赢\。\唱时\有问有答\赢\的\一方\可以\打开门\自由\出入\被\主人家\视为\贵客\唱输\的\一边\不能\擅自\开门\出入\需要\对方\允许\或者\退场\回家\由\别的\唱班\取而代之\。\因为\唱调\固定\从龙\唱起\所以\被\称为\关龙调\。\彝族关龙调\唱调\比较\单一\重在\唱词\除\开头\固定\外\其余\多\是\即兴\演唱\。\不同\村寨\不同\艺人\有\不同\唱法\男女\唱法\也\有所不同\甚至\同一个\歌手\第一次\与\第二次\唱\的\方法\也\不\一样\。\但\唱词\丰富多彩\有\历史\、\天文地理\、\生产\生活\常识\、\亲情\、\爱情\等\方方面面\的\内容\随口\问答\即兴\发挥\可以\一直\唱\下去\。\唱词\基本\是\七\字句\每\两句\押韵\每\八句\形成\一段\完整\意思\即四问\四答\。\云县\彝族\俐\侎\人\演唱\时\使用\俐\侎\方言\此外\各\支系\通常\用\汉语\方言\演唱\。\彝族关龙调\唱词\丰富\演唱\轻快\内容\诙谐\通俗\是\深受\群众\喜爱\的\民间文学\形式\对于\增进\民族感情\促进\民族团结\起到\了\重要\作用\。\近年来\随着\彝族\婚礼\习俗\的\变迁\关龙调\演唱\习俗\也\有所\变化\。\年\彝族关龙调\入选\云南省\第四批\省级\非物质文化\遗产\代表性\项目\名录\。\项目\代表性\传承\人\是\尤\张妹\。,彝族
上沧酒制作技艺,第四批,传统技艺,云南省宾川县,上沧酒是大理州地方名特产品之一产于大理州宾川县鸡足山下的上沧村村落依上沧湖水而建故得其名。由于独特的山水相融的自然环境以及独特的气候条件上沧村自古就以酿造好酒闻名。民间传说上沧等地为南诏大理国时期专门的酿酒存户所酿美酒专供王室饮用。到了明代在上沧已出现了许多专门以酿酒为业的家庭酿酒作坊几乎家家都酿酒用很多野生植物和中草药制成酿酒曲酒酿造出的酒多数都背到排营街、炼洞街上卖百姓称之为上沧酒。上沧酒主要以玉米和大麦为原料配以独特的酒曲酿造而成。工艺流程主要有泡粮、蒸煮、晾原料、投曲、培菌糖化、配糟、发酵、蒸馏等多道工序。首先要在泡粮池内用清水冲洗粮食用摄氏度以上温水浸泡已清洗好的原料约小时以上。待原料浸透再淘洗二次后上甑蒸煮。初蒸分钟使原料柔软再集中放水煮粮。蒸煮过程中每隔分钟人工搅拌一次使原料开裂。将煮粮水放干用于泡粮再用清水冲洗然后放汽蒸粮。蒸分钟直到原料有香味为止。第二天早上复蒸分钟至香味四溢方可停火出甑。原料在晾床上要边出料边吹风使其温度均衡绝不能出现温度不均衡现象否则将严重影响酒的品质。同时投放酒曲的温度十分考究夏天与冬天室内温度不同投曲的数量和标准也有所区别。培菌糖化的时间为小时温度为摄氏度时间灵活掌握温度则需要严格控制。配糟必须要用当天的鲜糟将出甑后的鲜糟倒入晾床内进行人工降温待温度降到摄氏度时收拢在晾床上再装瓶装入糖化箱装瓶时必须将原料配糟混合均匀方可入罐。发酵的时间不低于天不超过天室内温度要始终保持在摄氏度温度超过摄氏度时开窗降温温度低于摄氏度则要加温。发酵完成后蒸馏出酒。上沧酒干冽清爽入口绵甜深受消费者的青睐。年上沧酒制作技艺入选云南省第四批省级非物质文化遗产代表性项目名录扩展项目名录。项目代表性传承人是杨锡雄。,省级,上沧酒\是\大理州\地方\名\特产品\之一\产于\大理州\宾川县\鸡足山\下\的\上\沧村\村落\依上\沧\湖水\而建\故得\其名\。\由于\独特\的\山水\相融\的\自然环境\以及\独特\的\气候\条件\上沧村\自古\就\以\酿造\好酒\闻名\。\民间传说\上沧等\地为\南诏\大理国\时期\专门\的\酿酒\存户\所酿\美酒\专供\王室\饮用\。\到\了\明代\在\上\沧\已\出现\了\许多\专门\以\酿酒\为业\的\家庭\酿酒\作坊\几乎\家家\都\酿酒\用\很多\野生植物\和\中草药\制成\酿酒\曲酒\酿造\出\的\酒\多数\都\背到\排营\街\、\炼洞\街上\卖\百姓\称之为\上沧酒\。\上沧酒\主要\以\玉米\和\大麦\为\原料\配以\独特\的\酒曲\酿造\而成\。\工艺流程\主要\有\泡\粮\、\蒸煮\、\晾\原料\、\投曲\、\培菌\糖化\、\配糟\、\发酵\、\蒸馏\等\多\道工序\。\首先\要\在\泡\粮\池内\用\清水\冲洗\粮食\用\摄氏度\以上\温水\浸泡\已\清洗\好\的\原料\约\小时\以上\。\待\原料\浸透\再\淘洗\二次\后\上\甑\蒸煮\。\初蒸\分钟\使\原料\柔软\再\集中\放水\煮\粮\。\蒸煮\过程\中\每隔\分钟\人工\搅拌\一次\使\原料\开裂\。\将\煮\粮水放干\用于\泡\粮\再\用\清水\冲洗\然后\放汽蒸\粮\。\蒸\分钟\直到\原料\有\香味\为止\。\第二天\早上\复蒸\分钟\至\香味\四溢\方可\停火\出\甑\。\原料\在\晾\床上\要边\出料\边\吹风\使\其\温度\均衡\绝不能\出现\温度\不\均衡\现象\否则\将\严重\影响\酒\的\品质\。\同时\投放\酒曲\的\温度\十分\考究\夏天\与\冬天\室内\温度\不同\投曲\的\数量\和\标准\也\有所区别\。\培菌\糖化\的\时间\为\小时\温度\为\摄氏度\时间\灵活\掌握\温度\则\需要\严格控制\。\配糟\必须\要\用\当天\的\鲜糟\将\出\甑\后\的\鲜糟\倒入\晾床\内\进行\人工\降温\待\温度\降到\摄氏度\时\收拢\在\晾\床上\再\装瓶\装入\糖化\箱\装瓶\时\必须\将\原料\配糟\混合\均匀\方可\入罐\。\发酵\的\时间\不\低于\天\不\超过\天\室内\温度\要\始终保持\在\摄氏度\温度\超过\摄氏度\时\开窗\降温\温度\低于\摄氏度\则\要\加温\。\发酵\完成\后\蒸馏\出酒\。\上沧酒\干冽\清爽\入口\绵甜\深受\消费者\的\青睐\。\年\上沧酒制作技艺\入选\云南省\第四批\省级\非物质文化\遗产\代表性\项目\名录\扩展\项目\名录\。\项目\代表性\传承\人\是\杨锡雄\。,
绥江竹编,第四批,传统美术,云南昭通绥江县文化馆,绥江竹编历史悠久丰富的竹资源是绥江人民开发和利用的宝库。绥江竹编集实用性与艺术性于一体是绥江传统手工艺的典型代表。绥江竹编与民众的生活密不可分因其美观、大方、实用而深受当地及周边县区民众的喜爱主要有夹背、娃娃背篼、提篮、桌椅、竹扇、凉席、竹童车等。艺术性竹编工艺独特、品质高雅特别是竹编画既保持了书法艺术和国画的神韵又充分体现传统竹编艺术的风格是艺术创作和艺术再创作的完美诠释极具收藏价值代表作有《隐形观音》《百寿有鱼》《云南十八怪》等。绥江竹编技艺工艺流程复杂从原材料选择、用材加工到编织成品需要经过图案设计、选材、下料、晾干、卷节、去结、刮青、开片、分篾分丝、三防、染色、编织、后期处理等十多道工序每道工序的细腻程度要求甚高。其中分篾是最关键的环节技术要求很高。编制根据竹编的形式和种类区分一般采取平面编制、立体编制和混合编制以经纬线的穿梭为主线通过挑、压、破、提等编制手法进行编织。绥江竹编技艺主要通过师徒之间言传身教和社会传承等方式进行传承在绥江有广泛的群众基础各乡镇都有一个或几个本区域内公认的代表性传承人。竹编生活用品使用频率有上升趋势但是市场占有率并不高不能大力推动竹编工艺的发展。年绥江竹编入选云南省第四批省级非物质文化遗产代表性项目名录。项目代表性传承人是袁朝秀。,省级,绥江竹编\历史悠久\丰富\的\竹\资源\是\绥江\人民\开发\和\利用\的\宝库\。\绥江竹编\集\实用性\与\艺术性\于\一体\是\绥江\传统\手工艺\的\典型\代表\。\绥江竹编\与\民众\的\生活\密不可分\因\其\美观\、\大方\、\实用\而\深受\当地\及\周边\县区\民众\的\喜爱\主要\有\夹\背\、\娃娃\背\篼\、\提篮\、\桌椅\、\竹扇\、\凉席\、\竹\童车\等\。\艺术性\竹编\工艺\独特\、\品质\高雅\特别\是\竹编\画\既\保持\了\书法艺术\和\国画\的\神韵\又\充分体现\传统\竹编\艺术\的\风格\是\艺术创作\和\艺术\再\创作\的\完美\诠释\极具\收藏\价值\代表作\有\《\隐形\观音\》\《\百寿有\鱼\》\《\云南\十八怪\》\等\。\绥江竹编\技艺\工艺流程\复杂\从\原材料\选择\、\用材\加工\到\编织\成品\需要\经过\图案\设计\、\选材\、\下\料\、\晾干\、\卷节\、\去结\、\刮青\、\开片\、\分篾\分丝\、\三防\、\染色\、\编织\、\后期\处理\等\十多道\工序\每\道工序\的\细腻\程度\要求\甚高\。\其中\分篾\是\最\关键\的\环节\技术\要求\很\高\。\编制\根据\竹编\的\形式\和\种类\区分\一般\采取\平面\编制\、\立体\编制\和\混合\编制\以\经纬线\的\穿梭\为主\线\通过\挑\、\压\、\破\、\提等\编制\手法\进行\编织\。\绥江竹编\技艺\主要\通过\师徒\之间\言传身教\和\社会\传承\等\方式\进行\传承\在\绥江\有\广泛\的\群众\基础\各乡镇\都\有\一个\或\几个\本\区域\内\公认\的\代表性\传承\人\。\竹编\生活用品\使用\频率\有\上升\趋势\但是\市场占有率\并\不\高\不能\大力\推动\竹编\工艺\的\发展\。\年\绥江竹编\入选\云南省\第四批\省级\非物质文化\遗产\代表性\项目\名录\。\项目\代表性\传承\人\是\袁朝秀\。,
丘北彝族羊皮鼓舞,第四批,传统舞蹈,丘北县非物质文化遗产保护中心,羊皮鼓舞彝语称冉木比是流传于云南省文山州丘北县姑租村一带的彝族祭祀性舞蹈。羊皮鼓舞在姑租村世代传承是当地丧葬活动必不可少的传统祭祀仪式。羊皮鼓舞因以羊皮鼓为主要伴奏乐器而得名舞蹈动作多模仿猴子旨在驱恶除邪保家人平安。羊皮鼓舞仅限于男性表演人数少则六、七人多则十几、几十人。表演时由一人手持牛角号在前领舞第二人敲羊皮鼓第三人打大锣其余人用树叶、棕叶围身装扮成猴子模样随后徒手围棺而舞。羊皮鼓舞动作由路钱吃炒豆烤火做粑粑喜鹊走路等几个部分组成动作模仿猴子形态舞蹈动作逗趣形象逼真。羊皮鼓舞以其独特的魅力贯穿于整个民族文化之中反映了当地彝族对自然界的认知和理解。丘北县的彝族村寨中仅姑租村保留着跳羊皮鼓舞的习俗。由于现代生活的影响彝族羊皮鼓舞逐渐由丧葬礼俗舞蹈向集体性娱乐舞蹈转变同时走向了舞台表演。年丘北县彝族羊皮鼓舞入选云南省第四批省级非物质文化遗产代表性项目名录扩展项目名录。项目代表性传承人是施金林。,省级,羊皮\鼓舞\彝语\称冉木\比\是\流传\于\云南省\文山州\丘北县\姑租村\一带\的\彝族\祭祀\性\舞蹈\。\羊皮\鼓舞\在\姑租村\世代\传承\是\当地\丧葬\活动\必不可少\的\传统\祭祀\仪式\。\羊皮\鼓舞\因以\羊皮鼓\为\主要\伴奏\乐器\而\得名\舞蹈动作\多\模仿\猴子\旨在\驱恶\除邪\保\家人\平安\。\羊皮\鼓舞\仅限于\男性\表演\人数\少则\六\、\七人\多则\十几\、\几十人\。\表演\时\由\一人\手持\牛角\号\在\前\领舞\第二\人\敲\羊皮鼓\第三\人\打\大锣\其余\人用\树叶\、\棕叶\围身\装扮成\猴子\模样\随后\徒手\围棺\而\舞\。\羊皮\鼓舞\动作\由路\钱\吃\炒\豆\烤火\做\粑\粑\喜鹊\走路\等\几个\部分\组成\动作\模仿\猴子\形态\舞蹈动作\逗趣\形象\逼真\。\羊皮\鼓舞\以\其\独特\的\魅力\贯穿\于\整个\民族文化\之中\反映\了\当地\彝族\对\自然界\的\认知\和\理解\。\丘北县\的\彝族\村寨\中仅\姑租村\保留\着\跳\羊皮\鼓舞\的\习俗\。\由于\现代\生活\的\影响\彝族\羊皮\鼓舞\逐渐\由\丧葬\礼俗\舞蹈\向\集体性\娱乐\舞蹈\转变\同时\走向\了\舞台\表演\。\年\丘北县\彝族\羊皮\鼓舞\入选\云南省\第四批\省级\非物质文化\遗产\代表性\项目\名录\扩展\项目\名录\。\项目\代表性\传承\人\是\施金林\。,彝族
阿数瑟,第三批,传统音乐,云南省临沧市镇康县文化馆,阿数瑟具有悠久的历史相传起源于三国诸葛亮赴滇西南镇康县征南蛮时期在中原传统文化、边疆少数民族文化和边境多元文化相互交融中形成。在镇康地区无论是婚丧嫁娶、农闲或节庆等场合人们都会自发地组织阿数瑟打歌演唱活动。阿数瑟按场景可分为结婚喜宴阿数瑟、新房庆典阿数瑟、节日庆典阿数瑟等一般用三弦、芦笙、笛子等传统民间乐器进行伴奏舞蹈套路有大直歌、窜山小狗、丰收歌、倒折歌等音乐曲调有软调、硬调、三和弦。即兴创作是阿数瑟的突出特点演奏者把天文地理、时令节气、男女情爱、时事政治都编进调子众人随着三弦的旋律围成圆圈边唱边跳最后一起合唱阿数瑟呢瞧着罗细瑟呢甩着结束极具现场感染力。阿数瑟调子诙谐幽默舞蹈生动有趣具有较高的艺术观赏性和历史文化价值被称为飘荡在茶马古道上的天籁之音。阿数瑟在对外文化交流及促进民族团结上发挥着积极的纽带作用对研究边地文化具有十分重要的意义。年阿数瑟入选云南省第三批省级非物质文化遗产代表性项目名录。项目代表性传承人是罗文军。,省级,阿数瑟\具有\悠久\的\历史\相传\起源于\三国\诸葛亮\赴\滇西南\镇康县\征\南蛮\时期\在\中原\传统文化\、\边疆\少数民族\文化\和\边境\多元\文化\相互\交融\中\形成\。\在\镇康\地区\无论是\婚丧嫁娶\、\农闲\或\节庆\等\场合\人们\都\会\自发\地\组织\阿数瑟\打歌\演唱\活动\。\阿数瑟\按\场景\可\分为\结婚\喜宴\阿数瑟\、\新房\庆典\阿数瑟\、\节日\庆典\阿数瑟\等\一般\用\三弦\、\芦笙\、\笛子\等\传统\民间\乐器\进行\伴奏\舞蹈\套路\有大直\歌\、\窜\山\小狗\、\丰收\歌\、\倒折\歌\等\音乐\曲调\有\软调\、\硬调\、\三和弦\。\即兴创作\是\阿数瑟\的\突出\特点\演奏者\把\天文地理\、\时令节气\、\男女\情爱\、\时事政治\都\编进\调子\众人\随着\三弦\的\旋律\围成\圆圈\边唱边\跳\最后\一起\合唱\阿数瑟\呢\瞧\着\罗细瑟\呢\甩\着\结束\极具\现场\感染力\。\阿数瑟\调子\诙谐\幽默\舞蹈\生动有趣\具有\较\高\的\艺术\观赏性\和\历史\文化价值\被\称为\飘荡\在\茶\马\古道\上\的\天籁\之音\。\阿数瑟\在\对外\文化交流\及\促进\民族团结\上\发挥\着\积极\的\纽带\作用\对\研究\边\地\文化\具有\十分\重要\的\意义\。\年\阿数瑟\入选\云南省\第三批\省级\非物质文化\遗产\代表性\项目\名录\。\项目\代表性\传承\人\是\罗文\军\。,
彝族阿卡舞,第四批,传统舞蹈,云南省楚雄州南华县文化馆,彝族阿卡舞的表现形式在于跳、唱、吹、弹。其特点是舞步峰回路转豁达豪放轻松自如可焕发出一种土色土香的歌舞魅力。阿卡舞是男女混合的集体舞蹈领舞者作为总领以突出高难度的舞步统领整个舞队。无论是顿足、跨跳、闪身、扭转都必须强调节奏并通过吹奏葫芦笙引领所有舞者形成舞蹈节奏和音律变化的高度统一。其他人则双手搭肩闪转灵活敏捷在葫芦笙、三弦、竹箫的合奏中翩翩起舞似一长龙腾跃于天地之间。彝族阿卡舞属五声徵调式旋律围绕音以音起头和结尾整个舞蹈分为直歌、半翻歌、全翻歌、跳菜舞、三跺脚、蒙化调等反复进行并有三弦、葫芦笙、笛子伴奏巧妙运用不同声部丰富阿卡舞的表现力。阿卡舞音乐旋律优美节奏明快彝族调式演唱独具特色和韵味内容深刻形象具有浓厚的乡土气息。随着历史的发展、社会的进步彝族阿卡舞凡遇喜庆佳节乔迁、嫁娶、男女老少欢聚一堂以跳唱阿卡舞为乐成为当地彝族群众文化生活的重要组成部分体现了彝族人民感恩自然、回馈自然以及万物有灵的朴素唯物观。年彝族阿卡舞入选云南省第四批省级非物质文化遗产代表性项目名录。项目代表性传承人是阿发昌。,省级,彝族阿卡舞\的\表现形式\在于\跳\、\唱\、\吹\、\弹\。\其\特点\是\舞步\峰回路转\豁达\豪放\轻松自如\可\焕发\出\一种\土色\土香\的\歌舞\魅力\。\阿卡\舞是\男女\混合\的\集体\舞蹈\领舞\者\作为\总领\以\突出\高难度\的\舞步\统领\整个\舞队\。\无论是\顿足\、\跨跳\、\闪身\、\扭转\都\必须\强调\节奏\并\通过\吹奏\葫芦\笙\引领\所有\舞者\形成\舞蹈节奏\和\音律\变化\的\高度\统一\。\其他人\则\双手\搭肩\闪转\灵活\敏捷\在\葫芦\笙\、\三弦\、\竹箫\的\合奏\中\翩翩起舞\似一\长龙\腾跃\于\天地\之间\。\彝族阿卡舞\属\五声\徵\调式\旋律\围绕\音以音\起头\和\结尾\整个\舞蹈\分为\直歌\、\半翻\歌\、\全翻\歌\、\跳菜\舞\、\三\跺脚\、\蒙化\调等\反复\进行\并\有\三弦\、\葫芦\笙\、\笛子\伴奏\巧妙\运用\不同\声部\丰富\阿卡\舞\的\表现力\。\阿卡\舞\音乐\旋律优美\节奏\明快\彝族\调式\演唱\独具特色\和\韵味\内容\深刻\形象\具有\浓厚\的\乡土气息\。\随着\历史\的\发展\、\社会\的\进步\彝族阿卡舞\凡遇\喜庆\佳节\乔迁\、\嫁娶\、\男女老少\欢聚一堂\以\跳\唱\阿卡\舞为乐\成为\当地\彝族\群众\文化\生活\的\重要\组成部分\体现\了\彝族\人民\感恩\自然\、\回馈\自然\以及\万物\有灵\的\朴素唯物\观\。\年\彝族阿卡舞\入选\云南省\第四批\省级\非物质文化\遗产\代表性\项目\名录\。\项目\代表性\传承\人\是\阿发昌\。,彝族
盈江傈僳族服饰,第四批,民俗,云南省盈江县,德宏州的傈僳族主要分布在盈江县又以苏典傈僳族乡最多。傈僳族聚居山乡习惯种植禾麻并用它加工成麻衣、麻被、麻口袋等。禾麻傈僳语叫集自古伴随着人们的生产与生活。据有关史料记载禾麻是在有棉花以前我国古代人民的主要衣着原料《诗经七月》有十月纳禾稼。黍稷重穋禾麻菽麦的诗句。傈僳族女装由头帕、上衣、机奔、几黑玛、几黑咋咋、期珠、腊戛、咪期、勒娥、缅姐、腰铃、飘带、耳坠等十多种部件组成百片衣裙。各部件又用不同颜色的布面拼制而成上面还布满了小银泡、依玛、亮果等相间用不同颜色的线缝制全用手工精巧细致的绣制绣法很多有平绣、辫绣、绉绣、绒绣等布块和线的颜色大多是白、红、黄、蓝、绿、紫、黑等。衣着绚丽多彩长衣围腰过膝以五色面料拼绣而成多以花边镶边发编辫盘头上外加蝶形包巾包巾尾部用彩色布料拼绣绣有各色图案留尾须系以料珠、银泡。有数根项珠链垂挂多为玛瑙、琥珀以至银、玉器串成。小腿有彩布黑边的脚套。旧时多跣足现代多穿胶鞋、皮鞋。妇女服饰五彩缤纷成群结队花团锦簇。男装显得简洁、明快一身青黑短衣对襟细扣密集有的用小银币、镍币做纽扣大裆裤长及膝有的以红、白线绣边。衣服长及小腿肚两肩的披褂以黑、蓝布块拼贴。扎上腰带腰带分宽腰带、五彩腰带。还有长至小腿肚的黑色裤裤脚处拉上白色花纹佩有脚箍、吊筒等。上衣外加前短后长的白褂已婚男子喜加黑色短褂头裹青黑大包布挎刀扛弩甚是威武。傈僳族服饰色泽鲜艳、古朴大方、绮丽多彩是中华民族服饰文化的重要组成部分。服饰中大胆地运用红、绿、白、黑、黄等色差对比并且巧妙地运用间色取得极为明快和谐的艺术效果体现出傈僳族对服饰文化的独特审美追求和鲜明的个性特征渗透着边疆民族特殊的生活历史和社会发展进程其服饰的多元性体现着边疆各民族之间的经济文化交流和互相之间的融合体现着他们用不同的方式从各自生息的土地上获取的生产和生活资料形成了独特的民族文化特征同时傈僳族服饰又是边疆民族服饰文化史的活化石为边疆民族的发展和演变提供可靠信息具有极高的研究价值。随着边疆经济文化的日益发展人们的审美观念也随之改变许多傈僳族群众平时已多着各种时装穿着本民族服装的时间越来越少甚至把它作为一种礼服只在节日、婚嫁或其他庄重场合才偶尔穿戴。又因傈僳族服饰制作工艺繁杂工序较多因此在村里学制傈僳服饰的年轻人越来越少。能熟练掌握服饰制作工艺的人几乎都是村里年龄偏大的老人。年盈江傈僳族服饰入选云南省第四批省级非物质文化遗产代表性项目名录扩展项目名录。项目代表性传承人是麻有兰、余兴梅、曹光彩等。,省级,德宏州\的\傈僳族\主要\分布\在\盈江县\又\以\苏典\傈僳族\乡\最\多\。\傈僳族\聚居\山乡\习惯\种植\禾麻\并用\它\加工\成\麻衣\、\麻\被\、\麻\口袋\等\。\禾麻\傈僳语\叫集\自古\伴随\着\人们\的\生产\与\生活\。\据\有关\史料\记载\禾\麻是\在\有\棉花\以前\我国\古代\人民\的\主要\衣着\原料\《\诗经\七月\》\有\十月\纳\禾稼\。\黍稷\重\穋\禾\麻菽麦\的\诗句\。\傈僳族\女装\由\头帕\、\上衣\、\机奔\、\几黑玛\、\几黑\咋\咋\、\期珠\、\腊\戛\、\咪期\、\勒娥\、\缅姐\、\腰铃\、\飘带\、\耳坠\等\十多种\部件\组成\百片\衣裙\。\各\部件\又\用\不同\颜色\的\布面\拼制\而成\上面\还\布满\了\小银泡\、\依玛\、\亮果\等\相间\用\不同\颜色\的\线\缝制\全用\手工\精巧\细致\的\绣制\绣法\很多\有平\绣\、\辫\绣\、\绉\绣\、\绒绣\等\布块\和\线\的\颜色\大多\是\白\、\红\、\黄\、\蓝\、\绿\、\紫\、\黑\等\。\衣着\绚丽多彩\长衣\围腰\过膝\以\五色\面料\拼绣\而\成多以\花边\镶边\发编\辫盘\头上\外加\蝶形\包巾\包巾\尾部\用\彩色\布料\拼绣\绣\有\各色\图案\留尾须\系\以料\珠\、\银泡\。\有\数根\项\珠链\垂挂\多为\玛瑙\、\琥珀\以至\银\、\玉器\串成\。\小腿\有彩布\黑边\的\脚套\。\旧时\多\跣足\现代\多\穿\胶鞋\、\皮鞋\。\妇女\服饰\五彩缤纷\成群结队\花团锦簇\。\男装\显得\简洁\、\明快\一身\青黑\短衣\对襟\细扣\密集\有\的\用\小\银币\、\镍币\做\纽扣\大裆\裤长\及\膝\有\的\以\红\、\白线\绣\边\。\衣服\长及\小腿肚\两肩\的\披褂\以\黑\、\蓝布\块\拼贴\。\扎上\腰带\腰带\分宽\腰带\、\五彩\腰带\。\还有\长至\小腿肚\的\黑色\裤\裤脚\处拉上\白色\花纹\佩有\脚\箍\、\吊筒\等\。\上衣\外加\前短后长\的\白褂\已婚\男子\喜加\黑色\短褂\头裹\青黑\大包\布\挎\刀\扛\弩\甚\是\威武\。\傈僳族\服饰\色泽\鲜艳\、\古朴\大方\、\绮丽\多彩\是\中华民族\服饰文化\的\重要\组成部分\。\服饰\中\大胆\地\运用\红\、\绿\、\白\、\黑\、\黄等\色差\对比\并且\巧妙\地\运用\间色\取得\极为\明快\和谐\的\艺术\效果\体现\出\傈僳族\对\服饰文化\的\独特\审美\追求\和\鲜明\的\个性特征\渗透\着\边疆民族\特殊\的\生活\历史\和\社会发展\进程\其\服饰\的\多元性\体现\着\边疆\各\民族\之间\的\经济\文化交流\和\互相\之间\的\融合\体现\着\他们\用\不同\的\方式\从\各自\生息\的\土地\上\获取\的\生产\和\生活资料\形成\了\独特\的\民族文化\特征\同时\傈僳族\服饰\又\是\边疆民族\服饰\文化史\的\活化石\为\边疆民族\的\发展\和\演变\提供\可靠\信息\具有\极高\的\研究\价值\。\随着\边疆\经济\文化\的\日益\发展\人们\的\审美观念\也\随之\改变\许多\傈僳族\群众\平时\已多\着\各种\时装\穿着\本\民族服装\的\时间\越来越少\甚至\把\它\作为\一种\礼服\只\在\节日\、\婚嫁\或\其他\庄重\场合\才\偶尔\穿戴\。\又\因\傈僳族\服饰\制作\工艺\繁杂\工序\较\多\因此\在\村里\学制\傈僳\服饰\的\年轻人\越来越少\。\能\熟练掌握\服饰\制作\工艺\的\人\几乎\都\是\村里\年龄\偏大\的\老人\。\年\盈江傈僳族服饰\入选\云南省\第四批\省级\非物质文化\遗产\代表性\项目\名录\扩展\项目\名录\。\项目\代表性\传承\人\是\麻有兰\、\余兴\梅\、\曹\光彩\等\。,傈僳族
雨露白族正月灯会,第四批,民俗,南华县文化馆,雨露白族正月灯会又称土主诞辰庆典传统灯会清光绪《镇南州志略》记载土主会每年正月初八南界雨露村建土主会杂陈百戏商货云集士女往观。在长期灯会传承活动中形成了罗文、果乐、力戈、雨露四个灯班主要剧目有《封猴挂印》《圆场》《打花鼓》《竹林君子》《瞎子闹店》《丁浪浪讨亲》《皮匠点灯》用白语演唱《拐干妹》《补瓷缸》等多个伴奏乐器有锣鼓、二胡、三弦等。现在灯会活动时间为每年农历正月初一至初八。正月初一至初七晚四个灯班在各自祠堂唱灯初八开展整天灯会活动。一大早每家妇女都会围着村子用松针铺出一条路并在自家门前放鞭炮寓意迎接灯班。同时参加活动者抬着灯会所需道具围着村子绕一圈预示风调雨顺。最后各灯班到指定地点进行唱灯活动。灯会上要进行舞狮子、耍大刀、演唱白族传统古装灯戏、物资交流等民俗活动。雨露灯班至今还保留着跪迎高亲和接姑奶奶习俗即雨露灯头和主持人在上一年的腊月十四日到楚雄东华接姑奶奶逢双年雨露灯班队员去接十八日回雨露东华单年正月初七来雨露十一日回东华声势浩大而隆重。雨露正月灯会传承方式有家族传承也有师徒相传但以家族传承为主凡家中有儿子者都要接受此项技艺传习本村本组之中凡有技艺高超的唱灯能手都会把技艺相互传给后辈并在集体活动中相互学习切磋提高正月灯会的唱灯技艺。随着社会发展外出打工青年人数的不断增加加之很多年轻人不愿学习传承等因素影响该民俗面临表演减少甚至失传危机需加以抢救保护传承。年雨露白族正月灯会入选云南省第四批省级非物质文化遗产代表性项目名录。省级传承人杨正策。,省级,雨露白族正月灯会\又称\土主\诞辰\庆典\传统\灯会\清光绪\《\镇南\州志略\》\记载\土主会\每年\正月\初八\南界\雨露\村建\土主会\杂陈\百戏\商货\云集\士女\往观\。\在\长期\灯会\传承\活动\中\形成\了\罗文\、\果乐\、\力戈\、\雨露\四个\灯班\主要\剧目\有\《\封猴\挂印\》\《\圆场\》\《\打花鼓\》\《\竹林\君子\》\《\瞎子\闹店\》\《\丁浪浪\讨亲\》\《\皮匠\点灯\》\用\白语\演唱\《\拐\干妹\》\《\补\瓷缸\》\等\多个\伴奏\乐器\有\锣鼓\、\二胡\、\三弦\等\。\现在\灯会\活动\时间\为\每年\农历\正月初一\至\初八\。\正月初一\至\初七\晚\四个\灯班\在\各自\祠堂\唱灯\初八\开展\整天\灯会\活动\。\一大早\每家\妇女\都\会\围着\村子\用\松针\铺\出\一条\路\并\在\自家\门前\放鞭炮\寓意\迎接\灯班\。\同时\参加\活动\者\抬\着\灯会\所\需\道具\围着\村子\绕\一圈\预示\风调雨顺\。\最后\各灯\班\到\指定\地点\进行\唱灯\活动\。\灯会\上要\进行\舞\狮子\、\耍\大刀\、\演唱\白族\传统\古装\灯戏\、\物资交流\等\民俗\活动\。\雨露\灯班\至今\还\保留\着\跪\迎\高亲\和\接\姑奶奶\习俗\即\雨露\灯头\和\主持人\在\上一年\的\腊月\十四日\到\楚雄\东华\接\姑奶奶\逢\双年\雨露\灯班\队员\去\接\十八日\回\雨露\东华\单年\正月初七\来\雨露\十一日\回\东华\声势浩大\而\隆重\。\雨露\正月\灯会\传承\方式\有\家族\传承\也\有\师徒\相传\但\以\家族\传承\为主\凡\家中\有\儿子\者\都\要\接受\此项\技艺\传习\本村\本组\之中\凡有\技艺高超\的\唱\灯\能手\都\会\把\技艺\相互\传给\后辈\并\在\集体\活动\中\相互\学习\切磋\提高\正月\灯会\的\唱\灯\技艺\。\随着\社会发展\外出\打工\青年\人数\的\不断\增加\加之\很多\年轻人\不愿\学习\传承\等\因素\影响\该\民俗\面临\表演\减少\甚至\失传\危机\需\加以\抢救\保护\传承\。\年\雨露白族正月灯会\入选\云南省\第四批\省级\非物质文化\遗产\代表性\项目\名录\。\省级\传承\人\杨正策\。,白族
金竹舞,第三批,传统舞蹈,云南省文山州广南县文化馆,金竹舞彝语原称穰克穰即金竹克即跳舞是彝族民间风俗舞蹈之一。金竹舞的舞蹈形式包括展示古人的生产劳作场景演示特定历史事件以舞蹈表达悼念祖先、敬仰神灵、告慰英烈、庆祝丰收等不同情感。随着时代的发展金竹舞已从单一的祭祀性舞蹈转化为大众集体舞蹈除特定场景的专门表演外几乎是全民性的娱乐活动。在竹笋节节日庆典期间村中不论男女老幼只要会跳舞者都须参与舞者双手各拿一条白毛巾踏着音乐节拍围成层层圆圈男人在最里层小孩在中层女人围在最外边共同沿着逆时针方向行进舞蹈舞蹈顺序无严格要求动作变化随葫芦笙乐曲转换而改变舞蹈进行中每间隔一定时间共同发出热烈的吼声。金竹舞以葫芦笙、牛皮鼓、平面锣作伴奏乐器其中的接祖舞蹈加牛角伴奏。金竹舞的舞蹈动作原始古朴而简练大方自然叙事写实性强音乐多为行进速度乐曲、乐句短小精炼情感真挚热情奔放。金竹舞是彝族叟人支系世代传承的舞蹈艺术形式蕴含了岁时历法、民族源流、音乐文学、服饰美学等民俗文化内涵十分丰富。年金竹舞入选云南省第三批省级非物质文化遗产代表性项目名录。项目代表性传承人是季明忠。,省级,金竹舞\彝语\原称\穰\克\穰\即\金竹克\即\跳舞\是\彝族\民间\风俗\舞蹈\之一\。\金竹舞\的\舞蹈形式\包括\展示\古人\的\生产\劳作\场景\演示\特定\历史\事件\以\舞蹈\表达\悼念\祖先\、\敬仰\神灵\、\告慰\英烈\、\庆祝\丰收\等\不同\情感\。\随着\时代\的\发展\金竹舞\已\从\单一\的\祭祀\性\舞蹈\转化\为\大众\集体\舞蹈\除\特定\场景\的\专门\表演\外\几乎\是\全民性\的\娱乐活动\。\在\竹笋\节\节日\庆典\期间\村中\不论\男女老幼\只要\会\跳舞\者\都\须\参与\舞者\双手\各\拿\一条\白\毛巾\踏着\音乐\节拍\围成\层层\圆圈\男人\在\最里层\小孩\在\中层\女人\围\在\最\外边\共同\沿着\逆时针\方向\行进\舞蹈\舞蹈\顺序\无\严格要求\动作\变化\随\葫芦\笙\乐曲\转换\而\改变\舞蹈\进行\中\每\间隔\一定\时间\共同\发出\热烈\的\吼声\。\金竹舞\以\葫芦\笙\、\牛皮\鼓\、\平面\锣作\伴奏\乐器\其中\的\接祖\舞蹈\加\牛角\伴奏\。\金竹舞\的\舞蹈动作\原始\古朴\而\简练\大方\自然\叙事\写实性\强\音乐\多为\行进\速度\乐曲\、\乐句\短小\精炼\情感\真挚\热情奔放\。\金竹舞\是\彝族\叟\人\支系\世代\传承\的\舞蹈艺术\形式\蕴含\了\岁\时\历法\、\民族\源流\、\音乐\文学\、\服饰\美学\等\民俗文化\内涵\十分\丰富\。\年\金竹舞\入选\云南省\第三批\省级\非物质文化\遗产\代表性\项目\名录\。\项目\代表性\传承\人\是\季明\忠\。,彝族
富宁瑶族度戒,第四批,民俗,富宁县文化馆,文山州富宁蓝靛瑶和大板瑶支系以度戒仪式对青少年进行道德教育。富宁瑶族信奉道教尊盘瓠为祖先为了永葆民族的生命力蓝靛瑶男子在十至岁之间大板瑶在婚后举行度戒仪式由德高望重的道公和师公主持日期为三至七天不等。蓝靛瑶支系度戒程序是吃斋修炼、开坛请诸神入香位通过占卜为受戒子选神帅再由师公、道公轮流带领受戒弟子进行各项度戒活动最后举行云台降生和十问十答仪式大板瑶度戒程序主要是净身修炼、开坛请神、过斋门、挂七星灯、传法授印和订立阴阳合同等。由两广传入的道教经书被富宁瑶族智者整理成系统因较好地保存了度戒仪式而被称为瑶书。在洞波乡还保留有清光绪八年的手抄经书古籍度戒习俗保留较为完整。富宁大板瑶、蓝靛瑶两个支系的度戒各有特色但都按瑶书所记秉持严格的度戒流程对受戒人授予十戒、十问的道德行为戒律细化了道教敬天法祖、善恶报应、忠孝节义、仁爱诚信、济世渡人等重要教义。以宗教信仰与仪式教育规范瑶族后代大板瑶支系还将夫妻永世相守、不离不弃纳入度戒内容体现了瑶族修善为仁、与时俱进的道德培养方式促进家庭和睦、民族团结、边疆稳定具有实践我国非遗保护政策提升边疆民族文化软实力的意义。瑶族度戒宗旨在于让受戒人经历考验、接受训戒条文通过死亡和复活的仪式以示其成年。经过度戒的男子表示其已成年拥有了一个瑶族社会成年男子的责任与权利是了解瑶族社会伦理道德、宗教观念的重要窗口。年富宁瑶族度戒入选云南省第四批省级非物质文化遗产代表性项目名录。项目代表性传承人是熊建文。,省级,文山州\富宁\蓝靛瑶\和\大\板瑶\支系\以\度戒\仪式\对\青少年\进行\道德教育\。\富宁\瑶族\信奉\道教\尊\盘瓠\为\祖先\为了\永葆\民族\的\生命力\蓝靛瑶\男子\在\十至\岁\之间\大\板瑶\在\婚后\举行\度戒\仪式\由\德高望重\的\道公\和\师公\主持\日期\为\三至\七天\不等\。\蓝靛瑶\支系\度戒\程序\是\吃斋\修炼\、\开坛\请\诸\神入\香位\通过\占卜\为\受戒\子选\神帅\再\由\师公\、\道公\轮流\带领\受戒\弟子\进行\各项\度戒\活动\最后\举行\云台\降生\和\十问\十答\仪式\大\板瑶\度戒\程序\主要\是\净身\修炼\、\开坛\请\神\、\过斋门\、\挂\七星\灯\、\传法\授印\和\订立\阴阳\合同\等\。\由\两广\传入\的\道教\经书\被\富宁\瑶族\智者\整理\成\系统\因较\好\地\保存\了\度戒\仪式\而\被\称为\瑶书\。\在\洞\波乡\还\保留\有\清光绪\八年\的\手抄\经书\古籍\度戒\习俗\保留\较为\完整\。\富宁\大\板瑶\、\蓝靛瑶\两个\支系\的\度戒\各有特色\但\都\按瑶书\所记\秉持\严格\的\度戒\流程\对\受戒\人\授予\十戒\、\十问\的\道德行为\戒律\细化\了\道教\敬天法\祖\、\善恶\报应\、\忠孝节义\、\仁爱\诚信\、\济世\渡人\等\重要\教义\。\以\宗教信仰\与\仪式\教育\规范\瑶族\后代\大\板瑶\支系\还\将\夫妻\永世\相守\、\不离\不弃\纳入\度戒\内容\体现\了\瑶族\修善\为仁\、\与时俱进\的\道德\培养\方式\促进\家庭和睦\、\民族团结\、\边疆\稳定\具有\实践\我国\非遗\保护\政策\提升\边疆民族\文化\软\实力\的\意义\。\瑶族\度戒\宗旨\在于\让\受戒\人\经历\考验\、\接受\训戒\条文\通过\死亡\和\复活\的\仪式\以示\其\成年\。\经过\度戒\的\男子\表示\其\已成\年\拥有\了\一个\瑶族\社会\成年\男子\的\责任\与\权利\是\了解\瑶族\社会\伦理道德\、\宗教\观念\的\重要\窗口\。\年\富宁瑶族度戒\入选\云南省\第四批\省级\非物质文化\遗产\代表性\项目\名录\。\项目\代表性\传承\人\是\熊\建文\。,瑶族
华宁竹编,第四批,传统美术,华宁县文化馆,华宁县种植竹子有着悠久的历史竹子种类多、种植面积广、品质好凭借这得天独厚的资源优势和能工巧匠的竹编技艺获得斗笠之乡之称。据华宁县《黎县志》记载清咸丰四年华溪斗笠的创始人周志、豆诚、张俊、张庆四人到建水县曲溪西邑村学习做斗笠粗筐帽笠由此诞生。华宁竹编品种繁多有斗笠、簸箕、竹篮、竹兜、谷箩、背箩、背篮、竹筛、筲箕、鱼箩、果篮、提箩、米筛、箩筐、土箕、针线盒、花篮、鸟笼、竹毯等还有竹编玩具花色品种达多种。竹编制作一般经过劈篾、刮篾、划篾、磨光、编结等过程。篾条质量由表及里下降最外一层也就是篾皮多用于编制较为精细的竹器如饭盒、竹毯还编有精美的花纹图案具有美观大方、经久耐用的特点深受当地各族人民的喜爱内层也叫二篾多是用于编制各种器物的骨架最里层的竹心一般不用。破篾和拉篾主要由男子完成编织工作主要由女子完成。华宁竹编不仅具有结构紧密、结实耐用、美观精细、雅致大方的特点而且有透气环保的优点。华宁竹编融合了中原文化和云南多元民族文化对加强民族团结、构建和谐社会起着积极作用。由于社会需求减少竹子种植面积减少耗时长、成本高等因素制约了竹编制品产量和销量导致从事竹编的技术人才越来越少传承发展面临困难。年华宁竹编入选云南省第四批省级非物质文化遗产代表性项目名录。项目代表性传承人是张文华。,省级,华宁县\种植\竹子\有着\悠久\的\历史\竹子\种类\多\、\种植\面积\广\、\品质\好\凭借\这\得天独厚\的\资源优势\和\能工巧匠\的\竹编\技艺\获得\斗笠\之乡\之称\。\据\华宁县\《\黎\县志\》\记载\清咸丰\四年\华溪\斗笠\的\创始人\周志\、\豆诚\、\张俊\、\张庆四人\到\建水县\曲溪\西邑村\学习\做\斗笠\粗筐\帽笠\由此\诞生\。\华宁竹编\品种繁多\有\斗笠\、\簸箕\、\竹篮\、\竹\兜\、\谷箩\、\背箩\、\背篮\、\竹\筛\、\筲箕\、\鱼箩\、\果篮\、\提箩\、\米\筛\、\箩筐\、\土箕\、\针线盒\、\花篮\、\鸟笼\、\竹毯\等\还有\竹编\玩具\花色品种\达\多种\。\竹编\制作\一般\经过\劈\篾\、\刮篾\、\划篾\、\磨光\、\编结\等\过程\。\篾条\质量\由表及里\下降\最外\一层\也\就是\篾皮\多\用于\编制\较为\精细\的\竹器\如\饭盒\、\竹毯\还\编有\精美\的\花纹\图案\具有\美观大方\、\经久耐用\的\特点\深受\当地\各族人民\的\喜爱\内层\也\叫\二篾\多\是\用于\编制\各种\器物\的\骨架\最里层\的\竹心\一般\不用\。\破篾\和\拉\篾\主要\由\男子\完成\编织\工作\主要\由\女子\完成\。\华宁竹编\不仅\具有\结构\紧密\、\结实\耐用\、\美观\精细\、\雅致\大方\的\特点\而且\有\透气\环保\的\优点\。\华宁竹编\融合\了\中原\文化\和\云南\多元\民族文化\对\加强\民族团结\、\构建\和谐社会\起着\积极\作用\。\由于\社会\需求\减少\竹子\种植\面积\减少\耗时\长\、\成本\高等\因素\制约\了\竹编\制品\产量\和\销量\导致\从事\竹编\的\技术\人才\越来越少\传承\发展\面临\困难\。\年\华宁竹编\入选\云南省\第四批\省级\非物质文化\遗产\代表性\项目\名录\。\项目\代表性\传承\人\是\张\文华\。,
大过口乡彝族传统文化生态保护区,云南省第三批,民族传统文化生态保护区,云南省楚雄市,大过口乡彝族传统文化生态保护区位于楚雄彝族自治州楚雄市大过口乡。大过口乡面积平方公里辖个村民委员会个自然村彝族占其他为汉族。境内最高峰为白竹山海拔米最低处马龙河海拔米。山峰林立生态环境优越适宜各种植物生长。主要有云南松、华山松、杉松、东瓜木、栗木、杜鹃、山茶等。经济林木有泡核桃、茶树、梨树等森林覆盖率。大过口乡至今留存明代建的大方广寺、高僧学蕴和尚灵塔及碑刻。当地流行土主崇拜和毕摩祭祀。民族节日有马缨花节、杨梅节、祭龙节、秋街、火把节等。当地保留着浓郁的民风民俗起房盖屋、讨亲嫁娶、丧葬、起居都有一套完整的习俗。歌、舞、乐互相配合十分丰富有大三弦舞、葫芦笙舞、羊皮鼓舞、左脚舞、酒歌等。民族曲艺阿苏嗻、说唱青棚调等内容丰富。传统乐器种类繁多吹拉弹唱齐备有大三弦、笛噜、小闷笛、响篾口弦、月琴、大号、筒子、羊皮鼓、小二胡、师刀、羊角号、牛角号等。当地彝族善于用本民族、本地区群众喜闻乐见的歌舞、演唱形式进行社会交往、感情交流传承彝族的历史传统、风土人情、生产生活习俗、宗教信仰、民族礼仪、伦理道德、行为规范等丰富多彩的传统文化。大过口乡是楚雄市民族民间传统文化保存最完好的彝族聚居乡镇。大过口乡彝族传统文化生态保护区有一批民族民间传统文化传承骨干队伍即彝族歌舞乐表演传承人他们在节庆、集会等喜庆日子都举行群众性的传统文化活动。年大过口乡成立了非物质文化遗产保护传习所大过口乡中心完小常年坚持开展民族歌舞传承活动。年大过口乡彝族传统文化生态保护区入选云南省第三批省级非物质文化遗产代表性项目名录。项目代表性传承人是李发富。,省级,大过口乡彝族传统文化生态保护区\位于\楚雄彝族自治州\楚雄市\大过\口乡\。\大过\口乡\面积\平方公里\辖个\村民委员会\个\自然村\彝族\占\其他\为\汉族\。\境内\最高峰\为白\竹山\海拔\米\最低\处\马龙\河\海拔\米\。\山峰\林立\生态环境\优越\适宜\各种\植物\生长\。\主要\有\云南松\、\华山松\、\杉松\、\东瓜\木\、\栗木\、\杜鹃\、\山茶\等\。\经济林木\有\泡\核桃\、\茶树\、\梨树\等\森林\覆盖率\。\大过\口乡\至今\留存\明代\建\的\大\方广寺\、\高僧\学蕴\和尚\灵塔\及\碑刻\。\当地\流行\土主\崇拜\和\毕摩\祭祀\。\民族节日\有\马缨花\节\、\杨梅\节\、\祭龙\节\、\秋街\、\火把节\等\。\当地\保留\着\浓郁\的\民风\民俗\起\房盖\屋\、\讨亲\嫁娶\、\丧葬\、\起居\都\有\一套\完整\的\习俗\。\歌\、\舞\、\乐\互相配合\十分\丰富\有\大三弦\舞\、\葫芦\笙舞\、\羊皮\鼓舞\、\左脚\舞\、\酒歌\等\。\民族\曲艺\阿苏\嗻\、\说唱\青棚\调\等\内容丰富\。\传统\乐器\种类\繁多\吹拉弹唱\齐备\有\大三弦\、\笛噜\、\小闷\笛\、\响篾\口弦\、\月琴\、\大号\、\筒子\、\羊皮鼓\、\小\二胡\、\师刀\、\羊角\号\、\牛角\号\等\。\当地\彝族\善于\用本\民族\、\本\地区\群众\喜闻乐见\的\歌舞\、\演唱\形式\进行\社会交往\、\感情交流\传承\彝族\的\历史\传统\、\风土人情\、\生产\生活\习俗\、\宗教信仰\、\民族\礼仪\、\伦理道德\、\行为规范\等\丰富多彩\的\传统文化\。\大过\口\乡\是\楚雄市\民族民间\传统文化\保存\最\完好\的\彝族\聚居\乡镇\。\大过口乡彝族传统文化生态保护区\有\一批\民族民间\传统\文化传承\骨干\队伍\即\彝族\歌舞\乐\表演\传承\人\他们\在\节庆\、\集会\等\喜庆\日子\都\举行\群众性\的\传统文化\活动\。\年大过\口乡\成立\了\非物质文化\遗产\保护\传习所\大过\口乡\中心\完小\常年\坚持\开展\民族\歌舞\传承\活动\。\年\大过口乡彝族传统文化生态保护区\入选\云南省\第三批\省级\非物质文化\遗产\代表性\项目\名录\。\项目\代表性\传承\人\是\李发富\。,彝族
那里陶烧制技艺,第四批,传统技艺,云南省元阳县,元阳那里傣族土陶制作技艺主要流传于云南省红河州元阳县南沙镇桃园村委会那里自然村。元阳那里傣族土陶制作技艺属于傣族传统泥条盘筑慢轮制陶采用柴草堆烧法烧制而成的低温陶器。其烧制方法保留了原始制陶的制作工艺历史悠久一直保持着传女不传男的古老传统遵循着母女、婆媳的家庭传承习俗世代相传。烧制那里土陶使用的工具有木板、木锤、竹片、卵石等。所使用的黏土土取自本村特有的黑褐色杂土当地村民称它为土陶土。工艺流程分为采土、碎土、和泥、拉坯成型、印花、风干、烧制等七个步骤先将纯净的粘土背回家晾干在碓房里将泥土舂打粉碎再用筛子筛出细细的泥粉末根据泥土的质量羼入一定比例的水揉成泥团在木板上将泥土搓成条叠加制坯陶坯成型后用鹅卵石和木板内垫外拍直至光滑用一块刻有鱼尾形图案的小木锤敲击成型的土陶表面使其印上花纹把陶坯放在阴凉处自然风干在室外空旷的场地上用干树枝堆成方形平台将陶坯置于柴禾之上然后用多层稻草盖严点火燃烧三个小时待土陶自然受冷即可。那里土陶造型以罐形变体较多大多都有小圈足形制有高低、敞口、大口、小口之分两侧大多都有系耳带流敞口低腹小圈足罐较为突出。那里土陶纹饰多取材于现实生活中的各种花卉、枝叶、蔓藤具有古老独特的民族风格。那里土陶不上釉保持了朴实自然的土红色给人以特殊的美感。那里傣族土陶的品种有锅、碗、水杯、水壶、盘、罐等十余种涉及日常生活的各个方面深受当地和周边村民的欢迎。近年来随着现代社会发展传统土陶的使用范围和市场空间萎缩亟待拯救和保护。年那里陶器烧制技艺入选云南省第四批省级非物质文化遗产代表性项目名录扩展项目名录。项目代表性传承人是李秀芬。,省级,元阳\那里\傣族\土陶\制作\技艺\主要\流传\于\云南省\红河州\元阳县\南沙\镇\桃园\村委会\那里\自然村\。\元阳\那里\傣族\土陶\制作\技艺\属于\傣族\传统\泥条\盘筑\慢轮\制陶\采用\柴草堆\烧法\烧制\而成\的\低温\陶器\。\其\烧制\方法\保留\了\原始\制陶\的\制作\工艺\历史悠久\一直\保持\着\传女\不传\男\的\古老\传统\遵循\着\母女\、\婆媳\的\家庭\传承\习俗\世代相传\。\烧制\那里\土陶\使用\的\工具\有\木板\、\木锤\、\竹片\、\卵石\等\。\所\使用\的\黏土\土\取自\本村\特有\的\黑褐色\杂土\当地\村民\称\它\为\土\陶土\。\工艺流程\分为\采土\、\碎土\、\和泥\、\拉坯\成型\、\印花\、\风干\、\烧制\等\七个\步骤\先\将\纯净\的\粘土\背\回家\晾干\在\碓房\里\将\泥土\舂\打\粉碎\再用\筛子\筛出\细细的\泥\粉末\根据\泥土\的\质量\羼\入\一定\比例\的\水\揉成\泥团\在\木板\上将\泥土\搓成\条\叠加\制坯\陶坯\成型\后\用\鹅卵石\和\木板\内垫外\拍\直至\光滑\用\一块\刻有\鱼尾\形\图案\的\小\木锤\敲击\成型\的\土陶\表面\使\其\印上\花纹\把\陶坯\放在\阴凉处\自然\风干\在\室外\空旷\的\场地\上用\干\树枝\堆成\方形\平台\将\陶坯\置于\柴禾\之上\然后\用\多层\稻草\盖严\点火\燃烧\三个\小时\待\土陶\自然\受冷\即可\。\那里\土陶\造型\以罐形\变体\较\多\大多\都\有\小圈\足\形制\有\高低\、\敞口\、\大\口\、\小口\之分\两侧\大多\都\有\系耳带\流\敞口\低腹\小圈\足罐\较为\突出\。\那里\土陶\纹饰\多\取材于\现实生活\中\的\各种\花卉\、\枝叶\、\蔓藤\具有\古老\独特\的\民族风格\。\那里\土陶\不\上釉\保持\了\朴实\自然\的\土\红色\给人以\特殊\的\美感\。\那里\傣族\土陶\的\品种\有锅\、\碗\、\水杯\、\水壶\、\盘\、\罐\等\十余种\涉及\日常生活\的\各个方面\深受\当地\和\周边\村民\的\欢迎\。\近年来\随着\现代社会\发展\传统\土陶\的\使用\范围\和\市场\空间\萎缩\亟待\拯救\和\保护\。\年\那里\陶器\烧制\技艺\入选\云南省\第四批\省级\非物质文化\遗产\代表性\项目\名录\扩展\项目\名录\。\项目\代表性\传承\人\是\李秀芬\。,傣族
阿勒古歌,第三批,传统音乐,维西县文化馆,阿勒古歌是一部口头流传的祭祀火神阿勒的叙事长诗。阿勒古歌曲调优美婉转有力。歌词错落有致内容丰富富含哲理。在演唱中穿插仪式性的舞蹈表演跳仓巴整首古歌是纳西族的一部创业史。每年夏历六月二十五至二十七日在火把节之夜开始以男女对唱为主有几十段或即兴演唱或以固定格式现场演唱。由接阿勒、跳阿勒、送阿勒三部分组成包含寻找阿勒、恭请阿勒、开荒、建庄、访庄、赎马、庄王、求门、对歌、祭送十个部分。阿勒古歌在唱词中常常出现很多古纳西语有较高的学术价值诸多专家学者对其发源及独特的音乐、唱词等内容进行过研究。年阿勒古歌入选云南省第三批省级非物质文化遗产代表性项目名录。代表性传承人有木逢春、木仙等。《阿勒古歌》封面维西县纳西族阿勒古歌仓巴表演中的人物装扮,省级,阿勒古歌\是\一部\口头\流传\的\祭祀\火神\阿勒\的\叙事\长诗\。\阿勒古歌\曲调\优美\婉转\有力\。\歌词\错落有致\内容丰富\富含\哲理\。\在\演唱\中\穿插\仪式性\的\舞蹈\表演\跳仓巴\整首\古歌\是\纳西族\的\一部\创业史\。\每年\夏历\六月\二十五\至\二十七日\在\火把节\之夜\开始\以\男女\对唱\为主\有\几十\段\或\即兴\演唱\或\以\固定\格式\现场\演唱\。\由接\阿勒\、\跳\阿勒\、\送\阿勒\三\部分\组成\包含\寻找\阿勒\、\恭请\阿勒\、\开荒\、\建庄\、\访庄\、\赎马\、\庄王\、\求门\、\对歌\、\祭送\十个\部分\。\阿勒古歌\在\唱词\中\常常\出现\很多\古\纳西语\有\较\高\的\学术\价值\诸多\专家学者\对\其\发源\及\独特\的\音乐\、\唱词\等\内容\进行\过\研究\。\年\阿勒古歌\入选\云南省\第三批\省级\非物质文化\遗产\代表性\项目\名录\。\代表性\传承\人有\木逢春\、\木仙\等\。\《\阿勒古歌\》\封面\维西县\纳西族\阿勒古歌\仓巴\表演\中\的\人物\装扮,纳西族
佤族农耕习俗,第四批,民俗,沧源佤族自治县文化馆,佤族农耕习俗是佤族农民在长期的农业生产过程中形成的一种风俗文化是记载历史、传承文明的重要载体之一。沧源佤族农耕文化的主要特征有三个一是至今仍然保留着农耕的一些习俗二是整个农耕过程都离不开传统祭祀三是农耕过程中相伴而产生的一些歌舞衍生出许多深厚的文化内涵。佤族农耕习俗发源于先祖的莫玛点播文化发展壮大于定耕这种特有的生产劳作之中。定耕是佤族农耕文化的主线整个农耕过程中都贯穿着传统祭祀佤族各类文化都是这条主线派生出来的。其中最有特色的是莫玛点播最有神秘感的是叫谷魂最有凝聚力的是拉木桥最快乐的是新米节。佤族农耕习俗包括春播、夏管、秋收和冬藏。从点播、除草、薅秧、打谷到入仓无论是祭祀祖先、祭祀青苗、祭祀谷魂还是祭祀谷仓都蕴含着佤族先民的智慧和图腾崇拜反映了佤族社会的生产力和社会发展水平是一部佤族民族史、社会史、文化史具有重要的研究价值。随着农业技术的不断进步和发展先人们所使用的农耕器具损失严重很多器具已经消失。随着生产方式的改变农耕习俗也随着发生改变传统农耕习俗的祭祀活动也在渐渐淡化。年佤族农耕习俗入选云南省第四批省级非物质文化遗产代表性项目名录。,省级,佤族农耕习俗\是\佤族\农民\在\长期\的\农业\生产\过程\中\形成\的\一种\风俗\文化\是\记载\历史\、\传承文明\的\重要\载体\之一\。\沧源\佤族\农耕\文化\的\主要\特征\有\三个\一是\至今\仍然\保留\着\农耕\的\一些\习俗\二是\整个\农耕\过程\都\离不开\传统\祭祀\三是\农耕\过程\中\相伴\而\产生\的\一些\歌舞\衍生\出\许多\深厚\的\文化\内涵\。\佤族农耕习俗\发源\于\先祖\的\莫玛\点播\文化\发展壮大\于定\耕\这种\特有\的\生产\劳作\之中\。\定耕\是\佤族\农耕\文化\的\主线\整个\农耕\过程\中\都\贯穿\着\传统\祭祀\佤族\各类\文化\都\是\这条\主线\派生\出来\的\。\其中\最有\特色\的\是\莫玛\点播\最有\神秘感\的\是\叫\谷魂\最\有\凝聚力\的\是\拉\木桥\最\快乐\的\是\新米节\。\佤族农耕习俗\包括\春播\、\夏管\、\秋收\和\冬藏\。\从\点播\、\除草\、\薅\秧\、\打谷\到\入仓\无论是\祭祀\祖先\、\祭祀\青苗\、\祭祀\谷魂\还是\祭祀\谷仓\都\蕴含着\佤族\先民\的\智慧\和\图腾崇拜\反映\了\佤族\社会\的\生产力\和\社会发展\水平\是\一部\佤族\民族史\、\社会史\、\文化史\具有\重要\的\研究\价值\。\随着\农业\技术\的\不断进步\和\发展\先\人们\所\使用\的\农耕\器具\损失\严重\很多\器具\已经\消失\。\随着\生产方式\的\改变\农耕\习俗\也\随着\发生\改变传统\农耕\习俗\的\祭祀\活动\也\在\渐渐\淡化\。\年\佤族农耕习俗\入选\云南省\第四批\省级\非物质文化\遗产\代表性\项目\名录\。,佤族
宁蒗毛毡制作技艺,第四批,传统技艺,云南省宁蒗县,宁蒗地处滇西北横断山脉中段境内山峰林立沟壑交错。宁蒗彝族擀毡生产历史悠久主要流传于县内彝族聚居区原料为羊毛全手工制作工艺简单制成品适于高寒山区使用。宁蒗彝族披毡主要有三种伙波、瓦拉和袈什。这三种披毡的制作方法有所不同但主要制作工序基本一致主要有洗羊、剪羊毛、弹羊毛、喷水、卷羊毛、擀羊毛、定型、擀制、晾干等工序。宁蒗彝族终年放养绵羊绵羊羊毛粗短每年可剪毛三次。剪羊毛前会集中洗羊洗羊和剪羊毛间隔不超过三天一般属虎、属猴、属羊等日子不能进行洗羊和剪羊毛。剪羊毛的过程中羊要用特定的羊毛制作的绳子拴住。剪羊毛的剪刀是用两片锋利的刀子拴在一起。剪羊毛一般从脖颈到尾巴技术娴熟的可以把羊毛整张剪下。剪好的羊毛同颜色的放在一起肚子上的羊毛较硬一般不用。剪下的羊毛要铺在竹席上用竹弓弹松再铺在专用的竹帘上热天用冷水、冷天用热水喷水打湿。然后用竹帘把羊毛裹起来双手滚动成形后移到竹席上反复用力滚动使羊毛凝结。为使羊毛更加结实和柔软还要用一根细竹竿把羊毛卷起来反复搓揉。羊毛定型后再擀制所需的披毡类型。宁蒗彝族擀毡技艺全靠师徒传承主要产品有垫毡、披毡和背毡。披毡又分伙波、瓦拉和袈什形状略呈梯形上窄下宽。伙波用于野外放牧时防寒防雨瓦拉一般也是用来防寒且在节假日有重要活动时穿袈什双层袈什是婚嫁时的礼服和过世不管哪个阶段的人人的必备服装。垫毡一般为长方形做垫子使用。背毡一般为正背小孩用。宁蒗彝族擀毡制品结实、防潮、防湿经久耐用。但随着生活水平的提高人们已较少使用毡制品从事这一行业的手工艺人也越来越少。年宁蒗毛毡制作技艺入选云南省第四批省级非物质文化遗产代表性项目名录扩展项目名录。项目代表性传承人是杨军、折拉毛。,省级,宁蒗\地处\滇西北\横断山脉\中段\境内\山峰\林立\沟壑\交错\。\宁蒗\彝族\擀毡\生产\历史悠久\主要\流传\于\县内\彝族\聚居区\原料\为\羊毛\全手工\制作\工艺\简单\制成品\适于\高寒\山区\使用\。\宁蒗\彝族\披毡\主要\有\三种\伙波\、\瓦拉\和\袈什\。\这\三种\披毡\的\制作方法\有所不同\但\主要\制作\工序\基本一致\主要\有\洗\羊\、\剪羊毛\、\弹\羊毛\、\喷水\、\卷\羊毛\、\擀\羊毛\、\定型\、\擀制\、\晾干\等\工序\。\宁蒗\彝族\终年\放养\绵羊\绵羊\羊毛\粗短\每年\可\剪毛\三次\。\剪羊毛\前会\集中\洗羊\洗\羊\和\剪羊毛\间隔\不\超过\三天\一般\属虎\、\属\猴\、\属\羊\等\日子\不能\进行\洗羊\和\剪羊毛\。\剪羊毛\的\过程\中羊要\用\特定\的\羊毛\制作\的\绳子\拴住\。\剪羊毛\的\剪刀\是\用\两片\锋利\的\刀子\拴\在\一起\。\剪羊毛\一般\从\脖颈\到\尾巴\技术\娴熟\的\可以\把\羊毛\整张\剪下\。\剪好\的\羊毛\同\颜色\的\放在\一起\肚子\上\的\羊毛\较硬\一般\不用\。\剪下\的\羊毛\要\铺\在\竹席\上用\竹\弓弹\松\再\铺\在\专用\的\竹帘\上\热天\用\冷水\、\冷天\用\热水\喷水\打湿\。\然后\用\竹帘\把\羊毛\裹起来\双手\滚动\成形\后移\到\竹席\上\反复\用力\滚动\使\羊毛\凝结\。\为\使\羊毛\更加\结实\和\柔软\还要\用\一根\细\竹竿\把\羊毛\卷\起来\反复\搓揉\。\羊毛\定型\后\再\擀制\所\需\的\披毡\类型\。\宁蒗\彝族\擀毡\技艺\全靠\师徒\传承\主要\产品\有\垫\毡\、\披毡\和\背\毡\。\披毡\又\分伙波\、\瓦拉\和\袈什\形状\略\呈\梯形\上窄\下\宽\。\伙波\用于\野外\放牧\时\防寒\防雨\瓦拉\一般\也\是\用来\防寒\且\在\节假日\有\重要\活动\时\穿\袈什\双层\袈什是\婚嫁\时\的\礼服\和\过世\不管\哪个\阶段\的\人人\的\必备\服装\。\垫\毡\一般\为\长方形\做\垫子\使用\。\背\毡\一般\为\正\背\小孩\用\。\宁蒗\彝族\擀毡\制品\结实\、\防潮\、\防湿\经久耐用\。\但\随着\生活水平\的\提高\人们\已较\少\使用\毡\制品\从事\这一\行业\的\手工艺\人\也\越来越少\。\年\宁蒗毛毡制作技艺\入选\云南省\第四批\省级\非物质文化\遗产\代表性\项目\名录\扩展\项目\名录\。\项目\代表性\传承\人\是\杨军\、\折拉毛\。,彝族
昭通苗族服饰,第四批,民俗,云南省昭通市,苗族服饰主要流传于云南省昭通市的昭阳、鲁甸、巧家、彝良、永善、水富等地区其中苗族服饰以鲁甸县水磨镇的传统服饰为代表。苗族服饰分为男女便装和盛装一般由上衣、披肩、裤裙、腰带、绑腿等构成。苗族服饰历史悠久《后汉书》中就有关于苗族好五色衣裳的记载东汉应劭的《风俗通义》记载盘瓠子孙织绩木皮染以草实好五色衣服裁制皆有尾形。五色是指红、白、黑、黄、绿五个主色搭配尾形指花衣精美的背牌吊穗及宽大甩尾的披肩。苗族服饰被誉为穿在身上的历史妇女裙子所绣红色三条线代表苗族曾经居住过的黄河、长江、家园男子盛装是远古祖先蚩尤战袍的象征披肩、大袖所绣方形图案则代表了苗族曾经的城池田园苗族服饰成为迁徙历史记忆具有很高的历史研究价值。苗族服饰质地为麻布需经种麻、剥麻、煮麻、绩麻、织布等手工工具织成。服饰需经刺绣、编织、裁剪多道工艺方成衣。服饰制作全手工工艺流程完整在麻布上刺绣更是各民族中的独创工艺是传统服饰制作和古老工艺的代表具有较高的纺织服饰科学研究价值。花苗支系服饰在穿戴习俗上也十分讲究。婚嫁时新郎新娘穿的盛装要较为艳丽夺目丧葬场合禁忌艳丽服装只穿生活便装或一般装束颜色不鲜艳显眼有盛大节庆或接见远方贵客时都穿盛装。在年龄层面少年和青年男女在着装和搭配上相近色彩较为艳丽活泼中老年长辈多以单一颜色白色或其他浅淡色为主搭配简单。苗族服饰宽衣大袖款式独特刺绣图案精致色彩沉稳质地厚重保暖耐穿是穿在身上的工艺品具有审美和鉴赏价值。苗族服饰还具有民俗礼仪、社会教化、秩序维护作用。随着社会的变迁苗族服饰制作技艺等优秀传统文化受到了前所未有的冲击。苗族传统服装仅在花山节等传统节日上穿戴传统服饰制作技艺面临后继无人的绝境。面对苗族传统服饰制作技艺濒临失传的境遇保护和传承工作迫在眉睫。年昭通苗族服饰入选云南省第四批省级非物质文化遗产代表性项目名录扩展项目名录。项目代表性传承人是刘忠英。,省级,苗族\服饰\主要\流传\于\云南省\昭通市\的\昭阳\、\鲁甸\、\巧家\、\彝良\、\永善\、\水富\等\地区\其中\苗族\服饰\以\鲁甸县\水磨\镇\的\传统\服饰\为\代表\。\苗族\服饰\分为\男女\便装\和\盛装\一般\由\上衣\、\披肩\、\裤裙\、\腰带\、\绑腿\等\构成\。\苗族\服饰\历史悠久\《\后汉书\》\中\就\有\关于\苗族\好\五色\衣裳\的\记载\东汉\应劭\的\《\风俗\通义\》\记载\盘瓠\子孙\织绩\木皮\染以\草实\好\五色\衣服\裁制\皆\有\尾形\。\五色\是\指红\、\白\、\黑\、\黄\、\绿\五个\主色\搭配\尾形\指\花衣\精美\的\背牌\吊穗\及\宽大\甩尾\的\披肩\。\苗族\服饰\被誉为\穿\在\身上\的\历史\妇女\裙子\所\绣\红色\三条\线\代表\苗族\曾经\居住\过\的\黄河\、\长江\、\家园\男子\盛装\是\远古\祖先\蚩尤\战袍\的\象征\披肩\、\大袖\所\绣\方形\图案\则\代表\了\苗族\曾经\的\城池\田园\苗族\服饰\成为\迁徙\历史\记忆\具有\很\高\的\历史研究\价值\。\苗族\服饰\质地\为\麻布\需经\种麻\、\剥麻\、\煮\麻\、\绩麻\、\织布\等\手工\工具\织成\。\服饰\需经\刺绣\、\编织\、\裁剪\多道\工艺\方\成衣\。\服饰\制作\全手工\工艺流程\完整\在\麻布\上\刺绣\更是\各\民族\中\的\独创\工艺\是\传统\服饰\制作\和\古老\工艺\的\代表\具有\较\高\的\纺织\服饰\科学研究\价值\。\花苗\支系\服饰\在\穿戴\习俗\上\也\十分\讲究\。\婚嫁\时\新郎新娘\穿\的\盛装\要\较为\艳丽夺目\丧葬\场合\禁忌\艳丽\服装\只\穿\生活\便装\或\一般\装束\颜色\不\鲜艳\显眼\有\盛大\节庆\或\接见\远方\贵客\时\都\穿\盛装\。\在\年龄\层面\少年\和\青年\男女\在\着装\和\搭配\上\相近\色彩\较为\艳丽\活泼\中老年\长辈\多以\单一\颜色\白色\或\其他\浅淡\色\为主\搭配\简单\。\苗族\服饰\宽衣\大袖\款式\独特\刺绣\图案\精致\色彩\沉稳\质地\厚重\保暖\耐穿\是\穿\在\身上\的\工艺品\具有\审美\和\鉴赏\价值\。\苗族\服饰\还\具有\民俗\礼仪\、\社会\教化\、\秩序\维护\作用\。\随着\社会\的\变迁\苗族\服饰\制作\技艺\等\优秀\传统文化\受到\了\前所未有\的\冲击\。\苗族\传统服装\仅\在\花山节\等\传统节日\上\穿戴\传统\服饰\制作\技艺\面临\后继无人\的\绝境\。\面对\苗族\传统\服饰\制作\技艺\濒临\失传\的\境遇\保护\和\传承\工作\迫在眉睫\。\年\昭通苗族服饰\入选\云南省\第四批\省级\非物质文化\遗产\代表性\项目\名录\扩展\项目\名录\。\项目\代表性\传承\人\是\刘忠英\。,苗族
永仁彝族器乐,第三批,传统音乐,云南省楚雄州永仁县文化馆,永仁县彝族器乐衍生于彝族赛装节历史悠久乐器种类繁多器乐内容丰富由二胡、四弦胡、京胡、笛子、月琴、芦笙、哔噜、响篾、树叶、唢呐、大号、独片响篾、大鼓、小鼓、大片镲、小片镲、木鱼等乐器构成。在宜就镇阿朵所村由民间艺人自发组织成立的彝族器乐演奏乐队已发展到多人年龄最大的岁最小的岁所有队员均能演奏种以上乐器。乐队除常年活跃在永仁县各彝族村寨的红白喜事和文艺汇演现场外还经常受邀到攀枝花、仁和、会理、华坪等地区交流演出不仅提升了永仁县民族传统文化的知名度和影响力还促进了彝族民间传统器乐演奏技艺的进一步传承和弘扬。为不断挖掘和保护彝族器乐等民间音乐在当地文化部门牵头下现已搜集到不同时期的各类民族民间歌曲多首、舞蹈音乐余首、器乐曲余首、彝剧剧本曲谱篇、各类场景演奏余场次、演出光盘多套。年永仁县彝族器乐入选云南省第三批省级非物质文化遗产代表性项目名录。项目代表性传承人是祝勇、李徐发。,省级,永仁县\彝族\器乐\衍生\于\彝族\赛装节\历史悠久\乐器\种类\繁多\器乐\内容丰富\由\二胡\、\四弦\胡\、\京胡\、\笛子\、\月琴\、\芦笙\、\哔噜\、\响篾\、\树叶\、\唢呐\、\大号\、\独片响\篾\、\大鼓\、\小鼓\、\大片\镲\、\小片\镲\、\木鱼\等\乐器\构成\。\在\宜\就\镇\阿朵\所村\由\民间艺人\自发\组织\成立\的\彝族\器乐\演奏\乐队\已\发展\到\多\人\年龄\最大\的\岁\最小\的\岁\所有\队员\均\能\演奏\种\以上\乐器\。\乐队\除\常年\活跃\在\永仁县\各\彝族\村寨\的\红白喜事\和\文艺\汇演\现场\外\还\经常\受邀\到\攀枝花\、\仁和\、\会理\、\华坪\等\地区\交流\演出\不仅\提升\了\永仁县\民族\传统文化\的\知名度\和\影响力\还\促进\了\彝族\民间\传统\器乐\演奏\技艺\的\进一步\传承\和\弘扬\。\为\不断\挖掘\和\保护\彝族\器乐\等\民间\音乐\在\当地\文化部门\牵头\下\现已\搜集\到\不同\时期\的\各类\民族民间\歌曲\多首\、\舞蹈音乐\余首\、\器乐曲\余首\、\彝剧\剧本\曲谱\篇\、\各类\场景\演奏\余场次\、\演出\光盘\多套\。\年\永仁县\彝族\器乐\入选\云南省\第三批\省级\非物质文化\遗产\代表性\项目\名录\。\项目\代表性\传承\人\是\祝勇\、\李徐发\。,彝族
纳西族驯鹰习俗,第四批,民俗,玉龙纳西族自治县非物质文化遗产保护中心,玉龙纳西族自治县民间一直流传着驯鹰的习俗它是纳西族古老狩猎文化的遗存延续了纳西族古老的民俗风情传承了古老的驯鹰技艺。在实践中纳西人结合当地的地形地貌特征采用猎犬搜寻人观望指挥鹰捕获的狩猎方法创造了独特的驯鹰体系以言传身教的方式延续传承至今。纳西族曾是游牧狩猎民族在他们南迁至金沙江流域的数千年时间里猎狗和猎鹰是他们生计中不可缺少的组成部分在长期的生产生活实践中建立了一整套捕鹰、驯鹰、鹰猎的技艺系统逐渐形成了对鹰的崇拜、神化建立了颂扬鹰的品格、赞美鹰的体态、传承鹰的精神的文化体系。驯鹰使纳西族先民扩大了生产范围改善了生存条件提升了生活品质。它的内容包括捕鹰、驯化、鹰猎、放归自然等。纳西族驯鹰驯化时间短一年一驯一年一放。猎人、猎犬、猎鹰三者紧密结合进行狩猎活动三者的分工合作贯穿着整个过程。每年的三月驯鹰人都要遵照古俗把鹰放归自然这是纳西族人与自然和谐共存、遵循自然资源永续思想的体现。纳西族驯鹰传承了古老的驯鹰传统其核心价值在于遵循自然生态的平衡与和谐有唤起纳西人民拼博、奋斗、团结协作精神的作用。今天的纳西人养鹰、驯鹰不再以获取食物为主要目的它已经演化成为以娱乐健身、亲近自然为目的的民俗活动是承载纳西族人民文化回忆、文化传承的方式。年纳西族驯鹰习俗入选云南省第四批省级非物质文化遗产代表性项目名录。项目代表性传承人是李实、和跃根、李鸿藻、和四堂、刘万瑜、和如红、李舰文、和振鹏。,省级,玉龙纳西族自治县\民间\一直\流传\着\驯鹰\的\习俗\它\是\纳西族\古老\狩猎\文化\的\遗存\延续\了\纳西族\古老\的\民俗风情\传承\了\古老\的\驯鹰\技艺\。\在实践中\纳西\人\结合\当地\的\地形\地貌\特征\采用\猎犬\搜寻\人\观望\指挥\鹰\捕获\的\狩猎\方法\创造\了\独特\的\驯鹰\体系\以\言传身教\的\方式\延续\传承\至今\。\纳西族\曾\是\游牧\狩猎\民族\在\他们\南\迁至\金沙江流域\的\数千年\时间\里\猎狗\和\猎鹰\是\他们\生计\中\不可\缺少\的\组成部分\在\长期\的\生产\生活实践\中\建立\了\一整套\捕鹰\、\驯鹰\、\鹰猎\的\技艺\系统\逐渐\形成\了\对\鹰\的\崇拜\、\神化\建立\了\颂扬\鹰\的\品格\、\赞美\鹰\的\体态\、\传承\鹰\的\精神\的\文化体系\。\驯鹰\使\纳西族\先民\扩大\了\生产\范围\改善\了\生存条件\提升\了\生活品质\。\它\的\内容\包括\捕鹰\、\驯化\、\鹰猎\、\放归\自然\等\。\纳西族\驯鹰\驯化\时间\短\一年\一驯\一年\一放\。\猎人\、\猎犬\、\猎鹰\三者\紧密结合\进行\狩猎\活动\三者\的\分工合作\贯穿\着\整个\过程\。\每年\的\三月\驯鹰\人\都\要\遵照\古俗\把\鹰\放归\自然\这是\纳西族\人与自然\和谐\共存\、\遵循\自然资源\永续\思想\的\体现\。\纳西族\驯鹰\传承\了\古老\的\驯鹰\传统\其\核心\价值\在于\遵循\自然生态\的\平衡\与\和谐\有\唤起\纳西\人民\拼博\、\奋斗\、\团结\协作\精神\的\作用\。\今天\的\纳西\人养鹰\、\驯鹰\不再\以\获取\食物\为\主要\目的\它\已经\演化\成为\以\娱乐\健身\、\亲近\自然\为\目的\的\民俗\活动\是\承载\纳西族\人民\文化\回忆\、\文化传承\的\方式\。\年\纳西族驯鹰习俗\入选\云南省\第四批\省级\非物质文化\遗产\代表性\项目\名录\。\项目\代表性\传承\人\是\李实\、\和\跃根\、\李鸿藻\、\和\四堂\、\刘万瑜\、\和\如红\、\李舰文\、\和\振鹏\。,纳西族
富宁彝族服饰,第四批,民俗,云南省富宁县,彝族服饰是彝族传统文化的重要组成部分是彝族民族特征的外在标识。文山州富宁县彝族倮支系自称孟巴他称倮倮年被认定为彝族。主要分布于文山州富宁县在邻近的广西、越南有少量分布。主要居住于富宁县城西南部山区少数居住坝区。富宁县彝族服饰流传于富宁县的木央镇、田蓬镇、里达镇、新华镇、板仑乡属彝族服饰中的滇东南系列文西式类型按照款式和工艺又可分为白彝服饰、高裤脚白彝服饰、百花彝服饰、黑彝服饰和花彝服饰个亚类白彝服饰是富宁县彝族服饰典型和代表。富宁县彝族服饰传承历史悠久服饰文化保存完整具有较高的传承和保护价值。富宁县彝族服饰的图案和传说是探索本民族族源、迁徙、重大历史事件的民族记忆比如高脚裤白彝服饰传说记录着古代战争印记蜡染荞花铭记着荞子的救命之恩龙纹、龙花、龙鳞纹反映了彝族婚姻传说大量的蜡染铜鼓纹则是穿在身上的铜鼓文化。这些服饰所蕴含的文化信息具有历史研究价值和民族考古参考价值。富宁县彝族服饰制作集纺织、印染、刺绣和拼贴等工艺于一体特别是蜡染技艺具有科学价值。富宁县彝族服饰材质地道款式别具一格色彩搭配得体图案装饰精美做工精细堪称民族服饰工艺典范具有极高的审美价值和欣赏价值。富宁县彝族服饰在民族节日、婚丧嫁娶、祭祀活动时必须着装有标识社会角色、体现民族认同的社会价值。富宁彝族服靠婆传媳、媳传女方式传承传承链条单一加之传统服饰大量流失亟需保护。年富宁彝族服饰入选云南省第四批省级非物质文化遗产代表性项目名录扩展项目名录。项目代表性传承人是柏玉仙、陆成英。,省级,彝族\服饰\是\彝族\传统文化\的\重要\组成部分\是\彝族\民族\特征\的\外\在\标识\。\文山州\富宁县\彝族\倮\支系\自称\孟巴\他\称\倮\倮\年\被\认定\为\彝族\。\主要\分布\于\文山州\富宁县\在\邻近\的\广西\、\越南\有\少量\分布\。\主要\居住\于\富宁县\城\西南部\山区\少数\居住\坝区\。\富宁县\彝族\服饰\流传\于\富宁县\的\木央镇\、\田蓬\镇\、\里\达\镇\、\新华\镇\、\板仑乡\属\彝族\服饰\中\的\滇东南\系列\文\西式\类型\按照\款式\和\工艺\又\可\分为\白彝\服饰\、\高\裤脚\白彝\服饰\、\百花\彝\服饰\、\黑彝\服饰\和\花\彝\服饰\个亚类\白彝\服饰\是\富宁县\彝族\服饰\典型\和\代表\。\富宁县\彝族\服饰\传承\历史悠久\服饰文化\保存\完整\具有\较\高\的\传承\和\保护\价值\。\富宁县\彝族\服饰\的\图案\和\传说\是\探索\本\民族\族源\、\迁徙\、\重大\历史\事件\的\民族\记忆\比如\高脚\裤\白彝\服饰\传说\记录\着\古代\战争\印记\蜡染\荞花\铭记\着\荞子\的\救命之恩\龙纹\、\龙花\、\龙鳞纹\反映\了\彝族\婚姻\传说\大量\的\蜡染\铜鼓\纹则\是\穿\在\身上\的\铜鼓\文化\。\这些\服饰\所\蕴含\的\文化\信息\具有\历史研究\价值\和\民族\考古\参考价值\。\富宁县\彝族\服饰\制作\集\纺织\、\印染\、\刺绣\和\拼贴\等\工艺\于\一体\特别\是\蜡染\技艺\具有\科学\价值\。\富宁县\彝族\服饰\材质\地道\款式\别具一格\色彩\搭配\得体\图案\装饰\精美\做工\精细\堪称\民族服饰\工艺\典范\具有\极高\的\审美价值\和\欣赏\价值\。\富宁县\彝族\服饰\在\民族节日\、\婚丧嫁娶\、\祭祀\活动\时\必须\着\装有\标识\社会角色\、\体现\民族认同\的\社会价值\。\富宁\彝族\服靠婆\传媳\、\媳传女\方式\传承\传承\链条\单一\加之\传统\服饰\大量\流失\亟需\保护\。\年\富宁彝族服饰\入选\云南省\第四批\省级\非物质文化\遗产\代表性\项目\名录\扩展\项目\名录\。\项目\代表性\传承\人\是\柏玉仙\、\陆成英\。,彝族
拉伯乡普米族传统文化生态保护区,云南省第三批,民族传统文化生态保护区,云南省宁蒗县,拉伯乡普米族传统文化生态保护区位于金沙江中上游区域水利资源丰富物种繁多森林覆盖率达以上。下辖古鲁甸、格瓦、滴洛、庄子、达日甸、韩八、黑尔甸、格落、巴纳瓦、措皮甸、阿扎甸、拉日下里、松坪、岩瓦个普米族自然村。居住着汉、彝、普米、傈僳、苗、纳西、壮、藏、白等多种民族是全县民族最多的乡。拉伯乡普米族历史悠久文化内涵丰富。民居建筑保留了普米族传统风格的木楞房普米族传统文化的内容与形式保存比较完整非物质文化遗产种类齐全。尤以民俗内容丰富特色浓郁除信仰原始宗教韩规教外还信奉藏传佛教黄教家家设有经堂。祭祀活动有吾昔节祭祖祭山神、七月十五祭祖、正月十五转山祭山神、春天祭龙潭、敬新火、祭祖神等其中最隆重的是吾昔节。民间文学由诗歌和故事组成主要篇目有《洪水朝天》《人狗换寿》《太阳、月亮、星星》《直呆木喃》《帕米查列》。传统音乐的代表作品有《跳起欢乐的锅庄》《求知歌》《催眠曲》《放猪调》等。舞蹈分为自娱自乐舞蹈、交际性舞蹈、祭祀舞《醒英蹉》、丧葬舞《寨细蹉》、礼仪舞《仆瓦蹉》等。传统美术有木版画等。当地普米族男女均有一套民族服装男子上衣款式与女子相同只是颜色较为单一男女喜用金、银、铜、玛瑙、象牙、贝党以及红、黄、绿松石等作为装饰。岁以前男女均穿对襟麻布长衫男不着裤女不穿裙岁时要举行成年仪式即成丁礼。拉伯乡生态保护区环境得天独厚居住在此的普米族具有古朴而纯真的生态保护意识人与自然和谐相处。政府在现有的基础上加大对保护区的保护力度为发展云南的文化旅游事业做出了应有的贡献。年拉伯乡普米族传统文化生态保护区入选云南省第三批省级非物质文化遗产代表性项目名录。,省级,拉伯乡普米族传统文化生态保护区\位于\金沙江\中上游\区域\水利资源\丰富\物种\繁多\森林\覆盖率\达\以上\。\下辖\古\鲁甸\、\格瓦\、\滴洛\、\庄子\、\达日甸\、\韩八\、\黑尔甸\、\格落\、\巴纳\瓦\、\措皮甸\、\阿扎\甸\、\拉日\下里\、\松坪\、\岩瓦个\普米族\自然村\。\居住\着\汉\、\彝\、\普米\、\傈僳\、\苗\、\纳西\、\壮\、\藏\、\白等\多种\民族\是\全县\民族\最多\的\乡\。\拉伯\乡\普米族\历史悠久\文化\内涵\丰富\。\民居\建筑\保留\了\普米族\传统\风格\的\木楞房\普米族\传统文化\的\内容\与\形式\保存\比较\完整\非物质文化\遗产\种类\齐全\。\尤\以\民俗\内容丰富\特色\浓郁\除\信仰\原始宗教\韩规\教外\还\信奉\藏传佛教\黄教\家家\设有\经堂\。\祭祀\活动\有\吾\昔节\祭祖\祭\山神\、\七月\十五\祭祖\、\正月十五\转山\祭\山神\、\春天\祭\龙潭\、\敬新火\、\祭祖\神等\其中\最\隆重\的\是\吾\昔节\。\民间文学\由\诗歌\和\故事\组成\主要\篇目\有\《\洪水\朝天\》\《\人狗\换寿\》\《\太阳\、\月亮\、\星星\》\《\直呆木喃\》\《\帕米\查列\》\。\传统\音乐\的\代表作品\有\《\跳\起\欢乐\的\锅庄\》\《\求知\歌\》\《\催眠曲\》\《\放猪\调\》\等\。\舞蹈\分为\自娱自乐\舞蹈\、\交际性\舞蹈\、\祭祀\舞\《\醒英\蹉\》\、\丧葬\舞\《\寨\细\蹉\》\、\礼仪\舞\《\仆瓦\蹉\》\等\。\传统\美术\有\木版画\等\。\当地\普米族\男女\均\有\一套\民族服装\男子\上衣\款式\与\女子\相同\只是\颜色\较为\单一\男女\喜用\金\、\银\、\铜\、\玛瑙\、\象牙\、\贝党\以及\红\、\黄\、\绿松石\等\作为\装饰\。\岁\以前\男女\均\穿\对襟\麻布\长衫\男不着\裤女\不\穿\裙\岁\时要\举行\成年\仪式\即\成丁礼\。\拉伯\乡\生态\保护区\环境\得天独厚\居住\在\此\的\普米族\具有\古朴\而\纯真\的\生态\保护意识\人与自然\和谐\相处\。\政府\在\现有\的\基础\上\加大\对\保护区\的\保护\力度\为\发展\云南\的\文化\旅游事业\做出\了\应有\的\贡献\。\年\拉伯乡普米族传统文化生态保护区\入选\云南省\第三批\省级\非物质文化\遗产\代表性\项目\名录\。,普米族
沙式武术,第三批,传统体育、游艺与杂技,云南省昆明市,沙式武术由我国武术大师沙国政在融合传统形意拳、八卦掌、通背掌、太极拳等内家拳的基础上博采众长融会贯通后所创的武术在云南省武术运动中具有一定的代表性。沙式武术的主要内容有沙式形意拳、沙式八卦掌、沙式通背掌、沙式太极等四个系列。其中沙式形意拳系列包含五行拳和十二形拳沙式八卦掌系列有八卦掌八大形、八卦老八掌、八卦连环掌、八卦八字功、八卦掌对练、八卦子午鸳鸯钺、子午鸳鸯钺对剑、八卦连环剑、八卦刀、八卦连环枪、八卦连环棍等套路沙式通背掌系列则分为预备八法、通背七十二基本掌法、通臂掌葡萄满架套路、六合通背、通背廿四连环手、白猿通背、通背掌对练等沙式太极系列主要有沙式综合太极拳系列、沙式太极剑系列、沙式太极拳对练、沙式太极剑对练等套路。沙式武术不仅内容丰富多彩而且体用结合、结构严谨集武术技击、养生健身、表演观赏于一体同时又将中国传统哲学思想融于其中注重武理、武法的研究、总结与实践使得沙式武术在保留传统精华的同时又能不断开拓创新具有很高的社会价值和较大的影响力。随着社会的不断发展人们的追求也变得更加多元化传统武术在年轻一代中的影响力不断下降亟须加强保护。年沙式武术入选云南省第三批省级非物质文化遗产代表性项目名录。项目代表性传承人是欧道生、卯劲松、沙俊杰、李斌。形意之蛇形通背掌对练,省级,沙式武术\由\我国\武术\大师\沙\国政\在\融合\传统\形意拳\、\八卦掌\、\通背\掌\、\太极拳\等\内家\拳\的\基础\上\博采众长\融会贯通\后\所创\的\武术\在\云南省\武术\运动\中\具有\一定\的\代表性\。\沙式武术\的\主要\内容\有沙式\形意拳\、\沙式\八卦掌\、\沙式\通背\掌\、\沙式\太极\等\四个\系列\。\其中\沙式\形意拳\系列\包含\五行\拳\和\十二\形拳\沙式\八卦掌\系列\有\八卦掌\八大\形\、\八卦\老八掌\、\八卦\连环\掌\、\八卦\八字\功\、\八卦掌\对练\、\八卦\子午\鸳鸯\钺\、\子午\鸳鸯\钺\对\剑\、\八卦\连环\剑\、\八卦刀\、\八卦\连环\枪\、\八卦\连环\棍\等\套路\沙式\通背\掌\系列\则\分为\预备\八法\、\通背\七十二\基本\掌法\、\通臂\掌\葡萄\满架\套路\、\六合\通背\、\通背\廿四\连环\手\、\白猿通\背\、\通背\掌\对练\等\沙式\太极\系列\主要\有沙式\综合\太极拳\系列\、\沙式\太极剑\系列\、\沙式\太极拳\对练\、\沙式\太极剑\对练\等\套路\。\沙式武术\不仅\内容\丰富多彩\而且\体\用\结合\、\结构\严谨\集\武术\技击\、\养生\健身\、\表演\观赏\于\一体\同时\又\将\中国\传统\哲学思想\融于\其中\注重\武理\、\武法\的\研究\、\总结\与\实践\使得\沙式武术\在\保留\传统\精华\的\同时\又\能\不断\开拓创新\具有\很\高\的\社会价值\和\较大\的\影响力\。\随着\社会\的\不断\发展\人们\的\追求\也\变得\更加\多元化\传统武术\在\年轻一代\中\的\影响力\不断\下降\亟须\加强\保护\。\年\沙式武术\入选\云南省\第三批\省级\非物质文化\遗产\代表性\项目\名录\。\项目\代表性\传承\人\是\欧\道生\、\卯\劲松\、\沙\俊杰\、\李斌\。\形意\之\蛇形\通背\掌\对练,
澜沧哈尼族服饰,第四批,民俗,云南省澜沧县,澜沧县哈尼族源于古代氐羌唐宋时期称和蛮明清时期称和尼清朝时迁入澜沧县。中华民国时称阿卡自称雅尼中华人民共和国成立后认定为哈尼族属僾尼支系。主要分布在澜沧县勐朗镇、酒井、惠民、发展河、谦六、南岭、东回、糯扎渡、糯福、竹塘等乡镇。雍正《景东府志》卷三记载女衣服以带缠腰下着麻布密褶裙织麻布《顺宁府志》中记载男女皆穿青蓝布衣、裤澜沧县哈尼族服饰一般由头饰、上衣、胸兜、筒裙、飘带、绑腿构成其中女性服饰有幼童、少女、青年妇女、已婚妇女、老年妇女五类用以标识不同年龄段的社会角色。依据地域和头饰的不同分为尖头支、平头支、利车支、改新支、吉坐支等亚型。澜沧县哈尼族服饰自唐宋传承以来传统服饰文化保存完整具有较高的传承和保护价值。哈尼族服饰材质的演变记录着民族迁徙历史服饰图案记载着本民族对自然的认识和生活写照这些服饰所蕴含的文化信息具有一定的历史研究价值。澜沧县哈尼族服饰制作集纺织、印染、刺绣、拼贴和装饰等技艺于一体特别是刺绣技法高超具有较高的工艺价值蓝靛印染技艺有科学价值。服饰制作有手工纺织棉布、印染、裁剪缝制三个流程材质工艺保持传统方式蓝靛土布刺绣山纹、回形文等图案大量装饰铝泡、料珠、银币等做工精细配以挎包服饰显得华贵精致是民族服饰工艺典范具有很高的审美价值和欣赏价值。男女服饰保持传统款式有助于保持民族特征体现民族认同的社会价值且可借民族服饰开发助推经济发展。由于制作技艺繁复、现代材料服饰冲击传统服饰与技艺传承形势严峻。年澜沧哈尼族服饰入选云南省第四批省级非物质文化遗产代表性项目名录扩展项目名录。项目代表性传承人是李阿九。,省级,澜沧\县\哈尼族\源于\古代\氐\羌\唐宋\时期\称\和蛮\明清\时期\称和尼\清朝\时\迁入\澜沧\县\。\中华民国\时称\阿卡\自称\雅尼\中华人民共和国\成立\后\认定\为\哈尼族\属\僾尼\支系\。\主要\分布\在\澜沧\县勐朗\镇\、\酒井\、\惠民\、\发展\河\、\谦六\、\南岭\、\东回\、\糯扎渡\、\糯福\、\竹塘\等\乡镇\。\雍正\《\景东\府志\》\卷\三\记载\女\衣服\以带\缠\腰\下\着\麻布\密\褶裙\织\麻布\《\顺宁府\志\》\中\记载\男女\皆\穿\青蓝\布衣\、\裤\澜沧\县\哈尼族\服饰\一般\由\头饰\、\上衣\、\胸兜\、\筒裙\、\飘带\、\绑腿\构成\其中\女性\服饰\有\幼童\、\少女\、\青年\妇女\、\已婚\妇女\、\老年\妇女\五类\用以\标识\不同\年龄段\的\社会角色\。\依据\地域\和\头饰\的\不同\分为\尖头\支\、\平头\支\、\利车\支\、\改新支\、\吉\坐支\等\亚型\。\澜沧\县\哈尼族\服饰\自\唐宋\传承\以来\传统\服饰文化\保存\完整\具有\较\高\的\传承\和\保护\价值\。\哈尼族\服饰\材质\的\演变\记录\着\民族迁徙\历史\服饰\图案\记载\着\本\民族\对\自然\的\认识\和\生活\写照\这些\服饰\所\蕴含\的\文化\信息\具有\一定\的\历史研究\价值\。\澜沧\县\哈尼族\服饰\制作\集\纺织\、\印染\、\刺绣\、\拼贴\和\装饰\等\技艺\于\一体\特别\是\刺绣\技法\高超\具有\较\高\的\工艺\价值\蓝靛\印染\技艺\有\科学\价值\。\服饰\制作\有\手工\纺织\棉布\、\印染\、\裁剪\缝制\三个\流程\材质\工艺\保持\传统\方式\蓝靛\土布\刺绣\山纹\、\回形文\等\图案\大量\装饰\铝泡\、\料珠\、\银币\等\做工\精细\配以\挎包\服饰\显得\华贵\精致\是\民族服饰\工艺\典范\具有\很\高\的\审美价值\和\欣赏\价值\。\男女\服饰\保持\传统\款式\有助于\保持\民族\特征\体现\民族认同\的\社会价值\且\可\借\民族服饰\开发\助推\经济\发展\。\由于\制作\技艺\繁复\、\现代\材料\服饰\冲击\传统\服饰\与\技艺\传承\形势严峻\。\年\澜沧哈尼族服饰\入选\云南省\第四批\省级\非物质文化\遗产\代表性\项目\名录\扩展\项目\名录\。\项目\代表性\传承\人\是\李阿九\。,哈尼族
点苍派武术,第三批,传统体育、游艺与杂技,云南省大理州大理市,点苍派武术是在大理民族民间传统武术的基础上博采各门派武术之长兼收并蓄继承创新发展为独具地方民族特色的武术流派。点苍派武术集合昆仑派、武当派、少林派、峨眉派等各家之长经不断融合演化形成了包括点苍太极门、点苍八卦门、点苍通臂门和五青门为代表的各类功法其中拳术多达余种各种器械套路多达余种。具有代表性的武器有南诏时期专用的铎鞘、浪剑、郁刀等。传世的秘笈包括《五毒掌》《太极掌》《八卦掌》《浪剑》《郁刀》等。点苍派武术作为中原武术文化与大理民族武术交流融合的典型代表有着完整的系统功法、系列器械、系统理论的武术体系。历史上点苍派武术主要在寺院和民间武术世家中进行传承其传承方式较为单一加上当前传统传承空间的不断萎缩传承路径越来越窄亟须加强保护。年点苍派武术入选云南省第三批省级非物质文化遗产代表性项目名录。项目代表性传承人是白侍儒。苍派武术技艺传承点苍派武术技艺展示,省级,点苍派武术\是\在\大理\民族民间\传统武术\的\基础\上\博采\各门派\武术\之\长\兼收并蓄\继承\创新\发展\为\独具\地方\民族特色\的\武术\流派\。\点苍派武术\集合\昆仑\派\、\武当派\、\少林\派\、\峨眉\派\等\各家\之长经\不断\融合\演化\形成\了\包括\点苍\太极\门\、\点苍\八卦\门\、\点\苍通臂\门\和\五青门\为\代表\的\各类\功法\其中\拳术\多达\余种\各种\器械\套路\多达\余种\。\具有\代表性\的\武器\有\南诏\时期\专用\的\铎\鞘\、\浪剑\、\郁刀\等\。\传世\的\秘笈\包括\《\五毒\掌\》\《\太极\掌\》\《\八卦掌\》\《\浪剑\》\《\郁刀\》\等\。\点苍派武术\作为\中原\武术\文化\与\大理\民族\武术\交流\融合\的\典型\代表\有着\完整\的\系统\功法\、\系列\器械\、\系统\理论\的\武术\体系\。\历史\上\点苍派武术\主要\在\寺院\和\民间\武术\世家\中\进行\传承\其\传承\方式\较为\单一\加上\当前\传统\传承\空间\的\不断\萎缩\传承\路径\越来越\窄\亟须\加强\保护\。\年\点苍派武术\入选\云南省\第三批\省级\非物质文化\遗产\代表性\项目\名录\。\项目\代表性\传承\人\是\白\侍儒\。\苍派\武术\技艺\传承\点苍派武术\技艺\展示,
泸西壮族铜鼓舞,第四批,传统舞蹈,泸西县文化馆,壮族视铜鼓为通达神灵的器具在长期的祭祀娱乐活动中逐步形成了一种古朴独特、庄重自然的舞蹈形态。壮族铜鼓舞表现形式分为自娱性和祭祀性。自娱性舞蹈主要在农历正月初一跳至正月十六收鼓是为庆祝丰收、祝愿来年兴旺吉祥而跳的舞蹈。祭祀性舞蹈主要在死者出殡时敲跳意在祈求神灵保佑告慰亡灵安息由起棺出屋一直敲跳到墓地安葬才偃舞息鼓。壮族铜鼓舞由一人敲击铜鼓另一人手持木鼓配合铜鼓起舞通过举、跪、抱、蹲、转、跨、退、蹉步踮脚、活跃步、三抄水等动作及木鼓与铜鼓的默契配合使铜鼓产生共鸣和特殊的滑音效果鼓与舞融为一体富有感染力。以前只限男性起舞现在女性也能参与其中作为辅助在一旁附和吟唱。泸西壮族铜鼓舞体现了壮族先民的自然崇拜、祖先崇拜是维系民族感情的纽带是壮族人民精神生活的体现对于研究壮族历史发展有重要价值。年壮族铜鼓舞入选云南省第四批省级非物质文化遗产代表性项目名录扩展项目名录。项目代表性传承人是陶元明、王树兴。,省级,壮族\视\铜鼓\为\通达\神灵\的\器具\在\长期\的\祭祀\娱乐活动\中\逐步形成\了\一种\古朴\独特\、\庄重\自然\的\舞蹈\形态\。\壮族\铜鼓舞\表现形式\分为\自娱性\和\祭祀\性\。\自娱性\舞蹈\主要\在\农历\正月初一\跳至\正月\十六\收鼓\是\为\庆祝\丰收\、\祝愿\来\年\兴旺\吉祥\而\跳\的\舞蹈\。\祭祀\性\舞蹈\主要\在\死者\出殡\时\敲\跳\意在\祈求\神灵\保佑\告慰\亡灵\安息\由起\棺\出屋\一直\敲\跳\到\墓地\安葬\才\偃\舞息\鼓\。\壮族\铜鼓舞\由\一人\敲击\铜鼓\另一人\手持\木鼓\配合\铜鼓\起舞\通过\举\、\跪\、\抱\、\蹲\、\转\、\跨\、\退\、\蹉步\踮脚\、\活跃\步\、\三抄水\等\动作\及\木鼓\与\铜鼓\的\默契\配合\使\铜鼓\产生共鸣\和\特殊\的\滑音\效果\鼓\与\舞\融为一体\富有\感染力\。\以前\只限\男性\起舞\现在\女性\也\能\参与\其中\作为\辅助\在\一旁\附和\吟唱\。\泸西壮族铜鼓舞\体现\了\壮族\先民\的\自然崇拜\、\祖先崇拜\是\维系\民族感情\的\纽带\是\壮族\人民\精神\生活\的\体现\对于\研究\壮族\历史\发展\有\重要\价值\。\年\壮族\铜鼓舞\入选\云南省\第四批\省级\非物质文化\遗产\代表性\项目\名录\扩展\项目\名录\。\项目\代表性\传承\人\是\陶元明\、\王树兴\。,壮族
纳西族神话《丁巴什罗传》,第四批,民间文学,云南省丽江市,丁巴什罗亦称东巴什罗被称为纳西族东巴教的教主身负为人类降妖除魔的使命而诞生是所有纳西族东巴的宗师。历代的祭司东巴在主持仪式时都要提到丁巴什罗的传奇故事以获得丁巴什罗的法力加持否则仪式会不顺利或不成功。《丁巴什罗传》是一部富有特色的伏魔神话从开天辟地讲到丁巴什罗的九代祖父、七代祖母直到什罗出生。他长着瞅鬼的眼、吃鬼的嘴、杀鬼的手和镇鬼的脚他为伏鬼降妖而来到这个世界。他与喇嘛斗法被赐予本领。为解救人类他与吃人的女魔成亲最终将其杀死。《丁巴什罗传》在东巴典籍中有多个异名版本如《什罗祖师传略》《杀三百六十个鬼卒和女魔固松玛》《什罗的出处和来历》《什罗飒》等以丁巴什罗为主题的故事也会穿插在不同的经书中与这些版本相比《丁巴什罗传》情节统一整体性更强。丁巴什罗与西藏苯教教主丹巴喜饶的关系是一个长期争论的话题《丁巴什罗传》为相关的文化研究提供了重要依据。现在民间尚保存着超度什罗的重要仪式吟诵《丁巴什罗传》也是祭祀礼仪中的重要环节与纳西族的日常生活密切相关。年纳西族神话《丁巴什罗传》入选云南省第四批省级非物质文化遗产代表性项目名录。项目代表性传承人是和承德。,省级,丁巴什罗\亦\称\东巴\什罗\被\称为\纳西族\东巴教\的\教主\身负\为\人类\降妖除魔\的\使命\而\诞生\是\所有\纳西族\东巴\的\宗师\。\历代\的\祭司\东巴\在\主持\仪式\时\都\要\提到\丁巴什罗\的\传奇\故事\以\获得\丁巴什罗\的\法力\加持\否则\仪式\会\不\顺利\或\不\成功\。\《\丁巴什罗\传\》\是\一部\富有\特色\的\伏\魔\神话\从\开天辟地\讲\到\丁巴什罗\的\九代\祖父\、\七代\祖母\直到\什罗\出生\。\他长\着\瞅\鬼\的\眼\、\吃\鬼\的\嘴\、\杀\鬼\的\手\和\镇\鬼\的\脚\他\为\伏\鬼\降妖\而\来到\这个\世界\。\他\与\喇嘛\斗法\被\赐予\本领\。\为\解救\人类\他\与\吃\人\的\女\魔\成亲\最终\将\其\杀死\。\《\丁巴什罗\传\》\在\东巴\典籍\中有\多个\异名\版本\如\《\什罗\祖师\传略\》\《\杀\三百六十\个\鬼\卒\和\女\魔\固松玛\》\《\什罗\的\出处\和\来历\》\《\什罗飒\》\等\以\丁巴什罗\为\主题\的\故事\也\会\穿插在\不同\的\经书\中\与\这些\版本\相比\《\丁巴什罗\传\》\情节\统一\整体性\更强\。\丁巴什罗\与\西藏\苯教\教主\丹巴\喜饶\的\关系\是\一个\长期\争论\的\话题\《\丁巴什罗\传\》\为\相关\的\文化\研究\提供\了\重要依据\。\现在\民间\尚\保存\着\超度\什罗\的\重要\仪式\吟诵\《\丁巴什罗\传\》\也\是\祭祀\礼仪\中\的\重要环节\与\纳西族\的\日常生活\密切相关\。\年\纳西族\神话\《\丁巴什罗\传\》\入选\云南省\第四批\省级\非物质文化\遗产\代表性\项目\名录\。\项目\代表性\传承\人\是\和\承德\。,纳西族
赛马会,第三批,民俗,香格里拉县今香格里拉市文化馆,香格里拉五月赛马节由来已久具体时间无法追溯。每年的农历五月初五开始人们在香格里拉县城东郊五凤山脚下举行为期三天的赛马会。每当赛马节来临藏、彝、傈僳、纳西等各族男女老少成群结伴全家出动穿着各式民族服装带着酥油茶、青稞酒和各种美食从四面八方赶来。赛马比赛分为传统的速度赛、步伐走马、拾哈达拾银元、捡旗子、跑马骑射、马术技巧等五类比赛。人们在现场还举行牦牛赛跑、牛拉杠等难得一见的项目同时还举行文艺会演、民歌大赛、民族服饰展演、物资交流会等各种文化经济贸易活动。各族群众共同度过欢乐、喜庆、祥和、团结、进步的传统节日展示了香格里拉独特的民族文化以及人与自然和谐相处的美好景象。赛马是藏民族最持久、最普遍的群众性活动赛马文化是藏民族民俗文化最为重要的一个组成部分。香格里拉赛马会富有鲜明的地方特色和民族特色期间的各种祭祀、娱乐和竞技活动形成香格里拉多姿多彩的岁时节日习俗并对推进区域合作与交流、促进经济社会发展都起到了积极的作用。香格里拉五月赛马会是迪庆各族群众最为隆重的传统民俗节日是迪庆藏族一年之中最热闹的传统节日。年赛马会入选云南省第三批省级非物质文化遗产代表性项目名录。,省级,香格里拉\五月\赛马节\由来已久\具体\时间\无法\追溯\。\每年\的\农历\五月\初五\开始\人们\在\香格里拉\县城\东郊\五凤\山脚下\举行\为期\三天\的\赛马会\。\每当\赛马节\来临\藏\、\彝\、\傈僳\、\纳西\等\各族\男女老少\成群\结伴\全家\出动\穿着\各式\民族服装\带\着\酥油茶\、\青稞酒\和\各种\美食\从\四面八方\赶来\。\赛马\比赛\分为\传统\的\速度\赛\、\步伐\走马\、\拾\哈达\拾\银元\、\捡\旗子\、\跑马\骑射\、\马术\技巧\等\五类\比赛\。\人们\在\现场\还\举行\牦牛\赛跑\、\牛拉杠\等\难得一见\的\项目\同时\还\举行\文艺会演\、\民歌\大赛\、\民族服饰\展演\、\物资交流\会\等\各种\文化\经济\贸易\活动\。\各族群众\共同\度过\欢乐\、\喜庆\、\祥和\、\团结\、\进步\的\传统节日\展示\了\香格里拉\独特\的\民族文化\以及\人与自然\和谐\相处\的\美好\景象\。\赛马\是\藏\民族\最\持久\、\最\普遍\的\群众性\活动\赛马\文化\是\藏\民族\民俗文化\最为\重要\的\一个\组成部分\。\香格里拉\赛马会\富有\鲜明\的\地方\特色\和\民族特色\期间\的\各种\祭祀\、\娱乐\和\竞技\活动\形成\香格里拉\多姿多彩\的\岁\时\节日\习俗\并\对\推进\区域合作\与\交流\、\促进\经济社会\发展\都\起到\了\积极\的\作用\。\香格里拉\五月\赛马会\是\迪庆\各族群众\最为\隆重\的\传统\民俗\节日\是\迪庆\藏族\一年\之中\最\热闹\的\传统节日\。\年\赛马会\入选\云南省\第三批\省级\非物质文化\遗产\代表性\项目\名录\。,藏族
团山民间传统武术,第三批,传统体育、游艺与杂技,云南省个旧县今个旧市,团山民间传统武术源于彝族远古祖先在生产劳动、捕猎防身、抵御外敌入侵的过程中逐渐积累的劈、砍、刺、防等实战技能以代代相传、以师带徒的形式进行传承发展深受当地群众喜爱。团山民间传统武术有固定的套路与招式要掌握初级个人单练习、二级对套子、三级活步对剑、四级二人对练散剑等内容需要经过从初级到高级从单练到对套子的训练过程通过进阶式的训练才能做到明其用法以求其变化。在套路训练中还要配合使用一定的武器主要有刀、枪、棍、三尖叉、钩镰、双节棍、流星锤、花棒等不同的武器在使用时呈现出不同的特点也因此发展出不同的招式。团山民间传统武术套路短小、简捷动作朴实、精悍节奏明快不仅具有竞技性、实用性更具有观赏性和娱乐性是当地的传统健身体育运动项目之一已成为民族节庆时展现民族魅力不可缺少的一项活动。但随着时代的发展传统武术受到外来文化的冲击年轻人学习传统技艺积极性不高加之彝族民间传统武术使用口传手教的方式传承亟须加强保护。年团山民间传统武术入选云南省第三批省级非物质文化遗产代表性项目名录。项目代表性传承人是王树荣。,省级,团山民间传统武术\源于\彝族\远古\祖先\在\生产\劳动\、\捕猎\防身\、\抵御\外敌\入侵\的\过程\中\逐渐\积累\的\劈\、\砍\、\刺\、\防等\实战\技能\以\代代相传\、\以师\带徒\的\形式\进行\传承\发展\深受\当地\群众\喜爱\。\团山民间传统武术\有\固定\的\套路\与\招式\要\掌握\初级\个人\单\练习\、\二级\对\套子\、\三级\活步\对\剑\、\四级\二人\对练\散剑\等\内容\需要\经过\从\初级\到\高级\从\单练\到\对\套子\的\训练\过程\通过\进阶\式\的\训练\才能\做到\明其\用法\以求\其\变化\。\在\套路\训练\中\还要\配合\使用\一定\的\武器\主要\有刀\、\枪\、\棍\、\三\尖叉\、\钩\镰\、\双节棍\、\流星锤\、\花棒\等\不同\的\武器\在\使用\时\呈现出\不同\的\特点\也\因此\发展\出\不同\的\招式\。\团山民间传统武术\套路\短小\、\简捷\动作\朴实\、\精悍\节奏\明快\不仅\具有\竞技性\、\实用性\更\具有\观赏性\和\娱乐性\是\当地\的\传统\健身\体育运动\项目\之一\已\成为\民族\节庆\时\展现\民族\魅力\不可\缺少\的\一项\活动\。\但\随着\时代\的\发展\传统武术\受到\外来文化\的\冲击\年轻人\学习\传统\技艺\积极性\不高\加之\彝族\民间\传统武术\使用\口传\手教\的\方式\传承\亟须\加强\保护\。\年\团山民间传统武术\入选\云南省\第三批\省级\非物质文化\遗产\代表性\项目\名录\。\项目\代表性\传承\人\是\王树荣\。,彝族
剑川白族打歌,第三批,传统舞蹈,剑川县文化馆,剑川县白族打歌历史悠久清代大理诗人周之烈在道光二十三年的《打歌行》中就有松明竹火彻夜明团团围绕偏多情。男唱女合数十人跌足歌舞同一声的描述。打歌即又跳又唱。白族打歌一般在节庆日举行每年本主节本主为雪山太子尤为隆重。届时男女老少身穿盛装载歌载舞通宵达旦。打歌习惯上常是男女分开各在一边。常用队形有两种手扣手连成圆圈逆时针方向绕圈而跳或双手搭扶前舞者之肩连成长串呈纵队而舞。动律在腿和脚主要身形特征为前倾后仰。均为全足掌着地踏实沉重一步一顿踏地而歌节奏鲜明便于众人群舞。伴奏器乐是随手可摘的树叶。打歌一般先唱十二月调然后可自由对唱。歌词大多为七字句全用白语演唱。演唱形式比较丰富如女领唱女齐唱呀撒塞男领唱男齐唱哈子耶如此反复循环。打歌时边跳边唱舞蹈古朴粗犷带有原始朴素的韵味唱词内容丰富多彩这种融诗、歌、舞为一炉的形式具有较高的艺术表现力和感染力是白族保存至今的不可多得的原生态舞蹈也是研究白族历史、语言、民俗等的宝贵资料。剑川白族东山打歌传承主要方式为集体传承以家传、拜师学艺及开展民俗活动的方式进行。年剑川白族打歌入选云南省第三批省级非物质文化遗产代表性项目名录扩展项目名录。项目代表性传承人是颜炳英。剑川白族东山打歌剑川白族东山打歌,省级,剑川县\白族\打歌\历史悠久\清代\大理\诗人\周之烈\在\道光\二十三年\的\《\打\歌行\》\中\就\有\松明\竹火\彻夜\明\团团\围绕\偏\多情\。\男唱\女合\数十\人\跌足\歌舞\同\一声\的\描述\。\打歌\即\又\跳\又\唱\。\白族\打歌\一般\在\节庆日\举行\每年\本主\节本\主为\雪山\太子\尤为\隆重\。\届时\男女老少\身穿\盛装\载歌载舞\通宵达旦\。\打歌\习惯\上常\是\男女\分开\各\在\一边\。\常用\队形\有\两种\手扣\手\连成\圆圈\逆时针\方向\绕圈\而\跳\或\双手\搭\扶前\舞者\之肩\连\成长\串\呈\纵队\而舞\。\动律\在\腿\和\脚\主要\身形\特征\为\前倾\后仰\。\均\为\全\足掌\着地\踏实\沉重\一步\一顿\踏地\而\歌\节奏\鲜明\便于\众人\群舞\。\伴奏\器乐\是\随手\可摘\的\树叶\。\打歌\一般\先唱\十二月\调\然后\可\自由\对唱\。\歌词\大多\为\七\字句\全用\白语\演唱\。\演唱\形式\比较丰富\如女\领唱\女\齐唱\呀\撒塞\男\领唱\男\齐唱\哈子\耶\如此\反复\循环\。\打歌\时\边跳边唱\舞蹈\古朴\粗犷\带有\原始\朴素\的\韵味\唱词\内容\丰富多彩\这种\融诗\、\歌\、\舞为\一炉\的\形式\具有\较\高\的\艺术\表现力\和\感染力\是\白族\保存\至今\的\不可多得\的\原生态\舞蹈\也\是\研究\白族\历史\、\语言\、\民俗\等\的\宝贵\资料\。\剑川\白族\东山\打歌\传承\主要\方式\为\集体\传承\以\家传\、\拜师学艺\及\开展\民俗\活动\的\方式\进行\。\年\剑川白族打歌\入选\云南省\第三批\省级\非物质文化\遗产\代表性\项目\名录\扩展\项目\名录\。\项目\代表性\传承\人\是\颜炳英\。\剑川\白族\东山\打歌\剑川\白族\东山\打歌,白族
宜良花街节,第四批,民俗,宜良县文化馆,宜良花街节古称花市已有多年历史。据元代李京《云南志略》记载宜良坝子冬夏无暑四时花木不绝明洪武间随黔宁昭靖王沐英入滇的万士旺因立有军功诰封武德将军被安置在城西瓦窑村屯垦。后以其姓改村名为万家凹村。万氏于村中广辟花园名为万家花园。最迟在明末万家凹村头近城的西门河侧畔已形成为花气馥郁的地区称为卖花滩。城乡之间就近交易的卖花历史达数百年之久。据明嘉靖《宜良县志》记载明朝嘉靖年间开挖的文公渠上所建清远桥花农们于此售卖鲜花称花桥。宜良花街节于每年农历五月初五举行。每逢此日无论男女老幼均出门赶花街游花、赏花、买花、种花、插花、赛花、品花、食花万花汇萃花潮涌动人流奔腾花市绵延长达五公里有余。花街之上不仅万花荟萃更有面塑人物、糖人糖马、针织刺绣、竹编草编、白陶器具、钩花扎染、木雕根雕等工艺品竞相开展。各种民间美食也云聚花街如宜良烧鸭、猪脚米线、都督烧麦、凉卷粉、豌豆粉、甜咸各馅包子、芽豆、粽子及金雀花、槐花、老白花白杜鹃、棠梨花、白刺花、石榴花等各类花卉制作美食更有花灯歌舞、传统滇剧等演出。花街持续日以上每年参加花展的花农多达余户参展花卉品种多种。花街节进行赛花评奖评出花之翘楚及栽种花王。宜良花街节已成为宜良民众一年当中最隆重的节日庆典活动。宜良花街节一是彰显宜良人民世代和谐、热爱自然、保护自然的美好社会氛围二是内涵丰富特色浓郁是一个融民俗、手工技艺、传统饮食、戏剧、诗歌、歌舞、音乐等民族文化艺术为一体的传统节日活动三是成为增强民族凝聚力、促进民族团结的重要纽带四是推动了全县经济发展。宜良花街节以花为市、因花会友传承传统文化。年宜良花街节入选云南省第四批省级非物质文化遗产代表性项目名录。,省级,宜良花街节\古称\花市\已有\多年\历史\。\据\元代\李京\《\云南志\略\》\记载\宜良\坝子\冬夏\无暑\四时\花木\不\绝\明洪武\间\随\黔\宁昭靖\王沐英入\滇\的\万士\旺\因立\有\军功\诰封\武德\将军\被\安置\在\城西\瓦窑村\屯垦\。\后以\其姓\改村\名为\万家\凹村\。\万氏于\村\中广辟\花园\名为\万家\花园\。\最迟在\明末\万家\凹\村头\近城\的\西门\河侧\畔\已\形成\为\花气\馥郁\的\地区\称为\卖花\滩\。\城乡之间\就近\交易\的\卖花\历史\达\数百年\之\久\。\据\明嘉靖\《\宜良县\志\》\记载\明朝\嘉靖\年间\开挖\的\文公渠\上\所建\清远\桥\花农\们\于\此\售卖\鲜花\称花桥\。\宜良花街节\于\每年\农历\五月\初五\举行\。\每逢\此日\无论\男女老幼\均\出门\赶花街\游花\、\赏花\、\买花\、\种花\、\插花\、\赛花\、\品花\、\食花\万花\汇萃\花\潮涌\动人\流\奔腾\花市\绵延\长\达\五公里\有余\。\花街\之上\不仅\万花\荟萃\更\有\面塑\人物\、\糖人糖\马\、\针织\刺绣\、\竹编\草编\、\白陶\器具\、\钩花\扎染\、\木雕\根雕\等\工艺品\竞相\开展\。\各种\民间\美食\也\云聚\花街\如\宜良\烧鸭\、\猪脚\米线\、\都督\烧麦\、\凉卷\粉\、\豌豆粉\、\甜\咸各馅\包子\、\芽豆\、\粽子\及\金雀花\、\槐花\、\老白\花白\杜鹃\、\棠梨\花\、\白刺\花\、\石榴花\等\各类\花卉\制作\美食\更\有\花灯\歌舞\、\传统\滇剧\等\演出\。\花街\持续\日\以上\每年\参加\花展\的\花农\多达\余户\参展\花卉\品种\多种\。\花街节\进行\赛花\评奖\评出\花\之\翘楚\及\栽种\花王\。\宜良花街节\已\成为\宜良\民众\一年\当中\最\隆重\的\节日\庆典活动\。\宜良花街节\一是\彰显\宜良\人民\世代\和谐\、\热爱\自然\、\保护\自然\的\美好\社会\氛围\二是\内涵\丰富\特色\浓郁\是\一个\融\民俗\、\手工\技艺\、\传统\饮食\、\戏剧\、\诗歌\、\歌舞\、\音乐\等\民族文化\艺术\为\一体\的\传统节日\活动\三是\成为\增强\民族凝聚力\、\促进\民族团结\的\重要\纽带\四是\推动\了\全县\经济\发展\。\宜良花街节\以花\为\市\、\因花\会友\传承\传统文化\。\年\宜良花街节\入选\云南省\第四批\省级\非物质文化\遗产\代表性\项目\名录\。,
彝族簸箕弦,第四批,传统舞蹈,云南省红河哈尼族彝族自治州个旧市群众艺术馆,彝族簸箕弦历史悠久是彝族袓先从围猎劳动的过程中逐步创造发展而成的一种自娱性舞蹈。彝族簸箕弦平时主要是由村里的男女老少聚集到广场围成圆圈共舞年龄人数不限随时都可以跳场面壮观规模庞大。村里人随时都可以加入其中一起跳没有禁忌。当地民众对彝族簸箕弦非常喜爱它是当地村民表达情感的主要方式也是彝族民族精神的重要象征是当地主要的文化娱乐活动。彝族簸箕弦队形如同圆形的大簸箕伴奏乐器以四弦、小三弦、小京胡、树叶等为主故名簸箕弦。其舞蹈共有十二套路如簸箕弦簸箕弦旗访簸箕弦逆访阿腊里莫旗访阿腊里莫逆访买兜弦真凡弦穿弦啄板弦等。舞蹈时围成大圆圈中间燃起篝火每对男女都面对面站立男的弹起四弦和三弦随女子舞动。动作以走跳步为主动律拍手跳步弯腿、身斜、搓步抖并拍手叫喊形容过河、爬山等情节动作诙谐悠然、古朴大方。伴奏曲目有簸箕弦、乐作作、送亲调、敬酒歌、一杯酒、送郎调、金银调等。舞蹈时的服装为生活装彝语为尼苏米小线意为女人的衣服全部为手工制作。女性服饰色彩艳丽以红色为主色调蓝、绿、黑色搭配式样装饰独特为贾沙地区所独有。彝族簸箕弦起源于田间地头具有农耕文化的内涵又有民族特色因此深受当地群众喜爱有利于丰富当地群众文化生活增强民族自豪感具有广泛的民族性和群众性。随着时代的变迁彝族簸箕弦的人文环境发生变化年轻人不愿学习学习者已寥寥无几使民间传统彝族簸箕弦的传承难以为继亟待加以保护。年彝族簸箕弦入选云南省第四批省级非物质文化遗产代表性项目名录。项目代表性传承人是张自文。,省级,彝族簸箕弦\历史悠久\是\彝族\袓\先\从\围猎\劳动\的\过程\中\逐步\创造\发展\而成\的\一种\自娱性\舞蹈\。\彝族簸箕弦\平时\主要\是\由\村里\的\男女老少\聚集\到\广场\围成\圆圈\共舞\年龄\人数\不\限\随时\都\可以\跳\场面\壮观\规模\庞大\。\村里人\随时\都\可以\加入\其中\一起\跳\没有\禁忌\。\当地\民众\对\彝族簸箕弦\非常\喜爱\它\是\当地\村民\表达\情感\的\主要\方式\也\是\彝族\民族\精神\的\重要\象征\是\当地\主要\的\文化\娱乐活动\。\彝族簸箕弦\队形\如同\圆形\的\大\簸箕\伴奏\乐器\以四弦\、\小\三弦\、\小\京胡\、\树叶\等\为主\故\名\簸箕\弦\。\其\舞蹈\共有\十二\套路\如\簸箕\弦\簸箕\弦\旗访\簸箕\弦\逆访\阿腊里\莫旗访\阿腊里\莫逆\访买\兜\弦\真凡\弦\穿弦\啄板\弦\等\。\舞蹈\时\围成\大\圆圈\中间\燃起\篝火\每\对\男女\都\面对面\站立\男\的\弹起\四弦\和\三弦\随\女子\舞动\。\动作\以\走\跳步\为\主动\律\拍手\跳步\弯腿\、\身斜\、\搓步\抖\并\拍手\叫喊\形容\过河\、\爬山\等\情节\动作\诙谐\悠然\、\古朴\大方\。\伴奏\曲目\有\簸箕\弦\、\乐作作\、\送亲\调\、\敬酒\歌\、\一\杯酒\、\送郎调\、\金银\调等\。\舞蹈\时\的\服装\为\生活\装\彝语\为尼苏米\小线\意为\女人\的\衣服\全部\为\手工\制作\。\女性\服饰\色彩艳丽\以\红色\为主\色调\蓝\、\绿\、\黑色\搭配\式样\装饰\独特\为\贾沙\地区\所\独有\。\彝族簸箕弦\起源于\田间\地头\具有\农耕\文化\的\内涵\又\有\民族特色\因此\深受\当地\群众\喜爱\有利于\丰富\当地\群众\文化\生活\增强\民族\自豪感\具有\广泛\的\民族性\和\群众性\。\随着\时代\的\变迁\彝族簸箕弦\的\人文环境\发生变化\年轻人\不愿\学习\学习者\已\寥寥无几\使\民间\传统\彝族簸箕弦\的\传承\难以为继\亟待\加以\保护\。\年\彝族簸箕弦\入选\云南省\第四批\省级\非物质文化\遗产\代表性\项目\名录\。\项目\代表性\传承\人\是\张自文\。,彝族
自羌朗村彝族传统文化生态保护区,第四批,民族传统文化生态保护区,云南省祥云县,保护区位于大理白族自治州祥云县米甸镇自羌朗村该村下辖个自然村个村民小组。全村面积平方千米共有户人年统计。据《米甸镇民族志》记载自羌朗村至今已有多年历史。保护区自然环境良好森林覆盖率为。有百年以上的古树名木株包括黄连木、滇合欢、高山栲、大青树等树种。核桃树为该区主要经济作物收成较好。所辖的波罗村入选中国少数民族特色村寨。保护区内传统民居建筑较为集中一般为一层无架梁式土木结构房屋房屋内部保留着火塘。非物质文化遗产资源丰富有尝新节、二月八、火把节、春节等传统节日。尝新节即吃新米是一年中最热闹的日子当天有祭拜神树、舞火龙的传统。传统习俗有建房习俗、花子闹房、丧葬习俗、拜师习俗、婚庆习俗、打老根习俗、取名习俗、酒令等。有火把节广场、土主庙、龙王庙等建有非物质文化遗产陈列室、对歌厅等非物质文化遗产展示场所。民间文学有《梅葛》还有羌朗王、小鸡山、天宝石古银洞、彝族打歌的传说等。传统音乐有打歌调、龙灯调、自羌朗十二花园调、月弦调、篾弦调、树叶传情调、哄睡调、唢呐调等。传统舞蹈有跳钱鞭、彝族耍龙灯耍龙、耍狮、耍麒麟、耍凤凰、耍猴、耍大刀、篾弦舞、打歌、打跳等逢年过节、婚丧嫁娶、农事闲暇、朝山庙会都要打歌具有较高的文化价值和艺术价值。传统手工技艺有彝族服饰制作、传统器物制作、传统乐器口弦制作、土碱制作、弩和陀螺制作、酿酒、竹编、草编、传统饮食技艺还有刺绣、彩扎、泥塑、剪纸、石雕、木雕等。民间医药和传统体育游艺与杂技类项目是当地最大的特色村内有体育竞技场秋千、打陀螺、射弩、扭扁担等项目均为当地村民所擅长多次在州市级的比赛中获过大奖。村民对传统文化的保护有较强的自觉性和积极性有民间文艺队常年开展非遗进校园活动同时制定了保护区规划。年自羌朗村彝族传统文化生态保护区入选云南省第四批省级非物质文化遗产代表性项目名录。项目代表性传承人是林方圆、李世行、紫春润、罗开春。,省级,保护区\位于\大理白族自治州\祥云县\米甸镇\自羌朗村\该村\下辖\个\自然村\个\村民\小组\。\全村\面积\平方千米\共有\户人\年\统计\。\据\《\米甸镇\民族志\》\记载\自羌朗村\至今已有\多年\历史\。\保护区\自然环境\良好\森林\覆盖率\为\。\有\百年\以上\的\古树名\木株\包括\黄连木\、\滇\合欢\、\高山\栲\、\大青树\等\树种\。\核桃树\为\该区\主要\经济作物\收成\较\好\。\所辖\的\波罗\村\入选\中国\少数民族\特色\村寨\。\保护区\内\传统\民居\建筑\较为\集中\一般\为\一层\无\架梁\式\土\木结构\房屋\房屋\内部\保留\着\火塘\。\非物质文化\遗产\资源\丰富\有\尝新\节\、\二月\八\、\火把节\、\春节\等\传统节日\。\尝新\节即\吃\新米\是\一年\中\最\热闹\的\日子\当天\有\祭拜\神树\、\舞\火龙\的\传统\。\传统习俗\有\建房\习俗\、\花子\闹房\、\丧葬\习俗\、\拜师\习俗\、\婚庆\习俗\、\打老根\习俗\、\取名\习俗\、\酒令\等\。\有\火把节\广场\、\土主庙\、\龙王庙\等\建有\非物质文化\遗产\陈列室\、\对\歌厅\等\非物质文化\遗产\展示\场所\。\民间文学\有\《\梅葛\》\还有\羌朗王\、\小鸡\山\、\天\宝石\古银洞\、\彝族打歌\的\传说\等\。\传统\音乐\有\打\歌调\、\龙灯\调\、\自羌朗\十二\花园\调\、\月\弦\调\、\篾弦调\、\树叶\传\情调\、\哄\睡调\、\唢呐调\等\。\传统\舞蹈\有\跳\钱\鞭\、\彝族\耍\龙灯\耍龙\、\耍狮\、\耍\麒麟\、\耍\凤凰\、\耍猴\、\耍\大刀\、\篾弦舞\、\打歌\、\打跳\等\逢年过节\、\婚丧嫁娶\、\农事\闲暇\、\朝山\庙会\都\要\打歌\具有\较\高\的\文化价值\和\艺术\价值\。\传统\手工\技艺\有\彝族\服饰\制作\、\传统\器物\制作\、\传统\乐器\口弦\制作\、\土碱\制作\、\弩\和\陀螺\制作\、\酿酒\、\竹编\、\草编\、\传统\饮食\技艺\还有\刺绣\、\彩扎\、\泥塑\、\剪纸\、\石雕\、\木雕\等\。\民间\医药\和\传统\体育\游艺\与\杂技\类\项目\是\当地\最大\的\特色\村内\有\体育\竞技场\秋千\、\打\陀螺\、\射弩\、\扭\扁担\等\项目\均\为\当地\村民\所\擅长\多次\在\州\市级\的\比赛\中\获过\大奖\。\村民\对\传统文化\的\保护\有\较\强\的\自觉性\和\积极性\有\民间文艺\队\常年\开展\非遗\进校园\活动\同时\制定\了\保护区\规划\。\年\自羌朗村彝族传统文化生态保护区\入选\云南省\第四批\省级\非物质文化\遗产\代表性\项目\名录\。\项目\代表性\传承\人\是\林\方圆\、\李\世行\、\紫春润\、\罗\开春\。,白族
傣族传统手工造纸技艺,云南省第三批,传统技艺,云南省勐海县,傣族传统手工造纸是傣族先民的劳动产物是傣族社会生产生活的反映在傣族社会生活中占有极其重要的地位。勐海县曼召村傣族村民称他们所造的纸为嘎拉沙意为手工纸称为棉纸缅纸构皮纸。傣族传统手工造纸包括刮树皮、浸泡、煮、清洗、捣纸浆、漂浆、抄纸、晾晒、打磨抛光、揭纸等十余道工序。相关器具有刀、泡池、煮锅、溶浆池、纸模、平口容器等。所造的纸具有韧性好、防虫、防腐等特点最初用于佛事活动如抄写经书剪纸做纸伞、纸篾帽等。现在曼召的手工纸大量用于茶叶包装、纸工艺品制作、绘画等领域。在各部门的扶持下曼召村成立了傣族传统手工造纸专业合作社实现了原料和成品的统购统销避免了小作坊投入少、产量低的缺点曼召村家家户户造纸保护和弘扬了珍贵的民族文化。傣族传统手工造纸独特的工艺也蕴藏着深厚的文化内涵。年傣族传统手工造纸技艺入选云南省级非物质文化遗产代表性项目名录扩展项目名录。项目代表性传承人是岩坎、玉温丙。,省级,傣族\传统\手工\造纸\是\傣族\先民\的\劳动\产物\是\傣族\社会\生产\生活\的\反映\在\傣族\社会生活\中\占有\极其重要\的\地位\。\勐海县\曼召村\傣族\村民\称\他们\所造\的\纸\为\嘎拉沙意\为\手工\纸\称为\棉纸\缅纸构\皮纸\。\傣族\传统\手工\造纸\包括\刮\树皮\、\浸泡\、\煮\、\清洗\、\捣\纸浆\、\漂浆\、\抄纸\、\晾晒\、\打磨\抛光\、\揭纸\等\十余道\工序\。\相关器\具有\刀\、\泡池\、\煮\锅\、\溶浆\池\、\纸模\、\平口\容器\等\。\所造\的\纸\具有\韧性\好\、\防虫\、\防腐\等\特点\最初\用于\佛事\活动\如\抄写\经书\剪纸\做\纸伞\、\纸篾\帽\等\。\现在\曼召\的\手工\纸\大量\用于\茶叶\包装\、\纸\工艺品\制作\、\绘画\等\领域\。\在\各\部门\的\扶持\下曼\召村\成立\了\傣族\传统\手工\造纸\专业\合作社\实现\了\原料\和\成品\的\统购统销\避免\了\小作坊\投入\少\、\产量\低\的\缺点\曼召村\家家户户\造纸\保护\和\弘扬\了\珍贵\的\民族文化\。\傣族\传统\手工\造纸\独特\的\工艺\也\蕴藏\着\深厚\的\文化\内涵\。\年\傣族传统手工造纸技艺\入选\云南\省级\非物质文化\遗产\代表性\项目\名录\扩展\项目\名录\。\项目\代表性\传承\人\是\岩坎\、\玉温\丙\。,傣族
同尼尼舞,第三批,传统舞蹈,云南省红河州绿春县文化馆,同尼尼舞起源于哈尼族先民的原始生产生活属祭祀性舞蹈过去只在祭祀和丧葬活动时进行如今在哈尼族聚居村寨每逢节日庆典、讨亲嫁女、起房盖屋都要通过表演同尼尼舞来祈求五谷丰登、子孙满堂、六畜兴旺。同尼尼舞的主要伴奏为铓锣和鼓鼓在哈尼族社会中有着神圣地位由祭师亲制并保管使用时需先对鼓举行祭礼。同尼尼舞分单人舞、双人舞和群舞双人舞多由男性边击鼓边跳群舞则是男在里、女在外围成两个圆圈面向大鼓同时起舞。动作特点为屈膝一脚前伸弹动双手来回上下交替下时手心朝外从胸前斜下至腰侧上时掌心向上环至胸前身体随节奏变化扭动。其中男性动作柔中见刚、虚中带韧、粗犷豪迈女性动作虚而不飘、实而不僵、婉转协调。因各村寨地域和支系的不同同尼尼舞在传播、动律和特点上有所差异但核心风格都相对统一。同尼尼舞承载着哈尼族传统历史文化信息涉及哈尼族生产生活、民风民俗、衣食住行等方方面面蕴含着民族信仰和价值取向在云南省哈尼族地区以及越南、老挝、泰国等地哈尼阿卡聚居区均有着较大的影响对研究哈尼族社会历史、民族心理、文化艺术提供了宝贵的现实资料具有很高的研究价值。年同尼尼舞入选云南省第三批省级非物质文化遗产代表性项目名录。项目代表性传承人是陈义兴。,省级,同尼尼舞\起源于\哈尼族\先民\的\原始\生产\生活\属\祭祀\性\舞蹈\过去\只\在\祭祀\和\丧葬\活动\时\进行\如今\在\哈尼族\聚居\村寨\每逢\节日\庆典\、\讨亲\嫁女\、\起\房盖\屋\都\要\通过表演\同尼尼舞\来\祈求\五谷丰登\、\子孙满堂\、\六畜兴旺\。\同尼尼舞\的\主要\伴奏\为\铓锣\和\鼓鼓\在\哈尼族\社会\中\有着\神圣\地位\由\祭师\亲制\并\保管\使用\时\需先\对\鼓\举行\祭礼\。\同尼尼舞\分\单人舞\、\双人舞\和\群舞\双人舞\多\由\男性\边\击鼓\边\跳\群舞\则\是\男\在\里\、\女\在\外围\成\两个\圆圈\面向\大鼓\同时\起舞\。\动作\特点\为\屈膝\一脚\前伸\弹动\双手\来回\上下\交替\下时\手心\朝外\从\胸前\斜下\至\腰侧\上\时\掌心\向上\环至\胸前\身体\随\节奏\变化\扭动\。\其中\男性\动作\柔中见\刚\、\虚中\带韧\、\粗犷\豪迈\女性\动作\虚\而\不\飘\、\实而\不\僵\、\婉转\协调\。\因\各\村寨\地域\和\支系\的\不同\同尼尼舞\在\传播\、\动律\和\特点\上\有所\差异\但\核心\风格\都\相对\统一\。\同尼尼舞\承载\着\哈尼族\传统\历史\文化\信息\涉及\哈尼族\生产\生活\、\民风\民俗\、\衣食住行\等\方方面面\蕴含着\民族\信仰\和\价值\取向\在\云南省\哈尼族\地区\以及\越南\、\老挝\、\泰国\等\地\哈尼\阿卡\聚居区\均\有着\较大\的\影响\对\研究\哈尼族\社会历史\、\民族心理\、\文化\艺术\提供\了\宝贵\的\现实\资料\具有\很\高\的\研究\价值\。\年\同尼尼舞\入选\云南省\第三批\省级\非物质文化\遗产\代表性\项目\名录\。\项目\代表性\传承\人\是\陈\义兴\。,哈尼族
苗族芦笙乐,第四批,传统音乐,云南省曲靖市马龙县今马龙区,苗族芦笙乐属少数民族传统器乐中的簧管器乐。苗族芦笙乐有多年的历史明、清时从贵州省威宁一带随苗族迁徙传入云南主要流传于云南省曲靖市马龙区的苗族聚居村寨。苗族芦笙乐通常以芦笙为乐器边吹边舞伴舞者逆时针方向绕大圆圈舞蹈芦笙演奏者吹奏时伴有蹲跳、蹉跳、翻滚、倒立、倒挂金钩双脚倒挂在木杆上表演等技巧动作。苗族芦笙演奏代表性乐曲有多首根据场景和活动意义演奏曲目如探路曲、鸡鸣曲、獐子曲、敬酒曲、出嫁曲、送客曲、丰收曲、迎客曲、娶亲曲、犁地曲、礼装曲等。苗族芦笙在演奏时伴有高难度和较为惊险的舞蹈动作没有持之以恒的演练和音乐悟性是很难学会的熟练掌握技艺的传承人日渐减少。为传承苗族芦笙演奏年在马龙区深沟村委会建起村民文化活动室年被列为苗族芦笙演奏传承基地。年苗族芦笙乐入选云南省第四批省级非物质文化遗产代表性项目名录。项目代表性传承人韩尚云。,省级,苗族芦笙乐\属\少数民族\传统\器乐\中\的\簧管\器乐\。\苗族芦笙乐\有\多年\的\历史\明\、\清时\从\贵州省\威宁\一带\随\苗族\迁徙\传入\云南\主要\流传\于\云南省\曲靖市\马龙\区\的\苗族\聚居\村寨\。\苗族芦笙乐\通常\以\芦笙\为\乐器\边吹边\舞伴\舞者\逆时针\方向\绕大\圆圈\舞蹈\芦笙\演奏者\吹奏\时\伴有\蹲\跳\、\蹉跳\、\翻滚\、\倒立\、\倒挂金钩\双脚\倒挂\在\木杆\上\表演\等\技巧\动作\。\苗族\芦笙\演奏\代表性\乐曲\有\多首\根据\场景\和\活动\意义\演奏\曲目\如\探路\曲\、\鸡鸣\曲\、\獐子\曲\、\敬酒\曲\、\出嫁\曲\、\送客\曲\、\丰收\曲\、\迎客\曲\、\娶亲\曲\、\犁地\曲\、\礼装曲\等\。\苗族\芦笙\在\演奏\时\伴有\高难度\和\较为\惊险\的\舞蹈动作\没有\持之以恒\的\演练\和\音乐\悟性\是\很\难\学会\的\熟练掌握\技艺\的\传承\人\日渐\减少\。\为\传承\苗族\芦笙\演奏\年\在\马龙\区\深沟\村委会\建起\村民\文化\活动室\年\被\列为\苗族\芦笙\演奏\传承\基地\。\年\苗族芦笙乐\入选\云南省\第四批\省级\非物质文化\遗产\代表性\项目\名录\。\项目\代表性\传承\人\韩尚云\。,苗族
曼掌村傣族传统文化生态保护区,第四批,民族传统文化生态保护区,云南省景洪市,该保护区位于西双版纳傣族自治州景洪市勐养镇曼景坎村委会曼掌村。曼掌村建于明朝年间村民以傣族为主属傣族傣泐支系。曼掌村是云南省美丽乡村建设示范村也是云南省文化厅现为云南省文化和旅游厅确定的文化农庄。村落坐落在勐养河西南岸地势西高东低三面环山一面朝向坝区南养河由东南流向西北贯穿村寨森林覆盖率为以南亚热带的绿阔叶树种为主生态环境保持较好。村民世世代代崇尚自然自发爱山、护山、祭山。山上有神树、竜林护佑层林叠翠郁郁葱葱。村寨位于竹林深处民居建筑与聚落整体格局保存完好虽然佛寺建筑被拆但是地基还在基本保持了傣族传统村落的所有特征。傣族干栏式传统民居现存余栋是西双版纳傣族民居建筑的典型代表之一。寨中有民俗竞技场、民俗娱乐场、歌舞表演场等设施。村民信奉原始宗教崇拜祖先与自然如天神、地神、山神、水神、日神、月神、风神、雷神、谷神、寨神、勐神等。传统节日有春节、过赕每三年进行一次、泼水节、关门节、开门节等。村民至今沿用传统傣历。民歌形式多样内容丰富分为古歌谣、说亲歌、嫁别歌、招魂词、贺新房、祭祀歌、儿歌、情歌、赞高升等。乐器有管乐、弦乐、打击乐三类。舞蹈有嘎光舞也叫团结舞、象脚鼓舞、刀舞等嘎光舞舞蹈动作有至套。此外保护区内还保留着口传叙事长诗《召树屯》、傣族章哈、傣族传统武术、傣族剪纸及多项傣族传统手工技艺如民居建筑技艺、传统服饰制作、贝叶经制作、织锦、慢轮制陶、传统手工造纸、竹编、大鼓制作、象脚鼓制作、葫芦丝制作、高升制作、纸伞制作、银器制作、传统制糖、制茶、酿酒、傣味菜品等。保护区自然生态环境得天独厚为傣族文化的维系传承和创新发展提供了广阔的空间和载体。年曼掌村傣族传统文化生态保护区入选云南省第四批省级非物质文化遗产代表性项目名录。项目代表性传承人和民间艺人有玉吨、岩叫龙、岩芷龙、玉应罕等。,省级,该\保护区\位于\西双版纳傣族自治州\景洪市\勐养\镇曼景\坎\村委会\曼掌村\。\曼掌村\建于\明朝\年间\村民\以\傣族\为主\属\傣族\傣泐\支系\。\曼掌村\是\云南省\美丽\乡村\建设\示范村\也\是\云南省\文化厅\现为\云南省\文化\和\旅游\厅\确定\的\文化\农庄\。\村落\坐落\在\勐养\河西\南岸\地势\西高东\低\三面\环山\一面\朝向\坝区\南养河\由\东南\流向\西北\贯穿\村寨\森林\覆盖率\为\以南\亚热带\的\绿\阔叶树\种\为主\生态环境\保持\较\好\。\村民\世世代代\崇尚\自然\自发\爱山\、\护山\、\祭山\。\山上\有\神树\、\竜\林\护佑\层林\叠翠\郁郁葱葱\。\村寨\位于\竹林\深处\民居\建筑\与\聚落\整体\格局\保存\完好\虽然\佛寺\建筑\被\拆\但是\地基\还\在\基本\保持\了\傣族\传统\村落\的\所有\特征\。\傣族\干栏\式\传统\民居\现存\余栋\是\西双版纳\傣族\民居\建筑\的\典型\代表\之一\。\寨\中\有\民俗\竞技场\、\民俗\娱乐场\、\歌舞\表演场\等\设施\。\村民\信奉\原始宗教\崇拜\祖先\与\自然\如\天神\、\地神\、\山神\、\水神\、\日神\、\月\神\、\风神\、\雷神\、\谷神\、\寨\神\、\勐神\等\。\传统节日\有\春节\、\过\赕\每\三年\进行\一次\、\泼水节\、\关门节\、\开门节\等\。\村民\至今\沿用\传统\傣历\。\民歌\形式多样\内容丰富\分为\古\歌谣\、\说\亲歌\、\嫁别\歌\、\招魂\词\、\贺\新房\、\祭祀\歌\、\儿歌\、\情歌\、\赞\高升\等\。\乐器\有\管乐\、\弦乐\、\打击乐\三类\。\舞蹈\有嘎光舞\也\叫\团结\舞\、\象脚鼓舞\、\刀舞\等\嘎\光舞\舞蹈动作\有\至\套\。\此外\保护区\内\还\保留\着\口传\叙事\长诗\《\召树屯\》\、\傣族章哈\、\傣族传统武术\、\傣族\剪纸\及\多项\傣族\传统\手工\技艺\如\民居\建筑\技艺\、\传统\服饰\制作\、\贝叶经\制作\、\织锦\、\慢轮\制陶\、\传统\手工\造纸\、\竹编\、\大鼓\制作\、\象脚鼓\制作\、\葫芦丝\制作\、\高升\制作\、\纸伞\制作\、\银器\制作\、\传统\制糖\、\制茶\、\酿酒\、\傣味\菜品\等\。\保护区\自然\生态环境\得天独厚\为\傣族\文化\的\维系\传承\和\创新\发展\提供\了\广阔\的\空间\和\载体\。\年\曼掌村傣族传统文化生态保护区\入选\云南省\第四批\省级\非物质文化\遗产\代表性\项目\名录\。\项目\代表性\传承\人\和\民间艺人\有玉吨\、\岩叫\龙\、\岩芷龙\、\玉应\罕\等\。,傣族
傈僳族葫芦笙打跳曲,第四批,传统音乐,云南省丽江市玉龙县,傈僳族葫芦笙打跳曲属于傈僳族传统吹奏器乐是丽江傈僳族民间大众自娱舞打跳的领舞乐曲。葫芦笙傈僳语称马女或阿普比传说是民间智多星托拉哥然的灵性遗物。流传于云南省丽江市为主玉龙县、永胜县、华坪县、宁蒗县和古城区及滇西北范围的傈僳族聚居地。傈僳族葫芦笙乐曲音色独特音质古朴听觉穿透力极强能体现管簧乐器悠长、厚重的特点。音域不广多为七管九音常见为五管七音适合于傈僳族民间传统打跳曲的领舞演奏。在民间有七十二调说可以分为曲牌曲和散曲杂调两大类。现存曲牌曲有代表曲目《刮来破》《刮嘞密》《啦个啦色伏虎调》《模刮伴奏咏叹调》《念杂四威迟雀恋花》《念杂衣嗟多雀饮水或乌鸦喝水》《七步蛮调》《撒荞调》《相见乐》《迎宾曲》《祝婚曲》《赶街调》《意背大蛮调》等十来个曲调其余都是一些以舞步命名的杂调和临时联奏、串奏用以领舞的散曲、散句。傈僳族葫芦笙乐曲按照定调方式可以分为以唱名为基调的意背曲类和唱名为基调的意贼曲类。傈僳族葫芦笙打跳曲在文化娱乐生活中起着关键性的作用受到傈僳族同胞的普遍喜爱。如今葫芦笙打跳时多数习惯反复使用易学易跳的简易舞曲曲种曲目比较单纯乐句乐段结构较为复杂、技法要求高的曲目未能全面掌握有些古老曲牌和曲目面临失传。年傈僳族葫芦笙打跳入选云南省第四批省级非物质文化遗产代表性项目名录。项目代表性传承人是阿石才。,省级,傈僳族葫芦笙打跳曲\属于\傈僳族\传统\吹奏\器乐\是\丽江\傈僳族\民间\大众\自娱\舞\打跳\的\领舞\乐曲\。\葫芦\笙\傈僳语\称马女\或\阿普比\传说\是\民间\智多星\托拉\哥然\的\灵性\遗物\。\流传\于\云南省\丽江市\为主\玉龙\县\、\永胜县\、\华坪县\、\宁蒗\县\和\古城区\及\滇西北\范围\的\傈僳族\聚居地\。\傈僳族\葫芦\笙\乐曲\音色\独特\音质\古朴\听觉\穿透力\极强\能\体现\管\簧乐器\悠长\、\厚重\的\特点\。\音域\不广多\为\七\管九音\常见\为\五管\七音\适合\于\傈僳族\民间\传统\打跳\曲\的\领舞\演奏\。\在\民间\有\七十二\调说\可以\分为\曲牌\曲\和\散曲\杂调\两大类\。\现存\曲牌\曲有\代表\曲目\《\刮来\破\》\《\刮\嘞\密\》\《\啦\个\啦\色\伏虎\调\》\《\模刮\伴奏\咏叹调\》\《\念杂\四威\迟雀恋花\》\《\念杂\衣\嗟\多雀\饮水\或\乌鸦\喝水\》\《\七步\蛮调\》\《\撒\荞调\》\《\相见\乐\》\《\迎宾曲\》\《\祝婚曲\》\《\赶街调\》\《\意背\大蛮\调\》\等\十来个\曲调\其余\都\是\一些\以\舞步\命名\的\杂\调和\临时\联奏\、\串奏\用以\领舞\的\散曲\、\散句\。\傈僳族\葫芦\笙\乐曲\按照\定调\方式\可以\分为\以\唱名\为\基调\的\意\背曲类\和\唱名\为\基调\的\意贼\曲类\。\傈僳族葫芦笙打跳曲\在\文化娱乐\生活\中起\着\关键性\的\作用\受到\傈僳族\同胞\的\普遍\喜爱\。\如今\葫芦\笙\打跳\时\多数\习惯\反复\使用\易学\易\跳\的\简易\舞曲\曲种\曲目\比较\单纯\乐句\乐段\结构\较为\复杂\、\技法\要求\高\的\曲目\未能\全面\掌握\有些\古老\曲牌\和\曲目\面临\失传\。\年\傈僳族\葫芦\笙\打跳\入选\云南省\第四批\省级\非物质文化\遗产\代表性\项目\名录\。\项目\代表性\传承\人\是\阿石\才\。,傈僳族
白族泥塑制作技艺,第三批,传统美术,云南省大理市,泥塑由中原地区传入白族聚集区在唐代南诏国时期形成了具有白族自身特色的传统技艺。制作白族泥塑作品的步骤如下选取洱海东面山地的红、白、黑三色土为制作原料通过筛土去除其中的杂质用棉花和纸巾配以水按一定比例和成黏度与软硬合适的稀泥根据所塑物件的要求塑形并不断添加稀泥。泥塑匠人凭借经验和手艺利用雕刀等数十种工具精心打磨泥塑并辅以彩绘所塑造的人物形象栩栩如生。泥塑的作品可分为三类第一类是砖瓦窑烧制的泥塑作品广泛用作白族民居建筑饰件包括勾头瓦、飞檐瓦、屋檐马鞍、避邪化吉的屋顶瓦猫等第二类是大型宗教人物塑像主要用于佛寺、道观及本主庙包括玉皇大帝、大黑天神等第三类是小型工艺品及玩具如烟锅吹哨、点水雀吹哨、二龙戏珠等。白族泥塑在数百年演变过程中被赋予了白族的风俗习惯和审美情趣形成了独特的艺术风格但因泥塑作品不宜长久保存、经济效益不大等因素的影响掌握这一传统手工艺的年轻人越来越少这一濒危的技艺亟需保护传承。年白族泥塑制作技艺入选云南省第三批省级非物质文化遗产代表性项目名录。项目代表性传承人是苏龙祥。,省级,泥塑\由\中原地区\传入\白族\聚集区\在\唐代\南诏国\时期\形成\了\具有\白族\自身\特色\的\传统\技艺\。\制作\白族\泥塑\作品\的\步骤\如下\选取\洱海\东面\山地\的\红\、\白\、\黑三色\土为\制作\原料\通过\筛土\去除\其中\的\杂质\用\棉花\和\纸巾\配以\水\按\一定\比例\和\成\黏度\与\软硬\合适\的\稀泥\根据\所塑\物件\的\要求\塑形\并\不断\添加\稀泥\。\泥塑\匠人\凭借\经验\和\手艺\利用\雕刀\等\数十种\工具\精心\打磨\泥塑\并\辅以\彩绘\所\塑造\的\人物形象\栩栩如生\。\泥塑\的\作品\可\分为\三类\第一类\是\砖瓦窑\烧制\的\泥塑\作品\广泛\用作\白族\民居\建筑\饰件\包括\勾头\瓦\、\飞檐\瓦\、\屋檐\马鞍\、\避邪\化吉\的\屋顶\瓦猫\等\第二类\是\大型\宗教\人物\塑像\主要\用于\佛寺\、\道观\及\本主\庙\包括\玉皇大帝\、\大黑\天神\等\第三类\是\小型\工艺品\及\玩具\如\烟锅\吹哨\、\点水雀\吹哨\、\二龙戏珠\等\。\白族\泥塑\在\数百年\演变\过程\中\被\赋予\了\白族\的\风俗习惯\和\审美\情趣\形成\了\独特\的\艺术风格\但\因\泥塑\作品\不宜\长久\保存\、\经济效益\不大\等\因素\的\影响\掌握\这一\传统\手工艺\的\年轻人\越来越少\这一\濒危\的\技艺\亟需\保护\传承\。\年\白族泥塑制作技艺\入选\云南省\第三批\省级\非物质文化\遗产\代表性\项目\名录\。\项目\代表性\传承\人\是\苏龙祥\。,白族
地鼓舞,第三批,传统舞蹈,云南省红河州红河县文化馆,在哈尼族的信仰中鼓声是人类与上天交流的语言地鼓舞起源于哈尼族传统祭祀活动。在本那河流域洛恩乡、架车乡一带哈尼族人每年跳两次地鼓舞表演者均身着黑色民族服饰。第一次是农历六月即哈尼矻扎扎期间属羊日寓意是告知上天春耕结束祈求风调雨顺第二次是农历十月年测拉火施期间属牛日寓意是告知上天勤劳的哈尼人又平安地度过了一年祈求来年平平安安。地鼓舞由男性舞者围鼓敲击舞蹈动作有颠跳步、屈膝吸腿跳舞时上身前俯双手持鼓棒自然向前摆动至地鼓前抬腿顿跳步在原地舞蹈左右手分别在胯下击鼓然后颠步转圈为鼓敲击跳。第一跳人与自然和谐相处无灾无难第二跳五谷丰登第三跳家畜兴旺生活富足。抬腿胯下击鼓是地鼓舞的主要特点无论套路如何变化这一动作贯穿整套舞步的始终具有独特的哈尼族传统韵味。伴奏乐器有竹笛、三弦、四弦、树叶等。地鼓舞动作粗犷豪迈古朴热烈动律鲜明韵味淳厚极富感染力是哈尼族集体智慧的结晶具有较高的历史价值和艺术价值对研究哈尼族历史和舞蹈艺术发展脉络有着重要意义。年地鼓舞入选云南省第三批省级非物质文化遗产代表性项目名录。项目代表性传承人是陈保克。,省级,在\哈尼族\的\信仰\中\鼓声\是\人类\与\上天\交流\的\语言\地鼓舞\起源于\哈尼族\传统\祭祀\活动\。\在\本\那河\流域\洛恩乡\、\架车\乡\一带\哈尼族\人\每年\跳\两次\地鼓舞\表演者\均\身着\黑色\民族服饰\。\第一次\是\农历\六月\即\哈尼\矻\扎扎\期间\属\羊\日\寓意\是\告知\上天\春耕\结束\祈求\风调雨顺\第二次\是\农历\十月年\测拉火施\期间\属\牛日\寓意\是\告知\上天\勤劳\的\哈尼人\又\平安地\度过\了\一年\祈求\来\年\平平安安\。\地鼓舞\由\男性\舞者\围鼓\敲击\舞蹈动作\有\颠\跳步\、\屈膝\吸腿\跳舞\时\上身\前\俯\双手\持\鼓棒\自然\向前\摆动\至地\鼓前\抬腿\顿\跳步\在\原地\舞蹈\左右手\分别\在\胯下\击鼓\然后\颠步\转圈\为\鼓\敲击\跳\。\第一\跳\人与自然\和谐\相处\无灾\无难\第二\跳\五谷丰登\第三\跳\家畜\兴旺\生活\富足\。\抬腿\胯下\击鼓\是\地鼓舞\的\主要\特点\无论\套路\如何\变化\这一\动作\贯穿\整套\舞步\的\始终\具有\独特\的\哈尼族\传统\韵味\。\伴奏\乐器\有\竹笛\、\三弦\、\四弦\、\树叶\等\。\地鼓舞\动作\粗犷\豪迈\古朴\热烈\动律\鲜明\韵味\淳厚\极富\感染力\是\哈尼族\集体\智慧\的\结晶\具有\较\高\的\历史\价值\和\艺术\价值\对\研究\哈尼族\历史\和\舞蹈艺术\发展\脉络\有着\重要\意义\。\年\地鼓舞\入选\云南省\第三批\省级\非物质文化\遗产\代表性\项目\名录\。\项目\代表性\传承\人\是\陈保克\。,哈尼族
象脚鼓舞,第三批,传统舞蹈,景谷县文化馆,景谷象脚鼓舞历史悠久是当地傣族最古老、最普及、最具特色的群众性舞蹈。每逢重大节日或集会人们都会聚在一起围成圆圈敲起象脚鼓跳起舞以示喜庆。象脚鼓舞可一人独舞、两人对舞也可多人共舞舞蹈动作语汇丰富花样繁多特点突出据不完全统计其跳法和套路有数十种。从内容上讲主要有娱乐性和召集性两种娱乐性舞蹈有马蹄三步、跳四门、叉花舞、转身蹲打、团鼓等召集性舞蹈有拜四方等。伴奏乐器除象脚鼓外还有大鼓、铓锣、镲等。舞蹈时左手跨带扶鼓边右手裹着毛巾和彩绸上下击鼓双脚吸腿跳步有对花、擦背换位、跑跳、跨越、旋转等高难度动作。鼓舞为主、对鼓和唱傣族调为辅是象脚鼓的亮点所在。在协调的节奏中集体起舞稀锣慢鼓时舞姿典雅抒情洒脱飘逸密锣急鼓时舞姿粗犷有力神采飞扬充满强烈的艺术感染力。白象舞与象脚鼓舞是傣族民间舞蹈密不可分的统一整体白象舞是借助白象道具模仿大象动作的舞蹈二者同舞时热烈奔放节奏强烈极具民族与地域特色。景谷傣族村寨的男子们几乎人人都会跳象脚鼓舞每个村都有近百名青年组成的民间象脚鼓舞队。每逢泼水节、赕佛、婚庆等活动在佛寺、广场、田间地头都有象脚鼓舞表演。年景谷县象脚鼓舞入选云南省第三批省级非物质文化遗产代表性项目名录扩展项目名录。项目代表性传承人是周晋国。景谷傣族传统象脚鼓舞表演,省级,景谷\象脚鼓舞\历史悠久\是\当地\傣族\最\古老\、\最\普及\、\最具\特色\的\群众性\舞蹈\。\每逢\重大\节日\或\集会\人们\都\会\聚在一起\围成\圆圈\敲起\象脚鼓\跳\起舞\以示\喜庆\。\象脚鼓舞\可一人\独舞\、\两人\对\舞\也\可多人\共舞\舞蹈动作\语汇\丰富\花样繁多\特点\突出\据\不\完全\统计\其跳法\和\套路\有\数十种\。\从\内容\上\讲\主要\有\娱乐性\和\召集\性\两种\娱乐性\舞蹈\有\马蹄\三步\、\跳\四门\、\叉\花舞\、\转身\蹲\打\、\团鼓\等\召集\性\舞蹈\有\拜\四方\等\。\伴奏\乐器\除\象脚鼓\外\还有\大鼓\、\铓锣\、\镲\等\。\舞蹈\时\左手\跨带\扶\鼓边\右手\裹\着\毛巾\和\彩绸\上下\击鼓\双脚\吸腿\跳步\有\对\花\、\擦背\换位\、\跑跳\、\跨越\、\旋转\等\高难度\动作\。\鼓舞\为主\、\对\鼓\和\唱\傣族\调\为辅\是\象脚鼓\的\亮点\所在\。\在\协调\的\节奏\中\集体\起舞\稀锣慢\鼓时\舞姿\典雅\抒情\洒脱\飘逸\密锣急\鼓时\舞姿\粗犷\有力\神采飞扬\充满\强烈\的\艺术\感染力\。\白象\舞\与\象脚鼓舞\是\傣族\民间舞蹈\密不可分\的\统一\整体\白象\舞是\借助\白象\道具\模仿\大象\动作\的\舞蹈\二者\同舞时\热烈奔放\节奏\强烈\极具\民族\与\地域\特色\。\景谷\傣族\村寨\的\男子\们\几乎\人人\都\会\跳\象脚鼓舞\每个\村\都\有\近百名\青年\组成\的\民间\象脚鼓舞\队\。\每逢\泼水节\、\赕佛\、\婚庆\等\活动\在\佛寺\、\广场\、\田间\地头\都\有\象脚鼓舞\表演\。\年\景谷\县\象脚鼓舞\入选\云南省\第三批\省级\非物质文化\遗产\代表性\项目\名录\扩展\项目\名录\。\项目\代表性\传承\人\是\周\晋国\。\景谷\傣族\传统\象脚鼓舞\表演,傣族
彝族吹奏弹拨乐,第四批,传统音乐,云南省红河哈尼族彝族自治州石屏县,彝族吹奏弹拨乐属于彝族器乐中的吹奏、弹拨器乐。主要流传于石屏县彝族仆拉支系聚居的山寨是彝族群众休闲娱乐男女青年谈情说爱时常用节波、高爬、笛子、小三弦、四弦等乐器独奏或合奏的彝族传统器乐。彝族仆拉支系人口较少有自己的语言但无文字。彝族吹奏弹拨乐的乐器是民间艺人用当地的竹、木、高粱叶等材料制作的乐器有节波竹制单管吹奏乐器、高爬高粱叶制作的吹管乐器、笛子、小三弦、四弦等乐器。彝族吹奏弹拨乐曲目数量多内容丰富曲调约有三四十调曲调内容有谈情说爱反映生产生活表现自然界的花草虫鸟和日月星辰等。在演奏中能娴熟地运用打音、波音、顫音、滑音、弹弦、挑弦、扫弦等多种演奏技法增添浓郁的地域特色和音乐表现力。演奏形式多种多样统一和谐演奏者多为中青年女性多于男性女性一般演奏节波、高爬吹奏乐器男性一般演奏笛子以及小三弦、四弦等弹拨乐器。年彝族吹奏弹拨乐入选云南省第四批省级非物质文化遗产代表性项目名录。项目代表性传承人是龙岸妹。,省级,彝族吹奏弹拨乐\属于\彝族\器乐\中\的\吹奏\、\弹拨\器乐\。\主要\流传\于\石屏县\彝族\仆拉\支系\聚居\的\山寨\是\彝族\群众\休闲\娱乐\男女\青年\谈情说爱\时\常用\节波\、\高\爬\、\笛子\、\小\三弦\、\四弦\等\乐器\独奏\或\合奏\的\彝族\传统\器乐\。\彝族\仆拉\支系\人口\较\少有\自己\的\语言\但\无\文字\。\彝族吹奏弹拨乐\的\乐器\是\民间艺人\用\当地\的\竹\、\木\、\高粱\叶等\材料\制作\的\乐器\有\节波\竹制\单管\吹奏乐器\、\高\爬\高粱\叶\制作\的\吹\管乐器\、\笛子\、\小\三弦\、\四弦\等\乐器\。\彝族吹奏弹拨乐\曲目\数量\多\内容丰富\曲调\约\有\三四十\调\曲调\内容\有\谈情说爱\反映\生产\生活\表现\自然界\的\花草\虫\鸟\和\日月星辰\等\。\在\演奏\中\能\娴熟\地\运用\打音\、\波音\、\顫音\、\滑音\、\弹弦\、\挑弦\、\扫弦\等\多种\演奏\技法\增添\浓郁\的\地域\特色\和\音乐\表现力\。\演奏\形式\多种多样\统一\和谐\演奏者\多为\中青年\女性\多于\男性\女性\一般\演奏\节波\、\高\爬\吹奏乐器\男性\一般\演奏\笛子\以及\小\三弦\、\四弦\等\弹拨乐器\。\年\彝族吹奏弹拨乐\入选\云南省\第四批\省级\非物质文化\遗产\代表性\项目\名录\。\项目\代表性\传承\人\是\龙岸妹\。,彝族
管氏针灸疗法,第四批,传统医药,昆明西山区管遵信医馆,管氏针灸疗法由管氏家族长辈管家岱于世纪年代开创至今已经传承五代。管氏针灸疗法在继承传统中医理论的基础上发展出独具特色的针灸配穴理论和针刺方法其中尤以管氏肾病四联疗法影响最为深远。管氏肾病四联疗法指的是将隔药饼灸、穴位注射、耳针疗法、中药汤剂四种方法联合用于临床治疗肾脏疾病。经临床测试四联疗法对于肾衰竭有的治愈率的显效率。年国家中医药管理局正式下文批复确立管氏特种针法学术流派肯定了此疗法在临床治疗中的显著效果。年管氏针灸疗法入选云南省第四批省级非物质文化遗产代表性项目名录。代表性传承人是管遵信。,省级,管氏针灸疗法\由\管氏\家族\长辈\管家\岱\于\世纪\年代\开创\至今\已经\传承\五代\。\管氏针灸疗法\在\继承\传统\中医理论\的\基础\上\发展\出\独具特色\的\针灸\配穴\理论\和\针刺\方法\其中\尤以\管氏\肾病\四联\疗法\影响\最为\深远\。\管氏\肾病\四联\疗法\指\的\是\将\隔\药饼\灸\、\穴位\注射\、\耳针\疗法\、\中药\汤剂\四种\方法\联合\用于\临床\治疗\肾脏\疾病\。\经\临床\测试\四联\疗法\对于\肾衰竭\有\的\治愈率\的\显\效率\。\年\国家中医药管理局\正式\下文\批复\确立\管氏\特种\针法\学术\流派\肯定\了\此\疗法\在\临床\治疗\中\的\显著效果\。\年\管氏针灸疗法\入选\云南省\第四批\省级\非物质文化\遗产\代表性\项目\名录\。\代表性\传承\人\是\管\遵信\。,
尚旺节,第四批,民俗,泸水市文化馆,尚旺节是洛本卓白族乡白族支系勒墨人的传统节日为庆祝春耕备耕生产而举行的传统仪式已经有四五百年的历史。勒墨人称祝尚旺即过尚旺节的意思祝即过的意思尚旺意为三月尚旺节也叫三月节、生产节、桃花节。这是勒墨人祈祷天神来年风调雨顺、五谷丰登的重要节日。节期一天这天一过勒墨人便开始春耕生产。尚旺节通常选在每年三月的第一个属猪日各家各户杀鸡杀猪舂籼米做粑粑举行民族民间传统歌舞表演和民族体育竞技活动。尚旺节是一个历史悠久、特色浓郁的民族民间传统节日节期举行的各项活动是勒墨人传统文化的集中展示涵盖勒墨人的生产、饮食、服饰、艺术、宗教等多个领域是白族勒墨人传统文化得以延续的重要载体对于研究白族支系勒墨人的发展史和民族文化提供了重要依据。尚旺节是增进民族凝聚力的重要纽带保留了远古时期勒墨人为应对各种挑战而团结一致的传统有助于增强民族凝聚力、维护国家和平稳定对传承弘扬民族民间文化、推动各民族文化大发展大繁荣具有重要意义。尚旺节是以世代相传的形式传承下来的各种规矩、祭词均由祭师相传而节日期间各村寨举行的民族民间歌舞展演、传统射弩、荡秋千等活动一直延续至今。年尚旺节入选云南省第四批省级非物质文化遗产代表性项目名录。,省级,尚旺节\是\洛本卓\白族\乡\白族\支系\勒墨\人\的\传统节日\为\庆祝\春耕\备耕\生产\而\举行\的\传统\仪式\已经\有\四五百年\的\历史\。\勒墨\人称\祝尚旺\即\过\尚旺节\的\意思\祝即\过\的\意思\尚旺意\为\三月\尚旺节\也\叫\三月\节\、\生产\节\、\桃花节\。\这是\勒墨\人\祈祷\天神\来\年\风调雨顺\、\五谷丰登\的\重要\节日\。\节期\一天\这天\一\过\勒墨\人\便\开始\春耕生产\。\尚旺节\通常\选在\每年\三月\的\第一个\属猪\日\各家各户\杀鸡\杀猪\舂\籼米\做\粑\粑\举行\民族民间\传统\歌舞\表演\和\民族\体育竞技\活动\。\尚旺节\是\一个\历史悠久\、\特色\浓郁\的\民族民间\传统节日\节期\举行\的\各项\活动\是\勒墨\人\传统文化\的\集中\展示\涵盖\勒墨\人\的\生产\、\饮食\、\服饰\、\艺术\、\宗教\等\多个\领域\是\白族\勒墨\人\传统文化\得以\延续\的\重要\载体\对于\研究\白族\支系\勒墨\人\的\发展史\和\民族文化\提供\了\重要依据\。\尚旺节\是\增进\民族凝聚力\的\重要\纽带\保留\了\远古\时期\勒墨\人为\应对\各种\挑战\而\团结一致\的\传统\有助于\增强\民族凝聚力\、\维护\国家\和平\稳定\对\传承\弘扬\民族民间\文化\、\推动\各\民族文化\大\发展\大\繁荣\具有\重要\意义\。\尚旺节\是\以\世代相传\的\形式\传承\下来\的\各种\规矩\、\祭词\均\由\祭师\相传\而\节日期间\各\村寨\举行\的\民族民间\歌舞\展演\、\传统\射弩\、\荡秋千\等\活动\一直\延续\至今\。\年\尚旺节\入选\云南省\第四批\省级\非物质文化\遗产\代表性\项目\名录\。,白族
金殿庙会,第三批,民俗,昆明市盘龙区非物质文化遗产保护中心,金殿位于昆明市东北鸣凤山始建于明万历三十年。金殿古时为道观农历正月初九传说是玉皇大帝万寿故每年的这天均举行盛大的祭祀活动现逐步演变为传统庙会。在清康熙十年的金殿碑刻和罗养儒的《云南掌故》中对金殿庙会均有记载。金殿碑刻记载是日游客以数万计活动内容白天唱戏酬神晚上对调子唱山歌。每年的正月初八至初十昆明市民与近郊村民携家带口涌向金殿赶庙会。人们踏青、赏花、跳花灯、唱山歌、舞龙灯、对调子、演奏洞经音乐品尝各种名特风味食品购买各种土特产品和手工艺品亲友聚会叙说亲情。金殿庙会是云南省规模最大的庙会在昆明地区具有极大影响力历史悠久在民间广泛传承深受市民喜爱。年金殿庙会入选云南省第三批省级非物质文化遗产代表性项目名录。,省级,金殿\位于\昆明市\东北\鸣\凤山\始建\于\明万历\三十年\。\金殿\古时\为\道观\农历\正月初\九\传说\是\玉皇大帝\万寿故\每年\的\这天\均\举行\盛大\的\祭祀\活动\现\逐步\演变\为\传统\庙会\。\在\清康熙\十年\的\金殿\碑刻\和\罗养\儒\的\《\云南\掌故\》\中\对\金殿庙会\均\有\记载\。\金殿\碑刻\记载\是\日\游客\以\数万\计\活动\内容\白天\唱戏\酬神\晚上\对\调子\唱山歌\。\每年\的\正月\初八\至\初十\昆明\市民\与\近郊\村民\携家带口\涌向\金殿\赶庙会\。\人们\踏青\、\赏花\、\跳\花灯\、\唱山歌\、\舞\龙灯\、\对\调子\、\演奏\洞经音乐\品尝\各种\名特\风味\食品\购买\各种\土特产品\和\手工艺品\亲友\聚会\叙说\亲情\。\金殿庙会\是\云南省\规模\最大\的\庙会\在\昆明地区\具有\极大\影响力\历史悠久\在\民间\广泛\传承\深受\市民\喜爱\。\年\金殿庙会\入选\云南省\第三批\省级\非物质文化\遗产\代表性\项目\名录\。,
大理甲马,第四批,传统美术,大理市非物质文化遗产保护管理所,甲马是民间祭祀财神、月神、灶神、寿星等神祇时所使用的物品。大理地区的甲马约于汉晋时期从中原内地传入云南并与大理本地白族的宗教相结合逐渐成为各类教仪法事时使用的神圣法宝。大理甲马内容丰富具有鲜明的地域和民族特色特别是在白族信仰的神祇体系中最具代表性的本主形象是甲马雕刻印制的常见内容如洱河灵帝段赤诚、猎神杜朝选、清官本主郑回、将军洞之神李宓。此外还有白马将军太阳神水草大王芭蕉大王等。甲马与白族群众的日常生活紧密相连人们相信甲马是人神沟通的载体和中介通过焚烧、张贴或供奉能实现心中所求的愿望。大理地区制作的甲马集木雕、印刷术、造纸术于一体把用于雕刻的图案或文字用反笔书写在木板上通过精工细刻完成雕版制作。之后将自制的颜料均匀涂刷到雕版上再将当地出产的土纸平铺其上用刷子在纸面反复刷直到颜料浸润土纸便可揭下待干透一幅甲马便制作完成。在整个制作流程中木板雕刻最为重要艺人们不仅要有灵巧的构思和精心的设计还要有精湛的刀法不论阴刻阳刻皆以粗细相间的线条造型勾勒出大理甲马质朴的韵味。年大理甲马入选云南省第四批省级非物质文化遗产代表性项目名录扩展项目名录。项目代表性传承人有张瑞龙、张庆绅等。,省级,甲马\是\民间\祭祀\财神\、\月\神\、\灶神\、\寿星\等\神祇\时所\使用\的\物品\。\大理\地区\的\甲\马约\于\汉晋\时期\从\中原\内地\传入\云南\并\与\大理\本地\白族\的\宗教\相结合\逐渐\成为\各类\教仪\法事\时\使用\的\神圣\法宝\。\大理甲马\内容丰富\具有\鲜明\的\地域\和\民族特色\特别是在\白族\信仰\的\神祇\体系\中\最具\代表性\的\本主\形象\是\甲马\雕刻\印制\的\常见\内容\如洱河\灵帝\段\赤诚\、\猎神\杜朝选\、\清官\本主\郑回\、\将军\洞之神\李宓\。\此外\还有\白马\将军\太阳神\水草\大王\芭蕉\大王\等\。\甲马\与\白族\群众\的\日常生活\紧密\相连\人们\相信\甲马\是\人神\沟通\的\载体\和\中介\通过\焚烧\、\张贴\或\供奉\能\实现\心中\所求\的\愿望\。\大理\地区\制作\的\甲马\集\木雕\、\印刷术\、\造纸术\于\一体\把\用于\雕刻\的\图案\或\文字\用\反笔\书写\在\木板\上\通过\精工\细刻\完成\雕版\制作\。\之后\将\自制\的\颜料\均匀\涂刷\到\雕版\上\再\将\当地\出产\的\土纸\平铺\其上\用\刷子\在\纸面\反复\刷\直到\颜料\浸润\土纸\便\可\揭下\待\干透\一幅\甲马\便\制作\完成\。\在\整个\制作\流程\中\木板\雕刻\最为\重要\艺\人们\不仅\要\有\灵巧\的\构思\和\精心\的\设计\还要\有\精湛\的\刀法\不论\阴刻\阳刻\皆\以\粗细\相间\的\线条\造型\勾勒\出\大理甲马\质朴\的\韵味\。\年\大理甲马\入选\云南省\第四批\省级\非物质文化\遗产\代表性\项目\名录\扩展\项目\名录\。\项目\代表性\传承\人有\张瑞龙\、\张庆绅\等\。,白族
宝峰调子会,第三批,民俗,昆明市非物质文化遗产保护协会晋宁分会,宝峰位于昆明市晋宁区中南部距区政府所在地昆阳公里。宝峰调子会是由宝峰的接佛庙会发展而来流传数百年历史悠久是云南省较有影响力的山歌调子盛会。每年正月十五、十六两天来自昆明、玉溪、大理、曲靖等地的歌手和群众汇聚到昆阳宝峰唱山歌、对调子、唱花灯相互交流情感。人们汇集在这里也交易各种民俗小吃、民间工艺品。宝峰山歌小调有多种固定的曲调如宝峰调、昆阳调、昆明小调、松毛调、招亲调、点荞调、大理调、八街调、四季腔、长腔对口、猜调等多采取对唱的形式偶尔也独唱。演唱多为清唱间或也有民间乐器伴奏歌词一般按曲调即兴发挥歌者都能出口成章。宝峰调子会上组织有山歌调子大赛为各地歌手提供了一个展示自我的平台。通过山歌调子比赛广大参赛者在继承传统文化的基础上摒弃传统山歌、小调演唱中的糟粕更加注重歌唱幸福美好生活崇尚健康文明的生活方式。自年以来当地已连续举办多届宝峰调子会共有来自贵州、四川及云南省各地州的千余名歌手参赛参与群众达数十万人宝峰调子会已成为宝峰的传统节日。宝峰调子会内容丰富群众参与性强山歌调子特点鲜明文化内容丰富。山歌调子比赛培养了一批云南山歌小调民间艺人为云南山歌小调的传承、发展、传播、展示提供了平台。年宝峰调子会入选云南省第三批省级非物质文化遗产代表性项目名录。项目代表性传承人是许绍光。,省级,宝峰\位于\昆明市\晋宁\区\中南部\距\区政府\所在地\昆阳\公里\。\宝峰调子会\是\由\宝峰\的\接佛\庙会\发展\而\来\流传\数百年\历史悠久\是\云南省\较\有\影响力\的\山歌\调子\盛会\。\每年\正月十五\、\十六\两天\来自\昆明\、\玉溪\、\大理\、\曲靖\等\地\的\歌手\和\群众\汇聚\到\昆阳\宝峰\唱山歌\、\对\调子\、\唱\花灯\相互\交流\情感\。\人们\汇集\在\这里\也\交易\各种\民俗\小吃\、\民间\工艺品\。\宝峰\山歌\小调\有\多种\固定\的\曲调\如宝峰\调\、\昆阳\调\、\昆明\小调\、\松毛调\、\招亲\调\、\点\荞调\、\大理\调\、\八街\调\、\四季\腔\、\长腔\对口\、\猜调\等\多\采取\对唱\的\形式\偶尔\也\独唱\。\演唱\多为\清唱\间或\也\有\民间\乐器\伴奏\歌词\一般\按\曲调\即兴\发挥\歌者\都\能\出口成章\。\宝峰调子会\上\组织\有\山歌\调子\大赛\为\各地\歌手\提供\了\一个\展示\自我\的\平台\。\通过\山歌\调子\比赛\广大\参赛者\在\继承\传统文化\的\基础\上\摒弃\传统\山歌\、\小调\演唱\中\的\糟粕\更加\注重\歌唱\幸福美好\生活\崇尚\健康\文明\的\生活方式\。\自年\以来\当地\已\连续\举办\多\届\宝峰调子会\共有\来自\贵州\、\四川\及\云南省\各地\州\的\千余名\歌手\参赛\参与\群众\达\数十万\人\宝峰调子会\已\成为\宝峰\的\传统节日\。\宝峰调子会\内容丰富\群众\参与性\强\山歌\调子\特点\鲜明\文化\内容丰富\。\山歌\调子\比赛\培养\了\一批\云南\山歌\小调\民间艺人\为\云南\山歌\小调\的\传承\、\发展\、\传播\、\展示\提供\了\平台\。\年\宝峰调子会\入选\云南省\第三批\省级\非物质文化\遗产\代表性\项目\名录\。\项目\代表性\传承\人\是\许绍光\。,
彝良彝族酒歌,云南省第一批,传统音乐,云南省昭通市彝良县,彝良彝族酒歌演唱主要分龙拱朴阿迈克绿歪三个步骤。龙拱朴意为开城门是请接亲客和过礼时演唱的歌曲。接亲当天娘家歌手先到接亲客住处与婆家歌手对唱问答主要内容是接亲客从哪里来带些什么礼翻了几座山过了几条河等。随后接亲客也到娘家堂屋前对唱唱完即举行过礼仪式。待交礼完毕转入阿迈克在娘家堂屋由娘家歌手和婆家歌手共同组织演唱的双方歌手站成马蹄形边舞边唱内容为新娘的身世和出阁前的离愁别绪教育新娘到婆家后如何为人处世等载歌载舞直到天亮。绿歪即认亲是到达婆家后在堂屋内认亲时演唱。回亲那天送亲的人辞别婆家起身走到半路又假意折返婆家再次敬酒送亲的人一饮而尽起身离去酒礼歌舞到此结束。彝良彝族酒歌用彝语演唱唱词五字一句音韵铿锵。内容包括天文地理、历史传说、劳动生产、婚恋爱情等部分歌词直接表现新娘与亲人间难舍难分的情绪亦有即兴发挥曲调优美动听。演唱酒歌时通常伴有舞蹈或围成圆圈或相对成排舞姿古朴、欢快。年彝良彝族酒歌入选云南省级非物质文化遗产代表性项目名录扩展项目名录。,省级,彝良彝族酒歌\演唱\主要\分龙\拱朴\阿\迈克\绿\歪\三个\步骤\。\龙\拱\朴意\为\开\城门\是\请\接亲\客和过\礼时\演唱\的\歌曲\。\接亲\当天\娘家\歌手\先到\接亲\客\住处\与\婆家\歌手\对唱\问答\主要\内容\是\接亲\客从\哪里\来\带些\什么\礼翻\了\几座\山过\了\几条\河等\。\随后\接亲\客\也\到\娘家\堂屋\前\对\唱唱\完即\举行\过\礼\仪式\。\待交礼\完毕\转入\阿\迈克\在\娘家\堂屋\由\娘家\歌手\和\婆家\歌手\共同\组织\演唱\的\双方\歌手\站成\马蹄形\边舞\边唱\内容\为\新娘\的\身世\和\出阁\前\的\离愁别绪\教育\新娘\到\婆家\后\如何\为人处世\等\载歌载舞\直到\天亮\。\绿歪即\认亲\是\到达\婆家\后\在\堂屋\内\认亲\时\演唱\。\回亲\那天\送亲\的\人\辞别\婆家\起身\走\到\半路\又\假意\折返\婆家\再次\敬酒\送亲\的\人\一饮而尽\起身\离去\酒礼\歌舞\到此结束\。\彝良彝族酒歌\用\彝语\演唱\唱词\五\字\一句\音韵\铿锵\。\内容\包括\天文地理\、\历史\传说\、\劳动\生产\、\婚恋\爱情\等\部分\歌词\直接\表现\新娘\与\亲人\间\难舍难分\的\情绪\亦\有\即兴\发挥\曲调\优美\动听\。\演唱\酒歌\时\通常\伴有\舞蹈\或\围成\圆圈\或\相对\成排\舞姿\古朴\、\欢快\。\年\彝良彝族酒歌\入选\云南\省级\非物质文化\遗产\代表性\项目\名录\扩展\项目\名录\。,彝族
罗平彝族服饰,第四批,民俗,云南省罗平县,彝族戈仆支系主要分布于曲靖市罗平县罗雄镇。清康熙时期《罗平州志》第二卷对彝族服饰有所记载男衣两截衣缠大头跣足佩刀妇人头戴篐手牙圈桶裙长衣。彝族戈仆支系妇女服饰包括帽子、披肩、上衣、裙子、围腰、腰带、飘带、绑腿、鞋子尤以新娘装最具代表性。一套完整的新娘装包括帽子、披肩、上衣、裙子、围裙、腰带、飘带、绑腿、鞋子。其制作通常要经过原材料种植、纺织成布、刺绣成衣三个阶段其制作技艺复杂漫长完成所有工序至少需要二至三年。每个彝族姑娘从小就跟着长辈们学习织布和刺绣到待嫁时就要为自己精心准备一套新娘装这套新娘装在结婚时穿戴婚后重大节日也要穿戴但必须妥善保存去世时用作寿衣或陪葬。彝族戈仆支系服饰质地为手工布服装款式有特色满身刺绣装饰华丽制作精细有审美和欣赏价值。服装图案富含文化信息寓意吉祥保存较为完整的麻布纺织技艺和刺绣技艺有较高的历史和艺术价值。彝族戈仆支系服饰制作技艺历来都由母亲口传心授无文字资料留存且技艺考究受到原料麻线限制成本高耗时长加之受到现代社会发展和多元文化、先进技术的冲击保护传承出现了不容忽视的问题。年罗平彝族服饰入选云南省第四批省级非物质文化遗产代表性项目名录扩展项目名录。项目代表性传承人是韩福秀。,省级,彝族\戈仆\支系\主要\分布\于\曲靖市\罗平县\罗雄镇\。\清康熙\时期\《\罗平\州志\》\第二卷\对\彝族\服饰\有所\记载\男衣\两截\衣缠\大头\跣足\佩刀\妇人\头戴\篐\手\牙\圈\桶裙\长衣\。\彝族\戈仆\支系\妇女\服饰\包括\帽子\、\披肩\、\上衣\、\裙子\、\围腰\、\腰带\、\飘带\、\绑腿\、\鞋子\尤\以\新娘装\最具\代表性\。\一套\完整\的\新娘装\包括\帽子\、\披肩\、\上衣\、\裙子\、\围裙\、\腰带\、\飘带\、\绑腿\、\鞋子\。\其\制作\通常\要\经过\原材料\种植\、\纺织\成布\、\刺绣\成衣\三个\阶段\其\制作\技艺\复杂\漫长\完成\所有\工序\至少\需要\二至\三年\。\每个\彝族\姑娘\从小\就\跟着\长辈\们\学习\织布\和\刺绣\到\待嫁\时\就要\为\自己\精心\准备\一套\新娘装\这套\新娘装\在\结婚\时\穿戴\婚后\重大\节日\也\要\穿戴\但\必须\妥善\保存\去世\时\用作\寿衣\或\陪葬\。\彝族\戈仆\支系\服饰\质地\为\手工\布\服装\款式\有\特色\满身\刺绣\装饰\华丽\制作\精细\有\审美\和\欣赏\价值\。\服装\图案\富含\文化\信息\寓意\吉祥\保存\较为\完整\的\麻布\纺织\技艺\和\刺绣\技艺\有\较\高\的\历史\和\艺术\价值\。\彝族\戈仆\支系\服饰\制作\技艺\历来\都\由\母亲\口传心授\无\文字\资料\留存\且\技艺\考究\受到\原料\麻线\限制\成本高\耗时\长\加之\受到\现代社会\发展\和\多元\文化\、\先进\技术\的\冲击\保护\传承\出现\了\不容忽视\的\问题\。\年\罗平彝族服饰\入选\云南省\第四批\省级\非物质文化\遗产\代表性\项目\名录\扩展\项目\名录\。\项目\代表性\传承\人\是\韩福秀\。,彝族
窨酒制作技艺,第三批,传统技艺,云南省丽江市古城区和玉龙县,丽江窨酒的酿制技艺是丽江纳西先民把传统古法酿酒技艺与中原蒸馏酿制技艺相融合的产物。明代以前纳西族使用的酒是一种用弧形藤管抽取发酵后酿造而成的低度酒被当地人称为村醪或土酿明代以后中原蒸馏酿酒技艺传入纳西族地区当地人把蒸馏酒和村醪进行勾兑经长时间陈酿后形成了独具民族特色的窨酒。窨酒的制作技艺主要包含精选原料、拌曲、糖化、去箱入罐、窨制、抽提、勾调等过程。以上好的大麦、小麦、高粱作为主要原料经脱皮、去糠、初洗、浸泡后开始蒸煮摊晾后加入酒曲进行半年以上的糖化之后用传统藤管抽提出长时间窨制的酒所形成的便是醪糟酒密封埋藏于地下二三十年后再取出一小勺加水勾兑后可以供三至五人食用。窨酒酒色艳如琥珀灿若朝阳不腻不燥甜得清秀甘得醇雅色香味俱佳。含有多种类的果糖、葡萄糖、氨基酸、维生素等是对人体有益的良好酒品在当地认可度高受众面广。窨酒酿制的周期较长生产成本较高无法实现批量生产适应社会的需求亟需加强保护。年窨酒制作技艺入选云南省第三批省级非物质文化遗产代表性项目名录。项目代表性传承人是赵又新、张琪。,省级,丽江\窨\酒\的\酿制\技艺\是\丽江\纳西\先民\把\传统\古法\酿酒\技艺\与\中原\蒸馏\酿制\技艺\相\融合\的\产物\。\明代\以前\纳西族\使用\的\酒\是\一种\用\弧形\藤管\抽取\发酵\后\酿造\而成\的\低度酒\被\当地人\称为\村\醪\或\土酿\明代\以后\中原\蒸馏\酿酒\技艺\传入\纳西族\地区\当地人\把\蒸馏\酒和村\醪\进行\勾兑\经\长时间\陈酿\后\形成\了\独具\民族特色\的\窨\酒\。\窨\酒\的\制作\技艺\主要\包含\精选\原料\、\拌曲\、\糖化\、\去\箱入\罐\、\窨制\、\抽提\、\勾调\等\过程\。\以上\好\的\大麦\、\小麦\、\高粱\作为\主要\原料\经\脱皮\、\去\糠\、\初洗\、\浸泡\后\开始\蒸煮\摊\晾\后\加入\酒曲\进行\半年\以上\的\糖化\之后\用\传统\藤管\抽\提出\长时间\窨\制\的\酒\所\形成\的\便是\醪糟\酒\密封\埋藏\于\地下\二三十年\后\再\取出\一\小勺\加水\勾兑\后\可以\供三至\五人\食用\。\窨\酒\酒色\艳如\琥珀\灿若\朝阳\不腻\不燥\甜得\清秀\甘得\醇雅\色香味\俱佳\。\含有\多\种类\的\果糖\、\葡萄糖\、\氨基酸\、\维生素\等\是\对\人体\有益\的\良好\酒品\在\当地\认可度\高\受众面\广\。\窨\酒\酿制\的\周期\较长\生产成本\较\高\无法\实现\批量生产\适应\社会\的\需求\亟需\加强\保护\。\年\窨酒制作技艺\入选\云南省\第三批\省级\非物质文化\遗产\代表性\项目\名录\。\项目\代表性\传承\人\是\赵\又\新\、\张琪\。,纳西族
彝族开新街,第四批,民俗,峨山县文化馆,开新街即每年春节后的第一个赶集日是玉溪市峨山县彝族的传统节日。开新街的到来才意味着新的一年真正开始待到开新街后人们才下地干活。峨山彝族开新街活动范围主要集中在富良棚乡、塔甸镇、大龙潭乡等彝族聚居的乡镇其中富良棚乡最具代表性。据传说从前当地由于怠慢了龙神致使富良棚坝子干旱缺水所以每逢过年后开的第一个街都要举办盛大隆重的祭龙活动来祈求龙神怜悯期盼雨水充足降临来年才能获得丰收由此演变发展而来形成了当地开新街民俗活动。彝族开新街活动内容丰富。开新街当日清早舞龙师傅率领舞龙队员即开新街舞龙项目的东道主点上三炷香、活捉一只敬献的鸡以及红糖去请龙随后祭拜龙神再次点香杀鸡献神将龙放在神坛上众人磕头祭拜。请龙、祭龙完成后耍龙者将龙请出神坛交给在场一位德高望重的老人耍第一下老人将龙交给舞龙队员才正式开始表演耍龙。午饭之后富良棚耍龙队耍着龙到乡镇牌坊前迎接周边村子及远方村寨前来参加舞龙、花鼓等的表演队寓意主人到村口接客迎接新年的第一批客人来访。之后进行游街表演、老百姓赶集采买热闹非凡。等天色暗下来舞龙队开始拜家。每个家庭由出嫁的女儿出钱请舞龙队到家里拜家寓意驱鬼辟邪、带来新年新气象。拜家结束后还要献龙神将舞龙安放并保管好。在开新街的夜晚彝族青年男女还在街市背后的山头对歌对唱情歌表达思念之情。开新街有明确的代表性传承人主要以家族传承与师徒传承相结合的方式传承。彝族开新街是彝族人民在长期生产生活中积淀的传统风俗通过开新街祈求风调雨顺施行礼孝教育对促进社会和谐有着重要的作用为推动和促进民族地区的经济及社会发展也起到了积极的作用。年彝族开新街入选云南省第四批省级非物质文化遗产代表性项目名录。,省级,开\新街\即\每年\春节\后\的\第一个\赶集\日\是\玉溪市\峨山\县\彝族\的\传统节日\。\开\新街\的\到来\才\意味着\新\的\一年\真正\开始\待\到\开\新街\后\人们\才\下地干活\。\峨山\彝族开新街\活动\范围\主要\集中\在\富良棚\乡\、\塔甸镇\、\大龙潭\乡\等\彝族\聚居\的\乡镇\其中\富良棚\乡\最具\代表性\。\据传说\从前\当地\由于\怠慢\了\龙神\致使\富良棚\坝子\干旱\缺水\所以\每逢\过年\后开\的\第一个\街\都\要\举办\盛大\隆重\的\祭龙\活动\来\祈求\龙神\怜悯\期盼\雨水\充足\降临\来\年\才能\获得\丰收\由此\演变\发展\而\来\形成\了\当地\开\新街\民俗\活动\。\彝族开新街\活动\内容丰富\。\开\新街\当日\清早\舞龙\师傅\率领\舞龙\队员\即开\新街\舞龙\项目\的\东道主\点上\三\炷\香\、\活捉\一只\敬献\的\鸡\以及\红糖\去\请龙\随后\祭拜\龙神\再次\点香\杀鸡\献神\将\龙\放在\神坛\上\众人\磕头\祭拜\。\请龙\、\祭龙\完成\后\耍\龙者\将\龙\请\出\神坛\交给\在场\一位\德高望重\的\老人\耍\第一\下\老人\将龙\交给\舞龙\队员\才\正式\开始\表演\耍龙\。\午饭\之后\富良棚\耍\龙队\耍\着\龙\到\乡镇\牌坊\前\迎接\周边\村子\及\远方\村寨\前来\参加\舞龙\、\花鼓\等\的\表演队\寓意\主人\到\村口\接客\迎接\新年\的\第一批\客人\来访\。\之后\进行\游街\表演\、\老百姓\赶集\采买\热闹非凡\。\等\天色\暗\下来\舞龙队\开始\拜家\。\每个\家庭\由\出嫁\的\女儿\出钱\请\舞龙队\到\家里\拜家\寓意\驱鬼\辟邪\、\带来\新年\新气象\。\拜家\结束\后\还要\献\龙神\将\舞龙\安放\并\保管\好\。\在\开\新街\的\夜晚\彝族\青年\男女\还\在\街市\背后\的\山头\对歌\对唱\情歌\表达\思念\之情\。\开\新街\有\明确\的\代表性\传承\人\主要\以\家族\传承\与\师徒\传承\相结合\的\方式\传承\。\彝族开新街\是\彝族\人民\在\长期\生产\生活\中\积淀\的\传统\风俗\通过\开\新街\祈求\风调雨顺\施行\礼孝\教育\对\促进\社会\和谐\有着\重要\的\作用\为\推动\和\促进\民族\地区\的\经济\及\社会发展\也\起到\了\积极\的\作用\。\年\彝族开新街\入选\云南省\第四批\省级\非物质文化\遗产\代表性\项目\名录\。,彝族
傣族民歌,第三批,传统音乐,金平县文化馆,生活在金平县勐拉、金水河、者米、老勐等乡镇的傣族又称白傣傣族民歌是当地节日庆典、祭拜神灵、玩场恋爱、婚姻嫁娶、丧葬祭祀、喝酒划拳、婴儿催眠、孩童嬉戏、娱乐舞蹈时所唱调子的总称。民歌是傣族社会生活中不可缺少的重要组成部分活跃在当地傣族生产生活及民俗活动中歌曲种类繁多演唱内容十分丰富。欢庆节日要歌舞庆贺唱跳磨哈即舞蹈歌这是傣族民歌中最精彩和最富特色的部分一歌一舞曲调不同舞步相异。谈情说爱要唱哈抱哨即情歌嫁姑娘要唱哈鲁奔即教嫁歌宴请亲朋要唱哈京涝即酒歌儿童玩耍游戏要唱庄刻莱即儿歌人死要唱哭丧调举行葬礼贝玛要唱刻走即指路经等。白傣民歌唱词全用傣语演唱内容涵盖精神生活、物质生产的方方面面有天地万物、人类繁衍、神话传说、民族迁徙、歌舞起源、爱情故事、农耕节令等。音乐形态在音阶、调式、旋律、节奏、节拍、结构、演唱形式、演唱方法、多声构成、复调色彩、乐器伴奏等方面都独具地方特色整个曲调缠绵委婉旋律悠扬舒缓体现了白傣先民非凡的音乐创造才能。年傣族民歌入选云南省第三批省级非物质文化遗产代表性项目名录。代表性传承人是罗素英。,省级,生活\在\金平\县\勐\拉\、\金水河\、\者\米\、\老勐\等\乡镇\的\傣族\又称\白\傣\傣族民歌\是\当地\节日\庆典\、\祭拜\神灵\、\玩场\恋爱\、\婚姻\嫁娶\、\丧葬\祭祀\、\喝酒\划拳\、\婴儿\催眠\、\孩童\嬉戏\、\娱乐\舞蹈\时所唱\调子\的\总称\。\民歌\是\傣族\社会生活\中\不可\缺少\的\重要\组成部分\活跃\在\当地\傣族\生产\生活\及\民俗\活动\中\歌曲\种类\繁多\演唱\内容\十分\丰富\。\欢庆\节日\要\歌舞\庆贺\唱\跳\磨哈即\舞蹈\歌\这\是\傣族民歌\中\最\精彩\和\最富\特色\的\部分\一歌\一舞\曲调\不同\舞步\相异\。\谈情说爱\要\唱\哈抱\哨\即\情歌\嫁\姑娘\要\唱\哈鲁奔\即\教嫁\歌\宴请\亲朋\要\唱\哈京涝\即\酒歌\儿童\玩耍\游戏\要\唱\庄刻\莱\即\儿歌\人死\要\唱\哭丧\调\举行\葬礼\贝玛\要唱刻\走\即\指路\经等\。\白\傣\民歌\唱词\全用\傣语\演唱\内容\涵盖\精神\生活\、\物质\生产\的\方方面面\有\天地万物\、\人类\繁衍\、\神话传说\、\民族迁徙\、\歌舞\起源\、\爱情故事\、\农耕\节令\等\。\音乐\形态\在\音阶\、\调式\、\旋律\、\节奏\、\节拍\、\结构\、\演唱\形式\、\演唱\方法\、\多\声\构成\、\复调\色彩\、\乐器\伴奏\等\方面\都\独具\地方\特色\整个\曲调\缠绵\委婉\旋律\悠扬\舒缓\体现\了\白\傣\先民\非凡\的\音乐\创造才能\。\年\傣族民歌\入选\云南省\第三批\省级\非物质文化\遗产\代表性\项目\名录\。\代表性\传承\人\是\罗素\英\。,傣族
桑蚕丝织造技艺,云南省第四批,,云南省曲靖市陆良县,据《陆良县志》记载陆良桑蚕业始于清末民国初年成立指导栽桑养蚕的劝业所、实业团和桑学堂称为乙种农业学堂并在县城城墙外沿四周栽桑树教习种桑养蚕。桑蚕丝织造技艺分为种桑、养蚕、蚕丝加工、蚕丝织造四个部分。一是种桑包括挖定沟、施底肥、桑苗选择、定值管理、桑叶采摘等工序。二是养蚕包括补催青育苗、收蚁、小蚕饲养、大蚕饲养、上簇结茧、适时采茧等工序。三是蚕丝加工包括蚕茧烘烤、剥选茧、煮茧、缫丝、复摇、整理、检验等工序。四是蚕丝织造。选用优质蚕茧原料要茧形大、茧色白、茧丝长单茧丝长达米左右蚕丝柔韧性要好在织造中不起毛不易断头。经过蒸煮、脱脂、绷绵、晾绵绷扯成薄如纸的绵絮再将绵絮均匀地层层铺叠通过揉捻、打结制成厚薄均匀的蚕丝被芯套上胎套制作成型。桑蚕丝制品有蚕丝被、丝绵马甲、丝绵衣等。桑蚕丝制品蓬松轻柔贴身保暖透气保健声誉优良畅销国内外深受用户青睐。陆良年产蚕茧上万担年全县从事蚕桑生产的人口超过万收入亿元。年月陆良获得中国优质茧丝生产基地称号。桑蚕丝生产技艺通过社会和家庭的传承方式世代相传是农耕文明的鲜活样本具有一定的历史文化价值和经济价值。年桑蚕丝织造技艺入选云南省第四批省级非物质文化遗产代表性项目名录。项目代表性传承人是陈华明。,省级,据\《\陆良县\志\》\记载\陆良\桑蚕\业\始于\清末\民国初年\成立\指导\栽\桑养蚕\的\劝业\所\、\实业\团和桑\学堂\称为\乙种\农业\学堂\并\在\县城\城墙\外沿\四周\栽\桑树\教习\种桑养蚕\。\桑蚕丝织造技艺\分为\种桑\、\养蚕\、\蚕丝\加工\、\蚕丝\织造\四个\部分\。\一是\种桑\包括\挖定\沟\、\施\底肥\、\桑苗\选择\、\定值\管理\、\桑叶\采摘\等\工序\。\二是\养蚕\包括\补\催青\育苗\、\收蚁\、\小蚕\饲养\、\大蚕\饲养\、\上簇\结茧\、\适时\采茧\等\工序\。\三是\蚕丝\加工\包括\蚕茧\烘烤\、\剥选茧\、\煮\茧\、\缫丝\、\复摇\、\整理\、\检验\等\工序\。\四是\蚕丝\织造\。\选用\优质\蚕茧\原料\要\茧\形大\、\茧色\白\、\茧丝\长单\茧丝\长\达\米左右\蚕丝\柔韧性\要\好\在\织造\中\不\起毛\不易\断头\。\经过\蒸煮\、\脱脂\、\绷绵\、\晾绵\绷\扯成\薄如纸\的\绵絮\再\将\绵絮\均匀\地\层层\铺叠\通过\揉\捻\、\打结\制成\厚薄\均匀\的\蚕丝被\芯套\上\胎套\制作\成型\。\桑蚕丝\制品\有\蚕丝被\、\丝绵\马甲\、\丝绵\衣等\。\桑蚕丝\制品\蓬松\轻柔\贴身\保暖\透气\保健\声誉\优良\畅销\国内外\深受\用户\青睐\。\陆良\年产\蚕茧\上\万担\年\全县\从事\蚕桑\生产\的\人口\超过\万\收入\亿元\。\年\月\陆良\获得\中国\优质\茧丝\生产\基地\称号\。\桑蚕丝\生产\技艺\通过\社会\和\家庭\的\传承\方式\世代相传\是\农耕\文明\的\鲜活\样本\具有\一定\的\历史\文化价值\和\经济\价值\。\年\桑蚕丝织造技艺\入选\云南省\第四批\省级\非物质文化\遗产\代表性\项目\名录\。\项目\代表性\传承\人\是\陈\华明\。,
瑶族医学诊疗法,第三批,传统医药,云南省红河州金平县文化馆,瑶族医学诊疗法是经验医学。瑶医认为盈满溢病相反亏虚损病。这一理论认为人体是个统一的整体它不但要求人体自身各腑脏之间的盈亏平衡亦要求人体与周围环境的相互平衡。瑶医治病的目的就是通过各种药物及非药物的方法促进人体自身各腑脏之间的盈亏平衡及人体与周围环境的平衡。他们采用望、闻、问、触的方法而重于问。瑶药治病几乎涉及所有的治疗方面治疗方法丰富多彩、千奇百怪主要有内治法、药膳疗法、外治法。除药物外敷外还有药浴疗法、烧炙法、推拿法等。药浴疗法是最常见也是最古老、应用最广泛的治疗方法。瑶医根据药物的形态、性味功能及临床应用特点对传统药物进行了分类普遍将常用药物分为虎、牛、钻、风四类。金平瑶族传统瑶药的品种达种。瑶医采药不采根需要用根的药则采用老根、留新根采药的部位随季节、气候的不同而不同用多少、采多少。临床用药的时候根据不同的疾病同时结合患者的性别、年龄、体质等情况多种药物配合使用。个性特征突出、地域特色浓厚的金平瑶药丰富了中国少数民族医药文化宝库其丰富的内涵对于当地少数民族文化的认同维护民族团结构建和谐社会起到了重要的积极作用。瑶药知识全靠从医者以口传心记、指物传承、亲教秘传的形式传承在采药与治病的实践过程中逐渐掌握各种草药的名称、形态、功用学习各种配方的使用方法以家传为主要的传承方式。由于外来医疗技术不断向瑶族地区渗透瑶药文化深受西医、中医及其他民族医药的影响传统瑶药面临后继无人、传承困难的危机。年瑶族医学诊疗法入选云南省第三批省级非物质文化遗产代表性项目名录。项目代表性传承人是李成旺。,省级,瑶族医学诊疗法\是\经验\医学\。\瑶医\认为\盈满\溢病\相反\亏\虚损\病\。\这一\理论\认为\人体\是\个\统一\的\整体\它\不但\要求\人体\自身\各腑脏\之间\的\盈亏\平衡\亦\要求\人体\与\周围环境\的\相互\平衡\。\瑶\医治\病\的\目的\就是\通过\各种\药物\及\非\药物\的\方法\促进\人体\自身\各腑脏\之间\的\盈亏\平衡\及\人体\与\周围环境\的\平衡\。\他们\采用\望\、\闻\、\问\、\触\的\方法\而\重于\问\。\瑶药\治病\几乎\涉及\所有\的\治疗\方面\治疗\方法\丰富多彩\、\千奇百怪\主要\有\内\治法\、\药膳\疗法\、\外治法\。\除\药物\外敷\外\还有\药浴\疗法\、\烧炙法\、\推拿法\等\。\药浴\疗法\是\最\常见\也\是\最\古老\、\应用\最\广泛\的\治疗\方法\。\瑶医\根据\药物\的\形态\、\性味\功能\及\临床\应用\特点\对\传统\药物\进行\了\分类\普遍\将\常用\药物\分为\虎\、\牛\、\钻\、\风\四类\。\金平\瑶族\传统\瑶药\的\品种\达种\。\瑶医\采药\不\采根\需要\用根\的\药则\采用\老根\、\留新根\采药\的\部位\随\季节\、\气候\的\不同\而\不同\用\多少\、\采\多少\。\临床\用药\的\时候\根据\不同\的\疾病\同时\结合\患者\的\性别\、\年龄\、\体质\等\情况\多种\药物\配合\使用\。\个性特征\突出\、\地域\特色\浓厚\的\金平\瑶药\丰富\了\中国\少数民族\医药\文化\宝库\其\丰富\的\内涵\对于\当地\少数民族\文化\的\认同\维护\民族团结\构建\和谐社会\起到\了\重要\的\积极\作用\。\瑶药\知识\全靠\从\医者\以\口传\心记\、\指物\传承\、\亲教\秘传\的\形式\传承\在\采药\与\治病\的\实践\过程\中\逐渐\掌握\各种\草药\的\名称\、\形态\、\功用\学习\各种\配方\的\使用\方法\以\家传\为\主要\的\传承\方式\。\由于\外来\医疗\技术\不断\向\瑶族\地区\渗透\瑶药\文化\深受\西医\、\中医\及其\他\民族\医药\的\影响\传统\瑶药\面临\后继无人\、\传承\困难\的\危机\。\年\瑶族医学诊疗法\入选\云南省\第三批\省级\非物质文化\遗产\代表性\项目\名录\。\项目\代表性\传承\人\是\李成\旺\。,瑶族
创世史诗《开奔勒笃六祖古歌》,第三批,民间文学,南华县文化馆,开奔勒笃汉语意为分支的源头。六祖分支是彝族史上的大事。除少量彝文典籍的记载外尚未发现其他证据。楚雄州南华县山区保存了这部古老的祭祀文学。史诗的主要内容是彝族的祖先阿普笃慕娶三妻、生六子生活在长满马缨花树的一座被称为洛尼白的高山上。阿普笃慕房子前边就长着一棵三人合抱的大马缨花树可这棵马缨花树从来没有开过花。阿普笃慕儿孙满堂吃饭时把整个屋子都坐满了但总是舍不得让六个兄弟分开居住。每当儿孙们问阿普笃慕何时分家时阿普笃慕只说等房前的大树开花就分家。有一年农历二月初八日早上阿普笃慕的一对孙男孙女在大马缨花树下玩耍忽然看见千年未曾开过花的大树竞开满了火红的马缨花。孙子孙女急忙跑去告诉了爷爷。阿普笃慕出门一看树上果真开满了花意识到这是天意于是叫来六个儿子坐在树下共同商议分家事宜。征得六兄弟同意后阿普笃慕就树下摆起祭坛兄弟六人杀了一条牛祭祀马缨花神然后分道扬镳各自安家。以后每年农历的二月初八日才回到故里相聚一次举行祭祀活动唱诵《开奔勒笃》。至今每年农历二月初八南华依黑么村自称罗罗颇的彝族都会举行六祖分支的祭祀庆典。一人扮阿普笃慕三女扮笃慕妻六男扮六祖六女扮六祖妻三对童男童女扮孙子孙女。十八人拿着生活器具边唱边敲用舞蹈表演六祖分支用古彝语唱树大分枝人多分家的古歌。年创世史诗《开奔勒笃六祖古歌》入选云南省第三批省级非物质文化遗产代表性项目名录。代表性传承人有鲁翠英、朱成功等。民族乐队笃慕为六祖分发工具,省级,开奔勒\笃\汉语\意\为\分支\的\源头\。\六祖\分支\是\彝族\史上\的\大事\。\除\少量\彝文\典籍\的\记载\外\尚未\发现\其他\证据\。\楚雄州\南华县\山区\保存\了\这部\古老\的\祭祀\文学\。\史诗\的\主要\内容\是\彝族\的\祖先\阿普笃慕\娶\三妻\、\生六子\生活\在\长满\马缨花\树\的\一座\被\称为\洛尼\白\的\高山\上\。\阿普笃慕\房子\前边\就\长\着\一棵\三人\合抱\的\大\马缨花\树可\这棵\马缨花\树\从来\没有\开过\花\。\阿普笃慕\儿孙满堂\吃饭\时\把\整个\屋子\都\坐满\了\但\总是\舍不得\让\六个\兄弟\分开\居住\。\每当\儿孙\们\问\阿普笃慕\何时\分家\时\阿普笃慕\只\说\等\房前\的\大树\开花\就\分家\。\有\一年\农历\二月\初八\日\早上\阿普笃慕\的\一对\孙男\孙女\在\大\马缨花\树\下\玩耍\忽然\看见\千年\未曾\开过\花\的\大树\竞开\满\了\火红\的\马缨花\。\孙子\孙女\急忙\跑\去\告诉\了\爷爷\。\阿普笃慕\出门\一看\树上\果真\开满\了\花\意识\到\这\是\天意\于是\叫\来\六个\儿子\坐在\树\下\共同\商议\分家\事宜\。\征得\六\兄弟\同意\后\阿普笃慕\就\树\下摆\起\祭坛\兄弟\六人\杀\了\一条\牛\祭祀\马缨花\神\然后\分道扬镳\各自\安家\。\以后\每年\农历\的\二月\初八\日才\回到\故里\相聚\一次\举行\祭祀\活动\唱诵\《\开奔勒\笃\》\。\至今\每年\农历\二月\初八\南华\依黑\么\村\自称\罗罗\颇\的\彝族\都\会\举行\六祖\分支\的\祭祀\庆典\。\一人扮\阿普笃\慕三女\扮\笃\慕妻\六\男扮\六祖\六女\扮\六祖\妻三对\童男童女\扮\孙子\孙女\。\十八\人\拿\着\生活\器具\边唱边\敲用\舞蹈\表演\六祖\分支\用古\彝语\唱树大\分枝\人多\分家\的\古歌\。\年\创世\史诗\《\开奔勒\笃\六祖\古歌\》\入选\云南省\第三批\省级\非物质文化\遗产\代表性\项目\名录\。\代表性\传承\人有\鲁翠英\、\朱\成功\等\。\民族\乐队\笃\慕为\六祖\分发\工具,彝族
剥隘七醋制作技艺,第三批,传统技艺,云南省富宁县,据当地文献记载剥隘七醋制醋技艺由广州地区传入经百余年传承发展成为云南著名的老字号品牌。剥隘七醋是以当地优质糯米和剥隘小河的河水为主要制作原料每年的至月当地气温在左右是最佳的制醋时间。糯米经过天浸泡后沥干上笼蒸分钟加水稀释、降温再加入酒曲搅拌均匀装缸时将蒸熟降温的糯米饭装到容量四五百斤的陶缸中入缸发酵天待饭粒上浮后再加水稀释和浸泡直到酸味溢出即可其酸度的值一般控制在随后把各坛酿出的醋倒出并混合再注入铁锅中煮分钟使温度达到便可高温灭菌又能防止醋再度酸化最后煮好的醋还需经天的过滤沉淀直到醋水变成棕红色再放入红糖、食盐、草果、八角等再次煮沸取出过滤后才能成为成品。由于受外来液态酿制造技艺的冲击加上生产原料受到污染醋的产量无法大幅提升亟待保护。年剥隘七醋制作技艺入选云南省第三批省级非物质文化遗产代表性项目名录。项目代表性传承人是罗永常、代云至。,省级,据\当地\文献\记载\剥隘\七醋\制醋\技艺\由\广州地区\传入\经\百余年\传承\发展\成为\云南\著名\的\老字号\品牌\。\剥隘\七\醋\是\以\当地\优质\糯米\和\剥隘\小河\的\河水\为\主要\制作\原料\每年\的\至\月\当地\气温\在\左右\是\最佳\的\制醋\时间\。\糯米\经过\天\浸泡\后沥干\上\笼蒸\分钟\加水\稀释\、\降温\再\加入\酒曲\搅拌\均匀\装缸\时\将\蒸熟\降温\的\糯米饭\装\到\容量\四五百斤\的\陶缸\中入\缸\发酵\天待\饭粒\上浮\后\再\加水\稀释\和\浸泡\直到\酸味\溢出\即可\其\酸度\的\值\一般\控制\在\随后\把\各坛\酿出\的\醋\倒\出\并\混合\再\注入\铁锅\中\煮\分钟\使\温度\达到\便\可\高温\灭菌\又\能\防止\醋\再度\酸化\最后\煮\好\的\醋\还\需经天\的\过滤\沉淀\直到\醋水\变成\棕红色\再\放入\红糖\、\食盐\、\草果\、\八角\等\再次\煮沸\取出\过滤\后\才能\成为\成品\。\由于\受\外来\液态\酿\制造\技艺\的\冲击\加上\生产\原料\受到\污染\醋\的\产量\无法\大幅\提升\亟待\保护\。\年\剥隘七醋制作技艺\入选\云南省\第三批\省级\非物质文化\遗产\代表性\项目\名录\。\项目\代表性\传承\人\是\罗永常\、\代云至\。,
华宁陶器制作技艺,云南省第三批,传统技艺,云南省华宁县,华宁陶器古称宁州陶据《重建慈云寺功德碑》记载明代洪武年间有来自江西景德镇的车姓窑工在该地定居并从事窑业生产传承至今已有多年。华宁陶广泛运用于社会、生活的方方面面。华宁陶器制作工艺精湛器质细腻釉色斑斓温润如玉。华宁陶器制作工艺有五个流程取土炼泥、拉坯成型、配釉施釉、入窑装烧、出窑挑选。产品有生活陶器、工艺陶器、宗教陶器、建筑陶器等余种。华宁陶的精华在于神秘的釉配方在陶瓷的表面形成一层稳定的保护层增强了器物的硬度使器物不易散热同时便于清洗保洁。采用不同原料的釉就可以烧制出五光十色的器物向人们展示美不胜收的色彩世界。华宁陶追求平衡、对称、和谐、连贯合乎中庸之道表现出我国传统的文化心理和民族精神。年华宁陶器制作技艺入选云南省级非物质文化遗产代表性项目名录扩展项目名录。项目代表性传承人是李自轩。,省级,华宁\陶器\古称\宁州\陶据\《\重建\慈云寺\功德碑\》\记载\明代\洪武\年间\有\来自\江西\景德镇\的\车姓\窑工\在\该地\定居\并\从事\窑业\生产\传承\至今已有\多年\。\华宁\陶\广泛\运用\于\社会\、\生活\的\方方面面\。\华宁\陶器\制作\工艺\精湛\器质\细腻\釉色\斑斓\温润\如玉\。\华宁\陶器\制作\工艺\有\五个\流程\取土\炼泥\、\拉坯\成型\、\配釉施\釉\、\入窑\装烧\、\出窑\挑选\。\产品\有\生活\陶器\、\工艺\陶器\、\宗教\陶器\、\建筑\陶器\等\余种\。\华宁\陶\的\精华\在于\神秘\的\釉\配方\在\陶瓷\的\表面\形成\一层\稳定\的\保护层\增强\了\器物\的\硬度\使\器物\不易\散热\同时\便于\清洗\保洁\。\采用\不同\原料\的\釉\就\可以\烧制\出\五光十色\的\器物\向\人们\展示\美不胜收\的\色彩\世界\。\华宁\陶\追求\平衡\、\对称\、\和谐\、\连贯\合乎\中庸之道\表现\出\我国\传统\的\文化\心理\和\民族\精神\。\年\华宁陶器制作技艺\入选\云南\省级\非物质文化\遗产\代表性\项目\名录\扩展\项目\名录\。\项目\代表性\传承\人\是\李自轩\。,
民生堂传统骨伤疗法,第四批,传统医药,施甸民生堂诊所,施甸民生堂是一家历经七代用祖传中草药秘方医治骨伤的诊所。始创人是施甸本土医生张国泰他通过向江湖游医刘金标学习和自己不断实践探索研制出一种治疗跌打损伤的中草药。传至第五代弟子张志高时有了质的突破张志高除了对医术有所研究外还练就了一身捏石成粉、分筋挫骨的功夫精通武艺的他对人体经络与骨骼了如指掌结合自家祖传的中医技术在治疗跌打损伤方面取得了进一步的成就著有《中医跌打骨伤秘方》和《武术功法练习》等文集并把治疗跌打损伤的医药秘方命名为铁骨散。铁骨散是用多种中草药研制而成的跌打药通过内服外用具有消肿、化瘀、止痛、接骨的功效。第六代弟子张维贤运用祖传铁骨散结合现代医疗器具医治好骨折、骨髓炎、骨创伤、类风湿、骨质增生等病的患者六万余人解决疑难杂症三百余例名震一方。年民生堂传统骨伤疗法入选云南省第四批省级非物质文化遗产代表性项目名录。代表性传承人是张维贤。,省级,施甸\民生\堂\是\一家\历经\七代\用\祖传\中草药\秘方\医治\骨伤\的\诊所\。\始创\人\是\施甸\本土\医生\张\国泰\他\通过\向\江湖\游医\刘金标\学习\和\自己\不断\实践\探索\研制\出\一种\治疗\跌打损伤\的\中草药\。\传至\第五代\弟子\张志\高时\有\了\质\的\突破\张志高\除了\对\医术\有所\研究\外\还\练就\了\一身\捏\石成粉\、\分筋\挫骨\的\功夫\精通\武艺\的\他\对\人体\经络\与\骨骼\了如指掌\结合\自家\祖传\的\中医\技术\在\治疗\跌打损伤\方面\取得\了\进一步\的\成就\著\有\《\中医\跌打\骨伤\秘方\》\和\《\武术\功法\练习\》\等\文集\并\把\治疗\跌打损伤\的\医药\秘方\命名\为\铁骨\散\。\铁骨\散\是\用\多种\中草药\研制\而成\的\跌打\药\通过\内服\外用\具有\消肿\、\化瘀\、\止痛\、\接骨\的\功效\。\第六代\弟子\张维贤\运用\祖传\铁骨\散\结合\现代\医疗\器具\医治\好\骨折\、\骨髓炎\、\骨\创伤\、\类风湿\、\骨质增生\等\病\的\患者\六万余\人\解决\疑难杂症\三百余\例名\震\一方\。\年\民生\堂\传统\骨伤\疗法\入选\云南省\第四批\省级\非物质文化\遗产\代表性\项目\名录\。\代表性\传承\人\是\张维贤\。,
瓦器器舞,第三批,传统舞蹈,云南省迪庆州维西县文化馆,瓦器器舞是傈僳族集歌、舞、乐为一体的传统舞蹈形式表现了傈僳族传统文化的丰富内涵每一段跳法都与傈僳族神话传说有关从舞蹈传说便可考知傈僳族姓氏的由来。瓦器器舞属大众舞蹈具有广泛的群众基础男女老少皆可参加每逢节日庆典、讨亲嫁女、起房盖屋都会进行众人围成一个圆形或手拉手排成一行或面对面排成数行随伴奏的旋律来进行舞蹈。瓦器器舞动作多以跺、踢、踏为主由笛子、四弦琵琶、葫芦笙、口弦等传统民间器乐进行伴奏脚步变换表现为个节拍舞蹈动作由少变多从简单到复杂曲调热烈奔放节奏鲜明强烈舞步粗犷豪放舞者以脚步动作的变换带动全身起伏扭动时而缓慢柔和时而矫健有力中间穿插互牵双手、互撞臀部来插科打诨的互动环节表现出傈僳族团结、勤劳、乐观向上的精神。瓦器器舞具有鲜明的民族特性和地方特色具有较强的艺术性和观赏性反映了傈僳族的发展历程。但随着掌握傈僳族瓦器器技艺的老艺人相继去世掌握该舞的民间艺人越来越少。年瓦器器舞入选云南省第三批省级非物质文化遗产代表性项目名录。项目代表性传承人是余春海、余永华、李琥。,省级,瓦器器舞\是\傈僳族\集歌\、\舞\、\乐为\一体\的\传统\舞蹈形式\表现\了\傈僳族\传统文化\的\丰富\内涵\每\一段\跳法\都\与\傈僳族\神话传说\有关\从\舞蹈\传说\便\可\考知\傈僳族\姓氏\的\由\来\。\瓦器器舞\属\大众\舞蹈\具有\广泛\的\群众\基础\男女老少\皆\可\参加\每逢\节日\庆典\、\讨亲\嫁女\、\起\房盖\屋都会\进行\众人\围成\一个\圆形\或\手拉手\排成\一行\或\面对面\排成\数行\随\伴奏\的\旋律\来\进行\舞蹈\。\瓦器器舞\动作\多以\跺\、\踢\、\踏\为主\由\笛子\、\四弦\琵琶\、\葫芦\笙\、\口弦\等\传统\民间\器乐\进行\伴奏\脚步\变换\表现\为个\节拍\舞蹈动作\由少\变多\从\简单\到\复杂\曲调\热烈奔放\节奏\鲜明\强烈\舞步\粗犷\豪放\舞者\以\脚步\动作\的\变换\带动\全身\起伏\扭动\时而\缓慢\柔和\时而\矫健\有力\中间\穿插\互牵\双手\、\互撞\臀部\来\插科打诨\的\互动\环节\表现\出\傈僳族\团结\、\勤劳\、\乐观\向上\的\精神\。\瓦器器舞\具有\鲜明\的\民族\特性\和\地方\特色\具有\较强\的\艺术性\和\观赏性\反映\了\傈僳族\的\发展\历程\。\但\随着\掌握\傈僳族\瓦器\器\技艺\的\老\艺人\相继\去世\掌握\该舞\的\民间艺人\越来越少\。\年\瓦器器舞\入选\云南省\第三批\省级\非物质文化\遗产\代表性\项目\名录\。\项目\代表性\传承\人\是\余春海\、\余\永华\、\李琥\。,傈僳族
曲靖滇剧,第三批,传统戏剧,曲靖市滇剧花灯剧非物质文化遗产保护传承展演中心,明朝屯兵曲靖并调来大批移民内地各剧种随之迁移而来。明景泰五年嵩明人兰茂写出二十折传奇剧本《性天风月通玄记》这是曲靖市历史上出现最早的戏曲剧本。曲靖滇剧是清代中期形成的一种地方戏曲以曲靖方言为基础将明代以来形成的本地声腔、民族曲调与当时国内各主要剧种特长融合而成。曲靖滇剧声腔属板腔体唱词以七言、十言为基本句式亦有各种变体并按尾字平仄、偶句押脚韵的规律形成严格上下句式。其常用韵分十三辙按韵母顺序即抓麻、果河、提携、糊涂、开怀、灰堆、嚎啕、喉头、叠雪、天仙、青城、螳螂和空同另有一儿韵因用处较少俗称窄韵或半韵。这些曲调抑扬顿挫既善叙事又善抒情具有很强的艺术表现力和感染力。流传下来的常演剧目有《爨碑残梦》《四下河南》《劈山救母》《铡美案》《金沙江畔》《十五贯》等数十折。曲靖历史上有科联班、泰昌班、义和班等戏班。中华人民共和国成立后在剧目创作上形成了独有的艺术性屡获嘉奖。在老一辈滇剧艺人的传帮带下培养造就了罗远书、敬学琼、石勇、杨美凤等代表性艺术人才。年麒麟区滇剧入选云南省第三批省级非物质文化遗产代表性项目名录扩展项目名录。,省级,明朝\屯兵\曲靖\并\调来\大批\移民\内地\各\剧种\随之\迁移\而\来\。\明景泰\五年\嵩明\人兰茂\写出\二十\折\传奇\剧本\《\性天\风月\通玄记\》\这是\曲靖市\历史\上\出现\最早\的\戏曲\剧本\。\曲靖滇剧\是\清代\中期\形成\的\一种\地方\戏曲\以\曲靖\方言\为\基础\将\明代\以来\形成\的\本地\声腔\、\民族\曲调\与\当时\国内\各\主要\剧种\特长\融合\而成\。\曲靖滇剧\声腔\属\板腔体\唱词\以\七言\、\十言为\基本\句式\亦\有\各种\变体\并\按尾字\平仄\、\偶句\押\脚韵\的\规律\形成\严格\上下\句式\。\其\常用\韵分\十三辙\按\韵母\顺序\即\抓麻\、\果河\、\提携\、\糊涂\、\开怀\、\灰堆\、\嚎啕\、\喉头\、\叠雪\、\天仙\、\青城\、\螳螂\和\空同\另\有\一儿\韵\因\用处\较\少\俗称\窄\韵\或\半韵\。\这些\曲调\抑扬顿挫\既善\叙事\又\善\抒情\具有\很强\的\艺术\表现力\和\感染力\。\流传\下来\的\常演\剧目\有\《\爨\碑\残梦\》\《\四下\河南\》\《\劈山\救母\》\《\铡\美案\》\《\金沙江畔\》\《\十五贯\》\等\数十\折\。\曲靖\历史\上\有\科联\班\、\泰昌\班\、\义和\班\等\戏班\。\中华人民共和国\成立\后\在\剧目\创作\上\形成\了\独有\的\艺术性\屡获\嘉奖\。\在\老一辈\滇剧\艺人\的\传帮带\下\培养\造就\了\罗远书\、\敬学琼\、\石勇\、\杨\美凤\等\代表性\艺术\人才\。\年\麒麟区\滇剧\入选\云南省\第三批\省级\非物质文化\遗产\代表性\项目\名录\扩展\项目\名录\。,
保山洞经音乐,第四批,传统音乐,保山市文化馆,洞经音乐是保山传统文化中十分珍贵的一部分主要流传于保山市隆阳区、施甸县、腾冲市、昌宁县等地区其历史悠久分布广泛。保山洞经音乐是宗教音乐、宫廷音乐、民间音乐相互吸收、交融、演变发展而成的组曲式音乐集唱、诵、念、奏于一体具有古朴、典雅、精深的特点。洞经音乐曲牌分经曲经谱和乐曲乐谱两类。经曲是唱诵经文的乐曲又唱又奏有《锁南枝》《鹧鸪飞》《云鹤词》等。乐曲是只奏不唱的曲子有《水龙吟》《山坡羊》等。除了经曲和乐曲之外还有较为丰富的打击乐曲牌如《顺水鱼》《长套》《朝礼钹》等。保山洞经乐队席位分左岸和右岸有大木鱼、大鼓、大钹、葫芦琴保山特有的乐器、胡琴等乐器。乐队基本编制人规模大时可灵活掌握增加乐器。若有上百人参加演奏其场面更为壮观。无论乐队大小大木鱼始终是乐队的指挥掌握乐队的起落行止以及音乐节奏。保山洞经所开展的具有公益性、服务性、娱乐性与群众性特点的谈经活动为稳定社会、净化人心、娱乐大众、传播文明产生了积极作用在当地有重要的影响力。年保山洞经音乐入选云南省第四批省级非物质文化遗产代表性项目名录扩展项目名录。项目代表性传承人是钏启翔、王文荣。,省级,洞经音乐\是\保山\传统文化\中\十分\珍贵\的\一部分\主要\流传\于\保山市\隆阳区\、\施甸县\、\腾冲\市\、\昌宁县\等\地区\其\历史悠久\分布\广泛\。\保山洞经音乐\是\宗教音乐\、\宫廷\音乐\、\民间\音乐\相互\吸收\、\交融\、\演变\发展\而成\的\组曲\式\音乐\集唱\、\诵\、\念\、\奏\于\一体\具有\古朴\、\典雅\、\精深\的\特点\。\洞经音乐\曲牌\分\经曲\经谱\和\乐曲\乐谱\两类\。\经曲\是\唱\诵经\文\的\乐曲\又\唱\又\奏\有\《\锁南枝\》\《\鹧鸪\飞\》\《\云鹤词\》\等\。\乐曲\是\只\奏\不\唱\的\曲子\有\《\水龙吟\》\《\山坡羊\》\等\。\除了\经曲\和\乐曲\之外\还有\较为\丰富\的\打击乐\曲牌\如\《\顺水\鱼\》\《\长套\》\《\朝礼\钹\》\等\。\保\山洞\经\乐队\席位\分\左岸\和\右岸\有大\木鱼\、\大鼓\、\大钹\、\葫芦\琴\保山\特有\的\乐器\、\胡琴\等\乐器\。\乐队\基本\编制\人\规模\大时\可\灵活\掌握\增加\乐器\。\若有\上百人\参加\演奏\其\场面\更为\壮观\。\无论\乐队\大小\大\木鱼\始终\是\乐队\的\指挥\掌握\乐队\的\起落\行止\以及\音乐\节奏\。\保\山洞\经所\开展\的\具有\公益性\、\服务性\、\娱乐性\与\群众性\特点\的\谈经\活动\为\稳定\社会\、\净化\人心\、\娱乐\大众\、\传播\文明\产生\了\积极\作用\在\当地\有\重要\的\影响力\。\年\保山洞经音乐\入选\云南省\第四批\省级\非物质文化\遗产\代表性\项目\名录\扩展\项目\名录\。\项目\代表性\传承\人\是\钏\启翔\、\王文荣\。,
禄丰醋制作技艺,第三批,传统技艺,云南省禄丰县,禄丰醋早在明代中叶便已经出现至明晚期已成为朝廷供品迄今已有近年的历史。传统的禄丰醋选料精良采用禄丰东河大米糯米中的矮珍珠为主料并配以黄土高原的高粱作为辅料发酵时能产生特殊的芳香酊因此禄丰醋能散发出特殊的异香。现在的原料依旧以禄丰东河大米糯米为主但搭配缅甸高粱和麦麸。整个生产流程包括选料、浸泡、蒸煮、发酵加入酵母、淋醅、装罐陈酿灭菌、化验、装瓶、成品入库等环节。其方法在于把糯米蒸熟后加入糖化菌酒药进行发酵变为成熟的酒醪之后加入成熟的醋酸菌一起制醅待醋酸发酵达到高潮形成成熟的醋醅即陈酿醋醅最后取陈酿结束的醋醅置于淋醋池中加水进行三次淋醋处理将头醋汁澄清后加热煮沸即可得到成品香醋。禄丰醋含有种氨基酸、有机酸、维生素、矿物质和糖分等物质具有味香色浓、酸中带甜、回味绵长的特点。禄丰醋以双梅牌最具代表性产品连续年质冠海外。但因其配方独特传统工艺要求严格且传统制作方法时间长成本较高在市场经济竞争中处劣势亟待保护。年禄丰醋制作技艺入选云南省第三批省级非物质文化遗产代表性项目名录。项目代表性传承人是杨爱萍。,省级,禄丰\醋\早\在\明代\中叶\便\已经\出现\至明\晚期\已\成为\朝廷\供品\迄今已有\近年\的\历史\。\传统\的\禄丰\醋\选料\精良\采用\禄丰\东河\大米\糯米\中\的\矮\珍珠\为\主料\并\配以\黄土高原\的\高粱\作为\辅料\发酵\时能\产生\特殊\的\芳香\酊\因此\禄丰\醋\能\散发出\特殊\的\异香\。\现在\的\原料\依旧\以\禄丰\东河\大米\糯米\为主\但\搭配\缅甸\高粱\和\麦麸\。\整个\生产流程\包括\选料\、\浸泡\、\蒸煮\、\发酵\加入\酵母\、\淋\醅\、\装罐\陈酿\灭菌\、\化验\、\装瓶\、\成品\入库\等\环节\。\其\方法\在于\把\糯米\蒸熟\后\加入\糖化\菌\酒药\进行\发酵\变为\成熟\的\酒\醪\之后\加入\成熟\的\醋酸\菌\一起\制\醅\待\醋酸\发酵\达到高潮\形成\成熟\的\醋\醅\即\陈酿\醋\醅\最后\取\陈酿\结束\的\醋\醅\置于\淋醋\池中\加水\进行\三次\淋醋\处理\将头\醋\汁\澄清\后\加热\煮沸\即可\得到\成品\香醋\。\禄丰\醋\含有\种\氨基酸\、\有机酸\、\维生素\、\矿物质\和\糖分\等\物质\具有\味香色\浓\、\酸中\带\甜\、\回味\绵长\的\特点\。\禄丰\醋\以\双梅牌\最具\代表性\产品\连续\年质\冠\海外\。\但\因\其\配方\独特\传统工艺\要求\严格\且\传统\制作方法\时间\长\成本\较\高\在\市场经济\竞争\中处\劣势\亟待\保护\。\年\禄丰醋制作技艺\入选\云南省\第三批\省级\非物质文化\遗产\代表性\项目\名录\。\项目\代表性\传承\人\是\杨爱萍\。,
丽江纳西族民居营造技艺,第三批,传统技艺,云南省丽江市,丽江古城纳西族民居营造技艺是在保持纳西族井干式建筑特色的基础上积极吸纳中原抬梁式、穿斗式营造技艺融合其他少数民族的建筑所长形成具有丽江纳西族特色的建筑营造技艺距今已有近百年历史。纳西族民居营造技艺按照类型可分为大木作小木作、石作、瓦作、泥水作、黑白字画等。大木作由梁、柱、挂枋、桁条、穿枋、地脚、楼楞等组成其中包括平面布局、结构形式、构架尺度、榫卯构造、施工程序、用工用料等程序小木作构件有门、窗、榫卯隔板、栏杆、外檐装饰、地板、天花板、楼梯、龛橱等石作是房屋的基础包括出土勒脚、柱础、台阶、盖檐石等瓦作、泥水作主要用于建筑后墙、山墙和屋面处理院落照壁、铺地等黑白字画多用在房屋两个山墙一层走廊墙体及院内的照壁。图案内容多为松竹梅兰、牡丹富贵、松鹤延年之类的山水画。丽江古城纳西族民居不仅营造技艺特色鲜明构筑因地制宜造型朴实生动而且装修精美雅致建筑变化丰富功能布局与自然环境高度协调统一具有浓郁的地方特色。随着现代城市化进程的不断发展传统营造技艺正在逐渐衰落已很少有人建造和使用丽江传统民居建筑亟待加强整体性保护。年丽江纳西族民居营造技艺入选云南省第三批省级非物质文化遗产代表性项目名录。项目代表性传承人是木庚锡。,省级,丽江古城\纳西族\民居\营造\技艺\是\在\保持\纳西族\井\干式\建筑\特色\的\基础\上\积极\吸纳\中原\抬梁式\、\穿\斗式\营造\技艺\融合\其他\少数民族\的\建筑\所长\形成\具有\丽江\纳西族\特色\的\建筑\营造\技艺\距今已有\近\百年\历史\。\纳西族\民居\营造\技艺\按照\类型\可\分为\大木作\小\木作\、\石作\、\瓦作\、\泥水\作\、\黑白\字画\等\。\大木作\由梁\、\柱\、\挂枋\、\桁条\、\穿枋\、\地\脚\、\楼\楞\等\组成\其中\包括\平面\布局\、\结构\形式\、\构架\尺度\、\榫卯\构造\、\施工\程序\、\用工\用料\等\程序\小\木作\构件\有门\、\窗\、\榫卯\隔板\、\栏杆\、\外檐\装饰\、\地板\、\天花板\、\楼梯\、\龛\橱\等\石作\是\房屋\的\基础\包括\出土\勒脚\、\柱础\、\台阶\、\盖檐\石等瓦作\、\泥水\作\主要\用于\建筑\后\墙\、\山墙\和\屋面\处理\院落\照壁\、\铺地\等\黑白\字画\多用\在\房屋\两个\山墙\一层\走廊\墙体\及\院内\的\照壁\。\图案\内容\多为\松竹梅\兰\、\牡丹\富贵\、\松鹤延年\之类\的\山水画\。\丽江古城\纳西族\民居\不仅\营造\技艺\特色\鲜明\构筑\因地制宜\造型\朴实\生动\而且\装修\精美\雅致\建筑\变化\丰富\功能\布局\与\自然环境\高度\协调\统一\具有\浓郁\的\地方\特色\。\随着\现代\城市化\进程\的\不断\发展\传统\营造\技艺\正在\逐渐\衰落\已\很少\有人\建造\和\使用\丽江\传统\民居\建筑\亟待\加强\整体性\保护\。\年\丽江纳西族民居营造技艺\入选\云南省\第三批\省级\非物质文化\遗产\代表性\项目\名录\。\项目\代表性\传承\人\是\木庚锡\。,纳西族
铁器锻造技艺,云南省第四批,,云南省曲靖市师宗县,据当地《窦氏族谱》记载师宗县窦氏家族从事铁器锻造已有三百余年的历史。铁器锻造技艺分为锻打和铸造两部分。锻打是将铁料置于放在火炉中烧红然后放在砧子上由师傅与徒弟抡铁锤锻打。锻打要凭经验不断翻动铁料经过二十余次反复降低铁器中碳的含量使铁器的硬度增加更加接近理想形。最后是整个锻打工艺中最关键的步骤淬火即将烧红的铁块放入冷水中急速冷却使铁器成型。铸造是将熔炼而成的铁金属液体浇注到铸型内经过冷却凝固获得所需形状和性能的器具制作过程一般要经过金属熔炼、模型制造、浇注凝固和脱模清理等几个流程。铸造工艺主要有重力铸造、压力铸造和砂型铸造等竹基的小型铸造厂多采用砂型铸造即用泥沙制作好模型之后再浇注铁水生产出所需铁器一些形状不规则的火炉就是通过这样的方法制作的其中也有压力或重力铸造。不同规模的铸造厂有大小不一的熔炉用来熔炼铁原料。高温的铁水从炉子中流出工人用一个特殊的小盆运送铁水浇入模型后不到一分钟即可做出成型铁器。铁器锻造技艺相关制品有勾担、扣子、链子、马嚼扣、锅、盆、犁头、炉条、铁炉等。现在竹基镇从事铁器锻造的人数有余人制品销往文山、红河等周边十余个州县出口越南、缅甸等东南亚国家年销售收入近万元。铁器锻造是竹基镇的重要产业之一对推动社会进步、促进经济发展有重要意义。年铁器锻造技艺入选云南省第四批省级非物质文化遗产代表性项目名录。项目代表性传承人是许会生。,省级,据\当地\《\窦\氏族谱\》\记载\师宗县\窦氏\家族\从事\铁器\锻造\已有\三百余年\的\历史\。\铁器锻造技艺\分为\锻打\和\铸造\两\部分\。\锻打\是\将\铁料\置于\放在\火炉\中烧\红\然后\放在\砧子\上\由\师傅\与\徒弟\抡\铁锤\锻打\。\锻打\要\凭\经验\不断\翻动\铁料\经过\二十余次\反复\降低\铁器\中碳\的\含量\使\铁器\的\硬度\增加\更加\接近\理想\形\。\最后\是\整个\锻打\工艺\中\最\关键\的\步骤\淬火\即将\烧\红的铁\块\放入\冷水\中\急速\冷却\使\铁器\成型\。\铸造\是\将\熔炼\而成\的\铁\金属\液体\浇注\到\铸型\内\经过\冷却\凝固\获得\所\需\形状\和\性能\的\器具\制作\过程\一般\要\经过\金属\熔炼\、\模型\制造\、\浇注\凝固\和\脱模\清理\等\几个\流程\。\铸造\工艺\主要\有\重力\铸造\、\压力\铸造\和\砂型\铸造\等\竹基\的\小型\铸造厂\多\采用\砂型\铸造\即用\泥沙\制作\好\模型\之后\再\浇注\铁水\生产\出所\需\铁器\一些\形状\不规则\的\火炉\就是\通过\这样\的\方法\制作\的\其中\也\有\压力\或\重力\铸造\。\不同\规模\的\铸造厂\有\大小不一\的\熔炉\用来\熔炼\铁\原料\。\高温\的\铁水\从\炉子\中\流出\工人\用\一个\特殊\的\小盆\运送\铁水\浇入\模型\后\不到\一分钟\即可\做出\成型\铁器\。\铁器锻造技艺\相关\制品\有\勾担\、\扣子\、\链子\、\马嚼\扣\、\锅\、\盆\、\犁头\、\炉条\、\铁炉\等\。\现在\竹基镇\从事\铁器\锻造\的\人数\有余\人\制品\销往\文山\、\红河\等\周边\十余个\州\县\出口\越南\、\缅甸\等\东南亚\国家\年\销售收入\近\万元\。\铁器\锻造\是\竹\基镇\的\重要\产业\之一\对\推动\社会进步\、\促进\经济\发展\有\重要\意义\。\年\铁器锻造技艺\入选\云南省\第四批\省级\非物质文化\遗产\代表性\项目\名录\。\项目\代表性\传承\人\是\许会生\。,
坡头村苗族传统文化生态保护区,第四批,民族传统文化生态保护区,云南省屏边苗族自治县,该保护区位于云南省红河哈尼族彝族自治州屏边苗族自治县白河镇坡头村民委员会。坡头村苗族人口占总人口的以上。屏边苗族由清代中晚期开始迁入。保护区自然生态环境良好村民有自觉保护森林植被的传统。辖区内有那么果河峡谷和花坝子水库植被以亚热带常绿阔叶树种为主还有竹类、藤类、蕨类和中草药等。保护区较好地保存了苗族传统文化资源。苗族土木结构传统民居保存情况良好聚落格局总体保持传统风貌。大多信仰原始宗教。传统节日有春节、端午节、尝新米节、祭祖节、砍火星节。保留着苗族走婚式婚姻、私奔式婚姻、入赘式婚姻三种婚姻模式。丧葬习俗保存完好。神话传说有《洪水滔天》《万物形成传说》《芦笙的传说》等内容丰富情节跌宕起伏在当地苗族群众间世代传颂。保护区流传有国家级非遗代表性项目苗族花山节、红河州州级非遗代表性项目苗族芦笙舞和苗族器乐制作工艺还保存有苗族服饰制作、刺绣、响蔑演奏、芦笙演奏、牛皮鼓打击乐、拳击、棍术、民间医药、爬花杆、打鸡毛毽、打陀螺、打磨秋、赛马、竹筒电话等非物质文化遗产。多种器乐、体育与游艺项目在各项民俗活动和日常生产生活中广为流传。传统服饰古朴独特种麻、织麻、纺麻、滚麻、织布、蜡染、刺绣等手工艺传承情况良好点蜡印染的图案记录了苗族艰辛的迁徙历程具有较高的艺术欣赏及民族历史研究价值。民间医药利用天然药物采用内服外敷、拔火罐、熏洗、按摩、包扎等方式进行治疗依靠口传身教的方式世代相传。白河镇政府成立了坡头青苗传统文化保护区管理委员会屏边县文化馆在坡头村委会下寨村成立了苗族花山节民歌传承点举办了民歌、舞蹈、苗族器乐培训班。保护区内民众对苗族传统文化认同感高、能够自觉积极地参与非物质文化遗产的保护和传承。年坡头村苗族传统文化生态保护区入选云南省第四批省级非物质文化遗产代表性项目名录。项目代表性传承人和民间艺人有黄荣兴、杨树英、陶芬、李朝明、杨光芬等。,省级,该\保护区\位于\云南省\红河哈尼族彝族自治州\屏边苗族自治县\白河\镇坡头\村民委员会\。\坡头村\苗族\人口\占\总人口\的\以上\。\屏边\苗族\由\清代\中晚期\开始\迁入\。\保护区\自然\生态环境\良好\村民\有\自觉\保护\森林\植被\的\传统\。\辖区\内有\那么\果河\峡谷\和\花\坝子\水库\植被\以\亚热带\常绿阔叶\树种\为主\还有\竹类\、\藤类\、\蕨类\和\中草药\等\。\保护区\较\好\地\保存\了\苗族\传统文化\资源\。\苗族\土\木结构\传统\民居\保存\情况\良好\聚落\格局\总体\保持\传统\风貌\。\大多\信仰\原始宗教\。\传统节日\有\春节\、\端午节\、\尝新\米节\、\祭祖\节\、\砍\火星\节\。\保留\着\苗族\走\婚式\婚姻\、\私奔\式\婚姻\、\入赘\式\婚姻\三种\婚姻\模式\。\丧葬\习俗\保存\完好\。\神话传说\有\《\洪水\滔天\》\《\万物\形成\传说\》\《\芦笙\的\传说\》\等\内容丰富\情节\跌宕起伏\在\当地\苗族\群众\间\世代\传颂\。\保护区\流传\有\国家级\非遗\代表性\项目\苗族花山节\、\红河州\州级\非\遗\代表性\项目\苗族\芦笙舞\和\苗族\器乐\制作\工艺\还\保存\有\苗族\服饰\制作\、\刺绣\、\响蔑\演奏\、\芦笙\演奏\、\牛皮\鼓\打击乐\、\拳击\、\棍术\、\民间\医药\、\爬\花杆\、\打\鸡毛\毽\、\打\陀螺\、\打磨\秋\、\赛马\、\竹筒\电话\等\非物质文化\遗产\。\多种\器乐\、\体育\与\游艺\项目\在\各项\民俗\活动\和\日常\生产\生活\中\广为流传\。\传统\服饰\古朴\独特\种麻\、\织麻\、\纺麻\、\滚麻\、\织布\、\蜡染\、\刺绣\等\手工艺\传承\情况\良好\点蜡\印染\的\图案\记录\了\苗族\艰辛\的\迁徙\历程\具有\较\高\的\艺术欣赏\及\民族\历史研究\价值\。\民间\医药\利用\天然\药物\采用\内服\外敷\、\拔火罐\、\熏洗\、\按摩\、\包扎\等\方式\进行\治疗\依靠\口传\身教\的\方式\世代相传\。\白河\镇政府\成立\了\坡头\青苗\传统文化\保护区\管理\委员会\屏边\县\文化馆\在\坡头\村委会\下寨村\成立\了\苗族花山节\民歌\传承\点\举办\了\民歌\、\舞蹈\、\苗族\器乐\培训班\。\保护区\内\民众\对\苗族\传统文化\认同感\高\、\能够\自觉\积极\地\参与\非物质文化\遗产\的\保护\和\传承\。\年\坡头村苗族传统文化生态保护区\入选\云南省\第四批\省级\非物质文化\遗产\代表性\项目\名录\。\项目\代表性\传承\人\和\民间艺人\有\黄荣兴\、\杨树\英\、\陶芬\、\李朝明\、\杨光芬\等\。,哈尼族
下者偏村壮族传统文化生态保护区,第四批,民族传统文化生态保护区,云南省广南县,该保护区位于文山壮族苗族自治州广南县者兔乡者莫村民委员会下者偏村小组。村民以陆、农、王、刘四姓为主均为壮族属壮族沙支系。据陆氏家谱记载下者偏村建于清代至今已有多年历史。村子建于山舌缓坡地段四周高山环抱梯田层层森林覆盖率为。村民们世世代代崇尚自然自发参与爱山、祭山、护山村寨周围留有整片古木参天的风水树林山地发源于砚山县境的清水江由北向南流经此地生态环境保持较好。保护区里的民居建筑仍保持着传统的木结构干栏样式最古老的一幢已有近年历史这种干栏式建筑体现了壮族积木而栖位居其上的居住习惯。保护区里有丰富的壮族传统文化资源保留完整人生礼俗包括人出生、周岁、结婚、寿辰、丧葬等方面以此表达壮族人民对生命的热爱。传统节日有祭龙、祭风、花糯米节等。神话传说故事保留有《龙神人赶街》《吊脚楼的来历》《龙女的眼泪》等。民间的山歌小调内容丰富形式多样有首传统曲目。传统舞蹈有弄娅歪、铜鼓舞、手巾舞其中弄娅歪最具代表性在重要节日、祭祀、丧葬等场合表演舞蹈动作丰富花样繁多具有较高的艺术价值。传统美术剪纸、刺绣、纸马、面具制作精湛。传统技艺纺织、编织、染布、扎染工序繁多。传统饮食文化资源丰富。传统体育有陀螺、高跷。有专门医治疾病的中医及巫医。壮族传统服饰美观大方、典雅高贵具有较高的艺术审美价值。年下者偏村设立了以保护干栏民居为主题的广南县千年壮寨乡村旅游农民专业合作社着手对传统民居进行登记建档、修缮保护与合理开发挖掘和发扬当地的民族传统文化整合农村资源开发乡村旅游、休闲观光农业等项目对增加农民收入调动当地群众保护和传承文化遗产的积极性起到了有效的推动作用。村民自发参与保护传统文化的意识较强制定了相应的保护措施。年下者偏村壮族传统文化生态保护区入选云南省第四批省级非物质文化遗产代表性项目名录。民间艺人有陆仕东、陆的金、陆仕春、陆华泽、陆仕才等。,省级,该\保护区\位于\文山壮族苗族自治州\广南县\者\兔\乡者\莫\村民委员会\下者\偏村\小组\。\村民\以陆\、\农\、\王\、\刘四姓\为主\均\为\壮族\属\壮族\沙\支系\。\据陆\氏家谱\记载\下者\偏村\建于\清代\至今已有\多年\历史\。\村子\建于\山舌\缓坡\地段\四周\高山\环抱\梯田\层层\森林\覆盖率\为\。\村民\们\世世代代\崇尚\自然\自发\参与\爱山\、\祭山\、\护山\村寨\周围\留有\整片\古木参天\的\风水\树林\山地\发源\于\砚山县\境\的\清水江\由北向南\流经\此地\生态环境\保持\较\好\。\保护区\里\的\民居\建筑\仍\保持\着\传统\的\木结构\干栏\样式\最\古老\的\一幢\已有\近年\历史\这种\干栏\式\建筑\体现\了\壮族\积木\而\栖\位居\其上\的\居住\习惯\。\保护区\里\有\丰富\的\壮族\传统文化\资源\保留\完整\人生\礼俗\包括\人\出生\、\周岁\、\结婚\、\寿辰\、\丧葬\等\方面\以此\表达\壮族\人民\对\生命\的\热爱\。\传统节日\有\祭龙\、\祭风\、\花\糯米\节等\。\神话传说\故事\保留\有\《\龙\神人\赶街\》\《\吊脚楼\的\来历\》\《\龙女\的\眼泪\》\等\。\民间\的\山歌\小调\内容丰富\形式多样\有首\传统\曲目\。\传统\舞蹈\有弄娅\歪\、\铜鼓舞\、\手巾\舞\其中\弄娅\歪\最具\代表性\在\重要\节日\、\祭祀\、\丧葬\等\场合\表演\舞蹈动作\丰富\花样繁多\具有\较\高\的\艺术\价值\。\传统\美术\剪纸\、\刺绣\、\纸马\、\面具\制作\精湛\。\传统\技艺\纺织\、\编织\、\染布\、\扎染\工序\繁多\。\传统\饮食文化\资源\丰富\。\传统\体育\有\陀螺\、\高跷\。\有\专门\医治\疾病\的\中医\及\巫医\。\壮族\传统\服饰\美观大方\、\典雅\高贵\具有\较\高\的\艺术\审美价值\。\年\下者\偏村\设立\了\以\保护\干栏\民居\为\主题\的\广南县\千年\壮寨\乡村\旅游\农民\专业\合作社\着手\对\传统\民居\进行\登记\建档\、\修缮\保护\与\合理\开发\挖掘\和\发扬\当地\的\民族\传统\文化整合\农村\资源\开发\乡村\旅游\、\休闲\观光农业\等\项目\对\增加\农民收入\调动\当地\群众\保护\和\传承\文化遗产\的\积极性\起到\了\有效\的\推动\作用\。\村民\自发\参与\保护\传统文化\的\意识\较强\制定\了\相应\的\保护措施\。\年\下者偏村壮族传统文化生态保护区\入选\云南省\第四批\省级\非物质文化\遗产\代表性\项目\名录\。\民间艺人\有\陆仕东\、\陆\的\金\、\陆仕春\、\陆华泽\、\陆仕才\等\。,壮族
潦浒陶烧制技艺,第四批,传统技艺,云南省曲靖市麒麟区,潦浒土陶烧制技艺主要流传于曲靖市麒麟区越州镇潦浒社区是曲靖市制陶业的源头潦浒土陶工艺源远流长完整地保留了古代传统制陶工艺。潦浒土陶以本地黏土为原料以手工拉胚为主要塑形手段产品以生活用陶为主有缸、盆、坛、罐、碗、钵、碟等也生产一些特殊用途的器具和工艺品而其中尤以民间用于驱邪避秽、造型各异的瓦猫而著名其造型粗犷大方工艺细腻具有乡土陶艺与现代审美相融合的独特魅力。制作潦浒土陶使用的工具有和泥机、桶、轮盘、火钳、吹火桶、捣棍、钢丝、砂纸等。潦浒土陶烧制大致要经过八道工序和泥从野外挖取粘土将其放置于圆形密闭坑塘中注入清水浸泡数日牵引水牛环绕坑塘反复踩踏粘土让其与水充分勾兑融合。之后将这种粗加工搅拌好的陶泥搬至室内存放再对陶泥用手、脚进行细加工直至陶泥全部粘合。制坯土陶工匠把提前分好的等量泥柱放在转盘上将双手固定住陶泥通过旋转逐渐塑造出需要的器物外形。半干刚制成的陶坯十分柔软潮湿需要晾晒到半干的程度。上釉土陶匠人把釉料装在容器内再把陶器的上半部分浸没在釉盆里轻转让釉均匀地粘附在陶坯的外壁即可。晾晒上过釉的陶坯湿度很重需要长时间在室外晾晒以彻底除去陶坯中的水分防止陶坯烧制过程中因湿热不均而发生炸裂。装窑将彻底晒干的陶坯均匀有序、小心稳定地放置进窑内用陶泥和砖块密闭窑门。烧窑烧制土陶需要把握好温度、窑内气氛、火焰的平衡流向等要素才能烧制出合格的产品否则会使陶器发生破损。出窑经过一天一夜的烧制陶品烧制成型将烧制好的成品逐一从窑内取出。现今潦浒土陶制品已涵盖生活、观赏、园林等门类运用广泛深受当地群众喜爱和各界好评产品远销省内各地和周边省份还销往越南、缅甸等周边国家具有很大的影响力。年潦浒陶器烧制技艺入选云南省第四批省级非物质文化遗产代表性项目名录扩展项目名录。项目代表性传承人是崔长宝。,省级,潦浒土陶\烧制\技艺\主要\流传\于\曲靖市\麒麟区\越州\镇潦浒\社区\是\曲靖市\制陶\业\的\源头\潦浒土陶\工艺\源远流长\完整\地\保留\了\古代\传统\制陶\工艺\。\潦浒土\陶以\本地\黏土\为\原料\以\手工\拉\胚为\主要\塑形\手段\产品\以\生活\用陶\为主\有\缸\、\盆\、\坛\、\罐\、\碗\、\钵\、\碟\等\也\生产\一些\特殊\用途\的\器具\和\工艺品\而\其中\尤\以\民间\用于\驱邪\避秽\、\造型各异\的\瓦\猫\而\著名\其\造型\粗犷\大方\工艺\细腻\具有\乡土\陶艺\与\现代\审美\相\融合\的\独特\魅力\。\制作\潦浒土陶\使用\的\工具\有\和泥\机\、\桶\、\轮盘\、\火钳\、\吹火\桶\、\捣棍\、\钢丝\、\砂纸\等\。\潦浒土陶\烧制\大致\要\经过\八道\工序\和泥\从\野外\挖取\粘土\将\其\放置\于\圆形\密闭\坑塘\中\注入\清水\浸泡\数日\牵引\水牛\环绕\坑塘\反复\踩踏\粘土\让\其\与\水\充分\勾兑\融合\。\之后\将\这种\粗加工\搅拌\好\的\陶泥\搬\至\室内\存放\再\对\陶泥\用手\、\脚\进行\细\加工\直至\陶泥\全部\粘合\。\制坯\土陶\工匠\把\提前\分好\的\等量\泥柱\放在\转盘\上将\双手\固定\住\陶泥\通过\旋转\逐渐\塑造出\需要\的\器物\外形\。\半干刚\制成\的\陶坯\十分\柔软\潮湿\需要\晾晒\到\半干\的\程度\。\上釉\土\陶匠\人\把\釉料\装在\容器\内\再\把\陶器\的\上半\部分\浸没\在\釉\盆里\轻\转让\釉\均匀\地\粘附\在\陶坯\的\外壁\即可\。\晾晒\上过\釉\的\陶坯\湿度\很\重\需要\长时间\在\室外\晾晒\以\彻底\除去\陶坯\中\的\水分\防止\陶坯\烧制\过程\中因\湿热\不均\而\发生\炸裂\。\装窑\将\彻底\晒干\的\陶坯\均匀\有序\、\小心\稳定\地\放置\进\窑内\用\陶泥\和\砖块\密闭\窑门\。\烧窑\烧制\土陶\需要\把握\好\温度\、\窑内\气氛\、\火焰\的\平衡\流向\等\要素\才能\烧制\出\合格\的\产品\否则\会\使\陶器\发生\破损\。\出窑\经过\一天\一夜\的\烧\制陶\品\烧制\成型\将\烧制\好\的\成品\逐一\从\窑内\取出\。\现今\潦浒土陶\制品\已\涵盖\生活\、\观赏\、\园林\等\门类\运用\广泛\深受\当地\群众\喜爱\和\各界\好评\产品\远销\省内\各地\和\周边\省份\还\销往\越南\、\缅甸\等\周边国家\具有\很大\的\影响力\。\年\潦浒\陶器\烧制\技艺\入选\云南省\第四批\省级\非物质文化\遗产\代表性\项目\名录\扩展\项目\名录\。\项目\代表性\传承\人\是\崔长宝\。,
彝族大帮腔,第四批,传统音乐,云南省普洱市景东彝族自治县,彝族大帮腔是一种极具有代表性的古老多声部打歌形式的彝族民歌流传于云南省普洱市景东彝族自治县安定镇已有五、六百年的历史世代相传延续至今。彝族大帮腔的表演形式是边跳边唱有时独唱有时对唱村与村对唱男女对唱或一人领唱多人合唱。中老年人用彝语演唱又叫老帮腔。舞蹈动作以直歌、翻歌为主对唱时最常见的舞步是向前走三步又向后退二步。舞时相互缠扶着左右摇晃身子依次往前、退后反复进行也可以将两跺脚三跺脚与直歌翻歌融合起来变成两跺两翻两跺三翻直歌半翻等形式。根据不同节日、不同场合、不同家庭的活动情景唱词有所不同所以很多唱词又是即兴的。歌词内容主要歌唱生产劳动、生活和爱情歌颂山水、鞭挞讽刺丑恶现象颂扬一切美好正义的东西有时也歌唱一些轻松、幽默、诙谐的内容。年彝族大帮腔入选云南省第四批省级非物质文化遗产代表性项目名录。村民演唱大帮腔村民演唱大帮腔,省级,彝族大帮腔\是\一种\极\具有\代表性\的\古老\多\声部\打歌\形式\的\彝族\民歌\流传\于\云南省\普洱\市\景东彝族自治县\安定\镇\已有\五\、\六百年\的\历史\世代相传\延续\至今\。\彝族大帮腔\的\表演\形式\是\边跳边唱\有时\独唱\有时\对唱\村\与\村\对唱\男女\对唱\或\一人\领唱\多人\合唱\。\中老年人\用\彝语\演唱\又\叫\老\帮腔\。\舞蹈动作\以直\歌\、\翻歌\为主\对唱\时\最\常见\的\舞步\是\向前走\三步\又\向\后退\二步\。\舞时\相互\缠\扶\着\左右\摇晃\身子\依次\往前\、\退后\反复\进行\也\可以\将\两\跺脚\三\跺脚\与\直歌\翻歌\融合\起来\变成\两\跺\两翻\两\跺\三\翻直\歌半翻\等\形式\。\根据\不同\节日\、\不同\场合\、\不同\家庭\的\活动\情景\唱词\有所不同\所以\很多\唱词\又\是\即兴\的\。\歌词\内容\主要\歌唱\生产\劳动\、\生活\和\爱情\歌颂\山水\、\鞭挞\讽刺\丑恶\现象\颂扬\一切\美好\正义\的\东西\有时\也\歌唱\一些\轻松\、\幽默\、\诙谐\的\内容\。\年\彝族大帮腔\入选\云南省\第四批\省级\非物质文化\遗产\代表性\项目\名录\。\村民\演唱\大\帮腔\村民\演唱\大\帮腔,彝族
朱氏正骨疗法,第三批,传统医药,昆明市官渡区中医药临床病理研究所,朱氏正骨疗法历经多年的传承发展到如今已形成不开刀、不打石膏、不用金属物穿刺牵引的特色治疗方式。家传正骨手法和祖制秘方是朱氏正骨的核心其遵循传统中医正骨疗法辅助接骨药酒、内服祖制接筋续骨丸和活血化瘀散辅以增进人体精气神的系列保健酒使患者不伤及自身元气以求内外并治的综合疗法。通过拔伸、对正、复位、按摩等手法完成对不需要夹板的中小型骨伤创面治疗整个复位过程简便、快捷。朱氏发明的中小型骨伤正骨复位治疗器使得四肢骨折、脱臼等骨伤的恢复过程大大缩短。朱氏正骨所用草药为祖传秘方及杨林地区特有山药材经祖法秘制、研磨配以医用润滑剂搅拌融合成膏状依照骨伤部位外敷配合正骨治疗简便、快捷。朱氏正骨疗法所用药材等属不外传的祖传秘方传承人出现青黄不接的现象。年朱氏正骨疗法入选云南省第三批省级非物质文化遗产代表性项目名录。,省级,朱氏正骨疗法\历经\多年\的\传承\发展\到\如今\已\形成\不\开刀\、\不\打\石膏\、\不用\金属物\穿刺\牵引\的\特色\治疗\方式\。\家传\正骨\手法\和\祖制\秘方\是\朱氏\正骨\的\核心\其\遵循\传统\中医\正骨\疗法\辅助\接骨\药酒\、\内服\祖制\接筋续\骨丸\和\活血化瘀\散\辅以\增进\人体\精气神\的\系列\保健酒\使\患者\不\伤及\自身\元气\以求\内外\并治\的\综合\疗法\。\通过\拔伸\、\对\正\、\复位\、\按摩\等\手法\完成\对\不\需要\夹板\的\中小型\骨伤\创面\治疗\整个\复位\过程\简便\、\快捷\。\朱氏\发明\的\中小型\骨伤\正骨\复位\治疗\器\使得\四肢\骨折\、\脱臼\等\骨伤\的\恢复\过程\大大缩短\。\朱氏\正骨\所用\草药\为\祖传秘方\及\杨林\地区\特有\山\药材\经祖法\秘制\、\研磨\配以\医用\润滑剂\搅拌\融合\成\膏状\依照\骨伤\部位\外敷\配合\正骨\治疗\简便\、\快捷\。\朱氏正骨疗法\所用\药材\等\属\不\外传\的\祖传秘方\传承\人\出现\青黄不接\的\现象\。\年\朱氏正骨疗法\入选\云南省\第三批\省级\非物质文化\遗产\代表性\项目\名录\。,
哈尼族民歌阿茨,第四批,传统音乐,云南省红河哈尼族彝族自治州绿春县,哈尼族民歌阿茨属于哈尼族民歌中的多声部合唱流传于绿春县哈尼族聚居的村寨。阿茨又叫阿哧或阿期茨、哧等有玩耍、动情之意故可意译为玩耍哈吧相爱的歌它表现爱情主题在哈尼民间被认为是一种害羞的歌不能在长辈面前哼唱。哈尼族民歌阿茨有着独特的风格记述了哈尼族人的人生足迹传递了哈尼族男女青年的爱意。哈尼族民歌阿茨在不同场合歌唱时分为大声、中声和小声三种不同的唱法。它的歌种名称和歌唱行为也不同其歌词来源于生活实践自由灵活富有哈尼族生活气息歌节讲究对偶、押韵、韵律等章节复沓自由又有规律。歌唱方式多样有主唱、伴唱等组成的多声部演唱方式。演唱形式分为乐器伴奏和无乐器伴奏以三弦、小二胡、巴乌、树叶为伴奏乐器曲目以《吾处阿茨》栽秧山歌和《情歌》最具代表性。哈尼族民歌阿茨凝聚着哈尼族人的音乐智慧和才能展现出哈尼族独特的演唱天赋。年哈尼族民歌阿茨入选云南省第四批省级非物质文化遗产代表性项目名录。,省级,哈尼族\民歌\阿茨\属于\哈尼族\民歌\中\的\多\声部\合唱\流传\于\绿春县\哈尼族\聚居\的\村寨\。\阿茨\又\叫\阿哧\或\阿期\茨\、\哧\等\有\玩耍\、\动情\之意\故\可\意译\为\玩耍\哈\吧\相爱\的\歌\它\表现\爱情\主题\在\哈尼\民间\被\认为\是\一种\害羞\的\歌\不能\在\长辈\面前\哼唱\。\哈尼族\民歌\阿茨\有着\独特\的\风格\记述\了\哈尼族\人\的\人生\足迹\传递\了\哈尼族\男女\青年\的\爱意\。\哈尼族\民歌\阿茨\在\不同\场合\歌唱\时\分为\大声\、\中声\和\小声\三种\不同\的\唱法\。\它\的\歌种\名称\和\歌唱\行为\也\不同\其\歌词\来源于\生活实践\自由\灵活\富有\哈尼族\生活气息\歌节\讲究\对偶\、\押韵\、\韵律\等\章节\复沓\自由\又\有\规律\。\歌唱\方式\多样\有\主唱\、\伴唱\等\组成\的\多\声部\演唱\方式\。\演唱\形式\分为\乐器\伴奏\和\无\乐器\伴奏\以\三弦\、\小\二胡\、\巴乌\、\树叶\为\伴奏\乐器\曲目\以\《\吾\处\阿茨\》\栽秧\山歌\和\《\情歌\》\最具\代表性\。\哈尼族\民歌\阿茨\凝聚\着\哈尼族\人\的\音乐\智慧\和\才能\展现出\哈尼族\独特\的\演唱\天赋\。\年\哈尼族\民歌\阿茨\入选\云南省\第四批\省级\非物质文化\遗产\代表性\项目\名录\。,哈尼族
开远彝族服饰,第四批,民俗,云南省开远市,开远市碑格乡彝族朴拉支系人口占比较大是彝族聚居乡。年被云南省人民政府命名为非物质遗产文化保护区。朴拉人服饰主要有男女装、刺绣针、红毛线团、布匹、帽子、头饰等。服装的刺绣、编织工艺有本民族的特色朴家姑娘从小就向大人学习刺绣、编织因其没有固定绘制的图案所以刺绣和编织绝无雷同。碑格乡彝族朴拉支系妇女服饰由包头、外褂、衬衣、围腰构成妇女包头为银泡高筒帽两侧缀绒球串也有妇女头戴发辫毛线大包头。男子头带瓜皮帽穿黑布右衽衣左襟有硕大内袋外套麻布褂或羊皮褂着裤子系挑花围腰。碑格乡彝族朴拉支系服饰的造型采用基础布纹、以单线为纹样轮廓的造型手法。从制作技艺看服饰发展史上的五种形制即编制型、织制型、缝制型、拼合型、裁剪型在彝族朴拉服饰中均有范例。用色上选用多种强烈的对比色彩努力追求颜色浓郁一般均为红、黄、绿、黑、蓝、白六色。构图上不强调突出主题只注重适应服装整体感的要求。形式上分为盛装和便装。盛装为节日礼宾和婚嫁时穿着的服装。戴银泡帽多彩华丽集中体现彝族朴拉服饰的艺术水平。便装只是不戴银泡帽用毛巾包头便于劳作。彝族朴拉支传统系服饰保存完整服装款式和制作工艺有传承和保护价值。妇女服饰通身以大红色为基调在尚黑彝族服饰中独树一帜。制作技艺采用挑花刺绣、拼接、织绣多种工艺有技艺传承价值。整套服饰色调热烈注重头部装饰手法夸张有较高的审美价值和欣赏价值。彝族朴拉支系服饰还是该乡民族传统文化生态保护区的支撑要素。但机制服饰流行传统服饰面临冲击亟待保护。年开远彝族服饰入选云南省第四批省级非物质文化遗产代表性项目名录扩展项目名录。项目代表性传承人是王妮作。,省级,开远市\碑格乡\彝族\朴拉\支系\人口\占\比较\大是\彝族\聚居\乡\。\年\被\云南省人民政府\命名\为\非\物质\遗产\文化\保护区\。\朴拉人\服饰\主要\有\男女\装\、\刺绣\针\、\红\毛线\团\、\布匹\、\帽子\、\头饰\等\。\服装\的\刺绣\、\编织\工艺\有本\民族\的\特色\朴家\姑娘\从小\就\向\大人\学习\刺绣\、\编织\因\其\没有\固定\绘制\的\图案\所以\刺绣\和\编织\绝无\雷同\。\碑格乡\彝族\朴拉\支系\妇女\服饰\由\包头\、\外褂\、\衬衣\、\围腰\构成\妇女\包头\为\银泡\高筒\帽\两侧\缀\绒球\串\也\有\妇女\头戴\发辫\毛线\大\包头\。\男子\头带\瓜皮帽\穿\黑布\右衽\衣左襟\有\硕大\内袋\外套\麻布\褂\或\羊皮\褂\着\裤子\系\挑花\围腰\。\碑格乡\彝族\朴拉\支系\服饰\的\造型\采用\基础\布纹\、\以\单线\为\纹样\轮廓\的\造型\手法\。\从\制作\技艺\看\服饰\发展史\上\的\五种\形制\即\编制\型\、\织制\型\、\缝制\型\、\拼合\型\、\裁剪\型\在\彝族\朴拉\服饰\中均\有\范例\。\用色\上\选用\多种\强烈\的\对比\色彩\努力\追求\颜色\浓郁\一般\均\为\红\、\黄\、\绿\、\黑\、\蓝\、\白六色\。\构图\上\不\强调\突出主题\只\注重\适应\服装\整体感\的\要求\。\形式\上\分为\盛装\和\便装\。\盛装\为\节日\礼宾\和\婚嫁\时\穿着\的\服装\。\戴银泡\帽\多彩\华丽\集中体现\彝族\朴拉\服饰\的\艺术水平\。\便装\只是\不戴\银泡\帽用\毛巾\包头\便于\劳作\。\彝族\朴拉支\传统\系\服饰\保存\完整\服装\款式\和\制作\工艺\有\传承\和\保护\价值\。\妇女\服饰\通身\以\大红色\为\基调\在\尚\黑\彝族\服饰\中\独树一帜\。\制作\技艺\采用\挑花\刺绣\、\拼接\、\织绣\多种\工艺\有\技艺\传承\价值\。\整套\服饰\色调\热烈\注重\头部\装饰\手法\夸张\有\较\高\的\审美价值\和\欣赏\价值\。\彝族\朴拉\支系\服饰\还是\该乡\民族\传统文化\生态\保护区\的\支撑\要素\。\但\机制\服饰\流行\传统\服饰\面临\冲击\亟待\保护\。\年\开远彝族服饰\入选\云南省\第四批\省级\非物质文化\遗产\代表性\项目\名录\扩展\项目\名录\。\项目\代表性\传承\人\是\王妮作\。,彝族
墨江哈尼族服饰,云南省第三批,民俗,云南省墨江哈尼族自治县,墨江哈尼族服饰广泛流传于墨江哈尼族自治县境内的九个哈尼族支系中。墨江服饰文化底蕴深厚是了解哈尼族历史、文化、经济、民族信仰、民族性格和审美理想的标识折射出哈尼族迁徙烙印农耕劳作的记忆是自然、图腾崇拜、社会身价的集中体现。墨江哈尼族服饰的原料、色彩、款式都与梯田农耕生产密切相关。当地哈尼族将黑色视为吉祥色、生命色和保护色所以黑色是哈尼族服饰的主色调辅以靛青色、灰色、蓝色和白色。服饰分男装和女装。男装比较简单上身以黑色或靛青色的对襟衣为主下身以大直筒裤为主。多用青蓝或黑色包头各支系大同小异。哈尼族妇女服饰最具有民族特色分儿童、青年、成年及老年服饰。儿童戴小帽帽上有银饰和锯齿纹衣服上有太阳、月亮等纹样青年服饰为短衣短裤系绑腿饰物纹样丰富多彩颜色鲜艳头饰、胸饰、臂饰意蕴深厚成年服饰比青年服饰纹样简单颜色素雅老年服饰为长衣长裤纹样简单大方。墨江哈尼族服饰的制作材料有棉花、扎花、纺线、织布、染布、饰物等。制作工序有剪裁、贴布、滚边、缝制、镶嵌、刺绣、挑花、成衣等。饰物以银饰为主辅以犬齿、兽骨、毛线等。哈尼族没有文字他们的迁徙史体现在衣服的刺绣、纹样上这也是哈尼族服饰文化的精华。年墨江哈尼族服饰入选云南省级非物质文化遗产代表性项目名录扩展项目名录。项目代表性传承人是蔡凤英。,省级,墨江哈尼族服饰\广泛\流传\于\墨江哈尼族自治县\境内\的\九个\哈尼族\支系\中\。\墨江\服饰\文化底蕴\深厚\是\了解\哈尼族\历史\、\文化\、\经济\、\民族\信仰\、\民族\性格\和\审美理想\的\标识\折射出\哈尼族\迁徙\烙印\农耕\劳作\的\记忆\是\自然\、\图腾崇拜\、\社会\身价\的\集中体现\。\墨江哈尼族服饰\的\原料\、\色彩\、\款式\都\与\梯田\农耕\生产\密切相关\。\当地\哈尼族\将\黑色\视为\吉祥\色\、\生命\色\和\保护色\所以\黑色\是\哈尼族\服饰\的\主色调\辅以\靛\青色\、\灰色\、\蓝色\和\白色\。\服饰\分\男装\和\女装\。\男装\比较简单\上身\以\黑色\或\靛\青色\的\对襟\衣\为主\下身\以大直\筒裤\为主\。\多用\青蓝\或\黑色\包头\各\支系\大同小异\。\哈尼族\妇女\服饰\最\具有\民族特色\分\儿童\、\青年\、\成年\及\老年\服饰\。\儿童\戴\小帽\帽上\有\银饰\和\锯齿\纹\衣服\上\有\太阳\、\月亮\等\纹样\青年\服饰\为\短衣\短裤\系\绑腿\饰物\纹样\丰富多彩\颜色\鲜艳\头饰\、\胸饰\、\臂饰\意蕴\深厚\成年\服饰\比\青年\服饰\纹样\简单\颜色\素雅\老年\服饰\为\长衣\长裤\纹样\简单\大方\。\墨江哈尼族服饰\的\制作\材料\有\棉花\、\扎花\、\纺线\、\织布\、\染布\、\饰物\等\。\制作\工序\有\剪裁\、\贴布\、\滚边\、\缝制\、\镶嵌\、\刺绣\、\挑花\、\成衣\等\。\饰物\以银饰\为主\辅以\犬齿\、\兽骨\、\毛线\等\。\哈尼族\没有\文字\他们\的\迁徙\史\体现\在\衣服\的\刺绣\、\纹样\上\这\也\是\哈尼族\服饰文化\的\精华\。\年\墨江哈尼族服饰\入选\云南\省级\非物质文化\遗产\代表性\项目\名录\扩展\项目\名录\。\项目\代表性\传承\人\是\蔡凤英\。,哈尼族
李桐传统骨伤疗法,第四批,传统医药,弥渡县,李桐为弥渡县寅街镇朵祜村一带彝族后裔。年岁的李桐拜彝族山寨中的民间郎中犹七为师跟随其牧羊寻药久而久之学会了接骨之道。经他救治病人往往药到病除李桐被当地百姓赞为神医降世华佗无奈。后经家族内李鸿泰、李昭、李辉、李国、李儒、李荣云、李荣强、李玉娇等后辈相继传承至今已有四代。李桐传统骨伤疗法在望、问、切、诊前提下内外同时施治有内服、外敷、洗浴、放血、推拿按摩、烧火、割治、拔火罐、熏蒸等多种方法。祖传药物分为单方、复方、粉粒、药丸、水剂、酒剂等。配制的骨伤敷剂和药丸内服外用对于跌打损伤、关节疼痛、骨折等病症治疗周期短恢复效果显著。自制的口服麻醉片、局部麻醉汁和点闻麻醉剂在缺医少药的年代为患者减轻了治疗痛苦药物具备宜、简、便、易、廉等特点可就地取材部分治疗方法在医书记载中尚属罕见。年李桐传统骨伤疗法入选云南省第四批省级非物质文化遗产代表性项目名录。代表性传承人是李昭。,省级,李桐\为\弥渡县\寅\街镇朵\祜\村\一带\彝族\后裔\。\年岁\的\李桐\拜\彝族\山寨\中\的\民间\郎中\犹七为\师\跟随\其\牧羊\寻药\久而久之\学会\了\接骨\之道\。\经他\救治\病人\往往\药到病除\李桐\被\当地\百姓\赞为\神医\降世\华佗\无奈\。\后经\家族\内\李鸿泰\、\李昭\、\李辉\、\李国\、\李儒\、\李荣\云\、\李荣\强\、\李玉\娇\等\后辈\相继\传承\至今已有\四代\。\李桐传统骨伤疗法\在\望\、\问\、\切\、\诊\前提\下\内外\同时\施治\有\内服\、\外敷\、\洗浴\、\放血\、\推拿\按摩\、\烧火\、\割治\、\拔火罐\、\熏蒸\等\多种\方法\。\祖传\药物\分为\单方\、\复方\、\粉粒\、\药丸\、\水剂\、\酒剂\等\。\配制\的\骨伤\敷剂\和\药丸\内服\外用\对于\跌打损伤\、\关节\疼痛\、\骨折\等\病症\治疗\周期短\恢复\效果显著\。\自制\的\口服\麻醉\片\、\局部\麻醉\汁\和\点闻\麻醉剂\在\缺医少药\的\年代\为\患者\减轻\了\治疗\痛苦\药物\具备\宜\、\简\、\便\、\易\、\廉等\特点\可\就地取材\部分\治疗\方法\在\医书\记载\中\尚属\罕见\。\年\李桐传统骨伤疗法\入选\云南省\第四批\省级\非物质文化\遗产\代表性\项目\名录\。\代表性\传承\人\是\李昭\。,彝族
吉庆祥云腿月饼制作技艺,第三批,传统技艺,云南省昆明市五华区,吉庆祥云腿月饼是云南省昆明及临近周边地区最为著名的中秋特色月饼。其最早的雏形可追溯到南明永乐皇帝吃的云腿包子其后出现了以每个饼重四两四块饼合一斤重的火腿四两饦到中华民国时期经过不断改良首次烤制出了具有现代火腿月饼雏形的硬壳火腿月饼。吉庆祥云腿月饼配方工艺独特以云南当地的宣威火腿为主料辅以蜂蜜、猪油、白糖等为馅心用昆明本地的紫麦面粉为皮料烘烤而成其表面呈金黄色或棕红色既有香味扑鼻的火腿又有甜中带咸的诱人蜜汁入口舒适食之不腻。凭着良好的质量和声誉吉庆祥生产的云腿月饼不仅成为当地百姓必备的节令食品在世纪年代到年代还经茶马古道远销东南亚地区成为越南、缅甸、泰国地区的富豪人家采购的节日佳品。当下随着机械自动化的生产和西式糕点的入侵传统的云腿月饼手工制作方式和销售都面临巨大挑战亟待保护。年吉庆祥云腿月饼制作技艺入选云南省第三批省级非物质文化遗产代表性项目名录。,省级,吉庆\祥云\腿\月饼\是\云南省\昆明\及\临近\周边地区\最为\著名\的\中秋\特色\月饼\。\其\最早\的\雏形\可追溯\到\南\明永乐\皇帝\吃\的\云\腿\包子\其后\出现\了\以\每个\饼重\四两\四块\饼合\一斤\重\的\火腿\四两\饦\到\中华民国\时期\经过\不断\改良\首次\烤制\出\了\具有\现代\火腿\月饼\雏形\的\硬壳\火腿\月饼\。\吉庆\祥云\腿\月饼\配方\工艺\独特\以\云南\当地\的\宣威\火腿\为\主料\辅以\蜂蜜\、\猪油\、\白糖\等\为\馅心\用\昆明\本地\的\紫麦\面粉\为\皮料\烘烤\而成\其\表面\呈\金黄色\或\棕红色\既有\香味扑鼻\的\火腿\又\有\甜\中\带\咸\的\诱人\蜜汁\入口\舒适\食之不腻\。\凭着\良好\的\质量\和\声誉\吉庆\祥\生产\的\云\腿\月饼\不仅\成为\当地\百姓\必备\的\节令\食品\在\世纪\年代\到\年代\还经\茶\马\古道\远销\东南亚地区\成为\越南\、\缅甸\、\泰国\地区\的\富豪\人家\采购\的\节日\佳品\。\当下\随着\机械\自动化\的\生产\和\西式\糕点\的\入侵\传统\的\云\腿\月饼\手工\制作\方式\和\销售\都\面临\巨大\挑战\亟待\保护\。\年\吉庆祥云腿月饼制作技艺\入选\云南省\第三批\省级\非物质文化\遗产\代表性\项目\名录\。,
花街节,第四批,民俗,文山州广南县文化馆,花街节壮语称作翰圩芳意思是赶欢乐街、黑白街又称纥聋那开秧门街或称歌街歌会。花街节的起源由来已早可追溯的具体时间已无从考证。每年农历的二、三月份广南各村各寨的男女老少都邀约各自的朋友带着花糯米、花蛋等各色美食前往既定的花街地点参加赶花街活动。参加集会活动的人们都身着节日盛装服饰上有五颜六色的壮族刺绣和各种闪亮的银饰品整个集会现场呈现出五彩斑斓、人潮涌动的景象故人们称为赶花街。聚会活动融入了会友、对歌、择偶等诸多内容形成了集农耕信息交流、走亲会友、谈情说爱、商品交易于一体的壮族独有的民间传统民俗活动。近年来广南县连续举办了壮族赶花街系列文化活动丰富了赶花街的文化内涵增强了民族自信心和自豪感。先后有多家媒体对花街节进行了宣传报道极大地提升了广南壮族花街节的知名度和影响力。年花街节入选云南省第四批省级非物质文化遗产代表性项目名录。项目代表性传承人是陆寿龙。,省级,花街节\壮语\称作\翰圩芳\意思\是\赶\欢乐\街\、\黑白\街\又称\纥\聋\那\开秧门\街\或\称\歌街\歌会\。\花街节\的\起源\由来\已\早\可追溯\的\具体\时间\已\无从\考证\。\每年\农历\的\二\、\三月份\广南\各村\各寨\的\男女老少\都\邀约\各自\的\朋友\带\着\花\糯米\、\花蛋\等\各色\美食\前往\既定\的\花街\地点\参加\赶花街\活动\。\参加\集会\活动\的\人们\都\身着\节日\盛装\服饰\上\有\五颜六色\的\壮族\刺绣\和\各种\闪亮\的\银饰品\整个\集会\现场\呈现出\五彩斑斓\、\人潮\涌动\的\景象\故\人们\称为\赶花街\。\聚会\活动\融入\了\会友\、\对歌\、\择偶\等\诸多\内容\形成\了\集\农耕\信息\交流\、\走亲\会友\、\谈情说爱\、\商品交易\于\一体\的\壮族\独有\的\民间\传统\民俗\活动\。\近年来\广南县\连续\举办\了\壮族\赶花街\系列\文化\活动\丰富\了\赶花街\的\文化\内涵\增强\了\民族\自信心\和\自豪感\。\先后\有\多家\媒体\对\花街节\进行\了\宣传报道\极大\地\提升\了\广南\壮族\花街节\的\知名度\和\影响力\。\年\花街节\入选\云南省\第四批\省级\非物质文化\遗产\代表性\项目\名录\。\项目\代表性\传承\人\是\陆寿龙\。,壮族
永胜刀杆节,第四批,民俗,云南省永胜县,刀杆节是流传于永胜县金兰村彝族的一项传统习俗活动。金兰村史称革早郎金早郎有罗、李、杨三姓为彝族支系湘潭人。金兰人的民族节日刀杆节已有多年的历史。每年都在本村天子寺举行刀杆节民俗活动内容有上刀杆、下火海的绝技表演荡秋千表演歌舞、唱山歌、小调、打跳、文娱表演等。金兰村的刀杆节每年在程海湖畔的金兰村天子寺举行一年四次。春节期间正月初三、初四的刀杆节称为太平盛会刀杆节八月十五的刀杆节称为科升科中刀杆节还有十月十五刀杆节、冬月十五刀杆节。比较隆重的是太平盛会刀杆节和科升科中刀杆节。八月十五刀杆节活动持续三天。第一天八月十四日由主持人掌堂师傅率众东巴在本村天子寺举行敬堂封刀仪式。由祭师选取三十六把作为刀梯所用再选择吉时将刀梯笔直竖起。当晚寺里燃起篝火祭司们分别跳神过堂整夜守卫着刀梯。第二天八月十五日爬刀梯祭天、祭诸神祈求风调雨顺、五谷丰登、出入平安。清晨在寺院中央竖着两根米多高的杆脚下安放两口犁铧放置三十六个碗插三十六面小彩旗、三十六炷香。上午十时鞭炮齐鸣锣鼓喧天在笛子伴奏下表演准时开始。东巴们头戴东巴帽身穿红马褂腰系红带子先跳一曲东巴舞旋即进入正殿烧香拜佛诵经念咒每人喝下一碗白酒便开始绝技表演。第一个东巴手持长剑从大殿出来舞一番东巴剑术然后双手把着刀口赤足踏在锋刃上一档一档地依次而上登上杆顶在顶端两面红旗间表演倒立、横空、飞旋等动作。从刀杆下到杆脚赤足踩过已烧红炽烫的两口犁铧。犁铧上撒上一把香面瞬间浓烟乍起、火焰升腾。舞剑、上刀杆、过犁铧全套表演一气呵成称之为上刀山、下火海。之后举行隆重的民族打跳和表演。第三天八月十六日由主持人掌堂师傅率众东巴在本村天子寺举行回堂仪式恭送菩萨。金兰村民俗刀杆节的含义丰富其一金兰村彝族湘潭人以游牧为生定居程海湖后的有三十六人发展成为三十六家以捕鱼、种地为生。为纪念三十六家祖先举行的祭祖仪式。其二祈求日月天神、龙王、山神保佑风调雨顺、五谷丰登、吉祥平安、消灾免难村寨民族团结和谐友好。其三祭祀明末清初本族祖先杨姓读书人金兰村人心目中的圣人状元称之为科升科中刀杆节盛会。其四纪念南诏天子段思平朝拜天子保佑平安。其五纪念明朝戍边的兵部尚书王骥。金兰刀杆节在历史发展进程中发展为融民间祭祀、体育竞技、文化娱乐与经贸活动为一体的大型民俗节庆活动显示出该节日具有强化区域族群、家族认同的功能还具有促进民族团结、促进地方经济文化发展等多重意义。年永胜刀杆节入选云南省第四批省级非物质文化遗产代表性项目名录扩展项目名录。项目代表性传承人是杨贵明。,省级,刀杆节\是\流传\于\永胜县\金兰\村\彝族\的\一项\传统习俗\活动\。\金兰\村史\称革\早郎金\早郎\有\罗\、\李\、\杨\三姓\为\彝族\支系\湘潭人\。\金兰\人\的\民族节日\刀杆节\已有\多年\的\历史\。\每年\都\在\本村\天子\寺\举行\刀杆节\民俗\活动\内容\有\上刀杆\、\下\火海\的\绝技\表演\荡秋千\表演\歌舞\、\唱山歌\、\小调\、\打跳\、\文娱\表演\等\。\金兰\村\的\刀杆节\每年\在\程海\湖畔\的\金兰\村\天子\寺\举行\一年\四次\。\春节\期间\正月初三\、\初四\的\刀杆节\称为\太平\盛会\刀杆节\八月\十五\的\刀杆节\称为\科升科\中\刀杆节\还有\十月\十五\刀杆节\、\冬月\十五\刀杆节\。\比较\隆重\的\是\太平\盛会\刀杆节\和\科升科\中\刀杆节\。\八月\十五\刀杆节\活动\持续\三天\。\第一天\八月\十四日\由\主持人\掌堂\师傅\率众\东巴\在\本村\天子\寺\举行\敬堂\封刀\仪式\。\由\祭师\选取\三十六把\作为\刀梯\所用\再\选择\吉时\将\刀梯\笔直\竖起\。\当晚\寺里\燃起\篝火\祭司\们\分别\跳神\过堂\整夜\守卫\着\刀梯\。\第二天\八月\十五日\爬\刀梯\祭天\、\祭\诸神\祈求\风调雨顺\、\五谷丰登\、\出入\平安\。\清晨\在\寺院\中央\竖\着\两根\米\多\高\的\杆\脚下\安放\两口\犁铧\放置\三十六个\碗\插\三十六面\小\彩旗\、\三十六\炷\香\。\上午\十\时\鞭炮\齐鸣\锣鼓喧天\在\笛子\伴奏\下\表演\准时\开始\。\东巴\们\头戴\东巴\帽\身穿\红\马褂\腰系\红带子\先\跳\一曲\东巴舞\旋即\进入\正殿\烧香拜佛\诵经\念咒\每人\喝下\一碗\白酒\便\开始\绝技\表演\。\第一个\东巴\手持\长剑\从\大殿\出来\舞\一番\东巴\剑术\然后\双手\把\着\刀口\赤足\踏\在\锋刃\上\一档\一档\地\依次\而\上\登上\杆顶\在\顶端\两面\红旗\间\表演\倒立\、\横空\、\飞旋\等\动作\。\从刀杆\下\到\杆\脚\赤足\踩\过\已\烧红炽\烫\的\两口\犁铧\。\犁铧\上\撒\上\一把\香面\瞬间\浓烟\乍起\、\火焰\升腾\。\舞剑\、\上刀杆\、\过\犁铧\全套\表演\一气呵成\称之为\上刀山\、\下\火海\。\之后\举行\隆重\的\民族\打跳\和\表演\。\第三天\八月\十六日\由\主持人\掌堂\师傅\率众\东巴\在\本村\天子\寺\举行\回堂\仪式\恭送\菩萨\。\金兰\村\民俗\刀杆节\的\含义丰富\其一\金兰\村\彝族\湘潭人\以\游牧\为生\定居\程海\湖后\的\有\三十六\人\发展\成为\三十六家\以\捕鱼\、\种地\为生\。\为\纪念\三十六家\祖先\举行\的\祭祖\仪式\。\其二\祈求\日月\天神\、\龙王\、\山神\保佑\风调雨顺\、\五谷丰登\、\吉祥\平安\、\消灾\免难\村寨\民族团结\和谐\友好\。\其三\祭祀\明末清初\本\族\祖先\杨姓\读书人\金兰\村\人\心目\中\的\圣人\状元\称之为\科升科\中\刀杆节\盛会\。\其四\纪念\南诏\天子\段思平\朝拜\天子\保佑\平安\。\其五\纪念\明朝\戍边\的\兵部\尚书\王骥\。\金兰\刀杆节\在\历史\发展\进程\中\发展\为融\民间\祭祀\、\体育竞技\、\文化娱乐\与\经贸\活动\为\一体\的\大型\民俗\节庆\活动\显示\出该\节日\具有\强化\区域\族群\、\家族\认同\的\功能\还\具有\促进\民族团结\、\促进\地方\经济\文化\发展\等\多重\意义\。\年\永胜刀杆节\入选\云南省\第四批\省级\非物质文化\遗产\代表性\项目\名录\扩展\项目\名录\。\项目\代表性\传承\人\是\杨\贵明\。,彝族
中草药酒曲制作技艺,第四批,传统医药,富宁县文化馆,富宁壮族有酿制妈妈酒的传统。妈妈酒因其传承以母传女为主要方式而得名。制作中草药酒曲是酿制妈妈酒最重要的环节。制作妈妈酒的酒曲通常需要三十六种中草药材。一般在农历六月初六上山采摘中草药材此时山中草药材长势最好药效最佳。中草药酒曲的酿制过程如下采回的药材经过晾晒碾碎成粉末待用准备足够的糯米粉将黄皮果叶、柚子叶等十多味新鲜中草药煮汁放凉后按照的比例加入糯米粉与碾好的草药粉用酒喷洒混合拌匀将混合好的粉剂揉捏成一个个小孩拳头大小的药团放在棉絮、土布或稻草铺的发酵床上用棉被覆盖发酵。发酵的第一、二日需要将棉被留出缝隙透入空气第三天掀开时药团上即出现白色绒毛待药团在棉被中自然阴干后拿到阳光下晒干晒干后的药团就是酒曲颜色越白说明质量越好。这种中草药酒曲不仅使酒香持久绵长同时兼有舒筋活血、涵养滋补、健脾养胃、治疗风湿哮喘等诸多功效。年中草药酒曲制作技艺入选云南省第四批省级非物质文化遗产代表性项目名录。代表性传承人是玉秀英。,省级,富宁\壮族\有\酿制\妈妈\酒\的\传统\。\妈妈\酒因\其\传承\以母\传女\为\主要\方式\而\得名\。\制作\中草药\酒曲\是\酿制\妈妈\酒\最\重要\的\环节\。\制作\妈妈\酒\的\酒曲\通常\需要\三十六\种\中草药材\。\一般\在\农历\六月\初六\上山\采摘\中草药材\此时\山\中草药材\长势\最好\药效\最佳\。\中草药\酒曲\的\酿制\过程\如下\采回\的\药材\经过\晾晒\碾碎\成\粉末\待用\准备\足够\的\糯米粉\将\黄皮\果叶\、\柚子\叶等\十多\味\新鲜\中草药\煮汁\放凉后\按照\的\比例\加入\糯米粉\与\碾\好\的\草\药粉\用酒\喷洒\混合\拌匀\将\混合\好\的\粉剂\揉捏\成\一个个\小孩\拳头\大小\的\药团\放在\棉絮\、\土布\或\稻草\铺\的\发酵\床上\用\棉被\覆盖\发酵\。\发酵\的\第一\、\二日\需要\将\棉被\留出\缝隙\透入\空气\第三天\掀开\时药团\上\即\出现\白色\绒毛\待\药团\在\棉被\中\自然\阴干\后\拿到\阳光\下\晒干\晒干\后\的\药团\就是\酒曲\颜色\越白\说明\质量\越\好\。\这种\中草药\酒曲\不仅\使\酒香\持久\绵长\同时\兼有\舒筋活血\、\涵养\滋补\、\健脾\养胃\、\治疗\风湿\哮喘\等\诸多\功效\。\年\中草药酒曲制作技艺\入选\云南省\第四批\省级\非物质文化\遗产\代表性\项目\名录\。\代表性\传承\人\是\玉\秀英\。,壮族
苗族叙事长诗《红昭和饶觉席那》,云南省第四批,民间文学,云南省富民县,叙事长诗《红昭和饶觉席那》讲述了一对苗族青年恋人红昭和饶觉席那为了追求爱情运用聪明智慧战胜了以皇帝为代表的邪恶势力终于获得了自由美满的爱情世代都过上幸福生活的故事。长诗具有强烈的阶级斗争的思想内容通过红昭和饶觉席那反抗婚姻迫害的英勇斗争体现了苗族人民反抗封建统治阶级压迫的精神意志和斗争愿望。长诗内容丰富包含了苗族生活风俗的方方面面是研究苗族文化不可或缺的经典作品。年经过富民县东村乡祖库村委会柿花箐村王弘道重新整理改编的《红昭和饶觉席那》在《边疆文艺》发表引起苗族同胞和研究界的关注。全诗分为个部分行其语言极富民族与地方特色对人物的塑造、环境的描写、气氛的渲染都比较到位在苗族群众中以苗语口口相传。年以来富民县文化馆重新收集整理各项资料陶绍虎、杨世武等苗族学者几易其稿完成了《红昭和饶觉席那》的汉文翻译和古歌曲谱的完善工作并正式出版。年月富民苗族歌手杨新秀在昆明剧院首次演唱苗族古歌《红昭和饶觉席那》与小水井苗族农民合唱团同台演出取得了极大成功。年苗族叙事长诗《红昭和饶觉席那》入选云南省第四批省级非物质文化遗产代表性项目名录。项目代表性传承人是王汉哲。,省级,叙事\长诗\《\红\昭和\饶\觉席\那\》\讲述\了\一对\苗族\青年\恋人\红\昭和\饶\觉席\那\为了\追求\爱情\运用\聪明智慧\战胜\了\以\皇帝\为\代表\的\邪恶势力\终于\获得\了\自由\美满\的\爱情\世代\都\过\上\幸福生活\的\故事\。\长诗\具有\强烈\的\阶级斗争\的\思想\内容\通过\红\昭和\饶\觉席\那\反抗\婚姻\迫害\的\英勇斗争\体现\了\苗族\人民\反抗\封建\统治阶级\压迫\的\精神\意志\和\斗争\愿望\。\长诗\内容丰富\包含\了\苗族\生活\风俗\的\方方面面\是\研究\苗族\文化\不可或缺\的\经典作品\。\年\经过\富民县\东村\乡祖库\村委会\柿花\箐\村王\弘道\重新整理\改编\的\《\红\昭和\饶\觉席\那\》\在\《\边疆\文艺\》\发表\引起\苗族\同胞\和\研究\界\的\关注\。\全诗\分为\个\部分\行其\语言\极富\民族\与\地方\特色\对\人物\的\塑造\、\环境\的\描写\、\气氛\的\渲染\都\比较\到位\在\苗族\群众\中以\苗语\口口相传\。\年\以来\富民县\文化馆\重新\收集整理\各项\资料\陶绍\虎\、\杨\世武\等\苗族\学者\几易其稿\完成\了\《\红\昭和\饶\觉席\那\》\的\汉文\翻译\和\古歌\曲谱\的\完善\工作\并\正式\出版\。\年\月\富民\苗族\歌手\杨\新秀\在\昆明\剧院\首次\演唱\苗族\古歌\《\红\昭和\饶\觉席\那\》\与\小\水井\苗族\农民\合唱团\同台\演出\取得\了\极大\成功\。\年\苗族\叙事\长诗\《\红\昭和\饶\觉席\那\》\入选\云南省\第四批\省级\非物质文化\遗产\代表性\项目\名录\。\项目\代表性\传承\人\是\王汉哲\。,苗族
佤族织锦技艺,第五批,,云南省普洱市西盟佤族自治县,佤族织锦讲究色彩运用多以黑色和红色为基本色调以黄、绿、白、蓝相间粉红、粉紫、棕色为辅助色有颜色的深浅变化。花纹以直线、平行线、方形、三角形、菱形等连续的几何花纹。佤族织锦技艺的主要工具为竹木制腰机共有十七个部件。主要工序有五道捻线搓线。先用手捻然后用纺轮和纺锤将线劈细即松解为缕再将许多缕搓合在一起利用扭转加拈以后各缕之间的摩擦力接成很长的绳索使线更牢固布更厚实。绕线。将捻好的散线绕成团做成圆圈线绺或绕在竹木制成的工字形拐线工具上。排线。排线需两人配合完成一人端坐用腰上两根木棍排线另一人将线拉到对面钉在地上的两根木桩上用木棍穿好按照织出布的幅宽计算根数合在一起拉成织布时用的经线。将经线粘连处梳通、平整后用篾片将经线按顺序一根根分离使经线按花色各司其位防止纠缠。挑花。排线上架后用篾子进行经纬编织挑出不同花纹所有花纹都需要先挑花再织布。织布。织布时两头绷紧将绕在木棍上的纬线穿到经线中间然后用杼刀把线打紧。布匹厚实紧密适用于纺织粗布和麻袋织一张布需要天时间。佤族织锦技艺在民间以家庭传承为主传播范围小现有传承人大都年事已高开展传承活动乏力佤族青年对传承本民族传统文化兴趣不足传承后继乏人。又因在西盟佤族聚居区市场上售卖的外来布匹比传统手工织锦更加价廉物美坚持手工织布的人日渐稀少佤族织锦技艺的传承面临困境。年佤族织锦技艺入选中国第五批国家级非物质文化遗产代表性项目名录。项目代表性传承人是娜汉。,省级,佤族\织锦\讲究\色彩\运用\多以\黑色\和\红色\为\基本\色调\以黄\、\绿\、\白\、\蓝\相间\粉红\、\粉\紫\、\棕色\为\辅助\色有\颜色\的\深浅\变化\。\花纹\以\直线\、\平行线\、\方形\、\三角形\、\菱形\等\连续\的\几何\花纹\。\佤族织锦技艺\的\主要\工具\为\竹木\制腰机\共有\十七个\部件\。\主要\工序\有\五道\捻线\搓线\。\先用\手\捻\然后\用\纺轮\和\纺锤\将线\劈\细即\松解\为缕\再\将\许多\缕\搓\合在一起\利用\扭转\加拈\以后\各缕\之间\的\摩擦力\接成\很长\的\绳索\使线\更\牢固\布\更\厚实\。\绕线\。\将\捻\好\的\散线\绕\成团\做成\圆圈\线\绺\或\绕\在\竹木\制成\的\工字形\拐线\工具\上\。\排线\。\排线\需两人\配合\完成\一人\端坐\用\腰\上\两根\木棍\排线\另一人\将\线拉到\对面\钉\在\地上\的\两根\木桩\上用\木棍\穿\好\按照\织出\布\的\幅宽\计算\根数\合在一起\拉\成\织布\时用\的\经线\。\将\经线\粘连\处\梳通\、\平整\后\用\篾片\将\经线\按\顺序\一根\根\分离\使\经线\按\花色\各司\其位\防止\纠缠\。\挑花\。\排线\上架\后用\篾子\进行\经纬\编织\挑出\不同\花纹\所有\花纹\都\需要\先\挑花\再\织布\。\织布\。\织布\时\两头\绷紧\将\绕\在\木棍\上\的\纬线\穿\到\经线\中间\然后\用杼\刀把\线\打紧\。\布匹\厚实\紧密\适用\于\纺织\粗布\和\麻袋\织\一张\布\需要\天\时间\。\佤族织锦技艺\在\民间\以\家庭\传承\为主\传播\范围\小\现有\传承\人大\都\年事已高\开展\传承\活动\乏力\佤族\青年\对\传承\本\民族\传统文化\兴趣\不足\传承\后继乏人\。\又\因\在\西盟\佤族\聚居区\市场\上\售卖\的\外来\布匹\比\传统\手工\织锦\更加\价廉物美\坚持\手工\织布\的\人\日渐\稀少\佤族织锦技艺\的\传承\面临\困境\。\年\佤族织锦技艺\入选\中国\第五批\国家级\非物质文化\遗产\代表性\项目\名录\。\项目\代表性\传承\人\是\娜\汉\。,佤族
滇南石狮雕刻技艺,第三批,传统美术,云南省通海县,滇南石狮雕刻技艺由内地传入云南地区最早传入的时间已无从考证。但玉溪市通海县境内的石狮雕刻技艺是最具代表性的。滇南石狮雕刻通常由工匠根据石狮所要摆放的场所、地点来进行构思和创作。工匠先用窑泥、石膏制作成小样模型再选好尺寸合适的青石、砂石、汉白玉等作为雕刻的石料然后根据小样模型利用锤、錾、刀、切割机、砂轮机、角磨机、磨光机、铁杆等工具精雕细琢出成品。滇南石狮雕刻技艺所雕刻的石狮不仅造型独特而且形神兼备。不论雌雄大多头大腿细脑凸鼻凹耳如卷叶尾毛卷曲体毛似火焰形。狮头上有鬃毛飘忽纹理清晰狮身一般雕成半蹲式四肢发达。其整体形象挺拔圆润、活泼灵动展现了滇南石狮雕刻技艺的所追求的细腻与精致。随着社会的发展由于滇南石狮雕刻工艺复杂当地不少石雕艺人改雕北方石狮滇南石狮受到前所未有的冲击。能独立设计和制作滇南石狮的艺人已经越来越少亟需加强保护。年滇南石狮雕刻技艺入选云南省第三批省级非物质文化遗产代表性项目名录。项目代表性传承人是鲁永红、解智达。,省级,滇南石狮雕刻技艺\由\内地\传入\云南\地区\最早\传入\的\时间\已\无从\考证\。\但\玉溪市\通海县\境内\的\石狮\雕刻\技艺\是\最具\代表性\的\。\滇南\石狮\雕刻\通常\由\工匠\根据\石狮\所\要\摆放\的\场所\、\地点\来\进行\构思\和\创作\。\工匠\先用\窑\泥\、\石膏\制作\成\小样\模型\再选\好\尺寸\合适\的\青石\、\砂石\、\汉白玉\等\作为\雕刻\的\石料\然后\根据\小样\模型\利用\锤\、\錾\、\刀\、\切割机\、\砂轮机\、\角\磨机\、\磨光机\、\铁杆\等\工具\精雕细琢\出\成品\。\滇南石狮雕刻技艺\所\雕刻\的\石狮\不仅\造型\独特\而且\形神\兼备\。\不论\雌雄\大多\头\大腿\细脑\凸\鼻\凹\耳\如卷\叶\尾毛\卷曲\体毛\似\火焰\形\。\狮头\上\有\鬃毛\飘忽\纹理\清晰\狮身\一般\雕成\半\蹲式\四肢发达\。\其\整体\形象\挺拔\圆润\、\活泼\灵动\展现\了\滇南石狮雕刻技艺\的\所\追求\的\细腻\与\精致\。\随着\社会\的\发展\由于\滇南\石狮\雕刻\工艺\复杂\当地\不少\石雕\艺人\改雕\北方\石狮\滇南\石狮\受到\前所未有\的\冲击\。\能\独立\设计\和\制作\滇南\石狮\的\艺人\已经\越来越少\亟需\加强\保护\。\年\滇南石狮雕刻技艺\入选\云南省\第三批\省级\非物质文化\遗产\代表性\项目\名录\。\项目\代表性\传承\人\是\鲁永红\、\解智达\。,
平川狮灯,第四批,民俗,宾川县文化馆,平川狮灯起源于嘉庆年间流传于云南省大理市宾川县平川镇及周边乡镇是平川人民世代相传的一种民俗活动每年正月初一至十五以及重大节庆日都会演出。演出集舞狮、舞鹿、舞鹤、舞麒麟于一体并伴之有风格独特的民族打击乐和唢呐伴奏玩灯后还有花灯演唱等祭祀娱人活动。平川狮灯主要由三大部分组成道具狮子、马鹿、白鹤、麒麟。经过开光、点相、挂红后用来出灯。伴奏乐器唢呐、鼓、钹、锣、镲、大铃。舞耍道具时按这种动物所规制曲牌和旋律节奏进行伴奏。玩灯。灯队受邀吹奏过路调到主家主家接灯灯头给主人三次报彩。报彩后迎财神财神驾动黑虎高举财神棒口颂祝词主人便用硬币和糖果打财神财神退场后开始表演花灯节目。平川狮灯满足了百姓大众期盼美好生活的心理需求和精神文化生活需要具有观赏和娱乐性增加了节庆的喜庆氛围在当地百姓心中有着重要的位置。平川狮灯动物道具的制作工艺复杂没固定的标准仅凭上辈艺人的亲身传授老艺人逐渐减少年青人参与较少面临断代。年平川狮灯入选云南省第四批省级非物质文化遗产代表性项目名录。项目代表性传承人是李文芳。,省级,平川狮灯\起源于\嘉庆\年间\流传\于\云南省\大理市\宾川县\平川\镇及\周边\乡镇\是\平川\人民\世代相传\的\一种\民俗\活动\每年\正月初一\至\十五\以及\重大\节庆日\都\会\演出\。\演出\集\舞狮\、\舞鹿\、\舞鹤\、\舞\麒麟\于\一体\并伴\之\有\风格\独特\的\民族\打击乐\和\唢呐\伴奏\玩灯\后\还有\花灯\演唱\等\祭祀\娱人\活动\。\平川狮灯\主要\由\三\大部分\组成\道具\狮子\、\马鹿\、\白鹤\、\麒麟\。\经过\开光\、\点相\、\挂红\后\用来\出灯\。\伴奏\乐器\唢呐\、\鼓\、\钹\、\锣\、\镲\、\大铃\。\舞耍\道具\时\按\这种\动物所\规制\曲牌\和\旋律\节奏\进行\伴奏\。\玩灯\。\灯队\受邀\吹奏\过路\调到\主\家主\家\接灯\灯头\给\主人\三次\报彩\。\报彩后\迎\财神\财神\驾动\黑虎\高举\财神\棒口\颂祝\词\主人\便用\硬币\和\糖果\打\财神\财神\退场\后\开始\表演\花灯\节目\。\平川狮灯\满足\了\百姓\大众\期盼\美好生活\的\心理\需求\和\精神\文化\生活\需要\具有\观赏\和\娱乐性\增加\了\节庆\的\喜庆\氛围\在\当地\百姓\心中\有着\重要\的\位置\。\平川狮灯\动物\道具\的\制作\工艺\复杂\没\固定\的\标准\仅凭\上辈\艺人\的\亲身\传授\老\艺人\逐渐\减少\年青人\参与\较\少\面临\断代\。\年\平川狮灯\入选\云南省\第四批\省级\非物质文化\遗产\代表性\项目\名录\。\项目\代表性\传承\人\是\李文芳\。,
傈僳族祭天古歌,云南省第四批,民间文学,云南省维西县,祭天古歌是傈僳族为了获得神的保佑而吟唱的祭天经文通常用傈僳语演唱。傈僳族群众中广泛流传祭天神的习俗尤以维西县叶枝镇的祭天最为隆重。每年夏历冬月傈僳族正月举行历时三天三夜由主持人祭天师吟唱二十四部祭天古歌。经过叶枝镇新洛村的哇忍波用自创的傈僳族音节文记录再由罗常培、张征东及傈僳族学者木玉璋、浩杰辉、丰庆忠等整理译注将其中的十七部保存下来。祭天经文内容包括神话传说、历史故事、自然现象、节令气候、生产生活、传统医药、求神祈福等方方面面是一部从不同侧面记录和反映傈僳族历史文化的重要资料。祭天古歌在民间有广泛传承谱系清晰。由于傈僳族祭天古歌吟唱的禁忌较多加之语言和习俗的限制给祭天古歌的学习和传承造成了一定的困难亟待保护。年傈僳族祭天古歌入选云南省第四批省级非物质文化遗产代表性项目名录。项目代表性传承人有余志新、余辉、大力等。,省级,祭天\古歌\是\傈僳族\为了\获得\神\的\保佑\而\吟唱\的\祭天\经文\通常\用\傈僳语\演唱\。\傈僳族\群众\中\广泛\流传\祭天\神\的\习俗\尤\以\维西县\叶枝\镇\的\祭天\最为\隆重\。\每年\夏历\冬月\傈僳族\正月\举行\历时\三天三夜\由\主持人\祭天\师\吟唱\二十四部\祭天\古歌\。\经过\叶枝\镇新洛村\的\哇\忍波用\自创\的\傈僳族\音节\文\记录\再\由\罗常培\、\张征\东及\傈僳族\学者\木玉璋\、\浩杰辉\、\丰庆忠\等\整理\译注\将\其中\的\十七部\保存\下来\。\祭天\经文\内容\包括\神话传说\、\历史\故事\、\自然现象\、\节令\气候\、\生产\生活\、\传统\医药\、\求神\祈福\等\方方面面\是\一部\从\不同\侧面\记录\和\反映\傈僳族\历史\文化\的\重要\资料\。\祭天\古歌\在\民间\有\广泛\传承\谱系\清晰\。\由于\傈僳族祭天古歌\吟唱\的\禁忌\较\多\加之\语言\和\习俗\的\限制\给\祭天\古歌\的\学习\和\传承\造成\了\一定\的\困难\亟待\保护\。\年\傈僳族祭天古歌\入选\云南省\第四批\省级\非物质文化\遗产\代表性\项目\名录\。\项目\代表性\传承\人\有余\志新\、\余辉\、\大力\等\。,傈僳族
昌宁唢呐乐,第四批,传统音乐,昌宁县文化馆,唢呐乐是保山昌宁珠街彝族民众十分喜爱的一种民间传统音乐它寄托人们生产生活中的喜怒哀乐流传历史悠久影响广泛。昌宁彝族唢呐乐源于南诏国宫廷至今有上千年的历史以唢呐世家父子相传和师徒相传的形式传承至今是彝家人举办祭祀、婚丧娶嫁、建房竖柱、老人过寿、庆祝丰收等重大活动必不可少的音乐。昌宁彝族唢呐是一种吹管乐器管身是木制呈圆椎形上端装有带哨子的铜管下端套一个铜制的喇叭口俗称碗口也称喇叭。唢呐音色明亮音量大发音高亢、嘹亮几百年来主要在民间的吹歌会、秧歌会、鼓乐班和地方曲艺、戏曲的伴奏中应用。昌宁彝族唢呐曲调内容上可分为祭祀调、喜庆调、忧伤调三类。不同的场合吹奏不同的曲目内容且有严格的要求。在祭天地、献山神、献财神、祭祀祖先时人们吹奏祭祀调。祭祀调代表性的曲目有《敬香调》《敬酒调》《敬茶调》等。在讨亲嫁娶、老人过寿、建房竖柱、合喜材、孩子满月、节日庆典中吹奏喜庆调喜庆调代表性的曲目有《开堂调》《压棚调》《迎客调》《过山调》《拜堂调》等。老人过世办丧事、下葬等场合吹奏忧伤调忧伤调代表性的曲目有《开咽喉调》《隔娘调》《下葬调》《隔魂调》等。昌宁彝族唢呐乐集中展现了彝族人民的创造力经过上千年世代传承在当地有重要影响。年昌宁彝族唢呐乐入选云南省第四批省级非物质文化遗产代表性项目名录扩展项目名录。项目代表性传承人是张正祥。,省级,唢呐\乐是\保山\昌宁\珠街\彝族\民众\十分\喜爱\的\一种\民间\传统\音乐\它\寄托\人们\生产\生活\中\的\喜怒哀乐\流传\历史悠久\影响\广泛\。\昌宁\彝族\唢呐\乐\源于\南诏国\宫廷\至今\有\上千年\的\历史\以\唢呐\世家\父子相传\和\师徒\相传\的\形式\传承\至今\是\彝\家人\举办\祭祀\、\婚丧\娶\嫁\、\建房\竖柱\、\老人\过寿\、\庆祝\丰收\等\重大\活动\必不可少\的\音乐\。\昌宁\彝族\唢呐\是\一种\吹\管乐器\管身\是\木制\呈\圆椎\形\上端\装有\带\哨子\的\铜管\下端\套\一个\铜制\的\喇叭口\俗称\碗口\也\称\喇叭\。\唢呐\音色\明亮\音量\大\发音\高亢\、\嘹亮\几百年\来\主要\在\民间\的\吹歌\会\、\秧歌\会\、\鼓乐\班\和\地方\曲艺\、\戏曲\的\伴奏\中\应用\。\昌宁\彝族\唢呐\曲调\内容\上\可\分为\祭祀\调\、\喜庆\调\、\忧伤\调\三类\。\不同\的\场合\吹奏\不同\的\曲目\内容\且\有\严格\的\要求\。\在\祭天\地\、\献\山神\、\献\财神\、\祭祀\祖先\时\人们\吹奏\祭祀\调\。\祭祀\调\代表性\的\曲目\有\《\敬香\调\》\《\敬酒\调\》\《\敬茶\调\》\等\。\在\讨亲\嫁娶\、\老人\过寿\、\建房\竖柱\、\合喜材\、\孩子\满月\、\节日\庆典\中\吹奏\喜庆\调\喜庆\调\代表性\的\曲目\有\《\开堂\调\》\《\压棚\调\》\《\迎客\调\》\《\过山调\》\《\拜堂\调\》\等\。\老人\过世\办\丧事\、\下葬\等\场合\吹奏\忧伤\调\忧伤\调\代表性\的\曲目\有\《\开\咽喉\调\》\《\隔娘\调\》\《\下葬\调\》\《\隔魂调\》\等\。\昌宁\彝族\唢呐\乐\集中\展现\了\彝族\人民\的\创造力\经过\上千年\世代\传承\在\当地\有\重要\影响\。\年\昌宁\彝族\唢呐\乐\入选\云南省\第四批\省级\非物质文化\遗产\代表性\项目\名录\扩展\项目\名录\。\项目\代表性\传承\人\是\张正祥\。,彝族
大关苗族花山节,云南省第一批,民俗,云南省大关县,大关县境内的苗族花山节称为岛庭捞。在苗语中岛为山庭为变捞为城岛庭捞意为欢跃地看山变为城。花山节在每年农历五月初五举行规模盛大全县九个乡镇及周边地区的苗族人都会参加辐射了相邻的贵州威宁、四川高县、珙县等地。大关苗族花山节历史悠久清代光绪末年苗族从贵州石门坎、四川珙县等地迁居到昭通大关县天星镇凉风坳一带。大关县于年创办凉风小学从此每年农历五月初五都在这里庆祝花山节。最初的花山节以祭祀活动为主花杆立起后会举行隆重的祭祀仪式祭奠祖先和神灵。祭祀完成后举行跳芦笙舞、对歌、踢球等比赛活动。随着时代的发展逐渐增加了篮球、足球、田径、爬山、射弩、赛马、绩麻、穿针、服饰展示、文艺演出、篝火晚会、物资交流等活动内容丰富多彩热闹非凡。大关苗族花山节的芦笙舞古朴而独具特色至今仍完整保留着十大芦笙套曲即《嘎绕》《更多吉》《更踏》《更逃》《更猎法》《更走》《更咋得》《更改嘎》《更尝斗》《更朝吉》每个套曲有固定的名称、曲调和舞蹈动作。除芦笙舞外还有大鼓、射弩等代表性项目。近年来当地涌现出一批优秀的芦笙舞表演团体和射弩运动选手在云南少数民族文艺和体育领域小有名气。年大关苗族花山节入选云南省第一批省级非物质文化遗产代表性项目名录。项目代表性传承人是杨兴明、韩义友、张明清等。,省级,大关县\境内\的\苗族花山节\称为\岛庭捞\。\在\苗语\中岛\为山庭\为\变捞\为\城岛庭\捞\意为\欢跃\地\看山\变为\城\。\花山节\在\每年\农历\五月\初五\举行\规模\盛大\全县\九个\乡镇\及\周边地区\的\苗族\人\都\会\参加\辐射\了\相邻\的\贵州\威宁\、\四川\高\县\、\珙县\等\地\。\大关苗族花山节\历史悠久\清代\光绪\末年\苗族\从\贵州\石\门坎\、\四川\珙县\等\地\迁居\到\昭通\大关县\天星\镇\凉风\坳\一带\。\大关县\于\年\创办\凉风\小学\从此\每年\农历\五月\初五\都\在\这里\庆祝\花山节\。\最初\的\花山节\以\祭祀\活动\为主\花杆\立起\后会\举行\隆重\的\祭祀\仪式\祭奠\祖先\和\神灵\。\祭祀\完成\后\举行\跳\芦笙舞\、\对歌\、\踢球\等\比赛\活动\。\随着\时代\的\发展\逐渐\增加\了\篮球\、\足球\、\田径\、\爬山\、\射弩\、\赛马\、\绩麻\、\穿针\、\服饰\展示\、\文艺演出\、\篝火\晚会\、\物资交流\等\活动\内容\丰富多彩\热闹非凡\。\大关苗族花山节\的\芦笙舞\古朴\而\独具特色\至今\仍\完整\保留\着\十大\芦笙\套曲\即\《\嘎绕\》\《\更\多吉\》\《\更\踏\》\《\更\逃\》\《\更\猎法\》\《\更\走\》\《\更\咋\得\》\《\更改\嘎\》\《\更尝斗\》\《\更朝吉\》\每个\套曲\有\固定\的\名称\、\曲调\和\舞蹈动作\。\除\芦笙舞\外\还有\大鼓\、\射弩\等\代表性\项目\。\近年来\当地\涌现出\一批\优秀\的\芦笙舞\表演\团体\和\射弩\运动选手\在\云南\少数民族\文艺\和\体育\领域\小有名气\。\年\大关苗族花山节\入选\云南省\第一批\省级\非物质文化\遗产\代表性\项目\名录\。\项目\代表性\传承\人\是\杨兴明\、\韩义友\、\张\明清\等\。,苗族
车灯,第四批,曲艺,云南省昭通市水富县今水富市文化馆,车灯演唱集说、唱、舞于一体内容多以传统和古典文学著作中的故事为主涵盖了文学、历史、民俗、人伦理义、忠孝节义等传统文化。除此之外艺人还能根据不同场合即兴填词创作。唱词格律主要是七字句和五字句。表演形式多样有多人说、唱、舞表演形式。传统形式主要是三人表演一人男扮女装饰演幺姑二人为逗灯手。其中一人领唱正词包括乐队在内的其他人帮腔唱衬句。水富车灯有三个灯调即正调、下河调、南路调。伴奏的乐器主要有锣、鼓、钹、小马锣、二胡、笛子等以锣鼓为主。道具主要有手帕、扇子、花枪等。车灯内容承载着当地民俗、历史、生态、人文等文化内涵其形式风趣幽默贴切民众有浓烈的乡土气息和亲民性百姓喜闻乐见是传播文化的有效方式。在车灯行业中掌门人必须德才兼备。传承方式为固定的师徒间口口相传。兴盛时期曾有著名车灯艺人邓月安、周开金、曹仁金、周茂纯、冯奎等三代传人。随着时间的流逝老一辈车灯艺人逐渐老去相继离世加上城镇化进程日益加快各种外来的艺术和娱乐形式相继涌入年轻一代不愿学习车灯文化遭遇冷落已濒临失传的边缘亟待加以有效保护。年车灯入选云南省第四批省级非物质文化遗产代表性项目名录。项目代表性传承人是冯奎。,省级,车灯\演唱\集说\、\唱\、\舞于\一体\内容\多以\传统\和\古典文学\著作\中\的\故事\为主\涵盖\了\文学\、\历史\、\民俗\、\人\伦理\义\、\忠孝节义\等\传统文化\。\除此之外\艺人\还\能\根据\不同\场合\即兴\填词\创作\。\唱词\格律\主要\是\七\字句\和\五\字句\。\表演\形式多样\有\多\人\说\、\唱\、\舞\表演\形式\。\传统\形式\主要\是\三人\表演\一人\男扮女装\饰演\幺\姑\二人\为\逗\灯手\。\其中\一人\领唱\正词\包括\乐队\在内\的\其他人\帮腔\唱\衬句\。\水富\车灯\有\三个\灯调\即\正调\、\下河\调\、\南路\调\。\伴奏\的\乐器\主要\有锣\、\鼓\、\钹\、\小马\锣\、\二胡\、\笛子\等\以\锣鼓\为主\。\道具\主要\有\手帕\、\扇子\、\花枪\等\。\车灯\内容\承载\着\当地\民俗\、\历史\、\生态\、\人文\等\文化\内涵\其\形式\风趣\幽默\贴切\民众\有\浓烈\的\乡土气息\和亲\民性\百姓\喜闻乐见\是\传播\文化\的\有效\方式\。\在\车灯\行业\中\掌门人\必须\德才兼备\。\传承\方式\为\固定\的\师徒\间\口口相传\。\兴盛\时期\曾\有\著名\车灯\艺人\邓月安\、\周\开金\、\曹仁金\、\周茂纯\、\冯奎\等\三代\传人\。\随着\时间\的\流逝\老一辈\车灯\艺人\逐渐\老去\相继\离世\加上\城镇化\进程\日益\加快\各种\外来\的\艺术\和\娱乐\形式\相继\涌入\年轻一代\不愿\学习\车灯\文化\遭遇\冷落\已\濒临\失传\的\边缘\亟待\加以\有效\保护\。\年\车灯\入选\云南省\第四批\省级\非物质文化\遗产\代表性\项目\名录\。\项目\代表性\传承\人\是\冯奎\。,
白族阿吒力民俗音乐,第四批,传统音乐,云南省大理白族自治州剑川县,白族阿吒力民俗音乐属于一种传统仪式乐舞它融音乐、舞蹈为一体有程式化的表演形式动作套路多姿多彩技巧较高。在南诏时期随佛教传入云南大理白族地区它与白族的土著文化相结合形成颇具民族性和地方性的艺术形式。阿吒力教是佛教密宗的重要派别其兴盛于南诏中晚期历元、明、清不衰至今已有多年的历史。白族的阿吒力民俗音乐与阿吒力教关系密切。白族阿吒力民俗音乐主要采用演唱形式来表现音乐丰富有近两百首腔调主要用白族的龙头三弦、哑胡、唢呐、芦管来伴奏。在长期的流传过程中它吸收了白族民间音乐舞蹈具有鲜明的地方民族特色。白语有六到八个声调用白语声调来读汉字称为汉字白读。白族阿吒力民俗音乐用汉字白读来演唱经文在音乐上作了创造性的改动形成了独自的风格。阿吒力佛教音乐中有些曲调只有剑川的阿吒力使用如超度亡灵时的白文经荐亡白词于施食时使用其唱词为三七七五式山花体都是白语用祭祀调演唱。白族阿吒力民俗音乐具有阿吒力佛教音乐、乐舞的独特价值已经引起国内外专家学者的重视。年白族阿吒力民俗音乐入选云南省第四批省级非物质文化遗产代表性项目名录。项目代表性传承人是杨云轩已故、张宗义、罗金科、车玉江。,省级,白族阿吒力民俗音乐\属于\一种\传统\仪式\乐舞\它融\音乐\、\舞蹈\为\一体\有\程式化\的\表演\形式\动作\套路\多姿多彩\技巧\较\高\。\在\南诏\时期\随\佛教\传入\云南\大理\白族\地区\它\与\白族\的\土著\文化\相结合\形成\颇具\民族性\和\地方性\的\艺术形式\。\阿吒力\教是\佛教\密宗\的\重要\派别\其\兴盛\于\南诏\中晚期\历元\、\明\、\清\不衰\至今已有\多年\的\历史\。\白族\的\阿吒力\民俗\音乐\与\阿吒力\教\关系密切\。\白族阿吒力民俗音乐\主要\采用\演唱\形式\来\表现\音乐\丰富\有近\两百\首\腔调\主要\用\白族\的\龙头\三弦\、\哑胡\、\唢呐\、\芦管\来\伴奏\。\在\长期\的\流传\过程\中\它\吸收\了\白族\民间\音乐舞蹈\具有\鲜明\的\地方\民族特色\。\白语\有六到\八个\声调\用白\语声\调来\读\汉字\称为\汉字\白读\。\白族阿吒力民俗音乐\用\汉字\白读\来\演唱\经文\在\音乐\上作\了\创造性\的\改动\形成\了\独自\的\风格\。\阿吒力\佛教音乐\中\有些\曲调\只有\剑川\的\阿吒力\使用\如\超度\亡灵\时\的\白文\经荐\亡白\词于\施食\时\使用\其\唱词\为\三七\七五\式\山花\体都\是\白语\用\祭祀\调\演唱\。\白族阿吒力民俗音乐\具有\阿吒力\佛教音乐\、\乐舞\的\独特\价值\已经\引起\国内外\专家学者\的\重视\。\年\白族阿吒力民俗音乐\入选\云南省\第四批\省级\非物质文化\遗产\代表性\项目\名录\。\项目\代表性\传承\人\是\杨云轩\已故\、\张宗义\、\罗\金科\、\车玉江\。,白族
七甸卤腐制作技艺,第四批,传统技艺,昆明七甸永圣酱菜食品有限公司,七甸历史上曾是马帮商贾云集之地几乎家家开马店户户卖咸菜。以卤腐为代表的七甸酱菜一直享有很高的声誉。据《呈贡县志》记载明朝洪武年间七甸的卤腐制作已经十分兴盛可见其已有数百年历史。七甸凉爽干燥的气候是传统发酵工艺中有益霉菌生长繁殖的最佳环境当地水质特佳而偏碱性是多家矿泉水厂的水源地为卤腐的制作创造了优良的环境。卤腐通常分为青方、红方、白方三大类七甸卤腐属于红方类采用自然的毛霉发酵法。其制作流程一般包括大豆筛选、浸泡、磨浆、过滤、煮浆、制浆、成型、压榨、切块、前发酵、晾晒、腌胚、后发酵、包装醇化等步骤。在这些基本工艺下面还有数道子工艺从选料到成品要经过近三十道工序。七甸卤腐通常在一年中气温最低的月至次年月生产然后在陶罐中醇化发酵半年方为成品。七甸卤腐以外红里黄、味香不咸、质地爽滑等特点著称。卤腐制作经过复杂工艺过程经微生物的作用蛋白质分解成多肽和氨基酸以及大量的低聚肽类富含多种营养物质具有抗衰老、降血脂、调节胰岛素等多种生理保健功能。年七甸卤腐制作技艺入选云南省第四批省级非物质文化遗产代表性项目名录。项目代表性传承人是郭少伟。,省级,七甸\历史\上\曾\是\马帮\商贾\云集\之地\几乎\家家\开\马店\户户\卖\咸菜\。\以\卤腐为\代表\的\七甸\酱菜\一直\享有\很\高\的\声誉\。\据\《\呈贡县\志\》\记载\明朝\洪武\年间\七甸\的\卤腐\制作\已经\十分\兴盛\可见\其\已有\数百年\历史\。\七甸\凉爽\干燥\的\气候\是\传统\发酵\工艺\中\有益\霉菌\生长\繁殖\的\最佳\环境\当地\水质\特佳\而\偏\碱性\是\多家\矿泉水\厂\的\水源地\为\卤腐\的\制作\创造\了\优良\的\环境\。\卤腐\通常\分为\青方\、\红方\、\白方\三大类\七甸\卤腐\属于\红方\类\采用\自然\的\毛霉\发酵法\。\其\制作\流程\一般\包括\大豆\筛选\、\浸泡\、\磨浆\、\过滤\、\煮\浆\、\制浆\、\成型\、\压榨\、\切块\、\前\发酵\、\晾晒\、\腌\胚\、\后\发酵\、\包装\醇化\等\步骤\。\在\这些\基本\工艺\下面\还有\数道\子\工艺\从\选料\到\成品\要\经过\近\三十\道工序\。\七甸\卤腐\通常\在\一年\中\气温\最低\的\月\至\次年\月\生产\然后\在\陶罐\中\醇化\发酵\半年\方\为\成品\。\七甸\卤腐\以外\红里\黄\、\味香\不\咸\、\质地\爽滑\等\特点\著称\。\卤腐\制作\经过\复杂\工艺\过程\经\微生物\的\作用\蛋白质\分解成\多肽\和\氨基酸\以及\大量\的\低\聚\肽\类\富含\多种营养\物质\具有\抗衰老\、\降血脂\、\调节\胰岛素\等\多种\生理\保健\功能\。\年\七甸卤腐制作技艺\入选\云南省\第四批\省级\非物质文化\遗产\代表性\项目\名录\。\项目\代表性\传承\人\是\郭少伟\。,
纳西族打跳,第四批,传统舞蹈,云南省丽江市玉龙纳西族自治县非遗保护中心,纳西族打跳纳西语亦称毕哩搓姿蹉咚劳丽蹉即汉语打跳边歌边舞的意思。纳西族打跳从元代《云南志略》到明朝木公诗以及东巴经中都有文字记载至今纳西民众凡遇节庆活动甚至平时都会到四方街、三朵阁、玉峰寺等地集会娱乐欢歌打跳。纳西族打跳有种曲调和舞步。打跳的基本步伐以交叉行进、跺跳、对脚跳为主有两跺脚七步、单打脚六步、抬脚跳七步、两跳两跺脚等舞步。在音乐伴奏下参与者以连臂一体小我连接大我圆形移动为基本运动方式以模仿动物及生产劳动的动作为主要特征目的在于健身、娱乐和交际是纳西族古老丧葬舞蹈通过宗教民俗化后遗留下来的原始身体运动的文化遗存也是纳西族最为古老的民间舞蹈。现已发展成为寓艺术教育、健身娱乐、礼仪教育及社会交际为一体的体育娱乐和艺术活动折射出纳西族和合稳重的艺术审美特征。纳西族打跳是纳西族传统文化的重要组成部分但随着时代的变迁受外来文化的冲击和农村青年进城务工等多种因素的影响随着老一辈纳西艺人的逐渐离世打跳走上了濒临失传的道路亟待保护。年纳西族打跳入选云南省第四批省级非物质文化遗产代表性项目名录。项目代表性传承人是和向军。,省级,纳西族打跳\纳西语\亦\称\毕哩\搓\姿\蹉咚\劳丽\蹉即\汉语\打跳\边歌\边舞\的\意思\。\纳西族打跳\从\元代\《\云南志\略\》\到\明朝\木公\诗\以及\东巴经\中\都\有\文字\记载\至今\纳西\民众\凡遇\节庆\活动\甚至\平时\都\会\到\四方街\、\三朵\阁\、\玉峰\寺\等\地\集会\娱乐\欢歌\打跳\。\纳西族打跳\有种\曲调\和\舞步\。\打跳\的\基本\步伐\以\交叉\行进\、\跺\跳\、\对脚\跳\为主\有\两\跺脚\七步\、\单打\脚\六步\、\抬脚\跳\七步\、\两跳\两\跺脚\等\舞步\。\在\音乐\伴奏\下\参与者\以连臂\一体\小\我\连接\大\我\圆形\移动\为\基本\运动\方式\以\模仿\动物\及\生产\劳动\的\动作\为\主要\特征\目的\在于\健身\、\娱乐\和\交际\是\纳西族\古老\丧葬\舞蹈\通过\宗教\民俗\化后\遗留下来\的\原始\身体\运动\的\文化\遗存\也\是\纳西族\最为\古老\的\民间舞蹈\。\现已\发展\成为\寓\艺术教育\、\健身\娱乐\、\礼仪\教育\及\社会\交际\为\一体\的\体育\娱乐\和\艺术\活动\折射出\纳西族\和合\稳重\的\艺术\审美\特征\。\纳西族打跳\是\纳西族\传统文化\的\重要\组成部分\但\随着\时代\的\变迁\受\外来文化\的\冲击\和\农村\青年\进城\务工\等\多种\因素\的\影响\随着\老一辈\纳西\艺人\的\逐渐\离世\打跳\走上\了\濒临\失传\的\道路\亟待\保护\。\年\纳西族打跳\入选\云南省\第四批\省级\非物质文化\遗产\代表性\项目\名录\。\项目\代表性\传承\人\是\和\向\军\。,纳西族
石屏彝族刺绣,第三批,传统美术,石屏县文化馆,石屏县彝族刺绣是依附于花腰彝族服饰而又独树一帜的传统美术形式内容丰富、形式多样、图案精美、色彩艳丽、原始朴素、生动活泼有很高的艺术观赏性刺绣服饰上的每个图案都蕴含着不同的文化内涵。主要有植物图案、动物图案、自然现象图案、几何图案、文字图案等。植物图案主要有马樱花、山茶花、牡丹花、石榴花、火草花、杨梅花、荷花、浮萍花等动物图案主要有孔雀、鸳鸯、蝴蝶、喜鹊、凤凰、虎、螺蛳等自然现象图案取材于自然界中的山川、河流、太阳、月亮、彩虹等表现了花腰彝族尊重大自然、热爱大自然与大自然和谐相处的观念和思想几何图案常见的有八角花、菊花、窗花、弯字、蚂蚁路等几何图案通常是连续的文字图案在花腰刺绣中较少使用有福寿禧等取幸福平安、长命百岁、富贵吉祥之意。刺绣图案的底样大部分是先由剪纸艺人剪出用面浆将图案纸样粘贴于布上然后用各色丝线通过手工一针一线绣制。刺绣时一边绣制一边配色色彩搭配和谐绚丽多姿以红黑色为主对比强烈辅以黄蓝绿白各色。刺绣图案通常以中心对称和轴对称为显著特征。年石屏彝族刺绣入选云南省第三批省级非物质文化遗产代表性项目名录扩展项目名录。项目代表性传承人是普丽仙、罗秀珍龙秀珍、普发珍。,省级,石屏县\彝族\刺绣\是\依附于\花腰彝族服饰\而\又\独树一帜\的\传统\美术\形式\内容丰富\、\形式多样\、\图案\精美\、\色彩艳丽\、\原始\朴素\、\生动活泼\有\很\高\的\艺术\观赏性\刺绣\服饰\上\的\每个\图案\都\蕴含着\不同\的\文化\内涵\。\主要\有\植物\图案\、\动物\图案\、\自然现象\图案\、\几何图案\、\文字\图案\等\。\植物\图案\主要\有马\樱花\、\山茶花\、\牡丹花\、\石榴花\、\火草花\、\杨\梅花\、\荷花\、\浮萍\花\等\动物\图案\主要\有\孔雀\、\鸳鸯\、\蝴蝶\、\喜鹊\、\凤凰\、\虎\、\螺蛳\等\自然现象\图案\取材于\自然界\中\的\山川\、\河流\、\太阳\、\月亮\、\彩虹\等\表现\了\花\腰\彝族\尊重\大自然\、\热爱\大自然\与\大自然\和谐\相处\的\观念\和\思想\几何图案\常见\的\有\八角\花\、\菊花\、\窗花\、\弯字\、\蚂蚁\路\等\几何图案\通常\是\连续\的\文字\图案\在\花\腰\刺绣\中较\少\使用\有\福寿\禧\等\取\幸福\平安\、\长命百岁\、\富贵\吉祥\之意\。\刺绣\图案\的\底样\大部分\是\先\由\剪纸\艺人\剪出\用\面浆\将\图案\纸样\粘贴\于布\上\然后\用\各色\丝线\通过\手工\一针一线\绣制\。\刺绣\时\一边\绣制\一边\配色\色彩\搭配\和谐\绚丽多姿\以红\黑色\为主\对比\强烈\辅以\黄\蓝绿\白\各色\。\刺绣\图案\通常\以\中心对称\和\轴对称\为\显著\特征\。\年\石屏彝族刺绣\入选\云南省\第三批\省级\非物质文化\遗产\代表性\项目\名录\扩展\项目\名录\。\项目\代表性\传承\人\是\普丽仙\、\罗秀珍\龙秀珍\、\普发珍\。,彝族
西双版纳普洱茶传统制作工艺,云南省第一批,传统技艺,云南省西双版纳普洱茶研究所,西双版纳是普洱茶的主要生产地和传承地是普洱茶原料大叶种茶的主要基地之一。清代阮福《普洱茶记》载所谓普洱茶者非普洱界内所产盖产于府属之思茅厅界也。厅治有茶山六处曰倚邦曰架布曰习崆曰蛮砖曰革登曰易武。此六大茶山史籍记述虽略有不同但均在西双版纳境内其传统制作技艺以七子饼茶最具代表性。西双版纳普洱茶的主要制作工艺包括采摘、揉捻、晒干、筛拣、拼配、蒸软、做型、压制、晾干、包装等。其中茶菁原料的拼配犹如烹饪的配菜、拼盘是保证茶叶品质和某一特定滋味、茶气的核心。茶叶分为春、夏、秋三季茶同一地区由于时令、季节变化茶菁的内含物质和外观、等级都有较大差别不同地区产的茶菁差别就更明显。因此要加工出一定品质和滋味的茶叶茶菁的拼配、重新组合成为必不可少的生产环节。拼配分为同一茶区不同节令茶的拼配、同一节令不同地区茶的拼配、不同等级茶的拼配等拼配没有固定模式其比例主要取决于滋味、品质和客户的要求。一般按盖面茶、茶、二梭茶合饼加工。具体制作方式为先进行主料的拼配即按比例将不同节令和等级的茶菁拼配混合待加工蒸压环节首先把少量芽茶放在蒸筒底部其次放入拼配好的茶菁再放入二梭茶蒸软用索片分三方倾斜插入筒内壁在空隙处放入芽茶再放入盖面茶进行复蒸。达到设定的温度和时间后将茶倒入三角布袋揉制再用石磨手工压制成形冷却后解袋晾晒。传统手工压制的西双版纳七子饼普洱茶条索清晰白毫显露美观大方松紧适度透气性好便于后发酵久存更佳方便取用其产品深受茶商欢迎供不应求。年西双版纳普洱茶传统制作工艺入选云南省级非物质文化遗产代表性项目名录扩展项目名录。项目代表性传承人是张毅、庄建丽、毛云生、桂云芝等。,省级,西双版纳\是\普洱茶\的\主要\生产\地\和\传承\地是\普洱茶\原料\大叶种\茶\的\主要\基地\之一\。\清代\阮福\《\普洱茶\记\》\载\所谓\普洱茶\者\非\普洱\界内\所产盖\产于\府\属\之\思茅\厅界\也\。\厅治有\茶山\六处\曰\倚邦\曰\架布\曰\习\崆\曰\蛮\砖\曰\革登\曰\易武\。\此\六大\茶山\史籍\记述\虽\略有不同\但\均\在\西双版纳\境内\其\传统\制作\技艺\以七子\饼\茶\最具\代表性\。\西双版纳\普洱茶\的\主要\制作\工艺\包括\采摘\、\揉\捻\、\晒干\、\筛\拣\、\拼配\、\蒸软\、\做型\、\压制\、\晾干\、\包装\等\。\其中\茶菁\原料\的\拼配\犹如\烹饪\的\配菜\、\拼盘\是\保证\茶叶\品质\和\某\一\特定\滋味\、\茶气\的\核心\。\茶叶\分为\春\、\夏\、\秋\三季\茶\同一\地区\由于\时令\、\季节\变化\茶菁\的\内含\物质\和\外观\、\等级\都\有\较大\差别\不同\地区\产\的\茶菁\差别\就\更\明显\。\因此\要\加工\出\一定\品质\和\滋味\的\茶叶\茶菁\的\拼配\、\重新组合\成为\必不可少\的\生产\环节\。\拼配\分为\同一\茶区\不同\节令\茶\的\拼配\、\同一\节令\不同\地区\茶\的\拼配\、\不同\等级\茶\的\拼配\等\拼配\没有\固定\模式\其\比例\主要\取决于\滋味\、\品质\和\客户\的\要求\。\一般\按盖\面茶\、\茶\、\二梭\茶合饼\加工\。\具体\制作\方式\为先\进行\主料\的\拼配\即\按\比例\将\不同\节令\和\等级\的\茶菁\拼配\混合\待\加工\蒸压\环节\首先\把\少量\芽茶\放在\蒸筒\底部\其次\放入\拼配\好\的\茶菁\再\放入\二梭\茶\蒸\软用\索片\分\三方\倾斜\插入\筒\内壁\在\空隙\处\放入\芽茶\再\放入\盖\面茶\进行\复蒸\。\达到\设定\的\温度\和\时间\后\将\茶\倒入\三角\布袋\揉制\再\用\石磨\手工\压制\成形\冷却\后\解袋\晾晒\。\传统\手工\压制\的\西双版纳\七子\饼\普洱茶\条索\清晰\白毫\显露\美观大方\松紧\适度\透气性\好\便于\后\发酵\久存\更佳\方便\取用\其\产品\深受\茶商\欢迎\供不应求\。\年\西双版纳普洱茶传统制作工艺\入选\云南\省级\非物质文化\遗产\代表性\项目\名录\扩展\项目\名录\。\项目\代表性\传承\人\是\张毅\、\庄建丽\、\毛云生\、\桂云芝\等\。,
呈贡剪纸,第三批,传统美术,呈贡区文化馆,呈贡区各民族的服饰及家居饰品均有刺绣民众的生活离不开剪纸。呈贡剪纸主要有纹样剪纸、装饰剪纸及民俗剪纸等形式。呈贡区纹样剪纸多为服饰刺绣底样如鞋花、围腰花、帐檐花、帽花、枕头花、包头花、被面花、儿童背被花等装饰剪纸多为节庆窗花如十二生肖、狮子滚绣球、凤穿牡丹、鸳鸯戏水、鲤鱼跳龙门等民俗剪纸多用于祭祀如摇钱树、金童玉女、金山银山、波绕船、寿钱、望乡台、奈何桥、度魂车、引魂幡、十王等。呈贡剪纸对生活素材进行去粗取精删繁就简采用造型夸张的手法使形象更具特征性和艺术魅力。呈贡剪纸一般有剪刀剪和刀剪两种方法。剪刀剪是借助于剪刀剪完后再把几张一般不超过张剪纸粘贴起来最后再用锋利的剪刀对图案进行加工刀剪则是先把纸张折成数叠放在由灰和动物脂肪组成的松软的底垫上用小刀慢慢刻划。剪纸艺人竖直握刀根据一定的模型将纸加工成所要的图案。和剪刀剪相比刀剪的一个优势就是一次可以加工多个剪纸图案。呈贡剪纸充满民俗、信仰、哲学的主题内容丰富寓意深厚祥和的图案展现出祈望吉祥的期望。其剪纸艺术存活在乡间传承人多为乡间妇女。年呈贡剪纸入选云南省第三批省级非物质文化遗产代表性项目名录扩展项目名录。项目代表性传承人是袁狱兰。,省级,呈贡\区\各\民族\的\服饰\及\家居饰品\均\有\刺绣\民众\的\生活\离不开\剪纸\。\呈贡剪纸\主要\有\纹样\剪纸\、\装饰\剪纸\及\民俗\剪纸\等\形式\。\呈贡\区\纹样\剪纸\多为\服饰\刺绣\底样\如鞋\花\、\围\腰花\、\帐檐\花\、\帽花\、\枕头\花\、\包头\花\、\被\面花\、\儿童\背\被\花\等\装饰\剪纸\多为\节庆\窗花\如\十二生肖\、\狮子\滚绣球\、\凤穿\牡丹\、\鸳鸯戏水\、\鲤鱼\跳龙门\等\民俗\剪纸\多\用于\祭祀\如\摇钱树\、\金童玉女\、\金山\银山\、\波绕\船\、\寿钱\、\望乡台\、\奈何桥\、\度\魂车\、\引魂\幡\、\十王\等\。\呈贡剪纸\对\生活\素材\进行\去粗取精\删繁就简\采用\造型\夸张\的\手法\使\形象\更具\特征性\和\艺术\魅力\。\呈贡剪纸\一般\有\剪刀\剪\和\刀剪\两种\方法\。\剪刀\剪\是\借助于\剪刀\剪\完后\再\把\几张\一般\不\超过\张\剪纸\粘贴\起来\最后\再用\锋利\的\剪刀\对\图案\进行\加工\刀剪\则\是\先\把\纸张\折\成数\叠放\在\由\灰\和\动物\脂肪\组成\的\松软\的\底垫\上用\小刀\慢慢\刻划\。\剪纸\艺人\竖直\握刀\根据\一定\的\模型\将\纸\加工\成所要\的\图案\。\和\剪刀\剪\相比\刀剪\的\一个\优势\就是\一次\可以\加工\多个\剪纸\图案\。\呈贡剪纸\充满\民俗\、\信仰\、\哲学\的\主题\内容丰富\寓意\深厚\祥和\的\图案\展现出\祈望\吉祥\的\期望\。\其\剪纸\艺术\存活\在\乡间\传承\人多为\乡间\妇女\。\年\呈贡剪纸\入选\云南省\第三批\省级\非物质文化\遗产\代表性\项目\名录\扩展\项目\名录\。\项目\代表性\传承\人\是\袁狱\兰\。,
傣族竹编,第四批,传统美术,玉溪市新平彝族傣族自治县文化馆,竹编傣语称为散美是花腰傣喜爱和擅长的传统竹编制作技艺。花腰傣聚居村寨周边溪水淙淙翠竹环绕利用这样得天独厚的资源花腰傣人通过巧手编织将竹子变成了与生活息息相关的器物融入到当地人们的生产生活中。傣族竹编工序主要分为起底、编织、锁口三道在编织过程中以经纬编织法为主在经纬编织的基础上有些竹编制品还会穿插些如疏编、插、穿、削、锁、钉、扎、套等技法使编出的图案花色多样。竹编制品主要以花腰傣妇女的秧箩、背箩、斗笠为主其次是鱼笼、鳝笼、竹蔑桌凳、果篮等生产生活用具和达辽等祭祀用具。傣族竹编反映了花腰傣的特色文化、习俗风情是花腰傣女子出嫁时娘家陪嫁中必不可少的物品。花腰傣的鸡枞斗笠是花腰傣区别于其他傣族的最显著标志是花腰傣服饰的一个重要组成部分。竹编制品在傣族人生中占有着重要地位和傣族古老神秘的礼俗相依存对研究花腰傣婚俗、葬礼、信仰等历史文化有重要研究价值。年傣族竹编入选云南省第四批省级非物质文化遗产代表性项目名录。项目代表性传承人是李正清。,省级,竹编\傣语\称为\散美\是\花\腰\傣\喜爱\和\擅长\的\传统\竹编\制作\技艺\。\花腰\傣\聚居\村寨\周边\溪水\淙淙\翠竹\环绕\利用\这样\得天独厚\的\资源\花腰\傣人\通过\巧手\编织\将\竹子\变成\了\与\生活\息息相关\的\器物\融入\到\当地\人们\的\生产\生活\中\。\傣族竹编\工序\主要\分为\起底\、\编织\、\锁口\三道\在\编织\过程\中以\经纬\编织\法\为主\在\经纬\编织\的\基础\上\有些\竹编\制品\还会\穿插\些\如\疏编\、\插\、\穿\、\削\、\锁\、\钉\、\扎\、\套\等\技法\使\编出\的\图案\花色\多样\。\竹编\制品\主要\以花\腰\傣\妇女\的\秧箩\、\背箩\、\斗笠\为主\其次\是\鱼笼\、\鳝笼\、\竹蔑\桌凳\、\果篮\等\生产\生活\用具\和\达\辽\等\祭祀\用具\。\傣族竹编\反映\了\花\腰\傣\的\特色\文化\、\习俗\风情\是\花\腰\傣\女子\出嫁\时\娘家\陪嫁\中\必不可少\的\物品\。\花腰\傣\的\鸡\枞\斗笠\是\花\腰\傣\区别\于\其他\傣族\的\最\显著标志\是\花\腰\傣\服饰\的\一个\重要\组成部分\。\竹编\制品\在\傣族\人生\中\占有\着\重要\地位\和\傣族\古老\神秘\的\礼俗\相\依存\对\研究\花腰\傣\婚俗\、\葬礼\、\信仰\等\历史\文化\有\重要\研究\价值\。\年\傣族竹编\入选\云南省\第四批\省级\非物质文化\遗产\代表性\项目\名录\。\项目\代表性\传承\人\是\李正清\。,傣族
彝族羊皮褂制作技艺,第四批,,云南省楚雄彝族自治州永仁县,唐代《蛮书》记载云南先人男女皆披羊皮这充分说明彝族羊皮褂有悠久的历史当地彝族穿羊皮褂的习俗一直沿袭至今。彝族服饰种类众多样式繁杂图案丰富羊皮褂是其中最具代表性的服饰之一。彝族羊皮褂的制作流程是剥皮晒干泡水羊皮干后用脚蹬平然后抹鸡油边晒边揉直到柔软再用湿沙子捂冬季两夜其他季节一夜之后用脚蹬蹬长蹬宽铲平白土垡磨白裁剪缝制。彝族羊皮褂分为绵羊皮和山羊皮两种。绵羊皮毛向内皮褂下部有绣花主要用于保暖。山羊皮褂以毛长、色黑为宜。一件羊皮褂用两张上好羊皮剪裁、缝制而成皮褂必须有四只脚和一条羊尾的皮保留完好否则便失去价值。羊皮褂是彝族众多服饰中历史久远、舒适耐用的一种具有御寒、装饰、劳保、行李、社交等功能和文化内涵影响着彝族千百年来服饰文化的演变和发展。如今羊皮褂也是永仁彝族姑娘出嫁的必备嫁妆。近年来熟练掌握彝族羊皮褂制作技艺的匠人日渐减少由于外来服饰文化的冲击喜爱穿羊皮褂的彝族群众也有所减少。在永仁彝族聚居区食用带皮羊肉的人不断增加天然羊皮来源减少彝族羊皮褂制作技艺的传承面临困境。年彝族羊皮褂制作技艺入选云南省第四批省级非物质文化遗产代表性项目名录。,省级,唐代\《\蛮书\》\记载\云南\先人\男女\皆\披\羊皮\这\充分说明\彝族\羊皮\褂\有\悠久\的\历史\当地\彝族\穿\羊皮\褂\的\习俗\一直\沿袭\至今\。\彝族\服饰\种类\众多\样式\繁杂\图案\丰富\羊皮\褂\是\其中\最具\代表性\的\服饰\之一\。\彝族\羊皮\褂\的\制作\流程\是\剥皮\晒干\泡水\羊皮\干后\用\脚蹬\平\然后\抹\鸡\油边\晒\边\揉\直到\柔软\再用\湿\沙子\捂\冬季\两夜\其他\季节\一夜\之后\用\脚蹬\蹬\长\蹬\宽\铲平\白土\垡\磨白\裁剪\缝制\。\彝族\羊皮\褂\分为\绵羊\皮\和\山羊皮\两种\。\绵羊\皮毛\向\内皮\褂\下部\有\绣花\主要\用于\保暖\。\山羊皮\褂以\毛长\、\色\黑为\宜\。\一件\羊皮\褂用\两张\上\好\羊皮\剪裁\、\缝制\而成\皮褂\必须\有\四只\脚\和\一条\羊尾\的\皮\保留\完好\否则\便\失去\价值\。\羊皮\褂\是\彝族\众多\服饰\中\历史\久远\、\舒适\耐用\的\一种\具有\御寒\、\装饰\、\劳保\、\行李\、\社交\等\功能\和\文化\内涵\影响\着\彝族\千百年来\服饰文化\的\演变\和\发展\。\如今\羊皮\褂\也\是\永仁\彝族\姑娘\出嫁\的\必备\嫁妆\。\近年来\熟练掌握\彝族羊皮褂制作技艺\的\匠人\日渐\减少\由于\外来\服饰文化\的\冲击\喜爱\穿\羊皮\褂\的\彝族\群众\也\有所\减少\。\在\永仁\彝族\聚居区\食用\带皮\羊肉\的\人\不断\增加\天然\羊皮\来源\减少\彝族羊皮褂制作技艺\的\传承\面临\困境\。\年\彝族羊皮褂制作技艺\入选\云南省\第四批\省级\非物质文化\遗产\代表性\项目\名录\。,彝族
傣族木雕,第四批,传统美术,德宏州芒市文化馆芒市非物质文化遗产保护中心,傣族传统木雕有圆雕、浮雕和透雕三大类。圆雕最具代表性的作品是泼水龙。泼水龙是芒市傣族泼水节浴佛仪式上神圣而不可缺的重要道具做工精良设计巧妙龙口能喷水浴佛在芒市的傣族、德昂族村寨的奘房内必须都有一条泼水龙。圆雕有佛像、神像、神兽等。浮雕规格为厘米厘米厚厘米雕刻有佛经故事内容丰富结构复杂代表着芒市傣族传统木雕最高水准是傣家喜爱的赕佛供品通常悬挂于奘房佛像两侧。透雕类型中最具代性的是佛龛。傣族传统木雕风格独特在吸收东南亚木雕艺术特色的基础上尤其注重实用性和装饰性造型庄严古朴民族特色和地域特点突出。傣族传统木雕具有深厚的历史文化和佛教文化内涵有较强的艺术感染力是傣族传统文化的重要组成部分展现出较高的雕刻技能具有较高的艺术文化价值。傣族传统木雕有部分遭到了破坏如奘房建筑木质雕刻大量流失传统的木雕泼水龙改用铁皮等非传统材料制作等。艺人老年化严重传承现状不容乐观。年傣族木雕入选云南省第四批省级非物质文化遗产代表性项目名录。项目代表性传承人是腾四。,省级,傣族\传统\木雕\有\圆雕\、\浮雕\和\透雕\三大类\。\圆雕\最具\代表性\的\作品\是\泼\水龙\。\泼\水龙\是\芒市\傣族泼水节\浴佛\仪式\上\神圣\而\不可\缺\的\重要\道具\做工\精良\设计\巧妙\龙口\能\喷水\浴佛\在\芒市\的\傣族\、\德昂族\村寨\的\奘\房内\必须\都\有\一条\泼\水龙\。\圆雕\有\佛像\、\神像\、\神兽\等\。\浮雕\规格\为\厘米\厘米\厚\厘米\雕刻\有\佛经\故事\内容丰富\结构复杂\代表\着\芒市\傣族\传统\木雕\最高\水准\是\傣家\喜爱\的\赕佛\供品\通常\悬挂\于奘房\佛像\两侧\。\透雕\类型\中\最\具代性\的\是\佛龛\。\傣族\传统\木雕\风格\独特\在\吸收\东南亚\木雕\艺术\特色\的\基础\上\尤其\注重\实用性\和\装饰性\造型\庄严\古朴\民族特色\和\地域\特点\突出\。\傣族\传统\木雕\具有\深厚\的\历史\文化\和\佛教文化\内涵\有\较\强\的\艺术\感染力\是\傣族\传统文化\的\重要\组成部分\展现出\较\高\的\雕刻\技能\具有\较\高\的\艺术\文化价值\。\傣族\传统\木雕\有\部分\遭到\了\破坏\如奘房\建筑\木质\雕刻\大量\流失\传统\的\木雕\泼\水龙\改用\铁皮\等\非传统\材料\制作\等\。\艺人\老年\化\严重\传承\现状\不容乐观\。\年\傣族木雕\入选\云南省\第四批\省级\非物质文化\遗产\代表性\项目\名录\。\项目\代表性\传承\人\是\腾\四\。,傣族
永德彝族葫芦笙舞,第三批,传统舞蹈,永德县民族民间文化艺术研究所,永德县彝族俐侎人葫芦笙舞历史悠久元朝泰定年间就有相关文献记载。跳葫芦笙舞是俐侎人生产生活、节庆祭祀、婚丧嫁娶等活动中的一种特殊的情感表达方式分为小歌和大歌。小歌是男女老幼同欢同乐音乐节奏缓慢舞蹈动作轻快优美一人唱调众人配合踏舞大歌则仅限于男性青壮年表演动作刚健有力音乐热情豪放一人领唱众人齐声回应。葫芦笙舞多以男女老少逆时针围圈群舞亦有独舞和顺时针的跳法。大歌多以跺、腾、踢、提、迈、踮、转身跳跃为主小歌动作多以左右脚踏步、迈、抬、擦地、转身、摆手为主。葫芦笙分为大葫芦笙和小葫芦笙两种有大芦笙不吹奏小芦笙不得出声音的说法。习惯上吹大葫芦笙者在前吹小葫芦笙者跟上众人跟在小葫芦笙后面踏歌而舞。葫芦笙舞有个套路其中祭祀性舞蹈个如起头歌、接歌、小直歌、踮歌、蹩脚歌、绕棺歌、抵孝歌自娱性舞蹈个如大直歌、跺三脚、扫地歌、箐鸡摆尾、阿弩西和、二退四、斑鸠吃水、靠篱笆、对脚歌、滑歌、赶牛歌、喜鹊歌、吵脚歌、里翻外里、阴事扫地歌。个舞蹈套路中绕棺歌、抵孝歌、阴事扫地歌个为忧事歌另外个为喜事歌。葫芦笙舞在俐侎山寨代代相传上至六七十岁的老人下至几岁小孩都能唱会跳。年永德县葫芦笙舞入选云南省第三批省级非物质文化遗产代表性项目名录扩展项目名录。项目代表性传承人是曹福昌、张金保。,省级,永德县\彝族\俐\侎\人\葫芦\笙舞\历史悠久\元朝\泰定\年间\就\有\相关\文献\记载\。\跳\葫芦\笙舞\是俐\侎\人\生产\生活\、\节庆\祭祀\、\婚丧嫁娶\等\活动\中\的\一种\特殊\的\情感\表达方式\分为\小歌\和\大歌\。\小歌\是\男女老幼\同欢\同乐\音乐\节奏\缓慢\舞蹈动作\轻快\优美\一人唱调\众人\配合\踏舞\大歌\则\仅限于\男性\青壮年\表演\动作\刚健\有力\音乐\热情\豪放\一人\领唱\众人\齐声\回应\。\葫芦\笙\舞多以\男女老少\逆时针\围圈\群舞\亦\有\独舞\和\顺时针\的\跳法\。\大歌\多以\跺\、\腾\、\踢\、\提\、\迈\、\踮\、\转身\跳跃\为主\小歌\动作\多以\左右脚\踏步\、\迈\、\抬\、\擦\地\、\转身\、\摆手\为主\。\葫芦\笙\分为\大\葫芦\笙\和\小\葫芦\笙\两种\有大\芦笙\不\吹奏\小\芦笙\不得\出\声音\的\说法\。\习惯\上\吹\大\葫芦\笙者\在\前\吹\小\葫芦\笙者\跟上\众人\跟\在\小\葫芦\笙\后面\踏歌\而舞\。\葫芦\笙舞\有个\套路\其中\祭祀\性\舞蹈\个\如\起头\歌\、\接歌\、\小直\歌\、\踮\歌\、\蹩脚\歌\、\绕\棺歌\、\抵孝歌\自娱性\舞蹈\个\如大直\歌\、\跺\三脚\、\扫地\歌\、\箐\鸡\摆尾\、\阿弩西\和\、\二退\四\、\斑鸠\吃水\、\靠\篱笆\、\对\脚歌\、\滑歌\、\赶牛\歌\、\喜鹊\歌\、\吵脚歌\、\里\翻\外里\、\阴事\扫地\歌\。\个\舞蹈\套路\中绕\棺歌\、\抵孝歌\、\阴事\扫地\歌个\为\忧事歌\另外\个\为\喜事\歌\。\葫芦\笙\舞在俐\侎\山寨\代代相传\上\至\六七十岁\的\老人\下\至\几岁\小孩\都\能\唱会\跳\。\年\永德县\葫芦\笙舞\入选\云南省\第三批\省级\非物质文化\遗产\代表性\项目\名录\扩展\项目\名录\。\项目\代表性\传承\人\是\曹\福昌\、\张金保\。,彝族
甸北白族田埂调,第四批,传统音乐,云南省大理白族自治州鹤庆县,甸北白族田埂调属于白族民歌是一种对口山歌男女用汉语对唱。它原是汉调自元、明代实行屯田后与当地白族长期相处逐渐在白族群众中流行成为当地汉族和白族共同拥有的一种山歌小调形式。流传于云南省大理白族自治州鹤庆县辛屯镇、草海镇一带。自鹤庆开埠以来就有传唱明代屯军开始有汉调融入流传至今已有近千年历史。甸北白族田埂调曲调清脆悦耳缠绵悠雅调子可以清唱也可以小三弦、笛子、柳叶等伴奏。由于它以调子的形式表达人们的悲欢离合倾诉男女间的爱恨情愁逐步融入到年青人的恋爱生活中形成独具风格的白族民歌。唱时以阿小妹哥为引子两句一联中间加一句衬词。内容可分为《相思调》《相交调》《采花调》《叙苦情》等。对唱双方可根据流传歌词或触景生情即兴随编随唱一联一联对唱下去。演唱词结构为一唱一答七言二句或者九言二句自由结合修辞方法多用拟人、比喻、夸张等手法内容极为丰富。甸北白族田埂调是当地白族全民性的歌谣是人们对生产和生活、节庆活动中重要的情绪表达媒介成为白族传统文化的重要内容。大理每年都举办一届民歌赛让它有更大的生存和发展空间利用集会开展传承活动鼓励广大青年积极参与。年甸北白族田埂调入选云南省第四批省级非物质文化遗产代表性项目名录。项目代表性传承人是洪子盛。,省级,甸北白族田埂调\属于\白族\民歌\是\一种\对口\山歌\男女\用\汉语\对唱\。\它\原是\汉调\自元\、\明代\实行\屯田\后\与\当地\白族\长期\相处\逐渐\在\白族\群众\中\流行\成为\当地\汉族\和\白族\共同\拥有\的\一种\山歌\小调\形式\。\流传\于\云南省\大理白族自治州\鹤庆县\辛屯镇\、\草海\镇\一带\。\自\鹤庆\开埠\以来\就\有\传唱\明代\屯军\开始\有\汉调\融入\流传\至今已有\近\千年\历史\。\甸北白族田埂调\曲调\清脆悦耳\缠绵\悠雅\调子\可以\清唱\也\可以\小\三弦\、\笛子\、\柳叶\等\伴奏\。\由于\它\以\调子\的\形式\表达\人们\的\悲欢离合\倾诉\男女\间\的\爱恨\情愁\逐步\融入\到\年青人\的\恋爱\生活\中\形成\独具\风格\的\白族\民歌\。\唱时\以\阿\小妹\哥为\引子\两句\一\联\中间\加\一句\衬词\。\内容\可\分为\《\相思\调\》\《\相交\调\》\《\采花\调\》\《\叙\苦情\》\等\。\对唱\双方\可\根据\流传\歌词\或\触景生情\即兴\随编\随唱\一联\一联\对唱\下去\。\演唱\词\结构\为\一唱\一答\七言\二句\或者\九言\二句\自由\结合\修辞\方法\多用\拟人\、\比喻\、\夸张\等\手法\内容\极为\丰富\。\甸北白族田埂调\是\当地\白族\全民性\的\歌谣\是\人们\对\生产\和\生活\、\节庆\活动\中\重要\的\情绪\表达\媒介\成为\白族\传统文化\的\重要\内容\。\大理\每年\都\举办\一届\民歌\赛\让\它\有\更\大\的\生存\和\发展\空间\利用\集会\开展\传承\活动\鼓励\广大青年\积极参与\。\年\甸北白族田埂调\入选\云南省\第四批\省级\非物质文化\遗产\代表性\项目\名录\。\项目\代表性\传承\人\是\洪子\盛\。,白族
文山苗族花山节,云南省第一批,民俗,云南省文山壮族苗族自治州,文山苗族花山节一般在春节过后的正月初二、初三至初八举行三天第四天是收杆仪式以马关县较具代表性也称为踩花山或踩山苗语称为够道厚道等。花山节历史悠久相传是为纪念苗族祖先征战、迁徙的艰难历程而举办。明代的《嘉靖图志》记载男女未婚者每岁三、四月聚集于场圃间中立一杆环绕跳跃歌唱。花杆是苗族花山节的标志物一般选择十余米高的杉树剥光树皮立地而起树尖顶部系各色彩带代表苗族各个支系的团结和繁荣昌盛。只要花杆立起当地苗族同胞就会自发集聚于花杆下过节。文山苗族花山节一般有立杆、祭杆、闹杆、收杆四个环节其中祭杆、闹杆最为隆重。嚆榜盟主用苗语宣布祭杆仪式开始击鼓鸣号。在音乐声中嚆榜手持象征平安顺达的桑树枝率领祭杆队伍缓步而出四名芦笙手、九名手持盾牌的武士、八名双手捧着红白蓝布条的少女紧随其后之后是芦笙队、刀棍武术队、盾牌队等他们随着牛皮鼓的节奏围绕花杆缓步绕圈而后朝东方肃立。嚆榜杀鸡祭奠祖先、英雄和神灵随后向各方来宾敬酒。祭杆队伍绕杆唱诵古歌。仪式结束后开始闹杆包括吹芦笙、弹响篾、跳芦笙舞、跳盾牌舞、耍大刀棍棒、翻板凳、爬花杆、斗牛、射弩、打陀螺和情歌对唱等活动内容丰富多彩。其中最为惊险的是爬花杆比赛年轻力壮的苗族小伙子比赛爬杆谁最先摘下杆顶的礼物谁就是花山节的英雄也会受到姑娘们的青睐。收杆仪式后人们将悬挂的布条剪下拴在孩子们手上保佑他们健康成长。年文山苗族花山节入选云南省第一批省级非物质文化遗产代表性项目名录。项目代表性传承人是杨文云。,省级,文山苗族花山节\一般\在\春节\过后\的\正月初二\、\初三\至\初八\举行\三天\第四天\是\收杆\仪式\以\马关县\较具\代表性\也\称为\踩花山\或\踩\山\苗语\称为\够\道\厚道\等\。\花山节\历史悠久\相传\是\为\纪念\苗族\祖先\征战\、\迁徙\的\艰难\历程\而\举办\。\明代\的\《\嘉靖\图志\》\记载\男女\未婚者\每岁\三\、\四月\聚集\于\场圃\间\中立\一杆\环绕\跳跃\歌唱\。\花杆\是\苗族花山节\的\标志物\一般\选择\十余米\高\的\杉树\剥光\树皮\立地\而\起树尖\顶部\系\各\色彩\带\代表\苗族\各个\支系\的\团结\和\繁荣昌盛\。\只要\花杆\立起\当地\苗族\同胞\就\会\自发\集聚\于\花杆\下\过节\。\文山苗族花山节\一般\有立杆\、\祭杆\、\闹杆\、\收杆\四个\环节\其中\祭杆\、\闹杆\最为\隆重\。\嚆榜\盟主\用\苗语\宣布\祭杆\仪式\开始\击鼓\鸣号\。\在\音乐声\中\嚆\榜\手持\象征\平安\顺达\的\桑\树枝\率领\祭杆\队伍\缓步\而出\四名\芦笙\手\、\九名\手持\盾牌\的\武士\、\八名\双手\捧\着\红白\蓝布\条\的\少女\紧随其后\之后\是\芦笙\队\、\刀棍\武术队\、\盾牌\队\等\他们\随着\牛皮\鼓\的\节奏\围绕\花杆\缓步\绕圈\而后\朝\东方\肃立\。\嚆榜\杀鸡\祭奠\祖先\、\英雄\和\神灵\随后\向\各方\来宾\敬酒\。\祭杆\队伍\绕杆\唱诵\古歌\。\仪式\结束\后\开始\闹杆\包括\吹\芦笙\、\弹响\篾\、\跳\芦笙舞\、\跳\盾牌舞\、\耍\大刀\棍棒\、\翻\板凳\、\爬\花杆\、\斗牛\、\射弩\、\打\陀螺\和\情歌\对唱\等\活动\内容\丰富多彩\。\其中\最为\惊险\的\是\爬\花杆\比赛\年轻力壮\的\苗族\小伙子\比赛\爬杆\谁\最先\摘下\杆顶\的\礼物\谁\就是\花山节\的\英雄\也\会\受到\姑娘\们\的\青睐\。\收杆\仪式\后\人们\将\悬挂\的\布条\剪下\拴\在\孩子\们\手上\保佑\他们\健康成长\。\年\文山苗族花山节\入选\云南省\第一批\省级\非物质文化\遗产\代表性\项目\名录\。\项目\代表性\传承\人\是\杨文云\。,苗族
诺邓火腿制作技艺,第四批,传统技艺,云南省云龙县,诺邓火腿是以诺邓村为代表包括大理州云龙县境内其他七个有盐井的白族古村的群众运用传统工艺制作而成的火腿其中以诺邓村生产的火腿最为出名故名诺邓火腿。诺邓火腿制作技艺传承久远、工艺独特其历史与云龙古代盐井的开发相生相伴。云龙县古代曾有八大盐井分布于今诺邓镇、宝丰乡、检槽乡、白石镇其中以诺邓镇诺邓村最具代表性。使用古盐井中的卤盐进行腌制是诺邓火腿的最大特点也是其风味独具一格的关键。制作诺邓火腿主要包括选料、修割定形、晾干除水、排血、洒酒除菌、拍压上盐、腌制、上盐泥、发酵、风干等工序。诺邓火腿选料讲究一般选用放养或纯粮食喂养的本地山猪在每年农历冬月、腊月宰杀取其后腿加工。将新鲜猪腿晾小时用刀将表层打整光滑用锥子在血脉处扎几下挤出里面的血水在猪腿上均匀地洒抹苞谷酒。取诺邓古盐井中的卤盐均匀地撒在猪腿上边撒边搓让猪腿充分吸收盐分。最后在猪腿上均匀地撒上一层盐用手轻拍把猪腿皮朝下平放于木缸或铁锅盖上盖子腌制天拿出后先撒上一层盐再在外面均匀地涂抹一层灶灰、诺邓盐卤水下沉淀的泥浆混合的稀泥这种稀泥有保鲜、增香和防虫的作用涂抹完成后用绳子吊挂在阴凉、通风处半年以上即可食用此时火腿表面会长有一层绿色的霉菌称为挂绿衣。火腿存放时间越长香味越浓一般三至五年的为上品。诺邓火腿制作技艺作为云龙当地白族在生产生活实践中创造出的一种独特技艺是云龙盐井文化和白族文化的重要载体体现了白族人民的生存智慧和超凡创造力。诺邓火腿鲜香可口含人体所需的钾、镁等微量元素营养丰富食用方法灵活多样是当地的一种传统美食。年诺邓火腿制作技艺入选云南省第四批省级非物质文化遗产代表性项目名录扩展项目名录。项目代表性传承人是杨伍松。,省级,诺邓\火腿\是\以诺\邓村\为\代表\包括\大理州\云龙县\境内\其他\七个\有\盐井\的\白族\古村\的\群众\运用\传统\工艺制作\而成\的\火腿\其中\以诺\邓村\生产\的\火腿\最为\出名\故名诺\邓\火腿\。\诺邓火腿制作技艺\传承\久远\、\工艺\独特\其\历史\与\云龙\古代\盐井\的\开发\相生相\伴\。\云龙县\古代\曾\有\八大\盐井\分布\于今\诺\邓镇\、\宝丰\乡\、\检槽\乡\、\白石\镇\其中\以诺\邓镇诺\邓村\最具\代表性\。\使用\古\盐井\中\的\卤\盐\进行\腌制\是\诺\邓\火腿\的\最大\特点\也\是\其\风味\独具一格\的\关键\。\制作\诺邓\火腿\主要\包括\选料\、\修割\定形\、\晾干\除水\、\排血\、\洒酒\除菌\、\拍压\上\盐\、\腌制\、\上\盐\泥\、\发酵\、\风干\等\工序\。\诺邓\火腿\选料\讲究\一般\选用\放养\或纯\粮食\喂养\的\本地\山猪\在\每年\农历\冬月\、\腊月\宰杀\取其\后腿\加工\。\将\新鲜\猪\腿\晾\小时\用刀\将\表层\打整\光滑\用\锥子\在\血脉\处扎\几下\挤出\里面\的\血水\在\猪\腿\上\均匀\地洒\抹\苞谷\酒\。\取诺\邓古\盐井\中\的\卤\盐\均匀\地\撒\在\猪\腿\上边\撒边\搓\让\猪\腿\充分\吸收\盐分\。\最后\在\猪\腿\上\均匀\地撒上\一层\盐用\手轻\拍\把\猪\腿\皮朝下\平放\于木缸\或\铁锅\盖上\盖子\腌制\天\拿出\后\先撒上\一层\盐\再\在\外面\均匀\地\涂抹\一层\灶\灰\、\诺邓\盐卤\水下\沉淀\的\泥浆\混合\的\稀泥\这种\稀泥\有\保鲜\、\增香\和\防虫\的\作用\涂抹\完成\后\用\绳子\吊挂在\阴凉\、\通风处\半年\以上\即可\食用\此时\火腿\表面\会长\有\一层\绿色\的\霉菌\称为\挂\绿衣\。\火腿\存放\时间\越长\香味\越\浓\一般\三至\五年\的\为\上品\。\诺邓火腿制作技艺\作为\云龙\当地\白族\在\生产\生活实践\中\创造\出\的\一种\独特\技艺\是\云龙\盐井\文化\和\白族\文化\的\重要\载体\体现\了\白族\人民\的\生存\智慧\和\超凡\创造力\。\诺邓\火腿\鲜香\可口\含\人体\所\需\的\钾\、\镁\等\微量元素\营养\丰富\食用方法\灵活多样\是\当地\的\一种\传统\美食\。\年\诺邓火腿制作技艺\入选\云南省\第四批\省级\非物质文化\遗产\代表性\项目\名录\扩展\项目\名录\。\项目\代表性\传承\人\是\杨伍\松\。,白族
木鼓舞,第三批,传统舞蹈,西盟县文化馆,西盟佤族木鼓舞是广泛流传在佤族村寨中最古老的集体性祭祀舞蹈。每逢重大节日或祭祀活动时佤族男女老幼都要围成大圈一起敲起木鼓合着鼓点边唱边跳。佤族木鼓祭拜起源于原始的生殖崇拜木鼓在佤语中称为克罗根据佤族创世传说《司岗里》记载佤族女首领安木拐按照自己的下腹创造了木鼓。每个木鼓二至四人合敲手持木棒敲打发出高低不同的音调。基本动作是双脚立与肩宽半蹲半俯、送胯转身时而抬起右脚成三道弯伸缩三次时而抬起左脚挥舞木棒自转一周。表演到高潮时动作幅度增大围着木鼓狂舞鼓点更加激烈鼓声歌声浑厚、浓重而有力。每个村寨都有一个至数个木鼓房每个木鼓房都有两具木鼓所谓一公一母或一母一子佤族自古就把稍大的木鼓称为母木鼓把稍小的木鼓称为公木鼓。木鼓舞气势恢宏特色浓郁风格独特。佤族没有文字木鼓舞传承主要靠口传身授。在西盟每逢重大活动各族群众都与佤族同胞一起敲起木鼓跳起舞。年木鼓舞入选云南省第三批省级非物质文化遗产代表性项目名录扩展项目名录。项目代表性传承人有岩聪、娜焕、岩相太等。双人表演木鼓舞单人表演木鼓舞,省级,西盟\佤族\木鼓舞\是\广泛\流传\在\佤族\村寨\中\最\古老\的\集体性\祭祀舞蹈\。\每逢\重大\节日\或\祭祀\活动\时\佤族\男女老幼\都\要\围成\大\圈\一起\敲起\木鼓\合着\鼓点\边唱边\跳\。\佤族\木鼓\祭拜\起源于\原始\的\生殖崇拜\木鼓\在\佤语\中\称为\克罗\根据\佤族\创世\传说\《\司岗里\》\记载\佤族\女\首领\安木拐\按照\自己\的\下腹\创造\了\木鼓\。\每个\木鼓\二至\四人合\敲\手持\木棒\敲打\发出\高低\不同\的\音调\。\基本\动作\是\双脚\立\与\肩宽\半\蹲\半\俯\、\送\胯\转身\时而\抬起\右脚\成\三道\弯\伸缩\三次\时而\抬起\左脚\挥舞\木棒\自转\一周\。\表演\到\高潮时\动作\幅度\增大\围着\木鼓\狂舞\鼓点\更加\激烈\鼓声\歌声\浑厚\、\浓重\而\有力\。\每个\村寨\都\有\一个\至\数个\木鼓\房\每个\木鼓\房\都\有\两具\木鼓\所谓\一\公一母\或\一母\一子\佤族\自古\就\把\稍\大\的\木鼓\称为\母\木鼓\把\稍\小\的\木鼓\称为\公\木鼓\。\木鼓舞\气势恢宏\特色\浓郁\风格\独特\。\佤族\没有\文字\木鼓舞\传承\主要\靠\口传\身授\。\在\西盟\每逢\重大\活动\各族群众\都\与\佤族\同胞\一起\敲起\木鼓\跳\起舞\。\年\木鼓舞\入选\云南省\第三批\省级\非物质文化\遗产\代表性\项目\名录\扩展\项目\名录\。\项目\代表性\传承\人有\岩聪\、\娜焕\、\岩相\太\等\。\双人\表演\木鼓舞\单人\表演\木鼓舞,佤族
唢呐调,第三批,传统音乐,宾川县文化馆,唢呐调始于明末盛于清代一直是平川地区民俗活动中必不可少的组成部分。平川唢呐调是汉族、白族、彝族各民族音乐相互交融发展而成地方特色浓郁。经过历代民间艺人的创造完善逐渐形成了喜调、丧调、社会表演伴奏曲三大类别。喜调又称婚礼曲由序曲、迎亲调、小过街、安歇调、催席调、辣子调、红干巴调、上酒调、慢逍遥、催客调、离娘调、拜堂调、晚三排十三首调子组成。不同时间、不同地点和场景以鸣号为节点转换演奏不同的曲调反映了由多个不同环节组成的婚礼仪式全过程。丧调又称丧葬曲由序曲、举丧调、送葬调三首调子组成用于民间丧葬活动中。社火表演伴奏曲有出灯调、耍龙调、耍狮调三首调子配合道具进行表演。唢呐调的艺术效果通过音律来表现无词、不演唱。平川地区每逢过年过节、竣工庆典、红白喜事定会提前邀请民间唢呐手前来演奏助兴形成了专门固定的套曲形式深受群众的喜爱。年唢呐调入选云南省第三批省级非物质文化遗产代表性项目名录。代表性传承人有杨益林、杨松林等。,省级,唢呐调\始于\明末\盛于\清代\一直\是\平川\地区\民俗\活动\中\必不可少\的\组成部分\。\平川\唢呐调\是\汉族\、\白族\、\彝族\各\民族音乐\相互\交融\发展\而成\地方\特色\浓郁\。\经过\历代\民间艺人\的\创造\完善\逐渐\形成\了\喜调\、\丧调\、\社会\表演\伴奏\曲三大\类别\。\喜调\又称\婚礼\曲由\序曲\、\迎亲\调\、\小过\街\、\安歇\调\、\催席调\、\辣子\调\、\红\干巴\调\、\上\酒调\、\慢\逍遥\、\催客\调\、\离娘\调\、\拜堂\调\、\晚\三排\十三\首\调子\组成\。\不同\时间\、\不同\地点\和\场景\以\鸣号\为\节点\转换\演奏\不同\的\曲调\反映\了\由\多个\不同\环节\组成\的\婚礼\仪式\全过程\。\丧调\又称\丧葬\曲由\序曲\、\举丧调\、\送葬\调\三首\调子\组成\用于\民间\丧葬\活动\中\。\社火\表演\伴奏\曲有\出灯\调\、\耍龙调\、\耍\狮调\三首\调子\配合\道具\进行\表演\。\唢呐调\的\艺术\效果\通过\音律\来\表现\无词\、\不\演唱\。\平川\地区\每逢\过年\过节\、\竣工\庆典\、\红白喜事\定\会\提前\邀请\民间\唢呐\手\前来\演奏\助兴\形成\了\专门\固定\的\套曲\形式\深受\群众\的\喜爱\。\年\唢呐调\入选\云南省\第三批\省级\非物质文化\遗产\代表性\项目\名录\。\代表性\传承\人有\杨益林\、\杨\松林\等\。,白族
下村麸醋制作技艺,第四批,传统技艺,云南省保山市隆阳区,下村麸醋制作技艺主要流传于云南省保山市隆阳区下村地区源于四川麸醋自清朝道光年间由聂氏家族带入下村至今有多年历史。下村麸醋在四川麸醋的基础上融合了当地酿制工艺以麦麸、大米、泉水为主要原料以中草药药曲为糖化发酵剂经过多道工序酿成在民间又有甜子熬醋药醋等别称。酿制下村麸醋最重要和关键的步骤是制作醋曲。醋曲的主要原料为精制麦面、高度白酒和百样草即茯苓、甘草、金银花、蒲公英、豆蔻、山楂、砂仁、乌梅、白芷、香薷、八角、茴香、杜仲、薄荷、紫苏、藿香、川芎等百余种中草药材。一部分药材磨成粉状另一部分则用铡刀铡成厘米长然后将这些药材与麦面、白酒加水拌匀成曲料用木范将曲料压成若干曲坯曲坯在坯房中经过发酵天左右置于干燥通风处晾干一个月后即成醋曲。选择上好大米煮成稀饭作为发酵液将醋曲投入其中搅拌均匀盛入瓮坛中自然发酵天左右完成第一次发酵。之后加入麦麸静置天左右完成第二次发酵。期间需反复将底部的醋醅翻到上面使之充分均匀。炒制糊米为麸醋提色增香。将发酵成熟的醋醅放入滤缸中加糊米水和清泉水分三次浸泡出醋液。最后将沥出的生醋放入锅中配以五香作料草果、八角、茴香等高温熬煮。醋液沸腾分钟后舀入滤兜过滤到缸中进行最后冷却即为成品。正宗的下村麸醋以酸味醇厚、回味甘甜、清香柔和著称是居家烹饪常用的调味佳品是保山名特食品豆粉必不可少的调料也是祛病强身的保健饮品抗日战争期间对预防疾疫起到了重要的作用深受当地百姓推崇。下村麸醋已远销南京、上海等地并出口东南亚。下村麸醋历史悠久制作工艺及风味独特现存老字号胜香斋醋庄至今已逾百年。下村麸醋具有独特的传承记忆较为广阔的市场前景产品原料全为天然植物富含多种营养成分有益人体健康创造了较好的经济效益。年下村麸醋制作技艺入选云南省第四批省级非物质文化遗产代表性项目名录扩展项目名录。项目代表性传承人是聂承龙。,省级,下村麸醋制作技艺\主要\流传\于\云南省\保山市\隆阳区\下\村\地区\源于\四川\麸醋\自\清朝\道光\年间\由\聂氏\家族\带入\下\村\至今\有\多年\历史\。\下村\麸\醋\在\四川\麸醋\的\基础\上\融合\了\当地\酿制\工艺\以\麦麸\、\大米\、\泉水\为\主要\原料\以\中草药\药曲\为\糖化\发酵剂\经过\多\道工序\酿成\在\民间\又\有\甜子\熬\醋\药\醋\等\别称\。\酿制\下村\麸\醋\最\重要\和\关键\的\步骤\是\制作\醋曲\。\醋曲\的\主要\原料\为\精制\麦面\、\高度\白酒\和\百样\草即\茯苓\、\甘草\、\金银花\、\蒲公英\、\豆蔻\、\山楂\、\砂仁\、\乌梅\、\白芷\、\香薷\、\八角\、\茴香\、\杜仲\、\薄荷\、\紫苏\、\藿香\、\川芎\等\百余种\中草药材\。\一部分\药材\磨成\粉状\另\一部分\则\用\铡刀\铡成\厘米\长\然后\将\这些\药材\与\麦面\、\白酒\加水\拌匀\成曲料\用\木范\将\曲料\压成\若干\曲坯\曲坯\在\坯\房中\经过\发酵\天\左右\置于\干燥\通风处\晾干\一个月\后\即\成醋曲\。\选择\上\好\大米\煮成\稀饭\作为\发酵液\将\醋\曲\投入\其中\搅拌\均匀\盛入\瓮\坛\中\自然\发酵\天\左右\完成\第一次\发酵\。\之后\加入\麦麸\静置\天\左右\完成\第二次\发酵\。\期间\需\反复\将\底部\的\醋\醅\翻到\上面\使\之\充分\均匀\。\炒制\糊米\为\麸\醋\提色\增香\。\将\发酵\成熟\的\醋\醅\放入\滤缸\中加\糊米\水\和\清泉\水分\三次\浸泡\出醋液\。\最后\将\沥出\的\生醋\放入\锅中\配以\五香\作料\草果\、\八角\、\茴香\等\高温\熬\煮\。\醋液\沸腾\分钟\后\舀\入\滤\兜\过滤\到\缸\中\进行\最后\冷却\即\为\成品\。\正宗\的\下村\麸\醋\以\酸味\醇厚\、\回味\甘甜\、\清香\柔和\著称\是\居家\烹饪\常用\的\调味\佳品\是\保山\名特\食品\豆粉\必不可少\的\调料\也\是\祛病\强身\的\保健\饮品\抗日战争\期间\对\预防\疾疫\起到\了\重要\的\作用\深受\当地\百姓\推崇\。\下村\麸\醋\已\远销\南京\、\上海\等\地\并\出口\东南亚\。\下村\麸\醋\历史悠久\制作\工艺\及\风味\独特\现存\老字号\胜香斋\醋\庄\至今\已\逾\百年\。\下村\麸\醋\具有\独特\的\传承\记忆\较为\广阔\的\市场前景\产品\原料\全为\天然\植物\富含\多种\营养成分\有益\人体\健康\创造\了\较\好\的\经济效益\。\年\下村麸醋制作技艺\入选\云南省\第四批\省级\非物质文化\遗产\代表性\项目\名录\扩展\项目\名录\。\项目\代表性\传承\人\是\聂承龙\。,
纳西族东巴文书写艺术,第四批,传统美术,丽江市非物质文化遗产保护中心,纳西族用象形文字书写东巴经最初始于隋唐时期被认为是世界上独一无二的人类古文字的活化石。年月用纳西族象形文字硬笔书写的纳西族东巴古籍文献被联合国教科文组织列为世界记忆遗产名录。纳西族象形文字书写没有严格的笔画笔顺规则每一字都像在绘制图画具有绘画和文字双重性质。其一般从左向右横写语音相同或相近的文字可以借用文字形象直观具有记物和记事的特性。通过运用传统的东巴纸蒿笔、竹笔、铜笔、松明烟和续断矿物颜料等独特的书写工具形成了别具一格的书写艺术风貌。其特征包含书写独特性、原始艺术性、形象生动性、丰富积淀性和活态传承性。纳西族象形文字硬笔书写艺术具有文字书写形式起源发展活态研究、古文字形象书写布局审美研究、原始艺术形态研究、古文字学研究、古文字书写绘画应用和传统东巴经典传抄传承的价值。纳西族象形文字传统书写布局经历了千百年的书写应用实践已经形成了适应纳西族东巴祭司记录语言和观赏文字符号形态的一些基本规律。由于能够熟练读写东巴文字和东巴经书的纳西族老东巴逐个离世承载着纳西族东巴文化的纳西族母语正面临着萎缩和消亡的危机。年纳西族东巴文书写艺术入选云南省第四批省级非物质文化遗产代表性项目名录。项目代表性传承人是和秀东、和正文。东巴经书《黑白战争》,省级,纳西族\用\象形文字\书写\东巴经\最初\始于\隋唐\时期\被\认为\是\世界\上\独一无二\的\人类\古文字\的\活化石\。\年\月\用\纳西族\象形文字\硬笔\书写\的\纳西族\东巴\古籍\文献\被\联合国教科文组织\列为\世界\记忆\遗产\名录\。\纳西族\象形文字\书写\没有\严格\的\笔画\笔顺\规则\每一字\都\像\在\绘制\图画\具有\绘画\和\文字\双重\性质\。\其\一般\从\左向右\横写\语音\相同\或\相近\的\文字\可以\借用\文字\形象\直观\具有\记物\和\记事\的\特性\。\通过\运用\传统\的\东巴\纸蒿\笔\、\竹笔\、\铜笔\、\松明\烟\和\续断\矿物\颜料\等\独特\的\书写\工具\形成\了\别具一格\的\书写\艺术\风貌\。\其\特征\包含\书写\独特性\、\原始\艺术性\、\形象\生动性\、\丰富\积淀\性\和\活态\传承\性\。\纳西族\象形文字\硬笔\书写\艺术\具有\文字\书写\形式\起源\发展\活态\研究\、\古文字\形象\书写\布局\审美\研究\、\原始艺术\形态\研究\、\古文字学\研究\、\古文字\书写\绘画\应用\和\传统\东巴\经典\传抄\传承\的\价值\。\纳西族\象形文字\传统\书写\布局\经历\了\千百年\的\书写\应用\实践\已经\形成\了\适应\纳西族\东巴\祭司\记录\语言\和\观赏\文字\符号\形态\的\一些\基本规律\。\由于\能够\熟练\读写\东巴\文字\和\东巴经\书\的\纳西族\老\东巴\逐个\离世\承载\着\纳西族\东巴文化\的\纳西族\母语\正\面临\着\萎缩\和\消亡\的\危机\。\年\纳西族东巴文书写艺术\入选\云南省\第四批\省级\非物质文化\遗产\代表性\项目\名录\。\项目\代表性\传承\人\是\和\秀东\、\和\正文\。\东巴经\书\《\黑白\战争\》,纳西族
署明村纳西族传统文化生态保护区,云南省第三批,民族传统文化生态保护区,云南省玉龙县,署明村纳西族传统文化生态保护区位于丽江市玉龙县塔城乡署明村面积平方公里共有个片区均为纳西族是纳西族最早的居住地之一。署明村至今还保留着完整的纳西族传统习俗。纳西族无论生老病死、婚丧嫁娶还是起房造屋、搬迁出行、伐木开道都离不开东巴祭祀活动它以文字、舞蹈、绘画、口头文学、祭祀、经文典籍为载体汇集成纳西族的文化核心。署明村主要有祭天、祭署、祭风、祭丁巴什罗、祭素神、梭多仪式、祭是日神和三朵神、送火神等祭祀活动。村民的生育、取名、成年、婚嫁、丧葬、盖房、乔迁等事都遵循严格的习俗举行一定仪式。重大节日有三多节、火把节、春节、端午节、中秋节。民间文学有《游悲》《黑白战争》《鲁搬鲁饶》《鱼水相会》《创世纪》《蜂花相会》《喂默达》等传说故事。乐器有直笛、芦笙、口弦、大鼓、手鼓、摆铃、铃子、铜锣、海螺、牛角号等。除了最具代表性的东巴舞外还有群体性的传统舞蹈《哦热热》《喂默达》《热美蹉》《啊哩哩》《羊修噜》等当地男女老幼皆会跳。传统曲艺有男女谈情说爱的时授。传统技艺中最有代表性的是东巴画此外还有彩扎、面偶、木雕、东巴造纸、传统的毛纺织、酿酒、竹编、木工、刺绣、皮革制作等技艺。有荡秋千、咬石头比赛掰手劲、抓半子、下棋、老虎抢蛋等体育竞技。服饰反映了纳西族从游牧到农耕的变迁历史。女子服装以七星羊皮披肩最具特色七星源于纳西族开天九兄弟辟地七姐妹的传说。作为一个规模不大的村落该村非物质文化遗产相对集中东巴文化有关的实物载体也保存完好。年署明村纳西族传统文化生态保护区入选云南省第三批省级非物质文化遗产代表性项目名录。项目代表性传承人是和世先、和桂华、和秀东。,省级,署明村纳西族传统文化生态保护区\位于\丽江市\玉龙\县塔\城乡\署明村\面积\平方公里\共有\个\片区\均\为\纳西族\是\纳西族\最早\的\居住地\之一\。\署明村\至今\还\保留\着\完整\的\纳西族\传统习俗\。\纳西族\无论\生老病死\、\婚丧嫁娶\还是\起房\造屋\、\搬迁\出行\、\伐木\开道\都\离不开\东巴\祭祀\活动\它\以\文字\、\舞蹈\、\绘画\、\口头文学\、\祭祀\、\经文\典籍\为\载体\汇集\成\纳西族\的\文化\核心\。\署明村\主要\有\祭天\、\祭署\、\祭风\、\祭\丁巴什罗\、\祭素\神\、\梭多\仪式\、\祭\是\日神\和\三朵\神\、\送\火神\等\祭祀\活动\。\村民\的\生育\、\取名\、\成年\、\婚嫁\、\丧葬\、\盖房\、\乔迁\等\事\都\遵循\严格\的\习俗\举行\一定\仪式\。\重大\节日\有\三\多节\、\火把节\、\春节\、\端午节\、\中秋节\。\民间文学\有\《\游悲\》\《\黑白\战争\》\《\鲁\搬鲁饶\》\《\鱼水相会\》\《\创世纪\》\《\蜂花\相会\》\《\喂默达\》\等\传说\故事\。\乐器\有直\笛\、\芦笙\、\口弦\、\大鼓\、\手鼓\、\摆铃\、\铃子\、\铜锣\、\海螺\、\牛角\号\等\。\除了\最具\代表性\的\东巴舞\外\还有\群体性\的\传统\舞蹈\《\哦\热热\》\《\喂默达\》\《\热美\蹉\》\《\啊\哩\哩\》\《\羊修噜\》\等\当地\男女老幼\皆\会\跳\。\传统\曲艺\有\男女\谈情说爱\的\时授\。\传统\技艺\中\最\有\代表性\的\是\东巴画\此外\还有\彩扎\、\面偶\、\木雕\、\东巴\造纸\、\传统\的\毛纺织\、\酿酒\、\竹编\、\木工\、\刺绣\、\皮革\制作\等\技艺\。\有\荡秋千\、\咬\石头\比赛\掰\手劲\、\抓\半子\、\下棋\、\老虎\抢蛋\等\体育竞技\。\服饰\反映\了\纳西族\从\游牧\到\农耕\的\变迁\历史\。\女子\服装\以\七星\羊皮\披肩\最具\特色\七星\源于\纳西族\开天\九\兄弟\辟\地\七\姐妹\的\传说\。\作为\一个\规模\不大\的\村落\该村\非物质文化\遗产\相对\集中\东巴文化\有关\的\实物\载体\也\保存\完好\。\年\署明村纳西族传统文化生态保护区\入选\云南省\第三批\省级\非物质文化\遗产\代表性\项目\名录\。\项目\代表性\传承\人\是\和\世先\、\和\桂华\、\和秀东\。,纳西族
楚雄彝族羊皮鼓舞,第四批,传统舞蹈,楚雄市非物质文化遗产保护中心,羊皮鼓舞起源于南诏时期是世代流传于楚雄彝族聚居地区的一项集祭祀和歌舞于一体的民族传统文化活动。楚雄大过口乡、西舍路镇、树苴乡、新村镇、中山镇、八角镇、三街镇以及紫溪镇等地区每年农历腊月、正月或二月彝族羊皮鼓舞举行活动。其中紫溪镇板凳山每年农历二月初八日举行是楚雄市境内羊皮鼓舞保存最为完整的地区。民间每年以户或村为单位在本村土主庙举行羊皮鼓舞唱跳活动。领舞者带领若干徒弟身穿法衣手持羊皮鼓边击、边舞、边唱程序严谨、节奏分明。羊皮鼓舞共有个程序步法主要有崴脚、勾膝、闪身、转胯、窜花、跺步跳等舞步舞蹈套路根据祭祀程序而变化表演者手持羊皮鼓边击、边舞、边唱。表演者吟唱的五兵歌以七言句为主要记述形式具有史诗性质它包含了民族历史、民俗礼仪、农耕祭祀、社会伦理、道德规范等内容有教化世人的作用。随着羊皮鼓舞活动赖以生存的空间环境有了较大改变其主要传承活动场所土主庙大多年久失修羊皮鼓舞传承后继乏人。近年来紫溪镇板凳山土主庙得到重新修复彝族羊皮鼓舞得到恢复和传承。年彝族羊皮鼓舞入选云南省第四批省级非物质文化遗产代表性项目名录扩展项目名录。项目代表性传承人是罗廷富、何应贵。,省级,羊皮\鼓舞\起源于\南诏\时期\是\世代\流传\于\楚雄\彝族\聚居\地区\的\一项\集\祭祀\和\歌舞\于\一体\的\民族\传统文化\活动\。\楚雄\大过\口乡\、\西舍\路\镇\、\树\苴\乡\、\新\村镇\、\中\山镇\、\八角\镇\、\三街\镇\以及\紫溪镇\等\地区\每年\农历\腊月\、\正月\或\二月\彝族\羊皮\鼓舞\举行\活动\。\其中\紫溪镇\板凳\山\每年\农历\二月\初八\日\举行\是\楚雄市\境内\羊皮\鼓舞\保存\最为\完整\的\地区\。\民间\每年\以户\或\村\为\单位\在\本村\土主庙\举行\羊皮\鼓舞\唱\跳\活动\。\领舞\者\带领\若干\徒弟\身穿\法衣\手持\羊皮鼓\边击\、\边舞\、\边唱\程序\严谨\、\节奏\分明\。\羊皮\鼓舞\共有\个\程序\步法\主要\有崴\脚\、\勾膝\、\闪身\、\转\胯\、\窜\花\、\跺步\跳\等\舞步\舞蹈\套路\根据\祭祀\程序\而\变化\表演者\手持\羊皮鼓\边击\、\边舞\、\边唱\。\表演者\吟唱\的\五兵\歌以\七言句\为\主要\记述\形式\具有\史诗\性质\它\包含\了\民族\历史\、\民俗\礼仪\、\农耕\祭祀\、\社会\伦理\、\道德规范\等\内容\有\教化\世人\的\作用\。\随着\羊皮\鼓舞\活动\赖以生存\的\空间\环境\有\了\较大\改变\其\主要\传承\活动场所\土主庙\大多\年久失修\羊皮\鼓舞\传承\后继乏人\。\近年来\紫溪镇\板凳\山土\主庙\得到\重新\修复\彝族\羊皮\鼓舞\得到\恢复\和\传承\。\年\彝族\羊皮\鼓舞\入选\云南省\第四批\省级\非物质文化\遗产\代表性\项目\名录\扩展\项目\名录\。\项目\代表性\传承\人\是\罗廷富\、\何应贵\。,彝族
双河村彝族传统文化生态保护区,云南省第三批,民族传统文化生态保护区,云南省永胜县,双河村彝族传统文化生态保护区位于丽江市永胜县六德傈僳族彝族乡双河村面积平方千米全村共户人年统计彝族支系他留人占总人口的。双河村所处的高山峡谷俗称他留山是他留人的主要聚居地历史上曾建有他留古城是他留人和他留文化的发祥地。双河村历史悠久文化底蕴深厚他留人在长期的生息繁衍中形成了独特的民族传统文化。这里自然生态环境良好森林覆盖率达以上。传统民居多为汉族合院或庭院但又有姑娘棚等反映彝族婚姻习俗的场所。民居兰氏祖屋已有多年历史。双河村保留着宗教信仰、社会伦理、民族文艺等传统文化形态。年营盘村墓群包括古城遗址、他留坟林、大德寺等被公布为全国重点文物保护单位村内还有着俄告他留祭祖堂、栖云洞等。宗教信仰以原始的自然崇拜和祖先崇拜为主自然崇拜分为天地崇拜、生殖崇拜、精灵崇拜、自然神崇拜、动物崇拜。传统节日有杷杷节主要来源于他留人的祖先崇拜、春节和宗支节。婚恋习俗中过七关、串青春棚最具特色因受现代观念的影响过程有所简化已处于濒危状态。民间文学的代表作品有《创世神话》《上坟由来》《战争传说》《造天地日月》《洪水冲天》等多部。民歌分为情歌、谜语歌、赶马调、童谣、祝酒歌、祭祀歌等乐器有唢呐、笛子、箫、口弦、葫芦笙、小三弦、长号、鼓、锣、铙钹、铃。舞蹈分为丧葬舞、节庆舞、情绪舞等主要采用打跳方式。传统手工技艺有火草纺织、乐器制作、草编、篾编、皮革制作及擀羊毛毡、挑花刺绣、手工酿酒等。传统游艺有打秋干、老兜抱蛋、射智、射箭、摔跤、打陀螺、婴狮子等。村民着装为火草麻布纺织民族服装分劳动装和礼装两类青年与老年、少女与成年女子的服饰又各有分别。他留人在十五岁时行成年礼女孩子较为隆重要举行换装仪式。在社会经济迅猛发展的背景下当地自然生态环境和非物质文化遗产的传承保护面临多重考验。年双河村彝族传统文化生态保护区入选云南省第三批省级非物质文化遗产代表性项目名录。项目代表性传承人是兰绍龙、兰贵祥、兰金秀。,省级,双河村彝族传统文化生态保护区\位于\丽江市\永胜县\六德\傈僳族\彝族\乡双\河村\面积\平方千米\全村\共户\人\年\统计\彝族\支系\他\留人\占\总人口\的\。\双\河村\所处\的\高山\峡谷\俗称\他\留山\是\他\留人\的\主要\聚居地\历史\上\曾\建有\他\留\古城\是\他\留人\和\他\留\文化\的\发祥地\。\双\河村\历史悠久\文化底蕴\深厚\他\留人\在\长期\的\生息繁衍\中\形成\了\独特\的\民族\传统文化\。\这里\自然\生态环境\良好\森林\覆盖率\达\以上\。\传统\民居\多为\汉族\合院\或\庭院\但\又\有\姑娘\棚\等\反映\彝族\婚姻\习俗\的\场所\。\民居\兰氏\祖屋\已有\多年\历史\。\双\河村\保留\着\宗教信仰\、\社会\伦理\、\民族\文艺\等\传统\文化形态\。\年\营盘\村\墓群\包括\古城\遗址\、\他留\坟林\、\大德\寺\等\被\公布\为\全国\重点\文物保护\单位\村内\还有\着\俄告\他\留\祭祖\堂\、\栖\云洞\等\。\宗教信仰\以\原始\的\自然崇拜\和\祖先崇拜\为主\自然崇拜\分为\天地\崇拜\、\生殖崇拜\、\精灵\崇拜\、\自然神\崇拜\、\动物崇拜\。\传统节日\有杷杷节\主要\来源于\他\留人\的\祖先崇拜\、\春节\和\宗\支节\。\婚恋\习俗\中过\七关\、\串\青春\棚\最具\特色\因受\现代\观念\的\影响\过程\有所\简化\已\处于\濒危\状态\。\民间文学\的\代表作品\有\《\创世神话\》\《\上坟\由\来\》\《\战争\传说\》\《\造\天地\日月\》\《\洪水\冲天\》\等\多部\。\民歌\分为\情歌\、\谜语\歌\、\赶马\调\、\童谣\、\祝酒歌\、\祭祀\歌\等\乐器\有\唢呐\、\笛子\、\箫\、\口弦\、\葫芦\笙\、\小\三弦\、\长号\、\鼓\、\锣\、\铙钹\、\铃\。\舞蹈\分为\丧葬\舞\、\节庆\舞\、\情绪舞\等\主要\采用\打跳\方式\。\传统\手工\技艺\有\火草\纺织\、\乐器\制作\、\草编\、\篾编\、\皮革\制作\及\擀\羊毛毡\、\挑花\刺绣\、\手工\酿酒\等\。\传统\游艺\有\打秋干\、\老兜\抱\蛋\、\射智\、\射箭\、\摔跤\、\打\陀螺\、\婴\狮子\等\。\村民\着装\为\火草\麻布\纺织\民族服装\分\劳动\装和礼装\两类\青年\与\老年\、\少女\与\成年\女子\的\服饰\又\各有\分别\。\他\留人\在\十五岁\时\行\成年礼\女孩子\较为\隆重\要\举行\换装\仪式\。\在\社会\经济\迅猛发展\的\背景\下\当地\自然\生态环境\和\非物质文化\遗产\的\传承\保护\面临\多重\考验\。\年\双河村彝族传统文化生态保护区\入选\云南省\第三批\省级\非物质文化\遗产\代表性\项目\名录\。\项目\代表性\传承\人\是\兰绍龙\、\兰贵祥\、\兰金秀\。,彝族
威信苗族服饰,云南省第三批,民俗,云南省威信县,威信苗族服饰崇尚青、蓝、绿、白色既保留了各地苗族某些共同的特征又形成了自己独特的风格。其中的蜡染裙不仅是苗族的一种主要服饰还是一个重要的文化载体反映出苗族的历史文化沉积。男子服饰式样较为简单且各支系差别不大头包青色帕子帕子一般长六尺至一丈二尺身着青、蓝色长衫或对襟短袄用别致的布纽做扣腰系绿丝带下穿宽裆大脚裤脚蹬元宝鞋、皮钉鞋、布鞋或草鞋。冬季打青、白色绑腿青年喜打成人字型纹路。妇女服饰则丰富多彩区别主要在于头饰式样以及服装颜色、式样、花饰和镶花部位等。妇女服饰又分便装和盛装两种便装花饰较少简洁素净盛装满身花锦衣领、襟口、衣袖、下摆、围腰、裙身、裙边等部位皆有各式花纹图案。独具特色的蜡染百褶裙、绑腿和鞋履是苗族的主要服饰承载着苗族的历史文化其中的各种花纹和表意线条是原始象形文字的遗存。威信苗族服饰制作精细工艺复杂以其独特的形式备受服饰研究专家的青睐。年威信苗族服饰入选云南省级非物质文化遗产代表性项目名录扩展项目名录。项目代表性传承人是熊启兰。,省级,威信苗族服饰\崇尚\青\、\蓝\、\绿\、\白色\既\保留\了\各地\苗族\某些\共同\的\特征\又\形成\了\自己\独特\的\风格\。\其中\的\蜡染\裙\不仅\是\苗族\的\一种\主要\服饰\还是\一个\重要\的\文化\载体\反映\出\苗族\的\历史\文化\沉积\。\男子\服饰\式样\较为简单\且\各\支系\差别\不\大头\包\青色\帕子\帕子\一般\长\六尺\至\一丈\二尺\身着\青\、\蓝色\长衫\或\对襟\短袄\用\别致\的\布纽\做\扣\腰系\绿\丝带\下\穿\宽\裆\大脚\裤\脚蹬\元宝\鞋\、\皮\钉鞋\、\布鞋\或\草鞋\。\冬季\打青\、\白色\绑腿\青年\喜\打成\人\字型\纹路\。\妇女\服饰\则\丰富多彩\区别\主要\在于\头饰\式样\以及\服装\颜色\、\式样\、\花饰\和\镶花\部位\等\。\妇女\服饰\又\分\便装\和\盛装\两种\便装\花饰\较\少\简洁\素净\盛装\满身\花\锦衣\领\、\襟口\、\衣袖\、\下摆\、\围腰\、\裙身\、\裙边\等\部位\皆\有\各式\花纹\图案\。\独具特色\的\蜡染\百褶裙\、\绑腿\和\鞋\履是\苗族\的\主要\服饰\承载\着\苗族\的\历史\文化\其中\的\各种\花纹\和\表意\线条\是\原始\象形文字\的\遗存\。\威信苗族服饰\制作\精细\工艺\复杂\以\其\独特\的\形式\备受\服饰\研究\专家\的\青睐\。\年\威信苗族服饰\入选\云南\省级\非物质文化\遗产\代表性\项目\名录\扩展\项目\名录\。\项目\代表性\传承\人\是\熊启兰\。,苗族
塔朗村哈尼族传统文化生态保护区,第四批,民族传统文化生态保护区,云南省元江哈尼族彝族傣族自治县,该保护区位于玉溪市元江哈尼族彝族傣族自治县那诺乡那诺社区塔朗小组。村民均为哈尼族属哈尼族糯比支系。保护区自然生态环境优越那诺哈尼梯田是云南省省级重点文物保护单位并有独特的云雾梯田景观。植被以亚热带树种为主还有多种竹类、蕨类、藤类等植物森林覆盖率为。保护区内哈尼族土木结构传统民居保存情况良好占民居建筑总数的聚落格局总体保持传统风貌。建有磨秋场、磨秋桩和文化活动中心。择向、选材、盖新房、贺新房等传统建房习俗和婚礼习俗、丧葬习俗保留完整。村民信奉原始宗教祭祀寨神、龙树等。传统村规民约与现今社会村规民约并行。传统节日与农耕稻作相关有庆祝丰收的哈尼十月年有预示春耕开始的黄饭节有祈祷来年风调雨顺、五谷丰登的苦扎扎节还有昂玛突、开秧门、出穗节等。传统音乐有哈尼族创世歌、叙事歌、叫魂歌、祈祝歌、训导歌、山歌、劳动歌、情歌、儿歌、小调、摇篮曲、酒礼歌、接亲调、送亲调、哭嫁歌等民间歌曲及哈尼族打击乐、民间器乐等。这里是国家级非遗代表性项目名录棕扇舞的主要流传区域保护区内还保存有牛皮大鼓舞、铓鼓舞、毛巾舞等传统舞蹈织布、哈尼族服饰制作和竹编、酿酒、传统饮食制作等技艺。民族民间体育活动有女子丢包、打陀螺、男子荡秋千、磨秋、转秋、摔跤、拔河、斗牛等。那诺乡政府在塔朗村建立了棕扇舞传习所和哈尼族民歌传承点等传承基地设立塔朗民俗文化生态示范村并投入前期资金。乡政府鼓励传承人开展传承活动每年对保护区内做出贡献的非遗传承人给予表彰和奖励并多次组织开展非遗进校园活动棕扇舞已经成为当地小学课间操。塔朗村组建了余人的棕扇舞表演队队员均为当地村民。保护区内民众对哈尼族传统文化认同感高、能够自觉积极地参与非物质文化遗产的保护和传承。年塔朗村哈尼族传统文化生态保护区入选云南省第四批省级非物质文化遗产代表性项目名录。民间艺人有段克朗、杨皮者、段培者、段复兴、段来那等。,省级,该\保护区\位于\玉溪市\元江哈尼族彝族傣族自治县\那诺乡\那诺\社区\塔朗\小组\。\村民\均\为\哈尼族\属\哈尼族\糯比\支系\。\保护区\自然\生态环境\优越\那诺\哈尼\梯田\是\云南省\省级重点\文物保护\单位\并\有\独特\的\云雾\梯田\景观\。\植被\以\亚热带\树种\为主\还有\多种\竹类\、\蕨类\、\藤类\等\植物\森林\覆盖率\为\。\保护区\内\哈尼族\土\木结构\传统\民居\保存\情况\良好\占\民居\建筑\总数\的\聚落\格局\总体\保持\传统\风貌\。\建有\磨秋场\、\磨秋桩\和\文化\活动中心\。\择向\、\选材\、\盖新房\、\贺\新房\等\传统\建房\习俗\和\婚礼\习俗\、\丧葬\习俗\保留\完整\。\村民\信奉\原始宗教\祭祀\寨\神\、\龙树\等\。\传统\村规民约\与\现今\社会\村规民约\并行\。\传统节日\与\农耕\稻作\相关\有\庆祝\丰收\的\哈尼\十月年\有\预示\春耕\开始\的\黄饭\节有\祈祷\来\年\风调雨顺\、\五谷丰登\的\苦\扎扎\节\还有\昂玛突\、\开秧门\、\出穗节\等\。\传统\音乐\有\哈尼族\创世\歌\、\叙事\歌\、\叫魂\歌\、\祈祝\歌\、\训导\歌\、\山歌\、\劳动\歌\、\情歌\、\儿歌\、\小调\、\摇篮曲\、\酒礼歌\、\接亲\调\、\送亲\调\、\哭嫁歌\等\民间\歌曲\及\哈尼族\打击乐\、\民间\器乐\等\。\这里\是\国家级\非遗\代表性\项目\名录\棕扇舞\的\主要\流传\区域\保护区\内\还\保存\有\牛皮\大\鼓舞\、\铓鼓舞\、\毛巾\舞\等\传统\舞蹈\织布\、\哈尼族\服饰\制作\和\竹编\、\酿酒\、\传统\饮食\制作\等\技艺\。\民族民间\体育\活动\有\女子\丢包\、\打\陀螺\、\男子\荡秋千\、\磨秋\、\转秋\、\摔跤\、\拔河\、\斗牛\等\。\那诺\乡政府\在\塔朗村\建立\了\棕扇舞\传习所\和\哈尼族\民歌\传承\点\等\传承\基地\设立\塔朗\民俗文化\生态\示范村\并\投入\前期\资金\。\乡政府\鼓励\传承\人\开展\传承\活动\每年\对\保护区\内\做出\贡献\的\非\遗传\承人\给予\表彰\和\奖励\并\多次\组织\开展\非遗\进校园\活动\棕扇舞\已经\成为\当地\小学\课间操\。\塔朗村\组建\了\余人\的\棕扇舞\表演队\队员\均\为\当地\村民\。\保护区\内\民众\对\哈尼族\传统文化\认同感\高\、\能够\自觉\积极\地\参与\非物质文化\遗产\的\保护\和\传承\。\年\塔朗村哈尼族传统文化生态保护区\入选\云南省\第四批\省级\非物质文化\遗产\代表性\项目\名录\。\民间艺人\有段\克朗\、\杨皮者\、\段\培者\、\段\复兴\、\段来\那\等\。,哈尼族
藏族卡甲习俗,第四批,民俗,德钦县非物质文化遗产保护中心,卡甲是藏语音用现代汉语来表达卡甲既是民间民主生活会亦是民间道德评议会有些地方还称为卡夏叫卡甲也等。卡甲颇具民族特色也是德钦地区最普遍的一种古老的民间习俗。人们用幽默诙谐的语言善意地互相挑刺、揭短、调侃活动中人们既调侃别人也拿自己开涮在欢乐融洽的氛围中实现批评与自我批评目的是运用这样的形式规范民众的道德和公德弘扬真善美过程与内容多以赞文明事、评缺德事、议不平事、断纠纷事等为主。它形式上不同于民主生活会却以特有的方式在轻松活跃的气氛中达到揭短亮丑、群众监督、规范言行、倡导公平正义的效果。卡甲最注重幽默、诙谐、含蓄最忌讳语言尖酸刻薄、恶意中伤。笑声中带有善意的批评与自我批评让人容易接受这充分展示了藏民的包容和豁达。卡甲不是刻意组织的具有随意性大多在节庆、喜庆等众人聚会中因某个话题或事由在某个时段自然发起。卡甲具有舆论监督、规范人们行为的作用也起着化解矛盾纠纷的作用。参加卡甲的人们引经据典、旁征博引充分利用传统谚语、格言、警句中所蕴含的道德伦理智慧、生态伦理智慧以及丰富的社会知识对众人进行潜移默化的道德教育对群体成员的思想、行为等起到约束作用具有道德教化功能同时也增强了民族的认同感和凝聚力。年藏族卡甲习俗入选云南省第四批省级非物质文化遗产代表性项目名录。,省级,卡甲\是\藏\语音\用\现代汉语\来\表达\卡甲\既\是\民间\民主\生活\会\亦\是\民间\道德\评议会\有些\地方\还\称为\卡夏\叫\卡甲\也\等\。\卡甲\颇具\民族特色\也\是\德钦\地区\最\普遍\的\一种\古老\的\民间\习俗\。\人们\用\幽默诙谐\的\语言\善意\地\互相\挑刺\、\揭短\、\调侃\活动\中\人们\既\调侃\别人\也\拿\自己\开涮\在\欢乐\融洽\的\氛围\中\实现\批评\与\自我批评\目的\是\运用\这样\的\形式\规范\民众\的\道德\和\公德\弘扬\真善美\过程\与\内容\多以\赞\文明\事\、\评\缺德事\、\议\不平\事\、\断\纠纷\事\等\为主\。\它\形式\上\不同于\民主\生活\会\却\以\特有\的\方式\在\轻松\活跃\的\气氛\中\达到\揭短\亮丑\、\群众监督\、\规范\言行\、\倡导\公平正义\的\效果\。\卡甲\最\注重\幽默\、\诙谐\、\含蓄\最\忌讳\语言\尖酸刻薄\、\恶意中伤\。\笑声\中\带有\善意\的\批评\与\自我批评\让\人\容易接受\这\充分\展示\了\藏民\的\包容\和\豁达\。\卡甲\不是\刻意\组织\的\具有\随意性\大多\在\节庆\、\喜庆\等\众人\聚会\中因\某个\话题\或\事由\在\某个\时段\自然\发起\。\卡甲\具有\舆论监督\、\规范\人们\行为\的\作用\也\起\着\化解矛盾\纠纷\的\作用\。\参加\卡甲\的\人们\引经据典\、\旁征博引\充分利用\传统\谚语\、\格言\、\警句\中\所\蕴含\的\道德\伦理\智慧\、\生态\伦理\智慧\以及\丰富\的\社会\知识\对\众人\进行\潜移默化\的\道德教育\对\群体\成员\的\思想\、\行为\等\起到\约束\作用\具有\道德教化\功能\同时\也\增强\了\民族\的\认同感\和\凝聚力\。\年\藏族\卡甲\习俗\入选\云南省\第四批\省级\非物质文化\遗产\代表性\项目\名录\。,藏族
鹤庆传统手工造纸技艺,云南省第一批,传统技艺,云南省大理白族自治州鹤庆县,鹤庆传统手工造纸技艺的历史可以追溯到唐宋时期大理凤仪北汤村法藏寺和董氏宗祠发现的《护国司南抄》等佛教经书典籍均使用鹤庆白棉纸抄写而成。鹤庆手工纸分为白棉纸和竹麻纸两种。白棉纸以构树皮为原料制作因纸张白如棉而得名薄如蝉翼韧似锦绫质软防蛀吸水性强是书写契约、抄写经卷的好材料。竹麻纸俗称土纸以竹麻为原料制作有粗、细两种。细纸薄而透明吸墨性能好柔软不易老化用于拓印木刻年画、甲马描绘刺绣花样粗纸一般用于习字或烧纸。鹤庆传统手工造纸技艺复杂以制作白棉纸为例通常把构树皮原料贮藏一段时间后将其扎好成把放入清水河床中浸泡八至十天待构树皮充分发酵、软化后取出晾晒至半干拌入石灰粉放入蒸窑中持续蒸制三天后取出再重置于河水中浸泡以去掉石灰隔天翻整一次反复十次后搓揉去掉外层黑皮。再浸泡两三天后捞出去掉水分加水拌入草木灰再入窑蒸两三天。二次蒸煮后浸泡两天漂净草木灰拧干后置于石碓中舂成细细的茸纸筋放入泡浆池稀释兑浆加滑水用特制的帘子放在抄纸架上荡入纸浆池抄出均匀的一层植物纤维反扣在压榨架上。沥水一天后用五尺杠子将纸摞中的水分压榨出来。最后将纸摞分张均匀地裱在烘烤房的平整立壁上在房内生火烘干一到两天即干透。烘好的纸张按一定规格数量打包成捆以便运输。兑浆滑水是将秘方黏液兑入稀释后的纸浆中的过程是技艺流程中最为关键的一环起到纸张间的隔离作用保持纸浆厚薄均匀。年鹤庆传统手工造纸技艺入选云南省级非物质文化遗产代表性项目名录扩展项目名录。项目代表性传承人是尹旺松。,省级,鹤庆传统手工造纸技艺\的\历史\可以\追溯到\唐宋\时期\大理\凤仪北\汤村\法藏\寺\和\董氏\宗祠\发现\的\《\护国\司南\抄\》\等\佛教\经书\典籍\均\使用\鹤庆\白\棉纸\抄写\而成\。\鹤庆\手工\纸\分为\白\棉纸\和\竹\麻纸\两种\。\白\棉纸\以构\树皮\为\原料\制作\因\纸张\白如棉\而\得名\薄如\蝉翼\韧\似锦\绫质\软\防蛀\吸水性\强是\书写\契约\、\抄写\经卷\的\好\材料\。\竹\麻纸\俗称\土纸\以竹\麻为\原料\制作\有\粗\、\细\两种\。\细纸\薄\而\透明\吸墨\性能\好\柔软\不易\老化\用于\拓印\木刻\年画\、\甲马\描绘\刺绣\花样\粗纸\一般\用于\习字\或\烧纸\。\鹤庆传统手工造纸技艺\复杂\以\制作\白\棉纸\为例\通常\把构\树皮\原料\贮藏\一段时间\后\将\其扎\好成\把\放入\清水\河床\中\浸泡\八至\十天\待构\树皮\充分\发酵\、\软化\后\取出\晾晒\至半干\拌\入\石灰粉\放入\蒸窑\中\持续\蒸制\三天\后\取出\再重\置于\河水\中\浸泡\以\去掉\石灰\隔天\翻整\一次\反复\十次\后\搓揉\去掉\外层\黑皮\。\再\浸泡\两三天\后捞\出去\掉\水分\加水\拌入\草木灰\再入\窑\蒸\两三天\。\二次\蒸煮\后\浸泡\两天\漂净\草木灰\拧干\后\置于\石碓\中\舂\成\细细的\茸\纸\筋\放入\泡浆\池\稀释\兑浆加\滑水\用\特制\的\帘子\放在\抄纸\架上\荡入\纸浆\池抄出\均匀\的\一层\植物纤维\反扣\在\压榨\架上\。\沥水\一天\后\用\五尺\杠子\将\纸\摞\中\的\水分\压榨\出来\。\最后\将\纸\摞\分张\均匀\地裱\在\烘烤\房\的\平整\立\壁上\在\房内\生火\烘干\一到\两天\即\干透\。\烘\好\的\纸张\按\一定\规格\数量\打包\成捆\以便\运输\。\兑浆\滑水\是\将\秘方\黏液\兑入\稀释\后\的\纸浆\中\的\过程\是\技艺\流程\中\最为\关键\的\一环\起到\纸张\间\的\隔离\作用\保持\纸浆\厚薄\均匀\。\年\鹤庆传统手工造纸技艺\入选\云南\省级\非物质文化\遗产\代表性\项目\名录\扩展\项目\名录\。\项目\代表性\传承\人\是\尹旺松\。,
倘塘黄豆腐制作技艺,第四批,传统技艺,宣威市文化馆,明洪武年间明军入滇过五尺道戍边倘塘带来了中原做豆腐的技艺改变了土著居民食用豆渣弃其浆的历史制作技艺沿袭至今已有余年。倘塘黄豆腐色泽金黄大小盈掌鲜嫩滋润丝直肉实质脆味香。制作过程从拣豆开始包括泡豆磨浆、烫浆滤渣、酸浆点制、包块成形、火煮染色、上串吊挂等七道工序。制作时选用当地特有的黄石渣山泉。酸浆点制是制作黄豆腐的关键步骤全凭匠人经验。火煮染色和上串吊挂是倘塘黄豆腐最具特色的制作工序。为了让白色的豆腐在喜庆的节日中增添吉祥的色彩人们把做好的白豆腐用小块纱布包裹起来浸放在植物熬煮的姜黄汤中煮制形成金黄色豆腐块。出锅后的豆腐用细麻线拴挂待豆腐晾晒脱水取下再添盐复煮。历经三煮三挂除去多余的水分香味沉淀下来形成小镇上独特的一景倘塘豆腐拴着卖金黄色的豆腐在屋檐下成串挂着买者选中其中一挂主人便用剪刀剪下成串出售。黄豆腐久储不坏紧实而有弹性甚至可以从三米高空摔下而保持不破。黄豆腐的食用方法多种多样生食、煎炒、烧烤皆宜与宣威火腿同炒更是香气浓郁、美味可口。年倘塘黄豆腐制作技艺入选云南省第四批省级非物质文化遗产代表性项目名录。代表性传承人是陈会群。,省级,明洪武\年间\明军入\滇过\五尺道\戍边\倘塘\带来\了\中原\做\豆腐\的\技艺\改变\了\土著居民\食用\豆渣\弃其浆\的\历史\制作\技艺\沿袭\至今已有\余年\。\倘塘\黄\豆腐\色泽\金黄\大小\盈掌\鲜嫩\滋润\丝直\肉\实质\脆味香\。\制作\过程\从\拣\豆\开始\包括\泡豆\磨浆\、\烫\浆\滤渣\、\酸浆\点制\、\包块\成形\、\火煮\染色\、\上串\吊挂\等\七道\工序\。\制作\时\选用\当地\特有\的\黄石\渣\山泉\。\酸浆\点制\是\制作\黄\豆腐\的\关键步骤\全凭\匠人\经验\。\火煮\染色\和\上\串\吊挂\是\倘塘\黄\豆腐\最具\特色\的\制作\工序\。\为了\让\白色\的\豆腐\在\喜庆\的\节日\中\增添\吉祥\的\色彩\人们\把\做好\的\白\豆腐\用小块\纱布\包裹\起来\浸\放在\植物\熬\煮\的\姜黄\汤中\煮\制\形成\金黄色\豆腐块\。\出锅\后\的\豆腐\用细\麻线\拴\挂\待\豆腐\晾晒\脱水\取下\再\添\盐复\煮\。\历经\三煮\三挂\除去\多余\的\水分\香味\沉淀\下来\形成\小镇\上\独特\的\一景\倘塘\豆腐\拴着\卖\金黄色\的\豆腐\在\屋檐下\成串\挂\着\买者\选中\其中\一挂\主人\便用\剪刀\剪下\成串\出售\。\黄\豆腐\久\储不坏\紧实\而\有\弹性\甚至\可以\从\三米\高空\摔下\而\保持\不破\。\黄\豆腐\的\食用方法\多种多样\生食\、\煎炒\、\烧烤\皆宜\与\宣威\火腿\同\炒\更是\香气\浓郁\、\美味可口\。\年\倘塘黄豆腐制作技艺\入选\云南省\第四批\省级\非物质文化\遗产\代表性\项目\名录\。\代表性\传承\人\是\陈会群\。,
曲靖洞经音乐,第三批,传统音乐,曲靖市文化馆,曲靖洞经音乐是一种以民俗祭祀为主要内容的传统音乐融合多种地方文化独具地域特色。曲靖洞经音乐历史悠久自元、明以来就有活动清朝时期达到鼎盛。曲靖洞经音乐旋律形态类似戏曲板腔体腔多字少且与打击乐锣鼓经曲套用形成锣鼓经曲锣鼓经曲锣鼓经曲锣鼓经曲等二段体、三段体、四段体曲式是融吹、拉、弹、打、唱、念为一体的综合音乐艺术。曲靖洞经音乐以民俗祭祀为主要内容经调唱词大多与歌颂五神、玉皇大帝驱鬼、驱魔、度魂有关。目前经调搜集比较完整依照《文昌大洞仙经》经文的顺序可以一首不落地整理出来。现已出版《爨乡古乐》《曲靖古韵》等作品整理经调曲牌首打击乐首。代表曲目有《关圣帝君觉世真经》《观音经》《谈经赞灯科仪》《谈经神咒》等。在曲靖城区旧时有宝善堂、新宝善堂、辅元堂等较大的洞经会组织。在乡村的洞经会组织分布较广几乎乡乡都有洞经组织。年曲靖市洞经音乐入选云南省第三批非物质文化遗产代表性项目名录扩展项目名录。项目代表性传承人是李世纬、张甯博。传承洞经音乐演出排练洞经音乐,省级,曲靖洞经音乐\是\一种\以\民俗\祭祀\为\主要\内容\的\传统\音乐\融合\多种\地方\文化\独具\地域\特色\。\曲靖洞经音乐\历史悠久\自元\、\明\以来\就\有\活动\清朝\时期\达到\鼎盛\。\曲靖洞经音乐\旋律\形态\类似\戏曲\板腔体\腔\多\字\少且\与\打击乐\锣鼓\经曲\套用\形成\锣鼓\经曲\锣鼓\经曲\锣鼓\经曲\锣鼓\经曲\等\二段\体\、\三段\体\、\四段\体\曲式\是\融吹\、\拉\、\弹\、\打\、\唱\、\念为\一体\的\综合\音乐\艺术\。\曲靖洞经音乐\以\民俗\祭祀\为\主要\内容\经调\唱词\大多\与\歌颂\五神\、\玉皇大帝\驱鬼\、\驱魔\、\度魂\有关\。\目前\经调\搜集\比较\完整\依照\《\文昌\大洞\仙经\》\经文\的\顺序\可以\一首\不\落地\整理出来\。\现已\出版\《\爨\乡\古乐\》\《\曲靖\古韵\》\等\作品\整理\经调\曲牌\首\打击乐\首\。\代表\曲目\有\《\关圣帝君\觉世\真经\》\《\观音\经\》\《\谈经\赞灯\科仪\》\《\谈经\神咒\》\等\。\在\曲靖\城区\旧时\有宝\善堂\、\新宝\善堂\、\辅元堂\等\较大\的\洞经\会\组织\。\在\乡村\的\洞经\会\组织\分布\较广\几乎\乡乡\都\有\洞经\组织\。\年\曲靖市\洞经音乐\入选\云南省\第三批\非物质文化\遗产\代表性\项目\名录\扩展\项目\名录\。\项目\代表性\传承\人\是\李世纬\、\张\甯\博\。\传承\洞经音乐\演出\排练\洞经音乐,
开远甜藠头制作技艺,第四批,传统技艺,开远市文化馆,开远甜藠头约于年诞生于开远老菜市街口的一家土杂小店由当时的店铺老板王宝福及其夫人孙如兰研制而成配方流传百年。产品以色泽金黄透亮、味甜微辣清香、质地软嫩脆糯之特点而久负盛名。开远甜藠头精选开远市碑格乡大黑山盛产的优质鲜糯藠头为原料辅以竹园红糖、西山牛角辣、白酒、食盐等配料经乳酸发酵、土坛保鲜等工序腌制而成。成品颗粒整齐、金黄发亮、香气浓郁、鲜嫩脆糯、酸甜爽口食之能消食除腻、开胃健脾。腌制开远甜藠头要将新鲜藠头洗净剪去根须去老皮晾干将鲜辣椒洗净去柄剁碎加上红糖、食盐、白酒搅拌均匀后入罐腌制在瓦罐口盛满清水套上瓦盖定期洗净罐口更换清水半个月后在罐内藠头顶层再均匀地铺洒一层红糖并淋入少许白酒密封贮存两个半月成熟即可食用。如不开罐可以保鲜存放两年。开远甜藠头产生于民间私营作坊年国家公私合营改造中纳入开远酱菜园生产经营其配方和制作工艺由集体传承至今。世纪年代以后根据国家商标管理需要注册商标为泸江牌因其独特的传统制作工艺和绝佳风味在国内外深受欢迎被客商誉为珍珠玉藠头。年开远甜藠头制作技艺入选云南省第四批省级非物质文化遗产代表性项目名录。,省级,开远\甜\藠头\约\于\年\诞生\于\开远\老\菜市\街口\的\一家\土杂\小店\由\当时\的\店铺\老板\王宝福\及其\夫人\孙如兰\研制\而成\配方\流传\百年\。\产品\以\色泽\金黄\透亮\、\味甜\微辣\清香\、\质地\软嫩\脆\糯\之\特点\而\久负盛名\。\开远\甜\藠头\精选\开远市\碑格\乡\大\黑山\盛产\的\优质\鲜\糯\藠头\为\原料\辅以\竹园\红糖\、\西山\牛角\辣\、\白酒\、\食盐\等\配料\经\乳酸\发酵\、\土坛\保鲜\等\工序\腌制\而成\。\成品\颗粒\整齐\、\金黄\发亮\、\香气\浓郁\、\鲜嫩\脆\糯\、\酸甜\爽口\食之能\消食\除腻\、\开胃\健脾\。\腌制\开远\甜\藠头\要\将\新鲜\藠头\洗净\剪去\根须\去\老皮\晾干\将鲜\辣椒\洗净\去\柄\剁碎\加上\红糖\、\食盐\、\白酒\搅拌\均匀\后入\罐\腌制\在\瓦罐\口盛\满清水\套\上瓦盖\定期\洗净\罐口\更换\清水\半个\月\后\在\罐内\藠头\顶层\再\均匀\地铺\洒\一层\红糖\并淋入\少许\白酒\密封\贮存\两个\半月\成熟\即可\食用\。\如不开\罐\可以\保鲜\存放\两年\。\开远\甜\藠头\产生\于\民间\私营\作坊\年\国家\公私合营\改造\中\纳入\开远\酱菜\园\生产\经营\其\配方\和\制作\工艺\由\集体\传承\至今\。\世纪\年代\以后\根据\国家\商标\管理\需要\注册商标\为\泸江牌\因其\独特\的\传统\制作\工艺\和\绝佳\风味\在\国内外\深受\欢迎\被\客商\誉为\珍珠\玉\藠头\。\年\开远甜藠头制作技艺\入选\云南省\第四批\省级\非物质文化\遗产\代表性\项目\名录\。,
彝族鼓舞,第四批,传统舞蹈,云南省红河哈尼族彝族自治州石屏县文化馆,彝族鼓舞产生于民间的祭祀活动。每年的七月十五彝族人就会集中到龙马山顶的跳鼓坡跳鼓踩山祈求山神保佑人畜平安五谷丰登。彝族鼓舞有双人舞和集体舞双人舞时由两人同敲一大鼓边敲边舞。集体舞时每人身背一牛皮鼓只舞不歌时而尖吼。舞前先喝酒壮胆提兴动作边击鼓边晃胯扭腰表现踢、滚、卧、转、拐、蹬、跺足、腾跃等动作舞到兴起舞者连人带鼓在地上翻滚待表演尽兴方才收场。舞蹈自由发挥粗犷豪放无规律可循民间称其为乱脚舞。彝族鼓舞节奏多为四二拍节奏强弱分明大鼓敲击伴奏小鼓则和之。舞蹈以木棒击鼓咚达、咚达声为节奏明快而刚劲。彝族鼓舞源于悠久的故事传说古朴生动历史悠久涉及社会生活的方方面面如天地万物、神话传说、民族迁徙、歌舞起源、农耕节令等。通过古朴生动的舞蹈语汇风格独异的山歌小调而使彝族鼓舞文化得以保持和延续。彝族鼓舞植根于石屏彝族传统文化中有其鲜明的民族地域特征和广泛的群众基础及民间传承性对维系和凝聚民族精神增强民族团结、民族自信有着不可替代的作用。随着时代的变迁现代文化的融入传承群体单一化加上青年外出打工能舞者甚少只在中老年男子中流传彝族鼓舞面临失传。年彝族鼓舞入选云南省第四批省级非物质文化遗产代表性项目名录。项目代表性传承人是李改发。,省级,彝族鼓舞\产生\于\民间\的\祭祀\活动\。\每年\的\七月\十五\彝族\人\就\会\集中\到\龙马\山顶\的\跳\鼓坡\跳\鼓\踩\山\祈求\山神\保佑\人\畜\平安\五谷丰登\。\彝族鼓舞\有\双人舞\和\集体舞\双人舞\时\由\两人同\敲\一\大鼓\边\敲\边舞\。\集体舞\时\每人\身背\一\牛皮\鼓只\舞不歌\时而\尖吼\。\舞前\先\喝酒\壮胆\提兴\动作\边\击鼓\边晃\胯\扭腰\表现\踢\、\滚\、\卧\、\转\、\拐\、\蹬\、\跺足\、\腾跃\等\动作\舞到\兴起\舞者\连人带\鼓\在\地上\翻滚\待\表演\尽兴\方才\收场\。\舞蹈\自由发挥\粗犷\豪放\无规律\可循\民间\称其为\乱\脚舞\。\彝族鼓舞\节奏\多为\四二\拍\节奏\强弱\分明\大鼓\敲击\伴奏\小鼓\则\和\之\。\舞蹈\以\木棒\击鼓\咚达\、\咚达声\为\节奏\明快\而\刚劲\。\彝族鼓舞\源于\悠久\的\故事\传说\古朴\生动\历史悠久\涉及\社会生活\的\方方面面\如\天地万物\、\神话传说\、\民族迁徙\、\歌舞\起源\、\农耕\节令\等\。\通过\古朴\生动\的\舞蹈语汇\风格\独异\的\山歌\小调\而\使\彝族鼓舞\文化\得以\保持\和\延续\。\彝族鼓舞\植根于\石屏\彝族\传统文化\中有\其\鲜明\的\民族\地域\特征\和\广泛\的\群众\基础\及\民间\传承\性对\维系\和\凝聚\民族\精神\增强\民族团结\、\民族\自信\有着\不可\替代\的\作用\。\随着\时代\的\变迁\现代\文化\的\融入\传承\群体\单一化\加上\青年\外出\打工\能\舞者\甚少\只\在\中老年\男子\中\流传\彝族鼓舞\面临\失传\。\年\彝族鼓舞\入选\云南省\第四批\省级\非物质文化\遗产\代表性\项目\名录\。\项目\代表性\传承\人\是\李\改发\。,彝族
纳西族祭天习俗,第四批,民俗,玉龙纳西族自治县非物质文化遗产保护中心,祭天是纳西族全民性民俗活动主要活动区域在云南丽江玉龙纳西族自治县、古城区也分布在川、藏纳西族散居区域。祭天仪式由主祭许孙许孙是礼仪规范、道德行为、博学多才的导师一般为终身制和司祭者东巴主持。祭天有春祭和秋祭。其中春祭又称为大祭在春节期间进行一般在正月初一至十五这段时间内择日举行为期或四五天或七八天不等是春节活动的主要内容。秋祭在七月中旬举行因而也叫七月祭天即小祭。纳西族每个群体都有自己固定的祭天场一般是在离村不远的野外空地、田野、或山林边。祭天场内设有祭坛有两台的有三台的最好的分为五台。祭坛必须在郊野之地遵守郊祭天神的古规纳西族祭天仪式的天之内涵根据对祭天时的主要祭祀对象三棵树的象征意义来理解即美人类女始祖衬红褒白之父、达人类女始祖衬红褒白之母、许人类女始祖衬红褒白之舅父其内涵包括祭祀天地自然、人类祖先。纳西族祭天习俗是纳西族古老的传统习俗是纳西族古文化之正宗是其最古老、最原始的部分与纳西民族的形成、发展根脉相连。纳西族祭天文化的系统、完整、丰富以及深沉的文化积淀与古华夏祭天文化有亲缘关系。年纳西族祭天习俗入选云南省第四批省级非物质文化遗产代表性项目名录。项目代表性传承人是杨学红。,省级,祭天\是\纳西族\全民性\民俗\活动\主要\活动\区域\在\云南\丽江\玉龙纳西族自治县\、\古城区\也\分布\在\川\、\藏\纳西族\散居\区域\。\祭天\仪式\由\主祭\许\孙许\孙是\礼仪\规范\、\道德行为\、\博学多才\的\导师\一般\为\终身制\和\司祭\者\东巴\主持\。\祭天\有\春祭\和\秋\祭\。\其中\春祭\又\称为\大\祭\在\春节\期间\进行\一般\在\正月初一\至\十五\这\段时间\内\择日\举行\为期\或\四五天\或\七八天\不等\是\春节\活动\的\主要\内容\。\秋\祭\在\七月\中旬\举行\因而\也\叫\七月\祭天\即\小\祭\。\纳西族\每个\群体\都\有\自己\固定\的\祭天\场\一般\是\在\离村\不远\的\野外\空地\、\田野\、\或\山林\边\。\祭天\场内\设有\祭坛\有\两台\的\有\三台\的\最好\的\分为\五台\。\祭坛\必须\在\郊野\之地\遵守\郊\祭天\神\的\古规\纳西族\祭天\仪式\的\天\之\内涵\根据\对\祭天\时\的\主要\祭祀\对象\三棵树\的\象征意义\来\理解\即美\人类\女\始祖\衬红\褒白\之父\、\达\人类\女\始祖\衬红\褒白\之母\、\许\人类\女\始祖\衬红\褒白\之\舅父\其\内涵\包括\祭祀\天地\自然\、\人类\祖先\。\纳西族祭天习俗\是\纳西族\古老\的\传统习俗\是\纳西族\古文化\之\正宗\是\其\最\古老\、\最\原始\的\部分\与\纳西\民族\的\形成\、\发展\根脉\相连\。\纳西族\祭天\文化\的\系统\、\完整\、\丰富\以及\深沉\的\文化\积淀\与\古\华夏\祭天\文化\有\亲缘\关系\。\年\纳西族祭天习俗\入选\云南省\第四批\省级\非物质文化\遗产\代表性\项目\名录\。\项目\代表性\传承\人\是\杨学红\。,纳西族
白族服饰,第四批,民俗,大理州非物质文化遗产保护中心,白族服饰是白族文化的重要组成部分是白族的标志之一在其漫长的历史演变中形成了集素雅与奇美于一身的艺术风格凝聚着白族人民的勤劳智慧、独特的文化传统和审美意识。白族服饰根据白族生活地域环境不同可分为坝区白族服饰、山区白族服饰两种主要类型。坝区白族服饰主要流传于大理市郊、洱源县、鹤庆县坝区一带山区白族服饰主要流传于云龙县、剑川县、洱源县山区一带。坝区白族服饰分别以大理市郊、洱源和鹤庆一带白族服饰为主要代表。大理市郊白族服饰以白、蓝两色为主用蝴蝶纹、菊花纹、梅花纹挑花纹样装饰包头头饰集合了大理风花雪月美景于一身上着白色窄长内衬衫外套红、蓝色领褂围深色下摆绣花围腰下着浅色直筒裤脚穿绣花船形鞋周城、喜洲一带白族还以扎染飘带、头巾和挂包作装饰。洱源、鹤庆一带白族服饰色彩以冷色调为主领褂部分配以红色或蓝色点缀袖口和裤脚处用花边或布条滚边装饰胸前挂刺绣挑花的方巾配以精美的银制须链装饰。鹤庆、甸南的白族新娘装较庄重华贵服饰以黑色为主色调包括了盘式帽、上衣六层绣花袖、坎肩宽裤、围腰、方巾、扎脚带、布袜、如意船形绣花鞋等配以精致的帽花、手镯、戒指和侧胸骨链等。山区白族以云龙县、剑川县、洱源县山区白族为主要代表。其服饰色彩以红、蓝、绿为主色调色彩对比鲜明服饰布料厚实。领褂和围裙以黑、蓝等色为底点缀密致的白色花纹在结构上以大块面的纯色为主有大方、古朴、庄重的特点袖口、头巾等局部的精巧设计显其生动活泼在头饰、腰带、飘带上的刺绣和挑花色彩艳丽夺目、搭配丰富图案具有浓郁的原始意蕴和内涵。大多数日常穿着白族服装的人为中老年人而年青人穿着较少。作为白族服饰制作中重要的刺绣和挑花工艺掌握的人凤毛麟角越来越多地被机绣代替愿意学习手工的年轻人也越来越少。年白族服饰入选云南省第四批省级非物质文化遗产代表性项目名录。项目代表性传承人是杨文焕。,省级,白族服饰\是\白族\文化\的\重要\组成部分\是\白族\的\标志\之一\在\其\漫长\的\历史\演变\中\形成\了\集\素雅\与\奇美\于\一身\的\艺术风格\凝聚\着\白族\人民\的\勤劳\智慧\、\独特\的\文化\传统\和\审美意识\。\白族服饰\根据\白族\生活\地域\环境\不同\可\分为\坝区\白族服饰\、\山区\白族服饰\两种\主要\类型\。\坝区\白族服饰\主要\流传\于\大理\市郊\、\洱源县\、\鹤庆县\坝区\一带\山区\白族服饰\主要\流传\于\云龙县\、\剑川县\、\洱源县\山区\一带\。\坝区\白族服饰\分别\以\大理\市郊\、\洱源\和\鹤庆\一带\白族服饰\为\主要\代表\。\大理\市郊\白族服饰\以白\、\蓝两色\为主\用\蝴蝶\纹\、\菊花\纹\、\梅花\纹\挑花\纹样\装饰\包头\头饰\集合\了\大理\风花雪月\美景\于\一\身上\着\白色\窄\长内\衬衫\外套\红\、\蓝色\领褂\围\深色\下摆\绣花\围腰\下\着\浅色\直筒\裤脚\穿\绣花\船形\鞋\周城\、\喜洲\一带\白族\还\以\扎染\飘带\、\头巾\和\挂包\作\装饰\。\洱源\、\鹤庆\一带\白族服饰\色彩\以\冷色调\为主\领褂\部分\配以\红色\或\蓝色\点缀\袖口\和\裤脚\处用\花边\或\布条\滚边\装饰\胸前\挂\刺绣\挑花\的\方巾\配以\精美\的\银制\须链\装饰\。\鹤庆\、\甸\南\的\白族\新娘装\较\庄重\华贵\服饰\以\黑色\为主\色调\包括\了\盘式\帽\、\上衣\六层\绣花\袖\、\坎肩\宽裤\、\围腰\、\方巾\、\扎脚\带\、\布袜\、\如意\船形\绣花鞋\等\配以\精致\的\帽花\、\手镯\、\戒指\和\侧\胸骨\链\等\。\山区\白族\以\云龙县\、\剑川县\、\洱源县\山区\白族\为\主要\代表\。\其\服饰\色彩\以红\、\蓝\、\绿\为主\色调\色彩\对比\鲜明\服饰\布料\厚实\。\领褂\和\围裙\以\黑\、\蓝等色\为\底\点缀\密致\的\白色\花纹\在结构上\以\大块\面\的\纯色\为主\有\大方\、\古朴\、\庄重\的\特点\袖口\、\头巾\等\局部\的\精巧\设计\显其\生动活泼\在\头饰\、\腰带\、\飘带\上\的\刺绣\和\挑花\色彩\艳丽夺目\、\搭配\丰富\图案\具有\浓郁\的\原始\意蕴\和\内涵\。\大多数\日常\穿着\白族\服装\的\人为\中老年人\而\年青人\穿着\较\少\。\作为\白族服饰\制作\中\重要\的\刺绣\和\挑花\工艺\掌握\的\人\凤毛麟角\越来越\多\地被\机绣\代替\愿意\学习\手工\的\年轻人\也\越来越少\。\年\白族服饰\入选\云南省\第四批\省级\非物质文化\遗产\代表性\项目\名录\。\项目\代表性\传承\人\是\杨文焕\。,白族
纳西族民歌含哦哦,第四批,传统音乐,云南省丽江市玉龙纳西族自治县,纳西族民歌含哦哦属传统民歌。相传在远古时纳西人的祖先散居四方每逢相聚之时围着火塘即兴彻夜欢唱含哦哦以表手足情深由此产生了固定的民歌调式含哦哦。含哦哦仅在丽江市玉龙纳西族自治县境内太安乡一带的偏远山区尚有留存。含哦哦是纳西古语含是金子的意思哦哦是相聚、凝聚的意思表达了纳西先民相逢相聚时的宝贵时光和欢乐心情。纳西族民歌含哦哦歌词中大量采用比喻手法表达相对隐晦、含蓄、委婉。此曲调是三句体结构第一句由一人领唱第二、三句众人合唱。以宫和角为骨干音颤音都在旋律骨干音上完成。第一句和第三句都由两个长句组成第一句旋律重复三次第三句将主旋律节奏音型时值变长并且加入五度大跳。这三句落音均结束在宫音上。节奏十分自由多变全曲五个延迟音没有固定的拍数完全按照演唱者的发挥而确定。纳西族民歌含哦哦作为古老的民歌调式具备丰富多样的曲调集中体现了纳西族民间口头文学和民歌艺术的精粹。年纳西族传统民歌含哦哦入选云南省第四批省级非物质文化遗产代表性项目名录。,省级,纳西族\民歌\含\哦\哦\属\传统\民歌\。\相传\在\远古\时\纳西\人\的\祖先\散居\四方\每逢\相聚\之\时\围着\火塘\即兴\彻夜\欢唱\含\哦\哦\以表\手足情深\由此\产生\了\固定\的\民歌\调式\含\哦\哦\。\含\哦\哦\仅\在\丽江市\玉龙纳西族自治县\境内\太\安乡\一带\的\偏远\山区\尚有\留存\。\含\哦\哦\是\纳西\古语\含是\金子\的\意思\哦\哦\是\相聚\、\凝聚\的\意思\表达\了\纳西\先民\相逢\相聚\时\的\宝贵\时光\和\欢乐\心情\。\纳西族\民歌\含\哦\哦\歌词\中\大量\采用\比喻\手法\表达\相对\隐晦\、\含蓄\、\委婉\。\此\曲调\是\三句\体\结构\第一句\由\一人\领唱\第二\、\三句\众人\合唱\。\以宫\和\角为\骨干\音\颤音\都\在\旋律\骨干\音上\完成\。\第一句\和\第三句\都\由\两个\长句\组成\第一句\旋律\重复\三次\第三句\将\主旋律\节奏\音型\时值\变\长\并且\加入\五度\大\跳\。\这\三句\落音\均\结束\在\宫音\上\。\节奏\十分\自由\多变\全曲\五个\延迟\音\没有\固定\的\拍数\完全\按照\演唱者\的\发挥\而\确定\。\纳西族\民歌\含\哦\哦\作为\古老\的\民歌\调式\具备\丰富\多样\的\曲调\集中体现\了\纳西族\民间\口头文学\和\民歌\艺术\的\精粹\。\年\纳西族\传统\民歌\含\哦\哦\入选\云南省\第四批\省级\非物质文化\遗产\代表性\项目\名录\。,纳西族
禄劝彝族刺绣,第三批,传统美术,禄劝县文化馆,禄劝县彝族刺绣以彝族民间信奉的图腾、动植物等为主要描绘内容表现了人与自然的和谐关系。传统的刺绣图案有牡丹、腊梅、南瓜花、麦瓜花、草兰花以及虎、鹰、龙、喜鹊、鱼、蝴蝶、猫、鼠等。每幅图案都有动听的称谓凤穿牡丹、二龙抢宝、耗子摘葡萄、蝴蝶恋花、猫蹲菊、喜鹊闹梅、鹦鹉啄石榴、龙凤呈祥、鹿望金钟、小兔连枝、小鸟梅花、犀牛望月等。这些图案大多具有一定的文化内涵。男子短褂上的龙、虎、鹰代表着彝文化中的图腾崇拜妇女衣襟上的绵羊角表示生活顺畅、安康衣服下摆上的旗盘象征着城郭和田地背带上的石榴图案象征多子多福等。绣法上有十字绣、挑花绣、扣花绣、穿花绣、挂花绣、搂花绣、拼花绣、游花绣、压针绣、平针绣、游针绣、纱针绣、隔针绣、勒针绣、松毛绣、打结绣、跳三针、挑针绣等四十几种其中以青花绣最难。刺绣艺人用铅笔绘图在布料上画时不用尺子等任何辅助工具根据布料尺寸合理布局构图对称工整一气呵成。刺绣作品丰富除服装装饰外还有挎包、枕头套、被套、背布、腰带、鞋等进入现代社会后扩展到沙发套、电视机套、帐帘、窗帘、门帘以及各种装饰绣片。年禄劝彝族刺绣入选云南省第三批省级非物质文化遗产代表性项目名录扩展项目名录。项目代表性传承人是陈国稳、游定美、杨汉芬。,省级,禄劝县\彝族\刺绣\以\彝族\民间\信奉\的\图腾\、\动植物\等\为\主要\描绘\内容\表现\了\人与自然\的\和谐\关系\。\传统\的\刺绣\图案\有\牡丹\、\腊梅\、\南瓜\花\、\麦瓜花\、\草\兰花\以及\虎\、\鹰\、\龙\、\喜鹊\、\鱼\、\蝴蝶\、\猫\、\鼠\等\。\每幅\图案\都\有\动听\的\称谓\凤穿\牡丹\、\二龙\抢宝\、\耗子\摘葡萄\、\蝴蝶\恋花\、\猫\蹲\菊\、\喜鹊\闹梅\、\鹦鹉\啄\石榴\、\龙凤呈祥\、\鹿望\金钟\、\小兔\连枝\、\小鸟\梅花\、\犀牛望月\等\。\这些\图案\大多\具有\一定\的\文化\内涵\。\男子\短褂\上\的\龙\、\虎\、\鹰\代表\着\彝\文化\中\的\图腾崇拜\妇女\衣襟\上\的\绵羊\角\表示\生活\顺畅\、\安康\衣服\下摆\上\的\旗盘\象征\着\城郭\和\田地\背\带上\的\石榴\图案\象征\多子\多福\等\。\绣\法上\有\十字绣\、\挑花\绣\、\扣\花绣\、\穿\花绣\、\挂花\绣\、\搂\花绣\、\拼花\绣\、\游\花绣\、\压针\绣\、\平针\绣\、\游针\绣\、\纱针\绣\、\隔针\绣\、\勒针\绣\、\松毛\绣\、\打结\绣\、\跳\三针\、\挑针\绣\等\四\十几种\其中\以\青花\绣\最难\。\刺绣\艺人\用\铅笔\绘图\在\布料\上画\时\不用\尺子\等\任何\辅助工具\根据\布料\尺寸\合理布局\构图\对称\工整\一气呵成\。\刺绣\作品\丰富\除\服装\装饰\外\还有\挎包\、\枕头套\、\被套\、\背布\、\腰带\、\鞋\等\进入\现代社会\后\扩展\到\沙发\套\、\电视机\套\、\帐帘\、\窗帘\、\门帘\以及\各种\装饰\绣片\。\年\禄劝彝族刺绣\入选\云南省\第三批\省级\非物质文化\遗产\代表性\项目\名录\扩展\项目\名录\。\项目\代表性\传承\人\是\陈国稳\、\游定\美\、\杨汉芬\。,彝族
拖姑村回族传统文化生态保护区,云南省第三批,民族传统文化生态保护区,云南省鲁甸县,拖姑村回族传统文化生态保护区位于昭通市鲁甸县桃源回族乡拖姑行政村距县城千米面积为平方千米。全村有户人年统计均为回族。拖姑村是滇东北的回族聚居区人文景观众多宗教活动、饮食、传统节庆及民风民俗保存较好是回族风情浓郁的传统文化村落。村中有座清真寺以拖姑清真寺为代表。该寺共有殿阁亭楼余间占地面积约平方米是历经多年的木结构建筑名列云南十大古寺之一为省级重点文物保护单位。村落格局、民居建筑基本保持传统风貌现存民居大体分为土木结构、砖混结构两类的民居为土木结构。拖姑村回族的生活习俗、节庆活动、服饰文化、民间方言等文化形态底蕴丰富保存完整。日常生活中必须履行五大功修即念、礼、斋、课、朝简称五功。传统礼仪有起经名、行割礼男孩岁间举行、净身分大净小净还有各种家事祝贺。传统节庆有古尔邦节、开斋节、圣纪节等。婚礼习俗一般包括说亲、订婚、通信、娶讨、念证婚词等过程。丧葬为土葬有完整丧葬习俗。民间文学有《哈元生的故事》《蔡文炳的故事》《马连升的故事》《拿龙传说》《吃油香的来历》等人物故事、口头传说还有一些谚语在民间广为流传。传统手工艺有挑花、刺绣等。传统食品有九大碗、牛干巴、香油馓子、罐罐茶、丝窝糖、荞米线等。传统体育赛事有摔跤、扳手腕、倒肱腰、赛跑、翻抛团、修天、扭扁担。民族服饰以盖头、布疙瘩衣服、毛布底鞋子为代表。拖姑村生态环境良好依山傍水森林覆盖率高附近有桃园、长山林场、桃园水库等。村落格局、民居建筑基本保持传统风貌。年拖姑村回族传统文化生态保护区入选云南省第三批省级非物质文化遗产代表性项目名录。,省级,拖姑村回族传统文化生态保护区\位于\昭通市\鲁甸县\桃源\回族\乡\拖姑\行政村\距\县城\千米\面积\为\平方千米\。\全村\有户\人\年\统计\均\为\回族\。\拖姑村\是\滇\东北\的\回族\聚居区\人文景观\众多\宗教活动\、\饮食\、\传统\节庆\及\民风\民俗\保存\较\好\是\回族\风情\浓郁\的\传统文化\村落\。\村中\有\座\清真寺\以拖姑\清真寺\为\代表\。\该寺\共有\殿阁\亭楼\余间\占地面积\约\平方米\是\历经\多年\的\木结构\建筑\名列\云南\十大\古寺\之一\为\省级重点\文物保护\单位\。\村落\格局\、\民居\建筑\基本\保持\传统\风貌\现存\民居\大体\分为\土\木结构\、\砖混\结构\两类\的\民居\为土\木结构\。\拖姑村\回族\的\生活\习俗\、\节庆\活动\、\服饰文化\、\民间\方言\等\文化形态\底蕴\丰富\保存\完整\。\日常生活\中\必须\履行\五\大功\修即\念\、\礼\、\斋\、\课\、\朝\简称\五功\。\传统\礼仪\有\起经名\、\行\割礼\男孩\岁间\举行\、\净\身分\大净\小净\还有\各种\家事\祝贺\。\传统\节庆\有\古尔邦节\、\开斋节\、\圣纪节\等\。\婚礼\习俗\一般\包括\说亲\、\订婚\、\通信\、\娶\讨\、\念\证婚\词\等\过程\。\丧葬\为\土葬\有\完整\丧葬\习俗\。\民间文学\有\《\哈元生\的\故事\》\《\蔡文炳\的\故事\》\《\马\连升\的\故事\》\《\拿龙\传说\》\《\吃\油香\的\来历\》\等\人物\故事\、\口头\传说\还有\一些\谚语\在\民间\广为流传\。\传统\手工艺\有\挑花\、\刺绣\等\。\传统\食品\有\九\大碗\、\牛\干巴\、\香油\馓子\、\罐罐茶\、\丝窝\糖\、\荞\米线\等\。\传统\体育赛事\有\摔跤\、\扳\手腕\、\倒\肱\腰\、\赛跑\、\翻\抛团\、\修天\、\扭\扁担\。\民族服饰\以\盖头\、\布\疙瘩\衣服\、\毛布\底\鞋子\为\代表\。\拖姑村\生态环境\良好\依山傍水\森林\覆盖率\高\附近\有\桃园\、\长山\林场\、\桃园\水库\等\。\村落\格局\、\民居\建筑\基本\保持\传统\风貌\。\年\拖姑村回族传统文化生态保护区\入选\云南省\第三批\省级\非物质文化\遗产\代表性\项目\名录\。,回族
白族力格高,第四批,传统舞蹈,云南省大理白族自治州云龙县文化馆,力格高是云龙山地白族文化活动的重要形式。每当村寨有办婚丧嫁娶等民俗活动时远近的人家都要到主人家帮忙、做客晚上就留在主人家。当夜幕降临时大家热热闹闹围着火堆跳起力格高舞蹈来表达情感。白族力格高的表现内容与舞蹈动作多模仿动物的形态和生产生活具有较强的山地白族打歌风韵。舞蹈队形以逆时针方向的圈舞为主民间相传有套动作主要舞蹈套路有羊羔吃奶老鹰展翅猴子遮眼等以及名称即带有提示性跳法的一二三步擦进退跳相互转单双麻花等。舞蹈中每模仿一种动物动作口中就要随之发出模仿这种动物的呼叫声如猴子望月就要仿猴子发出呜呜叫声仿马相踢就叫成哒哒声力格高主要动作特征是微含胸、双膝稍屈、上身前倾转身以腰为主动力足的颤动富有弹性磋踏有力节奏强烈欢快双手自然摆动舞蹈激烈时动作幅度自然增大前屈较深跺地有力情绪激昂充分表现出山地白族人民坚韧不拔的豪放性格和对生活充满自信、欢快活泼的情怀。白族力格高历史上是一种没有乐器伴奏以踏地为节以及男女舞者的呼喊声来统一动作的舞蹈。近年来才在舞蹈中加入了鼓的伴奏。舞蹈的手部动作多为模拟性动作脚步的变化较多且双脚踏跺十分有力具有粗犷、质朴的风格特征被称为东方踢踏舞。白族力格高作为一种山地白族打歌的代表性舞蹈呈现并保持着原始古朴的历史风貌具有珍贵的历史文化价值和艺术价值。年白族力格高入选云南省第四批省级非物质文化遗产代表性项目名录。项目代表性传承人是莽秀枝。,省级,力格\高\是\云龙山\地\白族\文化\活动\的\重要\形式\。\每当\村寨\有办\婚丧嫁娶\等\民俗\活动\时\远近\的\人家\都\要\到\主人家\帮忙\、\做客\晚上\就\留在\主人家\。\当\夜幕降临\时\大家\热热闹闹\围着\火堆\跳起\力格\高\舞蹈\来\表达\情感\。\白族\力格\高\的\表现\内容\与\舞蹈动作\多\模仿\动物\的\形态\和\生产\生活\具有\较强\的\山地\白族\打歌\风韵\。\舞蹈\队形\以\逆时针\方向\的\圈舞\为主\民间\相传\有套\动作\主要\舞蹈\套路\有\羊羔\吃奶\老鹰\展翅\猴子\遮眼\等\以及\名称\即\带有\提示性\跳法\的\一二\三步\擦\进退\跳\相互\转单\双\麻花\等\。\舞蹈\中\每\模仿\一种\动物\动作\口中\就要\随之\发出\模仿\这种\动物\的\呼叫声\如\猴子\望月\就要\仿\猴子\发出\呜呜\叫声\仿马相\踢\就\叫\成\哒\哒\声力格\高\主要\动作\特征\是\微含\胸\、\双膝\稍屈\、\上身\前倾\转身\以腰\为主\动力\足\的\颤动\富有\弹性\磋踏\有力\节奏\强烈\欢快\双手\自然\摆动\舞蹈\激烈\时\动作\幅度\自然\增大\前屈\较\深\跺\地\有力\情绪\激昂\充分\表现\出\山地\白族\人民\坚韧不拔\的\豪放\性格\和\对\生活\充满\自信\、\欢快\活泼\的\情怀\。\白族\力格\高\历史\上\是\一种\没有\乐器\伴奏\以踏地\为节\以及\男女\舞者\的\呼喊声\来\统一\动作\的\舞蹈\。\近年来\才\在\舞蹈\中\加入\了\鼓\的\伴奏\。\舞蹈\的\手部\动作\多为\模拟\性\动作\脚步\的\变化\较多且\双\脚踏\跺\十分\有力\具有\粗犷\、\质朴\的\风格特征\被\称为\东方\踢踏舞\。\白族\力格\高\作为\一种\山地\白族\打歌\的\代表性\舞蹈\呈现\并\保持\着\原始\古朴\的\历史风貌\具有\珍贵\的\历史\文化价值\和\艺术\价值\。\年\白族\力格\高\入选\云南省\第四批\省级\非物质文化\遗产\代表性\项目\名录\。\项目\代表性\传承\人\是\莽秀枝\。,白族
纳西族朵翀,第四批,民俗,玉龙纳西族自治县非物质文化遗产保护中心,朵翀为古藏语的音译朵指聚合、聚拢翀指在一起引申为聚合在一起歌舞。朵翀是藏族人民用于建庙庆典时举行的民俗宗教活动。它是无伴奏的大型集体歌舞表演缘起于修建桑耶寺及传承佛法。唐朝中后期该民俗传至金沙江中游地区至今较完整地保留在丽江市玉龙县塔城乡境内已有余年的历史。在发源地西藏自治区山南地区基本失传仅有零星残存。公元年赞普赤松德赞组织人员修建桑耶寺工程历时年建成。桑耶寺是西藏第一座具有佛、法、僧三宝的正规寺院。开光法会当晚僧俗大众通宵达旦歌舞予以庆祝。这就是朵翀民俗的由来。朵翀民俗以歌舞剧形式展示分为幕共首歌舞、话剧其主要特征是保存历史悠久表演时间长长达小时篇幅宏大结构严谨内容丰富形式多样具有综合性、完整性以及广泛的群众性和民间传承性。朵翀民俗是纳西族、藏族传统文化交融共生的具体实证反映了当地人遵循天理、崇尚自然、包容和谐的精神特质和对美好幸福生活的执着追求具有很高的历史文化价值与艺术审美价值。年纳西族朵翀入选云南省第四批省级非物质文化遗产代表性项目名录。,省级,朵翀\为\古\藏语\的\音译\朵\指\聚合\、\聚拢\翀\指\在\一起\引申为\聚合\在\一起\歌舞\。\朵翀\是\藏族\人民\用于\建庙\庆典\时\举行\的\民俗\宗教活动\。\它\是\无\伴奏\的\大型\集体\歌舞\表演\缘起\于\修建\桑耶寺\及\传承\佛法\。\唐朝\中后期\该\民俗\传至\金沙江\中游\地区\至今\较完整\地\保留\在\丽江市\玉龙\县塔\城乡\境内\已有\余年\的\历史\。\在\发源地\西藏自治区\山南地区\基本\失传\仅\有\零星\残存\。\公元\年\赞普\赤松德赞\组织\人员\修建\桑耶寺\工程\历时\年\建成\。\桑耶寺\是\西藏\第一座\具有\佛\、\法\、\僧\三宝\的\正规\寺院\。\开光\法会\当晚\僧俗\大众\通宵达旦\歌舞\予以\庆祝\。\这\就是\朵翀\民俗\的\由\来\。\朵翀\民俗\以\歌舞剧\形式\展示\分为\幕共首\歌舞\、\话剧\其\主要\特征\是\保存\历史悠久\表演\时间\长长\达\小时\篇幅\宏大\结构\严谨\内容丰富\形式多样\具有\综合性\、\完整性\以及\广泛\的\群众性\和\民间\传承\性\。\朵翀\民俗\是\纳西族\、\藏族\传统文化\交融\共生\的\具体\实证\反映\了\当地人\遵循\天理\、\崇尚\自然\、\包容\和谐\的\精神\特质\和\对\美好幸福\生活\的\执着\追求\具有\很\高\的\历史\文化价值\与\艺术\审美价值\。\年\纳西族\朵翀\入选\云南省\第四批\省级\非物质文化\遗产\代表性\项目\名录\。,藏族
彝族立秋节,第四批,民俗,寻甸县文化馆,立秋节是象征丰收、吉祥的传统节日传说是很早以前彝族先人饲养的牛十分壮实很能耕地彝族先人认为是牛为彝家带来了五谷丰登于是将牛神视为自己崇拜的对象而加以顶礼膜拜。后来当地各村寨彝族相约在每年农历立秋这一天设秋场举行斗牛活动以感谢牛神为彝家人们带来了丰收富裕的生活。每年立秋节这天彝族男女老幼都要换上节日盛装女装由包头、麻布长袖花衣、羊毛短袖黑衣、麻布筒裙、羊毛毡围腰等组成外套绣花衣扎红腰带以红色为主基调男装以黑白两色为主由包头、麻布长袖衣、羊毛衣、羊毛褂、马甲和长裤等组成系红色腰带。男女老幼齐聚秋场各村寨赶着最壮实的公牛参加比赛。斗牛前出牛的各村寨领头人和牛主相互敬酒以示团结和气。公牛获胜代表该村该户会种庄稼会过生活让人们引以为豪。夜幕降临大家便围着篝火载歌载舞姑娘小伙在月光下吹着树叶唱着绵绵情歌彼此倾诉自己的心声借机寻找意中人。立秋节同时也是当地群众的农产品交易会秋场就是物品交流场所人们在此时通常把粮食、日用品、服饰、生产工具等带到秋场进行交易。六哨彝族立秋节是当地彝族传统集体性节日多年来通过家庭传承、群体自发性传承、靠长辈口耳相传等方式而延续至今对于传承彝族服饰文化、歌舞乐、口头传统等有积极作用也对促进农产品的交流交易、促进经济社会发展有重要作用。世纪年代以来由于彝族青年男女大批外出打工传统民俗活动内容逐渐消失亟待保护。年彝族立秋节入选云南省第四批省级非物质文化遗产代表性项目名录。,省级,立\秋节\是\象征\丰收\、\吉祥\的\传统节日\传说\是\很早以前\彝族\先人\饲养\的\牛\十分\壮实\很能\耕地\彝族\先人\认为\是\牛为\彝家\带来\了\五谷丰登\于是\将\牛神\视为\自己\崇拜\的\对象\而\加以\顶礼膜拜\。\后来\当地\各\村寨\彝族\相约\在\每年\农历\立秋\这\一天\设秋场\举行\斗牛\活动\以\感谢\牛神\为\彝家\人们\带来\了\丰收\富裕\的\生活\。\每年\立\秋节\这天\彝族\男女老幼\都\要\换上\节日\盛装\女装\由\包头\、\麻布\长袖\花衣\、\羊毛\短袖\黑衣\、\麻布\筒裙\、\羊毛毡\围腰\等\组成\外套\绣花\衣扎红\腰带\以\红色\为主\基调\男装\以\黑白\两色\为主\由\包头\、\麻布\长袖\衣\、\羊毛衣\、\羊毛\褂\、\马甲\和\长裤\等\组成\系\红色\腰带\。\男女老幼\齐聚秋场\各\村寨\赶着\最\壮实\的\公牛\参加\比赛\。\斗牛\前出\牛\的\各\村寨\领头人\和\牛主\相互\敬酒\以示\团结\和\气\。\公牛\获胜\代表\该村\该户\会\种\庄稼\会过\生活\让\人们\引以为豪\。\夜幕降临\大家\便\围着\篝火\载歌载舞\姑娘\小伙\在\月光\下\吹\着\树叶\唱\着\绵绵\情歌\彼此\倾诉\自己\的\心声\借机\寻找\意中人\。\立\秋节\同时\也\是\当地\群众\的\农产品\交易会\秋场\就是\物品\交流\场所\人们\在\此时\通常\把\粮食\、\日用品\、\服饰\、\生产工具\等\带到\秋场\进行\交易\。\六哨\彝族立秋节\是\当地\彝族\传统\集体性\节日\多年\来\通过\家庭\传承\、\群体\自发性\传承\、\靠\长辈\口耳相传\等\方式\而\延续\至今\对于\传承\彝族\服饰文化\、\歌舞\乐\、\口头\传统\等\有\积极\作用\也\对\促进\农产品\的\交流\交易\、\促进\经济社会\发展\有\重要\作用\。\世纪\年代\以来\由于\彝族\青年\男女\大批\外出\打工\传统\民俗\活动\内容\逐渐\消失\亟待\保护\。\年\彝族立秋节\入选\云南省\第四批\省级\非物质文化\遗产\代表性\项目\名录\。,彝族
男子手巾舞,第三批,传统舞蹈,云南省文山州广南县文化馆,男子手巾舞是广南县壮族传统舞蹈在壮族侬支系村寨中普遍流传来源于壮族民间传统丧葬祭祀活动主要指在年过花甲岁的老人丧葬活动中表演的祭祀性舞蹈因为跳舞的人只允许男性参与故称为男子手巾舞。男子手巾舞具有悠久的历史在壮族传统丧事中需死者女儿请来男子手巾舞为父母祭祀在距离家中有米左右时就要开始表演由牛皮鼓、牛角号、铓锣等传统民间乐器进行伴奏舞者身穿白、蓝色长袍头戴白色头帕腰系纯白色或五彩腰带随鼓点前脚尖点地两腿膝盖同时弯曲步伐多为左右脚交替前移形成重拍向下的独特韵律表演持续到仪式完成。随着社会文明的进步该舞蹈已演变成自娱性的男性群众舞蹈如今人们在农闲、节庆期间都要跳手巾舞。男子手巾舞表现在祭祀环节中共有套传统舞蹈动作在单一的舞台表演时增加到套。男子手巾舞套路清晰、步伐稳健、动作庄重统一蕴含着壮族兴礼仪、重孝道的传统民族习性在弘扬美德、教化育民中发挥着积极作用。同时舞者均为男性是我国传统舞蹈中少有的纯男性舞蹈之一。男子手巾舞体现了壮族人民的集体智慧是广南壮族传统文化的重要组成部分之一对研究壮族传统文化和社会发展保护文化多样性有着极其重要的价值。年男子手巾舞入选云南省第三批省级非物质文化遗产代表性项目名录。项目代表性传承人是陆国安。,省级,男子手巾舞\是\广南县\壮族\传统\舞蹈\在\壮族\侬\支系\村寨\中\普遍\流传\来源于\壮族\民间\传统\丧葬\祭祀\活动\主要\指在\年过花甲\岁\的\老人\丧葬\活动\中\表演\的\祭祀\性\舞蹈\因为\跳舞\的\人\只\允许\男性\参与\故\称为\男子手巾舞\。\男子手巾舞\具有\悠久\的\历史\在\壮族\传统\丧事\中需\死者\女儿\请来\男子手巾舞\为\父母\祭祀\在\距离\家中\有\米左右\时\就要\开始\表演\由\牛皮\鼓\、\牛角\号\、\铓锣\等\传统\民间\乐器\进行\伴奏\舞者\身穿\白\、\蓝色\长袍\头戴\白色\头帕\腰系\纯白色\或\五彩\腰带\随\鼓点\前\脚尖\点地\两腿\膝盖\同时\弯曲\步伐\多为\左右脚\交替\前移\形成\重拍\向下\的\独特\韵律\表演\持续\到\仪式\完成\。\随着\社会\文明\的\进步\该\舞蹈\已\演变成\自娱性\的\男性\群众\舞蹈\如今\人们\在\农闲\、\节庆\期间\都\要\跳\手巾\舞\。\男子手巾舞\表现\在\祭祀\环节\中共\有套\传统\舞蹈动作\在\单一\的\舞台\表演\时\增加\到\套\。\男子手巾舞\套路\清晰\、\步伐\稳健\、\动作\庄重\统一\蕴含着\壮族\兴\礼仪\、\重孝\道\的\传统\民族\习性\在\弘扬\美德\、\教化\育民中\发挥\着\积极\作用\。\同时\舞者\均\为\男性\是\我国\传统\舞蹈\中\少有\的\纯\男性\舞蹈\之一\。\男子手巾舞\体现\了\壮族\人民\的\集体\智慧\是\广南\壮族\传统文化\的\重要\组成部分\之一\对\研究\壮族\传统文化\和\社会发展\保护\文化\多样性\有着\极其重要\的\价值\。\年\男子手巾舞\入选\云南省\第三批\省级\非物质文化\遗产\代表性\项目\名录\。\项目\代表性\传承\人\是\陆\国安\。,壮族
傣族叙事长诗阿銮,云南省第四批,民间文学,云南省芒市,傣族叙事长诗阿銮是傣族民间文学中一个比较特殊的现象它不同于傣族本土的史诗或故事而是在南传上座部佛教传入之后形成的文学样式。阿銮是一个庞大的长诗系列内容繁杂号称有五百五十部现在搜集到的有目录的有一百多部。傣族民间对阿銮有三种定义一种认为阿銮即佛陀佛陀在成佛之前曾托生转世五百五十代因而有五百五十个阿銮对应五百五十部长诗第二种认为阿銮即英雄阿銮故事泛指傣族英雄故事第三种认为阿銮是机智与勇敢的象征阿銮故事是歌颂勤劳勇敢、淳朴善良和聪明机智的人。每一部阿銮叙事长诗都是一个独立的故事故事之间互不关联有的来自佛经故事是傣族化的佛本生故事如《维先达腊》《阿銮达莫》《阿銮京乱》《阿銮国罕》等有的来自本土故事如《金羚羊阿銮》《白螺蛳阿銮》《花水牛阿銮》等更多的是讲述王子勇敢正直公主美丽善良以及他们之间曲折的爱情故事的诗如《金皇冠阿銮》《阿銮弓关》《阿銮散达》等因而阿銮又有傣族英雄史诗之称。阿銮在傣族地区广泛传播所蕴含的道德教化作用在民间发挥着重要影响。此外德宏傣族聚居区的佛塔也大都与阿銮故事有关联多是某个阿銮故事的遗址。近年来德宏州保存的阿銮长诗数量锐减高水平的艺人亦日益减少其保护与传承面临一定困境。年傣族叙事长诗阿銮入选云南省第四批省级非物质文化遗产代表性项目名录。,省级,傣族\叙事\长诗\阿銮是\傣族\民间文学\中\一个\比较\特殊\的\现象\它\不同于\傣族\本土\的\史诗\或\故事\而是\在\南传\上座部佛教\传入\之后\形成\的\文学\样式\。\阿銮是\一个\庞大\的\长诗\系列\内容\繁杂\号称\有\五百五\十部\现在\搜集\到\的\有\目录\的\有\一百多部\。\傣族\民间\对\阿銮有\三种\定义\一种\认为\阿銮即\佛陀\佛陀\在\成佛\之前\曾\托生\转世\五百\五十代\因而\有\五百\五十个\阿銮\对应\五百\五十\部长\诗\第二种\认为\阿銮即\英雄\阿銮\故事\泛指\傣族\英雄\故事\第三种\认为\阿銮是\机智\与\勇敢\的\象征\阿銮\故事\是\歌颂\勤劳勇敢\、\淳朴\善良\和\聪明\机智\的\人\。\每\一部\阿銮\叙事\长诗\都\是\一个\独立\的\故事\故事\之间\互不\关联\有\的\来自\佛经\故事\是\傣族\化\的\佛本生\故事\如\《\维先\达腊\》\《\阿銮达\莫\》\《\阿銮京乱\》\《\阿銮国罕\》\等\有\的\来自\本土\故事\如\《\金\羚羊\阿銮\》\《\白\螺蛳\阿銮\》\《\花\水牛\阿銮\》\等\更\多\的\是\讲述\王子\勇敢\正直\公主\美丽\善良\以及\他们\之间\曲折\的\爱情故事\的\诗\如\《\金\皇冠\阿銮\》\《\阿銮\弓关\》\《\阿銮散\达\》\等\因而\阿銮\又\有\傣族\英雄\史诗\之称\。\阿銮\在\傣族\地区\广泛传播\所\蕴含\的\道德教化\作用\在\民间\发挥\着\重要\影响\。\此外\德宏\傣族\聚居区\的\佛塔\也\大都\与\阿銮\故事\有\关联\多\是\某个\阿銮\故事\的\遗址\。\近年来\德宏州\保存\的\阿銮\长诗\数量\锐减\高水平\的\艺人\亦\日益减少\其\保护\与\传承\面临\一定\困境\。\年\傣族\叙事\长诗\阿銮\入选\云南省\第四批\省级\非物质文化\遗产\代表性\项目\名录\。,傣族
猫耳斗铜烟锅制作技艺,云南省第四批,,云南省宣威市,猫耳斗铜烟锅制作技艺始于清代。猫耳斗铜烟锅是一种抽烟的烟具因其斗部状如猫耳而得名。猫耳斗铜烟锅由红木烟杆和铜饰品两部分组成主要原材料是清香木又称乌木等名贵红木和铜。乌木木质坚硬色泽乌黑去皮刨光后可见环状天然纹理俗称牛肋巴花质地沉重厚实。乌木阴干后经挖斗、镂空、刨光、雕饰、上油制成烟杆。铜部件多用铜锌合金又称白铜根据需要将铜片切成坯条进行锻打、焊接焊接时把焊药用铜粉和硼砂粉按比例制成撒在铜件接口处用高温熔接再通过高温熔铸定型镂槽后用红铜嵌丝经高温熔铸磨平然后錾花装饰。最后在烟杆的前端和斗部包上加工好的铜皮饰品配上铜制烟嘴连接烟杆做成猫耳斗铜烟锅。猫耳斗铜烟锅制品以猫耳斗铜烟锅为主尺寸大至一米多长重达四五斤小至四五寸长小手指粗细。其他制品有铜锅、铜壶、铜调羹、铜灯、铜锁、铜墨盒等生活用品。猫耳斗铜烟锅的制作为传统手工技艺图案设计全凭制作者的经验和感觉工艺复杂制作精细造型别致。铜部件配料考究金属配比和火候掌握适当雕花细腻纹饰丰富特色鲜明色彩古朴红白分明给人以强烈的视觉冲击有很强的艺术感染力。长期使用的猫耳斗铜烟锅因反复把玩手心的酸性汗液与铜发生化学反应使器物更显古朴韵味兼具实用性、艺术性和收藏价值。年猫耳斗铜烟锅制作技艺入选云南省第四批省级非物质文化遗产代表性项目名录。项目代表性传承人是李广周、李存勋。,省级,猫耳斗\铜\烟锅\制作\技艺\始于\清代\。\猫耳斗\铜\烟锅\是\一种\抽烟\的\烟具\因其斗部\状如猫\耳\而\得名\。\猫耳斗\铜\烟锅\由\红木\烟杆\和\铜\饰品\两\部分\组成\主要\原材料\是\清香\木\又称\乌木\等\名贵\红木\和\铜\。\乌木\木质\坚硬\色泽\乌黑\去皮\刨\光后\可见\环状\天然\纹理\俗称\牛\肋\巴花\质地\沉重\厚实\。\乌木\阴干\后经\挖斗\、\镂空\、\刨光\、\雕饰\、\上\油\制成\烟杆\。\铜\部件\多用\铜\锌合金\又称\白铜\根据\需要\将\铜片\切成\坯条\进行\锻打\、\焊接\焊接\时\把\焊药\用铜粉\和\硼砂\粉\按\比例\制成\撒\在\铜件\接口处\用\高温\熔接\再\通过\高温\熔铸\定型\镂槽\后\用\红铜\嵌丝经\高温\熔铸\磨平\然后\錾\花\装饰\。\最后\在\烟杆\的\前端\和\斗部\包上\加工\好\的\铜皮\饰品\配\上\铜制\烟嘴\连接\烟杆\做成\猫耳斗\铜\烟锅\。\猫耳斗\铜\烟锅\制品\以猫\耳斗\铜\烟锅\为主\尺寸\大至\一米\多长\重达\四五斤\小至\四五寸\长\小手指\粗细\。\其他\制品\有\铜锅\、\铜壶\、\铜\调羹\、\铜灯\、\铜锁\、\铜\墨盒\等\生活用品\。\猫耳斗\铜\烟锅\的\制作\为\传统\手工\技艺\图案\设计\全凭\制作者\的\经验\和\感觉\工艺\复杂\制作\精细\造型\别致\。\铜\部件\配料\考究\金属\配比\和\火候\掌握\适当\雕花\细腻\纹饰\丰富\特色\鲜明\色彩\古朴\红白分明\给人以\强烈\的\视觉\冲击\有\很\强\的\艺术\感染力\。\长期\使用\的\猫\耳斗\铜\烟锅\因\反复\把玩\手心\的\酸性\汗液\与\铜\发生\化学反应\使\器物\更显\古朴\韵味\兼具\实用性\、\艺术性\和\收藏\价值\。\年\猫\耳斗\铜\烟锅\制作\技艺\入选\云南省\第四批\省级\非物质文化\遗产\代表性\项目\名录\。\项目\代表性\传承\人\是\李广\周\、\李存\勋\。,
藏族雕版印经技艺,云南省第四批,,云南省迪庆藏族自治州,据《迪庆宗教志》记载明代丽江木氏土司在小中甸池卡寺雕版印制《甘珠尔》送至大昭寺为纳藏文化交流盛事开创了云南藏区雕版印经之先河。年香格里拉印经院恢复重建。藏族雕版印经技艺主要工具有槽口挑刀、平口刀、反凿、平凿、大凿和指甲凿等。木刻印版需选择无节、无裂缝、无朽点、无木旋、质地坚硬的西南桦秋季砍伐加工成寸板后用微火烤半干时用湿牛粪堆沤数月经水煮、烘干、刨平、贴样、刻版、校对、修补和防蛀等多道工序可保存数百年不变形、无虫蛀。贴样的纸张以上等薄藏纸为佳须将样纸贴正贴稳字迹图案清晰。雕刻文字要按照先大后小、先深后浅、先粗后细的顺序先用铲凿出大的空隙再用挑刀挖深处雕刻字眼空心和四元音等细节前用水浇板外表稍干时雕刻细小部分最后修补完成。迪庆藏族雕版大致分为三类一类为印刷书籍的使用型一类是文化教育需要的文化传播型还有一类是艺术审美型。常见经幡主要有利册亦称玛尼、甸主、义卓等经幡的组合形式根据地点、场景、信仰仪轨、祈祷功能的不同分为悬挂式、插挂式、立柱式、经幡塔四种形式。迪庆藏族雕版制品有《甘珠尔》部《丹珠尔》香格里拉版部其他八大教派文献著作原始印经木刻板和艺术画板及经幡、玛尼、义卓、甸主等。迪庆藏族雕版印经技艺是中国藏文化和雕版印刷史的重要组成部分在佛教进入藏文化的过程中发挥了重要的媒介作用是藏传佛教的重要载体之一。年藏族雕版印经技艺入选云南省第四批省级非物质文化遗产代表性项目名录。项目代表性传承人是拉茸开主。,省级,据\《\迪庆\宗教\志\》\记载\明代\丽江\木氏\土司\在\小\中甸\池卡寺\雕版\印制\《\甘珠尔\》\送\至\大昭寺\为纳藏\文化交流\盛事\开创\了\云南\藏区\雕版\印经\之\先河\。\年\香格里拉\印经院\恢复\重建\。\藏族雕版印经技艺\主要\工具\有\槽口\挑刀\、\平口\刀\、\反凿\、\平凿\、\大凿\和\指甲\凿\等\。\木刻\印版\需\选择\无节\、\无\裂缝\、\无朽\点\、\无\木旋\、\质地\坚硬\的\西南\桦\秋季\砍伐\加工\成寸板\后\用\微火\烤半干\时用\湿牛\粪堆\沤\数月\经水\煮\、\烘干\、\刨平\、\贴样\、\刻版\、\校对\、\修补\和\防蛀\等\多\道工序\可\保存\数百年\不\变形\、\无\虫蛀\。\贴样\的\纸张\以上\等\薄藏纸\为佳须\将样\纸\贴\正\贴\稳\字迹\图案\清晰\。\雕刻\文字\要\按照\先大后\小\、\先深\后\浅\、\先\粗后\细\的\顺序\先\用\铲凿\出大\的\空隙\再用\挑刀\挖\深处\雕刻\字眼\空心\和\四\元音\等\细节\前\用水\浇板\外表\稍\干时\雕刻\细小\部分\最后\修补\完成\。\迪庆\藏族\雕版\大致\分为\三类\一类\为\印刷\书籍\的\使用\型\一类\是\文化教育\需要\的\文化传播\型\还有\一类\是\艺术\审美\型\。\常见\经幡\主要\有利\册亦称\玛尼\、\甸\主\、\义卓\等\经幡\的\组合\形式\根据地\点\、\场景\、\信仰\仪轨\、\祈祷\功能\的\不同\分为\悬挂\式\、\插\挂式\、\立柱式\、\经幡\塔\四种\形式\。\迪庆\藏族\雕版\制品\有\《\甘珠尔\》\部\《\丹珠尔\》\香格里拉\版部\其他\八大\教派\文献\著作\原始\印经\木刻\板\和\艺术\画板\及\经幡\、\玛尼\、\义卓\、\甸\主等\。\迪庆\藏族雕版印经技艺\是\中国\藏\文化\和\雕版\印刷\史\的\重要\组成部分\在\佛教\进入\藏\文化\的\过程\中\发挥\了\重要\的\媒介\作用\是\藏传佛教\的\重要\载体\之一\。\年\藏族雕版印经技艺\入选\云南省\第四批\省级\非物质文化\遗产\代表性\项目\名录\。\项目\代表性\传承\人\是\拉\茸\开主\。,藏族
祭署习俗,第三批,民俗,丽江市非物质文化遗产保护中心,署在纳西族民间被称为署神孰龙龙王等。祭署仪式纳西语称之为署古意思是与署沟通的仪式署在东巴教中被认为是掌管一切自然事物的超自然精灵。每年开春的祭署仪式是纳西族民间的一个重要习俗活动是纳西族东巴教祭祀仪式中的一个主要内容每年农历二月的第一个龙日或蛇日在各个村庄分别举行。祭署仪式一般需要三天时间。第一天是做准备工作包括各种祭祀用品的准备、祭木的安放、署寨的设置等第二天是做除秽仪式第三天则是正式的祭署仪式。祭署仪式需要用到数十部东巴经书和各类东巴法器由东巴祭司全面掌握纳西族知识和技能的人包括文学、舞蹈、绘画、工艺等的传承人进行祭祀。祭署仪式的传承与东巴文化的传承息息相关高度集中了纳西族原始宗教智慧是纳西族传统文化的表现形式。祭署仪式是纳西族先民在长期的生产生活中与自然环境相互发展形成的一种文化具有广泛的群众性和民间传承性是纳西族先民对人与自然和谐发展最直观、最朴素的表现传达了人们祈福的愿望。民众遵守约定俗成的行为规范和道德准则即爱护生命、爱护自然、爱护环境。由于纳西族的生活方式有了较大改变所以祭署仪式赖以生存的空间环境产生较大变化掌握知识全面、能独立主持整套祭署仪式的东巴人数已经屈指可数传承濒危。年纳西族祭署习俗入选云南省第三批省级非物质文化遗产代表性项目名录。项目代表性传承人是和世先、杨文吉。,省级,署\在\纳西族\民间\被\称为\署神\孰龙\龙王\等\。\祭署\仪式\纳西语\称之为\署古\意思\是\与\署\沟通\的\仪式\署\在\东巴教\中\被\认为\是\掌管\一切\自然\事物\的\超自然\精灵\。\每年\开春\的\祭署\仪式\是\纳西族\民间\的\一个\重要\习俗\活动\是\纳西族\东巴教\祭祀\仪式\中\的\一个\主要\内容\每年\农历\二月\的\第一个\龙日\或\蛇\日\在\各个\村庄\分别\举行\。\祭署\仪式\一般\需要\三天\时间\。\第一天\是\做\准备\工作\包括\各种\祭祀\用品\的\准备\、\祭木\的\安放\、\署寨\的\设置\等\第二天\是\做\除\秽\仪式\第三天\则\是\正式\的\祭署\仪式\。\祭署\仪式\需要\用到\数十部\东巴经\书\和\各类\东巴\法器\由\东巴\祭司\全面\掌握\纳西族\知识\和\技能\的\人\包括\文学\、\舞蹈\、\绘画\、\工艺\等\的\传承\人\进行\祭祀\。\祭署\仪式\的\传承\与\东巴文化\的\传承\息息相关\高度集中\了\纳西族\原始宗教\智慧\是\纳西族\传统文化\的\表现形式\。\祭署\仪式\是\纳西族\先民\在\长期\的\生产\生活\中\与\自然环境\相互\发展\形成\的\一种\文化\具有\广泛\的\群众性\和\民间\传承\性是\纳西族\先民\对\人与自然\和谐\发展\最\直观\、\最\朴素\的\表现\传达\了\人们\祈福\的\愿望\。\民众\遵守\约定俗成\的\行为规范\和\道德\准则\即\爱护\生命\、\爱护\自然\、\爱护\环境\。\由于\纳西族\的\生活方式\有\了\较大\改变\所以\祭署\仪式\赖以生存\的\空间\环境\产生\较大\变化\掌握\知识\全面\、\能\独立\主持\整套\祭署\仪式\的\东巴\人数\已经\屈指可数\传承\濒危\。\年\纳西族\祭署习俗\入选\云南省\第三批\省级\非物质文化\遗产\代表性\项目\名录\。\项目\代表性\传承\人\是\和\世先\、\杨文吉\。,纳西族
嵩明洞经音乐,第四批,传统音乐,嵩明县文化馆,嵩明县洞经音乐于元末明初时期由傅友德、沐英南征时带入云南是歌、乐、礼、诵融为一体的一种音乐艺术形式。民间有崇文学、明轮学、同文学、启文学、忠善学、忠义学、普惠学、凤仪学、正文学、体仁学等组织团体。谈演的主要经典有《玉清无极总真文昌大洞仙经》《真武玄帝报恩经》《宝藏仙经》等。洞经音乐演奏中使用的曲目众多曲调旋律宛转悠扬悦耳动听深受广大人民群众喜爱。嵩明洞经音乐有曲牌、经曲两类。根据使用乐器以及演唱形式的不同曲牌分为大乐曲牌、细乐曲牌两种。经曲也有大乐经曲和细乐经曲之分。乐队设置较为齐全吹、拉、弹、打应有尽有。洞经音乐的演奏形式根据活动的场所不同可分为经坛演奏、院坝演奏、踩街演奏。其中又有文场武场之分。文场曲调典雅、古朴旋律悠扬婉转优美动听。武场锣鼓激越豪放、庄重威武气氛热烈、欢腾叠荡、宏大壮阔。嵩明洞经音乐字少腔多节奏普遍为拍和拍唱奏时板眼分明、规整平稳。唱词结构有四言、五言、七言、长短句。多段唱词反复演唱为了吐词清楚只做个别音符上的变动而不改变旋律的主体节奏。音阶多数由五声、六声构成也有少部分使用了七声音阶。音域基本保持在十二度以内。调试以羽、徵、宫三种最为常见。嵩明洞经音乐具有古乐之风又有江南丝竹之韵被誉为滇东雅乐。年嵩明洞经音乐入选云南省第四批省级非物质文化遗产代表性项目名录扩展项目名录。项目代表性传承人是杨怀义。,省级,嵩明县\洞经音乐\于\元末明\初\时期\由\傅友德\、\沐英\南征\时\带入\云南\是\歌\、\乐\、\礼\、\诵\融为一体\的\一种\音乐\艺术形式\。\民间\有\崇\文学\、\明轮学\、\同\文学\、\启\文学\、\忠善学\、\忠义\学\、\普惠学\、\凤仪学\、\正\文学\、\体\仁学\等\组织\团体\。\谈演\的\主要\经典\有\《\玉清\无极\总真\文昌\大洞\仙经\》\《\真武\玄帝\报恩\经\》\《\宝藏\仙经\》\等\。\洞经音乐\演奏\中\使用\的\曲目\众多\曲调\旋律\宛转悠扬\悦耳\动听\深受\广大\人民\群众\喜爱\。\嵩明洞经音乐\有\曲牌\、\经曲\两类\。\根据\使用\乐器\以及\演唱\形式\的\不同\曲牌\分为\大乐\曲牌\、\细\乐曲\牌\两种\。\经曲\也\有\大乐\经曲\和\细乐\经曲\之分\。\乐队\设置\较为\齐全\吹\、\拉\、\弹\、\打\应有尽有\。\洞经音乐\的\演奏\形式\根据\活动\的\场所\不同\可\分为\经坛\演奏\、\院坝\演奏\、\踩\街\演奏\。\其中\又\有\文场\武场\之分\。\文场\曲调\典雅\、\古朴\旋律\悠扬\婉转\优美\动听\。\武场\锣鼓\激越\豪放\、\庄重\威武\气氛\热烈\、\欢腾\叠荡\、\宏大\壮阔\。\嵩明洞经音乐\字少腔\多\节奏\普遍\为\拍\和\拍\唱\奏\时\板眼\分明\、\规整\平稳\。\唱词\结构\有四言\、\五言\、\七言\、\长短句\。\多\段\唱词\反复\演唱\为了\吐词\清楚\只\做\个别\音符\上\的\变动\而\不\改变\旋律\的\主体\节奏\。\音阶\多数\由\五声\、\六声\构成\也\有\少部分\使用\了\七声\音阶\。\音域\基本\保持\在\十二度\以内\。\调试\以羽\、\徵\、\宫\三种\最为\常见\。\嵩明洞经音乐\具有\古乐\之风\又\有\江南\丝竹\之韵\被誉为\滇东\雅乐\。\年\嵩明洞经音乐\入选\云南省\第四批\省级\非物质文化\遗产\代表性\项目\名录\扩展\项目\名录\。\项目\代表性\传承\人\是\杨怀义\。,
昭通洞经音乐,云南省第一批,传统音乐,云南省昭通市昭阳区,洞经音乐在明代由中原经四川传入昭通。清代中期以来主要在庙会及求雨、祭祀等活动中表演。至中华民国时期昭通尚存敦义学、述孝学、伦理学三个洞经音乐团体。世纪年代以后随着庙会活动停止昭通洞经音乐的正规演唱也随之停止直到年复苏。昭通洞经音乐有相对固定的活动程序和仪式每次人每班演唱两个小时仪式有整冠、提领、拂尘、跪、叩首、入座、演奏等。演奏时演出人员分左右两排从内向外左排第一位称首座右排第一位称副座。首座为领唱确定唱腔和控制节奏快慢所用法器有板鼓、提板、木鱼、大鼓、小云锣五人依次使用大钹、大镲、苏钹、小镲、小锣等乐器。右排副座为单独朗诵经文者使用二胡、三弦、笛子、唢呐等乐器。首座和副座旁边各立一块黑漆金字大木牌上书纠仪。昭通洞经音乐的代表作品有《甘洲歌》《北斗挂城边》《洞仙歌》《江中月》《双凤吟》《仙客韵》《一江风》《南锦宫》《古桃红》《慈航令》《水长流》等多首。昭通洞经音乐中的诵唱部分有比较多的祭仪成分器乐演奏部分有较高的音乐价值。年昭通洞经音乐入选云南省级非物质文化遗产代表性项目名录扩展项目名录。项目代表性传承人是张宗城。,省级,洞经音乐\在\明代\由\中原\经\四川\传入\昭通\。\清代\中期\以来\主要\在\庙会\及\求雨\、\祭祀\等\活动\中\表演\。\至\中华民国\时期\昭通\尚存\敦\义学\、\述孝学\、\伦理学\三个\洞经音乐\团体\。\世纪\年代\以后\随着\庙会\活动\停止\昭通洞经音乐\的\正规\演唱\也\随之\停止\直到\年\复苏\。\昭通洞经音乐\有\相对\固定\的\活动\程序\和\仪式\每次\人\每班\演唱\两个\小时\仪式\有\整冠\、\提领\、\拂尘\、\跪\、\叩首\、\入座\、\演奏\等\。\演奏\时\演出\人员\分\左右\两排\从\内向\外\左排\第一位\称\首座\右排\第一位\称\副\座\。\首座\为\领唱\确定\唱腔\和\控制\节奏\快慢\所用\法器\有\板鼓\、\提板\、\木鱼\、\大鼓\、\小\云锣\五人\依次\使用\大钹\、\大镲\、\苏钹\、\小\镲\、\小锣\等\乐器\。\右排\副\座\为\单独\朗诵\经文\者\使用\二胡\、\三弦\、\笛子\、\唢呐\等\乐器\。\首座\和\副\座\旁边\各立\一块\黑漆\金字\大\木牌\上书\纠仪\。\昭通洞经音乐\的\代表作品\有\《\甘洲\歌\》\《\北斗\挂\城边\》\《\洞仙歌\》\《\江中\月\》\《\双凤吟\》\《\仙客\韵\》\《\一江风\》\《\南锦宫\》\《\古\桃红\》\《\慈航\令\》\《\水\长流\》\等\多首\。\昭通洞经音乐\中\的\诵\唱\部分\有\比较\多\的\祭仪\成分\器乐\演奏\部分\有\较\高\的\音乐\价值\。\年\昭通洞经音乐\入选\云南\省级\非物质文化\遗产\代表性\项目\名录\扩展\项目\名录\。\项目\代表性\传承\人\是\张宗城\。,
易门豆豉制作技艺,第四批,传统技艺,易门县文化馆,豆豉制作技艺于明代汉人入滇时传入易门地区。清朝康熙年间易门豆豉因其工艺独特、咸辣适中、爽口开胃、色味俱全的特点一度成为朝廷贡品。易门豆豉制作以当地特产小黄豆为主要原料豆皮青中带黄七八成熟时采收制作的豆豉口感最佳。主要制作流程包括收豆、剥豆、清洗、蒸煮、发酵、加辅料、搅拌装罐等。其具体制作方法是首先将收好的豆子在三天内剥完入锅中蒸煮后摊开晾凉然后装入透气的竹箩竹箩中铺好豆秸或松针一层豆秸一层豆子直至装满用轻纱封口再用豆秸或松针把竹篮严实地堆捂起来发酵三天两夜。期间最重要的是控制温度温度过低发酵不充分温度过高做出的豆豉则会泛酸。捂好的豆子冷却至常温后按一定比例加入食盐搅拌均匀做成豆豉果。再根据需要加入高粱酒、辣椒、草果、八角等调料制成水豆豉或干豆豉两种成品。易门豆豉以浦贝村的豆豉最为正宗最具盛名。经过浦贝村石莲寺的泉水滋润灌溉的黄豆颗粒饱满、鲜香嫩绿制成的豆豉色香味俱佳是深受百姓喜爱的佐餐佳品。年易门豆豉制作技艺入选云南省第四批省级非物质文化遗产代表性项目名录。代表性传承人是魏建堂。,省级,豆豉\制作\技艺\于\明代\汉人\入\滇\时\传入\易\门\地区\。\清朝\康熙\年间\易\门\豆豉\因\其\工艺\独特\、\咸辣\适中\、\爽口\开胃\、\色味\俱全\的\特点\一度\成为\朝廷\贡品\。\易\门\豆豉\制作\以\当地\特产\小\黄豆\为\主要\原料\豆皮\青中\带\黄\七八\成熟\时\采收\制作\的\豆豉\口感\最佳\。\主要\制作\流程\包括\收豆\、\剥豆\、\清洗\、\蒸煮\、\发酵\、\加\辅料\、\搅拌\装罐\等\。\其\具体\制作方法\是\首先\将\收好\的\豆子\在\三天\内\剥\完\入锅\中\蒸煮\后\摊开\晾凉\然后\装入\透气\的\竹箩\竹箩\中铺\好\豆秸\或\松针\一层\豆秸\一层\豆子\直至\装满\用\轻纱\封口\再用\豆秸\或\松针\把\竹篮\严实\地堆\捂\起来\发酵\三天\两夜\。\期间\最\重要\的\是\控制\温度\温度\过低\发酵\不\充分\温度\过高\做出\的\豆豉\则\会\泛酸\。\捂\好\的\豆子\冷却\至\常温\后\按\一定\比例\加入\食盐\搅拌\均匀\做成\豆豉\果\。\再\根据\需要\加入\高粱酒\、\辣椒\、\草果\、\八角\等\调料\制成\水\豆豉\或\干\豆豉\两种\成品\。\易\门\豆豉\以浦贝村\的\豆豉\最为\正宗\最具\盛名\。\经过\浦贝村\石莲寺\的\泉水\滋润\灌溉\的\黄豆\颗粒\饱满\、\鲜香\嫩绿\制成\的\豆豉\色香味\俱佳\是\深受\百姓\喜爱\的\佐餐\佳品\。\年\易门豆豉制作技艺\入选\云南省\第四批\省级\非物质文化\遗产\代表性\项目\名录\。\代表性\传承\人\是\魏建堂\。,
绑神猴习俗,第四批,民俗,师宗县文化馆,大堵杂村始建于明末清初村子已有余年历史。当地人认为猴子曾救过他们的祖先为了纪念他们的祖先和猴子便扯来藤条制作面具装扮成猴子跳跃玩耍世代相传至今。猴子彝语叫阿奴经过演变现在叫阿奴得汉语叫装扮猴子。由于他们把猴子当做神也称绑神猴。绑神猴是由彝族青少年男子头戴面具身绑藤条装扮成猴子模样到村寨里举行祭祀的祈福活动。开展此项活动前要把原有面具找出洗净晾干后用通草、山药、毛发等进行粘贴再用色料绘制备用。如原面具损坏或不足需找木料重新制作。面具由村里威望极高的长者专门制作制作时除徒弟外不允许其他人观看制作好后由本人保管在年三十晚上快凌晨时送入村外林中一年在东方一年在西方分别藏好后回村天亮后由至岁的男性村民到藏面具的林中绑山花子绑好后带上面具。当听到三声火药枪大鞭炮鸣响众人装扮成猴子从林中出来学猴子奔跑模样又跳又叫涌向村口村民列队在村口鸣枪、放鞭炮迎接神猴的到来。进村后来到村里较广的场子上自由自在追打耍跳一阵随后举行祭拜仪式主祭由村里有名望的长者来主持。祈求来年全村民众安居乐业、风调雨顺、五谷丰登、人丁满门、六畜兴旺。紧接着所有神猴分为每三人一组挨家入户拜年。各家各户拜完之后所有神猴都返回到原来祭拜的场地由本村青壮年及长辈手持刺刀把绑在神猴身上的藤条割断以示驱邪除魔。绑神猴是当地彝族在长期的生产劳动实践中形成和发展起来的它是彝族同胞们表达感情、意志和愿望的艺术形式有较强的宗教情感和深厚的文化内涵。年绑神猴习俗入选云南省第四批省级非物质文化遗产代表性项目名录。项目代表性传承人是张荣华。,省级,大堵\杂村\始建\于\明末清初\村子\已有\余年\历史\。\当地人\认为\猴子\曾救过\他们\的\祖先\为了\纪念\他们\的\祖先\和\猴子\便\扯\来\藤条\制作\面具\装扮成\猴子\跳跃\玩耍\世代相传\至今\。\猴子\彝语\叫\阿奴\经过\演变\现在\叫\阿奴\得\汉语\叫\装扮\猴子\。\由于\他们\把\猴子\当做\神\也\称\绑\神猴\。\绑\神猴\是\由\彝族\青少年\男子\头\戴面具\身绑\藤条\装扮成\猴子\模样\到\村寨\里\举行\祭祀\的\祈福\活动\。\开展\此项\活动\前要\把\原有\面具\找出\洗净\晾干\后\用\通草\、\山药\、\毛发\等\进行\粘贴\再用\色料\绘制\备用\。\如原\面具\损坏\或\不足\需找\木料\重新\制作\。\面具\由\村里\威望\极高\的\长者\专门\制作\制作\时除\徒弟\外\不\允许\其他人\观看\制作\好后\由\本人\保管\在\年三十\晚上\快\凌晨\时\送入\村外\林中\一年\在\东方\一年\在\西方\分别\藏\好\后\回村\天亮\后\由\至\岁\的\男性\村民\到\藏\面具\的\林中\绑\山花子\绑\好\后\带上\面具\。\当\听到\三声\火药枪\大\鞭炮\鸣响\众人\装扮成\猴子\从\林中\出来\学\猴子\奔跑\模样\又\跳\又\叫\涌向\村口\村民\列队\在\村口\鸣枪\、\放鞭炮\迎接\神猴\的\到来\。\进村\后来\到\村里\较广\的\场子\上\自由自在\追打\耍\跳\一阵\随后\举行\祭拜\仪式\主祭\由\村里\有\名望\的\长者\来\主持\。\祈求\来\年\全村\民众\安居乐业\、\风调雨顺\、\五谷丰登\、\人丁\满门\、\六畜兴旺\。\紧接着\所有\神猴\分为\每三人\一组\挨家\入户\拜年\。\各家各户\拜\完\之后\所有\神猴\都\返回\到\原来\祭拜\的\场地\由\本村\青壮年\及\长辈\手持\刺刀\把\绑\在\神猴\身上\的\藤条\割断\以示\驱邪\除魔\。\绑\神猴\是\当地\彝族\在\长期\的\生产\劳动\实践\中\形成\和\发展\起来\的\它\是\彝族\同胞们\表达\感情\、\意志\和\愿望\的\艺术形式\有\较\强\的\宗教\情感\和\深厚\的\文化\内涵\。\年\绑\神猴\习俗\入选\云南省\第四批\省级\非物质文化\遗产\代表性\项目\名录\。\项目\代表性\传承\人\是\张\荣华\。,彝族
南华沙街调,第四批,传统音乐,云南省楚雄彝族自治州南华县,南华沙街调属于汉族民歌中田间劳作娱乐的地方小调。沙桥自唐宋至元朝曾经是南华政治经济文化中心有八郡通衢滇中旱码头之称。沙街调源于沙桥坝子春耕栽种期间演唱的民歌后来逐步发展出节庆、迎新、嫁娶等喜庆时的表现形式至今已有数百年的历史。南华沙街调为四平腔男唱时一人独唱女应时则由一主唱者领唱首句全体齐和。曲调委婉流畅高音起调高声转调放腔轮腔长词一气呵成音域宽旋律跳跃大词赋押韵。以地方方言为主唱词富有乡土气息内容丰富多为即兴发挥每首前有一句拖腔哎说字数一般为七言四句。首句大起大转犹如波澜起伏能激起听者心灵共鸣给人以美的享受。表现形式为独唱、领唱、对唱。沙街调代表曲目有《薅秧调》《小郎得病把把斋》《妹绣荷包坠郎腰》《送郎送到沙桥街》等。南华沙街调体现了汉族文化与各民族间的文化融合曲调具有与时俱进的新歌词。由于沙街调对嗓音要求较高技艺较难把握在短时间内很难独立完成现只有少数五十岁以上的妇女和老人还能传唱。年南华沙街调入选云南省第四批省级非物质文化遗产代表性项目名录。,省级,南华沙街调\属于\汉族\民歌\中\田间\劳作\娱乐\的\地方\小调\。\沙桥\自\唐宋\至\元朝\曾经\是\南华\政治经济\文化中心\有八郡\通衢\滇\中旱\码头\之称\。\沙街调\源于\沙桥\坝子\春耕\栽种\期间\演唱\的\民歌\后来\逐步\发展\出\节庆\、\迎新\、\嫁娶\等\喜庆\时\的\表现形式\至今已有\数百年\的\历史\。\南华沙街调\为\四平腔\男唱时\一人\独唱\女应\时\则\由\一\主唱\者\领唱\首句\全体\齐\和\。\曲调\委婉\流畅\高音\起调\高声\转调\放腔\轮腔\长词\一气呵成\音域\宽\旋律\跳跃\大\词赋\押韵\。\以\地方\方言\为主\唱词\富有\乡土气息\内容丰富\多为\即兴\发挥\每首\前\有\一句\拖腔\哎\说\字数\一般\为\七言\四句\。\首句\大起\大转\犹如\波澜起伏\能\激起\听者\心灵\共鸣\给人以\美的\享受\。\表现形式\为\独唱\、\领唱\、\对唱\。\沙街调\代表\曲目\有\《\薅\秧调\》\《\小郎\得病\把\把斋\》\《\妹绣\荷包\坠郎\腰\》\《\送郎\送到\沙桥\街\》\等\。\南华沙街调\体现\了\汉族\文化\与\各\民族\间\的\文化融合\曲调\具有\与时俱进\的\新\歌词\。\由于\沙街\调对\嗓音\要求\较\高\技艺\较难\把握\在\短时间\内\很\难\独立\完成\现\只有\少数\五十岁\以上\的\妇女\和\老人\还\能\传唱\。\年\南华沙街调\入选\云南省\第四批\省级\非物质文化\遗产\代表性\项目\名录\。,
水竹纸伞制作技艺,,传统技艺,云南省丘北县,云南省文山州丘北县至今保留着一整套手工制作水竹纸伞的传统技艺。水竹纸伞因选用当地的优质水竹、上好棉纸为原材料故而得名。水竹纸伞透明度好工艺精致轻巧美观质朴典雅晴雨天均可使用无论日晒雨淋都不易破裂、褪色、变形。水竹纸伞选用当地的优质水竹作为原材料制成伞架、伞骨这种竹子韧性强、弹力强。除选用当地水竹外纸伞的制作还需要白棉纸、桐油、色料、丝线和面熬成的糨糊等原料。制作工具包括凿子、削刀、竹钻、木花印章等。制作的主要流程有选材、锯竹、刨青、劈条、削骨、锯槽、钻孔、锯伞托、锯伞帽、蒸煮、晒干、装柄、装键、绕伞圈、裱伞、糊伞边、印花、收卷、穿饰线、上桐油、套伞把、结顶等余道精细繁琐的工艺。水竹纸伞有直径、、厘米等几种规格伞面一般选用优质白棉纸为面料用传统手工木印图案装饰图案多为传统花鸟、山水、人物等具有浓郁的民族特色和地域特色。水竹纸伞的伞面刷有特制的桐油无论日晒雨淋都不易破裂、褪色、变形。在当地壮族村寨水竹纸伞除了是挡阳遮雨的日常用品外也是嫁娶婚俗礼仪中不可或缺的物品在丘北壮族村寨使用十分普遍出嫁时更是手执水竹纸伞意为遮羞、遮阳、遮雨、辟邪。随着社会的进步和经济的发展现代金属架折叠伞逐渐普及取代了传统手工水竹纸伞水竹纸伞逐渐退出人们的日常生活这项具有地方特色的民间制作技艺处于濒危状态亟待保护。年纸伞制作技艺丘北县入选云南省第四批省级非物质文化遗产代表性项目名录扩展项目名录。项目代表性传承人是张荣华。水竹纸伞制作水竹纸伞制作,省级,云南省\文山州\丘北县\至今\保留\着\一整套\手工\制作\水竹\纸伞\的\传统\技艺\。\水竹\纸伞\因\选用\当地\的\优质\水竹\、\上\好\棉纸\为\原材料\故而\得名\。\水竹\纸伞\透明度\好\工艺\精致\轻巧\美观\质朴\典雅\晴\雨天\均\可\使用\无论\日晒雨淋\都\不易\破裂\、\褪色\、\变形\。\水竹\纸伞\选用\当地\的\优质\水竹\作为\原材料\制成\伞架\、\伞骨\这种\竹子\韧性\强\、\弹力\强\。\除\选用\当地\水竹\外\纸伞\的\制作\还\需要\白\棉纸\、\桐油\、\色料\、\丝线\和\面熬\成\的\糨糊\等\原料\。\制作\工具\包括\凿子\、\削刀\、\竹\钻\、\木花\印章\等\。\制作\的\主要\流程\有\选材\、\锯竹\、\刨青\、\劈条\、\削骨\、\锯槽\、\钻孔\、\锯伞托\、\锯伞帽\、\蒸煮\、\晒干\、\装柄\、\装键\、\绕伞圈\、\裱\伞\、\糊伞边\、\印花\、\收卷\、\穿饰线\、\上\桐油\、\套\伞\把\、\结顶\等\余道\精细\繁琐\的\工艺\。\水竹\纸伞\有\直径\、\、\厘米\等\几种\规格\伞面\一般\选用\优质\白\棉纸\为\面料\用\传统\手工\木印\图案\装饰\图案\多为\传统\花鸟\、\山水\、\人物\等\具有\浓郁\的\民族特色\和\地域\特色\。\水竹\纸伞\的\伞面\刷\有\特制\的\桐油\无论\日晒雨淋\都\不易\破裂\、\褪色\、\变形\。\在\当地\壮族\村寨\水竹\纸伞\除了\是\挡阳\遮雨\的\日常用品\外\也\是\嫁娶\婚俗\礼仪\中\不可或缺\的\物品\在\丘北\壮族\村寨\使用\十分\普遍\出嫁\时\更是\手执\水竹\纸伞\意\为\遮羞\、\遮阳\、\遮雨\、\辟邪\。\随着\社会\的\进步\和\经济\的\发展\现代\金属\架\折叠伞\逐渐\普及\取代\了\传统\手工\水竹\纸伞\水竹\纸伞\逐渐\退出\人们\的\日常生活\这项\具有\地方\特色\的\民间\制作\技艺\处于\濒危\状态\亟待\保护\。\年\纸伞\制作\技艺\丘北县\入选\云南省\第四批\省级\非物质文化\遗产\代表性\项目\名录\扩展\项目\名录\。\项目\代表性\传承\人\是\张\荣华\。\水竹\纸伞\制作\水竹\纸伞\制作,壮族
临翔碗窑陶器制作技艺,云南省第三批,传统技艺,云南省临沧市临翔区,临翔区碗窑村制陶技艺代代相传历史悠久从博尚大芋地墓地出土的器物推断碗窑村制陶历史应该始于明代多年来一直保持着传统手工制作工艺使用龙窑木柴烧制。临翔碗窑陶器制作技艺主要为慢轮手工制作保留着傣族泥条盘筑、露天无窑的烧制技艺陶器多为红砂陶或黑砂陶。制陶流程包括取土晾晒、浸泡搅拌、制作陶坯、晾晒上釉、入仓装窑、点火烧制、冷却出窑。制陶工具有陶车、搅车棍、花锤、平板、刮子、泥浆盆、火色钩等。产品有缸、盆、坛、罐、碗、钵、碟、杯、壶、烟灰缸、香炉、酒坛等。临翔碗窑陶器有独特的艺术性和观赏性并具有较强的实用性。临翔碗窑陶器具有原始制陶史上各个历史时期的特征它不但保留着从静塑手制向轮制过渡的早期形态还保留着从无窑堆烧向有窑烧制过渡的初级形式对研究土陶制作技艺的传承和发展具有十分重要的意义。年临翔碗窑陶器制作技艺入选云南省级非物质文化遗产代表性项目名录扩展项目名录。项目代表性传承人是邓安康、杨丕追。,省级,临翔区\碗\窑村\制陶\技艺\代代相传\历史悠久\从博尚\大芋\地\墓地\出土\的\器物\推断\碗\窑村\制陶\历史\应该\始于\明代\多年\来\一直\保持\着\传统\手工\制作\工艺\使用\龙窑\木柴\烧制\。\临翔碗窑陶器制作技艺\主要\为\慢轮\手工\制作\保留\着\傣族\泥条\盘筑\、\露天\无窑\的\烧制\技艺\陶器\多为\红砂\陶\或\黑\砂陶\。\制陶\流程\包括\取土\晾晒\、\浸泡\搅拌\、\制作\陶坯\、\晾晒\上釉\、\入仓\装窑\、\点火\烧制\、\冷却\出窑\。\制陶\工具\有\陶车\、\搅车\棍\、\花锤\、\平板\、\刮子\、\泥浆\盆\、\火色\钩\等\。\产品\有\缸\、\盆\、\坛\、\罐\、\碗\、\钵\、\碟\、\杯\、\壶\、\烟灰缸\、\香炉\、\酒坛\等\。\临翔\碗\窑\陶器\有\独特\的\艺术性\和\观赏性\并\具有\较强\的\实用性\。\临翔\碗\窑\陶器\具有\原始\制陶\史上\各个\历史\时期\的\特征\它\不但\保留\着\从\静塑\手制\向\轮制\过渡\的\早期\形态\还\保留\着\从\无\窑\堆\烧\向\有\窑\烧制\过渡\的\初级\形式\对\研究\土陶\制作\技艺\的\传承\和\发展\具有\十分\重要\的\意义\。\年\临翔碗窑陶器制作技艺\入选\云南\省级\非物质文化\遗产\代表性\项目\名录\扩展\项目\名录\。\项目\代表性\传承\人\是\邓\安康\、\杨丕追\。,傣族
木碗制作技艺,第三批,传统技艺,云南省香格里拉市,在迪庆州木碗是藏族民众不可缺少的生活用具。尼西上桥头村制作的木碗最具代表性。据考证该技艺在元、明、清之际由戍边的陕西工匠带入尼西并逐渐发展成以制作当地生活用品为主形成了具有藏式传统风格的技艺。香格里拉藏族木碗的制作一般要经过十余道工序通常要经过如下十道工序精选质地结实不易破裂的优质核桃木、杜鹃木和桦木的枝杈、节、根部作为原材料用旋刨机修出木碗模型在模型外敷上牛皮胶进行修补并放在太阳下晒干用磨砂纸将晒干后的木碗打磨光滑将打磨好的木碗刷上第一层土漆并用沾水的毛毡包裹木碗存于地下室滤水阴干等土漆完全附着于木碗上后再次置于太阳下晒干用笔蘸生漆在木碗面上描绘各种图案图案绘制完成后添加金箔以增加亮度再加刷一层土漆让金箔完全贴合于木碗之上再次晒干。传统木碗品种主要有糌粑盒、酥油盒、茶盒、果盘、酒杯等近年来已开发出香座、酒具、围棋盒、藏式折叠桌、珠宝盒、佐料盒、木镯、木戒指等新的产品。如今只有中老年人仍继承着这门传统手艺亟须加强保护。年木碗制作技艺入选云南省第三批省级非物质文化遗产代表性项目名录。项目代表性传承人是鲁茸卓玛。,省级,在\迪庆\州\木碗\是\藏族\民众\不可\缺少\的\生活\用具\。\尼西\上\桥头\村\制作\的\木碗\最具\代表性\。\据\考证\该\技艺\在\元\、\明\、\清\之际\由\戍边\的\陕西\工匠\带入\尼西\并\逐渐\发展\成以\制作\当地\生活用品\为主\形成\了\具有\藏式\传统\风格\的\技艺\。\香格里拉\藏族\木碗\的\制作\一般\要\经过\十余道\工序\通常\要\经过\如下\十道\工序\精选\质地\结实\不易\破裂\的\优质\核桃木\、\杜鹃\木\和\桦木\的\枝杈\、\节\、\根部\作为\原材料\用旋\刨\机修\出\木碗\模型\在\模型\外敷\上\牛皮\胶\进行\修补\并\放在\太阳\下\晒干\用\磨砂\纸\将\晒干\后\的\木碗\打磨\光滑\将\打磨\好\的\木碗\刷\上\第一层\土漆\并用\沾水\的\毛毡\包裹\木碗\存于\地下室\滤水\阴干\等\土漆\完全\附着\于\木碗\上后\再次\置于\太阳\下\晒干\用笔\蘸\生漆\在\木碗\面上\描绘\各种\图案\图案\绘制\完成\后\添加\金箔\以\增加\亮度\再\加刷\一层\土漆\让\金箔\完全\贴合\于\木碗\之上\再次\晒干\。\传统\木碗\品种\主要\有\糌粑\盒\、\酥油\盒\、\茶盒\、\果盘\、\酒杯\等\近年来\已\开发\出香座\、\酒具\、\围棋\盒\、\藏式\折叠桌\、\珠宝\盒\、\佐料\盒\、\木镯\、\木\戒指\等\新\的\产品\。\如今\只有\中老年人\仍\继承\着\这门\传统\手艺\亟须\加强\保护\。\年\木碗制作技艺\入选\云南省\第三批\省级\非物质文化\遗产\代表性\项目\名录\。\项目\代表性\传承\人\是\鲁茸卓玛\。,藏族
建水彝族烟盒舞,第四批,传统舞蹈,建水县文化馆,建水县的彝族烟盒舞是经过长期发展演绎和无数民间艺人的努力创造逐渐形成的内容丰富、有鲜明民族特征的舞蹈艺术。彝族烟盒舞是在彝族青年男女吃火草烟彝族民间社交、娱乐活动聚会的社交场合产生和发展起来的它不仅是独立的舞蹈还常常和彝族四大腔的演唱同时进行。彝族青年男女视舞蹈能手和唱曲子佳者为择偶对象促进了彝族烟盒舞的不断发展。建水彝族烟盒舞有一百多套动作基本分为纯舞蹈类、表演类、技艺类和歌舞类四种类型。纯舞蹈类型是只用纯舞蹈动作组成的舞蹈节目如三步弦二步弦赛火都三脚黑尼嫫等。这一类型舞蹈在烟盒舞中占主要部分是烟盒舞中风格突出、富有韵律、最有代表性的部分。表演类型有一定情节常模仿动植物形态及生产劳动如猴子掰苞谷公鸡打架鸭子拐拐哑巴拿鱼甩松毛结等。这个类型的舞蹈丰富多彩表演生动模仿逼真技艺类技术高超动作难度较大如长虫扭腰癞蛤蟆扳跤小牛犁地倒挂金钩等。歌舞类以载歌载舞形式呈现女性舒展灵活男性刚健有力。曲子如老人家大理弦等边歌边舞舞随歌动。在建水每天清晨和傍晚古城楼下和孔庙文化广场都有数十甚至上百人在跳烟盒舞。年建水彝族烟盒舞入选云南省第四批省级非物质文化遗产代表性项目名录扩展项目名录。项目代表性传承人是龙开芬。,省级,建水县\的\彝族烟盒舞\是\经过\长期\发展\演绎\和\无数\民间艺人\的\努力创造\逐渐\形成\的\内容丰富\、\有\鲜明\民族\特征\的\舞蹈艺术\。\彝族烟盒舞\是\在\彝族\青年\男女\吃\火草烟\彝族\民间\社交\、\娱乐活动\聚会\的\社交\场合\产生\和\发展\起来\的\它\不仅\是\独立\的\舞蹈\还\常常\和\彝族\四大\腔\的\演唱\同时\进行\。\彝族\青年\男女\视\舞蹈\能手\和\唱\曲子\佳者\为\择偶\对象\促进\了\彝族烟盒舞\的\不断\发展\。\建水彝族烟盒舞\有\一百多\套\动作\基本\分为\纯\舞蹈\类\、\表演\类\、\技艺\类\和\歌舞\类\四种\类型\。\纯\舞蹈\类型\是\只用\纯\舞蹈动作\组成\的\舞蹈\节目\如\三步\弦\二步\弦\赛火\都\三脚\黑尼\嫫\等\。\这一\类型\舞蹈\在\烟盒舞\中\占\主要\部分\是\烟盒舞\中\风格\突出\、\富有\韵律\、\最有\代表性\的\部分\。\表演\类型\有\一定\情节\常\模仿\动植物\形态\及\生产\劳动\如\猴子\掰\苞谷\公鸡\打架\鸭子\拐拐\哑巴\拿鱼\甩松\毛结\等\。\这个\类型\的\舞蹈\丰富多彩\表演\生动\模仿\逼真\技艺\类\技术\高超\动作\难度\较大\如\长虫\扭腰\癞蛤蟆\扳跤\小牛\犁地\倒挂金钩\等\。\歌舞\类以\载歌载舞\形式\呈现\女性\舒展\灵活\男性\刚健\有力\。\曲子\如\老人家\大理\弦\等\边歌\边舞\舞随\歌动\。\在\建水\每天\清晨\和\傍晚\古城\楼下\和\孔庙\文化\广场\都\有\数十\甚至\上百人\在\跳\烟盒舞\。\年\建水彝族烟盒舞\入选\云南省\第四批\省级\非物质文化\遗产\代表性\项目\名录\扩展\项目\名录\。\项目\代表性\传承\人\是\龙\开芬\。,彝族
圆通樱潮,第四批,民俗,昆明动物园,圆通山位于昆明市中心偏北的螺峰山上元大德五年年云南行中书省左丞阿昔思在螺峰山南麓建圆通寺圆通山名随之而起。在明代圆通山因日本僧人题词螺峰叠嶂而成为明清文人题咏的昆明八景之一。明辛联芳的《螺峰山春》对春日花事有这样的描述山光野色丛青玉石澄梯云频曲曲。松分细语入瑶琴竹摇翠影侵棋局。枝头红紫浅间深陌上笙歌断复续。好将诗酒答韶华莫遣花神笑人俗。年圆通寺后的螺峰山改建为市民公园。年昆明市在此建圆通动物园年改名昆明动物园。圆通山樱花大道南北宽约米东西长余米占地面积达平方米同时与公园的垂丝海棠花道以及花道两旁枝条聚拢形成的拱形天棚左右相依。初春时节樱花与海棠竞相开放颇为壮观形成昆明十六景之一的圆通樱潮景观。圆通赏樱活动在昆明地区影响很大每年三月圆通山人山人海花海如潮还有各种文艺活动在此展示使圆通赏樱更具民间节日特色市民们在赏花过程中不断陶冶情操增强建设好家乡的信念。圆通樱潮属传统民俗类非物质文化遗产为群体性传承项目自年以来已举办数届樱花节。年圆通樱潮入选云南省第四批省级非物质文化遗产代表性项目名录。,省级,圆通山\位于\昆明市\中心\偏北\的\螺\峰山\上\元大德\五年\年\云南\行\中书省\左丞阿昔思\在\螺\峰山\南麓\建\圆通寺\圆通山\名\随之而起\。\在\明代\圆通山\因\日本\僧人\题词\螺峰\叠嶂\而\成为\明清\文人\题咏\的\昆明\八景\之一\。\明辛联芳\的\《\螺\峰山\春\》\对\春日\花事\有\这样\的\描述\山光\野色\丛青\玉石\澄\梯云\频\曲曲\。\松分\细语\入瑶琴\竹摇翠\影侵\棋局\。\枝头\红紫浅间\深\陌上\笙歌\断复续\。\好\将\诗\酒答\韶华\莫遣\花神\笑\人俗\。\年\圆通寺\后\的\螺\峰山\改建\为\市民\公园\。\年\昆明市\在\此建\圆通\动物园\年\改名\昆明\动物园\。\圆通山\樱花\大道\南北宽\约\米\东西长\余米\占地面积\达\平方米\同时\与\公园\的\垂丝\海棠花\道\以及\花道\两旁\枝条\聚拢\形成\的\拱形\天棚\左右\相依\。\初春时节\樱花\与\海棠\竞相\开放\颇为\壮观\形成\昆明\十六\景\之一\的\圆通樱潮\景观\。\圆通\赏樱\活动\在\昆明地区\影响\很大\每年\三月\圆通山\人山人海\花海\如潮\还有\各种\文艺活动\在\此\展示\使\圆通\赏樱\更具\民间\节日\特色\市民\们\在\赏花\过程\中\不断\陶冶情操\增强\建设\好\家乡\的\信念\。\圆通樱潮\属\传统\民俗\类\非物质文化\遗产\为\群体性\传承\项目\自年\以来\已\举办\数届\樱花节\。\年\圆通樱潮\入选\云南省\第四批\省级\非物质文化\遗产\代表性\项目\名录\。,
闹元宵,第四批,民俗,陆良县文化馆,陆良地区正月十六闹元宵习俗是明代以来中原汉族习俗与当地民俗文化融合演变的产物。与中原地区正月十五闹元宵不同陆良县于每年农历正月十六过此节日习俗来源在当地民间有多种不同的传说故事。清乾隆《陆凉州志》记载元宵各里张灯以庆丰稔每家门首竖松竿悬灯老幼相携遨游为祛疾之习。当天民俗节日活动内容主要包括两项祈吉和娱乐。祈吉习俗包括逛南大桥、丢小石子、走百病、偷青、吃糖、吃凉粉、祭柳神、烧香、送灯神等传统活动。正月十六晚饭后全县群众扶老携幼前往大觉寺、石佛寺烧香拜佛然后到县城南门外逛南大桥以求一年平安。在南大桥上人们把除夕准备的小石头在正月十六这天从南大桥丢到水中口念祈愿吉语祈祷上天降福驱灾求身体健康、全家欢乐团圆。吃糖主要是指吃麻衣馓子、米花糖、花生芝麻糖等特色糕点当地方言糖挡同音吃糖寓意抵挡、抵御不好的东西。偷青又叫捞青。正月十六夜人们象征性地到别家菜地摘片菜叶互相祈求平安。此外陆良人正月十六要去旧城祭神柳烧香燃纸、磕头礼拜祈求清吉平安、丰衣足食。在元宵节不吃汤圆而吃凉粉也是陆良元宵节的独特风俗。祈吉活动的同时当地还自发组织舞龙舞狮看灯看表演等娱乐活动。陆良各乡镇民间自发组织龙灯队耍遍四城大街舞狮子、舞龙、骑倒毛驴、踩高跷、旱马、蚌壳配合表演。城里万人空巷热闹非凡至夜方歇。陆良县城以及各乡镇还在正月十六这天举行送灯神活动。当地有许多花灯演唱的业余组织民间称灯棚。每年正月初一便巡回演唱到正月十六结束送灯神即烧灯。由灯头率领全队演员到除夕前接灯神的地方焚香叩头将灯神牌位老郎太子及灯笼烧掉象征已将灯神送回南天门来年再演出的时候又再接回周而复始。送灯神表明春节正式结束人们就要投入春耕生产了。正月十六闹元宵以群体传承方式传承延续至今是中原传统节日在边疆地方化的典型代表它不仅保留着与其他地区元宵节相同的传统文化同时在长期发展过程中形成了个性特点鲜明的地域文化成为当地群众较为喜爱的传统节日之一是一项民间根基深厚、承载民俗文化内涵丰富、历史文化价值高的传统民俗节日是研究当地历史与民俗文化的素材。年闹元宵入选云南省第四批省级非物质文化遗产代表性项目名录。,省级,陆良\地区\正月\十六\闹元宵\习俗\是\明代\以来\中原\汉族\习俗\与\当地\民俗文化\融合\演变\的\产物\。\与\中原地区\正月十五\闹元宵\不同\陆良县\于\每年\农历\正月\十六\过此\节日\习俗\来源\在\当地\民间\有\多种不同\的\传说\故事\。\清乾隆\《\陆凉州\志\》\记载\元宵\各里\张灯\以庆\丰稔\每家\门首\竖松竿\悬灯\老幼\相携\遨游\为\祛疾之习\。\当天\民俗\节日\活动\内容\主要\包括\两项\祈吉\和\娱乐\。\祈吉\习俗\包括\逛南\大桥\、\丢\小石子\、\走\百病\、\偷青\、\吃糖\、\吃\凉粉\、\祭柳神\、\烧香\、\送灯\神\等\传统\活动\。\正月\十六\晚饭\后\全县\群众\扶老携幼\前往\大觉寺\、\石佛寺\烧香拜佛\然后\到\县城\南\门外\逛南\大桥\以求\一年\平安\。\在\南\大桥\上\人们\把\除夕\准备\的\小石头\在\正月\十六\这天\从南\大桥\丢\到\水中\口念\祈愿\吉语\祈祷\上天\降福\驱灾求\身体健康\、\全家\欢乐\团圆\。\吃糖\主要\是\指\吃\麻衣\馓子\、\米\花糖\、\花生\芝麻糖\等\特色\糕点\当地\方言\糖挡\同音\吃糖\寓意\抵挡\、\抵御\不好\的\东西\。\偷青\又\叫\捞\青\。\正月\十六\夜\人们\象征性\地到\别家\菜地\摘片\菜叶\互相\祈求\平安\。\此外\陆良\人\正月\十六\要\去\旧城\祭神\柳\烧香\燃纸\、\磕头礼拜\祈求\清吉\平安\、\丰衣足食\。\在\元宵节\不吃\汤圆\而\吃\凉粉\也\是\陆良\元宵节\的\独特\风俗\。\祈吉\活动\的\同时\当地\还\自发\组织\舞龙\舞狮\看灯\看\表演\等\娱乐活动\。\陆良\各乡镇\民间\自发\组织\龙灯\队耍\遍四城\大街\舞\狮子\、\舞龙\、\骑倒\毛驴\、\踩高跷\、\旱马\、\蚌壳\配合\表演\。\城里\万人空巷\热闹非凡\至\夜方\歇\。\陆良县\城\以及\各乡镇\还\在\正月\十六\这天\举行\送灯\神\活动\。\当地\有\许多\花灯\演唱\的\业余\组织\民间\称灯\棚\。\每年\正月初一\便\巡回演唱\到\正月\十六\结束\送灯\神即\烧灯\。\由\灯头\率领\全队\演员\到\除夕\前接\灯神\的\地方\焚香\叩头\将\灯神\牌位\老郎\太子\及\灯笼\烧掉\象征\已\将\灯神\送回\南天门\来\年\再\演出\的\时候\又\再\接回\周而复始\。\送灯\神\表明\春节\正式\结束\人们\就要\投入\春耕生产\了\。\正月\十六\闹元宵\以\群体\传承\方式\传承\延续\至今\是\中原\传统节日\在\边疆\地方化\的\典型\代表\它\不仅\保留\着\与\其他\地区\元宵节\相同\的\传统文化\同时\在\长期\发展\过程\中\形成\了\个性特点\鲜明\的\地域\文化\成为\当地\群众\较为\喜爱\的\传统节日\之一\是\一项\民间\根基深厚\、\承载\民俗文化\内涵\丰富\、\历史\文化价值\高\的\传统\民俗\节日\是\研究\当地\历史\与\民俗文化\的\素材\。\年\闹元宵\入选\云南省\第四批\省级\非物质文化\遗产\代表性\项目\名录\。,
菜籽油古法压榨技艺,第三批,传统技艺,云南省曲靖市罗平县,罗平菜籽油古法压榨技艺是民众在长期的生产生活中总结的经验。罗平地区独特的气候、土壤条件为油菜的生产提供了得天独厚的条件当地人很早就开始大面积种植油菜采用古法榨油也成了当地生活中不可缺少的一部分。古法榨油技艺使用的榨油器具由柱子、磙子、碾槽、连杆、石磨、灶台、铁锅、蒸子、枯圈、保温箱、木榨、楔子、抵板、撞锤、吊绳、接板、夹子等部件构成。工艺流程有石磨碾压、木蒸笼热蒸、谷草篾箍包饼、木榨取油四大工序。将油菜籽清洗、晾干后放入铁锅翻炒至八成熟再倒入石磨碾成籽粉其后放入木蒸笼热蒸分钟待籽粉回甜即可蒸好的籽粉要放入底部垫有谷草的枯圈当籽粉冷却后再回笼用谷草踩实压紧将其制成籽饼每一次制作的籽饼在个左右刚好能放在上下凹槽中用抵板抵住后上好楔子、加楔子通过撞锤反复冲楔直至出油。古法榨油技艺在发展过程中不断改进其榨油技艺得到完美传承既有古法榨油的原始风貌又包含科技创新的独特工艺。土法榨油是历史悠久、技艺精良的传统手工技艺具有适用性、观赏性因其鲜明的地方特色和各民族共赏的特征享誉省内外在当地是私营经济发展的一个大项目具有很高的开发价值。传统的榨油技艺因不能满足人们的需求部分技艺已进行了改良。传统工艺繁复成本高需要耗费大量的体力年轻一代很少有人愿意学亟待加强保护。年罗平菜籽油古法压榨技艺入选云南省第三批省级非物质文化遗产代表性项目名录。项目代表性传承人是罗丽江。,省级,罗平\菜籽油古法压榨技艺\是\民众\在\长期\的\生产\生活\中\总结\的\经验\。\罗平\地区\独特\的\气候\、\土壤条件\为\油菜\的\生产\提供\了\得天独厚\的\条件\当地人\很\早就\开始\大面积\种植\油菜\采用\古法\榨油\也\成\了\当地\生活\中\不可\缺少\的\一部分\。\古法\榨油\技艺\使用\的\榨油\器具\由\柱子\、\磙子\、\碾槽\、\连杆\、\石磨\、\灶台\、\铁锅\、\蒸子\、\枯圈\、\保温箱\、\木榨\、\楔子\、\抵板\、\撞锤\、\吊绳\、\接板\、\夹子\等\部件\构成\。\工艺流程\有\石磨\碾压\、\木\蒸笼\热蒸\、\谷草\篾\箍\包饼\、\木\榨取\油\四大\工序\。\将\油菜籽\清洗\、\晾干\后\放入\铁锅\翻炒\至\八\成熟\再\倒入\石磨\碾成\籽粉\其后\放入\木\蒸笼\热蒸\分钟\待籽粉\回甜\即可\蒸好\的\籽\粉要\放入\底部\垫\有\谷草\的\枯圈\当籽粉\冷却\后\再\回笼\用\谷草\踩实\压紧\将\其\制成\籽饼\每\一次\制作\的\籽\饼\在\个\左右\刚好\能\放在\上下\凹槽\中用\抵板\抵住\后\上\好\楔子\、\加\楔子\通过\撞锤\反复\冲\楔\直至\出\油\。\古法\榨油\技艺\在\发展\过程\中\不断改进\其\榨油\技艺\得到\完美\传承\既有\古法\榨油\的\原始\风貌\又\包含\科技\创新\的\独特\工艺\。\土法\榨油\是\历史悠久\、\技艺\精良\的\传统\手工\技艺\具有\适用性\、\观赏性\因\其\鲜明\的\地方\特色\和\各\民族\共赏\的\特征\享誉\省内外\在\当地\是\私营经济\发展\的\一个\大\项目\具有\很\高\的\开发\价值\。\传统\的\榨油\技艺\因\不能\满足\人们\的\需求\部分\技艺\已\进行\了\改良\。\传统工艺\繁复\成本高\需要\耗费\大量\的\体力\年轻一代\很少\有人\愿意\学\亟待\加强\保护\。\年\罗平\菜籽油古法压榨技艺\入选\云南省\第三批\省级\非物质文化\遗产\代表性\项目\名录\。\项目\代表性\传承\人\是\罗\丽江\。,
陆良滇剧,第四批,传统戏剧,陆良县滇剧非物质文化遗产保护传承和展演中心,曲靖陆良滇剧经过长期流传演变在广泛吸收民族民间音乐和民歌的基础上逐步形成了具有地方特色和丰富艺术表现力的演唱风格使用本地方言演唱其声、韵、调都有鲜明的个性。清光绪年间昆明民乐戏院的滇剧名演员俞小九和张桂林二人晚年回到陆良每逢节日庙会都出面组织联络艺友演唱滇剧滇剧由此传入陆良。中华民国初年昆明滇剧名票汪润泉来陆良任厘金总办成立了业余滇剧团扶风社滇剧在陆良得以普及。年陆良县城的滇剧爱好者组建了业余滇剧团信义剧社一时间滇剧在陆良呈繁荣景象。陆良滇剧音乐以丝弦、胡琴、襄阳三类声腔为主兼有少量昆曲七句半、大筒筒等腔调。伴奏音乐文、武场兼备有十分丰富的吹牌、曲牌和锣鼓经滇剧唱腔的各类声腔及众多腔调借鉴了外地剧种声腔经过长期流传发展在广泛吸收民间音乐和民歌的基础上逐步形成了具有陆良地方特色和艺术表现力的演唱风格。陆良滇剧以方言演唱具有深厚的群众基础。陆良滇剧团成立后至今共排演制作剧目多个既有传统戏也有新编历史剧和现代戏代表剧目有《野营前夜》《盘江红旗》《三凤求凰》《御河桥》《三姐下凡》《姐弟情》《滇族女奴》《护火记》《黑访白》《重台别》等。建团以来相继涌现了罗炳升、张天成、罗澄秋、周小峰、滕国祥、陈祖道、王连珍、张敏、潘吉光、吴世新等一批在省内颇有影响的演员。年陆良滇剧入选云南省第四批省级非物质文化遗产代表性项目名录扩展项目名录。项目代表性传承人有陈祖道、滕国祥等。《风云盘江道》剧照《昭君出塞》剧照,省级,曲靖\陆良滇剧\经过\长期\流传\演变\在\广泛\吸收\民族民间\音乐\和\民歌\的\基础\上\逐步形成\了\具有\地方\特色\和\丰富\艺术\表现力\的\演唱风格\使用\本地\方言\演唱\其声\、\韵\、\调都\有\鲜明\的\个性\。\清\光绪年间\昆明\民乐\戏院\的\滇剧\名演员\俞小九和张\桂林\二人\晚年\回到\陆良\每逢\节日\庙会\都\出面\组织\联络\艺友\演唱\滇剧\滇剧\由此\传入\陆良\。\中华民国\初年\昆明\滇剧\名票\汪润泉\来\陆良\任\厘金\总办\成立\了\业余\滇\剧团\扶风\社\滇剧\在\陆良\得以\普及\。\年\陆良县\城\的\滇剧\爱好者\组建\了\业余\滇\剧团\信义\剧社\一时间\滇剧\在\陆良\呈\繁荣景象\。\陆良滇剧\音乐\以\丝弦\、\胡琴\、\襄阳\三类\声腔\为主\兼有\少量\昆曲\七句\半\、\大筒\筒\等\腔调\。\伴奏\音乐\文\、\武场\兼备\有\十分\丰富\的\吹牌\、\曲牌\和\锣鼓\经\滇剧\唱腔\的\各类\声腔\及\众多\腔调\借鉴\了\外地\剧种\声腔\经过\长期\流传\发展\在\广泛\吸收\民间\音乐\和\民歌\的\基础\上\逐步形成\了\具有\陆良\地方\特色\和\艺术\表现力\的\演唱风格\。\陆良滇剧\以\方言\演唱\具有\深厚\的\群众\基础\。\陆良滇剧\团\成立\后\至今\共\排演\制作\剧目\多个\既有\传统戏\也\有\新编历史剧\和\现代戏\代表\剧目\有\《\野营\前夜\》\《\盘江\红旗\》\《\三\凤求凰\》\《\御\河桥\》\《\三姐\下凡\》\《\姐弟\情\》\《\滇族\女奴\》\《\护火记\》\《\黑访\白\》\《\重台别\》\等\。\建团\以来\相继\涌现\了\罗炳升\、\张\天成\、\罗澄秋\、\周小峰\、\滕国祥\、\陈祖道\、\王连珍\、\张敏\、\潘吉光\、\吴世新\等\一批\在\省内\颇\有\影响\的\演员\。\年\陆良滇剧\入选\云南省\第四批\省级\非物质文化\遗产\代表性\项目\名录\扩展\项目\名录\。\项目\代表性\传承\人有\陈祖道\、\滕国祥\等\。\《\风\云盘\江道\》\剧照\《\昭君\出塞\》\剧照,
岔河村板凳山彝族传统文化生态保护区,第四批,民族传统文化生态保护区,云南省楚雄市,该保护区由楚雄彝族自治州楚雄市紫溪镇岔河村委会和平掌村委会的自然村组成。村落大分散小聚居至今已有近千年的历史围核心区板凳山环形分布全部为彝族世居民族属彝族罗罗支系自称罗罗濮。森林覆盖率为林地面积较多。主要河流为白依河水资源丰富自然生态较好空气清新景色宜人环境优美。保护区民居有彝族土掌房、垛木土掌房、木草房、瓦房等分为平房或楼房。彝族庭院式民居保存较为完好根据位置的不同习惯分为正房、厢房、面房、矮房四种。核心区板凳山是彝族火把节及彝族毕摩文化的主要传承地建有彝族土主庙、葫芦笙纪念塔、彝门、彝族毕摩祖师殿、彝族六祖殿等彝族民俗文化活动场所。保护区内定期举办彝族马缨花节、彝族火把节、杨梅节等传统节日活动。民间崇奉咪司土主崇拜老虎、龙、火、葫芦、马樱花树、山茶花树等图腾保留有建房及入宅习俗、婚嫁习俗、丧葬习俗、牧猎习俗和禁忌习俗。民间文学有《包头王传奇》《丁克兰姆的传说》《民族的起源说》《北斗星传说》《彝族的迁徙传说》等流传阿苏嗻说唱、酒歌、祭祀说唱、山歌有笛子、小闷笛、葫芦笙、唢呐、大号、筒子、羊角号、牛角号等乐器民间舞蹈存续大三弦舞、葫芦笙舞、毕摩祭祀舞、香通祭祀舞、左脚舞、羊皮鼓舞等。民间有纺织、编织、刺绣、铸造等传统手工技艺还有陀螺、摔跤、磨担秋、射弩、打靶、斗鸡、扭扁担等民族民间体育及月亮棋、老母猪棋、抓子、六子冲等棋类活动人们穿戴传统的男女服饰。保护区内建立了民族文艺队、彝村文艺队、大号队、民族小学彝族文化传承队等积极传承弘扬彝族传统文化。保护区彝族民间传统文化历史悠久、文化底蕴深厚。年岔河村板凳山彝族传统文化生态保护区入选云南省第四批省级非物质文化遗产代表性项目名录。项目代表性传承人是何应贵、罗金华。岔河新村迎宾仪式,省级,该\保护区\由\楚雄彝族自治州\楚雄市\紫溪镇\岔河\村委会\和平\掌\村委会\的\自然村\组成\。\村落\大\分散\小\聚居\至今已有\近\千年\的\历史\围\核心区\板凳\山\环形\分布\全部\为\彝族\世居\民族\属\彝族\罗罗\支系\自称\罗罗\濮\。\森林\覆盖率\为\林地\面积\较\多\。\主要\河流\为\白依\河水\资源\丰富\自然生态\较\好\空气清新\景色宜人\环境优美\。\保护区\民居\有\彝族\土掌房\、\垛木\土掌房\、\木\草房\、\瓦房\等\分为\平房\或\楼房\。\彝族\庭院式\民居\保存\较为\完好\根据\位置\的\不同\习惯\分为\正房\、\厢房\、\面房\、\矮房\四种\。\核心区\板凳\山是\彝族\火把节\及\彝族\毕摩\文化\的\主要\传承\地\建有\彝族\土主庙\、\葫芦\笙\纪念塔\、\彝门\、\彝族\毕摩\祖师殿\、\彝族\六祖\殿\等\彝族\民俗文化\活动场所\。\保护区\内\定期\举办\彝族\马缨花\节\、\彝族\火把节\、\杨梅\节等\传统节日\活动\。\民间\崇奉\咪司\土主\崇拜\老虎\、\龙\、\火\、\葫芦\、\马\樱花树\、\山茶花\树\等\图腾\保留\有\建房\及入\宅\习俗\、\婚嫁\习俗\、\丧葬\习俗\、\牧猎\习俗\和\禁忌\习俗\。\民间文学\有\《\包头\王\传奇\》\《\丁克\兰姆\的\传说\》\《\民族\的\起源\说\》\《\北斗星\传说\》\《\彝族\的\迁徙\传说\》\等\流传\阿苏\嗻\说唱\、\酒歌\、\祭祀\说唱\、\山歌\有\笛子\、\小闷\笛\、\葫芦\笙\、\唢呐\、\大号\、\筒子\、\羊角\号\、\牛角\号\等\乐器\民间舞蹈\存续\大三弦\舞\、\葫芦\笙舞\、\毕摩\祭祀\舞\、\香通\祭祀\舞\、\左脚\舞\、\羊皮\鼓舞\等\。\民间\有\纺织\、\编织\、\刺绣\、\铸造\等\传统\手工\技艺\还有\陀螺\、\摔跤\、\磨\担秋\、\射弩\、\打靶\、\斗鸡\、\扭\扁担\等\民族民间\体育\及\月亮\棋\、\老母猪\棋\、\抓子\、\六子\冲\等\棋类\活动\人们\穿戴\传统\的\男女\服饰\。\保护区\内\建立\了\民族\文艺\队\、\彝村\文艺\队\、\大号\队\、\民族\小学\彝族\文化传承\队\等\积极\传承\弘扬\彝族\传统文化\。\保护区\彝族\民间\传统文化\历史悠久\、\文化底蕴\深厚\。\年\岔河村板凳山彝族传统文化生态保护区\入选\云南省\第四批\省级\非物质文化\遗产\代表性\项目\名录\。\项目\代表性\传承\人\是\何应贵\、\罗\金华\。\岔河\新村\迎宾\仪式,彝族
民歌谷气调,第三批,传统音乐,云南省丽江市古城区非物质文化遗产保护管理中心,民歌谷气调是纳西族古老的民间唱法众多古老的民间叙事长诗以及东巴经典籍在民间均以民歌谷气调作为演唱母本是纳西族最古老的民间曲调。民歌谷气调节奏悠长舒展速度徐缓自由。演唱方式有独唱、对唱音域在五度之间曲调随语言声调起伏变化委婉含蓄凄婉哀怨并以贯穿始终的下回式大幅度波音的特殊润腔方式形成其独特风韵衬词多采用嗯、喂、嘚、哎等。内容多为情节曲折的东巴经典籍、民间故事、叙事长诗也可根据所唱对象和环境的不同而即兴创作唱词为每句五言以四句为一段谐音押韵旋律优美独特韵味深沉含蓄。以民歌谷气调吟唱的《游悲》为例唱法有几十余种唱词可长达两千余行多者三天三夜才能唱完充分展现了歌手们超强的吟唱技巧和惊人的记忆能力富有民族风格和地方色彩。民歌谷气调作为纳西族传统音乐的重要组成部分反映了纳西族的风俗习惯和人文风情具有重要的历史文化价值、语言研究价值和民俗文化研究价值。年民歌谷气调入选云南省第三批省级非物质文化遗产代表性项目名录。项目代表性传承人是李秀香、和学先。谷气调交流会演唱谷气调现场,省级,民歌谷气调\是\纳西族\古老\的\民间\唱法\众多\古老\的\民间\叙事\长诗\以及\东巴经\典籍\在\民间\均\以\民歌谷气调\作为\演唱\母本\是\纳西族\最\古老\的\民间\曲调\。\民歌谷气调\节奏\悠长\舒展\速度\徐缓\自由\。\演唱\方式\有\独唱\、\对唱\音域\在\五度\之间\曲调\随\语言\声调\起伏\变化\委婉\含蓄\凄婉\哀怨\并\以\贯穿\始终\的\下回\式\大幅度\波音\的\特殊\润腔\方式\形成\其\独特\风韵\衬词\多\采用\嗯\、\喂\、\嘚\、\哎\等\。\内容\多为\情节\曲折\的\东巴经\典籍\、\民间故事\、\叙事\长诗\也\可\根据\所唱\对象\和\环境\的\不同\而\即兴创作\唱词\为\每句\五言\以\四句\为\一段\谐音\押韵\旋律优美\独特\韵味\深沉\含蓄\。\以\民歌谷气调\吟唱\的\《\游悲\》\为例\唱法\有\几十\余种\唱词\可长\达\两千余\行\多者\三天三夜\才能\唱\完\充分\展现\了\歌手\们\超强\的\吟唱\技巧\和\惊人\的\记忆\能力\富有\民族风格\和\地方色彩\。\民歌谷气调\作为\纳西族\传统\音乐\的\重要\组成部分\反映\了\纳西族\的\风俗习惯\和\人文\风情\具有\重要\的\历史\文化价值\、\语言\研究\价值\和\民俗文化\研究\价值\。\年\民歌谷气调\入选\云南省\第三批\省级\非物质文化\遗产\代表性\项目\名录\。\项目\代表性\传承\人\是\李秀香\、\和\学先\。\谷\气调\交流会\演唱\谷\气调\现场,纳西族
怒族若柔语言,第一批,民间文学,云南省,怒族主要居住在云南怒江两岸的丙中洛至普拉底地区由个支系组成贡山独龙族怒族自治县的怒族自称阿龙。据不完全统计贡山的阿龙主要有生恰、占苏、困欠、伊苏、气敢、滚拉、勒包、本东、贡马、南木大东等多个氏族。怒族先民没有文字汉文史籍中对怒族的记载也极少。怒语属汉藏语系藏缅语族从语支上看由于怒族的族源复杂加之历史上受交通等方面的因素制约各支系间语言不通。迄今为止语言学界还未能对怒语的支属进行明确的划分。由于与其他民族杂居怒族通常也会说傈僳语、独龙语、汉语、藏语、勒墨语及纳西语等的一个语种或数个语种有的人能掌握四五种语言。贡山独龙族和怒族使用的语言基本一致但又存在着一定的差异。据《怒族简史》国家民委民族问题五种丛书编委会编辑云南人民出版社年载贡山怒语与独龙语完全可以通话词汇方面根据对个词的比较其中语音词义全同的约占词义相同语音接近的约占其余约有的不同词但都有显著的对应规律。从语法上看怒语与独龙语基本相同有以下几个显著特点有个复辅音、、、、、、、、、、、、、、辅音分清浊吐气很不发达元音分长短辅音韵尾多至个即元音韵尾部却少至个有高、低两个声调语序是主语宾语动词如我酒喝你什么干动词有表示人称、数、陈述、命令、使动的形态变化表示疑问的方法多用疑问代词与不同的名词配合有各种不同的量词如个指人个指物。贡山怒语与福贡怒语、独龙语部分能通话语法也基本一致。根据专家们对个怒语及独龙语的词汇的比较其中语音词义全同的词约占词义相同、语音相近的约占部分能通话。福贡怒语与独龙语的语法现象大体一致但词汇差别较大两种语言间不能沟通。怒族语言传承方式为父母传子女传承情况良好。怒族语言在怒江两岸传承情况好流传地较广的当地怒族群众都能很流利地讲怒族语言。,省级,怒族\主要\居住\在\云南\怒江\两岸\的\丙\中洛至\普拉\底\地区\由个\支系\组成\贡山独龙族怒族自治县\的\怒族\自称\阿龙\。\据\不\完全\统计\贡山\的\阿龙\主要\有生\恰\、\占苏\、\困欠\、\伊苏\、\气敢\、\滚拉\、\勒包\、\本东\、\贡马\、\南木\大东\等\多个\氏族\。\怒族\先民\没有\文字\汉文\史籍\中\对\怒族\的\记载\也\极少\。\怒语\属\汉藏语系\藏缅语族\从\语支\上\看\由于\怒族\的\族源\复杂\加之\历史\上受\交通\等\方面\的\因素\制约\各\支系\间\语言不通\。\迄今为止\语言\学界\还\未能\对\怒语\的\支属\进行\明确\的\划分\。\由于\与\其他\民族\杂居\怒族\通常\也\会\说\傈僳语\、\独龙语\、\汉语\、\藏语\、\勒墨\语及\纳西语\等\的\一个\语种\或\数个\语种\有\的\人能\掌握\四五种\语言\。\贡山\独龙族\和\怒族\使用\的\语言\基本一致\但\又\存在\着\一定\的\差异\。\据\《\怒族\简史\》\国家民委\民族问题\五种\丛书\编委会\编辑\云南人民出版社\年载\贡山\怒语\与\独龙语\完全\可以\通话\词汇\方面\根据\对个\词\的\比较\其中\语音\词义\全同\的\约\占\词义\相同\语音\接近\的\约\占\其余\约\有\的\不同\词\但\都\有\显著\的\对应\规律\。\从\语法\上\看\怒语\与\独龙语\基本相同\有\以下\几个\显著特点\有个\复辅音\、\、\、\、\、\、\、\、\、\、\、\、\、\、\辅音\分\清浊\吐气\很\不\发达\元音\分\长短\辅音\韵尾\多至个\即元\音韵\尾部\却少\至个\有\高\、\低\两个\声调\语序\是\主语\宾语\动词\如\我\酒\喝\你\什么\干\动词\有\表示\人称\、\数\、\陈述\、\命令\、\使动\的\形态\变化\表示\疑问\的\方法\多用\疑问\代词\与\不同\的\名词\配合\有\各种\不同\的\量词\如个\指人个\指物\。\贡山\怒语\与\福贡\怒语\、\独龙语\部分\能\通话\语法\也\基本一致\。\根据\专家\们\对\个\怒语\及\独龙语\的\词汇\的\比较\其中\语音\词义\全同\的\词约\占\词义\相同\、\语音\相近\的\约\占\部分\能\通话\。\福贡\怒语\与\独龙语\的\语法\现象\大体一致\但\词汇\差别\较大\两种\语言\间\不能\沟通\。\怒族\语言\传承\方式\为\父母\传\子女\传承\情况\良好\。\怒族\语言\在\怒江\两岸\传承\情况\好\流传\地\较广\的\当地\怒族\群众\都\能\很\流利地\讲\怒族\语言\。,怒族
独龙族语言,第一批,民间文学,云南省,独龙族分布在怒江傈僳族自治州贡山独龙族怒族自治县史称为俅、俅扒、洛、曲洛等自称独龙或独龙阿昌。新中国建立后定名为独龙族。独龙语属汉藏语系藏缅语族语支未定。独龙语共有两种方言一是独龙江的独龙方言二是怒江丙中洛的怒族独龙语怒江方言这两种方言有一定的差别但能相互通话。独龙族历史上无文字他们以刻木结绳方式记录事情和传递信息。世纪年代初缅甸日旺人白吉斗蒂其枯和外国传教士莫尔斯创制了一种以日旺氏族的口语为语音特点的拉丁文拼音文字命名为日旺文。世纪年代初在当地政府领导下云南省少数民族语文指导工作委员会派龙乘云先生协助贡山文化馆的独龙族干部木里门约翰一起创制独龙文字。他们在日旺文的基础上结合独龙语言使用的实际情况以独龙江方言为基础草拟了一套独龙语拼音方案。年月方案在昆明召开的省民语委第二次全委扩大会议上讨论通过开始试行。独龙语文字有个声母其中个单辅音声母个复辅音声母个腭化辅音声母个圆唇化辅音声母和个辅音尾有个韵母其中单元音个复合元音音韵个带辅音韵尾的韵母个。独龙语拼音方案于世纪年代初期试推广以来广受独龙族干部群众欢迎主要通行于独龙江两岸在丙中洛小查腊少部分群众之间进行沟通及交流。但由于贡山是贫困县严重缺少经费在很大程度上限制了独龙文的推行工作没能在群众中广泛推广。,省级,独龙族\分布\在\怒江傈僳族自治州\贡山独龙族怒族自治县\史\称为\俅\、\俅\扒\、\洛\、\曲洛\等\自称\独龙\或\独龙\阿昌\。\新\中国\建立\后\定名\为\独龙族\。\独龙语\属\汉藏语系\藏缅语族\语支\未定\。\独龙语\共有\两种\方言\一是\独龙江\的\独龙\方言\二是\怒\江丙\中洛\的\怒族\独龙语\怒江\方言\这\两种\方言\有\一定\的\差别\但\能\相互\通话\。\独龙族\历史\上\无\文字\他们\以刻\木结绳\方式\记录\事情\和\传递信息\。\世纪\年代\初\缅甸\日旺人\白吉斗蒂其\枯\和\外国\传教士\莫尔斯\创制\了\一种\以日旺\氏族\的\口语\为\语音\特点\的\拉丁文\拼音文字\命名\为\日旺文\。\世纪\年代\初\在\当地政府\领导\下\云南省\少数民族\语文\指导\工作\委员会\派龙\乘云\先生\协助\贡山\文化馆\的\独龙族\干部\木里\门\约翰\一起\创制\独龙\文字\。\他们\在\日旺文\的\基础\上\结合\独龙\语言\使用\的\实际\情况\以\独龙江\方言\为\基础\草拟\了\一套\独龙语\拼音\方案\。\年\月\方案\在\昆明\召开\的\省民\语委\第二次\全委\扩大\会议\上\讨论\通过\开始\试行\。\独龙语\文字\有个\声母\其中\个单\辅音\声母\个\复辅音\声母\个腭化\辅音\声母\个\圆唇化\辅音\声母\和\个\辅音\尾有\个\韵母\其中\单元\音个\复合元音\音韵\个\带\辅音\韵尾\的\韵母\个\。\独龙语\拼音\方案\于\世纪\年代\初期\试\推广\以来\广受\独龙族\干部群众\欢迎\主要\通行\于\独龙江\两岸\在\丙\中洛小查腊\少部分\群众\之间\进行\沟通\及\交流\。\但\由于\贡山\是\贫困县\严重\缺少\经费\在\很大\程度\上\限制\了\独龙\文\的\推行\工作\没\能\在群众中\广泛\推广\。,独龙族
傣绷文,第一批,民间文学,云南省,傣绷文是居住在耿马傣族佤族自治县孟定镇的傣族傣德人使用的文字。孟定镇共有万傣族其中傣楞万人、傣德万人。此外该县勐简乡还有傣德多人语言、生活习俗等与孟定傣德完全一样。相传年前孟定坝的傣德人从勐皎大规模集体迁徙到了孟定坝看到这里坝子又宽又平、物产丰富便定居下来。这些人自称为傣德人们习惯称他们为水傣。若干年后约公元年傣历年前后由于爆发瘟疫及不断发生其他灾害信奉南传上座部佛教的傣德人认为是他们离佛太远了得不到佛的保佑于是派人到缅甸仰光去拜佛求佛保佑。后来仰光缅寺派了一个佛号为坦玛的大佛爷来到孟定傣德人一起动手在南京章建起了第一座摆朵教派缅寺。从此傣德人有了念经求佛、消灾免难和寄托心灵的去处。坦玛大佛爷从缅甸带来了一些经书大多是用傣绷文书写的于是傣绷文便在孟定一带开始流行。傣绷文与缅文相似缅甸北掸邦也使用此文字有个声母和多个韵母书写笔划大多呈圆形。为了让傣族人民都受到国民教育当地政府从世纪年代起就开始对傣绷文进行挖掘研究举办夜校、扫盲班实施傣语、汉语相结合的双语教学有效地促进了傣绷文的普及。加上多年来形成的男子进缅寺当和尚学傣绷文的传统习惯使得孟定掌握傣绷文的人数有所增加不管是傣德还是傣楞男女老少都懂一点傣绷文居住在孟定坝的近万傣族懂傣绷文的估计不少于万人。,省级,傣绷文\是\居住\在\耿马傣族佤族自治县\孟定\镇\的\傣族\傣德人\使用\的\文字\。\孟定\镇\共有\万\傣族\其中\傣楞万人\、\傣德万人\。\此外\该县\勐\简乡\还有\傣德多\人\语言\、\生活\习俗\等\与\孟定\傣德\完全\一样\。\相传\年前\孟定\坝\的\傣德人\从\勐\皎\大规模\集体\迁徙\到\了\孟定\坝\看到\这里\坝子\又\宽\又\平\、\物产丰富\便\定居\下来\。\这些\人\自称为\傣德\人们\习惯\称\他们\为\水傣\。\若干年\后\约\公元\年\傣历\年\前后\由于\爆发\瘟疫\及\不断\发生\其他\灾害\信奉\南传\上座部佛教\的\傣德人\认为\是\他们\离佛\太远\了\得不到\佛\的\保佑\于是\派\人\到\缅甸\仰光\去\拜佛\求佛\保佑\。\后来\仰光\缅寺\派\了\一个\佛号\为\坦玛\的\大\佛爷\来到\孟定\傣德人\一起\动手\在\南京\章\建起\了\第一座\摆朵\教派\缅寺\。\从此\傣德人\有\了\念经\求佛\、\消灾\免难\和\寄托\心灵\的\去处\。\坦玛大\佛爷\从\缅甸\带来\了\一些\经书\大多\是\用\傣绷文\书写\的\于是\傣绷文\便\在\孟定\一带\开始\流行\。\傣绷文\与\缅文\相似\缅甸\北\掸邦\也\使用\此\文字\有个\声母\和\多个\韵母\书写\笔划\大多\呈圆形\。\为了\让\傣族\人民\都\受到\国民教育\当地政府\从\世纪\年代\起\就\开始\对\傣绷文\进行\挖掘\研究\举办\夜校\、\扫盲\班\实施\傣语\、\汉语\相结合\的\双语\教学\有效\地\促进\了\傣绷文\的\普及\。\加上\多年\来\形成\的\男子\进\缅寺\当\和尚\学\傣绷文\的\传统\习惯\使得\孟定\掌握\傣绷文\的\人数\有所增加\不管\是\傣德\还是\傣\楞\男女老少\都\懂\一点\傣绷文\居住\在\孟定\坝\的\近\万\傣族\懂\傣绷文\的\估计\不少\于\万人\。,傣族
傈僳族叙事长诗《阔时目刮》,第一批,民间文学,云南省,叙事长诗《阔时目刮》广泛流传于德宏傣族景颇族自治州盈江县傈僳族聚居区。《阔时目刮》为傈僳语汉语为《春节调》是一种对唱形式的叙事长诗原诗字一行共有近万行汉语译文有行。《阔时目刮》是傈僳族人民过新年阔时节时唱的调子一般在农历正月初九、初十唱。节日期间傈僳族群众身着盛装汇集到广场手拉手围成圈跳嘎三步舞庆祝《阔时目刮》调就是在这时演唱的。唱的形式类似对歌采用主唱即领唱和配合唱有男问女答式或女问男答式歌声粗犷热情富于节奏感。内容多为唱生产、生活、爱情、友谊。跳嘎时由嘎头领舞者领唱唱词有规定词序对仗严格。主句和衬句为一组十二组为一段每组上句由嘎头领唱下句由伴唱者跟着唱。接着唱尾句尾句无固定唱词只有固定音节。一般男嘎头领唱首句是阿的扒女嘎头领唱首句则是阿密吗阿的扒阿密吗过年来哟世世传拜年来哟代代唱众者伴唱一到春天百花开一年一度百鸟乐众音落领唱者又起依次唱下去直至唱完整个《阔时目刮》的内容。《阔时目刮》丰富了傈僳族过年的内容群体性、娱乐性较强既传授生产生活知识也宣扬傈僳人的道德规范是傈僳族年节活动的重要组成部分。《阔时目刮》没有固定传承方式但群众基础较好。目前盈江县文化馆曹大荣已收集、整理出版《阔时目刮》文本。,省级,叙事\长诗\《\阔时目\刮\》\广泛\流传\于\德宏傣族景颇族自治州\盈江县\傈僳族\聚居区\。\《\阔时目\刮\》\为\傈僳语\汉语\为\《\春节\调\》\是\一种\对唱\形式\的\叙事\长诗\原诗\字\一行\共有\近\万行\汉语\译文\有行\。\《\阔时目\刮\》\是\傈僳族\人民\过\新年\阔\时节\时唱\的\调子\一般\在\农历\正月初\九\、\初十\唱\。\节日期间\傈僳族\群众\身着\盛装\汇集\到\广场\手拉手\围成\圈\跳\嘎\三步\舞\庆祝\《\阔时目\刮\》\调\就是\在\这时\演唱\的\。\唱\的\形式\类似\对歌\采用\主唱\即\领唱\和\配合\唱\有\男\问女\答式\或\女\问\男\答式\歌声\粗犷\热情\富于\节奏感\。\内容\多为\唱\生产\、\生活\、\爱情\、\友谊\。\跳嘎时\由\嘎\头领\舞者\领唱\唱词\有\规定\词序\对仗\严格\。\主句\和\衬句\为\一组\十二\组为\一段\每组\上句\由\嘎\头领\唱下句\由\伴唱\者\跟着\唱\。\接着\唱尾句\尾句\无\固定\唱词\只有\固定\音节\。\一般\男嘎\头领\唱\首句\是\阿\的\扒\女\嘎\头领\唱\首句\则\是\阿密\吗\阿\的\扒\阿密\吗\过年\来\哟\世世\传\拜年\来\哟\代\代唱\众者\伴唱\一到\春天\百花\开\一年一度\百鸟\乐众\音落\领唱者\又\起\依次\唱\下去\直至\唱\完整\个\《\阔时目\刮\》\的\内容\。\《\阔时目\刮\》\丰富\了\傈僳族\过年\的\内容\群体性\、\娱乐性\较强\既\传授\生产\生活\知识\也\宣扬\傈僳\人\的\道德规范\是\傈僳族\年节\活动\的\重要\组成部分\。\《\阔时目\刮\》\没有\固定\传承\方式\但\群众\基础\较\好\。\目前\盈江县\文化馆\曹大荣\已\收集\、\整理\出版\《\阔时目\刮\》\文本\。,傣族
苗族叙事长诗《昭蒡俭和高帕施》,第一批,民间文学,云南省,苗族叙事长诗《昭蒡俭和高帕施》广泛流传于昆明、曲靖、昭通和楚雄等州市的苗族地区。这部长诗讲述一对苗族青年恋人昭蒡俭和高帕施为了追求美好自由的爱情运用巧技从企图强娶高帕施为妻的恶人多漫多龙家中逃出历经千难万险摆脱了多漫多龙的追捕终于在好心人的帮助下逃到天边远离黑势力统治通往美好生活的地方。年之后仙人亚盎得知了这对恋人为自由与幸福逃到天边的事派出天兵神将帮助他们铲除万恶的多漫多龙使这对苗族恋人返回家园与亲人团聚。《昭蒡俭和高帕施》具有鲜明的反封建统治色彩反面人物多漫多龙就是封建统治阶级的化身。长诗通过昭蒡俭和高帕施反抗婚姻迫害的英勇斗争来体现苗族人民反抗和战胜封建统治阶级压迫的精神在苗族现实生活中一直起着积极的作用影响深远。当有人在困难面前畏缩不前时就会有人对他说昭蒡俭和高帕施逃到天边不能回来你这点困难算什么青年人把昭蒡俭和高帕施看作是同邪恶势力斗争和处理婚姻问题的榜样中老年人则把他们看作是反对封建统治阶级的榜样。新中国成立后昆明市寻甸回族彝族自治县的苗族歌手陆兴凤经过收集整理将这部叙事长诗译成汉语全诗长行分为个部分发表于中国文联、中国民研会的刊物《民间文学》年第期总第期人民文学出版社出版引起苗族同胞和研究界的关注。其语言极富民族与地方特色对人物的描绘、环境的勾画、气氛的渲染都比较到位在苗族群众中以苗语口口相传。目前能用苗语完整演唱的歌手越来越少。,省级,苗族\叙事\长诗\《\昭蒡俭\和\高帕施\》\广泛\流传\于\昆明\、\曲靖\、\昭通\和\楚雄\等\州市\的\苗族\地区\。\这部\长诗\讲述\一对\苗族\青年\恋人\昭蒡俭\和\高帕施\为了\追求\美好\自由\的\爱情\运用\巧技\从\企图\强娶\高帕施\为\妻\的\恶人\多漫\多龙\家中\逃出\历经\千难万险\摆脱\了\多\漫多龙\的\追捕\终于\在\好心人\的\帮助\下\逃到\天边\远离\黑势力\统治\通往\美好生活\的\地方\。\年\之后\仙人\亚\盎\得知\了\这\对\恋人\为\自由\与\幸福\逃\到\天边\的\事\派出\天兵神将\帮助\他们\铲除\万恶\的\多\漫多龙\使\这\对\苗族\恋人\返回\家园\与\亲人\团聚\。\《\昭蒡俭\和\高帕施\》\具有\鲜明\的\反\封建统治\色彩\反面人物\多漫\多龙\就是\封建\统治阶级\的\化身\。\长诗\通过\昭蒡俭\和\高帕施\反抗\婚姻\迫害\的\英勇斗争\来\体现\苗族\人民\反抗\和\战胜\封建\统治阶级\压迫\的\精神\在\苗族\现实生活\中\一直\起着\积极\的\作用\影响\深远\。\当\有人\在\困难\面前\畏缩不前\时\就\会\有人\对\他\说\昭蒡俭\和\高帕施\逃到\天边\不能\回来\你\这点\困难\算\什么\青年人\把\昭蒡俭\和\高帕施\看作\是\同\邪恶势力\斗争\和\处理\婚姻\问题\的\榜样\中老年人\则\把\他们\看作\是\反对\封建\统治阶级\的\榜样\。\新\中国\成立\后\昆明市\寻甸回族彝族自治县\的\苗族\歌手\陆兴凤\经过\收集整理\将\这部\叙事\长诗\译成\汉语\全诗\长行\分为\个\部分\发表\于\中国文联\、\中\国民\研会\的\刊物\《\民间文学\》\年\第期\总\第期\人民文学出版社\出版\引起\苗族\同胞\和\研究\界\的\关注\。\其\语言\极富\民族\与\地方\特色\对\人物\的\描绘\、\环境\的\勾画\、\气氛\的\渲染\都\比较\到位\在\苗族\群众\中以\苗语\口口相传\。\目前\能\用\苗语\完整\演唱\的\歌手\越来越少\。,苗族
佤族神话《司岗里》,第一批,民间文学,云南省,神话《司岗里》是一部在佤族民间广为流传的口述文学作品。它以临沧市沧源佤族自治县为中心在邻近各县市及其他佤族聚居区广为流传。《司岗里》围绕着天从哪里来地是怎样产生的人怎样投生到世上万物为什么会生长动植物为什么会生长变化人到世上后与世间万物有什么关系等展开想象把一切带有神秘色彩的解释附之万物形成了创世神话、创世史诗以及便于咏唱的创世古歌。《司岗里》主要以讲故事的方式口头传承发展为吟唱歌咏的形式。经过整理用汉文出版的分别有民间故事、创世史诗和民歌等。经过代代传承《司岗里》内容不断丰富成为佤族历史、道德、宗教、哲学、风俗等民族传统文化的综合载体。其表现形式有神话故事、创世史诗和咏唱的民歌。《司岗里》融佤族历史文化、宗教、艺术等社会意识形态为一体是佤族集体智慧的结晶是佤族民间口述文学的代表作之一。,省级,神话\《\司岗里\》\是\一部\在\佤族\民间\广为流传\的\口述\文学作品\。\它\以\临沧市\沧源佤族自治县\为\中心\在\邻近\各县市\及其\他\佤族\聚居区\广为流传\。\《\司岗里\》\围绕\着\天\从\哪里\来\地\是\怎样\产生\的\人\怎样\投生\到\世上\万物\为什么\会\生长\动植物\为什么\会\生长\变化\人到\世上\后\与\世间\万物\有\什么\关系\等\展开\想象\把\一切\带有\神秘色彩\的\解释\附之\万物\形成\了\创世神话\、\创世\史诗\以及\便于\咏唱\的\创世\古歌\。\《\司岗里\》\主要\以\讲故事\的\方式\口头\传承\发展\为\吟唱\歌咏\的\形式\。\经过\整理\用\汉文\出版\的\分别\有\民间故事\、\创世\史诗\和\民歌\等\。\经过\代代传\承\《\司岗里\》\内容\不断丰富\成为\佤族\历史\、\道德\、\宗教\、\哲学\、\风俗\等\民族\传统文化\的\综合\载体\。\其\表现形式\有\神话故事\、\创世\史诗\和\咏唱\的\民歌\。\《\司岗里\》\融\佤族\历史\文化\、\宗教\、\艺术\等\社会意识形态\为\一体\是\佤族\集体\智慧\的\结晶\是\佤族\民间\口述\文学\的\代表作\之一\。,佤族
彝族史诗《查姆》,第一批,民间文学,云南省,彝族史诗《查姆》流传于双柏县哀牢山彝族地区及大麦地乡底土村一带在没有彝文之前均为口头流传有了老彝文后才以书面的形式传承惟少数懂老彝文者和毕摩彝族祭司亦是民间知识分子才通晓。彝语查姆是大和起源之意直译就是万物起源是大事即万物的起源。《查姆》主要用于吟唱天地、日月、人类、风雨、种子、树木等万事万物的起源。《查姆》里有关神的传说在彝族的几部创世史诗中最为生动优美它创造了大量形象生动的神和英雄形象如涅侬撒萨歇、儒黄炸当地、罗阿玛、罗塔纪等因此《查姆》又被视为一部丰富而生动的神话叙事诗。《查姆》原有多查分为上下两部。上部叫《吾查》主要记述开天辟地、洪水泛滥、人类起源、万物源头等下部叫《买查》内容包括天文地理、占卜历算、文学、诗歌等。《查姆》用老彝文记载基本上是五言句式一般都押韵。译成汉文后要保持原来的五言体格式则非常困难。为较准确地表达其内容由楚雄彝族自治州文联主编、云南人民出版社出版发行的《查姆卷》在兼顾内容和形式的前提下译成了多行长短不一的诗句通俗易懂读起来朗朗上口。《查姆》原来只在丧葬、祭祀场合由毕摩吟唱。现在当地彝族群众逢年过节、婚丧祭祀、盖房起屋、播种收割等都请毕摩吟唱《查姆》其声音庄严深沉有的毕摩可以连唱数日。《查姆》常常用曲调优美的阿噻调来配唱有时亦用大四弦伴奏有唱有述载歌载舞形式多样。经过多年努力《查姆》迄今已整理出了多查其中包括天地的起源、独眼睛时代、直眼睛时代、横眼睛时代、民族的起源、生死的起源、纸火的起源、病种的起源、种子的起源、纸书的起源以及洪水泛滥的事情、安魂的事情、家训的事情、死人安埋的事情等使得濒临消亡的《查姆》得以部分传承下来。,省级,彝族\史诗\《\查姆\》\流传\于\双柏县\哀牢山\彝族\地区\及\大麦\地乡\底土\村\一带\在\没有\彝文\之前\均\为\口头\流传\有\了\老\彝文\后\才\以\书面\的\形式\传承\惟\少数\懂\老\彝文\者\和\毕摩\彝族\祭司\亦\是\民间\知识分子\才\通晓\。\彝语\查姆\是\大\和\起源\之意\直译\就是\万物\起源\是\大事\即\万物\的\起源\。\《\查姆\》\主要\用于\吟唱\天地\、\日月\、\人类\、\风雨\、\种子\、\树木\等\万事万物\的\起源\。\《\查姆\》\里\有关\神\的\传说\在\彝族\的\几部\创世\史诗\中\最为\生动\优美\它\创造\了\大量\形象\生动\的\神\和\英雄形象\如涅侬\撒萨歇\、\儒黄炸\当地\、\罗阿玛\、\罗塔纪\等\因此\《\查姆\》\又\被\视为\一部\丰富\而\生动\的\神话\叙事诗\。\《\查姆\》\原有\多查\分为\上下\两部\。\上部\叫\《\吾\查\》\主要\记述\开天辟地\、\洪水泛滥\、\人类\起源\、\万物\源头\等\下部\叫\《\买查\》\内容\包括\天文地理\、\占卜\历算\、\文学\、\诗歌\等\。\《\查姆\》\用\老\彝文\记载\基本上\是\五言\句式\一般\都\押韵\。\译成\汉文\后要\保持\原来\的\五言\体格\式\则\非常\困难\。\为\较\准确\地\表达\其\内容\由\楚雄彝族自治州\文联\主编\、\云南人民出版社\出版发行\的\《\查姆\卷\》\在\兼顾\内容和形式\的\前提\下\译成\了\多行\长短不一\的\诗句\通俗易懂\读\起来\朗朗上口\。\《\查姆\》\原来\只\在\丧葬\、\祭祀\场合\由\毕摩\吟唱\。\现在\当地\彝族\群众\逢年过节\、\婚丧\祭祀\、\盖房\起屋\、\播种\收割\等\都\请\毕摩\吟唱\《\查姆\》\其\声音\庄严\深沉\有\的\毕摩\可以\连唱\数日\。\《\查姆\》\常常\用\曲调\优美\的\阿\噻\调来\配唱\有时\亦\用\大四\弦\伴奏\有\唱\有述\载歌载舞\形式多样\。\经过\多年\努力\《\查姆\》\迄今已\整理\出\了\多查\其中\包括\天地\的\起源\、\独\眼睛\时代\、\直\眼睛\时代\、\横\眼睛\时代\、\民族\的\起源\、\生死\的\起源\、\纸火\的\起源\、\病种\的\起源\、\种子\的\起源\、\纸书\的\起源\以及\洪水泛滥\的\事情\、\安魂\的\事情\、\家训\的\事情\、\死人安\埋\的\事情\等\使得\濒临\消亡\的\《\查姆\》\得以\部分\传承\下来\。,彝族
彝族史诗《阿鲁举热》,第一批,民间文学,云南省,彝族史诗《阿鲁举热》流传于金沙江畔的元谋县小凉山彝族诺苏地区是云南彝族迄今发现的唯一一部英雄史诗。阿鲁举热是一个在彝族人民群众中广泛传扬的英雄祖先形象。史诗讲述了阿鲁举热一生中的重要经历。阿鲁举热是史诗主人公的彝语名字译音他是鹰和人交感而生的后代。史诗开头讲述了阿鲁举热的出生经过老鹰将他抚养成人后他前去寻找自己的母亲。在途中他战胜了部落头人日姆射落了天上的六个太阳和五个月亮制服毒蛇猛兽为世间除掉了祸害让大家过上了太平安康的日子。尽管史诗最后以悲剧告终但阿鲁举热仍然是一个具有时代精神的英雄形象。史诗塑造了各种生动的人物形象他们分别代表不同的社会阶层各有不同的鲜明性格反映了彝族先民在原始母系社会向奴隶社会过渡时期的社会生活歌颂了民族、部落以及部落和民族形成过程中英雄的祖先。史诗继承了原始神话的浪漫主义因素以广阔的社会生活为背景以彝族历史上的重大事件、重要人物及其演变而成的传说为基础反映出当时彝族先民对英雄祖先的赞礼已代替或超过了对自然神的顶礼膜拜。它使彝族文学从古老的创世史诗中脱胎出来进入了英雄史诗的行列完成了从造神到造人的历史转折。《阿鲁举热》是彝族文学中最具有代表性的文学作品之一不仅对研究彝族历史文化有重要价值而且也有一定的文学艺术价值。元谋县小凉山的彝族诺苏人在老人的葬礼上都要请毕摩来围着死者唱述史诗《阿鲁举热》唱述时毕摩手持大刀边喝酒边跳舞充满威武壮烈的气氛。年经文艺工作者整理发掘《阿鲁举热》于年正式发表。《阿鲁举热》通过毕摩或民间歌手的演唱得以代代相传主要传承方式有家传、拜师和自学。现在小凉山能完整演唱《阿鲁举热》的民间歌手不多各地唱述的《阿鲁举热》风格迥异变化较大。,省级,彝族\史诗\《\阿鲁举\热\》\流传\于\金沙江畔\的\元谋县\小凉山\彝族\诺苏\地区\是\云南\彝族\迄今\发现\的\唯一\一部\英雄\史诗\。\阿鲁举\热\是\一个\在\彝族\人民\群众\中\广泛\传扬\的\英雄\祖先\形象\。\史诗\讲述\了\阿鲁举\热\一生\中\的\重要\经历\。\阿鲁举\热\是\史诗\主人公\的\彝语\名字\译音\他\是\鹰\和\人\交感\而生\的\后代\。\史诗\开头\讲述\了\阿鲁举\热\的\出生\经过\老鹰\将\他\抚养\成人\后\他\前去\寻找\自己\的\母亲\。\在\途中\他\战胜\了\部落\头人\日姆射落\了\天上\的\六个\太阳\和\五个\月亮\制服\毒蛇猛兽\为\世间\除掉\了\祸害\让\大家\过上\了\太平\安康\的\日子\。\尽管\史诗\最后\以\悲剧\告终\但\阿鲁举\热\仍然\是\一个\具有\时代精神\的\英雄形象\。\史诗\塑造\了\各种\生动\的\人物形象\他们\分别\代表\不同\的\社会阶层\各有不同\的\鲜明\性格\反映\了\彝族\先民\在\原始\母系社会\向\奴隶社会\过渡时期\的\社会生活\歌颂\了\民族\、\部落\以及\部落\和\民族\形成\过程\中\英雄\的\祖先\。\史诗\继承\了\原始\神话\的\浪漫主义\因素\以\广阔\的\社会生活\为\背景\以\彝族\历史\上\的\重大事件\、\重要\人物\及其\演变\而成\的\传说\为\基础\反映\出\当时\彝族\先民\对\英雄\祖先\的\赞礼\已\代替\或\超过\了\对\自然神\的\顶礼膜拜\。\它\使\彝族\文学\从\古老\的\创世\史诗\中\脱胎\出来\进入\了\英雄\史诗\的\行列\完成\了\从\造神到\造人\的\历史\转折\。\《\阿鲁举\热\》\是\彝族\文学\中\最\具有\代表性\的\文学作品\之一\不仅\对\研究\彝族\历史\文化\有\重要\价值\而且\也\有\一定\的\文学艺术\价值\。\元谋县\小凉山\的\彝族\诺苏\人\在\老人\的\葬礼\上\都\要\请\毕摩\来\围着\死者\唱述\史诗\《\阿鲁举\热\》\唱述\时\毕摩\手持\大刀\边\喝酒\边\跳舞\充满\威武\壮烈\的\气氛\。\年经\文艺工作者\整理\发掘\《\阿鲁举\热\》\于\年\正式\发表\。\《\阿鲁举\热\》\通过\毕摩\或\民间\歌手\的\演唱\得以\代代相传\主要\传承\方式\有\家传\、\拜师\和\自学\。\现在\小凉山\能\完整\演唱\《\阿鲁举\热\》\的\民间\歌手\不\多\各地\唱述\的\《\阿鲁举\热\》\风格\迥异\变化\较大\。,彝族
拉祜族史诗《根古》,第一批,民间文学,云南省,拉祜族史诗《根古》主要流传于思茅市澜沧拉祜族自治县和其他拉祜族聚居地区是一部描述拉祜族先民繁衍迁徙的叙事性史诗。迁徙是拉祜族社会发展中一段重要而又漫长的历史在拉祜族心目中就是祖先和历史的象征。这部叙事长诗主要叙述从秦汉时期开始拉祜族先民告别了他们繁衍生息的青藏高原从传说中遥远的北方密尼都库、诸海厄波等地起步历经千辛万苦跨越几个世纪跋涉数万里一直迁徙到勐缅密缅今临沧一带最后大量移居到今天的澜沧地区定居生活下来的历史。同时也记载了迁徙到每个地方的原因、迁徙的地名、环境、地形、地貌和居住情况。长诗除迁徙章节外还存留着许多记叙拉祜族历史中的重大事件、重要历史人物等完整章节。经历代拉祜老人的传唱已成为一部无文字的拉祜族史。年当地民族工作者李扎约收集整理了《拉祜族民间诗歌集成》未公开发行将史诗《根古》收录其中。同年云南省民族出版社出版发行《根古》拉祜文、汉文对照书一套在拉祜族民众中产生了很大影响目前已成为拉祜族重要的具有影响力的文学作品是研究拉祜族历史、文化、经济的有用资料。目前拉祜族艺人已少有能完整演唱者仅少数老人掌握全本濒临失传的危险。,省级,拉祜族\史诗\《\根古\》\主要\流传\于\思茅市\澜沧拉祜族自治县\和\其他\拉祜族\聚居\地区\是\一部\描述\拉祜族\先民\繁衍\迁徙\的\叙事性\史诗\。\迁徙\是\拉祜族\社会发展\中\一段\重要\而\又\漫长\的\历史\在\拉祜族\心目\中\就是\祖先\和\历史\的\象征\。\这部\叙事\长诗\主要\叙述\从\秦汉\时期\开始\拉祜族\先民\告别\了\他们\繁衍生息\的\青藏高原\从\传说\中\遥远\的\北方\密尼都库\、\诸海\厄波\等\地\起步\历经\千辛万苦\跨越\几个\世纪\跋涉\数万里\一直\迁徙\到\勐\缅密\缅今\临沧\一带\最后\大量\移居\到\今天\的\澜沧\地区\定居\生活\下来\的\历史\。\同时\也\记载\了\迁徙\到\每个\地方\的\原因\、\迁徙\的\地名\、\环境\、\地形\、\地貌\和\居住\情况\。\长诗\除\迁徙\章节\外\还\存留\着\许多\记叙\拉祜族\历史\中\的\重大事件\、\重要\历史\人物\等\完整\章节\。\经\历代\拉祜\老人\的\传唱\已\成为\一部\无\文字\的\拉祜族\史\。\年\当地\民族\工作者\李扎\约\收集整理\了\《\拉祜族\民间\诗歌\集成\》\未公开\发行\将\史诗\《\根古\》\收录\其中\。\同年\云南省\民族出版社\出版发行\《\根古\》\拉祜文\、\汉文\对照\书\一套\在\拉祜族\民众\中\产生\了\很大\影响\目前\已\成为\拉祜族\重要\的\具有\影响力\的\文学作品\是\研究\拉祜族\历史\、\文化\、\经济\的\有用\资料\。\目前\拉祜族\艺人\已\少有\能\完整\演唱者\仅\少数\老人\掌握\全本\濒临\失传\的\危险\。,拉祜族
傣族叙事长诗《朗娥与桑洛》,第一批,民间文学,云南省,玉溪市新平彝族傣族自治县嘎洒镇和水塘镇等地流传的傣族花腰傣叙事长诗《朗娥与桑洛》是一部篇幅长、内容完整的悲剧叙事诗内容涉及当时的社会结构、政治制度、阶级关系、伦理道德、婚姻恋爱等。当地版本较多以口传的方式流行于民间近年来当地文学爱好者对其中的一些版本作过整理。长诗通过花腰傣姑娘朗娥与男青年桑洛之间生离死别的爱情悲剧反映了花腰傣青年男女反对封建礼教和家长制追求坚贞不渝爱情的决心表达了他们对自由婚恋和幸福生活的向往。朗娥与桑洛为了追求真正的爱情而双双殉情把一个凄美的故事留在人间。长诗内容含蓄深沉哀婉动人情节曲折离奇脉络清楚大量运用比拟、比喻手法以物喻人引古喻今。结合日常生活劳作中息息相关的事物进行描述每一行诗句都寓意深刻。语言流畅层次分明诗句优美。《朗娥与桑洛》由摩哈民歌能手人共同吟唱用独特的乐器定些四弦胡和树叶伴奏三天三夜才能唱完。现在能吟唱全本的歌手摩哈多已年近古稀能完整演唱者寥寥无几。,省级,玉溪市\新平彝族傣族自治县\嘎\洒\镇\和\水塘\镇\等\地\流传\的\傣族\花腰\傣\叙事\长诗\《\朗\娥\与\桑洛\》\是\一部\篇幅\长\、\内容\完整\的\悲剧\叙事诗\内容\涉及\当时\的\社会结构\、\政治制度\、\阶级\关系\、\伦理道德\、\婚姻恋爱\等\。\当地\版本\较\多\以\口传\的\方式\流行\于\民间\近年来\当地\文学\爱好者\对\其中\的\一些\版本\作\过\整理\。\长诗\通过\花腰\傣\姑娘\朗\娥\与\男青年\桑洛\之间\生离死别\的\爱情\悲剧\反映\了\花\腰\傣\青年\男女\反对\封建礼教\和\家长制\追求\坚贞不渝\爱情\的\决心\表达\了\他们\对\自由\婚恋\和\幸福生活\的\向往\。\朗\娥\与\桑洛\为了\追求\真正\的\爱情\而\双双\殉情\把\一个\凄美\的\故事\留在\人间\。\长诗\内容\含蓄\深沉\哀婉\动人\情节\曲折离奇\脉络\清楚\大量\运用\比拟\、\比喻\手法\以物\喻人\引古喻今\。\结合\日常生活\劳作\中\息息相关\的\事物\进行\描述\每\一行\诗句\都\寓意\深刻\。\语言\流畅\层次分明\诗句\优美\。\《\朗\娥\与\桑洛\》\由摩哈\民歌\能手\人\共同\吟唱\用\独特\的\乐器\定些\四\弦\胡\和\树叶\伴奏\三天三夜\才能\唱\完\。\现在\能\吟唱\全本\的\歌手\摩哈多\已\年近古稀\能\完整\演唱者\寥寥无几\。,彝族
民间歌谣《阳温暾小引》,第一批,民间文学,云南省,民谣《阳温暾小引》又名《吹烟调》约成于清道光年间流传于腾冲县和顺镇一带。和顺古名阳温暾地处腾冲通往缅甸的交通要冲是有名的侨乡。旅居国外的和顺人在外拼搏奋斗企盼落叶归根对故土有着十分深厚的感情。《阳温暾小引》是后人实录当年滇西边地男人在家乡成长、出国谋生的种种经历用村言俚语、半文半白等写成的歌谣是当时滇西人到东南亚谋生的一部出国必读指南也是一部用于告诫乡人的劝世歌谣。《阳温暾小引》开头是《西江月》一阕末尾有古体诗一首中间有五更鼓散曲行正文共句为三、三、四字一句竖行编排。歌谣内容庞杂从中华历史到二十四孝从母亲养育儿女的操劳到儿子长大后为什么要走出家门到外国谋生从出国路上碰到的各种危险灾难到腾冲人葬身异国他乡的孤坟荒冢以及到缅甸之后如何找一个门头落脚如何学做生意如何发财发财后何时回家结婚生子以及几个兄弟如何分工出门到回家探亲如何给乡里人带礼物等一应俱全。《小引》也描写了当时缅甸的一些人情世态用较大篇幅描述出门人要特别注意的九戒如戒赌、戒嫖、戒吹鸦片、戒懒等把每一戒的诱人之处和惨痛后果都写得淋漓尽致。此外还写了腾冲在家的女人应该如何做人等。《阳温暾小引》勾画出一幅清朝末年云南怒江以西清明上河图似的风俗画卷对研究地方商贸史、侨史和民风民俗等有重要价值。目前在和顺民间还散落着一些绵纸毛笔繁体手抄本但破损较严重民间已无人能完整说唱。,省级,民谣\《\阳\温暾\小\引\》\又名\《\吹烟调\》\约\成于\清道光\年间\流传\于\腾冲县\和顺\镇\一带\。\和顺\古名阳\温暾\地处\腾冲\通往\缅甸\的\交通\要冲\是\有名\的\侨乡\。\旅居\国外\的\和顺\人\在外\拼搏\奋斗\企盼\落叶归根\对\故土\有着\十分\深厚\的\感情\。\《\阳\温暾\小\引\》\是\后人\实录\当年\滇西\边\地\男人\在\家乡\成长\、\出国\谋生\的\种种\经历\用村言\俚语\、\半文半白\等\写成\的\歌谣\是\当时\滇西\人到\东南亚\谋生\的\一部\出国\必读\指南\也\是\一部\用于\告诫\乡人\的\劝世歌\谣\。\《\阳\温暾\小\引\》\开头\是\《\西江月\》\一阕\末尾\有\古体诗\一首\中间\有\五更\鼓\散曲\行\正文\共句\为\三\、\三\、\四字\一句\竖行\编排\。\歌谣\内容\庞杂\从\中华\历史\到\二十四孝\从\母亲\养育\儿女\的\操劳\到\儿子\长大\后\为什么\要\走出\家门\到\外国\谋生\从\出国\路上\碰到\的\各种\危险\灾难\到\腾冲\人\葬身\异国他乡\的\孤坟\荒冢\以及\到\缅甸\之后\如何\找\一个\门头\落脚\如何\学\做生意\如何\发财\发财\后\何时\回家\结婚\生子\以及\几个\兄弟\如何\分工\出门\到\回家\探亲\如何\给\乡里\人带\礼物\等\一应俱全\。\《\小\引\》\也\描写\了\当时\缅甸\的\一些\人情世态\用\较大\篇幅\描述\出门\人要\特别注意\的\九戒\如\戒赌\、\戒\嫖\、\戒吹\鸦片\、\戒懒\等\把\每\一戒\的\诱人\之处\和\惨痛\后果\都\写\得\淋漓尽致\。\此外\还\写\了\腾冲\在家\的\女人\应该\如何\做人\等\。\《\阳\温暾\小\引\》\勾画出\一幅\清朝\末年\云南\怒江\以西\清明上河图\似的\风俗画\卷\对\研究\地方\商贸\史\、\侨史\和\民风\民俗\等\有\重要\价值\。\目前\在\和顺\民间\还\散落\着\一些\绵纸\毛笔\繁体\手抄本\但\破损\较\严重\民间\已\无人\能\完整\说唱\。,
纳西族白沙细乐,第一批,传统音乐,云南省,纳西族白沙细乐又名崩时细哩、别时细梨、别时谢礼。流传于丽江市古城区和玉龙纳西族自治县。据唐《蛮书》载纳西族先民俗好饮酒歌舞。白沙细乐作为纳西族最具代表性的作品之一是纳西先民创制的一部器乐、声乐及舞蹈相结合的古典音乐套曲。究其历史渊源一说元氏遗音靡靡切切酸楚动人相传世祖临别所赠故名别时谢礼二说为创自于纳西族民间凭吊战争亡灵之乐。说法各异暂缺确考。据已故纳西族著名老艺人和锡典有据可考的传承谱谍至少在年前丽江已盛行此乐所表现的是生离死别、怀恋缱绻的感情。相传白沙细乐有个调现存个调分别是笃、一封书、三思及、美丽的白云、公主哭、跺蹉、南曲和北曲。赤足舞跺蹉、云雀舞劳马蹉、弓矢舞抗蹉、白鹤舞夸蹉等在送葬时奏跳。跺蹉、劳马蹉、抗蹉、夸蹉均为纳西语是舞蹈土生于民间的标记从生离死别中还可佐证送魂路线等纳西史实。乐器有横笛、直笛、芦管、苏古笃、小曲项琵琶、古筝、二簧、胡琴等演奏至少要有人并以合奏为主同时也伴歌舞。乐器中的苏古笃、芦管与元朝宴乐之器火不思、波伯有异曲同工之妙。白沙细乐结合了元明遗音与纳西民间音乐是经过相当长的时间才逐步形成的套曲其构思独到器乐兼歌并舞意境深宽曲调抒情旋律委婉流畅。新中国成立后白沙细乐受到各级文化学术部门及中外音乐专家学者的关注及高度重视世纪年代以来一批国内知名学者到丽江调查研究对保护、传承和弘扬白沙细乐作过许多有益的探索并给予了较高评价。目前在丽江范围内能演奏白沙细乐的传人已越来越少丽江各级政府及相关部门为弘扬白沙细乐作了许多行之有效的工作在现代文明的冲击中竭力保护和抢救这一文化奇葩。,省级,纳西族白沙细乐\又名\崩时\细哩\、\别时\细梨\、\别时\谢礼\。\流传\于\丽江市\古城区\和\玉龙纳西族自治县\。\据\唐\《\蛮书\》\载\纳西族\先\民俗\好\饮酒\歌舞\。\白沙细乐\作为\纳西族\最具\代表性\的\作品\之一\是\纳西\先民\创制\的\一部\器乐\、\声乐\及\舞蹈\相结合\的\古典音乐\套曲\。\究其\历史渊源\一说\元氏\遗音\靡\靡\切切\酸楚\动人\相传\世祖\临别\所赠\故名\别时\谢礼\二说\为\创自于\纳西族\民间\凭吊\战争\亡灵\之\乐\。\说法\各异\暂缺\确考\。\据\已故\纳西族\著名\老\艺人\和锡典\有\据\可考\的\传承\谱谍\至少\在\年前\丽江\已\盛行\此乐\所\表现\的\是\生离死别\、\怀恋\缱绻\的\感情\。\相传\白沙细乐\有个\调\现存\个调\分别\是\笃\、\一封书\、\三思\及\、\美丽\的\白云\、\公主\哭\、\跺\蹉\、\南曲\和\北曲\。\赤足\舞\跺\蹉\、\云雀\舞劳马\蹉\、\弓矢\舞抗\蹉\、\白鹤\舞夸\蹉\等\在\送葬\时奏\跳\。\跺\蹉\、\劳马\蹉\、\抗\蹉\、\夸\蹉均\为\纳西语\是\舞蹈\土\生于\民间\的\标记\从\生离死别\中\还\可\佐证\送魂\路线\等\纳西\史实\。\乐器\有\横笛\、\直笛\、\芦管\、\苏古笃\、\小曲\项\琵琶\、\古筝\、\二簧\、\胡琴\等\演奏\至少\要\有人\并\以\合奏\为主\同时\也\伴\歌舞\。\乐器\中\的\苏古笃\、\芦管\与\元朝\宴乐\之器\火不思\、\波伯有\异曲同工\之妙\。\白沙细乐\结合\了\元明\遗音\与\纳西\民间\音乐\是\经过\相当\长\的\时间\才\逐步形成\的\套曲\其\构思\独到\器乐\兼歌\并\舞\意境\深宽\曲调\抒情\旋律\委婉\流畅\。\新\中国\成立\后\白沙细乐\受到\各级\文化学术\部门\及\中外\音乐\专家学者\的\关注\及\高度重视\世纪\年代\以来\一批\国内\知名\学者\到\丽江\调查\研究\对\保护\、\传承\和\弘扬\白沙细乐\作\过\许多\有益\的\探索\并\给予\了\较\高\评价\。\目前\在\丽江\范围\内能\演奏\白沙细乐\的\传人\已\越来越少\丽江\各级\政府\及\相关\部门\为\弘扬\白沙细乐\作\了\许多\行之有效\的\工作\在\现代文明\的\冲击\中\竭力\保护\和\抢救\这一\文化\奇葩\。,纳西族
普米族四弦舞乐,第一批,传统音乐,云南省,普米族乐器四弦本民族称为比柏主要用作普米族集体歌舞搓蹉的伴奏普遍流传于兰坪白族普米族自治县河西乡、通甸镇、金顶镇、啦井镇、石登乡、营盘镇等普米族地区。四弦历史已无从考证民间流传着多种传说故事。普米族四弦在形制、制作工艺、定弦、演奏方法及演奏曲目等方面都独具特色。制作和弹奏主要为师传、家传、个人自学模仿。传统的四弦尺寸长度为公分以核桃木或桦木为材料琴箱制成圆形和六角形两种蒙上加工过的羊皮或羊肚做成共鸣箱用小羊肠做琴弦现多改用金属琴弦。四弦音色柔和定弦多样和音丰富节奏富于变化有多种弹奏技巧和丰富的曲目。四弦琴主要用于为舞蹈搓蹉伴奏随舞步变化弹奏节奏型乐曲每一种节奏配以不同的调式搓蹉的种舞步就是种节奏型。四弦曲调和舞蹈步相结合每个舞蹈段落间隔又加上轻松的演唱形成了歌舞乐三位一体的特点。四弦曲目保存较多除舞步调外还有部分古老的曲目如《四弦母调》、《鸡吃水》等。四弦舞曲和搓蹉舞在兰坪县的普及、保护情况较好深受人们的喜爱在各种喜庆场合和健身活动中少则几十人多则上万人参与表演。除用于搓蹉伴奏外四弦也在日常生活中作自娱性演奏弹奏的乐曲已不受限制以演奏者的弹奏技能任意发挥。四弦悦耳的音色、优美的旋律、明快的节奏与和声是舞蹈的特色所在。兰坪普米族的搓蹉舞已得到很好推广但和舞蹈相配套的四弦和四弦曲却相对被忽视了。目前四弦的制作及搓蹉舞的传统风格已有变异倾向传统音乐风格一定程度上被削弱。随着老一辈乐手的逐渐减少四弦演奏者也已出现断层技艺精湛的优秀乐手已不多见。,省级,普米族\乐器\四弦本\民族\称为\比柏\主要\用作\普米族\集体\歌舞\搓\蹉\的\伴奏\普遍\流传\于\兰坪白族普米族自治县\河西乡\、\通甸镇\、\金顶\镇\、\啦\井镇\、\石登乡\、\营盘\镇\等\普米族\地区\。\四弦\历史\已\无从\考证\民间\流传\着\多种\传说\故事\。\普米族\四弦\在\形制\、\制作\工艺\、\定弦\、\演奏\方法\及\演奏\曲目\等\方面\都\独具特色\。\制作\和\弹奏\主要\为\师传\、\家传\、\个人\自学\模仿\。\传统\的\四\弦\尺寸\长度\为\公分\以\核桃木\或\桦木\为\材料\琴箱\制成\圆形\和\六角形\两种\蒙\上\加工\过\的\羊皮\或\羊肚\做成\共鸣箱\用\小\羊肠\做\琴弦\现多\改用\金属\琴弦\。\四弦\音色\柔和\定弦\多样\和\音\丰富\节奏\富于\变化\有\多种\弹奏\技巧\和\丰富\的\曲目\。\四\弦琴\主要\用于\为\舞蹈\搓\蹉\伴奏\随\舞步\变化\弹奏\节奏\型\乐曲\每\一种\节奏\配以\不同\的\调式\搓\蹉\的\种\舞步\就是\种\节奏\型\。\四弦曲\调和\舞蹈\步\相结合\每个\舞蹈\段落\间隔\又\加上\轻松\的\演唱\形成\了\歌舞\乐\三位一体\的\特点\。\四弦曲\目\保存\较\多\除\舞步\调外\还有\部分\古老\的\曲目\如\《\四弦\母调\》\、\《\鸡\吃水\》\等\。\四弦\舞曲\和\搓\蹉舞\在\兰坪县\的\普及\、\保护\情况\较\好\深受\人们\的\喜爱\在\各种\喜庆\场合\和\健身活动\中少\则\几十人\多则\上万\人\参与\表演\。\除\用于\搓\蹉\伴奏\外四弦\也\在\日常生活\中作\自娱性\演奏\弹奏\的\乐曲\已\不\受限制\以\演奏者\的\弹奏\技能\任意\发挥\。\四弦\悦耳\的\音色\、\优美\的\旋律\、\明快\的\节奏\与\和声\是\舞蹈\的\特色\所在\。\兰坪\普米族\的\搓\蹉舞\已\得到\很\好\推广\但\和\舞蹈\相配套\的\四\弦\和\四弦曲\却\相对\被忽视\了\。\目前\四弦\的\制作\及\搓\蹉舞\的\传统\风格\已有\变异\倾向\传统\音乐风格\一定\程度\上\被\削弱\。\随着\老一辈\乐手\的\逐渐\减少\四弦\演奏者\也\已\出现\断层\技艺\精湛\的\优秀\乐手\已\不多见\。,普米族
布朗族弹唱,第一批,传统音乐,云南省,布朗族主要聚居于西双版纳傣族自治州勐海县及思茅市澜沧拉祜族自治县其余散居于云县、永德、双江、施甸、墨江等县。勐海县布朗山乡、西定乡、勐满镇、打洛镇等地的布朗族民歌称为布朗调有种基本曲调索、甚、拽、宰和团曼。其中以索布朗语称为恩宋调最为丰富多彩包括个调子有的欢快跳跃有的舒缓深沉。索调因使用布朗族自制的四弦琴伴奏故被称为布朗弹唱。索调多用来歌唱热烈的爱情表达布朗族青年对美好爱情和未来生活的向往。布朗弹唱中的索克里克罗就是谈情说爱的唱调。过去不会弹琴唱情歌往往难寻配偶所以布朗人还有歌为媒之说。布朗弹唱一般为男女对唱旋律清甜优美歌词多反映男女相恋和爱慕之情大多在劳作之余和喜庆佳节之际男女交往时进行。男子边弹奏四弦琴边唱女子唱相应的歌词。近年来布朗弹唱的歌词内容也有了较大变化有表现社会进步的也有表现对美好生活向往的还有表现新人新事的。布朗族男女从青少年起就要学唱多种曲调男子在十多岁时就开始学习弹琴和唱情歌女子也由母亲和姐姐教唱情歌。勐海县各布朗族村寨都有优秀的民间歌手多次参加全国各种民歌比赛获得好评。布朗弹唱旋律优美动听歌词直抒胸臆朴实明快在布朗族地区具有广泛的群众基础和深厚的文化底蕴有较高的艺术性在当地自古就有听歌要听布朗歌的流行说法。目前由于受外来文化的影响和冲击年青人中开始出现用布朗语唱汉族流行歌曲的现象很多年轻人不再学习布朗四弦琴的弹奏。另外布朗族女子在婚后不能在公共场合演唱的传统习俗也使女歌手的传承和培养受到限制。,省级,布朗族\主要\聚居\于\西双版纳傣族自治州\勐海县\及\思茅市\澜沧拉祜族自治县\其余\散居\于\云县\、\永德\、\双江\、\施甸\、\墨江\等\县\。\勐海县\布朗\山乡\、\西定\乡\、\勐\满镇\、\打洛镇\等\地\的\布朗族\民歌\称为\布朗调\有种\基本\曲调\索\、\甚\、\拽\、\宰和团曼\。\其中\以索\布朗语\称为\恩\宋调\最为\丰富多彩\包括\个\调子\有\的\欢快\跳跃\有\的\舒缓\深沉\。\索调\因\使用\布朗族\自制\的\四\弦琴\伴奏\故\被\称为\布朗\弹唱\。\索调\多\用来\歌唱\热烈\的\爱情\表达\布朗族\青年\对\美好\爱情\和\未来\生活\的\向往\。\布朗\弹唱\中\的\索\克里克\罗\就是\谈情说爱\的\唱调\。\过去\不会\弹琴\唱\情歌\往往\难寻\配偶\所以\布朗\人\还有\歌为\媒之说\。\布朗\弹唱\一般\为\男女\对唱\旋律\清甜\优美\歌词\多\反映\男女\相恋\和\爱慕\之情\大多\在\劳作\之余\和\喜庆\佳节\之际\男女\交往\时\进行\。\男子\边\弹奏\四\弦琴\边唱\女子\唱\相应\的\歌词\。\近年来\布朗\弹唱\的\歌词\内容\也\有\了\较大\变化\有\表现\社会进步\的\也\有\表现\对\美好生活\向往\的\还有\表现\新人新事\的\。\布朗族\男女\从\青少年\起\就要\学唱\多种\曲调\男子\在\十多岁\时\就\开始\学习\弹琴\和\唱\情歌\女子\也\由\母亲\和\姐姐\教唱\情歌\。\勐海县\各\布朗族\村寨\都\有\优秀\的\民间\歌手\多次\参加\全国\各种\民歌\比赛\获得好评\。\布朗\弹唱\旋律优美\动听\歌词\直抒胸臆\朴实\明快\在\布朗族\地区\具有\广泛\的\群众\基础\和\深厚\的\文化底蕴\有\较\高\的\艺术性\在\当地\自古\就\有\听歌\要\听\布朗\歌\的\流行\说法\。\目前\由于\受\外来文化\的\影响\和\冲击\年青人\中\开始\出现\用\布朗语\唱\汉族\流行歌曲\的\现象\很多\年轻人\不再\学习\布朗\四\弦琴\的\弹奏\。\另外\布朗族\女子\在\婚后\不能\在\公共场合\演唱\的\传统习俗\也\使\女歌手\的\传承\和\培养\受到限制\。,布朗族
昆明调,第一批,传统音乐,云南省,昆明调流行于昆明市区及呈贡、晋宁等滇池周围的汉族地区昆明附近部分少数民族中亦有传唱。昆明调泛指这一地区的汉族山歌、小调民间有调子、民歌等多种称谓。昆明调多在山野田间歌唱一般不受季节限制。除平时及插秧、薅秧时节的田间对唱外大规模的歌唱活动常集中于当地每年举行的歌会调子会如传统的三月三山歌会、六月二十四跑马山歌会、玉兰调子会、红石岩歌会、观音山调子会等。多以赛歌的形式出现甲乙双方各有若干歌师傅指点策划即兴编词互相问答体现集体智慧。赛歌常相持数日不分上下。歌词内容十分广泛包括男女情爱、家乡风光、历史、地理、生产、生活等多方面的知识、趣闻。昆明调曲目繁多流传较广的有耍山调、猜调、大河涨水沙浪沙、拈鱼、赶马调、送郎调、放马山歌以及东门腔、西门腔、草海腔等。其中拈鱼在昆明西山区十分流行乐曲为民族调式中的宫调式四二拍具有典型的民族调式风格。歌词内容虽简单但由于演唱时大量应用虚词加强了小调的节奏感和韵律感同时唱念结合使整个小调节奏变化多表达情感丰富特别是增强了诙谐、幽默的情感氛围。昆明调演唱开始常有呼唤式的引腔曲调具有叙事性特点。曲中常出现垛句民间称为垛叶子音调近乎说唱有的似快速绕口令好的歌手每唱到此会得到观众满堂喝彩。猜调是昆明调的典型曲调之一以种事物相互猜答想象力丰富令人拍案叫绝。自世纪年代以来昆明调的代表作就在全国广泛流传影响甚广。其传承方式多为父传子、母传女、老歌手传新歌手目前在昆明西山等地区仍十分流行。,省级,昆明调\流行\于\昆明\市区\及\呈贡\、\晋宁\等\滇池\周围\的\汉族\地区\昆明\附近\部分\少数民族\中亦有\传唱\。\昆明调\泛指\这一\地区\的\汉族\山歌\、\小调\民间\有\调子\、\民歌\等\多种\称谓\。\昆明调\多\在\山野\田间\歌唱\一般\不\受\季节\限制\。\除\平时\及\插秧\、\薅\秧\时节\的\田间\对唱\外\大规模\的\歌唱\活动\常\集中\于\当地\每年\举行\的\歌会\调子\会\如\传统\的\三月三\山歌\会\、\六月\二十四\跑马山\歌会\、\玉兰\调子\会\、\红石岩\歌会\、\观音山\调子\会\等\。\多\以赛\歌\的\形式\出现\甲乙双方\各有\若干\歌\师傅\指点\策划\即兴\编词\互相\问答\体现\集体\智慧\。\赛歌常\相持\数日\不分上下\。\歌词\内容\十分\广泛\包括\男女\情爱\、\家乡\风光\、\历史\、\地理\、\生产\、\生活\等\多方面\的\知识\、\趣闻\。\昆明调\曲目\繁多\流传\较广\的\有\耍\山调\、\猜调\、\大河\涨水\沙浪沙\、\拈鱼\、\赶马\调\、\送郎调\、\放\马\山歌\以及\东门\腔\、\西门\腔\、\草海\腔\等\。\其中\拈鱼\在\昆明\西山区\十分\流行\乐曲\为\民族\调式\中\的\宫调\式\四二\拍\具有\典型\的\民族\调式\风格\。\歌词\内容\虽\简单\但\由于\演唱\时\大量\应用\虚词\加强\了\小调\的\节奏感\和\韵律感\同时\唱念\结合\使\整个\小调\节奏\变化\多\表达\情感\丰富\特别\是\增强\了\诙谐\、\幽默\的\情感\氛围\。\昆明调\演唱\开始\常有\呼唤\式\的\引腔\曲调\具有\叙事性\特点\。\曲\中常\出现\垛句\民间\称为\垛\叶子\音调\近乎\说唱\有\的\似\快速\绕口令\好\的\歌手\每唱到\此会\得到\观众\满堂喝彩\。\猜调\是\昆明调\的\典型\曲调\之一\以种\事物\相互\猜答\想象力\丰富\令人\拍案叫绝\。\自\世纪\年代\以来\昆明调\的\代表作\就\在\全国\广泛\流传\影响\甚广\。\其\传承\方式\多为\父传子\、\母传女\、\老\歌手\传新\歌手\目前\在\昆明\西山\等\地区\仍\十分\流行\。,
怒族民歌哦得得,第一批,传统音乐,云南省,怒族是一个热爱生活、能歌善舞的民族其传统的民间文艺具有独特的民族风格。福贡县匹河乡怒族中流传的民间歌曲哦得得是男女青年谈情说爱、相互表达感情时不可缺少的曲调。哦得得有哦得得一、哦得得二、哦得得三等不同的小调有多种唱词、唱法反映了怒族生活、狩猎、男女情爱等内容在演唱的过程中带有极其丰富的感情色彩口语化较强通俗易懂是一种保留较为完整的民间歌曲。其中的代表曲目《独独罗叶吉罗秀秀罗峡吉罗》是该地流传较广的情歌之一它唱道真的好想你十分思念你想你想得已傻了恋你恋得已痴呆表达了男女青年相互爱慕的真挚情感和对美好明天、美好生活的向往。演唱哦得得时一般用四弦琵琶达比亚和口弦几味伴奏。民歌哦得得主要通过艺人口头传承目前会演唱哦得得的艺人越来越少流传在民间的曲谱、唱词也开始减少有的已经在民间失传亟待加以保护。,省级,怒族\是\一个\热爱生活\、\能歌善舞\的\民族\其\传统\的\民间文艺\具有\独特\的\民族风格\。\福贡县\匹河\乡\怒族\中\流传\的\民间\歌曲\哦\得\得\是\男女\青年\谈情说爱\、\相互\表达\感情\时\不可\缺少\的\曲调\。\哦\得\得\有\哦\得\得\一\、\哦\得\得\二\、\哦\得\得\三等\不同\的\小调\有\多种\唱词\、\唱法\反映\了\怒族\生活\、\狩猎\、\男女\情爱\等\内容\在\演唱\的\过程\中\带有\极其丰富\的\感情\色彩\口语化\较强\通俗易懂\是\一种\保留\较为\完整\的\民间\歌曲\。\其中\的\代表\曲目\《\独独\罗叶\吉罗\秀秀罗峡\吉罗\》\是\该地\流传\较广\的\情歌\之一\它\唱道\真的\好想你\十分\思念\你\想\你\想\得\已\傻\了\恋\你\恋得\已\痴呆\表达\了\男女\青年\相互\爱慕\的\真挚\情感\和\对\美好\明天\、\美好生活\的\向往\。\演唱\哦\得\得\时\一般\用四弦\琵琶\达比亚\和\口弦\几味\伴奏\。\民歌\哦\得\得\主要\通过\艺人\口头\传承\目前\会\演唱\哦\得\得\的\艺人\越来越少\流传\在\民间\的\曲谱\、\唱词\也\开始\减少\有\的\已经\在\民间\失传\亟待\加以\保护\。,怒族
独龙族民歌,第一批,传统音乐,云南省,独龙族聚居于怒江傈僳族自治州贡山独龙族怒族自治县及相邻地带历史上长期处于与外界隔绝的状态但在漫长的历史进程中他们创造了具有鲜明民族特色的各种艺术形式。其中民歌是一重要类别很多独龙族的史诗、神话、传话、故事、歌谣等都是通过歌唱的方式一代又一代地得到继承和流传。凡收获、猎归、建房、婚聚或年节等场合独龙人都喜用歌舞来表达内心的喜悦和欢乐。独龙语中把民歌泛称作门租。独龙族民歌种类较多根据题材内容和曲调的音乐结构形态可分为叙事歌、情歌、习俗歌、劳动歌、山歌、舞蹈歌、儿歌、祭祀歌等。从音乐体裁来看每一种旋律音调都可以演唱较为广泛的题材内容。叙事歌是独龙族民歌中最丰富的一类较典型的是古歌如创世纪古歌切拉布等讲述人类起源和大地万物的生存过程。词以六言体为主中间穿插七、八、九言等曲调近似朗诵的音调并运用对唱手法排比整齐节奏均衡。现在能够完整演唱创世纪古歌切拉布的老艺人已很少了。另一类较有特色的是叙事歌中的诉苦调几乎每首歌都描写了一个动人的故事内容多反映旧社会独龙人的悲惨遭遇演唱者通常用第一人称来唱。情歌司共瑾你可听见在独龙江地区大部分青年男女都会演唱用来表达爱意歌词根据男、女歌手不同而定变化较多。反映婚俗的习俗歌祝婚调是婚礼时长辈们以歌舞形式向新婚夫妇表示祝贺唱的一首民歌岁以上的男女大部分都会唱。在独龙江的迪政当、龙元、献九当等一带较为流行。打粮食的劳动歌阿玛哇门租是在集体劳动时唱的民歌如在打包谷、打麦子、拉木头等场合都可以唱在劳动过程中起到助力和协调统一动作的作用在独龙江的龙元、献九当、迪政当、孔目等地普遍流传。独龙族民歌大多具有短小抒情、节奏明快、旋律流畅、民族风格突出等特点。,省级,独龙族\聚居\于\怒江傈僳族自治州\贡山独龙族怒族自治县\及\相邻\地带\历史\上\长期\处于\与\外界\隔绝\的\状态\但\在\漫长\的\历史进程\中\他们\创造\了\具有\鲜明\民族特色\的\各种\艺术形式\。\其中\民歌\是\一\重要\类别\很多\独龙族\的\史诗\、\神话\、\传话\、\故事\、\歌谣\等\都\是\通过\歌唱\的\方式\一代\又\一代\地\得到\继承\和\流传\。\凡\收获\、\猎归\、\建房\、\婚聚\或\年节\等\场合\独龙\人\都\喜用\歌舞\来\表达\内心\的\喜悦\和\欢乐\。\独龙语\中\把\民歌\泛称\作门\租\。\独龙族民歌\种类\较\多\根据\题材\内容\和\曲调\的\音乐\结构\形态\可\分为\叙事\歌\、\情歌\、\习俗歌\、\劳动\歌\、\山歌\、\舞蹈\歌\、\儿歌\、\祭祀\歌\等\。\从\音乐\体裁\来看\每\一种\旋律\音调\都\可以\演唱\较为\广泛\的\题材\内容\。\叙事\歌是\独龙族民歌\中\最\丰富\的\一类\较\典型\的\是\古歌\如\创世纪\古歌\切拉\布等\讲述\人类\起源\和\大地\万物\的\生存\过程\。\词以\六\言体\为主\中间\穿插\七\、\八\、\九言\等\曲调\近似\朗诵\的\音调\并\运用\对唱\手法\排比\整齐\节奏\均衡\。\现在\能够\完整\演唱\创世纪\古歌\切拉\布\的\老\艺人\已\很少\了\。\另一类\较\有\特色\的\是\叙事\歌中\的\诉苦\调\几乎\每首歌\都\描写\了\一个\动人\的\故事\内容\多\反映\旧社会\独龙\人\的\悲惨遭遇\演唱者\通常\用\第一人称\来\唱\。\情歌\司共瑾\你\可\听见\在\独龙江\地区\大部分\青年\男女\都\会\演唱\用来\表达\爱意\歌词\根据\男\、\女歌手\不同\而定\变化\较\多\。\反映\婚俗\的\习俗歌\祝婚\调是\婚礼\时\长辈\们\以\歌舞\形式\向\新婚夫妇\表示祝贺\唱\的\一首\民歌\岁\以上\的\男女\大部分\都\会\唱\。\在\独龙江\的\迪政当\、\龙元\、\献九当\等\一带\较为\流行\。\打\粮食\的\劳动\歌阿玛哇门\租\是\在\集体\劳动\时唱\的\民歌\如\在\打\包谷\、\打\麦子\、\拉\木头\等\场合\都\可以\唱\在\劳动\过程\中\起到\助力\和\协调\统一\动作\的\作用\在\独龙江\的\龙元\、\献九当\、\迪政当\、\孔目\等\地\普遍\流传\。\独龙族民歌\大多\具有\短小\抒情\、\节奏\明快\、\旋律\流畅\、\民族风格\突出\等\特点\。,独龙族
阿昌族民歌,第一批,传统音乐,云南省,阿昌族历史悠久人口万其中万人居住在梁河县。阿昌族民歌种类繁多许多歌种在曲调、歌唱形式等方面独具特色。按体裁划分阿昌族民歌有山歌、叙事歌、礼俗歌、祭祀歌和舞蹈歌等种类。山歌是男女青年情歌对唱的主要曲调称为扎尼斯脑克山歌调即最古老的情歌调双方从相识到分别都有成套的歌唱内容。叙事歌包括多种叙事长歌主要有毛舌勐舌即造天造地之意和麻兰调缅怀调为逝去的老人而唱阿昌族创世史诗《遮帕麻和遮咪麻》即是毛舌勐舌的代表。礼俗歌是在婚丧习俗中演唱的民歌如在各种喜庆活动中由主客双方对唱的把套昆邀请调和把松昆候承调。祭祀歌主要在丧俗和民间祭仪中歌唱有由祭司泼袍唱的泼直腔和巫师唱诵的撇扎调两类各有多种曲调。舞蹈歌主要有传统歌舞蹬窝罗中唱的窝罗调用领、和的形式歌唱。阿昌族民歌按用嗓的不同又可分为则勒扎小嗓唱、则勒吗大嗓唱两类。把套昆和窝罗调等曲调有的仅用两个构成小三度音程的音来唱保留了传统民歌的音调和节奏特色。梁河县政府把每年的农历正月初四定为一年一度的阿露窝罗节。在节日里主要进行两大类民歌演唱蹬窝罗舞蹈歌和阿昌山歌、情歌。这两类民歌具有广泛的群众基础并有一定的艺术性和表现力。由于社会生活的变迁祭祀歌一类民歌大多面临衰退和消亡随着老一辈祭司和巫师逐渐离世现今年轻人中已无承继者。,省级,阿昌族\历史悠久\人口\万\其中\万人\居住\在\梁河县\。\阿昌族民歌\种类\繁多\许多歌\种\在\曲调\、\歌唱\形式\等\方面\独具特色\。\按\体裁\划分\阿昌族民歌\有\山歌\、\叙事\歌\、\礼俗\歌\、\祭祀\歌\和\舞蹈\歌\等\种类\。\山歌\是\男女\青年\情歌\对唱\的\主要\曲调\称为\扎\尼斯\脑\克山\歌调\即\最\古老\的\情歌\调\双方\从\相识\到\分别\都\有\成套\的\歌唱\内容\。\叙事\歌\包括\多种\叙事\长歌\主要\有\毛舌\勐\舌\即造\天造\地之意\和\麻兰调\缅怀\调\为\逝去\的\老人\而\唱\阿昌族\创世\史诗\《\遮帕麻和遮咪麻\》\即\是\毛舌\勐\舌\的\代表\。\礼俗\歌是\在\婚丧\习俗\中\演唱\的\民歌\如\在\各种\喜庆\活动\中\由\主客\双方\对唱\的\把\套\昆\邀请\调和\把\松\昆候\承调\。\祭祀\歌\主要\在\丧俗\和\民间\祭仪\中\歌唱\有\由\祭司\泼袍\唱\的\泼\直腔\和\巫师\唱诵\的\撇扎调\两类\各有\多种\曲调\。\舞蹈\歌\主要\有\传统\歌舞\蹬窝罗\中唱\的\窝\罗\调用\领\、\和\的\形式\歌唱\。\阿昌族民歌\按用\嗓\的\不同\又\可\分为\则\勒\扎\小嗓\唱\、\则\勒\吗\大\嗓唱\两类\。\把\套\昆\和\窝罗调\等\曲调\有\的\仅\用\两个\构成\小\三度\音程\的\音来\唱\保留\了\传统\民歌\的\音调\和\节奏\特色\。\梁河县\政府\把\每年\的\农历\正月初\四\定为\一年一度\的\阿露\窝罗节\。\在\节日\里\主要\进行\两大类\民歌\演唱\蹬窝罗\舞蹈\歌\和\阿昌\山歌\、\情歌\。\这\两类\民歌\具有\广泛\的\群众\基础\并\有\一定\的\艺术性\和\表现力\。\由于\社会生活\的\变迁\祭祀\歌\一类\民歌\大多\面临\衰退\和\消亡\随着\老一辈\祭司\和\巫师\逐渐\离世\现今\年轻人\中\已\无\承继\者\。,阿昌族
洞经音乐,第一批,传统音乐,云南省,通海县洞经音乐通海洞经音乐始于清康熙晚期至乾隆年间最早为朝山会之后是桂香会当时就十分兴盛曾有冠冕南州之誉称。清同治、光绪至民国时期又先后出现了五圣会、同文会、圣文学、振文学、兴文学、崇圣学、妙善学等十多个洞经会乐社组织一些乡镇也有若干类似的组织。年后通海出现了云南第一个女子洞经乐社妙善学。其时惟文人学士、书香门第人家才可进入洞经会由洞经会不定期举办经生班、乐生班培训学子。过去在通海官绅文士及中上等富庶阶层之家都以能参加洞经会社或直接参与谈唱演奏洞经音乐为荣。也有世代相传的洞经音乐世家乐人。通海洞经音乐曲调典雅旋律优美节奏鲜明飘逸空灵分为经曲演唱经文诗赞的曲调和曲牌纯器乐曲两大类至今尚保存着完整的曲调曲。经文曲先以《大洞仙经》等道家经文演唱后逐渐改填唐诗宋词并借曲牌名以冠之如一江风、蓬莱宫、小桃红、新荷叶、河南怨、功课、仙家乐、老羊调等。年通海县成立了通海古乐团演出极受欢迎。年月和月分别赴大理和蒙自参加中国大理洞经音乐邀请赛和云南省蒙自洞经音乐邀请赛均获得云南省第一名同时制作《古乐流韵》光盘发行。会泽县洞经音乐会泽洞经音乐流传于会泽县城及金钟、者海、娜姑等地。具有数百年历史的堂琅古乐原是从中原传入会泽的道教音乐是一种唱诵经文的音乐谱。随着会泽铜商文化和庙馆文化的发展它逐渐演变为兼容儒、释、道音律且具地方韵味的古乐形成了独特的音乐体系。会泽洞经音乐具有雅、幽、清的特点目前保存下来的曲目有经腔开经赞、老卦腔、新卦腔、礼诰、赞腔、大乘赞及曲牌将军令、小鹧鸪、倒拖船、锁道龛等多首。演奏乐器有小胡、中胡、二胡、竹笛、大阮、月琴、扬琴、琵琶、古筝、唢呐及打击乐器大鼓、云锣、大镲、小锣等。年月会泽县堂琅古乐团成立重新发掘、整理出一批古乐曲目使这一艺术种类免于失传。堂琅古乐团演出的曲目按顺序主要有三通鼓、将军令、小鹧鸪、开经赞、倒拖船、锁道龛、新卦腔、拟告、赞腔、老卦腔、大成赞等。这些曲目风味特色不同或如白云行空或如落花飘落水面似龙泉出水缓缓而流若月白风清竹影摇风令听者悠闲神往俗虑俱消。现在堂琅古乐团已逐渐发展成为一个有固定活动场所、一定活动经费、设施基本齐备和演奏水平稳定的队伍现有团员人平均年龄约岁对洞经音乐的继承和发展起到了积极作用在滇东北地区有较大影响力。昆明市洞经音乐昆明洞经流传于昆明城区及周边地区俗称为谈演洞经因其主要谈演道教经典《大洞仙经》而得名。相传昆明洞经从大理传入最早的文字记载见于官渡《文明会大洞经坛碑记》。它用唱、念、诵、讲、读、说等方式表达经文教义在此传达过程中又以科仪仪式为载体。科仪由各种繁杂的小科目组成进行中以器乐伴奏。昆明洞经会所谈经文有部最常见的是洞经、皇经和雷经。洞经的科仪分为礼请、谈经、庆诞、送圣等。每个主项中含若干小项。洞经会每年都要举办若干盛大的谈经活动常见者有文昌会、上九会、孔子会、关圣会等。至民国年间昆明已有桂香学、保庶学、崇仁学、崇文学、宏文学、同仁学、文明会等个洞经学会。昆明洞经音乐由经腔、曲牌、打击乐组成。经腔有四言、五言、七言、长短句、骈文等词体伴奏形式分为大乐、细乐和雅乐三种。曲牌主要用于各种仪式或穿插于仪式中的礼仪项目的伴奏因乐器不同分为大乐曲牌和细乐曲牌前者以唢呐为主奏乐器后者以笛子为主奏乐器。乐器分为文乐和武乐分别指管弦乐器和打击乐器。曲牌中有唐宋词牌如浪淘沙、汉东山等有道家音乐如上清宫、天公颂等有宫廷音乐如南清宫、普天乐等有江南丝竹如忆江南、叠落泉等还有欢快活泼的民间小调如忆江陵、瑞雪飞等。目前已收集整理经腔、曲牌、打击乐等曲调首文字记录余万字。昆明洞经曾一度消落世纪年代在昆明市区的真庆观内恢复演奏。,省级,通海县\洞经音乐\通海\洞经音乐\始于\清康熙\晚期\至\乾隆年间\最早\为\朝山\会\之后\是\桂香会\当时\就\十分\兴盛\曾\有\冠冕\南州\之\誉称\。\清同治\、\光绪\至\民国时期\又\先后\出现\了\五圣会\、\同文会\、\圣\文学\、\振\文学\、\兴\文学\、\崇圣\学\、\妙善\学等\十多个\洞经\会乐社\组织\一些\乡镇\也\有\若干\类似\的\组织\。\年\后\通海\出现\了\云南\第一个\女子\洞经\乐社\妙善\学\。\其时\惟\文人学士\、\书香门第\人家\才\可\进入\洞经\会\由\洞经\会\不定期\举办\经生班\、\乐生班\培训\学子\。\过去\在\通海\官绅\文士\及\中\上\等\富庶\阶层\之家\都\以能\参加\洞经\会社\或\直接参与\谈唱\演奏\洞经音乐\为荣\。\也\有\世代相传\的\洞经音乐\世家\乐人\。\通海\洞经音乐\曲调\典雅\旋律优美\节奏\鲜明\飘逸\空灵\分为\经曲\演唱\经文\诗赞\的\曲调\和\曲牌\纯\器乐曲\两大类\至今\尚\保存\着\完整\的\曲调\曲\。\经文\曲先以\《\大洞\仙经\》\等\道家\经文\演唱\后\逐渐\改填\唐诗宋词\并\借\曲牌\名以\冠之如\一江风\、\蓬莱\宫\、\小桃红\、\新\荷叶\、\河南\怨\、\功课\、\仙\家乐\、\老羊调\等\。\年\通海县\成立\了\通海\古\乐团\演出\极\受欢迎\。\年\月\和\月\分别\赴\大理\和\蒙自\参加\中国\大理洞经音乐\邀请赛\和\云南省\蒙自洞经音乐\邀请赛\均\获得\云南省\第一名\同时\制作\《\古乐\流韵\》\光盘\发行\。\会泽县\洞经音乐\会泽洞经音乐\流传\于\会泽县\城及\金钟\、\者\海\、\娜\姑\等\地\。\具有\数百年\历史\的\堂\琅\古乐原\是从\中原\传入\会泽\的\道教音乐\是\一种\唱\诵经\文\的\音乐\谱\。\随着\会泽\铜商\文化\和\庙馆\文化\的\发展\它\逐渐\演变\为\兼容\儒\、\释\、\道\音律\且\具\地方\韵味\的\古乐\形成\了\独特\的\音乐\体系\。\会泽洞经音乐\具有\雅\、\幽\、\清\的\特点\目前\保存\下来\的\曲目\有\经腔\开经赞\、\老卦腔\、\新卦腔\、\礼\诰\、\赞腔\、\大乘\赞及\曲牌\将军令\、\小\鹧鸪\、\倒\拖船\、\锁道\龛\等\多首\。\演奏\乐器\有小胡\、\中胡\、\二胡\、\竹笛\、\大阮\、\月琴\、\扬琴\、\琵琶\、\古筝\、\唢呐\及\打击乐器\大鼓\、\云锣\、\大镲\、\小锣\等\。\年\月\会泽县\堂琅古\乐团\成立\重新\发掘\、\整理\出\一批\古\乐曲\目使\这\一\艺术种类\免于\失传\。\堂琅古\乐团\演出\的\曲目\按\顺序\主要\有\三通\鼓\、\将军令\、\小\鹧鸪\、\开经赞\、\倒\拖船\、\锁道\龛\、\新卦腔\、\拟告\、\赞腔\、\老卦腔\、\大成\赞等\。\这些\曲目\风味\特色\不同\或\如\白云\行空\或\如\落花\飘落\水面\似\龙泉\出水\缓缓\而流\若\月白风清\竹影\摇风令\听者\悠闲\神往\俗虑\俱消\。\现在\堂琅古\乐团\已\逐渐\发展\成为\一个\有\固定\活动场所\、\一定\活动\经费\、\设施\基本\齐备\和\演奏\水平\稳定\的\队伍\现有\团员\人\平均年龄\约\岁\对\洞经音乐\的\继承\和\发展\起到\了\积极\作用\在\滇\东北地区\有\较大\影响力\。\昆明市\洞经音乐\昆明\洞经\流传\于\昆明\城区\及\周边地区\俗称\为\谈演\洞经\因\其\主要\谈演\道教\经典\《\大洞\仙经\》\而\得名\。\相传\昆明\洞经\从\大理\传入\最早\的\文字\记载\见于\官渡\《\文明\会\大洞\经坛\碑记\》\。\它\用\唱\、\念\、\诵\、\讲\、\读\、\说\等\方式\表达\经文\教义\在\此\传达\过程\中\又\以\科仪\仪式\为\载体\。\科仪\由\各种\繁杂\的\小\科目\组成\进行\中以\器乐\伴奏\。\昆明\洞经\会所\谈\经文\有部\最\常见\的\是\洞经\、\皇经\和\雷经\。\洞经\的\科仪\分为\礼请\、\谈经\、\庆诞\、\送圣\等\。\每个\主项\中含\若干\小项\。\洞经\会\每年\都\要\举办\若干\盛大\的\谈经\活动\常见\者\有\文昌\会\、\上九会\、\孔子\会\、\关圣会\等\。\至\民国\年间\昆明\已有\桂香学\、\保庶学\、\崇仁\学\、\崇\文学\、\宏\文学\、\同仁\学\、\文明\会\等\个\洞经\学会\。\昆明洞经音乐\由\经腔\、\曲牌\、\打击乐\组成\。\经腔\有\四言\、\五言\、\七言\、\长短句\、\骈文\等\词体\伴奏\形式\分为\大乐\、\细乐\和\雅乐\三种\。\曲牌\主要\用于\各种\仪式\或\穿插\于\仪式\中\的\礼仪\项目\的\伴奏\因\乐器\不同\分为\大乐\曲牌\和\细\乐曲\牌\前者\以\唢呐\为主\奏\乐器\后者\以\笛子\为主\奏\乐器\。\乐器\分为\文乐\和\武乐\分别\指\管弦乐器\和\打击乐器\。\曲牌\中有\唐宋词\牌如\浪淘沙\、\汉\东山\等\有\道家\音乐\如\上清宫\、\天公\颂\等\有\宫廷\音乐\如南\清宫\、\普天乐\等\有\江南\丝竹\如\忆江南\、\叠\落泉\等\还有\欢快\活泼\的\民间\小调\如忆\江陵\、\瑞雪\飞等\。\目前\已\收集整理\经腔\、\曲牌\、\打击乐\等\曲调\首\文字\记录\余万\字\。\昆明\洞经\曾一度\消落\世纪\年代\在\昆明\市区\的\真庆观\内\恢复\演奏\。,
纳西族东巴舞,第一批,传统舞蹈,云南省,东巴舞是纳西族舞蹈主要流传在丽江市古城区和玉龙纳西族自治县有近种套路。《东巴舞谱》是用纳西象形文字系统、详尽记录和描述东巴舞蹈动作的一种典籍迄今共发现册共记录了种东巴舞的跳法及相关文化信息。有舞谱记录的东巴舞有以下种类型大神舞如《萨依威登舞》、《恒底窝盘舞》等战神舞如《优麻舞》、《郎究敬究舞》等禽兽舞模拟各种动物的动作和神态如《金色神蛙舞》、《大鹏神鸟舞》等法器舞如《灯舞》、《花舞》、《降魔杵舞》等。在由一些舞段连缀起来的组舞中贯穿着较完整的神话故事情节。东巴舞表演时与打击乐相配合表演者少则一两名多则三四十名。不同场合表演不同的舞蹈所着服饰和使用的道具也变化多彩。东巴舞起源于纳西族古老的祭祀舞蹈以直接模拟或间接表现的手法大量反映了自然界的客观事物及人与人之间的社会关系。有故事情节的舞段连缀表演已具有舞剧的雏形。东巴舞承袭了拙朴的原始艺术传统但已脱离原始乐舞的粗朴随意性保持着淳厚、雍容、典雅的古代舞蹈特色舞蹈的名称和文化内涵又有明显与藏族苯教文化交融的痕迹因而形成独特的艺术风格。,省级,东巴舞\是\纳西族舞蹈\主要\流传\在\丽江市\古城区\和\玉龙纳西族自治县\有\近种\套路\。\《\东巴舞\谱\》\是\用\纳西\象形文字\系统\、\详尽\记录\和\描述\东巴\舞蹈动作\的\一种\典籍\迄今\共\发现\册\共\记录\了\种\东巴舞\的\跳\法及\相关\文化\信息\。\有\舞谱\记录\的\东巴舞\有\以下\种\类型\大神\舞如\《\萨依\威登\舞\》\、\《\恒底\窝\盘舞\》\等\战神\舞如\《\优麻舞\》\、\《\郎究\敬究舞\》\等\禽兽\舞\模拟\各种\动物\的\动作\和\神态\如\《\金色\神蛙\舞\》\、\《\大鹏\神鸟\舞\》\等\法器\舞如\《\灯舞\》\、\《\花舞\》\、\《\降魔\杵舞\》\等\。\在\由\一些\舞段\连缀\起来\的\组舞\中\贯穿\着\较完整\的\神话\故事情节\。\东巴舞\表演\时\与\打击乐\相配合\表演者\少则\一两名\多则\三四十名\。\不同\场合\表演\不同\的\舞蹈\所\着\服饰\和\使用\的\道具\也\变化\多彩\。\东巴舞\起源于\纳西族\古老\的\祭祀舞蹈\以\直接\模拟\或\间接\表现\的\手法\大量\反映\了\自然界\的\客观事物\及\人\与\人\之间\的\社会关系\。\有\故事情节\的\舞段\连缀\表演\已\具有\舞剧\的\雏形\。\东巴舞\承袭\了\拙朴\的\原始艺术\传统\但\已\脱离\原始\乐舞\的\粗朴\随意性\保持\着\淳厚\、\雍容\、\典雅\的\古代\舞蹈\特色\舞蹈\的\名称\和\文化\内涵\又\有\明显\与\藏族\苯教\文化\交融\的\痕迹\因而\形成\独特\的\艺术风格\。,纳西族
壮族纸马舞,第一批,传统舞蹈,云南省,纸马舞是一种广泛流传于文山壮族苗族自治州文山县壮族村寨的传统丧葬祭祀舞蹈。壮族先民崇拜祖先深受道教影响每当老人去世均要组织丧葬祭祀活动请舞队跳纸马舞用来超度亡灵、安祖和驱鬼。纸马舞一般由跳纸马舞、舞狮子、赶小鬼等艺术形式进行综合表演因纸马舞在整个活动中占有突出位置故称纸马舞。纸马由民间艺人用竹片扎成马状糊上白纸并进行彩绘。舞者身套纸马双手握住纸马两端骨架起舞。舞狮子则由一人身披狮衣、戴狮头做狮子状起舞一个手持拂尘的笑和尚与他对舞。小鬼头戴鬼面具在舞队中来回跑动骚扰众舞者而武士则手持各种兵器追杀小鬼。伴奏乐器主要有马铃铛、锣、鼓、镲等。舞蹈主要表现驱鬼安魂动作热烈奔放、仿生性强以模仿马的奔跑、跳跃、踢蹄、斗嘴、相咬、嘶鸣为主而笑脸和尚则用各种方法戏弄狮子两个小鬼来回穿插于舞队之中捣乱逗趣众武士执兵器跟踪追杀一直舞到小鬼被赶跑、狮子累趴下、纸马被套住方告结束。过去只允许上了年纪的妇女和男子跳纸马舞如今纸马舞已发展成群体性、娱乐性的集体女子群舞不论婚丧嫁娶、喜庆节日、迎接宾客或自娱自乐都可以跳。舞蹈规模也由几人的舞队发展到几百人规模纸马已变成彩色布马更讲究装饰性和美感深受壮族妇女的喜爱。纸马舞是壮族祖先崇拜的集中体现反映了壮族先民的丧葬祭祀习俗和传统舞蹈形式。其表现形式和发展过程反映了壮族社会生活的历史变迁对研究壮族历史、文化、艺术发展均具有较高价值。纸马舞原有的丧葬祭祀性已经演变为群体娱乐性从内容到形式都发生了根本变化原有的舞蹈形态面临传承危机亟需进行有效保护。近年来文山县开化镇许多壮族村寨都建立了自己的纸马舞队各舞队有自己的队长或纸马舞师傅。,省级,纸马\舞是\一种\广泛\流传\于\文山壮族苗族自治州\文山县\壮族\村寨\的\传统\丧葬\祭祀舞蹈\。\壮族\先民\崇拜\祖先\深受\道教\影响\每当\老人\去世\均\要\组织\丧葬\祭祀\活动\请\舞队\跳\纸马\舞\用来\超度\亡灵\、\安祖\和\驱鬼\。\纸马\舞\一般\由\跳\纸马\舞\、\舞\狮子\、\赶\小鬼\等\艺术形式\进行\综合\表演\因\纸马\舞\在\整个\活动\中\占有\突出位置\故称\纸马\舞\。\纸马\由\民间艺人\用\竹片\扎成\马状糊\上\白纸\并\进行\彩绘\。\舞者\身套\纸马\双手\握住\纸马\两端\骨架\起舞\。\舞\狮子\则\由\一人\身披\狮衣\、\戴\狮头\做\狮子\状\起舞\一个\手持\拂尘\的\笑\和尚\与\他\对\舞\。\小鬼头\戴鬼\面具\在\舞队\中\来回\跑动\骚扰\众\舞者\而\武士\则\手持\各种\兵器\追杀\小鬼\。\伴奏\乐器\主要\有马\铃铛\、\锣\、\鼓\、\镲\等\。\舞蹈\主要\表现\驱鬼\安魂\动作\热烈奔放\、\仿生\性强\以\模仿\马\的\奔跑\、\跳跃\、\踢\蹄\、\斗嘴\、\相\咬\、\嘶鸣\为主\而\笑脸\和尚\则\用\各种\方法\戏弄\狮子\两个\小鬼\来回\穿插\于\舞队\之中\捣乱\逗趣\众\武士\执\兵器\跟踪\追杀\一直\舞到\小鬼\被\赶跑\、\狮子\累\趴下\、\纸马\被套\住方告\结束\。\过去\只\允许\上\了\年纪\的\妇女\和\男子\跳\纸马\舞\如今\纸马\舞已\发展\成\群体性\、\娱乐性\的\集体\女子\群舞\不论\婚丧嫁娶\、\喜庆\节日\、\迎接\宾客\或\自娱自乐\都\可以\跳\。\舞蹈\规模\也\由\几人\的\舞队\发展\到\几百人\规模\纸马\已\变成\彩色\布马\更\讲究\装饰性\和\美感\深受\壮族\妇女\的\喜爱\。\纸马\舞是\壮族\祖先崇拜\的\集中体现\反映\了\壮族\先民\的\丧葬\祭祀\习俗\和\传统\舞蹈形式\。\其\表现形式\和\发展\过程\反映\了\壮族\社会生活\的\历史\变迁\对\研究\壮族\历史\、\文化\、\艺术\发展\均\具有\较\高\价值\。\纸马\舞\原有\的\丧葬\祭祀\性\已经\演变\为\群体\娱乐性\从\内容\到\形式\都\发生\了\根本变化\原有\的\舞蹈\形态\面临\传承\危机\亟需\进行\有效\保护\。\近年来\文山县\开化\镇\许多\壮族\村寨\都\建立\了\自己\的\纸马\舞队\各\舞队\有\自己\的\队长\或\纸马\舞\师傅\。,壮族
四筒鼓舞,第一批,传统舞蹈,云南省,昭通四筒鼓舞距今已有多年历史又称跳鼓、跳丧鼓流传于云南省昭通市昭阳区汉族居住的农村是由男性集体演跳的丧葬舞蹈。因舞者四人身挎筒鼓击之、舞之而得名。据《周礼》记载以路鼓鼓鬼享郑玄注为四面鼓也享宗庙时用之。东周灭亡鼓人散居民间后随汉民进入昭通。民国《昭通志稿》四筒鼓乡人丧礼用之似为跳舞。四筒鼓舞一般为男性舞舞者人称为一拨堂每拨舞队中有人身挎筒鼓进行演跳故称四筒鼓舞。另有持小扁鼓和锣、镲、红绸等舞者。四筒鼓舞套路丰富仅对土城、乐居、洒渔个坝区以及苏甲山区个乡镇的支舞队进行统计不同名称、不同跳法的就有套之多。其中有集体对舞的脚勾脚、脚踩脚等有形式相对完整、表现一定内容的小牛擦背、公羊打架、猴子捞月亮、喜鹊登枝、蛇蜕皮等。每个套路都有一个主要的模拟对象和表现内容并在此基础上形成了舞蹈的单人、双人、三人和集体舞的表现形式。在何种场合跳哪些舞蹈套路并不固定主要视当时的环境条件和舞者的体力、情绪而定在鼓头的示意下进行变化每个套路间都有攒鼓作为连接和过渡。这些套路都是可以单独表演的舞蹈节目。四筒鼓舞在昭通流传广泛表现内容丰富多彩表演形式完整舞蹈风格鲜明是具有艺术性和观赏性的云南汉族舞种。目前昭阳区大约有鼓队多拨能舞者上至七八十岁老者下及七八岁孩童是当地民俗活动中极富汉文化特色的艺术形式。由于昭通地区土葬习俗发生变革丧事请跳四筒鼓者渐少农村青年进城打工少有学习者四筒鼓舞正在消亡中应采取措施予以保护。,省级,昭通\四筒鼓舞\距今已有\多年\历史\又称\跳鼓\、\跳丧鼓\流传\于\云南省\昭通市\昭阳区\汉族\居住\的\农村\是\由\男性\集体\演跳\的\丧葬\舞蹈\。\因\舞者\四\人身\挎\筒\鼓击\之\、\舞之而\得名\。\据\《\周礼\》\记载\以路\鼓鼓\鬼享\郑玄注\为\四面\鼓\也\享\宗庙\时用\之\。\东周\灭亡\鼓人\散居\民间\后\随\汉民\进入\昭通\。\民国\《\昭通\志稿\》\四筒\鼓乡\人\丧礼\用之似\为\跳舞\。\四筒鼓舞\一般\为\男性\舞\舞者\人\称为\一拨堂\每\拨\舞队\中有\人身\挎\筒\鼓\进行\演跳\故称\四筒鼓舞\。\另有\持小扁\鼓\和\锣\、\镲\、\红绸\等\舞者\。\四筒鼓舞\套路\丰富\仅\对\土城\、\乐居\、\洒渔个\坝区\以及\苏甲\山区\个\乡镇\的\支\舞队\进行\统计\不同\名称\、\不同\跳法\的\就\有\套\之\多\。\其中\有\集体\对舞\的\脚\勾脚\、\脚\踩\脚\等\有\形式\相对\完整\、\表现\一定\内容\的\小牛\擦背\、\公羊\打架\、\猴子\捞月亮\、\喜鹊\登枝\、\蛇\蜕皮\等\。\每个\套路\都\有\一个\主要\的\模拟\对象\和\表现\内容\并\在\此基础\上\形成\了\舞蹈\的\单人\、\双人\、\三人\和\集体舞\的\表现形式\。\在\何种\场合\跳\哪些\舞蹈\套路\并\不\固定\主要\视\当时\的\环境\条件\和\舞者\的\体力\、\情绪\而定\在\鼓头\的\示意\下\进行\变化\每个\套路\间\都\有\攒\鼓\作为\连接\和\过渡\。\这些\套路\都\是\可以\单独\表演\的\舞蹈\节目\。\四筒鼓舞\在\昭通\流传\广泛\表现\内容\丰富多彩\表演\形式\完整\舞蹈风格\鲜明\是\具有\艺术性\和\观赏性\的\云南\汉族\舞种\。\目前\昭阳区\大约\有\鼓队\多\拨\能\舞者\上\至\七八十岁\老者\下及\七八岁\孩童\是\当地\民俗\活动\中\极富\汉\文化\特色\的\艺术形式\。\由于\昭通\地区\土葬\习俗\发生\变革\丧事\请\跳\四筒\鼓者\渐少\农村\青年\进城\打工\少有\学习者\四筒鼓舞\正在\消亡\中应\采取措施\予以\保护\。,
傣族白象舞、马鹿舞,第一批,传统舞蹈,云南省,白象舞、马鹿舞是临沧市耿马傣族佤族自治县、思茅市孟连傣族拉祜族佤族自治县傣族民间用于喜庆祈福场合的道具舞。每逢泼水节等民间节庆活动人们都要扎白象、马鹿跳舞以祈求上苍保佑风调雨顺。白象舞道具造型分白牙白象和红牙白象两类舞蹈意义相同。马鹿舞傣语原名戛朵戛意为玩、耍朵相传是一种形似马鹿的长体、长角的神秘野兽恩朵即模仿这种野兽跳的舞。由于恩朵与马鹿舞形象、跳法近似久而久之民间渐将两者合二为一统称为马鹿舞。舞蹈起于古代先民居于山林常与大象、马鹿交往对其产生好感而跳舞模仿相传大象是佛的使者朵是去朝佛时被佛发现的它们后来都成了拜佛舞蹈的内容。白象、马鹿道具用竹木扎制衬架上糊纸布并饰以须穗绒毛、亮珠适当加以彩绘使眼、鼻、嘴、牙、尾等能随意摆动。二人将上身钻入其内一前一后挎架着道具操纵进行表演。马鹿舞一般是两只马鹿配合在一起表演脚上基本动作为走步、点步、跳步、碎步跑、起伏步。白象舞的舞蹈动作按舞蹈分类法可分为原地后踢步、踏步转身、前进或后退踏步、双吸腿跳、双脚跳步转圈、前腾跃步、抖身踏步种舞蹈动作。两种舞蹈通常同场演出在象脚鼓、铓、钹等打击乐伴奏下相配共舞动作有的仿生有的夸张忽而跳跃忽而翻滚动头摇尾晃身姿态优美又生动有趣富有艺术魅力能营造出热烈欢腾的喜庆气氛。两种舞蹈均由男子表演在民间有广泛的群众基础。在大型活动中马鹿数量不限少则两只多则十几只。白象舞和马鹿舞是傣族特有的舞蹈历史悠久传承情况良好。目前临沧傣族白象舞在勐永镇仅杨永富能制作道具能完整进行表演者也大多为老年人年轻一辈中缺乏掌握白象舞表演技巧和道具制作的人。马鹿舞在孟连傣族村寨流行盛广勐马镇和娜允镇的多个村寨都有多人会跳马鹿舞勐阿马鹿舞腿脚动作富于跳跃更具武术性而勐梭的马鹿舞动作舒缓灵活表演性较强。,省级,白象\舞\、\马鹿\舞是\临沧市\耿马傣族佤族自治县\、\思茅市\孟连傣族拉祜族佤族自治县\傣族\民间\用于\喜庆\祈福\场合\的\道具\舞\。\每逢\泼水节\等\民间\节庆\活动\人们\都\要\扎\白象\、\马鹿\跳舞\以\祈求\上苍\保佑\风调雨顺\。\白象\舞\道具\造型\分\白牙\白象\和\红牙\白象\两类\舞蹈\意义\相同\。\马鹿\舞\傣语\原名\戛朵\戛意\为\玩\、\耍朵\相传\是\一种\形似\马鹿\的\长体\、\长角\的\神秘\野兽\恩朵\即\模仿\这种\野兽\跳\的\舞\。\由于\恩朵\与\马鹿\舞\形象\、\跳法\近似\久而久之\民间\渐\将\两者\合二为一\统称\为\马鹿\舞\。\舞蹈\起于\古代\先民\居于\山林\常\与\大象\、\马鹿\交往\对\其\产生\好感\而\跳舞\模仿\相传\大象\是\佛\的\使者\朵\是\去\朝\佛时\被\佛\发现\的\它们\后来\都\成\了\拜佛\舞蹈\的\内容\。\白象\、\马鹿\道具\用\竹木\扎制\衬\架上\糊纸\布并饰\以须\穗\绒毛\、\亮珠\适当\加以\彩绘\使眼\、\鼻\、\嘴\、\牙\、\尾\等\能\随意\摆动\。\二人\将\上身\钻入\其内\一前一后\挎\架\着\道具\操纵\进行\表演\。\马鹿\舞\一般\是\两只\马鹿\配合\在\一起\表演\脚\上\基本\动作\为\走步\、\点步\、\跳步\、\碎步\跑\、\起伏\步\。\白象\舞\的\舞蹈动作\按\舞蹈\分类法\可\分为\原地\后\踢\步\、\踏步\转身\、\前进\或\后退\踏步\、\双吸\腿\跳\、\双脚\跳步\转圈\、\前\腾跃\步\、\抖身\踏步\种\舞蹈动作\。\两种\舞蹈\通常\同场\演出\在\象脚鼓\、\铓\、\钹\等\打击乐\伴奏\下\相配\共舞\动作\有\的\仿生\有\的\夸张\忽而\跳跃\忽而\翻滚\动头\摇尾\晃身\姿态\优美\又\生动有趣\富有\艺术\魅力\能\营造\出\热烈\欢腾\的\喜庆\气氛\。\两种\舞蹈\均\由\男子\表演\在\民间\有\广泛\的\群众\基础\。\在\大型活动\中\马鹿\数量\不限少\则\两只\多则\十几只\。\白象\舞\和\马鹿\舞是\傣族\特有\的\舞蹈\历史悠久\传承\情况\良好\。\目前\临沧\傣族\白象\舞\在\勐\永镇\仅\杨永富\能\制作\道具\能\完整\进行\表演者\也\大多\为\老年人\年轻\一辈\中\缺乏\掌握\白象\舞\表演\技巧\和\道具\制作\的\人\。\马鹿\舞在\孟连\傣族\村寨\流行\盛广勐\马镇\和\娜\允镇\的\多个\村寨\都\有\多\人会\跳\马鹿\舞勐\阿\马鹿\舞\腿脚\动作\富于\跳跃\更具\武术\性\而\勐\梭\的\马鹿\舞\动作\舒缓\灵活\表演性\较强\。,傣族
佤族甩发舞,第一批,传统舞蹈,云南省,甩发舞佤语叫稿西尾嘿是流传于临沧市沧源佤族自治县勐董镇永和社区永茸寨、班老乡纳勐村的佤族布绕支系民间女子舞蹈。相传甩发舞是多年前一个叫叶带的佤族姑娘首创的。传说叶带与佤族小伙子岩奇相爱一天他们相约到山箐里找竹笋竹林里蜘蛛网很多密密麻麻粘满了叶带的长发回到寨里用了三天三夜时间想了很多办法也未能将蛛网清除掉。后来聪明的岩奇做了一把竹木梳送给叶带让她在月下梳头再到水槽下冲洗甩干头发终于把蜘蛛网全部除尽。叶带根据自己的体验约着姑娘们编出了边唱边跳的甩发舞一代一代流传下来纪念这件有意义的事。舞者自歌自舞无乐器伴奏。服饰以黑、红色为主色调简洁大方配以银头箍、各色珠链、大圈耳环、银手镯等。舞蹈人数不限二三人至数十人均可携手成排或成圆圈起舞。动作以上步、退步、左右移步配合上身前后俯仰、左右躬曲顺势甩动黝黑漂亮的长发为主要特征通过甩发展现佤族女子喜爱蓄留长发并时常在竹楼阳台洗发、甩发、梳发的场景和爱干净、爱美的习惯通过甩发展现佤族姑娘美丽善良、勤劳豪放的品格。舞中甩发要求甩得像火焰升腾似瀑布飞溅充满阿佤人特有的活力。整个舞蹈节奏强烈动作优美潇洒展现了佤族姑娘热情奔放、粗犷纯朴的性格。近数十年来甩发舞除单独唱跳外还被文艺工作者用来与木鼓舞、象脚鼓舞、铓锣舞等编创在一起跳在国内外跳出了名并多次获奖使甩发也成了佤族舞蹈的标志性动作之一。甩发舞易学易唱主要以口传身授的方式传承永茸寨的主要传承人肖叶弄已有岁多年来传授了大批传人。目前永和村委会有支活跃在当地的农村文艺演出队全县个农村文艺演出队已把甩发舞作为主要表演节目。,省级,甩发舞\佤语\叫稿\西尾嘿\是\流传\于\临沧市\沧源佤族自治县\勐\董镇\永和\社区\永茸寨\、\班\老乡\纳勐村\的\佤族\布绕\支系\民间\女子\舞蹈\。\相传\甩发舞\是\多年\前\一个\叫\叶带\的\佤族\姑娘\首创\的\。\传说\叶带\与\佤族\小伙子\岩奇\相爱\一天\他们\相约\到\山\箐\里\找\竹笋\竹林\里\蜘蛛网\很多\密密麻麻\粘满\了\叶带\的\长发\回到\寨里\用\了\三天三夜\时间\想\了\很多\办法\也\未能\将\蛛网\清除\掉\。\后来\聪明\的\岩奇\做\了\一把\竹\木梳\送给\叶带\让\她\在\月\下\梳头\再\到\水槽\下\冲洗\甩干\头发\终于\把\蜘蛛网\全部\除尽\。\叶带\根据\自己\的\体验\约\着\姑娘\们\编出\了\边唱边\跳\的\甩发舞\一代\一代\流传\下来\纪念\这件\有\意义\的\事\。\舞者\自歌\自舞\无\乐器\伴奏\。\服饰\以\黑\、\红色\为主\色调\简洁\大方\配以\银\头箍\、\各色\珠链\、\大\圈\耳环\、\银手镯\等\。\舞蹈\人数\不\限\二三\人至\数十\人均\可\携手\成排\或成\圆圈\起舞\。\动作\以上\步\、\退步\、\左右\移步\配合\上身\前后\俯仰\、\左右\躬曲\顺势\甩动\黝黑\漂亮\的\长发\为\主要\特征\通过\甩\发展\现\佤族\女子\喜爱\蓄留\长发\并\时常\在\竹楼\阳台\洗发\、\甩发\、\梳发\的\场景\和\爱\干净\、\爱美\的\习惯\通过\甩\发展\现\佤族\姑娘\美丽\善良\、\勤劳\豪放\的\品格\。\舞中\甩发\要求\甩\得\像\火焰\升腾\似\瀑布\飞溅\充满\阿佤\人\特有\的\活力\。\整个\舞蹈节奏\强烈\动作\优美\潇洒\展现\了\佤族\姑娘\热情奔放\、\粗犷\纯朴\的\性格\。\近\数十年\来\甩发舞\除\单独\唱\跳\外\还\被\文艺工作者\用来\与\木鼓舞\、\象脚鼓舞\、\铓锣\舞\等\编创\在\一起\跳\在\国内外\跳出\了\名\并\多次\获奖\使\甩发\也\成\了\佤族舞蹈\的\标志性\动作\之一\。\甩发舞\易学\易唱\主要\以\口传\身授\的\方式\传承\永茸寨\的\主要\传承\人肖叶\弄\已有\岁\多年\来\传授\了\大批\传人\。\目前\永和\村委会\有支\活跃\在\当地\的\农村\文艺\演出队\全县\个\农村\文艺\演出队\已\把\甩发舞\作为\主要\表演\节目\。,佤族
景颇族刀舞,第一批,传统舞蹈,云南省,刀舞是从景颇族远古时代流传下来由格斗刀术演变而成历史悠久但其渊源已无从考证。主要流传于德宏傣族景颇族自治州陇川县景颇族聚居区。景颇族刀舞景颇语称闪欠戈是景颇族民间舞蹈中具有代表性的舞种之一是刚劲有力的男性舞蹈不受时间、地点、舞者人数限制在节日庆典和庆丰收、婚嫁、进新房等喜庆日子特别盛行也可用于强身健体。表演形式分单刀、双刀两种。表演时多采用蹲式、跳跃式及快速灵活移动脚步挥刀有臂、砍、斩、扫、撩等双手舞刀更是如轮转动刀光密集左右无缝进退自如。表演者在双面鼓、象脚鼓、铓、锣、竹笛的伴奏下踩着欢快的文蚌桑荜乐的旋律执刀起舞。表演套路主要有三步、五步、七步、九步、十三步等。景颇族刀舞目前在各地开展比较广泛多数都是村民自己组织。其传承方式主要是学艺者自己拜师现在也有部分景颇村寨组织村中的青年男子让技艺精湛的师傅传授初学时一般用木刀、竹刀等熟练后方可用真刀。现在的刀舞内容不仅可体现格斗还有体现景颇族生产、生活及欢乐情绪的内容。跳刀舞的音乐也吸收了某些现代音乐元素加之舞蹈表演的艺术加工让刀舞既有浓郁的民族特色也增添了时代气息。景颇族刀舞自娱性较强是民间健身强体的方法之一。舞蹈风格刚劲有力英姿潇洒欢快别致年参加全国少数民族武术表演比赛年参加广州中华丽杰博览会年在中央电视台东方时空播出年先后到台湾、香港、上海、北京等地表演展示了景颇族刀舞别具一格的民族特色。,省级,刀舞\是从\景颇族\远古时代\流传\下来\由\格斗\刀术\演变\而成\历史悠久\但\其\渊源\已\无从\考证\。\主要\流传\于\德宏傣族景颇族自治州\陇川县\景颇族\聚居区\。\景颇族刀舞\景颇语\称闪\欠戈\是\景颇族\民间舞蹈\中\具有\代表性\的\舞种\之一\是\刚劲有力\的\男性\舞蹈\不\受\时间\、\地点\、\舞者\人数\限制\在\节日\庆典\和\庆\丰收\、\婚嫁\、\进\新房\等\喜庆\日子\特别\盛行\也\可\用于\强身健体\。\表演\形式\分\单刀\、\双刀\两种\。\表演\时多\采用\蹲式\、\跳跃式\及\快速\灵活\移动\脚步\挥刀\有臂\、\砍\、\斩\、\扫\、\撩\等\双手\舞刀\更是\如轮\转动\刀光\密集\左右\无缝\进退自如\。\表演者\在\双面\鼓\、\象脚鼓\、\铓\、\锣\、\竹笛\的\伴奏\下\踩\着\欢快\的\文蚌桑荜乐\的\旋律\执刀\起舞\。\表演\套路\主要\有\三步\、\五步\、\七步\、\九步\、\十三步\等\。\景颇族刀舞\目前\在\各地\开展\比较\广泛\多数\都\是\村民\自己\组织\。\其\传承\方式\主要\是\学艺\者\自己\拜师\现在\也\有\部分\景颇\村寨\组织\村中\的\青年\男子\让\技艺\精湛\的\师傅\传授\初学\时\一般\用木刀\、\竹刀\等\熟练\后方\可用\真刀\。\现在\的\刀\舞\内容\不仅\可\体现\格斗\还有\体现\景颇族\生产\、\生活\及\欢乐\情绪\的\内容\。\跳刀\舞\的\音乐\也\吸收\了\某些\现代\音乐\元素\加之\舞蹈\表演\的\艺术\加工\让\刀\舞\既有\浓郁\的\民族特色\也\增添\了\时代气息\。\景颇族刀舞\自娱性\较强\是\民间\健身\强体\的\方法\之一\。\舞蹈风格\刚劲有力\英姿\潇洒\欢快\别致\年\参加\全国\少数民族\武术\表演\比赛\年\参加\广州\中\华丽\杰\博览会\年\在\中央电视台\东方时空\播出\年\先后\到\台湾\、\香港\、\上海\、\北京\等\地\表演\展示\了\景颇族刀舞\别具一格\的\民族特色\。,景颇族
彝族大三弦舞,第一批,传统舞蹈,云南省,陆良县大三弦舞曲靖市陆良县小百户镇打鼓村彝族撒尼人的大三弦舞世代流传无具体起源时代可查。彝族大三弦舞主要是人们在节庆时和劳动之余跳的一种集体舞。小伙子们在天黑后挎上三弦见景生情边弹边唱在寨中邀请舞伴。人们听到传出的琴声和掌声后就会跑来公房内跳舞。若遇娶亲嫁女会通宵达旦跳舞听见笛子三弦响人人脚杆都会痒。跳大三弦舞时人数不限。男女两排对舞男的拨弦引笛女的击掌拍迎队形变化复杂以圆圈和方队为主。速度有快有慢蹬脚有韧劲收脚有弹力蹬脚快收脚慢干净稳健一进一退起落有致节拍鲜明节奏感强。舞者随着音乐快慢和哨音的长短可变化不同的舞步。主要套路有弹跳步、跑跳步、转自跳、十字档、弹脚转身跳、摆臂转圈等。舞蹈的主要特点是沉、稳、颤、顿、朴实、矫健、豪放。彝族大三弦舞在当地流传广不拘形式不限时间不分民族深受当地人民的喜爱。该舞民族特点浓郁有一定的艺术性观赏性适合广场大型文娱活动也适合舞台演出。目前打鼓村的男女老少大都会吹竹笛和弹月琴、大三弦、四弦琴敲羊皮鼓等乐器都会跳大三弦舞。主要传承方式是父母的口传身授和村中众多的歌舞活动。全村户人拥有支文艺宣传队共个青年队员长期在本村内外活动多次受邀参加省、市、县举办的文艺活动并荣获各种奖项。石林县大三弦舞大三弦舞的历史流源无文字记载从流传地区和舞蹈形式来看大三弦舞是彝族撒尼人、阿细人相互交流的产物。石林彝族自治县与弥勒县山水相连石林的撒尼人和弥勒的阿细人就像亲兄弟在长期共同劳动、生活过程中相互学习彼此的文化和歌舞艺术形成了一个独特的舞蹈体系并发展至今。石林彝族撒尼大三弦舞是表现生产、生活及欢乐情绪的自娱自乐性集体舞蹈。节奏为拍男子身背大三弦跟随笛子的伴奏自弹舞动女子在大三弦的伴奏下徒手舞蹈或拍掌起舞。男女面对面可列成排可围成圈少则几人多则成百上千人。大三弦舞节奏明快粗犷豪放铿锵有力现在也成为舞台表演节目。大三弦舞在石林县圭山乡、维则乡、亩竹箐乡、北大村乡等彝族撒尼人村寨十分流行具有广泛的群众基础有一定的艺术性和观赏性具有突出的民族风格和地方特点影响较大。,省级,陆良县\大三弦\舞\曲靖市\陆良县\小\百户\镇\打鼓\村\彝族\撒尼\人\的\大三弦\舞\世代\流传\无\具体\起源\时代\可\查\。\彝族大三弦舞\主要\是\人们\在\节庆\时\和\劳动\之余\跳\的\一种\集体舞\。\小伙子\们\在\天黑\后\挎\上\三弦\见景生情\边弹\边\唱\在\寨\中\邀请\舞伴\。\人们\听到\传出\的\琴声\和\掌声\后\就\会\跑\来\公房\内\跳舞\。\若遇\娶亲\嫁女\会\通宵达旦\跳舞\听见\笛子\三弦\响\人人\脚杆\都\会\痒\。\跳\大三弦\舞时\人数\不\限\。\男女\两排\对\舞男\的\拨弦\引笛\女\的\击掌\拍迎\队形\变化\复杂\以\圆圈\和\方队\为主\。\速度\有快有慢\蹬脚\有\韧劲\收脚\有\弹力\蹬脚\快\收脚\慢\干净\稳健\一进\一退\起落\有\致\节拍\鲜明\节奏感\强\。\舞者\随着\音乐\快慢\和\哨音\的\长短\可\变化\不同\的\舞步\。\主要\套路\有\弹跳\步\、\跑\跳步\、\转自\跳\、\十字\档\、\弹脚\转身\跳\、\摆臂\转圈\等\。\舞蹈\的\主要\特点\是\沉\、\稳\、\颤\、\顿\、\朴实\、\矫健\、\豪放\。\彝族大三弦舞\在\当地\流传\广\不拘形式\不\限\时间\不\分\民族\深受\当地\人民\的\喜爱\。\该舞\民族特点\浓郁\有\一定\的\艺术性\观赏性\适合\广场\大型\文娱活动\也\适合\舞台\演出\。\目前\打鼓\村\的\男女老少\大都会\吹\竹笛\和\弹\月琴\、\大三弦\、\四\弦琴\敲\羊皮鼓\等\乐器\都\会\跳\大三弦\舞\。\主要\传承\方式\是\父母\的\口传\身授\和\村\中\众多\的\歌舞\活动\。\全村\户人\拥有\支\文艺\宣传队\共个\青年\队员\长期\在\本村\内外\活动\多次\受邀\参加\省\、\市\、\县\举办\的\文艺活动\并\荣获\各种\奖项\。\石林\县\大三弦\舞\大三弦\舞\的\历史\流源\无\文字\记载\从\流传\地区\和\舞蹈形式\来看\大三弦\舞是\彝族\撒尼\人\、\阿细人\相互\交流\的\产物\。\石林彝族自治县\与\弥勒县\山水相连\石林\的\撒尼\人\和\弥勒\的\阿细人\就\像\亲兄弟\在\长期\共同\劳动\、\生活\过程\中\相互\学习\彼此\的\文化\和\歌舞\艺术\形成\了\一个\独特\的\舞蹈\体系\并\发展\至今\。\石林\彝族\撒尼\大三弦\舞是\表现\生产\、\生活\及\欢乐\情绪\的\自娱自乐\性\集体\舞蹈\。\节奏\为\拍\男子\身背\大三弦\跟随\笛子\的\伴奏\自弹\舞动\女子\在\大三弦\的\伴奏\下\徒手\舞蹈\或\拍掌\起舞\。\男女\面对面\可列\成排\可\围成\圈少\则\几人\多则\成百上千\人\。\大三弦\舞\节奏\明快\粗犷\豪放\铿锵有力\现在\也\成为\舞台\表演\节目\。\大三弦\舞\在\石林\县圭\山乡\、\维则\乡\、\亩\竹\箐\乡\、\北大\村乡\等\彝族\撒尼\人\村寨\十分\流行\具有\广泛\的\群众\基础\有\一定\的\艺术性\和\观赏性\具有\突出\的\民族风格\和\地方\特点\影响\较大\。,彝族
傣族象脚鼓舞,第一批,传统舞蹈,云南省,德宏傣族景颇族自治州傣族象脚鼓舞流行于德宏州盈江县、瑞丽市等傣族聚居村寨。象脚鼓的历史悠久有关鼓和舞蹈的民间传说甚多属于祭祀性兼欢庆性的舞蹈。作为当地傣族的一种传统文化形式象脚鼓舞表现了傣族人民勤劳善良和对美好生活的追求以及热情坚毅的性格特点。舞蹈由男性表演。一人敲象脚鼓一人打钹。两人相互配合同时出脚、收脚有时面对面有时背对背边敲边舞有一定的规律性和成型的套舞蹈动作具有较强的艺术感染力。瑞丽的长象脚鼓较有特色傣语称乃光绕鼓长米由一人表演以排铓、镲伴奏。舞者左肩挎鼓用双手交替击鼓有指、掌、拳、肘、脚跟、膝等多种打法鼓点节奏富于变化。舞蹈基本围绕击鼓动作展开有较大随意性。象脚鼓舞在德宏州盈江县和瑞丽市有广泛的群众基础影响较广是群众参与最多的民族民间文艺形式。现在当地跳象脚鼓舞不仅是民间娱乐更通过舞蹈与外界沟通情感、了解信息、增进友谊有着向外宣传傣族民族民间文化和弘扬本地优秀传统文化的积极作用。随着社会的发展舞蹈已成为逢年过节、民族节庆如泼水节等活动的主要内容。象脚鼓舞这样的民间艺术形式的表演充分展示了节日的气氛和傣族人民的思想感情是源于生活、反映生活的艺术再现。,省级,德宏傣族景颇族自治州\傣族象脚鼓舞\流行\于\德宏州\盈江县\、\瑞丽市\等\傣族\聚居\村寨\。\象脚鼓\的\历史悠久\有关\鼓\和\舞蹈\的\民间传说\甚\多\属于\祭祀\性\兼\欢庆\性\的\舞蹈\。\作为\当地\傣族\的\一种\传统文化\形式\象脚鼓舞\表现\了\傣族\人民\勤劳\善良\和\对\美好生活\的\追求\以及\热情\坚毅\的\性格特点\。\舞蹈\由\男性\表演\。\一人\敲\象脚鼓\一人\打\钹\。\两人\相互配合\同时\出脚\、\收脚\有时\面对面\有时\背对背\边\敲\边舞\有\一定\的\规律性\和\成型\的\套\舞蹈动作\具有\较强\的\艺术\感染力\。\瑞丽\的\长\象脚鼓\较\有\特色\傣语\称乃光\绕\鼓长\米\由\一人\表演\以排\铓\、\镲\伴奏\。\舞者\左肩\挎\鼓用\双手\交替\击鼓\有\指\、\掌\、\拳\、\肘\、\脚跟\、\膝\等\多种\打法\鼓点\节奏\富于\变化\。\舞蹈\基本\围绕\击鼓\动作\展开\有\较大\随意性\。\象脚鼓舞\在\德宏州\盈江县\和\瑞丽市\有\广泛\的\群众\基础\影响\较广\是\群众\参与\最多\的\民族\民间文艺\形式\。\现在\当地\跳\象脚鼓舞\不仅\是\民间\娱乐\更\通过\舞蹈\与\外界\沟通\情感\、\了解\信息\、\增进友谊\有着\向外\宣传\傣族\民族民间\文化\和\弘扬\本地\优秀\传统文化\的\积极\作用\。\随着\社会\的\发展\舞蹈\已\成为\逢年过节\、\民族\节庆\如\泼水节\等\活动\的\主要\内容\。\象脚鼓舞\这样\的\民间艺术\形式\的\表演\充分\展示\了\节日\的\气氛\和\傣族\人民\的\思想感情\是\源于\生活\、\反映\生活\的\艺术\再现\。,傣族
哈尼族棕扇舞,第一批,传统舞蹈,云南省,哈尼族棕扇舞是玉溪市元江哈尼族彝族傣族自治县具有特色和代表性的传统民间舞蹈之一流行于元江羊街乡那诺街哈尼族聚居地。舞蹈的起源与古老的狩猎采集生活和祭祀活动有关从模仿狩猎中的禽兽飞跃奔跑和表现猎人凯旋归来的心情到表现手拿棕扇驱鬼祭神的场景都有体现。棕扇舞最初主要用于祭祀活动舞姿不求统一但每个动作均有象征性男性模拟动物或鸟类女性手持棕扇模拟白鹇鸟动作各自起舞表示对死者的尊敬和怀念既庄重肃穆又感情真挚。随着社会发展棕扇舞逐渐淡化祭祀成分发展为今天既可用于祭祀仪式更是自娱活动的舞蹈不仅在祭祀、丧葬时歌舞逢年过节、农事休闲时亦歌亦舞。棕扇舞以铓、鼓、钹和唢呐等为伴奏乐器道具由内装谷子、包谷、荞子、银链、铜币的一对竹筒及若干松枝组成摆放在竹篾席上。棕扇为女子专用道具。舞蹈有一定技巧性动作古朴、厚重、风趣多用脚步颤动起伏开跨及大小手臂的甩转部分舞姿与岩画舞图相似。有老熊洗脸、猴子作揖、猴子抱瓜、老鹰叼小鸡、老熊穿裤、猴子搂腰、公鸡斗架、猴子掰包谷、老鹰拍翅膀、老熊走路等多套动作形态逼真、舞姿优美民族特征鲜明有浓郁的地方风味。主要传承方式为师传由师傅向徒弟传授舞蹈的主要动作和基本技法。作为哈尼族舞蹈代表作之一棕扇舞多次在国内获奖曾赴瑞典、意大利等国家演出。,省级,哈尼族棕扇舞\是\玉溪市\元江哈尼族彝族傣族自治县\具有\特色\和\代表性\的\传统\民间舞蹈\之一\流行\于元江\羊街\乡\那诺街\哈尼族\聚居地\。\舞蹈\的\起源\与\古老\的\狩猎\采集\生活\和\祭祀\活动\有关\从\模仿\狩猎\中\的\禽兽\飞跃\奔跑\和\表现\猎人\凯旋归来\的\心情\到\表现\手\拿\棕扇\驱鬼\祭神\的\场景\都\有\体现\。\棕扇舞\最初\主要\用于\祭祀\活动\舞姿\不\求\统一\但\每个\动作\均\有\象征性\男性\模拟\动物\或\鸟类\女性\手持\棕扇\模拟\白鹇\鸟\动作\各自\起舞\表示\对\死者\的\尊敬\和\怀念\既\庄重\肃穆\又\感情\真挚\。\随着\社会发展\棕扇舞\逐渐\淡化\祭祀\成分\发展\为\今天\既\可\用于\祭祀\仪式\更是\自娱\活动\的\舞蹈\不仅\在\祭祀\、\丧葬\时\歌舞\逢年过节\、\农事\休闲\时亦歌\亦\舞\。\棕扇舞\以\铓\、\鼓\、\钹\和\唢呐\等\为\伴奏\乐器\道具\由\内装\谷子\、\包谷\、\荞子\、\银链\、\铜币\的\一对\竹筒\及\若干\松枝\组成\摆放在\竹篾\席上\。\棕扇\为\女子\专用\道具\。\舞蹈\有\一定\技巧性\动作\古朴\、\厚重\、\风趣\多用\脚步\颤动\起伏\开跨\及\大小\手臂\的\甩\转\部分\舞姿\与\岩画\舞图\相似\。\有\老熊\洗脸\、\猴子\作揖\、\猴子\抱瓜\、\老鹰\叼\小鸡\、\老熊\穿\裤\、\猴子\搂\腰\、\公鸡\斗架\、\猴子\掰\包谷\、\老鹰\拍\翅膀\、\老熊\走路\等\多套\动作\形态\逼真\、\舞姿\优美\民族\特征\鲜明\有\浓郁\的\地方风味\。\主要\传承\方式\为\师传\由\师傅\向\徒弟\传授\舞蹈\的\主要\动作\和\基本\技法\。\作为\哈尼族舞蹈\代表作\之一\棕扇舞\多次\在\国内\获奖\曾\赴\瑞典\、\意大利\等\国家\演出\。,哈尼族
彝族花鼓舞,第一批,传统舞蹈,云南省,峨山彝族花鼓舞彝语称者波必流传于玉溪市峨山彝族自治县的彝族村寨。在双江镇、小街镇、甸中镇、化念镇、塔甸镇、大龙潭乡、富良棚乡、岔河乡均有大量的彝族花鼓舞分布并有经常性活动。花鼓舞于清末年传入峨山民国时期在全县普及。流传至今的花鼓舞作为彝族人民创造的传统文化表现形式之一已成为彝家人怡情、励志的不可或缺的精神食粮。峨山彝族花鼓舞原用于丧葬、祭祀后广泛用于婚丧、奠基、新房落成、接神送祖等民俗活动现已成为仪仗及广场表演的主要内容。花鼓舞为人合跳由龙头执箐鸡尾领舞其余个舞者左腰系花鼓右手执槌击跳以颠跳为基本步伐有蹬、拐、转、垫、跺、腾跳等变化。花鼓舞分快、慢两种节奏慢板称板鼓击打有力刚毅沉着快板称紧鼓活跃奔放。除台阶舞、点脚步、小兔舞、进三退三等套路为慢鼓外其余皆为紧鼓。峨山花鼓舞是彝汉歌舞文化的结合体起舞时原唱汉语花灯调现在有些地方则唱彝语或半彝半汉的跳乐调。自花鼓舞传入峨山后融入了峨山彝族跳乐中的韧脚、跺脚、颠脚步、引步等动作有四合心、蛇蜕皮等个套路模仿动物、反映生产劳动或以自然界中的事象命名。这些套路多为连贯或穿插组合表演有时一段舞中有多个套路相组合也可单独表演形式灵活多样具有似彝似汉的艺术风格艺术价值和观赏价值较高。花鼓舞需经师傅传授动作套路和表演程序必须专门学习才能掌握技艺有村寨相互传承、本村传承、家庭传承和少数自学方式群众基础良好。据年月调查峨山县共有花鼓队支鼓手名能跳花鼓舞者上万人。花鼓舞演出终年不断各社、乡、村经常组织赛事或联谊演出在彝族火把节等节庆活动中更成为一项重头戏多次参加国家、省、市演出并获奖是该县人民喜爱的县舞。,省级,峨山\彝族花鼓舞\彝语\称者\波必\流传\于\玉溪市\峨山彝族自治县\的\彝族\村寨\。\在\双江\镇\、\小街\镇\、\甸\中镇\、\化念镇\、\塔甸镇\、\大龙潭\乡\、\富良棚\乡\、\岔河\乡\均\有\大量\的\彝族花鼓舞\分布\并\有\经常性\活动\。\花鼓舞\于\清末\年\传入\峨山\民国时期\在\全县\普及\。\流传\至今\的\花鼓舞\作为\彝族\人民\创造\的\传统文化\表现形式\之一\已\成为\彝\家人\怡情\、\励志\的\不可或缺\的\精神食粮\。\峨山\彝族花鼓舞\原\用于\丧葬\、\祭祀\后\广泛\用于\婚丧\、\奠基\、\新房\落成\、\接神\送祖\等\民俗\活动\现已\成为\仪仗\及\广场\表演\的\主要\内容\。\花鼓舞\为\人合\跳\由\龙头\执箐\鸡尾\领舞\其余\个\舞者\左腰系\花鼓\右手\执槌\击\跳\以\颠\跳\为\基本\步伐\有\蹬\、\拐\、\转\、\垫\、\跺\、\腾\跳\等\变化\。\花鼓舞\分快\、\慢\两种\节奏\慢板\称\板鼓\击打\有力\刚毅\沉着\快板\称紧\鼓\活跃\奔放\。\除\台阶\舞\、\点\脚步\、\小兔\舞\、\进三退\三等\套路\为慢\鼓外\其余\皆\为\紧鼓\。\峨山\花鼓舞\是\彝汉\歌舞\文化\的\结合体\起舞\时\原唱\汉语\花灯\调\现在\有些\地方\则\唱\彝语\或\半彝半汉\的\跳\乐调\。\自\花鼓舞\传入\峨山\后\融入\了\峨山\彝族\跳乐\中\的\韧脚\、\跺脚\、\颠\脚步\、\引步\等\动作\有\四合\心\、\蛇\蜕皮\等\个\套路\模仿\动物\、\反映\生产\劳动\或\以\自然界\中\的\事象\命名\。\这些\套路\多为\连贯\或\穿插\组合\表演\有时\一段\舞中\有\多个\套路\相\组合\也\可\单独\表演\形式\灵活多样\具有\似彝似\汉\的\艺术风格\艺术\价值\和\观赏价值\较\高\。\花鼓舞\需经\师傅\传授\动作\套路\和\表演\程序\必须\专门\学习\才能\掌握\技艺\有\村寨\相互\传承\、\本村\传承\、\家庭\传承\和\少数\自学\方式\群众\基础\良好\。\据\年\月\调查\峨山\县\共有\花鼓\队支\鼓手\名能\跳\花鼓舞\者\上万\人\。\花鼓舞\演出\终年\不断\各社\、\乡\、\村\经常\组织\赛事\或\联谊\演出\在\彝族\火把节\等\节庆\活动\中\更\成为\一项\重头戏\多次\参加\国家\、\省\、\市\演出\并\获奖\是\该县\人民\喜爱\的\县舞\。,彝族
怒族达比亚舞,第一批,传统舞蹈,云南省,达比亚舞是怒族具有代表性的舞种之一流传于怒江傈僳族自治州福贡等县怒族村寨。达比亚是怒族的传统弹拨乐器外形似琵琶、三弦。达比亚舞即是以达比亚乐器名称命名的舞蹈。达比亚舞以舞者边弹边舞为特征有近百个套路表现题材十分广泛。有反映怒族祖先不断迁徙的第一、二、三次找土地舞有反映母系社会结婚时新娘和舅舅跳的手舞男人生孩子的生育舞有保卫家园的古战争有表现怒族创世祖先乍付赛和乍付玛两人的爱情感动天神的双人达比亚舞有反映爱情的找情人舞、情人相约逃婚舞有反映生产生活的找野菜舞、割小米舞、狩猎舞、母鸡下蛋舞还有以歌唱为特色的哦得得舞等均是以舞蹈动作和琴声结合来表现的。达比亚舞从多侧面反映怒族人民的历史文化生活有重要的研究价值。达比亚舞既要弹弦又要跳舞技术难度较大。现能跳的人已很少许多会跳的老人因信仰原因不再唱小调和跳民族舞因此达比亚舞呈现逐渐消失的趋势。,省级,达比亚\舞是\怒族\具有\代表性\的\舞种\之一\流传\于\怒江傈僳族自治州\福贡\等\县\怒族\村寨\。\达比亚\是\怒族\的\传统\弹拨乐器\外\形似\琵琶\、\三弦\。\达比亚\舞即\是\以\达比亚\乐器\名称\命名\的\舞蹈\。\达比亚\舞以\舞者\边弹\边舞\为\特征\有近\百个\套路\表现\题材\十分\广泛\。\有\反映\怒族\祖先\不断\迁徙\的\第一\、\二\、\三次\找\土地\舞有\反映\母系社会\结婚\时\新娘\和\舅舅\跳\的\手\舞男\人生\孩子\的\生育\舞有\保卫\家园\的\古\战争\有\表现\怒族\创世\祖先\乍\付赛\和\乍\付玛\两人\的\爱情\感动\天神\的\双人\达比亚\舞有\反映\爱情\的\找\情人\舞\、\情人\相约\逃婚\舞有\反映\生产\生活\的\找\野菜\舞\、\割\小米\舞\、\狩猎\舞\、\母鸡\下蛋\舞\还有\以\歌唱\为\特色\的\哦\得\得\舞\等\均\是\以\舞蹈动作\和\琴声\结合\来\表现\的\。\达比亚\舞\从\多\侧面\反映\怒族\人民\的\历史\文化\生活\有\重要\的\研究\价值\。\达比亚\舞\既\要\弹\弦\又\要\跳舞\技术难度\较大\。\现能\跳\的\人\已\很少\许多\会\跳\的\老人\因\信仰\原因\不再\唱\小调\和\跳\民族舞\因此\达比亚\舞\呈现\逐渐\消失\的\趋势\。,怒族
傈僳族刮克舞,第一批,传统舞蹈,云南省,傈僳族舞蹈刮克又称打转舞可意译为欢乐跳。分支较多流传于怒江大峡谷福贡县、泸水县的傈僳族村寨是傈僳族传统的娱乐性集体舞蹈。泸水县的刮克舞多以生产舞为基调表现形式与福贡县刮克舞大同小异。刮克可分其本刮克和无伴奏踢踏刮克两种。其本刮克是以类似琵琶的乐器其奔为伴奏的舞蹈无伴奏踢踏刮克是以跺、擦舞步踏地为节的舞蹈。刮克舞约有多个套路有一步跺、扭摆跳、撒荞舞、赶熊舞、围猎舞、刀舞、盔甲舞、砍火山舞、种谷舞、栽秧舞、破板子舞、背水舞、吸烟舞、摇篮舞、野鸡找食舞、豹子甩尾舞、麦叶长舞、射箭舞等内容十分丰富生产生活、自然生物无所不包。其中《米依刮走》意为跳劳动生产舞再现了傈僳族刀耕火种的劳动生活全过程找土地、砍火山、挖地、种谷、薅草、扳包谷、背包谷、丰收等一系列过程都以舞蹈形式进行艺术表现。《猴子豁拳舞》傈僳族语称箭米要吾是表现山地庄稼成熟后猴子偷包谷的情景由猴子豁拳定输赢、拍手、扳包谷、梳头、找虱子、洗脸、喜翻身等多种舞蹈动作组成。《破板子舞》傈僳语称塞角扒果皮哦意为有力气的人破板子也是一套完整的舞蹈表现选树、伐木、剖圆木、劈砍成块的全过程。这些套路比较完整可作为一个独立的节目进行表演。刮克舞的起源年代不详民间传说是在播种季节为赶跑、踩死耗子精而跳的。地点多在广场和屋内火塘边。刮克由一人或数人站在中间众人围圈而舞无伴奏刮克是以踏地为节男女老幼围成一大圈舞跳动作豪放情绪高昂跳至高潮一起欢呼哇溜玛、霞溜玛意为跳得多和谐、多欢畅表现出傈僳人的团结、豪迈的民族精神。,省级,傈僳族舞蹈\刮克\又称\打转\舞可\意译\为\欢乐\跳\。\分支\较\多\流传\于\怒江大峡谷\福贡县\、\泸水县\的\傈僳族\村寨\是\傈僳族\传统\的\娱乐性\集体\舞蹈\。\泸水县\的\刮克舞\多\以\生产\舞为\基调\表现形式\与\福贡县\刮克舞\大同小异\。\刮克\可分\其本\刮克\和\无\伴奏\踢踏\刮克\两种\。\其本\刮克\是\以\类似\琵琶\的\乐器\其奔\为\伴奏\的\舞蹈\无\伴奏\踢踏\刮克\是\以\跺\、\擦\舞步\踏地\为\节\的\舞蹈\。\刮克舞\约\有\多个\套路\有\一步\跺\、\扭摆\跳\、\撒\荞舞\、\赶熊舞\、\围猎\舞\、\刀舞\、\盔甲\舞\、\砍\火山\舞\、\种谷舞\、\栽秧\舞\、\破\板子\舞\、\背\水舞\、\吸烟\舞\、\摇篮\舞\、\野鸡\找\食舞\、\豹子\甩尾\舞\、\麦叶长\舞\、\射箭\舞\等\内容\十分\丰富\生产\生活\、\自然\生物\无所不包\。\其中\《\米\依\刮走\》\意为\跳\劳动\生产\舞\再现\了\傈僳族\刀耕火种\的\劳动\生活\全过程\找\土地\、\砍\火山\、\挖\地\、\种谷\、\薅\草\、\扳\包谷\、\背\包谷\、\丰收\等\一系列\过程\都\以\舞蹈形式\进行\艺术\表现\。\《\猴子\豁拳\舞\》\傈僳族\语称\箭\米\要\吾\是\表现\山地\庄稼\成熟\后\猴子\偷\包谷\的\情景\由\猴子\豁拳\定\输赢\、\拍手\、\扳\包谷\、\梳头\、\找\虱子\、\洗脸\、\喜\翻身\等\多种\舞蹈动作\组成\。\《\破\板子\舞\》\傈僳语\称塞角\扒\果皮\哦\意为\有\力气\的\人\破\板子\也\是\一套\完整\的\舞蹈\表现\选树\、\伐木\、\剖\圆木\、\劈\砍成\块\的\全过程\。\这些\套路\比较\完整\可\作为\一个\独立\的\节目\进行\表演\。\刮克舞\的\起源\年代\不详\民间传说\是\在\播种\季节\为\赶跑\、\踩\死耗子\精而\跳\的\。\地点\多\在\广场\和\屋内\火塘\边\。\刮克\由\一人\或\数人\站\在\中间\众人\围圈\而\舞\无\伴奏\刮克是\以踏地\为节\男女老幼\围成\一大\圈舞\跳\动作\豪放\情绪\高昂\跳至\高潮\一起\欢呼\哇溜玛\、\霞溜玛意\为\跳\得\多\和谐\、\多\欢畅\表现\出\傈僳\人\的\团结\、\豪迈\的\民族\精神\。,傈僳族
普米族舞蹈搓蹉,第一批,传统舞蹈,云南省,搓蹉为普米族语搓意为这种舞蹉意为跳即跳这种舞之意。舞时以四弦琴伴奏领舞者拍击羊皮起到击鼓伴奏的效果因此又称羊皮舞。此外还有四弦舞、普米锅庄之称。主要流传于怒江傈僳族自治州兰坪白族普米族自治县通甸、河西、啦井、金顶、石登等普米族聚居村寨是普米族在喜庆节日和平日欢聚时最喜爱跳的民间自娱性舞蹈。搓蹉起源历史无文字可考民间传说在一次战争中普米族先民在夜间燃起篝火通宵达旦跳搓蹉舞令敌人误以为他们人马无数最终智退敌人。传统的搓蹉舞据老艺人说原有调即套舞步的变化现保留下来的只有团聚舞、碗筷舞、相近舞、鞋底相碰舞、臂部相撞舞、结尾舞等套。搓蹉队形较丰富有单圈、双圈对跳、开门、二龙吐水、满天星等。舞时众舞者拉手围圈面对圈中篝火边舞边唱。一人弹四弦琴一人执筷子、竹板、木碗或拍羊皮对舞伴奏。变动作前先变曲调舞蹈随领舞者的曲调变换而变换。舞蹈热烈奔放风格独特。搓蹉每年都要跳几十次在兰坪县流传广泛主要以师传、家传为主普米族儿童一般从三四岁起即随大人一起跳。搓蹉舞保留了古代歌、舞、乐三位一体的特点舞蹈套名繁多队形、舞步变化丰富有张有弛。它是普米族人民最喜爱的舞蹈流传面广多用于各种自娱、喜庆健身活动不受参与人数的限制少则几十人参与多可上万人齐跳表达民族团结和欢乐的情绪有一定的艺术性。世纪年代起由文艺工作者整理改编的搓蹉开始在国内外演出多次获得省、国家级奖励。,省级,搓\蹉为\普米族\语搓\意为\这种\舞\蹉意\为\跳\即\跳\这种\舞之意\。\舞时\以\四\弦琴\伴奏\领舞\者\拍击\羊皮\起到\击鼓\伴奏\的\效果\因此\又称\羊皮舞\。\此外\还有\四弦舞\、\普米\锅庄\之称\。\主要\流传\于\怒江傈僳族自治州\兰坪白族普米族自治县\通甸\、\河西\、\啦\井\、\金顶\、\石登\等\普米族\聚居\村寨\是\普米族\在\喜庆\节日\和\平日\欢聚\时\最\喜爱\跳\的\民间\自娱性\舞蹈\。\搓\蹉\起源\历史\无\文字\可\考\民间传说\在\一次\战争\中\普米族\先民\在\夜间\燃起\篝火\通宵达旦\跳\搓\蹉舞令\敌人\误以为\他们\人马\无数\最终\智退\敌人\。\传统\的\搓\蹉舞据\老\艺人\说\原有\调即\套\舞步\的\变化\现\保留\下来\的\只有\团聚\舞\、\碗筷\舞\、\相近\舞\、\鞋底\相碰\舞\、\臂部\相撞\舞\、\结尾\舞等套\。\搓\蹉\队形\较\丰富\有\单圈\、\双圈\对\跳\、\开门\、\二龙\吐水\、\满天星\等\。\舞时众\舞者\拉手\围圈\面对\圈中\篝火\边舞\边唱\。\一人弹\四\弦琴\一人\执\筷子\、\竹板\、\木碗\或\拍\羊皮\对舞\伴奏\。\变动\作前\先变\曲调\舞蹈\随\领舞\者\的\曲调\变换\而\变换\。\舞蹈\热烈奔放\风格\独特\。\搓\蹉\每年\都\要\跳\几十次\在\兰坪县\流传\广泛\主要\以\师传\、\家传\为主\普米族\儿童\一般\从\三四岁\起即\随\大人\一起\跳\。\搓\蹉舞\保留\了\古代\歌\、\舞\、\乐\三位一体\的\特点\舞蹈\套名\繁多\队形\、\舞步\变化\丰富\有张有弛\。\它\是\普米族\人民\最\喜爱\的\舞蹈\流传\面广\多\用于\各种\自娱\、\喜庆\健身活动\不\受\参与\人数\的\限制\少则\几十人\参与\多\可\上万\人齐\跳\表达\民族团结\和\欢乐\的\情绪\有\一定\的\艺术性\。\世纪\年代\起\由\文艺工作者\整理\改编\的\搓\蹉\开始\在\国内外\演出\多次\获得\省\、\国家级\奖励\。,普米族
基诺族大鼓舞,第一批,传统舞蹈,云南省,大鼓舞基诺语为厄扯锅、司土锅司土意为大鼓锅即跳之意。流传于西双版纳傣族自治州景洪市基诺山基诺族乡大部分村寨。基诺族跳大鼓舞有两种传说一说是为了感谢基诺族创世祖先阿嫫腰白用大鼓拯救了基诺人另一说是为了制止鼓神色巴出来祸害人间。跳大鼓舞以过特懋克节时最为隆重时间是在每年月日。跳大鼓舞有一套完整的仪式。舞前寨老们要先杀一头乳猪一只鸡供于鼓前由位长老磕头拜祭并由一人念诵祭词祈祷大鼓给人们带来吉祥平安。祭毕由一人双手执鼓槌边击边舞另有击铓、击镲、伴舞、伴唱者若干唱《乌悠壳》歌歌词多讲述基诺人的历史、道德法规等内容。基诺族的大鼓不仅是一种民间乐器也是一种神物每逢特懋克节人们都要杀猪、杀鸡、宰牛来拜祭它。大鼓也是一种权利的象征过去只有寨中的长老卓巴和卓色才拥有保管权一个村最多也只有两个鼓分为公鼓和母鼓只能挂在卓巴家的神柱上。鼓的选材、制作、敲击、放置等都有一整套严格的仪式和规程。跳大鼓舞时一人击大鼓双手握鼓槌边击边跳另有击铓锣一人击镲一人旁边伴唱伴舞者若干。舞蹈动作有乌悠壳拜神灵、厄扯锅欢乐档、特美阿米过年调等。基诺族大鼓舞有一定的历史文化内涵具有艺术性和观赏性群众基础较好多数基诺族人都会跳但目前能系统掌握大鼓舞仪式全过程及全部舞蹈动作者多年事已高传承面临困难加上制作大鼓的木材资源受到限制能制作和拥有大鼓的基诺族村寨逐步减少。,省级,大\鼓舞\基诺语\为\厄\扯\锅\、\司土\锅司\土意\为\大鼓\锅\即\跳\之意\。\流传\于\西双版纳傣族自治州\景洪市\基诺\山\基诺族\乡\大部分\村寨\。\基诺族\跳大\鼓舞\有\两种\传说\一说\是\为了\感谢\基诺族\创世\祖先\阿\嫫\腰\白用\大鼓\拯救\了\基诺\人\另\一\说\是\为了\制止\鼓\神色\巴\出来\祸害\人间\。\跳大\鼓舞\以过\特懋克\节\时\最为\隆重\时间\是\在\每年\月\日\。\跳大\鼓舞\有\一套\完整\的\仪式\。\舞前\寨\老们\要\先\杀\一头\乳猪\一只\鸡供\于\鼓前\由位\长老\磕头\拜祭\并\由\一人\念诵\祭词\祈祷\大鼓\给\人们\带来\吉祥\平安\。\祭毕\由\一人\双手\执\鼓槌\边击\边舞\另有击\铓\、\击\镲\、\伴舞\、\伴唱\者\若干\唱\《\乌悠壳\》\歌\歌词\多\讲述\基诺\人\的\历史\、\道德\法规\等\内容\。\基诺族\的\大鼓\不仅\是\一种\民间\乐器\也\是\一种\神物\每逢\特懋克\节\人们\都\要\杀猪\、\杀鸡\、\宰牛\来\拜祭\它\。\大鼓\也\是\一种\权利\的\象征\过去\只有\寨\中\的\长老\卓巴\和卓\色才\拥有\保管\权\一个\村\最\多\也\只有\两个\鼓\分为\公鼓\和\母鼓\只能\挂\在\卓巴\家\的\神柱\上\。\鼓\的\选材\、\制作\、\敲击\、\放置\等\都\有\一整套\严格\的\仪式\和\规程\。\跳大\鼓舞\时\一人击\大鼓\双手\握\鼓槌\边击边\跳\另\有击\铓锣\一人击\镲\一人\旁边\伴唱\伴舞\者\若干\。\舞蹈动作\有\乌悠壳\拜\神灵\、\厄\扯\锅\欢乐\档\、\特美\阿米\过年\调等\。\基诺族大鼓舞\有\一定\的\历史\文化\内涵\具有\艺术性\和\观赏性\群众\基础\较\好\多数\基诺族\人\都\会\跳\但\目前\能\系统\掌握\大\鼓舞\仪式\全过程\及\全部\舞蹈动作\者\多\年事已高\传承\面临\困难\加上\制作\大鼓\的\木材\资源\受到限制\能\制作\和\拥有\大鼓\的\基诺族\村寨\逐步\减少\。,傣族
彝族打歌,第一批,传统舞蹈,云南省,打歌又称跳山歌、跳歌、跳笙是思茅市景东彝族自治县广为流传的自娱性民间舞蹈遍布景东县每个彝族聚居及杂居的村寨现已搜集整理套名称、跳法各异特色亦不相同。据清代嘉庆《景东直隶厅志》记载打歌在当时已流传。打歌除闪闪歌等个别有严格的时间、地点规定外每逢春节、小年农历正月十五、火把节或婚嫁、聚会都会彻夜玩跳。景东彝族大小村寨都有玩场在玩场跳山歌是青年男女交往最好时机。过去跳山歌是彝族跳现汉族等民族也参与歌词也用汉语。在民族杂居的村寨打歌成为各民族团结的纽带。跳山歌队形多为圆形领舞者歌头领头或居圆圈中央伴奏或领唱舞者不限围圈舞蹈。也有站成两排偶数相对以对歌形式伴以舞蹈。景东跳山歌习俗规定在一个歌场中一家人或不同辈份的亲属不能在一个舞圈中起舞也不能对调子。因此往往一个跳场中分几处跳儿童、青壮年分别有自己的舞圈。跳山歌舞蹈内容丰富大体分为三类一是模拟动物神态舞如鸡勘歌、老鸹歌、猴子扯磨、孔雀摇尾、马撕踢、羊撕打、苍蝇搓脚等二是表现生产、生活、欢乐等情绪的舞如三跺脚、三翻、合脚、梭啰啰啰、新房歌等三是只限在婚丧祭祀上跳的闪闪歌、三面六等舞。大部套路模拟动物和生产劳动场景带有浓厚的传统生产生活方式痕迹很多舞蹈有自己的古老称谓。景东打歌曲调优美旋律流畅节奏规整严谨。主要用葫芦笙、大小三弦、笛子、树叶、口琴等伴奏。景东跳山歌群众基础好流传广泛几乎人人都会跳是传统的民间群众文化活动形式。在无量山一带按传统节日、吉日跳在哀牢山一带则不拘时间地点想跳就跳在传统节日时规模最为盛大。,省级,打歌\又称\跳\山歌\、\跳歌\、\跳笙\是\思茅市\景东彝族自治县\广为流传\的\自娱性\民间舞蹈\遍布\景东\县\每个\彝族\聚居\及\杂居\的\村寨\现已\搜集整理\套\名称\、\跳法\各异\特色\亦\不\相同\。\据\清代\嘉庆\《\景东\直隶\厅志\》\记载\打歌\在\当时\已\流传\。\打歌\除\闪闪\歌\等\个别\有\严格\的\时间\、\地点\规定\外\每逢\春节\、\小年\农历\正月十五\、\火把节\或\婚嫁\、\聚会\都\会\彻夜\玩\跳\。\景东\彝族\大小\村寨\都\有\玩场\在\玩场\跳\山歌\是\青年\男女\交往\最好\时机\。\过去\跳\山歌\是\彝族\跳现\汉族\等\民族\也\参与\歌词\也\用\汉语\。\在\民族\杂居\的\村寨\打歌\成为\各\民族团结\的\纽带\。\跳\山歌\队形\多为\圆形\领舞\者\歌\头领\头\或\居\圆圈\中央\伴奏\或\领唱\舞者\不限围\圈\舞蹈\。\也\有\站\成\两排\偶数\相对\以\对歌\形式\伴以\舞蹈\。\景东\跳\山歌\习俗\规定\在\一个\歌场\中\一家人\或\不同\辈份\的\亲属\不能\在\一个\舞圈\中\起舞\也\不能\对\调子\。\因此\往往\一个\跳场\中\分\几处\跳\儿童\、\青壮年\分别\有\自己\的\舞圈\。\跳\山歌\舞蹈内容\丰富\大体\分为\三类\一是\模拟\动物\神态\舞如鸡\勘歌\、\老鸹\歌\、\猴子\扯\磨\、\孔雀\摇尾\、\马\撕\踢\、\羊\撕打\、\苍蝇\搓脚\等\二\是\表现\生产\、\生活\、\欢乐\等\情绪\的\舞\如\三\跺脚\、\三翻\、\合脚\、\梭\啰\啰\啰\、\新房\歌\等\三\是\只限\在\婚丧\祭祀\上\跳\的\闪闪\歌\、\三面\六等\舞\。\大部\套路\模拟\动物\和\生产\劳动\场景\带有\浓厚\的\传统\生产\生活方式\痕迹\很多\舞蹈\有\自己\的\古老\称谓\。\景东\打\歌曲\调\优美\旋律\流畅\节奏\规整\严谨\。\主要\用\葫芦\笙\、\大小\三弦\、\笛子\、\树叶\、\口琴\等\伴奏\。\景东\跳\山歌\群众\基础\好\流传\广泛\几乎\人人\都\会\跳\是\传统\的\民间\群众\文化\活动\形式\。\在\无量山\一带\按\传统节日\、\吉日\跳\在\哀牢山\一带\则\不拘\时间\地点\想\跳\就\跳\在\传统节日\时\规模\最为\盛大\。,彝族
拉祜族葫芦笙舞,第一批,传统舞蹈,云南省,葫芦笙舞是拉祜族有代表性的一个大舞种主要流传于临沧市双江拉祜族佤族布朗族傣族自治县的忙糯乡、勐勐镇、大文乡、勐库镇等拉祜村寨和思茅市澜沧拉祜族自治县木戛乡等拉祜族聚居区是以吹葫芦笙为伴奏的民间舞蹈。清道光《云南通志》载倮黑聚时亲戚令饮吹笙为乐。道光《威远厅志》之二载倮黑鲠直男女杂聚携手成圈吹笙跳舞。拉祜族葫芦笙舞有两种活动形式一种是在民族节日中仪式程序规范要求按规定跳完所有套路主要在每年农历八月十五神林及扩塔春节时在家庭内举行。以起歌为开始从正月初二晚上起跳按十二属相连跳天以大路歌结束。另一种是在婚丧、娱乐时跳的葫芦笙舞不跳传统礼仪性的套路随意性较强。拉祜族各村寨都跳葫芦笙舞春节时全寨或几寨人同跳葫芦笙舞可有上百支队伍共唱共舞场面十分壮观春节期间可连跳半月之久。澜沧县拉祜族葫芦笙舞澜沧县拉祜族葫芦笙舞拉祜语称戛克现有近百套舞蹈动作组合已收集整理套。可分为类一是祭祀礼仪舞共有套动作其中开门舞嘎祭和收尾舞嘎祭根的动作基本上是一步一跺脚模仿对创世神灵厄莎的顶礼膜拜和对佛祖帕一步一拜的姿态二是生产劳动舞共有套动作基本是摹仿劳动的动作从选地、磨刀、钐地、扒草、烧杂草、犁地、撒谷子到打谷子、背谷子等反映了拉祜族先民刀耕火种的农业生产过程动作较简单三是反映生活的舞共有套动作四是模拟动物生活习性的舞共有套五是情绪舞共有套主要表现丰收、狩猎后的狂欢或表现心中的喜悦这类舞蹈动作除开头结尾外变化无穷可即兴创造。另外还有部分表现祭祀仪式的舞蹈。葫芦笙舞现在已经成为全民性的欢庆舞蹈是拉祜族自娱自乐的表演性民间舞三大舞种之一。澜沧县葫芦笙舞风格独特具有一定的艺术性和观赏性曾获文化部、国家民委组织的全国少数民族文艺会演二等奖多次参加省内外各种演出活动已成为当地各族群众自娱自乐的健身舞种和中小学民间舞蹈课程的主要内容。双江县拉祜族葫芦笙舞双江县拉祜族葫芦笙舞也称为打歌在形式上较多地保留了传统古朴的艺术风格。一般以男子吹葫芦笙逆时针方向转圈边吹边跳妇女随男子围圈舞蹈男女老少不限人数多少不限最多可达数百人。舞蹈由领舞者歌头带领即兴变换套路。打歌套路共有套分为农业生产劳动、日常生活、娱乐、飞禽走兽、人情世故、非农业生产劳动等六类。舞者上下肢比较协调下肢动作较多。多以跺、踢、踏步、转身、跳跃、下蹲转身为主要动作特点。时而优雅时而热烈风格独特舞姿古朴诙谐风趣生活气息浓郁。打歌主要有《三脚歌》、《青蛙歌》、《箐鸡摆尾歌》、《大路歌》等内容丰富妙趣横生。打歌多以葫芦笙伴奏有时辅以箫、牛腿琴和小三弦。音乐节奏多用四分之二拍旋律简单、乐句较短。套路打歌动作较为复杂现只有少部分人能完整地表演。拉祜族打歌主要以口传身教的方式传承歌头和骨干人员均为师传。双江县各拉祜族村寨尚无专门和固定的葫芦笙舞演出队伍但以村寨为单位都能形成人的文艺骨干群体。拉祜族打歌具有广泛的群众基础深受当地群众的喜爱流传较广除节庆和婚嫁外随时都可以跳现已辐射到临沧市各县区以及周边市、县成为当地一种独特的文化现象。葫芦笙舞有一定艺术性和观赏性曾多次参加省、市举办的文艺汇演。,省级,葫芦\笙舞\是\拉祜族\有\代表性\的\一个\大舞种\主要\流传\于\临沧市\双江拉祜族佤族布朗族傣族自治县\的\忙\糯乡\、\勐勐镇\、\大文乡\、\勐库\镇\等\拉祜\村寨\和\思茅市\澜沧拉祜族自治县\木戛乡\等\拉祜族\聚居区\是\以\吹\葫芦\笙\为\伴奏\的\民间舞蹈\。\清道光\《\云南\通志\》\载\倮黑\聚时\亲戚\令饮\吹笙\为乐\。\道光\《\威远\厅志\》\之\二载\倮黑\鲠直\男女\杂聚\携手\成圈\吹笙\跳舞\。\拉祜族葫芦笙舞\有\两种\活动\形式\一种\是\在\民族节日\中\仪式\程序\规范\要求\按规定\跳\完\所有\套路\主要\在\每年\农历\八月\十五\神林及\扩塔\春节\时\在\家庭\内\举行\。\以起\歌为\开始\从\正月初二\晚上\起跳\按\十二属相\连\跳\天以\大路歌\结束\。\另\一种\是\在\婚丧\、\娱乐\时\跳\的\葫芦\笙舞\不\跳\传统\礼仪\性\的\套路\随意性\较强\。\拉祜族\各\村寨\都\跳\葫芦\笙舞\春节\时\全寨\或\几寨\人同\跳\葫芦\笙舞\可\有\上\百支\队伍\共唱\共舞\场面\十分\壮观\春节\期间\可连\跳\半月\之\久\。\澜沧\县\拉祜族葫芦笙舞\澜沧\县\拉祜族葫芦笙舞\拉祜语\称戛克\现有\近\百套\舞蹈动作\组合\已\收集整理\套\。\可\分为\类一是\祭祀\礼仪\舞\共有\套\动作\其中\开门\舞嘎\祭\和\收尾\舞嘎\祭根\的\动作\基本上\是\一步\一\跺脚\模仿\对\创世\神灵\厄莎\的\顶礼膜拜\和\对\佛祖\帕\一步\一拜\的\姿态\二是\生产\劳动\舞\共有\套\动作\基本\是\摹仿\劳动\的\动作\从\选地\、\磨刀\、\钐\地\、\扒\草\、\烧\杂草\、\犁地\、\撒\谷子\到\打\谷子\、\背\谷子\等\反映\了\拉祜族\先民\刀耕火种\的\农业\生产\过程\动作\较\简单\三是\反映\生活\的\舞\共有\套\动作\四是\模拟\动物\生活\习性\的\舞\共有\套五是\情绪舞\共有\套\主要\表现\丰收\、\狩猎\后\的\狂欢\或\表现\心中\的\喜悦\这\类\舞蹈动作\除\开头\结尾\外\变化无穷\可\即兴\创造\。\另外\还有\部分\表现\祭祀\仪式\的\舞蹈\。\葫芦\笙舞\现在\已经\成为\全民性\的\欢庆\舞蹈\是\拉祜族\自娱自乐\的\表演性\民间舞\三大舞种\之一\。\澜沧\县\葫芦\笙舞\风格\独特\具有\一定\的\艺术性\和\观赏性\曾\获\文化部\、\国家民委\组织\的\全国少数民族文艺会演\二等奖\多次\参加\省内外\各种\演出\活动\已\成为\当地\各族群众\自娱自乐\的\健身\舞种\和\中小学\民间舞蹈\课程\的\主要\内容\。\双江\县\拉祜族葫芦笙舞\双江\县\拉祜族葫芦笙舞\也\称为\打歌\在\形式\上\较\多\地\保留\了\传统\古朴\的\艺术风格\。\一般\以\男子\吹\葫芦\笙\逆时针\方向\转圈\边吹边\跳\妇女\随\男子\围圈\舞蹈\男女老少\不\限\人数\多少\不限\最多\可达\数百人\。\舞蹈\由\领舞\者\歌头\带领\即兴\变换\套路\。\打歌\套路\共有\套\分为\农业\生产\劳动\、\日常生活\、\娱乐\、\飞禽走兽\、\人情世故\、\非农业\生产\劳动\等\六类\。\舞者\上下肢\比较\协调\下肢\动作\较\多\。\多以\跺\、\踢\、\踏步\、\转身\、\跳跃\、\下\蹲\转身\为\主要\动作\特点\。\时而\优雅\时而\热烈\风格\独特\舞姿\古朴\诙谐\风趣\生活气息\浓郁\。\打歌\主要\有\《\三脚\歌\》\、\《\青蛙\歌\》\、\《\箐\鸡\摆尾\歌\》\、\《\大路歌\》\等\内容丰富\妙趣横生\。\打歌\多以\葫芦\笙\伴奏\有时\辅以\箫\、\牛腿琴\和\小\三弦\。\音乐\节奏\多用\四分之二\拍\旋律\简单\、\乐句\较\短\。\套路\打歌\动作\较为\复杂\现\只有\少部分\人能\完整\地\表演\。\拉祜族\打歌\主要\以\口传\身教\的\方式\传承\歌头\和\骨干\人员\均\为\师传\。\双江\县\各\拉祜族\村寨\尚无\专门\和\固定\的\葫芦\笙舞\演出\队伍\但\以\村寨\为\单位\都\能\形成\人\的\文艺\骨干\群体\。\拉祜族\打歌\具有\广泛\的\群众\基础\深受\当地\群众\的\喜爱\流传\较广\除\节庆\和\婚嫁\外\随时\都\可以\跳\现已\辐射\到\临沧市\各县区\以及\周边\市\、\县\成为\当地\一种\独特\的\文化\现象\。\葫芦\笙舞\有\一定\艺术性\和\观赏性\曾多次\参加\省\、\市\举办\的\文艺\汇演\。,拉祜族
阿昌族舞蹈蹬窝罗,第一批,传统舞蹈,云南省,梁河县舞蹈蹬窝罗阿昌族舞蹈窝罗舞流行于德宏傣族景颇族自治州梁河县的湾中、勋可、内盖、横路、关璋、弄别、动来等阿昌族村寨各地的动作风格大同小异。阿昌族古老的传统舞蹈主要是窝罗蹬嘎窝罗是曲调主要的开始唱词蹬嘎意为舞蹈总称为窝罗舞。舞蹈主要摸拟飞禽走兽的动作如麻雀步、猛虎下山等。跳麻雀步表示希望得到好运跳时唱的是巴松昆跳猛虎下山步表示扶正压邪大吉大利跳时唱的是窝罗歌。最早的窝罗舞来源于阿昌族人民的生产劳动由老歌手领唱大家随着唱跳根据曲调的变化而改变动作。古老的窝罗舞由自由步、麻雀步、猛虎下山步个部分组成。舞蹈场面造型是太阳打伞、月亮戴帽大圆圈的舞蹈队型为双龙行路在舞蹈中调整为金龙转身。随着社会的发展阿昌族人民结合生产生活提取新的题材将窝罗舞整理为窝罗、阿露、团结、射箭、耕织、丰收个部分。舞蹈内容朴实曲调欢快表现了阿昌族人民热爱生活、团结向上的精神具有浓郁的民族风格和地方特色。龙陵县舞蹈蹬窝罗每年农历正月初八居住在保山市龙陵县河头乡蛮旦、下寨、大田坡、打黑个寨子的阿昌族人都要聚集在蛮旦寨脚的舞场上举行阿昌大祭跳蹬窝罗舞。蹬阿昌语为跺窝罗有欢乐之意可译为跳欢乐。龙陵阿昌族蹬窝罗的舞蹈动作没有固定传授人唱词也是口授心记。阿昌大祭即窝罗节是传说中开天辟地的天神遮帕麻和地母遮咪麻升天之日。届时设立神坛供奉遮帕麻和遮咪麻的神像、象征人类出生的葫芦和射落假太阳的神弓。暮陶巫师首先赞颂天神的丰功伟绩然后在请天神享用供品时舞众在烘干领舞者的带领下起舞蹬窝罗。蹬窝罗是《则勒扎》则勒意为山歌扎意为小嗓的个组成部分之一第一部分为把套昆小嗓唱的传承调第二部分为把松昆大嗓唱的美丽的袖子第三部分为蹬窝罗现在第一、二部分在龙陵县已经失传。跳窝罗舞时人们沿逆时针方向围圈而舞有的装扮成狮子、老虎、水牛、猴子、鹭鸶等模拟这些动物的各种动作跳舞。狮、虎表示剽悍、勇猛水牛代表诚实、任劳任怨猴子表示聪明、机灵、敏捷蹬窝罗时先迈狮虎步先蹉后跳再蹬扭身转腰动作潇洒奔放古朴率真刚劲有力。梁河县已将窝罗节定为民族节日。目前蹬窝罗已经出现变异如舞蹈中的伴奏乐器就由原来的七八种锐减到现在的两三种。,省级,梁河县\舞蹈\蹬窝罗\阿昌族舞蹈\窝罗舞\流行\于\德宏傣族景颇族自治州\梁河县\的\湾\中\、\勋可\、\内盖\、\横路\、\关璋\、\弄别\、\动来\等\阿昌族\村寨\各地\的\动作\风格\大同小异\。\阿昌族\古老\的\传统\舞蹈\主要\是\窝罗蹬\嘎\窝罗是\曲调\主要\的\开始\唱词\蹬\嘎\意为\舞蹈\总\称为\窝罗舞\。\舞蹈\主要\摸拟\飞禽走兽\的\动作\如\麻雀\步\、\猛虎下山\等\。\跳\麻雀\步\表示\希望\得到\好运\跳时\唱\的\是\巴松\昆跳\猛虎下山\步\表示\扶正压邪\大吉大利\跳时\唱\的\是\窝罗歌\。\最早\的\窝罗舞\来源于\阿昌族\人民\的\生产\劳动\由\老\歌手\领唱\大家\随着\唱\跳\根据\曲调\的\变化\而\改变\动作\。\古老\的\窝罗舞\由\自由\步\、\麻雀\步\、\猛虎下山\步个\部分\组成\。\舞蹈\场面\造型\是\太阳\打伞\、\月亮\戴帽\大\圆圈\的\舞蹈队\型\为\双龙\行路\在\舞蹈\中\调整\为\金龙\转身\。\随着\社会\的\发展\阿昌族\人民\结合\生产\生活\提取\新\的\题材\将\窝罗舞\整理\为\窝\罗\、\阿露\、\团结\、\射箭\、\耕织\、\丰收\个\部分\。\舞蹈内容\朴实\曲调\欢快\表现\了\阿昌族\人民\热爱生活\、\团结\向上\的\精神\具有\浓郁\的\民族风格\和\地方\特色\。\龙陵县\舞蹈\蹬窝罗\每年\农历\正月\初八\居住\在\保山市\龙陵县\河头\乡蛮旦\、\下寨\、\大田\坡\、\打黑\个\寨子\的\阿昌族\人\都\要\聚集\在\蛮旦\寨\脚\的\舞场\上\举行\阿昌\大\祭\跳\蹬窝罗\舞\。\蹬\阿昌语\为\跺\窝罗有\欢乐\之意\可译\为\跳\欢乐\。\龙陵\阿昌族\蹬窝罗\的\舞蹈动作\没有\固定\传授\人\唱词\也\是\口授\心记\。\阿昌\大\祭\即\窝罗节\是\传说\中\开天辟地\的\天神\遮帕麻\和\地母\遮咪麻\升天\之\日\。\届时\设立\神坛\供奉\遮帕麻和遮咪麻\的\神像\、\象征\人类\出生\的\葫芦\和\射落\假\太阳\的\神弓\。\暮陶\巫师\首先\赞颂\天神\的\丰功伟绩\然后\在\请\天神\享用\供品\时舞众\在\烘干\领舞\者\的\带领\下\起舞\蹬窝罗\。\蹬窝罗\是\《\则\勒\扎\》\则\勒\意为\山歌\扎意\为\小嗓\的\个\组成部分\之一\第一部\分为\把\套\昆\小嗓\唱\的\传承\调\第二\部分\为\把\松\昆大\嗓唱\的\美丽\的\袖子\第三\部分\为\蹬窝罗\现在\第一\、\二\部分\在\龙陵县\已经\失传\。\跳窝罗舞\时\人们\沿\逆时针\方向\围圈\而\舞\有\的\装扮成\狮子\、\老虎\、\水牛\、\猴子\、\鹭鸶\等\模拟\这些\动物\的\各种\动作\跳舞\。\狮\、\虎\表示\剽悍\、\勇猛\水牛\代表\诚实\、\任劳任怨\猴子\表示\聪明\、\机灵\、\敏捷\蹬窝罗\时先\迈狮\虎步\先\蹉后\跳\再\蹬\扭身\转腰\动作\潇洒\奔放\古朴\率真\刚劲有力\。\梁河县\已\将\窝罗节\定为\民族节日\。\目前\蹬窝罗\已经\出现\变异\如\舞蹈\中\的\伴奏\乐器\就\由\原来\的\七八种\锐减\到\现在\的\两三种\。,阿昌族
彝族烟盒舞,第一批,传统舞蹈,云南省,玉溪市新平彝族傣族自治县彝族烟盒舞流传于扬武镇鲁奎山和磨盘山一带彝语称楂奇比团团转或尼盖比跳姑娘俗称跳乐属传统自娱自乐性舞蹈。传说以前当地彝族在无意中发现弹高梁杆能发出声响于是便边弹边跳为使脚步统一便围成圈跳跳乐从此开始。后来人们将弹高梁杆改为弹烟盒于是烟盒成为跳乐中不可少的道具舞蹈也由此得名。扬武镇彝族烟盒舞有套现已整理出套。分起调、行弦调、收弦调、过门调大类舞蹈人数不限一般弹奏乐器者为男子人也可根据规模增加男子奏起曲调女子手弹烟盒起舞。常见舞步以双腿下蹲、骤起提步和双手下垂、小臂摆动为主要特征有鲊摆地奇开头要跳、嫫笑斋尼该山神树冒烟等多个套路。舞蹈套路按照由简到繁、先易后难的程序进行。以圆圈为主一起抬脚一起下蹲边转边跳场面非常热闹。一般用月琴、三弦、牛角、二胡等乐器伴奏。烟盒舞的产生与劳动有着密切的联系具有浓郁的生产生活气息大部分套路、动作仍保留着原始生产劳作的痕迹从不同侧面反映了彝族人民的生活劳动和风土人情具有鲜明的民族风格和地方特色。目前在全镇的个自然村里跳烟盒舞非常盛行有广泛的群众性已成为对外沟通和当地人娱乐、健身的重要活动内容起到增强民族团结、振奋民族精神的作用。自年至今已多次参与省内外活动和表演。,省级,玉溪市\新平彝族傣族自治县\彝族烟盒舞\流传\于扬\武镇\鲁奎山\和\磨盘\山\一带\彝语\称楂奇\比\团团转\或尼盖\比\跳\姑娘\俗称\跳乐\属\传统\自娱自乐\性\舞蹈\。\传说\以前\当地\彝族\在\无意\中\发现\弹\高梁\杆能\发出声响\于是\便边\弹边\跳\为\使\脚步\统一\便\围成\圈\跳\跳乐\从此\开始\。\后来\人们\将弹\高梁\杆\改为\弹\烟盒\于是\烟盒\成为\跳乐\中\不可\少\的\道具\舞蹈\也\由此\得名\。\扬武镇\彝族烟盒舞\有套\现已\整理\出套\。\分起\调\、\行弦调\、\收弦调\、\过门\调大类\舞蹈\人数\不\限\一般\弹奏乐器\者\为\男子\人\也\可\根据\规模\增加\男子\奏起\曲调\女子\手弹\烟盒\起舞\。\常见\舞步\以\双腿\下\蹲\、\骤起\提步\和\双手\下垂\、\小臂\摆动\为\主要\特征\有\鲊\摆\地奇\开头\要\跳\、\嫫\笑\斋尼该\山神\树\冒烟\等\多个\套路\。\舞蹈\套路\按照\由\简到繁\、\先易后难\的\程序\进行\。\以\圆圈\为主\一起\抬脚\一起\下\蹲\边\转边\跳\场面\非常\热闹\。\一般\用\月琴\、\三弦\、\牛角\、\二胡\等\乐器\伴奏\。\烟盒舞\的\产生\与\劳动\有着\密切\的\联系\具有\浓郁\的\生产\生活气息\大部分\套路\、\动作\仍\保留\着\原始\生产\劳作\的\痕迹\从\不同\侧面\反映\了\彝族\人民\的\生活\劳动\和\风土人情\具有\鲜明\的\民族风格\和\地方\特色\。\目前\在\全镇\的\个\自然\村里\跳\烟盒舞\非常\盛行\有\广泛\的\群众性\已\成为\对外\沟通\和\当地人\娱乐\、\健身\的\重要\活动\内容\起到\增强\民族团结\、\振奋\民族\精神\的\作用\。\自年\至今\已\多次\参与\省内外\活动\和\表演\。,彝族
傣族孔雀舞,第一批,传统舞蹈,云南省,云南傣族地区的傣族群众视孔雀为吉祥如意、美丽善良的象征。孔雀舞在傣族村寨十分盛行是其民间颇具特色的表演性和自娱性舞蹈种类。思茅市孟连傣族拉祜族佤族自治县的傣族孔雀舞普遍流行于勐马镇、娜允镇的多个傣族村寨中每个村寨都有半数以上的人会跳孔雀舞每个乡镇都有数十人的孔雀舞表演队。孔雀舞的程式内容不尽相同但主题均是表现傣家人善良的民族性格表演形式有种单人孔雀舞多为模拟孔雀飞跑下山、漫步森林、饮泉戏水、拖翅、晒翅、抖翅、展翅、开屏、飞翔等动作、姿态双人孔雀舞一雌一雄身缚孔雀架子表现相互依偎、追逐嬉戏等经老艺人加工编排的女性集体孔雀舞人、人至几十人表演均可模仿孔雀千姿百态的优美动作有一定的步法规律和较固定的鼓点伴奏。孟连孔雀舞保留了传统的架子孔雀舞舞者身穿一套花纹色调与孔雀相近的服装外套莲花形坎肩头戴塔形尖帽孔雀架子用三角形竹架作身其上插竹条并用绸或布扎制后边三片两边各四片代表孔雀尾巴和翅膀拴在舞者手臂和手腕上随着不同舞蹈动作时而张开时而合拢或左右摆动。在大型表演中架子孔雀舞一般与大象舞、马鹿舞、鱼舞等共舞在其他场合则多为单独表演。孟连孔雀舞不仅表现孔雀的生活习性也体现出佛经故事《孔雀王》中孔雀王用水为人们治病给大地带来吉祥如意的内涵。孔雀舞不受时间、地点和舞者人数的限制只要高兴便聚而舞之在节日和丰收、欢庆场合尤为盛行人们敲响象脚鼓、排铓、镲在欢快的乐声中翩翩起舞尽情欢乐。,省级,云南\傣族\地区\的\傣族\群众\视\孔雀\为\吉祥如意\、\美丽\善良\的\象征\。\孔雀舞\在\傣族\村寨\十分\盛行\是\其\民间\颇具\特色\的\表演性\和\自娱性\舞蹈\种类\。\思茅市\孟连傣族拉祜族佤族自治县\的\傣族孔雀舞\普遍\流行\于\勐\马镇\、\娜\允镇\的\多个\傣族\村寨\中\每个\村寨\都\有\半数以上\的\人会\跳\孔雀舞\每个\乡镇\都\有\数十\人\的\孔雀舞\表演队\。\孔雀舞\的\程式\内容\不尽相同\但\主题\均\是\表现\傣家\人\善良\的\民族\性格\表演\形式\有种\单人\孔雀舞\多为\模拟\孔雀\飞跑\下山\、\漫步\森林\、\饮泉\戏水\、\拖\翅\、\晒\翅\、\抖\翅\、\展翅\、\开屏\、\飞翔\等\动作\、\姿态\双人\孔雀舞\一雌一雄\身缚\孔雀\架子\表现\相互\依偎\、\追逐\嬉戏\等\经老\艺人\加工\编排\的\女性\集体\孔雀舞\人\、\人至\几十人\表演\均\可模仿\孔雀\千姿百态\的\优美\动作\有\一定\的\步法\规律\和\较\固定\的\鼓点\伴奏\。\孟连\孔雀舞\保留\了\传统\的\架子\孔雀舞\舞者\身穿\一套\花纹\色调\与\孔雀\相近\的\服装\外套\莲花\形\坎肩\头戴\塔形\尖帽\孔雀\架子\用\三角形\竹架\作身\其\上\插\竹条\并用\绸\或布\扎制\后边\三片\两边\各\四片\代表\孔雀\尾巴\和\翅膀\拴\在\舞者\手臂\和\手腕\上\随着\不同\舞蹈动作\时而\张开\时而\合拢\或\左右\摆动\。\在\大型\表演\中\架子\孔雀舞\一般\与\大象\舞\、\马鹿\舞\、\鱼舞\等\共舞\在\其他\场合\则\多\为\单独\表演\。\孟连\孔雀舞\不仅\表现\孔雀\的\生活\习性\也\体现\出\佛经\故事\《\孔雀王\》\中\孔雀王\用水\为\人们\治病\给\大地\带来\吉祥如意\的\内涵\。\孔雀舞\不\受\时间\、\地点\和\舞者\人数\的\限制\只要\高兴\便\聚而舞\之\在\节日\和\丰收\、\欢庆\场合\尤为\盛行\人们\敲响\象脚鼓\、\排\铓\、\镲\在\欢快\的\乐声\中\翩翩起舞\尽情欢乐\。,傣族
玉雕,第一批,传统美术,云南省,腾冲县是东南亚珠宝玉石的集散地和加工地。来凤山明朝蔺山墓中出土的玉带钩和《徐霞客游记》对腾冲翡翠和玉石加工业的细致描述均说明腾冲玉雕历史悠久。地方志中记载腾冲年前从事翡翠加工的作坊曾一度达到多家工匠超过人。清光绪《腾越乡土志》记载了清末腾冲玉石加工的盛况制朝珠、手镯、簪珥、各玩器琢磨之声达昼夜彻通衢。居肆成事者数百人散处村落者数千家。腾冲玉雕造型和表现内容十分丰富主要制作戒面、鸡心、胆坠、生肖、手镯、佛像、图章、龙凤牌、八仙、暗八仙、扳指、玉簪、耳片、花鸟鱼虫与走兽挂件、手玩件、摆件等几十种。传统工艺流程为冲砂、解玉分为拉丝解玉和解盘解玉两个工序、磨玉、打眼、梭棱、雕刻、抛光等工序。翡翠加工讲究碾磨过程用传统工序制作一个玉件从解、磨、细磨到抛光每个程序都有不同的步骤要不断更换各种型号的工具以达到细腻的工艺要求。其使用工具和制作方法与明宋应星著《天工开物》中记载的玉雕工艺十分吻合凡玉初剖时冶铁为圆盘以盆水盛沙足踏圆盘使转添沙剖玉逐忽划断充分印证了腾冲的翡翠雕刻一直保留了传统工具和工艺过程。世纪年代腾冲玉雕工艺有了改进和更新采用了电动化机械和人工合成的金刚石粉末工具提高了玉雕的产量和制作速度但部分流程仍然采用传统工艺。腾冲玉雕在长期发展过程中锻炼和造就了一大批懂技术、会经营的加工和销售队伍形成了自己的艺术风格和独特技艺与人们的日常生活密不可分体现了较高的历史、艺术和工艺价值是腾越文化的重要组成部分现已成为腾冲县的支柱产业之一。,省级,腾冲县\是\东南亚\珠宝\玉石\的\集散地\和\加工\地\。\来\凤山\明朝\蔺山\墓\中\出土\的\玉带\钩\和\《\徐霞客游记\》\对\腾冲\翡翠\和\玉石\加工业\的\细致\描述\均\说明\腾冲\玉雕\历史悠久\。\地方志\中\记载\腾冲\年前\从事\翡翠\加工\的\作坊\曾一度\达到\多家\工匠\超过\人\。\清光绪\《\腾越\乡土\志\》\记载\了\清末\腾冲\玉石\加工\的\盛况\制\朝珠\、\手镯\、\簪珥\、\各\玩器\琢磨\之声\达\昼夜\彻\通衢\。\居肆\成事\者\数百人\散处\村落\者\数千家\。\腾冲\玉雕\造型\和\表现\内容\十分\丰富\主要\制作\戒面\、\鸡心\、\胆坠\、\生肖\、\手镯\、\佛像\、\图章\、\龙凤\牌\、\八仙\、\暗八仙\、\扳指\、\玉簪\、\耳片\、\花鸟\鱼虫\与\走兽\挂件\、\手玩件\、\摆件\等\几十种\。\传统\工艺流程\为\冲砂\、\解玉\分为\拉丝\解玉\和解\盘解玉\两个\工序\、\磨玉\、\打眼\、\梭\棱\、\雕刻\、\抛光\等\工序\。\翡翠\加工\讲究\碾磨\过程\用\传统\工序\制作\一个\玉件\从解\、\磨\、\细磨\到\抛光\每个\程序\都\有\不同\的\步骤\要\不断\更换\各种\型号\的\工具\以\达到\细腻\的\工艺\要求\。\其\使用\工具\和\制作方法\与\明\宋应星\著\《\天工开物\》\中\记载\的\玉雕\工艺\十分\吻合\凡玉初\剖时\冶铁\为\圆盘\以盆水\盛沙足\踏\圆盘\使\转添\沙剖玉逐\忽划断\充分\印证\了\腾冲\的\翡翠\雕刻\一直\保留\了\传统\工具\和\工艺\过程\。\世纪\年代\腾冲\玉雕\工艺\有\了\改进\和\更新\采用\了\电动\化\机械\和\人工合成\的\金刚石\粉末\工具\提高\了\玉雕\的\产量\和\制作\速度\但\部分\流程\仍然\采用\传统工艺\。\腾冲\玉雕\在\长期\发展\过程\中\锻炼\和\造就\了\一大批\懂\技术\、\会\经营\的\加工\和\销售\队伍\形成\了\自己\的\艺术风格\和\独特\技艺\与\人们\的\日常生活\密不可分\体现\了\较\高\的\历史\、\艺术\和\工艺\价值\是\腾越\文化\的\重要\组成部分\现已\成为\腾冲县\的\支柱产业\之一\。,
彝族剪纸,第一批,传统美术,云南省,石屏彝族剪纸流传于红河哈尼族彝族自治州石屏县龙武镇一带。石屏龙武彝族因其女子服饰绣有美丽的花腰带而被称为花腰彝其妇女服饰以图形多样、色彩艳丽、绣工精美而闻名。龙武地区的彝族以是否会挑花绣朵作为衡量女子心灵手巧和聪明能干的标准因此非常注重技艺的传承。剪纸对服饰刺绣的底样起着决定性的作用。一般女孩在八九岁时母亲就开始教其剪纸、刺绣到十四五岁便能独立操作。在长期的流传使用过程中彝族剪纸形成了强烈的民族特色和地域特点。龙武彝族服饰花工较多一套完整的女服上几乎每个部位都有绣花有多少块刺绣就需要剪多少张纸花有了精美的剪纸才能绣出一流的服饰。彝族剪纸的主要特征是造型厚实构图饱满大量使用虎牙花、葫芦花、火焰花、牡丹花和鸟、鱼、蝴蝶、孔雀等吉祥图案。这些图案既是彝族人民追求和向往美好生活的表现又有传统文化和自然信仰的内涵。如火焰图案反映了对火的崇拜虎牙花则是虎崇拜的象征葫芦花记录的是祖先信仰牡丹花表现对幸福生活的祈望。这些文化意义赋予彝族剪纸艺术特殊的历史文化价值和艺术审美价值因其浓郁的地域和民族特色在中华剪纸艺术中具有独特的地位。彝族剪纸拥有一大批技艺高超的艺人和素质较高的传承人队伍。目前随着彝族花腰彝女子服饰的对外宣传彝族刺绣已经有了一定的知名度作为其底样的剪纸也随之为世人关注。,省级,石屏\彝族剪纸\流传\于\红河哈尼族彝族自治州\石屏县\龙武镇\一带\。\石屏\龙武\彝族\因\其\女子\服饰\绣\有\美丽\的\花\腰带\而\被\称为\花腰\彝\其\妇女\服饰\以\图形\多样\、\色彩艳丽\、\绣工\精美\而\闻名\。\龙武\地区\的\彝族\以\是否\会\挑花\绣朵\作为\衡量\女子\心灵手巧\和\聪明能干\的\标准\因此\非常\注重\技艺\的\传承\。\剪纸\对\服饰\刺绣\的\底样\起着\决定性\的\作用\。\一般\女孩\在\八九岁\时\母亲\就\开始\教其\剪纸\、\刺绣\到\十四五岁\便\能\独立\操作\。\在\长期\的\流传\使用\过程\中\彝族剪纸\形成\了\强烈\的\民族特色\和\地域\特点\。\龙武\彝族\服饰\花工\较\多\一套\完整\的\女服\上\几乎\每个\部位\都\有\绣花\有\多少\块\刺绣\就\需要\剪\多少\张\纸花\有\了\精美\的\剪纸\才能\绣\出\一流\的\服饰\。\彝族剪纸\的\主要\特征\是\造型\厚实\构图\饱满\大量\使用\虎牙\花\、\葫芦花\、\火焰\花\、\牡丹花\和\鸟\、\鱼\、\蝴蝶\、\孔雀\等\吉祥图案\。\这些\图案\既\是\彝族\人民\追求\和\向往\美好生活\的\表现\又\有\传统文化\和\自然\信仰\的\内涵\。\如\火焰\图案\反映\了\对\火\的\崇拜\虎牙\花则\是\虎\崇拜\的\象征\葫芦花\记录\的\是\祖先\信仰\牡丹花\表现\对\幸福生活\的\祈望\。\这些\文化\意义\赋予\彝族剪纸\艺术\特殊\的\历史\文化价值\和\艺术\审美价值\因\其\浓郁\的\地域\和\民族特色\在\中华\剪纸\艺术\中\具有\独特\的\地位\。\彝族剪纸\拥有\一大批\技艺高超\的\艺人\和\素质\较\高\的\传承\人\队伍\。\目前\随着\彝族\花腰\彝\女子\服饰\的\对外\宣传\彝族\刺绣\已经\有\了\一定\的\知名度\作为\其\底样\的\剪纸\也\随之\为\世人\关注\。,彝族
白族民居彩绘,第一批,传统美术,云南省,大理市白族民居彩绘普遍流行于大理市及周边白族地区。白族建筑彩绘是在建造王宫、寺庙的过程中工匠对建筑进行一定的装饰绘画基础上产生的。《南诏图传》中的修廊曲庑图表明了南诏、大理国是白族建筑中开始广泛采用彩绘的时期。后经元、明、清几代的发展白族建筑彩绘内容越来越丰富到世纪年代已达到成熟阶段。大理市喜洲镇严家大院、董家大院就是白族民居彩绘的代表作。现代的白族彩绘基本上沿袭传统的工艺但使用的材料更加多样化。白族建筑多为土木结构青砖、白墙、灰瓦与建筑彩绘相互协调映衬以黑、白、灰色为主着重突出和体现白色这一主体色调。彩绘常绘于民居的大门、照壁、山墙、腰线、龙马角等部位图案主要有香草纹如草龙、草凤、缠卷草纹等如意云纹回纹又称万字各种吉祥图案如渔樵耕读、棋琴书画、火龙吐水、牡丹卷草相缠、流云飞鹤、四喜登梅、一路鹭连升、洪福齐天、锦上添花、四季平安、金玉满堂等。民居彩绘多为雕画结合在大门、屋檐部制作丰富的木雕装饰彩绘照壁上则用泥做斗拱与部分浮雕彩绘与雕刻协调配合相辅相成。彩绘工艺独具特色最讲究彩绘的打底工序。木结构建筑一般多用猪血、桐油和石灰调和而成的猪血灰打底泥砖墙上则用纯质熟石膏与白棉纸拌和制成纸筋灰抹在需要彩绘的部位待半干时再进行彩绘这样可以保证彩绘不容易褪色。彩绘颜料多以矿物质颜料为主。白族建筑彩绘不仅用于宗祠、庙宇和大型古建筑群体还广泛用于白族民居建筑。民居彩绘在以其独特的色彩和图案装饰房屋的同时也被赋予了祛邪避灾祈祥求福等丰富含义。,省级,大理市\白族民居彩绘\普遍\流行\于\大理市\及\周边\白族\地区\。\白族\建筑\彩绘\是\在\建造\王宫\、\寺庙\的\过程\中\工匠\对\建筑\进行\一定\的\装饰绘画\基础\上\产生\的\。\《\南诏图传\》\中\的\修廊\曲\庑\图\表明\了\南诏\、\大理国\是\白族\建筑\中\开始\广泛\采用\彩绘\的\时期\。\后\经元\、\明\、\清\几代\的\发展\白族\建筑\彩绘\内容\越来越\丰富\到\世纪\年代\已\达到\成熟\阶段\。\大理市\喜洲\镇\严家\大院\、\董家\大院\就是\白族民居彩绘\的\代表作\。\现代\的\白族\彩绘\基本上\沿袭\传统\的\工艺\但\使用\的\材料\更加\多样化\。\白族\建筑\多为\土\木结构\青砖\、\白墙\、\灰瓦\与\建筑\彩绘\相互\协调\映衬\以\黑\、\白\、\灰色\为主\着重\突出\和\体现\白色\这一\主体\色调\。\彩绘\常绘于\民居\的\大门\、\照壁\、\山墙\、\腰线\、\龙马\角\等\部位\图案\主要\有\香草\纹\如草龙\、\草凤\、\缠\卷草纹\等\如意\云纹\回纹\又称\万字\各种\吉祥图案\如\渔樵\耕读\、\棋琴\书画\、\火龙\吐水\、\牡丹\卷草\相缠\、\流云\飞鹤\、\四喜\登梅\、\一路\鹭\连升\、\洪福齐天\、\锦上添花\、\四季\平安\、\金玉满堂\等\。\民居\彩绘\多为\雕画\结合\在\大门\、\屋檐\部\制作\丰富\的\木雕\装饰\彩绘\照壁\上\则\用\泥\做\斗拱\与\部分\浮雕\彩绘\与\雕刻\协调\配合\相辅相成\。\彩绘\工艺\独具特色\最\讲究\彩绘\的\打底\工序\。\木结构\建筑\一般\多用\猪血\、\桐油\和\石灰\调和\而成\的\猪血\灰\打\底泥\砖墙\上\则\用\纯质\熟石膏\与\白\棉纸\拌和\制成\纸筋\灰\抹\在\需要\彩绘\的\部位\待\半干时\再\进行\彩绘\这样\可以\保证\彩绘\不\容易\褪色\。\彩绘\颜料\多以\矿物质颜料\为主\。\白族\建筑\彩绘\不仅\用于\宗祠\、\庙宇\和\大型\古建筑\群体\还\广泛\用于\白族\民居\建筑\。\民居\彩绘\在\以\其\独特\的\色彩\和\图案\装饰\房屋\的\同时\也\被\赋予\了\祛邪\避灾\祈祥求\福\等\丰富含义\。,白族
小屯村关索戏,第一批,传统戏剧,云南省,关索戏系云南傩戏剧种属军傩范畴距今已有多年历史。流传于玉溪市澄江县阳宗镇小屯村。小屯原名先锋营相传诸葛亮平定南中时命关羽之子关索为先锋后屯兵于小屯村。故有关索戏是随军传入澄江之说。小屯村的关索戏旧时每三年才演出一次即当年农历正月初一至十二在本村及阳宗坝子巡回演出。有一套较完整的演出程序演出前先到灵峰寺祭祀药王然后进行踩村、踩街、踩家、点将、辞神等驱鬼逐疫、消灾祈神等傩祭仪式。关索戏专演三国故事其中又以演蜀汉人物刘备、孔明、关羽、张飞、关索、鲍三娘等角色为主主要演员有人加上马童、龙套、锣鼓手等共有人。演员扮演固定角色实行父传子、子传孙的家庭传承方式。演戏时不用油彩抹脸谱而是把各人物的木制面具戴在头上扮演刘备、关羽、张飞、赵云、马超、黄忠等不同角色。经常演唱的剧目有多个如《古城会》、《战长沙》、《长坂坡》、《过五关斩六将》、《三请孔明》、《三战吕布》、《收周仓》、《夜战马超》、《花关索战三娘》等剧目长短不一从分钟到小时不等。戏开场时先由马童和小军出场表现剧情有唱有打唱中夹白。无弦乐无伴唱只用锣鼓伴奏。唱、白都用阳宗本地方言音乐唱腔有五字板、七字板、十字板、大刀腔、哭板、长板、短板、流水板等转板换调均用锣鼓指挥。同一支曲调由于演员表演风格不同而变化随意性较大无固定板式。关索戏一般逢年过节演出多是白天在广场、院坝表演期间有一套仪式程序贯穿始终有浓厚的地域文化特点和古朴之风。近年来关索戏的演出习俗和程序有所简化和改变只保留了祭药王、踩村、踩街、踩家、点将、辞神等仪式传承方式也不再局限于父子之间。,省级,关索戏\系\云南\傩戏\剧种\属军\傩\范畴\距今已有\多年\历史\。\流传\于\玉溪市\澄江县\阳宗镇\小屯村\。\小屯\原名\先锋\营\相传\诸葛亮\平定\南中\时命\关羽\之子\关索\为\先锋\后\屯兵\于\小屯村\。\故有\关索戏\是\随军\传入\澄江\之\说\。\小屯村\的\关索戏\旧时\每\三年\才\演出\一次\即\当年\农历\正月初一\至\十二\在\本村\及阳宗\坝子\巡回演出\。\有\一套\较完整\的\演出\程序\演出\前先到\灵峰\寺\祭祀\药王\然后\进行\踩\村\、\踩\街\、\踩家\、\点将\、\辞神\等\驱鬼\逐疫\、\消灾\祈神\等\傩\祭\仪式\。\关索戏\专演\三国\故事\其中\又\以演\蜀汉\人物\刘备\、\孔明\、\关羽\、\张飞\、\关索\、\鲍三娘\等\角色\为主\主要演员\有人\加上\马童\、\龙套\、\锣鼓\手\等\共\有人\。\演员\扮演\固定\角色\实行\父传子\、\子传孙\的\家庭\传承\方式\。\演戏\时\不用\油彩\抹\脸谱\而是\把\各\人物\的\木制\面具\戴\在\头上\扮演\刘备\、\关羽\、\张飞\、\赵云\、\马超\、\黄忠\等\不同\角色\。\经常\演唱\的\剧目\有\多个\如\《\古城\会\》\、\《\战\长沙\》\、\《\长坂坡\》\、\《\过五关斩六将\》\、\《\三请\孔明\》\、\《\三\战吕布\》\、\《\收周\仓\》\、\《\夜战\马超\》\、\《\花关索\战三娘\》\等\剧目\长短不一\从\分钟\到\小时\不等\。\戏\开场\时先\由\马童\和\小军\出场\表现\剧情\有\唱\有\打\唱\中\夹白\。\无\弦乐\无\伴唱\只用\锣鼓\伴奏\。\唱\、\白都\用阳宗\本地\方言\音乐\唱腔\有\五字板\、\七字板\、\十字\板\、\大刀\腔\、\哭板\、\长板\、\短板\、\流水板\等\转板\换调\均\用\锣鼓\指挥\。\同\一支\曲调\由于\演员\表演\风格\不同\而\变化\随意性\较大\无\固定\板式\。\关索戏\一般\逢年过节\演出\多\是\白天\在\广场\、\院坝\表演\期间\有\一套\仪式\程序\贯穿\始终\有\浓厚\的\地域\文化\特点\和\古朴\之风\。\近年来\关索戏\的\演出\习俗\和\程序\有所\简化\和\改变\只\保留\了\祭\药王\、\踩\村\、\踩\街\、\踩家\、\点将\、\辞神\等\仪式\传承\方式\也\不再\局限于\父子\之间\。,
端公戏,第一批,传统戏剧,云南省,昭通端公戏是古老的云南民间仪式戏曲剧种之一流传于昭通市镇雄、彝良、大关、盐津、巧家、永善、威信、绥江、昭阳等县区的偏远山区主要在庆菩萨、庆坛、打傩、阳戏及斋醮等仪式活动中演出因由端公表演而名。据端公法名谱系及口碑资料记载端公戏约于明清时期由江西、四川等省陆续传入滇东北分为正戏和耍戏两类。正戏与仪式内容相关由端公戴面具古脸子扮诸种神表演剧目有《大战红山》、《桃山救母》、《扎五营》等。耍戏是仪式中世俗化的戏剧表演又称春戏、花戏等多为小喜剧如《请功曹》、《四耳打草鞋》、《春兰送酒》等有生、旦、净、丑等行当均由男性扮演旦角以假嗓演唱其他角色使用本嗓。多采用独唱和帮唱锣鼓伴奏场下帮白。现在演出端公戏的民间戏班不少主要是应邀为当地人家在祝寿、还愿、婚嫁、小孩满周岁或剃头、建房、祭祖等场合进行表演。表演时可根据主人之意跳完端公戏的全部内容共场戏或只表演部分片断并可按主人要求的庆贺内容即兴发挥说、唱内容既娱人又有教化作用用诙谐、幽默的对白逗乐用滑稽的跳、打、斗、舞来吸引观众。端公戏作为一种从古老的民间祭祀活动发展演变形成的戏剧形式具有丰富的文化内涵。它与当地驱邪纳福、祈求平安的民间信仰有密切联系反映了当地百姓对美好生活的向往和追求。端公戏至今还延续着古代傩祭仪式的若干古朴形式保留着既娱神又娱人的功能。同时端公戏也保留了部分中国戏剧艺术的初始形态对研究中国戏曲的形成发展具有重要参考价值。由于端公戏特定的祭祀仪式功能历代统治者均对其活动严加禁止这就使得端公戏演出活动具有隐蔽性并极大地限制了其艺术发展。世纪年代后昭通端公戏活动基本消匿世纪年代后虽逐渐恢复演出但服装、面具等大多残缺不全呈逐年消亡之势。,省级,昭通\端公戏\是\古老\的\云南\民间\仪式\戏曲\剧种\之一\流传\于\昭通市\镇雄\、\彝良\、\大关\、\盐津\、\巧家\、\永善\、\威信\、\绥江\、\昭阳\等\县区\的\偏远\山区\主要\在\庆\菩萨\、\庆坛\、\打\傩\、\阳戏\及\斋醮\等\仪式\活动\中\演出\因由\端公\表演\而名\。\据\端公\法名\谱系\及\口碑\资料\记载\端公戏\约于\明清\时期\由\江西\、\四川\等\省\陆续\传入\滇\东北\分为\正戏\和\耍\戏\两类\。\正戏\与\仪式\内容\相关\由\端公\戴面具\古\脸子\扮\诸种\神\表演\剧目\有\《\大战\红山\》\、\《\桃山\救母\》\、\《\扎\五营\》\等\。\耍戏\是\仪式\中\世俗化\的\戏剧\表演\又称\春戏\、\花戏\等\多\为\小\喜剧\如\《\请功\曹\》\、\《\四耳\打\草鞋\》\、\《\春兰\送酒\》\等\有生\、\旦\、\净\、\丑\等\行当\均\由\男性\扮演\旦角\以假\嗓\演唱\其他\角色\使用\本嗓\。\多\采用\独唱\和\帮唱\锣鼓\伴奏\场下\帮白\。\现在\演出\端公戏\的\民间\戏班\不少\主要\是\应邀\为\当地\人家\在\祝寿\、\还愿\、\婚嫁\、\小孩\满\周岁\或\剃头\、\建房\、\祭祖\等\场合\进行\表演\。\表演\时\可\根据\主人\之意\跳\完\端公戏\的\全部内容\共场\戏\或\只\表演\部分\片断\并\可\按\主人\要求\的\庆贺\内容\即兴\发挥\说\、\唱\内容\既\娱人\又\有\教化\作用\用\诙谐\、\幽默\的\对白\逗乐\用\滑稽\的\跳\、\打\、\斗\、\舞来\吸引\观众\。\端公戏\作为\一种\从\古老\的\民间\祭祀\活动\发展\演变\形成\的\戏剧\形式\具有\丰富\的\文化\内涵\。\它\与\当地\驱邪\纳福\、\祈求\平安\的\民间信仰\有\密切联系\反映\了\当地\百姓\对\美好生活\的\向往\和\追求\。\端公戏\至今\还\延续\着\古代\傩\祭\仪式\的\若干\古朴\形式\保留\着\既\娱神\又\娱人\的\功能\。\同时\端公戏\也\保留\了\部分\中国\戏剧艺术\的\初始\形态\对\研究\中国戏曲\的\形成\发展\具有\重要\参考价值\。\由于\端公戏\特定\的\祭祀\仪式\功能\历代\统治者\均\对\其\活动\严加\禁止\这\就\使得\端公戏\演出\活动\具有\隐蔽性\并\极大\地\限制\了\其\艺术\发展\。\世纪\年代\后\昭通\端公戏\活动\基本\消匿\世纪\年代\后\虽\逐渐\恢复\演出\但\服装\、\面具\等\大多\残缺不全\呈\逐年\消亡\之势\。,
花灯弥渡花灯,第一批,传统戏剧,云南省,弥渡花灯大理白族自治州弥渡县的花灯起源较早盛于清末民初普及于新中国成立初期。弥渡花灯歌舞总体分为太平花灯和元宵花灯两种具有自娱性、娱他性、祈神求福性等共同特征。其表现形式有团场灯、门户灯和过街灯。弥渡县村村有灯班规模不受限制灯班人数少则数十人多则上千人各村灯班都有各自的看家本领。表演时不分男女老幼浓妆艳抹手持各种道具。弥渡花灯最大的特点是无论在街头和场院演出均无布景不分场次演员表演自如边走边唱边转没有固定程式表演比较随意生活气息浓厚。花灯内容有排灯开道、龙狮表演凤引麒麟、旱船、白鹤、蚌壳、钱鞭、高跷、云高台大唱、小唱等。弥渡花灯名曲《十大姐》、《绣荷包》、《弥渡山歌》等蜚声海内外《双采花》、《梳妆调》、《一压三》等花灯曲调在省内外传唱引用。独树一帜的花灯艺术使弥渡被文化部授予中国民间艺术花灯之乡称号。,省级,弥渡\花灯\大理白族自治州\弥渡县\的\花灯\起源\较\早盛于\清末\民初\普及\于\新\中国\成立\初期\。\弥渡\花灯\歌舞\总体\分为\太平花灯\和\元宵\花灯\两种\具有\自娱性\、\娱他性\、\祈神求\福性\等\共同\特征\。\其\表现形式\有\团场\灯\、\门户\灯\和\过\街灯\。\弥渡县\村村\有\灯班\规模\不\受限制\灯班\人数\少则\数十\人\多则\上千人\各村\灯班\都\有\各自\的\看家本领\。\表演\时不分\男女老幼\浓妆艳抹\手持\各种\道具\。\弥渡\花灯\最大\的\特点\是\无论\在\街头\和\场院\演出\均\无\布景\不\分\场次\演员\表演\自如\边\走边\唱边\转\没有\固定\程式\表演\比较\随意\生活气息\浓厚\。\花灯\内容\有\排灯\开道\、\龙狮\表演\凤引\麒麟\、\旱船\、\白鹤\、\蚌壳\、\钱\鞭\、\高跷\、\云\高台\大唱\、\小唱\等\。\弥渡\花灯\名曲\《\十\大姐\》\、\《\绣\荷包\》\、\《\弥渡\山歌\》\等\蜚声\海内外\《\双\采花\》\、\《\梳妆\调\》\、\《\一压\三\》\等\花灯\曲调\在\省内外\传唱\引用\。\独树一帜\的\花灯\艺术\使\弥渡\被\文化部\授予\中国\民间艺术\花灯\之\乡\称号\。,白族
花灯嵩明花灯,第一批,传统戏剧,云南省,嵩明花灯作为云南花灯主要流传地之一嵩明的传统花灯活动十分兴盛据史料记载有超过个村寨曾有花灯活动。除元宵灯会期间的表演外嵩明花灯还在各种民间庙会中汇聚表演灯期长达一二个月。嵩明花灯的表演形式多样民间习惯分为团场和坐场两个部分。团场是花灯演出的开场节目由十余名成对的男女角色歌舞表演气氛热烈火红。坐场是各类小戏、小歌舞和小演唱的统称以小戏表演为主。嵩明花灯小戏剧目非常丰富约计出部分只有说白而无唱腔的讲口戏在其他花灯流布区较少见。嵩明花灯的团场在世纪年代被总政歌舞团改编为《红灯舞》曾在世界青年联欢节演出有一定影响。嵩明花灯的部分剧节目在全省流传较广《嵩明采茶》、《王氏挑水》、《双叠调》、《老鹰亮翅》等是全省各地花灯表演团体的常用花灯曲调。世纪年代后由于长期中断活动嵩明传统花灯曾一度衰落年代后又有所恢复。由于熟知花灯传统的民间老艺人陆续去世嵩明花灯中的一些剧目、曲调和表演形式已逐渐失传花灯活动规模也远不如前。,省级,嵩明花灯\作为\云南\花灯\主要\流传\地\之一\嵩明\的\传统\花灯\活动\十分\兴盛\据\史料\记载\有\超过\个\村寨\曾\有\花灯\活动\。\除\元宵\灯会\期间\的\表演\外\嵩明花灯\还\在\各种\民间\庙会\中\汇聚\表演\灯期\长\达\一二个\月\。\嵩明花灯\的\表演\形式多样\民间\习惯\分为\团场\和\坐场\两个\部分\。\团场\是\花灯\演出\的\开场\节目\由\十余名\成对\的\男女\角色\歌舞\表演\气氛\热烈\火红\。\坐场\是\各类\小戏\、\小\歌舞\和\小\演唱\的\统称\以\小戏\表演\为主\。\嵩明花灯\小戏\剧目\非常丰富\约计\出\部分\只有\说白\而\无\唱腔\的\讲口戏\在\其他\花灯\流布\区较\少见\。\嵩明花灯\的\团场\在\世纪\年代\被\总政\歌舞团\改编\为\《\红灯\舞\》\曾\在\世界\青年\联欢节\演出\有\一定\影响\。\嵩明花灯\的\部分\剧\节目\在\全省\流传\较广\《\嵩明\采茶\》\、\《\王氏\挑水\》\、\《\双叠调\》\、\《\老鹰\亮\翅\》\等\是\全省各地\花灯\表演\团体\的\常用\花灯\曲调\。\世纪\年代\后\由于\长期\中断\活动\嵩明\传统\花灯\曾一度\衰落\年代\后\又\有所\恢复\。\由于\熟知\花灯\传统\的\民间\老\艺人\陆续\去世\嵩明花灯\中\的\一些\剧目\、\曲调\和\表演\形式\已\逐渐\失传\花灯\活动\规模\也\远不如\前\。,
花灯元谋花灯,第一批,传统戏剧,云南省,元谋花灯元谋花灯是以民间歌舞为基础吸收外来剧种、剧目、音乐、表演形式融合地方山歌、小调和民间舞蹈而逐渐形成的地方剧种。元谋花灯形成于明洪武年间发展成熟于明末清初。民国时期全县有个灯社每年春节都在邻近村社巡回演出演出剧目达个。年元谋县成立了元谋县花灯团上演了众多改编的传统花灯和移植的现代花灯。元谋传统花灯有传统剧目个分文戏、武戏、庙会戏其中又分袍带戏和三小戏。袍带戏场面大、人物多生、旦、净、末、丑行当俱全多为大中型戏。三小戏突出小的特点即小生、小旦、小丑以演谐趣小戏为主。传统花灯剧目有外来剧种移植的也有地方艺人创作的均在融合了地方民歌、小调和地方曲艺后形成了风格鲜明的元谋地方花灯。元谋花灯现有曲谱首由文艺工作者收集、整理出的资料有《元谋花灯音乐》共三卷、《元谋花灯曲谱》、《元谋花灯资料》等。除剧目、曲目多以外元谋花灯载歌载舞表演性强乡土味浓郁特别是灯社演出传统花灯颇具传统色彩。元谋县现有专业花灯剧团一个传统花灯社团和业余演出队支有老、中、青传统花灯艺人人业余花灯演员人。他们利用农闲时走村串寨相互交流演出为元谋传统花灯的继承和发展作出了积极贡献。,省级,元谋\花灯\元谋\花灯\是\以\民间\歌舞\为\基础\吸收\外来\剧种\、\剧目\、\音乐\、\表演\形式\融合\地方\山歌\、\小调\和\民间舞蹈\而\逐渐\形成\的\地方\剧种\。\元谋\花灯\形成\于明洪武\年间\发展\成熟\于\明末清初\。\民国时期\全县\有个\灯社\每年\春节\都\在\邻近\村社\巡回演出\演出\剧目\达个\。\年\元谋县\成立\了\元谋县\花灯\团\上演\了\众多\改编\的\传统\花灯\和\移植\的\现代\花灯\。\元谋\传统\花灯\有\传统剧目\个分\文戏\、\武戏\、\庙会\戏\其中\又\分\袍带戏\和\三小戏\。\袍带戏\场面\大\、\人物\多生\、\旦\、\净\、\末\、\丑行\当\俱全\多为\大中型\戏\。\三小戏\突出\小\的\特点\即\小生\、\小旦\、\小丑\以演\谐趣\小戏\为主\。\传统\花灯\剧目\有\外来\剧种\移植\的\也\有\地方\艺人\创作\的\均\在\融合\了\地方\民歌\、\小调\和\地方\曲艺\后\形成\了\风格\鲜明\的\元谋\地方\花灯\。\元谋\花灯\现有\曲谱\首由\文艺工作者\收集\、\整理\出\的\资料\有\《\元谋\花灯\音乐\》\共\三卷\、\《\元谋\花灯\曲谱\》\、\《\元谋\花灯\资料\》\等\。\除\剧目\、\曲目\多\以外\元谋\花灯\载歌载舞\表演性\强\乡土味\浓郁\特别\是\灯社\演出\传统\花灯\颇具\传统\色彩\。\元谋县\现有\专业\花灯\剧团\一个\传统\花灯\社团\和\业余\演出队\支有\老\、\中\、\青\传统\花灯\艺人\人\业余\花灯\演员\人\。\他们\利用\农闲\时\走\村串\寨\相互\交流\演出\为\元谋\传统\花灯\的\继承\和\发展\作出\了\积极\贡献\。,
花灯姚安花灯,第一批,传统戏剧,云南省,姚安花灯楚雄彝族自治州姚安县的花灯有史可查的最早时间为明代流传较广。无特定的传人和编创靠父母辈的言传身教、年轻人耳濡目染代代相传至今。花灯演出通常在春节期间由农民组织玩灯班子前往各村各户去表演。姚安花灯以拉花和牛歌为主要内容。拉花是姚安花灯中流传至今比较完整的歌舞节目基本队形为圆圈也称簸箕灯、团场子戏。舞中以打岔佬为中心男女舞者各四五人。拉花在圆场舞蹈中有小鱼抢水、扭麻花、大穿花、老牛擦背、喜鹊登枝、苍蝇搓腿等动作采用崴步、颠步、提步、四方步等步法身段有老鹰晒翅、海底捞月、小鱼抢水、双人照面、狮子摇铃、独立枝头等形成了姚安花灯的独特风格。牛歌统称坝子腔即在春耕栽种期间唱的民歌小调。上坝子唱腔融入了山区彝族的情歌小调声音轻柔音律低沉优雅下坝子唱腔声音高亢洪亮轻快。坝子腔为男女二人对唱唱词由主词和副词组成。一般主词为两句上句和下句中间加副词六句、十句不等。主词和副词在内容上没有直接联系但在整个唱腔中其旋律密不可分相互依存。花灯在演出时都要化妆鞑子和拉花姑娘一般由初学者担任演出折子戏时则由艺人担任。伴奏乐器包括锣、鼓、钹、小锣、笛子、二胡、月琴、三弦等。为弘扬传承独具特色的姚安花灯年姚安县花灯剧团成立年成立农民戏剧创作组现为农民戏剧协会长期坚持创作演出和辅导业余演出队演出。目前姚安县坝区乡镇村居委会随时都可以召集人的花灯歌舞表演队。姚安花灯歌舞遍及城乡男女老幼多能演唱是云南花灯的重要组成部分。,省级,姚安\花灯\楚雄彝族自治州\姚安县\的\花灯\有\史可查\的\最早\时间\为\明代\流传\较广\。\无\特定\的\传人\和\编创\靠\父母辈\的\言传身教\、\年轻人\耳濡目染\代代相传\至今\。\花灯\演出\通常\在\春节\期间\由\农民\组织\玩灯\班子\前往\各村\各户\去\表演\。\姚安\花灯\以拉花\和\牛歌\为\主要\内容\。\拉花\是\姚安\花灯\中\流传\至今\比较\完整\的\歌舞\节目\基本\队形\为\圆圈\也\称\簸箕\灯\、\团\场子\戏\。\舞中以\打岔\佬\为\中心\男女\舞者\各\四五\人\。\拉花\在\圆场\舞蹈\中有\小鱼\抢水\、\扭\麻花\、\大穿\花\、\老牛\擦背\、\喜鹊\登枝\、\苍蝇\搓\腿\等\动作\采用\崴\步\、\颠步\、\提步\、\四方步\等\步法\身段\有\老鹰\晒\翅\、\海底捞月\、\小鱼\抢水\、\双人\照面\、\狮子\摇铃\、\独立\枝头\等\形成\了\姚安\花灯\的\独特\风格\。\牛歌\统称\坝子\腔\即\在\春耕\栽种\期间\唱\的\民歌\小调\。\上\坝子\唱腔\融入\了\山区\彝族\的\情歌\小调\声音\轻柔\音律\低沉\优雅\下\坝子\唱腔\声音\高亢\洪亮\轻快\。\坝子\腔\为\男女\二人\对唱\唱词\由\主词\和\副词\组成\。\一般\主词\为\两句\上句\和\下句\中间\加\副词\六句\、\十句\不等\。\主词\和\副词\在\内容\上\没有\直接\联系\但\在\整个\唱腔\中其\旋律\密不可分\相互依存\。\花灯\在\演出\时\都\要\化妆\鞑子\和\拉\花姑娘\一般\由\初学者\担任\演出\折子戏\时则\由\艺人\担任\。\伴奏\乐器\包括\锣\、\鼓\、\钹\、\小锣\、\笛子\、\二胡\、\月琴\、\三弦\等\。\为\弘扬\传承\独具特色\的\姚安\花灯\年\姚安县\花灯\剧团\成立\年\成立\农民\戏剧\创作组\现为\农民\戏剧\协会\长期\坚持\创作\演出\和\辅导\业余\演出队\演出\。\目前\姚安县\坝区\乡镇\村\居委会\随时\都\可以\召集人\的\花灯\歌舞\表演队\。\姚安\花灯\歌舞\遍及\城乡\男女老幼\多能\演唱\是\云南\花灯\的\重要\组成部分\。,彝族
花灯建水花灯,第一批,传统戏剧,云南省,建水花灯云南花灯是由明清小曲和云南民间音乐、歌舞、方言音调结合而形成、发展起来的一个汉族地方戏曲剧种。在云南由于各民族共居形成了云南花灯的多支派特色。以红河哈尼族彝族自治州建水县岔科乡白云村、普雄乡塔瓦、南庄羊街为代表的彝族花灯是云南花灯中一个有特色的支派。从清光绪十九年年白云成立第一个灯会算起已经历了五代传承。当地花灯的演唱已有百余年历史。建水县彝族花灯在长期发展过程中融进了许多彝族音乐、舞蹈、语言及服饰元素在剧本、音乐、念白等方面都有自己的特色彝族四大腔中白话部分常用的五言句式和彝语语气词在彝族花灯唱词中屡屡出现舞蹈部分融进了彝族民间舞的动作特点伴奏中更增加了彝族的特色乐器四弦极大地丰富了建水花灯的彝族风格形成云南花灯的一个独特支派。建水花灯的传统剧目有《打花鼓》、《打渔》、《打草竿》、《补缸》、《玉钓瓶》、《霸王下山》、《张三杀羊》、《劝赌》、《乡城吵闹》、《老贾休妻》、《韩湘子渡妻》等多个。年期间曾先后为省、州、县有关文化单位提供过许多音乐、剧本等方面的资料并参加省级文艺汇演获得各方面的好评。建水花灯在当地流传情况较好如白云村彝族花灯班现有演员、演奏员共人年龄从岁不等。每年农历正月十五白云村的灯班都要举行隆重的请灯神仪式其后每天早晚都要上香到正月十五、十六全村开始大唱花灯正月十七唱完灯后即送灯神。,省级,建水花灯\云南\花灯\是\由\明清\小曲\和\云南\民间\音乐\、\歌舞\、\方言\音调\结合\而\形成\、\发展\起来\的\一个\汉族\地方\戏曲\剧种\。\在\云南\由于\各\民族\共居\形成\了\云南\花灯\的\多\支派\特色\。\以\红河哈尼族彝族自治州\建水县\岔科乡\白云村\、\普雄乡\塔瓦\、\南庄\羊街\为\代表\的\彝族\花灯\是\云南\花灯\中\一个\有\特色\的\支派\。\从\清光绪\十九年\年\白云\成立\第一个\灯会\算起\已\经历\了\五代\传承\。\当地\花灯\的\演唱\已有\百余年\历史\。\建水县\彝族\花灯\在\长期\发展\过程\中\融进\了\许多\彝族\音乐\、\舞蹈\、\语言\及\服饰\元素\在\剧本\、\音乐\、\念白\等\方面\都\有\自己\的\特色\彝族\四大\腔\中\白话\部分\常用\的\五言\句式\和\彝语\语气词\在\彝族\花灯\唱词\中\屡屡\出现\舞蹈\部分\融进\了\彝族\民间舞\的\动作\特点\伴奏\中\更\增加\了\彝族\的\特色\乐器\四弦\极大\地\丰富\了\建水花灯\的\彝族\风格\形成\云南\花灯\的\一个\独特\支派\。\建水花灯\的\传统剧目\有\《\打花鼓\》\、\《\打渔\》\、\《\打草竿\》\、\《\补缸\》\、\《\玉钓瓶\》\、\《\霸王\下山\》\、\《\张三杀\羊\》\、\《\劝\赌\》\、\《\乡\城\吵闹\》\、\《\老贾\休妻\》\、\《\韩湘子\渡妻\》\等\多个\。\年\期间\曾\先后\为省\、\州\、\县\有关\文化\单位\提供\过\许多\音乐\、\剧本\等\方面\的\资料\并\参加\省级\文艺\汇演\获得\各\方面\的\好评\。\建水花灯\在\当地\流传\情况\较\好\如\白云村\彝族\花灯\班\现有\演员\、\演奏员\共人\年龄\从岁\不等\。\每年\农历\正月十五\白云村\的\灯班\都\要\举行\隆重\的\请\灯神\仪式\其后\每天\早晚\都\要\上\香到\正月十五\、\十六\全村\开始\大唱\花灯\正月\十七\唱\完灯\后\即\送\灯神\。,哈尼族
滇剧,第一批,传统戏剧,云南省,宜良滇剧昆明市宜良县滇剧演出的年代较早。据《曲靖地区戏曲志》记载清末民初宜良县就有陈维纯组建的滇剧班子主要演折子戏也演出根据民间故事改编的条纲戏。由于演出活动较频繁就在当地培养了一大批滇剧艺人。年宜良成立了协兴滇剧社把一些分散在民间的滇剧艺人吸收入社。年宜良的滇剧班子合并于曲靖地区滇剧团在宜良成立了曲靖地区滇剧团一队。年宜良在滇剧一队的基础上成立了宜良县滇剧团云南省著名滇剧演员彭国珍、竹八音、小八音、戚少斌及琴师殷质泰等都曾是该团早期的骨干。年宜良县滇剧团解散。年以宜良县文艺宣传队为基础恢复了滇剧团不但招回了一部分滇剧老艺人还吸收了一批年轻演员演出了滇剧连台本戏《狸猫换太子》、《七侠五义》、《三姐下凡》、《杨家将》、《樊梨花》等观众十分踊跃滇剧演出日益兴盛。年后宜良县滇剧团创作了历史剧《天波潮》、《穿袈裟的军人》等剧目参加曲靖地区文艺汇演并获奖。后来又创作了民间故事剧《兔仙救龙记》、现代剧《野菊花》、《绿林新传奇》等剧目在昆明市戏剧汇演中均获奖。宜良县滇剧历史传统久远有一批知名的老艺人艺术根底较深唱腔、曲调、表演、服装都体现了滇剧的艺术风格韵味浓郁在云南省滇剧演出活动中享有较高的声誉深受群众喜爱。凤庆滇剧临沧市凤庆县滇剧历史悠久有史可考的最早传入时间为清光绪三十二年年刘金玉的天庆班到该地演出受到当地群众的喜爱后产生了一批滇剧票友。一些地方官绅等筹款建戏台购戏装组织演出并不断邀请滇剧班和著名演员演出了许多滇剧剧目滇剧在凤庆的演出活动影响增大流布更广。在此过程中产生了一批有一定造诣的当地票友生、旦、净、丑都有有的还搭班下海以演出滇剧为生。年成立第一个业余滇剧社尚友社所演剧本大多为年由务本堂、云南大新书店、瑞华书局出版的《滇剧大观》、《新滇剧》、《滇剧曲谱》等并移植了一些川剧剧目。抗战期间尚友社多次募捐义演《木兰从军》、《苏武牧羊》、《岳飞传》等剧目所得收入全部捐给前方或灾区受到当时的省政府表彰。年顺宁滇剧团成立后改为凤庆滇剧团。经过多年演出实践凤庆滇剧团已基本形成一支行当齐全阵容整齐唱、念、做、打各具风格有一定影响的滇剧演出队伍在保留传统剧目的同时为改革滇剧唱腔作出了贡献。如赵兴仁创出的反丝弦、反二黄及融襄阳、胡琴、丝弦和杂牌小调为一体的五音联蝉丰富发展了滇剧唱腔。在演绎好移植剧目的同时产生了一批诸如《夜梅》、《双冤案》、《生日蛋糕》、《借嫁妆》、《阳雀叫醒梦中人》、《涌金烈火》、《心愿》、《对象》、《金秋宴》、《蜂王选婿》等重要的、具有代表性的地方原创剧目参加过省级汇演并获奖培养了一批有一定影响的表演者和剧作者。凤庆滇剧在发展过程中在出人、出戏及滇剧音乐的创新上都有自己的贡献在全省有较好的影响是研究滇剧历史不可或缺的一个重要组成部分。由于生产生活方式的变化加上文化消费的多元化该县滇剧团于年解散后已很少演滇剧但不少业余爱好者和民间艺人仍然在节假日或红白喜事等场合组织一些围鼓演唱板凳戏凤庆滇剧在民间仍占有重要的一席之地但面临消退状态。,省级,宜良\滇剧\昆明市\宜良县\滇剧\演出\的\年代\较\早\。\据\《\曲靖\地区\戏曲\志\》\记载\清末\民初\宜良县\就\有\陈维纯\组建\的\滇剧\班子\主要\演\折子戏\也\演出\根据\民间故事\改编\的\条纲戏\。\由于\演出\活动\较\频繁\就\在\当地\培养\了\一大批\滇剧\艺人\。\年\宜良\成立\了\协兴\滇\剧社\把\一些\分散\在\民间\的\滇剧\艺人\吸收\入社\。\年\宜良\的\滇剧\班子\合并\于\曲靖\地区\滇\剧团\在\宜良\成立\了\曲靖\地区\滇\剧团\一队\。\年\宜良\在\滇剧\一队\的\基础\上\成立\了\宜良县\滇\剧团\云南省\著名\滇剧\演员\彭国珍\、\竹\八音\、\小\八音\、\戚少斌\及\琴师\殷质\泰\等\都\曾\是\该团\早期\的\骨干\。\年\宜良县\滇\剧团\解散\。\年\以\宜良县\文艺\宣传队\为\基础\恢复\了\滇\剧团\不但\招回\了\一部分\滇剧\老\艺人\还\吸收\了\一批\年轻\演员\演出\了\滇剧\连台本戏\《\狸猫换\太子\》\、\《\七侠五义\》\、\《\三姐\下凡\》\、\《\杨家将\》\、\《\樊梨花\》\等\观众\十分\踊跃\滇剧\演出\日益\兴盛\。\年\后\宜良县\滇\剧团\创作\了\历史剧\《\天波\潮\》\、\《\穿\袈裟\的\军人\》\等\剧目\参加\曲靖\地区\文艺\汇演\并\获奖\。\后来\又\创作\了\民间故事\剧\《\兔仙\救龙记\》\、\现代\剧\《\野菊花\》\、\《\绿林\新\传奇\》\等\剧目\在\昆明市\戏剧\汇演\中均\获奖\。\宜良县\滇剧\历史\传统\久远\有\一批\知名\的\老\艺人\艺术\根底\较\深\唱腔\、\曲调\、\表演\、\服装\都\体现\了\滇剧\的\艺术风格\韵味\浓郁\在\云南省\滇剧\演出\活动\中\享有\较\高\的\声誉\深受\群众\喜爱\。\凤庆\滇剧\临沧市\凤庆县\滇剧\历史悠久\有\史可考\的\最早\传入\时间\为\清光绪\三十二年\年\刘\金玉\的\天庆\班到\该地\演出\受到\当地\群众\的\喜爱\后\产生\了\一批\滇剧\票友\。\一些\地方\官绅\等\筹款\建\戏台\购\戏装\组织\演出\并\不断\邀请\滇剧\班\和\著名演员\演出\了\许多\滇剧\剧目\滇剧\在\凤庆\的\演出\活动\影响\增大\流布\更广\。\在\此\过程\中\产生\了\一批\有\一定\造诣\的\当地\票友\生\、\旦\、\净\、\丑\都\有\有\的\还\搭班\下海\以\演出\滇剧\为生\。\年\成立\第一个\业余\滇\剧社\尚\友社\所\演剧\本\大多\为\年\由务\本堂\、\云南\大新\书店\、\瑞华\书局\出版\的\《\滇剧\大观\》\、\《\新\滇剧\》\、\《\滇剧\曲谱\》\等\并\移植\了\一些\川剧\剧目\。\抗战\期间\尚\友社\多次\募捐\义演\《\木兰从军\》\、\《\苏武\牧羊\》\、\《\岳飞\传\》\等\剧目\所得\收入\全部\捐给\前方\或\灾区\受到\当时\的\省政府\表彰\。\年\顺宁\滇\剧团\成立\后\改为\凤庆\滇\剧团\。\经过\多年\演出\实践\凤庆\滇\剧团\已\基本\形成\一支\行当\齐全\阵容\整齐\唱\、\念\、\做\、\打\各具\风格\有\一定\影响\的\滇剧\演出\队伍\在\保留\传统剧目\的\同时\为\改革\滇剧\唱腔\作出\了\贡献\。\如赵\兴仁\创出\的\反\丝弦\、\反二黄\及融\襄阳\、\胡琴\、\丝弦\和\杂牌\小调\为\一体\的\五音\联蝉\丰富\发展\了\滇剧\唱腔\。\在\演绎\好\移植\剧目\的\同时\产生\了\一批\诸如\《\夜梅\》\、\《\双\冤案\》\、\《\生日蛋糕\》\、\《\借\嫁妆\》\、\《\阳雀\叫醒\梦中人\》\、\《\涌金\烈火\》\、\《\心愿\》\、\《\对象\》\、\《\金秋\宴\》\、\《\蜂王\选婿\》\等\重要\的\、\具有\代表性\的\地方\原创\剧目\参加\过\省级\汇演\并\获奖\培养\了\一批\有\一定\影响\的\表演者\和\剧作者\。\凤庆\滇剧\在\发展\过程\中\在\出人\、\出戏\及\滇剧\音乐\的\创新\上\都\有\自己\的\贡献\在\全省\有\较\好\的\影响\是\研究\滇剧\历史\不可或缺\的\一个\重要\组成部分\。\由于\生产\生活方式\的\变化\加上\文化\消费\的\多元化\该县\滇\剧团\于\年\解散\后\已\很少\演\滇剧\但\不少\业余\爱好者\和\民间艺人\仍然\在\节假日\或\红白喜事\等\场合\组织\一些\围鼓\演唱\板凳\戏\凤庆\滇剧\在\民间\仍\占有\重要\的\一席之地\但\面临\消退\状态\。,
彝剧,第一批,传统戏剧,云南省,彝剧主要流传于楚雄彝族自治州境内的彝族聚居地区和云南省内部分彝族自治县。彝族最早的戏剧演出活动始于年原楚雄州大姚县直苴乡现属永仁县小学教师用彝族歌舞编演过节目但未普及。新中国建立后一批革命歌曲和文艺节目传入彝族地区一些有文化的彝族青年受其影响运用本民族中流行的民歌小调和跳歌形式编演文艺节目。年大姚县昙华乡麻杆房俱乐部民办教师杨森采用端公跳神的某些动作与神态以《梅葛调》、《过山调》、《放羊调》为唱腔结合彝族民间歌舞模仿汉族花灯形式编演了《谁是医生》、《牧羊在林中》、《狼来了》、《半夜羊叫》等剧目。年大姚县昙华乡业余彝剧团参加文化部在大理召开的西南区民族文化工作会议时演出了《半夜羊叫》受到赞扬与肯定并正式定名为彝剧。大姚县昙华乡也就成为彝剧的发源地。彝剧音乐由彝族流行的山歌小调、舞曲和器乐曲结合形成唱腔称为山歌体尚未形成固定的板腔和联曲体。主要曲调有《梅葛调》、《过山调》、《放羊调》、《大松平调》、《曼嫫若调》等乐曲有《芦笙曲》、《唢呐曲》、《月琴曲》等。彝族跳歌用的笛子、三弦或月琴、芦笙也是彝剧的主要伴奏乐器俗称三大件。目前彝剧表演还未形成一套完整的程式也没有严格的行当分工最初是以模拟某些生活动作和动物特征的简单表演后又从毕摩彝族祭司祭祀和唱《梅葛》的动作、声调、表情中吸收一些表演技巧再从打跳中提取某些身段、步伐变成节奏性和舞蹈性较强的表演技巧发展为以歌、舞、乐、剧结合的表现形式散发着浓郁的民族生活气息和鲜明的民族特点。彝剧已创作演出近百个剧目多属反映现实生活的现代戏。主要代表剧目有《半夜羊叫》、《曼嫫与玛若》、《歌场两家亲》、《查德恩达》、《银锁》、《掌火人》等。,省级,彝剧\主要\流传\于\楚雄彝族自治州\境内\的\彝族\聚居\地区\和\云南省\内\部分\彝族\自治县\。\彝族\最早\的\戏剧\演出\活动\始于\年原\楚雄州\大姚县\直\苴\乡\现属\永仁县\小学教师\用\彝族\歌舞\编演\过\节目\但\未\普及\。\新\中国\建立\后\一批\革命\歌曲\和\文艺节目\传入\彝族\地区\一些\有\文化\的\彝族\青年\受其\影响\运用\本\民族\中\流行\的\民歌\小调\和\跳歌\形式\编演\文艺节目\。\年\大姚县\昙华乡\麻杆\房\俱乐部\民办教师\杨森\采用\端公\跳神\的\某些\动作\与\神态\以\《\梅葛\调\》\、\《\过山调\》\、\《\放羊\调\》\为\唱腔\结合\彝族\民间\歌舞\模仿\汉族\花灯\形式\编演\了\《\谁\是\医生\》\、\《\牧羊\在\林中\》\、\《\狼来了\》\、\《\半夜\羊\叫\》\等\剧目\。\年\大姚县\昙华乡\业余\彝\剧团\参加\文化部\在\大理\召开\的\西南区\民族文化\工作\会议\时\演出\了\《\半夜\羊\叫\》\受到\赞扬\与\肯定\并\正式\定名\为\彝剧\。\大姚县\昙华乡\也\就\成为\彝剧\的\发源地\。\彝剧\音乐\由\彝族\流行\的\山歌\小调\、\舞曲\和\器乐曲\结合\形成\唱腔\称为\山歌\体\尚未\形成\固定\的\板腔\和\联\曲体\。\主要\曲调\有\《\梅葛\调\》\、\《\过山调\》\、\《\放羊\调\》\、\《\大松\平调\》\、\《\曼\嫫\若调\》\等\乐曲\有\《\芦笙\曲\》\、\《\唢呐\曲\》\、\《\月\琴曲\》\等\。\彝族\跳歌\用\的\笛子\、\三弦\或\月琴\、\芦笙\也\是\彝剧\的\主要\伴奏\乐器\俗称\三\大件\。\目前\彝剧\表演\还\未\形成\一套\完整\的\程式\也\没有\严格\的\行当\分工\最初\是\以\模拟\某些\生活\动作\和\动物\特征\的\简单\表演\后\又\从\毕摩\彝族\祭司\祭祀\和\唱\《\梅葛\》\的\动作\、\声调\、\表情\中\吸收\一些\表演\技巧\再\从\打跳\中\提取\某些\身段\、\步伐\变成\节奏性\和\舞蹈\性较\强\的\表演\技巧\发展\为\以歌\、\舞\、\乐\、\剧\结合\的\表现形式\散发\着\浓郁\的\民族\生活气息\和\鲜明\的\民族特点\。\彝剧\已\创作\演出\近\百个\剧目\多属\反映\现实生活\的\现代戏\。\主要\代表\剧目\有\《\半夜\羊\叫\》\、\《\曼\嫫\与\玛若\》\、\《\歌场\两家\亲\》\、\《\查德\恩达\》\、\《\银锁\》\、\《\掌火人\》\等\。,彝族
白剧,第一批,传统戏剧,云南省,白剧主要流传于大理白族自治州及丽江市部分白族聚居地区。白剧原名吹吹腔剧是大理地区白族演唱的一个古老剧种与明代的弋阳腔有渊源关系。白剧音乐包括唱腔音乐和伴奏曲谱两大部分。唱腔音乐由吹吹腔和大本曲两大类组成同时还吸收改编了部分民间乐曲伴奏音乐包括传统吹吹腔的唢呐曲牌、打击乐和大本曲的三弦曲牌亦吸收了部分民间吹打乐和歌舞乐。有的唱腔按行当分为小生、小旦、摇旦、须生腔有的按人物身份和动作分为英雄腔、哭腔、苦腔有的按节拍、唱法分为平板、高腔、一字腔、流水板等。另外还有《风绞雪》、《课课子》和白族民歌曲调《麻雀调》、《泥鳅调》、《朝山调》等。唱词多采用白族山花体格式即三七一五或七七一五人称七句半。用白语或汉语演唱道白用汉语白音。角色按生、旦、净、丑行当扮演各种人物。表演规律严谨节奏鲜明不仅舞蹈性很强而且还有一些表现力强的武功。白剧只用红、黑、白、蓝、紫色的独特脸谱以区分不同的人物性格。伴奏乐队除保留唢呐和三弦两种传统乐器外现已发展为以民族乐器为主的中西混合乐队。白剧剧目丰富目前收集到大约多个其中传统剧目多个新中国成立后新创、整理、改编的剧目余个。内容主要有袍带戏、生活剧、民间传说故事剧、新编历史剧和现代戏类。年大理白族自治州白剧团正式成立。《红色三弦》、《苍山红梅》、《望夫云》、《阿盖公主》、《情暖苍山》、《苍山会盟》、《白月亮白姐姐》等剧目多次被选调晋京演出并在国内外巡回演出曾荣获文华奖、曹禺剧目奖等省级和国家级大奖团体和个人获国家级奖励近百项。多年来白剧博采众长吸收了京剧、滇剧、花灯、川剧等戏曲剧种的表演手段以及本民族和其他民族的舞蹈语汇使其表演手段更加丰富多彩既保持古老剧种的民族特色又注意戏曲的程式化、生活化具有鲜明的时代特点和民族特点培养和造就了一批有一定知名度和影响力的白剧艺术家吸引着不少专家学者对白剧艺术进行研究在大理白族地区有着深厚的群众基础。,省级,白剧\主要\流传\于\大理白族自治州\及\丽江市\部分\白族\聚居\地区\。\白剧\原名\吹吹腔\剧是\大理\地区\白族\演唱\的\一个\古老\剧种\与\明代\的\弋阳腔\有\渊源\关系\。\白剧\音乐\包括\唱腔\音乐\和\伴奏\曲谱\两\大部分\。\唱腔\音乐\由\吹吹腔\和\大本曲\两大类\组成\同时\还\吸收\改编\了\部分\民间\乐曲\伴奏\音乐\包括\传统\吹吹腔\的\唢呐\曲牌\、\打击乐\和\大本曲\的\三弦\曲牌\亦\吸收\了\部分\民间\吹打乐\和\歌舞\乐\。\有\的\唱腔\按\行当\分为\小生\、\小旦\、\摇旦\、\须生\腔\有\的\按\人物\身份\和\动作\分为\英雄\腔\、\哭腔\、\苦腔\有\的\按\节拍\、\唱法\分为\平板\、\高腔\、\一字腔\、\流水板\等\。\另外\还有\《\风绞雪\》\、\《\课课\子\》\和\白族\民歌\曲调\《\麻雀\调\》\、\《\泥鳅\调\》\、\《\朝山\调\》\等\。\唱词\多\采用\白族\山花\体格\式\即\三\七一五\或\七\七一五\人称\七句\半\。\用\白语\或\汉语\演唱\道白\用\汉语\白音\。\角色\按生\、\旦\、\净\、\丑行\当\扮演\各种\人物\。\表演\规律\严谨\节奏\鲜明\不仅\舞蹈\性\很\强\而且\还有\一些\表现力\强\的\武功\。\白剧\只用\红\、\黑\、\白\、\蓝\、\紫色\的\独特\脸谱\以\区分\不同\的\人物性格\。\伴奏\乐队\除\保留\唢呐\和\三弦\两种\传统\乐器\外\现已\发展\为\以\民族乐器\为主\的\中西\混合\乐队\。\白剧\剧目\丰富\目前\收集\到\大约\多个\其中\传统剧目\多个\新\中国\成立\后\新创\、\整理\、\改编\的\剧目\余个\。\内容\主要\有\袍带戏\、\生活\剧\、\民间传说\故事\剧\、\新编历史剧\和\现代戏\类\。\年\大理白族自治州\白\剧团\正式\成立\。\《\红色\三弦\》\、\《\苍山\红梅\》\、\《\望夫云\》\、\《\阿盖\公主\》\、\《\情暖\苍山\》\、\《\苍山会盟\》\、\《\白\月亮\白姐姐\》\等\剧目\多次\被\选调\晋京\演出\并\在\国内外\巡回演出\曾\荣获\文华奖\、\曹禺\剧目\奖\等\省级\和\国家级\大奖\团体\和\个人\获\国家级\奖励\近\百项\。\多年\来\白剧\博采众长\吸收\了\京剧\、\滇剧\、\花灯\、\川剧\等\戏曲\剧种\的\表演\手段\以及\本\民族\和\其他\民族\的\舞蹈语汇\使\其\表演\手段\更加\丰富多彩\既\保持\古老\剧种\的\民族特色\又\注意\戏曲\的\程式化\、\生活化\具有\鲜明\的\时代特点\和\民族特点\培养\和\造就\了\一批\有\一定\知名度\和\影响力\的\白剧\艺术家\吸引\着\不少\专家学者\对\白剧\艺术\进行\研究\在\大理\白族\地区\有着\深厚\的\群众\基础\。,白族
壮族渔鼓,第一批,曲艺,云南省,壮族渔鼓庄巴是流传于文山壮族苗族自治州西畴县的壮族曲艺形式。明清以来汉族大量移居文山将渔鼓演唱也带到壮族寨子开始用壮族民间曲调演唱渔鼓并收徒传艺。当地传说汉族在一次战败后逃躲追兵时被大河挡住了去路面对湍急的河水士兵们不由自主地唱出自己悲伤绝望的心情歌声感动了河里的一条大鱼这条大鱼就把他们送到河对岸躲过了追兵。从此他们就用木头刻成鱼形做成鼓边轻敲渔鼓边唱出对鱼的怀念感激之情。明朝时壮族布侬人的侬志高在壮族寨子演唱渔鼓并流传普及开来。西畴县鸡街乡世传布摩祭司证实其祖上曾将鱼皮绷在竹筒上做成渔鼓用来为丧事的祭祀吟诵做伴奏。传统渔鼓共有调既有说白又有唱词。下坝村渔鼓说唱主要以哭丧为主丧事时上祭到第一家时要唱调第一家献饭时又唱调送上山时还要唱调。伴奏乐器除渔鼓和简板外还有笛子、二胡、京胡、钹、锣等。表演者有坐唱和站唱两种形式有单人、双人和多人集体表演。演员怀抱渔鼓手持高板边击拍渔鼓、简板边用壮、汉两种语言演唱。壮族渔鼓用壮歌民歌小调演唱旋律起伏不大吐字清楚重在叙事人们都能听懂成为壮族渔歌演唱的基本曲调。世纪年代西畴县文化馆的伙辅德曾拜师学过渔鼓与壮族文艺工作者一同创作了现代曲目《劈山引水带头人》使壮族渔鼓走上舞台开始为外界所知。后来又创作了《五唱民主选举》、《五兄弟葬父》等曲目使壮族渔鼓不断发展艺术表现形式日趋完善。壮族渔鼓有一定的艺术性加工改编过的渔鼓说唱更是具有突出的民族风格和地方特点。近多年来由于专业剧团演出不景气渔鼓演唱更少人问津。民间的传统曲目逐渐失传掌握鱼皮绷鼓技法的艺人渐少说唱艺人多数年岁已高渔鼓的影响远不如前。,省级,壮族渔鼓\庄巴是\流传\于\文山壮族苗族自治州\西畴县\的\壮族\曲艺\形式\。\明清\以来\汉族\大量\移居\文山\将\渔鼓\演唱\也\带到\壮族\寨子\开始\用\壮族\民间\曲调\演唱\渔鼓\并\收徒\传艺\。\当地\传说\汉族\在\一次\战败\后\逃\躲\追兵\时\被\大河\挡住\了\去路\面对\湍急\的\河水\士兵\们\不由自主\地唱出\自己\悲伤\绝望\的\心情\歌声\感动\了\河里\的\一条\大鱼\这\条\大鱼\就\把\他们\送到\河\对岸\躲过\了\追兵\。\从此\他们\就\用\木头\刻成\鱼形\做成\鼓边\轻敲\渔鼓\边唱出\对\鱼\的\怀念\感激\之情\。\明朝\时\壮族\布\侬人\的\侬\志\高\在\壮族\寨子\演唱\渔鼓\并\流传\普及\开来\。\西畴县\鸡街\乡世\传布\摩\祭司\证实\其\祖上\曾\将\鱼皮\绷\在\竹筒\上\做成\渔鼓\用来\为\丧事\的\祭祀\吟诵\做\伴奏\。\传统\渔鼓\共有\调\既有\说白\又\有\唱词\。\下坝村\渔鼓\说唱\主要\以\哭丧\为主\丧事\时上\祭到\第一家\时要\唱调\第一家\献\饭时\又\唱\调送\上山\时\还要\唱调\。\伴奏\乐器\除\渔鼓\和\简板\外\还有\笛子\、\二胡\、\京胡\、\钹\、\锣\等\。\表演者\有\坐唱\和\站唱\两种\形式\有\单人\、\双人\和\多\人\集体\表演\。\演员\怀抱\渔鼓\手持\高\板边\击\拍\渔鼓\、\简板\边用\壮\、\汉\两种\语言\演唱\。\壮族渔鼓\用\壮歌\民歌\小调\演唱\旋律\起伏\不大\吐字\清楚\重在\叙事\人们\都\能\听懂\成为\壮族\渔歌\演唱\的\基本\曲调\。\世纪\年代\西畴县\文化馆\的\伙\辅德\曾\拜师\学过\渔鼓\与\壮族\文艺工作者\一同\创作\了\现代\曲目\《\劈山\引水\带头人\》\使\壮族渔鼓\走上\舞台\开始\为\外界\所知\。\后来\又\创作\了\《\五唱\民主选举\》\、\《\五\兄弟\葬父\》\等\曲目\使\壮族渔鼓\不断\发展\艺术\表现形式\日趋完善\。\壮族渔鼓\有\一定\的\艺术性\加工\改编\过\的\渔鼓\说唱\更是\具有\突出\的\民族风格\和\地方\特点\。\近\多年\来\由于\专业\剧团\演出\不景气\渔鼓\演唱\更少\人\问津\。\民间\的\传统\曲目\逐渐\失传\掌握\鱼皮\绷鼓\技法\的\艺人\渐少\说唱\艺人\多数\年岁\已高\渔鼓\的\影响\远不如\前\。,壮族
彝族梅葛,第一批,曲艺,云南省,彝族梅葛是云南彝族的一个主要曲种流传在楚雄彝族自治州大姚、姚安、永仁等县的彝族聚居区。梅葛意为口头说唱的古老故事是一部古老的长篇说唱史诗无文字记载主要靠口耳相传、沿袭演唱而保存下来。内容是彝族人对开天辟地、万物起源的理解以及生产劳动、婚丧嫁娶、风情习俗的记述它被视为彝族人民的根谱并被誉为彝族历史生活的百科全书。新中国成立后梅葛得到各级文化主管部门的重视并逐步为更多人所认识。年月我国著名作家茅盾出席亚洲作家会议在其报告中说中国彝族万千行的长诗《梅葛》也是口头流传的关于人类历史及对大自然斗争的史诗。梅葛曲本主要由创世、造物、婚配、丧葬个部分组成虽然不是一个完整的故事但它的每一章互相不可分割通篇或分章演唱均可。梅葛曲调分为正调和慢调两种根据演唱内容不同又分为赤梅葛、辅梅葛、赤梅拉梅和娃娃梅葛四类其中赤梅葛和辅梅葛属于比较古老的曲调又叫古腔调。赤梅葛一般是悲调又叫哀调忧伤低沉多用于丧葬、祭祀辅梅葛一般是喜调婉转抒情多用于婚嫁、节庆、起房盖屋、生产放牧等赤梅拉梅是在上述两种古腔调的基础上发展起来的又叫杂调如大姚县昙华乡流行的过山调、玛嫫诺调、马樱花调等和婚礼时唱的请客调、讨亲调、青棚调、进门调、迎客调和送客调等。梅葛演唱有单人、双人和集体种形式前二者一般为坐唱和站唱多人演出为走唱与舞蹈结合生动活泼富有民族特色。伴奏乐器主要有葫芦笙、口弦、笛子、月琴等。用彝汉两种语言演唱唱词以七字句、五字句为常见其中以五字句居多讲求彝语声韵诙谐风趣深受彝族群众喜爱。过去演唱梅葛的歌手主要是毕摩他们既是彝族祭师又是彝族民间口头文学的保存、加工和传播者是彝族的知识分子。近年来涌现出许多青年歌手创作的曲目超出了传统的史诗范畴多用于反映彝族人民的新生活如《民兵队长阿利若》、《昙华山上不老松》、《彝家山寨新事多》、《红军长征过楚雄》、《美上加美》等先后参加了云南省民族民间音乐舞蹈汇演、全国少数民族业余文艺汇演等活动并获得各种奖励。,省级,彝族梅葛\是\云南\彝族\的\一个\主要\曲种\流传\在\楚雄彝族自治州\大姚\、\姚安\、\永仁\等\县\的\彝族\聚居区\。\梅葛\意\为\口头\说唱\的\古老\故事\是\一部\古老\的\长篇\说唱\史诗\无\文字\记载\主要\靠\口耳相传\、\沿袭\演唱\而\保存\下来\。\内容\是\彝族\人\对\开天辟地\、\万物\起源\的\理解\以及\生产\劳动\、\婚丧嫁娶\、\风情\习俗\的\记述\它\被\视为\彝族\人民\的\根谱\并\被誉为\彝族\历史\生活\的\百科全书\。\新\中国\成立\后\梅葛\得到\各级\文化\主管部门\的\重视\并\逐步\为\更\多\人\所\认识\。\年\月\我国\著名作家\茅盾\出席\亚洲\作家\会议\在\其\报告\中说\中国\彝族\万千\行\的\长诗\《\梅葛\》\也\是\口头\流传\的\关于\人类\历史\及\对\大自然\斗争\的\史诗\。\梅葛\曲本\主要\由\创世\、\造物\、\婚配\、\丧葬\个\部分\组成\虽然\不是\一个\完整\的\故事\但\它\的\每\一章\互相\不可分割\通篇\或\分章\演唱\均\可\。\梅葛\曲调\分为\正\调和\慢调\两种\根据\演唱\内容\不同\又\分为\赤\梅葛\、\辅\梅葛\、\赤\梅拉\梅\和\娃娃\梅葛\四类\其中\赤\梅葛\和\辅\梅葛\属于\比较\古老\的\曲调\又\叫\古\腔调\。\赤\梅葛\一般\是\悲调\又\叫\哀调\忧伤\低沉\多\用于\丧葬\、\祭祀\辅\梅葛\一般\是\喜调\婉转\抒情\多\用于\婚嫁\、\节庆\、\起\房盖\屋\、\生产\放牧\等\赤\梅拉\梅是\在\上述\两种\古\腔调\的\基础\上\发展\起来\的\又\叫\杂调\如\大姚县\昙华乡\流行\的\过山调\、\玛\嫫\诺调\、\马\樱花\调等\和\婚礼\时唱\的\请客\调\、\讨亲\调\、\青棚\调\、\进门\调\、\迎客\调和\送客\调等\。\梅葛\演唱\有\单人\、\双人\和\集体\种\形式\前\二者\一般\为\坐唱\和\站唱\多人\演出\为\走唱\与\舞蹈\结合\生动活泼\富有\民族特色\。\伴奏\乐器\主要\有\葫芦\笙\、\口弦\、\笛子\、\月琴\等\。\用彝汉\两种\语言\演唱\唱词\以七\字句\、\五\字句\为\常见\其中\以五\字句\居多\讲求\彝语\声韵\诙谐\风趣\深受\彝族\群众\喜爱\。\过去\演唱\梅葛\的\歌手\主要\是\毕摩\他们\既\是\彝族\祭师\又\是\彝族\民间\口头文学\的\保存\、\加工\和\传播者\是\彝族\的\知识分子\。\近年来\涌现出\许多\青年歌手\创作\的\曲目\超出\了\传统\的\史诗\范畴\多\用于\反映\彝族\人民\的\新\生活\如\《\民兵\队长\阿利\若\》\、\《\昙\华山\上\不\老松\》\、\《\彝家\山寨\新事\多\》\、\《\红军\长征\过\楚雄\》\、\《\美上\加美\》\等\先后\参加\了\云南省\民族民间\音乐舞蹈\汇演\、\全国\少数民族\业余\文艺\汇演\等\活动\并\获得\各种\奖励\。,彝族
皮影制作技艺,第一批,传统技艺,云南省,皮影戏是在腾冲县流传久远、影响广泛的一种艺术形式俗称皮人戏、皮戏、灯影子。相传明洪武年间由中原传入至今已有六百多年历史经过本地文化的不断渗透和融合创新出西腔和东腔两大流派唱腔多样剧目丰富对白风趣深受当地民众和周边各民族同胞喜爱。腾冲皮影戏剧目多取材于传奇、演义及民间故事等尤以三国戏、列国戏等连台本戏居多据统计有近出。数百年的皮影戏演出活动足迹遍及腾冲城乡和滇西的许多县市《抗战胜利》、《三十六团进腾冲》等剧目生动刻画和记录了腾冲近现代的重大史实新中国成立后在国家、省、市民族戏剧汇演中崭露头角颇受好评已成为既保持中原皮影风格又有明显边地特色的文化艺术形式。皮影靠子制作是腾冲皮影的亮点既为表演道具又是难得的艺术精品。靠子由头、手、脚、身几个部分组成线拉能活动。一个身靠可以和无数个头靠组合组配出若干个不同的人物形象加上帅帐、桌椅、殿堂、朝房、车马、轿船、兵器、坐骑、寺观、动物、花草等满足不同剧目的需要。靠子雕刻精美形象逼真通过浓淡不一的色彩染、涂或各种干湿色彩的重叠、点、晕、勾而成用色大胆色彩丰富和谐颇有韵味。靠子取材上好的黄牛皮分为硝皮、铲皮、打磨、雕刻、连接、上色等道工艺。硝皮用芒硝、鸡粪、石灰等加水混合放到清水河床里埋好半月后取出铲皮、晒干便可进行雕刻、连接和上色最后用牛皮胶或洋药即透明水彩定色定型。制作工具较简单只需剪刀、足刀、电工刀、锥子等少量工具。作为垫子的腊板特别讲究制作原料为山茶花瓣灰、蜂腊屎、苦竹灰和坝子油香油其特点是软硬适度不伤刻刀刀痕可复原刀尖也不会把腊带走。腾冲皮影靠子高大庄重差不多有其他地方的两三倍大故有云南大皮影之称。雕刻精美形象逼真在国内皮影中独树一帜有较高的艺术审美价值和收藏价值是腾冲具有影响力的特色民间工艺之一。随着影视、互联网等现代传媒的普及腾冲皮影的保护和传承受到冲击目前能在腾冲正常进行皮影制作和表演活动的仅剩固东镇的刘家寨皮影班其代表艺人刘永周也面临后继乏人之忧。,省级,皮影戏\是\在\腾冲县\流传\久远\、\影响\广泛\的\一种\艺术形式\俗称\皮人戏\、\皮戏\、\灯\影子\。\相传\明洪武\年间\由\中原\传入\至今已有\六百多年\历史\经过\本地\文化\的\不断\渗透\和\融合\创新\出西腔\和\东腔\两大\流派\唱腔\多样\剧目\丰富\对白\风趣\深受\当地\民众\和\周边\各\民族\同胞\喜爱\。\腾冲\皮影戏\剧目\多\取材于\传奇\、\演义\及\民间故事\等\尤以\三国\戏\、\列国\戏\等\连台本戏\居多\据统计\有近\出\。\数百年\的\皮影戏\演出\活动\足迹\遍及\腾冲\城乡\和\滇西\的\许多\县市\《\抗战\胜利\》\、\《\三十六\团进\腾冲\》\等\剧目\生动\刻画\和\记录\了\腾冲\近现代\的\重大\史实\新\中国\成立\后\在\国家\、\省\、\市\民族\戏剧\汇演\中\崭露头角\颇受\好评\已\成为\既\保持\中原\皮影\风格\又\有\明显\边\地\特色\的\文化\艺术形式\。\皮影\靠子\制作\是\腾冲\皮影\的\亮点\既\为\表演\道具\又\是\难得\的\艺术\精品\。\靠子\由头\、\手\、\脚\、\身\几个\部分\组成\线拉能\活动\。\一个身\靠\可以\和\无数个\头靠\组合\组配\出\若干个\不同\的\人物形象\加上\帅\帐\、\桌椅\、\殿堂\、\朝房\、\车马\、\轿船\、\兵器\、\坐骑\、\寺观\、\动物\、\花草\等\满足\不同\剧目\的\需要\。\靠子\雕刻\精美\形象\逼真\通过\浓淡\不一\的\色彩\染\、\涂\或\各种\干湿\色彩\的\重叠\、\点\、\晕\、\勾而成\用色\大胆\色彩\丰富\和谐\颇\有\韵味\。\靠子\取材\上\好\的\黄\牛皮\分为\硝皮\、\铲皮\、\打磨\、\雕刻\、\连接\、\上色\等\道\工艺\。\硝皮用\芒硝\、\鸡粪\、\石灰\等\加水\混合\放到\清水\河床\里\埋\好\半月\后\取出\铲皮\、\晒干\便\可\进行\雕刻\、\连接\和\上色\最后\用\牛皮\胶\或\洋药\即\透明\水彩\定色\定型\。\制作\工具\较\简单\只\需\剪刀\、\足刀\、\电工\刀\、\锥子\等\少量\工具\。\作为\垫子\的\腊板\特别\讲究\制作\原料\为\山茶\花瓣\灰\、\蜂腊\屎\、\苦竹\灰\和\坝子\油\香油\其\特点\是\软硬\适度\不\伤\刻刀\刀痕\可\复原\刀尖\也\不会\把\腊\带走\。\腾冲\皮影\靠子\高大\庄重\差不多\有\其他\地方\的\两三倍\大故\有\云南\大\皮影\之称\。\雕刻\精美\形象\逼真\在\国内\皮影\中\独树一帜\有\较\高\的\艺术\审美价值\和\收藏\价值\是\腾冲\具有\影响力\的\特色\民间工艺\之一\。\随着\影视\、\互联网\等\现代\传媒\的\普及\腾冲\皮影\的\保护\和\传承\受到冲击\目前\能\在\腾冲\正常\进行\皮影\制作\和\表演\活动\的\仅剩\固东镇\的\刘家\寨\皮影\班其\代表\艺人\刘永周\也\面临\后继乏人\之忧\。,
镇南月琴制作技艺,第一批,传统技艺,云南省,镇南月琴流传于楚雄彝族自治州南华县龙川镇因南华旧名镇南县而得名镇南月琴当地俗称弦子制作历史悠久清代即誉满三迤光绪《镇南州志》载州人杨氏世袭其业所造者皆有美音市之者甚重。旧时的作坊多集中城内有抱月斋、得月斋、得月楼、玩月轩等约余家以抱月斋店主郭纯熙所制最为著名。镇南月琴工艺精巧造型美观。取材有楸木板、水冬瓜木、香笋竹、弦线等。全琴由琴杆、琴簪、琴鼓、琴品、钓鱼台、琴胆等部分组成。琴杆顶部雕有老龙含珠下置个竹制琴品直达琴鼓中部两侧置琴簪弦纽四个琴鼓雕镌双龙抢宝等精致民族图案内专置系有铜钱一枚之钢丝称胆弦丝系于琴簪及琴鼓正中下部之钓鱼台上。制作共有道工序制琴框制琴板在琴板上刻花纹如链子图、火把、龙等制琴杆制调弦杆俗称弦耳朵制龙头制弦台个不等个弦台的月琴只能演奏彝族歌曲个弦台的月琴可以演奏流行歌曲制弦码装弦线上漆并在琴板中间安装一块小镜子作为装饰。做工精美玲珑剔透音色清脆悦耳节奏鲜明。多年来镇南月琴久盛不衰成为民族乐团队中必不可少的乐器之一。镇南月琴不仅是深受专业、业余文艺工作者和民间艺人喜爱的乐器它还是一件工艺精良的雕刻工艺美术品有较高的鉴赏和收藏价值。远道慕名求购者甚多除售云南各地外也销往美国、泰国、缅甸等国家。目前能制作镇南月琴者仅有龙川镇西云社区岁的郭庆云和岔河村委会岁的李树明两位艺人都没有徒弟。,省级,镇南\月琴\流传\于\楚雄彝族自治州\南华县\龙川\镇因\南华\旧名\镇\南县\而\得名\镇南\月琴\当地\俗称\弦子\制作\历史悠久\清代\即\誉满\三迤\光绪\《\镇南\州志\》\载州人\杨氏\世袭\其业\所造者\皆\有\美音\市之者\甚重\。\旧时\的\作坊\多\集中\城内\有\抱\月\斋\、\得\月\斋\、\得\月\楼\、\玩月轩\等\约\余家\以\抱\月\斋\店主\郭纯熙\所制\最为\著名\。\镇南\月琴\工艺\精巧\造型\美观\。\取材\有\楸\木板\、\水\冬瓜\木\、\香\笋竹\、\弦线\等\。\全琴\由\琴杆\、\琴簪\、\琴鼓\、\琴品\、\钓鱼台\、\琴胆\等\部分\组成\。\琴杆\顶部\雕有\老龙\含珠\下置\个\竹制\琴品\直达\琴鼓\中部\两侧\置琴\簪弦纽\四个\琴鼓雕\镌\双龙抢\宝等\精致\民族\图案\内\专置\系有\铜钱\一枚\之\钢丝\称胆\弦\丝系于\琴\簪\及琴\鼓\正中\下部\之\钓鱼台\上\。\制作\共有\道工序\制琴框\制琴板\在\琴板\上刻\花纹\如\链子\图\、\火把\、\龙等制\琴杆\制\调弦\杆\俗称\弦\耳朵\制\龙头\制弦\台个\不等\个\弦\台\的\月琴\只能\演奏\彝族\歌曲\个\弦\台\的\月琴\可以\演奏\流行歌曲\制弦码\装\弦线\上漆\并\在\琴板\中间\安装\一块\小\镜子\作为\装饰\。\做工\精美\玲珑剔透\音色\清脆悦耳\节奏\鲜明\。\多年\来\镇南\月琴\久盛不衰\成为\民族\乐\团队\中\必不可少\的\乐器\之一\。\镇南\月琴\不仅\是\深受\专业\、\业余\文艺工作者\和\民间艺人\喜爱\的\乐器\它\还是\一件\工艺\精良\的\雕刻\工艺美术品\有\较\高\的\鉴赏\和\收藏\价值\。\远道\慕名\求购\者\甚多\除售\云南\各地\外\也\销往\美国\、\泰国\、\缅甸\等\国家\。\目前\能\制作\镇南\月琴\者\仅\有\龙川\镇西\云\社区\岁\的\郭\庆云\和\岔河\村委会\岁\的\李树明\两位\艺人\都\没有\徒弟\。,彝族
斑铜制作技艺,第一批,传统技艺,云南省,斑铜工艺属民间传统金属加工工艺流传于会泽县、昆明市及东川现为昆明市东川区已有余年的历史。斑铜因天然铜矿中含有各种金属经冶炼熔铸后形成橘红色的斑纹而得名。斑铜有生斑、熟斑之分生斑由高品位天然铜矿石加工而成斑矿罕得原料不易产品甚少极为珍贵熟斑用工业熟铜通过独特的冶炼熔铸加工而成工艺虽复杂但原料丰富产品较多。生斑制品晶斑锃亮璀璨富丽典雅重量轻色彩自然光斑立体感和光泽度较好。斑铜制作工艺复杂技术要求极高一般均要经过锻打、成型、烧斑、显斑、露斑等二三十道工序历时两三个月才能完成。主要品种有香炉、蜡台、火锅、鼎、盒、瓶以及各种工艺品。会泽斑铜制作技艺会泽斑铜工艺流传于曲靖市会泽县迄今己有余年历史。年会泽斑铜曾在巴拿马国际博览会上获得银奖。其后产品远销日本、美国、澳大利亚和东南亚国家在国际上享有一定声誉。选料是斑铜加工工艺的关键会泽斑铜对原材料的要求非常高精选会泽、东川一带出产的天然铜含铜量为原料。用粟炭温火冶炼生斑待纯铜原料烧红略显白色时取出进行手工锻打然后对初成品手工打磨、抛光最后进行精加工。制作工艺精湛造型美观色彩美仑美奂主要品种有香炉、蜡台、火锅、鼎、盒、瓶以及各种工艺品代表性作品为双龙抱耳瓶。会泽斑铜曾被指定制作云南省第二届传统民族体育运动会奖杯。会泽斑铜技艺传男不传女无文字记载全凭口传心授。世纪五六十年代以来因受原材料的限制加工程序复杂成本较高生斑工艺已面临难以为继的境地目前只有家还能加工其中历史最久、名声最大的当数张克康家已传至第代传人。年张克康被云南省文化厅命名为云南省民族民间美术师。昆明斑铜制作技艺昆明斑铜制作工艺从会泽、东川等地传入已有多年。斑铜工艺复杂造价高原料稀少发展至民国年间出现了人工合成的斑铜制品人们为了区别于原来的斑铜就称之为熟斑。熟斑通过独特的冶炼熔铸加工而成产品较多但光泽度没有生斑好。民国时期昆明宝鸿号王吉兴制作的斑铜最为有名南郊官庄人栗长青造化庐所制的关圣像多杂以紫铜、黄铜、白铜风格独特。昆明斑铜工艺工序繁多有选料、除杂质、出毛料、初劈、出壳子、升起来、勒口、成形、打磨、烧斑、闹斑、煮斑、露斑、护漆等多道程序。昆明斑铜以前主要在家族内传承传男不传女新中国成立后云南省手工业管理局集中一批斑铜艺人进行规模生产年成立昆明市工艺美术厂专门设立了斑铜车间。年斑铜车间改为昆明市斑铜厂。他们对工艺进行改进不仅生产传统工艺产品还开发了现代题材的产品。在造型上不仅继承和发扬了传统特色还汲取了古滇青铜和中原青铜文化的艺术营养并结合现代雕塑手法和先进工艺在充分显示斑花特点的前提下辅以简洁洗练的装饰图案使其达到艺术的完美和统一。昆明斑铜产品主要包括实用性的生活用品和观赏工艺品造型典雅原料独特稀罕而华贵享誉国内外。现已有了一批代表性作品如牛虎案、孔雀瓶、惊鹿、大象、孔雀明王、大犀牛、薰炉等多次获得轻工部和省、市优质产品称号并作为国家收藏珍品和向外国元首馈赠的国家级礼品。,省级,斑铜\工艺\属\民间\传统\金属加工\工艺\流传\于\会泽县\、\昆明市\及\东川\现为\昆明市\东川区\已有\余年\的\历史\。\斑铜因\天然\铜矿\中\含有\各种\金属\经\冶炼\熔铸\后\形成\橘红色\的\斑纹\而\得名\。\斑铜\有生\斑\、\熟斑\之\分生\斑\由\高品位\天然\铜矿\石\加工\而\成斑\矿罕得\原料\不易\产品\甚\少\极为\珍贵\熟斑用\工业\熟铜\通过\独特\的\冶炼\熔铸\加工\而成\工艺\虽\复杂\但\原料\丰富\产品\较\多\。\生斑\制品\晶斑\锃亮\璀璨\富丽\典雅\重量轻\色彩\自然\光斑\立体感\和\光泽度\较\好\。\斑铜\制作\工艺\复杂\技术\要求\极高\一般\均\要\经过\锻打\、\成型\、\烧斑\、\显斑\、\露斑\等\二三十道\工序\历时\两三个\月\才能\完成\。\主要\品种\有\香炉\、\蜡台\、\火锅\、\鼎\、\盒\、\瓶\以及\各种\工艺品\。\会泽\斑铜制作技艺\会泽\斑铜\工艺\流传\于\曲靖市\会泽县\迄今\己\有\余年\历史\。\年\会泽\斑铜\曾\在\巴拿马\国际\博览会\上\获得\银奖\。\其后\产品\远销\日本\、\美国\、\澳大利亚\和\东南亚\国家\在\国际\上\享有\一定\声誉\。\选料\是\斑\铜\加工\工艺\的\关键\会泽\斑铜\对\原材料\的\要求\非常\高\精选\会泽\、\东川\一带\出产\的\天然\铜含\铜量\为\原料\。\用粟炭\温火\冶炼\生斑待\纯铜\原料\烧红\略显\白色\时\取出\进行\手工\锻打\然后\对\初\成品\手工\打磨\、\抛光\最后\进行\精加工\。\制作\工艺\精湛\造型\美观\色彩\美仑美奂\主要\品种\有\香炉\、\蜡台\、\火锅\、\鼎\、\盒\、\瓶\以及\各种\工艺品\代表性\作品\为\双龙\抱耳瓶\。\会泽\斑铜\曾\被\指定\制作\云南省\第二届\传统\民族\体育运动\会\奖杯\。\会泽\斑铜\技艺\传男不传\女\无\文字\记载\全凭\口传心授\。\世纪\五六十年代\以来\因受\原材料\的\限制\加工\程序\复杂\成本\较\高生\斑\工艺\已\面临\难以为继\的\境地\目前\只有\家\还\能\加工\其中\历史\最\久\、\名声\最大\的\当\数张\克康家\已\传至\第代\传人\。\年\张克康\被\云南省\文化厅\命名\为\云南省\民族民间\美术师\。\昆明\斑铜制作技艺\昆明\斑铜\制作\工艺\从\会泽\、\东川\等\地\传入\已有\多年\。\斑铜\工艺\复杂\造价\高\原料\稀少\发展\至\民国\年间\出现\了\人工合成\的\斑\铜制品\人们\为了\区别\于\原来\的\斑\铜\就\称之为\熟斑\。\熟斑\通过\独特\的\冶炼\熔铸\加工\而成\产品\较\多\但\光泽度\没有\生斑\好\。\民国时期\昆明\宝鸿号\王吉兴\制作\的\斑\铜\最为\有名\南郊\官庄\人栗\长青\造化\庐所制\的\关\圣像\多杂\以\紫铜\、\黄铜\、\白铜\风格\独特\。\昆明\斑铜\工艺\工序\繁多\有\选料\、\除\杂质\、\出\毛料\、\初\劈\、\出\壳子\、\升\起来\、\勒口\、\成形\、\打磨\、\烧斑\、\闹斑\、\煮\斑\、\露斑\、\护漆\等\多道程序\。\昆明\斑铜\以前\主要\在\家族\内\传承\传男不传\女\新\中国\成立\后\云南省\手工业\管理局\集中\一批\斑铜\艺人\进行\规模\生产\年\成立\昆明市\工艺美术\厂\专门\设立\了\斑\铜\车间\。\年\斑\铜\车间\改为\昆明市\斑\铜厂\。\他们\对\工艺\进行\改进\不仅\生产\传统工艺\产品\还\开发\了\现代\题材\的\产品\。\在\造型\上\不仅\继承\和\发扬\了\传统\特色\还\汲取\了\古\滇\青铜\和\中原\青铜\文化\的\艺术\营养\并\结合\现代\雕塑\手法\和\先进\工艺\在\充分\显示\斑花\特点\的\前提\下\辅以\简洁\洗练\的\装饰\图案\使\其\达到\艺术\的\完美\和\统一\。\昆明\斑铜\产品\主要\包括\实用性\的\生活用品\和\观赏\工艺品\造型\典雅\原料\独特\稀罕\而\华贵\享誉\国内外\。\现已\有\了\一批\代表性\作品\如牛虎案\、\孔雀\瓶\、\惊鹿\、\大象\、\孔雀\明王\、\大\犀牛\、\薰炉\等\多次\获得\轻工部\和\省\、\市\优质产品\称号\并\作为\国家\收藏\珍品\和\向\外国\元首\馈赠\的\国家级\礼品\。,
乌铜走银制作技艺,第一批,传统技艺,云南省,乌铜走银制作技艺属传统民间金属制作工艺现仅存于红河哈尼族彝族自治州石屏县异龙镇冒合岳家湾村、坝心镇和昆明市晋宁县晋城镇。走银即镀银乌铜走银即在铜胚上镂刻出精美的纹饰图样然后在阴刻的纹饰内镀银或金再将铜胚表面处理成黑色使其在庄重深沉的黑底上衬托出银金光闪闪的灿烂饰纹使工艺品显得雍容华贵瑰丽多彩。其造型奇巧制作工艺精湛特色浓郁不但具有很高的历史艺术价值和研究价值也具有较大的商业开发价值。石屏乌铜走银技艺石屏乌铜走银是石屏县历史上独具特色、驰名中外的手工技艺之一著名学者袁嘉谷的《异龙湖歌》有器精称乌铜的句子称颂的就是乌铜走银工艺品。由石屏县异龙镇冒合岳家湾岳氏兄弟始创于清雍正年间年距今已有余年的历史历代独家经营。民国年间年均产销量约件。主要工具有风箱、熔炉、铁锤大、小、钳子、大小不一的錾子錾刻花纹用。其制作过程是用铜做成铜坯呈淡红色坯上以手工绘刻花纹然后将一定比例的紫铜、黄金熔化成溶液用专用的工具瓦它拉窑泥烧制的器具手工反复打制直至像薄纸一般再用各种大小不一的錾子錾刻已经画好的图案花纹然后走银水或金水打制成型最后使用祖传秘方使之变得乌黑发亮光泽秀丽。主要产品多为器皿、墨盒、玩物图案有麒麟吐书、八仙过海、花鸟虫鱼、飞禽走兽、梅兰竹菊、龙凤鹿鹤等。工艺造型奇巧技艺精湛。产品销路甚广远销香港地区和国外极富盛誉。石屏乌铜走银传人岳中明曾在昆明民生街开店经营后其内弟苏继承掌握了此工艺年云南省人民政府为抢救民族工艺送苏继承等人前往北京参观学习两个多月回昆后在省委招待所设点研制乌铜走银工艺数月。年苏继承去世后此工艺失传迄今仅发现一位掌握此技艺的岳氏传人岳忠祥但年事已高。晋宁乌铜走银技艺晋宁乌铜走银工艺流传于昆明市晋宁县晋城镇天城门村袁家传自石屏岳家迄今已有八九十年的历史。乌铜走银器物种类多有手炉、文房四宝、酒具、花瓶、香炉、如意、首饰、烟具、首饰盒、长命锁等。工艺制作精细用料精选费工费时。乌铜上呈现银色纹样形成独特雅致的风格和极高品位很受从前一些大富人家和文人墨客的喜爱。年改革开放后袁家重操旧业慢慢开始恢复此工艺的制作和销售至今已做了几千件作品流传于晋宁县境内年以后主要在昆明的古玩市场上销售。由于是传统手工生产每年制作的作品数量非常有限。晋宁乌铜走银工艺是一项复杂的技艺对艺人要求较高而且较为全面。乌铜走银工艺独特精细做工较复杂作品古朴雅致精致美观品位极高价格昂贵具有很高的审美价值和收藏价值。由于其技艺世代独传工艺配方秘不外传所以流传至今会此工艺的人很少。目前传承仍只限于袁家只有几人掌握此绝技。,省级,乌铜走银制作技艺\属\传统\民间\金属\制作\工艺\现\仅存\于\红河哈尼族彝族自治州\石屏县\异\龙镇\冒合\岳家\湾\村\、\坝心\镇\和\昆明市\晋宁县\晋\城镇\。\走银即\镀银\乌铜\走\银即\在\铜\胚上\镂刻\出\精美\的\纹饰\图样\然后\在\阴刻\的\纹饰\内\镀银\或金\再\将\铜\胚\表面\处理\成\黑色\使\其\在\庄重\深沉\的\黑底\上\衬托出\银\金光闪闪\的\灿烂\饰纹\使\工艺品\显得\雍容华贵\瑰丽\多彩\。\其\造型\奇巧\制作\工艺\精湛\特色\浓郁\不但\具有\很\高\的\历史\艺术\价值\和\研究\价值\也\具有\较大\的\商业\开发\价值\。\石屏\乌铜\走\银\技艺\石屏\乌铜\走\银\是\石屏县\历史\上\独具特色\、\驰名中外\的\手工\技艺\之一\著名\学者\袁嘉谷\的\《\异\龙湖\歌\》\有器\精称\乌铜\的\句子\称颂\的\就是\乌铜\走\银\工艺品\。\由\石屏县\异\龙镇\冒合\岳家\湾\岳氏\兄弟\始创\于\清\雍正年间\年\距今已有\余年\的\历史\历代\独家经营\。\民国\年间\年均\产销量\约件\。\主要\工具\有\风箱\、\熔炉\、\铁锤\大\、\小\、\钳子\、\大小不一\的\錾子\錾\刻\花纹\用\。\其\制作\过程\是\用\铜\做成\铜坯\呈\淡红色\坯\上\以\手工\绘刻\花纹\然后\将\一定\比例\的\紫铜\、\黄金\熔化成\溶液\用\专用\的\工具\瓦\它\拉\窑\泥\烧制\的\器具\手工\反复\打制\直至\像\薄纸\一般\再用\各种\大小不一\的\錾子\錾\刻\已经\画好\的\图案\花纹\然后\走银水\或\金水\打制\成型\最后\使用\祖传秘方\使\之\变得\乌黑\发亮\光泽\秀丽\。\主要\产品\多为\器皿\、\墨盒\、\玩物\图案\有\麒麟\吐书\、\八仙过海\、\花鸟虫鱼\、\飞禽走兽\、\梅兰竹菊\、\龙凤\鹿鹤\等\。\工艺\造型\奇巧\技艺\精湛\。\产品\销路\甚广\远销\香港地区\和\国外\极富\盛誉\。\石屏\乌铜\走\银\传人\岳中明\曾\在\昆明\民生\街\开店\经营\后\其\内弟\苏\继承\掌握\了\此\工艺\年\云南省人民政府\为\抢救\民族\工艺\送苏\继承\等\人\前往\北京\参观\学习\两个\多月\回昆后\在\省委\招待所\设点\研制\乌铜\走\银\工艺\数月\。\年\苏\继承\去世\后此\工艺\失传\迄今\仅\发现\一位\掌握\此\技艺\的\岳氏\传人\岳忠祥\但\年事已高\。\晋宁\乌铜\走\银\技艺\晋宁\乌铜\走\银\工艺\流传\于\昆明市\晋宁县\晋\城镇\天\城门\村\袁\家传\自\石屏\岳家\迄今已有\八九十年\的\历史\。\乌铜\走\银\器物\种类\多有\手炉\、\文房四宝\、\酒具\、\花瓶\、\香炉\、\如意\、\首饰\、\烟具\、\首饰盒\、\长命锁\等\。\工艺制作\精细\用料\精选\费工\费时\。\乌铜上\呈现\银色\纹样\形成\独特\雅致\的\风格\和\极\高品位\很受\从前\一些\大富\人家\和\文人墨客\的\喜爱\。\年\改革开放\后\袁家\重操旧业\慢慢\开始\恢复\此\工艺\的\制作\和\销售\至今\已\做\了\几千\件\作品\流传\于\晋宁县\境内\年\以后\主要\在\昆明\的\古玩\市场\上\销售\。\由于\是\传统\手工\生产\每年\制作\的\作品\数量\非常\有限\。\晋宁\乌铜\走\银\工艺\是\一项\复杂\的\技艺\对\艺人\要求\较\高\而且\较为\全面\。\乌铜\走\银\工艺\独特\精细\做工\较\复杂\作品\古朴\雅致\精致\美观\品位\极高\价格昂贵\具有\很\高\的\审美价值\和\收藏\价值\。\由于\其\技艺\世代\独传\工艺\配方\秘不\外传\所以\流传\至今\会此\工艺\的\人\很少\。\目前\传承\仍\只\限于\袁家\只有\几人\掌握\此\绝技\。,哈尼族
拉祜族葫芦笙制作技艺,第一批,传统技艺,云南省,拉祜族葫芦笙制作工艺在拉祜族聚居区十分普遍思茅市澜沧拉祜族自治县木嘎乡南六村南嘎河寨是葫芦笙制作技艺水平较高的一个拉祜族村寨。拉祜族的日常生活、生产劳动、逢年过节、红白喜事等都离不开葫芦笙。南嘎河拉祜族的葫芦笙制作较精细主要工具为种大小不同的刻刀原料包括坚竹、泡竹、空心竹、葫芦、酸蜂蜡和铅等。制作工艺十分精细考究音管和葫芦的选择都非常认真。制作过程主要有摘葫芦、修葫芦修整外形和掏孔、截竹管、安装簧片、粘管、调音等道工序其中以调音最为关键一定要反复多次调试才能保证音准这道工序非师傅不能为之。葫芦笙有大有小有长有短不同的葫芦笙发出的声音高低不同。葫芦笙小的如鸡蛋大小大的可达到米以上。葫芦笙是拉祜族的吉祥物也是他们悠久历史和灿烂文化的重要见证对维系民族团结、增强民族向心力和凝聚力起到积极作用。制作葫芦笙在当地属于劳动量较轻的手工艺一般拉祜男子在十五六岁就开始学习制作此后一生都可制作。南戛河村的成年男子大多都会制作葫芦笙师承关系以家庭为单位传男不传女代代相传。由于南戛河葫芦笙簧片制作精细声音响亮音调准确加上价格便宜非常受欢迎。目前制作和销售葫芦笙已经成为南戛河重要的家庭手工业和经济增收的主要来源村民学做葫芦笙的人越来越多。,省级,拉祜族\葫芦\笙\制作\工艺\在\拉祜族\聚居区\十分\普遍\思茅市\澜沧拉祜族自治县\木嘎乡\南六村\南嘎河\寨\是\葫芦\笙\制作\技艺\水平\较\高\的\一个\拉祜族\村寨\。\拉祜族\的\日常生活\、\生产\劳动\、\逢年过节\、\红白喜事\等\都\离不开\葫芦\笙\。\南嘎河\拉祜族\的\葫芦\笙\制作\较\精细\主要\工具\为种\大小\不同\的\刻刀\原料\包括\坚竹\、\泡竹\、\空心\竹\、\葫芦\、\酸\蜂蜡\和\铅\等\。\制作\工艺\十分\精细\考究\音管\和\葫芦\的\选择\都\非常\认真\。\制作\过程\主要\有\摘\葫芦\、\修\葫芦\修整\外形\和\掏孔\、\截\竹管\、\安装\簧片\、\粘管\、\调音\等\道工序\其中\以\调音\最为\关键\一定\要\反复\多次\调试\才能\保证\音准\这\道工序\非\师傅\不能\为\之\。\葫芦\笙\有大有小\有长有短\不同\的\葫芦\笙\发出\的\声音\高低\不同\。\葫芦\笙\小\的\如\鸡蛋\大小\大\的\可\达到\米\以上\。\葫芦\笙\是\拉祜族\的\吉祥物\也\是\他们\悠久\历史\和\灿烂\文化\的\重要\见证\对\维系\民族团结\、\增强\民族\向心力\和\凝聚力\起到\积极\作用\。\制作\葫芦\笙\在\当地\属于\劳动量\较轻\的\手工艺\一般\拉祜\男子\在\十五六岁\就\开始\学习\制作\此后\一生\都\可\制作\。\南\戛\河村\的\成年\男子\大多\都\会\制作\葫芦\笙\师承\关系\以\家庭\为\单位\传男不传\女\代代相传\。\由于\南戛河\葫芦\笙簧\片\制作\精细\声音\响亮\音调\准确\加上\价格便宜\非常\受欢迎\。\目前\制作\和\销售\葫芦\笙\已经\成为\南戛河\重要\的\家庭\手工业\和\经济\增收\的\主要\来源\村民\学做\葫芦\笙\的\人\越来越\多\。,拉祜族
傣族手工造纸技艺,第一批,传统技艺,云南省,思茅市孟连傣族拉祜族佤族自治县芒信乡芒景寨傣族手工造纸工艺完整保留了中国古代造纸的步工艺流程包括采构皮、去杂质、浸泡、蒸煮、漂洗、打浆、浇纸、晒纸、揭纸等主要工序。造纸工具均为自制有抄纸器、水槽、木槌、戥子、表面平整的石头或木块、煮锅和砑光工具等。工艺传女不传男祖辈沿袭传承。造纸的主要原料是构树皮傣语称为埋沙一般每年月采集。芒景寨生产的纸主要用来书写佛经曾经为我国边疆民族地区的文化传播起到了重要的作用从其工艺内涵来看有较高科学价值和经济实用价值。该寨的造纸艺人波玉种从事造纸近年利用农闲时生产土纸每年可生产余张年收入多元。娜允镇芒老傣族寨的波艾胆和波艾章二人也从事造纸。其中波艾章在构皮中加适量榕树皮以的比例一起浸泡、蒸煮这样生产出来的纸表面光滑书写更流畅。这是傣族民间传统造纸工艺的一种创新。由于造纸过程中不添加任何化学制剂纸纤维韧性好纤维脉络清楚现在不仅专门用于抄写经文、制作佛教用品还有许多绘画师将其作为绘画的首选纸银行也把傣族土纸轧成条形用于捆扎人民币。近年傣族土纸被广泛用于包装普洱茶据说用这种纸张包装的普洱茶可长期保存并保持原有品质。随着人们对傣族土纸的不断认识傣族土纸在市场上经常供不应求。,省级,思茅市\孟连傣族拉祜族佤族自治县\芒信\乡芒\景寨\傣族\手工\造纸\工艺\完整\保留\了\中国\古代\造纸\的\步\工艺流程\包括\采构\皮\、\去\杂质\、\浸泡\、\蒸煮\、\漂洗\、\打浆\、\浇纸\、\晒纸\、\揭纸\等\主要\工序\。\造纸\工具\均\为\自制\有\抄\纸器\、\水槽\、\木槌\、\戥\子\、\表面\平整\的\石头\或\木块\、\煮\锅\和\砑\光\工具\等\。\工艺\传女\不传\男\祖辈\沿袭\传承\。\造纸\的\主要\原料\是构\树皮\傣语\称为\埋沙\一般\每年\月\采集\。\芒景寨\生产\的\纸\主要\用来\书写\佛经\曾经\为\我国\边疆民族\地区\的\文化传播\起到\了\重要\的\作用\从\其\工艺\内涵\来看\有\较\高\科学\价值\和\经济\实用价值\。\该\寨\的\造纸\艺人\波玉种\从事\造纸\近年\利用\农闲\时\生产\土纸\每年\可\生产\余张\年收入\多元\。\娜\允镇芒\老\傣族\寨\的\波艾胆\和\波艾章\二人\也\从事\造纸\。\其中\波艾章\在\构皮\中加\适量\榕树\皮以\的\比例\一起\浸泡\、\蒸煮\这样\生产\出来\的\纸\表面\光滑\书写\更\流畅\。\这是\傣族\民间\传统\造纸\工艺\的\一种\创新\。\由于\造纸\过程\中\不\添加\任何\化学\制剂\纸\纤维\韧性\好\纤维\脉络\清楚\现在\不仅\专门\用于\抄写\经文\、\制作\佛教\用品\还有\许多\绘画\师\将\其\作为\绘画\的\首选\纸\银行\也\把\傣族\土纸\轧成\条形\用于\捆扎\人民币\。\近年\傣族\土纸\被\广泛\用于\包装\普洱茶\据说\用\这种\纸张\包装\的\普洱茶\可\长期\保存\并\保持\原有\品质\。\随着\人们\对\傣族\土纸\的\不断\认识\傣族\土纸\在\市场\上\经常\供不应求\。,傣族
傣族传统制陶技艺,第一批,传统技艺,云南省,傣族传统制陶技艺傣族传统制陶工艺广泛流传于云南省傣族聚居地区历史悠久文化底蕴深厚土陶制品形制古朴至今还完整地保持着泥条盘筑法和在露天平地低温堆烧的传统工艺。傣族土陶广泛使用于日常生产、居家生活和佛事活动中。制陶工具一般由大小花纹不同的木陶拍、卵石、竹片、木板、木槌、小簸箕等组成原料是各地盛产的粘土。一般经过取土、晒土、筛土、加沙和泥、制坯晾晒、烧制等几道工序。品种主要有锅、罐、甑、壶等其中以土锅最有名。用传统制陶方法做出的土锅煮出的食物易熟味美盛水则清凉爽口煎药能保持最佳药性深受当地民众的喜爱。傣族土陶均由妇女制作为了技艺不外传现在有的地方还沿袭制陶技艺只传给儿媳而不传给女儿的习俗。随着现代社会经济的发展塑料制品、金属制品等逐渐取代了土陶制品加上土陶制作经济效益不好制作陶器的人越来越少目前普遍只有少数老年妇女掌握制作技术但均缺乏传人。红河县傣族传统制陶技艺红河县傣族土陶制作流传于红河哈尼族彝族自治州红河县迤萨镇坝蒿村。制陶工具由木陶拍、花纹板来摩、圆石恒、木板达摩、木槌火恒、锅底板扁等组成原料是当地的灰色粘土。一般经过取土、晒土、碎土、筛土、和泥、制坯、晾晒、烧制等几道工序。制作品种主要有土锅、水缸、药罐、土盆、茶壶等。红河傣族土陶传承均为家庭内传承且传女不传男因此土陶制作全由妇女完成。从前坝蒿村的傣族家家户户都会制作土陶是家庭的主要经济收入来源之一。近年来随着现代社会经济的发展制作陶器的人越来越少现村中只有一位多岁的老人刀玉化掌握制陶技艺她能制作大中小各样式的土锅、水缸、药罐等多种土陶器皿。新平县傣族传统制陶技艺新平傣族土陶制作工艺主要流传于玉溪市新平彝族傣族自治县戛洒镇戛洒村土锅寨。制陶工具有方形木陶拍无花纹和有花纹两种、鹅卵石、竹刮片、木刀、小钢刀、钢锯片、石板、木板、碎布块和小簸箕等。原料采用当地的三种泥土按比例混合。一般经过取土、晒土、舂土、筛土、加沙和泥、制坯晾晒、烧制等几道工序。土锅寨土陶制作种类和用途较多品种主要有土锅、水缸、药罐、茶壶、水杯、背壶、土碗、土甑子、花瓶、花盆和工艺品等其中以土锅的产量和销量最大。土陶均由妇女制作一直沿袭技艺不传给儿女只传给儿媳的古习。土锅寨家家户户都会做土陶制品全村户人家全部从事土陶制作能手很多其中制作技艺高超的艺人刀拉爱年被云南省文化厅授予云南省民族民间美术艺人称号。新平土锅寨制陶有一定规模知名度较高。各类造型的土陶产品除满足当地市场外也出口到东南亚国家或被作为民间工艺品收藏每年大约可销售大小各型的土锅、土陶工艺品等万件以上。孟连县傣族传统制陶技艺孟连傣族土陶制作工艺流传于思茅市孟连傣族拉祜族佤族自治县娜允镇芒展村芒养寨。制陶工具有木拍、花陶拍、卵石、轮盘等。原料是当地的粘土。一般经过取土、晒土、筛土、加沙和泥、制坯晾晒、烧制等几道工序。主要产品包括厨具类的土锅、水壶、陶罐、陶瓶、陶盘等家居类的花瓶、花盆和赕佛用的灯盏、高足盘等。制陶技艺为家庭内部传承传女不传男。现村中只有两位多岁的老人掌握技艺但已无传人。潞西市傣族传统制陶技艺潞西傣族土陶制作工艺流传于德宏傣族景颇族自治州潞西市轩岗乡芒棒村芒巷寨。制陶工具有转盘埋板、木陶拍扁波、鹅卵石麻幸、木槌、木板、牛皮或竹席等原料是当地的黑胶泥。一般经过取土、加沙和泥、制坯、晾晒、烧制等几道工序。品种主要有土锅、陶罐、甑子、茶壶等。潞西傣族土陶制作技艺传女不传男均由妇女制作土陶一直是当地傣族的收入来源之一。世纪年代制陶工艺在该寨十分普及寨中半数以上人家均制作陶器除自己使用外还销售到芒市一带。目前只有两位多岁的老人掌握制陶技艺但年岁已高近年来已不再制陶。,省级,傣族传统制陶技艺\傣族\传统\制陶\工艺\广泛\流传\于\云南省\傣族\聚居\地区\历史悠久\文化底蕴\深厚\土陶\制品\形制\古朴\至今\还\完整\地\保持\着\泥条盘筑法\和\在\露天\平地\低温\堆烧\的\传统工艺\。\傣族\土陶\广泛\使用\于\日常\生产\、\居家\生活\和\佛事\活动\中\。\制陶\工具\一般\由\大小\花纹\不同\的\木陶\拍\、\卵石\、\竹片\、\木板\、\木槌\、\小\簸箕\等\组成\原料\是\各地\盛产\的\粘土\。\一般\经过\取土\、\晒土\、\筛土\、\加沙\和泥\、\制坯\晾晒\、\烧制\等\几道\工序\。\品种\主要\有锅\、\罐\、\甑\、\壶\等\其中\以土锅\最\有名\。\用\传统\制陶\方法\做出\的\土锅\煮出\的\食物\易熟味\美盛水\则\清凉\爽口\煎药\能\保持\最佳\药性\深受\当地\民众\的\喜爱\。\傣族\土陶\均\由\妇女\制作\为了\技艺\不\外传\现在\有\的\地方\还\沿袭\制陶\技艺\只\传给\儿媳\而\不\传给\女儿\的\习俗\。\随着\现代社会\经济\的\发展\塑料制品\、\金属制品\等\逐渐\取代\了\土陶\制品\加上\土陶\制作\经济效益\不好\制作\陶器\的\人\越来越少\目前\普遍\只有\少数\老年\妇女\掌握\制作\技术\但\均\缺乏\传人\。\红河县\傣族传统制陶技艺\红河县\傣族\土陶\制作\流传\于\红河哈尼族彝族自治州\红河县\迤萨镇\坝\蒿\村\。\制陶\工具\由木陶\拍\、\花纹板\来摩\、\圆石\恒\、\木板\达摩\、\木槌\火恒\、\锅底\板扁\等\组成\原料\是\当地\的\灰色\粘土\。\一般\经过\取土\、\晒土\、\碎土\、\筛土\、\和泥\、\制坯\、\晾晒\、\烧制\等\几道\工序\。\制作\品种\主要\有\土锅\、\水缸\、\药罐\、\土盆\、\茶壶\等\。\红河\傣族\土陶\传承\均\为\家庭\内\传承\且\传女\不传\男\因此\土陶\制作\全\由\妇女\完成\。\从前\坝\蒿\村\的\傣族\家家户户\都\会\制作\土陶\是\家庭\的\主要\经济\收入\来源\之一\。\近年来\随着\现代社会\经济\的\发展\制作\陶器\的\人\越来越少\现村\中\只有\一位\多岁\的\老人\刀\玉化\掌握\制陶\技艺\她\能\制作\大中小\各\样式\的\土锅\、\水缸\、\药罐\等\多种\土陶\器皿\。\新平县\傣族传统制陶技艺\新平\傣族\土陶\制作\工艺\主要\流传\于\玉溪市\新平彝族傣族自治县\戛洒\镇\戛洒村\土锅\寨\。\制陶\工具\有\方形\木陶\拍\无\花纹\和\有\花纹\两种\、\鹅卵石\、\竹\刮片\、\木刀\、\小\钢刀\、\钢锯\片\、\石板\、\木板\、\碎布\块\和\小\簸箕\等\。\原料\采用\当地\的\三种\泥土\按\比例\混合\。\一般\经过\取土\、\晒土\、\舂\土\、\筛土\、\加沙\和泥\、\制坯\晾晒\、\烧制\等\几道\工序\。\土锅\寨\土陶\制作\种类\和\用途\较\多\品种\主要\有\土锅\、\水缸\、\药罐\、\茶壶\、\水杯\、\背壶\、\土碗\、\土\甑子\、\花瓶\、\花盆\和\工艺品\等\其中\以土锅\的\产量\和\销量\最大\。\土陶\均\由\妇女\制作\一直\沿袭\技艺\不\传给\儿女\只\传给\儿媳\的\古习\。\土锅\寨\家家户户\都\会\做\土陶\制品\全村\户\人家\全部\从事\土陶\制作\能手\很多\其中\制作\技艺高超\的\艺人\刀拉爱\年\被\云南省\文化厅\授予\云南省\民族\民间美术\艺人\称号\。\新平\土锅\寨\制陶\有\一定\规模\知名度\较\高\。\各类\造型\的\土陶\产品\除\满足\当地\市场\外\也\出口\到\东南亚\国家\或\被\作为\民间\工艺品\收藏\每年\大约\可\销售\大小\各型\的\土锅\、\土陶\工艺品\等\万件\以上\。\孟连县\傣族传统制陶技艺\孟连\傣族\土陶\制作\工艺\流传\于\思茅市\孟连傣族拉祜族佤族自治县\娜\允镇\芒展\村芒\养寨\。\制陶\工具\有木\拍\、\花陶\拍\、\卵石\、\轮盘\等\。\原料\是\当地\的\粘土\。\一般\经过\取土\、\晒土\、\筛土\、\加沙\和泥\、\制坯\晾晒\、\烧制\等\几道\工序\。\主要\产品\包括\厨具\类\的\土锅\、\水壶\、\陶罐\、\陶瓶\、\陶盘\等\家居\类\的\花瓶\、\花盆\和\赕佛\用\的\灯盏\、\高足\盘\等\。\制陶\技艺\为\家庭\内部\传承\传女\不传\男\。\现村\中\只有\两位\多岁\的\老人\掌握\技艺\但\已\无\传人\。\潞西市\傣族传统制陶技艺\潞西\傣族\土陶\制作\工艺\流传\于\德宏傣族景颇族自治州\潞西市\轩岗\乡芒\棒\村芒\巷\寨\。\制陶\工具\有\转盘\埋板\、\木陶\拍\扁波\、\鹅卵石\麻幸\、\木槌\、\木板\、\牛皮\或\竹席\等\原料\是\当地\的\黑\胶泥\。\一般\经过\取土\、\加沙\和泥\、\制坯\、\晾晒\、\烧制\等\几道\工序\。\品种\主要\有\土锅\、\陶罐\、\甑子\、\茶壶\等\。\潞西\傣族\土陶\制作\技艺\传女\不传\男均\由\妇女\制作\土陶\一直\是\当地\傣族\的\收入\来源\之一\。\世纪\年代\制陶\工艺\在\该\寨\十分\普及\寨\中\半数以上\人家\均\制作\陶器\除\自己\使用\外\还\销售\到\芒市\一带\。\目前\只有\两位\多岁\的\老人\掌握\制陶\技艺\但\年岁\已高\近年来\已\不再\制陶\。,傣族
哈尼族长街宴,第一批,民俗,云南省,哈尼族长街宴哈尼语称为知交把、多交夺或资乌夺流传于红河哈尼族彝族自治州红河南岸的哈尼族聚居区域。长街宴分为祭寨神长街宴、六月年长街宴和十月年长街宴种类型祭祀神灵、求神护佑稻谷丰收、感激神灵赐福人间、摆街心酒宴、吟唱史诗、体育竞技和歌舞狂欢等活动都包容其中。大型村落的长街宴长达数百桌礼仪齐备程序严谨仅街心宴的酒席就划分为主席、副席和大众席。长街宴期间吟唱创世史诗、迁徙史诗和叙事长诗充分体现了哈尼族追求人与自然和谐关系和构建良好人际关系的思想。祭寨神昂玛突活动中的长街宴是一年农耕活动的序曲和祈祷农耕生产活动顺利进行的仪式。每年农历十二月初属龙日开始过节。第一天杀猪祭祀寨神祈求寨神保护村寨百姓安康、六畜兴旺和来年梯田农耕丰收其后两天开始摆长街宴村寨里每家每户抬出一桌丰盛的食品上寨与下寨互相结对子轮流摆酒席共同接待外来的亲朋好友。六月年扎扎长街宴主要在元阳县胜村乡爱村、大鱼塘一带流行一般于农历六月二十四日开始杀牛祭祀天神邀请天神到人间视察民情与人同乐。然后在龙头负责组织祭祀活动者家门口开始摆长街宴一家一桌沿街连接。节日期间人们撵磨秋、荡秋千尽情欢乐祈求天神保佑庄稼顺利成熟。十月年活动中的长街宴属于庆祝丰收、共享幸福的活动一共过天。每年农历十月第一个属龙日相当于岁尾属蛇日为新年人们开始杀猪、踩粑粑杀猪祭献寨神和祖宗祈祷来年五谷丰登六畜兴旺。十月年的第天开始连续天摆街心酒宴由上寨、下寨、中寨自由结对共同待客。人们边喝美酒边唱酒歌纵情舞蹈庆贺粮食丰收气氛热烈。哈尼族长街宴展示的文化、服装服饰、音乐舞蹈和磨秋表演给人独特的审美体验它所贯穿的传统思想理念和价值准则至今仍然发挥着积极的社会功能对强化民族凝聚力有推动作用。长街宴已成为红河流域各民族友好往来、团结互助的形式之一也是当地旅游观光的主要内容。随着时代推移和旅游开发长街宴的传统文化内涵出现迅速弱化的趋势。,省级,哈尼族长街宴\哈尼语\称为\知交\把\、\多交夺\或\资乌夺\流传\于\红河哈尼族彝族自治州\红河\南岸\的\哈尼族\聚居\区域\。\长街\宴\分为\祭寨神\长街\宴\、\六月\年\长街\宴\和\十月年\长街\宴种\类型\祭祀\神灵\、\求神\护佑\稻谷\丰收\、\感激\神灵\赐福\人间\、\摆\街心\酒宴\、\吟唱\史诗\、\体育竞技\和\歌舞\狂欢\等\活动\都\包容\其中\。\大型\村落\的\长街\宴长\达\数百\桌\礼仪\齐备\程序\严谨\仅\街心\宴\的\酒席\就\划分\为\主席\、\副席\和\大众\席\。\长街\宴\期间\吟唱\创世\史诗\、\迁徙\史诗\和\叙事\长诗\充分体现\了\哈尼族\追求\人与自然\和谐\关系\和\构建\良好\人际关系\的\思想\。\祭寨神\昂玛突\活动\中\的\长街\宴是\一年\农耕\活动\的\序曲\和\祈祷\农耕\生产\活动\顺利进行\的\仪式\。\每年\农历\十二月\初属\龙日\开始\过节\。\第一天\杀猪\祭祀\寨\神\祈求\寨\神\保护\村寨\百姓\安康\、\六畜兴旺\和\来\年\梯田\农耕\丰收\其后\两天\开始\摆\长街\宴\村寨\里\每家每户\抬\出\一桌\丰盛\的\食品\上\寨\与\下\寨\互相\结对子\轮流\摆酒席\共同\接待\外来\的\亲朋好友\。\六月\年\扎扎\长街\宴\主要\在\元阳县\胜村\乡爱村\、\大\鱼塘\一带\流行\一般\于\农历\六月\二十四日\开始\杀牛\祭祀\天神\邀请\天神\到\人间\视察\民情\与\人\同乐\。\然后\在\龙头\负责\组织\祭祀\活动\者\家门口\开始\摆\长街\宴\一家\一桌\沿街\连接\。\节日期间\人们\撵\磨秋\、\荡秋千\尽情欢乐\祈求\天神\保佑\庄稼\顺利\成熟\。\十月年\活动\中\的\长街\宴\属于\庆祝\丰收\、\共享\幸福\的\活动\一共\过\天\。\每年\农历\十月\第一个\属龙日\相当于\岁尾\属\蛇\日\为\新年\人们\开始\杀猪\、\踩\粑\粑\杀猪\祭献\寨\神\和\祖宗\祈祷\来\年\五谷丰登\六畜兴旺\。\十月年\的\第天\开始\连续\天摆\街心\酒宴\由\上\寨\、\下寨\、\中寨\自由\结对\共同\待客\。\人们\边\喝\美酒\边唱\酒歌\纵情\舞蹈\庆贺\粮食\丰收\气氛\热烈\。\哈尼族长街宴\展示\的\文化\、\服装服饰\、\音乐舞蹈\和\磨秋\表演\给\人\独特\的\审美\体验\它\所\贯穿\的\传统\思想\理念\和\价值\准则\至今\仍然\发挥\着\积极\的\社会功能\对\强化\民族凝聚力\有\推动\作用\。\长街\宴\已\成为\红河\流域\各\民族\友好往来\、\团结互助\的\形式\之一\也\是\当地\旅游观光\的\主要\内容\。\随着\时代\推移\和\旅游\开发\长街\宴\的\传统文化\内涵\出现\迅速\弱化\的\趋势\。,哈尼族
哈尼族梯田农耕礼俗,第一批,民俗,云南省,哈尼族梯田农耕礼俗流传于云南省红河哈尼族彝族自治州红河、元阳、绿春、金平、建水县的哈尼族村落。哈尼族梯田农耕礼俗体系严整、形态完备包括建村立寨礼俗、开垦耕种礼俗、节庆祭典礼俗、人生礼俗、服饰饮食礼俗等大类别。建村立寨礼俗规定哈尼族的民居和村落建立必须适应梯田稻作。村址的选择必须优先考虑森林茂密、水源充足的平缓山地适宜垦殖梯田民居以有利于稻谷的干燥和安全贮藏为基本建造原则。开垦梯田、四季耕种、水源分配礼俗突出表现在哈尼族梯田稻作农耕的农事叙事长诗《浩伙腊伙》上意为四季生产歌有很强的现实规范作用。节庆祭奠礼俗按参加人数的多少分为家庭型、村落型和全民型种类型主要通过祭寨神、开秧门、矻扎扎、尝新节和十月年等节日表现。节庆祭奠礼俗是不同季节梯田耕作程序的标志性转折祭寨神意味着春耕季节的开始矻扎扎说明已从春播进入夏锄要请天上主管农事的神灵前来人间巡视秧苗。十月年标志着从秋收进入冬闲要庆祝丰收感谢上苍。人生礼俗集中体现于诞辰礼、婚礼、葬礼种人生礼仪其宗旨皆在于宣示哈尼人是梯田稻作的合格生产者。婴儿诞辰天时要举行以模拟梯田耕作劳动为核心的命名仪式。男婴和女婴的命名方式各不相同。在婚礼上新郎新娘要进入梯田象征性地做完梯田耕作的全套劳动程序。老人去世一般安葬在梯田上方或左右方象征先人永远守望梯田、庇护后人。服饰基本礼俗包括崇黑服饰纹样以日月、山川、树木、梯田图案为主款式适宜梯田劳作等。饮食礼俗受梯田稻作影响饮食结构、烹饪方式、进食场所、工具和礼节都有梯田稻作的明显特征。梯田农耕礼俗有广泛的社会基础有完整的知识、技术、信仰和价值体系及现实社会功能在哈尼族村寨中的影响力大覆盖面广。世纪年代以来梯田农耕礼俗受到外来文化的强烈冲击很多古老的礼俗已不复存在。,省级,哈尼族梯田农耕礼俗\流传\于\云南省\红河哈尼族彝族自治州\红河\、\元阳\、\绿春\、\金平\、\建水县\的\哈尼族\村落\。\哈尼族梯田农耕礼俗\体系\严整\、\形态\完备\包括\建村\立寨\礼俗\、\开垦\耕种\礼俗\、\节庆\祭典\礼俗\、\人生\礼俗\、\服饰\饮食\礼俗\等\大\类别\。\建村\立寨\礼俗\规定\哈尼族\的\民居\和\村落\建立\必须\适应\梯田\稻作\。\村址\的\选择\必须\优先\考虑\森林\茂密\、\水源\充足\的\平缓\山地\适宜\垦殖\梯田\民居\以\有利于\稻谷\的\干燥\和\安全\贮藏\为\基本\建造\原则\。\开垦\梯田\、\四季\耕种\、\水源\分配\礼俗\突出表现\在\哈尼族\梯田\稻作\农耕\的\农事\叙事\长诗\《\浩伙腊伙\》\上意\为\四季\生产\歌有\很\强\的\现实\规范\作用\。\节庆\祭奠\礼俗\按\参加\人数\的\多少\分为\家庭型\、\村落\型\和\全民\型种\类型\主要\通过\祭寨神\、\开秧门\、\矻\扎扎\、\尝新\节\和\十月年\等\节日\表现\。\节庆\祭奠\礼俗\是\不同\季节\梯田\耕作\程序\的\标志性\转折\祭寨神\意味着\春耕\季节\的\开始\矻\扎扎\说明\已\从\春播\进入\夏锄\要\请\天上\主管\农事\的\神灵\前来\人间\巡视\秧苗\。\十月年\标志\着\从\秋收\进入\冬闲\要\庆祝\丰收\感谢\上苍\。\人生\礼俗\集中体现\于\诞辰\礼\、\婚礼\、\葬礼\种\人生\礼仪\其\宗旨\皆\在于\宣示\哈尼人\是\梯田\稻作\的\合格\生产者\。\婴儿\诞辰\天时\要\举行\以\模拟\梯田\耕作\劳动\为\核心\的\命名\仪式\。\男婴\和\女婴\的\命名\方式\各不相同\。\在\婚礼\上\新郎新娘\要\进入\梯田\象征性\地\做\完\梯田\耕作\的\全套\劳动\程序\。\老人\去世\一般\安葬\在\梯田\上方\或\左右方\象征\先人\永远\守望\梯田\、\庇护\后人\。\服饰\基本\礼俗\包括\崇黑\服饰\纹样\以\日月\、\山川\、\树木\、\梯田\图案\为主\款式\适宜\梯田\劳作\等\。\饮食\礼俗\受\梯田\稻作\影响\饮食结构\、\烹饪\方式\、\进食\场所\、\工具\和\礼节\都\有\梯田\稻作\的\明显\特征\。\梯田\农耕\礼俗\有\广泛\的\社会\基础\有\完整\的\知识\、\技术\、\信仰\和\价值体系\及\现实\社会功能\在\哈尼族\村寨\中\的\影响力\大\覆盖面广\。\世纪\年代\以来\梯田\农耕\礼俗\受到\外来文化\的\强烈\冲击\很多\古老\的\礼俗\已\不复存在\。,哈尼族
石宝山歌会,第一批,民俗,云南省,剑川县位于大理白族自治州北部是典型的白族聚居县。剑川白族石宝山歌会是一个以对歌赛歌为特色的民族传统节会举办地点石宝山属剑川县沙溪镇。据考证石宝山歌会已有上千年历史。唐《蛮书》卷八载少年子弟暮夜游行闾巷吹壶卢葫芦笙或吹树叶。声韵之中皆寄情言。歌会上以歌传情或吹树叶互相招引的情景与之极为相似。歌会上对唱的白曲山花体即第一、二、三句唱词为个字第四句为个字格式最早可追溯到唐代。石宝山歌会每年农历七月二十七日至八月初一举行。主要内容有万人弹弦对歌、演唱白曲、民间艺人演奏阿吒力佛教音乐及表演乐舞等龙头三弦、三弦曲、霸王鞭舞、白族调、大白曲本子曲等都是歌会上表演的风格独具的民间艺术深受人们喜爱。歌会上对唱的调子俗称白族调或白曲即白族民间歌谣内容丰富有劳动歌、时政歌、仪式歌、情歌、生活歌、反意歌、一字歌和叙事长歌本子曲等。本子曲多有简单的故事情节以抒情为主较为有名的传统作品《鸿雁带书》、《出门调》、《月里桂花》等在石宝山歌会广泛流传。歌会上演唱的剑川白族调属山歌类曲调优美动听委婉流畅。男的唱得热烈奔放女的唱得缠绵柔和。弹弦对调是白族青年谈情说爱的巧妙方式石宝山歌会正是他们择偶的好机会。对歌不但唱情也比智慧要求即兴创作演唱一问一答间不能停顿高明的歌手对唱几天几夜也难分高下。每年歌会都有来自剑川、洱源、丽江、大理、兰坪等地的群众参加群众基础十分广泛。除了唱歌对歌外还有石龙霸王鞭舞等白族舞蹈和白族阿吒力佛教法事活动、朝拜白族地区的中央本主及阿央白石刻女阴等民俗活动。年月经剑川县人大审议通过将歌会确定为中国云南剑川石宝山歌会节。石宝山歌会融合了弹弦唱曲、求神拜佛、本主崇拜、以歌觅偶等活动独具特色是白族歌谣产生的摇篮和发展传播的基地为白族历史文化研究提供了珍贵资料在省内外和国内外均有较大影响。,省级,剑川县\位于\大理白族自治州\北部\是\典型\的\白族\聚居\县\。\剑川\白族\石宝山歌会\是\一个\以\对歌\赛歌\为\特色\的\民族\传统\节\会\举办\地点\石\宝山\属\剑川县\沙溪镇\。\据\考证\石宝山歌会\已有\上千年\历史\。\唐\《\蛮书\》\卷\八载\少年\子弟\暮夜\游行\闾巷\吹\壶卢\葫芦\笙\或\吹\树叶\。\声韵\之中\皆\寄情\言\。\歌\会上\以歌\传情\或\吹\树叶\互相\招引\的\情景\与\之\极为\相似\。\歌\会上\对唱\的\白曲\山花\体即\第一\、\二\、\三句\唱词\为个\字\第四句\为个\字\格式\最早\可追溯\到\唐代\。\石宝山歌会\每年\农历\七月\二十七日\至\八月\初一\举行\。\主要\内容\有\万人弹\弦\对歌\、\演唱\白曲\、\民间艺人\演奏\阿吒力\佛教音乐\及\表演\乐舞\等\龙头\三弦\、\三弦\曲\、\霸王鞭\舞\、\白族调\、\大白\曲\本子曲\等\都\是\歌\会上\表演\的\风格\独具\的\民间艺术\深受\人们\喜爱\。\歌\会上\对唱\的\调子\俗称\白族调\或\白曲\即\白族\民间\歌谣\内容丰富\有\劳动\歌\、\时政歌\、\仪式歌\、\情歌\、\生活\歌\、\反意\歌\、\一字歌\和\叙事\长歌\本子曲\等\。\本子曲\多有\简单\的\故事情节\以\抒情\为主\较为\有名\的\传统\作品\《\鸿雁带书\》\、\《\出门\调\》\、\《\月\里\桂花\》\等\在\石宝山歌会\广泛\流传\。\歌\会上\演唱\的\剑川\白族调\属\山歌\类\曲调\优美\动听\委婉\流畅\。\男\的\唱\得\热烈奔放\女\的\唱\得\缠绵\柔和\。\弹弦\对调\是\白族\青年\谈情说爱\的\巧妙\方式\石宝山歌会\正是\他们\择偶\的\好\机会\。\对歌\不但\唱情\也\比\智慧\要求\即兴创作\演唱\一问一答\间\不能\停顿\高明\的\歌手\对唱\几天几夜\也\难分高下\。\每年\歌会\都\有\来自\剑川\、\洱源\、\丽江\、\大理\、\兰坪\等\地\的\群众\参加\群众\基础\十分\广泛\。\除了\唱歌\对歌\外\还有\石龙\霸王鞭\舞\等\白族舞蹈\和\白族\阿吒力\佛教\法事\活动\、\朝拜\白族\地区\的\中央\本主\及\阿央白\石刻\女阴\等\民俗\活动\。\年\月经\剑川县\人大\审议\通过\将\歌会\确定\为\中国\云南\剑川\石宝山歌会\节\。\石宝山歌会\融合\了\弹\弦\唱曲\、\求神拜佛\、\本主\崇拜\、\以歌\觅\偶\等\活动\独具特色\是\白族\歌谣\产生\的\摇篮\和\发展\传播\的\基地\为\白族\历史\文化\研究\提供\了\珍贵\资料\在\省内外\和\国内外\均\有\较大\影响\。,白族
三月街,第一批,民俗,云南省,大理三月街是大理各族人民最隆重的传统节会。年经大理白族自治州人大常委会通过三月街被定为大理州的民族节每年农历三月十五至二十一举办节期为天。每年赴三月街的人数以百万计国内外参加者众多是白族最盛大的传统节日。大理三月街因于每年农历三月举行而得名是云南规模最大、参与人数最多的一年一度的集商贸、文体、饮食、风俗活动等为一体的民间集市节会。据古代文献《白国因由》、李元阳《云南通志》、徐霞客《滇游日记》及《大理县志稿》等记载三月街古名祭观音街、观音市原是从观音祭祀风俗逐渐演变而成约起始于唐永徽年间历代一直兴隆不衰呈现昔时繁盛几春秋百万金钱如水流川广苏杭精巧货买卖商场冠亚洲清李燮羲《竹枝词》的盛况。迄今约有多年历史。每年农历三月十五至二十一日省内外以及缅甸、泰国等国家来赶三月街的人数以百万计。三月街的主要内容有物资交流包括大宗药材、土特产、大牲畜、农具、百货、生活用品、茶、糖果品、食品等及工艺品、珠宝玉器交易民族体育和文艺表演如赛马、摔跤、射箭、射击、武术、棋类、球类比赛大型民族民间文艺如八角鼓、霸王鞭、舞龙、舞狮、舞蚌鹤和跑花船等表演以及群众性的对歌、赛歌。除当地白、汉等民族外彝、藏等民族和大量外来赶会者都会积极参与人潮如织盛况空前热闹非凡大理古城内外张灯结彩用各种花草在各家户外搭成的花山绚丽多姿极富特色使大理变成美奂绝伦的神奇世界。三月街是滇西各族人民经济和文化展示与交流的盛会集白族和各民族历史、经济、文化、民俗为一体在社会经济文化发展中发挥着巨大的作用在国内和东南亚有深远影响。,省级,大理三月街\是\大理\各族人民\最\隆重\的\传统\节\会\。\年经\大理白族自治州\人大常委会\通过\三月街\被\定为\大理州\的\民族\节\每年\农历\三月\十五\至\二十一\举办\节期\为天\。\每年\赴\三月街\的\人\数以百万计\国内外\参加者\众多\是\白族\最\盛大\的\传统节日\。\大理三月街\因于\每年\农历\三月\举行\而\得名\是\云南\规模\最大\、\参与\人\数最多\的\一年一度\的\集\商贸\、\文体\、\饮食\、\风俗\活动\等\为\一体\的\民间\集市\节\会\。\据\古代\文献\《\白国\因由\》\、\李元阳\《\云南\通志\》\、\徐霞客\《\滇游\日记\》\及\《\大理\县志\稿\》\等\记载\三月街\古名\祭\观音\街\、\观音市\原\是从\观音\祭祀\风俗\逐渐\演变\而\成约\起\始于\唐永徽\年间\历代\一直\兴隆\不衰\呈现\昔时\繁盛\几\春秋\百万\金钱\如\水流\川广\苏杭\精巧\货\买卖\商场\冠\亚洲\清\李燮羲\《\竹枝词\》\的\盛况\。\迄今\约\有\多年\历史\。\每年\农历\三月\十五\至\二十一日\省内外\以及\缅甸\、\泰国\等\国家\来\赶\三月街\的\人\数以百万计\。\三月街\的\主要\内容\有\物资交流\包括\大宗\药材\、\土特产\、\大牲畜\、\农具\、\百货\、\生活用品\、\茶\、\糖\果品\、\食品\等\及\工艺品\、\珠宝\玉器\交易\民族\体育\和\文艺表演\如\赛马\、\摔跤\、\射箭\、\射击\、\武术\、\棋类\、\球类\比赛\大型\民族\民间文艺\如\八角鼓\、\霸王鞭\、\舞龙\、\舞狮\、\舞蚌鹤\和\跑\花船\等\表演\以及\群众性\的\对歌\、\赛歌\。\除\当地\白\、\汉等\民族\外彝\、\藏\等\民族\和\大量\外来\赶会者\都\会\积极参与\人潮\如织\盛况空前\热闹非凡\大理\古城\内外\张灯结彩\用\各种\花草\在\各家\户外\搭成\的\花山\绚丽多姿\极富\特色\使\大理\变成\美奂\绝伦\的\神奇\世界\。\三月街\是\滇西\各族人民\经济\和\文化\展示\与\交流\的\盛会\集\白族\和\各\民族\历史\、\经济\、\文化\、\民俗\为\一体\在\社会\经济\文化\发展\中\发挥\着\巨大\的\作用\在\国内\和\东南亚\有\深远影响\。,白族
哈尼族九祭献,第一批,民俗,云南省,哈尼族九祭献哈尼语称为归基托是哈尼族最古老的民间祭祀活动流传于玉溪市元江哈尼族彝族傣族自治县因远镇的浦贵、浦海、施通个自然村。这个村是在哈尼族迁徙过程里由个同胞兄弟创建的。九祭献典礼在历史上由个村轮流主办。世纪年代九祭献曾一度中断失传直至年代初才在浦贵村得以恢复。九祭献为每三年一小祭为期天每六年一中祭时间为天九年一大祭时间为天。每次祭祀都在农历二月的第一个辰龙日开始祭祀程序和礼仪共有大类别套动作咕哧哧涡意为围着寨子走一圈举行祭祀前的祭献仪式阿奴才咋意为农耕稻作在山林中祭献神灵和祖宗阿波门祖意为爷爷莫害羞主要表现哈尼族祖先在迁徙途中碰到的艰难险阻果多撒咋即出工做活反映夫妻同劳动恩爱过日子的吃苦耐劳精神阿尼托咋即生儿育女表现传宗接代、生儿育女的过程阿腊搓意为屋外跳乐展示哈尼人的歌舞和择偶过程哈咪那哈咋即找媳妇表现自由恋爱阿认皮意为讨鲜花表现已婚未育的夫妇要向品德好、儿女齐全的夫妇乞讨鲜花象征他们未来的儿女就像鲜花一样美丽可爱、聪明伶俐咋则把涡啦即桌子收回来这是九祭献的收场仪式按照祭祀活动的开始方式进行。在整个九祭献活动中歌舞、乐器和木祖、竹马、农具、竹碗、竹杯等器具起着非常重要的作用独具地方特色。九祭献历史悠久有严格的禁忌和程序在古老的傩祭、傩舞基础上加入吟唱、讲古和棕扇舞等传统舞蹈传播着哈尼人的迁徙历程、生产生活、农耕稻作、谈情说爱、生儿育女等知识融入了哈尼族对生命崇拜的虔诚情感。九祭献是一部哈尼人历史发展的史诗它独特的文化内涵和表现形式极富民族学研究价值。,省级,哈尼族九祭献\哈尼语\称为\归\基托\是\哈尼族\最\古老\的\民间\祭祀\活动\流传\于\玉溪市\元江哈尼族彝族傣族自治县\因远镇\的\浦贵\、\浦海\、\施通个\自然村\。\这个\村是\在\哈尼族\迁徙\过程\里\由个\同胞兄弟\创建\的\。\九\祭献\典礼\在历史上\由个\村\轮流\主办\。\世纪\年代\九\祭献\曾一度\中断\失传\直至\年代\初才\在\浦贵村\得以\恢复\。\九\祭献\为\每\三年\一小\祭\为期\天\每\六年\一中\祭\时间\为天\九年\一大\祭\时间\为天\。\每次\祭祀\都\在\农历\二月\的\第一个\辰龙\日\开始\祭祀\程序\和\礼仪\共有\大\类别\套\动作\咕\哧哧\涡意\为\围着\寨子\走\一圈\举行\祭祀\前\的\祭献\仪式\阿\奴才\咋\意为\农耕\稻作\在\山林\中\祭献\神灵\和\祖宗\阿波门\祖意\为\爷爷\莫\害羞\主要\表现\哈尼族\祖先\在\迁徙\途中\碰到\的\艰难险阻\果多\撒\咋\即\出工\做活\反映\夫妻\同\劳动\恩爱\过日子\的\吃苦耐劳\精神\阿尼托\咋\即\生儿育女\表现\传宗接代\、\生儿育女\的\过程\阿腊\搓\意为\屋外\跳乐\展示\哈尼人\的\歌舞\和\择偶\过程\哈咪\那哈\咋\即\找\媳妇\表现\自由恋爱\阿认\皮意\为\讨\鲜花\表现\已婚\未育\的\夫妇\要\向\品德\好\、\儿女\齐全\的\夫妇\乞讨\鲜花\象征\他们\未来\的\儿女\就\像\鲜花\一样\美丽\可爱\、\聪明伶俐\咋\则\把\涡\啦\即\桌子\收回\来\这\是\九\祭献\的\收场\仪式\按照\祭祀\活动\的\开始\方式\进行\。\在\整个\九\祭献\活动\中\歌舞\、\乐器\和\木祖\、\竹马\、\农具\、\竹碗\、\竹杯\等\器具\起着\非常\重要\的\作用\独具\地方\特色\。\九\祭献\历史悠久\有\严格\的\禁忌\和\程序\在\古老\的\傩\祭\、\傩\舞\基础\上\加入\吟唱\、\讲古\和\棕扇舞\等\传统\舞蹈\传播\着\哈尼人\的\迁徙\历程\、\生产\生活\、\农耕\稻作\、\谈情说爱\、\生儿育女\等\知识\融入\了\哈尼族\对\生命\崇拜\的\虔诚\情感\。\九\祭献\是\一部\哈尼人\历史\发展\的\史诗\它\独特\的\文化\内涵\和\表现形式\极富\民族学\研究\价值\。,哈尼族
傣族人生礼俗,第一批,民俗,云南省,新平傣族人生礼俗流传于玉溪市新平彝族傣族自治县水塘、嘎洒、腰街、漠沙等乡镇的傣族村落。新平傣族人生礼俗形态完备体系严密包括求子礼俗、孕期礼俗、出生礼俗、取名礼俗、满月礼俗、周岁礼俗、少年礼俗、成人礼俗、文身礼俗、染齿礼俗、花街比美礼俗、婚礼礼俗和葬礼礼俗等个类别是傣家人一生的行为规范和价值准则。新平傣族花腰傣认为生子是由神灵恩赐的若女子婚后二三年未怀孕就要杀鸡献祭寨神求子、献鸡蛋向大树求子、到江边宰鸭向水神匹南求子等。女子有孕为大喜之事会得到全家人的精心关照注重胎教。新生儿出生时要杀认母鸡办祝米客以示庆贺。婴儿生下三四天后要取乳名有不同的讨名方式小孩到上学年龄还要取学名。婴儿满月时有满月礼家里的男人要到河里或田里捉鱼虾来开荤表示孩子长大后上山能打猎下河能捕鱼。周岁时行周岁礼择吉日杀鸡祭祖让婴儿抓周并请本寨的刺绣能手来家里占卜。到七八岁时举行少年礼改穿少年服饰标志着从此进入少年时期。十七八岁时举行成人礼盘头是花腰傣姑娘最重要的礼俗之一要选吉日盘头天后穿亮丽华贵的成人服装此后就可以参加花街比美了。花街节又称赶花街是新平花腰傣人隆重的民族节日也是花腰傣姑娘比美赛美、小伙子选美择美、青年男女互致爱情的盛会。此外文身和染齿是傣族传统礼俗之一新平文身较普遍多在手臂和手腕上文刺图案。婚葬礼俗也有整套程序独具特色。新平傣族人生礼俗在傣雅、傣洒和傣卡个支系中普遍流行历史悠久地域特色鲜明传承民族文化、民族精神和传统美德高度浓缩和涵盖了花腰傣文化的精华和人文价值对研究新平傣族发展史具有历史文化价值。随着社会发展花腰傣人生礼俗的活动人群日愈减少尤其是系统掌握人生礼俗的文化传承人出现后继乏人的局面傣族年轻人对人生礼俗的价值认同感日渐淡漠。,省级,新平\傣族人生礼俗\流传\于\玉溪市\新平彝族傣族自治县\水塘\、\嘎\洒\、\腰街\、\漠沙\等\乡镇\的\傣族\村落\。\新平\傣族人生礼俗\形态\完备\体系\严密\包括\求子\礼俗\、\孕期\礼俗\、\出生\礼俗\、\取名\礼俗\、\满月\礼俗\、\周岁\礼俗\、\少年\礼俗\、\成人\礼俗\、\文身\礼俗\、\染齿\礼俗\、\花街\比美\礼俗\、\婚礼\礼俗\和\葬礼\礼俗\等\个\类别\是\傣家\人\一生\的\行为规范\和\价值\准则\。\新平\傣族\花腰\傣\认为\生子\是\由\神灵\恩赐\的\若\女子\婚后\二三年\未\怀孕\就要\杀鸡\献\祭寨神\求子\、\献\鸡蛋\向\大树\求子\、\到\江边\宰鸭\向\水神\匹南\求子\等\。\女子\有孕\为\大喜\之事会\得到\全家人\的\精心\关照\注重\胎教\。\新生儿\出生\时要\杀认\母鸡\办祝米客\以示\庆贺\。\婴儿\生\下\三四天\后要\取\乳名\有\不同\的\讨名\方式\小孩\到\上学\年龄\还要\取\学名\。\婴儿\满月\时有\满月\礼\家里\的\男人\要\到\河里\或\田里\捉\鱼虾\来\开荤\表示\孩子\长大\后\上山\能\打猎\下河\能\捕鱼\。\周岁\时\行\周岁\礼\择吉\日\杀鸡\祭祖\让\婴儿\抓周\并\请\本寨\的\刺绣\能手\来\家里\占卜\。\到\七八岁\时\举行\少年\礼改\穿\少年\服饰\标志\着\从此\进入\少年时期\。\十七八岁\时\举行\成人礼\盘头\是\花\腰\傣\姑娘\最\重要\的\礼俗\之一\要选\吉日\盘\头天\后\穿\亮丽\华贵\的\成人\服装\此后\就\可以\参加\花街\比美\了\。\花街节\又称\赶花街\是\新平\花腰\傣人\隆重\的\民族节日\也\是\花\腰\傣\姑娘\比美\赛美\、\小伙子\选美\择美\、\青年\男女\互致\爱情\的\盛会\。\此外\文身\和\染齿\是\傣族\传统\礼俗\之一\新平\文身\较\普遍\多\在\手臂\和\手腕\上文刺\图案\。\婚\葬礼\俗\也\有\整套\程序\独具特色\。\新平\傣族人生礼俗\在\傣雅\、\傣洒\和\傣卡个\支系\中\普遍\流行\历史悠久\地域\特色\鲜明\传承\民族文化\、\民族\精神\和\传统美德\高度\浓缩\和\涵盖\了\花\腰\傣\文化\的\精华\和\人文\价值\对\研究\新平\傣族\发展史\具有\历史\文化价值\。\随着\社会发展\花腰\傣\人生\礼俗\的\活动\人群\日愈\减少\尤其\是\系统\掌握\人生\礼俗\的\文化传承\人\出现\后继乏人\的\局面\傣族\年轻人\对\人生\礼俗\的\价值\认同感\日渐\淡漠\。,傣族
拉祜族葫芦节,第一批,民俗,云南省,思茅市澜沧拉祜族自治县是全国唯一的拉祜族自治县。拉祜族节日较多有春节、火把节、新米节、卡腊节等其中葫芦节最具代表性和典型性充满独特的文化魅力。葫芦节拉祜语称为阿朋阿龙尼是澜沧县拉祜族最隆重的节日每年农历十月十五举行。届时各村寨都要举行歌舞狂欢男子吹奏葫芦笙领舞、男女共跳嘎克舞女子敲打象脚鼓跳摆舞男女青年进行民歌对唱举行体育与游戏表演如荡秋千、背水、打陀螺、射弩比赛。老人们相约在火塘边边饮酒边颂唱创世史诗《牡帕密帕》。在歌舞场地中央放置一对葫芦象征拉祜族的祖先让每个人都对它表示恭敬随时把祖先的恩情记在心里。据拉祜族创世史诗《牡帕密帕》、《说典噜典》中的传说描述拉祜族的祖先是天神厄莎在农历十月十五那天用葫芦培育出来的。因此拉祜族认为他们是葫芦的后代把葫芦看成是祖先的化身和全民族的吉祥物。根据此传说年月日在澜沧召开的拉祜族史研讨会上澜沧县政府、县人大常委会经征求各地参会拉祜族群众的意见决定把传说中拉祜族祖先诞生的日子法定为全县拉祜族的节日即将每年农历十月十五定为葫芦节。节日来临时人们供葫芦、跳葫芦笙舞、跳摆舞、唱葫芦史诗、玩葫芦游戏等活动都是源于葫芦信仰而产生的。对葫芦的信仰体现了山区拉祜族长期同大自然的密切关系和生存奋斗历程。葫芦节民族特色浓郁活动丰富多彩是全民歌舞狂欢的喜庆场合蕴涵着丰富的历史、文化内容。澜沧县政府每年都组织各种文体活动、科技及商业物资交流活动使传统的民族节日和发展经济相结合进一步提升葫芦节的社会影响和知名度。,省级,思茅市\澜沧拉祜族自治县\是\全国\唯一\的\拉祜族\自治县\。\拉祜族\节日\较\多\有\春节\、\火把节\、\新米节\、\卡腊节\等\其中\葫芦\节\最具\代表性\和\典型性\充满\独特\的\文化\魅力\。\葫芦\节\拉祜语\称为\阿朋阿龙尼是\澜沧\县\拉祜族\最\隆重\的\节日\每年\农历\十月\十五\举行\。\届时\各\村寨\都\要\举行\歌舞\狂欢\男子\吹奏\葫芦\笙\领舞\、\男女\共\跳嘎克舞\女子\敲打\象脚鼓\跳\摆舞\男女\青年\进行\民歌\对唱\举行\体育\与\游戏\表演\如\荡秋千\、\背\水\、\打\陀螺\、\射弩\比赛\。\老\人们\相约\在\火塘\边\边\饮酒\边颂\唱\创世\史诗\《\牡帕密帕\》\。\在\歌舞\场地\中央\放置\一对\葫芦\象征\拉祜族\的\祖先\让\每个\人\都\对\它\表示\恭敬\随时\把\祖先\的\恩情\记在\心里\。\据\拉祜族\创世\史诗\《\牡帕密帕\》\、\《\说\典噜典\》\中\的\传说\描述\拉祜族\的\祖先\是\天神\厄莎\在\农历\十月\十五\那天\用\葫芦\培育\出来\的\。\因此\拉祜族\认为\他们\是\葫芦\的\后代\把\葫芦\看成\是\祖先\的\化身\和\全\民族\的\吉祥物\。\根据\此\传说\年月日\在\澜沧\召开\的\拉祜族\史\研讨会\上\澜沧\县政府\、\县\人大常委会\经\征求\各地\参会\拉祜族\群众\的\意见\决定\把\传说\中\拉祜族\祖先\诞生\的\日子\法定\为\全县\拉祜族\的\节日\即将\每年\农历\十月\十五\定为\葫芦\节\。\节日\来\临时\人们\供\葫芦\、\跳\葫芦\笙舞\、\跳\摆舞\、\唱\葫芦\史诗\、\玩\葫芦\游戏\等\活动\都\是\源于\葫芦\信仰\而\产生\的\。\对\葫芦\的\信仰\体现\了\山区\拉祜族\长期\同\大自然\的\密切关系\和\生存\奋斗\历程\。\葫芦\节\民族特色\浓郁\活动\丰富多彩\是\全民\歌舞\狂欢\的\喜庆\场合\蕴涵着\丰富\的\历史\、\文化\内容\。\澜沧\县政府\每年\都\组织\各种\文体活动\、\科技\及\商业\物资交流\活动\使\传统\的\民族节日\和\发展\经济\相结合\进一步\提升\葫芦\节\的\社会\影响\和\知名度\。,拉祜族
苗族花山节,第一批,民俗,云南省,花山节也称踩花山或踩山红河哈尼族彝族自治州屏边苗族自治县的苗族称为奥道每年春节后的农历正月初二至初五举行是各乡镇苗族一年一度的传统节日历史古老。花山节的来历传说有二。一是相传苗族的祖先蚩尤战败不得不进行历史上的第一次举族大迁徙在迁徙过程中亲人失散为了寻找失散的亲人他们在山上立一棵树桩在树尖上系上红、白、蓝、绿四条麻布彩带召集苗族在树桩下集会相认失散的亲人。后人为了纪念亲人相认每年过年前就在苗族集居较多的地方立一花杆一起到花山场上来游玩访亲拜友。二是传说苗族战败多年后另一首领重新组织苗族起来反对统治阶级立一树桩作为集会地点后人为了纪念这次集会每年都立花杆召集苗族踩花山。苗族花山节过去通常由无子嗣而为祈求子嗣者主办。主办人称为尤厚道负责择定吉日抱着公鸡在选定的平缓坝坡上立一棵高约两三丈的五彩花杆多用大龙树陈设好酒于花山场内。届时远近各村寨男女穿着节日盛装从四面八方纷纷涌向花山场吹起芦笙爬花杆、耍武术打陀螺、踢鸡毛毽、蹬脚架、斗牛、斗鸡、斗画眉鸟、赛马、跳芦笙舞和对唱山歌。其中爬花杆是主要的比赛项目有顺爬、倒爬、顺倒旋环爬、口吹芦笙爬种形式。男女青年对唱山歌选择伴侣也是花山节的主要内容。花山节一般要过天结束时组织者要抱着公鸡祭献花杆进行倒花杆仪式。花杆倒下后人们将悬挂的布条剪下拴在孩子手上以保佑孩子健康花杆则拿来做床有容易生子之意。屏边苗族花山节内容丰富积极健康向上。花山节既是苗族传承本民族文化的一种媒介也是展示苗族服饰、歌舞艺术的平台各种文体表演与竞赛具有浓郁的民族特色。花山节有利于促进各民族之间的团结丰富当地群众文化生活。随着社会的发展花山节的传统习俗逐渐淡化。,省级,花山节\也\称\踩花山\或\踩\山\红河哈尼族彝族自治州\屏边苗族自治县\的\苗族\称为\奥道\每年\春节\后\的\农历\正月初二\至\初五\举行\是\各乡镇\苗族\一年一度\的\传统节日\历史\古老\。\花山节\的\来历\传说\有\二\。\一是\相传\苗族\的\祖先\蚩尤\战败\不得不\进行\历史\上\的\第一次\举族\大\迁徙\在\迁徙\过程\中\亲人\失散\为了\寻找\失散\的\亲人\他们\在\山上\立\一棵树\桩\在\树尖\上系\上\红\、\白\、\蓝\、\绿\四条\麻布\彩带\召集\苗族\在\树桩\下\集会\相认\失散\的\亲人\。\后人\为了\纪念\亲人\相认\每年\过年\前\就\在\苗族\集居\较\多\的\地方\立一花杆\一起\到\花山\场上\来\游玩\访亲\拜友\。\二是\传说\苗族\战败\多年\后\另\一\首领\重新\组织\苗族\起来\反对\统治阶级\立一\树桩\作为\集会\地点\后人\为了\纪念\这次\集会\每年\都\立花杆\召集\苗族\踩花山\。\苗族花山节\过去\通常\由\无子嗣\而\为\祈求\子嗣\者\主办\。\主办人\称为\尤\厚道\负责\择定\吉日\抱\着\公鸡\在\选定\的\平缓\坝坡\上立\一棵\高约\两三丈\的\五彩\花杆\多用\大\龙树\陈设\好\酒于\花山\场内\。\届时\远近\各\村寨\男女\穿着\节日\盛装\从\四面八方\纷纷\涌向\花山\场吹起\芦笙\爬\花杆\、\耍\武术\打\陀螺\、\踢\鸡毛\毽\、\蹬脚\架\、\斗牛\、\斗鸡\、\斗\画眉鸟\、\赛马\、\跳\芦笙舞\和\对\唱山歌\。\其中\爬\花杆\是\主要\的\比赛项目\有顺\爬\、\倒\爬\、\顺倒\旋环\爬\、\口\吹\芦笙\爬种\形式\。\男女\青年\对\唱山歌\选择\伴侣\也\是\花山节\的\主要\内容\。\花山节\一般\要\过天\结束\时\组织者\要\抱\着\公鸡\祭献\花杆\进行\倒花杆\仪式\。\花杆\倒下\后\人们\将\悬挂\的\布条\剪下\拴\在\孩子\手上\以\保佑\孩子\健康\花杆\则\拿来\做床\有\容易\生子\之意\。\屏边\苗族花山节\内容丰富\积极\健康\向上\。\花山节\既\是\苗族\传承\本\民族文化\的\一种\媒介\也\是\展示\苗族\服饰\、\歌舞\艺术\的\平台\各种\文体\表演\与\竞赛\具有\浓郁\的\民族特色\。\花山节\有利于\促进\各\民族\之间\的\团结\丰富\当地\群众\文化\生活\。\随着\社会\的\发展\花山节\的\传统习俗\逐渐\淡化\。,哈尼族
德昂族浇花节,第一批,民俗,云南省,浇花节德昂语称为散根是德昂族最有标志性的传统节日于每年农历清明节后第七天举行。广泛流传于德宏傣族景颇族州潞西市、盈江县、瑞丽市、陇川县和梁河县其中以潞西市三台山德昂族乡保存最为完整。从德昂族民间传说可知浇花节的渊源与南传上座部佛教传入德昂族地区有密切的关系。浇花节内容丰富节日活动按照浇佛、供品品尝比赛、祭拜天地和念经祈求风调雨顺、打水给老人洗手、对歌和传烟、浇水、歌舞表演以及送花篮等个程序逐步展开。人们穿上盛装给佛爷、佛像浇水以示对祖先、恩人的怀念和敬重还要为年过六旬的长寿老人洗尘拜寿表示对他们的感谢和祝愿。接下来青年男女相互泼水特别是向当年新婚的夫妇泼水道喜祝愿他们和睦相处一辈子幸福。泼水方式有特定的规矩给老人浇水时只能用插上鲜花的盛着清泉水的小竹水筒让水顺着花束滴到老人伸出的手心上不能泼到身上男女青年之间相互泼水时也必须用竹筒轻轻地从肩膀往下泼不能泼在头上未婚男女青年在给新婚夫妇泼水时相互间都不准出现不礼貌的粗野行为否则轻则受到众人斥责重则被剥夺参加浇花节的权利。送花篮是德昂族小伙子向姑娘表达爱慕之情的特殊方式。浇花节前小伙子们便忙碌着用竹篾编制漂亮的小花篮送给平日和自己相处较好的姑娘。其中最精致的花篮要送给自己爱慕的姑娘。姑娘到底对谁有意就看节日里背着谁送的花篮。节日里要跳德昂族传统的浇花舞以鼓、铓、镲三种打击乐器伴奏女子身背花篮男子手持竹筒做浇花状表示男女双方相互泼水祝福。浇花节是德昂族喜闻乐见、积极参与的节日活动具有广泛的群众基础集音乐、舞蹈、美术于一炉体现尊老爱幼、相互尊敬、相互谦让、和睦相处的社会风尚同时也是男女之间表达爱情的社交活动对强化德昂族的审美观念、艺术情趣及民族性格起到了不可替代的积极作用。随着年轻人价值观念和审美情趣的变迁浇花节的许多传统内容正日渐消失。,省级,浇花\节\德昂语\称为\散根\是\德昂族\最有\标志性\的\传统节日\于\每年\农历\清明节\后\第七天\举行\。\广泛\流传\于\德宏\傣族\景颇族\州\潞西市\、\盈江县\、\瑞丽市\、\陇川县\和\梁河县\其中\以\潞西市\三台山\德昂族\乡\保存\最为\完整\。\从\德昂族\民间传说\可知\浇花\节\的\渊源\与\南传\上座部佛教\传入\德昂族\地区\有\密切\的\关系\。\浇花\节\内容丰富\节日\活动\按照\浇佛\、\供品\品尝\比赛\、\祭\拜天地\和\念经\祈求\风调雨顺\、\打水\给\老人\洗手\、\对歌\和\传烟\、\浇水\、\歌舞\表演\以及\送\花篮\等\个\程序\逐步\展开\。\人们\穿\上\盛装\给\佛爷\、\佛像\浇水\以示\对\祖先\、\恩人\的\怀念\和\敬重\还要\为\年\过\六旬\的\长寿\老人\洗尘\拜寿\表示\对\他们\的\感谢\和\祝愿\。\接下来\青年\男女\相互\泼水\特别\是\向\当年\新婚\的\夫妇\泼水\道喜\祝愿\他们\和睦相处\一辈子\幸福\。\泼水\方式\有\特定\的\规矩\给\老人\浇水\时\只能\用\插\上\鲜花\的\盛\着\清\泉水\的\小竹\水筒\让\水\顺着\花束\滴\到\老人\伸出\的\手心\上\不能\泼到\身上\男女\青年\之间\相互\泼水\时\也\必须\用\竹筒\轻轻地\从\肩膀\往下\泼\不能\泼\在\头上\未婚\男女\青年\在\给\新婚夫妇\泼水\时\相互间\都\不准\出现\不礼貌\的\粗野\行为\否则\轻则\受到\众人\斥责\重则\被\剥夺\参加\浇花\节\的\权利\。\送\花篮\是\德昂族\小伙子\向\姑娘\表达\爱慕\之情\的\特殊\方式\。\浇花\节前\小伙子\们\便\忙碌\着\用\竹篾\编制\漂亮\的\小\花篮\送给\平日\和\自己\相处\较\好\的\姑娘\。\其中\最\精致\的\花篮\要\送给\自己\爱慕\的\姑娘\。\姑娘\到底\对\谁\有意\就\看\节日\里\背着\谁\送\的\花篮\。\节日\里\要\跳\德昂族\传统\的\浇花\舞以\鼓\、\铓\、\镲\三种\打击乐器\伴奏\女子\身背\花篮\男子\手持\竹筒\做\浇花\状\表示\男女双方\相互\泼水\祝福\。\浇花\节是\德昂族\喜闻乐见\、\积极参与\的\节日\活动\具有\广泛\的\群众\基础\集\音乐\、\舞蹈\、\美术\于\一炉\体现\尊老爱幼\、\相互\尊敬\、\相互\谦让\、\和睦相处\的\社会风尚\同时\也\是\男女之间\表达\爱情\的\社交活动\对\强化\德昂族\的\审美观念\、\艺术\情趣\及\民族\性格\起到\了\不可\替代\的\积极\作用\。\随着\年轻人\价值观念\和\审美\情趣\的\变迁\浇花\节\的\许多\传统\内容\正\日渐\消失\。,德昂族
翁丁村佤族传统文化保护区,第一批,传统文化保护区,云南省,翁丁佤族传统文化保护区位于临沧市沧源佤族自治县勐角乡翁丁大寨建村历史已有多年。佤族自称佤、阿佤和布饶汉语意为山地民族。翁丁大寨森林覆盖率达以上海拔米。翁丁村共有户人其中大寨户人。人均耕地面积亩人均收入元年。自然环境较好水土丰美动植物资源丰富。至今仍然保持着传统的民族服饰。佤族尚黑多以黑色为主色调。妇女服饰简洁大方穿斜襟圆领长袖短上衣或圆领中袖套头衫长裙或短裙腰系黑色或红色布带小腿裹黑布戴银项圈、银手镯、银胸牌等饰品。男子穿黑色圆领布扣开衫肥短黑色大摆裆布裤腰系黑色或红色布带肩挎长刀和筒帕烟锅倒插在背后衣领上。无论男女都包黑色包头年轻姑娘喜欢披长发青年男子多留长发。如今翁丁老人基本还穿传统服饰仅在细节上稍有变化大部分人还自织布料年青人服饰变化稍大。有染齿和文身习俗。翁丁佤族主要居住干栏式结构的茅草竹木房保留着有特色的传统建房习俗如建房要看户主年龄是否合适盖房根据户主排行选择建房时间下石脚和进新房要选日子讲究开门的方向选材严格进新房要举行仪式等。翁丁佤族仍然保留着夺铲点播旱谷、水牛耕田的生产方式用杵臼舂米用腰机织布用杂粮酿酒。保留着传统家庭手工技艺如印染、织布、纺织、竹编、藤编等。翁丁佤族与其他区域的佤族一样信奉万物有灵。木鼓是他们的镇寨之宝是可与天神对话的神器。寨桩居于打歌场中央和木鼓房、沙拉房、神林祭祀房、鬼林等场所一样都是祭祀和节日庆典活动的场所。主要祭祀活动有农历六月的开门节和公历月的围线护寨等。传统节日有春节、护寨节、新米节等其中春节最隆重一般要唱歌跳舞、杀猪宰鸡欢庆天。主要民间文学有神话传说《司岗里传说》、《达赛玛传说》等。民歌形式多样可分为情歌、儿歌、劳动歌、节庆歌、祭祀歌等。歌谣有创世歌、宗教歌词和世俗歌。音乐旋律与语调密切相关舞蹈性与歌唱性紧密结合一个乐段多次重复并擅用滑音、装饰音、颤音极富民族特色。主要乐器有葫芦笙、佤笛、比得利、木鼓、象脚鼓、铓、镲等。全民性的传统舞蹈有葫芦笙舞、摇摆舞、长步舞等。葫芦笙舞有种包谷舞、蒿子舞、孤儿舞等套动作跳时顺着逆时针方向彻夜唱跳。此外一年一度的拉木鼓、剽牛活动中有拉木鼓舞、剽牛舞、跳木鼓房舞等以木鼓为主要伴奏乐器的舞蹈。翁丁佤族在节庆和农闲时开展传统体育比赛项目有射弩、摔跤、高跷踢架、打陀螺、磨秋、打水枪等。游乐活动有跳土坎、过独木桥等。翁丁佤族传统文化保护区保留有许多原始生活遗迹也承传了很多古老的生产生活习俗。年翁丁村被沧源县人民政府定为沧源县打造佤文化、宣传佤文化的窗口对当地佤族聚居区的社会文化具有积极影响。,省级,翁丁\佤族\传统文化\保护区\位于\临沧市\沧源佤族自治县\勐角乡\翁\丁\大寨\建村\历史\已有\多年\。\佤族\自称\佤\、\阿佤\和\布饶\汉语\意\为\山地\民族\。\翁丁\大寨\森林\覆盖率\达\以上\海拔\米\。\翁丁村\共有\户人\其中\大寨\户人\。\人均\耕地面积\亩\人均收入\元年\。\自然环境\较\好\水土\丰美\动植物\资源\丰富\。\至今\仍然\保持\着\传统\的\民族服饰\。\佤族\尚黑\多\以\黑色\为主\色调\。\妇女\服饰\简洁\大方\穿\斜襟\圆领\长袖\短\上衣\或\圆领\中袖\套头衫\长裙\或\短裙\腰系\黑色\或\红色\布带\小腿\裹\黑布\戴银\项圈\、\银手镯\、\银\胸牌\等\饰品\。\男子\穿\黑色\圆领\布扣\开衫\肥短\黑色\大摆裆布\裤腰\系\黑色\或\红色\布带\肩\挎\长刀\和\筒\帕\烟锅\倒插\在\背后\衣领\上\。\无论\男女\都\包\黑色\包头\年轻\姑娘\喜欢\披\长发\青年\男子\多留\长发\。\如今\翁丁\老人\基本\还\穿\传统\服饰\仅\在\细节\上\稍\有\变化\大部分\人\还\自\织布\料\年青人\服饰\变化\稍大\。\有\染齿\和\文身\习俗\。\翁丁\佤族\主要\居住\干栏\式\结构\的\茅草\竹木\房\保留\着\有\特色\的\传统\建房\习俗\如\建房\要\看\户主\年龄\是否\合适\盖房\根据\户主\排行\选择\建房\时间\下石脚\和\进\新房\要选\日子\讲究\开门\的\方向\选材\严格\进\新房\要\举行仪式\等\。\翁丁\佤族\仍然\保留\着\夺\铲\点播\旱谷\、\水\牛耕田\的\生产方式\用\杵臼\舂\米\用\腰机\织布\用\杂粮\酿酒\。\保留\着\传统\家庭手工\技艺\如\印染\、\织布\、\纺织\、\竹编\、\藤编\等\。\翁丁\佤族\与\其他\区域\的\佤族\一样\信奉\万物\有灵\。\木鼓\是\他们\的\镇\寨\之宝\是\可\与\天神\对话\的\神器\。\寨\桩\居于\打歌\场\中央\和\木鼓\房\、\沙拉\房\、\神林\祭祀\房\、\鬼林\等\场所\一样\都\是\祭祀\和\节日\庆典活动\的\场所\。\主要\祭祀\活动\有\农历\六月\的\开门节\和\公历\月\的\围线护\寨\等\。\传统节日\有\春节\、\护寨节\、\新米节\等\其中\春节\最\隆重\一般\要\唱歌跳舞\、\杀猪\宰鸡\欢庆\天\。\主要\民间文学\有\神话传说\《\司岗里\传说\》\、\《\达赛\玛\传说\》\等\。\民歌\形式多样\可\分为\情歌\、\儿歌\、\劳动\歌\、\节庆\歌\、\祭祀\歌\等\。\歌谣\有\创世\歌\、\宗教\歌词\和\世俗\歌\。\音乐\旋律\与\语调\密切相关\舞蹈\性\与\歌唱性\紧密结合\一个\乐段\多次重复\并\擅用\滑音\、\装饰音\、\颤音\极富\民族特色\。\主要\乐器\有\葫芦\笙\、\佤笛\、\比\得利\、\木鼓\、\象脚鼓\、\铓\、\镲\等\。\全民性\的\传统\舞蹈\有\葫芦\笙舞\、\摇摆舞\、\长步\舞\等\。\葫芦\笙舞\有种\包谷\舞\、\蒿子\舞\、\孤儿\舞等套\动作\跳时\顺着\逆时针\方向\彻夜\唱\跳\。\此外\一年一度\的\拉木鼓\、\剽牛\活动\中有\拉\木鼓舞\、\剽牛舞\、\跳\木鼓\房舞\等\以\木鼓\为\主要\伴奏\乐器\的\舞蹈\。\翁丁\佤族\在\节庆\和\农闲\时\开展\传统\体育比赛\项目\有\射弩\、\摔跤\、\高跷\踢\架\、\打\陀螺\、\磨秋\、\打\水枪\等\。\游乐\活动\有\跳\土坎\、\过\独木桥\等\。\翁丁\佤族\传统文化\保护区\保留\有\许多\原始\生活\遗迹\也\承传\了\很多\古老\的\生产\生活\习俗\。\年\翁\丁村\被\沧源\县\人民政府\定为\沧源\县\打造\佤\文化\、\宣传\佤\文化\的\窗口\对\当地\佤族\聚居区\的\社会文化\具有\积极\影响\。,佤族
糯黑彝族传统文化保护区,第一批,传统文化保护区,云南省,糯黑村位于昆明石林风景名胜区东部约公里处九乡石林阿庐古洞旅游专线公路穿村而过属昆明市石林彝族自治县圭山镇的彝族撒尼村寨分大、小糯黑两个自然村全村现有户人。人均耕地面积亩人均收入元年。全村依山傍水景色宜人平均海拔米总面积约平方公里森林覆盖率约呈典型的喀斯特地貌。糯黑村原名藤子哨糯黑为彝语糯意为猿猴黑是水塘全名意为猿猴水塘。该村彝族撒尼人历史文化悠久积淀深厚特色突出民居建筑以上为典型的传统石板房有的石板房已经有上百年的历史独具石林民族民居建筑特色。村内现保存着清末建筑的环村石墙和木栅村周围山头筑有石城墙和城堡以明代的藤子哨清代的石古城闻名。目前石林县已把糯黑纳入阿诗玛文化旅游经济带将作全面规划设计开发成民俗文化旅游村。电影《阿诗玛》展示了撒尼姑娘绚丽多彩的服饰。花包头是辨别女子身份的代表饰品以红、绿、蓝、紫、黄、青、白种颜色丝绸条搭配边沿镶有银泡泡长发辫裹于包头中包头两侧缀一对彩蝶后垂两束串珠末端系银链铃铛须坠。上装多以纯白布制作袖子和左襟镶花边背披小羊羔皮系花围腰挎绣花包下装着长裤。婚后妇女服饰大为简化包头改用桃红或大红布与青布缝制无其他装饰。穿绣花鞋鞋底用粗布包棕块缝纳鞋尖从鞋底卷曲翘起鞋帮较矮刺绣精美绚丽的花草图案。男子戴青布包头上装为青色、灰色对襟布扣衣和麻布或黑色羊皮褂下穿宽口长裤。撒尼人的刺绣工艺集中表现在服装、腰带、飘带、伞套、鞋面、桌布与各种挎包上常使用挑花、贴花、穿花、锁花、盘花、滚花、补花、刺花等手法。撒尼刺绣工艺早在明清时期就已流行其后以挑花为主的技法逐渐普及并成为制作的主要方式。撒尼人的信仰包括祖先崇拜、自然崇拜等每年都有很多祭祀活动主要由毕摩和筮玛主管祭祀的人主持。毕摩一般为男性筮玛多为女性。筮玛的职业是沟通人与神、人与鬼之间的关系。糯黑撒尼文除一部分是独体字外多数是由独体字组合或由一个主体结构加上符号组成的合体字分为象形、会意、假借类常用的撒尼文收录有字。目前能读、写、应用这种文字的人只有极少数的毕摩和彝族文化研究者。撒尼人民间文学内容丰富形式多样代表作有叙事长诗《圭山彩虹》、《逃到甜蜜的地方》、《放羊人诗郎苦》、《竹叶长青》、《尼米诗》以及享誉中外的《阿诗玛》等。另外还有哭吼调、该迷情歌、祭词等唱叙结合的体裁。撒尼人民间音乐丰富多彩表现力很强。有叙事调、喜调、悲调、骂调、情歌、牧羊调、犁田调、绣花调、织麻调、月琴调、口弦调、三弦调、婚礼调、毕摩调、哄睡调等。新中国成立后音乐工作者和民间歌手创作了大量具有撒尼风格的音乐作品如《撒尼人民心向红太阳》、《歌唱新圭山》、《远方的客人请您留下来》等。主要乐器有口弦、竹笛、大三弦等。舞蹈主要有大鼓舞、霸王鞭舞、钗舞、狮舞和大三弦舞。民族民间体育、健身、游乐活动包括摔跤斗牛、磨秋、丢花包、撵山、打弹弓、老虎抱蛋、斗牛、女孩玩苦楝等。传统节日主要有春节、清明节、中秋节、端午节、火把节、密枝节和祭山神。糯黑两个村共有多个社团两个村都有大、小三弦队、鼓号队、狮舞队、霸王鞭舞队、叉舞队等主要在节日庆典、婚丧嫁娶时演出。,省级,糯黑村\位于\昆明\石林\风景\名胜区\东部\约\公里\处\九乡\石林\阿庐\古洞\旅游\专线\公路\穿村\而\过\属\昆明市\石林彝族自治县\圭\山镇\的\彝族\撒尼\村寨\分大\、\小\糯黑\两个\自然村\全村\现有\户人\。\人均\耕地面积\亩\人均收入\元年\。\全村\依山傍水\景色宜人\平均海拔\米\总面积\约\平方公里\森林\覆盖率\约\呈\典型\的\喀斯特地貌\。\糯黑村\原名\藤子\哨\糯黑\为\彝语\糯意\为\猿猴\黑是\水塘\全名\意\为\猿猴\水塘\。\该村\彝族\撒尼\人\历史\文化\悠久\积淀\深厚\特色\突出\民居\建筑\以上\为\典型\的\传统\石板房\有\的\石板房\已经\有\上百年\的\历史\独具\石林\民族\民居\建筑\特色\。\村内\现\保存\着\清末\建筑\的\环村\石墙\和\木栅\村\周围\山头\筑\有\石\城墙\和\城堡\以\明代\的\藤子\哨\清代\的\石\古城\闻名\。\目前\石林\县\已\把\糯黑\纳入\阿诗玛\文化\旅游\经济带\将作\全面规划\设计\开发\成\民俗文化\旅游\村\。\电影\《\阿诗玛\》\展示\了\撒尼\姑娘\绚丽多彩\的\服饰\。\花\包头\是\辨别\女子\身份\的\代表\饰品\以红\、\绿\、\蓝\、\紫\、\黄\、\青\、\白种\颜色\丝绸\条\搭配\边沿\镶有\银\泡泡\长\发辫\裹\于\包头\中\包头\两侧\缀\一对\彩蝶\后\垂\两束\串珠\末端\系\银链\铃铛\须\坠\。\上装\多以\纯白\布\制作\袖子\和\左襟\镶\花边\背披\小\羊羔\皮\系花\围腰\挎\绣花\包\下装\着\长裤\。\婚后\妇女\服饰\大为\简化\包头\改用\桃红\或\大\红布\与\青布\缝制\无\其他\装饰\。\穿\绣花鞋\鞋底\用\粗布\包棕块\缝\纳鞋\尖\从\鞋底\卷曲\翘起\鞋帮\较\矮\刺绣\精美\绚丽\的\花草\图案\。\男子\戴\青布\包头\上装\为\青色\、\灰色\对襟\布扣\衣\和\麻布\或\黑色\羊皮\褂\下\穿\宽口\长裤\。\撒尼\人\的\刺绣\工艺\集中\表现\在\服装\、\腰带\、\飘带\、\伞套\、\鞋面\、\桌布\与\各种\挎包\上常\使用\挑花\、\贴花\、\穿花\、\锁花\、\盘花\、\滚花\、\补花\、\刺花\等\手法\。\撒尼\刺绣\工艺\早\在\明清\时期\就\已\流行\其后\以\挑花\为主\的\技法\逐渐\普及\并\成为\制作\的\主要\方式\。\撒尼\人\的\信仰\包括\祖先崇拜\、\自然崇拜\等\每年\都\有\很多\祭祀\活动\主要\由\毕摩\和\筮\玛\主管\祭祀\的\人\主持\。\毕摩\一般\为\男性\筮\玛多\为\女性\。\筮\玛\的\职业\是\沟通\人\与\神\、\人\与\鬼\之间\的\关系\。\糯黑\撒尼\文除\一部分\是\独体字\外\多数\是\由\独体字\组合\或\由\一个\主体\结构\加上\符号\组成\的\合体\字\分为\象形\、\会意\、\假借\类\常用\的\撒尼\文\收录\有字\。\目前\能\读\、\写\、\应用\这种\文字\的\人\只有\极少数\的\毕摩\和\彝族\文化\研究者\。\撒尼\人\民间文学\内容丰富\形式多样\代表作\有\叙事\长诗\《\圭山\彩虹\》\、\《\逃\到\甜蜜\的\地方\》\、\《\放羊\人\诗郎苦\》\、\《\竹\叶长青\》\、\《\尼米\诗\》\以及\享誉中外\的\《\阿诗玛\》\等\。\另外\还有\哭\吼\调\、\该迷\情歌\、\祭词\等\唱\叙\结合\的\体裁\。\撒尼\人\民间\音乐\丰富多彩\表现力\很强\。\有\叙事\调\、\喜调\、\悲调\、\骂\调\、\情歌\、\牧羊\调\、\犁田\调\、\绣花\调\、\织麻调\、\月\琴调\、\口弦\调\、\三弦\调\、\婚礼\调\、\毕摩\调\、\哄\睡调\等\。\新\中国\成立\后\音乐\工作者\和\民间\歌手\创作\了\大量\具有\撒尼\风格\的\音乐作品\如\《\撒尼\人民\心向\红太阳\》\、\《\歌唱\新圭山\》\、\《\远方\的\客人\请\您\留下来\》\等\。\主要\乐器\有\口弦\、\竹笛\、\大三弦\等\。\舞蹈\主要\有大\鼓舞\、\霸王鞭\舞\、\钗\舞\、\狮舞\和\大三弦\舞\。\民族民间\体育\、\健身\、\游乐\活动\包括\摔跤\斗牛\、\磨秋\、\丢花包\、\撵\山\、\打\弹弓\、\老虎\抱蛋\、\斗牛\、\女孩\玩\苦楝\等\。\传统节日\主要\有\春节\、\清明节\、\中秋节\、\端午节\、\火把节\、\密\枝节\和\祭\山神\。\糯黑\两个\村\共有\多个\社团\两个\村\都\有\大\、\小\三弦\队\、\鼓号\队\、\狮\舞队\、\霸王鞭\舞队\、\叉\舞队\等\主要\在\节日\庆典\、\婚丧嫁娶\时\演出\。,彝族
永宁乡温泉村瓦拉别纳西族摩梭人传统文化保护区,第一批,传统文化保护区,云南省,丽江市宁蒗彝族自治县永宁乡温泉行政村位于永宁乡北部瓦拉别是温泉行政村村民委员会所在地是一个纳西族摩梭人聚居的村落海拔米户人。人均土地面积亩人均收入元年地处半山区、山区森林覆盖率为。由于地处滇、川、藏的交通要冲昔日人员、货物的交流频繁当地所产摩梭麻织布、苏里玛酒、餐饮木器等具有民族特色和一定知名度。有初具文字性质的符号。瓦拉别的达巴祭司阿窝益史拖丁保留了一本摩梭人占卜的经书共篇每篇记录一个月的吉凶日共用个符号每个符号有固定的形、音、意已初具文字的特征是一种古老的、正在形成中的文字只限于达巴占卜之用。其符号数量少不能组成句子记录语言和交流思想只是达巴原始宗教的记事符号处于象形文字初创阶段。摩梭人信仰喇嘛教当喇嘛者多懂藏文。纺织是摩梭妇女必会的手工艺之一她们织麻布、土布缝制衣裤。酿酒也是摩梭妇女的主要手艺之一酿制的酒分为咣当酒白酒和苏里玛酒两种。制革也是瓦拉别村的另一项手工业代表人物是岁的阿其尼玛。瓦拉别现存民居大体可分为传统母系院落、夯土结构院落和砖木结构非传统民居。传统母系院落占是整个永宁坝摩梭村寨中保持传统民居建筑最好的村子。建房习俗也保持着传统面貌包括择地基、择向、择日伐木、树男柱和女柱、砌火塘、进火等仪式过程。摩梭老年妇女服装端庄简洁青年妇女艳丽多彩。上穿金边大襟衣纽扣喜用银质和铜质扣也有用彩珠和布料打结扣的金边衣内穿领和袖口为黄、绿或粉红色的绸缎内衣下穿百褶裙裙长至踝腰系红花色带。有的中老年妇女还喜欢在金边大襟衣外加一块羊皮披肩男子穿金边大襟衣系腰带佩腰刀下穿宽脚裤。中老年人以黑、红、绿色为主色调青年人则喜欢鲜艳、亮丽的颜色。男孩和女孩在岁举行成丁礼前都穿蓝色或藏青色长衫成丁礼仪式穿金边大襟衣女孩穿裙子男孩穿裤子表示已经成人可以进行社交活动。瓦拉别村摩梭特色工艺主要有织腰带和床单。该村基本上每户都有织布机中老年妇女都会织。腰带一般男女皆用也是姑娘结交阿注期间送给男子的珍贵礼物。有麻织、羊毛线或开丝米线织图案丰富精美、色彩艳丽。床单有两种用开丝米织的叫床单用纯羊毛线织的叫羊毛毯有白底掺花和条纹图案。信奉本民族原始宗教达巴教和藏传佛教。有祭祀格姆女神习俗祈求生育。此外还有祭天、祭山神、祭火神、祭水神、祭土地、祭五谷杂粮、祭牧神、祭祖等民俗活动。儿童取名传统习俗保存至今先后由祖母或达巴、喇嘛、老师或家中男性老人为孩子取名。成丁礼也叫穿裙子或穿裤子仪式是摩梭人的一项重要人生礼仪一般在男女年满岁时举行。摩梭人的婚俗有走婚制、共居和以娶嫁建立起来的一夫一妻制婚姻母系家庭、父系家庭和母系父系并存的双系家庭种形式长期存在。民间文学较丰富包括故事、传说、歌谣、谚语等。音乐可分为民歌和祭祀歌两大类。民歌奔放明朗、粗犷热烈。《啊哈巴拉》是最有代表性的民歌可独唱和对唱。乐器主要有笛子和葫芦笙。达巴和喇嘛的祭祀仪式中使用鼓、钹、拨浪鼓、手摇铜铃、手摇鼓、唢呐和海螺等。舞蹈主要有甲蹉舞和含摆舞两类甲蹉是摩梭舞蹈的总名称含摆舞是摩梭人古老的丧葬舞蹈由达巴来跳。传统民间体育主要用来比赛和表演有荡秋千、赛马、摔跤、石子打靶、跳狮子等项目。游乐活动有老鹰抓鸡、狐狸抱蛋、斗鸡、躲猫、抓石头、丢手巾等。节日除春节、端午等与汉族一样外民族传统节日有转山节、祭祖节、祭牧神节、六月出萝萝节和八月以补节。,省级,丽江市\宁蒗彝族自治县\永宁\乡\温泉\行政村\位于\永宁\乡\北部\瓦拉\别是\温泉\行政村\村民委员会\所在地\是\一个\纳西族\摩梭人\聚居\的\村落\海拔\米户\人\。\人均\土地\面积\亩\人均收入\元年\地处\半山区\、\山区\森林\覆盖率\为\。\由于\地处\滇\、\川\、\藏\的\交通\要冲\昔日\人员\、\货物\的\交流\频繁\当地\所产\摩梭\麻\织布\、\苏里玛\酒\、\餐饮\木器\等\具有\民族特色\和\一定\知名度\。\有\初具\文字\性质\的\符号\。\瓦拉\别的\达巴\祭司\阿窝益史\拖\丁\保留\了\一本\摩梭人\占卜\的\经书\共篇\每篇\记录\一个月\的\吉凶\日\共用\个\符号\每个\符号\有\固定\的\形\、\音\、\意已\初具\文字\的\特征\是\一种\古老\的\、\正在\形成\中\的\文字\只\限于\达巴\占卜\之用\。\其\符号\数量\少\不能\组成\句子\记录\语言\和\交流思想\只是\达巴\原始宗教\的\记事\符号\处于\象形文字\初创\阶段\。\摩梭人\信仰\喇嘛教\当\喇嘛\者\多\懂\藏文\。\纺织\是\摩梭\妇女\必会\的\手工艺\之一\她们\织\麻布\、\土布\缝制\衣裤\。\酿酒\也\是\摩梭\妇女\的\主要\手艺\之一\酿制\的\酒\分为\咣当\酒\白酒\和\苏里玛\酒\两种\。\制革\也\是\瓦拉\别村\的\另\一项\手工业\代表\人物\是\岁\的\阿其\尼玛\。\瓦拉\别\现存\民居\大体\可\分为\传统\母系\院落\、\夯土\结构\院落\和\砖木结构\非传统\民居\。\传统\母系\院落\占\是\整个\永宁\坝\摩梭\村寨\中\保持\传统\民居\建筑\最好\的\村子\。\建房\习俗\也\保持\着\传统\面貌\包括\择\地基\、\择向\、\择日\伐木\、\树男柱\和\女柱\、\砌\火塘\、\进火\等\仪式\过程\。\摩梭\老年\妇女\服装\端庄\简洁\青年\妇女\艳丽\多彩\。\上\穿\金边\大襟\衣\纽扣\喜用\银质\和\铜质\扣\也\有用\彩珠\和\布料\打结\扣\的\金边\衣内\穿领\和\袖口\为\黄\、\绿\或\粉红色\的\绸缎\内衣\下\穿\百褶裙\裙长\至踝\腰系\红花\色带\。\有\的\中老年\妇女\还\喜欢\在\金边\大襟\衣\外加\一块\羊皮\披肩\男子\穿\金边\大襟\衣系\腰带\佩\腰刀\下\穿\宽\脚裤\。\中老年人\以\黑\、\红\、\绿色\为主\色调\青年人\则\喜欢\鲜艳\、\亮丽\的\颜色\。\男孩\和\女孩\在\岁\举行\成丁礼\前\都\穿\蓝色\或\藏青色\长衫\成丁礼\仪式\穿\金边\大襟\衣\女孩\穿\裙子\男孩\穿\裤子\表示\已经\成人\可以\进行\社交活动\。\瓦拉\别村\摩梭\特色\工艺\主要\有织\腰带\和\床单\。\该村\基本上\每户\都\有\织布机\中老年\妇女\都\会织\。\腰带\一般\男女\皆\用\也\是\姑娘\结交\阿注\期间\送给\男子\的\珍贵\礼物\。\有\麻织\、\羊毛\线或\开丝\米线\织\图案\丰富\精美\、\色彩艳丽\。\床单\有\两种\用开\丝米\织\的\叫\床单\用\纯羊毛\线织\的\叫\羊\毛毯\有\白底\掺花\和\条纹\图案\。\信奉\本\民族\原始宗教\达巴教\和\藏传佛教\。\有\祭祀\格姆\女神\习俗\祈求\生育\。\此外\还有\祭天\、\祭\山神\、\祭\火神\、\祭\水神\、\祭\土地\、\祭\五谷杂粮\、\祭\牧神\、\祭祖\等\民俗\活动\。\儿童\取名\传统习俗\保存\至今\先后\由\祖母\或\达巴\、\喇嘛\、\老师\或\家中\男性\老人\为\孩子\取名\。\成丁礼\也\叫\穿\裙子\或\穿\裤子\仪式\是\摩梭人\的\一项\重要\人生\礼仪\一般\在\男女\年满\岁\时\举行\。\摩梭人\的\婚俗\有\走\婚制\、\共居\和\以\娶\嫁\建立\起来\的\一夫一妻制\婚姻\母系家庭\、\父系家庭\和\母系\父系\并存\的\双系\家庭\种\形式\长期存在\。\民间文学\较\丰富\包括\故事\、\传说\、\歌谣\、\谚语\等\。\音乐\可\分为\民歌\和\祭祀\歌\两大类\。\民歌\奔放\明朗\、\粗犷\热烈\。\《\啊哈\巴拉\》\是\最\有\代表性\的\民歌\可\独唱\和\对唱\。\乐器\主要\有\笛子\和\葫芦\笙\。\达巴\和\喇嘛\的\祭祀\仪式\中\使用\鼓\、\钹\、\拨浪鼓\、\手摇\铜铃\、\手摇\鼓\、\唢呐\和\海螺\等\。\舞蹈\主要\有甲\蹉舞\和\含\摆舞\两类\甲\蹉\是\摩梭\舞蹈\的\总\名称\含\摆舞\是\摩梭人\古老\的\丧葬\舞蹈\由\达巴\来\跳\。\传统\民间\体育\主要\用来\比赛\和\表演\有\荡秋千\、\赛马\、\摔跤\、\石子\打靶\、\跳\狮子\等\项目\。\游乐\活动\有\老鹰\抓鸡\、\狐狸\抱蛋\、\斗鸡\、\躲\猫\、\抓\石头\、\丢\手巾\等\。\节日\除\春节\、\端午\等\与\汉族\一样\外\民族\传统节日\有\转山节\、\祭祖\节\、\祭\牧神节\、\六月\出萝萝节\和\八月\以补节\。,彝族
白沙乡玉湖村纳西族传统文化保护区,第一批,传统文化保护区,云南省,丽江市玉龙纳西族自治县白沙乡玉湖行政村距乡政府所在地公里距市区公里位于玉龙雪山脚下的缓坡地带包括上村、下村和文华村个自然村户人均为纳西族。村野、田畴与玉龙雪山紧紧相连相互辉映景色优美。植被保护较好古树四处可见植被覆盖率达以上。当地保留有纳西族的许多神话传说传统文化底蕴丰厚许多典型的生产、生活习俗得到较完整保留。这里是纳西族木氏土司早期的居住地之一木土司在此建有府邸还有养鹿场、人工湖、洛克故居、仙迹崖黑白古战场、巨坚寺遗址等名胜古迹。玉湖村民居建筑群独具特色。建材使用冷杉、铁杉、松树为主要材料顶为方形挂瓦和条形挂瓦墙体的基石用较大的冰川石砌成。房屋结构大致有两种形式一为蛮楼二为七厦楼。前后屋顶沿板相接处都挂有一块鱼状木板一为房屋装饰二为象征年年有余。建房习俗保存较好有择向、选材、建新房、竖立木骨架等仪式。妇女服饰主要由围腰、七星披肩、领褂、长衫、裤子或裙子组成。羊皮披是民族服饰的主要标记。男子多穿黑色圆领对襟上衣下穿宽脚裤。老人用黑布包头青年用白或花布包头。男子腰间系有用羊皮缝制的羊皮兜肚外面饰有花纹图案用来放零散之物。现在纳西族男子的服装跟汉族差不多。东巴教是玉湖村纳西族的传统宗教以父子传承或师徒相传。东巴不脱离劳动在生产劳动之余主持各种宗教仪式。东巴教没有教堂寺庙仪式的地点是主祭家的院子和户外的平地、河边。仪式主要有祭天、祭暑、祭风、祭祖、祈寿、开丧超度、禳灾放替身、退口舌是非、除秽等。玉湖村现存民间文学蕴藏量丰富。关于玉湖村的神话传说有《龙女树》、《黑白之战》、《通天路》、《仙迹崖》、《棺材的来源》等。民歌内容广泛、形式多样、旋律古朴、节奏多变。有民间小调如《蜂花相会》、《鱼水相会》和儿歌《放风歌》、《月亮歌》、《牧童歌》等可以对唱也可以独唱。音乐最具特色的为《白沙细乐》纳西语叫崩石细里是白沙纳西族世代相传的一部大型古典乐曲。全曲共章现存器乐章另有伴舞清唱多章全曲曲调古朴风格统一结构奇巧哀婉动人对生离死别的情感具有很强的表现力。以器乐演奏为主同时也有歌伴舞属纳西族古老的风俗性音乐。演奏白沙细乐的乐器有琵琶、箫、笛子、三弦、二胡、古筝、口弦等。舞蹈主要有谷期蹉、哦热热、阿哩哩、喂默达等。传统体育主要用于强身健体及节庆的比赛和表演主要有打跳、荡秋千、足球和引进的地掷球、门球、篮球和老年健身舞等。玉湖村个村民小组都有自己的民族打跳队和老年组织也有以整个行政村为单位的玉湖细乐队、玉湖老年文化传承队每逢节日都组织演出丰富多彩的文艺节目。传统节日除春节、中秋节、火把节外还有纳西族自己的节日包括农历正月二十当美空普、二月初八三朵节等。丹美空普是纳西族祭祀祖先的特别节日远近的纳西人都来到白沙祖院丹美祭祀自己的祖先祈求来年平安幸福。现在丹美空普除了祭祀、朝拜祖先的内容外也是一个交流农具的活动。三朵节为庆祝民族英雄三朵而得名至今已有多年历史现在是丽江标志性的纳西族传统节日。,省级,丽江市\玉龙纳西族自治县\白沙\乡玉湖\行政村\距\乡政府\所在地\公里\距\市区\公里\位于\玉龙雪山\脚下\的\缓坡\地带\包括\上\村\、\下村\和\文华\村个\自然村\户\人均\为\纳西族\。\村野\、\田畴\与\玉龙雪山\紧紧\相连\相互辉映\景色\优美\。\植被\保护\较\好\古树\四处\可见\植被\覆盖率\达\以上\。\当地\保留\有\纳西族\的\许多\神话传说\传统\文化底蕴\丰厚\许多\典型\的\生产\、\生活\习俗\得到\较完整\保留\。\这里\是\纳西族\木氏\土司\早期\的\居住地\之一\木\土司\在\此\建有\府邸\还有\养\鹿场\、\人工湖\、\洛克\故居\、\仙迹\崖\黑白\古战场\、\巨坚\寺\遗址\等\名胜古迹\。\玉湖\村民\居\建筑群\独具特色\。\建材\使用\冷杉\、\铁杉\、\松树\为\主要\材料\顶为\方形\挂瓦\和\条形\挂瓦\墙体\的\基石\用\较大\的\冰川\石砌\成\。\房屋结构\大致\有\两种\形式\一为\蛮楼\二为\七\厦楼\。\前后\屋顶\沿板\相接处\都\挂\有\一块\鱼状\木板\一为\房屋\装饰\二为\象征\年年有余\。\建房\习俗\保存\较\好\有择\向\、\选材\、\建\新房\、\竖立\木\骨架\等\仪式\。\妇女\服饰\主要\由围\腰\、\七星\披肩\、\领褂\、\长衫\、\裤子\或\裙子\组成\。\羊皮\披是\民族服饰\的\主要\标记\。\男子\多\穿\黑色\圆领\对襟\上衣\下\穿\宽\脚裤\。\老人\用\黑布\包头\青年\用白\或\花布\包头\。\男子\腰间\系\有用\羊皮\缝制\的\羊皮\兜肚\外面\饰\有\花纹\图案\用来\放\零散\之物\。\现在\纳西族\男子\的\服装\跟\汉族\差不多\。\东巴教\是\玉\湖村\纳西族\的\传统宗教\以\父子\传承\或\师徒\相传\。\东巴\不\脱离\劳动\在\生产\劳动\之\余\主持\各种\宗教仪式\。\东巴教\没有\教堂\寺庙\仪式\的\地点\是\主祭\家\的\院子\和\户外\的\平地\、\河边\。\仪式\主要\有\祭天\、\祭暑\、\祭风\、\祭祖\、\祈寿\、\开丧\超度\、\禳\灾放\替身\、\退\口舌\是非\、\除秽\等\。\玉湖村\现存\民间文学\蕴藏量\丰富\。\关于\玉湖村\的\神话传说\有\《\龙女\树\》\、\《\黑白\之战\》\、\《\通天\路\》\、\《\仙迹\崖\》\、\《\棺材\的\来源\》\等\。\民歌\内容\广泛\、\形式多样\、\旋律\古朴\、\节奏\多变\。\有\民间\小调\如\《\蜂花\相会\》\、\《\鱼水相会\》\和\儿歌\《\放风\歌\》\、\《\月亮\歌\》\、\《\牧童\歌\》\等\可以\对唱\也\可以\独唱\。\音乐\最具\特色\的\为\《\白沙细乐\》\纳西语\叫\崩石\细里\是\白沙\纳西族\世代相传\的\一部\大型\古典\乐曲\。\全曲\共章\现存\器乐\章\另\有\伴舞\清唱\多章\全曲\曲调\古朴\风格\统一\结构\奇巧\哀婉\动人\对\生离死别\的\情感\具有\很强\的\表现力\。\以\器乐\演奏\为主\同时\也\有\歌伴舞\属\纳西族\古老\的\风俗\性\音乐\。\演奏\白沙细乐\的\乐器\有\琵琶\、\箫\、\笛子\、\三弦\、\二胡\、\古筝\、\口弦\等\。\舞蹈\主要\有谷期\蹉\、\哦\热热\、\阿哩哩\、\喂默达\等\。\传统\体育\主要\用于\强身健体\及\节庆\的\比赛\和\表演\主要\有\打跳\、\荡秋千\、\足球\和\引进\的\地\掷\球\、\门球\、\篮球\和\老年\健身\舞\等\。\玉湖\村个\村民\小组\都\有\自己\的\民族\打跳\队\和\老年\组织\也\有\以\整个\行政村\为\单位\的\玉\湖细\乐队\、\玉湖\老年\文化传承\队\每逢\节日\都\组织\演出\丰富多彩\的\文艺节目\。\传统节日\除\春节\、\中秋节\、\火把节\外\还有\纳西族\自己\的\节日\包括\农历\正月\二十\当美空普\、\二月\初八\三朵\节等\。\丹美空\普是\纳西族\祭祀\祖先\的\特别\节日\远近\的\纳西\人\都\来到\白沙\祖院\丹美\祭祀\自己\的\祖先\祈求\来\年\平安\幸福\。\现在\丹美空普\除了\祭祀\、\朝拜\祖先\的\内容\外\也\是\一个\交流\农具\的\活动\。\三朵\节为\庆祝\民族英雄\三朵\而\得名\至今已有\多年\历史\现在\是\丽江\标志性\的\纳西族\传统节日\。,纳西族
古敢乡下笔冲村水族传统文化保护区,第一批,传统文化保护区,云南省,下笔冲村位于曲靖市富源县古敢水族乡境内地处河谷低处笔冲河从寨前流过水源丰富。村寨历史悠久始建于明代据考证笔冲寨即《徐霞客游记》所记碧峒寨海拔米山上森林植被覆盖率达以上。全村户人。人均耕地面积亩人均收入元年。村中民居为传统的木结构石墙建筑在传统节庆活动中喜爱吹唢呐、跳金钱棒、舞狮子等文艺表演打陀螺、踢毽子等民族体育活动内容丰富。水族信奉自然信仰祭祀土神、水神、岩神、灶神等祭祀礼仪及婚丧习俗保存完整在滇东北水族居住区具代表性。水族过去曾有一种古老文字水语称为泐虽汉语译为水文或水书是用于推测祸福、择吉除凶的卜书现已几乎绝迹只在一些占卜和祭祀的咒符中偶尔会见少数笔划简单的水文。水族妇女服饰美观、大方、简洁历史上为短衣长裙民国后已逐步改长裙为裤。早年自种自织自染土布现已普遍改用机制布料青、蓝、黑、白色相互配搭显得淡雅素洁。下笔冲妇女上身内穿白色紧身衣外穿青色或黑色紧身短衣窄袖窄腰普遍是上衣右开襟襟沿镶花边下着裤子喜系绣花围腰常戴镯、戴环遇结婚或喜庆节日还佩戴银项圈、篦子、玉簪等。女子发髻成螺旋形未婚女子头发先梳成一束再打成盘外包头帕。头帕是水族男女共同看重的衣饰一般要自纺、自织、自制。水族信仰万物有灵尤以崇拜土神、水神、岩神居多。一般祭祀通常在节令中进行全村集体祭祀的有农历二月二祭白龙三月三祭龙节六月六祭土地六月二十二打老牛等。祭祀品为牛、猪、鸡种。所信仰鬼神名目繁多除凶神恶鬼之类外还有驱挡凶神恶鬼类的鬼神这类鬼神经过世代演变部分物化成相对固定、能吞邪镇恶的吞口类似傩面具。现存民间文学蕴藏量较丰富歌谣、谚语传说故事主要靠口头流传。歌谣题材广泛内容丰富主题鲜明按其内容可分为祭祀歌、劳动歌、生活歌、风俗歌、情歌等各类别中还可分出若干细目如情歌就可分出种风俗歌可分为祝酒歌、哭嫁歌、挂红歌、贺新房调、踩门调、上梁调、招亲调、丧葬调等。歌谣曲调变化不多旋律较简单歌词常因时因事因物因人而变化句式以七言句居多还有三言句、四言句和五言句有时也混合使用句数多少不一。押韵是以押脚韵为主转韵、变韵较快。下笔冲水族的音乐旋律与语调密切相关朗诵性与歌唱性紧密结合音乐柔和抒情。还有一种说唱形式的曲艺称为都敖主要用于老人去世接气、入殓句式是五言句念唱结合。主要乐器有月琴、唢呐、皮鼓、锣、钹等。民间舞蹈有狮子灯和金钱棒舞。狮子灯既是舞蹈又似傩戏是一种混合性的表演每年春节或祭龙节时村民走村串寨耍狮子灯在舞狮过程中还加入《西游记》故事表演深受群众喜爱金钱棒舞自娱性强随时可跳人数不限。,省级,下笔\冲村\位于\曲靖市\富源县\古敢\水族\乡\境内\地处\河谷\低处\笔冲河\从\寨\前\流过\水源\丰富\。\村寨\历史悠久\始建\于\明代\据\考证\笔冲\寨\即\《\徐霞客游记\》\所\记碧峒\寨\海拔\米\山上\森林\植被\覆盖率\达\以上\。\全村\户人\。\人均\耕地面积\亩\人均收入\元年\。\村中\民居\为\传统\的\木结构\石墙\建筑\在\传统\节庆\活动\中\喜爱\吹\唢呐\、\跳\金钱\棒\、\舞\狮子\等\文艺表演\打\陀螺\、\踢毽子\等\民族\体育\活动\内容丰富\。\水族\信奉\自然\信仰\祭祀\土神\、\水神\、\岩神\、\灶神\等\祭祀\礼仪\及\婚丧\习俗\保存\完整\在\滇\东北\水族\居住区\具\代表性\。\水族\过去\曾\有\一种\古老\文字\水语\称为\泐\虽\汉语\译\为\水文\或\水书\是\用于\推测\祸福\、\择吉\除\凶\的\卜书\现已\几乎\绝迹\只\在\一些\占卜\和\祭祀\的\咒符\中\偶尔\会见\少数\笔划\简单\的\水文\。\水族\妇女\服饰\美观\、\大方\、\简洁\历史\上\为\短衣\长裙\民国\后\已\逐步\改\长裙\为\裤\。\早年\自种\自织\自染\土布\现已\普遍\改用\机制\布料\青\、\蓝\、\黑\、\白色\相互\配搭\显得\淡雅\素洁\。\下笔\冲\妇女\上身\内\穿\白色\紧身衣\外穿\青色\或\黑色\紧身\短衣\窄袖\窄\腰\普遍\是\上衣\右\开襟\襟\沿\镶\花边\下\着\裤子\喜系\绣花\围腰常\戴镯\、\戴环遇\结婚\或\喜庆\节日\还\佩戴\银\项圈\、\篦子\、\玉簪\等\。\女子\发髻\成\螺旋形\未婚\女子\头发\先\梳成\一束\再\打成\盘外\包头\帕\。\头帕\是\水族\男女\共同\看重\的\衣饰\一般\要\自纺\、\自织\、\自制\。\水族\信仰\万物\有灵\尤以\崇拜\土神\、\水神\、\岩神\居多\。\一般\祭祀\通常\在\节令\中\进行\全村\集体\祭祀\的\有\农历\二月\二\祭\白龙\三月三\祭龙\节\六月\六\祭\土地\六月\二十二\打\老牛\等\。\祭祀\品为\牛\、\猪\、\鸡种\。\所\信仰\鬼神\名目繁多\除\凶神\恶鬼\之类\外\还有\驱挡\凶神\恶鬼\类\的\鬼神\这\类\鬼神\经过\世代\演变\部分\物化\成\相对\固定\、\能吞邪\镇\恶\的\吞口\类似\傩\面具\。\现存\民间文学\蕴藏量\较\丰富\歌谣\、\谚语\传说\故事\主要\靠\口头\流传\。\歌谣\题材\广泛\内容丰富\主题鲜明\按\其\内容\可\分为\祭祀\歌\、\劳动\歌\、\生活\歌\、\风俗歌\、\情歌\等\各类\别中\还\可\分出\若干\细目\如\情歌\就\可\分出\种\风俗歌\可\分为\祝酒歌\、\哭嫁歌\、\挂红\歌\、\贺\新房\调\、\踩门调\、\上梁\调\、\招亲\调\、\丧葬\调等\。\歌谣\曲调\变化\不\多\旋律\较\简单\歌词\常因\时\因事\因物\因人\而\变化\句式\以\七言句\居多\还有\三言句\、\四言句\和\五言\句\有时\也\混合\使用\句数\多少\不\一\。\押韵\是\以\押\脚韵\为主\转韵\、\变韵\较\快\。\下笔\冲\水族\的\音乐\旋律\与\语调\密切相关\朗诵\性\与\歌唱性\紧密结合\音乐\柔和\抒情\。\还有\一种\说唱\形式\的\曲艺\称为\都\敖\主要\用于\老人\去世\接\气\、\入殓\句式\是\五言\句念\唱\结合\。\主要\乐器\有\月琴\、\唢呐\、\皮鼓\、\锣\、\钹\等\。\民间舞蹈\有\狮子\灯\和\金钱\棒舞\。\狮子\灯\既\是\舞蹈\又\似\傩戏\是\一种\混合性\的\表演\每年\春节\或\祭龙\节\时\村民\走村\串\寨\耍\狮子\灯\在\舞狮\过程\中\还\加入\《\西游记\》\故事\表演\深受\群众\喜爱\金钱\棒舞\自娱性\强\随时\可\跳\人数\不\限\。,水族
鲁布革乡腊者村布依族传统文化保护区,第一批,传统文化保护区,云南省,腊者村位于曲靖市罗平县鲁布革布依族苗族乡为布依族聚居村始建于清代。全村共户人。人均耕地面积亩人均收入元年。村寨地处亚热带河谷地区四周高山环绕海拔米森林植被覆盖率达以上。中间是阡陌纵横的稻田和耕地整个村寨散落在青山绿水之间体现了布依族崇尚自然的理念。布依族女性从十一二岁开始就学习织布、绣花几乎每家都有自制的织布机主要用于纺织具有布依特色的土布、床单。以植物为染料染出的布为藏青色。寨中保存老人房等祭祖用房及吊脚楼式的民居建筑具有浓郁的布依村寨特色。老人房为布依族传统干栏式建筑是全村最重要的祭祀活动场所。每年农历二月的第一个属兔日全村的男人在此举行隆重的祭老人房活动。布依族信奉自然神平时要祭山、祭水。由么公主持祭祀活动。老年妇女一般穿传统服饰头缠蓝黑包布身着青色无领对襟短衣身大袖宽沿衣领缝处镶一道花边衣角处还镶绣各式彩色滚边内外衣袖口处绣织的花纹图案鲜艳美观袖口外露的花色层次重叠和谐下身或为深青、蓝色的宽脚裤或为百褶裙多用白底蓝色的蜡染花布缝制。如今成年妇女的包头已经用白毛巾代替上衣也改穿有领或矮领大襟衣在左衽前下方处镶嵌两三道带色的花边领前用银泡纽扣作装饰袖口仍保留传统风格只穿长裤。未婚女子服饰基本与中年妇女相似但衣服花口比已婚女子的图案更多更鲜艳。女子一般都会织布绣花。节日多且内容丰富几乎每月都有节日可分为纪念性、季节性和祭祀性几类包括春节、三月三、五月节、六月二十四等节日其中以春节和三月三最隆重。崇拜自然神每年的三月三都要祭水、祭树神、祭山神祈求五谷丰登、平安吉祥、安康幸福。布依族无文字民间文学都是口头传承。民歌形式多样可分为情歌、敬酒歌、出嫁歌、赶米酒歌、迎亲歌等。歌词大多是前人所传曲调委婉动听。,省级,腊者\村\位于\曲靖市\罗平县\鲁布革\布依族\苗族\乡为\布依族\聚居\村\始建\于\清代\。\全村\共户\人\。\人均\耕地面积\亩\人均收入\元年\。\村寨\地处\亚热带\河谷\地区\四周\高山\环绕\海拔\米\森林\植被\覆盖率\达\以上\。\中间\是\阡陌\纵横\的\稻田\和\耕地\整个\村寨\散落\在\青山绿水\之间\体现\了\布依族\崇尚\自然\的\理念\。\布依族\女性\从\十一二岁\开始\就\学习\织布\、\绣花\几乎\每家\都\有\自制\的\织布机\主要\用于\纺织\具有\布依\特色\的\土布\、\床单\。\以\植物\为\染料\染出\的\布为\藏青色\。\寨\中\保存\老人\房等\祭祖\用房\及\吊脚楼\式\的\民居\建筑\具有\浓郁\的\布依\村寨\特色\。\老人\房为\布依族\传统\干栏\式\建筑\是\全村\最\重要\的\祭祀\活动场所\。\每年\农历\二月\的\第一个\属\兔\日\全村\的\男人\在\此\举行\隆重\的\祭\老人\房\活动\。\布依族\信奉\自然神\平时\要\祭山\、\祭水\。\由\么\公\主持\祭祀\活动\。\老年\妇女\一般\穿\传统\服饰\头缠\蓝黑\包布\身着\青色\无领\对襟\短衣\身大袖\宽\沿\衣领\缝处\镶\一道\花边\衣角\处\还\镶\绣\各式\彩色\滚边\内外\衣袖\口处\绣织\的\花纹\图案\鲜艳\美观\袖口\外露\的\花色\层次\重叠\和谐\下身\或\为\深青\、\蓝色\的\宽\脚裤\或\为\百褶裙\多用\白底\蓝色\的\蜡染\花布\缝制\。\如今\成年\妇女\的\包头\已经\用白\毛巾\代替\上衣\也\改穿\有领\或\矮领\大襟\衣在\左衽\前\下方\处\镶嵌\两\三道\带色\的\花边\领前\用\银泡\纽扣\作\装饰\袖口\仍\保留\传统\风格\只\穿\长裤\。\未婚\女子\服饰\基本\与\中年妇女\相似\但\衣服\花口\比\已婚\女子\的\图案\更\多\更\鲜艳\。\女子\一般\都\会\织布\绣花\。\节日\多且\内容丰富\几乎\每月\都\有\节日\可\分为\纪念性\、\季节性\和\祭祀\性\几类\包括\春节\、\三月三\、\五月节\、\六月\二十四\等\节日\其中\以\春节\和\三月三\最\隆重\。\崇拜\自然神\每年\的\三月三\都\要\祭水\、\祭\树神\、\祭\山神\祈求\五谷丰登\、\平安\吉祥\、\安康\幸福\。\布依族\无\文字\民间文学\都\是\口头\传承\。\民歌\形式多样\可\分为\情歌\、\敬酒\歌\、\出嫁\歌\、\赶米\酒歌\、\迎亲\歌\等\。\歌词\大多\是\前人\所\传\曲调\委婉\动听\。,布依族
户撒乡新寨村、贺姐村阿昌族传统文化保护区,第一批,传统文化保护区,云南省,新寨村、贺姐村所在的腊撒村委会位于德宏傣族景颇族自治州陇川县户撒坝子背靠山坡前临陇川县至盈江县的公路交通便利。户撒河从坝子间穿流而过海拔米。生态环境好村寨周围森林植被保护较好以亚热带常绿阔叶树种为主森林覆盖率。村子附近有曼旦水库、户撒河和天然草场风景优美。建村时间可追溯到明代系阿昌族自古以来的聚居地是著名的户撒阿昌刀的产地。全村共计户人均为阿昌族。人均耕地面积亩人均收入元年。民居建筑总体保持传统风貌传统民居以木结构为骨架以土坯为外墙两寨木结构穿斗型建筑占以上寨中古迹较多道路都为石板铺成。居住习俗仍保持传统有寨神、佛寺、佛塔等既是村民宗教信仰的标志也是村寨的景观组成部分。新寨村、贺姐村有自己的社团组织青年头每寨都推举自己的伙子头、姑娘头负责组织村寨里的节日和文艺活动处理青年事务等。保留传统的纺织和打制银饰、阿昌刀工艺。许多家庭世代以打刀为业新寨主要打制长刀。阿昌族妇女服装为黑色用手工纺织的棉布缝制。上着对襟中袖蓝色小翻领外衣两边袖口套一对白色袖套下穿两层裙系黑色腰带和彩色毛线小腿绑黑布缝制的绑腿扎包头用各色毛线缠绕和装饰鲜艳的毛线球和绢花左耳上方佩带一朵金属花。男子上穿黑色立领对襟衫下穿黑色长管大筒裤系布腰带喜在腰间佩短刀白布包头脑后饰物为一串毛线球。男女均喜爱银饰。信仰南传上座部佛教、道教、自然信仰等。每年有赕佛、关门节、开门节、浴佛以及祭祖先、地方神、谷神、树神、火神、灶神、井神、寨神等活动。阿昌族无文字采用汉文和傣文依据农历和傣历进行生产活动和节日庆典。民间文学内容丰富题材广泛有史诗、民间故事、神话传说、戏剧和歌谣等。有创世史诗《遮帕麻和遮咪麻》、神话传说《旱慨》、《菜赢与纳康》、《班寺白塔》、《阿昌族迁居户撒坝的传说》、《户撒定居》、《头人》、《户撒刀的传说》、《三兄弟打铁》、《阿芒和阿衣》、《三把金刀》等余部。新寨阿昌族习惯每个人都要学习阿昌族的民间歌舞讲阿昌族的民间故事传承情况较好。阿昌族在各种节庆和举行礼仪活动时要听唱各种古歌、叙事诗或听长辈讲传说故事在农闲和劳动之余大家也聚在一起互相讲述听到的故事。阿昌族民歌形式多样音乐富有节奏感歌词朴实生动曲调优美动听。民歌主要有相勒摩、相作、相勒吉、叙事歌、祭祀歌等。其中相勒摩、相作、相勒吉是男女青年对唱情歌歌词均是即兴创作。叙事歌、祭祀歌则在祭天地、祖宗、送谷魂、葬礼、节日时专门由祭司活袍演唱遵循前人传下的歌词和传统格式演唱方式以问答、朗诵与歌唱相结合进行旋律语调抑扬顿挫。主要调式有麻朗朵、毫直腔等十二属花木调和七杂、责勒杂等。传统节日庆典包括阿露窝罗节、关门节、开门节、泼水节、火把节、春节等。阿露窝罗节每年农历九月初十进行主要是为了迎接个打玛释迦牟尼的灵魂回到人间共庆丰收并预祝来年丰收吉祥。体育健身、娱乐活动等保持着传统形式设有专门的练武场拳列亚外村人和妇女不得入内本村男子则可自由进入不限年龄。,省级,新寨村\、\贺姐\村\所在\的\腊\撒\村委会\位于\德宏傣族景颇族自治州\陇川县\户\撒\坝子\背靠\山坡\前临\陇川县\至\盈江县\的\公路交通\便利\。\户撒河\从\坝子\间\穿\流而过\海拔\米\。\生态环境\好\村寨\周围\森林\植被\保护\较\好\以\亚热带\常绿阔叶\树种\为主\森林\覆盖率\。\村子\附近\有曼旦\水库\、\户撒河\和\天然\草场\风景优美\。\建村\时间\可追溯\到\明代\系\阿昌族\自古以来\的\聚居地\是\著名\的\户\撒\阿昌刀\的\产地\。\全村\共计\户\人均\为\阿昌族\。\人均\耕地面积\亩\人均收入\元年\。\民居\建筑\总体\保持\传统\风貌\传统\民居\以\木结构\为\骨架\以\土坯\为\外墙\两寨\木结构\穿斗型\建筑\占\以上\寨\中\古迹\较\多\道路\都\为\石板\铺\成\。\居住\习俗\仍\保持\传统\有\寨\神\、\佛寺\、\佛塔\等\既\是\村民\宗教信仰\的\标志\也\是\村寨\的\景观\组成部分\。\新寨村\、\贺姐\村\有\自己\的\社团组织\青年\头\每\寨\都\推举\自己\的\伙子\头\、\姑娘\头\负责\组织\村寨\里\的\节日\和\文艺活动\处理\青年\事务\等\。\保留\传统\的\纺织\和\打制\银饰\、\阿昌刀\工艺\。\许多\家庭\世代\以\打刀\为业\新寨\主要\打制\长刀\。\阿昌族\妇女\服装\为\黑色\用\手工\纺织\的\棉布\缝制\。\上\着\对襟\中袖\蓝色\小\翻领\外衣\两边\袖口\套\一对\白色\袖套\下\穿\两层\裙系\黑色\腰带\和\彩色\毛线\小腿\绑\黑布\缝制\的\绑腿\扎\包头\用\各色\毛线\缠绕\和\装饰\鲜艳\的\毛线\球\和\绢花\左耳\上方\佩带\一朵\金属\花\。\男子\上\穿\黑色\立领\对襟\衫\下\穿\黑色\长管\大\筒裤\系布\腰带\喜\在\腰间\佩\短刀\白布\包\头脑\后\饰物\为\一串\毛线\球\。\男女\均\喜爱\银饰\。\信仰\南传\上座部佛教\、\道教\、\自然\信仰\等\。\每年\有\赕佛\、\关门节\、\开门节\、\浴佛\以及\祭祖\先\、\地方\神\、\谷神\、\树神\、\火神\、\灶神\、\井神\、\寨\神\等\活动\。\阿昌族\无\文字\采用\汉文\和\傣文\依据\农历\和\傣历\进行\生产\活动\和\节日\庆典\。\民间文学\内容丰富\题材\广泛\有\史诗\、\民间故事\、\神话传说\、\戏剧\和\歌谣\等\。\有\创世\史诗\《\遮帕麻和遮咪麻\》\、\神话传说\《\旱慨\》\、\《\菜\赢\与\纳康\》\、\《\班寺\白塔\》\、\《\阿昌族\迁居\户撒坝\的\传说\》\、\《\户\撒\定居\》\、\《\头人\》\、\《\户撒刀\的\传说\》\、\《\三\兄弟\打铁\》\、\《\阿芒\和\阿衣\》\、\《\三\把\金刀\》\等\余部\。\新寨\阿昌族\习惯\每个\人\都\要\学习\阿昌族\的\民间\歌舞\讲\阿昌族\的\民间故事\传承\情况\较\好\。\阿昌族\在\各种\节庆\和\举行\礼仪\活动\时要\听\唱\各种\古歌\、\叙事诗\或\听\长辈\讲\传说\故事\在\农闲\和\劳动\之\余\大家\也\聚在一起\互相\讲述\听到\的\故事\。\阿昌族民歌\形式多样\音乐\富有\节奏感\歌词\朴实\生动\曲调\优美\动听\。\民歌\主要\有\相勒摩\、\相作\、\相勒吉\、\叙事\歌\、\祭祀\歌\等\。\其中\相勒摩\、\相作\、\相勒吉是\男女\青年\对唱\情歌\歌词\均\是\即兴创作\。\叙事\歌\、\祭祀\歌则\在\祭天\地\、\祖宗\、\送谷魂\、\葬礼\、\节日\时\专门\由\祭司\活袍\演唱\遵循\前人\传下\的\歌词\和\传统\格式\演唱\方式\以\问答\、\朗诵\与\歌唱\相结合\进行\旋律\语调\抑扬顿挫\。\主要\调式\有\麻朗朵\、\毫直\腔\等\十二属\花木\调和\七杂\、\责勒杂\等\。\传统节日\庆典\包括\阿露\窝罗节\、\关门节\、\开门节\、\泼水节\、\火把节\、\春节\等\。\阿露\窝罗节\每年\农历\九月初\十\进行\主要\是\为了\迎接\个\打玛\释迦牟尼\的\灵魂\回到\人间\共庆\丰收\并\预祝\来\年\丰收\吉祥\。\体育\健身\、\娱乐活动\等\保持\着\传统\形式\设有\专门\的\练武场\拳列亚\外村人\和\妇女\不得\入内\本村\男子\则\可\自由\进入\不\限\年龄\。,傣族
大等喊村傣族传统文化保护区,第一批,传统文化保护区,云南省,大等喊村位于德宏傣族景颇族自治州瑞丽市姐相乡贺赛行政村境内是全市最大的傣族村寨。全村户人傣族人口占全寨总人口的以上。人均耕地面积亩人均收入元年。大等喊村建立年代约在明末清初具有典型的亚热带自然风光农业资源十分丰富民族风情浓郁是瑞丽著名的歌舞之乡。竹篾墙干栏式民居精巧、明亮村中的大等喊佛寺被公布为省级文物保护单位建筑富有地方特色该村旅游业发展较早现已成为国家首批农业旅游示范点。傣族传统服装服饰靓丽鲜艳男装为无领对襟式宽松大裤脚缠包头衣服颜色依年龄大小分别为黑色、茶色、灰色、淡黄色包头基本为白色也有淡黄或黑色的部分着汉装或缅装。女装为无领姊妹装式的对襟衣穿筒裙挽发髻于后简洁清纯式样美观色调素雅。大等喊傣家土法织布、织锦的历史悠久。据史书记载手工作坊土法织布可追溯至明清。傣锦花纹美观大方色泽鲜艳质地精良经久耐用深为本民族群众喜爱。大等喊的木雕工艺采用透雕、浮雕、线雕和圆雕相结合的手法制作花卉、藤蔓及狮、龙、大象、麒麟、人首蛇身、人首鸟身等飞禽走兽颇有特色这些传统手工艺都有传承和发展。传统礼俗较多表现在邻里关系、家庭关系、长幼关系、婚姻关系等各个方面。全民信奉南传上座部佛教从进洼关门节至出洼开门节期间的周内要举行次斋戒活动由村民小组组织赕佛并负责节庆赶摆、修桥补路、修沟打坝、打扫卫生、婚丧嫁娶等民事活动。主要佛事活动有烧白柴、弥勒佛节、进洼、出洼、泼水节、赶朵、做摆等。村中也保留有自然信仰祭祀活动主要有祭寨神、寨心、树神、水神等。大等喊自然风光秀丽素有农村自然公园之誉。主要景点包括大等喊奘寺、农业科技示范园已被国家旅游局定为全国农业旅游示范点、大金水塘为大等喊村名来源的传说之地、孔雀竹林、菩提古榕相传释迦弟子曾在树下打坐参禅被尊为寨中神树、泼水广场上的民族歌舞厅、泼水亭、水龙等都别具傣族特色。民间文学主要有叙事史诗如《朗嘎西贺》、《娥姘与桑洛》和风俗歌情歌、神话传说、民间故事、寓言故事、谚语等。村民每户都存有两本以上以神话传说为主体的经书。诗歌都有韵脚情诗所占比例较大。大等喊的民歌音高流畅即兴发挥有诵调与歌调两种主要是山歌和情歌有吟诵调、哭嫁调、舞蹈歌曲、幼儿歌曲、小调等。主要乐器有叮散赛三弦琴、葫芦丝、象脚鼓、镲和排铓等。每逢喜庆佳节大等喊傣族用歌舞欢度节日主要舞蹈有嘎光舞、鼓舞、孔雀舞、大鹏鸟舞、马鹿舞、刀舞、棍舞、铓舞等多为集体舞也有单人舞。村中组织了一支余人组成的傣族风俗歌舞演出队每天下午为游客表演民族歌舞。傣族传统节日主要有泼水节、关门节、开门节等。传统民族体育项目有拳术、棍术、刀术、爬杆、跳谷堆、顶棍、丢包、打陀螺、跳绳、荡秋千等。这些活动主要在劳动之余或节假日时开展。,省级,大\等\喊\村\位于\德宏傣族景颇族自治州\瑞丽市\姐相乡\贺赛\行政村\境内\是\全市\最大\的\傣族\村寨\。\全村\户人\傣族\人口\占\全寨\总人口\的\以上\。\人均\耕地面积\亩\人均收入\元年\。\大\等\喊\村\建立\年代\约\在\明末清初\具有\典型\的\亚热带\自然风光\农业\资源\十分\丰富\民族风情\浓郁\是\瑞丽\著名\的\歌舞\之\乡\。\竹篾\墙\干栏\式\民居\精巧\、\明亮\村中\的\大\等\喊\佛寺\被\公布\为\省级\文物保护\单位\建筑\富有\地方\特色\该村\旅游业\发展\较\早\现已\成为\国家\首批\农业\旅游\示范点\。\傣族\传统\服装服饰\靓丽\鲜艳\男装\为\无领\对襟\式\宽松\大\裤脚\缠\包头\衣服\颜色\依\年龄\大小\分别\为\黑色\、\茶色\、\灰色\、\淡黄色\包头\基本\为\白色\也\有\淡黄\或\黑色\的\部分\着\汉装\或\缅装\。\女装\为\无领\姊妹\装式\的\对襟\衣穿\筒裙\挽\发髻\于\后\简洁\清纯\式样\美观\色调\素雅\。\大\等\喊\傣家\土法\织布\、\织锦\的\历史悠久\。\据\史书\记载\手工\作坊\土法\织布\可追溯\至\明清\。\傣锦\花纹\美观大方\色泽\鲜艳\质地\精良\经久耐用\深为\本\民族\群众\喜爱\。\大\等\喊\的\木雕\工艺\采用\透雕\、\浮雕\、\线雕\和\圆雕\相结合\的\手法\制作\花卉\、\藤蔓\及狮\、\龙\、\大象\、\麒麟\、\人首\蛇身\、\人首\鸟身\等\飞禽走兽\颇\有\特色\这些\传统\手工艺\都\有\传承\和\发展\。\传统\礼俗\较\多\表现\在\邻里关系\、\家庭关系\、\长幼\关系\、\婚姻关系\等\各个方面\。\全民\信奉\南传\上座部佛教\从\进洼\关门节\至\出洼\开门节\期间\的\周内\要\举行\次\斋戒\活动\由\村民\小组\组织\赕佛\并\负责\节庆\赶摆\、\修桥补路\、\修沟\打坝\、\打扫卫生\、\婚丧嫁娶\等\民事\活动\。\主要\佛事\活动\有\烧白\柴\、\弥勒佛\节\、\进洼\、\出洼\、\泼水节\、\赶朵\、\做\摆\等\。\村中\也\保留\有\自然\信仰\祭祀\活动\主要\有\祭寨神\、\寨心\、\树神\、\水神\等\。\大\等\喊\自然\风光秀丽\素有\农村\自然\公园\之誉\。\主要\景点\包括\大等\喊奘寺\、\农业\科技\示范园\已\被\国家旅游局\定为\全国\农业\旅游\示范点\、\大\金\水塘\为\大\等\喊\村名\来源\的\传说\之地\、\孔雀\竹林\、\菩提\古榕\相传\释迦\弟子\曾\在\树下\打坐\参禅\被\尊为\寨\中\神树\、\泼水\广场\上\的\民族\歌舞厅\、\泼水\亭\、\水龙\等\都\别具\傣族\特色\。\民间文学\主要\有\叙事\史诗\如\《\朗嘎西贺\》\、\《\娥\姘\与\桑洛\》\和\风俗歌\情歌\、\神话传说\、\民间故事\、\寓言故事\、\谚语\等\。\村民\每户\都\存有\两本\以上\以\神话传说\为\主体\的\经书\。\诗歌\都\有\韵脚\情诗\所\占\比例\较大\。\大\等\喊\的\民歌\音高\流畅\即兴\发挥\有诵\调\与\歌调\两种\主要\是\山歌\和\情歌\有\吟诵\调\、\哭嫁\调\、\舞蹈\歌曲\、\幼儿\歌曲\、\小调\等\。\主要\乐器\有\叮\散赛\三弦琴\、\葫芦丝\、\象脚鼓\、\镲\和\排\铓\等\。\每逢\喜庆\佳节\大\等\喊\傣族\用\歌舞\欢度\节日\主要\舞蹈\有嘎光舞\、\鼓舞\、\孔雀舞\、\大鹏鸟\舞\、\马鹿\舞\、\刀舞\、\棍舞\、\铓\舞\等\多\为\集体舞\也\有\单人舞\。\村中\组织\了\一支\余人\组成\的\傣族\风俗\歌舞\演出队\每天\下午\为\游客\表演\民族\歌舞\。\傣族\传统节日\主要\有\泼水节\、\关门节\、\开门节\等\。\传统\民族\体育项目\有\拳术\、\棍术\、\刀术\、\爬杆\、\跳\谷堆\、\顶棍\、\丢包\、\打\陀螺\、\跳绳\、\荡秋千\等\。\这些\活动\主要\在\劳动\之余\或\节假日\时\开展\。,傣族
三台山乡德昂族传统文化保护区,第一批,传统文化保护区,云南省,三台山乡位于德宏傣族景颇族自治州潞西市西南侧是全国唯一的德昂族乡辖个行政村个自然村海拔米。户人。人均耕地面积亩人均收入元年。德昂族是云南人口较少民族之一历史悠久。三台山乡传统文化积存丰厚。德昂族的传统民居为竹楼干栏形式形制与傣族和景颇族的竹楼不同顶头很高形似诸葛亮的帽子。传说诸葛亮平定南中时曾将帽子赠给一位德昂族姑娘。为表示对诸葛亮的怀念人们便按帽子的形状建盖竹楼并延续至今。室内分设两个火塘由男女两性分享楼房设有两部楼梯一个设于正门前搭有晒台用于晒衣服或谷物凡亲友来访均由此处出入另一个设在后门可通往菜地或碓房小伙子串姑娘时一般走此门。火塘被德昂族视为家族的象征和家庭人畜兴旺的保护神火塘的不同方位也被视为家族成员不同地位的象征。德昂族种茶历史悠久《达古达楞格莱标》古歌集中反映了德昂族与茶的渊源关系。从古至今茶在德昂人的日常生活、社交礼仪、化解矛盾、治疗疾病等方面均有独特的地位。三台山德昂族家家户户都擅长用竹编制各种用具。妇女们自己织土布、织筒裙、筒帕、裹腿、包头等。德昂女子服饰一般为对襟、紧袖衣摆齐腰以藏青色、黑色居多衣襟两边镶有两条红布。其显著特点是衣领与下摆的装饰较为考究有的有反披衣领约厘米衣领边缝上有各色小绒球下摆部位有花边或刺绣衣襟有两排压花银片和银泡从肩部一直装饰到衣服下摆。这样装饰的服装多在喜庆节日活动中穿戴平时所穿服装较简单没有太多装饰品。德昂语称筒裙为格朗为棉线手工织品裙子较长上裹胸部下遮踝骨颜色多为红黑两色横条相压。德昂族个支系的服装差别多反映在筒裙上但共同特点都是彩色横条纹。腰箍称囊用藤、竹篾或草编织戴在腰间是青年人爱情的信物。小伙子为了获得姑娘的爱往往费尽心思精心制作有动植物图案和花纹的腰箍送给心爱的姑娘姑娘佩戴的腰箍越多越精致越能说明这个姑娘勤劳智慧心灵美好。德昂族妇女佩戴腰箍的历史十分悠久有不少神话传说史籍中有皆以藤篾缠腰箍的记载。德昂族男子的服饰较简朴青布对襟开衫下穿宽筒短裤黑布包头。唯新郎在办完喜事时会得到岳父送的白布包头意思是希望女婿对老人、对妻子的心要像白包头一样洁白无瑕。三台山乡各村寨的寨子中心都有称为红漫的神树是村子的保护神凡遇红白喜事人们都要集中到寨心来祭神树。传统节日和民俗活动主要有泼水节也称为浇花节、赕佛节、烧白柴节、点油灯、入雨安居节源于自然信仰的驱鬼仪式、祭亡灵、祭房神、祭寨神等。德昂族无文字新中国成立前借用傣文新中国成立后多用汉文亦有沿用傣文的。佛教典籍较多多用傣文书写。民族民间文学内容广泛形式多样有史诗《达古达楞格莱标》和叙事长诗、风情习俗长诗、民歌等。民歌约有种歌调形式迎亲调即婚礼词隔山调即对歌调串词采茶调做摆歌。主要乐器有象脚鼓、坐鼓、抬鼓、水鼓、铓、镲、布赖、比总、结腊、马腿琴、口弦等。舞蹈有抬鼓舞、长鼓舞、坐鼓舞、水鼓舞、花篮舞、竹杆舞亦称骑马舞等主要在各种节庆时跳。三台山德昂族民间体育多为武术至今仍可见古代练武场遗址余处其中允腊武场最大。民间竞技主要有打篾弹弓、打陀螺、掷龙骰棋等。年打篾弹弓被列为云南省少数民族传统体育正式比赛项目。,省级,三台山乡\位于\德宏傣族景颇族自治州\潞西市\西南侧\是\全国\唯一\的\德昂族\乡辖个\行政村\个\自然村\海拔\米\。\户人\。\人均\耕地面积\亩\人均收入\元年\。\德昂族\是\云南\人口\较\少\民族\之一\历史悠久\。\三台山乡\传统文化\积存\丰厚\。\德昂族\的\传统\民居\为\竹楼\干栏\形式\形制\与\傣族\和\景颇族\的\竹楼\不同\顶头\很\高\形似\诸葛亮\的\帽子\。\传说\诸葛亮\平定\南中时\曾\将\帽子\赠给\一位\德昂族\姑娘\。\为\表示\对\诸葛亮\的\怀念\人们\便\按\帽子\的\形状\建盖\竹楼\并\延续\至今\。\室内\分设\两个\火塘\由\男女\两性\分享\楼房\设有\两部\楼梯\一个\设\于\正门\前\搭\有\晒台\用于\晒衣服\或\谷物\凡\亲友\来访\均\由\此处\出入\另\一个\设在\后门\可\通往\菜地\或\碓房\小伙子\串姑娘\时\一般\走\此门\。\火塘\被\德昂族\视为\家族\的\象征\和\家庭\人\畜\兴旺\的\保护神\火塘\的\不同\方位\也\被\视为\家族\成员\不同\地位\的\象征\。\德昂族\种茶\历史悠久\《\达古达楞格莱标\》\古歌\集中反映\了\德昂族\与\茶\的\渊源\关系\。\从古至今\茶\在\德昂\人\的\日常生活\、\社交\礼仪\、\化解矛盾\、\治疗\疾病\等\方面\均\有\独特\的\地位\。\三台山\德昂族\家家户户\都\擅长\用竹\编制\各种\用具\。\妇女\们\自己\织\土布\、\织\筒裙\、\筒\帕\、\裹腿\、\包头\等\。\德昂\女子\服饰\一般\为\对襟\、\紧袖\衣摆\齐腰\以\藏青色\、\黑色\居多\衣襟\两边\镶有\两条\红布\。\其\显著特点\是\衣领\与\下摆\的\装饰\较为\考究\有\的\有\反\披衣\领约\厘米\衣领\边\缝上\有\各色\小\绒球\下摆\部位\有\花边\或\刺绣\衣襟\有\两排\压花\银片\和\银泡\从\肩部\一直\装饰\到\衣服\下摆\。\这样\装饰\的\服装\多\在\喜庆\节日\活动\中\穿戴\平时\所\穿\服装\较\简单\没有\太\多\装饰品\。\德昂语\称\筒裙\为格朗\为\棉线\手工\织品\裙子\较长\上\裹\胸部\下\遮\踝骨\颜色\多为\红\黑\两色\横条\相压\。\德昂族\个\支系\的\服装\差别\多\反映\在\筒裙\上\但\共同\特点\都\是\彩色\横\条纹\。\腰箍称\囊\用\藤\、\竹篾\或草\编织\戴\在\腰间\是\青年人\爱情\的\信物\。\小伙子\为了\获得\姑娘\的\爱\往往\费尽心思\精心制作\有\动植物\图案\和\花纹\的\腰\箍\送给\心爱\的\姑娘\姑娘\佩戴\的\腰\箍\越多越\精致\越能\说明\这个\姑娘\勤劳\智慧\心灵\美好\。\德昂族\妇女\佩戴\腰\箍\的\历史\十分\悠久\有\不少\神话传说\史籍\中有\皆\以藤篾\缠\腰\箍\的\记载\。\德昂族\男子\的\服饰\较\简朴\青布\对襟\开衫\下\穿\宽\筒\短裤\黑布\包头\。\唯\新郎\在\办完\喜事\时会\得到\岳父\送\的\白布\包头\意思\是\希望\女婿\对\老人\、\对\妻子\的\心要\像\白\包头\一样\洁白无瑕\。\三台山乡\各\村寨\的\寨子\中心\都\有\称为\红漫\的\神树\是\村子\的\保护神\凡遇\红白喜事\人们\都\要\集中\到\寨\心来\祭\神树\。\传统节日\和\民俗\活动\主要\有\泼水节\也\称为\浇花\节\、\赕佛\节\、\烧白\柴节\、\点\油灯\、\入雨\安居\节\源于\自然\信仰\的\驱鬼\仪式\、\祭\亡灵\、\祭房\神\、\祭寨神\等\。\德昂族\无\文字\新\中国\成立\前\借用\傣文\新\中国\成立\后\多用\汉文\亦\有\沿用\傣文\的\。\佛教\典籍\较\多\多用\傣文\书写\。\民族\民间文学\内容\广泛\形式多样\有\史诗\《\达古达楞格莱标\》\和\叙事\长诗\、\风情\习俗\长诗\、\民歌\等\。\民歌\约\有种\歌调\形式\迎亲\调即\婚礼\词\隔山\调即\对\歌调\串词\采茶\调做\摆歌\。\主要\乐器\有\象脚鼓\、\坐鼓\、\抬鼓\、\水鼓\、\铓\、\镲\、\布赖\、\比\总\、\结腊\、\马腿\琴\、\口弦\等\。\舞蹈\有\抬\鼓舞\、\长鼓舞\、\坐\鼓舞\、\水鼓舞\、\花篮\舞\、\竹杆\舞亦称\骑马\舞\等\主要\在\各种\节庆\时\跳\。\三台山\德昂族\民间\体育\多为\武术\至今\仍\可见\古代\练武场\遗址\余处\其中\允腊\武场\最大\。\民间\竞技\主要\有\打篾\弹弓\、\打\陀螺\、\掷\龙\骰棋\等\。\年\打篾\弹弓\被\列为\云南省\少数民族\传统\体育\正式\比赛项目\。,傣族
叶枝镇同乐村傈僳族传统文化保护区,第一批,传统文化保护区,云南省,同乐村傈僳族传统文化保护区位于迪庆藏族自治州维西傈僳族自治县叶枝镇同乐村共户人。人均年收入元年。地处澜沧江东岸海拔米的山区是三江并流的核心腹地后山属白茫雪山自然保护区有原始森林、杜鹃花海及滇金丝猴生态环境较好。叶枝一带是傈僳族先民长期活动的中心区同乐村是傈僳族聚居的古老村寨。民居为井干式木楞房依山而建层层叠叠。春秋收种季节下到河谷住庄房上高山采集、打猎则住火房。农耕与采集并重饲养野鸡制漆油、核桃油善织麻布、麦编、刺绣。傈僳族音节文字创始人汪忍波曾在此授徒百人。村尾有叶枝王氏土司的避暑山庄。同乐村傈僳族崇奉神灵、鬼怪。神灵有天神、山神、火神、龙神、家神种天神统辖四神管理天地间万事万物四神分别管理山林及动植物、水、火和各家各户命运等。鬼怪大致可分为两类一类是人死后的灵魂另一类是万物的精灵如路鬼、水鬼、树鬼、干瘦鬼、吃鬼等。巫师分为东巴、尼扒两类负责主持每年的祀神、禳鬼、占卜等活动。有传统的成年礼仪不论男女年满岁时要请舅父、舅母或同族成年人帮穿裤子或裙子举行庄严的穿裤裙成人仪式把岁作为新生命的开始。同乐傈僳族能歌善舞会说话就会唱歌会走路就会跳舞。同乐是阿尺木刮歌舞的发源地表演时无乐器伴奏参舞者分男女两队各队一名领唱者其余合唱有舞圆环、进退舞步、跳山羊等多种跳法。唱词内容丰富从天上唱到地下从大自然唱到人类社会对傈僳族文化传承起到极重要的作用。阿尺木刮歌舞已享誉全国个舞段的瓦器器舞在傈僳人家大小喜事、各种节庆活动上都不可缺少。民歌有类祭天古歌包括神话传说及先民在恶劣的自然环境中艰苦奋斗、祈神赐福等内容句式多为五音节吟唱时音调平缓木刮即踏歌起舞的歌曲歌词抒怀叙事唱天地万物、历史典故、神话传说、道德规范等可连续唱几天丧歌在祭奠亡灵时由巫师或长者唱。传统服饰全部为手工制作。男子上穿大襟白短褂外罩前襟开口的黑白条纹长衫系羊毛带或麻布彩带下着蓝布大裆裤左挎麻布包腊裱和刀右背弩弓箭包头戴帕子或毡帽。女子头戴三角帽呙享包黑布头帕以小贝壳、银圆片、小铃铛、草编装饰上穿细白麻布大襟长衫外罩紫红或黑色坎肩下着百褶裙和刺绣围腰。男女大多打绑腿穿草鞋。传世故事与神话传说有《洪荒与人神》、《阿弓玛的故事》、《月亮上的木瓜树》、《寻水故事》等余篇。同乐村傈僳族保存着独特的天文历法有一定学术研究价值。民族体育活动有射弩、斗牛、斗鸡等。,省级,同乐\村\傈僳族\传统文化\保护区\位于\迪庆藏族自治州\维西傈僳族自治县\叶枝\镇\同乐\村共户\人\。\人均\年收入\元年\。\地处\澜沧江\东岸\海拔\米\的\山区\是\三江\并流\的\核心\腹地\后山\属白茫\雪山\自然保护区\有\原始森林\、\杜鹃花\海及\滇\金丝猴\生态环境\较\好\。\叶枝\一带\是\傈僳族\先民\长期\活动\的\中心区\同乐\村是\傈僳族\聚居\的\古老\村寨\。\民居\为井\干式\木楞房\依山\而建\层层叠叠\。\春秋\收种\季节\下\到\河谷\住\庄房\上\高山\采集\、\打猎\则\住\火房\。\农耕\与\采集\并重\饲养\野鸡\制漆\油\、\核桃油\善织\麻布\、\麦编\、\刺绣\。\傈僳族\音节文字\创始人\汪忍波\曾\在\此\授徒\百\人\。\村尾\有\叶枝\王氏\土司\的\避暑山庄\。\同乐\村\傈僳族\崇奉\神灵\、\鬼怪\。\神灵\有\天神\、\山神\、\火神\、\龙神\、\家神\种\天神\统辖\四神\管理\天地间\万事万物\四神\分别\管理\山林\及\动植物\、\水\、\火\和\各家各户\命运\等\。\鬼怪\大致\可\分为\两类\一类\是\人\死\后\的\灵魂\另一类\是\万物\的\精灵\如路\鬼\、\水鬼\、\树鬼\、\干瘦\鬼\、\吃\鬼\等\。\巫师\分为\东巴\、\尼扒\两类\负责\主持\每年\的\祀神\、\禳\鬼\、\占卜\等\活动\。\有\传统\的\成年\礼仪\不论\男女\年满\岁\时\要\请\舅父\、\舅母\或\同族\成年人\帮穿\裤子\或\裙子\举行\庄严\的\穿\裤裙\成人\仪式\把\岁\作为\新\生命\的\开始\。\同乐\傈僳族\能歌善舞\会\说话\就\会\唱歌\会\走路\就\会\跳舞\。\同乐\是\阿尺\木\刮\歌舞\的\发源地\表演\时\无\乐器\伴奏\参\舞者\分\男女\两队\各队\一名\领唱者\其余\合唱\有舞\圆环\、\进退\舞步\、\跳\山羊\等\多种\跳法\。\唱词\内容丰富\从\天上\唱\到\地下\从\大自然\唱\到\人类\社会\对\傈僳族\文化传承\起到\极\重要\的\作用\。\阿尺\木\刮\歌舞\已\享誉\全国\个\舞段\的\瓦器器舞\在\傈僳\人家\大小\喜事\、\各种\节庆\活动\上\都\不可\缺少\。\民歌\有类\祭天\古歌\包括\神话传说\及\先民\在\恶劣\的\自然环境\中\艰苦奋斗\、\祈神\赐福\等\内容\句式\多为\五\音节\吟唱\时\音调\平缓\木\刮\即\踏歌\起舞\的\歌曲歌词\抒怀\叙事\唱\天地万物\、\历史\典故\、\神话传说\、\道德规范\等\可\连续\唱\几天\丧歌\在\祭奠\亡灵\时\由\巫师\或\长者\唱\。\传统\服饰\全部\为\手工\制作\。\男子\上\穿\大襟\白\短褂\外罩\前襟\开口\的\黑白\条纹\长衫\系\羊毛\带\或\麻布\彩带\下\着\蓝布\大裆裤\左\挎\麻布\包腊\裱\和\刀\右\背\弩\弓箭\包头\戴\帕子\或\毡帽\。\女子\头戴\三角\帽\呙\享包\黑布\头帕\以小\贝壳\、\银圆\片\、\小\铃铛\、\草编\装饰\上\穿\细白\麻布\大襟\长衫\外罩\紫红\或\黑色\坎肩\下\着\百褶裙\和\刺绣\围腰\。\男女\大多\打\绑腿\穿\草鞋\。\传世\故事\与\神话传说\有\《\洪荒\与\人神\》\、\《\阿弓玛\的\故事\》\、\《\月亮\上\的\木瓜树\》\、\《\寻水\故事\》\等\余篇\。\同乐\村\傈僳族\保存\着\独特\的\天文\历法\有\一定\学术研究\价值\。\民族\体育\活动\有\射弩\、\斗牛\、\斗鸡\等\。,傈僳族
奔子栏村藏族传统文化保护区,第一批,传统文化保护区,云南省,奔子栏村位于迪庆藏族自治州德钦县南部金沙江西岸的奔子栏镇海拔米。全村户人。人均耕地面积亩人均年收入元年。奔子栏历史古老。唐宋时期奔子栏为西南入吐蕃古道是由滇入藏茶马古道的咽喉之地。清康熙五十八年开始清军入藏随着军、工、匠人、找矿的汉人迁入与藏族通婚繁衍子孙至今在奔子栏已传若干代。奔子栏在藏语中叫公仔拉意为美丽的沙坝后音译为奔子栏沿用至今。奔子栏村既有山地河谷又有高寒山区土壤肥沃粮食产量高自然生态环境保护良好村中有古树名木。村庄依山傍水金沙江由北向南贯穿全境附近有神山日尼巴乌、布雍学布水边寺、村子和周围有白塔和白塔转经殿传统宗教文化色彩浓郁。村寨聚落格局基本保持传统风貌民居建筑保存完好碉楼式木结构建筑占以上。绘制于清代的奔子栏佛塔殿壁画为第六批云南省级文物保护单位壁画共组总面积多平方米技艺精湛保存完好。奔子栏地处滇藏要道国道线穿村而过交通极为便利。奔子栏有个自然村每个村都有社团组织古瓦每年的佛事、祭祀、朝拜山神等活动都由古瓦负责操办人人信仰藏传佛教佛教、苯教渗入社会生活的方方面面。习俗完整如建房习俗包括择地、选材、建房、进房、斋戒诵经等过程有一整套祭祀礼仪。每年新年由仓巴主持祭祀者组织村社进行各种祭祀山神、地神、社神和朝拜神山等活动。婚丧和节庆习俗严格遵循传统方式。丧葬有土葬、水葬、火葬、塔葬、天葬等多种形式。该村是年迪庆藏族自治州政府命名的传统艺术特色之乡传统民间歌舞种类多流传广泛。民歌有山歌、劳动歌、风俗歌、儿歌、情歌、猜调等。音乐旋律欢快流畅、节奏鲜明曲调大都高亢嘹亮。舞蹈有锅庄舞、弦子舞、情舞和宗教舞蹈等多为演唱与舞蹈相结合。奔子栏锅庄舞非常盛行舞蹈动作幅度较大舞者下身坠地上身飘逸动作变化多样稳健豪放刚柔兼备表演自如潇洒包容了藏区锅庄的各种特色有极高知名度。情舞是一种男女青年谈情说爱相聚时的歌舞男女随音乐唱腔排成两排面对面起舞双手舞动长袖节奏欢快刚劲有力。传统体育娱乐活动包括牛拉力格吾、掷石饼落叫、斗牛、摔跤、爬山、抱大石比赛踢毽子、双人模拟斗羊斗牛、老鹰抓小鸡、模拟钻山洞、翻煎饼等。重大节日有春节、阴历七月十五转神山节、阴历八月燃灯节、藏历十月二十五日格鲁派祖师宗喀巴圆寂的祭日等。春节在藏语中称洛色意为新年节期为每年农历正月初一至正月二十五朝拜神山祈求平安吉祥人丁兴旺五谷丰登进行苯教祭祀活动感恩佛祖、山神赐给人间吉祥幸福、平安快乐。节庆中以春节最有特色体现出浓郁的民族性和地域性。奔子栏藏族妇女服饰色彩鲜艳协调典雅端庄一般穿藏族传统服装佩戴镶有珊瑚、玛瑙、绿松石、海贝化石等的金银饰物。男子亦穿传统服装服装上不镶动物毛皮不佩腰刀充分体现了奔子栏人保护生态、关爱自然的美德。民间文学在藏族传统文化中占有重要地位奔子栏现存的神话故事、歌谣、谚语等多为口头流传。民间藏医药普及藏式壁画技艺高超。有完整的酿制藏族青稞酒技艺木碗、糌粑盒、酥油盒、木杯、木碟、木盘、藏式折叠桌等木器制作工艺精美远近闻名。传统手工业中手工纺织较有特色包括搓羊毛线织氆氇、牦牛毛毯、羊绒毯和藏式腰带。根据雪域特殊环境推算四时节令的藏历至今仍沿用。,省级,奔子\栏村\位于\迪庆藏族自治州\德钦县\南部\金沙江\西岸\的\奔子\栏镇\海拔\米\。\全村\户人\。\人均\耕地面积\亩\人均\年收入\元年\。\奔子栏\历史\古老\。\唐宋\时期\奔子\栏为\西南\入\吐蕃\古道\是\由\滇入\藏\茶\马\古道\的\咽喉\之地\。\清康熙\五十八年\开始\清军\入藏\随着\军\、\工\、\匠人\、\找矿\的\汉人\迁入\与\藏族\通婚\繁衍\子孙\至今\在\奔子栏\已传\若干代\。\奔子栏\在\藏语\中\叫\公仔\拉意\为\美丽\的\沙坝\后\音译\为\奔子栏\沿用至今\。\奔子\栏村\既有\山地\河谷\又\有\高寒\山区\土壤\肥沃\粮食产量\高\自然生态\环境保护\良好\村中\有\古树名\木\。\村庄\依山傍水\金沙江\由北向南\贯穿\全境\附近\有\神山\日尼\巴乌\、\布雍学布\水边\寺\、\村子\和\周围\有\白塔\和\白塔\转经殿\传统宗教\文化\色彩\浓郁\。\村寨\聚落\格局\基本\保持\传统\风貌\民居\建筑\保存\完好\碉\楼式木\结构\建筑\占\以上\。\绘制\于\清代\的\奔子栏\佛塔\殿\壁画\为\第六批\云南\省级\文物保护\单位\壁画\共组\总面积\多平方米\技艺\精湛\保存\完好\。\奔子栏\地处\滇藏\要道\国道\线\穿\村\而\过\交通\极为\便利\。\奔子栏\有个\自然村\每个\村\都\有\社团组织\古瓦\每年\的\佛事\、\祭祀\、\朝拜\山神\等\活动\都\由\古瓦\负责\操办\人人\信仰\藏传佛教\佛教\、\苯教\渗入\社会生活\的\方方面面\。\习俗\完整\如\建房\习俗\包括\择地\、\选材\、\建房\、\进房\、\斋戒\诵经\等\过程\有\一整套\祭祀\礼仪\。\每年\新年\由仓巴\主持\祭祀\者\组织\村社\进行\各种\祭祀\山神\、\地神\、\社神\和\朝拜\神山\等\活动\。\婚丧\和\节庆\习俗\严格\遵循\传统\方式\。\丧葬\有\土葬\、\水葬\、\火葬\、\塔葬\、\天葬\等\多种形式\。\该村\是\年\迪庆藏族自治州\政府\命名\的\传统\艺术\特色\之\乡\传统\民间\歌舞\种类\多\流传\广泛\。\民歌\有\山歌\、\劳动\歌\、\风俗歌\、\儿歌\、\情歌\、\猜调\等\。\音乐\旋律\欢快\流畅\、\节奏\鲜明\曲调\大都\高亢\嘹亮\。\舞蹈\有\锅庄\舞\、\弦子舞\、\情舞\和\宗教舞蹈\等\多\为\演唱\与\舞蹈\相结合\。\奔子栏\锅庄\舞\非常\盛行\舞蹈动作\幅度\较大\舞者\下身\坠地\上身\飘逸\动作\变化\多样\稳健\豪放\刚柔\兼备\表演\自如\潇洒\包容\了\藏区\锅庄\的\各种\特色\有\极\高\知名度\。\情舞\是\一种\男女\青年\谈情说爱\相聚\时\的\歌舞\男女\随\音乐\唱腔\排成\两排\面对面\起舞\双手\舞动\长袖\节奏\欢快\刚劲有力\。\传统\体育\娱乐活动\包括\牛\拉力\格吾\、\掷\石饼\落\叫\、\斗牛\、\摔跤\、\爬山\、\抱\大石\比赛\踢毽子\、\双人\模拟\斗羊\斗牛\、\老鹰\抓\小鸡\、\模拟\钻\山洞\、\翻\煎饼\等\。\重大\节日\有\春节\、\阴历\七月\十五\转\神山\节\、\阴历\八月\燃灯节\、\藏历\十月\二十五日\格鲁派\祖师\宗喀巴\圆寂\的\祭\日\等\。\春节\在\藏语\中称\洛色\意为\新年\节期\为\每年\农历\正月初一\至\正月\二十五\朝拜\神山\祈求\平安\吉祥\人丁兴旺\五谷丰登\进行\苯教\祭祀\活动\感恩\佛祖\、\山神\赐给\人间\吉祥\幸福\、\平安\快乐\。\节庆\中以\春节\最有\特色\体现\出\浓郁\的\民族性\和\地域性\。\奔子栏\藏族\妇女\服饰\色彩鲜艳\协调\典雅\端庄\一般\穿\藏族\传统服装\佩戴\镶有\珊瑚\、\玛瑙\、\绿松石\、\海贝\化石\等\的\金银\饰物\。\男子\亦\穿\传统服装\服装\上\不\镶\动物\毛皮\不佩\腰刀\充分体现\了\奔子\栏人\保护\生态\、\关爱\自然\的\美德\。\民间文学\在\藏族\传统文化\中\占有\重要\地位\奔子栏\现存\的\神话故事\、\歌谣\、\谚语\等\多\为\口头\流传\。\民间\藏\医药\普及\藏式\壁画\技艺高超\。\有\完整\的\酿制\藏族\青稞酒\技艺\木碗\、\糌粑\盒\、\酥油\盒\、\木杯\、\木碟\、\木盘\、\藏式\折叠桌\等\木器\制作\工艺\精美\远近闻名\。\传统\手工业\中\手工\纺织\较\有\特色\包括\搓\羊毛\线织\氆氇\、\牦牛\毛毯\、\羊\绒毯\和\藏式\腰带\。\根据\雪域\特殊\环境\推算\四时\节令\的\藏历\至今\仍\沿用\。,藏族
官屯乡马游坪村彝族传统文化保护区,第一批,传统文化保护区,云南省,马游坪村位于楚雄彝族自治州姚安县官屯乡四周山峦环抱中心形成高原盆地。森林覆盖率为。全村户人。其中彝族人口占总人口的人均耕地面积亩人均纯收入元年。马游坪村始建于宋代历史悠久。民居村落分布于高寒冷凉的高山凹地村落一般在依山傍水处房屋形式多种多样传统的住房有土掌房、木垛房、茅草房和麻秸房。男喜饮酒女善纺织男女皆能歌善舞保持着古朴的生活习俗。马游坪自古就有重教的优良传统小学兴办史已有百余年民众知书达理。歌舞是村民生活的重要组成部分芦笙一响脚就痒通宵达旦跳脚狂生动表现了该村彝族对歌舞的喜爱和豪放的民族性格。名为打跳的歌舞有多达种演奏曲调和表演形式内涵丰富。该村被视为彝族创世史诗《梅葛》的发源地之一。《梅葛》演唱内容分为创世、造物、婚恋、丧葬个部分概括反映了彝族早期的历史发展演变过程。逢年过节丧葬婚嫁建房盖屋都要请毕摩或歌手聚集火塘边演唱梅葛有时要唱三天三夜男女老幼围聚在一起弹三弦吹葫芦笙唱彝族歌和吼梅葛跳左脚舞或打跳。为了传承梅葛文化村里建立了梅葛文化基地在传统文化的基础上发展出梅葛文化节并创作了《彝族人民热爱您阿波毛主席》等脍炙人口的歌曲和《铁牛开进彝家寨》等充满时代气息的舞蹈该村已成为闻名遐迩的彝族文化村。男女服饰多为自制黑蓝相间缀满精美刺绣尤具民族特色。主要由帽、上衣、坎肩、围腰、披风、背披、腰带、长裙、短裙、围裙、长裤、腿套、鞋、飘带、挎包、兜肚、鞋垫、烟斗、荷包、羊皮褂以及银制的耳环、耳坠、手镯、戒指及少量的玉器等饰物组成。服饰全是彝族妇女手工绣成多以黑、蓝、白布料作底色用挑、贴、镶补、刺绣等手法制成的花纹图案作装饰。花纹取材于日常生活中的飞禽走兽、花草木虫、山川河流、日月星辰、云雨风水等线条粗犷色彩鲜明凝重。其服饰款式、色调、纹饰都保留了古代贯头衣的基本风格是马游坪彝族服装的独特之处很有研究欣赏价值。儿童、老年人喜在长衣外面套穿羊皮坎肩马褂以保暖防雨男女上山背柴时也穿羊皮马褂用来防寒护肩。传统节庆和民俗活动主要有正月辞旧迎新欢庆、农历二月初八敬祖赶会节、祭龙节、开秧门节、端午节、六祭土主节、羊神节、跳六月火把节、送鬼节、祭月亮节、尝新米节、送土神、招祖祭山神、冬月杀年猪等。有原始信仰相信万物有灵崇拜大自然和祖先。除祭祖先外还有祭天、祭竜、祭山活动。马游坪的民族乐器主要是葫芦笙和笛子还有二胡、月琴、三弦、口弦、响篾和叶子。每逢打跳等娱乐场合都要吹奏葫芦笙当地葫芦笙艺人至少有五、六百位吹技上乘的约一、二百人。马游坪彝族的婚恋习俗古朴有趣至今还延续着青年男女自由恋爱的传统方式串姑娘房。,省级,马游\坪\村\位于\楚雄彝族自治州\姚安县\官屯乡\四周\山峦\环抱\中心\形成\高原\盆地\。\森林\覆盖率\为\。\全村\户人\。\其中\彝族\人口\占\总人口\的\人均\耕地面积\亩\人均\纯收入\元年\。\马游\坪\村\始建\于\宋代\历史悠久\。\民居\村落\分布\于\高寒\冷凉\的\高\山凹\地\村落\一般\在\依山傍水\处\房屋\形式\多种多样\传统\的\住房\有\土掌房\、\木垛房\、\茅草房\和\麻秸\房\。\男喜\饮酒\女善\纺织\男女\皆\能歌善舞\保持\着\古朴\的\生活\习俗\。\马游坪\自古\就\有\重教\的\优良传统\小学\兴办\史\已有\百余年\民众\知书达理\。\歌舞\是\村民\生活\的\重要\组成部分\芦笙\一响\脚\就\痒\通宵达旦\跳脚\狂\生动\表现\了\该村\彝族\对\歌舞\的\喜爱\和\豪放\的\民族\性格\。\名为\打跳\的\歌舞\有\多达\种\演奏\曲调\和\表演\形式\内涵\丰富\。\该村\被\视为\彝族\创世\史诗\《\梅葛\》\的\发源地\之一\。\《\梅葛\》\演唱\内容\分为\创世\、\造物\、\婚恋\、\丧葬\个\部分\概括\反映\了\彝族\早期\的\历史\发展\演变\过程\。\逢年过节\丧葬\婚嫁\建房\盖屋\都\要\请\毕摩\或\歌手\聚集\火塘\边\演唱\梅葛\有时\要\唱\三天三夜\男女老幼\围\聚在一起\弹\三弦\吹\葫芦\笙\唱\彝族\歌\和\吼\梅葛\跳\左脚\舞\或\打跳\。\为了\传承\梅葛\文化\村里\建立\了\梅葛\文化\基地\在\传统文化\的\基础\上\发展\出\梅葛\文化节\并\创作\了\《\彝族\人民\热爱\您\阿波\毛主席\》\等\脍炙人口\的\歌曲\和\《\铁牛\开进\彝家\寨\》\等\充满\时代气息\的\舞蹈\该村\已\成为\闻名遐迩\的\彝族\文化村\。\男女\服饰\多为\自制\黑蓝\相间\缀\满\精美\刺绣\尤具\民族特色\。\主要\由帽\、\上衣\、\坎肩\、\围腰\、\披风\、\背披\、\腰带\、\长裙\、\短裙\、\围裙\、\长裤\、\腿\套\、\鞋\、\飘带\、\挎包\、\兜肚\、\鞋垫\、\烟斗\、\荷包\、\羊皮\褂\以及\银制\的\耳环\、\耳坠\、\手镯\、\戒指\及\少量\的\玉器\等\饰物\组成\。\服饰\全是\彝族\妇女\手工\绣\成多以\黑\、\蓝\、\白布\料作\底色\用\挑\、\贴\、\镶补\、\刺绣\等\手法\制成\的\花纹\图案\作\装饰\。\花纹\取材于\日常生活\中\的\飞禽走兽\、\花\草木\虫\、\山川\河流\、\日月星辰\、\云雨\风水\等\线条\粗犷\色彩鲜明\凝重\。\其\服饰\款式\、\色调\、\纹饰\都\保留\了\古代\贯头衣\的\基本\风格\是\马游坪\彝族\服装\的\独特\之处\很\有\研究\欣赏\价值\。\儿童\、\老年人\喜\在\长衣\外面\套\穿\羊皮\坎肩\马褂\以\保暖\防雨\男女\上山\背\柴时\也\穿\羊皮\马褂\用来\防寒\护肩\。\传统\节庆\和\民俗\活动\主要\有\正月\辞旧迎新\欢庆\、\农历\二月\初八\敬祖\赶会节\、\祭龙\节\、\开秧门节\、\端午节\、\六\祭\土主节\、\羊神节\、\跳\六月\火把节\、\送\鬼节\、\祭\月亮\节\、\尝新\米节\、\送土神\、\招祖\祭\山神\、\冬月\杀年\猪\等\。\有\原始\信仰\相信\万物\有灵\崇拜\大自然\和\祖先\。\除\祭祖\先外\还有\祭天\、\祭竜\、\祭山\活动\。\马游\坪\的\民族乐器\主要\是\葫芦\笙\和\笛子\还有\二胡\、\月琴\、\三弦\、\口弦\、\响篾\和\叶子\。\每逢\打跳\等\娱乐\场合\都\要\吹奏\葫芦\笙\当地\葫芦\笙\艺人\至少\有\五\、\六百\位吹技\上乘\的\约\一\、\二百人\。\马游坪\彝族\的\婚恋\习俗\古朴\有趣\至今\还\延续\着\青年\男女\自由恋爱\的\传统\方式\串姑娘\房\。,彝族
者太乡者太村壮族传统文化保护区,第一批,传统文化保护区,云南省,者太村位于文山壮族苗族自治州广南县西北部者太乡政府所在地地处滇桂黔交界地区境内有革夺仙人洞和清水江峡谷等景点有发展旅游的广阔前景。全村由个壮族自然村组成共有户人。人均耕地面积亩人均纯收入元年。个村子坐西南朝东南背山面坝森林植被覆盖率达以上充分体现壮族依山傍水、宁肯挖山不占良田的建寨理念。民居建筑中木结构壮式干栏建筑占以上。有老人亭亭棚多建在寨中为老人传道、授业、解惑之亭实则男性专属之亭女性禁入。后衍变为句町王庙也称土主庙、神农庙或侬智高庙一寨一亭世代相传故有的也叫寨神亭。建房须经选址、择日、开山伐木、立柱、上梁、进房等几个仪程每个过程所用祭品有酒、鸡、糯粑等。纺织、染色、刺绣工艺保持传统风格壮锦用红、黑、黄、蓝等色纱线织成方格图案的土布常用作被里、女性头帕、包袱、围帕等工艺精湛色彩丰富是中国的四大名锦之一。壮锦图案多是花、鸟、虫、鱼、蛙、鹿、鹤、兔等动物图案也有云、水纹等图案栩栩如生。此外还有织锦、刺戳锦、绣锦、扣锦、剪制锦等工艺。壮族服装服饰保持原貌男性头包自织自染的棉布包帕穿对襟布纽装、大裆裤、布鞋。女性传统裙装老年、成年、青少年一样头帕用自制花方格织锦在前额包扎成两支斜上的角状帕式有遮阳。衣服多为收腰、翘脚边、右衽斜襟式上衣。戴银项圈配银、玉牌等胸饰。用土布缝制百褶裙腰部用两头有袋的宽边腰带从后往前系紧使之在衣服下摆露出。裤裙同时穿着衣短而裙长裙装讲究帕、衣、裙、鞋配套。女性将长发束在头顶作锥髻状插上银簪。劳动时包绣花匾形头帕平时在家或节日、赶集等喜庆场合包织锦角帕。壮族衣食住行都有一定礼仪。信仰自然神灵龙山有山神、树神寨子有寨神崇拜祖先每家都供有神龛。每年三月祭龙山到亭棚祭祀侬智高。者太村壮族音乐舞蹈与民族体育结合。最具特点的是拢雅歪拢即耍、跳、舞之意雅意为女神歪意为水牛。拢雅歪即水牛母神之舞。道具包括披袍扮水牛神傩面具古代兵器长棍、长矛、大刀、钢叉、戢、勾镰、三节棍等。牛皮鼓、大钹和水牛角用于伴奏。舞蹈主要有地面舞和爬高台舞套路丰富特点鲜明既有舞蹈艺术风格又有杂技技巧惊险刺激深受壮家人喜爱。拢雅歪以传习方式传承代代相传。有传习人和传习团体。,省级,者\太村\位于\文山壮族苗族自治州\广南县\西北部\者\太\乡政府\所在地\地处\滇桂\黔\交界\地区\境内\有革夺\仙人洞\和\清水江\峡谷\等\景点\有\发展\旅游\的\广阔\前景\。\全村\由个\壮族\自然村\组成\共有\户人\。\人均\耕地面积\亩\人均\纯收入\元年\。\个\村子\坐\西南\朝东南\背山面\坝\森林\植被\覆盖率\达\以上\充分体现\壮族\依山傍水\、\宁肯\挖山\不\占\良田\的\建寨\理念\。\民居\建筑\中\木结构\壮式\干栏建筑\占\以上\。\有\老人\亭亭\棚多建\在\寨\中\为\老人\传道\、\授业\、\解惑\之亭\实则\男性\专属\之亭\女性\禁入\。\后\衍变\为句\町\王庙\也\称\土主庙\、\神农庙\或\侬智高\庙\一寨\一亭\世代相传\故有\的\也\叫\寨\神亭\。\建房\须经\选址\、\择日\、\开山\伐木\、\立柱\、\上梁\、\进房\等\几个\仪程\每个\过程\所用\祭品\有酒\、\鸡\、\糯粑\等\。\纺织\、\染色\、\刺绣\工艺\保持\传统\风格\壮锦\用红\、\黑\、\黄\、\蓝等色\纱线\织成\方格\图案\的\土布\常用\作\被\里\、\女性\头帕\、\包袱\、\围帕\等\工艺\精湛\色彩\丰富\是\中国\的\四大\名锦\之一\。\壮锦\图案\多\是\花\、\鸟\、\虫\、\鱼\、\蛙\、\鹿\、\鹤\、\兔\等\动物\图案\也\有\云\、\水纹\等\图案\栩栩如生\。\此外\还有\织锦\、\刺戳\锦\、\绣\锦\、\扣锦\、\剪制\锦\等\工艺\。\壮族\服装服饰\保持\原貌\男性\头包\自织\自染\的\棉布\包帕\穿\对襟\布纽装\、\大裆裤\、\布鞋\。\女性\传统\裙装\老年\、\成年\、\青少年\一样\头帕\用\自制\花\方格\织锦\在\前额\包扎\成\两支\斜\上\的\角状\帕式\有\遮阳\。\衣服\多为\收腰\、\翘脚边\、\右衽\斜襟\式\上衣\。\戴银\项圈\配银\、\玉牌\等\胸饰\。\用\土布\缝制\百褶裙\腰部\用\两头\有袋\的\宽边\腰带\从后\往前\系紧\使\之\在\衣服\下摆\露出\。\裤裙\同时\穿着\衣短\而\裙\长裙\装\讲究\帕\、\衣\、\裙\、\鞋\配套\。\女性\将\长发\束\在\头顶\作锥髻\状\插\上\银簪\。\劳动\时包\绣花\匾形\头帕\平时\在家\或\节日\、\赶集\等\喜庆\场合\包\织锦\角帕\。\壮族\衣食住行\都\有\一定\礼仪\。\信仰\自然\神灵\龙山\有\山神\、\树神\寨子\有\寨\神\崇拜\祖先\每家\都\供\有\神龛\。\每年\三月\祭\龙山\到\亭\棚\祭祀\侬智高\。\者\太村\壮族\音乐舞蹈\与\民族\体育\结合\。\最具\特点\的\是\拢\雅歪拢\即\耍\、\跳\、\舞之意\雅意\为\女神\歪意\为\水牛\。\拢\雅\歪\即\水牛\母神\之舞\。\道具\包括\披袍\扮\水牛\神\傩\面具\古代\兵器\长棍\、\长矛\、\大刀\、\钢叉\、\戢\、\勾\镰\、\三节\棍\等\。\牛皮\鼓\、\大钹\和\水牛角\用于\伴奏\。\舞蹈\主要\有\地面\舞\和\爬\高台\舞\套路\丰富\特点\鲜明\既有\舞蹈\艺术风格\又\有\杂技\技巧\惊险刺激\深受\壮\家人\喜爱\。\拢\雅歪以\传习\方式\传承\代代相传\。\有\传习\人\和\传习\团体\。,壮族
独龙江乡独龙族传统文化保护区,第一批,传统文化保护区,云南省,独龙江乡位于怒江傈僳族自治州贡山独龙族怒族自治县西部总面积平方公里海拔米。全乡辖个行政村个村民小组分布在独龙江两岸的台地上户人其中独龙族人占全乡总人口的。人均耕地面积亩人均收入元年。独龙江山青水秀环境优美。村寨大都建在独龙江两岸依山傍水四周山上森林覆盖率达以上。民居大体可分为木楞房和篾笆房两种类型中、上游地区如迪政当、献九当、龙元多是木楞房下游地区全为竹篾房村落基本保持传统风貌其中小寨传统草木结构式建筑占以上。独龙江乡地处横断山脉的峡谷地带周围都是高山形成封闭式的地理环境交通主要依靠竹溜索、木桥、吊桥、石拱桥等。手工业中以纺织最为常见。除砍麻、剥麻、晒麻之外其它程序由妇女承担主要织独龙毯织毯子的材料大多是彩色晴伦毛线颜色鲜艳用于制作服饰、缝制被盖、做装饰品等。独龙族妇女服饰美观大方整洁简便独龙江上游一带妇女上身穿大襟长袖短褂或花衬衣下身穿长裤穿胶鞋或布鞋披一块独龙毯下游一带妇女上身穿大襟长袖短褂或花衬衣下着筒裙穿胶鞋或凉鞋披一块独龙毯。男子上身着针织成衣下身着长裤外披一块独龙毯。独龙族男女均喜欢五颜六色的饰品女子有穿耳挂环的风俗喜用铜钱、银币、兽骨、兽齿、料珠等做成串珠挂在脖子上或戴在耳朵上。男女都爱戴手镯女子戴佳蔓即银环男子戴木镯。文面是独龙族妇女的古老习俗。独龙江沿岸各地区文面图案有明显差别但材料和方法基本相同。新中国成立后已渐少此俗但目前尚可见一些老年妇女有文面。使用独龙族语言无文字以刻木、结绳等方式来记事和传递信息。独龙族村寨中所积淀的传统文化全面反映在社区组织、生产、生活各个方面。社会组织结构可分为氏族、家族公社和家庭个不同层次。世纪年代基督教传入独龙江每个大的村落如迪政当、巴坡、马库等村都有教堂。教徒们定期到教堂做礼拜每年月包谷成熟时过咱白节月过圣诞节。信仰万物有灵认为鬼魂与人同生同亡。鬼分两类天上的鬼南木和地上的鬼卜郎。地鬼危害人畜天鬼既害人又益人具有双重性。自然信仰活动有祭天鬼、巫师砍鬼、卜辣鱼、阿细斯洛、阿细闹等。巫师有南木萨和乌两种。民间文学丰富主要以口传方式进行传承。有民间歌谣、神话、史诗、传说、故事等。目前收集到的神话传说有《人类起源》、《大蚂蚁把天地分开》、《洪水泛滥》、《创世纪》等。民间医药和传统历法较突出至今还在为独龙族群众所采用。独龙族民歌和民间音乐十分丰富。民歌统称为门租唱歌、唱调子称作门租哇哇是唱的意思。常见的有情歌、叙事歌、习俗歌、山歌小调、劳动歌、祭祀歌、儿歌及哄娃调等。每一种旋律音调都可以演唱较广泛的内容。独龙族舞蹈单纯质朴传统舞蹈有剽牛舞、卡雀舞、克里舞、木伐舞、伯普艾舞、肯以舞和普鲁舞等。这些舞多已失传少数还保留在老年人中。跳舞时唱专门的民歌称为郎木门租郎木是跳舞门租意为歌即跳舞的歌有对唱、合唱、一领众和等形式。独龙族的重大节日即卡雀哇节节期为每年月日已经成为当地的法定节日。剽牛是独龙族年节里最隆重的活动之一。民间传统体育主要有爬山、雪地短跑、射弩、掷石子、跳高、跳远、爬树、扳腕、摔跤、跳绳、荡秋千等。,省级,独龙江\乡\位于\怒江傈僳族自治州\贡山独龙族怒族自治县\西部\总面积\平方公里\海拔\米\。\全乡\辖个\行政村\个\村民\小组\分布\在\独龙江\两岸\的\台地\上户\人\其中\独龙族\人\占\全乡\总人口\的\。\人均\耕地面积\亩\人均收入\元年\。\独龙江\山青水秀\环境优美\。\村寨\大都\建\在\独龙江\两岸\依山傍水\四周\山上\森林\覆盖率\达\以上\。\民居\大体\可\分为\木楞房\和\篾笆\房\两种\类型\中\、\上游\地区\如迪政当\、\献九当\、\龙元\多\是\木楞房\下游\地区\全为\竹篾\房\村落\基本\保持\传统\风貌\其中\小寨\传统\草木\结构式\建筑\占\以上\。\独龙江\乡\地处\横断山脉\的\峡谷\地带\周围\都\是\高山\形成\封闭式\的\地理环境\交通\主要\依靠\竹\溜索\、\木桥\、\吊桥\、\石拱桥\等\。\手工业\中以\纺织\最为\常见\。\除\砍\麻\、\剥麻\、\晒麻\之外\其它\程序\由\妇女\承担\主要\织\独龙\毯织\毯子\的\材料\大多\是\彩色\晴伦\毛线\颜色\鲜艳\用于\制作\服饰\、\缝制\被\盖\、\做\装饰品\等\。\独龙族\妇女\服饰\美观大方\整洁\简便\独龙江\上游\一带\妇女\上\身穿\大襟\长袖\短褂\或花\衬衣\下\身穿\长裤\穿\胶鞋\或\布鞋\披\一块\独龙\毯\下游\一带\妇女\上\身穿\大襟\长袖\短褂\或花\衬衣\下\着\筒裙\穿\胶鞋\或\凉鞋\披\一块\独龙\毯\。\男子\上\身着\针织\成衣\下\身着\长裤\外披\一块\独龙\毯\。\独龙族\男女\均\喜欢\五颜六色\的\饰品\女子\有\穿耳\挂环\的\风俗\喜用\铜钱\、\银币\、\兽骨\、\兽齿\、\料珠\等\做成\串珠\挂\在\脖子\上\或\戴\在\耳朵\上\。\男女\都\爱戴\手镯\女子\戴佳\蔓即\银环\男子\戴木镯\。\文面\是\独龙族\妇女\的\古老\习俗\。\独龙江\沿岸\各\地区\文面\图案\有\明显\差别\但\材料\和\方法\基本相同\。\新\中国\成立\后\已\渐少\此俗\但\目前\尚\可见\一些\老年\妇女\有文面\。\使用\独龙族语言\无\文字\以刻\木\、\结绳\等\方式\来\记事\和\传递信息\。\独龙族\村寨\中\所\积淀\的\传统文化\全面\反映\在\社区组织\、\生产\、\生活\各个方面\。\社会\组织结构\可\分为\氏族\、\家族\公社\和\家庭\个\不同\层次\。\世纪\年代\基督教\传入\独龙江\每个\大\的\村落\如迪政当\、\巴坡\、\马库\等\村\都\有\教堂\。\教徒\们\定期\到\教堂\做礼拜\每年\月\包谷\成熟\时过\咱白节\月\过\圣诞节\。\信仰\万物\有灵\认为\鬼魂\与\人\同生\同亡\。\鬼分\两类\天上\的\鬼\南木\和\地上\的\鬼卜郎\。\地鬼\危害\人畜\天鬼\既\害人\又益\人\具有\双重性\。\自然\信仰\活动\有\祭天\鬼\、\巫师\砍\鬼\、\卜辣鱼\、\阿细斯洛\、\阿细闹\等\。\巫师\有\南木萨\和\乌\两种\。\民间文学\丰富\主要\以\口传\方式\进行\传承\。\有\民间\歌谣\、\神话\、\史诗\、\传说\、\故事\等\。\目前\收集\到\的\神话传说\有\《\人类\起源\》\、\《\大\蚂蚁\把\天地\分开\》\、\《\洪水泛滥\》\、\《\创世纪\》\等\。\民间\医药\和\传统\历法\较\突出\至今\还\在\为\独龙族\群众\所\采用\。\独龙族民歌\和\民间\音乐\十分\丰富\。\民歌\统称\为门\租\唱歌\、\唱\调子\称作\门租\哇哇\是\唱\的\意思\。\常见\的\有\情歌\、\叙事\歌\、\习俗歌\、\山歌\小调\、\劳动\歌\、\祭祀\歌\、\儿歌\及\哄\娃调\等\。\每\一种\旋律\音调\都\可以\演唱\较\广泛\的\内容\。\独龙族舞蹈\单纯\质朴\传统\舞蹈\有\剽牛舞\、\卡雀舞\、\克里\舞\、\木伐舞\、\伯普艾舞\、\肯以\舞\和\普鲁舞\等\。\这些\舞多\已\失传\少数\还\保留\在\老年人\中\。\跳舞\时唱\专门\的\民歌\称为\郎\木门\租郎木\是\跳舞\门租意\为\歌\即\跳舞\的\歌有\对唱\、\合唱\、\一领\众\和\等\形式\。\独龙族\的\重大\节日\即\卡雀哇\节\节期\为\每年\月\日\已经\成为\当地\的\法定\节日\。\剽牛\是\独龙族\年节\里\最\隆重\的\活动\之一\。\民间\传统\体育\主要\有\爬山\、\雪地\短跑\、\射弩\、\掷\石子\、\跳高\、\跳远\、\爬树\、\扳腕\、\摔跤\、\跳绳\、\荡秋千\等\。,傈僳族
丙中洛乡怒族传统文化保护区,第一批,传统文化保护区,云南省,丙中洛乡位于怒江傈僳族自治州贡山独龙族怒族自治县县城北面高黎贡山脚下海拔米。辖个村委会个自然村个村民小组包括秋那桶、甲生、丙中洛等怒族村寨。全乡共有农户户人其中怒族人占全乡总人口年。村寨四周山上森林覆盖率达以上自然环境良好。以传统山地农耕为主人均耕地面积亩人均年纯收入元年。丙中洛境内景点有怒江第一湾、贡丹神山、嘎娃嘎普雪山、石门关、普化寺、田园景观等自然景观优美。传统的民居形式与村寨聚落格局基本保持传统风貌木楞房、土墙房、干栏式建筑房屋占以上均有独特的石板屋顶、石板盖。择地、选材、建房、进房等过程都保存着完整的祭祀礼仪。丙中洛历史悠久文化底蕴深厚最突出的特色是这里的自然信仰、佛教、天主教、基督教等几教共存并和睦相处。普化寺是全乡佛教的中心寺始建于年重建于年。信奉佛教的人家都有烧香台用于家庭祭祀活动。很多怒族大村都有教堂其中以重丁天主教堂年代最久始建于年于年重建。有宗教节日圣诞节、感恩节、复活节等。自然信仰中岩神吉米达是最主要的崇拜神集山神、猎神、谷神、生育神、婚配神、保护神等诸神职能于一身。有拜仙洞、接圣水等祭祀活动。怒族妇女服饰朴素大方美观简洁上身着各色长袖内衣外穿无袖坎肩腰扎鲜艳长布围腰下着白色或黑色裤。喜爱佩戴银首饰、银手镯、耳环等。保留传统纺织技艺主要织怒族毯拥朵用于缝制毯子、筒裙、床单、上衣、围腰、挂包等几乎每家都有织机成年女子都会织。怒族锅庄舞、民歌、音乐形态保存完整。怒族无文字民间文学均以口传方式传承。神话主要有讲述怒族起源历史的《天地的由来》、《打雷的由来》、《三妹与蛇郎》、《为什么怒族没有文字》等。民间故事中有讲述伦理道德的《孤儿的奇遇》、《猎人的妻子》、《兄弟和好》等有爱情故事《聪明的九妹》、《花鱼姑娘》等有动物故事《兔子除虎》、《猎人与虎》等。怒族酷爱歌舞。民歌有叙事歌《创世纪》、山歌、劳动歌、儿歌、哄娃娃调即催眠曲、悼念歌、祭祀歌等。其中山歌较丰富内容、题材广泛除青年男女间表达爱慕之情的情歌外也常用于抒发个人内心的多种情感。舞蹈主要有模拟动物形态的斗鸡舞、孔雀舞、乌鸦喝水舞、蝴蝶舞、赶乌鸦等还有反映生产生活的舂墙舞、丰收舞、搓小米舞等。逢年过节、红白喜事、盖房等都要唱歌、跳舞旋律舒缓优雅舞姿优美古朴。伴奏乐器主要有皮鼓、竹笛、弦子等。传统体育活动有射弩、爬竹竿、劈柴、搓麻、爬绳、斗角、跳竹、荡秋千、摔跤等。怒族传统节日有春节和仙女节。春节时家家户户都提前酿酒、砍柴、舂粑粑、杀猪和打扫庭院。除夕之夜要祭祀火塘中的铁三脚架才能吃饭。新年第一天凌晨鸡叫头遍人们争相去打祖先水以求吉祥。大年初一至初三不串门吃饭禁喝汤。春节期间各村寨的年轻人举行射弩、摔跤、荡秋千比赛老年人则相聚一堂饮酒、唱古歌。仙女节又称为山母节或鲜花节每年农历三月十五日过节过节时要到山洞举行祭祀活动接仙女的乳汁亦即钟乳石滴水圣水喝。,省级,丙中洛乡\位于\怒江傈僳族自治州\贡山独龙族怒族自治县\县城\北面\高黎贡山\脚下\海拔\米\。\辖个\村委会\个\自然村\个\村民\小组\包括\秋\那桶\、\甲生\、\丙中洛\等\怒族\村寨\。\全乡\共有\农户\户人\其中\怒族\人\占\全乡\总人口\年\。\村寨\四周\山上\森林\覆盖率\达\以上\自然环境\良好\。\以\传统\山地\农耕\为主\人均\耕地面积\亩\人均\年\纯收入\元年\。\丙中洛\境内\景点\有\怒江\第一\湾\、\贡丹\神山\、\嘎\娃嘎普\雪山\、\石门\关\、\普化\寺\、\田园\景观\等\自然景观\优美\。\传统\的\民居\形式\与\村寨\聚落\格局\基本\保持\传统\风貌\木楞房\、\土墙\房\、\干栏\式\建筑\房屋\占\以上\均\有\独特\的\石板\屋顶\、\石板\盖\。\择地\、\选材\、\建房\、\进房\等\过程\都\保存\着\完整\的\祭祀\礼仪\。\丙中洛\历史悠久\文化底蕴\深厚\最\突出\的\特色\是\这里\的\自然\信仰\、\佛教\、\天主教\、\基督教\等\几教\共存\并\和睦相处\。\普化\寺\是\全乡\佛教\的\中心\寺\始建\于\年\重建\于\年\。\信奉\佛教\的\人家\都\有\烧香\台\用于\家庭\祭祀\活动\。\很多\怒族\大村\都\有\教堂\其中\以重\丁\天主教堂\年代\最\久\始建\于\年\于\年\重建\。\有\宗教节日\圣诞节\、\感恩节\、\复活节\等\。\自然\信仰\中岩\神\吉米\达\是\最\主要\的\崇拜\神集\山神\、\猎神\、\谷神\、\生育\神\、\婚配\神\、\保护神\等\诸神\职能\于\一身\。\有\拜\仙洞\、\接\圣水\等\祭祀\活动\。\怒族\妇女\服饰\朴素大方\美观\简洁\上\身着\各色\长袖\内衣\外穿\无袖\坎肩\腰扎\鲜艳\长布围\腰\下\着\白色\或\黑色\裤\。\喜爱\佩戴\银首饰\、\银手镯\、\耳环\等\。\保留\传统\纺织\技艺\主要\织\怒族\毯\拥朵\用于\缝制\毯子\、\筒裙\、\床单\、\上衣\、\围腰\、\挂包\等\几乎\每家\都\有\织机\成年\女子\都\会织\。\怒族\锅庄\舞\、\民歌\、\音乐\形态\保存\完整\。\怒族\无\文字\民间文学\均\以\口传\方式\传承\。\神话\主要\有\讲述\怒族\起源\历史\的\《\天地\的\由\来\》\、\《\打雷\的\由\来\》\、\《\三妹\与\蛇\郎\》\、\《\为什么\怒族\没有\文字\》\等\。\民间故事\中有\讲述\伦理道德\的\《\孤儿\的\奇遇\》\、\《\猎人\的\妻子\》\、\《\兄弟\和\好\》\等\有\爱情故事\《\聪明\的\九妹\》\、\《\花鱼\姑娘\》\等\有\动物故事\《\兔子\除虎\》\、\《\猎人\与\虎\》\等\。\怒族\酷爱\歌舞\。\民歌\有\叙事\歌\《\创世纪\》\、\山歌\、\劳动\歌\、\儿歌\、\哄\娃娃\调即\催眠曲\、\悼念\歌\、\祭祀\歌\等\。\其中\山歌\较\丰富\内容\、\题材\广泛\除\青年\男女\间\表达\爱慕\之情\的\情歌\外\也\常用\于\抒发\个人\内心\的\多种\情感\。\舞蹈\主要\有\模拟\动物\形态\的\斗鸡\舞\、\孔雀舞\、\乌鸦\喝水\舞\、\蝴蝶\舞\、\赶\乌鸦\等\还有\反映\生产\生活\的\舂\墙舞\、\丰收\舞\、\搓\小米\舞\等\。\逢年过节\、\红白喜事\、\盖房\等\都\要\唱歌\、\跳舞\旋律\舒缓\优雅\舞姿\优美\古朴\。\伴奏\乐器\主要\有\皮鼓\、\竹笛\、\弦子\等\。\传统\体育\活动\有\射弩\、\爬\竹竿\、\劈柴\、\搓麻\、\爬绳\、\斗角\、\跳竹\、\荡秋千\、\摔跤\等\。\怒族\传统节日\有\春节\和\仙女\节\。\春节\时\家家户户\都\提前\酿酒\、\砍柴\、\舂\粑\粑\、\杀猪\和\打扫\庭院\。\除夕之夜\要\祭祀\火塘\中\的\铁\三脚架\才能\吃饭\。\新年\第一天\凌晨\鸡叫\头遍\人们\争相\去\打\祖先\水\以求\吉祥\。\大年初一\至\初三\不\串门\吃饭\禁\喝汤\。\春节\期间\各\村寨\的\年轻人\举行\射弩\、\摔跤\、\荡秋千\比赛\老年人\则\相聚一堂\饮酒\、\唱\古歌\。\仙女\节\又\称为\山母节\或\鲜花\节\每年\农历\三月\十五日\过节\过节\时要\到\山洞\举行\祭祀\活动\接\仙女\的\乳汁\亦\即\钟乳石\滴水\圣水\喝\。,傈僳族
河西乡箐花村普米族传统文化保护区,第一批,传统文化保护区,云南省,箐花村位于怒江傈僳族自治州兰坪白族普米族自治县西北面全村户人由个自然村组成。人均收入元人均有粮公斤年。村寨地处三江并流自然保护区腹地的高寒山区依山傍水附近有罗古箐、大羊场等著名自然景区森林覆盖率达以上自然生态环境良好。民居建筑中井干式木楞房占保持了普米族传统的建筑形式村寨格局保持传统风貌。箐花村历史悠久传统农牧业、服装服饰、饮食、民间歌舞、麻毛纺织工艺等保存情况良好文化传承人在当地具有较大影响力。该区域传统村规民约与新的村规民约相结合对村寨日常生产、生活共同起着管理约束作用。箐花普米族妇女服饰庄重艳丽美观大方。穿麻布大襟衣着毛线长裙背披羊皮胸前佩戴银链。各个年龄段的穿着有所不同喜用宽大的红、绿、蓝、黄等各色彩带束腰手戴镯圈和戒指耳戴银环或玉坠用五光十色的串珠作头饰和项链。包大头帕喜用牦牛尾及丝线编入发辫中盘于头顶以发辫粗大为美。男子一般穿对襟麻布衣着宽大长裤披羊皮领褂左衽像藏族穿戴。富有人家的男子穿氆氇和毛质大衣膝下用布或毛毡裹腿有的穿自制的半筒猪皮、牛皮鞋。特色工艺主要有皮制品及毛制品。皮制品主要指羊皮披风多用于探亲访友、婚丧年节时穿用有装饰、御寒和作为姑娘嫁妆等功用。毛制品经过各道加工工序后即形成毛料根据不同需要分别制作氆氇、毡、帽、鞋等。普米族信奉自然神灵祭祀活动较频繁主要有祭天地、祭龙潭、祭山神、祭铁三脚、祭祖先、祭中柱等。主要传统节日为吾时节要举行打枪、射弩比赛。每逢节日、婚庆和重大祭祀活动本村人及周边亲友聚集在一起唱古歌、跳舞蹈搓蹉。普米族民歌多为前人传下的传统曲目即兴创作较少。在形式上比较自由不受格律限制。内容丰富形式多样婚俗类主要有求亲歌、迎客调、接亲歌、拦门歌、果碟调、聚谈调、顶梁柱调等情歌主要有铁打链环扣一生、除非秤砣水面漂等祭祀类民歌主要有祭三脚调、拜龙调、祭中柱等丧礼中主要演唱指路歌传统古歌类主要有吉典、马鹿调、黎明调、巴扎贤赞等。曲调多用五声音阶旋律与语调密切相关朗诵性与歌唱性紧密结合旋律质朴清新优美流畅。部分民歌音域较宽可达到或接近两个八度。节奏平稳匀称长短交错明快活跃。歌词一般为奇数三、五、七、九个音节不等。四弦是普米族民间乐器也是四弦舞的主要伴奏乐器。曲目较多除舞步的调外还有部分古老的曲目如四弦母调、雀上树等。四弦弹奏不受性别和年龄限制在普米族地区传承和保护情况良好。搓蹉舞流传广泛群众基础好是节庆场合的主要民间舞用羊皮、木碗、木筷、夹板为伴奏领舞者右手拍击羊皮伴舞者左手持碗右手用数双筷子敲击夹板系在舞者腰间左右撞胯时发出声响。普米族无文字民间文学为口头传承村民们在生产劳动过程中互相交流或在晚上围坐火塘听老人讲述或演唱更多的则是在新房落成、求亲结婚、节日庆典、丧葬、祭祀等场合进行讲述演唱。近年普米族流传较广的民间文学被翻译成汉文收录于《兰坪民间文学选集》、《普米族故事集成》、《普米族歌谣集成》、《兰坪民间故事集成》、《兰坪歌谣集成》等出版物中。花村是普米族聚居大村历史悠久传统农业、生活习俗和民族文化传承较好有一批传承人并有一定影响力和知名度。,省级,箐\花村\位于\怒江傈僳族自治州\兰坪白族普米族自治县\西北面\全村\户人\由个\自然村\组成\。\人均收入\元\人均\有\粮\公斤\年\。\村寨\地处\三江\并流\自然保护区\腹地\的\高寒\山区\依山傍水\附近\有罗古\箐\、\大\羊场\等\著名\自然\景区\森林\覆盖率\达\以上\自然\生态环境\良好\。\民居\建筑\中井\干式\木楞房\占\保持\了\普米族\传统\的\建筑\形式\村寨\格局\保持\传统\风貌\。\箐\花村\历史悠久\传统\农牧业\、\服装服饰\、\饮食\、\民间\歌舞\、\麻\毛纺织\工艺\等\保存\情况\良好\文化传承\人\在\当地\具有\较大\影响力\。\该\区域\传统\村规民约\与\新\的\村规民约\相结合\对\村寨\日常\生产\、\生活\共同\起着\管理\约束\作用\。\箐\花\普米族\妇女\服饰\庄重\艳丽\美观大方\。\穿\麻布\大襟\衣着\毛线\长裙\背披\羊皮\胸前\佩戴\银链\。\各个\年龄段\的\穿着\有所不同\喜用\宽大\的\红\、\绿\、\蓝\、\黄等\各\色彩\带\束腰\手戴镯\圈\和\戒指\耳戴\银环\或玉\坠用\五光十色\的\串珠\作\头饰\和\项链\。\包大\头帕\喜用\牦牛\尾及\丝线\编入\发辫\中盘\于\头顶\以\发辫\粗大\为\美\。\男子\一般\穿\对襟\麻布\衣着\宽大\长裤\披\羊皮\领褂\左衽\像\藏族\穿戴\。\富有\人家\的\男子\穿\氆氇\和\毛质\大衣\膝下\用布\或\毛毡\裹腿\有\的\穿\自制\的\半筒\猪皮\、\牛皮鞋\。\特色\工艺\主要\有\皮制品\及\毛\制品\。\皮制品\主要\指\羊皮\披风\多\用于\探亲访友\、\婚丧\年节\时\穿\用\有\装饰\、\御寒\和\作为\姑娘\嫁妆\等\功用\。\毛\制品\经过\各道\加工\工序\后\即\形成\毛料\根据\不同\需要\分别\制作\氆氇\、\毡\、\帽\、\鞋\等\。\普米族\信奉\自然\神灵\祭祀\活动\较\频繁\主要\有\祭天\地\、\祭\龙潭\、\祭\山神\、\祭铁\三脚\、\祭祖\先\、\祭中柱\等\。\主要\传统节日\为\吾\时节\要\举行\打枪\、\射弩\比赛\。\每逢\节日\、\婚庆\和\重大\祭祀\活动\本村\人及\周边\亲友\聚集\在\一起\唱\古歌\、\跳\舞蹈\搓\蹉\。\普米族\民歌\多为\前人\传下\的\传统\曲目\即兴创作\较\少\。\在\形式\上\比较\自由\不\受\格律\限制\。\内容丰富\形式多样\婚俗\类\主要\有\求亲\歌\、\迎客\调\、\接亲\歌\、\拦门歌\、\果碟\调\、\聚谈调\、\顶梁柱\调等\情歌\主要\有\铁打\链环\扣\一生\、\除非\秤砣\水面\漂等\祭祀\类\民歌\主要\有\祭\三脚\调\、\拜龙调\、\祭中柱\等\丧礼\中\主要\演唱\指路\歌\传统\古歌\类\主要\有吉典\、\马鹿\调\、\黎明\调\、\巴扎\贤赞\等\。\曲调\多用\五声\音阶\旋律\与\语调\密切相关\朗诵\性\与\歌唱性\紧密结合\旋律\质朴\清新\优美\流畅\。\部分\民歌\音域\较\宽\可\达到\或\接近\两个\八度\。\节奏\平稳\匀称\长短\交错\明快\活跃\。\歌词\一般\为\奇数\三\、\五\、\七\、\九个\音节\不等\。\四弦\是\普米族\民间\乐器\也\是\四弦舞\的\主要\伴奏\乐器\。\曲目\较\多\除\舞步\的\调外\还有\部分\古老\的\曲目\如四弦\母调\、\雀\上\树\等\。\四弦\弹奏\不\受\性别\和\年龄\限制\在\普米族\地区\传承\和\保护\情况\良好\。\搓\蹉舞\流传\广泛\群众\基础\好\是\节庆\场合\的\主要\民间舞\用\羊皮\、\木碗\、\木筷\、\夹板\为\伴奏\领舞\者\右手\拍击\羊皮\伴舞\者\左手\持碗\右手\用数\双\筷子\敲击\夹板\系在\舞者\腰间\左右\撞\胯\时\发出声响\。\普米族\无\文字\民间文学\为\口头\传承\村民\们\在\生产\劳动\过程\中\互相\交流\或\在\晚上\围坐\火塘\听\老人\讲述\或\演唱\更\多\的\则\是\在\新房\落成\、\求亲\结婚\、\节日\庆典\、\丧葬\、\祭祀\等\场合\进行\讲述\演唱\。\近年\普米族\流传\较广\的\民间文学\被\翻译成\汉文\收录于\《\兰坪\民间文学\选集\》\、\《\普米族\故事\集成\》\、\《\普米族\歌谣\集成\》\、\《\兰坪\民间故事\集成\》\、\《\兰坪\歌谣\集成\》\等\出版物\中\。\花村\是\普米族\聚居\大\村\历史悠久\传统\农业\、\生活\习俗\和\民族\文化传承\较\好\有\一批\传承\人\并\有\一定\影响力\和\知名度\。,傈僳族
马吉乡古当村傈僳族传统文化保护区,第一批,传统文化保护区,云南省,古当村傈僳族传统文化保护区位于怒江傈僳族自治州福贡县马吉乡古当行政村共有农户户人其中村办事处周边个自然村共户人。人均收入元年。古当村是著名的傈僳族服饰和歌舞之乡素有美女村的称誉。该村地处碧罗雪山腹地依山而建海拔米森林覆盖率。条小河在村尾汇合后冲出峡口附近有两条瀑布、两个温泉生态环境极佳。这里是通往维西县、贡山县的交通要道翻越碧罗雪山走小时就可到维西县。该村傈僳族在清末从维西县迁来民居建筑与村落格局传统风貌保存较好建房中择地、选材、建房、进房等过程一直延续传统方式在各类傈僳族传统民居建筑中传统竹木结构千脚落地茅草顶房占传统竹木结构千脚落地石棉瓦顶房占砖木结构房占。古当村现在仍然保留传统纺织和榨漆油工艺是农耕、采集等生计方式的补充。傈僳族服饰简朴大方做工精细。女装以红、白色为主色调上衣为无袖右衽衫下穿手工纺织的麻布裙裙边装饰蓝红线条或花边。左肩斜挎用贝壳串成的长链拉奔和红白相间的串珠胸前配挂多根串珠为胸饰在拉奔和串珠下方结数个毛线球鲜艳美观。传统男装以黑、白为基调穿及膝白色长衫外罩黑褂子型似喜鹊称为喜鹊服。现在多在领口、袖口和衣襟等显眼处镶花边。成年男子普遍配怒刀、带弩弓、背兽皮箭包英勇剽悍之气尽显。妇女头戴用红、白色串珠和贝壳制作的珠珠帽哦勒男子戴尺高的布帽子右边挂一块红布飘带作装饰。民间文学在傈僳族传统文化中有着重要地位古当村流传着丰富的神话故事、儿歌、诗歌、谚语、传说等如《孤儿找龙女》、《猴子搓麻线》、《兔子与狐狸的故事》、《刮木毕斗鬼的故事》、《狗食太阳》等。傈僳族民歌内容丰富形式多样。在当地流传的民歌有情歌优叶、叙事歌木刮、儿歌然尼斗石、迎亲调吃知斗俄、哀歌阿双吉俄、挽歌诗俄斗俄等。民间乐器有弹拨乐器其奔、短笛笛哩图、竹笛、三片口弦、单片口弦、木叶等。傈僳族民间舞蹈称为千俄千种类较多有生产舞、丰收舞、婚礼舞、模拟动物动作舞、织布舞、洗麻舞等多为集体舞或成排或围圈脚步有进有退根据音乐节奏的变化有规律地变化。民族文娱体育活动丰富。除传统的射弩外还有用于强身健体、节庆活动时比赛和表演的打球、爬竹竿、过溜索、射粑粑、射鸡蛋、摔跤、荡秋千、斗膝、压翘翘板等。传统节日阔时节即傈僳族的新年节节期为每年月日。现在阔时节已经成为怒江州的法定节日。每年阔时节时全村人聚集在村公所进行各种活动唱歌跳舞吹奏乐器欢庆节日。傈僳族丰富多彩的传统文化在古当村多有保存。根据月亮圆缺推定节令安排生产。有自己传统的民间医药。村里有路不拾遗、夜不闭户的优良传统。,省级,古当村\傈僳族\传统文化\保护区\位于\怒江傈僳族自治州\福贡县\马吉乡\古当\行政村\共有\农户\户人\其中\村\办事处\周边\个\自然村\共户\人\。\人均收入\元年\。\古当村\是\著名\的\傈僳族\服饰\和\歌舞\之\乡\素有\美女\村\的\称誉\。\该村\地处\碧罗\雪山\腹地\依山\而建\海拔\米\森林\覆盖率\。\条\小河\在\村尾\汇合\后\冲出\峡口\附近\有\两条\瀑布\、\两个\温泉\生态环境\极佳\。\这里\是\通往\维西县\、\贡山\县\的\交通要道\翻越\碧罗\雪山\走\小时\就\可到\维西县\。\该村\傈僳族\在\清末\从\维西县\迁\来\民居\建筑\与\村落\格局\传统\风貌\保存\较\好\建房\中择\地\、\选材\、\建房\、\进房\等\过程\一直\延续\传统\方式\在\各类\傈僳族\传统\民居\建筑\中\传统\竹\木结构\千脚\落地\茅草\顶房\占\传统\竹\木结构\千脚\落地\石棉瓦\顶房\占\砖木结构\房占\。\古当村\现在\仍然\保留\传统\纺织\和\榨漆油\工艺\是\农耕\、\采集\等\生计\方式\的\补充\。\傈僳族\服饰\简朴\大方\做工\精细\。\女装\以红\、\白色\为主\色调\上衣\为\无袖\右衽\衫\下\穿\手工\纺织\的\麻布\裙\裙边\装饰\蓝红\线条\或\花边\。\左肩\斜\挎\用\贝壳\串成\的\长\链拉奔\和\红白\相间\的\串珠\胸前\配挂\多根\串珠\为\胸饰\在\拉\奔\和\串珠\下方\结\数个\毛线\球\鲜艳\美观\。\传统\男装\以\黑\、\白为\基调\穿及\膝\白色\长衫\外罩\黑\褂子\型\似\喜鹊\称为\喜鹊\服\。\现在\多\在\领口\、\袖口\和\衣襟\等\显眼\处\镶\花边\。\成年\男子\普遍\配怒\刀\、\带\弩弓\、\背\兽皮\箭\包\英勇\剽悍\之气\尽显\。\妇女\头戴\用红\、\白色\串珠\和\贝壳\制作\的\珠珠\帽\哦\勒\男子\戴尺\高\的\布\帽子\右边\挂\一块\红布\飘带\作\装饰\。\民间文学\在\傈僳族\传统文化\中\有着\重要\地位\古当村\流传\着\丰富\的\神话故事\、\儿歌\、\诗歌\、\谚语\、\传说\等\如\《\孤儿\找龙女\》\、\《\猴子\搓麻\线\》\、\《\兔子\与\狐狸\的\故事\》\、\《\刮木\毕斗\鬼\的\故事\》\、\《\狗食\太阳\》\等\。\傈僳族民歌\内容丰富\形式多样\。\在\当地\流传\的\民歌\有\情歌\优叶\、\叙事\歌木\刮\、\儿歌\然尼斗石\、\迎亲\调吃\知斗\俄\、\哀歌\阿双吉\俄\、\挽歌\诗俄斗\俄\等\。\民间\乐器\有\弹拨乐器\其奔\、\短笛\笛哩图\、\竹笛\、\三片\口弦\、\单片\口弦\、\木叶\等\。\傈僳族\民间舞蹈\称为\千俄千\种类\较\多\有\生产\舞\、\丰收\舞\、\婚礼\舞\、\模拟\动物\动作\舞\、\织布舞\、\洗麻舞\等\多\为\集体舞\或\成排\或围\圈\脚步\有\进有\退\根据\音乐\节奏\的\变化\有\规律\地\变化\。\民族\文娱\体育\活动\丰富\。\除\传统\的\射弩\外\还有\用于\强身健体\、\节庆\活动\时\比赛\和\表演\的\打球\、\爬\竹竿\、\过\溜索\、\射粑\粑\、\射\鸡蛋\、\摔跤\、\荡秋千\、\斗膝\、\压\翘翘板\等\。\传统节日\阔\时节\即\傈僳族\的\新\年节\节期\为\每年\月\日\。\现在\阔\时节\已经\成为\怒江州\的\法定\节日\。\每年\阔\时节\时\全村人\聚集\在\村公所\进行\各种\活动\唱歌跳舞\吹奏乐器\欢庆\节日\。\傈僳族\丰富多彩\的\传统文化\在\古当村\多\有\保存\。\根据\月亮\圆缺\推定\节令\安排\生产\。\有\自己\传统\的\民间\医药\。\村里\有\路不拾遗\、\夜不闭户\的\优良传统\。,傈僳族
嘎洒镇大槟榔园村傣族花腰傣传统文化保护区,第一批,传统文化保护区,云南省,大槟榔园村傣族花腰傣传统文化保护区位于玉溪市新平彝族傣族自治县嘎洒镇南蚌村委会行政村大槟榔园村。全村户人人均耕地面积亩人均收入元年。村寨依山傍水森林覆盖率达以上。大槟榔园村寨布局及土掌房民居保持传统风貌土木结构的土掌房傣家土楼占全村总数的。传统手工制作工艺传承良好。大槟榔园编制竹具很普遍榨红糖历史悠久现在仍然保留着土法榨糖的传统方法。传统生产生活习俗节庆文艺体育活动祭祀信仰等文化形式内容丰富。村寨附近有多处自然景观交通便利现已开发成花腰傣民族文化生态旅游村。傣族花腰傣人信奉山神、树神、天神、水神。全村有棵树每年都有多次祭祀活动。各种祭祀活动根据月、日、时来举行每次所祈求的内容不同。每逢春节、花街节、祭村心开秧门、祭竜树等节庆活动时由竜头傣语叫涡色负责主持每年举行次活动全村老小集聚吃团圆宴祈祷风调雨顺、六畜兴旺、五谷丰登大家一起修桥补路、修沟挡坝、打扫卫生等。傣族妇女自己纺线、织土布、花布和花腰带。其中花腰带种类繁多色彩绚丽条纹清晰层次分明花腰傣因此得名。花腰傣服饰艳丽特色鲜明。妇女传统服饰包括大衣、背心、腰带、筒裙、高冠、脚套等身上佩戴银饰、秧箩、背箩等。男子上穿黑色无领布扣对襟衫下穿黑色长管大筒裤。特色工艺品主要有花布、围巾、手帕、挎包、秧箩、筒裙、花腰带等。大槟榔园花腰傣男女至今仍保持文身风俗多纹手、脚、手臂。妇女有传统的染齿习俗少女染齿一般在岁之间进行。民歌小调形式多样丰富多彩从形式上可分为情歌、谜语歌、喜事歌、祭祀歌、山歌等均为口头传唱。主要乐器有竹子做的直箫筚修、筚、鼓、镲、铓、唢呐等。民间舞蹈种类较多鼓舞、芦笙舞动作有多个套路特别是在传统的花街节期间整个大槟榔园男男女女就会欢快地跳起傣家舞。民间体育、健身、娱乐活动项目主要是游泳、打陀螺。大槟榔园传统节日有春节、花街节、六月节、祭村心、祭村门等其中花街节最为盛大和有特色。花街节是一年一度卜少少女赛美比美、卜冒小伙子选美的节日每年农历二月的第一个属牛日举行。,省级,大\槟榔\园村\傣族\花腰\傣\传统文化\保护区\位于\玉溪市\新平彝族傣族自治县\嘎\洒\镇南\蚌\村委会\行政村\大\槟榔\园村\。\全村\户人\人均\耕地面积\亩\人均收入\元年\。\村寨\依山傍水\森林\覆盖率\达\以上\。\大\槟榔\园\村寨\布局\及\土掌房\民居\保持\传统\风貌\土\木结构\的\土掌房\傣家\土楼\占\全村\总数\的\。\传统\手工\制作\工艺\传承\良好\。\大\槟榔\园\编制\竹具\很\普遍\榨\红糖\历史悠久\现在\仍然\保留\着\土法\榨糖\的\传统\方法\。\传统\生产\生活\习俗\节庆\文艺\体育\活动\祭祀\信仰\等\文化\形式\内容丰富\。\村寨\附近\有\多处\自然景观\交通\便利\现已\开发\成花\腰\傣\民族文化\生态旅游\村\。\傣族\花腰\傣人\信奉\山神\、\树神\、\天神\、\水神\。\全村\有棵树\每年\都\有\多次\祭祀\活动\。\各种\祭祀\活动\根据\月\、\日\、\时来\举行\每次\所\祈求\的\内容\不同\。\每逢\春节\、\花街节\、\祭村\心开\秧门\、\祭竜\树\等\节庆\活动\时\由\竜\头\傣语\叫\涡色\负责\主持\每年\举行\次\活动\全村\老小\集聚\吃\团圆\宴\祈祷\风调雨顺\、\六畜兴旺\、\五谷丰登\大家\一起\修桥补路\、\修沟\挡\坝\、\打扫卫生\等\。\傣族\妇女\自己\纺线\、\织\土布\、\花布\和\花\腰带\。\其中\花\腰带\种类\繁多\色彩\绚丽\条纹\清晰\层次分明\花腰\傣\因此\得名\。\花腰\傣\服饰\艳丽\特色\鲜明\。\妇女\传统\服饰\包括\大衣\、\背心\、\腰带\、\筒裙\、\高冠\、\脚套\等\身上\佩戴\银饰\、\秧箩\、\背箩\等\。\男子\上\穿\黑色\无领\布扣\对襟\衫\下\穿\黑色\长管\大\筒裤\。\特色\工艺品\主要\有\花布\、\围巾\、\手帕\、\挎包\、\秧箩\、\筒裙\、\花\腰带\等\。\大\槟榔\园花\腰\傣\男女\至今\仍\保持\文身\风俗\多纹手\、\脚\、\手臂\。\妇女\有\传统\的\染齿\习俗\少女\染齿\一般\在\岁\之间\进行\。\民歌\小调\形式多样\丰富多彩\从\形式\上\可\分为\情歌\、\谜语\歌\、\喜事\歌\、\祭祀\歌\、\山歌\等\均\为\口头\传唱\。\主要\乐器\有\竹子\做\的\直箫\筚修\、\筚\、\鼓\、\镲\、\铓\、\唢呐\等\。\民间舞蹈\种类\较\多\鼓舞\、\芦笙舞\动作\有\多个\套路\特别是在\传统\的\花街节\期间\整个\大\槟榔\园\男男女女\就\会\欢快\地\跳\起\傣家\舞\。\民间\体育\、\健身\、\娱乐活动\项目\主要\是\游泳\、\打\陀螺\。\大\槟榔\园\传统节日\有\春节\、\花街节\、\六月\节\、\祭村心\、\祭村门\等\其中\花街节\最为\盛大\和\有\特色\。\花街节\是\一年一度\卜少\少女\赛美\比美\、\卜\冒\小伙子\选美\的\节日\每年\农历\二月\的\第一个\属\牛日\举行\。,傣族
岳宋村永老寨佤族传统文化保护区,第一批,传统文化保护区,云南省,岳宋行政村地处思茅市西盟佤族自治县岳宋乡政府所在地下辖个村民小组自然村永老寨是其中的一个自然村地处南锡河东岸的山区地带海拔米米。全寨户人。人均耕地面积亩人均纯收入元年。岳宋为佤语岳为寨宋为大平意为大平寨。本地居民是明洪武十四年年由岩怀父子从西盟依体永宋迁居于此的。永老寨历史悠久文化底蕴深厚在社会公德、生活起居、劳动生产、心理素质、节庆活动、文艺体育、宗教信仰等领域佤族的传统特色仍然得到传承在西盟佤族中具代表性。该寨自然生态环境良好主要以大榕树及周围的佤族传统民居为标志。干栏式传统民居风貌保存较好有独特的建房习俗和禁忌。永老自然村已被岳宋乡政府列入佤族民俗旅游文化村建设项目。岳宋佤族妇女服饰美观大方艳丽简洁。身穿披肩或无领短衣、无袖紧身短褂腹部裸露下穿长至膝盖的前开口短裙。留披肩长发头戴银箍或篾箍戴耳环、银项圈和彩珠串、银镯腰间和脚腕都围着数十道漆涂制的藤篾圈或芦谷、料珠串小腿裹布套。男子服饰各村寨大同小异多数成年人习惯缠黑、红、绿、黄种颜色的包头上穿长袖无领或无袖黑布短褂、对襟衣下着短而宽大的齐膝黑布裤。戴手镯、项圈和料珠肩背挎包腰佩长刀携带弓弩或梭镖。个别男子耳朵上还穿孔戴线穗。永老寨目前多数人家有自制的简易织机中老年妇女一般都会织图案古朴的土布多以黑、红、黄、绿色织成菱形等各种图案。有文身和染齿的古老习俗。信仰万物有灵过去祭祀活动频繁。佤族民间文学内容丰富形式多样具有鲜明的民族特征。广为流传的神话故事有《司岗里的传说》、《野猪与小鸟的故事》、《勐梭龙潭的传说》、《乌龟背上铜鼓花纹的来历》、《石马》等个。佤族素以能歌善舞著称民歌也以其质朴的音调和粗犷的风格而独具特色。民歌有叙事歌、山歌、劳动歌、情歌、舞蹈歌、风俗祭祀歌、儿歌等种类。演唱形式有独唱、领唱、对唱和合唱。佤族音乐节奏鲜明旋律与语调密切相关有多种调式。一个乐段内多运用调式交替常见出现的有滑音、装饰音和颤音使之富有柔和抒情的特点。主要乐器有木鼓克罗、吹奏乐器得、独弦胡琴整瓦等。民间舞蹈题材广泛风格各异有种共个套路。有古老的祭祀舞蹈有反映劳动、传授生产技能的舞蹈也有表现生产、喜庆祝贺的自娱性舞蹈还有舞姿优美的表演性舞蹈以及模拟动物舞蹈。具有代表性的舞蹈有《木鼓舞》、《甩发舞》、《舂新米舞》、《贺新房》等。佤族木雕大部分刻在人头桩、牛角叉、牛尾巴桩、木鼓和窝郎房的鬼门上。内容有人像、牛头及各种动物和方格花纹雕刻工具有斧、大刀、长刀和小刀。绘画多绘于窝朗房大房子的四面板壁上有各种大小不同的人像、牛、马、鹿及各类野生动物。民间传统体育主要用于强身健体及节庆活动的比赛和表演包括抱头摔跤、搂颈摔跤、搂腰摔跤、梭镖、跳木鼓、射弩、爬竹竿、头战、举臀翻天、马踢脚、前后踢脚等。游乐活动有打陀螺、斗鸡等。佤族传统节日主要有新米节优格拉阿龙、拉木鼓克鲁克罗、新火节优俄土老、盖大房子窝朗房等。,省级,岳宋\行政村\地处\思茅市\西盟佤族自治县\岳宋\乡政府\所在地\下辖\个\村民\小组\自然村\永老寨\是\其中\的\一个\自然村\地处\南锡\河东岸\的\山区\地带\海拔\米\米\。\全寨户\人\。\人均\耕地面积\亩\人均\纯收入\元年\。\岳宋\为\佤语\岳为\寨\宋为\大平\意\为\大平\寨\。\本地\居民\是\明洪武\十四年\年\由\岩怀\父子\从\西盟\依体\永宋\迁居\于\此\的\。\永老寨\历史悠久\文化底蕴\深厚\在\社会公德\、\生活\起居\、\劳动\生产\、\心理素质\、\节庆\活动\、\文艺\体育\、\宗教信仰\等\领域\佤族\的\传统\特色\仍然\得到\传承\在\西盟\佤族\中具\代表性\。\该\寨\自然\生态环境\良好\主要\以\大榕树\及\周围\的\佤族\传统\民居\为\标志\。\干栏\式\传统\民居\风貌\保存\较\好\有\独特\的\建房\习俗\和\禁忌\。\永老\自然村\已\被\岳宋\乡政府\列入\佤族\民俗旅游\文化村\建设项目\。\岳宋\佤族\妇女\服饰\美观大方\艳丽\简洁\。\身穿\披肩\或\无领\短衣\、\无袖\紧身\短褂\腹部\裸露\下\穿长\至\膝盖\的\前\开口\短裙\。\留\披肩\长发\头戴\银箍\或\篾\箍\戴\耳环\、\银\项圈\和\彩珠串\、\银镯\腰间\和\脚腕\都\围着\数十道\漆涂制\的\藤篾\圈\或\芦谷\、\料珠串\小腿\裹布\套\。\男子\服饰\各\村寨\大同小异\多数\成年人\习惯\缠\黑\、\红\、\绿\、\黄种\颜色\的\包头\上\穿\长袖\无领\或\无袖\黑布\短褂\、\对襟\衣下\着\短\而\宽大\的\齐\膝\黑布\裤\。\戴\手镯\、\项圈\和料\珠\肩\背\挎包\腰佩长\刀\携带\弓弩\或\梭镖\。\个别\男子\耳朵\上\还\穿孔\戴线\穗\。\永老寨\目前\多数\人家\有\自制\的\简易\织机\中老年\妇女\一般\都\会织\图案\古朴\的\土布\多以\黑\、\红\、\黄\、\绿色\织成\菱形\等\各种\图案\。\有\文身\和\染齿\的\古老\习俗\。\信仰\万物\有灵\过去\祭祀\活动\频繁\。\佤族\民间文学\内容丰富\形式多样\具有\鲜明\的\民族\特征\。\广为流传\的\神话故事\有\《\司岗里\的\传说\》\、\《\野猪\与\小鸟\的\故事\》\、\《\勐梭\龙潭\的\传说\》\、\《\乌龟\背上\铜鼓\花纹\的\来历\》\、\《\石马\》\等\个\。\佤族\素以\能歌善舞\著称\民歌\也\以\其\质朴\的\音调\和\粗犷\的\风格\而\独具特色\。\民歌\有\叙事\歌\、\山歌\、\劳动\歌\、\情歌\、\舞蹈\歌\、\风俗\祭祀\歌\、\儿歌\等\种类\。\演唱\形式\有\独唱\、\领唱\、\对唱\和\合唱\。\佤族\音乐\节奏\鲜明\旋律\与\语调\密切相关\有\多种\调式\。\一个\乐段\内多\运用\调式\交替\常见\出现\的\有\滑音\、\装饰音\和\颤音\使\之\富有\柔和\抒情\的\特点\。\主要\乐器\有\木鼓\克罗\、\吹奏乐器\得\、\独弦\胡琴\整瓦\等\。\民间舞蹈\题材\广泛\风格各异\有种\共个\套路\。\有\古老\的\祭祀舞蹈\有\反映\劳动\、\传授\生产\技能\的\舞蹈\也\有\表现\生产\、\喜庆\祝贺\的\自娱性\舞蹈\还有\舞姿\优美\的\表演性\舞蹈\以及\模拟\动物\舞蹈\。\具有\代表性\的\舞蹈\有\《\木鼓舞\》\、\《\甩发舞\》\、\《\舂\新米舞\》\、\《\贺\新房\》\等\。\佤族\木雕\大部分\刻\在\人头\桩\、\牛角\叉\、\牛尾巴\桩\、\木鼓\和\窝郎\房\的\鬼\门上\。\内容\有人\像\、\牛头\及\各种\动物\和\方格\花纹\雕刻\工具\有\斧\、\大刀\、\长刀\和\小刀\。\绘画\多绘于\窝朗\房\大房子\的\四面\板壁\上\有\各种\大小\不同\的\人\像\、\牛\、\马\、\鹿及\各类\野生动物\。\民间\传统\体育\主要\用于\强身健体\及\节庆\活动\的\比赛\和\表演\包括\抱头\摔跤\、\搂\颈\摔跤\、\搂\腰\摔跤\、\梭镖\、\跳\木鼓\、\射弩\、\爬\竹竿\、\头战\、\举\臀\翻天\、\马\踢脚\、\前后\踢脚\等\。\游乐\活动\有\打\陀螺\、\斗鸡\等\。\佤族\传统节日\主要\有\新米\节优\格拉\阿龙\、\拉木鼓\克鲁\克罗\、\新火节\优俄土\老\、\盖\大房子\窝朗\房等\。,佤族
糯福乡南段村拉祜族传统文化保护区,第一批,传统文化保护区,云南省,南段村位于思茅市澜沧拉祜族自治县糯福乡的最南端西南和南面与缅甸接壤自古就是军事战略要地南段行政村总面积平方千米下辖个自然村个茶厂。全村现有人口户人。人均耕地面积亩人均收入元年。该村有李、罗、白、王等姓以李姓为多故佛爷、卡些都要由李姓担任。村寨自然生态环境保持完好森林面积亩森林覆盖率达以上生活方式、文化习俗、自然信仰、传统工艺等特点突出。拉祜族历史上没有文字。世纪初曾由美国基督教浸信会牧师创造了一套用拉丁字母拼写的拉祜文拼音符号即老拉祜文。新中国成立后年下半年中央民委正式批准《云南省拉祜族文字方案草案》试行成为至今一直推广使用的拉祜族文字。南段大寨分老寨和新寨一直沿用传统的卡些社会组织制度管理村寨。卡些是寨子头人处理本寨和寨外的重大问题既是村寨头人也是宗教活动的组织者。佛爷主要职责是管理佛堂香火代表寨民信奉佛祖厄萨用教规约束寨民的言行主持卡些、着八、章利等任职人的选举产生仪式。着八是专门管理本寨寨务的人员是管理寨心者也是拉祜族自然信仰的重要传承人。章利是卡些制度中的重要成员负责管理本村的农具、安排本村铁匠生产、打制和修理农业生产工具。老寨和新寨各有自己的卡些、佛爷、着八、章利。南段老寨的公共佛房是澜沧县境内规模最大设施最完善的佛房而且活动正常每年春节都要举行隆重的佛事活动。南段拉祜族各村寨的中心地都有一块可容纳数百人至千人的平地广场广场中央栽立寨神柱磕节和帕萨节由本村着八负责管理。南段老寨、新寨除着八、佛爷必须住落地式木竹结构的草房外其余民居均为政府安居工程统一设计的改良型木结构干栏式传统民居建房仍保留了传统的择地、选址、进新房习俗。拉祜族妇女服饰大体可分为传统型和改良型两种花边装饰使用拉祜族传统图案。筒裙的下部用银泡和花边组成三角几何图形。南段拉祜西妇女服饰一直延续传统式样。成年、老年和青年女子的服饰一样只用颜色和花边装饰加以区分。男子服饰过去穿黑色圆领小开襟短衫中老年均穿裤管宽大的斜拼裆长裤头包黑布包头。现在除节日喜庆日外平时老少男子均穿汉装。南段大寨传统节日主要有春节、火把节、新米节、月亮哈尼节、葫芦节阿朋阿龙尼等。年月澜沧拉祜族自治县人民代表大会常务委员决定每年农历十月十五至十七日为拉祜族阿朋阿龙尼葫芦节以弘扬民族精神、加强民族团结。拉祜族民间文学有创世神话传说、迁徙史诗、习俗史诗、婚姻习俗诗、祭祀诗等已整理出版《肖代噜代》、《牡帕密帕》、《根古》、《兄妹分居》、《扩根哈根》、《追蜂记》、《哈空》等。南段拉祜族的民间音乐未形成专一统一的曲调名称同一旋律可用于多种场合主要依靠歌词变化和演唱者的神情、速度来区别。主要乐器有哩嘎嘟、葫芦笙、南段神鼓、象脚鼓等。葫芦笙曲调丰富多彩有独奏、合奏广泛运用于民间舞蹈中。主要舞蹈种类有葫芦笙舞、摆舞均是全民性的集体舞蹈。,省级,南段\村\位于\思茅市\澜沧拉祜族自治县\糯福乡\的\最南端\西南\和\南面\与\缅甸\接壤\自古\就是\军事\战略要地\南段\行政村\总面积\平方千米\下辖\个\自然村\个\茶厂\。\全村\现有人口\户人\。\人均\耕地面积\亩\人均收入\元年\。\该村\有\李\、\罗\、\白\、\王等姓\以\李姓\为\多\故\佛爷\、\卡些\都\要\由\李姓\担任\。\村寨\自然\生态环境\保持\完好\森林\面积\亩\森林\覆盖率\达\以上\生活方式\、\文化\习俗\、\自然\信仰\、\传统工艺\等\特点\突出\。\拉祜族\历史\上\没有\文字\。\世纪\初\曾\由\美国\基督教\浸信会\牧师\创造\了\一套\用\拉丁字母\拼写\的\拉祜文\拼音\符号\即\老\拉祜文\。\新\中国\成立\后\年\下半年\中央\民委\正式\批准\《\云南省\拉祜族\文字\方案\草案\》\试行\成为\至今\一直\推广\使用\的\拉祜族\文字\。\南段\大寨\分老寨\和\新\寨\一直\沿用\传统\的\卡些\社会组织\制度\管理\村寨\。\卡些\是\寨子\头人\处理\本寨\和\寨外\的\重大\问题\既\是\村寨\头人\也\是\宗教活动\的\组织者\。\佛爷\主要职责\是\管理\佛堂\香火\代表\寨民\信奉\佛祖\厄萨用\教规\约束\寨民\的\言行\主持\卡些\、\着\八\、\章利\等\任职\人\的\选举\产生\仪式\。\着\八\是\专门\管理\本寨\寨务\的\人员\是\管理\寨\心者\也\是\拉祜族\自然\信仰\的\重要\传承\人\。\章利\是\卡些\制度\中\的\重要\成员\负责管理\本村\的\农具\、\安排\本村\铁匠\生产\、\打制\和\修理\农业\生产工具\。\老寨\和\新\寨\各有\自己\的\卡些\、\佛爷\、\着\八\、\章利\。\南段\老寨\的\公共\佛房\是\澜沧\县\境内\规模\最大\设施\最\完善\的\佛房\而且\活动\正常\每年\春节\都\要\举行\隆重\的\佛事\活动\。\南段\拉祜族\各\村寨\的\中心\地\都\有\一块\可\容纳\数百人\至千人\的\平地\广场\广场\中央\栽立\寨\神柱\磕节\和\帕萨节\由\本村\着\八\负责管理\。\南段\老寨\、\新寨\除\着\八\、\佛爷\必须\住\落地式\木竹\结构\的\草房\外\其余\民居\均\为\政府\安居工程\统一\设计\的\改良\型\木结构\干栏\式\传统\民居\建房\仍\保留\了\传统\的\择\地\、\选址\、\进\新房\习俗\。\拉祜族\妇女\服饰\大体\可\分为\传统型\和\改良\型\两种\花边\装饰\使用\拉祜族\传统\图案\。\筒裙\的\下部\用银泡\和\花边\组成\三角\几何图形\。\南段\拉祜\西\妇女\服饰\一直\延续\传统\式样\。\成年\、\老年\和\青年\女子\的\服饰\一样\只用\颜色\和\花边\装饰\加以\区分\。\男子\服饰\过去\穿\黑色\圆领\小\开襟\短衫\中老年\均\穿\裤管\宽大\的\斜\拼裆长\裤头\包\黑布\包头\。\现在\除\节日\喜庆\日外\平时\老少\男子\均\穿汉装\。\南段\大寨\传统节日\主要\有\春节\、\火把节\、\新米节\、\月亮\哈尼\节\、\葫芦\节阿朋\阿龙尼\等\。\年\月\澜沧拉祜族自治县\人民代表大会\常务委员\决定\每年\农历\十月\十五\至\十七日\为\拉祜族\阿朋阿龙尼\葫芦\节以\弘扬\民族\精神\、\加强\民族团结\。\拉祜族\民间文学\有\创世神话\传说\、\迁徙\史诗\、\习俗\史诗\、\婚姻\习俗\诗\、\祭祀\诗\等\已\整理\出版\《\肖代噜代\》\、\《\牡帕密帕\》\、\《\根古\》\、\《\兄妹\分居\》\、\《\扩根\哈根\》\、\《\追蜂记\》\、\《\哈空\》\等\。\南段\拉祜族\的\民间\音乐\未\形成\专一\统一\的\曲调\名称\同一\旋律\可\用于\多种\场合\主要\依靠\歌词\变化\和\演唱者\的\神情\、\速度\来\区别\。\主要\乐器\有哩嘎嘟\、\葫芦\笙\、\南段\神鼓\、\象脚鼓\等\。\葫芦\笙\曲调\丰富多彩\有\独奏\、\合奏\广泛\运用\于\民间舞蹈\中\。\主要\舞蹈\种类\有\葫芦\笙舞\、\摆舞\均\是\全民性\的\集体\舞蹈\。,拉祜族
勐罕镇曼听傣族传统文化保护区,第一批,传统文化保护区,云南省,勐罕橄榄坝傣族传统文化保护区由曼听、曼春满、曼降、曼乍、曼嘎等个傣族自然村组成属西双版纳傣族自治州景洪市勐罕镇曼听行政村管辖。个村寨紧密相邻呈扇形分布从正面看犹如一只开屏的孔雀分布在勐罕镇的中心。保护区占地公顷居民户人全部为傣族。保护区坐落于澜沧江边自然生态环境优美村寨中傣族干栏式民居及竜林、神树、寨心、公主井、孔雀坟寨心、古老的佛寺、佛塔等使其成为西双版纳傣族村寨中唯一保持传统村落文化和庭院风光的典范。村寨附近还保存着大面积的古铁刀林傣语称为黑心树是傣族先民从自然界中发现的炭薪柴树种。个村寨现存的傣族传统干栏式竹楼建筑及傣式框架结构木瓦屋面木楼占以上既有实用功能又有审美价值。个村寨历史悠久傣族贝叶文化底蕴深厚。傣族人民既信奉南传上座部佛教同时又有自然信仰既赕佛也赕世间万物传统的生活方式、虔诚的宗教信仰与周围的自然环境紧密地交融为一体。保护区以村寨为载体以村民为文化传承人包含了大量傣族农耕及天文历法等生产知识和建筑技艺及建房习俗、宗教信仰及宗教礼俗、章哈等口头文学、民间歌舞、民间美术、传统工艺等文化信息是西双版纳傣族自治州傣族传统文化的集中体现。勐罕曼听傣族传统文化保护区在国内外有较高知名度近年来用公司农户的运作方式探寻保护与利用的关系取得了丰富的实践经验和良好的社会效益受到国内外社会各界的好评。但由于人口增多森林减少现代化进程对传统工艺、传统习俗等造成严重的冲击保护面临越来越多的困难。,省级,勐罕\橄榄坝\傣族\传统文化\保护区\由曼\听\、\曼春满\、\曼降\、\曼\乍\、\曼嘎\等\个\傣族\自然村\组成\属\西双版纳傣族自治州\景洪市\勐罕镇曼\听\行政村\管辖\。\个\村寨\紧密\相邻\呈\扇形\分布\从\正面\看\犹如\一只\开屏\的\孔雀\分布\在\勐\罕镇\的\中心\。\保护区\占地\公顷\居民\户人\全部\为\傣族\。\保护区\坐落于\澜沧江\边\自然生态\环境优美\村寨\中\傣族\干栏\式\民居\及\竜\林\、\神树\、\寨心\、\公主\井\、\孔雀\坟寨心\、\古老\的\佛寺\、\佛塔\等\使\其\成为\西双版纳\傣族\村寨\中\唯一\保持\传统\村落\文化\和\庭院\风光\的\典范\。\村寨\附近\还\保存\着\大面积\的\古铁刀林\傣语\称为\黑心\树是\傣族\先民\从\自然界\中\发现\的\炭\薪柴\树种\。\个\村寨\现存\的\傣族\传统\干栏\式\竹楼\建筑\及\傣式\框架结构\木\瓦屋\面\木楼\占\以上\既有\实用功能\又\有\审美价值\。\个\村寨\历史悠久\傣族\贝叶\文化底蕴\深厚\。\傣族\人民\既\信奉\南传\上座部佛教\同时\又\有\自然\信仰\既\赕佛\也\赕\世间\万物\传统\的\生活方式\、\虔诚\的\宗教信仰\与\周围\的\自然环境\紧密\地交\融为一体\。\保护区\以\村寨\为\载体\以\村民\为\文化传承\人\包含\了\大量\傣族\农耕\及\天文\历法\等\生产\知识\和\建筑\技艺\及\建房\习俗\、\宗教信仰\及\宗教\礼俗\、\章哈\等\口头文学\、\民间\歌舞\、\民间美术\、\传统工艺\等\文化\信息\是\西双版纳傣族自治州\傣族\传统文化\的\集中体现\。\勐罕曼\听\傣族\传统文化\保护区\在\国内外\有\较\高\知名度\近年来\用\公司\农户\的\运作\方式\探寻\保护\与\利用\的\关系\取得\了\丰富\的\实践经验\和\良好\的\社会效益\受到\国内外\社会各界\的\好评\。\但\由于\人口\增多\森林\减少\现代化\进程\对\传统工艺\、\传统习俗\等\造成\严重\的\冲击\保护\面临\越来越\多\的\困难\。,傣族
周城白族传统文化保护区,第一批,传统文化保护区,云南省,周城位于大理白族自治州大理市喜州镇北端是古代城邑之一和大理坝子的一个重要农村集镇。全村户人是云南省规模最大的自然村。周城交通方便地处白族地区的腹心是白族村寨的典型代表积淀着深厚的白族文化。白族的人生礼仪、民间礼俗、传统节日、宗教祭祀至今保存完整。其中的婚嫁、拜寿、古戏台唱戏、绕三灵、蝴蝶会对歌、本主节、三月街、文昌会、玄帝会、火把节、观音会、栽秧会等表现了白族十分独特的文化特征和丰富内涵。周城有大量典型的白族民居建筑和古建筑传统手工艺扎染闻名中外服饰与饮食亦充满浓郁的白族特色在云南省白族聚居地具有典型性。改革开放以来周城的第二、第三产业迅速发展形成了一批从事扎染、建筑施工、餐饮、旅游产品销售的专业户和企业。近年来周城全村的年经济总收入达亿元居民年人均收入超过元生活水平不断提高。现在还保留的民族传统节日和民间习俗有春节、本主节、清明节、三月街、蝴蝶会、绕三灵、栽秧会、端午节、火把节、中元节、中秋节、冬至节宗教节日有三月三的文昌会、玄帝会、三月十五的财神会、四月初八的接太子、六月二十四的祭关公、八月十五的接观音、八月二十七的祭孔子、九月九的九皇会等。周城村还保留着系统完整的人生仪式包括出生、婚嫁、拜寿、丧葬仪式和建房仪式。文艺活动有古戏台唱戏、绕三灵、蝴蝶会对歌等。体育活动有陀螺、拔河、耍猴、篮球、下棋等。这些活动一般都在过年过节时举行全村老少、宾客及邻村的群众都会来参加。,省级,周城\位于\大理白族自治州\大理市\喜州镇\北端\是\古代\城邑\之一\和\大理\坝子\的\一个\重要\农村\集镇\。\全村\户人\是\云南省\规模\最大\的\自然村\。\周城\交通\方便\地处\白族\地区\的\腹心\是\白族\村寨\的\典型\代表\积淀\着\深厚\的\白族\文化\。\白族\的\人生\礼仪\、\民间\礼俗\、\传统节日\、\宗教\祭祀\至今\保存\完整\。\其中\的\婚嫁\、\拜寿\、\古\戏台\唱戏\、\绕三灵\、\蝴蝶\会\对歌\、\本主\节\、\三月街\、\文昌\会\、\玄帝\会\、\火把节\、\观音\会\、\栽秧会\等\表现\了\白族\十分\独特\的\文化\特征\和\丰富\内涵\。\周城\有\大量\典型\的\白族\民居\建筑\和\古建筑\传统\手工艺\扎染\闻名中外\服饰\与\饮食\亦\充满\浓郁\的\白族\特色\在\云南省\白族\聚居地\具有\典型性\。\改革开放\以来\周城\的\第二\、\第三产业\迅速\发展\形成\了\一批\从事\扎染\、\建筑施工\、\餐饮\、\旅游\产品销售\的\专业户\和\企业\。\近年来\周城\全村\的\年\经济\总收入\达\亿元\居民\年\人均收入\超过\元\生活水平\不断\提高\。\现在\还\保留\的\民族\传统节日\和\民间\习俗\有\春节\、\本主\节\、\清明节\、\三月街\、\蝴蝶\会\、\绕三灵\、\栽秧会\、\端午节\、\火把节\、\中元节\、\中秋节\、\冬至节\宗教节日\有\三月三\的\文昌\会\、\玄帝\会\、\三月\十五\的\财神\会\、\四月\初八\的\接\太子\、\六月\二十四\的\祭\关公\、\八月\十五\的\接\观音\、\八月\二十七\的\祭\孔子\、\九月九\的\九皇\会\等\。\周城村\还\保留\着\系统\完整\的\人生\仪式\包括\出生\、\婚嫁\、\拜寿\、\丧葬仪式\和\建房\仪式\。\文艺活动\有古\戏台\唱戏\、\绕三灵\、\蝴蝶\会\对歌\等\。\体育\活动\有\陀螺\、\拔河\、\耍猴\、\篮球\、\下棋\等\。\这些\活动\一般\都\在\过年\过节\时\举行\全村\老少\、\宾客\及\邻村\的\群众\都\会\来\参加\。,白族
大营镇村白族传统文化保护区,第一批,传统文化保护区,云南省,萂村位于大理白族自治州宾川县大营镇境内全村户人。人均耕地面积亩人均收入元年。萂村历史悠久文化丰富是一个家家藏书、户户种花的村庄历史上出过不少名人还是南诏贵族大义宁国主杨干贞的故里。萂村风光秀丽文物古迹众多。各个自然村古建筑的装饰多绘画雕塑寺庙多绘龙、凤、狮、虎民居一般绘南瓜龙花。斗拱重叠、屋角飞翘具有浓厚的白族风格。萂村民居现存多处古老的四合院前厅后院修廓曲庑备极精巧。现在民居为土木结构砖木结构及钢混结构较少。村民衣着装饰是典型的古老白族服装女性衣前短后长有老、中、青和已婚、未婚之分。萂村妇女心灵手巧刺绣主要用于衣服鞋帽及其他生活用品图案鲜艳工艺精美。逢年过节萂村几乎是传统刺绣艺术的盛大展览会。民间文化浓郁厚重从古到今代代相传一年一度的接天子、接本主仪式最具代表性绕三灵、霸王鞭、大本曲、白族对歌、洞经古乐、耍龙舞狮、古装表演、栽秧会等是村民热情参与的文化活动。萂村民居建筑别具特色村落由张、赵、杨三大姓的民居群组成各姓氏相对集中布局井然庭院巍峨山泉沿石巷穿流是宾川地区最能体现白族建筑风格和建筑艺术的典型。萂村有本主庙、太子庙、老太庙、文昌宫等一年四季香火不断。最隆重的佛事活动要数农历正月十五接天子回坛。每年正月十一各村轮流接观音菩萨和本主赵善政供奉意为与民同乐。农历正月十五各村要舞狮家家户户准备丰盛的美味佳肴摆在门口迎接天子回家。接天子活动由本村当年结婚的男子负责组织。此外还有圣母寿诞农历二月二十三、本主节农历七月初九、朝斗节农历三月初一至初二、六月初一至初六、九月初一至初十一、超度节、中元节农历七月十四等活动。每年农历五月二十龙王生日这天村民们都要到龙王庙中举行祭祀活动祈求风调雨顺、五谷丰登。民间文学在萂村白族的传统文化中有着重要的地位主要以歌颂白族的名人、英雄为主特别是歌颂赵善政、杨干贞的传说故事家喻户晓。也有许多歌颂自由婚姻、讽刺贪官污吏的作品。神话传说有《杨干贞传奇》、《木王庙泉水奇闻》、《莲花池的传说》、《黑龙潭故事》、《奶尖山的传说》、《凤凰山传奇》、《金牛的来历》、《仙人的脚印》、《本主伞》、《阴阳树》、《龙马树》、《龙马坡》、《萂村圣母庙历史神话传说》等多种。民歌民谣主要以歌颂白族民族英雄和反映白族人民生产生活、赞美白族人民勤劳、善良的优良传统为主要内容。萂村的大本曲也遵循三七一五的歌词句式旋律与语调紧密结合有时连说带唱并配以表演动作使音乐具有诙谐、幽默的风格特点。伴奏乐器主要以小三弦为主还配有二胡、月琴、打击乐器以及唢呐、竹笛等。萂村洞经音乐历史悠久音乐古朴典雅优美动听节奏舒缓富有感染力有浓郁的白族特色。洞经音乐演奏活动以春节为主此外村民办喜事、寿诞及农历每月的初一、十五等都有演奏。曲目主要有《南清宫》、《将军令》、《大开门》、《小开门》、《一杯酒》、《流亡曲》等。民间传统体育主要用于强身健体及节庆活动的比赛和表演有秋千、赛马等。游乐活动有对歌、女子丢包、打陀螺等。,省级,萂\村\位于\大理白族自治州\宾川县\大营\镇\境内\全村\户人\。\人均\耕地面积\亩\人均收入\元年\。\萂\村\历史悠久\文化\丰富\是\一个\家家\藏书\、\户户\种花\的\村庄\历史\上\出过\不少\名人\还是\南诏\贵族\大义\宁国\主\杨干贞\的\故里\。\萂\村\风光秀丽\文物古迹\众多\。\各个\自然村\古建筑\的\装饰\多\绘画\雕塑\寺庙\多绘龙\、\凤\、\狮\、\虎\民居\一般\绘\南瓜\龙花\。\斗拱\重叠\、\屋角\飞翘\具有\浓厚\的\白族\风格\。\萂\村民\居\现存\多处\古老\的\四合院\前厅\后院\修廓\曲\庑\备极\精巧\。\现在\民居\为土\木结构\砖木结构\及\钢混\结构\较\少\。\村民\衣着\装饰\是\典型\的\古老\白族\服装\女性\衣\前短后长\有\老\、\中\、\青\和\已婚\、\未婚\之分\。\萂\村\妇女\心灵手巧\刺绣\主要\用于\衣服\鞋帽\及其\他\生活用品\图案\鲜艳\工艺\精美\。\逢年过节\萂\村\几乎\是\传统\刺绣\艺术\的\盛大\展览会\。\民间文化\浓郁\厚重\从古到今\代代相传\一年一度\的\接\天子\、\接\本主\仪式\最具\代表性\绕三灵\、\霸王鞭\、\大本曲\、\白族\对歌\、\洞经\古乐\、\耍龙\舞狮\、\古装\表演\、\栽秧会\等\是\村民\热情\参与\的\文化\活动\。\萂\村民\居\建筑\别具特色\村落\由张\、\赵\、\杨三\大姓\的\民居\群\组成\各\姓氏\相对\集中\布局\井然\庭院\巍峨\山泉\沿石巷\穿流\是\宾川\地区\最能体现\白族\建筑风格\和\建筑\艺术\的\典型\。\萂\村\有\本主\庙\、\太子\庙\、\老\太庙\、\文昌宫\等\一年四季\香火不断\。\最\隆重\的\佛事\活动\要数\农历\正月十五\接\天子\回坛\。\每年\正月\十一\各村\轮流\接\观音菩萨\和\本主\赵善政\供奉\意\为\与民同乐\。\农历\正月十五\各村\要\舞狮\家家户户\准备\丰盛\的\美味佳肴\摆在\门口\迎接\天子\回家\。\接\天子\活动\由\本村\当年\结婚\的\男子\负责\组织\。\此外\还有\圣母\寿诞\农历\二月\二十三\、\本主\节\农历\七月\初九\、\朝斗节\农历\三月初\一至\初二\、\六月\初一\至\初六\、\九月初\一至\初\十一\、\超度\节\、\中元节\农历\七月\十四\等\活动\。\每年\农历\五月\二十\龙王\生日\这天\村民\们\都\要\到\龙王庙\中\举行\祭祀\活动\祈求\风调雨顺\、\五谷丰登\。\民间文学\在\萂\村\白族\的\传统文化\中\有着\重要\的\地位\主要\以\歌颂\白族\的\名人\、\英雄\为主\特别\是\歌颂\赵善政\、\杨干贞\的\传说\故事\家喻户晓\。\也\有\许多\歌颂\自由\婚姻\、\讽刺\贪官污吏\的\作品\。\神话传说\有\《\杨干贞\传奇\》\、\《\木王庙\泉水\奇闻\》\、\《\莲花池\的\传说\》\、\《\黑龙潭\故事\》\、\《\奶\尖山\的\传说\》\、\《\凤凰山\传奇\》\、\《\金牛\的\来历\》\、\《\仙人\的\脚印\》\、\《\本主\伞\》\、\《\阴阳\树\》\、\《\龙马\树\》\、\《\龙马\坡\》\、\《\萂\村\圣母\庙\历史\神话传说\》\等\多种\。\民歌\民谣\主要\以\歌颂\白族\民族英雄\和\反映\白族\人民\生产\生活\、\赞美\白族\人民\勤劳\、\善良\的\优良传统\为\主要\内容\。\萂\村\的\大本曲\也\遵循\三\七一五\的\歌词\句式\旋律\与\语调\紧密结合\有时\连\说\带\唱\并\配以\表演\动作\使\音乐\具有\诙谐\、\幽默\的\风格\特点\。\伴奏\乐器\主要\以小\三弦\为主\还\配有\二胡\、\月琴\、\打击乐器\以及\唢呐\、\竹笛\等\。\萂\村\洞经音乐\历史悠久\音乐\古朴\典雅\优美\动听\节奏\舒缓\富有\感染力\有\浓郁\的\白族\特色\。\洞经音乐\演奏\活动\以\春节\为主\此外\村民\办喜事\、\寿诞\及\农历\每月\的\初一\、\十五\等\都\有\演奏\。\曲目\主要\有\《\南\清宫\》\、\《\将军令\》\、\《\大开门\》\、\《\小开门\》\、\《\一\杯酒\》\、\《\流亡\曲\》\等\。\民间\传统\体育\主要\用于\强身健体\及\节庆\活动\的\比赛\和\表演\有\秋千\、\赛马\等\。\游乐\活动\有\对歌\、\女子\丢包\、\打\陀螺\等\。,白族
瑶山乡水槽寨瑶族蓝靛传统文化保护区,第一批,传统文化保护区,云南省,水槽寨瑶族传统文化保护区在红河哈尼族彝族自治州河口瑶族自治县瑶山乡分上水槽寨和下水槽寨共户人。人均耕地面积亩。人均收入元。该村位于大围山自然保护区边缘生态环境优越。下水槽瑶语称吊坪。瑶族年迁至瑶山水槽寨应建于此时。村边有溪流竹槽引水甚便生活。主要从事农耕亦兼采集、狩猎。民居以土墙红板瓦顶土木结构为主土墙茅草顶亦占。至今保留着传统的建房习俗包括建房选材、选址、选吉日平地基、上梁、贺新房等。瑶山乡水槽寨瑶族妇女服饰清秀整洁美观朴素。服饰衣料大多为自纺自织的粗布经蓝靛浸染成色加工缝制而成。服饰主色调是蓝色其他饰物为辅色故称为蓝靛瑶。瑶族妇女擅长挑花刺绣有独特审美观将四色花线在服装的衣领、胸襟、袖口、肩垫、裤口、围裙等处镶绣各种花纹图案十分精美风格独特。男子身着无领斜襟长袖衣外罩无领短褂下着宽腰大裆裤。年长者用黑布条包头或戴老式瓜皮帽。瑶族姑娘岁左右要顶板换衣装表示已经成人可以进行社交活动。该村保存了浓厚的瑶族传统文化和民族习俗。村里实行寨老制管理由寨老等人分工管理村寨事务和负责祭祀活动。水槽寨传统的村规民约在现代的社会生活中依然发挥积极作用。瑶族人讲究礼仪小孩成人需接受严格的度戒仪式接受文化、礼仪及传统道德规范的教育。传统民族节日有正月初一大年春节、正月十五家神节三月三节、五月初五端午节、七月十五目莲节、八月十五新米节、十月十六盘王节等。每年农历三月三时要染花米饭用野生植物把米饭染成红、黄、蓝色拌在一起代表红龙、黄龙、青龙用于为祖坟安龙祈求家道平安。水槽村瑶族信奉的神灵包括人类始祖神盘瓠、盘王、伏羲、神农自然神雷王、谷魂、五雷保护神灶王、民官、本境、社皇、城隍、女娘、罗五娘、帝母、牛官、家先、花林、南曹、沙罗、黄推、程历、六神祖师神太清、玉清、上清、三元、明皇、祖爷、公王、四师、张天师等。凡经过度戒的瑶族男性得到自己师傅传授的念经咒和法事程序训练后均可以主持宗教活动仪式。传统宗教活动有度戒、打斋、扫寨、祭龙、祭祖、拜祭等。瑶族先民创造了汉字记瑶音的办法无论传记经、宗教祭祀祭文均使用汉字记载并以此创作歌谣、写信和记叙生活事务留下了大量珍贵的古籍文献。保存至今的有数十种汉字瑶音的瑶文书。宗教仪式所用的典籍多是清光绪年间的经书非常珍贵。很多传说、神话故事世代口头相传老人以读念形式唱读叙事长诗向年轻人讲述瑶族的文化历史。一些瑶族礼仪也通过民歌来传唱。水槽寨民歌丰富多彩有抒情歌、叙事歌、生活歌、习俗歌等。在婚礼上宾客们即兴创作的歌词为闲歌男女用唱歌形式谈情说爱的歌叫风流歌。演唱形式有喊唱、平音唱、回转唱等。民歌歌词多采用七字句式男、女集体对唱唱词分唱文和唱白两种。传统曲目有创世歌《伏羲兄妹造人烟》、《密洛陀》、《发音套奶》、《女下台七子》等祭祀歌有《盘王歌》、《流落歌》、《连州三庙歌》、《得符神唱》等迁徙歌有《创世歌》、《立传歌》、《千家洞》、《交趾曲》、《漂洋过海》等此外还有《十二月生产》、《四季歌》等节令歌。瑶族舞蹈属于宗教仪式舞师、道两类结合动作基本一致以念神或宗教歌曲为节奏配以锣、鼓、镲等打击乐舞者手持罗帛一条长带子花带、长刀、铜铃等。瑶族度戒等仪式上所用的上清、玉清、太清、上元、中元、下元等神圣画像以及师公身上穿的道袍上所刺绣的图案花样是瑶族人珍贵的传统美术品。文体活动内容多样有打陀螺、打弹弓、踩高跷、荡秋千、磨秋等均为民间传统体育游戏。,省级,水槽\寨\瑶族\传统文化\保护区\在\红河哈尼族彝族自治州\河口瑶族自治县\瑶山\乡分\上\水槽\寨\和\下\水槽\寨共户\人\。\人均\耕地面积\亩\。\人均收入\元\。\该村\位于\大围山\自然保护区\边缘\生态环境\优越\。\下\水槽\瑶语\称吊坪\。\瑶族\年\迁至\瑶山\水槽\寨\应\建于\此时\。\村边\有\溪流\竹槽\引水\甚便\生活\。\主要\从事\农耕\亦\兼\采集\、\狩猎\。\民居\以\土墙\红板\瓦顶\土\木结构\为主\土墙\茅草\顶\亦\占\。\至今\保留\着\传统\的\建房\习俗\包括\建房\选材\、\选址\、\选\吉日\平\地基\、\上梁\、\贺\新房\等\。\瑶山\乡\水槽\寨\瑶族\妇女\服饰\清秀\整洁\美观\朴素\。\服饰\衣料\大多\为\自纺\自织\的\粗布\经\蓝靛\浸染\成色\加工\缝制\而成\。\服饰\主色调\是\蓝色\其他\饰物\为辅\色故\称为\蓝靛瑶\。\瑶族\妇女\擅长\挑花\刺绣\有\独特\审美观\将\四色\花线\在\服装\的\衣领\、\胸襟\、\袖口\、\肩垫\、\裤口\、\围裙\等\处\镶\绣\各种\花纹\图案\十分\精美\风格\独特\。\男子\身着\无领\斜襟\长袖\衣\外罩\无领\短褂\下\着\宽\腰\大裆裤\。\年长者\用\黑\布条\包头\或\戴\老式\瓜皮帽\。\瑶族\姑娘\岁\左右\要\顶板\换\衣装\表示\已经\成人\可以\进行\社交活动\。\该村\保存\了\浓厚\的\瑶族\传统文化\和\民族\习俗\。\村里\实行\寨\老制\管理\由寨\老\等\人\分工\管理\村寨\事务\和\负责\祭祀\活动\。\水槽\寨\传统\的\村规民约\在\现代\的\社会生活\中\依然\发挥\积极\作用\。\瑶族\人\讲究\礼仪\小孩\成人\需\接受\严格\的\度戒\仪式\接受\文化\、\礼仪\及\传统\道德规范\的\教育\。\传统\民族节日\有\正月初一\大\年\春节\、\正月十五\家神\节\三月\三节\、\五月\初五\端午节\、\七月\十五\目莲节\、\八月\十五\新米节\、\十月\十六\盘王节\等\。\每年\农历\三月\三时\要染花\米饭\用\野生植物\把\米饭\染成\红\、\黄\、\蓝色\拌\在\一起\代表\红龙\、\黄龙\、\青龙\用于\为\祖坟\安龙\祈求\家\道\平安\。\水槽\村\瑶族\信奉\的\神灵\包括\人类\始祖\神\盘瓠\、\盘王\、\伏羲\、\神农\自然神\雷王\、\谷魂\、\五雷\保护神\灶王\、\民官\、\本境\、\社皇\、\城隍\、\女娘\、\罗五娘\、\帝母\、\牛官\、\家先\、\花林\、\南\曹\、\沙罗\、\黄推\、\程历\、\六神\祖师\神\太清\、\玉清\、\上清\、\三元\、\明皇\、\祖爷\、\公王\、\四师\、\张天师\等\。\凡\经过\度戒\的\瑶族\男性\得到\自己\师傅\传授\的\念经\咒\和\法事\程序\训练\后均\可以\主持\宗教活动\仪式\。\传统宗教\活动\有\度戒\、\打斋\、\扫寨\、\祭龙\、\祭祖\、\拜祭\等\。\瑶族\先民\创造\了\汉字\记瑶音\的\办法\无论\传记\经\、\宗教\祭祀\祭文\均\使用\汉字\记载\并\以此\创作\歌谣\、\写信\和\记叙\生活\事务\留下\了\大量\珍贵\的\古籍\文献\。\保存\至今\的\有\数十种\汉字\瑶音\的\瑶\文书\。\宗教仪式\所用\的\典籍\多\是\清\光绪年间\的\经书\非常\珍贵\。\很多\传说\、\神话故事\世代\口头\相传\老人\以\读念\形式\唱读\叙事\长诗\向\年轻人\讲述\瑶族\的\文化\历史\。\一些\瑶族\礼仪\也\通过\民歌\来\传唱\。\水槽\寨\民歌\丰富多彩\有\抒情歌\、\叙事\歌\、\生活\歌\、\习俗歌\等\。\在\婚礼\上\宾客\们\即兴创作\的\歌词\为\闲歌\男女\用\唱歌\形式\谈情说爱\的\歌\叫\风流\歌\。\演唱\形式\有\喊\唱\、\平音\唱\、\回转\唱\等\。\民歌\歌词\多\采用\七字\句式\男\、\女\集体\对唱\唱词\分唱\文和唱白\两种\。\传统\曲目\有\创世\歌\《\伏羲\兄妹\造\人烟\》\、\《\密洛陀\》\、\《\发音\套奶\》\、\《\女\下台\七子\》\等\祭祀\歌有\《\盘王歌\》\、\《\流落\歌\》\、\《\连州\三庙\歌\》\、\《\得\符神\唱\》\等\迁徙\歌有\《\创世\歌\》\、\《\立传\歌\》\、\《\千家\洞\》\、\《\交趾\曲\》\、\《\漂洋过海\》\等\此外\还有\《\十二月\生产\》\、\《\四季歌\》\等\节令\歌\。\瑶族舞蹈\属于\宗教仪式\舞师\、\道\两类\结合\动作\基本一致\以念神\或\宗教\歌曲\为\节奏\配以\锣\、\鼓\、\镲\等\打击乐\舞者\手持\罗帛\一条\长\带子\花\带\、\长刀\、\铜铃\等\。\瑶族\度戒\等\仪式\上\所用\的\上清\、\玉清\、\太清\、\上元\、\中\元\、\下元\等\神圣\画像\以及\师公\身上\穿\的\道袍\上\所\刺绣\的\图案\花样\是\瑶族\人\珍贵\的\传统\美术品\。\文体活动\内容\多样\有\打\陀螺\、\打\弹弓\、\踩高跷\、\荡秋千\、\磨秋\等\均\为\民间\传统\体育\游戏\。,瑶族
羊街乡车普村哈尼族奕车传统文化保护区,第一批,传统文化保护区,云南省,哈尼族奕车人共万多人全住在车普村一带。车普村哈尼族奕车人文化保护区在红河哈尼族彝族自治州红河县大羊街乡车普村共户人。人均耕地面积亩人均纯收入元。海拔米倚坡踞岭傍田梯田、樱花、棕榈、森林错综环绕林中有神山、神树村中有磨秋场、秋千场生态环境优美。民居为等腰三角形瓦顶民居有土木结构或砖木结构。奕车人女性服饰独特上衣无领圆口成龟形内中外件套共层下穿紧臀超短裤半裸胸头顶洁白三角帽再配上小斗笠。服饰上佩戴银制的陀螺、螺蛳、叶片、银泡、银链、银镯等饰品。所用土布均为自制除帕崇白顶帕以外多以纯蓝、靛青和黑色为主色调。相传这样的服饰是为了纪念先民迁徙的坎坷艰辛过程。奕车人信仰万物有灵和多神崇拜诸神中以寨神、树神和祖宗神为最大必须认真祭奉。有扎勒特、仰阿那、苦扎扎、昂玛突等独具特色的民族传统节日活动。扎勒特也称为十月年是奕车人辞旧迎新的盛大节日仰阿那也称姑娘街、青年街、歌舞街等是在农历三月农闲期间男女谈情说爱、寨人祈求五谷丰登、六畜兴旺、家庭美满、村寨平安的节日苦扎扎是一年一度的以欢乐为主的盛大节日每年农历五月举行历时天昂玛突则是祭祖神的节日纪念哈尼族奕车人的祖先起源和发展历史。民间音乐舞蹈丰富多彩有栽秧号、小三弦、直箫、草杆、铓锣、大牛皮鼓等乐器。声乐有哈巴传统唱本、阿茨山歌、情歌、罗、厄娄、茨然、多虾霞、咪沙为守灵和送丧时的叙事调、孙咪比哭嫁歌、河迷抽等。舞蹈大体可分祭祀性舞蹈、二人对跳舞和儿童模仿鸭子动作舞类。口头文学资源丰富有叙事长诗《普嘎纳嘎》、《十二月生产调》、《母的米的》、《阿资资斗》、《阿扎夺拉》、《觉玛普德》、《母什米嘎》等。,省级,哈尼族\奕\车人\共\万多\人\全住\在\车\普村\一带\。\车普村\哈尼族\奕\车人\文化\保护区\在\红河哈尼族彝族自治州\红河县\大\羊街\乡车\普村\共户\人\。\人均\耕地面积\亩\人均\纯收入\元\。\海拔\米\倚坡\踞\岭\傍田\梯田\、\樱花\、\棕榈\、\森林\错综\环绕\林中\有\神山\、\神树\村中\有\磨秋场\、\秋千\场\生态\环境优美\。\民居\为\等腰三角\形瓦顶\民居\有土\木结构\或\砖木结构\。\奕\车人\女性\服饰\独特\上衣\无领\圆口\成龟\形内\中外\件套\共层\下\穿\紧\臀\超短裤\半\裸胸\头顶\洁白\三角\帽\再配\上\小\斗笠\。\服饰\上\佩戴\银制\的\陀螺\、\螺蛳\、\叶片\、\银泡\、\银链\、\银镯\等\饰品\。\所用\土布\均\为\自制\除帕崇白\顶\帕\以外\多以\纯\蓝\、\靛青\和\黑色\为主\色调\。\相传\这样\的\服饰\是\为了\纪念\先民\迁徙\的\坎坷\艰辛\过程\。\奕\车人\信仰\万物\有灵\和\多神\崇拜\诸神\中以\寨\神\、\树神\和\祖宗\神为\最大\必须\认真\祭奉\。\有\扎勒特\、\仰\阿那\、\苦\扎扎\、\昂玛突\等\独具特色\的\民族\传统节日\活动\。\扎勒特\也\称为\十月年\是\奕\车人\辞旧迎新\的\盛大\节日\仰\阿那\也\称\姑娘\街\、\青年\街\、\歌舞\街\等\是\在\农历\三月\农闲\期间\男女\谈情说爱\、\寨\人\祈求\五谷丰登\、\六畜兴旺\、\家庭\美满\、\村寨\平安\的\节日\苦\扎扎\是\一年一度\的\以\欢乐\为主\的\盛大\节日\每年\农历\五月\举行\历时\天昂玛\突则\是\祭祖\神\的\节日\纪念\哈尼族\奕\车人\的\祖先\起源\和\发展\历史\。\民间\音乐舞蹈\丰富多彩\有\栽秧\号\、\小\三弦\、\直箫\、\草杆\、\铓锣\、\大\牛皮\鼓等\乐器\。\声乐\有\哈巴\传统\唱本\、\阿茨\山歌\、\情歌\、\罗\、\厄\娄\、\茨然\、\多\虾霞\、\咪\沙为\守灵\和\送丧\时\的\叙事\调\、\孙咪\比\哭嫁歌\、\河迷\抽\等\。\舞蹈\大体\可\分\祭祀\性\舞蹈\、\二人\对\跳舞\和\儿童\模仿\鸭子\动作\舞类\。\口头文学\资源\丰富\有\叙事\长诗\《\普嘎纳\嘎\》\、\《\十二月\生产调\》\、\《\母\的\米\的\》\、\《\阿资\资斗\》\、\《\阿扎\夺拉\》\、\《\觉玛\普德\》\、\《\母什米\嘎\》\等\。,哈尼族
巡检司镇高甸村彝族阿哲传统文化保护区,第一批,传统文化保护区,云南省,红河哈尼族彝族自治州弥勒县巡检司镇高甸行政村共有农户户人口人人均耕地面积亩。人均收入元年。这里居住的都是彝族阿哲支系。现存的传统民居包括土木结构、砖木结构、土掌房结构、石木结构传统民居等种。生产生活仍保持男耕女播的传统劳作形式。传统建房习俗包括择向、选材、建新房、进新房等。彝族阿哲人的传统服饰具有二方连续和四方连续图案的特点。女子服饰从头到脚分为数种主要有三角帽、大上衣、中上衣、小上衣、围腰、女裤、鹰勾高帮绣花鞋。服饰上大都镶有各种小巧玲珑的银饰。男子均为深蓝带紫色的长袖上衣和坎肩褂子纽扣为自己制作的布纽扣裤子为大扭裆裤。传统舞蹈为阿哲跳乐有大跳、小跳之分。小伙子们在节庆日或农闲时约别村的姑娘到场园、公房或野外空旷处弹奏各种乐器边唱边跳自由恋爱现发展为老少皆跳的自娱自乐性舞蹈。其小跳为圈跳男女人数不限神情庄重动作朴雅舒放女舞者垂首若思含羞含情双手按拍节扶而不拍自然分合于腹部男子抱琴而舞悠然自得。由小跳转大跳时即一扫悠缓庄肃之态而群情激越粗犷欢快热烈。爱佐爱莎当地彝族群众心目中的英雄名字的呼喊声也随之高亢嘹亮浑厚深远此时女舞者由分扶手变为甩拍击掌男女全部跳大蹬曳似跑跳步。大跳注重队形的变化和穿插突破了圈跳的单一形式现代色彩较浓。下高甸村民间文学的蕴藏丰厚有《为猴吊丧》、《两棵神药》、《给子和稍反》、《爱佐与爱莎》、《白鸡姑娘》、《黄果姑娘》、《大力士》等多个民间故事。下高甸村还保留有珍贵的彝族文献《白马经书》老毕摩普国安手中存有一套。《白马经书》内容丰富包含历史、地理、宗教、天文、哲学、伦理、医药、文学等多种内容主要用于阿哲丧葬习俗中使阿哲丧葬习俗仍然保持着传统特征。这套书在彝族史学中占有重要地位提供了整个彝族历史不同阶段的史料为彝族历史的断代学提供了文献依据也弥补了彝族古代自然科学史研究的空白。民歌形式多样可分为情歌、山歌、儿歌、酒歌等。旋律与语调密切相关或委婉抒情或高亢嘹亮。主要曲调有阿哲跳乐调、阿勒哩调、讲谜调、阿基基调、放牧调、民俗音乐曲调等。阿勒哩调和讲谜调是情歌阿基基调是创世叙事古歌用于婚丧和叙述日常生活旋律与语气较近几乎是以讲带唱跳乐调是阿哲跳乐舞蹈的主唱曲调音域较宽高亢嘹亮浑厚深远。乐器主要有二胡、三弦、四弦、响篾、竹笛、木叶、唢呐等。下高甸阿哲人剪纸有刺绣剪纸和祭祀剪纸两种。刺绣剪纸有桃花、李花、山茶花、牵牛花、几何图形等多种变形图案有二方连续和对称的特点。剪出来的图案底样用各种彩色棉线刺绣在服装上精美无比。祭祀剪纸为祭祀专用出自男人之手有钱纸、鬼魂图等多种多样图案。民间传统体育活动世代相传有荡秋千、打陀螺、赶小猪、踢毽子鸡毛毽和树叶毽、老鹰抓小鸡等。阿哲人的祭祀活动几乎每月都有。主要有农历正月初一祭祖庙抢新水和农历二月祭龙活动。传统节日颇多最隆重的有春节、农历二月初二祭公龙、初三祭母龙、农历六月二十四日火把节等。此外六月二十四这天被定为阿哲人的爱佐与爱莎歌舞艺术节每年都有上万人前来同乐。,省级,红河哈尼族彝族自治州\弥勒县\巡检\司镇\高甸\行政村\共有\农户\户\人口\人\人均\耕地面积\亩\。\人均收入\元年\。\这里\居住\的\都\是\彝族\阿哲\支系\。\现存\的\传统\民居\包括\土\木结构\、\砖木结构\、\土掌房\结构\、\石\木结构\传统\民居\等种\。\生产\生活\仍\保持\男耕\女播\的\传统\劳作\形式\。\传统\建房\习俗\包括\择向\、\选材\、\建\新房\、\进\新房\等\。\彝族\阿\哲人\的\传统\服饰\具有\二方连续\和\四方连续\图案\的\特点\。\女子\服饰\从头到脚\分为\数种\主要\有\三角\帽\、\大\上衣\、\中\上衣\、\小\上衣\、\围腰\、\女裤\、\鹰\勾\高帮\绣花鞋\。\服饰\上\大都\镶有\各种\小巧玲珑\的\银饰\。\男子\均\为\深蓝\带\紫色\的\长袖\上衣\和\坎肩\褂子\纽扣\为\自己\制作\的\布\纽扣\裤子\为\大\扭裆裤\。\传统\舞蹈\为\阿哲\跳乐\有\大\跳\、\小\跳\之分\。\小伙子\们\在\节庆日\或\农闲\时约\别村\的\姑娘\到场\园\、\公房\或\野外\空旷\处\弹奏\各种\乐器\边唱边\跳\自由恋爱\现\发展\为\老少\皆\跳\的\自娱自乐\性\舞蹈\。\其小跳\为\圈\跳\男女\人数\不\限\神情\庄重\动作\朴雅\舒放女\舞者\垂首\若思\含羞\含情\双手\按\拍节\扶\而\不\拍\自然\分合于\腹部\男子\抱琴\而\舞\悠然自得\。\由\小\跳转\大跳时\即\一扫\悠缓\庄肃\之态\而\群情\激越\粗犷\欢快\热烈\。\爱佐爱莎\当地\彝族\群众\心目\中\的\英雄\名字\的\呼喊声\也\随之\高亢\嘹亮\浑厚\深远\此时\女\舞者\由分\扶手\变为\甩\拍击\掌\男女\全部\跳大\蹬\曳\似\跑\跳步\。\大\跳\注重\队形\的\变化\和\穿插\突破\了\圈\跳\的\单一\形式\现代\色彩\较\浓\。\下\高甸村\民间文学\的\蕴藏\丰厚\有\《\为\猴\吊丧\》\、\《\两棵\神药\》\、\《\给子\和\稍\反\》\、\《\爱佐\与\爱莎\》\、\《\白鸡\姑娘\》\、\《\黄果\姑娘\》\、\《\大力士\》\等\多个\民间故事\。\下\高甸村\还\保留\有\珍贵\的\彝族\文献\《\白马\经书\》\老\毕摩\普\国安\手中\存有\一套\。\《\白马\经书\》\内容丰富\包含\历史\、\地理\、\宗教\、\天文\、\哲学\、\伦理\、\医药\、\文学\等\多种\内容\主要\用于\阿哲\丧葬\习俗\中使\阿哲\丧葬\习俗\仍然\保持\着\传统\特征\。\这\套书\在\彝族\史学\中\占有\重要\地位\提供\了\整个\彝族\历史\不同\阶段\的\史料\为\彝族\历史\的\断代\学\提供\了\文献\依据\也\弥补\了\彝族\古代\自然科学史\研究\的\空白\。\民歌\形式多样\可\分为\情歌\、\山歌\、\儿歌\、\酒歌\等\。\旋律\与\语调\密切相关\或\委婉\抒情\或\高亢\嘹亮\。\主要\曲调\有\阿哲\跳\乐调\、\阿勒\哩调\、\讲\谜\调\、\阿基\基调\、\放牧\调\、\民俗\音乐\曲调\等\。\阿勒\哩\调和\讲\谜\调是\情歌\阿基\基调\是\创世\叙事\古歌\用于\婚丧\和\叙述\日常生活\旋律\与\语气\较近\几乎\是\以\讲\带\唱\跳\乐调\是\阿哲\跳乐\舞蹈\的\主唱\曲调\音域\较\宽\高亢\嘹亮\浑厚\深远\。\乐器\主要\有\二胡\、\三弦\、\四弦\、\响篾\、\竹笛\、\木叶\、\唢呐\等\。\下高甸\阿\哲人\剪纸\有\刺绣\剪纸\和\祭祀\剪纸\两种\。\刺绣\剪纸\有\桃花\、\李花\、\山茶花\、\牵牛花\、\几何图形\等\多种\变形\图案\有\二方连续\和\对称\的\特点\。\剪\出来\的\图案\底样\用\各种\彩色棉\线\刺绣\在\服装\上\精美\无比\。\祭祀\剪纸\为\祭祀\专用\出自\男人\之手\有钱\纸\、\鬼魂\图\等\多种多样\图案\。\民间\传统\体育\活动\世代相传\有\荡秋千\、\打\陀螺\、\赶\小猪\、\踢毽子\鸡毛\毽\和\树叶\毽\、\老鹰\抓\小鸡\等\。\阿\哲人\的\祭祀\活动\几乎\每月\都\有\。\主要\有\农历\正月初一\祭祖\庙\抢\新水\和\农历\二月\祭龙\活动\。\传统节日\颇\多\最\隆重\的\有\春节\、\农历\二月\初二\祭公龙\、\初三\祭母龙\、\农历\六月\二十四日\火把节\等\。\此外\六月\二十四\这天\被\定为\阿\哲人\的\爱佐\与\爱莎\歌舞\艺术节\每年\都\有\上万\人\前来\同乐\。,哈尼族
西一镇红万村彝族阿细传统文化保护区,第一批,传统文化保护区,云南省,红河哈尼族彝族自治州弥勒县西一镇起飞村委会红万村地处弥勒县西一镇南部公里处。红万村民小组由大寨和小寨组成现有居民户。人均耕地面积亩。年人均经济收入元。红万村大、小寨现存民居有土木结构式传统民居、砖木结构式传统民居及砖混结构非传统民居种其中土木结构传统民居具有冬暖夏凉的特点。保留的传统建房习俗包括择地基、选向址、选材料、锯圆木、竖柱、进新房等过程。红万村交通便利历史悠久文化底蕴深厚至今仍保留着祭火、祭密枝、祭龙、祭山、祭雨等传统民俗祭祀活动。祭密枝神阿细语称咪吉来布仙每年农历二月初二都要祭拜密枝神。农历二月初三祭火神阿细语称木邓赛禄整个祭祀流程保留完整用钻木取火、送新火种、跳火等活动祈求五谷丰登六畜兴旺村寨平安。另外还有祭龙、祭摔跤神、山神、雨神、火把神等民俗活动和火把节、祭火节等传统节日春节、清明节、端午节、中秋节等习俗与汉族相同。红万村妇女擅长刺绣花花草草、山水林木、飞禽走兽都是其选取的图案所绣花样主要用于背被、围腰、衣领、包头、挎包、袖口等物件的装饰。该村服饰上仍保留着传统习俗男穿麻布褂着深色裤现在基本上都着汉装女上衣呈长袍形前稍短后略长袖、领及胸前绣有各式图案衣长过膝颜色多以黑、灰、白为主系白底黑条花麻布围腰腰带用红、绿布搭接绣有图案绣花挎包挎在肩上。阿细妇女尤喜佩戴银首饰如手镯、戒指、耳环等。妇女头饰极为精巧秀丽将头发梳成辫子用黄草、红毛线、珠饰、贝壳等把头发绕在头上包上包头包头用青、黑布做成绣有花纹长尺宽寸两边绣有花纹佩戴时用包头绕头发圈折成叠前别一只彩带花独具特色。民间文学在红万村阿细文化中有着重要的地位。红万村现存的民间文学丰富多彩神话故事、歌谣、谚语等主要靠口头流传传播方式多样灵活据不完全统计红万村口头传说的神话传说有《飞马的故事》、《阿彩的故事》、《祭火的来源》、《阿细跳月的传说》、《阿细姑娘的红绿腰带》、《洪水泛滥》、《兄妹成家》等。阿细民歌形式多样内容丰富有《阿细先基》、《西山谣》、《阿细人的歌》、《阿细民歌》、《祭祀歌》等。其中《阿细先基》是阿细诗歌和曲调的总称主要流传在弥勒西山阿细人中是一部记述阿细人起源发展的完整叙事长诗。民间音乐有笛子曲、四弦曲、唢呐调、响篾调、树叶调、大三弦调、小三弦调、三胡调、戏乐调、鼓乐调等。红万村阿细人能歌善舞集体性即兴舞蹈阿细跳月舞姿轻盈舒展动作欢快跳跃。还有霸王鞭、刀叉舞、梭链舞、狮子舞等阿细民间舞蹈。传统体育活动包括摔跤、秋千、磨秋、踢毽树叶毽、陀螺和球类等其中摔跤尤为普及。,省级,红河哈尼族彝族自治州\弥勒县\西一镇\起飞\村委会\红万村\地处\弥勒县\西一镇\南部\公里\处\。\红万\村民\小组\由\大寨\和\小寨\组成\现有\居民\户\。\人均\耕地面积\亩\。\年\人均\经济\收入\元\。\红万村\大\、\小寨\现存\民居\有\土木\结构式\传统\民居\、\砖木结构\式\传统\民居\及\砖混\结构\非传统\民居\种\其中\土\木结构\传统\民居\具有\冬暖夏凉\的\特点\。\保留\的\传统\建房\习俗\包括\择\地基\、\选向址\、\选\材料\、\锯\圆木\、\竖柱\、\进\新房\等\过程\。\红万村\交通\便利\历史悠久\文化底蕴\深厚\至今\仍\保留\着\祭火\、\祭密枝\、\祭龙\、\祭山\、\祭雨\等\传统\民俗\祭祀\活动\。\祭密枝\神\阿\细语\称咪吉来\布仙\每年\农历\二月\初二\都\要\祭拜\密枝神\。\农历\二月\初三\祭\火神\阿\细语\称木\邓赛\禄\整个\祭祀\流程\保留\完整\用\钻木取火\、\送\新\火种\、\跳火\等\活动\祈求\五谷丰登\六畜兴旺\村寨\平安\。\另外\还有\祭龙\、\祭\摔跤\神\、\山神\、\雨神\、\火把\神等\民俗\活动\和\火把节\、\祭火节\等\传统节日\春节\、\清明节\、\端午节\、\中秋节\等\习俗\与\汉族\相同\。\红万村\妇女\擅长\刺绣\花花草草\、\山水\林木\、\飞禽走兽\都\是\其\选取\的\图案\所\绣\花样\主要\用于\背\被\、\围腰\、\衣领\、\包头\、\挎包\、\袖口\等\物件\的\装饰\。\该村\服饰\上\仍\保留\着\传统习俗\男穿\麻布\褂\着\深色\裤\现在\基本上\都\着\汉装\女上衣\呈\长袍\形前\稍短\后略\长袖\、\领及\胸前\绣\有\各式\图案\衣长\过膝\颜色\多以\黑\、\灰\、\白\为主\系\白底\黑条\花\麻布\围腰\腰带\用红\、\绿布\搭接\绣\有\图案\绣花\挎包\挎\在\肩上\。\阿细\妇女\尤喜\佩戴\银首饰\如\手镯\、\戒指\、\耳环\等\。\妇女\头饰\极为\精巧\秀丽\将\头发\梳成\辫子\用\黄草\、\红\毛线\、\珠饰\、\贝壳\等\把\头发\绕\在\头上\包\上\包头\包头\用青\、\黑布\做成\绣\有\花纹\长尺\宽寸\两边\绣\有\花纹\佩戴\时用\包头\绕\头发\圈\折成\叠\前别\一只\彩带\花\独具特色\。\民间文学\在\红万村\阿细\文化\中\有着\重要\的\地位\。\红万村\现存\的\民间文学\丰富多彩\神话故事\、\歌谣\、\谚语\等\主要\靠\口头\流传\传播方式\多样\灵活\据\不\完全\统计\红万村\口头\传说\的\神话传说\有\《\飞马\的\故事\》\、\《\阿彩\的\故事\》\、\《\祭火\的\来源\》\、\《\阿细跳月\的\传说\》\、\《\阿细\姑娘\的\红绿\腰带\》\、\《\洪水泛滥\》\、\《\兄妹\成家\》\等\。\阿细\民歌\形式多样\内容丰富\有\《\阿细先基\》\、\《\西山\谣\》\、\《\阿细人\的\歌\》\、\《\阿细\民歌\》\、\《\祭祀\歌\》\等\。\其中\《\阿细先基\》\是\阿细\诗歌\和\曲调\的\总称\主要\流传\在\弥勒\西山\阿细人\中\是\一部\记述\阿细人\起源\发展\的\完整\叙事\长诗\。\民间\音乐\有\笛子曲\、\四弦曲\、\唢呐调\、\响篾\调\、\树叶\调\、\大三弦\调\、\小\三弦\调\、\三\胡调\、\戏\乐调\、\鼓乐\调等\。\红万村\阿细人\能歌善舞\集体性\即兴\舞蹈\阿细跳月\舞姿\轻盈\舒展\动作\欢快\跳跃\。\还有\霸王鞭\、\刀叉\舞\、\梭链\舞\、\狮子舞\等\阿细\民间舞蹈\。\传统\体育\活动\包括\摔跤\、\秋千\、\磨秋\、\踢毽\树叶\毽\、\陀螺\和\球类\等\其中\摔跤\尤为\普及\。,哈尼族
阿着底彝族撒尼人刺绣之乡,第一批,传统文化保护区,云南省,昆明市石林彝族自治县维则乡干塘子村彝族撒尼语称阿着底全村共有农户户人全部是彝族撒尼人。据传早在明、清时期刺绣就在撒尼妇女中盛行。撒尼妇女一般十一、二岁就从长辈那里学会挑太阳花十三、四岁便会绣八角花和更为复杂一些的图案十五、六岁便能成为刺绣能手。姑娘出嫁前更是潜心刺绣为自己准备最美的嫁衣。在干塘子村和其他撒尼人居住的村寨刺绣成了衡量姑娘是否能干、家庭是否和美的标志。刺绣已和撒尼人的审美、理想以及许多民俗事项紧紧联系在一起。干塘子村的刺绣图案及针法技巧在其他撒尼村寨中罕有可匹敌者挑花、贴花、锁花、穿花、盘花、滚花、补花、刺花、纳花、纤花、平绣、链子扣、镂空等手法和技巧均有创造性发挥。刺绣图案的设计和构思来自于撒尼人的生活如花鸟虫鱼、飞禽走兽、山川地貌风物特产等图案构思独特布局精巧富于变化色彩鲜艳不失为民间美术中的一支奇葩。干塘子村的刺绣在一代代撒尼妇女中靠口传心授和具体的刺绣活动传承。随着近些年改革开放的深入和旅游业的发展干塘子的民间刺绣呈现出规模生产的态势。村民成立了石林阿着底民族刺绣产品开发技术协会发展了会员近多人并由村里的普氏三姐妹创办了民族民间传统刺绣品厂采取协会厂家农户的形式进行规模化生产。世纪年代干塘子村的刺绣品已销往广东、深圳等沿海地区现在已远销港、澳、台地区和泰国、越南、日本、韩国、法国、加拿大、美国等国家。,省级,昆明市\石林彝族自治县\维则\乡\干塘子\村\彝族\撒尼\语称\阿着\底\全村\共有\农户\户人\全部\是\彝族\撒尼\人\。\据传\早\在\明\、\清\时期\刺绣\就\在\撒尼\妇女\中\盛行\。\撒尼\妇女\一般\十一\、\二岁\就\从\长辈\那里\学会\挑\太阳\花\十三\、\四岁\便会\绣\八角\花\和\更为\复杂\一些\的\图案\十五\、\六岁\便\能\成为\刺绣\能手\。\姑娘\出嫁\前\更是\潜心\刺绣\为\自己\准备\最美\的\嫁衣\。\在\干塘子\村\和\其他\撒尼\人\居住\的\村寨\刺绣\成\了\衡量\姑娘\是否\能干\、\家庭\是否\和\美的\标志\。\刺绣\已\和\撒尼\人\的\审美\、\理想\以及\许多\民俗\事项\紧紧\联系\在\一起\。\干塘子\村\的\刺绣\图案\及\针法\技巧\在\其他\撒尼\村寨\中\罕有\可\匹敌\者\挑花\、\贴花\、\锁花\、\穿花\、\盘花\、\滚花\、\补花\、\刺花\、\纳花\、\纤花\、\平绣\、\链子\扣\、\镂空\等\手法\和\技巧\均\有\创造性\发挥\。\刺绣\图案\的\设计\和\构思\来自\于\撒尼\人\的\生活\如\花鸟虫鱼\、\飞禽走兽\、\山川\地貌\风物\特产\等\图案\构思\独特\布局\精巧\富于\变化\色彩鲜艳\不失为\民间美术\中\的\一支\奇葩\。\干塘子\村\的\刺绣\在\一代代\撒尼\妇女\中靠\口传心授\和\具体\的\刺绣\活动\传承\。\随着\近些年\改革开放\的\深入\和\旅游业\的\发展\干塘子\的\民间\刺绣\呈现出\规模\生产\的\态势\。\村民\成立\了\石林\阿着\底\民族\刺绣\产品开发\技术\协会\发展\了\会员\近多人\并\由\村里\的\普氏\三\姐妹\创办\了\民族民间\传统\刺绣品\厂\采取\协会\厂家\农户\的\形式\进行\规模化\生产\。\世纪\年代\干塘子\村\的\刺绣品\已\销往\广东\、\深圳\等\沿海地区\现在\已\远销\港\、\澳\、\台\地区\和\泰国\、\越南\、\日本\、\韩国\、\法国\、\加拿大\、\美国\等\国家\。,彝族
双河彝族秧老鼓舞之乡,第一批,传统文化保护区,云南省,昆明市晋宁县双河彝族乡有户人其中彝族人占总人口的。秧老鼓又称花鼓相传系由外地流传至当地。秧老鼓舞是汉族、彝族自娱性和表演性相兼的民间舞蹈多在民间年节喜庆时跳送葬时也跳以打击乐伴奏。舞蹈时左手扶鼓边或执毛巾右手持槌上下敲鼓双脚吸腿跳步有对花、擦背换位等步伐。整个舞蹈雄壮刚健有振奋进取的情绪。双河乡的秧老鼓有紧鼓和板鼓两种类别紧鼓节奏深沉动作粗犷强调脚的动作双脚交替随套路的不同而变化动作用蹬、踢、跺、绕、跳等动作表现欢乐情绪板鼓刚柔相济用屈伸、蹲跳、大翻身等表现沉稳的情绪。现双河乡搜集到紧鼓跳法多套板鼓跳法多套。双河乡的秧老鼓舞代代相传十分普及。在全乡个自然村中每村多则三四支鼓队少则一二支全乡共有鼓队支共计人。秧老鼓的传播以双河为中心点向四周辐射到整个滇中地区会跳鼓的人越来越多呈现繁荣景象。如田坝村共有户、人能跳各种套路和主持各种仪式的师傅有人文艺骨干人。节庆时村中参加跳鼓的人多达人年龄从岁到岁不等。双河乡秧老鼓队年参加在北京举办的山花杯居庸关中华鼓舞大赛获金奖年参加昆明市第七届农民运动会获传统体育项目比赛第一名年参加由昆明市承办的全国民间鼓舞大赛上获第一名被誉为云南的威风秧老鼓、金牌秧老鼓。,省级,昆明市\晋宁县\双河\彝族\乡有户\人\其中\彝族\人\占\总人口\的\。\秧老鼓\又称\花鼓\相传\系\由\外地\流传\至\当地\。\秧老\鼓舞\是\汉族\、\彝族\自娱性\和\表演性\相\兼\的\民间舞蹈\多\在\民间\年节\喜庆\时\跳\送葬\时\也\跳\以\打击乐\伴奏\。\舞蹈\时\左手\扶鼓边\或\执\毛巾\右手\持槌\上下\敲鼓\双脚\吸腿\跳步\有\对\花\、\擦背\换位\等\步伐\。\整个\舞蹈\雄壮\刚健\有\振奋\进取\的\情绪\。\双河\乡\的\秧老鼓\有\紧鼓\和\板鼓\两种\类别\紧鼓\节奏\深沉\动作\粗犷\强调\脚\的\动作\双脚\交替\随\套路\的\不同\而\变化\动\作用\蹬\、\踢\、\跺\、\绕\、\跳\等\动作\表现\欢乐\情绪\板鼓\刚柔相济\用\屈伸\、\蹲\跳\、\大\翻身\等\表现\沉稳\的\情绪\。\现\双河\乡\搜集\到\紧鼓\跳法\多套\板鼓\跳法\多套\。\双河\乡\的\秧老\鼓舞\代代相传\十分\普及\。\在\全乡\个\自然村\中\每村\多则\三\四支\鼓队\少则\一二\支\全乡\共有\鼓队\支\共计\人\。\秧老鼓\的\传播\以\双河\为\中心点\向\四周\辐射\到\整个\滇\中\地区\会\跳\鼓\的\人\越来越\多\呈现\繁荣景象\。\如田坝\村\共有\户\、\人能\跳\各种\套路\和\主持\各种\仪式\的\师傅\有人\文艺\骨干\人\。\节庆\时村\中\参加\跳鼓\的\人\多达\人\年龄\从\岁\到\岁\不等\。\双河\乡秧\老鼓队\年\参加\在\北京\举办\的\山花\杯\居庸关\中华\鼓舞\大赛\获\金奖\年\参加\昆明市\第七届\农民\运动会\获\传统\体育项目\比赛\第一名\年\参加\由\昆明市\承办\的\全国\民间\鼓舞\大赛\上\获\第一名\被誉为\云南\的\威风\秧老鼓\、\金牌\秧老鼓\。,彝族
牟定县彝族左脚舞之乡,第一批,传统文化保护区,云南省,彝族左脚舞是楚雄彝族自治州牟定县彝族喜爱的自娱自乐性集体舞蹈流传于全县各乡镇。彝族左脚舞历史悠久清康熙四十一年《定远县志》载每年三月二十八日城外南郊东岳庙今南山寺赶市四方远近商贾汉彝买卖衣具货物至四月初三方散。至晚男女百余人吹芦笙、弹彝琴、吹口弦、唱彝曲环围跺左脚至更余方散。左脚舞又称跳脚、跳左脚。左脚调是跳左脚舞的音乐有情歌类、颂歌类、叙事歌类、讽刺类、诙谐幽默类、劝世类、教育类、酒歌等个类别近多个曲目内容涉及彝族文化、生产、生活的方方面面节奏明快通俗易懂表现力丰富。唱腔特点为高八度演唱清脆悦耳高亢热烈。起舞时先起左脚垫三脚踢一脚基本步法有直脚、甩脚、垫脚、跺脚、踏脚、踢脚、赶脚、合脚等特殊动作为串花、翻身等。小伙子们弹起龙头四弦拉起小二胡姑娘们唱起左脚调共同跳左脚舞少则十余人多则成百上千人气势恢宏是彝族生产生活、节庆喜事、婚宴礼仪等场合表达情绪的主要方式。左脚舞集歌、舞、乐为一体欢乐有力热情奔放是彝族人民最喜爱的舞蹈之一。舞蹈随意性较强不限人数不分男女老幼不限时间、地点可在村头、庭院、山间、草坪等进行表演。彝族节日三月会、二月八和一些地区性节日是大规模跳左脚舞的主要活动场合届时整个县城都是铺天盖地的弦子声和左脚调大街小巷挤满了跳左脚舞的人。近年来牟定左脚舞影响力越来越大不仅青年爱跳其他民族爱跳还逐渐成为云南一些城市中老年健身舞蹈之一。目前牟定县有业余左脚舞歌舞队近支骨干人员余人歌舞乐代表性艺人多人彝族村寨都有自己的左脚舞队。彝族左脚舞已成为该县的全民性舞蹈种类。,省级,彝族左脚舞\是\楚雄彝族自治州\牟定县\彝族\喜爱\的\自娱自乐\性\集体\舞蹈\流传\于\全县\各乡镇\。\彝族左脚舞\历史悠久\清康熙\四十一年\《\定远县\志\》\载\每年\三月\二十八日\城外\南郊\东岳庙\今\南山寺\赶市\四方\远近\商贾\汉彝\买卖\衣具\货物\至\四月\初三\方散\。\至晚\男女\百余人\吹\芦笙\、\弹彝琴\、\吹\口弦\、\唱彝曲\环围\跺\左脚\至\更\余方\散\。\左脚\舞\又称\跳脚\、\跳\左脚\。\左脚\调是\跳\左脚\舞\的\音乐\有\情歌\类\、\颂歌\类\、\叙事\歌类\、\讽刺\类\、\诙谐\幽默\类\、\劝世类\、\教育\类\、\酒歌\等\个\类别\近\多个\曲目\内容\涉及\彝族\文化\、\生产\、\生活\的\方方面面\节奏\明快\通俗易懂\表现力\丰富\。\唱腔\特点\为\高\八度\演唱\清脆悦耳\高亢\热烈\。\起舞\时先起\左脚\垫\三脚\踢\一脚\基本\步法\有\直脚\、\甩脚\、\垫脚\、\跺脚\、\踏脚\、\踢脚\、\赶脚\、\合脚\等\特殊\动作\为\串花\、\翻身\等\。\小伙子\们\弹起\龙头\四弦拉起\小\二胡\姑娘\们\唱起\左脚\调\共同\跳\左脚\舞少\则\十余\人\多则\成百上千\人\气势恢宏\是\彝族\生产\生活\、\节庆\喜事\、\婚宴\礼仪\等\场合\表达\情绪\的\主要\方式\。\左脚\舞集歌\、\舞\、\乐为\一体\欢乐\有力\热情奔放\是\彝族\人民\最\喜爱\的\舞蹈\之一\。\舞蹈\随意性\较强\不限\人数\不\分\男女老幼\不\限\时间\、\地点\可\在\村头\、\庭院\、\山间\、\草坪\等\进行\表演\。\彝族\节日\三月\会\、\二月\八\和\一些\地区性\节日\是\大规模\跳\左脚\舞\的\主要\活动\场合\届时\整个\县城\都\是\铺天盖地\的\弦子\声\和\左脚\调\大街小巷\挤满\了\跳\左脚\舞\的\人\。\近年来\牟定\左脚\舞\影响力\越来越\大\不仅\青年\爱\跳\其他\民族\爱\跳\还\逐渐\成为\云南\一些\城市\中老年\健身\舞蹈\之一\。\目前\牟定县\有\业余\左脚\舞\歌舞\队\近支\骨干\人员\余人\歌舞\乐\代表性\艺人\多人\彝族\村寨\都\有\自己\的\左脚\舞队\。\彝族左脚舞\已\成为\该县\的\全民性\舞蹈\种类\。,彝族
双柏县彝族老虎笙舞之乡,第一批,传统文化保护区,云南省,楚雄彝族自治州双柏县彝族占总人口的。流传于双柏县法脿镇、大庄镇、雨龙乡等彝族地区的老虎笙是一种祭祀性的仿生舞蹈被称为中国彝族虎文化的活化石。彝族以虎为其祖先自称倮倮倮即虎。法脿镇小麦地冲村有民间故事讲述仙人变成两只石虎守卫村庄使彝族人安居乐业风调雨顺六畜平安。人们为感谢这两只石虎和祭祀祖先就按照虎的习性和爱好模仿老虎的动作跳老虎舞。经过不断继承发展逐步形成了一套以跳虎为形式的祭祀活动。老虎笙舞古朴传统民族风格和特点显著在祭祀中又有非常强的自娱性以法脿镇小麦地冲村跳的老虎笙最为有名。每年农历正月初八至十五的天是虎节主要内容有接虎、跳虎、祭虎、送虎等。跳虎的人用黑色的毡子捆扎成虎皮的样子在身体裸露的部位用颜料画上虎的花纹整个人要装扮成虎的模样。在锣、鼓的伴奏下以道人为中心围圈起舞圈外还有许多人围绕跳老虎舞。跳老虎舞一般由人组成分别装扮成只虎、只猫、个山神、个道人、个击鼓者和个敲锣者。舞者成一行纵队逆时针方向行进。正月十五这天跳老虎的人要到摆好香火冥纸的人家去跳意为消灾免难。老虎笙的舞蹈动作十分丰富有模仿老虎动作习性的如老虎亲嘴、老虎搭桥、老虎擦屁股等也有送肥、犁田、耙地、撒秧、栽种、拔秧、收割等模拟农事活动的动作。具有浓烈的生活气息场面气势宏大节奏明快震撼力强群众参与面广。老虎笙有鲜明的民族地方特色多为村民自学传承。经多年的加工整理在保持原有特色的基础上已成为彝族文化的品牌之一在国内外有较大影响。小麦地冲村民应邀出访过日本、法国也到过国内的上海、江西、山东、河南等地进行表演。,省级,楚雄彝族自治州\双柏县\彝族\占\总人口\的\。\流传\于\双柏县\法\脿\镇\、\大庄镇\、\雨龙乡\等\彝族\地区\的\老虎\笙\是\一种\祭祀\性\的\仿生\舞蹈\被\称为\中国\彝族\虎\文化\的\活化石\。\彝族\以虎\为\其\祖先\自称\倮倮\倮\即\虎\。\法\脿\镇\小麦\地冲村\有\民间故事\讲述\仙人\变成\两只\石虎\守卫\村庄\使\彝族\人\安居乐业\风调雨顺\六畜\平安\。\人们\为\感谢\这\两只\石虎\和\祭祀\祖先\就\按照\虎\的\习性\和\爱好\模仿\老虎\的\动作\跳\老虎\舞\。\经过\不断\继承\发展\逐步形成\了\一套\以\跳\虎\为\形式\的\祭祀\活动\。\老虎\笙舞\古朴\传统\民族风格\和\特点\显著\在\祭祀\中\又\有\非常\强\的\自娱性\以法\脿\镇\小麦\地冲村\跳\的\老虎\笙\最为\有名\。\每年\农历\正月\初八\至\十五\的\天\是\虎节\主要\内容\有\接虎\、\跳虎\、\祭虎\、\送虎\等\。\跳虎\的\人用\黑色\的\毡子\捆扎\成\虎皮\的\样子\在\身体\裸露\的\部位\用\颜料\画上\虎\的\花纹\整个\人要\装扮成\虎\的\模样\。\在\锣\、\鼓\的\伴奏\下以\道人\为\中心\围圈\起舞\圈外\还有\许多\人\围绕\跳\老虎\舞\。\跳\老虎\舞\一般\由人\组成\分别\装扮成\只虎\、\只\猫\、\个\山神\、\个\道人\、\个\击鼓\者\和\个\敲锣\者\。\舞者\成\一行\纵队\逆时针\方向\行进\。\正月十五\这天\跳\老虎\的\人\要\到\摆好\香火\冥纸\的\人家\去\跳\意为\消灾\免难\。\老虎\笙\的\舞蹈动作\十分\丰富\有\模仿\老虎\动作\习性\的\如\老虎\亲嘴\、\老虎\搭桥\、\老虎\擦屁股\等\也\有\送\肥\、\犁田\、\耙地\、\撒秧\、\栽种\、\拔秧\、\收割\等\模拟\农事\活动\的\动作\。\具有\浓烈\的\生活气息\场面\气势\宏大\节奏\明快\震撼力\强\群众\参与\面广\。\老虎\笙\有\鲜明\的\民族\地方\特色\多为\村民\自学\传承\。\经\多年\的\加工\整理\在\保持\原有\特色\的\基础\上\已\成为\彝族\文化\的\品牌\之一\在\国内外\有\较大\影响\。\小麦\地冲\村民\应邀\出访\过\日本\、\法国\也\到\过\国内\的\上海\、\江西\、\山东\、\河南\等\地\进行\表演\。,彝族
大东纳西族热美蹉之乡,第一批,传统文化保护区,云南省,大东乡位于丽江市区东北部金沙江河谷地区乡政府所在地大东村委会海拔米离市区公里。辖建新、大东、白水个村民委员会共计个村民小组。有户人境内以纳西族为主体还分布有汉、彝、藏等民族。大东乡自古就是丽江境内重要的人类活动区域有众多的新石器出土东巴经书中记载的几个重要古战场也在现今的大东乡。作为传统的纳西族农业地区大东乡同时也是纳西族民间传统歌舞艺术保护和普及状况最好的地区。无论从歌舞的种类还是能表演的人数而言大东乡都是丽江市古城区中最突出的地区绝大多数纳西族民间歌舞形式都能在大东乡找到。民歌有谷期、时本、劳喂、纳西小调、儿歌等歌舞有热美蹉、喂麦达、啊哩哩等有丽江古乐和口弦、芦笙、笛子等为伴奏的器乐。纳西族多声部歌舞热美蹉在大东乡保存得最为完好。热美蹉一词系纳西语的汉字记音是纳西族的集体歌舞参加者少则十余人多达几百人男女老少手拉手围着火堆按顺时针方向边唱边跳。唱跳时由一位出口成章的男子领诵男众唱诵词后三字并以两次窝热热结尾女声则在男声部唱第二句词中间模仿羊的叫声作为穿插仿佛少女们齐声呼唤羊群与羊群应答的共鸣。在重要的丧葬场合中会有上百人的大型热美蹉场景。热美蹉保留着纳西族传统的民间艺术特征其独特的歌舞形式对纳西族的民歌和音乐产生了明显影响。热美蹉在大东乡有广泛的群众基础具有纳西族民间歌舞才能的人数众多还有一批以和振强、张富国等为代表的纳西族民间歌舞带头人他们发起建立了大东热美蹉艺术团、暑考村古乐队等民间艺术团队定期组织民间歌舞表演在乡里创造出一个良好的氛围对培养更多的年轻民间歌舞艺人作出了重要贡献。《丽江市古城区文化发展十一五规划》对纳西族民间歌舞艺术在大东乡的重点集中保护和发展作出规划在相关法律法规和政策指导下通过各种渠道筹集资金引导相关民间组织培育年轻民间艺人促进热美蹉的传承与发展。,省级,大\东乡\位于\丽江\市区\东北部\金沙江\河谷\地区\乡政府\所在地\大东\村委会\海拔\米\离\市区\公里\。\辖\建新\、\大东\、\白水\个\村民委员会\共计\个\村民\小组\。\有户\人\境内\以\纳西族\为\主体\还\分布\有汉\、\彝\、\藏\等\民族\。\大\东乡\自古\就是\丽江\境内\重要\的\人类\活动\区域\有\众多\的\新石器\出土\东巴经\书中\记载\的\几个\重要\古战场\也\在\现今\的\大\东乡\。\作为\传统\的\纳西族\农业\地区\大\东乡\同时\也\是\纳西族\民间\传统\歌舞\艺术\保护\和\普及\状况\最好\的\地区\。\无论\从\歌舞\的\种类\还是\能\表演\的\人数\而言\大\东乡\都\是\丽江市\古城区\中\最\突出\的\地区\绝大多数\纳西族\民间\歌舞\形式\都\能\在\大\东乡\找到\。\民歌\有谷期\、\时本\、\劳喂\、\纳西\小调\、\儿歌\等\歌舞\有\热美\蹉\、\喂\麦达\、\啊\哩\哩\等\有\丽江\古乐\和\口弦\、\芦笙\、\笛子\等\为\伴奏\的\器乐\。\纳西族\多\声部\歌舞\热美\蹉\在\大\东乡\保存\得\最为\完好\。\热美\蹉一\词系\纳西语\的\汉字\记音\是\纳西族\的\集体\歌舞\参加者\少则\十余\人\多达\几百人\男女老少\手拉手\围着\火堆\按\顺时针\方向\边唱边\跳\。\唱\跳\时\由\一位\出口成章\的\男子\领诵\男众\唱诵\词后\三字\并\以\两次\窝\热热\结尾\女声\则\在\男\声部\唱\第二句\词\中间\模仿\羊\的\叫声\作为\穿插\仿佛\少女\们\齐声\呼唤\羊群\与\羊群\应答\的\共鸣\。\在\重要\的\丧葬\场合\中会\有\上百人\的\大型\热美\蹉\场景\。\热美\蹉\保留\着\纳西族\传统\的\民间艺术\特征\其\独特\的\歌舞\形式\对\纳西族\的\民歌\和\音乐\产生\了\明显\影响\。\热美\蹉\在\大\东乡\有\广泛\的\群众\基础\具有\纳西族\民间\歌舞\才能\的\人数\众多\还有\一批\以和振强\、\张\富国\等\为\代表\的\纳西族\民间\歌舞\带头人\他们\发起\建立\了\大东\热美\蹉\艺术团\、\暑考\村古\乐队\等\民间艺术\团队\定期\组织\民间\歌舞\表演\在\乡里\创造\出\一个\良好\的\氛围\对\培养\更\多\的\年轻\民间\歌舞\艺人\作出\了\重要\贡献\。\《\丽江市\古城区\文化\发展\十一五\规划\》\对\纳西族\民间\歌舞\艺术\在\大\东乡\的\重点\集中\保护\和\发展\作出\规划\在\相关\法律法规\和\政策\指导\下\通过\各种渠道\筹集资金\引导\相关\民间组织\培育\年轻\民间艺人\促进\热美\蹉\的\传承\与\发展\。,纳西族
梁河县葫芦丝之乡,第一批,传统文化保护区,云南省,德宏傣族景颇族自治州梁河县共有户万人居住着汉、傣、阿昌、景颇、德昂、傈僳等民族。葫芦丝傣语称毕朗道直译为葫芦箫属吹管舌簧乐器历史悠久在梁河县傣族、德昂族、阿昌族中都有传承在芒东、勐养的傣族聚居地区流传较广。芒东镇的章毕村在傣语中意为擅长制作和吹奏葫芦丝的村子。民间有很多关于葫芦丝来历的传说故事如德昂族的《昆撒乐和欧比木》、傣族的《桑亮与少玉》等表明该乐器出现年代较早。葫芦丝由气斗葫芦、根箫管紫竹或黄竹和簧片组成。把带簧片的竹管排插入葫芦底端主管中间的管开个按音孔前六后一短副管和长副管不开音孔。制作非常讲究技术与经验工艺复杂精细至今保持着传统制作方法包括加工葫芦、选竹、打竹、选葫芦、制作和安装簧片、校音、在葫芦上装饰图案等工序。葫芦丝以简单、古朴的外形构造圆润、缠绵、柔美的独特音色及其浓郁的民族艺术风格备受青睐有较高的审美性和实用价值。梁河葫芦丝传统上就具有男女恋爱传情和审美娱乐等功能如今已成为当地大众化的日常演奏乐器产生了一大批优秀的曲目如《竹林深处》、《节日德昂山》、《勐养江畔》、《竹楼情歌》等。演奏葫芦丝古调需要较高技巧如描述葫芦丝起源的古调《幸荜班陶》需要具备特殊的循环换气技巧一气呵成一般演奏者很难掌握。葫芦丝的制作与吹奏在梁河县前后经历了自然传承、衰落、改良升华个阶段现已成为最具地方特色的民族民间传统乐器葫芦丝的制作与演奏活动已初具产业规模融原材料生产、产品加工、技艺培训、活动展演为一体。近年来葫芦丝演奏在梁河得到推广和普及演奏人群遍布全县各汉族、阿昌族、德昂族乡镇演奏者从四五岁到七八十岁不等。有南甸丝竹乐队、老沙坝葫芦丝表演队等支演奏队伍全县有掌握吹奏技艺的人员达多人并有一大批具有较高演奏水平的骨干。,省级,德宏傣族景颇族自治州\梁河县\共有\户万人\居住\着\汉\、\傣\、\阿昌\、\景颇\、\德昂\、\傈僳\等\民族\。\葫芦丝\傣语\称\毕朗道\直译\为\葫芦\箫\属\吹管\舌\簧乐器\历史悠久\在\梁河县\傣族\、\德昂族\、\阿昌族\中\都\有\传承\在\芒\东\、\勐养\的\傣族\聚居\地区\流传\较广\。\芒\东镇\的\章\毕村\在\傣语\中意\为\擅长\制作\和\吹奏\葫芦丝\的\村子\。\民间\有\很多\关于\葫芦丝\来历\的\传说\故事\如\德昂族\的\《\昆撒乐\和\欧比木\》\、\傣族\的\《\桑亮\与\少玉\》\等\表明\该\乐器\出现\年代\较\早\。\葫芦丝\由气斗\葫芦\、\根\箫管\紫竹\或\黄竹\和\簧片\组成\。\把\带\簧片\的\竹管\排\插入\葫芦\底端\主管\中间\的\管开个\按\音孔\前六后\一短\副\管和长\副\管不开\音孔\。\制作\非常\讲究\技术\与\经验\工艺\复杂\精细\至今\保持\着\传统\制作方法\包括\加工\葫芦\、\选竹\、\打竹\、\选\葫芦\、\制作\和\安装\簧片\、\校音\、\在\葫芦\上\装饰\图案\等\工序\。\葫芦丝\以\简单\、\古朴\的\外形\构造\圆润\、\缠绵\、\柔美\的\独特\音色\及其\浓郁\的\民族\艺术风格\备受\青睐\有\较\高\的\审美\性\和\实用价值\。\梁河\葫芦丝\传统\上\就\具有\男女\恋爱\传情\和\审美\娱乐\等\功能\如今\已\成为\当地\大众化\的\日常\演奏\乐器\产生\了\一大批\优秀\的\曲目\如\《\竹林\深处\》\、\《\节日\德昂\山\》\、\《\勐养\江畔\》\、\《\竹楼\情歌\》\等\。\演奏\葫芦丝\古调\需要\较\高\技巧\如\描述\葫芦丝\起源\的\古调\《\幸荜班陶\》\需要\具备\特殊\的\循环\换气\技巧\一气呵成\一般\演奏者\很难\掌握\。\葫芦丝\的\制作\与\吹奏\在\梁河县\前后\经历\了\自然\传承\、\衰落\、\改良\升华\个\阶段\现已\成为\最具\地方\特色\的\民族民间\传统\乐器\葫芦丝\的\制作\与\演奏\活动\已\初具\产业\规模\融\原材料\生产\、\产品\加工\、\技艺\培训\、\活动\展演\为\一体\。\近年来\葫芦丝\演奏\在\梁河\得到\推广\和\普及\演奏\人群\遍布\全县\各\汉族\、\阿昌族\、\德昂族\乡镇\演奏者\从\四五岁\到\七八十岁\不等\。\有南甸\丝竹\乐队\、\老\沙坝\葫芦丝\表演队\等\支\演奏\队伍\全县\有\掌握\吹奏\技艺\的\人员\达多人\并\有\一大批\具有\较\高\演奏\水平\的\骨干\。,傣族
瑞丽市孔雀舞之乡,第一批,传统文化保护区,云南省,孔雀舞是傣族民间舞中最负盛名的传统表演性舞蹈流传于德宏州的瑞丽、潞西及西双版纳、孟定、景谷、沧源等傣族聚居区其中以瑞丽市的孔雀舞最有代表性。在傣族人民心中孔雀是吉祥的象征和幸福的圣鸟。傣族把跳孔雀舞称为嘎洛勇是傣族最喜欢的民间舞蹈。对傣族来说没有歌舞就像吃饭没有盐巴一样歌舞是生活中不可缺少的重要成分。凡在节日期间傣族人民都会聚集在一起敲响大铓锣敲起象脚鼓跳起孔雀舞呈现出喜庆团结的景象。瑞丽傣族孔雀舞主要为单人舞也有双人孔雀舞。舞者以男性居多舞蹈风格轻盈灵秀动作特点鲜明情感表达细腻舞姿优美多平和之气。架子孔雀舞的动作丰富能做跳跃、翻、跪和下腰、虎跳等动作技巧。在瑞丽涌现出以毛相为代表的一批著名孔雀舞舞蹈家他们获得过许多的国际、国家级大奖。在瑞丽孔雀舞有厚实的群众基础每个村寨都有支演出队拥有自己的孔雀舞代表艺人。孔雀舞是傣族人民的智慧结晶是有较高审美功能的民间舞蹈。它不只在重要民族节庆中单独表演也常融合在集体舞嘎光中大众同舞它具有维系民族团结的意义其代表性使它成为傣族最有文化认同感的舞蹈。,省级,孔雀舞\是\傣族\民间舞\中\最负\盛名\的\传统\表演性\舞蹈\流传\于\德宏州\的\瑞丽\、\潞西\及\西双版纳\、\孟定\、\景谷\、\沧源\等\傣族\聚居区\其中\以\瑞丽市\的\孔雀舞\最有\代表性\。\在\傣族\人民\心中\孔雀\是\吉祥\的\象征\和\幸福\的\圣鸟\。\傣族\把\跳\孔雀舞\称为\嘎洛勇\是\傣族\最\喜欢\的\民间舞蹈\。\对\傣族\来说\没有\歌舞\就\像\吃饭\没有\盐巴\一样\歌舞\是\生活\中\不可\缺少\的\重要\成分\。\凡\在\节日期间\傣族\人民\都\会\聚集\在\一起\敲响\大\铓锣\敲起\象脚鼓\跳\起\孔雀舞\呈现出\喜庆\团结\的\景象\。\瑞丽\傣族孔雀舞\主要\为\单人舞\也\有\双人\孔雀舞\。\舞者\以\男性\居多\舞蹈风格\轻盈\灵秀\动作\特点\鲜明\情感\表达\细腻\舞姿\优美\多\平和\之气\。\架子\孔雀舞\的\动作\丰富\能\做\跳跃\、\翻\、\跪\和\下腰\、\虎\跳\等\动作\技巧\。\在\瑞丽\涌现出\以毛\相为\代表\的\一批\著名\孔雀舞\舞蹈家\他们\获得\过\许多\的\国际\、\国家级\大奖\。\在\瑞丽\孔雀舞\有\厚实\的\群众\基础\每个\村寨\都\有\支\演出队\拥有\自己\的\孔雀舞\代表\艺人\。\孔雀舞\是\傣族\人民\的\智慧结晶\是\有\较\高\审美\功能\的\民间舞蹈\。\它\不\只\在\重要\民族\节庆\中\单独\表演\也\常\融合\在\集体舞\嘎光\中\大众\同舞\它\具有\维系\民族团结\的\意义\其\代表性\使\它\成为\傣族\最有\文化\认同感\的\舞蹈\。,傣族
陇川县目瑙纵歌之乡,第一批,传统文化保护区,云南省,景颇族目瑙纵歌意为欢聚歌舞流传于德宏傣族景颇族自治州的景颇族聚居区是景颇族最为隆重的歌舞形式和传统民族节日。目瑙纵歌起源于宗教活动。举办目瑙纵歌的最主要内容就是跳目瑙纵歌舞。舞场中心有立起的根木柱称为目瑙示栋用来祭祀太阳神和指示舞蹈线路。目瑙纵歌有苏目瑙招财庆丰收、巴当目瑙庆祝胜利、定栓目瑙庆贺新居落成、结如目瑙出征誓师等余种内容十分丰富表现了景颇族战争、生产、生活、迁徙和历史、文化、宗教信仰等内容及程序。举行目瑙纵歌时常有上万人参加气氛隆重热烈极富民族感召力和民族凝聚力。目瑙纵歌因其规模大、历史悠久、民族文化韵味浓厚年经德宏州人大常委会讨论通过被法定为德宏州的民族节日节期为每年农历正月十五至十八。陇川县是景颇族人口最多、目瑙纵歌传承最为完整规范、最具代表性的地区。目瑙纵歌集音乐舞蹈、绘画雕刻、服饰、建筑工艺、宗教礼俗等民风民俗活动为一体是景颇族文化艺术、风俗礼仪、精神风貌的集中展示对研究景颇族历史文化有着十分重要的意义。,省级,景颇族目瑙纵歌\意\为\欢聚\歌舞\流传\于\德宏傣族景颇族自治州\的\景颇族\聚居区\是\景颇族\最为\隆重\的\歌舞\形式\和\传统\民族节日\。\目瑙\纵歌\起源于\宗教活动\。\举办\目瑙\纵歌\的\最\主要\内容\就是\跳目\瑙\纵\歌舞\。\舞场\中心\有立\起\的\根\木柱\称为\目瑙示\栋\用来\祭祀\太阳神\和\指示\舞蹈\线路\。\目瑙\纵歌\有\苏目\瑙\招财\庆\丰收\、\巴当目\瑙\庆祝\胜利\、\定栓目\瑙\庆贺\新居落成\、\结如目\瑙\出征\誓师\等\余种\内容\十分\丰富\表现\了\景颇族\战争\、\生产\、\生活\、\迁徙\和\历史\、\文化\、\宗教信仰\等\内容\及\程序\。\举行\目瑙\纵歌\时常\有\上万\人\参加\气氛\隆重\热烈\极富\民族\感召力\和\民族凝聚力\。\目瑙\纵歌\因\其\规模\大\、\历史悠久\、\民族文化\韵味\浓厚\年经\德宏州\人大常委会\讨论\通过\被\法定\为\德宏州\的\民族节日\节期\为\每年\农历\正月十五\至\十八\。\陇川县\是\景颇族\人口\最\多\、\目瑙\纵歌\传承\最为\完整\规范\、\最具\代表性\的\地区\。\目瑙\纵歌\集\音乐舞蹈\、\绘画\雕刻\、\服饰\、\建筑\工艺\、\宗教\礼俗\等\民风\民俗\活动\为\一体\是\景颇族\文化\艺术\、\风俗\礼仪\、\精神风貌\的\集中\展示\对\研究\景颇族\历史\文化\有着\十分\重要\的\意义\。,景颇族
香格里拉县锅庄舞之乡,第一批,传统文化保护区,云南省,锅庄是藏族自娱性无伴奏的一种集体舞蹈。迪庆藏族自治州香格里拉县的藏区把锅庄称为果卓意为圆圈舞、欢乐舞。每逢重大节日、婚嫁喜庆、重要聚会、迎宾送客、丰收季节藏民都会欢乐起舞通宵达旦常有千人锅庄、万人锅庄的盛大场面出现。香格里拉锅庄有新、旧锅庄之分。旧锅庄擦尼多反映原始宗教内容带有浓厚的祭祀性质只能跳专门的动作和唱专用的歌词多为宗教界人士和老年人喜爱。新锅庄擦司是随着时代发展不断吸纳新内容、新形式的歌舞舞姿和歌词都比较灵活具有浓郁的时代气息。香格里拉锅庄舞的舞步分为大类即走舞、转舞、模拟动物舞。走舞动作简单可吸收大量人员一起跳转舞舞姿多样种类繁多常跳的有两步半舞、六步舞、八步舞、六步加拍、八步加拍等模拟动物舞则模拟猴子、兔子、孔雀等的形态和动作男女对歌对舞先跳慢板随后舞步逐渐加快在热烈的快板中结束。锅庄舞的曲调多达上百种歌词多达上千首歌词均有一套严谨巧妙的比喻规律。锅庄舞的服饰是藏民的节日盛装不同地域的服饰各有特点。香格里拉县的锅庄舞为当地藏民全民传承具有十分广泛的群众基础广大藏民聚居的乡村都有专门的锅庄舞队每个地区都有跳锅庄舞的著名艺人如建塘镇的杨庆科、马仲春小中甸的给玛五境乡的阿几等。香格里拉县的锅庄舞先后在中央电视台和云南省电视台作过专题介绍。,省级,锅庄\是\藏族\自娱性\无\伴奏\的\一种\集体\舞蹈\。\迪庆藏族自治州\香格里拉县\的\藏区\把\锅庄\称为\果卓意\为\圆圈\舞\、\欢乐\舞\。\每逢\重大\节日\、\婚嫁\喜庆\、\重要\聚会\、\迎宾\送客\、\丰收\季节\藏民\都\会\欢乐\起舞\通宵达旦\常有\千人\锅庄\、\万人\锅庄\的\盛大\场面\出现\。\香格里拉\锅庄\有\新\、\旧\锅庄\之分\。\旧\锅庄\擦尼多\反映\原始宗教\内容\带有\浓厚\的\祭祀\性质\只能\跳\专门\的\动作\和\唱\专用\的\歌词\多为\宗教界\人士\和\老年人\喜爱\。\新\锅庄\擦司\是\随着\时代\发展\不断\吸纳\新\内容\、\新\形式\的\歌舞\舞姿\和\歌词\都\比较\灵活\具有\浓郁\的\时代气息\。\香格里拉\锅庄\舞\的\舞步\分为\大类\即\走\舞\、\转舞\、\模拟\动物\舞\。\走舞\动作\简单\可\吸收\大量\人员\一起\跳转\舞\舞姿\多样\种类\繁多\常跳\的\有\两步\半舞\、\六步\舞\、\八步\舞\、\六步\加拍\、\八步\加拍\等\模拟\动物\舞则\模拟\猴子\、\兔子\、\孔雀\等\的\形态\和\动作\男女\对歌\对舞\先\跳\慢板\随后\舞步\逐渐\加快\在\热烈\的\快板\中\结束\。\锅庄\舞\的\曲调\多达\上\百种\歌词\多达\上\千首\歌词\均\有\一套\严谨\巧妙\的\比喻\规律\。\锅庄\舞\的\服饰\是\藏民\的\节日\盛装\不同\地域\的\服饰\各有特点\。\香格里拉县\的\锅庄\舞为\当地\藏民\全民\传承\具有\十分\广泛\的\群众\基础\广大\藏民\聚居\的\乡村\都\有\专门\的\锅庄\舞队\每个\地区\都\有\跳\锅庄\舞\的\著名\艺人\如建塘\镇\的\杨庆科\、\马\仲春\小\中甸\的\给\玛五境\乡\的\阿几等\。\香格里拉县\的\锅庄\舞\先后\在\中央电视台\和\云南省\电视台\作\过\专题\介绍\。,藏族
叶枝镇傈僳族阿尺木刮歌舞之乡,第一批,传统文化保护区,云南省,迪庆藏族自治州维西傈僳族自治县叶枝镇是傈僳族聚居地全镇户人傈僳族占总人口的。阿尺木刮是叶枝镇盛行的群众性傈僳族民间歌舞。阿尺木刮意为山羊的歌舞。从前傈僳族先民长期过着游牧、采集、刀耕火种的日子在生产生活中与山羊结下深厚感情由模仿山羊叫、模仿山羊跳而产生了歌舞阿尺木刮。阿尺木刮无乐器伴奏曲调可缓可急音符的跳动较为频繁且跳动幅度大唱时多颤音以模拟山羊叫声为基调。唱词多是天文地理、栽种收割、悲欢离合的内容舞者自始至终随歌声的节奏而踏步。舞者一般在人以上多时可达上百人。现今流传的跳法有种包括舞圆环、进退舞步、三步跺脚、跳山羊、对脚板、龙盘旋、舞旋风、磨盘旋转、迎宾客、寻求爱侣等。队形变化有大圆圈、半圆弧、直纵队、穿插式等。脚步主要是跳摆和搓蹂。歌舞时的服饰为自己缝制刺绣的生活装。傈僳族歌舞阿尺木刮在叶枝有广泛的群众基础全镇共有支阿尺木刮歌舞表演队人数达多人平均年龄岁左右年纪最大的已岁最小的岁。在同乐村的户人中有多人都参加跳阿尺木刮有很多家是全家人都跳。过去村里的表演队只在春节、火把节、婚嫁、祭祀时跳现在只要有喜庆的事就跳还把阿尺木刮用作迎宾接客的礼仪歌舞。,省级,迪庆藏族自治州\维西傈僳族自治县\叶枝\镇\是\傈僳族\聚居地\全镇\户人\傈僳族\占\总人口\的\。\阿尺\木\刮\是\叶枝\镇\盛行\的\群众性\傈僳族\民间\歌舞\。\阿尺\木刮意\为\山羊\的\歌舞\。\从前\傈僳族\先民\长期\过\着\游牧\、\采集\、\刀耕火种\的\日子\在\生产\生活\中\与\山羊\结下\深厚感情\由\模仿\山羊\叫\、\模仿\山羊\跳\而\产生\了\歌舞\阿尺\木\刮\。\阿尺\木\刮\无\乐器\伴奏\曲调\可缓\可急\音符\的\跳动\较为\频繁\且\跳动\幅度\大唱时\多\颤音\以\模拟\山羊\叫声\为\基调\。\唱词\多\是\天文地理\、\栽种\收割\、\悲欢离合\的\内容\舞者\自始至终\随\歌声\的\节奏\而\踏步\。\舞者\一般\在\人\以上\多时\可达\上百人\。\现今\流传\的\跳法\有种\包括\舞\圆环\、\进退\舞步\、\三步\跺脚\、\跳\山羊\、\对\脚板\、\龙\盘旋\、\舞\旋风\、\磨盘\旋转\、\迎\宾客\、\寻求\爱侣\等\。\队形\变化\有大\圆圈\、\半\圆弧\、\直\纵队\、\穿插\式\等\。\脚步\主要\是\跳\摆\和\搓\蹂\。\歌舞\时\的\服饰\为\自己\缝制\刺绣\的\生活\装\。\傈僳族\歌舞\阿尺\木\刮\在\叶枝\有\广泛\的\群众\基础\全镇\共有\支阿尺\木\刮\歌舞\表演队\人数\达多人\平均年龄\岁\左右\年纪\最大\的\已\岁\最小\的\岁\。\在\同乐\村\的\户\人\中\有\多\人\都\参加\跳\阿尺\木\刮\有\很多\家\是\全家人\都\跳\。\过去\村里\的\表演队\只\在\春节\、\火把节\、\婚嫁\、\祭祀\时\跳\现在\只要\有\喜庆\的\事\就\跳\还\把\阿尺\木\刮\用作\迎宾\接客\的\礼仪\歌舞\。,藏族
富宁县壮剧之乡,第一批,传统文化保护区,云南省,文山壮族苗族自治州富宁县位于云南东南部南与越南接壤。人口万壮族占。富宁壮剧源远流长是全国仅有的两个壮剧剧种繁衍地之一最早出现于富宁剥隘的者宁地区源于壮族民歌。壮剧最初的形式是单分念歌后逐渐演变为板凳戏几名歌手坐唱后来演变为多幕戏。富宁壮剧有哎咿呀、哎依哝、乖嗨列、依嗬海四大声腔亦称四大流派。伴奏乐器有马骨胡、板胡、葫芦胡、无膜竹笛等。剧本用汉字记录壮语多为五言体叙事诗。剧目内容取材于本民族的历史传说故事、汉族的演义小说、汉族唱本弹词和当地的民间故事。新中国成立以来在云南的壮剧发展中富宁壮剧起着举足轻重的重要作用。年富宁县建立了第一个戏班。年富宁县举行首次壮剧汇演演员达百余人。年全县的壮戏班子发展到多个演员余人。年富宁县壮剧团成立于年改为文山州壮剧团年参加了云南省民族戏观摩大会自编剧目《螺蛳姑娘》被选入《中国少数民族戏剧选》。文革中壮剧受到冲击处于停滞状态后逐步得以恢复。年富宁县多次举办农民文艺汇演全县新增和恢复的戏班达多个长年活动的戏班和一大批壮剧艺人支撑着壮剧的发展使壮剧成为当地最具代表性最有影响力的剧种。,省级,文山壮族苗族自治州\富宁县\位于\云南\东南部\南\与\越南\接壤\。\人口\万\壮族\占\。\富宁\壮剧\源远流长\是\全国\仅\有\的\两个\壮剧\剧种\繁衍\地\之一\最早\出现\于\富宁\剥隘\的\者\宁\地区\源于\壮族\民歌\。\壮剧\最初\的\形式\是\单分念\歌后\逐渐\演变\为\板凳\戏\几名\歌手\坐唱\后来\演变\为\多幕\戏\。\富宁\壮剧\有\哎\咿呀\、\哎\依哝\、\乖\嗨\列\、\依\嗬\海\四大\声腔\亦\称\四大\流派\。\伴奏\乐器\有\马骨胡\、\板胡\、\葫芦\胡\、\无膜\竹笛\等\。\剧本\用\汉字\记录\壮语\多为\五言\体\叙事诗\。\剧目\内容\取材于\本\民族\的\历史\传说\故事\、\汉族\的\演义\小说\、\汉族\唱本\弹词\和\当地\的\民间故事\。\新\中国\成立\以来\在\云南\的\壮剧\发展\中\富宁\壮剧\起着\举足轻重\的\重要\作用\。\年\富宁县\建立\了\第一个\戏班\。\年\富宁县\举行\首次\壮剧\汇演\演员\达\百余人\。\年\全县\的\壮\戏班子\发展\到\多个\演员\余人\。\年\富宁县\壮\剧团\成立\于\年\改为\文山州\壮\剧团\年\参加\了\云南省\民族\戏\观摩\大会\自编\剧目\《\螺蛳\姑娘\》\被\选入\《\中国\少数民族\戏剧\选\》\。\文革\中\壮剧\受到冲击\处于\停滞\状态\后\逐步\得以\恢复\。\年\富宁县\多次\举办\农民\文艺\汇演\全县\新增\和\恢复\的\戏班\达\多个\长年\活动\的\戏班\和\一大批\壮剧\艺人\支撑\着\壮剧\的\发展\使\壮剧\成为\当地\最具\代表性\最有\影响力\的\剧种\。,壮族
广南县铜鼓舞之乡,第一批,传统文化保护区,云南省,文山壮族苗族自治州广南县是省级历史文化名城有万多人口居住着汉、壮、苗、瑶、彝、回等民族。铜鼓舞主要在当地壮族、彝族中流传。壮族铜鼓舞主要流传于者免乡、底圩乡、者太乡、珠琳镇、旧莫乡、那洒镇彝族铜鼓舞主要流传于八宝镇和黑支朵乡。铜鼓作为古代的一种器物在云南分布很广晋宁石寨山与江川李家山出土的大量青铜器中铜鼓占有重要的地位其历史可以追溯到战国及秦汉时期。广南县的铜鼓数量多、分布广不仅出土过具有重要历史、文化、艺术价值的竞渡鼓石寨山型、沙果鼓万家坝型、沙国鼓万家坝型等而且在一些壮族和彝族村寨至今还收藏着约面传世铜鼓数量居文山州第二位。《广南县铜鼓舞之乡调查报告》里详尽记录了这些铜鼓的名称、类型、数量、所在乡镇及现在还在使用的民族。铜鼓舞以用铜鼓伴奏而得名壮语称拢尼、拢尼冬、拢咛咚、拢英法等。铜鼓舞为集体圆圈舞舞者踏鼓点节奏逆时针起舞每完成一组动作后齐声呐喊然后交换动作。壮族在春节、三月三花街节、六月六节时举寨击鼓歌舞平时在婚丧嫁娶、生孩子时也跳铜鼓舞表达欢乐与祝福。在长期的传承中铜鼓舞大量融合吸纳了生产劳动动作如撒秧、拔秧、栽秧、纺纱、浣纱、织布等。那洒镇贵马村的铜鼓舞把一年四季的生产生活用动作形象地表现出来共有套动作正月起步即开始跳舞二月开荒三月撒谷种四月栽秧五月薅秧六月薅棉七月过七月节八月打谷九月织花布十月酿米酒冬月摆桌谢酒腊月洗衣过年。彝族铜鼓舞也多为原始狩猎采集、撒荞烤火等生产、生活动作。演奏铜鼓时多为两人配合敲击将铜鼓横悬地面用竹条敲击鼓腰鼓槌敲击鼓中心按一定节奏让鼓发出不同声响同时用木盆在鼓腔内推拉产生动听的滑音、颤音效果。有的地方则加上了宽边锣铓锣、牛角号、牛皮鼓伴奏乐队有七八人。铜鼓舞在广南县有着丰厚的历史积淀与群众基础有的村寨还保留着祭鼓仪式可谓是活着的古代铜鼓文化。其演出活动经久不衰多次参加省、州、县的各种演出活动影响较好有一定知名度。,省级,文山壮族苗族自治州\广南县\是\省级\历史\文化名城\有\万多\人口\居住\着\汉\、\壮\、\苗\、\瑶\、\彝\、\回等\民族\。\铜鼓舞\主要\在\当地\壮族\、\彝族\中\流传\。\壮族\铜鼓舞\主要\流传\于者\免乡\、\底\圩\乡\、\者\太乡\、\珠琳\镇\、\旧莫乡\、\那洒\镇\彝族\铜鼓舞\主要\流传\于\八宝\镇\和\黑\支朵\乡\。\铜鼓\作为\古代\的\一种\器物\在\云南\分布\很广\晋宁\石寨山\与\江川\李家山\出土\的\大量\青铜器\中\铜鼓\占有\重要\的\地位\其\历史\可以\追溯到\战国\及\秦汉\时期\。\广南县\的\铜鼓\数量\多\、\分布\广\不仅\出土\过\具有\重要\历史\、\文化\、\艺术\价值\的\竞渡\鼓\石寨山\型\、\沙果\鼓\万家\坝型\、\沙国鼓\万家\坝型\等\而且\在\一些\壮族\和\彝族\村寨\至今\还\收藏\着\约面\传世\铜鼓\数量\居\文山州\第二位\。\《\广南县铜鼓舞之乡\调查报告\》\里\详尽\记录\了\这些\铜鼓\的\名称\、\类型\、\数量\、\所在\乡镇\及\现在\还\在\使用\的\民族\。\铜鼓舞\以用\铜鼓\伴奏\而\得名\壮语\称拢\尼\、\拢\尼冬\、\拢\咛\咚\、\拢\英法\等\。\铜鼓舞\为\集体\圆圈\舞\舞者\踏\鼓点\节奏\逆时针\起舞\每\完成\一组\动作\后\齐声\呐喊\然后\交换\动作\。\壮族\在\春节\、\三月三\花街节\、\六月\六节\时举\寨\击鼓\歌舞\平时\在\婚丧嫁娶\、\生\孩子\时\也\跳\铜鼓舞\表达\欢乐\与\祝福\。\在\长期\的\传承\中\铜鼓舞\大量\融合\吸纳\了\生产\劳动\动作\如撒秧\、\拔秧\、\栽秧\、\纺纱\、\浣纱\、\织布\等\。\那洒\镇\贵马村\的\铜鼓舞\把\一年四季\的\生产\生活\用\动作\形象\地\表现\出来\共有\套\动作\正月\起步\即\开始\跳舞\二月\开荒\三月\撒\谷种\四月\栽秧\五月\薅\秧\六月\薅\棉\七月\过\七月\节\八月\打谷\九月\织\花布\十月\酿\米酒\冬月\摆桌\谢酒\腊月\洗衣\过年\。\彝族\铜鼓舞\也\多\为\原始\狩猎\采集\、\撒\荞\烤火\等\生产\、\生活\动作\。\演奏\铜鼓\时多为\两人\配合\敲击\将\铜鼓\横悬\地面\用\竹条\敲击\鼓腰\鼓槌\敲击\鼓\中心\按\一定\节奏\让\鼓\发出\不同\声响\同时\用\木盆\在\鼓腔\内\推拉\产生\动听\的\滑音\、\颤音\效果\。\有\的\地方\则\加上\了\宽边\锣\铓锣\、\牛角\号\、\牛皮\鼓\伴奏\乐队\有\七八\人\。\铜鼓舞\在\广南县\有着\丰厚\的\历史\积淀\与\群众\基础\有\的\村寨\还\保留\着\祭\鼓\仪式\可谓\是\活着\的\古代\铜鼓\文化\。\其\演出\活动\经久不衰\多次\参加\省\、\州\、\县\的\各种\演出\活动\影响\较\好\有\一定\知名度\。,壮族
开化壮族纸马舞之乡,第一批,传统文化保护区,云南省,文山壮族苗族自治州文山县开化镇辖个社区个村委会个村民小组共户人。其中壮族占总人口的。壮族纸马舞历史古老。原是丧葬祭祀舞蹈伴有鬼脸、狮子、大刀、小刀、手巾、拂尘表演舞者一般为人。如今纸马舞发展为群众性娱乐舞蹈舞者少则人多则上百人不论婚丧嫁娶、喜庆节日或迎宾接客都可跳。开化镇的壮族村寨几乎都有纸马舞队全镇有纸马舞队余支队员多人。跳纸马舞时舞者要套上纸马架子起舞用马铃及锣、鼓、镲伴奏模拟马的各种形态和动作。舞蹈套路主要有征战、嬉戏、行走、打架、踢脚、刨地、奔跑、跳跃、嘶鸣等。纸马舞节奏性强热烈粗犷变化多样古朴生动地再现马的灵性与动感以及人与马亲密和谐的关系。纸马的制作集民间扎、裱、画于一体造型稚拙生动民间色彩浓烈。在历史的演进及世代传承中扎马技术不断改进旧时用稻草扎后逐步用竹子编扎用纸裱糊还用绘画做装饰。现在用竹子编铁丝扎用花绒布和黑绒布装裱马身、马尾、马耳朵还用彩球珠链、花辫、镜子、铃铛等作装饰使纸马架子更结实更美观。开化镇纸马舞由妇女跳服饰为壮族妇女传统生活装。纸马舞世代相传每一代都有表演技巧较高的群众公认的代表性人物。现今公认的师傅是牛头寨的高绍英、何永琼等后者因年事已高不再表演。开化镇壮族纸马舞多次参加州、县、乡镇的文艺表演多家媒体屡次进行宣传报道。舞蹈收编于《云南民族民间舞蹈集成》。,省级,文山壮族苗族自治州\文山县\开化\镇辖个\社区\个\村委会\个\村民\小组\共户\人\。\其中\壮族\占\总人口\的\。\壮族纸马舞\历史\古老\。\原\是\丧葬\祭祀舞蹈\伴有\鬼脸\、\狮子\、\大刀\、\小刀\、\手巾\、\拂尘\表演\舞者\一般\为\人\。\如今\纸马\舞\发展\为\群众性\娱乐\舞蹈\舞者\少则\人\多则\上百人\不论\婚丧嫁娶\、\喜庆\节日\或\迎宾\接客\都\可\跳\。\开化\镇\的\壮族\村寨\几乎\都\有\纸马\舞队\全镇\有\纸马\舞队\余支\队员\多人\。\跳\纸马\舞时\舞者\要套\上\纸马\架子\起舞\用\马铃\及锣\、\鼓\、\镲\伴奏\模拟\马\的\各种\形态\和\动作\。\舞蹈\套路\主要\有\征战\、\嬉戏\、\行走\、\打架\、\踢脚\、\刨地\、\奔跑\、\跳跃\、\嘶鸣\等\。\纸马\舞\节奏性\强\热烈\粗犷\变化\多样\古朴\生动\地\再现\马\的\灵性\与\动感\以及\人\与\马\亲密\和谐\的\关系\。\纸马\的\制作\集\民间\扎\、\裱\、\画于\一体\造型\稚拙\生动\民间\色彩\浓烈\。\在\历史\的\演进\及\世代\传承\中\扎马\技术\不断改进\旧时\用\稻草\扎后\逐步\用\竹子\编扎\用纸\裱糊\还\用\绘画\做\装饰\。\现在\用\竹子\编\铁丝\扎用\花\绒布\和\黑\绒布\装裱\马身\、\马尾\、\马\耳朵\还\用\彩球\珠链\、\花\辫\、\镜子\、\铃铛\等作\装饰\使\纸马\架子\更\结实\更\美观\。\开化\镇\纸马\舞由\妇女\跳\服饰\为\壮族\妇女\传统\生活\装\。\纸马\舞\世代相传\每\一代\都\有\表演\技巧\较\高\的\群众\公认\的\代表性\人物\。\现今\公认\的\师傅\是\牛头\寨\的\高绍英\、\何永琼\等\后者\因\年事已高\不再\表演\。\开化\镇\壮族纸马舞\多次\参加\州\、\县\、\乡镇\的\文艺表演\多家\媒体\屡次\进行\宣传报道\。\舞蹈\收编\于\《\云南\民族\民间舞蹈\集成\》\。,壮族
峨山县彝族花鼓舞之乡,第一批,传统文化保护区,云南省,花鼓舞彝语称者波必是玉溪市峨山彝族自治县流传最广和最主要的一种民间舞蹈清末就在县内广泛传播距今已有多年的历史。花鼓舞过去主要是丧葬时跳的一种祭祀性歌舞以歌为主舞蹈为辅后逐渐演变为以舞为主、歌为辅成为逢年过节、拜年贺喜、联欢、开新街、庆典、丧事等活动场合必不可少的舞蹈。整个舞蹈主要靠脚的动作和步法的变化来完成。彝族的跳乐动作被大量吸收在花鼓舞中曲调多以汉族的花灯调为主有种表演套路结构完整内容形式丰富多样。有急鼓与板鼓之分急鼓刚劲有力、热情奔放催人奋进板鼓缓沉柔软、柔中有刚。峨山彝族花鼓舞是彝族人民在社会生活、社会心理、思想文化等方面的综合表现融入了彝族人民对生产生活、社会自然的理解与热爱是表达民族内心情感的一种载体和表现形式具有较强的民族感召力和凝聚力具有增强民族自信心、自豪感和凝聚民族精神的作用。彝族花鼓舞在峨山已成为全民性舞蹈具有广泛的群众基础。全县共有花鼓队支人主要骨干人以中青年为主。曾多次参加全国、省、市、县文艺活动和比赛并获多项奖励其中《龙鼓舞》获中国第三届艺术节开幕式大型文艺表演一等奖百人花鼓队参加首都国庆周年大型文艺联欢晚会以其浓郁的民族色彩和艺术特色向世人展现了彝山灿烂的民族文化和精神风貌获得五好表演单位和组织奖《彝山花鼓》获第二届昆明国际民族民间鼓舞大赛铜奖。花鼓舞表演队伍中少年儿童参与较少出现人才青黄不接的苗头同时花鼓舞队多为自发性民间组织长期、稳定地开展活动有很大困难。,省级,花鼓舞\彝语\称者\波必\是\玉溪市\峨山彝族自治县\流传\最广\和\最\主要\的\一种\民间舞蹈\清末\就\在\县内\广泛传播\距今已有\多年\的\历史\。\花鼓舞\过去\主要\是\丧葬\时\跳\的\一种\祭祀\性\歌舞\以歌\为主\舞蹈\为辅\后\逐渐\演变\为\以舞\为主\、\歌\为辅\成为\逢年过节\、\拜年\贺喜\、\联欢\、\开\新街\、\庆典\、\丧事\等\活动\场合\必不可少\的\舞蹈\。\整个\舞蹈\主要\靠\脚\的\动作\和\步法\的\变化\来\完成\。\彝族\的\跳乐\动作\被\大量\吸收\在\花鼓舞\中\曲调\多以\汉族\的\花灯\调\为主\有种\表演\套路\结构\完整\内容\形式\丰富\多样\。\有\急\鼓\与\板鼓\之分\急鼓\刚劲有力\、\热情奔放\催人奋进\板鼓\缓沉\柔软\、\柔中有刚\。\峨山\彝族花鼓舞\是\彝族\人民\在\社会生活\、\社会\心理\、\思想\文化\等\方面\的\综合\表现\融入\了\彝族\人民\对\生产\生活\、\社会\自然\的\理解\与\热爱\是\表达\民族\内心\情感\的\一种\载体\和\表现形式\具有\较强\的\民族\感召力\和\凝聚力\具有\增强\民族\自信心\、\自豪感\和\凝聚\民族\精神\的\作用\。\彝族花鼓舞\在\峨山\已\成为\全民性\舞蹈\具有\广泛\的\群众\基础\。\全县\共有\花鼓\队支\人\主要\骨干\人以\中青年\为主\。\曾多次\参加\全国\、\省\、\市\、\县\文艺活动\和\比赛\并\获\多项\奖励\其中\《\龙\鼓舞\》\获\中国\第三届\艺术节\开幕式\大型\文艺表演\一等奖\百\人\花鼓\队\参加\首都\国庆\周年\大型\文艺\联欢晚会\以\其\浓郁\的\民族色彩\和\艺术\特色\向\世人\展现\了\彝山\灿烂\的\民族文化\和\精神风貌\获得\五好\表演\单位\和\组织奖\《\彝山\花鼓\》\获\第二届\昆明\国际\民族民间\鼓舞\大赛\铜奖\。\花鼓舞\表演\队伍\中\少年儿童\参与\较\少\出现\人才\青黄不接\的\苗头\同时\花鼓舞\队多为\自发性\民间组织\长期\、\稳定\地\开展活动\有\很大\困难\。,彝族
者湾书画之乡,第一批,传统文化保护区,云南省,者湾是玉溪市通海县四街镇一个自然村共有户人。者湾村山清水秀人杰地灵历代文人墨士辈出具有崇尚书画、喜好收藏、耕读并重的优秀传统。布文星清嘉庆三年年戊午科武解元兼工书法以行、草见长在云南名重一时李家政尤工书法其字端庄严谨李铎有较深的书法功底造诣楷书苍劲挺拔草书龙飞凤舞闻名县内外。李绍周岁书匾联被誉为神童李东、杨景、高平的书法也有名望。由于文人墨客甚多清光绪年间者湾已被誉称为碧山墨庄。民国至新中国成立又出现了高泰、杨鸿发、布增华、高占伟等一批文人墨客。为了弘扬碧山墨庄的传统活跃农村文化生活年者湾首次在本村举办古今书画展展出作品件参观者余人次引起了县、市有关部门的重视。年元宵节期间通海县者湾村首届村级农民书画展在通海县文化馆展出同年月又应邀到玉溪市青少年宫展出。其中杨炳舜的书法作品被收入《中国国际文学艺术博览》李双华的书法作品获年中国书画艺术家世纪奖杨炳舜、李双华、黄成彦、杨正福等人的作品被当地文化部门收藏。村委会收集人件书画作品出版了《者湾翰墨集》开创了村级组织出版书画集的先例。年者湾成立了人的碧山墨庄书画协会平时以自我研习为主两个月定期集中活动一天每年举办次作品展。协会还与者湾小学合作每年开展一次书法、美术作品比赛六一儿童节由协会颁奖表彰。者湾村群众喜爱书法、绘画近三分之一的人家都有字画挂于家中家家户户的春联都由本村人自己书写。近年来由于电脑的普及许多人已不喜欢用笔写字学习书法美术的人也逐渐减少。目前者湾村已制定了切实可行的保护措施和规划由村委会和老年协会具体组织实施通过展览、笔会、讲座等形式培养更多的书画爱好者。,省级,者\湾\是\玉溪市\通海县\四街\镇\一个\自然村\共有\户人\。\者\湾\村\山清水秀\人杰地灵\历代\文人墨士\辈出\具有\崇尚\书画\、\喜好\收藏\、\耕读\并重\的\优秀\传统\。\布\文星\清嘉庆\三年\年\戊午\科武\解元\兼工\书法\以行\、\草\见长\在\云南\名重一时\李家\政尤工\书法\其字\端庄\严谨\李铎\有\较\深\的\书法\功底\造诣\楷书\苍劲\挺拔\草书\龙飞凤舞\闻名\县\内外\。\李绍\周岁\书\匾联\被誉为\神童\李东\、\杨景\、\高平\的\书法\也\有\名望\。\由于\文人墨客\甚多清\光绪年间\者\湾\已\被\誉\称为\碧山\墨庄\。\民国\至\新\中国\成立\又\出现\了\高泰\、\杨鸿发\、\布增华\、\高占伟\等\一批\文人墨客\。\为了\弘扬\碧山\墨庄\的\传统\活跃\农村\文化\生活\年者\湾\首次\在\本村\举办\古今\书画展\展出\作品\件\参观者\余人次\引起\了\县\、\市\有关\部门\的\重视\。\年\元宵节\期间\通海县\者\湾\村\首届\村级\农民\书画展\在\通海县\文化馆\展出\同年\月\又\应邀\到\玉溪市\青少年宫\展出\。\其中\杨炳舜\的\书法作品\被\收入\《\中国\国际\文学艺术\博览\》\李双华\的\书法作品\获年\中国书画\艺术家\世纪\奖\杨炳舜\、\李双华\、\黄成\彦\、\杨正福\等\人\的\作品\被\当地\文化部门\收藏\。\村委会\收集\人件\书画作品\出版\了\《\者\湾\翰墨\集\》\开创\了\村级\组织\出版\书画集\的\先例\。\年者\湾\成立\了\人\的\碧山\墨庄\书画\协会\平时\以\自我\研习\为主\两个\月\定期\集中\活动\一天\每年\举办\次\作品展\。\协会\还\与\者\湾\小学\合作\每年\开展\一次\书法\、\美术作品\比赛\六一\儿童节\由\协会\颁奖\表彰\。\者\湾\村\群众\喜爱\书法\、\绘画\近\三分之一\的\人家\都\有\字画\挂于\家中\家家户户\的\春联\都\由\本村\人\自己\书写\。\近年来\由于\电脑\的\普及\许多\人\已\不\喜欢\用笔\写字\学习\书法\美术\的\人\也\逐渐\减少\。\目前\者\湾\村\已\制定\了\切实可行\的\保护措施\和\规划\由\村委会\和\老年\协会\具体\组织\实施\通过\展览\、\笔会\、\讲座\等\形式\培养\更\多\的\书画\爱好者\。,
曼暖典傣族织锦之乡,第一批,传统文化保护区,云南省,曼暖典是西双版纳傣族自治州景洪市嘎洒镇曼迈村民委员会所属的一个傣族自然村织锦是村民日常生活中不可缺少的手工艺活动历史悠久据村里老人说有四五百年的历史。现在几乎每家都有织机每户人家都有成年女子会织傣锦。傣锦多以白色或浅色为底色图案以动物、植物、建筑、人物等为主动物类有孔雀、骏马、龙、凤、象、麒麟等分别代表着吉祥、力量和丰收宝塔、寺院、竹楼等寄寓对美好生活的追求。傣族织锦精细美观色彩鲜明栩栩如生。曼暖典傣锦线条宽窄错落形态夸张简练图案规范质朴粗犷富有装饰特色民族色彩浓郁有较高的艺术审美价值在西双版纳傣族织锦中有一定的代表性深受群众喜爱。产品主要销往西双版纳各村寨及作为旅游纪念品也有部分销往缅甸、泰国、美国、日本、香港等国家和地区。织锦是曼暖典村傣族传统的家庭手工业。西双版纳旅游业的发展给傣族传统手工艺带来了机遇目前曼暖典的傣锦年销售收入达元占该村副业收入的五分之一。曼暖典织锦多以家庭为单位编织和销售村民常年耳濡目染代代相传。村里有一批织锦能手其中玉儿甩曾多次被邀请到其他地方传授技艺荣获版纳总佛寺、佛教协会联合颁发的荣誉证书被《云南画报》、西双版纳州电视台等多家媒体宣传报道过。,省级,曼暖典\是\西双版纳傣族自治州\景洪市\嘎洒\镇曼迈\村民委员会\所属\的\一个\傣族\自然村\织锦\是\村民\日常生活\中\不可\缺少\的\手工艺\活动\历史悠久\据\村里\老人\说\有\四五百年\的\历史\。\现在\几乎\每家\都\有\织机\每户\人家\都\有\成年\女子\会织\傣锦\。\傣锦\多以\白色\或\浅色\为\底色\图案\以\动物\、\植物\、\建筑\、\人物\等\为主\动物类\有\孔雀\、\骏马\、\龙\、\凤\、\象\、\麒麟\等\分别\代表\着\吉祥\、\力量\和\丰收\宝塔\、\寺院\、\竹楼\等\寄寓\对\美好生活\的\追求\。\傣族\织锦\精细\美观\色彩鲜明\栩栩如生\。\曼暖典\傣锦\线条\宽窄\错落\形态\夸张\简练\图案\规范\质朴\粗犷\富有\装饰\特色\民族色彩\浓郁\有\较\高\的\艺术\审美价值\在\西双版纳\傣族\织锦\中有\一定\的\代表性\深受\群众\喜爱\。\产品\主要\销往\西双版纳\各\村寨\及\作为\旅游\纪念品\也\有\部分\销往\缅甸\、\泰国\、\美国\、\日本\、\香港\等\国家\和\地区\。\织锦\是\曼暖典\村\傣族\传统\的\家庭\手工业\。\西双版纳\旅游业\的\发展\给\傣族\传统\手工艺\带来\了\机遇\目前\曼暖典\的\傣锦\年\销售收入\达元\占\该村\副业\收入\的\五分之一\。\曼暖典\织锦\多以\家庭\为\单位\编织\和\销售\村民\常年\耳濡目染\代代相传\。\村里\有\一批\织锦\能手\其中\玉儿\甩\曾多次\被\邀请\到\其他\地方\传授\技艺\荣获\版纳\总\佛寺\、\佛教协会\联合\颁发\的\荣誉证书\被\《\云南\画报\》\、\西双版纳州\电视台\等\多家\媒体\宣传报道\过\。,傣族
碗窑村紫陶工艺之乡,第一批,传统文化保护区,云南省,据考古资料显示红河哈尼族彝族自治州建水县在新石器时代晚期就有泥条盘筑法烧制的陶器制品。至清道光年间经过建水艺人的改进紫陶逐步发展为工艺美术陶产品增加了文化内涵品种也更丰富有茶具、文具、酒具等。建水碗窑村古窑址星罗棋布充分印证了该地悠久的制陶传统。建水紫陶最显著的工艺特点在于打磨和磨光。建水无釉磨光陶按产品质地成色分为红陶和白陶红陶普遍被称为建水紫陶。其工艺独特主要特点有声如磬、亮如镜手感滑腻无铅无毒。紫陶装饰风格独具特色均以书画图案雕填白泥或多种色泥集金石、书画、镌刻于一体其中最具特色的装饰手法补衮图极具书卷气显示出高超的工艺技巧和装饰水平为全国独有并产生了像王定一、向逢春、向福功、陈绍康、袁应顺、潘金怀等一批制陶技艺精湛的艺人。近年来发明了铁制空心刀直接刻划效率得到提高但较细的笔画仍要用足刀尚不能完全取代用毛笔画墨稿再用足刀双钩刻法的传统工艺。建水县碗窑村多以小作坊生产紫陶资历深、技艺精的艺人较多。紫陶作品自年起就不断参加各种活动和展会远销国内外并成为国家和地方的特色礼品。年周恩来总理访问阿尔巴尼亚时就选用了建水无釉磨光紫砂陶作为礼品。建水紫陶发展前景良好是当地政府确定的特色旅游产品年县紫陶研究会成立为紫陶研究、继承、创新和进一步开发提供了有效的载体和平台。县委、县政府也对其给予大力扶持在文化产业发展规划中将紫陶列为建水文化产业发展的五大主导产业之一。,省级,据\考古\资料\显示\红河哈尼族彝族自治州\建水县\在\新石器\时代\晚期\就\有\泥条盘筑法\烧制\的\陶器\制品\。\至\清道光\年间\经过\建水\艺人\的\改进\紫陶\逐步\发展\为\工艺美术\陶\产品\增加\了\文化\内涵\品种\也\更\丰富\有\茶具\、\文具\、\酒具\等\。\建水\碗\窑\村古\窑址\星罗棋布\充分\印证\了\该地\悠久\的\制陶\传统\。\建水\紫陶\最\显著\的\工艺\特点\在于\打磨\和\磨光\。\建水\无釉\磨光\陶\按\产品\质地\成色\分为\红陶\和\白陶\红陶\普遍\被\称为\建水\紫陶\。\其\工艺\独特\主要\特点\有声\如磬\、\亮\如镜\手感\滑腻\无铅\无毒\。\紫陶\装饰\风格\独具特色\均\以\书画\图案\雕填\白泥\或\多种\色泥集\金石\、\书画\、\镌刻\于\一体\其中\最具\特色\的\装饰\手法\补衮\图\极具\书卷气\显示\出\高超\的\工艺\技巧\和\装饰\水平\为\全国\独有\并\产生\了\像\王定\一\、\向逢春\、\向福功\、\陈绍康\、\袁应顺\、\潘金怀\等\一批\制陶\技艺\精湛\的\艺人\。\近年来\发明\了\铁制\空心\刀\直接\刻划\效率\得到\提高\但\较\细\的\笔画\仍要\用\足\刀\尚\不能\完全\取代\用\毛笔画\墨稿\再\用\足\刀\双钩\刻法\的\传统工艺\。\建水县\碗\窑\村多以\小作坊\生产\紫陶\资历\深\、\技艺\精\的\艺人\较\多\。\紫陶\作品\自年\起\就\不断\参加\各种\活动\和\展会\远销\国内外\并\成为\国家\和\地方\的\特色\礼品\。\年\周恩来\总理\访问\阿尔巴尼亚\时\就\选用\了\建水\无釉\磨光\紫砂陶\作为\礼品\。\建水\紫陶\发展前景\良好\是\当地政府\确定\的\特色旅游\产品\年县\紫陶\研究会\成立\为\紫陶\研究\、\继承\、\创新\和\进一步\开发\提供\了\有效\的\载体\和\平台\。\县委\、\县政府\也\对\其\给予\大力\扶持\在\文化产业\发展\规划\中将\紫陶\列为\建水\文化产业\发展\的\五大\主导产业\之一\。,哈尼族
红河县乐作舞之乡,第一批,传统文化保护区,云南省,乐作舞意为大家一起跳舞发端于红河哈尼族彝族自治州红河县是哈尼族和彝族群众根据晒荞子而编跳的踩荞舞。哈尼族与彝族的乐作舞在名称上基本相同习惯上统称为乐作舞它们的音乐、步法基本相似。红河县这两个民族自古以来就会跳乐作舞目前已经成为全民性民间舞蹈。乐作舞不限人数但必须以偶数男女搭配围成圆圈来跳。伴奏乐器有笛子、巴乌、二胡、三弦、四弦、草杆、树叶等配以手掌拍打节奏。目前已收集表现劳动和生活内容的套舞蹈舍哧、踩荞、撵调、三步弦、斗脚、经线、找对象、擦背、游调、摸螺蛳、翻身、作瑟。舞蹈以踩荞步法、撵调步法为基础贯穿套舞每套变化不同。踩荞步法为逆时针或顺时针的进三步退一步轻盈舒展舞姿飘逸撵调步法在前行或后退一步时有一个小垫步轻快敏捷节奏明快。独特的舞步加上乐声伴奏和人声伴唱韵味独特。目前红河县个乡镇的个自然村中有个村子都流行乐作舞个村委会中有个成立了乐作舞队伍。其中阿扎河乡每年月都有一次苦扎扎长街舞全乡各村都组织群众一起跳乐作舞和农耕舞预祝来年人畜兴旺五谷丰登。,省级,乐作舞\意\为\大家\一起\跳舞\发端\于\红河哈尼族彝族自治州\红河县\是\哈尼族\和\彝族\群众\根据\晒\荞子\而\编跳\的\踩\荞舞\。\哈尼族\与\彝族\的\乐作舞\在\名称\上\基本相同\习惯\上\统称\为\乐作舞\它们\的\音乐\、\步法\基本\相似\。\红河县\这\两个\民族\自古以来\就\会\跳\乐作舞\目前\已经\成为\全民性\民间舞蹈\。\乐作舞\不\限\人数\但\必须\以\偶数\男女搭配\围成\圆圈\来\跳\。\伴奏\乐器\有\笛子\、\巴乌\、\二胡\、\三弦\、\四弦\、\草杆\、\树叶\等\配以\手掌\拍打\节奏\。\目前\已\收集\表现\劳动\和\生活\内容\的\套\舞蹈\舍哧\、\踩\荞\、\撵\调\、\三步\弦\、\斗脚\、\经线\、\找对象\、\擦背\、\游调\、\摸\螺蛳\、\翻身\、\作瑟\。\舞蹈\以\踩\荞\步法\、\撵\调\步法\为\基础\贯穿\套舞\每套\变化\不同\。\踩\荞\步法\为\逆时针\或\顺时针\的\进\三步\退一步\轻盈\舒展\舞姿\飘逸\撵\调\步法\在\前行\或\后退\一步\时有\一个\小\垫步\轻快\敏捷\节奏\明快\。\独特\的\舞步\加上\乐声\伴奏\和\人声\伴唱\韵味\独特\。\目前\红河县\个\乡镇\的\个\自然村\中有\个\村子\都\流行\乐作舞\个\村委会\中有\个\成立\了\乐作舞\队伍\。\其中\阿扎\河乡\每年\月\都\有\一次\苦\扎扎\长\街舞\全乡\各村\都\组织\群众\一起\跳\乐作舞\和\农耕\舞\预祝\来\年\人畜\兴旺\五谷丰登\。,哈尼族
马楠苗族芦笙舞之乡,第一批,传统文化保护区,云南省,昭通市永善县马楠乡自然环境优美共有苗族户人。每逢节日和喜庆活动时他们都要聚在一起吹起芦笙跳芦笙舞。苗族芦笙舞历史悠久起源于祭祀活动。现在保存的芦笙舞可分为类再现古代战争和迁徙的芦笙舞、模仿动物的芦笙舞、反映古代狩猎活动的芦笙舞、祭祀怀念祖先的芦笙舞、节庆喜事时节欢乐的即兴舞、特技表演芦笙舞。苗族芦笙舞产生于农耕劳动和生产生活芦笙舞的内容可分为表现祖先刀耕火种场景和狩猎生活的生产劳动舞生活情景舞模拟动物舞表现丰收和获取猎物后狂欢喜悦心情的情绪舞以及祭祀礼仪舞等。跳芦笙舞时男子吹奏芦笙女子伴舞时而蹬跳时而叠罗汉、栽桩时而翻滚舞姿优美节奏明快。跳技巧性芦笙舞时舞者自奏自舞手脚并用无论跳难度多大的动作曲子吹奏从不间断芦笙随着身体的转动而动脚上动作较多技巧性很高。芦笙舞节奏轻快动作古朴粗犷豪放刚健有力全乡男女老少均会跳普及面广。苗族芦笙舞风格独特具有广泛的群众性、艺术性和观赏性。马楠乡常年都保持有人的芦笙舞队曾在新疆举办的第二届全国少数民族运动会上获优秀奖在昆明举办的第三届中国艺术节开幕式演出中获综合一等奖。芦笙舞多为父传子、母传女代代相传也有一部分为师徒相传如高难度的技巧表演等都得拜师。马楠乡政府把苗族芦笙舞纳入议事日程常抓不懈成立了专门的工作班子并派出专业人员不定期培训骨干每年拨出元专项经费支持普及芦笙舞。,省级,昭通市\永善县\马楠\乡\自然环境\优美\共有\苗族\户人\。\每逢\节日\和\喜庆\活动\时\他们\都\要\聚在一起\吹\起\芦笙\跳\芦笙舞\。\苗族\芦笙舞\历史悠久\起源于\祭祀\活动\。\现在\保存\的\芦笙舞\可\分为\类\再现\古代\战争\和\迁徙\的\芦笙舞\、\模仿\动物\的\芦笙舞\、\反映\古代\狩猎\活动\的\芦笙舞\、\祭祀\怀念\祖先\的\芦笙舞\、\节庆\喜事\时节\欢乐\的\即兴\舞\、\特技表演\芦笙舞\。\苗族\芦笙舞\产生\于\农耕\劳动\和\生产\生活\芦笙舞\的\内容\可\分为\表现\祖先\刀耕火种\场景\和\狩猎\生活\的\生产\劳动\舞\生活\情景\舞\模拟\动物\舞\表现\丰收\和\获取\猎物\后\狂欢\喜悦\心情\的\情绪舞\以及\祭祀\礼仪\舞\等\。\跳\芦笙舞\时\男子\吹奏\芦笙\女子\伴舞\时而\蹬\跳\时而\叠罗汉\、\栽桩\时而\翻滚\舞姿\优美\节奏\明快\。\跳\技巧性\芦笙舞\时\舞者\自奏\自舞\手脚\并用\无论\跳\难度\多大\的\动作\曲子\吹奏\从不间断\芦笙\随着\身体\的\转动\而\动脚\上\动作\较\多\技巧性\很\高\。\芦笙舞\节奏轻快\动作\古朴\粗犷\豪放\刚健\有力\全乡\男女老少\均会\跳\普及面\广\。\苗族\芦笙舞\风格\独特\具有\广泛\的\群众性\、\艺术性\和\观赏性\。\马楠\乡\常年\都\保持\有人\的\芦笙舞\队\曾\在\新疆\举办\的\第二届\全国\少数民族\运动会\上\获\优秀奖\在\昆明\举办\的\第三届\中国\艺术节\开幕式\演出\中获\综合\一等奖\。\芦笙舞\多为\父传子\、\母传女\代代相传\也\有\一部分\为\师徒\相传\如\高难度\的\技巧\表演\等\都\得\拜师\。\马楠\乡政府\把\苗族\芦笙舞\纳入\议事日程\常抓不懈\成立\了\专门\的\工作\班子\并\派出\专业\人员\不定期\培训\骨干\每年\拨出\元\专项经费\支持\普及\芦笙舞\。,苗族
澜沧县拉祜族摆舞之乡,第一批,传统文化保护区,云南省,摆舞是思茅市澜沧拉祜族自治县拉祜族世代相传的集体舞蹈极有特色不受时间、地点、人数的限制只要高兴便相聚而舞节日喜庆、婚丧嫁娶尤其盛行深受群众喜爱。摆舞以女性为主以象脚鼓、铓、镲等为主要伴奏乐器领舞者边敲奏乐器边起舞众人或手拉手围圈而舞或列队而跳。表演形式大体有两种一种是步法型强调脚的动作和踏、踢、跺、摆、划、小跳等步法身段动作既热烈又灵活另一种为摆手舞以手臂和肩的上下摆动为主模仿各种生产生活动作小垫步配合双手摆动形成摆肩和整个身段向上延伸起伏的动律让人沉醉在幸福和欢乐之中。摆舞共有种套路主要靠父辈言传身教年青人耳濡目染代代相传。澜沧拉祜族摆舞曾多次参加省、市、县组织的大型文艺演出受到好评。摆舞除在乡村流行外在城镇也成为人们喜爱的娱乐休闲、锻炼健身和交流情感的方式之一常见广场上围圈起跳的情景。但在摆舞的演进过程中许多传统的舞蹈动作已有变异。目前当地政府提出了一些保护措施组织力量培养一批摆舞文艺骨干记录整理舞蹈动作及音乐对促进摆舞的传承起到积极作用。,省级,摆舞\是\思茅市\澜沧拉祜族自治县\拉祜族\世代相传\的\集体\舞蹈\极有\特色\不\受\时间\、\地点\、\人数\的\限制\只要\高兴\便\相聚\而舞\节日\喜庆\、\婚丧嫁娶\尤其\盛行\深受\群众\喜爱\。\摆舞\以\女性\为主\以\象脚鼓\、\铓\、\镲\等\为\主要\伴奏\乐器\领舞\者\边\敲\奏\乐器\边\起舞\众人\或\手拉手\围圈\而\舞\或\列队\而\跳\。\表演\形式\大体\有\两种\一种\是\步法\型\强调\脚\的\动作\和\踏\、\踢\、\跺\、\摆\、\划\、\小\跳\等\步法\身段\动作\既\热烈\又\灵活\另\一种\为\摆手舞\以\手臂\和\肩\的\上下\摆动\为主\模仿\各种\生产\生活\动作\小\垫步\配合\双手\摆动\形成\摆肩\和\整个\身段\向上\延伸\起伏\的\动律\让\人\沉醉在\幸福\和\欢乐\之中\。\摆舞\共有\种\套路\主要\靠\父辈\言传身教\年青人\耳濡目染\代代相传\。\澜沧\拉祜族\摆舞\曾多次\参加\省\、\市\、\县\组织\的\大型\文艺演出\受到好评\。\摆舞\除\在\乡村\流行\外\在城镇\也\成为\人们\喜爱\的\娱乐\休闲\、\锻炼\健身\和\交流\情感\的\方式\之一\常见\广场\上围\圈\起跳\的\情景\。\但\在\摆舞\的\演进\过程\中\许多\传统\的\舞蹈动作\已有\变异\。\目前\当地政府\提出\了\一些\保护措施\组织\力量\培养\一批\摆舞\文艺\骨干\记录\整理\舞蹈动作\及\音乐\对\促进\摆舞\的\传承\起到\积极\作用\。,拉祜族
西盟县佤族木鼓舞之乡,第一批,传统文化保护区,云南省,木鼓舞佤语称各老代刻落是广泛流传于思茅市西盟佤族自治县佤族村寨的民间舞蹈它与佤族拉木鼓的民俗活动密切相关。历史上佤族把木鼓视为通天神器和山寨的保护神也是佤族部落出征决战、召集成员、举行祭祀活动必不可少的器物。在长期历史进程中佤族形成了与木鼓有关的舞蹈并根据形式与场地不同分为拉木鼓舞、跳木鼓舞、祭木鼓舞等。鼓点有多套敲法也有多种。击鼓者均为男性每只木鼓由人合敲男女老少围着木鼓载歌载舞半蹲半俯、送胯转身时而抬起右腿成三道弯伸缩三次时而抬起左腿挥舞木槌自转一周。舞蹈动作粗犷有力热情奔放质朴而富有韧性形象生动地表现出佤族热情豪放、粗犷剽悍的民族特征。在云南少数民族舞乐中用木鼓作为打击乐器为佤族所独有。木鼓舞目前已成为西盟佤族传统舞蹈无论男女老少凡有重大节日活动都会合着鼓点跳起木鼓舞。全县个乡镇随时可抽调上百人组成演出队伍表演木鼓舞。西盟县木鼓舞曾多次参加国家、省、市、县组织的比赛、表演和大型活动获得各种奖项。县民族歌舞团编排的《木鼓舞》曾到美国、法国、日本、西班牙、新加坡、台湾等地演出。木鼓舞真实、形象、生动地反映了佤族的原始信仰再现了佤族的历史风俗文化同时也折射出佤族的心理、性格和审美意识并贯穿于民族演变、发展的全过程丰富了群众的文化生活是民族团结、各民族和睦相处的艺术纽带。木鼓舞在佤族中父教子、母传女代代相传下来。目前西盟县政府已制定了切实可行的保护规划培养、培训一批骨干队伍调动民间艺人的积极性保持木鼓舞的民族特色和活力。,省级,木鼓舞\佤语\称\各\老代刻\落\是\广泛\流传\于\思茅市\西盟佤族自治县\佤族\村寨\的\民间舞蹈\它\与\佤族\拉木鼓\的\民俗\活动\密切相关\。\历史\上\佤族\把\木鼓\视为\通天\神器\和\山寨\的\保护神\也\是\佤族\部落\出征\决战\、\召集\成员\、\举行\祭祀\活动\必不可少\的\器物\。\在\长期\历史进程\中\佤族\形成\了\与\木鼓\有关\的\舞蹈\并\根据\形式\与\场地\不同\分为\拉\木鼓舞\、\跳\木鼓舞\、\祭\木鼓舞\等\。\鼓点\有\多套\敲法\也\有\多种\。\击鼓\者\均\为\男性\每\只\木鼓\由人合\敲\男女老少\围着\木鼓\载歌载舞\半\蹲\半\俯\、\送\胯\转身\时而\抬起\右腿\成\三道\弯\伸缩\三次\时而\抬起\左腿\挥舞\木槌\自转\一周\。\舞蹈动作\粗犷\有力\热情奔放\质朴\而\富有\韧性\形象\生动\地\表现\出\佤族\热情\豪放\、\粗犷\剽悍\的\民族\特征\。\在\云南\少数民族\舞乐\中用\木鼓\作为\打击乐器\为\佤族\所\独有\。\木鼓舞\目前\已\成为\西盟\佤族\传统\舞蹈\无论\男女老少\凡有\重大\节日\活动\都\会合\着\鼓点\跳\起\木鼓舞\。\全县\个\乡镇\随时\可\抽调\上百人\组成\演出\队伍\表演\木鼓舞\。\西盟\县\木鼓舞\曾多次\参加\国家\、\省\、\市\、\县\组织\的\比赛\、\表演\和\大型活动\获得\各种\奖项\。\县\民族\歌舞团\编排\的\《\木鼓舞\》\曾到\美国\、\法国\、\日本\、\西班牙\、\新加坡\、\台湾\等\地\演出\。\木鼓舞\真实\、\形象\、\生动\地\反映\了\佤族\的\原始\信仰\再现\了\佤族\的\历史\风俗\文化\同时\也\折射出\佤族\的\心理\、\性格\和\审美意识\并\贯穿\于\民族\演变\、\发展\的\全过程\丰富\了\群众\的\文化\生活\是\民族团结\、\各\民族\和睦相处\的\艺术\纽带\。\木鼓舞\在\佤族\中父\教子\、\母传女\代代相传\下来\。\目前\西盟\县政府\已\制定\了\切实可行\的\保护\规划\培养\、\培训\一批\骨干\队伍\调动\民间艺人\的\积极性\保持\木鼓舞\的\民族特色\和\活力\。,佤族
木老元布朗族山歌之乡,第一批,传统文化保护区,云南省,保山市施甸县木老元乡是布朗族聚居地之一布朗族山歌曲目繁多内容丰富歌词具有较高的艺术性和文学性民族风格和地域特色浓郁。布朗族山歌唱腔圆润委婉明亮清晰有特殊的颤音和滑音尤其在女声中最为明显。一般有独唱、对唱、群唱三种形式。普遍流行的山歌有个类别古本山歌、盘花名、姊妹山歌、跑马山歌又称花花山歌、盘菜名、盘药名盘山名、甲子山歌、盘天河、造大船。其中古本、盘花名、盘天河、造大船和甲子山歌个类别的内容和歌的数量固定不变盘药名、盘菜名、盘山名和姊妹山歌内容基本固定但数量上略有增减。跑马山歌则完全不同其内容除包括前类外全部由歌手即兴创作数量非常多。平时唱的山歌曲调有几十种最有特点的山歌之一是哭嫁歌有隔娘调、隔女调、哭哥嫂、哭姐妹、骂媒人、哭出门等曲调唱词凄婉动人极富感染力与别的山歌唱词和风格截然不同。布朗族歌手较多即兴歌词的编创能力惊人有的歌手能唱几天几夜而歌不竭、词不穷、音不沙、喉不哑。施甸县每个布朗族村寨都有自己的山歌队民间歌手比比皆是多次在省、市、县的各种比赛中获奖其中有云南省命名的民族民间音乐艺人。传承情况好有一批骨干和岁的小艺人。木老元乡重视布朗族山歌资源自年起举办了两届山歌会活跃了村民的文化生活影响较好。,省级,保山市\施甸县\木老元\乡\是\布朗族\聚居地\之一\布朗族\山歌\曲目\繁多\内容丰富\歌词\具有\较\高\的\艺术性\和\文学性\民族风格\和\地域\特色\浓郁\。\布朗族\山歌\唱腔\圆润\委婉\明亮\清晰\有\特殊\的\颤音\和\滑音\尤其\在\女声\中\最为\明显\。\一般\有\独唱\、\对唱\、\群唱\三种\形式\。\普遍\流行\的\山歌\有个\类别\古本\山歌\、\盘\花名\、\姊妹\山歌\、\跑马\山歌\又称\花花\山歌\、\盘\菜名\、\盘\药名\盘山\名\、\甲子\山歌\、\盘\天河\、\造\大船\。\其中\古本\、\盘\花名\、\盘\天河\、\造\大船\和\甲子\山歌\个\类别\的\内容\和歌\的\数量\固定\不变\盘\药名\、\盘\菜名\、\盘山\名\和\姊妹\山歌\内容\基本\固定\但\数量\上\略有\增减\。\跑马\山歌\则\完全\不同\其\内容\除\包括\前类\外\全部\由\歌手\即兴创作\数量\非常\多\。\平时\唱\的\山歌\曲调\有\几十种\最有\特点\的\山歌\之一\是\哭嫁歌\有\隔娘\调\、\隔\女调\、\哭\哥嫂\、\哭\姐妹\、\骂\媒人\、\哭\出门\等\曲调\唱词\凄婉\动人\极富\感染力\与\别的\山歌\唱词\和\风格\截然不同\。\布朗族\歌手\较\多\即兴\歌词\的\编创\能力\惊人\有\的\歌手\能\唱\几天几夜\而歌\不竭\、\词不穷\、\音不沙\、\喉不哑\。\施甸县\每个\布朗族\村寨\都\有\自己\的\山歌\队\民间\歌手\比比皆是\多次\在\省\、\市\、\县\的\各种\比赛\中\获奖\其中\有\云南省\命名\的\民族民间\音乐\艺人\。\传承\情况\好\有\一批\骨干\和\岁\的\小\艺人\。\木老元\乡\重视\布朗族\山歌\资源\自年\起\举办\了\两届\山歌\会\活跃\了\村民\的\文化\生活\影响\较\好\。,布朗族
上江乡新建村傈僳族民歌之乡,第一批,传统文化保护区,云南省,怒江傈僳族自治州泸水县上江乡新建村有类传统傈僳族民间音乐一是木刮即古歌是在大规模群众集会或重大活动演唱的叙事性抒情调子流传较广一般由名男子领唱众男子合唱内容主要为家谱和史诗。二是摆时即叙事歌多声部民歌内容为爱情与叙事歌曲结构为单声领唱与多声合唱两部分用真声结合喉头颤音唱法曲调特点为每句均以呀拉依结尾热烈奔放极富感召力。三是哟叶即情歌意为哼出来的歌一种为男女青年相聚和恋爱时对唱另一种是重要场合老年人的对唱内容主要是悲欢离合的生活故事。四是尼茨木刮即祭歌祭祀祖先时唱。五是葬歌为追悼死者而唱委婉悲切可连续唱几天几夜由于曲调篇幅太长现在能唱的民间祭师已很少。六是颂歌是新中国成立后民间歌手自行创作的新民歌。民间乐器主要有其奔又称傈僳琵琶为弹拨乐器分三弦和四弦弹奏者不分男女独奏、弹唱、弹跳均可笛哩图即竹管单簧吹奏乐器音量大音色圆润明亮讲究气息运用和各种特殊演奏技巧吹奏者一般为女子。新建村文体大会至年已连续举办届傈僳族村民积极参与。在该村多位民间艺人带动下许多传统表演技艺得以展示和传承。在当地政府组织下新建村成立了民族民间艺术团年轻人虚心向老艺人们学习使传统歌舞得到传承曾为国内外游客展演多场歌舞影响力和知名度都有一定提高。,省级,怒江傈僳族自治州\泸水县\上江乡\新建村\有类\传统\傈僳族\民间\音乐\一是\木\刮\即\古歌\是\在\大规模\群众\集会\或\重大\活动\演唱\的\叙事性\抒情\调子\流传\较广\一般\由名\男子\领唱\众\男子\合唱\内容\主要\为\家谱\和\史诗\。\二是\摆时\即\叙事\歌多\声部\民歌\内容\为\爱情\与\叙事歌曲\结构\为\单声\领唱\与\多声\合唱\两\部分\用\真声\结合\喉头\颤音\唱法\曲调\特点\为\每句\均\以\呀\拉\依\结尾\热烈奔放\极富\感召力\。\三是\哟\叶即\情歌\意为\哼\出来\的\歌\一种\为\男女\青年\相聚\和\恋爱\时\对唱\另\一种\是\重要\场合\老年人\的\对唱\内容\主要\是\悲欢离合\的\生活故事\。\四是\尼茨木\刮\即\祭歌\祭祀\祖先\时唱\。\五是\葬\歌为\追悼\死者\而\唱\委婉\悲切\可\连续\唱\几天几夜\由于\曲调\篇幅\太\长\现在\能\唱\的\民间\祭师\已\很少\。\六是\颂歌\是\新\中国\成立\后\民间\歌手\自行\创作\的\新\民歌\。\民间\乐器\主要\有\其\奔\又称\傈僳\琵琶\为\弹拨乐器\分\三弦\和\四\弦\弹奏\者\不分\男女\独奏\、\弹唱\、\弹跳\均\可\笛\哩\图\即\竹管\单簧\吹奏乐器\音量\大\音色\圆润\明亮\讲究\气息\运用\和\各种\特殊\演奏\技巧\吹奏者\一般\为\女子\。\新建村\文体\大会\至\年\已\连续\举办\届\傈僳族\村民\积极参与\。\在\该村\多位\民间艺人\带动\下\许多\传统\表演\技艺\得以\展示\和\传承\。\在\当地政府\组织\下\新建村\成立\了\民族\民间艺术团\年轻人\虚心\向\老艺\人们\学习\使\传统\歌舞\得到\传承\曾\为\国内外\游客\展演\多场\歌舞\影响力\和\知名度\都\有\一定\提高\。,傈僳族
金华镇梅园村白族石雕之乡,第一批,传统文化保护区,云南省,大理白族自治州剑川县石雕久负盛名自唐代就有盛誉明清时大批剑川石匠应召入宫参加北京故宫、圆明园的修建。新中国成立后又参加过首都人民大会堂、民族文化宫等重要建筑的工程。全国重点文物保护单位石宝山石窟突出反映了剑川石雕的艺术特色。梅园村自古就是远近闻名的石雕之乡梅园村现从事石雕业者有多户占全村总户数的全年收入达多万元。石雕是该村经济支柱产业产品种类繁多分为民用建筑基础石脚、柱脚石、阶沿石、踏步石、门墩寺庙和风景区建筑石雕构件、装饰件、佛像、牌坊、墓龛、狮子等。工艺主要采用圆雕、浮雕、线雕、深雕、透镂雕等手法造型生动逼真各具风采民谣赞其雕得石龙腾空舞雕得石花引蜜蜂雕得石人开口笑赛鬼斧神工梅园石雕主要以家传、师传和自学方式进行传承以家传为主。石雕艺人工艺水平炉火纯青雕刻时一般都不绘制草图也不事先制作小样。选好毛石料后只用木炭简单勾画一下就直接按腹稿图样雕刻一次成功。由于胸有成竹一锤一凿均运用自如。被称为世界双绝的剑川千狮山工程主体即由该村工匠段德坤率领村中石雕艺人设计制作是集中展示梅园石雕技艺的最佳典范。,省级,大理白族自治州\剑川县\石雕\久负盛名\自\唐代\就\有\盛誉\明清\时\大批\剑川\石匠\应召\入宫\参加\北京故宫\、\圆明园\的\修建\。\新\中国\成立\后\又\参加\过\首都\人民大会堂\、\民族文化宫\等\重要\建筑\的\工程\。\全国\重点\文物保护\单位\石宝山石窟\突出\反映\了\剑川\石雕\的\艺术\特色\。\梅园\村\自古\就是\远近闻名\的\石雕\之\乡\梅园\村现\从事\石雕\业者\有\多户\占\全村\总户数\的\全年收入\达\多万元\。\石雕\是\该村\经济\支柱产业\产品种类\繁多\分为\民用建筑\基础\石脚\、\柱脚\石\、\阶沿\石\、\踏步\石\、\门墩\寺庙\和\风景区\建筑\石雕\构件\、\装饰\件\、\佛像\、\牌坊\、\墓\龛\、\狮子\等\。\工艺\主要\采用\圆雕\、\浮雕\、\线雕\、\深雕\、\透\镂\雕\等\手法\造型\生动\逼真\各具\风采\民谣\赞其雕\得\石龙\腾空\舞雕\得\石花\引\蜜蜂\雕得\石人\开口笑\赛\鬼斧神工\梅园\石雕\主要\以\家传\、\师传\和\自学\方式\进行\传承\以\家传\为主\。\石雕\艺人\工艺水平\炉火纯青\雕刻\时\一般\都\不\绘制\草图\也\不\事先\制作\小样\。\选好\毛\石料\后\只用\木炭\简单\勾画\一下\就\直接\按\腹稿\图样\雕刻\一次\成功\。\由于\胸有成竹\一锤\一凿\均\运用自如\。\被\称为\世界\双绝\的\剑川\千狮山\工程\主体\即\由\该村\工匠\段德坤\率领\村中\石雕\艺人\设计\制作\是\集中\展示\梅园\石雕\技艺\的\最佳\典范\。,白族
大理市白族大本曲之乡,第一批,传统文化保护区,云南省,大本曲是流传于大理白族地区的一种说唱曲艺种类专门用白语汉字演唱整本长篇故事。曲本多取材于汉族、白族历史上的重大历史事件叙述历史上著名人物的传说故事反映了一定历史时期人民的真实生存状况和思想情感。大理地区逢年过节、婚丧嫁娶、农闲空暇都要弹唱大本曲大本曲自古以来一直是白族生活中的重要文化活动形式。大本曲在发展过程中经过历代艺人不断加工完善逐渐形成了三腔九板十八调的音乐体系三七一五的白族山花体诗歌为主的唱词规范和四大韵的唱词音韵。曲本由唱词和说白组成唱词为主说白次之。唱词基本结构为三七七五七七七五或七七七五七七七五。演唱时一人手持三弦伴奏另一人手执纸扇或手绢演唱在演唱过程中演唱者以丰富生动的脸部表情和简洁多变的手势配合表演。现在大本曲吸收了汉族戏曲中的一些身段配合说唱进行表演其间配以简单道具来增强视觉效果具有鲜明个性和浓郁白族风格。大本曲的艺术效果全是用音乐和语言来完成语言服从于内容和风格音乐服从于语言伴奏服从于唱腔以语言声调为基础依字行腔是其最显著的特点。目前大理市已收集本传统曲目和多本现代曲目并有多册清光绪年间的大本曲手抄本保留至今如《白天的故事》、《磨房记》、《柳荫记》、《王氏女对金刚经》等。现已有全部用汉语翻译的唱词专著出版并制作发行了大本曲的音像制品。作为大本曲最为兴盛和普及的中心区域大理市以大理古城为界形成了南腔、北腔、海东腔三大唱腔流派并产生和培养了一大批民间艺人其中杨汉、黑明星、李名璋分别为三腔的代表艺人。,省级,大本曲\是\流传\于\大理\白族\地区\的\一种\说唱\曲艺\种类\专门\用\白语\汉字\演唱\整本\长篇\故事\。\曲本\多\取材于\汉族\、\白族\历史\上\的\重大\历史\事件\叙述\历史\上\著名\人物\的\传说\故事\反映\了\一定\历史\时期\人民\的\真实\生存\状况\和\思想\情感\。\大理\地区\逢年过节\、\婚丧嫁娶\、\农闲\空暇\都\要\弹唱\大本曲\大本曲\自古以来\一直\是\白族\生活\中\的\重要\文化\活动\形式\。\大本曲\在\发展\过程\中\经过\历代\艺人\不断\加工\完善\逐渐\形成\了\三腔\九板\十八\调\的\音乐\体系\三\七一五\的\白族\山花\体\诗歌\为主\的\唱词\规范\和\四大\韵\的\唱词\音韵\。\曲本\由\唱词\和\说\白\组成\唱词\为主\说\白\次之\。\唱词\基本\结构\为\三七\七五\七七七\五\或\七七七\五\七七七\五\。\演唱\时一人\手持\三弦\伴奏\另一人\手执\纸扇\或\手绢\演唱\在\演唱\过程\中\演唱者\以\丰富\生动\的\脸部\表情\和\简洁\多变\的\手势\配合\表演\。\现在\大本曲\吸收\了\汉族\戏曲\中\的\一些\身段\配合\说唱\进行\表演\其间\配以\简单\道具\来\增强\视觉效果\具有\鲜明个性\和\浓郁\白族\风格\。\大本曲\的\艺术\效果\全是\用\音乐\和\语言\来\完成\语言\服从\于\内容\和\风格\音乐\服从\于\语言\伴奏\服从\于\唱腔\以\语言\声调\为\基础\依字\行腔\是\其\最\显著\的\特点\。\目前\大理市\已\收集\本\传统\曲目\和\多本\现代\曲目\并\有\多册\清\光绪年间\的\大本曲\手抄本\保留\至今\如\《\白天\的\故事\》\、\《\磨房\记\》\、\《\柳荫记\》\、\《\王氏\女\对\金刚经\》\等\。\现已\有\全部\用\汉语\翻译\的\唱词\专著\出版\并\制作\发行\了\大本曲\的\音像制品\。\作为\大本曲\最为\兴盛\和\普及\的\中心\区域\大理市\以\大理\古城\为界\形成\了\南腔\、\北腔\、\海东\腔\三大\唱腔\流派\并\产生\和\培养\了\一大批\民间艺人\其中\杨汉\、\黑\明星\、\李名璋\分别\为\三腔\的\代表\艺人\。,白族
云龙县白族吹吹腔之乡,第一批,传统文化保护区,云南省,大理白族自治州云龙县白族吹吹腔历史古老。吹吹腔代表人物很多迄今为止有上百位艺术精英闻名省内外。目前全县有个地区为吹吹腔的主要流行区域有专业和业余剧团个曾多次参加全省文艺汇演深受欢迎。历史上当地有座戏台现保存完好的仍有座。每逢年节、迎神赛会、婚丧嫁娶、起房竖柱都要进行吹吹腔表演春节时最隆重表演要进行三天三夜极受民间喜爱。作为一种古老的白族民间剧种吹吹腔有古装戏和现代戏之分行当分工非常细致生旦净丑齐全讲究手、眼、身、法、步有完整的表演程式和身段谱步法与唢呐旋律相适应舞蹈性强。吹吹腔以唱、吹为主吹又以唢呐为主要器乐吹奏过门故又称唢呐戏。每唱四句为一段唱词格式为三七一五即前三句为七字第四句为五字。第一句为起板二三句为中板四句为落板其间以唢呐间奏击乐配之。吹吹腔以上引、咏诗、作对、表白、做功为基础有一吹、二唱、三敲打的说法。唱腔则有九板十三腔唱词和对白一般都用白语特别吸引人的是杂戏一字腔属自编自演语言通俗诙谐十分贴近生活在唱腔音乐上除传统唱腔外还加上白族的山歌小调显得生动有趣。吹吹腔音乐资源丰富主要乐器为唢呐配器为二胡、三弦、笛子等。击乐有大镲、小镲、点子、小鼓等鼓点分为文场、武场两种表演起来抑扬顿挫十分精彩。演唱方式为道白与唱腔结合曲调质朴亲切。传统吹吹腔以历史典故为主要题材如《崔文瑞砍柴》、《火烧磨房》、《竹林拾子》、《三出首》等现代吹吹腔戏则反映白族人民崇尚文明、对美好生活的向往、讴歌和赞美大自然、好人好事等剧目有《人勤花茂》、《喜兆三元》、《鸡鸣茶香》、《见面礼》、《金叶连心》、《劝夫记》等现存多本折古代戏和现代戏。,省级,大理白族自治州\云龙县\白族\吹吹腔\历史\古老\。\吹吹腔\代表\人物\很多\迄今为止\有\上\百位\艺术\精英\闻名\省内外\。\目前\全县\有个\地区\为\吹吹腔\的\主要\流行\区域\有\专业\和\业余\剧团\个\曾多次\参加\全省\文艺\汇演\深受\欢迎\。\历史\上\当地\有座\戏台\现\保存\完好\的\仍\有\座\。\每逢\年节\、\迎神赛会\、\婚丧嫁娶\、\起房\竖柱\都\要\进行\吹吹腔\表演\春节\时\最\隆重\表演\要\进行\三天三夜\极受\民间\喜爱\。\作为\一种\古老\的\白族\民间\剧种\吹吹腔\有\古装戏\和\现代戏\之\分行\当\分工\非常\细致\生旦净\丑\齐全\讲究\手\、\眼\、\身\、\法\、\步有\完整\的\表演\程式\和\身段\谱\步法\与\唢呐\旋律\相适应\舞蹈\性强\。\吹吹腔\以唱\、\吹\为主\吹\又\以\唢呐\为\主要\器乐\吹奏\过门\故又称\唢呐\戏\。\每唱\四句\为\一段\唱词\格式\为\三\七一五\即前\三句\为七字\第四句\为\五字\。\第一句\为\起板\二三句\为\中板\四句\为\落板\其间\以\唢呐\间奏\击乐配\之\。\吹吹腔\以上\引\、\咏诗\、\作对\、\表白\、\做功\为\基础\有\一\吹\、\二唱\、\三\敲打\的\说法\。\唱腔\则\有\九板\十三腔\唱词\和\对白\一般\都\用\白语\特别\吸引\人\的\是\杂戏\一字腔\属\自编自演\语言\通俗\诙谐\十分\贴近生活\在\唱腔\音乐\上除\传统\唱腔\外\还\加上\白族\的\山歌\小调\显得\生动有趣\。\吹吹腔\音乐\资源\丰富\主要\乐器\为\唢呐\配器\为\二胡\、\三弦\、\笛子\等\。\击乐\有\大\镲\、\小\镲\、\点子\、\小鼓\等\鼓点\分为\文场\、\武场\两种\表演\起来\抑扬顿挫\十分\精彩\。\演唱\方式\为\道白\与\唱腔\结合\曲调\质朴\亲切\。\传统\吹吹腔\以\历史\典故\为\主要\题材\如\《\崔文瑞\砍柴\》\、\《\火烧\磨房\》\、\《\竹林\拾子\》\、\《\三出\首\》\等\现代\吹吹腔\戏则\反映\白族\人民\崇尚\文明\、\对\美好生活\的\向往\、\讴歌\和\赞美\大自然\、\好人好事\等\剧目\有\《\人勤\花茂\》\、\《\喜兆\三元\》\、\《\鸡鸣\茶香\》\、\《\见面礼\》\、\《\金叶\连\心\》\、\《\劝夫记\》\等\现存\多本\折\古代\戏\和\现代戏\。,白族
巍山县彝族打歌之乡,第一批,传统文化保护区,云南省,大理白族自治州巍山彝族回族自治县彝族打歌是流行于腊罗、迷撒和格尼个彝族支系中的歌舞形式融歌、舞、乐、美术服饰、民间文学唱词为一体广泛分布于该县各彝族乡村。近万个家庭、多万彝族群众人人会打歌多个自然村都有打歌场有的一个村就有几个打歌队。巍山彝族打歌又叫踏歌历史悠久有各种历史传说与彝族生产生活密不可分。《蒙化志稿》有关于踏歌的记载巍山巍宝山文昌宫内清乾隆年间的《松下打歌图》再现了古老的巍山彝族打歌场面。打歌要唱山歌有喜事调、节日调、忧事调、庙会调等分别有四句式、六句式、八句式、十句式、十二句式和少量奇数式其中又有五言、六言、七言和长短句等形式多用比兴手法语言朴实生动比喻形象贴切。芦笙一响脚杆就痒笛子一吹山歌就飞彝族打歌不分昼夜晚上打歌还要在打歌场中心燃起篝火人群围成一圈或数圈圈内吹芦笙者为歌头数人吹笛子一二人舞刀有的地区还弹三弦。打歌风格各地不同马鞍山地区打歌风格热烈粗犷奔放以舞为主十六步平摆、三翻三转、勾脚等动作别有特色五印地区打歌风格抒情优美歌舞俱佳东山打歌男女动作对比强烈双刀对舞雄健威武对唱内容是传统长诗《阿库遮》打歌调青华乡的南山弦子歌别具一格均用汉语演唱彝族山歌巍宝山和庙街乡则融合了马鞍山和五印的特点又不失自己的独特风格。打歌的乐器主要有芦笙和笛子有的地方还有三弦和月琴作为陪衬乐器各地乐器制式也不尽相同。打歌时还舞春秋刀、棍棒等。彝族打歌所穿戴的服饰色彩丰富款式别致刺绣精美各地服饰各有特色。巍山彝族打歌早在世纪年代就参加过全国少数民族文艺汇演其后便在国内外广泛表演以传统打歌形式创作的文艺节目多次获奖相关文字资料和多媒体资料品种丰富民间打歌热潮与日俱增全县镇乡有近百支打歌队伍活跃在民间有深厚的群众基础是云南省影响较大的一种民族歌舞形式。彝族打歌目前已经列入《巍山彝族回族自治县历史文化名城保护管理条例》将作为当地民族文化旅游的一个支柱品牌加以保护。,省级,大理白族自治州\巍山彝族回族自治县\彝族打歌\是\流行\于腊罗\、\迷撒\和\格尼个\彝族\支系\中\的\歌舞\形式\融歌\、\舞\、\乐\、\美术\服饰\、\民间文学\唱词\为\一体\广泛\分布\于\该县\各\彝族\乡村\。\近\万个\家庭\、\多万\彝族\群众\人人\会\打歌\多个\自然村\都\有\打歌\场有\的\一个\村\就\有\几个\打歌\队\。\巍山\彝族打歌\又\叫\踏歌\历史悠久\有\各种\历史\传说\与\彝族\生产\生活\密不可分\。\《\蒙化\志稿\》\有\关于\踏歌\的\记载\巍山\巍\宝山\文昌宫\内清\乾隆年间\的\《\松下\打歌\图\》\再现\了\古老\的\巍山\彝族打歌\场面\。\打歌\要\唱山歌\有\喜事\调\、\节日\调\、\忧事调\、\庙会\调等\分别\有\四句\式\、\六\句式\、\八\句式\、\十\句式\、\十二\句式\和\少量\奇数\式\其中\又\有\五言\、\六言\、\七言\和\长短句\等\形式\多用\比兴\手法\语言\朴实\生动\比喻\形象\贴切\。\芦笙\一响\脚杆\就\痒\笛子\一吹\山歌\就\飞\彝族打歌\不分昼夜\晚上\打歌\还要\在\打歌\场\中心\燃起\篝火\人群\围成\一圈\或数\圈圈\内\吹\芦笙\者\为\歌\头数\人\吹\笛子\一\二人\舞刀\有\的\地区\还弹\三弦\。\打歌\风格\各地\不同\马鞍山\地区\打歌\风格\热烈\粗犷\奔放\以舞\为主\十六\步平\摆\、\三翻\三转\、\勾脚\等\动作\别有\特色\五印\地区\打歌\风格\抒情\优美\歌舞\俱佳\东山\打歌\男女\动作\对比\强烈\双刀\对舞\雄健\威武\对唱\内容\是\传统\长诗\《\阿库\遮\》\打\歌调\青华乡\的\南山\弦子\歌\别具一格\均\用\汉语\演唱\彝族\山歌\巍\宝山\和\庙街\乡则\融合\了\马鞍山\和\五印\的\特点\又\不失\自己\的\独特\风格\。\打歌\的\乐器\主要\有\芦笙\和\笛子\有\的\地方\还有\三弦\和\月琴\作为\陪衬\乐器\各地\乐器\制式\也\不尽相同\。\打歌\时\还\舞\春秋\刀\、\棍棒\等\。\彝族打歌\所\穿戴\的\服饰\色彩\丰富\款式\别致\刺绣\精美\各地\服饰\各有特色\。\巍山\彝族打歌\早\在\世纪\年代\就\参加\过\全国\少数民族\文艺\汇演\其后\便\在\国内外\广泛\表演\以\传统\打歌\形式\创作\的\文艺节目\多次\获奖\相关\文字\资料\和\多媒体\资料\品种\丰富\民间\打歌\热潮\与日俱增\全县\镇乡\有近\百支\打歌\队伍\活跃\在\民间\有\深厚\的\群众\基础\是\云南省\影响\较大\的\一种\民族\歌舞\形式\。\彝族打歌\目前\已经\列入\《\巍山彝族回族自治县\历史\文化名城\保护\管理条例\》\将\作为\当地\民族文化\旅游\的\一个\支柱\品牌\加以\保护\。,白族
彝族风情浓郁的楚雄州大过口彝族文化保护区,第三批,传统文化保护区,楚雄,楚雄市大过口乡是州级彝族文化保护区总人口人其中彝族人口占总人口的森林覆盖达。这里民风淳朴彝族风情浓郁。毕摩文化、土主文化、图腾崇拜、禁忌习俗等历史文化悠久啊苏调、青棚调、山歌、酒歌等彝族民歌优雅动听大三弦舞、小三弦舞、葫芦笙舞、左脚舞、香通祭祀舞、毕摩祭祀舞等彝族舞蹈内容丰富而独特笛子、小闷笛、葫芦笙、唢呐、大号、筒子、羊角号、牛角号、小二胡月琴、大三弦、小三弦、响篾、羊皮鼓、牛皮鼓、镘、锣、法铃、师刀等众多传统乐器保留完整。大过口乡彝族传统文化保护区响笢演奏小闷笛演奏小三弦弹唱啊苏调演唱彝族传统节日点燃熊熊的篝火欢腾的歌舞晚会琳琅满目的彝族刺绣品这里的人会说话就会唱歌会走路就会跳舞这里是歌的海洋是舞的海洋是彝族的天堂。文章、图片楚雄州非物质文化遗产保护中心,省级,楚雄市\大过\口\乡\是\州级\彝族\文化\保护区\总人口\人\其中\彝族\人口\占\总人口\的\森林\覆盖\达\。\这里\民风\淳朴\彝族\风情\浓郁\。\毕摩\文化\、\土\主文化\、\图腾崇拜\、\禁忌\习俗\等\历史\文化\悠久\啊\苏调\、\青棚\调\、\山歌\、\酒歌\等\彝族\民歌\优雅\动听\大三弦\舞\、\小\三弦\舞\、\葫芦\笙舞\、\左脚\舞\、\香通\祭祀\舞\、\毕摩\祭祀\舞\等\彝族舞蹈\内容丰富\而\独特\笛子\、\小闷\笛\、\葫芦\笙\、\唢呐\、\大号\、\筒子\、\羊角\号\、\牛角\号\、\小\二胡\月琴\、\大三弦\、\小\三弦\、\响篾\、\羊皮鼓\、\牛皮\鼓\、\镘\、\锣\、\法铃\、\师刀\等\众多\传统\乐器\保留\完整\。\大过\口乡\彝族\传统文化\保护区\响\笢\演奏\小闷\笛\演奏\小\三弦\弹唱\啊\苏调\演唱\彝族\传统节日\点燃\熊熊\的\篝火\欢腾\的\歌舞晚会\琳琅满目\的\彝族\刺绣品\这里\的\人会\说话\就\会\唱歌\会\走路\就\会\跳舞\这里\是\歌\的\海洋\是\舞\的\海洋\是\彝族\的\天堂\。\文章\、\图片\楚雄州\非物质文化\遗产\保护\中心,彝族
城寨彝族传统文化保护区,第二批,传统文化保护区,文山,城寨村隶属麻栗坡县董干镇新寨村民委员会地处麻栗坡、富宁、广南三县交界处位于麻栗坡县东北部距县城公里。全村共有户人。全部是青一色的彝族白倮人。城寨村民族传统文化保护比较完整。宗教信仰、传统习俗、服饰、舞蹈等至今仍然保留着许多原始遗风与别的民族或支系有着明显区别。具有较高的人类学、民族学、民俗学价值。、民居建筑白倮支系木楼风格独特它属于多柱形杆栏式建筑城寨传统木结构建筑占它既不同于傣家竹楼也不像其它民族的楼房。是目前不可多得的保护较好的传统民居。、自然生态环境城寨村四周古木参天森林覆盖面广自然生态良好。、宗教白倮人盛行多神崇拜信仰万物有灵。、传统节日有荞菜节、春节、清明节、六郎节、尝新节等。最为隆重的是荞菜节即每年农历四月的第一个龙日为荞菜节。白倮人对荞菜节视同过大年是祭祀祖先、娱神娱人的盛大民族节日。、服饰白倮人男、女服饰都非常具有代表性民族风格浓郁图案丰富工艺精湛。有一套古老而完整的纺织工艺体系从种棉、纺线、织布、蜡染、刺绣到缝纫整套工艺均使用古老的传统技术脱棉机、纺车、织机等完整齐全。、歌舞白倮人能歌善舞其有专门的歌舞时节舞蹈种类有铜鼓舞、荞菜舞、竹竿舞、月亮舞、二胡舞、建房舞、结婚舞、纺织舞、团结舞、锁呐舞等近种民歌有历史歌、建房歌、月亮歌、荞菜歌、生产歌、生活歌、犁牛歌等。,省级,城寨\村\隶属\麻栗坡县\董干镇\新寨\村民委员会\地处\麻栗坡\、\富宁\、\广南\三县\交界处\位于\麻栗坡县\东北部\距\县城\公里\。\全村\共有\户人\。\全部\是\青\一色\的\彝族\白倮\人\。\城寨\村\民族\传统文化\保护\比较\完整\。\宗教信仰\、\传统习俗\、\服饰\、\舞蹈\等\至今\仍然\保留\着\许多\原始\遗风\与\别的\民族\或\支系\有着\明显\区别\。\具有\较\高\的\人类学\、\民族学\、\民俗学\价值\。\、\民居\建筑\白倮\支系\木楼\风格\独特\它\属于\多\柱形\杆\栏式\建筑\城寨\传统\木结构\建筑\占\它\既\不同于\傣家\竹楼\也\不\像\其它\民族\的\楼房\。\是\目前\不可多得\的\保护\较\好\的\传统\民居\。\、\自然\生态环境\城寨\村\四周\古木参天\森林\覆盖面广\自然生态\良好\。\、\宗教\白倮\人\盛行\多神\崇拜\信仰\万物\有灵\。\、\传统节日\有\荞菜节\、\春节\、\清明节\、\六郎节\、\尝新\节等\。\最为\隆重\的\是\荞菜节\即\每年\农历\四月\的\第一个\龙日\为\荞菜节\。\白倮\人\对\荞菜节\视同\过大年\是\祭祀\祖先\、\娱神\娱人\的\盛大\民族节日\。\、\服饰\白倮\人\男\、\女\服饰\都\非常\具有\代表性\民族风格\浓郁\图案\丰富\工艺\精湛\。\有\一套\古老\而\完整\的\纺织\工艺\体系\从\种棉\、\纺线\、\织布\、\蜡染\、\刺绣\到\缝纫\整套\工艺\均\使用\古老\的\传统\技术\脱\棉机\、\纺车\、\织机\等\完整\齐全\。\、\歌舞\白倮\人\能歌善舞\其有\专门\的\歌舞\时节\舞蹈\种类\有\铜鼓舞\、\荞菜\舞\、\竹竿舞\、\月亮\舞\、\二胡\舞\、\建房\舞\、\结婚\舞\、\纺织\舞\、\团结\舞\、\锁呐\舞等\近种\民歌\有\历史\歌\、\建房\歌\、\月亮\歌\、\荞菜\歌\、\生产\歌\、\生活\歌\、\犁牛\歌\等\。,彝族
大南直布朗族传统文化保护区,第二批,传统文化保护区,临沧,临沧市双江拉祜族佤族布朗族傣族自治县邦丙乡南直行政村大南直寨位于双江县城南部位于东经北纬海拔米东与大文乡相连南以小黑江为界与澜沧江隔江相望北靠仙人山小黑江由西南东流入大文乡境内的澜沧江。这里森林植被保护得较好以南亚热带阔叶树种为主年内最高气温度最低气温度年平均降雨量毫米。属低纬度亚热带山地。大南直寨是一个布朗族村寨共有户人布朗族人口占总人口的人均耕地面积亩。人均收入元据年统计。有一条通往邦丙乡政府的公路全长千米。布朗族的先民是古代濮人。汉晋时期濮人分布在云南省境内澜沧江两岸及其以西的广大地区到唐代已经分化发展成为不同称呼的多个族群。其中濮子蛮分布在当时的永昌今保山银生今景东一带。明、清时期的文献中把他们写作蒲蛮。蒲人即蒲蛮今顺宁永昌、景东七府有此种。结合零星的文史资料来考察可以断定双江布朗族先民在县境定居的时间最晚也是唐代。不少布朗族声称他们的祖先来自孟卯即勐卯今德宏州瑞丽大南直布朗族说他们的祖先从孟卯来来时抱着一只公鸡到达邦丙时公鸡便叫了起来于是他们就在这里居住下来。后来见南直这个地方四面有水中间的梁子上长满了棕树就分家迁到南直。南是水的意思直是棕树的意思后称大南直。大南直布朗族生活方式文化习俗传统纺织工艺等特点突出文化资源较为丰富在社会公德、生活方式、节庆活动、文艺体育、宗教祭祀等领域布朗族传统文化、习俗传承情况较好。至今保留着传统节庆活动和蜂桶鼓舞帕节舞和民歌音乐形态有完整的传统性传统体育运动有打陀螺、打秋千等娱乐休闲活动有上山打猎、找老鼠、女性丢包等。各种祭祀仪式和原始信仰习俗完整如建房中的择地、选材、建房、进新房等过程有一整套祭祀礼仪。原始信仰分别有祭祀、祭小鬼田、祭棉花神等仪式。,省级,临沧市\双江拉祜族佤族布朗族傣族自治县\邦\丙乡\南直\行政村\大南直\寨\位于\双江\县城\南部\位于\东经\北纬\海拔\米东\与\大文乡\相连\南以\小黑\江为界\与\澜沧江\隔\江相望\北靠\仙人\山\小黑\江由\西南\东\流入\大文乡\境内\的\澜沧江\。\这里\森林\植被\保护\得\较\好\以南\亚热带\阔叶树\种\为主\年内\最高\气\温度\最低气温\度年\平均\降雨量\毫米\。\属\低纬度\亚热带\山地\。\大南直\寨\是\一个\布朗族\村寨\共有\户人\布朗族\人口\占\总人口\的\人均\耕地面积\亩\。\人均收入\元据\年\统计\。\有\一条\通往\邦\丙\乡政府\的\公路\全长\千米\。\布朗族\的\先民\是\古代\濮人\。\汉晋\时期\濮人\分布\在\云南省\境内\澜沧江\两岸\及其\以西\的\广大\地区\到\唐代\已经\分化\发展\成为\不同\称呼\的\多个\族群\。\其中\濮子\蛮\分布\在\当时\的\永昌\今\保山\银生\今\景东\一带\。\明\、\清\时期\的\文献\中\把\他们\写作\蒲蛮\。\蒲人\即\蒲蛮\今顺宁\永昌\、\景东\七府\有\此种\。\结合\零星\的\文史资料\来\考察\可以\断定\双江\布朗族\先民\在\县境\定居\的\时间\最晚\也\是\唐代\。\不少\布朗族\声称\他们\的\祖先\来自\孟卯\即\勐卯\今\德宏州\瑞丽\大南直\布朗族\说\他们\的\祖先\从\孟卯\来\来时\抱\着\一只\公鸡\到达\邦\丙时\公鸡\便\叫\了\起来\于是\他们\就\在\这里\居住\下来\。\后来\见南直\这个\地方\四面\有水\中间\的\梁子\上\长满\了\棕树\就\分家\迁到\南直\。\南是\水\的\意思\直是\棕树\的\意思\后称\大南直\。\大南直\布朗族\生活方式\文化\习俗\传统\纺织\工艺\等\特点\突出\文化\资源\较为\丰富\在\社会公德\、\生活方式\、\节庆\活动\、\文艺\体育\、\宗教\祭祀\等\领域\布朗族\传统文化\、\习俗\传承\情况\较\好\。\至今\保留\着\传统\节庆\活动\和\蜂桶\鼓舞\帕节\舞\和\民歌\音乐\形态\有\完整\的\传统性\传统\体育运动\有\打\陀螺\、\打秋千\等\娱乐\休闲活动\有\上山\打猎\、\找\老鼠\、\女性\丢包\等\。\各种\祭祀\仪式\和\原始\信仰\习俗\完整\如\建房\中\的\择\地\、\选材\、\建房\、\进\新房\等\过程\有\一整套\祭祀\礼仪\。\原始\信仰\分别\有\祭祀\、\祭\小鬼\田\、\祭\棉花\神等\仪式\。,拉祜族
丁来佤族传统文化保护区,第二批,传统文化保护区,临沧,勐来崖画谷佤族传统文化保护区属云南省临沧市沧源佤族自治县勐来乡位于澜沧江流域滇西南中缅边境东经北纬国土面积平方公里全乡总人口人。其中佤族占总人口的。勐来崖画谷美丽的自然景观和神奇的人文景观赢得了天然公园、崖画之乡、蜂桶鼓舞之乡的美誉成为沧源一道独具魅力的风景线有被中外史学家誉为哀牢地新大陆、滇西南人文史诗多年历史长达公里的古崖画群有令人惊叹的千米国画长廊有落差米、宽米的班列瀑布有多亩生长期为多年的董棕林有洞长米、宽米、高米的溶洞洞内钟乳石千奇百怪其中最神奇的是自然天成的石观音附近信仰佛教的各族人民每年都要敬拜。加之崖画谷保存较完好的民俗风情、饮食起居、节庆活动、宗教信仰、民族服饰、歌舞、原始的耕作方式、丧葬习俗等成为最具代表性的中国佤族文化荟萃之地。现已成为佤文化艺术旅游观光景点和以佤文化为素材的电视、电影的理想拍摄基地。对研究佤族原始宗教文化、佤族社会经济状况、佤族歌舞艺术、佤族生产生活习俗、佤民族心理特征等有较高的价值。目前临沧市人民政府和沧源佤族自治县人民政府已制定了保护规划采取积极有效的措施将勐来崖画谷传统文化保护区作为佤族天然的人文博物馆进行保护。但崖画谷随着时代的变迁一些传统文化有所变化乃至消失如不及时加以保护濒临消亡的危险。,省级,勐来\崖画\谷\佤族\传统文化\保护区\属\云南省\临沧市\沧源佤族自治县\勐来\乡\位于\澜沧江\流域\滇西南\中\缅\边境\东经\北纬\国土面积\平方公里\全乡\总人口\人\。\其中\佤族\占\总人口\的\。\勐来\崖画\谷\美丽\的\自然景观\和\神奇\的\人文景观\赢得\了\天然\公园\、\崖画\之\乡\、\蜂桶\鼓舞\之乡\的\美誉\成为\沧源\一道\独具\魅力\的\风景线\有\被\中外\史学家\誉为\哀牢\地\新大陆\、\滇西南\人文\史诗\多年\历史\长\达\公里\的\古\崖画\群有\令人惊叹\的\千米\国画\长廊\有\落差\米\、\宽米\的\班列\瀑布\有\多亩\生长期\为\多年\的\董棕林\有\洞长\米\、\宽米\、\高米\的\溶洞\洞内\钟乳石\千奇百怪\其中\最\神奇\的\是\自然天成\的\石\观音\附近\信仰\佛教\的\各族人民\每年\都\要\敬拜\。\加之\崖画\谷\保存\较\完好\的\民俗风情\、\饮食起居\、\节庆\活动\、\宗教信仰\、\民族服饰\、\歌舞\、\原始\的\耕作\方式\、\丧葬\习俗\等\成为\最具\代表性\的\中国\佤族\文化\荟萃\之地\。\现已\成为\佤\文化\艺术\旅游观光\景点\和\以\佤\文化\为\素材\的\电视\、\电影\的\理想\拍摄\基地\。\对\研究\佤族\原始宗教\文化\、\佤族\社会\经济\状况\、\佤族\歌舞\艺术\、\佤族\生产\生活\习俗\、\佤\民族\心理特征\等\有\较\高\的\价值\。\目前\临沧市\人民政府\和\沧源佤族自治县\人民政府\已\制定\了\保护\规划\采取\积极\有效\的\措施\将\勐\来\崖画\谷\传统文化\保护区\作为\佤族\天然\的\人文\博物馆\进行\保护\。\但\崖画\谷\随着\时代\的\变迁\一些\传统文化\有所\变化\乃至\消失\如\不\及时\加以\保护\濒临\消亡\的\危险\。,佤族
凤羽镇白族传统文化保护区,第二批,传统文化保护区,大理,凤羽镇位于洱源县城西南部全镇国土面积平方公里。凤羽镇共辖个村民委员会个自然村个村民小组。境内有白、汉、回、傣、彝等个民族总人口人其中白族人口占是大理州白族比例最多的乡镇之一。凤羽镇属亚热带高原山地立体气候气候温和年平均气温。平均海拔米地处长经北纬。凤羽主要以农业、畜牧业为主的生产方式。那里交通便利矿藏资源丰富有铅、锌、铜、铁、硅藻土等资源。自然景观优美有百鸟朝凤的鸟吊山、白石江瀑布、徐霞客游过的清源洞。那里宗教信仰也比较盛行有儒、释、道三教合一的三教宫有鹤林寺、帝释山寺观群、灵鹫寺、积庆寺、玉皇阁、武庙、魁阁等。那里有很多镇灾驱邪的塔其中有镇风塔、镇水塔、镇蝗塔、文笔塔、渚安塔、留佛双塔等。境内民风民俗淳朴白族的一些民俗仍在那里流传。如婚丧习俗、建房习俗、本主崇拜等那里的建筑非常地道有典型的白族三坊一照壁、四合五天井、三叠水的大门有长米厚米高米的中和大照壁。服饰方面有婴儿裹被、凤凰帽、凤尾鞋、男女传统服饰代代相传。在饮食方面有凉粉、凉虾、凤羽小白糖凤羽源胜玉翠茶也比较驰名。工艺品凤羽砚台更是驰名海内外。民间文学非常丰富有神话传说《白王庄》、《十分水》、《洗子塘》、《御花园》、《献龙珠》、《白族凤凰鸡》、《白鹤还巢》、《墨相文明》等有以三弦伴奏的白族调也有《田家乐》、《闹春王正月》的农耕文化更有板凳戏、吹吹腔、霸王鞭等曲艺戏剧。凤羽历史悠久文化底蕴深厚勤劳智慧的凤羽人民在此创造了丰富的人文和自然文化俗称有文墨之乡、耕读之乡、白族之乡、砚台之乡。,省级,凤羽镇\位于\洱源县\城\西南部\全镇\国土面积\平方公里\。\凤羽\镇共辖个\村民委员会\个\自然村\个\村民\小组\。\境内\有白\、\汉\、\回\、\傣\、\彝等个\民族\总人口\人\其中\白族\人口\占\是\大理州\白族\比例\最多\的\乡镇\之一\。\凤羽\镇\属\亚热带\高原\山地\立体\气候\气候\温和\年\平均气温\。\平均海拔\米\地\处长\经\北纬\。\凤羽\主要\以\农业\、\畜牧业\为主\的\生产方式\。\那里\交通\便利\矿藏\资源\丰富\有\铅\、\锌\、\铜\、\铁\、\硅藻土\等\资源\。\自然景观\优美\有\百鸟朝凤\的\鸟\吊山\、\白石\江\瀑布\、\徐霞客\游过\的\清源\洞\。\那里\宗教信仰\也\比较\盛行\有儒\、\释\、\道\三教\合一\的\三教\宫有\鹤林寺\、\帝释\山\寺观\群\、\灵鹫\寺\、\积庆寺\、\玉皇阁\、\武庙\、\魁阁\等\。\那里\有\很多\镇灾\驱邪\的\塔\其中\有镇\风塔\、\镇\水塔\、\镇\蝗塔\、\文笔\塔\、\渚\安塔\、\留佛\双塔\等\。\境内\民风\民俗\淳朴\白族\的\一些\民俗\仍\在\那里\流传\。\如婚\丧\习俗\、\建房\习俗\、\本主\崇拜\等\那里\的\建筑\非常\地道\有\典型\的\白族\三坊\一\照壁\、\四合\五\天井\、\三叠\水\的\大门\有长\米\厚\米\高米\的\中\和\大\照壁\。\服饰\方面\有\婴儿\裹\被\、\凤凰\帽\、\凤尾\鞋\、\男女\传统\服饰\代代相传\。\在\饮食\方面\有\凉粉\、\凉虾\、\凤羽\小\白糖\凤羽源\胜玉翠茶\也\比较\驰名\。\工艺品\凤羽\砚台\更是\驰名\海内外\。\民间文学\非常丰富\有\神话传说\《\白\王庄\》\、\《\十分\水\》\、\《\洗子\塘\》\、\《\御花园\》\、\《\献龙珠\》\、\《\白族\凤凰\鸡\》\、\《\白鹤\还巢\》\、\《\墨相\文明\》\等\有\以\三弦\伴奏\的\白族调\也\有\《\田家\乐\》\、\《\闹春王\正月\》\的\农耕\文化\更\有\板凳\戏\、\吹吹腔\、\霸王鞭\等\曲艺\戏剧\。\凤羽\历史悠久\文化底蕴\深厚\勤劳\智慧\的\凤羽\人民\在\此\创造\了\丰富\的\人文\和\自然\文化\俗称\有\文墨\之\乡\、\耕读\之\乡\、\白族\之\乡\、\砚台\之\乡\。,白族
马洒壮族传统文化保护区,第二批,传统文化保护区,文山,壮族侬支系马洒村隶属马关县马白镇位于马白镇北部距镇政府所在地马关县城公里。占地面积亩。共有农户户人其中壮族户人占属典型的壮族聚居村。马洒村始建于明末清初。村寨依山傍水四面环山古木参天。森林覆盖率达以上。村前有千余亩稻田一派田园风光是典型的民族文化生态村。民居建筑鳞次栉比风格独特的杆栏式、半杆栏式建筑占以上。马洒壮族勤劳善良、聪慧民风淳朴有深厚的传统文化积淀保留着许多原始遗风。马洒传统丰富文化内容老人亭又称神农殿建于清道光十一年年是马洒壮族寨老制的文化遗存也是现今文山州境内的壮族村寨中保存最为完好的老人亭。亭内有神位牌、遐稽碑、进士牌、功德碑等。侬人古乐仙音妙曼优雅动听。共有个正调个外调乐器有多种乐队余人。逢节庆都要演奏有相当的知名度。马洒壮族能歌善舞歌舞有《手巾舞》、《纸马舞》等。有民间故事、民歌谣、谚语等口头文学流传。如《谷子的来历》、《铜鼓降妖》、《祭龙》、《纸马舞的来历》、《侬智高》等。有服饰、刺绣、编织、染织、雕刻、银饰等传统美术工艺。典籍、碑碣、家谱方面有代表性的《王氏图表家谱》、《历叙建设安平及叙历任诸官政绩源委》史本、《文昌大洞仙经》、《观音大洞仙经》、《金钢经》等。宗教信仰文化有山神崇拜、火神崇拜、水神崇拜、树神崇拜、雷神崇拜等。有以花米饭和壮味凉鸡为代表的饮食文化。民间草医草药有三七、背蛇生、大血藤等。传统节庆活动有二月祭龙节、三月三、六月节、尝新节等。,省级,壮族\侬\支系\马洒村\隶属\马关县\马白镇\位于\马白镇\北部\距\镇政府\所在地\马关\县城\公里\。\占地面积\亩\。\共有\农户\户人\其中\壮族\户人\占\属\典型\的\壮族\聚居\村\。\马洒村\始建\于\明末清初\。\村寨\依山傍水\四面\环山\古木参天\。\森林\覆盖率\达\以上\。\村前\有\千余亩\稻田\一派\田园风光\是\典型\的\民族文化\生态村\。\民居\建筑\鳞次栉比\风格\独特\的\杆\栏式\、\半杆\栏式\建筑\占\以上\。\马洒\壮族\勤劳\善良\、\聪慧\民风\淳朴\有\深厚\的\传统文化\积淀\保留\着\许多\原始\遗风\。\马洒\传统\丰富\文化\内容\老人\亭\又称\神农\殿\建于\清道光\十一年\年\是\马洒\壮族\寨\老制\的\文化\遗存\也\是\现今\文山州\境内\的\壮族\村寨\中\保存\最为\完好\的\老人\亭\。\亭\内\有\神位\牌\、\遐稽碑\、\进士\牌\、\功德碑\等\。\侬人\古乐仙\音妙曼\优雅\动听\。\共有\个\正\调个\外调\乐器\有\多种\乐队\余人\。\逢\节庆\都\要\演奏\有\相当\的\知名度\。\马洒\壮族\能歌善舞\歌舞\有\《\手巾\舞\》\、\《\纸马\舞\》\等\。\有\民间故事\、\民\歌谣\、\谚语\等\口头文学\流传\。\如\《\谷子\的\来历\》\、\《\铜鼓\降妖\》\、\《\祭龙\》\、\《\纸马\舞\的\来历\》\、\《\侬智高\》\等\。\有\服饰\、\刺绣\、\编织\、\染织\、\雕刻\、\银饰\等\传统\美术\工艺\。\典籍\、\碑碣\、\家谱\方面\有\代表性\的\《\王氏\图表\家谱\》\、\《\历叙\建设\安平\及\叙\历任\诸官\政绩\源委\》\史本\、\《\文昌\大洞\仙经\》\、\《\观音\大洞\仙经\》\、\《\金钢\经\》\等\。\宗教信仰\文化\有\山神\崇拜\、\火神\崇拜\、\水神\崇拜\、\树神\崇拜\、\雷神\崇拜\等\。\有\以花\米饭\和\壮味凉\鸡\为\代表\的\饮食文化\。\民间\草医\草药\有\三七\、\背蛇生\、\大血藤\等\。\传统\节庆\活动\有\二月\祭龙\节\、\三月三\、\六月\节\、\尝新\节等\。,壮族
蛮旦寨阿昌族传统文化保护区,第二批,传统文化保护区,保山,龙陵县蛮旦阿昌族保护区位于龙陵县西北角龙山镇芒麦村内。蛮旦寨子坐落在龙川江河谷地带寨子周围绿树成荫四面高山环绕。这里气候温和物产丰富水肥草美海拔米。全寨有户人人均收入元。蛮旦阿昌族自称小阿昌有独特的农耕文化有独特的杆栏式建筑民居有独特的服饰文化和饮食文化。在社会文化方面阿昌族信奉原始宗教崇拜天神遮帕麻和地母遮米麻相信鬼神的存在有自己传经布道的暮陶有丰富的口头文学阿昌人爱唱山歌和情歌随口就来阿昌族丧葬、祭祀、婚俗独特、有自己的传统医药。,省级,龙陵县\蛮旦\阿昌族\保护区\位于\龙陵县\西北角\龙山镇\芒麦\村内\。\蛮旦\寨子\坐落\在\龙川江\河谷\地带\寨子\周围\绿树成荫\四面\高山\环绕\。\这里\气候\温和\物产丰富\水肥\草美\海拔\米\。\全寨\有户\人\人均收入\元\。\蛮旦\阿昌族\自称\小\阿昌\有\独特\的\农耕\文化\有\独特\的\杆\栏式\建筑\民居\有\独特\的\服饰文化\和\饮食文化\。\在\社会文化\方面\阿昌族\信奉\原始宗教\崇拜\天神\遮帕麻\和\地母\遮米麻\相信\鬼神\的\存在\有\自己\传经\布道\的\暮\陶有\丰富\的\口头文学\阿昌\人爱\唱山歌\和\情歌\随口\就\来\阿昌族\丧葬\、\祭祀\、\婚俗\独特\、\有\自己\的\传统\医药\。,阿昌族
芒岛傣族传统文化保护区,第二批,传统文化保护区,普洱,芒岛傣族传统文化保护区有着生态的自然环境茂密的森林资源丰富的农产品多样的饮食文化原始古朴的宗教习俗多彩的民间文化以及独特的民居、服饰和便利的交通是保留傣族原有风格最具有傣族自然聚居、传承淳朴传统文化风貌的傣族村寨。自唐宋以来景谷就是傣族重要分布地。主要居住在境内的坝区和河谷地带。傣族村寨一般依山旁水山清水秀最具特色。景谷傣族流行傣那方言和傣泐、傣那文字信仰小乘佛教缅寺是保护传承傣族文化的中心全县缅寺座。傣族的传统节日很多重大的有采花节泼水节、关门节和开门节在传统的节日中举行盛大的堆沙、滴水、赕佛、赕白象、赕白牛、拜佛等祭祀活动采花节后进行朝佛活动历时半月有余。节日期间开展丰富多彩的民族文化活动跳白象舞、象脚鼓舞、孔雀舞民间曲艺黄喱、黄呤开展体育竞技打秋千、打陀螺、民居武术等热闹非凡。景谷傣族勤劳智慧热情好客与汉族和少数民族长期和睦相处创造了具有地域特点别具特色的傣族文化。芒岛傣族文化保护区在社会公德、生产生活、民居建筑、文化活动、宗教信仰、民风民俗、节日庆典等领域最具景谷傣族的代表性旱傣族的传统文化得到了传承并发扬光大。近年来党的民族、宗教政策的贯彻落实各级政府对民族传统文化加以重视芒岛傣族文化保护区纳入政府新农村建设的规划民族传统文化保护和传承加大了投入作为全县经济规划开展旅游业、文化产业芒岛傣族传统文化保护区占有重要的地位。,省级,芒岛傣族传统文化保护区\有着\生态\的\自然环境\茂密\的\森林资源\丰富\的\农产品\多样\的\饮食文化\原始\古朴\的\宗教\习俗\多彩的\民间文化\以及\独特\的\民居\、\服饰\和\便利\的\交通\是\保留\傣族\原有\风格\最\具有\傣族\自然\聚居\、\传承\淳朴\传统文化\风貌\的\傣族\村寨\。\自\唐宋\以来\景谷\就是\傣族\重要\分布\地\。\主要\居住\在\境内\的\坝区\和\河谷\地带\。\傣族\村寨\一般\依山\旁水\山清水秀\最具\特色\。\景谷\傣族\流行\傣\那\方言\和\傣泐\、\傣\那\文字\信仰\小乘\佛教\缅寺\是\保护\传承\傣族\文化\的\中心\全县\缅寺\座\。\傣族\的\传统节日\很多\重大\的\有\采花\节\泼水节\、\关门节\和\开门节\在\传统\的\节日\中\举行\盛大\的\堆沙\、\滴水\、\赕佛\、\赕\白象\、\赕\白牛\、\拜佛\等\祭祀\活动\采花\节后\进行\朝佛\活动\历时\半月\有余\。\节日期间\开展\丰富多彩\的\民族文化\活动\跳\白象\舞\、\象脚鼓舞\、\孔雀舞\民间\曲艺\黄喱\、\黄呤\开展\体育竞技\打秋千\、\打\陀螺\、\民居\武术\等\热闹非凡\。\景谷\傣族\勤劳\智慧\热情好客\与\汉族\和\少数民族\长期\和睦相处\创造\了\具有\地域\特点\别具特色\的\傣族\文化\。\芒岛\傣族\文化\保护区\在\社会公德\、\生产\生活\、\民居\建筑\、\文化\活动\、\宗教信仰\、\民风\民俗\、\节日\庆典\等\领域\最具\景谷\傣族\的\代表性\旱\傣族\的\传统文化\得到\了\传承\并\发扬光大\。\近年来\党\的\民族\、\宗教政策\的\贯彻落实\各级\政府\对\民族\传统文化\加以\重视\芒岛\傣族\文化\保护区\纳入\政府\新\农村\建设\的\规划\民族\传统文化\保护\和\传承\加大\了\投入\作为\全县\经济\规划\开展\旅游业\、\文化产业\芒岛傣族传统文化保护区\占有\重要\的\地位\。,傣族
尼汝藏族传统文化保护区,第二批,传统文化保护区,迪庆,尼汝尼意为眼汝意为角尼汝因整个地形象人的眼角故而得名尼汝地处三江并流世界自然遗产十景区的第一景区尼汝地处滇川贡嘎岭山脉支系这里是香格里拉县重要原始森林区也是唯一免遭森工企业采伐的处女地生态保持完好。。畜牧业是尼汝的特色经济之一占该村农民收入的以上。有纳波、属都、属姑、德杰四大牧场。尼汝传统文化尼汝素被誉为农布拉依意为殊胜天界。虽不象藏传佛教圣地西藏那样古刹林立、高僧众多诸路神佛云集但在整个建塘香格里拉地区这样一个弹丸之地的宗教却深受苯教、宁玛派、噶玛噶举派和格鲁派的影响演变出仓巴、昂吹、面翁等地方性支系宗教而别有特色。后来藏传佛教的宁玛、噶举、格鲁等教派逐渐传入在漫长的岁月里苯教和藏传佛教兼容并存相得益彰。在尼汝村中建有苯教的经幡塔吹拉、玛尼堆同时崇拜这里一切自然现象。如神山、神树、神泉、神洞仙人洞等。苯教徒仓巴的主要职业是为当地群众祈福禳灾卜卦治病几审度吉凶施收送鬼用品等受当地群众的崇尚苯教在尼汝藏民心中根深蒂固对当地的生活生产、民风民俗有着深远的影响。目前尼汝全村全民信仰原始宗教苯教和藏传佛教。尼汝藏族很早就有自己的苯教历法以月亮圆、缺、朔、塑计算月份。藏族历算根据宇宙大自然规律和雪域的特殊环境推算的阴阳五行、相生相克、四时节令对当地人民的生活起着至关重要的作用。在尼汝地方特色浓厚的传统节日有农历二月十五日开犁节四月十五日祭水神节七月十五日丹巴节九月十五日祭山跑马节。部分节日因文革时遭禁止至今还未恢复。尼汝藏族以游牧为主畜牧业在尼汝村经济中起主导作用在生产生活中占着重要的地位长期的游牧生活使他们与毛纺织业结下了不解之缘如穿的毛布、毛披风、皮衣、毛毯子用的毛绳、皮绳、皮马鞍、皮垫等。纺织品是他们生产生活中不可缺少的必需品全村不论男女老少都能纺能织、能缝并代代相传。尼汝的纺织业浸透着深厚的游牧民族文化内涵具有鲜明的民族个性和较高的审美价值有浓郁的地方民族特色。尼汝丰富多彩的藏族服饰具有悠久的历史以及独特的结构样式和艺术特点。尼汝民间音乐舞蹈主要是茨拉锅庄中的尼茨古旧锅庄为主无伴奏茨尼相传在吐蕃祖孙三法王时期就已流传于此地反映了奴隶社会和原始宗教形态舞步比较拘谨神情凝重带有宗教祭祀色彩。,省级,尼汝尼意\为\眼汝意\为\角尼汝因\整个\地\形象\人\的\眼角\故而\得名\尼汝\地处\三江\并流\世界\自然遗产\十\景区\的\第一\景区\尼汝\地处\滇川\贡嘎\岭\山脉\支系\这里\是\香格里拉县\重要\原始\森林区\也\是\唯一\免遭\森工\企业\采伐\的\处女地\生态\保持\完好\。\。\畜牧业\是\尼\汝\的\特色\经济\之一\占\该村\农民收入\的\以上\。\有纳波\、\属\都\、\属姑\、\德杰\四大\牧场\。\尼汝\传统文化\尼汝素\被誉为\农\布拉\依意\为\殊胜\天界\。\虽不象\藏传佛教\圣地\西藏\那样\古刹\林立\、\高僧\众多\诸路\神佛\云集\但\在\整个\建塘\香格里拉\地区\这样\一个\弹丸之地\的\宗教\却\深受\苯教\、\宁玛派\、\噶玛噶举派\和\格鲁派\的\影响\演变\出仓\巴\、\昂吹\、\面翁\等\地方性\支系\宗教\而别\有\特色\。\后来\藏传佛教\的\宁玛\、\噶举\、\格鲁等\教派\逐渐\传入\在\漫长\的\岁月\里\苯教\和\藏传佛教\兼容\并存\相得益彰\。\在\尼汝村\中\建有\苯教\的\经幡\塔吹拉\、\玛尼\堆\同时\崇拜\这里\一切\自然现象\。\如\神山\、\神树\、\神泉\、\神洞\仙人洞\等\。\苯\教徒\仓巴\的\主要\职业\是\为\当地\群众\祈福\禳\灾\卜卦\治病\几\审度\吉凶\施收\送\鬼\用品\等\受\当地\群众\的\崇尚\苯教\在\尼\汝\藏民\心中\根深蒂固\对\当地\的\生活\生产\、\民风\民俗\有着\深远\的\影响\。\目前\尼汝\全村\全民\信仰\原始宗教\苯教\和\藏传佛教\。\尼汝\藏族\很\早就\有\自己\的\苯教\历法\以\月亮\圆\、\缺\、\朔\、\塑\计算\月份\。\藏族\历算\根据\宇宙\大\自然规律\和\雪域\的\特殊\环境\推算\的\阴阳五行\、\相生相克\、\四时\节令\对\当地\人民\的\生活\起着\至关重要\的\作用\。\在\尼\汝\地方\特色\浓厚\的\传统节日\有\农历\二月\十五日\开犁\节\四月\十五日\祭\水神\节\七月\十五日\丹巴\节\九月\十五日\祭山\跑马\节\。\部分\节日\因\文革\时遭\禁止\至今\还\未\恢复\。\尼汝\藏族\以\游牧\为主\畜牧业\在\尼汝村\经济\中起\主导作用\在\生产\生活\中\占\着\重要\的\地位\长期\的\游牧\生活\使\他们\与\毛\纺织业\结下\了\不解之缘\如穿\的\毛布\、\毛\披风\、\皮衣\、\毛毯\子用\的\毛绳\、\皮绳\、\皮\马鞍\、\皮垫\等\。\纺织品\是\他们\生产\生活\中\不可\缺少\的\必需品\全村\不论\男女老少\都\能\纺能织\、\能缝\并\代代相传\。\尼汝的\纺织业\浸透\着\深厚\的\游牧民族\文化\内涵\具有\鲜明\的\民族\个性\和\较\高\的\审美价值\有\浓郁\的\地方\民族特色\。\尼汝\丰富多彩\的\藏族\服饰\具有\悠久\的\历史\以及\独特\的\结构\样式\和\艺术\特点\。\尼汝\民间\音乐舞蹈\主要\是\茨\拉\锅庄\中\的\尼茨\古旧\锅庄\为主\无\伴奏\茨\尼\相传\在\吐蕃\祖孙\三\法王\时期\就\已\流传\于\此地\反映\了\奴隶社会\和\原始宗教\形态\舞步\比较\拘谨\神情\凝重\带有\宗教\祭祀\色彩\。,藏族
诺邓村白族传统文化保护区,第二批,传统文化保护区,云南省,诺邓村群山环抱古树苍天是唐代南诏时期遗留的滇西北地区年代最久远的村邑。村落依山而建像一座小山城构成了独特的自然与人文景观、体现出山地白族的居住理念。民居建筑格局基本保持着千年以来的传统风貌。因山就势建筑的住宅和道路街巷层层叠叠台梯相连、楼院重接体现出山地白族民居建筑形式多样风格典雅的特点是当今不可多得的传统民居保护较完整的村落。该民居以土木结构为主具有较为鲜明的白族自然村落的传统风貌。诺邓历史悠久文化底蕴深厚。尽管随着时代的变迁一些传统习俗有所改变乃至消失但社会公德、生活起居、心理素质、节庆活动、文艺体育、宗教信仰等领域白族的传统文化仍然通过各种方式得到传承并发扬光大。村内有古盐井及明代五井盐课提举司衙门遗址是研究云南古代盐业经济文化的活教材。村内著名的玉皇阁道教建筑群及滇西第一木牌坊等古庙宇建筑保存完好。古树苍天、风景优美又有诺邓火腿豆饼酱菜等白族特色产品。诺邓白族传统文化区的建立可以为发展当地旅游业提供难得的便利条件。诺邓村在全省、全国乃至全世界均有较大影响。各种媒体多次深入诺邓拍摄各种专题片中外著名学者经常莅临诺邓考察。每逢节假日各地游客络绎不绝。但诺邓村已有上千年的历史其具有白族特色的古老传统民居中许多房屋年久失修已成危房部份居民因时代发展准备拆旧新建现代砖混民居如不及时修复危房阻止现代建筑的修建保存完好的诺邓千年白族村将失去本身面目。,省级,诺\邓村\群山\环抱\古树\苍天\是\唐代\南诏\时期\遗留\的\滇西北\地区\年代\最\久远\的\村\邑\。\村落\依山\而\建像\一座\小\山城\构成\了\独特\的\自然\与\人文景观\、\体现\出\山地\白族\的\居住\理念\。\民居\建筑\格局\基本\保持\着\千年\以来\的\传统\风貌\。\因山\就势\建筑\的\住宅\和\道路\街巷\层层叠叠\台梯\相连\、\楼院\重接\体现\出\山地\白族\民居\建筑\形式多样\风格\典雅\的\特点\是\当今\不可多得\的\传统\民居\保护\较完整\的\村落\。\该\民居\以土\木结构\为主\具有\较为\鲜明\的\白族\自然\村落\的\传统\风貌\。\诺邓\历史悠久\文化底蕴\深厚\。\尽管\随着\时代\的\变迁\一些\传统习俗\有所\改变\乃至\消失\但\社会公德\、\生活\起居\、\心理素质\、\节庆\活动\、\文艺\体育\、\宗教信仰\等\领域\白族\的\传统文化\仍然\通过\各种\方式\得到\传承\并\发扬光大\。\村内\有古\盐井\及\明代\五\井盐\课提\举司\衙门\遗址\是\研究\云南\古代\盐业\经济\文化\的\活\教材\。\村内\著名\的\玉皇阁\道教\建筑群\及\滇西\第一\木\牌坊\等\古\庙宇\建筑\保存\完好\。\古树\苍天\、\风景优美\又\有\诺\邓\火腿\豆饼\酱菜\等\白族\特色\产品\。\诺邓\白族\传统\文化区\的\建立\可以\为\发展\当地\旅游业\提供\难得\的\便利\条件\。\诺\邓村\在\全省\、\全国\乃至\全世界\均\有\较大\影响\。\各种\媒体\多次\深入\诺邓\拍摄\各种\专题片\中外\著名\学者\经常\莅临\诺邓\考察\。\每逢\节假日\各地\游客\络绎不绝\。\但诺\邓村\已有\上千年\的\历史\其\具有\白族\特色\的\古老\传统\民居\中\许多\房屋\年久失修\已成\危房\部份\居民\因\时代\发展\准备\拆旧\新建\现代\砖混\民居\如\不\及时\修复\危房\阻止\现代\建筑\的\修建\保存\完好\的\诺\邓\千年\白族\村\将\失去\本身\面目\。,白族
桥头村布依族传统文化保护区,第二批,传统文化保护区,红河,桥头布依族传统文化保护区地处河口县桥头乡老董上寨、老董下寨、荒田坡等个自然村寨。面积平方公里人口人保护区中有七个自然村寨与越南接壤或相邻。保护区历史悠久文化底蕴深厚至今还完整保留着布依族的传统民居、祭祀活动、婚礼习俗、服饰文化、摩文化、风俗礼仪、传统节日、传统音乐、舞蹈、民间文学等。古老的布依族文化形态极具内涵和价值范围涉及非物质文化遗产诸多类别如富有特色的传统干栏式吊脚楼体现了布依族的居住理念延续千年的民风民俗承载着布依族重大的历史文化信息和原始记忆神秘肃穆的摩公开红歃、祭祀活动中的过刀关、过火坑等蕴含着布依族自然崇拜的远古文化底蕴服饰中多种绣花图案精美、色彩明快且每个图案都有传说和故事处处体现出布依族人与自然和谐相处的文化内涵和美好愿望众多的民间故事、传说、歌谣、民间音乐、舞蹈内容涉及历史、自然、社交、时政、生产、生活方方面面充分体现出布依族文化艺术和历史发展的轨迹并反映出布依族群体的文化身份和特征。由于外来文化的冲击布依族的传统文化受到了前所未有的影响如不及时抢救和保护富有特色的传统干栏式吊脚楼将逐渐被砖瓦房取替传统服饰、传统歌舞、民风民俗以及众多的优秀民族传统文化面临外来时尚文化的冲击和影响积极申报桥头布依族传统文化保护区对开展保护和传承布依族传统文化工作将有重要历史和现实意义。,省级,桥头\布依族\传统文化\保护区\地处\河口县\桥头\乡老\董上\寨\、\老\董下\寨\、\荒田\坡\等\个\自然\村寨\。\面积\平方公里\人口\人\保护区\中有\七个\自然\村寨\与\越南\接壤\或\相邻\。\保护区\历史悠久\文化底蕴\深厚\至今\还\完整\保留\着\布依族\的\传统\民居\、\祭祀\活动\、\婚礼\习俗\、\服饰文化\、\摩\文化\、\风俗\礼仪\、\传统节日\、\传统\音乐\、\舞蹈\、\民间文学\等\。\古老\的\布依族\文化形态\极具\内涵\和\价值\范围\涉及\非物质文化\遗产\诸多\类别\如\富有\特色\的\传统\干栏\式\吊脚楼\体现\了\布依族\的\居住\理念\延续\千年\的\民风\民俗\承载\着\布依族\重大\的\历史\文化\信息\和\原始\记忆\神秘\肃穆\的\摩\公开\红\歃\、\祭祀\活动\中\的\过\刀关\、\过\火坑\等\蕴含着\布依族\自然崇拜\的\远古\文化底蕴\服饰\中\多种\绣花\图案\精美\、\色彩\明快\且\每个\图案\都\有\传说\和\故事\处处\体现\出\布依族\人与自然\和谐\相处\的\文化\内涵\和\美好愿望\众多\的\民间故事\、\传说\、\歌谣\、\民间\音乐\、\舞蹈内容\涉及\历史\、\自然\、\社交\、\时政\、\生产\、\生活\方方面面\充分体现\出\布依族\文化\艺术\和\历史\发展\的\轨迹\并\反映\出\布依族\群体\的\文化\身份\和\特征\。\由于\外来文化\的\冲击\布依族\的\传统文化\受到\了\前所未有\的\影响\如\不\及时\抢救\和\保护\富有\特色\的\传统\干栏\式\吊脚楼\将\逐渐\被\砖瓦房\取替\传统\服饰\、\传统\歌舞\、\民风\民俗\以及\众多\的\优秀\民族\传统文化\面临\外来\时尚文化\的\冲击\和\影响\积极\申报\桥头\布依族\传统文化\保护区\对\开展\保护\和\传承\布依族\传统文化\工作\将\有\重要\历史\和\现实意义\。,布依族
水城村傈僳族传统文化保护区,第二批,传统文化保护区,保山,腾冲县滇滩镇联族村水城傈僳族村位于滇滩镇西北部距县城公里距村委会公里。东接滇滩街子南临大岭子村民小组西接猴桥镇北与缅甸接壤国境线长达公里。全村有个村民小组户人村民均为傈僳族。水城村座西向东村落散聚于缓坡地带村前是平整的稻田村后是村有林森林覆盖率达以上。据水城傈僳族说他们的祖先于清朝初年由片马、古浪、岗房一带迁至滇滩横山于清康熙四年落籍滇滩水城。村里至今保存的刻木记事从一个侧面证明水城傈僳族是腾冲最早定居的傈僳族。水城傈僳族至今保存着传统织机和纺织工艺大多数妇女都掌握刺绣技术。水城竹类资源丰富竹编是这里较为普遍的手工艺竹器式样不一、大小不等工艺令人叹服。水城傈僳族的民居与当地汉族民居大同小异传统的木叉茅草房早已消失。水城傈僳族妇女的服饰造型和图案、色彩的搭配和选料都有着独特的韵味美观大方色彩斑斓它和其它地区傈僳族服装有很大的差别。民间文学在傈僳族传统文化中有着重要的地位舞蹈主要有跳嘎和三弦舞两种。水城傈僳族民间绘画是腾冲农民画创作队伍中的一支生力军作品题材丰富多样充满了浓厚的生活气息、鲜明的时代特征和民族特色具有较高的艺术欣赏价值和收藏价值。水城傈僳族民间最盛大、最隆重的节日是刀杆节上刀山、下火海是刀杆节最精彩的表演。水城村历史悠久自然生态环境良好人与自然和谐相处文化底蕴深厚区位优势明显民族风情浓郁其社会公德生活起居节庆活动文艺体育宗教信仰等传统文化极具地方民族特色在全县乃至全市傈僳族聚居区都很具有代表性。,省级,腾冲县\滇滩\镇\联族\村\水城\傈僳族\村\位于\滇滩\镇\西北部\距\县城\公里\距\村委会\公里\。\东接\滇滩\街子\南临\大\岭子\村民\小组\西接\猴桥\镇北\与\缅甸\接壤\国境线\长\达\公里\。\全村\有个\村民\小组\户人\村民\均\为\傈僳族\。\水城\村座\西向东\村落\散聚于\缓坡\地带\村前\是\平整\的\稻田\村后\是\村\有林\森林\覆盖率\达\以上\。\据\水城\傈僳族\说\他们\的\祖先\于\清朝\初年\由片\马\、\古浪\、\岗房\一带\迁至\滇滩\横山\于\清康熙\四年\落籍\滇滩\水城\。\村里\至今\保存\的\刻木记事\从\一个\侧面\证明\水城\傈僳族\是\腾冲\最早\定居\的\傈僳族\。\水城\傈僳族\至今\保存\着\传统\织机\和\纺织\工艺\大多数\妇女\都\掌握\刺绣\技术\。\水城\竹类\资源\丰富\竹编\是\这里\较为\普遍\的\手工艺\竹器\式样\不\一\、\大小不等\工艺\令人叹服\。\水城\傈僳族\的\民居\与\当地\汉族\民居\大同小异\传统\的\木叉\茅草房\早已\消失\。\水城\傈僳族\妇女\的\服饰\造型\和\图案\、\色彩\的\搭配\和\选料\都\有着\独特\的\韵味\美观大方\色彩斑斓\它\和\其它\地区\傈僳族\服装\有\很大\的\差别\。\民间文学\在\傈僳族\传统文化\中\有着\重要\的\地位\舞蹈\主要\有\跳\嘎\和\三弦\舞\两种\。\水城\傈僳族\民间\绘画\是\腾冲\农民画\创作\队伍\中\的\一支\生力军\作品\题材\丰富\多样\充满\了\浓厚\的\生活气息\、\鲜明\的\时代特征\和\民族特色\具有\较\高\的\艺术欣赏\价值\和\收藏\价值\。\水城\傈僳族\民间\最\盛大\、\最\隆重\的\节日\是\刀杆节\上刀山\、\下\火海\是\刀杆节\最\精彩\的\表演\。\水城\村\历史悠久\自然\生态环境\良好\人与自然\和谐\相处\文化底蕴\深厚\区位\优势\明显\民族风情\浓郁\其\社会公德\生活\起居\节庆\活动\文艺\体育\宗教信仰\等\传统文化\极具\地方\民族特色\在\全县\乃至\全市\傈僳族\聚居区\都\很\具有\代表性\。,傈僳族
湾子苗族传统文化保护区,第二批,传统文化保护区,昭通,湾子苗寨是一个纯苗族聚居的寨子民族文化保存相对完整。自然村名称威信县水田乡水田村民委员会湾子村民小组国土面积约平方公里全寨共有农户户口人。海拔米至米东经北纬年平均温度年降水量森林覆盖率达民族支系为白苗勐能其语言属汉藏语系苗瑶语族苗语支系寨内居民之间或同支系进行交流则使用本民族语言没有文字。湾子苗寨建于清代早期居民全为陶姓祖籍源于湖广明朝时流落在本地至今已有代。寨中居民以农耕为主传统手工艺有纺织、蜡染、挑花、刺绣等。湾子苗寨自然生态环境良好村寨依山傍水森林覆盖率高且多为原生林植被种类多。居民建筑村寨格局基本保持原始风貌。特别是两栋老祖屋历史悠久饱历沧桑保存完好。人字形咬合砌筑法古墙防洪设施对研究民居建筑、村落有一定参考价值。湾子历史悠久民族传统文化丰富多彩。湾子的苗族生活习俗、节庆活动、服饰文化、芦笙歌舞乐、民间体育等底蕴丰富保存完整而且湾子作为威信白苗典型聚居地不仅有利于传统文化的传承和保护而且对周边的苗族社会文化有极大的辐射力。湾子地处县城至水田公路边交通条件很好同时境内人文景观众多民族风情浓郁这对于今后进行综合保护和开发极大地提供了便利。,省级,湾子\苗寨\是\一个\纯\苗族\聚居\的\寨子\民族文化\保存\相对\完整\。\自然村\名称\威信县\水田\乡\水田\村民委员会\湾子\村民\小组\国土面积\约\平方公里\全寨\共有\农户\户口\人\。\海拔\米\至\米\东经\北纬\年\平均温度\年\降水量\森林\覆盖率\达\民族\支系\为\白苗\勐能\其\语言\属\汉藏语系\苗瑶语族\苗语支\系寨\内\居民\之间\或同\支系\进行\交流\则\使用\本\民族语言\没有\文字\。\湾子\苗寨\建于\清代\早期\居民\全为\陶姓\祖籍\源于\湖广\明朝\时\流落\在\本地\至今已有\代\。\寨\中\居民\以\农耕\为主\传统\手工艺\有\纺织\、\蜡染\、\挑花\、\刺绣\等\。\湾子\苗寨\自然\生态环境\良好\村寨\依山傍水\森林\覆盖率\高且\多\为\原生\林\植被\种类\多\。\居民\建筑\村寨\格局\基本\保持\原始\风貌\。\特别\是\两栋\老祖\屋\历史悠久\饱历\沧桑\保存\完好\。\人字形\咬合\砌筑\法古墙\防洪设施\对\研究\民居\建筑\、\村落\有\一定\参考价值\。\湾子\历史悠久\民族\传统文化\丰富多彩\。\湾子\的\苗族\生活\习俗\、\节庆\活动\、\服饰文化\、\芦笙\歌舞\乐\、\民间\体育\等\底蕴\丰富\保存\完整\而且\湾子\作为\威信\白苗\典型\聚居地\不仅\有利于\传统文化\的\传承\和\保护\而且\对\周边\的\苗族\社会文化\有\极大\的\辐射力\。\湾子\地处\县城\至\水田\公路\边\交通条件\很\好\同时\境内\人文景观\众多\民族风情\浓郁\这\对于\今后\进行\综合\保护\和\开发\极大\地\提供\了\便利\。,苗族
