项目编号,主体,关系,客体
1,哈尼族,举行,祭寨神林
1,祭寨神林,时间,一月中旬
1,祭寨神林,目的,祈求来年 风调雨顺
1,祭寨神林,目的,五谷丰登
1,祭 寨神林,目的,人畜平安
1,祭寨神林,流传地区,云南省哈尼族 村落
1,元阳县各乡镇,举办,最隆重的节庆大典
1,最隆重 的节庆大典,名称,祭寨神林
1,哈播村 一带,祭寨神林节 期开始于,农历腊月 第一个辰龙日
1,哈播村一带,祭寨神林延续到,午马日
1,哈播村 一带,祭寨神林节 期时长,三天
1,节日第一天,活动,清扫寨子
1,节日 第一天,活动,杀鸡
1,节日第一天,活动,舂 糯米粑粑
1,节日第一天,活动,染三色鸭蛋
1,寨 老,带领,男子
1,男子,特征,家道兴旺 品行端正
1,祭祀牺牲,分配方式,按全村家庭平均分配
1,家庭成员,必须尝一口,祭祀 牺牲
1,禽畜,必须尝一口,祭祀牺牲
1,祭祀牺牲,用途,拌进五谷种子 里
1,第二和第三天,活动,摆长街宴
1,第二和第三天,活动,通宵达旦 吟唱古老的哈吧古歌
1,老人,讲述,祖先迁徙的历史
1,老人,传授,安身 立命的伦理道德
1,老人,传授,梯田耕作的技术
1,老人,作出评价,每一个村民 一年来的德行
1,哈尼族,说法,“不唱哈吧寨 子不安宁”
1,哈尼族,说法,“不跳棕扇 舞人丁不安康”
1,哈尼 族,说法,“不跳 铓鼓舞谷穗不饱满”
1,哈 尼族,说法,“不 跳乐作舞禽畜不兴旺 ”
1,祭寨神林,展现,哈尼族传统文化
1,哈尼 族传统文化,包括,太阳历 法
1,哈尼族传统文化,包括,物候历法
1,哈尼族 传统文化,包括,创世迁徙 史诗
1,哈尼族传统文化,包括,叙事长诗
1,哈尼族传统文化,包括,音乐舞蹈
1,祭寨 神林,体现,世界观
1,世界观,内容,体察 天意
1,世界观,内容,顺应自然
1,世界观,内容,追求天人和谐
1,祭寨神林,是序曲,春 耕备耕
1,祭寨神林,彰显,梯田耕作的 礼仪
1,祭寨神林,彰显,梯田耕作的技术
1,祭寨 神林,彰显,梯 田耕作的禁忌
1,祭寨神林,趋势,规模越来越大
1,祭 寨神林,趋势,影响越来越广
1,传统史诗、知识、 技术和价值观的传承,状态,日渐淡化
1,传统史诗、知识、 技术和价值观的传承,需求,急需加以保护
2,大理三月街,所属民族,白族
2,大理三月 街,地理位置,云南省 大理白族自治州大理市大理古城
2,大理三月街,起源时间,唐代永徽 年间
2,大理三月 街,演变来源,庙 会
2,大理三月 街,关联因素,佛教 传播
2,大理三月 街,街期时长,七天
2,大理三月 街,开始日期,农历 三月十五日
2,大理三月街,结束日期,农历三月二十一日
2,大理三月街,参与 人数规模,以百万计
2,大理三月街,参与者范围,全国各地及 海外
2,大理 三月街,活动类型,民族文体活动
2,大理三月街,活动类型,物资交易
2,大理三月街,活动 类型,文化交流
2,大理三月街,传统 交易品类,药材
2,大理三月街,传统交易品类,大牲畜
2,大理三月街,传统交易品类,日 用百货
2,大理三月街,新增街区,洋人街
2,大理三月街,新增 街区,地方民族食品一条街
2,大理三月 街,新增交易市场,珠宝玉器
2,大理三月街,新增交易 市场,电脑产品
2,大理三月街,装饰特色,张灯结彩
2,大理三月 街,景观元素,花 山
2,大理 三月街,家庭布置,门前放置花木
2,大理三月街,融合 元素,风花雪月自然 风光
2,大理 三月街,融合元素,人文景象
2,大理三月街,文体活动,山歌对唱
2,大理三月街,文体活动,民族器乐演奏
2,大理三月 街,文体活动,灯 展
2,大理 三月街,文体活动,花展
2,大理三月街,文体活动,民族服饰表演
2,大理三月街,文体 活动,射弩
2,大理三月街,文体活动,秋千
2,大理三月街,文体活动,摔跤
2,大理三月街,文体活动,赛马
2,大理三月街,文体活动,龙舟
2,大理三月 街,文体活动,民族 歌舞比赛
2,大理三月街,研究价值领域,经济
2,大理三月街,研究价值 领域,文化
2,大理三月街,研究 价值领域,民俗
2,大理三月街,研究价值领域,宗教
3,石宝山 歌会,举办地点,云南 大理州剑川县石 宝山
3,石宝山歌会,举办 时间,每年农历七月二十七至 八月初一
3,石 宝山歌会,参与人群,剑川、洱源、 丽江、大理、兰坪等地的 白族群众
3,石宝山歌会,主要 活动,弹弦对调以 歌觅偶
3,石宝山歌会,相关 民俗活动,到各寺庙烧 香拜佛
3,石宝山歌会,相关 民俗活动,参加阿吒力 佛教法事
3,石宝山歌会,相关 民俗活动,白族地区中央 本主及石雕女阴阿 央白朝拜
3,石宝山歌会,核心形式,即兴对歌
3,石宝山 歌会,融合内容,弹弦唱曲
3,石宝山歌会,融合内容,求神拜 佛
3,石 宝山歌会,融合内容,本主崇拜
3,石宝山歌会,融合内容,以歌 觅偶
3,石宝山歌会,文化 特征,多元文化和谐共处
3,石宝 山歌会,历史地位,白族歌谣诞生的摇篮
3,石宝 山歌会,历史地位,白族歌谣发展传播的 基地
3,石 宝山歌会,研究价值,为人类学提供珍贵研究资料
3,石宝 山歌会,研究价值,为民族学提供珍贵研究资料
3,石宝 山歌会,研究价值,为历史学提供珍贵研究资料
3,石宝 山歌会,研究价值,为考古学提供珍贵研究资料
3,石宝山 歌会,研究价值,为美学提供珍贵研究资料
4,从通海 高台,属于,云南省通 海县传统节庆民俗 活动
4,明清 时军屯移民,传播,粤、闽等省的抬 阁和飘色到云南
4,《高台会碑 》,立碑时间,清道光二十二年四月二十七日
4,原通海 、河西两县迎高台,兴起于,清乾隆年间
4,七街,开始流传至,河西城 、通海城以及各村落
4,清嘉庆、道 光年间,成立高台会 的地区包括,七街、通 海县城、河西县城、四街 、杨广
4,高台巡游,举行日期,每年农历正月十六日
4,一般年份,高台数量为,十二台
4,闰年,高台数量为,十三 台
4,制作 高台手艺的难点,在于,不露筋骨
4,筋骨,指代,支撑整个舞台的铁杆
4,高台,是,流动舞台
4,一台高台,表现内容为,一出 戏
4,装扮 角色的孩子年龄范围,为,四至五岁
4,高台巡游伴随 表演,包括,吹打乐 、毛驴灯、龙灯等 民俗表演
4,从通海高台,具有 意义,继承中华民族优良传统增强 社区凝聚力
4,从通海高台,研究 价值涉及领域,民俗学、 艺术学、历史学
5,浇花节,所属民族,德昂族
5,浇 花节,流传地区,云南省德宏傣族景颇 族自治州
5,浇花 节,开始时间,清明节 后第七天
5,浇花节,持续时间,三天
5,德昂 族群众,穿着,节日 盛装
5,德 昂族群众,携带物品,清水
5,德 昂族群众,携带物品,食物
5,德 昂族群众,携带物品,鲜花
5,德 昂族群众,汇集地点,本寨的奘房
5,节日仪式,主持人,寨内的长老
5,男青年,敲击乐器,象脚鼓
5,女青年,舞蹈类型,堆沙舞
5,其他群众,背负物品,精致的小花 篮
5,其他 群众,手捧物品,竹水筒
5,其他群众,动作,往水龙槽里倒水
5,其他群众,目的,为佛像冲浴
5,其他群众,祈愿内容,来 年风调雨顺
5,人们,摆放位置,佛像前的供盘
5,人们,行为,齐声朗诵祭词
5,人们,行为,品尝各种食物
5,人们,排列 方式,排成长队
5,队伍,前 导,象脚鼓队
5,队伍,前往地点,井旁或泉 边
5,队伍,目的,取水
5,取水,举行仪式,取水供 物仪式
5,男女青年,活动内容,传烟
5,男女青年,活动内容,对歌
5,男女青年,活动内容,赛舞
5,浇花节,涉及领域,宗教礼仪
5,浇花节,涉及领域,民间歌舞
5,浇花节,涉及 领域,民间工艺
5,浇花节,涉及领域,婚姻习俗
5,浇花节,涉及领域,传统饮食
6,昌宁苗 族服饰,流传地区,云南省 保山市昌宁县 街乡
6,昌宁苗族服饰,主要 原料,火麻土布
6,火麻土布,制作工艺,手摇 机纺线+土布机织 造
6,苗族 妇女,创作方式,在 衣裙上缝制图案
6,完整盛装,组成部件,包头/上衣 /披肩/围腰/腰带 /短褶裙等十八件套
6,完整盛装,别称,十八一朵 花
6,昌宁 苗族服饰,色彩特点,红/黄/橙/白 为主色调
6,昌 宁苗族服饰,工艺特色,刺绣取胜
6,昌宁苗族服饰,关联民歌,《种麻纺织 调》
6,昌宁苗族服饰,关联 民歌,《纺织调》
6,昌宁苗 族服饰,关联民歌,《刺绣调》
6,昌宁苗族服饰,文化属性,口述文学 瑰宝
6,昌宁苗族服饰,历史 功能,追溯苗族历史发展 进程
6,昌 宁苗族服饰,文化功能,反映文化沉积
6,昌宁苗族服饰,认知体现,对世界 的认识
6,昌 宁苗族服饰,价值观念 载体,苗族价值观
6,昌宁苗族 服饰,审美意识载体,苗族审美意识
7,绕三灵,流传地区,云南省大理白 族自治州苍山洱海周边 地区
7,绕三灵,起源时间,一千多年
7,绕三灵,活动时间,每年农历四月二十三 日至二十五日
7,绕三灵,参与者,白族民众不分男女
7,绕三 灵队伍,前导组成,一男一女/两男 或两女手执柳树枝和 牛尾的老人称花柳树老人
7,绕 三灵队伍,中部组成,吹笛子的一人、手执 霸王鞭与金钱鼓的男女舞 者数十人
7,绕三灵队伍,队尾组成,吹树叶的 一人和数十位亦歌亦舞 手执扇子或草帽的 妇女
7,绕三灵队伍,队形 特征,一字长蛇阵
7,绕三 灵队伍,聚集地点,大理古城城隍庙
7,绕三灵 路线,第一站,崇 圣寺
7,绕三灵路线,第二站,朝阳村本主 庙
7,绕三灵路线,第三 站,庆洞村本主 庙
7,朝阳村本主庙祭拜 对象,抚民皇帝本主 ) 14. ( 庆洞村本主庙祭拜 对象,五百神王段宗 榜
7,四月二十四日祭拜对象,象征洱海之神的斩蟒 英雄段赤诚本主) 16. (四月二十五 日祭拜对象,马久 邑村本主保安景帝
7,绕 三灵活动内容,包括,打霸王鞭和金钱鼓
7,绕三 灵活动内容,包括,跳 扇子舞
7,绕三灵活动内容,包括,唱白族调 子
7,绕三灵文化意义,体现,白族在文化上的 包容吸纳能力
7,绕三灵文化意义,体现,高度的创新精神
7,绕三灵作用,强化,文化认同感
7,绕三灵作用,增强,白族凝聚力
7,绕三灵地位,成为,白族文化最有标志意义的象征 之一
8,刀杆节,傈僳 语名称,阿 堂得
8,刀杆节,别 名,爬刀节
8,刀杆节,流行地区,云南省怒江傈 僳族自治州泸水县
8,刀杆节,参与 民族,傈僳族
8,刀杆节,参与民族,彝族
8,刀杆节,节期,每年正月十五日
8,刀杆节,主要习俗表演活动,上刀山下火海
8,上刀山下火海,再现内容,山地民族翻 山越岭的生活经历
8,上刀山下火海,体现精神,攀藤负 葛的艰苦卓绝精神
8,上刀山下火 海,性质,民间传统 习俗活动
8,刀杆节,来历传说人物,王骥
8,王骥,官职,明代兵部尚书
8,王骥,任务,受朝廷派遣到云南边 陲部署军民联防
8,王骥,行动 目标,平息叛逆收复被侵占 的土地
8,王 骥,合作对象,当地 百姓
8,王 骥,结局,被皇帝 听信谗言毒死
8,傈僳人民,纪念方式,过刀杆 节
8,上 刀山下火海,包括步骤,点花
8,上刀山下火海,包括 步骤,点刀
8,上刀山下火海,包括步骤,耍刀
8,上刀山下 火海,包括步骤,迎 花
8,上 刀山下火海,包括步骤,设坛
8,上刀山下火海,包括 步骤,祭刀杆
8,上刀山下火 海,包括步骤,竖杆
8,上刀 山下火海,包括步骤,祭龙
8,上刀山下火海,包括步骤,上刀
8,上刀山下火海,包括步骤,折刀
8,上刀山下火 海,包括步骤,下火 海
8,上 刀山,道具材料,利刀捆扎于四五丈高的 栗树杆上
8,上刀山,刀具 间距,每把刀相距尺 许
8,上 刀山,刀刃方向,全部朝上
8,上刀山,表演方式,赤脚踏着锋利的钢 刀逐级爬至刀杆顶端
8,上刀 山,表演内容,开 天门
8,上刀山,表演内容,挂红
8,上刀山,表演内容,撒谷
8,下火海,前置 动作,下刀杆后
8,下火海,表演环境,通红炽 热的炭火中
8,现在节日,取代 原始信仰的内容,展现健康新颖 的唱词
8,现在节日,取代原始信仰 的内容,丰富的手上舞蹈动作的 跳嘎
8,现在节日,特点,具有 更广泛的群众性
8,刀杆节,文化 根源,自然崇拜的产物
8,刀杆节,精神体现,爱国主义精神
8,刀杆节,精神体现,不畏艰 险的民族精神
9,怒族仙女 节,别 称,鲜花节
9,怒 族仙女节,流传地区,云南省怒江傈僳族自治州 贡山独龙族怒族自治县丙 中洛乡
9,怒族仙女节,举行时间,每年农历三月十五日
9,怒族仙女节,持续时间,三天
9,怒族仙女节,活动类别,祭祀仙女洞 并迎接圣水
9,怒族仙女节,活动 类别,歌舞求福
9,怒族仙女节,活动类别,体育竞技
9,怒族仙女节,起源说法一,原始 崇拜
9,怒族 仙女节,起源说法二,怒族早期母系氏族尊崇 女性的遗俗
9,怒族,信奉对象,仙女
9,怒族,信奉目的,祈求安泰
9,仙女节习俗,形成原因,纪念传说中的仙女阿茸姑娘
9,主祭 人,行为,念祝 辞
9,大家,行为,口头献贡
9,祭祀仙女 仪式,现状,渐渐淡化
9,歌舞求 福,现状,成为仙女 节的主要活动内容
9,体育竞技,现状,成为仙女节的主要活动内容
9,怒族仙女 节,社会基础体现,原始宗教意识
9,怒族仙女节,社会 基础体现,自然崇拜
9,怒族仙女节,社会基础体现,生殖 崇拜
9,怒 族仙女节,受文化影响,藏传佛教文化
9,怒族仙女节,价值,对怒族 传统文化传承有重要价值
9,怒族,人口 特点,较少
9,怒族,居住特点,跨国境线而居
9,怒族传统文化,曾受冲击情况,极易受到外界因素的冲击
9,仙女节传承,中断时间,一度中断
9,仙女节传承,恢复时间,十一届三 中全会以后
10,卡雀哇 节,流传 地区,云南省怒 江傈僳族自治州贡山 独龙族怒族自治县西部独 龙江流域
10,卡雀哇节,举行时间 范围,每年农历腊月即 公历的月至次年的月之间
10,卡雀哇 节,节期最短天数,天
10,卡 雀哇节,节期最长 天数,天
10,贡山独龙族怒族自治县 人大常委会,确定日期,每年的 公历月日定为独龙族 的卡雀哇节
10,卡雀哇节,节庆内容,木刻传 信
10,卡雀 哇节,节庆内容,跳锅庄
10,卡雀哇节,节 庆内容,射击猎物模型
10,卡雀哇节,节庆内容,火 塘烧松叶求吉祥
10,卡雀哇节,节庆内容,喝 木罗酒
10,卡雀哇节,节 庆内容,剽牛
10,各村寨的 卡雀哇节,节期 顺序,由上游经中游 而至下游依序进入
10,独龙江流域独 龙族山寨的卡雀哇庆典,持续时间,前后持续一个月
10,卡雀 哇节,研究价值,探索独龙族文化发展的轨迹
10,卡雀哇 节,研究价值,把握 独龙族历法的起源及变迁 历史
10,卡 雀哇节,保留方式,木刻传信的信息传播方式
10,木刻 传信的信息传播方式,研究 意义,研究没有文字族群的 社会组织机制的珍贵样本
10,卡雀哇节,文化功能,对传统文化加以 系统整合和传承的重要载体
10,卡雀哇节,彰显理念,敬畏自然 的理念
10,卡 雀哇节,彰显愿望,人生顺达的愿望
11,目瑙纵 歌,又称,总戈
11,目瑙纵歌,流传 于,云南省德宏傣族 景颇族自治州的景颇族聚 居区
11,目瑙纵歌,产生 年代可追溯到,原始社会 时期
11,目瑙纵歌的最主要活动,是,跳目瑙纵 歌舞
11,正式活动前,立起,四根木柱
11,四根木柱,用来祭祀,太阳
11,四根 木柱,用来指示,舞蹈路线
11,柱侧,置有,刀、矛
11,刀、矛,象征,人民强悍刚毅的性格
11,柱档两端,设,木雕犀鸟、孔雀各一只
11,柱前,立活竹高 竿,表示生命常青
11,上方 挂有横匾,画有,景颇传说中的起源地喜马拉雅 山
11,目瑙节,已成为,景颇人民欢庆丰收的 歌舞娱乐的民俗节日
11,目瑙节 中最具代表性的表现形式,是,目瑙纵歌
11,目瑙 纵歌,包括,苏目 瑙招财庆丰收
11,目瑙纵 歌,包括,巴当目 瑙庆祝胜利
11,目瑙纵歌,包括,定栓目瑙庆 贺新居落成
11,目瑙纵歌,包括,结如目瑙 出征誓师
11,与目瑙纵歌 配合的舞蹈动作,顿步 摆肩的韵律鲜明独特,是景颇族舞蹈的代表性 动作
11,举行目瑙纵歌时,参加人数,方圆百十里 有上万人
11,举行目瑙纵歌 时,大家同场共舞,气氛隆重热烈极富民族 感召力和凝聚力
11,目瑙纵 歌,是加强民族关系、 增强民族团结的重要渠道) 23. (德宏傣族 景颇族自治州人民代表大会常委会,"讨论 通过确立, 目瑙纵歌 为德宏州法定的民族节日"
11,目 瑙纵歌作为法定节日的时间,是每年的,正月十五、 十六日
11,景颇族,是一个 跨境而居的民族) 26. (缅甸北部,"居住有, 近百万景颇 族"
11,印度北部,居住有,近百万景颇族
11,国内外,都举行,目瑙纵 歌
11,陇川县,是国内,景颇族人口最多
11,陇川 县,是,目瑙 纵歌传承最为完整规范、最具 景颇族代表性的地区
11,目瑙纵 歌,集景颇族文化 为一体,涉及社会生产生活的各个方面
11,目瑙纵歌,集中地 展现出,景颇族的传统文化
12,彝族火 把节,举办地点,贵州省 赫章县
12,彝族火 把节,举行时间,每年农历六月二十四日
12,赫章县,人口最多的少数民族,彝族
12,彝 族,当地语言称火把 节为,朵扔吉
12,彝族 火把节,节日起源,与各地彝族相同
12,彝族火 把节,节期,与各地彝族相同
12,彝族火把 节,节日活动,与 各地彝族相同
12,彝族火把节,主要流行区域,彝 族聚居村寨
12,彝族火把 节,意义,增强本 民族凝聚力
12,彝族火把节,意义,增进民族团结
12,彝族 火把节,研究价值,民族学
12,彝族火把节,研究价值,民俗学
12,彝族火把节,研究 价值,天文学
13,德宏泼 水节,所属民族,傣 族
13,德宏泼水节,所属民族,德昂族
13,德宏泼水 节,所属民族,阿 昌族
13,德 宏泼水节,举办地点,云南省西部德宏傣族 景颇族自治州
13,德宏泼水节,节 期时间,清明节后第七至 第十天
13,德 宏泼水节,历史渊源,傣族稻作文明
13,德宏泼水 节,宗教融合,上 座部佛教
13,德宏泼水节,文化 构成,南传佛教宗教仪式
13,德宏泼 水节,文化构成,德宏傣族传统礼仪
13,德宏泼水 节,活动形式,采 花
13,德 宏泼水节,活动形式,赕佛
13,德宏泼水节,活动形式,祭祀龙亭
13,德宏 泼水节,活动形式,浴佛仪式
13,德宏泼水节,活动形式,洒水祝福
13,德宏 泼水节,活动形式,歌舞活动
13,德宏泼水节,活动形式,武术表演
13,德宏泼水 节,活动形式,男女 丢包抛绣球
13,德宏泼水节,活动形式,燃放 孔明灯
13,德宏泼水节,活动 形式,飘水灯
13,德宏泼水 节,活动形式,放 高升
13,德宏泼水节,文化 精髓,傣家稻作文明
13,德宏 泼水节,文化精髓,水文化
13,德宏泼水节,研究价值领域,历史学
13,德宏泼 水节,研究价值领域,文化学
13,德宏泼水节,研究价值领域,民族学
13,德宏泼 水节,研究价值领域,民俗学
13,德宏泼水节,研究价值领域,宗教学
13,德宏泼 水节,研究价值领域,伦理学
14,傣医药,核心理论,四塔
14,傣医药,核心理论,五蕴
14,傣医药,核心理论,解药理论
14,四塔,包括元素,土
14,四塔,包括元素,水
14,四 塔,包括元素,火
14,四塔,包括 元素,风
14,五蕴,包括内容,色
14,五蕴,包括内容,识
14,五蕴,包括 内容,受
14,五蕴,包括内容,想
14,五蕴,包括内容,行
14,睡药 疗法,属于,傣医药 传统外治法
14,睡药疗法,用于 治疗,中风
14,睡药疗法,用于治疗,风湿病
14,睡药疗法,用于治疗,高热昏 厥
14,睡 药疗法,分类,冷 睡
14,睡 药疗法,分类,热 睡
14,冷 睡疗法,治疗类型,热病
14,热睡疗法,治疗类型,寒病
14,冷睡疗法,操作步骤,采集傣药鲜品切碎 捣烂
14,冷睡疗法,操作步骤,用干品加入适量的药酒 、旱莲草汁拌匀
14,冷睡疗法,操作步骤,把药平 摊在睡药床上让患者睡 在药上
14,冷睡疗法,操作步骤,将余药均匀地包 敷周身除颜面部外再用 布包裹
14,冷睡疗法,功效,清火解毒
14,冷睡疗法,功效,退热镇惊
14,冷睡疗法,功效,除风止痛
14,冷睡疗法,功效,保护脏器
14,冷睡疗法,适用病症,发热性疾病出现 高热不退
14,冷睡疗法,适用 病症,惊厥抽搐
14,冷睡疗法,适用病症,神昏谵 语
14,冷 睡疗法,适用病症,类风湿病
14,冷睡疗法,适用病症,痛风
14,冷睡疗法,适用病症,周身关节肌肉红肿热 痛
14,热 睡疗法,操作步骤,按病情所需配备相应的傣药鲜 品或干品置于锅内加适量 水和酒炒热后平摊 在睡药床上
14,热睡疗法,操作 步骤,待温度适中让患者 平睡在药上
14,热睡疗法,操作步骤,再取余药 包裹周身除颜面部外用布 包住覆盖被褥
14,热睡疗法,一次治疗时间,约三十分钟左右
14,热睡 疗法,目的,开汗 孔
14,热 睡疗法,目的,通 气血
14,热 睡疗法,目的,除 风毒
14,热睡疗法,目的,止疼痛
14,热睡疗法,适用病症,风湿病
14,热睡疗法,适用病症,中风偏瘫后遗症
14,热睡疗法,适用病症,月子 病
14,热 睡疗法,适用病症,老年性腰腿痛
14,傣族人口,主要分布地区,云南省西双 版纳傣族自治州
14,傣族人口,主要 分布地区,德宏傣族 景颇族自治州
14,傣医四塔、五蕴 学说,与...有密切关系,佛教教义
14,睡药疗法,特点,药物就地取材资源丰富
14,睡药 疗法,特点,使用方便
14,睡药 疗法,特点,具有广泛的应用 推广价值
15,彝医药,分布地区,云南楚雄
15,彝医药,分布地区,四川 凉山
15,彝 医学,理论基础,天地元气 分为清浊二气
15,彝医学,基本物质,金木水火土五行
15,人体,清气运行路径,络胸 、腹、五脏
15,人体,浊气运行 路径,循肌表、腹 、背
15,人体,六气作用,上下 贯通制衡内外邪毒
15,水膏药疗法,治疗类型,清热解毒外治法
15,水膏药疗法,用水来源,井水
15,水膏药 疗法,用水来源,冰 水
15,水 膏药疗法,用水来源,雪水
15,水膏药疗法,储水容器,瓦罐
15,水膏药制作方法,调和介质,井水或冰 水、雪水
15,水膏药制作方法,原料处理方式,切碎捣烂 草药
15,水膏药应用时机,适用病症 阶段,疖肿疮毒尚未 破溃时
15,水膏药敷用方式,外层固定材料,纱布
15,水膏药更换 频率,周期,每天更换 一次
15,常用 草药,包括种类,青 叶胆
15,常用草药,包括种类,地胆
15,常用草药,包括种类,迎春花
15,常用草药,包括种类,野菊花
15,水膏药药效特性,水性特点,透凉
15,水膏药治疗效果,功能,清热
15,水膏药治疗效果,功能,解毒
15,水膏药治疗效果,功能,消肿
15,水膏药治疗效果,功能,镇痛
16,藏族医药,属于,中国民族医药
16,迪庆藏 医骨伤疗法,基于,传统藏医创伤学理论
16,迪庆藏 医骨伤疗法,构成步骤,整复
16,迪庆藏医骨伤疗法,构成步骤,外敷 药加夹板或牵引固定
16,迪庆藏医 骨伤疗法,构成步骤,功能锻炼
16,伤科一号,功效,清热、消肿、止痛、活血化 淤
16,伤科 一号,成分,铁箍 散
16,伤科 一号,成分,冰片
16,伤科一号,成分,红花
16,伤科一号,成分,雪山一枝蒿
16,桑琼丸,药理作用,舒 通筋骨脉络
16,桑琼丸,药理 作用,活血化淤
16,十味乳香 丸,药理作用,舒通筋骨脉络
16,十味乳香丸,药理作用,活血化 淤
16,十八 味杜鹃花丸,药理 作用,舒通筋骨脉络
16,十八味杜鹃 花丸,药理作用,活血化淤
16,伤科二号,功效,接骨、舒筋
16,伤科二号,成分,铁箍散
16,伤科 二号,成分,红花
16,伤科二号,成分,骨碎补
16,伤科 二号,成分,当归
16,伤科二号,成分,榛皮
16,接骨消炎 丸,主要药理作用,促进骨细胞生成
16,接骨消炎丸,主要药理作用,骨 化
16,接 骨消炎丸,主要药理 作用,骨连接
16,接骨消炎丸,主要药理作用,消炎
16,八味 榛皮丸,主要药理 作用,促进骨细胞生成
16,八味榛 皮丸,主要药理作用,骨化
16,八味榛皮丸,主要药理作用,骨 连接
16,八 味榛皮丸,主要药 理作用,消炎
16,达尔强散,主要药理作用,促进骨 细胞生成
16,达尔强散,主要药理 作用,骨化
16,达尔强散,主要药理作用,骨连接
16,达尔强 散,主要药理作用,消炎
16,石榴日轮丸,功效,补肾壮骨、益气养血 强筋骨
16,巴桑母酥油丸,功效,补肾壮骨、益气 养血强筋骨
16,五味甘露药浴,作用,消炎止痛
16,五味甘露药 浴,作用,活血化 淤
16,五 味甘露药浴,作用,强筋壮骨
16,五味甘露药浴,作用,防止肌肉萎缩
16,五味 甘露药浴,作用,防止关节僵硬
16,云南藏族,主要分布地区,迪庆州
16,迪庆藏医药,应用人群,藏族群众
16,迪庆藏 医药,交流民族,纳 西族
16,迪庆藏医药,交流民族,傈僳族
16,迪庆藏医药,交流民族,白族
17,乌铜走 银制作技艺,始创时间,清雍正年间
17,乌铜走银 制作技艺,发源地,云南省石屏县岳家湾 村
17,乌铜 走银制作技艺,创始人,岳永兄弟
17,岳永兄弟,身份,抗金名将岳飞后裔
17,乌铜走银 制作技艺,经营方式,岳氏独家经营
17,乌铜走银,历史 地位,与北京景泰蓝 齐名并称天下铜艺双 绝
17,乌铜 走银,主要原料,铜、金等贵金属
17,乌铜走银,制作步骤,熔化后做成坯
17,乌铜走 银,制作步骤,在 坯上雕刻花纹图案
17,乌铜走银,制作步骤,将熔化的 银金走入细密花纹图案中
17,乌铜 走银,制作步骤,冷却后打磨光滑
17,乌铜走银,制作步骤,用祖传工艺 使底铜变成乌黑色
17,乌铜走银,装饰效果,透出 银金纹图案呈现出黑白黄分明
17,乌铜 走银,别称原因,一般多以镶嵌白银为主
17,乌铜走 银制品,常见类型,墨盒
17,乌铜走银制品,常见 类型,笔筒
17,乌铜走银制品,常见类型,酒壶
17,乌铜 走银制品,常见类型,香炉
17,乌铜走银制品,常见类型,花瓶
17,乌铜走银 制品,特点,造型奇 巧
17,乌 铜走银制品,特点,制作精细
17,乌铜走银制品,属性,艺术精品
17,乌铜走银制品,属性,具有收藏价值
17,乌铜 走银制作技艺,涉及传统 技艺,冶金
17,乌铜走银制作技艺,涉及传统技艺,錾 刻
17,乌 铜走银制作技艺,涉及 传统技艺,绘画
17,乌铜走银制作 技艺,价值,历史价值
17,乌铜 走银制作技艺,价值,科学价值
17,乌铜走银制作技艺,价值,文化艺术价值
17,乌铜走银 制作技艺,传承方式,家庭内部传承为主
17,乌铜走银制作技艺,生产方式,全手工操作
17,乌铜 走银制作技艺,面临问题,年轻人大多不愿学习
17,乌铜走银 制作技艺,面临问题,制品价格高
17,乌铜走银制作技艺,现状,后继乏人
17,乌铜 走银制作技艺,现状,濒危状况
18,宣威火腿,产地,宣威县
18,宣威火腿,别名,云腿
18,宣威火腿,与齐名,浙江金华火腿
18,宣 威火腿,形似,琵琶
18,宣威火腿,特点,大骨小皮薄肉厚
18,宣威 火腿,特点,肥瘦 适中
18,宣威火腿,断面香气,浓郁
18,宣威火腿,色泽,鲜艳
18,宣威火腿,瘦肉颜色,鲜红色或玫瑰色
18,宣 威火腿,肥肉颜色,乳白色
18,宣威火腿,骨头 颜色,桃红
18,宣威火腿,产生时间,明末
18,宣威火腿,成名时间,清雍正五年
18,宣威火腿,获奖事件,广州名特 食品会优质奖章
18,宣威火腿,生产模式,专业化、 规模化、系列化
18,宣威火腿,优点,色香味美
18,宣 威火腿,优点,营养丰富
18,宣威火腿,优点,风味独特
18,宣威火腿,形成 因素,地域地理气候环境
18,《 宣威县志稿》,记载内容,宣腿著名天下 气候使然
18,宣威火腿,秘密在于,独特的自然环境
18,宣威 火腿,秘密在于,气候 条件
18,宣威火腿,秘密在于,制作工艺
19,下关沱 茶,创 制地点,云南省 大理市下关
19,下关 沱茶,原料,云南 大叶种晒青茶
19,下关沱 茶,演变自,明代 团茶
19,下关沱茶,制作 工艺,拼配
19,下关沱茶,制作工艺,筛分
19,下 关沱茶,制作工艺,拣剔
19,下关沱茶,制作工艺,半制品拼配
19,下 关沱茶,制作工艺,称量
19,下关沱茶,制作工艺,蒸揉
19,下关 沱茶,制作工艺,压制成型
19,下关沱茶,制作工艺,干燥
19,下关沱 茶,制作工艺,包装
19,下关沱茶,操作方式,手工操作
19,下关沱茶,蕴含知识,地区特征 技术知识
19,云南下关,所属 行政区划,大理白族自治州 大理市
19,云南地区,气候特点,空气湿润
19,云南地区,气候特点,四季温和
19,云南地区,气候特点,日照时间长
19,云南地区,适宜种植,茶叶
19,沱茶历史,文献记载,《滇略》
19,《滇略 》,作者,谢肇 淛
19,《滇略》,内容 提及,士庶所用皆普 茶也蒸而团之
19,沱茶 早期形式,描述为,蒸而团之
19,永昌祥,成立地点,下关
19,永 昌祥,企业类型,茶叶精制加工厂
19,永昌祥,加工产品,紧茶
19,永 昌祥,加工产品,饼茶
19,永昌祥,标志 事件,沱茶工艺诞生
19,沱 茶生产,民族关联,白族人民
19,沱茶产品,运输路线,茶马古道
19,沱茶产品,销往地区,滇西北
19,沱茶产品,销往地区,西藏
19,沱 茶产品,销往地区,四川
19,沱茶产品,主要 消费者,藏胞
19,沱茶产品,历史作用,促进各 民族友好往来
20,云南普洱茶,历史追溯,商周时期
20,唐代,销售范围,内地和西藏
20,宋代,贸易政策地位,茶马互市
20,明代,销售盛况,士庶所有 皆普洱茶
20,清代,贡品地位,被列为贡品
20,清代,管理机构,官茶局
20,云南普洱茶,主要 产地,宁洱哈尼族 彝族自治县
20,云南普洱茶,主要产地,勐海县
20,勐海县,旧称,佛海
20,勐海 县,称号,世界茶 树发源地之一
20,范和钧,创建,勐海茶 厂
20,勐海茶厂,生产 品牌,大益牌普洱茶
20,大 益,评为,中国名牌 农产品
20,大益茶制作技艺,关键,拼配
20,大益茶 制作技艺,关键,发酵
20,拼配,定义,根据各个 茶叶品种的特点进行有效、合理的组合 取长补短以弥补单一品种 之不足
20,发酵,定义,人工后发的特殊技艺
21,云南普洱茶,传统制作工艺 起源时间,商 周时期
21,唐代,销售范围,内地和西藏
21,宋代,贸易政策地位,茶马互市
21,明代,销售盛况,士庶所有皆普洱茶
21,清代,贡 品地位,被列为贡品
21,清代,管理机构,官茶局
21,云南普洱茶,主产区,宁洱哈尼族彝 族自治县
21,云南普洱茶,主产区,勐海 县
21,宁洱 县普洱茶制作技艺,别称,贡茶制作技艺
21,贡茶制作技艺,形成方式,千百年 实践积累经验
21,茶叶采摘前,必要仪式,祭礼
21,祭礼内容,对象,茶神
21,制茶者,原料 选择标准,严格选择采摘地 和时节
21,制茶者,采摘方式,手摘
21,鲜叶加工环节,工艺 名称,杀青揉晒
21,杀青揉 晒目的,制成产品,晒青茶
21,后续工序,包含步骤,蒸、揉、压、定型 、干燥、包装
21,晒青茶,制成 产品,成品茶
21,普洱贡茶,组成部分,中华茶文化
21,普洱贡 茶传统制作技艺,作用,现代普洱茶工艺研发基础
21,普洱贡茶,研究价值领域,历史文化
21,普洱 贡茶,研究价值领域,民族学
21,普洱贡茶,研究 价值领域,民俗学
21,普洱贡茶,研究价值领域,科技 史
21,普 洱贡茶,潜在开发价值,回归自然生态需求
21,普洱贡茶,潜在开发价值,健康 文化消费趋势
22,贝叶经,傣语 称,坦兰
22,贝 叶经,刻写材料,贝多罗树叶
22,贝叶经,使用工具,铁笔
22,贝叶经,内容类型,佛教经文
22,贝叶经,起源地,古代印度
22,贝叶经,传入路径,斯里兰 卡
22,贝叶 经,传入路径,缅甸
22,贝叶经,传入路径,泰国
22,贝叶经,传入目的地,中国云南省西南 边疆地区
22,贝叶经遗存国家,包括,印度
22,贝叶经遗存国家,包括,泰国
22,贝叶经遗存国家,包括,缅甸
22,贝叶经遗存 国家,包括,老挝
22,贝叶经遗 存国家,包括,斯里 兰卡
22,云南省西双版纳,继承 技艺,贝叶经制作技艺
22,思茅,继承技艺,贝叶 经制作技艺
22,临沧,继承技艺,贝叶经制作技艺
22,德宏,继承技艺,贝叶经制作 技艺
22,西 双版纳,发现文字类型,傣文贝叶经
22,西双版 纳,发现文字类型,老挝文贝叶经
22,西双版纳,发现文字类型,缅甸文 贝叶经
22,西双版纳,发现 文字类型,泰国文贝叶 经
22,西 双版纳贝叶经,文本形式,巴利文本
22,西双版 纳贝叶经,文本形式,傣文本
22,西双版纳贝叶 经,规格类型,四 行式
22,西双版纳贝叶经,规格类型,五行式
22,西双版 纳贝叶经,规格类型,六行式
22,西双版纳贝 叶经,规格类型,八行式
22,傣族人民,记录内容,天文历法
22,傣族人民,记录内容,社会历史
22,傣族人民,记录内容,法规
22,傣族人民,记录内容,民俗
22,傣族人民,记录内容,医药
22,傣族人民,记录内容,生产
22,傣族人民,记录内容,生活
22,傣族人民,记录内容,伦理道德
22,傣族人民,记录内容,文学艺术
22,贝叶 经,文化属性,傣 族传统文化载体
22,贝叶经,研究价值,史学价值
22,贝叶经,研究 价值,民族学价值
22,傣族人民,视为珍宝,傣文贝 叶经
22,傣族人民,誉称,运载傣族历史文化的神舟
22,贝叶 经,别称,傣 族人民的百科全书
22,西双版纳佛寺,珍藏物品,贝叶经
22,普通百姓 家,珍藏物品,贝 叶经
23,傣族象 脚鼓制作技艺,主要流传地区,临沧市临 翔区
23,傣族象脚鼓制作 技艺,历史时长,五百 多年
23,代表性人物,俸传诗,忙畔街道办事处青华村
23,象脚 鼓形状象征,白象腿 ) 5. (象 脚鼓文化意义,图腾 崇拜
23,使用场合,泼水节) 7. (使用场合,关门节
23,使用场合,千 灯节) 9. (使用场合,开门节
23,使用 场合,立幡杆节) 11. (关联 国家,泰国
23,关联国家,缅甸) 13. (关联国家,老挝
23,历史文化渊源 地,西双版纳) 15. (历史文化 渊源地,德宏
23,特色类型,中小型) 1 7. (特色类型,轻便 型
23,特色类型,地域实用型 ) 19. ( 影响范围,中缅边境地区 傣族
24,云南,以铜器制作 闻名于世,先秦时代
24,朱提洗,产地,朱提
24,堂琅洗,产地,堂琅
24,朱提,现属地区,云南 昭通市
24,堂琅,现属 地区,东川县、会 泽县
24,明代云南铜器匠师,采用方法,冷锻成型
24,冷 锻成型,使用材料,天然斑铜矿石
24,天然斑铜矿石,来源地,东川附近
24,斑 铜制品,包括类型,人物
24,斑铜制品,包括类型,动物
24,斑铜制品,包括类型,仿古瓶
24,斑铜制品,包括类型,鼎
24,斑铜制品,包括类型,炉
24,斑铜 制品,包括类型,罐
24,斑 铜制品,包括类型,爵
24,铜,掺杂金属,金
24,铜,掺杂金属,银
24,斑铜,特征,特殊 辉斑
24,斑铜,颜色,深蓝
24,斑铜,颜色,紫金
24,斑铜,颜色,赤红
24,斑铜,最耀眼颜色,金黄色
24,斑 铜器物,表面处理工艺,抛光
24,抛光后斑铜器 物,呈现效果,古 铜色底子
24,抛光后斑铜器 物,呈现效果,斑 彩熠熠天然效果
24,斑铜器 物斑影,特点,无一雷同
24,斑铜制作技艺,所属类别,云南独特 传统手工艺
24,斑铜制作技艺,具有价值,历史价值
24,斑 铜制作技艺,具有价值,文化价值
24,保护并发展斑铜 制作技艺,意义,展现 民族文化创造力
25,傣族织 锦,是,傣族先 民劳动的产物
25,傣族织 锦,属于,傣族 传统手工艺最早期的重要品种
25,傣族 织锦,与...相关,傣族人民的日常生活
25,傣族织锦,与...相关,佛教 信仰
25,傣族织锦,与... 相关,鬼神崇拜
25,傣族织锦,体现社会风习,男耕女织的农耕社会风 习
25,傣族织锦,由... 制作,妇女之手
25,傣族织锦,图案包含,高洁 的荷花
25,傣族织锦,图案 包含,挺立的槟榔
25,傣族织锦,图案包含,吉祥的孔雀
25,傣族织 锦,图案包含,庄重 的大象
25,傣族织锦,图案包含,威严的麒麟和 龙凤
25,傣族织锦,图案包含,佛塔
25,傣族 织锦,表达主题,对真善美的追求和向往
25,傣 族织锦,采用底色,白底
25,傣族织锦,使用图案类型,单一 独立的图案
25,傣族织锦,使用图案类型,多次重复的 连续图案
25,傣族织锦,呈现形式,剪影式的侧面 造型
25,傣族织锦,强调 特性,对称性
25,傣族织 锦,强调特性,对比 性
25,傣族织锦,强调 特性,连续性
25,傣族织锦,讲究结合方式,疏 密结合
25,傣族织锦,讲究结合方式,具象和 抽象结合
25,傣族织锦,具有价值,历史文化价值
25,傣族 织锦,具有价值,美学价值
25,傣族织锦,面临现状,灭绝之境
25,傣 族织锦,需要措施,科学、合理地保护和开发
25,保护和开发傣族织锦,意义在于,弘扬傣族 的优秀文化
26,藏族黑陶 烧制技艺,主要分布地区,云南省迪庆藏族自治州 香格里拉县尼西乡 汤堆村
26,藏族黑陶烧制技艺,主要分布地区,四川省稻城县 赤土乡阿西村
26,藏族黑陶烧制 技艺,主要分布地区,青海省玉树地区囊谦县
26,汤堆村村民,拥有传统手工艺,烧制黑陶
26,汤堆村藏族黑陶烧 制工艺,采用原料,白色和红色陶土加风化 沙石研磨而成的石粉
26,汤堆村藏族黑 陶制作工具,包括,木 拍、木刮、木垫、 木榔头
26,汤堆村黑陶烧制工艺,经过步骤,选土
26,汤堆村 黑陶烧制工艺,经过 步骤,练土
26,汤堆村黑陶烧 制工艺,经过步骤,制坯
26,汤堆村黑陶烧制工艺,经过步骤,镶瓷
26,汤堆 村黑陶烧制工艺,经过步骤,磨光
26,汤堆村黑 陶烧制工艺,经过步骤,装饰
26,汤堆村黑陶烧制 工艺,经过步骤,阴 干
26,汤 堆村黑陶烧制工艺,经过步骤,烧制
26,汤堆村 黑陶烧制工艺,经过 步骤,渗炭
26,汤堆村黑陶 烧制工艺,经过步骤,防裂
26,汤堆村制作陶坯方法,采用,泥条盘 筑法
26,汤堆村藏族黑陶手工艺 产品,分为类别,日常生活 用品
26,汤 堆村藏族黑陶手工艺产品,分为类别,宗教用具
26,阿西 村烧制藏族黑陶,使用原料,当地泥土加其他 两种泥土混合
26,阿西黑陶成型方式,借助,捏、捶、 敲、打等手工技艺
26,阿西黑陶 装饰材料,使用,碎 瓷片花纹
26,阿西黑陶烧制燃料,使用,松柴
26,阿西黑 陶成品颜色变化,由黄 褐色变为黑色) 25. (阿西黑陶制品类型,"包括, 陶锅、陶罐 、陶盆、陶壶、陶 瓶"
26,囊 谦藏族黑陶起源传说,相传来自,唐代文成公主 进藏和亲途经玉树地区 时流传
26,囊谦藏族黑陶选材,使用,当地纯净细腻的 红胶土和黏土
26,囊谦藏族黑 陶制作工艺,包括步骤,手工捣碎
26,囊谦藏族黑陶制作工艺,包括步骤,筛选
26,囊谦藏族黑 陶制作工艺,包括步骤,拉坯
26,囊谦藏族黑陶制作工艺,包括步骤,晾晒
26,囊谦藏族黑 陶制作工艺,包括步骤,修整
26,囊谦藏族黑陶制作工艺,包括步骤,压光
26,囊谦藏族黑 陶制作工艺,包括步骤,绘制
26,囊 谦藏族黑陶烧制方法,采用,封罐熏烟 渗碳法
26,囊谦藏族黑陶烧制 控制要素,包括,温度
26,囊谦藏族 黑陶烧制控制要素,包括,湿度
26,囊谦藏族黑陶制品类型,包括,坛罐
26,囊谦藏族黑 陶制品类型,包括,壶
26,囊谦 藏族黑陶制品类型,包括,香炉
26,囊谦藏族黑陶制品类型,包括,酥油灯具
26,囊谦藏族 黑陶制品类型,包括,宗教用品
26,囊谦藏族黑陶特点,具有,较高的学术价值于藏 文化发展史研究
26,囊谦藏族黑陶特点,具有,较高的学术价值 于藏汉文化交流史研究
27,建水县,位于,云南省南部
27,建水陶 器,产于,碗窑村
27,碗窑村烧制建水紫 陶的技艺,始于,清代道光年间
27,碗窑村,在宋 元时代已能够烧制,一般陶器
27,遗存至今的元代龙窑 和陶器残片,是 明证,碗窑村在 宋元时代就已能够烧制 一般陶器
27,碗窑村,以...而得名,烧制陶器
27,碗窑村,从事陶器生产的人数,近 三千人
27,建 水陶器烧制技艺,由...组成,制泥、 手工拉坯、湿坯装饰、 雕刻填泥、高温烧制、 无釉磨光等工艺
27,建水陶器所用的 陶土,呈,紫色
27,建水 陶器,又称,紫 陶
27,成品,具有,良好的透气性能
27,成品,无铅无毒) 13 . (成品,品质明净 如镜
27,成品,叩之清脆如磬 ) 15. (建水 陶器,"多以...作为 装饰, 传统中国书法、绘画"
27,建水 陶器,风格,古朴 高雅文气盎然
28,纳西族 东巴纸,又称,白 地纸
28,纳西族东 巴纸,制作技艺保存地,迪庆藏族自治州香格里 拉县三坝纳西族乡 的白地村
28,白地,即,白水台
28,白水台,是,纳西族东 巴文化的发祥地
28,东巴纸,用途,东巴最重要的写 经用纸
28,东巴纸,原料,阿当达
28,阿当达,鉴定为,瑞香科 丽江荛花
28,东巴纸制作过程,包括工序,采集原料、晒 干、浸泡、蒸煮、洗涤 、舂料、再舂料、 浇纸、贴纸、晒纸
28,东 巴纸制作工具,包括,纸帘、木框、晒纸 木板、木臼
28,东巴纸的活动 纸帘,特点,较为 特殊
28,东巴纸的晒纸过程,受影响于,浇 纸法
28,东巴纸的晒纸 过程,有痕迹,抄 纸法
28,东巴纸,兼容 并蓄结果,中国造纸术 与印巴次大陆造纸法
28,白 地东巴纸,特性,色白质厚不易遭虫 蛀可长期保存
28,白地东巴 纸,书写载体,五千 多卷东巴经典
28,白地东 巴纸,贡献,弘扬 东巴文化
28,白地东巴纸,研究价值,我国手工 造纸的难得实例
28,纳西族造纸 技艺,传统传承方式,传子不传女
28,纳西族 造纸技艺,生产组织形式,家庭作坊
28,纳西族造纸技艺,面临危机,现代商业 社会的压迫下随时都有消亡的可能
28,纳 西族造纸技艺,需求措施,急需抢救和保护
29,以下 是 从问题 中提取的知识 图谱三元组： 1. 户 撒刀锻制技艺,流传于,云南省德 宏傣族景颇族自治州陇川 县西北部的户撒乡 2 . 阿昌族人 - 掌握了 - 锻制和铸造铁器的 要领（在唐代） 3 . 明代三征麓川 - 使 - 户撒成为了兵 工厂 4. 阿昌族人 - 吸收了 - 汉族的 兵器制造技术 5. 明 末清初 - 户撒刀 锻制工艺走向成熟 6. 民国年间 - 户撒刀 生产达到鼎盛 7. 户 撒刀制作过程 - 包括 - 下料、制坯、打样 、修磨、饰叶、淬火 、创光、做柄、制 带、组装等工序 8. 淬火技艺 - 使 - 刀叶的硬度和韧性达到最佳 状态 9. 户撒刀 品种 - 繁多 - 功能多样 10. 户撒刀 品种 - 包括 - 生产工具、 生活用具及装饰性工艺品三大类 一百二十多种 11. 户 撒刀 - 服务区域 - 周边民族和邻近地区及西藏、 青海等地，还出口东南亚地区 12. 外来文化和社会经济 转型 - 使 - 户撒 刀制作的传统技艺和设备面临被 现代机械及原材料替代之势 1 3. 老艺人年事已 高且后继乏人 - 导致 - 阿昌族户撒 刀技艺面临失传的危险 1 4. 阿昌族户撒 刀技艺 - 急需抢救和保护
30,芦笙,类型,多簧气鸣乐器
30,芦笙,用途,民间娱乐
30,芦笙,地位,圣器
30,芦笙,关联文化 象征,风调雨顺
30,芦笙,关联文化象征,五 谷丰登
30,芦笙,功能,与神灵沟通
30,芦笙,功能,与先祖交流
30,芦笙,历史记载文献,《楚辞 》
30,芦笙,历史记载文献,《新唐书》
30,芦笙,历史记载文献,《黔书 》
30,贵州省凯里市舟溪镇 新光村,居住民族,潘姓苗族居民
30,新光 村,特色产业,芦 笙工匠
30,新光村潘氏家族,定居代数,十九 代
30,新光村潘氏家族,定居时长,五百多年
30,芦 笙制作材料,包括,本地 竹木
30,芦笙制作材料,包括,响铜
30,新光村,称号,芦笙制作艺术 之乡
30,凯里新光苗族传统 芦笙,结构特点,六管
30,凯里新光苗族 传统芦笙,音阶体系,中国传统五声音阶
30,芦笙 发音原理,使用部件,响铜簧片
30,芦笙音准 确定方式,依赖,工匠 辨音能力
30,主奏芦笙组,特点,音准绝对 相同
30,芦笙合奏,符合 原理,和声学原理
30,新 光芦笙制作技艺,传承 方式,父传子、子 传孙
30,芦笙制作学习路径,要求,实践积累经验
30,芦 笙制作学习要素,包括,悟性
30,芦笙制作学习要素,包括,感觉
30,新光芦笙,属性,乐器
30,新光 芦笙,属性,精美 工艺品
31,扎染,古称,绞缬
31,扎染,属于,纺织品染色技艺
31,周城村,位于,大理白族自治州 大理市
31,大 仓,位于,巍山 彝族回族自治县
31,庙街,位于,巍山彝族回族自治县
31,周城白族扎 染业,被命名为,民族扎染之乡
31,东汉时期,有,染织之法
31,唐贞元十六年,南 诏舞队到长安献艺所 着舞衣裙襦鸟兽草木 文以八彩杂革,为扎染而成
31,明清时期,洱海白 族地区的染织技艺,到达 很高水平
31,明朝洱海卫红布,是,名噪一时的畅销 产品
31,清代 喜洲布,是,名噪一时的畅销产品
31,大理布,是,名噪一时的畅销 产品
31,近代 以来,大理染织业,继续发展
31,周城,成为,手工织染村
31,扎染,原料,棉白布或棉麻混 纺白布
31,扎染,染料,植物蓝靛
31,云南民间,俗称,板兰根
31,扎染的主要步骤,包括,画刷图案
31,扎染的主要步骤,包括,绞扎
31,扎染的主要步骤,包括,浸泡
31,扎染的主要步骤,包括,染布
31,扎染的主要步骤,包括,蒸煮
31,扎染的主要步骤,包括,晒干
31,扎染的主要步骤,包括,拆线
31,扎染的主要步骤,包括,碾布
31,扎染,技术关键,绞扎手法和染色技艺
31,染缸,是,扎染的主要工具
31,染棒,是,扎染的主要 工具
31,晒 架,是,扎染 的主要工具
31,石碾,是,扎 染的主要工具
31,白族扎染,品种 多样) 32. (白 族扎染图案,多为自然 形的小纹样
31,白族扎染图案,分布均匀) 34. (白族扎染题材,寓意吉祥
31,白族扎染,具有重要的 美学价值和实用功能) 3 6. (白族扎染,深受国内外消费者的好评
31,大理白族扎染,显示出浓郁的民间艺术风格 ) 38. (大理白 族扎染一千多种纹样,是千百年来白族历史文化的 缩影
31,大理白族扎染一千多种纹 样,折射出白族的 民情风俗与审美情趣) 40. (大理白族扎 染,与各种工艺手段一起 构成富有魅力的大理白族织 染文化
31,产业化的趋势,使部分传统扎 染技艺走向消亡) 42 . (产业化的趋势,使原有的 民间特色开始退化
31,产业化的趋势,使污染 问题日益突出) 44. (市场经营,滋生了对 经济利益的过度追求
31,植物染料板兰根,供不应求) 46. ( 白族扎染技艺的传承,受到困扰
32,云南,拥有,四千 余年的制陶史
32,西 双版纳傣族自治州,包括 地点,景洪曼斗寨
32,西双版 纳傣族自治州,包括地点,勐罕曼峦站寨
32,西双版纳傣 族自治州,包括地点,勐海 曼扎寨
32,西双版纳傣族自治州,包括 地点,勐龙寨
32,傣族传统制陶 技艺,保留于,景 洪曼斗寨
32,傣族传统制陶技艺,保留于,勐罕曼 峦站寨
32,傣族传统制陶技艺,保留于,勐海曼扎 寨
32,傣族 传统制陶技艺,保留于,勐龙寨
32,傣族,称 陶制为,板磨
32,板磨,俗称,土锅
32,《百夷传 》,作者,钱祖 训
32,《 百夷传》,记载内容,惟陶冶之器是用
32,傣族 制陶,传承者性别,妇女
32,傣族制陶主要工具,包括,转轮
32,傣族制陶主要工具,包括,木拍
32,傣族制陶 主要工具,包括,竹刮
32,傣族 制陶主要工具,包括,石球
32,傣族制陶技艺流程,包括 环节,舂土
32,傣族制陶技艺 流程,包括环节,筛土
32,傣族 制陶技艺流程,包括环节,拌沙
32,傣族制陶技艺流程,包括环节,渗水
32,傣族制陶 技艺流程,包括环节,安装 转盘
32,傣族制陶技艺流程,包括 环节,制坯
32,傣族制陶技艺 流程,包括环节,打坯
32,傣族 制陶技艺流程,包括环节,干燥
32,傣族制陶技艺流程,包括 环节,准备烧陶
32,傣族制陶 技艺流程,包括环节,烧 陶
32,傣 族陶器用途分类,包括种类,生活用具
32,傣族陶器用途分类,包括种类,建材
32,傣族陶器 用途分类,包括种类,赕 佛用具
32,傣族制陶技艺特色,为,慢轮手工制作
32,傣族制 陶技艺特色,表面处理方式,用有纹的木拍拍 打出印纹
32,傣族陶器用料,主要成分,泥土加砂石料
32,傣族焙 烧方式特点,包括方法,露天焙烧
32,傣族焙烧方式特点,包括方法,封闭半焙烧
32,傣族 成坯方法特点,包括方式,无转轮制坯
32,傣族成坯 方法特点,包括方式,脚趾 拨动慢轮
32,傣族成坯方法特点,包括方式,手拨动 转轮
32,考古学家,认为对象,傣族传统制陶是我国原始陶 艺的代表
32,考古学家,认为对象,解开中国新石器时代烧陶 之谜的钥匙
32,现代化进程影响下,传统 傣族陶器使用场景减少至,建筑物屋脊的装饰品 和佛教礼器
32,传统傣族制陶术 现状,处于状态,即将 消亡
32,传统 傣族制陶术现状,需求措施,亟待拯救和保护
33,建筑彩绘,含义1,利用色彩、 涂料、油漆等原料在 建筑物墙体上平面描绘图像
33,建筑彩 绘,含义2,借助 土、石、木、布、 纸、陶等材料对建筑物及其 内部陈设进行装饰
33,中国各地区、各 民族的建筑彩绘,特点,整体风格和细节处理存在明显 差异
33,中国各地区、各民族的建筑彩绘,体现内容,材质、 手法、色彩到内容的浓郁地方特色
33,中国 各地区、各民族的建筑彩绘,显示,劳动大众因地制宜的 聪明才智
33,白族民居彩绘,流行地区,云南省大理市 一带
33,白族民居彩绘,所属文化,大理白族文化
33,白 族民居彩绘,特点,内涵丰富形式讲究风格朴素 而不失庄重
33,白族民居彩绘,应用领域,神祠、 庙宇和大型古建筑群体的 装饰
33,白族民居彩绘,应用领域,白族民居 建筑
33,大理境内的白族建筑,结构类型,土木结构
33,大理 境内的白族建筑,外观 特征,青砖、白墙 、灰瓦
33,大理白族民居 彩绘,主色调,黑、白、灰
33,大理白族 民居彩绘,突出色调,素白
33,白族民居,彩绘部位,大门
33,白族民居,彩绘 部位,照壁
33,白族民 居,彩绘部位,山墙
33,白族民居,彩绘部位,腰线
33,白 族民居,彩绘部位,龙马角
33,白族民 居彩绘,常见图案,香草纹
33,白族民居 彩绘,常见图案,如意云纹
33,白族民居彩 绘,常见图案,回 纹
33,白族民居,装饰 工艺,木雕
33,白族民 居,装饰部位,大门 和屋檐部位的木雕
33,照壁,装饰工艺,泥作 斗拱
33,照壁,装饰工艺,部分泥作浮雕
33,白族 民居彩绘,地位,白族建筑艺术的精华部分
33,白族民居彩绘,受影响因素,汉文化
33,白族 民居彩绘,融合风格,北方建筑的恢弘大气
33,白族民居彩绘,融合风格,南方建筑的精巧 别致
33,白族民居彩绘,作用,成为白族 文化与汉族文化交流的印证
33,白族 民居彩绘,效果,增强房屋建筑的美感
33,白族 民居彩绘,反映内容,白族人民健康向上的民族 精神
34,彝族撒 尼刺绣,别称,撒 尼十字绣
34,彝族撒尼刺绣,彝语名称,拿 窝
34,彝族 撒尼刺绣,流行地区,云南省石林彝族自治县
34,彝族撒尼刺绣,所属民族支系,撒尼人
34,彝族撒尼刺绣,起源 时期,唐宋时期
34,彝族撒尼刺绣,成熟时期,明清两 代
34,撒尼 妇女,技能特点,自幼 习绣个个巧艺在手
34,撒尼刺绣,运针方式,按布 纹的经纬运针走线
34,撒尼刺绣,基本针法,斜十字 针
34,撒 尼刺绣,组成花纹方式,以斜十字针组成花纹
34,撒尼刺绣,手法类型,单挑
34,撒尼 刺绣,手法类型,双面 挑
34,撒 尼刺绣,手法类型,素色挑
34,撒尼刺绣,手法类型,彩色挑
34,撒尼刺绣,绣 制品类,背包
34,撒尼刺绣,绣制品类,桌布
34,撒尼刺绣,绣制品类,窗帘
34,撒尼 刺绣,绣制品类,花包头
34,撒尼刺绣,绣制品 类,花围腰
34,撒尼刺绣,绣制品类,服饰花 边
34,撒 尼刺绣,工艺特点,针脚细密
34,撒尼刺绣,工艺 特点,工艺精湛
34,撒尼刺绣,设计特点,图案构思巧妙
34,撒尼刺绣,设计特点,组织匀 称
34,撒 尼刺绣,色彩特点,色彩明丽
34,撒尼刺绣,体现特质,聪明才智
34,撒尼刺绣,体现 特质,艺术创造力
34,撒尼刺绣,风格特征,鲜明的民族风格
34,撒尼刺绣,风格特征,地方特色
35,剑川木 雕,历史 时长,一千多年
35,剑 川木雕,民族特色,地方民族特色
35,唐代,承担制作工作,南诏五华楼木 雕构件
35,宋代,进京献艺,剑 川木雕艺人
35,张泓,记述著作,《滇南新语》
35,《滇南新语 》,描述内容,滇 之七十余县及邻滇之 川黔桂等省善规矩斧 凿者随地皆剑民也
35,中华人民共和国 成立后,发展情况,剑川木雕有了很大的发展
35,首都人民大会堂,装饰有,剑川 木雕
35,民族文化 宫,装饰有,剑 川木雕
35,剑川木雕,发展 成门类,嵌石木 雕家具、工艺挂屏和座 屏系列、格子门系列、古 建筑及室内装饰装修、旅游工艺品 小件、现代家具
35,剑川木雕,花色品种数量,二百六十 多个
35,剑 川木雕,集于一身的价值,艺术价值、观赏价值、 珍藏价值和实用价值
35,剑川木雕,展示水平,白族人民 高度的艺术水平和文化涵养
35,剑川木雕,风格融合,原有的粗犷 、豪放的风格和江南木雕 的细腻、精巧
35,剑川木雕,所属派别,全国木雕 重要派别之一
35,剑川木雕工艺生存 空间,传统文化深厚表现,至今仍在盛行的八月初八木匠 祖师鲁班会
35,剑川木雕工艺 生存空间,相关文化元素,全国数量最多广为流传的 木匠故事、木匠歌谣、叙事 长诗
35,木匠故事、木匠歌谣、叙事 长诗,研究价值对象,白族历史、工艺发展等情况
36,傣族剪纸,最早形式 源于,祭祀仪式 所用的纸幡
36,傣族剪纸,受...影响,佛教文化
36,傣族剪纸,受...影响,中原文化
36,傣族剪纸,应用于,祭祀
36,傣族剪纸,应用于,赕佛
36,傣族剪纸,应用于,丧葬
36,傣族剪纸,应用于,喜庆
36,傣 族剪纸,应用于,居家 装饰
36,芒市,村民能剪纸,傣 族村民
36,傣族剪纸,使用工具,剪刀
36,傣族剪纸,使用工具,刻刀
36,傣族剪纸,使用工具,凿子
36,傣族剪纸,使用 工具,锤子
36,剪刀和刻刀,特点,尖、利、仄 、薄
36,凿子和锤子,特点,稳、钻、灵、活
36,傣族 剪纸,方法,剪
36,傣族剪纸,方法,凿
36,剪,无需,稿样
36,凿,需,稿样
36,傣族剪纸,主要制品,扎
36,傣族剪纸,主要制品,董
36,傣族剪纸,主要制品,佛幡
36,傣族剪纸,主要制品,挂灯
36,傣族剪纸,主要 制品,吊幢
36,傣族剪纸,主要制品,板
36,傣族剪纸,装饰对象,佛殿的门窗
36,傣族 剪纸,装饰对象,佛 伞
36,傣 族剪纸,装饰对象,佛幡
36,傣族剪纸,装饰对象,演出道具
36,傣族剪纸,装饰对象,节日彩棚
36,傣族剪纸,装饰对象,泼水龙亭
36,傣族 剪纸,内容相关,南部 上座部佛教
36,傣族剪纸,涉及 题材,佛经故事
36,傣族剪纸,涉及题材,民间传说
36,傣族剪纸,涉及题材,边疆风 物特产
36,傣族剪纸,常见图形,龙凤
36,傣族剪纸,常见图形,孔雀
36,傣族剪纸,常见图形,大象
36,傣族剪纸,常见图形,狮子
36,傣族剪纸,常见图形,麒麟
36,傣族剪纸,常见图形,马鹿
36,傣族剪纸,常见 图形,骏马
36,傣族剪纸,常见图形,游鱼
36,傣族剪纸,常见图形,奇兽异 鸟
36,傣 族剪纸,常见图形,糯粘花
36,傣族剪纸,常见图形,荷花
36,傣族剪纸,常见图形,玫瑰花
36,傣族剪纸,常见图形,菊花
36,傣族剪纸,常见图形,茶花
36,傣族剪纸,常见 图形,杜鹃
36,傣族剪纸,常见 图形,亭台楼阁
36,傣族剪纸,常见图形,佛塔 寺庙
36,傣 族剪纸,风格特点,生动
36,傣 族剪纸,风格特点,图案整齐匀称美观
36,傣族剪纸,风格特点,粗犷有力
36,傣族剪纸,风格特点,朴实无 华
36,傣 族剪纸,折射出,历史文化传统
36,傣族剪纸,折射出,审美追求
36,傣族剪纸,折射出,独特的民族精神
36,傣族剪纸,面临困境原因,艺人收入低 微
36,傣 族剪纸,面临困境原因,年轻人不愿从事
36,傣族剪纸,传承 人现状,寥寥无几
36,傣族剪纸,传承人现状,年 事已高
36,傣族剪纸,入选项目,中国第一批国家级非物质文化遗产 代表性项目名录
36,傣族剪纸,项目代表性 传承人,思华章
37,东巴画,所属民族,纳西族
37,东巴画,流传 地区,云南省丽江市古城区
37,东 巴画,流传地区,玉龙纳西族自治县
37,东巴画,主要描绘内容,神灵
37,东巴 画,主要描绘内容,传说中的祖先
37,东巴画,主要描绘 内容,动物
37,东巴画,表现形式,经卷图画
37,东巴画,表现形式,木牌画
37,东 巴画,表现形式,纸 牌画
37,东巴画,表现形式,卷轴画
37,经卷图画,包括元素,东巴图画 文字
37,经卷图画,包括元素,封面装帧画
37,经卷图画,包括元素,经书扉 页
37,经卷图画,包括元素,题图
37,木牌画,用途,插地祭祀活动
37,木 牌画,渊源关系,两汉时期中国西北部古羌人人 面形木牌
37,纸牌画,载体材料,自制的土 纸
37,纸牌画,类别一,绘制的神像
37,纸牌画,类别二,绘画谱 典
37,绘画谱典,用途一,用作绘画者的规范
37,绘画谱 典,用途二,用作 绘画传承时的教本
37,卷轴画,绘制基底,麻布
37,卷轴画,绘制基底,土布
37,卷轴画,装裱方式,四周用蓝 布装裱
37,卷轴画,结构特征,上有天杆下 设地轴
37,卷轴画,绘画内容,纳西族信奉 的神祗
37,卷轴画,借鉴 技法来源,藏、汉等 民族的绘画技法
37,卷轴画,吸收文化元素,佛、 道文化元素
37,卷轴画,吸取艺术特点,元、明 以来藏族唐卡造像艺术
37,《 神路图》,类型,卷轴画
37,《神路图 》,长度,全长十几 米
37,《神路图》,组成方式,由一百多幅分 格连环画组成
37,《神路图 》,描绘对象数量,三百六十多个人物及动物形象
37,东 巴绘画,使用材料,木片
37,东巴绘画,使用 材料,东巴纸
37,东巴 绘画,使用材料,麻 布
37,东巴绘画,工具,自制的竹笔
37,东巴绘画,颜料介质,松烟 墨
37,东巴绘画,色彩特征,绚丽多彩
37,东巴绘画,保存特性,历经数百年 而不褪色
37,东巴绘画,形象 风格,强烈的原始意味
37,东巴 绘画,表现手法,以 线条表现为主
37,东巴绘画,造型特点,不注重事物外部 的形体比例
37,东巴绘画,艺术特征,朴实生动奇异诡 谲野趣横生
37,东巴绘画,用色特点,多 用原色鲜艳夺目
37,东巴绘画,文字融合特性,亦 字亦画
37,东巴绘画,保留特征,浓郁的象形 文字书写特征
37,东巴绘画,研究价值,研究人类原始绘画 艺术的活化石
38,摔跤,所属民族,彝族
38,石林 县,群众基础广泛,彝族摔跤活动
38,元谋县,群众基础广泛,彝族 摔跤活动
38,元谋县小凉山乡 彝族摔跤,彝语名称,格
38,格,含义,力量、技术
38,格,特点,古老的体育运动
38,格,受众群体,青少年男子
38,格,作用,强健 身体
38,格,作用,鼓舞斗志
38,格,作用,增进民族团结
38,格,作用,促进社会 和谐
38,格,作用,带来 欢乐
38,摔跤,象征精神,勇敢坚强
38,摔跤,象征精神,不屈不挠
38,摔跤,关联观念,尚武习俗
38,石 林彝族自治县彝族撒尼同胞,喜爱运动,摔跤
38,火 把节,活动内容,摔跤比赛
38,喜庆节日,活动内容,摔跤比赛
38,摔跤赛目的一,祈求目标,风调 雨顺
38,摔跤赛目的二,祈求目标,五谷丰登
38,摔跤赛目的二,作用,增强团结
38,摔跤赛目的二,作用,增加节日喜庆气氛
38,摔跤赛目的三,作用,锻炼身体
38,摔跤赛目的三,培养目标,勇敢精神
38,石林 县人民政府,举办赛事,全县 性摔跤比赛
38,石林业余少年体 校,性质,训练点
38,石林业余少年体校,性质,训练网点
38,石林业余 少年体校,培养对象,摔跤人才
38,石林业余少年体 校,贡献领域,云南省 摔跤运动持续发展
39,章哈,别称,赞哈
39,章哈,流传地区,云南省南部 边陲的西双版纳傣 族自治州
39,章哈,流传地区,思茅 市江城
39,章哈,流传地区,孟连
39,章 哈,流传地区,景 谷
39,章哈,传唱民族,布朗 族
39,章哈,既是,歌手称谓
39,章哈,也是,曲艺表演形式的曲 种名称
39,章 哈,演出形式分类,独唱
39,章哈,演出形式分类,对唱
39,对唱,性质,赛唱
39,章哈,伴奏乐器类型一,玎
39,以玎伴奏的演唱形式,名称,哈赛玎
39,哈赛玎,演唱内容多为,山 歌、情歌
39,哈赛玎,倾诉 情感,小伙子对姑娘的爱慕 之情
39,章 哈,伴奏乐器类型二,筚
39,以筚伴奏的演唱形式,名称,哈塞筚
39,章哈,演唱方式,即兴演唱
39,章哈,演唱方式,程式化的祝福 歌
39,章 哈,演唱方式,祈祷 歌
39,章 哈,演唱方式,固定 本子的叙事长歌
39,章哈,曲 调特点,与唱词语调 联系密切
39,章哈,艺术特色,朗诵性与歌唱性有机结合
39,章哈,艺术特色,柔美抒情
39,章哈,作用场合,傣族新年
39,章哈,作用场合,关门节
39,章哈,作用场合,开门节
39,章哈,作用场合,祭寨 神
39,章 哈,作用场合,赕 佛
39,章 哈,作用场合,贺 新房
39,章 哈,作用场合,婚 嫁礼仪
39,章哈,作用场合,孩子满月
39,章哈,保存内容,傣族最原始古老的歌谣
39,章哈,保存内容,神话
39,章哈,保存内容,传说
39,章哈,著名艺人,康朗甩
39,章哈,著名艺人,康朗英
39,章哈,著名艺人,波玉 温
39,章 哈,面临问题,老一辈 歌手逐渐老去、相继离世
39,章哈,面临问题,城镇化进程 日益加快
39,章哈,面临问题,外来艺术和娱乐形式涌入
39,章哈,现状,民间听章哈的 风习已远不及以往
39,章哈,现状,今已无知名章哈 歌手
39,章 哈,现状,一些长 篇的演唱内容也逐渐失传
39,章哈,生存状况,面临危机
39,章哈,需求,亟待加以有效保护
40,关索戏,流行地区,云南省澄江 县阳宗镇小屯 村
40,关 索戏,历史时长,三百多年
40,关 索戏,起源用途,驱邪逐疫的傩祭仪式
40,关索戏,发展形式,娱神 娱人兼有的傩戏
40,关索戏,表演特点,不设舞台
40,关索戏,表演特点,不化装
40,关索戏,表演特点,不受时间 地点限制
40,关 索戏,演出方式,头戴面具边唱边舞
40,关索戏,开演仪式,祭祀朝拜 乐王庙
40,关索戏,题材类型,专演三国故事
40,关索戏,行当分类,生、 旦、净三行
40,关索戏,净脚角色,鲍三娘
40,关索 戏,净脚角色,百花公主
40,关索戏,装扮方式,男扮女装
40,关索戏,化妆 特征,不用擦胭脂画 脸谱只戴面具
40,关索戏,声腔来源,源于高腔
40,关索 戏,声腔融合元素,当地民歌小调
40,关索戏,声腔融合元素,颂 佛唱经旋律
40,关索戏,声 腔吸收成分,滇剧腔 调
40,关 索戏,伴奏形式,无弦伴奏
40,关索戏,伴唱 方式,掺杂其间
40,关索戏,器乐配置,敲锣打 鼓
40,关 索戏,语言使用,本地方言
40,关索戏,唱腔类型,长板
40,关索戏,唱 腔类型,短板
40,关索戏,唱腔类型,报信板
40,关索 戏,唱腔类型,七字板
40,关索戏,唱腔 类型,大刀腔
40,关索戏,转板指挥工具,锣 鼓
40,关 索戏,代表剧目,《 花关索战山岳》
40,关索戏,代表剧目,《三娘 公主战》
40,关索戏,代表剧目,《肖龙战黄忠》
40,关索 戏,演出前仪式,祭药王
40,关索戏,演出前 仪式,练武
40,关索戏,演出程序,按日出巡
40,关索 戏,演出程序,踩 村
40,关 索戏,演出程序,踩街
40,关索戏,演出程序,踩家
40,关索戏,首演 节目,《点将》
40,关索戏,收尾仪式,辞神
40,关索 戏,结束仪式,装 戏箱
40,关索戏,结束仪式,送药王
41,白剧,起源时间,明代洪武年间
41,白剧,起源地,大理 地区
41,白剧,组成元素,吹吹 腔戏
41,白 剧,组成元素,大 本曲剧
41,吹吹腔戏,兴盛时期,清代光绪年间
41,吹吹腔戏,表演内容,渔、樵、 耕、读
41,吹吹腔戏,展现风貌,白族耕读传家 的生活风貌
41,吹 吹腔戏,衰微时期,民国初年
41,吹吹腔戏,保存环境,边远山乡
41,吹吹 腔戏,保存状态,传统剧目和一套古朴的演出程式 完整保存至今
41,吹吹腔戏,文化 地位,白族一份宝贵的历史 文化遗产
41,白 剧,定名时间,年
41,白 剧,剧目总数,四百 多个
41,白 剧,传统剧目数量,三百多个
41,白剧,新创剧目数量 （新中国成立后）,八十多个
41,白剧,整理改编剧目数量,约五十多个
41,白剧,现存状态,在白族民间仍然十分活跃
41,白剧,艺术形态,以原 样的形态向广大群众展现着它生生 不息的艺术活力
41,白剧,相关艺术形式,吹吹腔
41,白剧,相关 艺术形式,大本曲
42,彝剧,所属民族,彝族
42,彝剧,流传地区,云南省楚 雄彝族自治州
42,彝剧,形成基础,传统节日和民俗活动
42,彝剧,融合艺术 形式,民间文学
42,彝剧,融合艺术 形式,音乐
42,彝剧,融合艺术形式,舞蹈
42,彝剧,融合艺术形式,绘画
42,彝 剧,表现手法,音乐 烘托渲染舞台气氛
42,彝剧,使用语言 特点,彝族民间口语
42,彝剧,对话特色,常用比喻
42,彝剧,对白方式,汉语彝 腔
42,彝 剧,表演动作来源,三道弯
42,彝剧,表演动作来源,爬山式
42,彝剧,表演动作 来源,跳跃式
42,彝剧,表演 动作来源,打跳
42,彝剧,道具类型,劳动工具
42,彝剧,服装制作者,彝族妇女
42,彝剧,头饰制作者,彝族妇女
42,彝剧,反映内容,社会生活
42,彝剧,展现元素,民族精神
42,彝剧,展现元素,宗教信仰
42,彝 剧,展现元素,价值 取向
42,彝 剧,研究领域,少数民族艺术
42,彝剧,研究领域,人类学
42,彝剧,研究领域,民族学
42,彝剧,研究领域,民俗学
43,明末清 初湖北人,创造,清 戏
43,清代咸丰年之前过 境的商贾军民,带到,云南省腾冲县甘蔗寨
43,云南省 腾冲县甘蔗寨,传播 至,佤族民众
43,佤族清 戏,声腔包括,九腔十三板
43,佤族清戏,取材于,《三孝记 》
43,佤族清戏,取材于,《白鹤传》
43,常演剧目,包含,《姜姑刁 嫂》
43,常演剧目,包含,《逐赶庞氏》
43,常演剧目,包含,《芦林相 会》
43,常演剧目,包含,《安安送米》
44,滇剧,形成时间,清代道光年间
44,滇剧,流行地区,云南全省
44,滇剧,流行 地区,贵州
44,滇剧,流行 地区,四川部分地区
44,滇剧,流行地区,缅甸
44,滇剧,流行地区,泰国
44,滇剧,流行地区,新加坡
44,滇剧,流行地区,马来西亚
44,滇剧,声腔类型,丝弦腔
44,滇剧,声腔类型,胡琴腔
44,滇剧,声腔类型,襄阳腔
44,丝 弦腔,起源,秦 腔
44,胡琴腔,起源,徽调
44,襄阳腔,起源,汉调
44,滇剧,受滋养来源,云南民族民间 音乐
44,滇剧,艺术特点,板式丰富多变
44,滇剧,艺术特点,曲调自然 流畅
44,滇剧,艺术特点,表现力强
44,滇剧,艺术特点,独特艺术个性和 风格
44,滇剧,美誉,滇粹
44,滇剧,传统剧目 数量,多达种
44,历代艺人,创作内容,反映边疆少数民族 历史的作品
44,历代艺人,创作内容,反映现实生活的作品
44,滇剧,研究价值,地方历史文化
44,滇剧,研究价值,西南边疆艺术
45,腾冲皮 影戏,历史时长,六七 百年
45,腾冲皮影戏,流派分类,西腔
45,腾冲皮影戏,流派分类,东腔
45,东腔皮 影,服务区域,云南省 腾冲县境东南部
45,东腔皮影,服务区域,城区坝子
45,东腔皮影,演出剧目,《樊梨花 征西》
45,东腔皮影,演出地点,旧城
45,东腔皮影,演出 剧目,《孙庞斗智》
45,东腔皮 影,演出剧目,《宝 莲灯》
45,东腔皮影,演出 剧目数量,三十余出
45,东腔皮 影,演出剧目,《长 坂坡》
45,东腔皮影,演出 剧目,《斩三妖》
45,东腔皮 影,获奖情况,特别 荣誉奖
45,腾冲固东镇,命名 机构,文化部
45,腾冲固东镇,荣誉称号,中国民间艺术 皮影之乡
45,腾冲刘家寨皮影,参赛奖项,表演综合 铜奖
45,腾冲刘家寨皮影,参赛名称,金狮奖 全国第二届木偶皮影比赛
45,刘永周,获奖类型,造型制作奖
45,刘定 三,获奖类型,造型 制作奖
46,傣剧,流传地区,云南省德宏傣 族景颇族自治州潞西 、盈江、瑞丽、 陇川、梁河等县及 保山市部分傣族聚居 区
46,傣剧,发源于,有一定人物 情节的傣族歌舞表演及佛 经讲唱
46,傣剧,吸收艺术营养,滇剧
46,傣剧,吸收艺术营养,皮影戏
46,清末盈江干崖土司 署,组织,德宏 历史上第一个傣戏班
46,德宏十个土司衙门,建立,傣戏班
46,德宏十个 土司衙门,建造,戏楼
46,傣 剧,扩散到,民间
46,民间,涌现,大量民间傣剧表演 组织
46,新中国 建立后,发展,傣 剧
46,潞 西县傣剧团,成立 时间,年
46,潞西县傣剧团,扩建为,德宏 州傣剧团
46,起初傣剧中由男性扮演 的女性角色,穿,傣 族女装
46,男性角色的装扮及男女角色的动作 套路,相仿,滇 剧和京剧
46,演员,上前三步,演唱或做动作
46,演员,退后三步,听场边人提词
46,唱段 之间,以...伴奏,锣鼓等打击乐
46,唱腔,形成,【喊混】男腔和 【喊朗】女腔两个基本 腔调
46,傣族民歌曲调,被 吸收为,唱腔及器 乐曲
46,演出 中,着装,傣 装
46,表演 动作,融入,傣族 民间舞蹈的步态
46,伴奏方面,增加,葫芦丝、二胡及 象脚鼓等乐器
46,傣剧传统剧目,源自,傣族民间故事 、叙事长诗或佛经故事
46,《相 勐》、《千瓣莲花》、《朗推 罕》等,属于,傣剧传统剧目
46,傣剧传统剧目,翻译移植自,汉族剧目
46,《庄子试 妻》、《甘露寺》、《杨门女 将》等,属于,翻译移植的汉族剧目
46,世纪年代以来,整理改编和创作演出,《娥 并与桑洛》、《海罕》、《竹 楼情深》等一大批剧目
46,《娥并与 桑洛》,参加,西南区少数民族戏剧观摩演出
46,《娥并与桑 洛》,被誉为,东南亚 的明珠
46,德宏州傣剧团,性质,专业团体
46,较大的傣族村寮,有,业余演出队伍
46,目前傣 剧,主要为,老年人所 喜爱
46,年轻人,因为听不懂,对傣剧 没有多大兴趣
46,傣剧,面临困难,传承方面的困难日益凸现
47,云南壮剧,主要流传 地区,云南省文 山壮族苗族自治州
47,云南 壮剧,分支,富 宁土戏
47,云南壮剧,分支,广南沙戏
47,云南壮剧,分支,文山乐 西土戏
47,富宁土戏,形成时间,三百多年前
47,云南壮剧 最早的唱腔形式,源自,富宁土戏
47,广南沙戏,形成时间,清代光绪 年间
47,文山乐西土戏,形成时间,清代光绪年间
47,云南壮 剧,融汇艺术形式,壮族山歌
47,云南壮剧,融汇艺术形式,舞蹈
47,云南壮剧,融汇 艺术形式,音乐
47,云南壮剧,融汇艺术形式,说唱
47,云南壮剧,融 汇艺术形式,民间故事
47,云南 壮剧,表演场合,陇端节
47,陇端节,关联习俗,有陇端必有 戏无戏无陇端
47,云南壮 剧,体现内容,精神 追求
47,云南壮剧,体现内容,理想信仰
47,云南壮剧,体现内容,价值取向
47,云南 壮剧剧目,涉及方面,日常生活
47,云南壮剧剧目,涉及方面,节日庆典
47,云南壮 剧剧目,涉及方面,婚丧嫁娶
47,云南壮剧,比喻为,百科全书
47,文山 壮族苗族自治州,地理位置属性,边境地区
47,境外异国文化,影响方式,有形或 无形
47,云南壮剧,特殊价值,巩固中华民族的文化观念和文化习俗
48,花灯戏,性质,民间自娱自 乐
48,花灯戏,性质,载歌载舞
48,花灯戏,性质,有说有唱
48,花灯戏,性质,戏剧
48,花灯戏,性质,杂耍
48,贵州花灯,吸收元素,贵州本土语言
48,贵州花灯,吸收元素,音乐曲调
48,黔西花灯戏,所属地区,黔西北地区
48,黔西花 灯戏,历史时长,二百多年
48,黔西花灯戏,流行 地区,遵义
48,黔西花灯戏,流行地区,毕节
48,黔西花 灯戏,流行地区,安顺
48,黔西花灯戏,流行 地区,铜仁
48,黔西花灯戏,艺术表现形式,武功表演
48,黔西 花灯戏,艺术表现形式,音乐曲调桐子树
48,黔西花 灯戏,艺术表现形式,舞蹈耍双扇
48,黔西花灯戏,艺术表现形式,衬词运用
48,黔西 花灯戏,代表剧目,《拜年》
48,黔西花灯戏,代表剧目,《姐妹观花 》
48,黔 西花灯戏,代表剧目,《三访亲》
48,黔西花灯 戏,代表剧目,《刘 三妹挑水》
48,黔西花灯戏,代表剧目,《放牛 拦妻》
48,花灯艺术,现状,濒危状态
48,花灯艺术,面临 问题,精通传统演艺的艺人 逐渐减少、老化
48,花灯艺术,面临 问题,年轻一代学习传统花 灯演艺的热情正在丧失
48,花灯艺术,需求措施,保护和扶持力度 急需进一步加大
49,花灯戏,特征,手不离扇、 帕载歌载舞唱 与做紧密结合
49,花灯戏,起源,民间花灯歌舞
49,花灯 戏,形成时期,清末 民初
49,云南花灯戏,所属 支系,昆明花灯戏
49,云南 花灯戏,所属支系,玉溪花灯戏
49,云南花 灯戏,所属支系,姚安花灯戏
49,昆明花灯 戏,保留内容,明清 小曲及明清剧目
49,昆明花灯戏,伴奏乐器,胡琴
49,姚 安花灯戏,特点,民歌色彩浓重
49,姚安 花灯戏,伴奏乐器,笛子、梆子
49,玉溪 花灯戏,别称,新灯
49,玉溪花灯戏,受影响因素,滇剧
49,云南花灯最初演出形式,类型,花灯小戏
49,云南 花灯戏新调,编 曲方式,曲调连接
49,云南 花灯戏新调,音乐 特点,板腔音乐的某些特点
49,云南花灯戏,包含元素,各种民歌小调
49,云南 花灯舞蹈,基本特征,崴
49,民间说法,内容,无崴不成灯
49,崴步,配合动作部位,手部 动作
49,手中花及扇花,关联对象,道具和扇子
49,花灯戏中的歌舞,作用,烘托情节和丰富人物 性格
49,云南花灯戏最繁荣时期,时间段,世纪年代至 年代
49,著名演员,包括人物,史宝凤
49,著名演员,包括人物,熊介臣
49,著名演员,包括人物,袁留安
49,享誉 剧目,包括作品,《探干 妹》
49,享誉剧目,包括作品,《闹渡》
49,享誉剧目,包括 作品,《刘成看菜》
49,享誉剧目,包括作品,《三 访亲》
49,熊介臣,贡献,把农村晒场演出 的簸箕灯搬上舞台
49,熊 介臣,擅长角色,小生
49,熊介臣代表角色,包括角色,梁山伯
49,熊介 臣代表角色,包括角色,许仙
49,熊介臣表演风格,特点,浓郁的云南玉 溪乡土风味
49,花灯戏现状,面临困境,剧场演出日益 减少
49,花灯戏现状,面临 困境,剧团经费短缺
49,花 灯戏现状,面临困境,新剧目编排上演困难
49,花灯 戏现状,面临困境,年轻一代的编创演出人员后 继乏人
49,花灯戏保护需求,措施目的,抢救、 保护
50,棕扇舞,民族,哈尼族
50,棕扇舞,流传地区,云南省红河与元江 两县交界的哈尼族村 寨
50,棕扇舞,表演场合,昂玛突祭祖节
50,棕扇 舞,表演场合,库 扎扎六月节
50,棕扇舞,表演场合,扎勒特十月 节
50,棕扇舞,表演场合,人生礼仪活动
50,棕扇舞,使用道具,棕树叶
50,棕扇舞,套路数量,六十多种
50,棕 扇舞,领跳者,长者
50,棕扇舞,仪式环节,吟唱古歌
50,棕扇舞,仪式环节,祝词
50,棕扇舞,队形特征,男里女 外
50,棕扇舞,模仿对象,白鹇展翅
50,棕扇 舞,模仿对象,白 鹇喝水
50,棕扇舞,模仿 对象,蜂蝶采花
50,棕 扇舞,模仿对象,老熊走路
50,棕扇舞,模仿对象,公鸡斗架
50,棕扇舞,模仿对象,猴子掰包谷
50,棕扇舞,模仿对象,老鹰 拍翅膀
50,棕扇舞,反映 内容,祖先迁徙历史
50,棕扇 舞,文化意义,保留 传统基因
50,棕扇舞,伴奏 乐器,牛皮鼓
50,棕扇舞,伴奏乐器,铓
50,棕 扇舞,伴奏乐器,钹
50,棕扇舞,伴奏乐器,唢呐
50,棕扇舞,伴奏乐器,三弦
50,棕 扇舞,艺术形式,歌
50,棕扇舞,艺术形式,舞
50,棕扇舞,艺术形式,乐
50,棕扇舞,艺术形式,仿生 表演
51,拉祜族 芦笙舞,流行地区,云南省普洱市澜沧 拉祜族自治县
51,拉祜族芦笙 舞,起源,娱神 祈福仪式
51,拉祜族芦笙舞,内容主题,原始宗教礼仪
51,拉 祜族芦笙舞,内容 主题,生产生活模拟
51,拉祜族 芦笙舞,内容主题,动物展现
51,拉祜族芦笙舞,内容主题,人的欢乐 情绪
51,拉祜族,崇拜对象,葫芦
51,葫芦,象征意义,祖先诞生的母体
51,拉祜族人,制作工具,插上五根 竹管的葫芦
51,拉祜族人,使用时机,尝新节
51,拉祜族人,使用时机,春节
51,拉祜族芦笙舞,目的,表现对祖先 的敬仰
51,拉祜族芦笙 舞,目的,祈盼 来年幸福生活
51,拉祜族芦 笙舞,套路数量,一百多个
51,拉祜族芦笙舞,活动时间,传统节日
51,拉祜族芦笙舞,活动时间,原始宗教活动
51,拉 祜族芦笙舞,活动 时间,农闲时节
51,拉祜 族芦笙舞,参与方式,男子吹起葫芦笙围 圈而舞
51,拉祜族芦笙 舞,参与方式,女子 牵手在外围伴舞
51,拉祜族 芦笙舞,舞蹈特点,节奏稳定
51,拉祜族芦笙 舞,舞蹈特点,动作 简练
51,拉祜族芦笙舞,舞蹈特点,曲调 优美
51,拉祜族芦笙舞,舞蹈风格,深沉坚毅
51,拉祜族芦笙舞,舞蹈风格,洒脱机巧
51,拉 祜族芦笙舞,舞蹈 风格,古朴的韵味
51,澜沧 拉祜族自治县,地位,全国唯一的拉祜族自治县
51,澜沧拉 祜族自治县,文化特征,拉祜族人口最为集中
51,澜沧 拉祜族自治县,文化特征,传统文化保留最完整
51,拉祜族 芦笙舞,文化代表,拉祜族文化典型代表
51,拉 祜族芦笙舞,功能 作用,维系拉祜民族精神 的纽带
51,拉祜族芦笙舞,研究价值,拉祜 族历史文化研究中具有极其重要的地位
51,现代 文化冲击,影响结果,套路逐渐流失
51,现代文化冲击,影响结果,活动内容日益萎缩
51,掌握芦笙舞技艺的老艺人,现状,不断减少
51,拉祜 族芦笙舞,面临问题,严重的生存危机
51,拉祜族 芦笙舞,保护需求,急需实施有效的保护
52,搓蹉,汉语意为,跳舞
52,搓蹉,主要流传于,怒江 傈僳族自治州兰坪县的通 甸、河西、啦井、金 顶及磴等乡镇普米族 聚居的村寨
52,搓蹉,伴奏乐器,四弦的比柏
52,搓蹉,击节乐器,羊皮鼓
52,搓蹉,别称,四弦舞
52,搓蹉,别称,羊皮舞
52,搓蹉,源于,普米族传说
52,搓磋舞,形式包括,碗筷 舞
52,搓磋 舞,形式包括,撞 胯舞
52,搓磋,保留特点,古代艺术歌、舞、乐三位一体
52,搓磋 活动时,人们围成,一圈或数圈
52,搓磋,引导 音乐由,四弦和羊 皮包所奏
52,搓磋,分为类型,开放式搓蹉
52,搓磋,分为 类型,封闭式搓蹉
52,开放式搓蹉,属性,自娱性舞蹈
52,开放式搓 蹉,成为重要形式,普米族民众日常自娱自 乐
52,开放式 搓蹉,成为主要内容,普米族交际、喜庆之类大型 活动
52,搓 蹉,不受限制因素,时间、地点和人数
52,舞者,可以 先后起步,部分人舞蹈部分 人边走边唱唱完后再行 起舞
52,跳舞时踏跺的力向,关系为,纵的关系
52,跨步的 力向,关系为,横的关系
52,退步时前偏上身和 下身方向,相反于,上前时后仰上下身方向
52,搓蹉 速度,一般为,中速
52,速度慢 时舞步特点,轻盈、飘 洒仿佛微风有节奏地牵动 着衣裙) 25. (速度加快时舞步特点,粗犷、有力
52,开放式搓蹉,有,十二套舞步
52,开放式搓蹉队形 包括,手牵手的单圆圈 、双圆圈和半圆圈) 28. (开放式搓蹉一般 以,逆时针方向跳
52,开放式搓 蹉也可按,顺时针 方向跳) 30. ( 围成双圆圈时同方向和 不同方向跳均可,"属于, 开放式搓蹉"
52,搓磋舞蹈套名多 队形、舞步变化丰富有张 有弛不受参与人数的限制少则 几十人参与多可上万人齐 跳多用于各种自娱、喜庆 、健身活动表达了民族团结和欢乐的情绪 是普米族人民最喜爱的舞蹈 具有一定的艺术性,用途包括,自娱、喜庆、健身活动
52,搓磋,表达情绪,民族团结和 欢乐
52,搓 磋,喜爱程度,普 米族人民最喜爱的舞蹈
52,搓磋,具有,一定的艺术性
52,文艺工作者整理改编 的搓磋,开始演出时间,世纪年代起
52,文艺工作者整理改编的 搓磋,演出范围,国内外
52,文艺 工作者整理改编的搓磋,获得奖励级别,省、国家级 奖励
52,传统的 普米族搓蹉,面临 问题,现代文化的冲击出现生存 危机急需保护传承
53,布朗族蜂 桶鼓舞,是,布朗族 跳鼓的总称
53,布朗族 蜂桶鼓舞,起源于,创世传说和祭祀活动
53,布朗族蜂 桶鼓舞,流传于,云南省临沧市双江拉祜 族佤族布朗族傣族自治县邦 丙乡
53,布朗族蜂桶鼓舞,流传于,云南省临沧市 双江拉祜族佤族布朗 族傣族自治县大文乡
53,布朗族蜂 桶鼓舞,组成部分包括,跳蜂桶鼓克广
53,布朗族蜂 桶鼓舞,组成部分包括,跳象脚鼓克广紧
53,布朗族 蜂桶鼓舞,组成部分包括,跳甩手巾习袜帕 洁
53,布朗族蜂桶鼓舞,基本 步伐有,三步
53,布朗族蜂桶 鼓舞,基本步伐有,五步
53,三步舞,动作特点,优柔缓慢
53,五步舞,动作特点,激越 刚健
53,布朗族蜂桶鼓舞,适合演出形式,广场演出
53,布朗族蜂桶鼓舞,适合 演出形式,舞台演出
53,参与者,分为队伍,男队
53,参与者,分为队伍,女队
53,男队,动作特征,身背蜂桶鼓边舞边 敲
53,女队,动作特征,手拿毛巾边舞边甩
53,舞蹈伴奏乐器,包括,象 脚鼓
53,舞蹈伴奏乐器,包括,金芒
53,舞蹈伴奏乐器,包括,锣
53,舞蹈伴奏乐器,包括,镲
53,布朗族蜂桶鼓舞,反映内容,历史观
53,布朗族蜂桶鼓舞,反映 内容,道德观
53,布朗族蜂 桶鼓舞,反映内容,价值观
53,布朗族蜂桶鼓舞,反映内容,思维方式
53,布朗族蜂 桶鼓舞,表达愿望,祈求美好生活
53,布朗族蜂桶鼓舞,具有属性,民族凝聚力
53,布朗 族蜂桶鼓舞,具有属性,艺术感染力
53,布朗族蜂 桶鼓舞,研究领域包括,民族学
53,布朗族蜂桶鼓舞,研究领域包括,民俗学
53,布朗 族蜂桶鼓舞,研究领域包括,社会学
53,传统布朗族蜂桶 鼓舞,面临问题,时尚 文化冲击
53,传统布朗族蜂桶鼓舞,保护状态,需抢救 保护
54,纳西族 热美蹉,流传地区,云南省丽江市古城区坝 子东北的大东乡
54,纳西族 热美蹉,流传地区,玉龙雪山以东、金沙 江以西的崇山峻岭 和沿江小片河谷地带
54,纳西 族热美蹉,表现形式,诗、歌、舞浑然 一体
54,纳西族热美蹉,表演方式,男女混唱集体 舞蹈
54,纳西族热美蹉,使用道具情况,不用任何道具
54,纳 西族热美蹉,人数 限制,无限制
54,纳西族热 美蹉,参与者规模范围,少则十余人多则数百人
54,纳 西族热美蹉,舞蹈 方向,顺时针方向
54,纳西 族热美蹉,舞蹈动作 特点,古朴自然
54,纳西族 热美蹉,唱腔特征,几近呼喊
54,纳西族 热美蹉,节拍要求,必须和其他人节拍一致 达到和谐
54,纳西族热美蹉,音乐性质,发自 胸喉的天籁之声
54,纳西 族热美蹉,学习方式,口传心授
54,纳西 族热美蹉,习得 途径,长时期的实践参与
54,纳 西族热美蹉,技巧 发挥形式,即兴发挥
54,纳 西族热美蹉,影响 对象,丽江古乐
54,纳西 族热美蹉,影响对象,《白沙细乐》
54,纳 西族热美蹉,研究 价值领域,民族学
54,纳西 族热美蹉,研究价值 领域,艺术学
54,纳西族 热美蹉,研究价值领域,历史文化
54,纳西族热美 蹉,现状,传承面临 巨大困难
54,纳西族热美蹉,保护需求,亟待抢救 保护
55,彝族三 弦舞,类型,民间舞蹈
55,阿 细跳月,流传地区,阿细彝区
55,撒尼大三弦,流传地区,撒尼彝 区
55,三弦 舞,参与者性别,男女 都可参加
55,男子,使用乐器,三弦
55,女子,动作特点,踏着节奏伴 舞
55,大三弦 舞,使用者年龄群体,年轻人
55,小三弦 舞,使用者年龄群体,中老年人
55,大三 弦舞,知名度特点,国内具有较高的知名度
55,小三弦舞,别称,慢三步
55,彝族三弦舞,作用,增强群体意识促进 民族团结
55,彝 族三弦舞,学术评价,远古舞蹈的活化石
55,阿细跳 月,阿细语名称,嘎斯比
55,嘎斯比,含义,欢乐跳
55,阿细跳月,起源地,云南省红河哈 尼族彝族自治州弥勒县西山 一带
55,阿 细跳月,流传范围,弥勒县彝族阿细 人聚居的村寨及泸 西、陆良等地
55,木邓,贡献,钻杉木取火为 人们找到了保留火种的方法
55,木邓比,含义,跳篝火
55,阿细跳 月,起源传说相关人物,木邓
55,阿细跳月,舞蹈 姿态特点,始终保持跳跃的舞 姿
55,阿 细跳月,历史背景,刀耕火种的奴隶生活
55,阿细 跳月,新中国成立后地位变化,成为逢年过节或 节日喜庆不可缺少的群众民间文娱活动
55,阿细跳 月,参加者人数范围,少则十几人多则上千人
55,阿细跳 月,表演场合,祭祀 、节日、盛典时
55,阿细跳月,特点,具有很强的自发性、 自娱性和群众性
55,阿细跳月,组成元素,集歌、 舞、乐于一体
55,阿细跳月,舞蹈分类,老人舞和青年 舞
55,阿 细跳月,舞步形式,踹脚跳
55,阿细跳月,舞步形式,鹤步单腿 跳
55,阿 细跳月,舞步形式,弹跳步
55,阿细跳月,舞步形式,跑步跳
55,阿细跳月,舞步形式,转身跳
55,阿细 跳月,舞步形式,拍掌跳
55,阿细跳月,音乐 调式,宫调式
55,阿细跳 月,音乐节拍特点,大三度五拍节
55,阿细跳月,伴奏乐器,大三弦
55,阿细 跳月,伴奏乐器,大中小竹笛
55,阿细跳月,伴奏乐器,小三弦
55,阿细跳月,伴奏乐器,三胡
55,阿细 跳月,伴奏乐器,月琴
55,阿细跳月,伴奏乐器,唢呐
55,阿细跳月,伴奏乐器,哨子
55,阿细跳月,节奏特点,热烈欢快
55,阿细 跳月,动作风格,豪放粗犷
55,阿细跳月,舞姿特点,矫健飘逸
55,阿细 跳月,韵律特点,强劲
55,阿细跳月,气势特点,恢宏撼人心魄
55,阿细跳 月,感召力特点,具有强烈的感召力
55,阿细跳月,文化特征,鲜明的民族 和地域特征
55,阿细跳月,文化 代表意义,彝族山地传统文化 的典型代表
55,阿细跳月,作用,在增强民族团结加强民族文化交流等方面 具有重要作用
55,彝族三弦舞,面临 问题,许多传统的舞蹈套路面临 失传
55,阿细跳月,生存状况,已濒临生存危境亟待 保护
56,彝族三 弦舞,类型,大三弦 舞
56,彝族三弦舞,类型,小三弦舞
56,阿 细跳月,所属地区/ 支系,阿细彝区
56,撒 尼大三弦,所属地区/ 支系,撒尼彝区
56,大三 弦舞,参与者性别,男女都可参加
56,大三弦舞,乐器 使用者,男子
56,小三弦舞,乐器使用情况,女子踏 节奏伴舞
56,大三弦舞,适用 人群,年轻人
56,小三弦舞,适用人群,中老年人
56,小三弦 舞,别称,慢 三步
56,大三弦舞,别称,快三步
56,大三弦舞,基本步伐,三步一踢 脚
56,撒尼大三弦舞蹈,起源传说,避土司逼 婚结合篝火起舞
56,撒尼 大三弦舞蹈,另一起源说法,抢种庄稼烧荒地 跳动发展而成
56,大三弦制作材料,香椿树) 16. (大三弦制作材料,山羊皮
56,大三弦制作材料,青松树) 18. (大三弦伴奏 乐器,中笛
56,大三弦伴奏 乐器,小笛) 20. (大三弦伴奏 乐器,哨子
56,撒尼人,主要乐器,大三弦
56,撒尼人,娱乐方式,跳大三弦舞
56,撒尼人,抒情方式,跳大三 弦舞
56,石林一带撒尼族,文化特征,家家 有大三弦
56,石林一带撒尼 族,文化特征,人人 会跳大三弦舞
56,彝族三 弦舞,社会作用,增强群体意识
56,彝族三弦舞,社会作用,促进民族团结
56,彝族三弦舞,学术 评价,远古舞蹈的活化石
56,彝族三弦舞,研究 价值,提供舞蹈起源与发展材料
57,乐作舞,所属民族,哈尼族
57,乐 作舞,所属民族,彝族
57,乐作舞,流传地区,云南省红河哈尼族彝 族自治州南岸红河县
57,彝族民间称法,名称,载比
57,哈尼族民间 称法,名称,哈 塞塞
57,哈 塞塞,别名,龙纵撮
57,乐作,语音含义,""" 大家来跳乐"""
57,彝族中乐作名称来源 地,地区,石屏 、建水
57,乐作舞,历史演变时长,近百年
57,新中国成立后,传播者,文艺工作者
57,江外乐作,传播范围,全省乃至全国的 文艺界
57,乐作舞,成为统称对象,红河南岸哈尼族 摆放跳乐
57,乐作舞,不受限制 因素,时间
57,乐作舞,不受 限制因素,地点
57,乐作舞,不受限制因素,人数
57,乐作舞,不受限制因素,形式
57,舞前环节,包括内容,有乐队伴奏 的抒情性歌唱
57,乐队人员,行为特征,不参加舞蹈但摇晃身体
57,乐队人员,行为特征,高昂的 帮腔助兴
57,起舞形式,队 形特征,多呈双数 围成圆圈
57,舞蹈过程,伴随动作,边跳边唱
57,舞蹈动作特点,忽动忽停间或拍手 ) 23. (舞蹈动作 特点,交错对穿
57,舞蹈动作特点,翻身自转) 25 . (舞蹈整体形态保持,"外观特征, 圆圈"
57,舞者姿态,评价描述,优美
57,舞者动作风格,特点,柔和而轻盈
57,手臂舞动 比喻,形象描述,如同 蜻蜓振翅
57,膝盖运动方式,特征,富有弹性地屈伸
57,舞步特点,评价描述,丰富而完整
57,乐作舞,具有特色,鲜明的民族 风格
57,乐 作舞,具有特色,浓郁的地方特色
57,乐作舞,功能作用,精神纽带
57,乐作舞,应用领域,边疆各民族男女青年的 社交活动
57,乐作舞,发挥的作用,媒介作用
57,乐作舞,贡献内容,增进边疆各民族的友谊 和团结
57,乐作舞,面临问题,保护措施不够健全
57,乐作舞,面临问题,外来文化的影响
57,乐作舞,现状状态,面临生存 危机
57,乐 作舞,需求措施,亟待保护传承
58,彝族左 脚舞,彝语名称,咕遮古名堕左 脚
58,彝族左脚舞,流传地区,云南省楚雄彝 族自治州牟定县
58,彝族左脚舞,目的,娱人
58,彝族 左脚舞,目的,交往
58,彝族左脚舞,目的,健身
58,彝族左脚舞,基本步法,直脚
58,彝 族左脚舞,基本步 法,甩脚
58,彝族左脚 舞,基本步法,垫脚
58,彝族左脚舞,特殊动作,串花
58,彝族 左脚舞,特殊动作,翻身
58,彝族左脚舞,使用乐器,龙头四弦
58,彝族左脚舞,使用 乐器,小二胡
58,彝族 左脚舞,唱腔类型,左脚调
58,彝族左 脚舞,反映内容,对天/地/日/月 /火/虎/自然的原始崇拜
58,彝族左脚舞,体现 精神,团结奋进
58,彝族左 脚舞,体现精神,勇于创造
58,彝族左脚舞,包含文化元素,民风 民俗
58,彝族左脚舞,包含文化元素,传统工艺
58,彝 族左脚舞,包含文化 元素,民族服饰
58,彝族左 脚舞,研究价值领域,人类学
58,彝族左脚舞,研究价值领域,民族学
58,彝族左脚舞,研究 价值领域,民俗学
58,彝族 左脚舞,面临问题,文化传统和习俗日渐淡化
58,彝 族左脚舞,面临问题,具有歌/舞/乐 综合素质的传承人越来越少
58,彝族左 脚舞,急需措施,抢救保护
59,彝族老虎 笙,类型,祭祀性和自 娱性舞蹈
59,彝族老虎 笙,流传地区,云南省 楚雄彝族自治州双柏县
59,彝族 老虎笙,舞姿特点,奔放雄浑
59,彝族老虎笙,体现性格,山地民族 的刚强性格
59,彝族老虎笙,表达内容,对虎的 崇拜
59,彝族老虎笙,主要动作,模拟老虎的各种动态
59,彝族老虎 笙,体现习俗,图 腾崇拜
59,彝族先民,信仰,虎尸分解创造万物
59,彝族 人民,自称,倮倮 (虎族
59,双柏县法镇 的小麦地冲,身份,老虎笙的发源地
59,彝 族,活动时间,每年 正月初八到正月十五
59,虎节,持续时间,历时八天
59,虎节期间,举行活动,祭虎、接虎、跳 虎、送虎
59,跳虎者,装扮方式,黑毡捆 扎成虎皮样子+颜料画 虎纹
59,跳老虎笙,需 装扮角色,八头虎、 两只猫、两位山神、一个 道人
59,跳老虎笙,需 人员配置,两个击鼓者和 一个敲锣者
59,舞者,行进方式,排列成一行纵队 按逆时针方向行进
59,老虎笙 舞蹈动作,包括内容,老虎 亲嘴、老虎搭桥、老虎 擦屁股
59,老虎笙舞蹈动作,包括 内容,送肥、犁田 、耕地、撒秧、栽种、 拔秧、收割
59,老虎笙,性质,彝族虎图腾 崇拜的活史料
59,老虎笙,体现观念,崇虎观及 人与自然和谐相处的发展观
59,老虎笙,承载信息,彝族的 历史文化信息和原始记忆
59,老虎笙,功能,传统文化传承的平台
59,老虎 笙,研究价值,人类学 、民族学、民俗学
59,老虎笙,面临问题,传统生活方式 变迁影响
59,老虎笙,面临问题,民俗活动商业化趋势影响
59,老虎 笙,现状,原始面貌 发生改变
59,老虎笙,传承状况,面临严重危机
59,老虎笙,保护需求,急需抢救保护
60,彝族跳 菜,又名,抬菜舞
60,彝 族跳菜,彝语 名称,吾切巴
60,彝族跳菜,流传地区,云南省南涧 彝族自治县
60,彝 族跳菜,起源,古老的祭祀
60,彝 族跳菜,用途,办宴席上菜时敬重宾客 、增加喜庆气氛
60,彝族跳菜,伴奏 乐曲,《奉圣乐》
60,彝族跳菜,主要动作特点,旋转
60,彝族跳 菜,分类,席间 跳菜
60,彝 族跳菜,分类,表演跳菜
60,表演跳菜,基础形式,席间跳菜
60,表演跳菜,主要舞步来源,南涧 境内多种打歌步伐
60,席间跳菜,按抬菜方式分,头功跳菜
60,席间跳菜,按抬菜方式分,口 功跳菜
60,席间跳菜,按 抬菜方式分,手功 跳菜
60,表演跳菜,按风格分,无量山系黑彝 跳菜
60,表演跳菜,按风格分,哀牢山系黑彝 跳菜
60,表演跳菜,按风格分,无量乡红星村白 彝跳菜
60,表演跳菜,按场地 分,舞台跳菜
60,表演跳菜,按场地分,广场跳 菜
60,舞台 跳菜,演员人数,二十人左右
60,舞台跳菜,舞蹈特点,粗犷豪放、刚 健有力
60,舞台跳菜,声音特点,高亢嘹亮
60,广场跳菜,演员规模,少则数十人多 则数百人
60,广场跳菜,艺术效果,气势恢宏、整齐和谐
60,彝族 跳菜,反映内容,对丰收的喜悦
60,彝族跳菜,反映 内容,对美好生活的憧憬
60,彝族跳 菜,展现民族特点,善良淳朴、热情好客
60,彝族跳 菜,研究价值领域,原始宗教
60,彝族跳菜,研究价值 领域,民俗文化
60,彝族跳菜,现状,后继乏人
60,彝族 跳菜,保护状态,濒危状态
60,彝族跳菜,需求 措施,亟待保护传承
61,彝族打 歌,别 称,踏歌
61,彝 族打歌,分布地区,云南省巍山县
61,彝族打歌,记载文献,清代嘉庆《景 东直隶厅志》
61,彝族打歌,流行时间,春节
61,彝族打歌,流行时间,小年
61,彝族打歌,流行时间,农历正月十五
61,彝族打 歌,流行时间,火 把节
61,彝 族打歌,活动场合,婚嫁
61,彝族打歌,活动场合,聚会
61,夜间打歌,必要元素,篝火
61,白天打歌,无需 元素,点火
61,彝族打歌,主要乐器,芦笙
61,彝族打歌,主要乐器,笛子
61,彝族 打歌,陪衬乐器,三弦
61,彝族打歌,陪 衬乐器,月琴
61,西山一带打歌,队形特征,男 半圈女半圈
61,东山一带打歌,队形特征,男 一对女一对
61,东山一带打歌,舞动方向,逆时针
61,彝族 打歌,律动部位,腰
61,彝族打歌,律动 部位,腿
61,彝族打歌,曲调类型,喜事打 歌调
61,彝族打歌,曲调 类型,节日打歌调
61,彝族打 歌,曲调类型,忧事打歌调
61,彝族打歌,曲调类型,善事 庙会打歌调
61,彝族打歌,曲调类型,平常打 歌调
61,彝族打歌调,结构 特点,上下句或四句 乐段
61,彝族打歌调,歌词 形式,四句式
61,彝族打歌 调,歌词形式,六 句式
61,彝族打歌调,歌词 形式,八句式
61,彝族打歌 调,歌词形式,十 句式
61,彝族打歌调,歌词 形式,十二句式
61,彝族打歌 调,歌词形式,奇 数式
61,彝族打歌调,句 式类型,五言
61,彝族打歌 调,句式类型,六言
61,彝族打歌调,句 式类型,七言
61,彝族打歌 调,句式类型,长短句
61,彝族打歌,文化属性,歌舞乐三者合一
61,彝族打歌,研究价值,社会学
61,彝族打 歌,研究价值,民俗 学
61,彝 族打歌,现状,面临消亡危险
61,彝族打歌,保护 需求,亟待保护
62,象脚鼓舞,属于,傣族传统民族 舞蹈
62,象脚鼓舞,表演形式 包括,独舞
62,象脚鼓舞,表演 形式包括,对舞
62,象脚鼓舞,表演形式包括,群舞
62,象脚鼓舞,表演目的,祭祀神灵
62,象脚鼓舞,表演目的,驱灾避 邪
62,象脚 鼓舞,表演目的,庆 贺丰年
62,象脚鼓舞,流传于,德昂族
62,象脚鼓舞,流传于,景颇族
62,象脚鼓舞,流传于,阿昌族
62,象脚鼓舞,传播到,东南亚许多 国家
62,象 脚鼓起源民间传说,包括,夫妻模仿芒果落水声音制成
62,象脚 鼓起源民间传说,包括,人们杀死制造洪水的恶龙用 龙皮欢庆胜利而制成
62,象脚鼓 最早记载,见于,《百 夷传》
62,《百夷传》记载内容,描述为,大小长 皮鼓以手拊之
62,象脚鼓,是,傣族标志性打击 乐器
62,傣 族象脚鼓舞表演类型,分为,击鼓而舞
62,击鼓而 舞傣语名称,称为,协光
62,协光包含形式,包括,单人舞
62,协光包含形式,包括,双人舞
62,协光包含形式,包括,对舞
62,协光包含形式,包括,群舞
62,傣族象脚鼓舞 表演类型,分为,跟 鼓而舞
62,跟鼓而舞傣语名称,称为,嘎光
62,嘎光中的 三道弯源于,早期人类 采摘树上果实的动作) 26 . (三道弯成为造型特点,"属于, 傣族及 南亚、东南亚许多民族特有的舞蹈 造型"
62,象 脚鼓舞手臂动作,包括,后轮翻腕
62,象脚鼓舞手臂动作,包括,向前掏转
62,手臂动作反映历史 背景,表明,傣族 先民从背箩里取种 、撒种的形象
62,手臂动作反映社会阶段,表明,当时傣族社会 已进入农耕时代
62,象脚鼓舞表演方式,为,左肩背鼓 、鼓面对前、鼓尾向下
62,象脚 鼓舞击鼓手型,以 右手为主左手配合) 33 . (象脚鼓舞敲打部位,"包括, 拳"
62,象脚鼓舞敲打部位,包括,掌
62,象脚鼓舞敲打部位,包括,指
62,象脚鼓舞敲打部位,包括,肘
62,象脚鼓舞敲打部位,包括,膝
62,象脚鼓舞敲打部位,包括,脚跟
62,象脚鼓舞敲打部位,包括,脚趾
62,象脚鼓舞步伐类型,包括,前点半步蹲
62,象脚 鼓舞步伐类型,包括,后 点半步蹲
62,象脚鼓舞步伐类型,包括,踏步全蹲
62,象脚鼓舞步伐 类型,包括,八字步半 蹲
62,象 脚鼓舞腿部动作,包括,悠腿
62,象脚鼓舞腿部动作,包括,抬腿
62,象脚鼓舞腿部动作,包括,踢脚
62,象脚鼓舞腿部动作,包括,吸腿跳
62,象脚鼓舞分类 依据鼓形,根据鼓的长、 中、小形状有三种跳法) 49. (象脚鼓舞 具体类别,"包括, 长象 脚鼓舞"
62,象脚鼓舞具体类别,包括,中象脚鼓舞
62,象脚鼓舞具体类别,包括,小象脚鼓舞
62,象脚 鼓舞性别属性,是,男子舞蹈
62,象脚鼓舞艺术风格特点,具有,独特的艺术风格
62,鼓身长度影响 动作特点,导致,舞蹈 动作多以下半身为主
62,下半身主要动作 举例,包括,提蹲走 步
62,下半 身主要动作举例,包括,撩腿部
62,下半身主要动作举例,包括,大八字步
62,象脚鼓舞配以身体 动作,包括,身体的轻微闪 动动作
62,象脚鼓舞功能之一,具有,怡情悦性
62,象脚鼓舞功能 之二,具有,强健 身心
62,象 脚鼓舞功能之三,具有,以舞会友
62,象脚鼓舞学术研究 价值体现方面,帮助认识,傣族历史文化的变迁
62,当前文化冲击现状 下受影响对象,包括,傣 族等少数民族的传统文化
62,当前文化冲击导致结果 之一,掌握象脚鼓舞表演 技艺的民间艺人寥寥无几) 65. (当前文化冲击 导致结果之二,一些高 难度的击鼓技巧也已失传
63,基诺族,传统舞蹈,大鼓舞
63,大鼓舞基诺语称,名称,司土锅司 土
63,大鼓舞别称,俗称,大鼓锅
63,流传地区,地点,云南省西双版纳傣 族自治州景洪市基诺山基 诺族乡
63,跳大鼓舞目的,感谢对象,创世女神阿 嫫腰白
63,最隆重时间,节日 关联,特懋克节
63,特懋 克节时间,具体日期,立春后三天
63,仪式前置动作,祭祀用品,杀一头乳 猪、一只鸡
63,祭祀参与者,角色,七位长老
63,祭祀流程,包括动作,磕头拜祭
63,祭祀环节,行为主体,一人念诵祭词
63,祭词内容,祈祷事项,大鼓 带来吉祥平安
63,表演形式,主要 乐器,双手执鼓槌边 击边舞
63,伴奏乐器组合,包含,击镲
63,艺术表现形式,结合元素,伴舞伴 歌
63,唱词名称,称谓,乌悠壳
63,乌悠壳主题 内容,涉及范畴,基 诺人的历史、道德和习惯
63,舞蹈 动作类型,举例,拜 神灵
63,舞蹈动作类型,举例,欢乐跳
63,舞蹈动作类型,举例,过年调
63,大鼓属性 定位,功能分类,礼 器
63,大鼓属性定位,功能 分类,重器
63,大鼓属性 定位,功能分类,神 物
63,悬挂位置规定,特定场所,卓巴寨老家的神柱 上
63,制造要求,遵循规范,严格的程序
63,文化价值体现,蕴含内容,丰富的历史文化内涵
63,艺术 特征评价,具备特点,一定的艺术性和观赏性
63,传承现状描述,现存群体特征,只有 名年过七旬的老人尚能 掌握
63,濒危等级判定,保护 状态,极度濒危的境地
63,保护 需求表述,必要措施,急需加以保护
64,石屏彝 族烟盒舞,别称,跳弦
64,石屏彝族烟 盒舞,别称,垄偬
64,石 屏彝族烟盒舞,流传地区,云南省红河哈 尼族彝族自治州石屏县
64,石屏彝族 烟盒舞,成熟时期,元明时期
64,石屏彝族烟盒舞,鼎盛时期,清代和 民国时期
64,石 屏彝族烟盒舞,包括 部分,正弦
64,石屏彝族烟盒 舞,包括部分,杂弦
64,石屏彝 族烟盒舞,形成风格,山区风格
64,石屏彝族烟盒舞,形成风格,坝区 风格
64,石 屏彝族烟盒舞,舞蹈形式,双人舞
64,石屏彝 族烟盒舞,舞蹈形式,三人舞
64,石屏彝族烟盒 舞,舞蹈形式,群 舞
64,石 屏彝族烟盒舞,使用道具,圆形木制烟 盒
64,石 屏彝族烟盒舞,伴奏乐器,四弦
64,石屏彝族 烟盒舞,著名技巧动作,仙人搭桥
64,石屏彝族烟 盒舞,著名技巧动作,蚂蚁搬家
64,石屏彝族烟盒舞,著名技巧动作,倒 挂金钩
64,石屏彝族烟盒舞,功能,健身
64,石屏彝族 烟盒舞,功能,怡情
64,石屏彝族烟盒舞,发展成,集歌、 舞、乐、竞技于一体的综合性舞蹈 艺术
64,石 屏彝族烟盒舞,展现内容,历史观
64,石屏彝族 烟盒舞,展现内容,道德观
64,石屏彝族烟盒舞,展现内容,价值观
64,石屏彝 族烟盒舞,展现内容,思维方式
64,石屏彝族烟盒舞,研究领域,民族学
64,石屏彝 族烟盒舞,研究领域,民俗学
64,石屏彝族烟盒舞,研究领域,社会学
64,石屏彝族 烟盒舞,表达内容,审美趣味
64,石屏彝族烟盒舞,高难度技巧,下 腰
64,石 屏彝族烟盒舞,高难度技巧,连环翻滚
64,石屏彝 族烟盒舞,作用,加强团结
64,石屏彝族烟盒舞,作用,增进友谊
64,石屏彝 族烟盒舞,面临问题,风格单一化
64,石屏彝族烟 盒舞,面临问题,内涵浅显化
64,石屏彝族烟盒 舞,现状,传统韵味 十足的经典套路濒临失传
64,石屏彝族 烟盒舞,现状,亟待抢救
65,西畴彝 族葫芦笙舞,流传于,云南省文山壮族 苗族自治州西畴县鸡街 曼村
65,曼 村,聚居民族,彝族花倮人
65,花倮人的葫芦笙舞,典型舞姿特征,躯体形前后曲动
65,开化古铜鼓图 饰,描绘内容,头戴 羽冠、衣着羽衣、吹 葫芦笙翩翩起舞的舞人 饰纹
65,古 滇先民跳葫芦笙舞时,装扮特点,头戴羽 冠、手执羽毛、身穿羽 衣、屈肢顿足而周旋 飞舞
65,曼村 花倮妇女,保留痕迹,羽冠和羽衣的痕迹
65,曼村花倮 人的葫芦笙舞,传承来源,古滇先民舞蹈
65,曼村花倮 人的葫芦笙舞,具有,特定的历史文化内涵
65,花倮人的重要节日,活动场景,全村男女老幼 欢聚于场院
65,花倮人重要节日 时,参与人员服饰,妇女身穿节日盛装
65,花倮人重要节日 时,伴奏乐器,葫芦 笙
65,花 倮人重要节日时,舞蹈 形式,围成圆圈翩翩起 舞
65,葫芦 笙舞,包括舞蹈套路,牙虐站着跳
65,葫芦笙舞,包括舞蹈 套路,牙庆起步跳
65,葫芦笙舞,包括舞蹈套路,牙拉 移步翻身
65,葫芦笙舞,包括舞蹈套路,牙降走圆圈
65,葫芦笙舞,包括舞蹈套路,牙稳穿 花
65,葫芦 笙舞,包括舞蹈套路,牙搞对点头
65,葫芦笙舞,包括舞蹈 套路,牙敢前跳又 后跳
65,葫芦笙舞每种套路,对应 元素,不同的葫芦笙曲调
65,花倮 人葫芦笙制作工艺,组成 部件,五根长短不一的 竹管
65,花倮人葫芦笙制作工艺,组成部件,根部嵌竹 或铜制簧片
65,花倮人葫芦笙 制作工艺,组成部件,插入葫芦制成的音斗
65,花倮人葫芦笙 制作工艺,结构特征,三支笙管侧面开有音 孔
65,花 倮人葫芦笙制作工艺,结构特征,最短的一支在 音斗背后也开有音孔
65,花倮 人葫芦笙制作工艺,结构 特征,最长的一支顶端还 套有一个小葫芦以增加共鸣
65,彝族葫芦 笙舞,面临问题,艺术特色和文化内涵正逐渐减弱
65,彝族葫芦 笙舞,面临问题,表现形式日趋单一
65,彝族葫芦笙舞,面临问题,传承上出现不容 乐观的现象
65,彝族葫芦笙舞,应对 措施,应尽快加以保护和 抢救
66,阿尺木 刮,流传 地区,云南省迪 庆藏族自治州维西傈 僳族自治县叶枝镇的同 乐、新乐一带
66,阿尺木刮,民族归属,傈僳族
66,阿尺木刮,性质,自娱性 民间歌舞
66,维 西傈僳族自治县,历史特征,交通闭塞
66,维西傈僳族,生产方式,半农半牧
66,山羊,与 维西傈僳人关系,极为密切
66,阿 尺木刮,关联对象,山羊
66,阿 尺木刮,表现内容,传统生产生活和思想感情
66,男舞者服饰,包括元素,挽髻戴 簪编麦草为缨络缀 于发间出入常佩利刃
66,妇舞 者服饰,包括元素,挽 发束箍盘领衣系裙 裤
66,编 麦草为缨络缀于发 间,现存地点,叶 枝镇境内的傈僳族
66,阿尺木 刮,舞蹈形式特点,热烈奔放
66,阿尺木刮,风格 特点,独特
66,阿尺木刮,艺术形态状态,保持着传统的民间 艺术形态
66,阿尺木刮,面临问题,传承危机
66,传统舞蹈套路,掌握 人群,部分老人
67,傣族孔雀 舞,流 布地区,云南省 德宏傣族景颇 族自治州的瑞丽、潞西 及西双版纳、孟定 、孟达、景谷、沧 源等傣族聚居区
67,瑞丽市的 孔雀舞,傣语名称,嘎洛勇
67,傣族领袖召麻栗杰 数,模仿对象,孔雀 的优美姿态
67,傣族人民,象征意义认知,圣鸟孔雀是幸福吉祥 的象征
67,傣族 人们,最喜爱的民间舞蹈,孔雀舞
67,傣族聚居的坝区,活动频率,几乎月月 有摆节日年年有歌舞
67,泼水节、 关门节、开门节、赶摆 等民俗节日,表演形式,跳起姿态优美的孔雀舞
67,瑞丽傣族 孔雀舞,主要形式,单人舞
67,瑞丽傣族孔雀舞,次要形式,双人孔雀舞
67,舞者,性别分布特征,以 男性居多
67,孔雀舞,动作特点,丰富多样的手形动作和跳、 转等技巧
67,孔雀舞,身体要求,四肢和躯干的各个关节要 重拍向下屈伸全身均匀颤动
67,孔雀舞,典型舞姿,优美的 三道弯舞姿
67,架子孔雀舞,舞蹈语汇,飞跑下山 、林中窥看、漫步森林 、抖翅、点水等惟 妙惟肖模拟孔雀神态的动作
67,孔雀舞,风格特点,轻盈灵秀
67,孔雀舞,情感表达方式,细腻
67,孔雀舞,舞姿特征,婀 娜优美
67,孔雀舞,文化属性,傣族人民智慧的结晶
67,孔雀舞,审美价值,较高的审美价值
67,孔雀舞,表演场合,重要热闹的民族 节庆中单独表演
67,孔雀舞,融合 形式,常常融合在集体舞 嘎光中
67,孔雀舞,社会功能,维系民族团结的意义
67,孔雀舞,文化地位,傣族最有文化认同感 的舞蹈
68,铜鼓舞,流传地区,云南省文山壮 族苗族自治州
68,铜鼓舞,主要 分布县,广南
68,铜鼓舞,主要 分布县,麻栗坡
68,铜鼓舞,主要分布县,富宁
68,铜鼓舞,主要分布县,西畴
68,铜鼓舞,主要分布县,马关
68,铜鼓舞,主要分布县,邱北
68,广南县出土 的铜鼓文物,最早年代,春秋战国时期
68,沙果鼓,距今 历史,两千多年
68,铜鼓,象征 意义,权力的象征
68,铜鼓,用途,驱邪祈福的神器
68,铜鼓,用途,娱神的乐器
68,铜鼓舞,起源,自然崇拜
68,铜鼓舞,起源,祖先崇拜
68,彝族,认为铜鼓是,万物之 灵
68,壮 族,认为敲铜鼓起 舞可以,为村寨降 妖驱邪祈求平安
68,铜鼓舞,舞蹈 形式,族群性的集体舞蹈
68,舞者,起舞方向,逆时 针方向
68,广南那洒镇马贵村 壮族的铜鼓舞,保留 舞蹈动作数量,十二套
68,十二套舞蹈 动作,反映内容,一年四季 十二个月不同的生产内容
68,麻栗坡、富 宁等几个村寨中的铜鼓舞,主要用于,祈雨
68,麻栗坡 、富宁等几个村寨中的 铜鼓舞,主要用于,求 丰收
68,麻 栗坡、富宁等几个村 寨中的铜鼓舞,主要用于,老人丧葬等民俗活动
68,壮族铜 鼓舞表演时,一人敲铜 鼓另一人以木盒辅助形成 共鸣滑音) 25. (彝族的铜鼓演奏,"技巧特点, 一人用公 、母两面铜鼓可演奏十二 种音调组合简称十二调"
68,公鼓,代表,太阳
68,母鼓,代表,月亮
68,十二调,代表,一年十二个月
68,彝族的铜鼓舞,包含文化内容,本地民族的 历法文化
68,壮、彝先民,文化内涵包括,自然崇拜
68,壮、彝 先民,文化内涵包括,祖先崇拜
68,壮、彝先民,文化内涵包括,维系民族生存 发展
68,铜 鼓舞,具有特色,鲜明的 民族、地域特色
68,铜鼓舞,具有价值,重要的历史、文化、艺术 价值
68,外来 文化的冲击,导致结果,习铜鼓舞者锐减
68,壮族、彝 族年轻一代,对民族传统 历史文化认知程度,缺乏深层次的认知
68,铜鼓舞,面临状况,有消亡 的危险
69,从木鼓舞,流传民族,苗族
69,从木 鼓舞,流传民族,彝族
69,从 木鼓舞,流传民族,佤族
69,木 鼓,制作方式,截 取自然生长的树木躯干凿 空内部成型
69,木鼓,象征意义,族群的象征
69,沧 源佤族木鼓舞,分布 地区,云南省临沧市沧 源佤族自治县
69,沧源佤族木鼓舞,包括 部分,拉木鼓
69,沧源佤族木 鼓舞,包括部分,进木 鼓房
69,沧 源佤族木鼓舞,包括部分,敲木鼓
69,沧源佤族木 鼓舞,包括部分,祭木 鼓
69,沧 源佤族木鼓舞,动作 特征,屈膝
69,沧源佤族木 鼓舞,动作特征,弓 腰
69,沧 源佤族木鼓舞,移动 方向,逆时针方向
69,沧源佤 族木鼓舞,主要动作,甩手
69,沧源佤族木鼓舞,主要动作,走步
69,沧源佤 族木鼓舞,主要动作,跺脚
69,沧源佤族木鼓舞,伴奏形式,敲打木鼓 者的领唱与众人踏节而 歌
69,沧 源佤族木鼓舞,歌词 内容,民族历史
69,沧源佤族木 鼓舞,歌词内容,祭祀
69,沧源 佤族木鼓舞,歌词内容,劳动生产
69,沧源佤族木鼓舞,歌词内容,生活
69,沧源佤 族木鼓舞,代表作品,高格龙勐
69,沧源佤族木 鼓舞,代表作品,甩 发舞
69,沧源佤族木鼓舞,代表作品,加林赛
69,木鼓,文化寓意,通天神器
69,木鼓,文化地位,民族繁衍 之源头
69,木鼓,文化象征,佤族的历史文化象征
69,沧源佤族木 鼓舞,艺术价值体现,民间歌舞
69,沧源佤族木鼓舞,艺术价值体现,文学
69,沧源佤族 木鼓舞,艺术价值体现,艺术
69,沧源佤族木鼓舞,艺术价值体现,宗教信仰
69,沧源佤族 木鼓舞,研究价值领域,艺术学
69,沧源佤族木鼓舞,研究价值领域,民族学
69,沧源 佤族木鼓舞,研究价值 领域,民俗学
69,沧源佤族木 鼓舞,研究价值领域,宗教学
70,锅庄舞,别称,果卓
70,锅庄 舞,别称,歌庄
70,锅 庄舞,别称,卓
70,锅庄 舞,藏语含义,圆圈歌舞
70,锅 庄舞,所属民族,藏族
70,锅庄 舞,地位,藏族三大 民间舞蹈之一
70,锅庄舞,分布地区,西藏昌都
70,锅庄舞,分布地区,西藏那曲
70,锅庄舞,分布 地区,四川阿坝
70,锅庄舞,分布地区,四川甘孜
70,锅庄 舞,分布地区,云南 迪庆
70,锅庄舞,分布地区,青海
70,锅庄舞,分布地区,甘肃
70,大锅庄,用途,大型宗教祭祀活动
70,中锅庄,用途,民间传统节日
70,小锅庄,用途,亲朋聚会
70,锅庄舞,分类方式,群众锅庄 和喇嘛锅庄
70,锅庄舞,分类 方式,城镇锅庄和农牧 区锅庄
70,锅庄舞,舞蹈形式,男女各排半圆拉 手成圈
70,锅庄舞,表演特点,有一人领头
70,锅庄舞,表演特点,分男女一 问一答反复对唱
70,锅庄舞,伴奏方式,无乐器伴奏
70,锅庄 舞,结构组成,先 慢后快的两段舞
70,锅庄舞,基本动作,悠颤 跨腿
70,锅庄舞,基本动作,趋步辗转
70,锅庄舞,基本 动作,跨腿踏步蹲
70,锅庄 舞,手臂动作,撩
70,锅庄 舞,手臂动作,甩
70,锅庄 舞,手臂动作,晃
70,锅庄 舞,行进方向,顺 时针
70,锅庄舞,队形变化,龙摆尾图案
70,迪庆藏族锅 庄舞,分布地区,云南迪庆藏族自治州
70,迪庆藏族锅庄 舞,历史依据,丽江 石鼓轿子村出土的唐代 藏文画像碑
70,迪庆藏族锅庄舞,历史推测,上千年
70,迪庆 藏族锅庄舞,代表性地区,德钦县奔子栏 镇
70,迪 庆藏族锅庄舞,代表性 地区,香格里拉市沾 塘镇
70,迪庆藏族锅庄舞,代表性地区,香格里拉市 小中旬镇
70,奔子栏锅庄,礼仪程序种类,祝福锅 庄
70,奔 子栏锅庄,礼仪程序 种类,逐客锅庄
70,奔子栏 锅庄,礼仪程序种类,赞颂锅庄
70,奔子栏锅庄,礼仪程序种类,相 会锅庄
70,奔子栏锅庄,礼仪程序种类,辞别锅 庄
70,奔 子栏锅庄,礼仪程序 种类,挽留锅庄
70,奔子栏锅 庄,礼仪程序种类,送别锅庄
70,奔子栏锅庄,礼仪程序种类,祈福锅 庄
70,奔 子栏锅庄,特点,在全国各藏区十分罕见
70,迪庆藏族 锅庄舞,曲调部分,吆
70,迪庆藏族锅庄舞,曲调部分,卓金
70,迪庆 藏族锅庄舞,曲调 部分,霞卓
70,迪庆藏族锅庄 舞,曲调部分,卓草
70,香格里拉锅庄,分类,古锅庄
70,香格里拉锅庄,分类,新锅庄
70,擦尼,属于,古锅庄
70,擦尼,歌词内容特点,较 古老
70,擦 尼,舞步形式特点,较古老
70,擦尼,性质,浓厚 的祭祀性质
70,擦尼,受众群体,宗教界
70,擦尼,受众群体,老年人
70,擦司,属于,新 锅庄
70,擦司,创作方式,随着不同时代而新编
70,迪庆藏族锅 庄,唱词结构,三句为一段
70,迪庆藏族锅庄,表演场合,喜庆佳节
70,迪庆藏族 锅庄,表演场合,新居落成
70,迪庆藏族锅庄,表演场合,婚嫁喜事
70,迪庆 藏族锅庄,文化内涵,丰富的藏族文化
70,迪庆藏族锅庄,形式特点,完整多样
70,迪庆藏族 锅庄,地域特色,鲜明
70,迪 庆藏族锅庄,民族风格,浓郁
70,迪庆藏族锅庄,群众基础,深厚
70,迪庆藏族锅庄,蕴含精神,友爱
70,迪庆 藏族锅庄,蕴含精神,团结
70,迪庆藏族锅庄,价值,艺术价值
70,迪庆藏族锅庄,价值,社会价值
71,纳西族 白沙细乐,别名,崩时细哩
71,纳西族 白沙细乐,别名,别时细梨
71,纳西族白沙 细乐,别名,别时谢礼
71,纳西族白沙细乐,流传地区,丽江市 古城区
71,纳 西族白沙细乐,流传地区,玉龙纳西 族自治县
71,纳西 先民,受影响,东汉白狼献诗
71,纳西族,特点,能歌善舞
71,纳西族,特点,富有音乐天赋
71,纳西族,特点,充满哲思
71,白沙细乐 历史渊源,说法一,元氏遗音
71,元氏遗音,特点,靡靡切切酸 楚动人
71,元氏遗音,来源,世祖临别所赠
71,白沙细 乐历史渊源,说法二,凭吊战争亡灵之乐
71,和锡典,身份,已故纳 西族著名老艺人
71,白沙细乐传承 谱牒,可考时间,两百年前
71,白沙细乐,表现 内容,生离死别
71,白沙细 乐,表现内容,怀 恋缱绻的感情
71,白沙细乐现存调,包括,笃
71,白沙细乐现存 调,包括,一封书
71,白沙细 乐现存调,包括,三 思及
71,白沙细乐现存调,包括,美丽的白云
71,白沙细乐现存调,包括,公主哭
71,白沙细乐 现存调,包括,跺蹉
71,白沙 细乐现存调,包括,南曲
71,白沙细乐现存调,包括,北曲
71,白沙细乐乐器,包括,横笛
71,白沙细乐乐器,包括,直笛
71,白沙细乐 乐器,包括,芦管
71,白沙细 乐乐器,包括,苏古 笃
71,白 沙细乐乐器,包括,小曲项琵琶
71,白沙细乐乐器,包括,古筝
71,白沙细乐乐器,包括,二簧
71,白沙细乐 乐器,包括,胡琴
71,白沙细 乐演奏形式,要求人数,至少两人
71,白沙细乐演奏形式,主要方式,合奏
71,白沙细 乐演奏形式,伴随形式,歌舞
71,赤足舞,名称,跺磋
71,云雀劳马磋,类型,舞蹈
71,弓矢舞,名称,抗磋
71,白鹤舞,名称,夸磋
71,送葬时,奏跳 内容,跺磋
71,送葬时,奏跳内容,云雀劳 马磋
71,送葬时,奏跳内容,弓矢舞
71,送葬时,奏跳内容,白鹤舞
71,白沙 细乐,形成特点,元明遗音与纳西民间 音乐结合
71,白沙细乐,特点,构思独到
71,白沙细乐,特点,器乐兼歌并 舞
71,白 沙细乐,特点,意境深宽
71,白沙细乐,特点,曲调抒情
71,白沙细乐,特点,旋律委婉流畅
71,丽江各级政府及 相关部门,措施,制定《 纳西族民间音乐保护和管理办法 》
71,丽江 各级政府及相关部门,措施,成立行业协会
71,丽江各级政府及相关部门,措施,成立传习馆
71,丽江各级政府及相关部门,保护点,黄山镇长 水村
71,丽江各级政府及相关部门,命名传承 人,和凛毅
72,洞经音乐,主要流行 民族,汉族
72,洞经 音乐,主要流行民族,白族
72,洞经音乐,主要流行民族,纳西族
72,洞经音乐,起源 宗教,道教
72,洞经音乐,核心内容,《大洞仙经》
72,通海洞经 古乐,流传中心,秀山镇
72,通海洞经古乐,流传中心,河西镇
72,通海洞经古 乐,传播范围,九 街镇
72,通 海洞经古乐,传播 范围,扬广镇
72,通海洞经 古乐,传播范围,四街镇
72,洞经古乐,兴起 时间,元代
72,洞经古乐,创立时间,明代初年
72,洞经 古乐,兴盛时期,明末
72,洞经古乐,融合元素,西北音乐曲牌
72,洞经古乐,融合元素,江南演奏 技巧
72,云南 洞经演奏队伍,突出代表,通海妙善学女子 洞经古乐班
72,通海妙善学 女子洞经古乐班,成立时间,未明确年份
72,通海妙 善学女子洞经古乐班,成员构成,少女
72,通海妙 善学女子洞经古乐班,掌握技能,工尺 谱
72,通 海妙善学女子洞经古 乐班,掌握技能,简谱
72,通海妙善学女子洞经 古乐班,可演奏曲目 数,四十多首
72,通海妙善 学女子洞经古乐班,首次公开演出地点,三元 宫
72,通 海妙善学女子洞经古 乐班,创新举措,带入民间礼佛仪式
72,通海妙善学 女子洞经古乐班,历史延续时长,六十多年
72,通海妙 善学女子洞经古乐班,进京演奏时间,未 明确年份月
72,女子洞经会演奏曲目,包括,【小开门】
72,女子洞经会 演奏曲目,包括,【阴阳调 】
72,女子 洞经会演奏曲目,包括,【鹧鸪天】
72,女子洞经会演奏 曲目,包括,【叠落金钱 】
72,妙 善学女子洞经音乐,音乐类型分类,古典音乐
72,妙善学 女子洞经音乐,音乐类型 分类,江南丝竹音乐
72,妙善学 女子洞经音乐,音乐类型 分类,民间音乐
72,妙善学女子洞 经音乐,艺术风格特点,严肃中不失热情
72,妙善学女子洞 经音乐,艺术风格特点,虔诚中显出慈善
72,妙善学女子洞 经音乐,艺术风格特点,激昂中别见清脆
72,妙善学女子 洞经音乐,艺术风格特点,舒缓中透着甜润
72,妙善 学女子洞经音乐,演奏 风格特征,纤巧细腻
72,妙善学 女子洞经音乐,演奏风格 特征,缠绵婉转
72,妙善学女子 洞经会,历史地位,云南省唯一的女子洞经组织
72,妙善学 女子洞经会,文化贡献,开女性弹演洞经 的先河
72,妙善学女子洞经会,保存完整性,最完整 地保留了洞经弹演的程序和 内容
72,妙 善学女子洞经会,研究价值,为云南地方历史文化 和民间艺术的研究提供了重要的材料
72,通海妙 善学女子洞经古乐班,现状问题,仅剩 人
72,通 海妙善学女子洞经古 乐班,面临困境,生存困难
72,通海妙善学女子洞经 古乐班,发展障碍,发展受阻
72,通海妙善学女子洞 经古乐班,保护需求,亟待保护传承
73,布朗族,主要聚居 地,云南西部 的西双版纳傣 族自治州勐海景洪县
73,布朗族,主要聚居地,临沧 市的双江
73,布朗族,主要聚居 地,永德
73,布朗族,主要聚 居地,云县
73,布朗族,主要 聚居地,耿马
73,布朗族,主要聚居地,思茅 地区的澜沧
73,布朗族,主要聚居地,墨江
73,布朗族民歌,题材 分类,劳动歌
73,布朗族民歌,题材分类,风俗歌
73,布朗族民歌,题材分类,迁徙歌
73,布朗族 民歌,题材分类,恨歌
73,布朗族民歌,题材分类,颂歌
73,布朗族民歌,题材分类,情歌
73,布朗族民歌,题材分类,儿歌
73,布朗族 民歌,形式包括,短歌
73,布朗族民歌,形式包括,长篇抒情诗
73,布朗族民歌,形式包括,叙事诗
73,布朗族 弹唱,流行地区,西双版纳傣族自治州勐海 县的布朗山乡
73,布朗族弹唱,流行地区,西定乡
73,布朗族 弹唱,流行地区,打洛镇
73,布朗族弹唱,流行 地区,勐满镇
73,布朗族弹唱,起源,布朗族先 民的歌唱
73,布朗族弹唱,形成 基础,布朗族民间音乐
73,布朗族弹 唱,吸收元素,傣 族音乐
73,布朗族弹唱,基本曲 调,索
73,布朗族弹唱,基本曲调,甚
73,布朗族弹唱,基本曲调,拽
73,布朗族 弹唱,基本曲调,宰
73,布朗族弹唱,基本曲 调,团曼
73,索调,特点,丰富多彩
73,索调,伴奏乐器,四弦琴
73,索克里克罗,用途,谈情说爱
73,索克里克 罗,主题,热烈的爱情
73,索克 里克罗,表达内容,青年男女对未来美好生活的向往
73,布朗族弹唱,表演形式,男女对 唱
73,男子,表演动作,边唱 边弹奏四弦琴
73,女子,表演方式,接以对应的词句
73,女子唱腔,特点,圆润委婉
73,旋律,特点,清甜优美
73,歌词内容,反映主题,男女恋慕之情
73,布朗族 弹唱,使用场合,重大节庆
73,布朗族弹唱,使用 场合,婚丧嫁娶
73,演唱内容,包括主题,本民族迁徙历史
73,演唱内容,包括主题,生产知识
73,演唱内容,包括主题,祭祀
73,演唱内容扩展,包括 类型,山歌
73,演唱内容扩展,包括 类型,情歌
73,演唱内容扩展,包括 类型,劳动生活
73,演唱内容扩展,包括 类型,儿歌
73,近年来布朗族弹唱,新增题材,社会进步
73,近年来布朗 族弹唱,新增题材,新人新事
73,代表作品,《欢乐的 布朗》) 53. ( 代表作品,《两朵花儿一样 香》
73,代表作品,《今夜月色多 美好》) 55. ( 布朗族弹唱,"现状问题 , 传承人越来越少"
73,现状原因,包括因素,外来文化的冲击
73,现状原因,包括因素,女子婚后不能在公共场合 唱歌的传统习俗限制
74,彝族,主要聚居 地区,云南省
74,彝族,主要聚居地区,四川省
74,彝 族,主要聚居地区,贵州省
74,彝 族,主要聚居地区,广西壮族自治区
74,彝族民歌,分类,叙事歌
74,彝族民歌,分类,山歌
74,彝族民歌,分类,情歌
74,彝族民歌,分类,舞蹈歌
74,彝族民歌,分类,儿歌
74,彝族酒歌,所属民族,武定彝 族
74,彝 族酒歌,流行地区,云南省楚雄彝族自治州武定 县
74,挪 衣,含义,听古代 流传的歌
74,道嘎,含义,用 清楚易懂的语言唱小调
74,起除挪衣 八,含义,将嫁 调与挪衣合在一起即将宫 调式和商调式二者有机 统一
74,命 熬,含义,唱起 歌词如同眼见一样
74,命熬,内容类型,叙事诗
74,起除,含义,嫁调
74,早除,含义,歌颂的调子
74,早除,表现内容,祝贺
74,早除,表现内容,赞美
74,早除,表现内容,恭维
74,南嘎,演唱形式,对唱
74,南嘎,演唱形式,齐唱
74,所稳切答除,含义,贵宾敬酒调
74,所稳切答 除,代表曲目,《祝 酒歌》
74,所稳切答除,代表曲目,《迎客调》
74,祭祀酒 歌,伴奏器具,树叶
74,祭祀酒 歌,伴奏器具,羊 皮鼓
74,祭祀酒歌,伴奏器具,法铃
74,迎宾场合酒歌,伴奏乐器,月琴
74,迎宾场合酒 歌,伴奏乐器,大三 弦
74,迎 宾场合酒歌,伴奏乐器,大号
74,迎宾场合酒歌,伴奏乐器,地筒
74,彝族酒 歌,功能,彝族 各支系密切交流的重要手段
74,彝族酒 歌,承载内容,社会生活
74,彝族 酒歌,承载内容,历史传说
74,彝族酒歌,承载内容,风俗民情
74,彝族酒歌,承载内容,伦理观念
74,彝族酒 歌,特点,语言形象 生动
74,彝 族酒歌,特点,具有高度的概括力
74,彝族酒歌,研究价值,为古代彝 族音乐研究提供重要文献
74,彝族酒歌,研究价值,为古代 彝族礼俗研究提供重要文献
74,彝族 酒歌,研究价值,为古代彝族社会生活研究提供重要 文献
74,彝 族酒歌,现状,面临消亡的危险
74,彝族酒歌,保护 建议,应立即着手加以保护
75,姚安坝 子腔,所属地区,云南省 楚雄彝族自治州西北部
75,姚 安坝子腔,主要流传 于,姚安县境内以汉族 为主的村寨中
75,姚安坝子腔,演唱时间,春耕 栽种季节和秧苗拔绿时
75,姚 安坝子腔,演唱形式,汉族青年男女对唱
75,姚安 坝子腔,起源时期,明代洪武年间
75,姚安坝子腔,传入背景,朱元璋平定 云南后由中原传入
75,姚安坝子 腔,分支类型,上 坝子腔
75,姚安坝子腔,分支类型,下坝子 腔
75,上坝子腔,融入元素,山区彝族的情歌 小调
75,上坝子腔,俗称,小病腔
75,下坝 子腔,声音特点,高亢
75,下坝子腔,音域特征,音符跳度 大音域宽广
75,姚安坝子 腔,唱词结构,主词和副词
75,副词,别名,垛板/ 垛叶子
75,副词,表现形式,绕口令
75,副词,沿用艺术形式,京剧/滇 剧中的垛板
75,副词,内容包含,姚安坝子的 村庄和地名
75,姚安坝子腔,伴奏乐器,笛子 /二胡/打击乐器
75,姚安 坝子腔,代表性曲调,十二属
75,姚安坝子 腔,代表性曲调,十二月采花
75,姚安坝子腔,代表性曲调,猜 调
75,姚安坝子腔,代表性曲调,数姚州
75,姚安坝子腔,代表性 曲调,数地名
75,男女坝 子腔对唱,持续时间范围,一个中午或一个下午至 几天几夜
75,姚安坝子腔,文化特征,民族民间 传统文化
75,姚安坝子腔,研究价值,彝族民歌 形态及民俗文化研究的重要参考材料
75,姚安坝子腔,现状,濒临灭绝
75,姚安坝子 腔,保护需求,亟待 抢救保护发展振兴
76,彝族海 菜腔,别称,大 攀桨
76,彝族海菜腔,别称,倒扳桨
76,彝族海 菜腔,俗称,石 屏腔
76,彝 族海菜腔,流传地区,云南省红河哈尼族 彝族自治州石屏县
76,彝族海菜腔,所属民族,彝族尼 苏人
76,海 菜腔变体,包括,沙悠腔
76,海菜腔变体,包括,四腔
76,海菜腔变体,包括,五山腔
76,四大腔,组成,海菜腔、沙悠腔、 四腔、五山腔
76,彝族,称呼,曲子
76,海菜腔,受影响 文化,汉族文化
76,海菜腔,影响时期,明清时期
76,清代以来的地方志,记载内容,海菜 腔歌唱
76,清代以来的地方志,包含形式,诗文
76,完整海菜腔曲调,组成部分,拘腔
76,完整海菜腔 曲调,组成部分,空 腔
76,完整 海菜腔曲调,组成部分,正七腔
76,完整海菜腔曲 调,组成部分,白话腔
76,海菜 腔,表演形式,独 唱
76,海 菜腔,表演形式,对唱
76,海菜腔,表演形式,领唱
76,海菜腔,表演形式,齐唱
76,海菜腔,表演 形式,合唱
76,海菜腔,代表性 曲目,《哥唱小曲妹 来学》
76,海菜腔,代表性曲目,《石屏橄榄菜》
76,海菜腔,研究价值领域,彝 族发展史
76,海菜腔,研究价值 领域,文化史
76,海菜腔,研究价值领域,道德价值观
76,海菜腔,研究价值领域,艺术 思维方式
76,海 菜腔,研究价值领域,彝汉文化交融
76,海菜腔,依存习俗,男女交际习俗
76,海菜 腔,依存习俗,吃火草烟
76,海菜腔,面临 危机,传承危机
76,海菜腔,需要措施,保护
76,师傅/曲子老板,含义,著名歌手的尊 称
77,哈尼族 多声部民 歌,流传地区,云南省红河哈 尼族彝族自治州红河县
77,哈尼族 多声部民歌,中心 村落,普春村
77,哈尼族多声 部民歌,包括内容,歌颂劳动
77,哈 尼族多声部民歌,包括内容,赞美爱情
77,哈尼族多声 部民歌,包括内容,讴歌山野田园美景
77,哈尼族多声 部民歌,代表曲目,《吾处阿茨》
77,哈尼族多声 部民歌,代表曲目,《情歌》
77,哈尼族多声部民 歌,演唱方式,有 乐器伴奏
77,哈 尼族多声部民歌,演唱方式,无乐器伴奏 人声帮腔
77,哈尼族多声部 民歌,表演空间,梯田
77,哈尼族多声部民歌,表演空间,山林
77,哈尼族 多声部民歌,表演 空间,村寨
77,哈尼族多声 部民歌,伴奏乐器,三弦
77,哈尼族多声部民 歌,伴奏乐器,小 二胡
77,哈尼族多声部民歌,唱词结构,开 腔用词
77,哈尼族多声部民 歌,唱词结构,主题唱词
77,哈尼族多声部民 歌,唱词结构,帮腔用词
77,哈尼族多声部 民歌,音乐形态特征,歌节结构
77,哈尼族多声部 民歌,音乐形态特征,调式音列
77,哈尼族多声 部民歌,音乐形态特征,调式色彩
77,哈尼族多声 部民歌,音乐形态特征,调式组合
77,哈尼族多声 部民歌,音乐形态特征,多声部组成
77,哈尼族多 声部民歌,凝聚元素,音乐智慧
77,哈尼族多声部 民歌,凝聚元素,才能
77,哈 尼族多声部民歌,展现特质,演唱天赋
77,哈尼族 多声部民歌,采 录记录,个声部的原生 形态
77,哈 尼族多声部民歌,价值属性,历史价值
77,哈尼族 多声部民歌,价值 属性,科学价值
77,哈尼族多声 部民歌,价值属性,艺术价值
77,哈尼族多声部民 歌,文化地位,中华民族 音乐瑰宝
77,哈尼族多声部民 歌,关联领域,国内外 音乐界
77,哈尼族多声部民歌,产生背景,社会生产
77,哈尼 族多声部民歌,产生背景,梯田稻作 农耕劳动
77,哈尼族多声部民歌,研究意义,哈尼 族文化
77,哈尼族多声部民歌,研究意义,民族性格
77,哈尼 族多声部民歌,研究意义,审美观念
77,哈尼族多 声部民歌,地理位置,哀牢山系腹地
77,哈尼族 多声部民歌,传承 方式,依赖民间歌手
77,哈尼族多 声部民歌,保护现状,长期未得到有组织有 计划保护
77,哈尼族多声部民歌,传承人状况,日益 减少
77,哈 尼族多声部民歌,存续状态,处于失传 边缘
78,傈僳族 民歌,包括,木刮
78,傈僳 族民歌,包括,摆时
78,傈 僳族民歌,包括,优叶
78,木 刮,流传于,云南省 怒江傈僳族自治州的傈僳 族聚居区
78,木刮,原指,所有的歌和调
78,木刮,成为专 称,叙事古歌
78,阿尺木刮,属于,木刮类的歌 、调
78,其 奔木刮,属于,木刮类的歌、调
78,木刮,用于,传统叙事长诗
78,木刮,歌唱场合,民族节日、集会
78,木刮,代表性内容,《创世纪 》
78,木 刮,代表性内容,《生产 调》
78,木刮,代表性内容,《 牧羊歌》
78,木刮,代表性内容,《逃婚调》
78,木刮,风格特点,朴实、深沉
78,木刮,风格特点,苍凉、 古老
78,木 刮,演唱形式,中 老年男子分为两方盘腿围 坐火塘边对唱
78,木刮,演唱方式,一人领唱众人 伴唱
78,木刮,辅助活动,以酒助兴边饮边歌
78,木刮,具有特点,竞赛性
78,木刮,涉及内容,民族渊源
78,木刮,涉及内容,人类繁衍
78,木刮,涉及内容,生产生活
78,木刮,涉及内容,风情习俗
78,木刮,涉及内容,恋爱婚姻
78,木刮,涉及内容,宗教信仰
78,木刮,涉及内容,民族交往
78,《逃婚 调》,反映,指 腹为婚
78,《逃婚调》,反映,以牛为聘的 婚恋习俗
78,《逃婚调》,反映,逃婚争取自由和 爱情的社会风习
78,《逃婚调》,反映,杀羊招魂
78,《逃 婚调》,反映,打狗头发誓
78,《逃婚调》,反映,泼血酒赌 咒的原始信仰
78,《逃婚调》,反映,各民族之间相互 往来、相互帮助的团结精神
78,《逃婚 调》,反映,傈 僳族的社会生产力水平
78,《逃婚调》,反映,生产状况
78,摆时,流传地区,泸水县 和兰坪县傈僳族地区
78,摆时,歌唱场合,平时及 节日集会、庆祝丰收、男婚 女嫁等喜庆场合
78,摆时,歌词 内容特点,广泛
78,摆时,曲 调特点,热情奔放
78,摆时,适宜表达情感,内心激情
78,摆时,演唱形式,集体性的 男女对唱
78,摆时,演唱形式,自娱性独唱
78,摆时,内容分类,朵我
78,摆时,内容分类,辖我
78,朵我,主要歌唱内容,传统叙事长 诗
78,辖 我,根据对象,即兴 编唱
78,辖我,主要内容,爱情
78,辖我,主要内容,时事
78,摆时,代表曲目,《竹弦歌 》
78,摆 时,代表曲目,《忆 苦歌》
78,摆时,代表曲目,《孤儿泪》
78,泸水县登更澡 塘赛歌会,性质,摆时对唱的隆重盛会
78,优叶,主要流传地区,福 贡县傈僳族村寨
78,优叶,分类依据,歌唱内容及 形式
78,优 叶第一类,演唱人群,中老年人
78,优叶第一类,演唱 场景,围坐火塘边 一面饮酒一面对唱
78,优叶第一类,主要内容,追述旧时的 悲伤、苦难
78,优叶第一类,曲 调特点,低沉
78,优叶第一类,速度特点,徐缓
78,优叶第一 类,旋律特点,平稳
78,优叶 第二类,曲调特点,轻松、活泼
78,优叶第二类,主要功能,青年男女传情 表意
78,优叶第二类,演唱形式,男女对唱
78,优叶第二类,演唱形式,同性间 对唱
78,优叶,常见曲目,《 打猎歌》
78,优叶,常见曲目,《悄悄话》
78,优叶,常见曲目,《砍柴歌》
78,摆时和优 叶,地位,傈僳 族口传文学艺术的杰出代表
78,摆时 和优叶,体现方面,傈僳族诗歌的句式
78,摆时 和优叶,体现方面,傈僳族诗歌的韵律
78,摆时 和优叶,体现方面,傈僳族诗歌的修辞特点
78,摆时 和优叶,体现音乐特色,多声唱法
78,摆时和优 叶,体现音乐特色,颤音唱法
78,摆时和优叶,体现音乐特色,衬词 运用
79,《洛奇 洛耶与扎 斯扎依》,流传地区,云南省 滇南哈尼族聚居 地区
79,《洛奇洛耶与扎斯 扎依》,所属民族支 系,哈尼族碧约 人
79,《洛奇洛耶与扎斯 扎依》,包含章节,开头的歌
79,《洛奇洛耶与 扎斯扎依》,包含 章节,扎斯扎依
79,《洛 奇洛耶与扎斯扎依 》,包含章节,洛 奇洛耶
79,《洛奇洛耶与 扎斯扎依》,包含 章节,赶街相会
79,《洛 奇洛耶与扎斯扎依 》,包含章节,秧 田对歌
79,《洛奇洛耶与 扎斯扎依》,包含 章节,串门求亲
79,《洛 奇洛耶与扎斯扎依 》,包含章节,成 家立业
79,《洛奇洛耶 与扎斯扎依》,包含章节,领头抗租
79,《洛奇洛耶与扎斯 扎依》,包含章节,不死的魂
79,《洛奇洛 耶与扎斯扎依》,包含章节,结尾的歌
79,洛 奇洛耶,角色象征,英雄智慧的化身
79,扎斯扎 依,角色象征,美丽 纯真的代表
79,《洛奇洛耶与 扎斯扎依》,传承 形式,吟唱
79,《洛奇 洛耶与扎斯扎依》,研究价值领域,人类学
79,《洛奇洛耶与扎斯 扎依》,研究价值领域,民族学
79,《洛奇洛 耶与扎斯扎依》,研究价值领域,民俗学
79,《洛奇洛耶与扎斯 扎依》,涉及内容,生产生活
79,《洛奇洛耶 与扎斯扎依》,涉及内容,婚恋生死
79,《 洛奇洛耶与扎斯扎 依》,涉及内容,原始崇拜
79,《洛奇洛耶与 扎斯扎依》,涉及 内容,风俗习惯
79,《洛奇 洛耶与扎斯扎依》,涉及内容,精神信念
79,《洛奇洛耶与扎斯 扎依》,文学特点,诗与事交相辉映
79,《洛奇洛耶与扎斯 扎依》,文学特点,诗韵讲究
79,《洛奇洛 耶与扎斯扎依》,文学特点,诗情浓郁
80,坡芽情 歌,壮 族语称,布瓦吩
80,布瓦吩,含义,把花纹图案画在 土布上的山歌
80,坡芽情歌,流传地区,云南省富宁县 的六益
80,坡芽情歌,流传地区,者宁归朝的那贯
80,坡芽情 歌,流传地区,老 街三寨
80,坡芽情歌,流传地区,者桑乡的百比
80,坡芽情 歌,流传地区,花 甲乡
80,坡 芽情歌,中心地点,剥隘镇坡芽村
80,坡芽情歌,图画符号包括,月
80,坡芽 情歌,图画符号包括,星
80,坡芽情歌,图画符号 包括,树
80,坡芽情歌,图画符号包括,稻谷
80,坡芽情 歌,图画符号包括,犁
80,坡 芽情歌,图画符号包括,斧
80,坡芽情歌,图画 符号包括,禽
80,坡芽情歌,图画符号包括,马
80,坡芽情 歌,图画符号包括,人
80,坡 芽情歌,图画符号包括,衣
80,坡芽情歌,图画 符号包括,鸟
80,坡芽情歌,图画符号包括,房屋
80,坡芽情 歌,图画符号包括,枫叶
80,坡芽情歌,每个图画 符号代表,一首情歌或 同一类情歌
80,坡芽情歌,结构方式,联曲式
80,坡芽情 歌,演唱语言,壮 语北部方言
80,坡芽情歌,演唱 形式,男女相对一唱一 和
80,坡 芽情歌,曲调类型,分打捞
80,坡芽情歌,曲调类型,分标
80,坡芽 情歌,曲调类型,分呃哎
80,坡芽情歌,曲调类型,分戈麻
80,坡芽 情歌,句式特点,五言
80,坡芽情歌,押 韵方式,首尾韵
80,坡芽情 歌,押韵方式,腰尾韵
80,坡芽情歌,押 韵方式,尾韵
80,坡芽情歌,入选项目,中国第三 批国家级非物质文化遗产代表性项目名录
80,坡芽 情歌,项目代表性传承人,农凤妹
80,坡芽情歌,研究价值,壮族古代 农耕生产方式
80,坡芽情歌,研究价值,民俗礼仪
80,坡芽情歌,研究价值,服饰文化
80,坡芽情歌,研究价值,壮族 历史
80,坡 芽情歌,研究价值,民俗
80,坡芽情歌,研究价值,民间音乐
80,坡芽情歌,文字学意义,文字之芽
80,坡芽 情歌,艺术风格,《 诗经》遗风
81,召树屯 与喃木诺 娜,属于,傣族爱情赞美诗
81,召树 屯与喃木诺娜,流传地区,西双版纳 傣族地区
81,召树屯与喃木诺娜,流传地区,东南亚地区
81,召树屯 与喃木诺娜,艺术 形式,口头传承的说唱 韵文长诗
81,召树屯与喃木诺 娜,艺术形式,散文 体长篇故事
81,召树屯与喃木诺 娜,创作题材,佛 寺壁画
81,召 树屯与喃木诺娜,创作题材,经画
81,某些湖泊/池塘,命名来源,召树 屯与喃木诺娜中的金 湖
81,召树 屯与喃木诺娜,文字记载语言,傣泐文
81,召树 屯与喃木诺娜,吟唱语言,傣泐语
81,召树 屯与喃木诺娜,塑造形象,召树屯
81,召树屯 与喃木诺娜,塑造 形象,喃木诺娜
81,召树屯,代表性格,傣家人 典型性格
81,喃木诺娜,代表性格,傣家人典型性格
81,召树屯与 喃木诺娜,体现内容,忠于爱情
81,召树屯与喃木 诺娜,体现内容,热爱家乡
81,召树屯与喃木诺娜,歌颂精神,勇敢顽强
81,召树 屯与喃木诺娜,歌颂精神,坚忍不拔
81,召树 屯与喃木诺娜,集中体现,傣族传统文化精髓
81,召树 屯与喃木诺娜,现状,亟待保护和抢救
82,哈尼哈 吧,语 种,哈尼 语
82,哈尼哈吧,别 称,哈尼古歌
82,哈尼哈吧,流传地区,云南省南部 红河和澜沧江之间
82,哈尼哈吧,具体流传县份,元江
82,哈 尼哈吧,具体流传县 份,墨江
82,哈尼哈吧,具体流传县份,绿春
82,哈尼哈 吧,具体流传县份,金平
82,哈尼哈吧,具体流传 县份,江城
82,哈尼哈吧,其他流传地区,思茅
82,哈尼 哈吧,其他流传地区,西双版纳
82,哈尼哈吧,其他流传地区,澜沧
82,哈尼 哈吧,内容主题,生产劳动
82,哈尼哈吧,内容主题,原始宗教祭典
82,哈尼哈吧,内容主题,人文规范
82,哈尼 哈吧,内容主题,伦理道德
82,哈尼哈吧,内容主题,婚嫁丧葬
82,哈尼哈吧,内容主题,吃穿 用住
82,哈尼哈吧,内容主题,文学艺术
82,哈尼哈吧,代表性作品,《窝果策尼 果》
82,哈尼哈吧,代表性作品,《哈尼阿培聪坡 坡》
82,哈尼哈吧,代表性作品,《十二奴局》
82,哈尼哈吧,代表性作品,《木地 米地》
82,哈尼哈吧,演唱 场合,祭祀
82,哈尼哈吧,演唱场合,节日
82,哈尼哈吧,演唱场合,婚丧
82,哈尼哈 吧,演唱场合,起 房盖屋
82,哈尼哈吧,演唱 形式,一人主唱众人伴唱
82,哈尼 哈吧,演唱形式,一问一答二人对唱加 众人和声
82,哈尼哈吧,研究 价值,历史学
82,哈尼哈吧,研究价值,文化学
82,哈尼哈 吧,研究价值,民俗 学
82,哈 尼哈吧,现状问题,完整演唱者日渐减少
82,哈尼哈吧,现状问题,后继 乏人
82,哈尼哈吧,需求措施,急需保护
83,达古达 楞格莱标,流传地区,中国云南省西部德宏 傣族景颇族自治州
83,达古达楞格 莱标,流传地区,保山市隆阳区潞江 坝乡
83,达 古达楞格莱标,流传地区,临沧市镇康 县
83,达古 达楞格莱标,流传 地区,耿马县
83,达古达楞格 莱标,流传地区,永德县
83,达古达楞格莱标,流传地区,双江县
83,达古达 楞格莱标,流传地区,缅甸掸邦
83,达古达楞格莱 标,流传地区,佤 邦
83,达古 达楞格莱标,文化 属性,植物崇拜茶神的自然 产物
83,达 古达楞格莱标,创作形式,集体创作的部落故事
83,德昂 族艺人,使用文字,傣族文字
83,达古达楞格莱标,记录方式,傣文 抄本
83,达古达楞格莱标,记录方式,口传
83,原傣文 抄本,长度,约 两千行
83,原傣文抄本,组成部分,序歌
83,原傣文抄本,组成部分,茶神下凡 诞生人类
83,原傣文抄本,组成部分,光明与黑暗的斗争
83,原傣文抄 本,组成部分,战胜洪水 和恶势力
83,原傣文抄本,组成部分,百花百果的由 来与腰箍的来历
83,原傣文抄 本,组成部分,先祖 的诞生和各民族的繁衍
83,达古达 楞格莱标,主题内容,德昂民族的诞生与发展
83,达古 达楞格莱标,主题 内容,德昂人同大自然 顽强斗争的艰苦历史
83,达古达楞格 莱标,揭示内容,德昂族的悠久茶文化
83,达古达 楞格莱标,揭示内容,古老茶农称谓的历史渊源
83,达古 达楞格莱标,社会 功能,指导人们行为规范
83,达古达 楞格莱标,体现内容,德昂族的民族精神
83,达古达 楞格莱标,体现内容,德昂族的人文思想
83,达古 达楞格莱标,研究 价值领域,历史学
83,达古达楞 格莱标,研究价值领域,文化学
83,达古达楞格莱 标,研究价值领域,民俗学
83,达古达楞格莱标,研究价值领域,伦理学
83,达古达 楞格莱标,现状特征,传承链条相对脆弱
83,达古达楞 格莱标,保护需求,急需保护
84,查姆,流传地区,云南省双柏县 大麦地镇
84,查姆,流传地区,安龙堡乡
84,查姆,民族归属,彝族
84,查姆,含义,万物的起源
84,查姆,记录方式,彝文
84,查姆,传承者,毕摩
84,查姆,内容主题,人类起源
84,查 姆,内容主题,万物 起源
84,查姆,结构特点,庞杂
84,查姆,风格特征,神话色彩 浓厚
84,查 姆,哲学思想,朴素 唯物主义自然观
84,查姆,哲学思想,历史进化因素
84,查姆,文献来源,《毕摩经》
84,查姆,篇章划分,上部
84,查姆,篇章 划分,下部
84,上部,包含内容,开天辟地
84,上部,包含内容,洪水泛滥
84,上部,包含内容,人类起源
84,上部,包含内容,万物起源
84,下部,包含内容,天文 地理
84,下部,包含内容,占卜历 算
84,下部,包含内容,诗歌文学
84,查姆,别称,根谱
84,查姆,提出观点,猴子变 人
84,查 姆,研究领域价值,社会发展 史研究
84,查姆,研究领域价值,民族形成史研究
84,查姆,面临问题,传承危机
84,查姆,保护现状,刻不容缓
85,姚安口 传彝族梅 葛,起源地,云南省楚雄彝 族自治州姚安县官屯乡
85,梅葛,取名来源,彝语 曲调名称
85,彝族民间歌曲,常用曲调,梅葛调
85,梅 葛,表现形式,历史叙事 长诗
85,彝族创世史诗,行数,五千七百七十余 行
85,彝族创世史诗,组成部分,创世
85,彝族创世史诗,组成部分,造物
85,彝族 创世史诗,组成部分,婚事和恋歌
85,彝族创世 史诗,组成部分,丧葬
85,梅葛,类型,老年 梅葛
85,梅葛,类型,中年梅葛
85,梅葛,类型,青年梅葛
85,梅葛,类型,娃娃梅葛
85,老年梅葛,别名,赤梅葛
85,老年梅葛,主要内容,开天辟地
85,老年梅葛,主要内容,创世立业
85,老年梅葛,反映内容,彝族群众 的劳动和生活
85,中年梅葛,主要内容,青年男女成家 后生产生活的艰难
85,中年梅葛,曲调特点,凄婉 忧伤
85,青年梅葛,别名,山梅葛
85,青年梅葛,性质,恋爱山歌
85,青年梅葛,特点,即兴发挥
85,娃娃梅葛,俗称,娃娃腔
85,娃娃梅葛,表演形式,对唱
85,娃娃梅葛,参与者,彝族青少年和儿童
85,梅葛,勾画内容,彝族 古代发展历史
85,梅葛,勾 画内容,彝族先民 生产劳动
85,梅葛,勾画 内容,彝族先民社会生活
85,梅葛,展示风俗,恋爱
85,梅葛,展示风俗,婚事
85,梅葛,展示 风俗,丧葬
85,梅葛,展示风俗,怀亲
85,梅 葛,研究价值,民俗 学
85,梅葛,研究价值,文学
85,彝族梅葛,面临问题,传承人逐年减少
85,彝族梅葛,保护状态,亟待保护
86,《阿诗 玛》,流传地区,云南省 石林彝族自治县
86,《阿诗玛 》,所属民族,彝 族撒尼人
86,《阿诗玛》,文学体裁,叙事长诗
86,《阿诗玛 》,创作语言,撒 尼彝语
86,《阿诗玛》,主题 思想,光明终将代替黑暗
86,《阿诗 玛》,主题思想,善美终将代替丑恶
86,《阿诗玛 》,主题思想,自由 终将代替压迫与禁锢
86,《阿诗玛》,反映的民族性格,断 得弯不得
86,《阿诗玛》,艺术 形式特点,五言句传 唱
86,《 阿诗玛》,修辞手法,伏笔
86,《阿诗玛》,修辞手法,夸张
86,《阿诗玛 》,修辞手法,讽刺
86,《阿 诗玛》,表现技巧,谐音
86,《阿诗玛》,表现 技巧,顶针
86,《阿诗玛》,表现技巧,拈连
86,《阿 诗玛》,表现技巧,比喻
86,《阿诗玛》,演唱 场合,婚嫁
86,《阿诗玛》,演唱场合,祭祀
86,《阿诗 玛》,演唱场合,葬仪
86,《阿诗玛》,演唱 场合,劳动
86,《阿诗玛》,演唱场合,生活
86,《阿诗玛 》,唱调类型,喜调
86,《阿诗玛》,唱 调类型,老人调
86,《阿诗玛 》,唱调类型,悲调
86,《阿诗玛》,唱 调类型,哭调
86,《阿诗玛 》,唱调类型,骂调
86,《阿诗玛》,改编 版本,汉文整理本
86,《阿诗 玛》,翻译语种,英
86,《阿诗玛》,翻译 语种,法
86,《阿诗玛》,翻译语种,德
86,《阿 诗玛》,翻译语种,西班牙
86,《阿诗玛》,翻译语种,俄
86,《阿诗玛 》,翻译语种,日
86,《 阿诗玛》,翻译语 种,韩
86,《阿诗玛》,海外艺术改编形式,广播 剧
86,《 阿诗玛》,海外艺术 改编形式,歌舞剧
86,《阿诗玛 》,海外艺术改编形式,儿童剧
86,《阿诗玛》,国内改编艺术形式,电影
86,《阿诗 玛》,国内改编艺术形式,京剧
86,《阿诗玛》,国内改编艺术形式,滇剧
86,《阿 诗玛》,国内改编艺术 形式,歌剧
86,《阿诗玛》,国内改编艺术形式,舞 剧
86,《 阿诗玛》,国内改编 艺术形式,撒尼剧
86,中国第一部彩色 宽银幕立体声音乐歌舞片《 阿诗玛》,获奖名称,西班牙桑坦德第一届国际 音乐最佳舞蹈片奖
86,《阿诗玛》,面临危机原因,生活方式 改变
86,《 阿诗玛》,面临危机 原因,教育体制改变
86,《阿诗玛 》,面临危机原因,少数民族语言使用的社会空间改变
87,《 格萨斯 尔》,流传于,中国 青藏高原 2. 《格萨斯尔》 - 讲述内容 - 格萨尔王 降临下界后降妖除魔 、抑强扶弱、统一各 部最后回归天国的英雄业绩 3. 《格萨斯尔》 - 演唱篇幅 - 世界迄今 发现的史诗中最长的 4. 《 格萨斯尔》 - 是 - 族群文化多样性的熔炉 5. 《格萨斯尔 》 - 是 - 多民族 民间文化可持续发展的见证 6. 《格萨斯尔》 - 代表 - 古代藏族、蒙古族 民间文化与口头叙事艺术的最高成就 7. 游吟歌手 - 承袭 - 有关《格 萨斯尔》的吟唱和 表演 8. 现存最早的史诗 抄本 - 成书时间 - 公元世纪年 9. 《 十方圣主格斯尔可汗传 》 - 性质 - 最早的印刷 本 10. 有记录 的史诗说唱本 - 数量 - 约一百二十多部 1 1. 韵文 - 长度 - 一百多万诗行 1 2. 《格萨斯尔》 - 是 - 相关族群社区 宗教信仰的主要载体 13. 《 格萨斯尔》 - 是 - 本土知识的主要载体 1 4. 《格萨斯尔》 - 是 - 民间智慧的主要 载体 15. 《格萨 斯尔》 - 是 - 族群记忆的主要载体 16. 《格萨斯尔》 - 是 - 母语表达的主要载体 17. 《格萨斯尔 》 - 是 - 唐卡 创作的灵感源泉 18. 《 格萨斯尔》 - 是 - 藏戏创作的灵感源泉 19. 《格萨斯尔 》 - 是 - 弹唱 等传统民间艺术创作的灵感源泉 20. 《格萨斯尔 》 - 是 - 现代艺术 形式的源头活水 21. 史诗艺人 - 担任角色 - 讲述历史 22. 史诗艺人 - 担任角色 - 传达知识 23. 史诗 艺人 - 担任角色 - 规范 行为 24. 史诗艺人 - 担任角色 - 维护社区 25. 史诗艺人 - 担任角色 - 调节生活 26. 史诗演唱 - 具有作用 - 表达民族情感 27. 史诗演唱 - 具有作用 - 促进社会互动 28. 史诗演唱 - 具有作用 - 秉持传统信仰 29. 史诗演唱 - 具有功能 - 强化民族认同 30. 史诗演唱 - 具有功能 - 影响价值观念 31. 史诗演唱 - 具有功能 - 影响民间审美取向 32. 《格萨斯 尔》 - 在多民族中 传播的意义 - 传承民族文化 3 3. 《格萨斯尔》 - 在多民族中传播的意义 - 凝聚民族精神 34 . 《格萨斯尔》 - 在多民族中传播的意义 - 各民族相互交流和相互理解 的生动见证 35. 《 格萨斯尔》 - 流传 到 - 蒙古国 36 . 《格萨斯尔》 - 流传到 - 俄罗斯的布 里亚特 37. 《格 萨斯尔》 - 流传到 - 卡尔梅克地区 3 8. 《格萨斯尔》 - 流传到 - 印度 39. 《格萨斯尔 》 - 流传到 - 巴基斯坦 40. 《格萨斯 尔》 - 流传到 - 尼泊尔 41. 《格萨 斯尔》 - 流传到 - 不丹 42. 《 格萨斯尔》艺人 - 身份 - 史诗最直接的创造者 43. 《格萨斯尔 》艺人 - 身份 - 史诗 最直接的传承者 44. 《 格萨斯尔》艺人 - 身份 - 史诗最直接的传播者 45. 《格萨斯尔 》艺人 - 特点 - 绝大多数 是文盲 46. 《 格萨斯尔》艺人 - 特点 - 具有超常的记忆力 47. 《格萨斯 尔》艺人 - 特点 - 具有叙事创造力 48. 现代化进程 - 影响 - 藏 、蒙等民族的生计方式发生变化 49. 现代化进程 - 导致结果 - 职业化的艺 人群开始萎缩 50. 近年来 - 出现情况 - 一批 老艺人相继辞世 51 . 近年来 - 出现情况 - 人亡歌息的局面已经出现 52. 现代化进程 - 导致结果 - 格萨尔受众 群正在缩小 53. 现代化进程 - 导致结果 - 史诗传统面临着消亡的危险 54 . 针对现状 - 应采取措施 - 保护工作应立即展开
88,哈尼族 四季生产调,流传地区,云南省红河哈尼族 彝族自治州
88,哈尼族四季生产调,起源时间下限,唐代
88,哈尼族四季生产 调,包括单元,引子
88,哈尼族 四季生产调,包括单元,冬季
88,哈尼 族四季生产调,包括单元,春季
88,哈 尼族四季生产调,包括单元,夏季
88,哈尼族四季生产调,包括 单元,秋季
88,引子部分,强调内容,祖先传承下来的四季生产调 对哈尼族的生存意义
88,四季生产调,讲述内容,梯田耕作的程序
88,四季生产 调,讲述内容,技术 要领
88,四季生产调,讲述内容,天文历法知识
88,四季生产调,讲述内容,自然物候变化 规律
88,四季 生产调,讲述内容,节庆祭典知识
88,四季生产调,讲述内容,人生礼节规范
88,四季生产调,特点,体系严整
88,四季生产 调,特点,通俗易懂
88,四季生产调,特点,可诵可 唱
88,四季 生产调,特点,语言 生动活泼
88,四季生产调,特点,贴近生产生活
88,四季生产调,属性,传承历史悠久
88,四季生产调,属性,具有广泛群众基础
88,四季生产调,是,梯田生产技术的全面 总结
88,四季 生产调,是,哈 尼族社会伦理道德规范的集 大成之作
88,四季生产调,见证,哈尼族梯田稻作 文明的变迁历程
88,四季生产调,价值,对人类梯田稻作文明 的历史研究有重要参考价值
88,四季生产调,价值,对人类梯田稻 作文明的科学研究有重要参考价值
88,四季生产 调,语言风格,直 白
88,四季 生产调,语言风格,朴素
88,四季 生产调,语言风格,幽默风趣
88,四季生产调,作用,在哈尼族社会的生产中起 指导作用
88,四季生产调,作用,在哈尼族社会的生活中起指导 作用
88,社会 变迁,影响,哈尼 族年轻人的价值观念发生变化
88,经济全球化浪潮,影响,哈尼族年轻人的价值 观念发生变化
88,外来强势文化大量涌入,影响,哈尼族年轻人的价值观念 发生变化
88,哈 尼族年轻人价值观念变化,导致,四季生产调传承后 继乏人
88,能系统传唱四季生产调 的长辈艺人和祭师,数量状况,屈指可数
88,潜心学习 四季生产调的年轻一代哈尼人,数量状况,凤毛 麟角
88,四季生产调,现状,抢救保护迫在眉睫
89,牡帕密 帕,属于,拉祜族
89,牡 帕密帕,类型,长篇诗体创世神话
89,牡帕密 帕,流传地点,云南省 思茅市澜沧拉祜族自治县 境内
89,牡帕 密帕,内容主题,造天地日月
89,牡帕密帕,内容主题,造万物和人类
89,牡帕密帕,内容主题,人类初始阶段 的生存状况
89,牡 帕密帕,形式,口述文学精品
89,牡帕密帕,演唱 者角色,嘎木科会 唱诗的人
89,牡帕密帕,演唱者 角色,魔巴宗教活动主持 者
89,牡 帕密帕,表演方式,多人伴唱
89,牡帕密帕,表演方式,多人轮唱
89,牡帕密 帕,歌词特点,通俗 简练
89,牡帕密帕,格律 特征,对偶句居多
89,牡帕密 帕,曲调特点,优美动听
89,牡帕密帕,调 式差异原因,地域不同
89,牡帕密 帕,演唱风格,以 字行腔
89,牡帕密帕,艺术 特征,说唱的特点
89,牡帕密帕,演出场合,传统节日
89,牡帕 密帕,演出场合,宗教活动
89,牡帕密帕,演出场合,农闲期间
89,牡帕密帕,文化价值,拉祜族 历史文化研究资料
89,牡帕密帕,文化 功能,文化载体
89,牡帕密帕,社会作用,维系精神生活 纽带
89,牡 帕密帕,现存状况,濒临失传
89,牡帕密帕,现存状况,后继乏人
89,完整演唱 者数量,现存于,澜沧拉祜族自治县境内
89,完整演唱者人数,仅剩,至人
90,《遮帕 麻和遮咪 麻》,流传 地区,云南省德宏 傣族景颇族自治州梁河 县
90,《遮 帕麻和遮咪麻》,传承形式,唱诗
90,《遮帕麻 和遮咪麻》,传承 形式,口头白话
90,阿昌族人口,数量,三万多
90,阿昌族,主要 聚居地,云南省德宏 州梁河县九保
90,阿昌族,主要聚居地,曩宋
90,阿昌族,主要聚居地,陇川县户撒
90,阿昌族宗教及民俗 活动,念诵内容,《 遮帕麻和遮咪麻》
90,普通百姓,建房时活动,边 歌边舞跳窝罗
90,普通百姓,迎候亲戚时活动,边 歌边舞跳窝罗
90,普通百姓,娶亲迎候媒人时活动,边歌边舞跳窝 罗
90,窝 罗开头唱词,内容,盘家谱
90,窝罗开头唱词,首先唱颂对象,阿 昌族的始祖遮帕麻和 遮咪麻
90,遮帕麻和遮咪麻,身份,阿昌族 最受崇拜的至尊善神
90,遮帕麻和 遮咪麻,身份,所有寻常人家的护佑之神
90,遮帕麻 和遮咪麻,身份,阿昌族祭祀活动的主掌 之神
90,《 遮帕麻和遮咪麻》,体裁类型,长诗
90,《遮 帕麻和遮咪麻》,反映内容,人类从母 权制向父权制过渡的状况
90,盐婆 神话,文化属性,古代 西南民族游牧文化的活化石
90,《遮帕 麻和遮咪麻》,地位评价,阿昌族文化 发展的一座丰碑
90,阿昌族,对 《遮帕麻和遮咪麻 》称呼,我们民族的歌
90,懂阿昌古 语的人,数量变化趋势,越来越少
90,能说唱史诗的活祀祭司 人数,变化情况,由 原来的人减为人
90,古老的创世神话,现状,濒临消亡的危险
91,红河州 泸西县,所属民族,彝族
91,咪朵,性质,彝族祭山神仪式
91,咪朵,地位,仅次于祭祖灵的 祭祀活动
91,白 彝祖先,观点,大地 具有非凡的繁殖能力
91,白彝祖先,认为,白彝的繁衍生息 是大地给予的恩惠
91,祭山神,举行时间,每年农历二月初二
91,祭山神,特点,规模较大、 仪式较多
91,祭 山神,类型,祭祀 自然神灵和祖先的传统节日
91,村中先仆族 长,职责,召集村里 八至十个族头掌事
91,全村寨每个 家庭中最精壮的男人,参与,祭礼
91,参加祭山的人,要求,从净身架下 走过以洁净身心
91,献祭过程,指引 方式,祭师念唱祷告
91,献祭 过程,顺序,理生 、回熟、撵山雀和 老鼠、拴魂、野餐、 领魂
91,村民,祈愿对象,山神、石神
91,村民,使用物品 敬献,鸡、猪、 酒、米等物质形式
91,村民,祈求 内容,老小健康、吉祥 无灾、粮食丰收、禽畜 兴旺
91,大 白彝祭山神活动,传承方式,家传
91,祭祀吟唱,参与者,先仆或者是祭 师
91,祭祀 吟唱,作用,与 祖灵和天地神灵沟通的方式
91,祭祀吟唱,唱法数量,十余 种之多
91,祭祀吟唱,曲调特点,委婉多变富有神秘感
91,祭祀吟唱,与语言关系,紧密结合
91,祭祀吟 唱,旋律特点,较为 平稳
91,祭祀 吟唱,句式结构,五言句
91,祭祀吟唱,终止 音特点,不变
91,彝族祭山神 活动,蕴含精神,民族团结 精神和凝聚力
91,彝族祭山神活动,作用,维系族人感情的纽带
91,彝族 祭山神活动,体现关系,白彝人与自然万物和谐融合
91,祭山 神活动,面临问题,后继乏人
91,祭山神活动,入选名录,云南省第四批省级 非物质文化遗产代表性项目名录
92,富源水 族吞口,最早记载于,《清康熙平彝县 志》
92,富源水族吞口,祭祀对象,龙神
92,龙 神,象征意义,祈求 风调雨顺、稻谷丰收 、消灾除病
92,吞口,水语发音,及根
92,及根,含义,想吃什么就能 吃什么表吞灭之意
92,吞口种类,包括,人首
92,吞口种类,包括,凸眼
92,吞口种类,包括,犬耳
92,吞口种类,包括,宽鼻
92,吞口种类,包括,獠牙
92,吞口 种类,包括,咧嘴
92,吞口 种类,包括,伸舌
92,吞 口种类,包括,口含 利剑
92,吞口造型分类,包括,凶神恶煞型
92,吞 口造型分类,包括,猩猩 必煞型
92,吞口造型分类,包括,凶神八煞型
92,吞口造型分类,包括,双剑雾煞型
92,吞口造型 分类,包括,送子行 煞型
92,制作流程第一步,内容,举行仪式烧香、念 咒、请师、报吉祥
92,制作 流程第二步,选材,香樟树、楸树、白 杨树
92,制作流程第三步,核心 环节,勾图制作画线 、雕刻
92,制作流程第四步,使用材料,红、白、 黑三色土漆
92,制作流程第五 步,目的,选择吉 日良时请师傅给制作好的 吞口举行仪式、念咒开 光、驱邪避秽
92,制作目的,保佑,来年五 谷丰登、全家安康
92,水族 居住地特点,石料少,故用木刻
92,吞口原始 功能,降妖除魔、 镇邪消灾) 27. (吞口演变后 用途,祭祀礼拜、祈求平安
92,吞口体现,民族文化艺术性 ) 29. ( 吞口制作工艺和艺术形态,"具有价值, 历史价值、 文化价值"
92,水族吞口制作技艺,入选项目,云南省第四 批省级非物质文化遗产代表性项目名录
92,水族吞口制作技艺,代表性传承人,郎万平
93,宝洪茶 制作技艺,流传于,云南省 昆明市宜良县
93,宝洪茶 制作技艺,始于,唐代
93,宝洪茶,引进品种,福建小 叶种茶
93,宝洪茶,产地,宝洪山
93,宝洪茶,命名来源,山名
93,宝洪茶制作技艺,包括工序,杀青
93,宝洪茶制作技艺,包括 工序,揉捻
93,宝洪茶制作技艺,包括工序,初晒
93,宝洪茶制作技艺,包括工序,复揉
93,宝洪茶 制作技艺,包括工序,复 晒
93,宝 洪茶制作技艺,使用工具,铁锅
93,宝洪茶制作技艺,使用工具,炉灶
93,宝洪茶 制作技艺要点,突出手法,理条和抓捏
93,宝洪茶特点,形状,杉树叶尖 状
93,宝 洪茶特点,外观特征,光扁、直滑、匀 齐
93,宝 洪茶制作技艺,关键要素,火候掌握
93,宝洪茶分枝 结构,基部分枝角,依次递减
93,宝洪茶株型,特点,紧凑
93,宝洪茶透光性,评价,强
93,宝洪茶受光 率,评价,高
93,宝洪茶 枝干,特征,细
93,宝洪 茶芽叶,光合作用 效率,高
93,宝洪茶白毫,状态,丰满
93,宝洪茶白毫 分布,沿纵主脉而 内跷) 25. ( 宝洪茶老叶片,"大小 比较, 大"
93,宝洪茶生长持续时间,比一般茶种长,个月
93,宝 洪茶叶肉,特征,肥厚
93,宝洪茶叶色,颜色,深绿
93,宝洪茶内含物,成分包括,蛋白质
93,宝洪茶内 含物,成分包括,叶绿素
93,宝洪茶内含物,成分包括,碳水化合物
93,宝洪茶萌 发时间,节令,惊蛰
93,宝洪茶持嫩性,特点,长
93,宝洪茶香气特征,包括,兰花香
93,宝洪茶香气特征,包括,板栗花香
93,宝洪茶 外观状态,描述,光滑 壮实
93,宝洪茶有效成分含量,评价,高
93,宝洪茶抗逆力,评价,强
93,宝洪茶叶肉 厚度,评价,厚
93,宝洪茶叶 片组织密度,评价,紧密
93,宝 洪茶抗寒能力,评价,强
93,宝洪茶抗旱能力,评价,强
93,宝洪茶抗病虫 力,评价,强
93,宝洪茶 汤色,描述,黄 绿明亮
93,宝洪茶品质特点,独特 性体现,塑形及香气 独特
93,宝 洪茶冲泡效果,形态比喻,芽头向上微开似 鱼头
93,宝洪茶冲泡效果,形态 比喻,两个金黄色叶片展开似 鱼鳍
93,宝洪茶冲泡效果,整体 意象,如金鱼戏水
93,宝洪 茶冲泡效果,观赏价值评价,很高
93,宝洪茶制作技艺,入选项目,云南省第四批省级 非物质文化遗产代表性项目名录
93,宝洪茶制作 技艺,项目代表性传承人,张文彬
94,张蝴绵 制作技艺,起源地,四川 合川县今重庆合 川区
94,张蝴绵制作技艺,传入 者,张义成
94,张蝴绵制作技艺,传人代数,五代
94,张蝴 绵制作技艺,主要工序分类,蚕丝制作
94,张蝴绵制作技艺,主要工序分类,被胎 制作
94,蚕丝 制作,包含工序,选 茧
94,蚕丝 制作,包含工序,装 袋
94,蚕丝 制作,包含工序,煮 茧
94,蚕丝 制作,包含工序,漂 洗
94,蚕 丝制作,包含工序,脱水蚕茧
94,蚕丝制作,包含工序,剥茧
94,蚕丝制作,包含 工序,上绵
94,蚕丝制作,包含工序,洗绵
94,蚕丝制作,包含工序,脱水丝绵
94,蚕丝 制作,包含工序,定型
94,蚕丝 制作,包含工序,烘烤
94,蚕丝 制作,包含工序,检验
94,蚕丝 制作,包含工序,打包 入库
94,被 胎制作,包含工序,称重
94,被 胎制作,包含工序,分绵
94,被胎制作,包含工序,齐绵
94,被胎制作,包含工序,撕铺子
94,被胎制作,包含工序,铺子检验
94,被胎制作,包含工序,扩铺 子
94,被 胎制作,包含工序,铺芯
94,张蝴绵制作技艺,使用 工具,水绷丝工具
94,张蝴绵 制作技艺,使用工具,石制压锁
94,张蝴绵制作技艺,使用工具,木熨斗
94,张蝴 绵制作技艺,相关制品,蚕丝被
94,张蝴绵制作技艺,相关制品,蚕丝枕头
94,张蝴 绵制作技艺,相关制品,蚕丝垫
94,张蝴绵制作技艺,原料,双宫蚕茧
94,张蝴 绵制作技艺,特点,手工精制
94,张蝴绵制作技艺,特点,透光台严格检验
94,张蝴绵 制作技艺,优势,产品 厚薄均匀不变形
94,张蝴绵制作技艺,优势,不脱节
94,张蝴 绵制作技艺,优势,不起球
94,张蝴绵制作技艺,克服 短板,普通手工丝绵被 易变形
94,张蝴绵制作技艺,克服 短板,普通手工丝绵被 易脱节
94,张蝴绵制作技艺,克服短板,普通手工丝绵 被需拆翻
94,张蝴绵制作技艺,避免弊端,机制丝绵 被板结
94,张蝴绵制作技艺,制作方法特点,不加药水
94,张蝴 绵制作技艺,产品特性,绿色健康
94,张蝴绵制作技艺,抽丝原料,桑蚕丝
94,张蝴 绵制作技艺,使用寿命,三十年不变形
94,张蝴绵制作技艺,产品特点,用料精
94,张蝴绵制作 技艺,产品特点,分量 足
94,张 蝴绵制作技艺,产品特点,工艺独特
94,张蝴绵制作技艺,产品特点,制作严谨
94,张蝴绵 制作技艺,产品品质,高
94,张 蝴绵制作技艺,产品特性,轻薄
94,张蝴绵制作技艺,产品特性,贴身
94,张蝴绵制作技艺,产品特性,透气
94,张蝴绵 制作技艺,经济效益影响,带动周边地区蚕桑业发展
94,张蝴绵 制作技艺,社会贡献,为当地农民增收致富
94,张蝴绵制作技艺,地位,昭通地区 丝绵制作的领军品牌
94,张蝴绵制作技艺,入选名录,云南省第四 批省级非物质文化遗产代表性项目名录
94,张蝴 绵制作技艺,项目代表性传承 人,王元美
95,皇姑庙,位于,莲城镇太平寨
95,皇姑庙,纪念 对象,安化郡主
95,明永 历皇帝朱由榔,被 追杀者,吴三桂率领 的清军
95,安化郡主,年龄,十六岁
95,安化郡主,流迁至,云南广 南
95,安化郡主,殁于,广南县城北壮族 村寨
95,村民,安葬地点,马蹄井
95,革农村今太平寨壮 族乡亲,迁入安 葬地,革农村旁
95,寨中 族老,决定每年农历四月 第一个寅日,举行接皇 姑仪式
95,接皇姑节,主要活动内容,上皇姑 坟及接皇姑仪式
95,皇姑 节,体现心理诉求,祈求风调雨顺、五谷 丰登、平安幸福
95,皇姑节,体现精神内涵,壮 汉文化交流互相学习友好及各民族 的团结友爱
95,皇姑节,展示文化元素,壮族 传统的礼仪、服饰、歌舞、饮食
95,皇姑节,影响范围,云南、广西、贵州等省 的壮、苗、彝、瑶 等各族
95,皇姑节,承载 历史故事,明末清初 一段鲜为人知的历史
95,皇姑节,研究价值,广南 及周边的民族文化交流史
95,皇姑节,包含文化元素,壮 族众多文化元素
95,皇姑节,参考价值,广南地区的 生产生活习俗
95,祭祀活动,蕴含 民族品质,热情好客、 感恩向善、团结包容、追求 和谐
95,祭祀活动,作用,弘扬壮族优秀传统文化增强民族自信心 和自豪感、促进民族团结、构建 和谐社会
95,皇姑节,入选名录,云南省第四批省级非物质 文化遗产代表性项目名录
95,皇姑节,项目代表性传承人,高 泽州
96,弄驴壮 族民歌,产生发展原因,歌圩对歌习俗
96,弄驴 壮族民歌,记载文献,《广南府志》
96,弄驴壮族 民歌,流传时间下限,清代嘉庆年间
96,弄驴壮族民歌,包含类型,古歌
96,弄驴壮族 民歌,包含类型,月令歌
96,弄驴壮族民歌,包含类型,猜歌
96,弄驴壮族民 歌,包含类型,赞 歌
96,弄驴 壮族民歌,包含类型,情歌
96,弄驴壮族民歌,包含类型,婚礼歌
96,弄驴壮 族民歌,包含类型,入赘歌
96,弄驴壮族民歌,包含类型,亲家 歌
96,弄 驴壮族民歌,包含 类型,育儿歌
96,弄驴壮族民 歌,包含类型,道德 歌
96,弄 驴壮族民歌,包含 类型,祝寿歌
96,弄驴壮族 民歌,句式主体,五言
96,弄驴壮族民歌,辅助句式,杂言
96,弄驴 壮族民歌,修辞手法,赋比兴
96,弄驴壮族民 歌,演唱场合,做 活
96,弄 驴壮族民歌,演唱 场合,赶集
96,弄驴壮族民 歌,演唱场合,走 村串寨
96,弄驴壮族民歌,演唱场合,婚礼酒宴
96,弄驴 壮族民歌,语言载体,壮语
96,弄驴壮族民歌,演唱形式,独唱
96,弄驴 壮族民歌,演唱形式,齐唱
96,弄驴壮族民歌,演唱形式,对唱
96,弄驴 壮族民歌,演唱形式,领唱帮腔
96,弄驴壮族 民歌,传承方式,跟长辈学唱
96,弄驴壮族民歌,传承方式,同辈 分互学互唱
96,弄驴壮族民 歌,代表性传承人,黄汉修
96,弄驴壮族民歌,代表性传承人,黄汉 花
96,弄 驴壮族民歌,入选 项目,云南省第四批省级非 物质文化遗产代表性项目名录
96,弄驴壮族民 歌,特色韵律,首尾韵
96,弄驴壮族民歌,特色韵律,尾腰 韵
96,弄 驴壮族民歌,特色 韵律,尾韵
97,澜沧傣 族传统手工造纸 技艺,主要流传 地区,云南省普洱 市澜沧县上允镇 芒角村的芒京、芒 那两个傣族崩人村寨
97,澜沧 傣族传统手工造纸技艺,主要原料,构皮树
97,澜沧 傣族传统手工造纸技艺,主要原料,小叶树
97,构皮 树,植物类型,常 绿阔叶灌木
97,构皮树,生长特点,当地普遍生长易 栽易活
97,构皮树,种植 位置,农户房前屋后
97,澜 沧傣族传统手工造纸技艺,工艺流程步骤,浸泡
97,澜沧傣 族传统手工造纸技艺,工艺流程 步骤,蒸煮
97,澜沧傣族 传统手工造纸技艺,工艺流程步骤,捣浆
97,澜沧傣族 传统手工造纸技艺,工艺流程步骤,抄纸
97,澜沧傣族 传统手工造纸技艺,工艺流程步骤,晾晒
97,采料时间,具体月份,每年七八月 间
97,采料方式,操作方法,用刀剥下构树 主干或枝干的皮
97,采料 处理,去除部分,绿色 表层
97,晒料方式,储存前 处理,挂在院内晒干 后储存备用
97,浸泡地点,使用 水源,沟溪之中清澈的 泉水
97,浸泡程度要求,终点标准,构皮完全发软
97,拌 灰材料准备,筛选工具,筛子
97,拌灰材料处理,去除杂质,火炭及其他 杂物
97,拌灰目的,作用效果,使火灰均匀地附着 在构皮上
97,拌灰化学作用,实现功能,使构 皮得到充分的碱化
97,蒸煮容器,使用器具,已盛 水的锅
97,蒸煮覆盖物,辅助材料,麻布
97,蒸煮 火力控制,火焰强度,中火
97,蒸煮时长,持续时间,三四个小时左右
97,清洗地点,选择位置,溪流之中
97,清洗目的,清除对象,附着其上的火灰
97,清洗辅助动作,人工操作,用手不断 浣洗
97,清洗目标物,清理 内容,杂质及硬物
97,捣 浆工具,使用器材,石墩
97,捣浆敲击工具,操作器械,木槌
97,捣浆 终止标准,完成标志,构皮的纤维能够在水中自然散 开
97,抄纸初始条件,水量 控制,纸床里盛上 七分满的清水
97,抄纸成型 工具,放置模具,纸 模放入纸床里
97,抄纸物料 添加,投放物质,适当 分量的纸浆撒在纸模 里
97,抄纸搅拌方式,初步 分散动作,先用双手搅开
97,抄纸均匀化处理,拍打 动作,再用双手均匀拍打
97,抄 纸沉淀介质,承载物,白纱布
97,晾晒前期操作,排水方法,慢慢倾斜着 竖起纸模让水滤干
97,砑 光时机,湿度状态,纸晒到七八成干的时候
97,砑 光工具,使用器具,边缘光滑完整的瓷碗
97,砑光位置,接触面,纸模 背面
97,砑光目的,改善效果,让紧附白纱布一面 的纸更光滑更有色泽
97,揭纸 起始操作,初始动作,先用手撕一个角
97,揭纸专用 工具,辅助器械,很 光滑的揭纸木刀
97,揭纸 目标结果,完整程度,轻轻地揭下整张的纸
97,澜 沧傣族传统手工造纸特点,添加剂情况,不添加任何 化学制剂
97,澜沧傣族传统手工 造纸产品特性,纤维韧性评价,纸纤维韧性好
97,澜沧 傣族传统手工造纸产品特性,外观特征,纤维脉络清楚
97,澜沧傣族传统手工造纸产品 优点,物理性能,坚韧 洁白
97,澜沧傣族传统手工造纸 产品优点,触感体验,柔润光滑
97,澜沧傣族 传统手工造纸产品优点,保存 特性,久存不陈
97,澜 沧傣族传统手工造纸产品优点,抗撕裂性,力 撕不破
97,澜沧傣族传统 手工造纸产品优点,防护功能,防腐防蛀
97,澜沧傣 族传统手工造纸用途,宗教 应用,缅寺抄写经 文用
97,澜沧傣族传统手工 造纸用途,民俗领域,广泛用于民俗活动
97,澜沧傣族传统 手工造纸用途,日常生活场景,日常生活使用
97,澜沧傣族传统 手工造纸用途,艺术创作材料,绘画
97,澜沧傣族传统 手工造纸用途,包装应用领域,食品及茶叶包装
97,澜沧傣 族传统手工造纸技艺,非遗 认定级别,云南省第四批省级 非物质文化遗产代表性项目名录扩展项目 名录
97,澜沧傣族传统手工造纸 技艺,项目代表性传承人,咩喃满
98,《鲁般 鲁饶》,别名,牧奴迁徙记
98,《鲁般鲁 饶》,别名,迁徙之歌
98,《鲁般鲁饶》,类型,长诗
98,《鲁般鲁饶》,主题,纳西族 青年殉情故事
98,《鲁般鲁饶》,载体,东巴经
98,《鲁般鲁 饶》,文学地位,第一部完整记载于东巴经中的 古典殉情文学作品
98,《鲁般鲁饶》,主要人物,朱古羽 勒排
98,《 鲁般鲁饶》,主要 人物,康美久命姬
98,朱古羽 勒排,行为,被 父母喊回
98,康美久命姬,行为,托鹦鹉捎口信
98,康美 久命姬,结局,在十二岩子坡自缢
98,朱古羽 勒排,结局,烧 起松柏枝自焚而死
98,《鲁般 鲁饶》,文学特点,凄美的爱情悲剧
98,《鲁般鲁饶 》,影响,开启纳 西族殉情文学的先河
98,《鲁 般鲁饶》,文化意义,纳西族历史久远的 殉情古俗的文学样本
98,《鲁般 鲁饶》,荣誉,纳西族三大史诗之一
98,《鲁般鲁 饶》,传承方式,口头流传
98,《鲁般鲁饶》,传承方式,东巴经记载
98,《鲁 般鲁饶》,入选项目,云南省第四批省级非物质 文化遗产代表性项目名录
98,《鲁般鲁饶》,项目代表性传承人,和强飞
99,藏刀,被称为,藏民的三宝 之一
99,藏刀,传入地区,迪庆地区
99,藏刀,历史时长,一千三百多年
99,迪庆藏刀,加工 材料,银
99,迪庆藏刀,加工 材料,铜
99,迪庆藏刀,加工 材料,铁
99,迪庆藏刀,加工 材料,牛角
99,迪庆藏刀,加工材料,玛瑙
99,迪庆藏刀,加工材料,珊瑚
99,迪庆藏刀,加工材料,绿松 石
99,迪 庆藏刀,加工材料,硬杂木
99,迪庆藏刀,流程,破料
99,迪庆藏刀,流程,烧料
99,迪庆藏刀,流程,打制
99,迪庆藏 刀,流程,整形
99,迪庆藏 刀,流程,淬火
99,迪庆藏 刀,流程,打磨
99,迪庆藏 刀,流程,錾花
99,迪庆 藏刀,流程,装配
99,迪庆 藏刀,原料,铁 料
99,迪 庆藏刀,原料,钢材
99,迪 庆藏刀,淬火工艺,沾水
99,淬火工艺,作用,提高分子密度
99,淬火工艺,形成,硬度适中的合金
99,淬火工艺,保证,整体强度
99,淬火工艺,保证,冲击耐受力
99,淬火成功与否,辨别方式,刀面颜色
99,黄白色刀面,代表效果,最佳
99,蓝色刀面,原因,时间过长
99,蓝色刀面,导致结果,刀刃偏 软容易卷刃
99,黄色刀面,原因,时间过短
99,黄色刀面,导致结果,刀刃偏脆容易 崩口
99,打磨过程,决定因素,刀具锋利程度
99,打磨过程,包括环节,刮刀
99,打磨过程,包括环节,开 刃
99,打磨 过程,包括环节,磨刀刃
99,工艺刀,要求,刀形美观 即可
99,实用 型刀具,要求,需 开刃
99,錾花,使用工具,尖口小錾子
99,錾花,实施 部位,刀鞘
99,錾花,实施 部位,刀叶
99,藏刀,组成部分,刀柄
99,藏刀,组成部分,刀鞘
99,刀柄/刀鞘,制作材料,金属
99,刀柄/刀鞘,制作材料,珍贵木材
99,刀柄 /刀鞘,制作材料,皮革
99,藏刀,特点,锋利 耐用
99,刀 柄与刀鞘,装饰材料,金
99,刀柄与刀鞘,装饰材料,银
99,刀柄与刀鞘,装饰材料,铜
99,刀柄与 刀鞘,装饰材料,宝石
99,刀 柄与刀鞘,特点,花纹华丽夺目
99,藏刀,文化意义,吉祥护身符
99,藏刀,文化意义,生活必备工具
99,藏刀,文化属性,藏族传统文化的重要 载体
99,藏 刀,具有价值,艺术 价值
99,藏 刀,具有价值,文化 价值
99,迪 庆藏刀制作技艺,入选 项目,云南省第四批省级非 物质文化遗产代表性项目名录
99,迪庆藏刀制作 技艺,代表性传承人,廖金明
100,临沧,地处,世界茶树发源 中心地带
100,临沧,拥有,野生型古茶树资源
100,临沧,拥有,过渡型古茶树 资源
100,临沧,拥有,栽培型古 茶树资源
100,临沧普洱茶传统制作技艺,包括,采摘
100,临沧普洱茶传统制作技艺,包括,揉捻
100,临沧普洱茶传统制作技艺,包括,晒干
100,临沧普洱茶传统制作技艺,包括,筛拣
100,临沧普洱茶传统制作 技艺,包括,计量
100,临沧普洱茶传统 制作技艺,包括,蒸软
100,临沧 普洱茶传统制作技艺,包括,做型
100,临沧普洱茶传统制作技艺,包括,压制
100,临沧普洱茶传统制作技艺,包括,晾干
100,临沧普洱茶传统制作技艺,包括,包装
100,传统手工制作的普洱茶,特征,外形壮实
100,传统手工制作的 普洱茶,特征,圆直
100,传统手工 制作的普洱茶,特征,紧 结
100,传统 手工制作的普洱茶,特征,完整
100,熟 茶,主导香气,陈 香味
100,熟 茶,特殊香气,枣 香
100,熟 茶,特殊香气,参 香
100,熟 茶,特殊香气,槟 榔香
100,自然熟化的生茶,主要 香气,樟香
100,自然熟化的生茶,主要香气,清香
100,茶汤,特征,红亮
100,茶汤,特征,舌面甘醇
100,茶汤,特征,香气饱满
100,茶汤,特征,口感极佳
100,临沧普洱茶,形态分类,团茶
100,临沧普洱茶,形态分类,沱茶
100,临沧普洱茶,形态分类,饼茶
100,临沧 普洱茶,形态分类,砖 茶
100,临 沧普洱茶,形态分类,散茶
100,临翔区邦东忙麓团 茶,原料,忙麓 山产的大叶茶
100,临翔区邦东 忙麓团茶,制作方法,用生白布包住 茶叶紧压定型为团茶
100,沱茶,代表性商号,凤庆 县永昌祥
100,沱茶,代表性商 号,复协和
100,沱茶,拼配原料,凤山晒 青毛茶
100,沱茶,拼配原料,勐库茶晒青毛 茶
100,沱 茶,制作工具,竹 筒
100,沱 茶,制作工具,布袋
100,沱茶,制作工具,定型木 架
100,普 洱生茶,发酵方式,自然方式发酵
100,普洱生茶,特性,茶性较刺激
100,普洱生 茶,存放目的,使 茶性转温和
100,熟茶,发酵方式,科学发酵法辅以人工 发酵法
100,熟茶,特性,茶 性温和
100,临沧普洱茶,地位,云南的一张亮丽的名片
100,临沧普洱茶,地位,云南历史文化的重要组成部分
100,临沧 普洱茶传统制作工艺,入选名录,云南省级非物质文化遗产代表性 项目名录扩展项目名录
100,临沧普洱茶传统制作 工艺,代表性传承人,普国忠
101,大词戏,所属地区,云南省迪庆 州维西县保和 镇
101,大 词戏,起源时间,清代光绪年间
101,大词戏,传入者,江西、湖广及江、 浙一带的守城官兵
101,大词戏,融合元素,滇戏
101,大词戏,融合元素,洞经古乐
101,大词戏,融合元素,维西 各民族的音乐
101,大词戏,融合元素,维西各民族的舞蹈元素
101,大词戏,曲牌名称风格,江西赣剧风格
101,大词戏,地方特色,浓郁的维西地方特色
101,大词 戏,唱腔特点,一般不托管弦
101,大词戏,演唱 形式,一人所唱众人帮 腔
101,大 词戏,节奏伴奏乐器,锣鼓
101,大词戏,唱腔 词格多数形式,长短句 式
101,大 词戏,少数曲牌词 格形式,对偶句式
101,大词 戏,主要打击乐器,提板
101,大词戏,主要打击乐器,羯鼓/小鼓/ 统子
101,大词戏,主要打击乐器,堂鼓
101,大词戏,主要 打击乐器,大钹
101,大词戏,主要打击乐器,小钗
101,大词 戏,主要打击乐器,大锣
101,大词戏,主要打击乐器,小锣
101,大词戏,历史 角色行当,生
101,大词戏,历史角色行当,旦
101,大词 戏,历史角色行当,净
101,大词戏,历史角色行 当,丑
101,大词戏,现在角色 行当,生
101,大词戏,现在 角色行当,旦
101,大词戏,现在角色行当,净
101,大词戏,现在角色行当,丑
101,大词 戏,现在角色行当,杂
101,大 词戏,脸谱相似剧 种,滇剧
101,大词戏,脸谱相似剧种,京剧
101,大词 戏,演出服饰通用类型,一般的戏曲服饰
101,大词戏,上演 剧目,《精忠岳传》
101,大词 戏,上演剧目,《目 连寻母》
101,大词戏,上演 剧目,《重耳走国》
101,大词 戏,上演剧目,《平 天下》
101,大词戏,上演剧目,《刘全进瓜》
101,大词戏,上演剧目,《唐僧取经 》
101,大 词戏,剧本特点,结构紧凑
101,大词戏,剧本特点,矛盾冲突比较集中
101,大词戏,剧本特点,较强的文学性
101,大词戏,剧本特点,较强的观赏 性
101,大 词戏,传承现状,老艺人相继去世
101,大词戏,传承 现状,现有艺人年龄近古 稀
101,大 词戏,传承状态,青黄不接
101,大词戏,保护 级别,云南省第三批省级非 物质文化遗产代表性项目名录
101,大词戏,项目代表性传承人,杨淑 珍
101,大 词戏,项目代表性传承人,赵寿珍
102,永胜县 洞经音乐,起源时间,明朝
102,永胜县洞经音乐,赐经者,康熙
102,永胜县洞 经音乐,融合元素,儒释道音乐
102,永胜县洞经音乐,融合元素,古代宫廷乐
102,永胜县 洞经音乐,融合元素,唐宋词牌
102,永胜县洞经音乐,融合元素,南北曲
102,永胜县 洞经音乐,融合元素,明清小调
102,永胜县洞经音乐,融合元素,江南丝竹
102,永胜县 洞经音乐,融合元素,地方民族音乐
102,永胜县洞经音乐,表演形式,吹
102,永胜县 洞经音乐,表演形式,拉
102,永胜县洞经音乐,表演形式,弹
102,永胜县洞经 音乐,表演形式,唱
102,永胜 县洞经音乐,表演形式,念
102,永胜县洞经音乐,表演形式,法
102,永胜县洞 经音乐,表演形式,拜
102,永 胜县洞经音乐,表演 形式,祭
102,永胜县洞经音乐,现存曲谱,《一 窗兰》
102,永胜县洞经音乐,现存曲谱,《喜今年 》
102,永 胜县洞经音乐,现存 曲谱,《朝天子》
102,明朝时期,洞经队分布情况,村村都有
102,明朝时期,参与人数,上千人
102,乾隆时期,发展状况,最为兴盛
102,涛源镇,组织机构,洞经会
102,期纳镇,组织机构,洞经会
102,程海镇,组织机构,洞经 会
102,三 川镇,组织机构,洞经会
102,顺州镇,组织机构,洞经会
102,永北镇,组织机构,洞经会
102,永胜县 洞经音乐,演奏类别,文类
102,永胜县洞经音乐,演奏类别,武类
102,演奏场合,包括地点,庙
102,演奏场合,包括地点,阁
102,演奏场合,包括地点,祠
102,活动 类型,邀请原因,安 神奠土
102,活动类型,邀请原因,超度亡灵
102,活动类型,邀请原因,红白喜事
102,永胜县洞 经音乐,入选名录,云南省第三批省级非物质文化遗产代表性 项目名录扩展项目名录
102,市级代表性传承人,姓名,柳正雄
102,市级代表性传承 人,姓名,王璋
102,市级代表性 传承人,姓名,张 作云
102,程海石湾洞经队,所属地区,程海镇
102,三川 东河洞经队,所属 地区,三川镇
103,丽江粑粑,属于,滇西三大美食
103,民间 谚语,内容,“ 丽江粑粑鹤庆酒大理酸 鱼天下行”
103,徐霞客,评价,酥油饼丝为“奇 点”
103,酥 油饼丝,别称,丽江粑粑
103,丽江粑粑,包括,油炸粑粑
103,丽江粑粑,包括,灶 烤粑粑
103,丽江粑粑,包括,水 焖粑粑
103,丽江粑粑,包括,水 蒸粑粑
103,丽江粑粑,包括,锅 贴粑粑
103,油炸粑粑,制作要求,面团要特软
103,油炸粑粑,制作步骤,用擀面 杖滚压至薄如纸张
103,油炸粑粑,撒上馅料,猪油、盐、火腿丁或 豆沙
103,油炸粑粑,成型方式,卷成筒状两头搭拢 压成饼
103,油炸粑粑,烹饪方法,文火炸黄
103,灶烤粑粑,地位,丽江粑粑 的代表
103,灶 烤粑粑,原料配比,面粉加土碱掺水 揉好
103,灶烤粑粑,初步处理,做成薄饼状
103,灶烤粑粑,烙制工具,平 底锅
103,灶烤粑粑,后续烤 制位置,灶膛里已被 烤烫的鹅卵石上
103,灶烤粑 粑,烤制方式,缓缓翻转直到烤熟
103,水焖粑粑,初步处理,将面团压 成饼在铁锅中烙到二三 成熟后取出面饼呈锅状
103,水焖 粑粑,烹饪方法,倒扣锅中焖熟
103,水蒸粑粑,初步处理,将面团压 成饼在铁锅中烙到二三 成熟后取出面饼呈锅状
103,水蒸 粑粑,烹饪方法,把面饼放在蒸板上猛火 蒸熟
103,水焖粑粑和水蒸粑 粑,口感特点,松 软可口
103,锅贴粑粑,烹饪环境,在铁锅中烧水或 煮上杂锅菜
103,锅贴粑粑,形状,揉成椭圆条 状
103,锅 贴粑粑,贴放位置,距水面四五厘米处首 尾相接贴锅一圈
103,锅贴粑粑,烹饪方法,焖熟
103,锅贴粑 粑,口感特点,皮 脆内绵兼有菜香
103,丽江粑粑 制作技艺,入选时间,年
103,丽江 粑粑制作技艺,入选项目,云南省第四批省级非物质 文化遗产代表性项目名录
103,丽江粑粑制作技艺,代表性传承人,赵嘉 红
104,苗族射 弩,起源,狩猎
104,苗族射 弩,列入赛事,全国少数民族传统体育运动会
104,大关的苗族射 弩,使用工具,弩
104,弩,分类,标准弩
104,弩,分类,传统弩
104,大 关境内的苗族使用的弩,类型,传统弩
104,传统弩,制作 材料,特殊良木
104,传统弩,制作 材料,元麻绳
104,传统弩,制作 材料,优质竹
104,春节,举行活动,射弩比赛
104,花山节,举行活动,射弩比赛
104,大关境内 的苗族,参与情况,更是如此
104,射得好的人,成为对象,苗家姑娘或小伙追求 和仰慕的对象
104,苗族射弩,性质,古老的体育运动
104,苗族射弩,作用,强健身体
104,苗族射弩,作用,鼓舞斗志
104,苗族射 弩,作用,增进民族团结
104,苗族 射弩,作用,社会 和谐
104,苗 族射弩,作用,带来欢乐
104,苗族射弩,地位,苗族传统文化的重要组成部分
104,苗族射弩,地位,民族文化交流中 不可缺少的传统体育项目
104,苗族射弩,地位,苗族传统习俗特有的 文化符号象征
104,苗族射弩,地位,民族多元文化中的一支奇 花
104,苗 族儿女们的射弩,体现 精神,坚强
104,苗族儿女们的射弩,体现精神,勇敢
104,苗族儿女 们的射弩,体现精神,果断
104,苗族儿女们的射弩,体现精神,稳重
104,当地,措施,鼓励和扶持掌握苗族射 弩技艺的苗族老艺人收 徒传授技艺
104,当地,措施,适时 对苗族青年进行集中传艺 培训
104,当地,措施,组织和鼓励 全面掌握苗族射弩技艺的优秀 苗族青年积极参加省、市乃至 全国举办的民运会射弩项目 的比赛
104,苗 族射弩,入选名录,云南省第四批省级非物质文化遗产 代表性项目名录
104,苗族射弩,项目 代表性传承人,杨兴均
104,苗族 射弩,项目代表性传承人,杨兴才
105,红河县 傣族土陶 制作技艺,流传 地,迤萨镇 坝蒿
105,制陶工具,包括,木陶拍
105,制陶工具,包括,花纹板来摩
105,制陶工具,包括,圆石恒
105,制陶 工具,包括,木板达摩
105,制 陶工具,包括,木槌 火恒
105,制陶工具,包括,锅底板扁
105,原料,使用,当地的灰色黏土
105,常见工序,包含步骤,取土
105,常见工序,包含步骤,晒土
105,常见工序,包含步骤,碎土
105,常见工序,包含步骤,筛土
105,常见工序,包含步骤,和泥
105,常见工序,包含步骤,制坯
105,常见工序,包含步骤,晾晒
105,常见工序,包含步骤,烧制
105,制作成品品种,包括,土锅
105,制作成品品种,包括,水缸
105,制作成品 品种,包括,药罐
105,制作 成品品种,包括,土盆
105,制作成品品种,包括,茶 壶
105,传承方式,为,家庭传承
105,传承规则,传女 不传男) 2 4. (制作者性别,全由妇女完成
105,过去经济来源,主要依靠售卖土陶器) 26. (现状,制作陶器的人越来越少
105,当前 掌握完整技艺者,刀玉 化) 28. (刀玉化,"能制作 , 大小各异多种样式的土 锅"
105,刀玉化,能制作,水缸
105,刀玉化,能制作,药罐
105,刀 玉化,能制作,十多种土陶器皿
105,红河傣 族传统制陶技艺,入选 名录,云南省第一批省级非物质 文化遗产保护名录
105,代表性传承人,是,刀玉化
106,酥油花,主要原料,酥油
106,酥油花,所属宗教,藏传佛教
106,宗喀巴大师,发起活动,祈愿 大法会
106,祈愿大法会,举办地点,拉萨大昭 寺
106,觉阿却巴,即,正月十五供奉节
106,酥油花,基础材料,酥油和 颜料
106,酥油花,制作工艺,揉捏调制
106,酥油花,制作工艺,模子挤压
106,酥油 花,颜色配制要求,每种颜色最少四种深浅不同
106,酥油 花,类型,大型
106,酥 油花,类型,中型
106,酥油花,类型,小型
106,酥油花,工序,揉捏
106,酥油花,工序,混色
106,酥油花,工序,制模
106,酥 油花,工序,粘贴
106,酥油花,工序,扎骨架
106,酥油花,工序,做胚胎
106,酥油花,工序,敷塑
106,酥油 花,工序,装盘
106,酥油花,题材,佛神
106,酥油花,题材,菩萨金刚
106,酥油花,题材,飞禽走兽
106,酥油花,题材,花鸟鱼虫
106,酥油花,题材,山林树木
106,酥油 花,题材,花卉盆 景
106,酥油花,题材,藏八宝
106,酥油花,题材,佛教故事
106,酥油 花,题材,历史故事
106,酥油花,题材,传说戏曲故事
106,酥油花,艺术特点,写实传神
106,酥 油花,结合文化,藏文化
106,酥油花,结合 艺术,宗教艺术
106,酥油花,保存限制,冬季进行
106,酥油花,保存特性,无法长期保存
106,酥油花,传承方式,寺院内部师徒 相传
106,酥油花,入选项目,云南省第四批省级非物质 文化遗产代表性项目名录
106,酥油花,代表性传承人,阿安
107,西盟佤 族甩发舞,起源,佤族先民的生产生活
107,西盟 佤族甩发舞,表演 者性别,女性
107,西盟佤族甩发 舞,风格特点,动作 刚劲
107,西 盟佤族甩发舞,象征意义,显示美丽、表明 成熟长大
107,西 盟佤族甩发舞,服饰主色调,黑、红色
107,西盟佤 族甩发舞,配饰 包括,银头箍
107,西盟佤族甩 发舞,配饰包括,各色珠链
107,西盟佤族甩发 舞,配饰包括,大圈耳环
107,西盟佤族甩发舞,配饰包括,银 手镯
107,西 盟佤族甩发舞,舞蹈人数限制,不限
107,西盟佤族 甩发舞,入选名录,云南省第三批省级非物质文化遗产 代表性项目名录扩展项目名录
107,西盟佤族 甩发舞,代表性传承人,娜焕
107,西盟佤族甩发 舞,基本甩法,前后甩
107,西盟佤族甩发舞,基本甩法,上下左右 躬曲
107,西盟佤族甩发舞,现代丰富甩法,转 甩
107,西 盟佤族甩发舞,现代丰富甩法,跪甩
107,西盟 佤族甩发舞,表演 形式,携手成排起舞
107,西盟 佤族甩发舞,表演 形式,成圆圈起舞
107,西盟佤 族甩发舞,初始动作,站成横排散开 长发轻摇身体
107,西盟佤族甩发 舞,伴奏方式,双 脚踏节拍和歌唱交织
108,德钦藏族 传统服饰,影响因素,自然环境
108,德钦 藏族传统服饰,影响因素,气候
108,德 钦藏族传统服饰,影响因素,海拔
108,德 钦藏族传统服饰,形成类型,奔子栏服饰
108,德钦藏族传统服饰,形成类型,升平 镇服饰
108,德 钦藏族传统服饰,形成类型,羊拉服饰
108,德钦藏族传统服饰,形成类型,澜沧江 流域服饰
108,德 钦藏族传统服饰,融汇 文化,康巴服饰文化
108,德钦藏族传统 服饰,特点,色彩艳丽
108,德钦 藏族传统服饰,特点,雍容华贵
108,德钦藏族传统服饰,技法,传统手工编织服饰 技法
108,德 钦藏族传统服饰,技艺,剪羊毛
108,德钦藏族传统服饰,技艺,拉羊毛
108,德钦藏族传统服饰,技艺,扭羊毛
108,德钦藏族 传统服饰,技艺,拉 线
108,德 钦藏族传统服饰,技艺,绕线
108,德钦藏族传统服饰,技艺,放线
108,德钦藏族传统服饰,技艺,织布
108,德钦藏族 传统服饰,技艺,织 腰带
108,德 钦藏族传统服饰,组成部分,披肩
108,德钦藏族传统服饰,组成部分,传统皮套衣
108,德钦藏族 传统服饰,组成部分,皮 褂
108,德 钦藏族传统服饰,组成部分,狐皮帽子
108,德钦藏族传统服饰,组成部分,藏靴
108,德钦藏族传统 服饰,组成部分,腰带
108,德钦藏族 传统服饰,组成部分,藏 袍
108,德 钦藏族传统服饰,组成部分,楚巴
108,德钦藏族传统服饰,组成部分,古季皮套衣
108,德钦 藏族传统服饰,组成部分,巴巴堆贵皮褂
108,德钦藏族传统服饰,组成部分,帽子
108,德钦藏族传统 服饰,组成部分,靴子
108,德钦藏族 传统服饰,佩饰类型,耳环
108,德钦藏族传统服饰,佩饰类型,胸饰
108,德钦藏族 传统服饰,佩饰类型,腰饰
108,德钦藏族传统服饰,佩饰类型,手饰
108,德钦藏族 传统服饰,佩饰类型,藏刀
108,德钦藏族传统服饰,佩饰材料,金
108,德钦藏族传统 服饰,佩饰材料,银
108,德 钦藏族传统服饰,佩饰 材料,铜
108,德钦藏族传统服饰,佩饰材料,珠宝
108,德钦藏族 传统服饰,佩饰材料,石器
108,德钦藏族传统服饰,文化内涵,价值观传承
108,德钦藏族传统 服饰,文化内涵,道德 观传承
108,德钦藏族传统服饰,文化 内涵,审美观传承
108,德钦藏族传统 服饰,遗产属性,历史 文化遗产
108,德 钦藏族传统服饰,特性,观赏性
108,德钦藏族传统服饰,特性,艺术性
108,德钦藏族传统服饰,特性,实用性
108,德钦藏族传统 服饰,入选名录,云南省 级非物质文化遗产代表性项目名录扩展 项目名录
108,德钦藏族传统服饰,代表性 传承人,扎西
109,弥勒地区,崇尚,火
109,彝族 支系阿细,祭 火仪式,木邓赛禄
109,阿 细祭火,举行时间,每年农历二月初三
109,阿细祭火,主持者,毕摩
109,扎 刀门迎宾,属于,阿细祭火流程
109,松毛长 龙宴,属于,阿 细祭火流程
109,扮花花队装扮祭 火队伍,属于,阿 细祭火流程
109,祭火神树,属于,阿细祭火 流程
109,钻木取火,属于,阿细祭火流程
109,送新 火种,属于,阿 细祭火流程
109,拜火神,属于,阿细祭火 流程
109,跳火狂欢,属于,阿细祭火流程
109,送火 神,属于,阿细 祭火流程
109,民间文艺表演,属于,阿细祭火流程
109,阿细祭火,反映精神 面貌,质朴、勇敢、乐观 、开放
109,阿细祭火,折射崇拜对象,祖先、自然 、人类生殖图腾
109,阿细祭 火,文化载体,彝 族支系阿细文化
109,阿细 祭火,入选项目,云南省第三批省级非物质文化遗产代表性 项目名录
109,阿细祭火,代表性传承人,何汝贵
110,傣族刺绣,历史悠久,True
110,傣族刺绣,改进,几代
110,傣族刺绣,拓展吸收,外地先进刺绣技术
110,耿马傣 族刺绣,包括工序,备 料
110,耿马 傣族刺绣,包括工序,打布壳
110,耿马傣族刺绣,包括工序,剪样
110,耿马傣族刺绣,包括 工序,贴花
110,耿马傣族刺绣,包括工序,精绣
110,耿马傣族刺绣,包括工序,缝合
110,耿马傣族 刺绣,使用经线材料,白纱线
110,耿马傣族刺绣,使用纬线颜色,红
110,耿马 傣族刺绣,使用纬线 颜色,黑
110,耿马傣族刺绣,图案构成方式,几种不同 纹样连续构成
110,傣族刺绣,配色 特点,大胆
110,傣族刺绣,色彩 处理方式,亮度相同的色彩配色 并置
110,傣族刺绣,常见纹饰 主题,大象
110,傣族刺绣,常见 纹饰主题,孔雀
110,傣族刺绣,常见纹饰主题,狮
110,傣族 刺绣,常见纹饰主题,马
110,傣族刺绣,常见纹饰 主题,花
110,傣族刺绣,常见 纹饰主题,树
110,傣族刺绣,常见纹饰主题,缅 寺
110,傣 族刺绣,常见纹饰主题,人纹
110,傣族刺绣,常见 纹饰元素,菱形
110,傣族刺绣,材料类型,棉线
110,傣族 刺绣,材料类型,丝 线
110,傣 族刺绣,特殊添加材料,金线
110,傣族刺绣,技法类型,平绣
110,傣族刺绣,技法 类型,挑绣
110,傣族刺绣,技法类型,锁边绣
110,傣族刺绣,技法类型,盘金 绣
110,傣 族刺绣,应用载体,鞋面
110,傣族刺绣,应用载体,枕头套
110,傣族刺绣,应用载体,门帘
110,傣族刺绣,应用 载体,佛幡
110,傣族刺绣,应用载体,孩儿帽
110,绣花鞋,工艺地位,最为绣工 精湛色彩绚丽
110,绣花鞋,评价,堪称傣族传统刺绣工艺精品
110,傣族 刺绣,地域特征,鲜明的 地域特点
110,傣族刺绣,文化内涵,深厚的历史文化内涵
110,傣族刺绣,融合 内容,民俗信仰
110,傣族刺绣,融合内容,审美意识
110,傣族刺绣,融合内容,价值观
110,傣族刺绣,文化价值,很高的文化研究 价值
110,傣 族刺绣,入选项目,云南省第四批省级非物质文化遗产代表性 项目名录
110,罕云霞,身份,项目代表性传承人
110,刀永琴,身份,项目代表性传承人
111,速古笃,别名,铁核桃
111,速古 笃,起源地,土耳其
111,速古 笃,传入中国时间,约公元世纪
111,速古笃,流传朝代,宋
111,速 古笃,流传朝代,元
111,速古 笃,流传朝代,明
111,速古笃,流传朝代,清
111,速古笃,流传地区,新疆
111,速古笃,流传地区,内蒙古
111,速古笃,流传地区,山西
111,速古笃,流传地区,河南
111,速古笃,流传地区,陕西
111,速古笃,传入丽江时间,宋末
111,速古笃,制作材料,核桃木
111,速古 笃,木质特点,重 实
111,速 古笃,耐用性,牢实耐用
111,速古笃,音色特点,厚实
111,速古笃,音色特点,洪亮
111,速古笃,结构 组成,琴头
111,速古笃,结构组成,琴身
111,速古笃,结构组成,上共鸣箱
111,速古 笃,结构组成,下 共鸣箱
111,琴头,长度,厘米
111,琴头,宽度,厘米
111,琴头,厚度,厘米
111,琴头,倾斜角度,度
111,琴头,弦轸数量,四个
111,琴头,弦轸位置,左侧
111,琴头,弦轸间距,厘米
111,琴身,别称,琴杆
111,琴身,别称,柄
111,琴身,长度,厘米
111,琴身,形状特征,上窄 下渐宽
111,上共鸣箱,长度,厘米
111,上共鸣箱,宽度比较,比琴稍宽
111,上共鸣箱,连接部位,与琴身相接 处
111,上 共鸣箱,结构特征,对称的棱角
111,上共鸣箱,棱 角形状比喻,如竹节
111,上共鸣 箱,音孔数量,个
111,上 共鸣箱,音孔形状,凤眼形
111,下共鸣箱,形状,梨形
111,下共鸣箱,长度,厘米
111,下共鸣箱,最宽 处位置,中下部
111,下共鸣箱,最宽处宽度,约 厘米
111,下 共鸣箱,中部厚度,约厘米
111,下共鸣箱,形状比喻,如瓢状
111,下共鸣箱,面部 材质,蟒蛇皮或羊 皮
111,琴 头,弦槽位置,背面
111,琴 头,弦槽长度,约厘米
111,琴头,弦槽宽度,约厘米
111,上共鸣箱与下共鸣箱 之间,音孔形状,月牙形
111,上共鸣箱与下共鸣箱 之间,相通音孔形状,圆形
111,上共鸣箱与下共鸣箱之间,相通音孔直径,约厘米
111,琴码,材质,竹 制
111,琴 码,长度,约厘米
111,琴码,高度,约厘米
111,琴码,形状特征,下宽上 窄
111,琴 码,结构特征,下部 中空
111,琴码,触琴面处 宽度,约厘米
111,上共鸣箱背面,扣子材质,金属或 木质
111,上 共鸣箱背面,附属部件,扣子
111,扣子,功能关联物,带子
111,带子,连接位置,系弦处
111,带子,用途,便于演奏时挎琴
111,清代,速古笃制作技艺失传地区,新疆
111,清代,速古笃制作 技艺失传地区,内蒙古
111,清代,速古笃制作技艺失传地区,山西
111,清代,速古笃制作 技艺失传地区,河南
111,清代,速古笃制作技艺失传地区,陕西
111,速古笃制作技艺,现存流传地,丽江
111,速古笃,形制特点,古朴
111,速古笃,制作方法特点,古朴
111,速古 笃,调弦系统特点,保存传统
111,速古笃,演奏技艺 特点,保存传统
111,速古笃,研究价值领域,民族音乐
111,速古笃,研究价值领域,乐器 发展
111,速 古笃,入选项目名称,云南省第四批省级非物质文化遗产 代表性项目名录
111,速古笃制作技艺,项目代表性传承人,和占 环
112,昭通苗 族古歌,保存地,昭通市昭阳区 盘河镇
112,昭通苗族古歌,保存地,鲁甸县 的水磨镇
112,昭通苗族古歌,内容类型,创世史
112,昭通苗族 古歌,内容类型,战争史
112,昭 通苗族古歌,内容 类型,迁徙史
112,昭通苗族古歌,内容类型,生产生活 史
112,昭通 苗族古歌,代表作品,《开天辟地》
112,昭通苗族 古歌,代表作品,《 枫木歌》
112,昭通苗族古歌,代表作品,《洪水滔天 》
112,昭 通苗族古歌,代表 作品,《跋山涉水》
112,昭通 苗族古歌,代表作品,《铸日造月》
112,昭通苗 族古歌,代表作品,《砍枫香树》
112,昭通苗族 古歌,伴奏乐器,芦笙
112,昭通花苗族群,句 式特点,五言句式
112,昭通 花苗族群,句式特点,长短句
112,昭通苗族古歌,修辞手法,比喻
112,昭通苗 族古歌,修辞手法,夸张
112,昭通苗族古歌,修辞手法,排比
112,昭通苗族 古歌,修辞手法,拟人
112,昭通苗族古歌,修辞手法,反问
112,《怀念家园》,意象解释,九重 天比喻苗族社会等级制度
112,昭通苗 族古歌,使用语言,古苗语
112,苗族歌手,称谓,堵稿
112,昭通苗族古歌,演唱场合,喜庆歌舞 集会
112,昭 通苗族古歌,入选 名录,云南省第四批省级非 物质文化遗产代表性项目名录
112,昭通苗族古 歌,传承人,李学 德
112,昭 通苗族古歌,传承 人,王永清
113,楚雄州 民族艺术剧院滇 剧团,成立于,1956 年 2. 楚雄 州民族艺术剧院滇剧团 - 是 - 楚雄唯一的滇 剧专业表演艺术团体 3. 陈毅 - 观看过演出 并给予高度的评价 - 楚雄 州民族艺术剧院滇剧团 4. 李宝珍 - 是 - 滇剧音乐、唱腔 创新发展的方针的代表人物之一 5 . 楚雄滇剧 - 入选云南省第四批省级非物质文化遗产 代表性项目名录扩展项目名录 - 2018年 6. 滇剧音乐、唱腔创新发展 的方针 - 始终坚持古为今 用、推陈出新 - 对新创、编、移植的历史 剧和现代戏均进行音乐、 唱腔设计 7. 反映 彝族人民生产、生活的剧目 - 吸收一些彝族基本音乐元素 融入唱腔和场景音乐中 - 使之具有民族特性 8. 李宝珍 - 是 - 滇剧音乐、唱腔创新发展的 方针的代表人物之一 9. 况铸 - 是 - 滇 剧音乐、唱腔创新发展的方针 的代表人物之一 10. 黄龙奎 - 是 - 滇剧音乐、唱腔创新发展的 方针的代表人物之一。
114,口弦,所属民族,怒族
114,口弦,所属民族,傈僳 族
114,口弦,类型,单片弦
114,口弦,类型,三片弦
114,单片弦,长度,至寸
114,单片弦,宽度,半寸
114,单片弦,声音 特点,低沉浑厚
114,单片弦,演奏形式,独奏
114,单片弦,演奏形式,合奏
114,三片弦,分类依据,高低音阶 不同
114,三 片弦,子类,腮掰
114,三片弦,子类,呆呆
114,腮掰,长度,寸
114,腮 掰,宽度,寸
114,腮掰,声音特点,清脆细腻
114,腮掰,音区,高音区
114,呆呆,长度比较,略长于 腮掰
114,呆呆,音色特点,绵长柔和
114,呆呆,音区,中音区
114,口弦乐,音色 特征,丰富
114,口弦乐,音色 特征,宛转悠扬
114,口弦乐,曲调特点,抒情
114,口弦 弹奏,左手动作,食指 与拇指压住执手部位
114,口弦弹奏,右手动作,拔动弹 片
114,口 弦弹奏,调节方式,根据 气息变化调节音色
114,口弦制作材料,选用标准,冬季生长于当地 向阳坡单枝分杈的 青竹
114,口弦制作工艺,取材部位,仅取青竹向阳 的一半
114,口 弦,携带特点,方便
114,口弦,受众群体,妇女
114,口弦,功能用途,传情达 意的工具
114,口弦,文化价值,鲜明的地方特色和民族特征
114,口弦,传承方式,世代相传
114,口弦,艺术价值评价,较高
114,福贡口弦 调,傈僳族曲目,《牵俄》
114,福贡口弦调,傈僳族曲目,《刮 肯》
114,福贡口弦调,傈 僳族曲目,《情歌》
114,福贡 口弦调,怒族曲目,《路亚谱日吉奴 》
114,福 贡口弦调,怒族 曲目,《亚姆亚爬那 米里》
114,口弦技艺现状,面临 问题,许多弦调失传
114,口弦 艺人现状,年龄特征,普遍偏大
114,口弦保护需求,入选 项目,云南省第三批省级非 物质文化遗产代表性项目名录
114,口弦项目传承人,姓名,汝马你
114,口弦 项目传承人,姓名,杨勇
115,花山节,所属民族,苗族
115,花山节,起源目的,纪念降魔英雄
115,花山节,最初形式,比武活动
115,花 山节,举办周期,每三年一届
115,花山节,第一 年时长,三天
115,花山节,第二年时长,六天
115,花山 节,第三年时长,九天
115,花山节,时间范围,农历正月初一至正月初十
115,花 山节,场地类型,山村或平整的稻田闲季无 庄稼处
115,花山节,主持人 数,两人
115,花山节,项目组织者人数,七 人
115,踩花山,所需物品,两棵高且直的 树木作花杆
115,花杆,装饰材料,红、黄、 绿三种颜色的纸
115,雄花杆,旗帜颜色,蓝色
115,雄花 杆,象征意义,父亲
115,雌花杆,旗帜颜色,红色
115,雌花杆,象征 意义,母亲
115,雌花杆,高度原因,母亲操持 家务、生儿育女比较辛苦
115,雄花杆与雌花杆之间,相隔距离,米
115,花 山节活动内容,包括,情歌对唱
115,花山节活动 内容,包括,摔跤
115,花山 节活动内容,包括,踢 脚架
115,花山节活动内容,包括,登山
115,花山节活动 内容,包括,爬花杆
115,花山节活动内容,包括,射弩
115,花山节活动内容,包括,打陀螺
115,花 山节活动内容,包括,吹口弦
115,花山节活动内容,包括,跳芦笙舞
115,参与者装扮,身着,节日 盛装
115,参与者装扮,携带物品,花伞
115,参与者装扮,携带物品,芦笙
115,花山 节功能,作为,本 民族的大聚会
115,花山节功能,作为,男女青年谈情 说爱的场所
115,花山节展示内容,包括,苗族服饰
115,花 山节展示内容,包括,摔跤
115,花山节展示内容,包括,打陀螺
115,花山节 展示内容,包括,爬花 杆
115,花山节展示内容,包括,芦笙舞
115,花山节 展示内容,包括,口弦
115,花山节展示内容,包括,情歌对唱
115,花山节 作用,弘扬,民族文化
115,花 山节作用,促进,民族团结
115,花山节,入选名录,云南省级非物质文化遗产代表性 项目名录扩展项目名录
115,花山节,项目代表性传承人,杨树荣
116,彝族喀 红呗,伴奏乐器,马 铃铛
116,彝族喀红 呗,演唱内容,创 世古歌
116,彝族喀红呗,演唱内容,英雄史诗
116,领舞 者,左手持有物,铃
116,领舞者,右手持有物,白色孝布
116,其他人,右手 持有物,铃
116,其他人,左手 持有物,白色孝布
116,彝族 喀红呗,艺术特征,粗犷豪放
116,彝族喀红 呗,艺术特征,铿 锵有力
116,彝族喀红呗,反映生活情况,狩猎
116,彝 族喀红呗,反映生活 情况,畜牧
116,彝族喀红 呗,舞步类型,跩 脚步
116,彝族喀红呗,舞步类型,甩铃步
116,彝 族喀红呗,舞步类型,行进甩铃
116,彝族喀 红呗,舞步类型,跳脚步
116,彝族喀红呗,模拟动物形态,羊角 碰角
116,彝族喀红呗,模拟动物形态,猴子爬 树
116,彝族喀红呗,模拟动物形态,老鹰展 翅
116,彝族喀红呗,模拟动物形态,毛狗穿 洞
116,彝族喀红呗,模拟动物形态,四马追 羊
116,彝族喀红呗,模拟动物形态,野鸡钻 篱笆
116,彝族喀红呗,入选名录,云南省第四批 省级非物质文化遗产代表性项目名录
116,彝 族喀红呗,项目代表性 传承人,陆金华
117,竹林村,位于,丽江市古城区大 东乡大东村委会
117,竹林村,地处,金沙江河谷地区
117,竹林村,民族构成,纳西族
117,竹林村,主要家族,素和尤
117,竹林村,森林覆盖率树种,云南松
117,竹林村,森林覆盖率树种,高山栲
117,竹林村,森林覆盖率树种,清香木
117,竹林村,森林覆盖率树种,核桃
117,竹林村,森林覆盖率树种,毛竹
117,竹林村,建筑类型,骑厦楼
117,竹林村,建筑类型,蛮楼
117,竹林村,建筑类型,闷楼
117,竹林村,建筑类型,井干 式木楞房
117,竹林村,非遗项目,纳西族热美蹉
117,竹林村,非遗项目,东巴 画
117,竹林 村,非遗项目,东 巴造纸技艺
117,竹林村,非遗项目,东巴舞
117,竹林村,非遗项目,纳西族民居营造 技艺
117,竹林 村,非遗项目,纳 西族服饰
117,竹林村,非遗项目,民歌谷气调
117,大东巴五 敖五举,出生地,竹林村
117,和仕诚,出生地,竹林村
117,竹林村,重要仪式,祭天
117,竹林村,重要仪式,祭猎神
117,竹林村,重要 仪式,丧葬
117,竹林村,重要 仪式,乔迁
117,竹林村,重要 仪式,办寿
117,竹林村,重要 仪式,满月
117,大东乡,荣誉称号,大东纳西族 热美蹉之乡
117,大东乡,荣誉称号,中国民间文化艺术之乡
117,大东村,称号,第一批中国传统村落
117,竹林村纳 西族传统文化生态保护区,入选 名录,云南省第四批省级非 物质文化遗产代表性项目名录
117,和智生,身份,项目代表性传承人
117,和学强,身份,项目代表性传承 人
118,面塑,俗称,面花
118,面塑,俗称,礼馍
118,面塑,俗称,花糕
118,面塑,俗称,捏面人
118,面塑,属于,传统 民间艺术
118,面团 制作,关键步骤,精选 上好的小麦面粉和糯米面按 比例混合
118,面团 制作,关键步骤,加 石蜡、蜂蜜、水将其揉 匀制成饼状
118,面团制作,关键步骤,将面团放入开水中煮熟
118,面团制作,关键步骤,待面团冷却加入 少许食盐和甘油揉搓面团以防止 面团腐化
118,面团制作,关键步骤,在面团中加入各色食用 色素或液态的广告画颜料并再次 搓揉
118,面塑艺人,使用工具,剪刀
118,面塑艺人,使用工具,梳子
118,面塑艺人,使用工具,刻刀
118,面塑艺人,技法,捏
118,面塑艺人,技法,搓
118,面塑艺人,技法,揉
118,面 塑艺人,技法,掀
118,面塑 艺人,技法,切
118,面塑艺人,技法,刻
118,面塑艺人,技法,划
118,面塑艺人,技法,挑
118,传统面塑作品,题材类型,十二生肖
118,传统面塑作品,题材类型,动物类
118,传统面 塑作品,题材类型,水果类
118,传统面塑作品,题材类型,蔬菜类
118,传统面塑作品,题材类型,人物类
118,传统面塑作品,题材类型,器皿类
118,传统面 塑作品,包含内容,中国传统戏曲
118,传统面塑作品,包含内容,四大名著
118,传统面塑作品,包含内容,民间故事
118,传统面塑作品,包含内容,神话传说
118,传统面 塑作品,造型特点,式样色调丰富
118,传统面塑作品,造型特点,形象生动
118,传统面塑作品,造型特点,体积较小
118,嵩明 面塑,现状,没有 形成规模化量产
118,嵩明面塑制作技艺,入选项目,云南省第三批 非物质文化遗产代表性项目名录
118,嵩明面塑 制作技艺,项目代表性传承人,梁俊丽
119,拖顶藏族 酒歌,所属民族,藏族
119,拖 顶藏族酒歌,流传 地区,云南省迪庆藏族自治州 德钦县拖顶乡
119,拖顶藏族酒歌,类型,无伴奏仪式 歌曲
119,拖顶 藏族酒歌,使用场合,新春佳节
119,拖顶藏族酒歌,使用 场合,乔迁新居
119,拖顶藏族酒 歌,使用场合,婚 丧嫁娶
119,拖顶藏族酒歌,象征 物,洁白的哈达
119,拖顶藏族酒 歌,别称,酒 歌之乡
119,拖 顶藏族酒歌,与传统敬 酒歌对比,抬头挺胸
119,拖顶 藏族酒歌,与传统敬酒 歌对比,节奏欢快
119,拖顶藏族酒 歌,特色曲目,《农 日》
119,《农日》,特点,肢体动作幅度极大
119,《农日》,特点,踢踏节奏激烈
119,拖顶 藏族酒歌,表演队伍组成,青年男子
119,拖顶藏族酒歌表演 者,服饰,金边 帽
119,拖 顶藏族酒歌表演者,服饰,右衽藏红色氆 氇楚巴
119,拖顶藏族酒歌表演者,服饰,长筒藏 鞋
119,拖 顶藏族酒歌表演者,服饰,白色长袖衬衣
119,拖顶藏族 酒歌,曲调数量,九支
119,拖顶藏族酒歌,曲调之一,《布达拉 》
119,拖 顶藏族酒歌,曲调 之一,《达巴拉生》
119,拖顶藏族 酒歌,曲调之一,《尼玛亚吉》
119,拖顶藏族酒 歌,曲调之一,《 拉斯都巴》
119,拖顶藏族酒歌,曲调之一,《阿若 鲁琼》
119,拖顶藏族酒歌,曲调之一,《扎史永 恰》
119,拖顶藏族酒歌,曲 调之一,《升几扎巴拉 松》
119,拖顶藏族酒歌,曲 调之一,《正堆》
119,拖顶藏族 酒歌,曲调之一,《农日》
119,拖顶藏族酒歌,关联活动,达金
119,拖顶藏族 酒歌,文化内涵,文化
119,拖 顶藏族酒歌,文化内涵,价值
119,拖顶藏族酒歌,文化内涵,道德理念
119,拖顶藏族酒 歌,入选名录,云南省 第四批省级非物质文化遗产代表性项目 名录
119,拖 顶藏族酒歌,项目代表性 传承人,斯那定主
120,哈尼族,服饰材质,自制黑色或 青色土染布
120,绿春 哈尼族服饰,装饰元素,花边
120,绿春哈尼族 服饰,装饰元素,图案
120,绿 春哈尼族服饰,装饰 元素,银饰品
120,哈尼族服饰 制作工序,包括步骤,种植 棉花
120,哈尼族服饰制作工序,包括 步骤,收棉
120,哈尼族服饰 制作工序,包括步骤,轧 棉
120,哈尼族服饰制作工序,包括 步骤,弹棉
120,哈尼族服饰 制作工序,包括步骤,搓 棉
120,哈尼族服饰制作工序,包括步骤,纺线
120,哈尼 族服饰制作工序,包括步骤,绕线
120,哈尼族服饰制作 工序,包括步骤,煮线
120,哈尼族服饰制作工序,包括 步骤,洗线
120,哈尼族 服饰制作工序,包括步骤,捻线
120,哈尼族服饰制作工序,包括步骤,拉线
120,哈 尼族服饰制作工序,包括步骤,排线
120,哈尼族服饰 制作工序,包括步骤,调 线
120,哈尼族服饰制作工序,包括步骤,集线
120,哈尼 族服饰制作工序,包括步骤,织布
120,哈尼族服饰制作 工序,包括步骤,靛染
120,哈尼族服饰制作工序,包括 步骤,凉布
120,哈尼族 服饰制作工序,包括步骤,裁缝
120,哈尼族服饰制作工序,包括步骤,剪贴
120,哈尼 族服饰制作工序,包括步骤,刺绣
120,哈尼族服饰,装饰部位,袖口
120,哈尼 族服饰,装饰部位,领边
120,哈尼族服饰,装饰部位,衣襟
120,哈尼 族服饰,装饰部位,脚边
120,哈尼族服饰,反映信息,所属支系
120,哈 尼族服饰,反映信息,年龄
120,哈尼族服饰,反映信息,婚姻状况
120,哈尼 族服饰,反映信息,身份
120,纺织器具,材质类型,木
120,纺织器具,材质类型,竹
120,纺织器具,具体 工具,轧棉机
120,纺织器具,具体工具,弹棉 弓
120,纺织器具,具体工具,纺线机
120,纺织器具,具体工具,集线器
120,纺织 器具,具体工具,竹 管
120,纺织器具,具体工具,竹片
120,纺织器具,具体 工具,调线器
120,纺织器具,具体工具,织布 机
120,纺织器具,具体工具,靛染缸
120,纺织器具,具体工具,缝纫机
120,绿 春哈尼族服饰,文化 功能,满足生活需要
120,绿春 哈尼族服饰,文化功能,识别身份
120,绿春哈尼 族服饰,承载内容,文化内涵
120,绿春哈尼族服饰,承载内容,宗教信仰
120,绿 春哈尼族服饰,入选 项目,云南省级非物质文化遗产 代表性项目名录扩展项目名录
120,绿春 哈尼族服饰,代表性传承 人,白玉收
121,布朗族山 康茶祖节,别称,好够龙
121,布朗族山康 茶祖节,时间范围,农历二月二十七到三月初一
121,布朗族山康 茶祖节,起源地,澜沧县惠民镇芒景 村
121,布朗族 山康茶祖节,源于 活动,发现、驯化、 种植和利用茶
121,节日第一天,主要活动,打扫村寨环境卫生和个人卫生
121,节日第二天,主要活动,杀猪宰牛 包黄粑筹办酒肉接待来宾
121,节日第三天,组织活动内容,民间歌舞 联欢接新水送饭给 老年人堆沙滴水统一献饭
121,节日第四天,主要活动,前往古茶 山祭拜茶魂祭奠先 人
121,布朗族 山康茶祖节,祭祀 分类,大祭和小祭
121,小祭,村民行为,带祭品 放在茶魂台上敬献祭拜
121,大祭,仪式内容,举行盛大 的剽牛仪式将牛头砍 下拿到茶魂台敬献茶 祖
121,布朗 族山康茶祖节,理念特点,朴实的生态理念 和生活追求
121,布朗族山康茶祖节,体现观念,朴素的 生态发展观
121,布朗族山康茶祖节,承载内容,精神、 信仰和价值取向
121,布朗族山康茶祖 节,体现文化,古老的 宗教文化
121,布朗族山康茶祖节,保留内容,原始农耕文化 和传统习俗
121,布朗族山康茶祖节,入选项目,云南省第四 批省级非物质文化遗产代表性项目名录
121,布朗族 山康茶祖节,项目 代表性传承人,康朗丙
121,布朗族 山康茶祖节,项目 代表性传承人,苏国文
122,乌铜走 银,齐 名,北京景 泰蓝
122,万家四宝斋,前身,怀宝银楼
122,怀宝银楼,传承,乌铜走 银制作技艺
122,乌铜走银制作技艺,地点,保山市隆阳 区板桥镇
122,乌铜走银,工艺 步骤,将银丝嵌入乌 铜表面錾刻好的花纹内
122,乌铜走银,工艺步骤,加热使 银丝熔化形成半合金状态
122,乌铜走银,工艺步骤,冷却后 用手急擦让汗液渗透稳定 结合
122,万家乌 铜走银制作技艺,材料 处理,红铜及黄金置于 熔炉中加热熔化
122,万家乌铜走银制作 技艺,成型方式,浇 铸于石板或铁板上铸为 薄块状
122,万家乌铜走银制作技艺,加工方法,手工捶 打至所需厚度
122,万家乌铜走银制作 技艺,后续操作,按 需求剪切焊接成型
122,万家乌铜走银制作 技艺,装饰内容,镌 刻诗词歌赋或山水人物等 字画图案
122,万家乌铜走银制作技艺,关键辅料,祖传 的焊药
122,万家乌铜走银制作技艺,灌注材料,已熔化 的白银液体
122,红铜与黄金合金,反应条件,与人体汗液 接触变为乌色
122,焊药配制,特点,祖传秘制
122,刻字与绘画,影响因素,成品的质量 与品位
122,万家乌铜走银存世作品,类型,烟斗/ 墨盒/酒具/茶具 /香炉/戒指
122,代表性大件作品,名称,《五百里滇池 》巨型屏风
122,《五百里滇池》巨型 屏风,收藏地点,人民 大会堂云南馆
122,万家乌铜走银制作 技艺,入选名录,云南省 级非物质文化遗产代表性项目名录扩展 项目名录
122,项目代表性传承人,姓名,万光红
123,陆良县,所属民族,彝族撒 尼人
123,大三弦舞,舞蹈形式,男女两排 对舞
123,大三弦舞,使用乐器,三弦
123,大三弦舞,队形变化,圆圈和方 队
123,大三弦舞,主要特点,沉、稳、颤、顿 、朴实、矫健、豪放
123,大三 弦舞,主要套路,弹跳步
123,大三弦舞,主要 套路,跑跳步
123,大三弦舞,主要套路,转自 跳
123,大三弦舞,主要套路,十字档
123,大三弦舞,主要套路,弹脚转身跳
123,大三弦舞,主要套路,摆臂转圈
123,大三弦舞,入选名录,云南省第一批 省级非物质文化遗产保护名录
123,大三弦 舞,代表性传承人,赵竹英
123,大三弦舞,适用场景,广场大型文娱活动
123,大三弦舞,适用场景,舞台演出
123,大三弦舞,传承活动,中小学大三弦舞 传承活动
123,大三弦舞,表演 时机,节日聚会
123,大三弦舞,动作特征,蹬脚 有韧劲收脚有弹力
123,大三弦舞,节奏特点,节拍鲜明节奏感强
123,大三 弦舞,引导方式,哨音长短变化
124,纳西族 建筑彩绘,兴起时间,明代初期 2. 纳西族建筑彩绘 - 施作场所 - 殿宇 、祠堂、寺庙等大型木结构 建筑 3. 纳西族 建筑彩绘 - 代表类型 - 图案绘画 4. 纳 西族建筑彩绘 - 吸收 民族 - 汉族、藏族、白 族 5. 纳西族 建筑彩绘 - 主要特色 - 部件测量 6. 纳 西族建筑彩绘 - 主要 特色 - 模板裁剪 7. 纳西族建筑彩绘 - 主要特色 - 桃枝运用 8. 纳西族建筑 彩绘 - 主要特色 - 矿物颜料研磨 9. 纳 西族建筑彩绘 - 主要 特色 - 三脉五脉晕 口留白 10. 纳西族建筑彩绘 - 包含类型 - 彩画 1 1. 纳西族建筑彩 绘 - 包含类型 - 素 画 12. 纳西 族建筑彩绘 - 包含类型 - 黑白画 13. 纳西族建筑彩绘 - 使用工具 - 桃木笔 14. 纳西族 建筑彩绘 - 传统颜料 - 朱丹 15. 纳西族建筑彩绘 - 传统颜料 - 石绿 1 6. 纳西族建筑彩 绘 - 传统颜料 - 铅 粉 17. 纳西 族建筑彩绘 - 融合文化 - 汉文化 18. 纳西族建筑彩绘 - 融合文化 - 藏文化 19. 纳西族建筑 彩绘 - 宗教风格 - 佛 20. 纳西 族建筑彩绘 - 宗教风格 - 道 21. 纳西族建筑彩绘 - 宗教风格 - 儒 22 . 纳西族建筑彩绘 - 工艺步骤 - 部件的 测量 23. 纳西 族建筑彩绘 - 工艺步骤 - 清理建筑木材平面 2 4. 纳西族建筑彩 绘 - 工艺步骤 - 裁剪 图案纹样模板 25. 纳西族建筑彩绘 - 工艺步骤 - 模板打样 26. 纳西族 建筑彩绘 - 工艺步骤 - 勾勒施画 27 . 纳西族建筑彩绘 - 工艺步骤 - 作晕 粉 28. 纳西 族建筑彩绘 - 工艺步骤 - 淡处理 29. 纳西族建筑彩绘 - 工艺步骤 - 深处理 30. 纳西族建筑 彩绘 - 工艺步骤 - 整理填白 31. 纳西族建筑彩绘 - 图案内容 - 人物 32 . 纳西族建筑彩绘 - 图案内容 - 物件 33. 纳西族建筑 彩绘 - 图案内容 - 几何图案画 34. 纳西族建筑彩绘 - 图案内容 - 吉祥动植物 3 5. 纳西族建筑彩 绘 - 图案内容 - 神兽 瑞禽 36. 纳 西族建筑彩绘 - 图案 内容 - 卷草香花 37. 纳西族建筑 彩绘 - 图案内容 - 莲花 38. 纳西 族建筑彩绘 - 图案内容 - 牡丹 39. 纳西族建筑彩绘 - 功能特性 - 使木结构更加 耐久坚固 40. 纳西族建筑彩绘 - 功能特性 - 防虫防潮 41. 纳西族建筑 彩绘 - 入选名录 - 云南省第四批省级非物质文化遗产代表性 项目名录 42. 纳 西族建筑彩绘 - 项目 代表性传承人 - 木庚锡
125,文盛街 村,位于,大理白族自治州 弥渡县密祉乡 永和村委会
125,文盛街村,面积 单位,平方千米
125,文盛街村,汉族 人口占比,总人口的
125,保护区,坐落于,太极山山麓下
125,保护区,周边环绕,耕地
125,保护区东面,是,亚溪河
125,保护区,森林 覆盖率为,
125,文盛街村,是,密祉坝区经济文化交汇 的中心
125,文盛 街,在唐南诏时期,古丝绸之路开南古道 上的重要驿站
125,文盛街,保存着,马道
125,文盛街,保存 着,马店
125,文盛街,保存着,马槽
125,文盛街,保存着,马蹄印
125,古驿道,属于,第七批全国 重点文物保护单位
125,古驿道,是 组成部分,茶马古道
125,文盛街 村,被列入,第二批中国传统 村落名录
125,文盛街村,被评为,第六批中国历史文化名村
125,民国第五区 区公所,级别,州级文物保护单位
125,尹宜公故居,级别,州级文物 保护单位
125,永和碧云寺,级别,县级文物保护单位
125,永和文昌宫,级别,县级文物保护 单位
125,文 盛街村,有景观,珍珠泉
125,文盛街村,有 景观,凤凰桥
125,文盛街村,有景观,财神阁
125,文盛街 村,有景观,碧 云庵
125,保护区民居建筑,结构 类型,土木结构
125,保护区民居建筑,屋顶材料,青瓦
125,保护区 民居建筑,保留风格,明清汉族建筑群落
125,保护区民居 建筑,包括类型,三坊 一照壁
125,保护区民居建筑,包括 类型,四合五天井的 合院建筑
125,保护区民居建筑,包括 类型,一颗印式院落
125,文盛 街村,保留着非物质 文化遗产,密祉元宵灯会 民俗活动
125,密祉元宵灯会民俗活动,特点,民间自发组织
125,密祉元宵 灯会民俗活动,包含形式,歌舞
125,密祉元宵灯会民俗活动,包含形式,戏剧
125,密祉元宵 灯会民俗活动,包含形式,杂耍
125,密祉元宵灯会民俗 活动,包含形式,器 乐
125,密 祉元宵灯会民俗活动,包含形式,龙狮
125,密祉元宵灯 会民俗活动,包含形式,彩灯
125,密祉元宵灯会民俗活动,包含形式,书画
125,密祉元宵 灯会民俗活动,包含形式,扎裱
125,文盛街村,民间文学包括,《太极顶的 传说》
125,文盛街村,民间文学 包括,《珍珠泉的传说》
125,文盛 街村,民间文学包括,《古驿道的由来》
125,文盛 街村,民间文学包括,《小河淌水的源头》
125,文盛街 村,民间文学包括,《 千年树王的传说》
125,文盛街村,传统音乐包括,弥 渡民歌
125,文盛街村,传统 音乐包括,洞经音乐
125,文盛街 村,传统戏剧包括,密祉花灯
125,文盛街村,传统戏剧包括,花灯小 调
125,文 盛街村,传统美术包括,彩扎
125,文盛街村,传统美术包括,剪纸
125,文盛街村,传统家庭手工业包括,土陶
125,文盛街村,传统 家庭手工业包括,麻纺
125,文盛 街村,传统家庭手工业 包括,刺绣
125,文盛街村,传统家庭手工业包括,编织 竹编
125,文盛街村,传统家庭 手工业包括,草编
125,文盛街 村,传统家庭手工业包括,棕编
125,文盛街村,传统家庭手工业包括,酿酒
125,文盛 街村,传统家庭手工业 包括,豆腐作坊
125,豆腐制作,保留 特色流程,本地特色流程
125,豆腐制作,展示地点,豆腐作坊内
125,文盛 街村,传统饮食包括,豆腐宴
125,文盛街村,传统 饮食包括,野菜宴
125,文盛街村,传统饮食包括,农村 土八碗
125,文盛街村传统服饰,风格特点,朴素独特、 简洁大方
125,文盛街村传统服饰,延袭风格,清末服饰的风格
125,老年妇女 头上佩戴的勒子,具有 代表性于,传统服饰
125,文盛街村,共有非物质文化展示场馆 数量,五处
125,文盛街村汉族 传统文化生态保护区,入选名录,云南省第四批省级非物质文化遗产 代表性项目名录
125,文盛街村汉族传统文化生态保护 区,项目代表性传承人,石兴才
125,文盛街村汉族传统文化 生态保护区,项目代表性传承人,王海富
126,盘王节,属于民族,瑶族
126,盘王节,祭祀对象,盘瓠
126,盘王节,历史记载文献,《搜神记 》
126,盘王节,历史记载文献,《蛮子歌》
126,盘王节,历史记载文献,《岭 外代答》
126,《岭外代答 》,记载内容,踏 摇即跳盘王还盘王 愿
126,瑶族,地域分布特征,大分散、小聚居
126,瑶族 盘王节,统一节期,每年农历十月十六日盘 王诞日
126,红河州河口瑶族自治县,举办活动,瑶族 盘王节
126,河口瑶族自治县盘王 节,起源,还盘 王愿活动
126,河口瑶族自治县盘王 节,祈求内容,五 谷丰登
126,河口瑶族自治县盘王 节,祈求内容,人 畜兴旺
126,河口瑶族自治县盘王节,祈求内容,人丁 平安
126,盘王节,包括内容,祭盘王
126,盘王节,包括内容,唱盘王
126,盘 王节,包括内容,跳 盘王
126,祭盘王,主持 者,祭司
126,祭盘王,设置物品,祭坛
126,祭 盘王,悬挂画像,盘王
126,祭盘王,悬挂 画像,三清
126,祭盘王,悬挂画像,三元
126,祭 盘王,祭品,猪
126,祭盘王,祭品,鸡
126,祭盘王,祭品,鸭
126,祭盘王,祭品,粽子
126,祭 词内容,请求动作,请盘王从青草庙降临 神坛
126,祭词内容,请求 目的,接受子孙祭献
126,祭 词内容,请求目的,跟子孙一起过节
126,祭词内容,祈求目标,五谷 丰登
126,祭词内容,祈求 目标,人畜兴旺
126,祭词 内容,祈求目标,人 丁平安
126,祭词内容,祈求 目标,无病无灾
126,祭 词内容,祈求目标,和谐发展
126,唱盘王,涵盖 类型,瑶族古歌
126,唱 盘王,涵盖类型,迁徙歌
126,唱盘王,涵盖 类型,信歌
126,唱盘王,涵盖类型,劳动歌
126,唱盘王,涵盖类型,情歌
126,跳盘王,艺术形式,舞蹈艺术
126,跳盘 王,模拟对象,劳动
126,跳盘王,模拟对象,动物
126,跳盘王,模拟 对象,神灵
126,盘王节,融合元素,传统宗教
126,盘 王节,融合元素,歌舞艺术
126,盘王节,融合 元素,服饰
126,盘王节,融合元素,饮食
126,盘王 节,具有功能,促进 民族团结
126,盘王节,具有功能,边疆稳定
126,盘王节,具有功能,文化传承
126,盘 王节,政策意义,实践我国非遗保护政策
126,盘王节,政策意义,提升边疆 民族文化软实力
126,瑶族盘王节,入选名录,云南省第四 批省级非物质文化遗产代表性项目名录
126,瑶族盘王节,项目 代表性传承人,蒋保寿
127,施甸龙 会,举行 时间,每年二月
127,三 沟头龙会,属于,施甸龙会
127,太平羊皮会,俗称,二月十一
127,三沟头龙会,源于,保场菠萝 村
127,保场 菠萝村,水源分三条沟 渠流入,十八个寨子
127,十八个寨 子,饮用水全靠,三条 沟渠
127,十八 条龙,聚集地点,三沟头
127,三沟头龙会,目的,祈求风调雨顺
127,太平羊皮会,起源,契丹人随 蒙古铁骑踏破金王朝疆 土后落籍云南
127,太平羊皮会,延续活动,抢羊剥 皮的竞技活动
127,明朝时期,注入内容,龙狮表演
127,施甸龙会,擅长,耍龙表演
127,施甸龙 会,扎龙技术,一流
127,龙 衣,材料,白布
127,龙衣,工艺,彩绘而成
127,龙,组成部分,龙头、龙身 、龙尾
127,龙节数,包括,三十六节、三十节、二十六节 、十六节
127,龙各节框架,制成 材料,木料
127,龙各节笼子,扎成形状,筒形
127,龙各 节笼子,扎制材料,金竹篾
127,龙各节笼子,配备部件,木柄
127,舞龙人,手持工具,木柄
127,龙颜色搭配,青黄相配成双 ) 24. (耍龙 形式,"包括, 结盘、 反回盘、龙吃水、 龙摆尾和倒回龙"
127,耍龙舞 狮,以前参与者性别,男性为主
127,耍龙舞狮,现在参与者包括,妇女、儿童
127,太平,活动日 人群状态,万人潮涌
127,施甸龙 会,性质,宝贵的历史文化 财富
127,施 甸龙会,形成过程,历朝历代民间大师和民众 不断积淀
127,施甸龙会,特点,风格独特、影响广泛、历史悠久
127,施甸 龙会,包含元素,民俗、宗教、经济、文化
127,龙的扎 制,完成者,当地 民间艺人
127,扎龙工艺,反映内容,民间的艺术取向和审美价值
127,耍龙,艺术类型,音乐和舞蹈 结合的艺术
127,耍龙动作配合依据,鼓 点的节奏) 36. ( 施甸龙会,"入选项目 , 云南省第四批省级非物质 文化遗产代表性项目名录"
128,刀杆节,别称,阿堂得
128,刀 杆节,所属民族,傈僳族
128,刀杆节,流行地区,云南边陲西南一带
128,刀杆节,时间,农历二月初八
128,刀杆节,纪念对象,王骥
128,刀杆节,包含仪式步骤,点 花
128,刀杆 节,包含仪式步骤,点刀
128,刀 杆节,包含仪式步骤,耍刀
128,刀杆节,包含仪式步骤,迎花
128,刀杆节,包含 仪式步骤,设坛
128,刀杆节,包含仪式步骤,祭刀 杆
128,刀 杆节,包含仪式步骤,竖杆
128,刀杆节,包含仪式 步骤,祭龙
128,刀杆节,包含仪式步骤,上刀
128,刀杆节,包含仪式步骤,折 刀
128,刀 杆节,包含仪式步骤,下火海
128,上刀山,使用 刀具数量,三十六把利刀
128,上刀 山,绑定材料,栗 树杆
128,上刀山,高度,四五丈高
128,上刀山,刀刃朝向,全部朝上
128,上刀山,表演动作,赤脚踏着锋利 的钢刀逐级爬至顶端
128,上刀 山,后续表演内容,开天门
128,上刀山,后续表演 内容,挂红
128,上刀山,后续表演内容,撒谷
128,下火海,表演方式,踏入通红 炽热的炭火中表演绝 技
128,跳 嘎,取代内容,原始 信仰的内容
128,漾濞傈僳族,文化 解释一致性地区,腾冲
128,漾濞傈 僳族,文化解释一致性地区,泸水
128,漾濞傈僳族刀 杆会,地方性特征表现 方面,仪式过程
128,漾濞傈僳族 刀杆会,地方性特征 表现方面,使用法器
128,漾濞傈 僳族刀杆会,地方 性特征表现方面,相关文体 活动
128,漾 濞傈僳族刀杆会,具体地方性动作示例,叼犁头上刀杆
128,漾濞傈僳族 刀杆会,具体地方性 动作示例,在刀杆山 展演各种高难度动作
128,漾濞傈僳族 刀杆会,具体地方性 动作示例,在刀杆顶上 撒蕴含美好寓意的五谷种子
128,刀杆 节,借鉴吸纳文化来源,彝族文化
128,刀杆节,借鉴 吸纳文化来源,白族文化
128,刀杆 节,借鉴吸纳文化来源,汉族文化
128,刀杆节,实现功能,敬拜自然与祖先神灵
128,刀杆 节,实现功能,国家 认同
128,刀 杆节,实现功能,激发民族文化自信
128,刀杆节,实现功能,促进地方旅游经济发展
128,漾濞刀杆 节,入选名录名称,云南省第四批省级非物质文化遗产代表性 项目名录扩展项目名录
128,漾濞刀杆节,项目代表性传承人,海润朝
129,哑巴会,祭祀仪式,每年农历二 月初八举行 2. 哑巴会 - 地点 - 大理州南涧县公 郎镇新合村委会盖瓦洒 村 3. 哑巴会 - 特征 - 祖先崇拜、 鬼神崇拜与生殖崇拜并存 4 . 哑巴会 - 节日 活动 - 对歌、准备道具 和化妆、宴客、打歌 、对调、送哑巴神 的仪式程序 5. 哑 巴会 - 民俗活动 - 走亲访友、吃喝唱跳 、人神共娱 6. 哑巴会 - 传承问题 - 老一辈传承人面临技艺无法 传授给下一代的严峻局面 7 . 哑巴会 - 入选 项目 - 云南省第四批省级非 物质文化遗产代表性项目名录扩展项目名录 8. 哑巴会 - 项目代表性传承人 - 施 兆兴
130,碧寨山 歌,形成 原因,怒江 峡谷地貌特征
130,碧寨山歌,功能用途,日常情感交流
130,碧寨山 歌,功能用途,男女 传情达意
130,碧寨山歌,功能 用途,宾主迎来送往
130,碧寨山歌,表现形式,老山歌
130,碧寨山 歌,表现形式,叙事山 歌
130,碧寨 山歌,表现形式,花花 山歌
130,老 山歌,代表作品,十二花名
130,老 山歌,代表作品,十二花甲
130,老山歌,别称,六十花甲
130,叙事山歌,代表作品,下夷方
130,叙事山歌,代表作品,送郎 调
130,叙事 山歌,代表作品,出门调
130,叙事山歌,代表作品,修船调
130,花花山歌,创作 方式,即兴创作
130,花花山歌,创作方式,临时编写
130,花花山歌,表演形式,对唱
130,花花山 歌,内容类型,情 歌类
130,花花山歌,内容类型,相互赞扬抬敬
130,花花山歌,内容类型,打压取笑
130,花花山歌,内容类型,叙事
130,碧寨山 歌,记录内容,风 土人情
130,碧寨山歌,记录内容,伦理道德
130,碧寨山歌,记录内容,生产生活
130,碧寨山歌,记录内容,社会生活
130,碧寨山 歌,记录内容,习俗 活动
130,碧 寨山歌,文化价值,人文价值
130,碧寨山歌,教育 作用,传授劳动技能
130,碧寨山歌,教育作用,教化规范 行为
130,碧 寨山歌,文化功能,文化传承
130,碧寨山歌,历史 渊源,当地居民起源演变
130,碧寨山 歌,研究价值,山地 文化
130,碧 寨山歌,研究价值,农耕文化
130,碧寨山歌,研究 价值,民族文化
130,碧寨山歌会,入选项目,云南省第四批 省级非物质文化遗产代表性项目名录
131,太平花灯,得名 原因,唱灯 求太平
131,太平花灯,保留习俗,早期云南花 灯演出习俗
131,太平花灯,仪式 内容,祭灯神
131,太平花灯,仪式内容,接灯 神
131,太平花灯,仪式内容,送灯神
131,太平花灯,祈求目标,平安
131,太平花灯,祈求目标,五谷丰 登
131,太平花灯,所属地区,玉溪市澄江市松 元村
131,太平花灯,民族归属,彝族
131,太平花灯,起源基础,早期汉族花 灯的传统戏剧
131,太平花灯,传入时间,清嘉庆年间
131,太平 花灯,沿袭模式,戏剧、歌舞、小唱三 渠并流
131,太平花灯,表演类型,悲喜剧
131,太平花 灯,表演类型,闹 剧
131,太平花灯,融入艺术,彝族民间秧老鼓
131,太平花灯,融入艺术,霸王鞭
131,太平花灯,主要剧目,《李府拜寿 》
131,太平花灯,主要剧目,《大头送妹》
131,太平 花灯,主要剧目,《 朱买臣休妻》
131,太平花 灯,主要剧目,《大 凤阳》
131,太平花灯,表演特点,生活化
131,太平花 灯,表演特点,无 程式化动作
131,太平花灯,行当分类,小生
131,太平 花灯,行当分类,小旦
131,太平花灯,行当分类,小丑
131,太平花 灯,唱腔音乐元素,彝族音乐
131,太平花灯,念白语言,汉语
131,太平 花灯,演员性别限制,男性
131,太平花灯,旦 角演唱方式,小嗓
131,太平 花灯,伴奏乐器,彝族四弦
131,太平花灯,伴奏乐器,小二胡
131,太平花灯,伴奏乐器,锣鼓钹等打击乐器
131,太平 花灯,传承方式,家族传承
131,太平花灯,传承 谱系数量,四条
131,太平花 灯,可追溯代数,五六代人
131,太平花灯,代表性家族,代国元 家族
131,太平花灯,代表性家族,李家能家族
131,太平花灯,入选名录,云南省第四 批省级非物质文化遗产代表性项目名录 扩展项目名录
131,太平花灯,项目代表性传承人,杨树林
132,永胜水 酥饼制作技艺,起源时间,民国二十四年
132,永胜 水酥饼制作技艺,传入 地点,永胜县永北 镇
132,湖南民间艺人,传授对象,杨树轩老人
132,杨家,传承代数,三代
132,永胜水 酥饼制作技艺,主要分布 社区,东北街
132,永胜水酥 饼制作技艺,主要分布社区,西南街
132,水酥饼原料,包括,精面粉
132,水酥饼原料,包括,鲜猪板油
132,水 酥饼特点,口感描述,松脆
132,水酥饼特点,口感描述,香酥
132,水 酥饼特点,口感描述,重油而不腻
132,水酥饼 制作工序,包括,选择原料
132,水酥饼制作工序,包括,制面团
132,水酥饼制作工序,包括,制饼
132,水酥 饼制作工序,包括,浸泡
132,水酥饼制作工序,包括,烘烤
132,水酥饼制作工序,包括,包装
132,水酥饼关键 制作环节,包括,浸泡
132,水 酥饼关键制作环节,包括,烘烤
132,水酥饼命名原因,独特环节,浸泡
132,永胜 县制饼作坊,烘烤方式,传统烤炉
132,水酥饼 馅料种类,包括,豆 沙
132,水酥饼馅料种类,包括,五仁
132,水酥饼 馅料种类,包括,火腿
132,水酥饼馅料种类,包括,白糖
132,水酥饼馅料 种类,包括,玫瑰
132,水酥 饼馅料种类,包括,蛋黄
132,水酥饼馅料种类,包括,水果馅料
132,水酥 饼质地特点,描述,松软
132,水酥饼消费特征,适用人群,老少皆 宜
132,永胜水酥饼制作技艺,入选名录,云南省第四 批省级非物质文化遗产代表性项目名录
132,周玉华,身份,代表性传承人
132,周玉华,所属流派,杨氏清香斋 水酥饼第三代传人
133,九隆神话,最早见于,《哀牢传 》
133,杨终,撰写,《哀牢传》
133,《华阳 国志》,记载,九隆神话
133,《风俗通义》,记载,九隆神话
133,《后 汉书》,记载,九 隆神话
133,《水经注》,记载,九隆神话
133,《永昌 府志》,记载,九隆神话
133,九隆神话,包含 内容,始祖沙壹怀孕
133,九隆 神话,包含内容,诞生 九隆
133,九隆神话,包含 内容,沉木化龙
133,九 隆神话,包含内容,龙舐九隆
133,九隆神话,包含内容,九隆为 王
133,九隆神话,包含内容,九隆兄弟成婚
133,九 隆神话,包含内容,哀劳的民族习俗
133,九隆神话,包含内容,九隆世 系
133,沙壹,象征,母系氏族社会
133,捕鱼,代表 生产方式,渔业
133,触沉木怀孕,反映社会阶段,群 婚阶段
133,沉木,象征,男根
133,沉木化为龙,目的,博取族民 拥护
133,哀牢王,陈述对象,汉朝
133,哀牢王,自称身份,龙的传人
133,九隆被推举为王,标志社会转型,母系 向父系转化
133,九隆被推 举为王,政治制度,王位推举制
133,九隆兄弟 娶十女子为妻,婚姻 制度类型,对偶婚群 婚阶段
133,种人皆刻画其身,体现习俗,纹身
133,衣 皆著尾,体现特点,服饰特色
133,《九隆神话》,流传地区,保山 市隆阳区保山坝
133,《 九隆神话》,入选项目,云南省第三批省级非物质 文化遗产代表性项目名录
133,哀牢归汉 雕塑,表现主题,九 隆传说
133,九隆传说浮雕,表现主题,九隆传说
134,东巴面 偶,纳 西语称,多玛
134,东巴面偶,所属文化,东巴 文化
134,东巴面偶,制作材料,青稞
134,东巴面偶,制作材料,小麦
134,东巴面 偶,制作材料,大 麦
134,东巴面偶,制作材料,燕麦
134,东巴面偶,制作手法,手搓
134,东巴面 偶,制作手法,滚
134,东 巴面偶,制作手法,捏
134,东巴面偶,制作手法,拉
134,东巴面 偶,制作手法,按
134,东巴面偶,分类,神偶
134,东巴面偶,分类,鬼偶
134,东巴 面偶,分类,动物 偶
134,东巴面偶,代表作,《大祭风木牌画画 稿》
134,东巴面偶,代表作,《大祭风仪式中 各种设置物的做法及仪式规程》
134,东巴面偶,艺术风格 特点,随性
134,东巴面 偶,艺术风格特点,率真
134,东巴面偶,艺术风格特点,稚拙
134,东 巴面偶,艺术风格特点,淳真
134,东巴面偶,艺术风格特点,可爱
134,东巴面偶,艺术风格 特点,抽象中见形象
134,东 巴面偶,艺术风格特点,庄严中带俏皮
134,东巴 面偶,造型特征,圆柱体
134,东巴面偶,造型特征,简化下半身
134,东 巴面偶,造型特征,突出上半身和面部神态
134,东巴面偶,反映观念,万物有灵
134,东巴面 偶,受影响因素,藏族 苯教
134,东巴面偶,研究价值领域,藏彝走廊 民族关系
134,东巴面偶,研究价值领域,文化融合发展
134,东 巴面偶,具有价值,审美价值
134,东巴面偶,具有价值,艺术价值
134,东 巴面偶,具有价值,文化价值
134,东巴面偶,具有价值,学术研究价值
134,东 巴面偶,作用,维持东巴仪式的存活空间
134,东 巴面偶,作用,维持东巴仪式的意义
134,东巴面 偶,入选项目,云南省 第四批省级非物质文化遗产代表性项目 名录
134,东巴面偶,项目 代表性传承人,和桂华
135,南涧彝 族打歌,风格分类,无量山系彝族 打歌
135,南涧彝族打歌,风格分类,哀牢山系 彝族打歌
135,南涧彝族打歌,风格分类,无量山 镇红星彝族打歌
135,无量山系彝 族打歌,地理位置,南涧县西北部
135,无量山系彝族打 歌,包括区域,小湾 东镇
135,无 量山系彝族打歌,包括区域,碧溪乡
135,无量山系 彝族打歌,包括区域,乐秋乡
135,无量山系彝族打 歌,包括区域,拥翠 乡
135,无量 山系彝族打歌,突出特点,上耸下踏 的竖向运动风格
135,无量山系彝 族打歌,主要套路,喜鹊蹲窝
135,无量山系彝 族打歌,主要套路,苍蝇蹉脚踏步
135,无量山系彝 族打歌,主要套路,两翻两转跳步
135,无量山 系彝族打歌,主要 套路,两翻两转三 翻三转退歌
135,无量山系彝 族打歌,主要套路,一步转通
135,哀牢山系彝族 打歌,地理位置,南 涧县东南部
135,哀牢山系彝族打 歌,包括区域,无量 山镇
135,哀牢山系彝族打歌,包括区域,宝华镇
135,哀牢 山系彝族打歌,包括 区域,南涧镇部分地区
135,哀牢山 系彝族打歌,特点,曲调优美
135,哀牢山系彝 族打歌,舞者姿态,连臂踏歌姿态
135,哀牢山 系彝族打歌,运动 风格,前后左右横向运动
135,哀牢山 系彝族打歌,舞蹈 队形特点,紧密团结的整体 力量感
135,哀牢山系彝族打歌,主要套路,攒歌
135,哀牢 山系彝族打歌,主要套路,二步行走式
135,哀牢 山系彝族打歌,主要套路,六步行走式
135,哀牢 山系彝族打歌,主要套路,三步颤动式
135,哀牢山 系彝族打歌,主要 套路,板桥翻半翻
135,哀牢 山系彝族打歌,主要套路,三翻全翻
135,哀牢 山系彝族打歌,主要套路,正喜歌
135,哀牢山 系彝族打歌,主要 套路,三跺脚
135,无量山镇 红星彝族打歌,主要 舞蹈动律,双膝带动 身体做屈伸运动
135,无量山镇红星 彝族打歌,主要舞蹈 套路,老鸹歌
135,无量山镇 红星彝族打歌,主要 舞蹈套路,正喜歌
135,无量山 镇红星彝族打歌,主要舞蹈套路,歌利得
135,无量 山镇红星彝族打歌,主要舞蹈套路,直歌
135,无量 山镇红星彝族打歌,主要舞蹈套路,弯脚 歌
135,南 涧彝族打歌,伴奏 乐器,竹笛
135,南涧彝族打 歌,伴奏乐器,葫芦 笙
135,南 涧彝族打歌,伴奏 乐器,小三弦
135,南涧彝族打 歌,伴奏乐器,大三 弦
135,竹 笛,类型,高音笛
135,竹笛,角色,领奏乐器
135,葫芦笙,类型,五管笙
135,葫芦笙,细分种类,大葫芦 笙
135,葫芦 笙,细分种类,小 葫芦笙
135,伴奏者,身份,领 舞者
135,伴奏者,掌控内容,节奏
135,伴奏 者,掌控内容,情绪 气氛
135,南 涧县,活动场合,年节喜庆
135,南涧县,活动场合,婚丧嫁娶
135,南涧县,活动场合,山会庙 会
135,南 涧县各乡镇彝族,习俗,打歌
135,二月八过小年,特点,打歌场面最为 盛大
135,南 涧彝族打歌,入选 项目,云南省第四批省级非 物质文化遗产代表性项目名录扩展项目名录
135,南涧 彝族打歌,项目代表性 传承人,鲁国花
136,南楞田 村,位于,云南省临沧 市临翔区南美 拉祜族乡南美村委会
136,南楞田 村,民族构成,拉 祜族
136,保护 区,东面环山,山村
136,保护 区,西面环山,山村
136,保护区,北面环山,山村
136,村子,地形特征,字形谷地
136,村中,流经河流,南美河
136,森林覆盖率,达到以上,云南松/ 麻栗树/水冬瓜/多 依树/木莲/杜鹃/ 野茶花/橄榄树/西南 桦/龙竹/金竹/ 黑竹/泡竹
136,珍稀树种,包括,桫椤
136,珍稀树种,包括,红椿 木
136,珍稀 树种,包括,樟木
136,珍稀树种,包括,柏木
136,珍稀树种,包括,铁杉
136,珍稀树种,包括,野生 古茶树
136,南楞田村,身份 认定,云南省文化传承示范村
136,南楞 田村,列入项目,云南省文物保护建设项目
136,南楞田村,列入名录,全国具有重要保护 价值的传统村落名录
136,居民建筑,主要类型,传统木结构干栏式 木掌楼
136,居民建筑,兼有样式,汉式平房
136,民居特点,保留元素,茅草屋顶
136,村民信仰 体系,包含对象,天神
136,村民信仰 体系,包含对象,地 神
136,村民 信仰体系,包含对象,山神
136,村民信仰体系,包含对象,水神
136,村民信仰体系,包含对象,树神
136,婚礼习俗特色,新娘 行为,剃光头
136,婚礼仪式环节,演唱曲目,拉祜族 叙事民歌古本调
136,婚礼仪式环节,活动形式,集体打歌 通宵达旦
136,传统文化要素,保留内容,传统饮食习俗
136,传统文化要素,保留内容,建房习俗
136,传统文化要素,保留 内容,居住风俗
136,传统文化要素,保留 内容,丧俗
136,传统节日列表,包括 节日,扩节春节
136,传统节日列表,包括节日,土主节
136,传统节日列表,包括节日,芭蕉节 祭日
136,传统节日列表,包括节日,搭桥节毛稗魂
136,传统节日列表,包括节日,尝新米节
136,传统节日 列表,包括节日,叫魂 节
136,传统 节日列表,包括节日,拿 鱼节
136,民间文学作品,代表作品,《 古本》
136,民间文学作品,代表作品,《阿加烈》
136,民间文学作品,代表 作品,《穷人》
136,民间文学作品,代表 作品,《岩加另》
136,传统音乐形式,包括类型,山歌
136,传统音乐形式,包括类型,小调
136,传统音乐形式,包括类型,芦笙吹 奏
136,传统 音乐形式,包括类型,牛 腿琴弹奏
136,传统舞蹈种类,包括类型,打歌
136,传统舞蹈种类,包括类型,拉祜族芦笙舞
136,芦笙舞 整理成果,套数数量,多套组合
136,传统技艺范畴,包括项目,纺织
136,传统技艺范畴,包括项目,服饰制作
136,传统技艺范畴,包括项目,酿酒
136,传统技艺范畴,包括项目,竹编
136,传统技艺范畴,包括项目,铁器制作
136,传统技艺范畴,包括项目,牛腿琴制作
136,传统技艺范畴,包括 项目,拉祜族民居 营造
136,传统 技艺范畴,包括项目,拉 祜族饮食
136,民间体育活动,包括项目,打陀螺
136,民间体育活动,包括项目,射弩
136,传统文化体系,包含内容,传统民间医药
136,服饰文化特征,地域地位,临沧市拉 祜族服饰保留最完整村寨
136,民族文化地位,属性描述,原始的 拉祜族聚居地
136,习俗传承评价,特点说明,民族风情、 习俗传承最为完整
136,非遗项目入选,名称 条目,南楞田村拉 祜族传统文化生态保护区
136,非遗项目级别,认定批次,云南省第四批省级 非物质文化遗产代表性项目名录
137,景东彝 族女子,服饰装饰,剌 绣品
137,服装,制作 材料,彝族女子精心绣 制的各种剌绣品
137,整体颜色,特征,十分艳丽
137,图案,制作 流程,先绣在布料上 然后再镶在衣服上
137,彝族女子盛 装,包括,包头、 上衣、披肩、围腰、 腰带、裤子等件套
137,彝族女子 盛装,配饰,银饰和彩珠
137,刺绣服饰,类型,婚服和便装
137,当地 彝族少女,学习内容,织布和剌绣
137,当地彝族 少女,起始年龄,七八 岁
137,婚服,用途,去世时作寿衣用
137,婚服 保存,文化体现,彝 族婚丧文化
137,绣法,包括,挑、绣、补、 纳、扣、单面挑、 双面绣等
137,绣花种类,包括,排花、栽花、 穿花、贴花、锁花 、盘花、滚花、补 花、刺花、纳花、 纤花、平绣、链子 扣、镂空、打字花、 扣花、切针等
137,绣制 过程,步骤,把布料 放在绣花箍上绷紧固定
137,图案设计,主题元素,牡丹、鸳鸯、花草、龙凤 等传统图案
137,针法使用方式,特点,多种针法交叉 使用
137,配色主色,颜色,红、白、黑
137,配色辅 色,颜色,其他色调
137,绣制图案,特点,精致、精巧、均衡色彩绚丽
137,刺绣 产品,包括,围腰、 披肩、绣花鞋、文 帐头、壁包、包头 、头饰品、领带、童 帽、伞套、桌布、 窗帘、壁挂、信插、 背包、挎包、钱包、腰 包、小手袋等
137,年景 东彝族刺绣,入选项目,云南省第三批省级非物质 文化遗产代表性项目名录扩展项目名录
137,项目 代表性传承人,人物,鲁桂枝
137,项目代表性传承人,人物,李海仙
138,昆湖牌 拓东甜酱油,始创于,永香斋
138,拓东甜 酱油,选用原料,云南 玉溪华宁县青龙镇出产 的黄豆
138,黄豆,处理方式,洗净入 锅急火猛煮到烂停 火焖至透熟成糊
138,糊状黄豆,成型方式,做成饼状
138,豆饼,放置材料,朽稻草编 成的草席
138,豆饼,覆盖材料,同样的朽草席
138,豆饼,存放环境,阴凉处
138,豆饼,制曲过程,长霉
138,长霉的豆饼,入 缸添加物,凉开水
138,日晒夜 露阶段,容器类型,缸
138,日 晒夜露阶段,覆盖物,竹篷
138,发酵过程,特征变化,颜色变深与汁水 分离
138,第一次 搅拌触发条件,酱糊颜色 变深且从缸底浮起 ) 14. (第二次搅拌 触发条件,酱糊颜色发 红表面有硬结
138,制作周期,时长,半年
138,新酱,调配要求,掺兑三年以上的老酱基
138,熬油 环节,关键地位,制作 甜酱油最关键的环节
138,熬制材料,包括,八角
138,熬制材料,包括,茴 香籽
138,浓度提升剂,使用物质,大米酿成的饴糖
138,颜色调制剂,使用物质,炒糊的 糖
138,甜 香增强剂,使用物质,红糖
138,成品特性,外观颜色,黑褐色
138,成品特性,质地状态,清亮无杂质
138,成品特性,香气特征,浓郁的豆酱清香
138,成品口感,味道特点,咸甜可口
138,配套美食,包括,豆花米线
138,配套美食,包括,卤面
138,配套美食,包括,凉白肉
138,配套美食,包括,牛凉片
138,拓东甜酱油酿造技艺,入选名录,云南省第四 批省级非物质文化遗产代表性项目名录
139,洱源县,被命名为,中国民间文化艺术 白族唢呐之乡
139,白族唢 呐,应用于,生产劳动
139,白族唢 呐,应用于,婚丧 喜庆
139,白族 唢呐,应用于,戏剧 舞台
139,白族 唢呐,应用于,民间 风俗社火集会
139,白族唢呐,应用于,宗教礼仪
139,白族唢呐吹打乐,是伴奏音乐,吹 吹腔
139,白 族唢呐吹打乐,是伴奏音乐,白剧
139,洱源白族 唢呐,与不同,汉族唢呐
139,洱源白族唢呐,木管背面特征,无 音孔
139,洱源白族唢呐,正面特征,七孔
139,洱源白族 唢呐,采用方法,借音吹奏法
139,洱源白族唢 呐,换气方式,左右腮帮交替进行
139,洱源白族唢 呐,演奏特点,边 走边吹
139,洱源白族唢呐,簧片特点,短而 较硬
139,洱源白族唢呐,低音特点,浑厚、稳健
139,洱源 白族唢呐,高音特点,高亢、明亮
139,洱源白族 唢呐,音域特点,宽广
139,洱源白族唢呐,喜用音程,跳进 音程
139,洱源白族唢呐,风格特点,粗犷、豪 放
139,洱 源白族唢呐乐曲,使用调式以...居多,徵调式、羽调式
139,洱源白 族唢呐乐曲,使用调 式次之,商调式 、角调式
139,洱源白族唢呐 乐曲结构,构成方式之一,上下乐句构成乐段
139,洱源白 族唢呐乐曲结构,构成 方式之二,单乐句 反复构成的乐段
139,洱源白族唢呐 乐曲结构,构成方式之三,四个乐句构成的乐段
139,洱源 白族唢呐乐曲发展,手法较多,变奏手法
139,洱源白 族唢呐,普及程度,十分普及
139,洱源白族唢呐,传统曲目数量,极为丰富
139,洱源 白族唢呐,区分表达,喜庆、祭祀、哀伤 等各种情绪
139,洱源白族唢呐,在活动中有专用曲目,每个 程序都有专用的曲目
139,白族唢呐吹 打乐,用于伴奏,白剧
139,白族唢呐吹打乐,用于伴奏,白族吹 吹腔
139,白族唢呐吹打乐,用于伴奏,白族民 歌
139,唢 呐,在白族生产生活中 的地位,不可取代
139,红白喜事,使用乐器,唢呐
139,逢年过 节,活动内容,吹 唢呐
139,平时心情好坏,表达方式,用唢呐去表达
139,洱源白族 唢呐乐,入选名录,云南省第四批省级非物质文化遗产 代表性项目名录扩展项目名录
139,项目代表性传承人,包括,李家福
139,项目代表性传承人,包括,毛六凡
140,月琴弦 子制作技艺,主要流传于,阿舍乡巨美 村
140,阿 舍乡巨美村村民,民族,壮族
140,彝族男子赶集或 集会,携带物品,壮 族艺人做的弦子
140,月琴弦子,使用材料,泡桐
140,月琴弦子制作 工具,包括,刀
140,月琴弦子制作 工具,包括,锯
140,月琴弦子制作 工具,包括,刨
140,月琴弦子制作 工具,包括,钻
140,月琴弦子制作 工具,包括,锤
140,月琴弦子 制作工具,包括,凿子
140,月琴 弦子制作工具,包括,剪刀
140,月 琴弦子制作工具,包括,斧子
140,月琴弦子部件连接方式,采用,榫卯结构
140,月琴 弦子部件连接方式,采用,胶水黏接
140,月琴弦子制作 工艺流程,包括,选料伐 木
140,月 琴弦子制作工艺流程,包括,晒干
140,月琴弦子制作工艺流程,包括,解板
140,月琴弦子制作 工艺流程,包括,推平
140,月琴弦 子制作工艺流程,包括,压 板
140,月 琴弦子制作工艺流程,包括,合拼材料
140,月琴弦子制作工艺流程,包括,雕刻
140,月琴弦子品种,包括,龙头弦
140,月琴弦子 品种,包括,马头弦
140,月琴 弦子品种,包括,蚂 螂头弦
140,月琴弦子品种,包括,平头弦
140,月琴弦子,具有特点,浓郁的民族特色
140,月琴 弦子,具有特点,地方特点
140,月琴弦子音色,描述 为,清脆
140,月琴弦子共鸣,描述为,纯正
140,月琴弦子 音域,描述为,宽广
140,月 琴弦子感染力,描述 为,强
140,砚山县弦子,象征意义,民族团结
140,砚山县弦子,对彝族人意义,希望
140,砚山县 弦子,体现,壮 族人智慧结晶
140,月琴弦子制作技艺,入选名录,云南省级非 物质文化遗产代表性项目名录扩展项目名录
140,月琴 弦子制作技艺,代表性传承 人,江永富
141,漾濞县,拥有文化遗产,彝族打 歌
141,苍山西坡岩画,描绘内容,打歌 /狩猎/祭祀场景
141,彝族打歌,性质,民间舞蹈
141,彝族 打歌,功能,迎 客仪式
141,客人到访时,活动 形式,献美酒并邀 跳额克舞
141,每年农历正月初二、 十三和三月十九,举办地点,鸡街乡菜白村 、达村
141,庙会活动,主要 环节,夜间篝火打歌 对调子至天明
141,参与庙会 打歌,信仰目的,获神灵保佑六畜兴旺五谷 丰登
141,庙会,社会功能,青年男女社交场所
141,彝族打 歌,伴奏乐器,笛 子和葫芦笙
141,舞蹈动力点,包括部位,大小腿部/腰部 /肩部
141,主要舞蹈套路,包含动作,大三步/原 地踢脚/左右三步/前 三步后三步/退四步转身 /踏两步转身/大三步转身
141,男装特点,服饰元素,白对襟衣/黑色绣花 边马褂/黑或深蓝 长裤/黑布鞋
141,女装特点,装饰工艺,手工刺绣 图案与银饰点缀
141,女装配饰,特定物品,绣花 围腰
141,打歌活动,音乐 配合方式,根据吹奏节拍 调子转变动作
141,打歌过程中,文化表达形式,山歌 小调对唱
141,漾濞县彝 族打歌,入选名录,云南省第四批省级非物质文化遗产 扩展项目
141,项目代表性传承人,姓名,常泽香
141,项目代表性 传承人,姓名,吴 富海
141,表演名称,具体实例,漾濞鸡街彝族 打歌表演
142,云县彝 族朝山会,流传地区,云县境内彝族 聚居山寨
142,云县彝族朝山会,主要参与族群,土 俚人
142,云 县彝族朝山会,主要参与族群,香堂人
142,云县彝 族朝山会,主要参与 族群,俐侎人
142,云县彝 族朝山会,涉及乡镇,茂兰
142,云县彝族朝山会,涉及乡镇,漫湾
142,云县彝 族朝山会,涉及乡镇,忙怀
142,云县彝族朝山会,涉及乡镇,后箐
142,云县彝 族朝山会,涉及乡镇,栗树
142,云县彝族朝山 会,涉及乡镇,大 朝山
142,云县彝族朝山会,祭祀对象,老君山 神
142,云 县彝族朝山会,祭祀对象,石神
142,云县彝族 朝山会,祭祀对象,水神
142,云县彝族朝山会,祭祀对象,龙王
142,云县 彝族朝山会,祭祀 对象,猎神
142,云县彝族朝 山会,祭祀对象,土地公公
142,云县彝族朝山会,伴奏乐器,芦笙
142,云县彝 族朝山会,伴奏乐器,竹箫
142,云县彝族朝山 会,伴奏乐器,三 弦
142,云 县彝族朝山会,活动形式,打歌唱调
142,云县彝 族朝山会,入选名录,云南省第四批省级非物质 文化遗产代表性项目名录
142,云县彝族朝山 会,项目代表性传承人,字国祥
143,云县彝 族香堂人,文化形式,打歌
143,打歌,实际含义,又跳又 唱
143,云县彝族每个村寨,拥有数量,几十种打 歌套路
143,打歌起源传说一,内容描述,狩猎之时百鸟 传艺箐鸡摆尾说
143,打歌 起源传说二,内容描述,部落之争时摆迷魂阵 的阿苏、阿赛说
143,打歌 起源传说三,内容描述,为夜里驱寒的围火 转圈说
143,打歌主要形式,包括 动作,拉手或甩手 、围圈、逆时针方向 转动
143,少数舞蹈方向,转动方式,顺时针方向转动
143,打歌特点,表现形式,有歌必 舞、有舞必歌且唱 且舞
143,模拟鸟兽动作类型,示例,黄鼠狼掏 蜂子
143,模拟鸟兽动作类型,示例,苍蝇搓脚
143,模拟 鸟兽动作类型,示例,小黄牛蹽疯
143,模拟劳作动作类型,示例,栽秧歌
143,模拟劳作动作类型,示例,搬篱笆 桩
143,模拟劳作动作类型,示例,磨面歌
143,反映日常生活状态 类型,示例,穿花 歌
143,反映日常生活状态类型,示例,送晌午
143,反映日常生活状态 类型,示例,踢屁股 歌
143,打歌功能,分类,自娱
143,打歌功能,分类,祭祀
143,打歌功能,分类,教化
143,打歌功能,分类,表演
143,打歌 动作特征,描述,屈 膝张弛
143,打歌动作特征,描述,重拍向下
143,打 歌动作特征,描述,跑跳结合
143,打歌动作特征,描述,左轻右重 踏
143,打歌动作特征,描述,跺胜于翻
143,打歌 动作特征,描述,转 跺脚几乎全掌落地
143,伴奏乐器,包括,大小芦笙
143,伴奏 乐器,包括,竹箫
143,伴奏 乐器,包括,笛子
143,伴奏 乐器,包括,三弦
143,伴奏 乐器,包括,竹鼓
143,伴奏 乐器,包括,响篾
143,伴奏 乐器,包括,唢呐
143,音乐 节拍特点,强弱规律,左弱右强
143,固定步伐组合,类型,三步一跺
143,固定步伐组合,类型,三步一转
143,固定步伐组合,类型,三步一抬
143,打歌,传递内容,彝族 香堂人历史文化信息
143,打歌,具有特色,地域和民族 特色
143,打歌,风格特点,欢快活泼
143,打歌,技术 特点,技巧性强
143,打歌,气息特征,浓郁的生活气息
143,传承人,姓名,杨 天龙
143,传承人,姓名,布正昌
143,云县彝族 打歌,入选项目,云南省第三批省级非物质文化遗产代表性 项目名录扩展项目名录
144,磨皮大 寨小组,位于,云南省玉 溪市新平彝族 傣族自治县平甸乡磨皮 村委会
144,村民,民族,彝族
144,村民,支系,山苏支系
144,保护区,紧 邻,磨盘山国家森林公园
144,保护区,具有资源,森林资源
144,保护区,具有资源,草场资源
144,保护区植被,以...为主,高山常 绿阔叶树种
144,保护区,包含竹类,巨龙竹
144,保护区,包含竹 类,白竹
144,保护区,包含 竹类,刺竹
144,保护区,包含竹类,凤尾竹
144,保护区,包含竹类,苦 竹
144,保护 区,包含竹类,甜竹
144,保护区,拥有资源,中草药
144,村 旁植被覆盖率,达,以上
144,彝 族土木结构传统民居,保存情况,较好
144,传统民居类型,包括,土掌房
144,土掌房,占民居建筑总数比例,
144,聚落 格局,保持,传统风貌
144,崇拜对象,包括,山神
144,崇拜对象,包括,树神
144,崇拜对象,包括,天神
144,崇拜 对象,包括,水神
144,建房习俗,保存状态,完整
144,婚庆习俗,保存状态,完整
144,丧葬习俗,保存状态,完整
144,传统节日,包括,春节
144,传统节日,包括,祭龙节
144,传统节日,包括,吃 花酒
144,传统节日,包括,火把 节
144,祭 龙节,特点,最为 盛大、最有特色
144,省级非遗代表性项目名录,项目名称,花鼓舞
144,花鼓舞,主要流传地,磨皮 大寨小组
144,非物质文化遗产,包括,三弦舞
144,非物质文化遗产,包括,四弦舞
144,非物质文化遗产,包括,花鼓制作
144,非物质文化遗产,包括,打陀螺
144,非物质文化遗产,包括,彝文古籍
144,各级政府,投入保护资金对象,花鼓舞
144,平甸乡政府,设立机构,磨皮小学花 鼓舞传习基地
144,平甸乡政府,设立机构,磨皮花鼓舞 传习所
144,平甸乡政府,组织开展 活动,花鼓舞进校园
144,平甸乡 政府,组织开展活动,艺人 传艺活动
144,民众,对文化认同度,高
144,民众,参与行为,自觉积极地参与非物质文化遗产的保护 和传承
144,磨皮大寨村彝族传统文化 生态保护区,入选名录,云南省第四批省级非物质文化遗产代表性 项目名录
144,项目代表性传承人,包括,易学昌
144,项目代表性传承人,包括,易成英
145,永子,产地,保山
145,保山,古称,永昌府
145,永子,别名,永棋
145,永子,材质,天然玉石
145,永子,特性,温润如玉
145,永子,特性,异常坚硬
145,永子,地位,棋 中圣品
145,永子,受青睐群体,达官显贵
145,永子,受青睐 群体,文士骚客
145,永子,用途,皇室贡品
145,永子,荣誉,国宝
145,永子,原料,天然玛瑙
145,永子,原料,玉石
145,永子,原料,琥珀
145,永子,质地描述,细糯如玉
145,永子,触感,入手圆润
145,永子,温度特性,冬温夏凉
145,永子,物理特性,不易破碎
145,永子,化学稳定性,不会风化
145,永子,功能,长期使用
145,永子,功能,收藏
145,永子制作工艺,步骤,选料
145,永子制作工艺,步骤,破碎
145,永子制作工艺,步骤,研磨
145,永子制作工艺,步骤,配料
145,永子制作工艺,步骤,焦煤窑熔 炼
145,永 子制作工艺,步骤,手工滴制
145,永子制作工艺,步骤,冷却
145,永子制作工艺,步骤,打磨
145,永子制作工艺,步骤,漂洗
145,永子制作工艺,步骤,晾晒
145,永子制作工艺,步骤,拣选
145,永子制作工艺,步骤,包装成品
145,永子甲 天下原因,因素一,原料珍贵
145,永子甲天下原因,因素 二,制作工艺独特
145,永子甲天下 原因,因素三,品质 极佳
145,中国传统文化 精髓,包含项目,琴
145,中国传统文化精髓,包含项目,棋
145,中国传统文化精髓,包含项目,书
145,中国传统文化精髓,包含项目,画
145,围棋,属性,国粹之一
145,永子,文化定位,中华民族传统文化中的瑰宝
145,永子,承载历史时长,五百多年
145,永子,关联地区文化,保 山历史文化
145,永子,象征意义,保山人文明和智慧的结晶
145,云南围棋 子永子制作技艺,入选 批次,中国第五批国家级非 物质文化遗产代表性项目名录
145,云南围棋子永子 制作技艺,代表性传承人,李国伟
146,傣族果 雕,属于,傣族民间 美术
146,傣族果雕,伴随,佛事活动
146,傣族果雕,伴随,丧葬习俗
146,傣族果雕,原料选用,西瓜
146,傣族果雕,原料选用,南瓜
146,傣族果雕,原料选用,萝卜
146,傣族果雕,原料选用,柚子
146,傣族果雕,原料选用,葫芦
146,傣族果雕,原料选用,黄瓜
146,傣族果雕,原料选用,地瓜
146,傣族 果雕,原料选用,木瓜
146,傣 族果雕,原料选用,苹果
146,傣族果雕,原料选用,梨
146,傣族果雕,原料 选用,鲜花
146,傣族果雕,工具使用,小刀
146,傣族果雕,雕刻图案类型,花卉
146,傣族 果雕,刀法效果类似,剪纸
146,傣族果雕,技法 包括,上下组合法
146,傣族果雕,技法包括,花瓶 造型组合法
146,傣族果雕,技法 包括,层层翻卷法
146,傣族果 雕,技法包括,镂 空组合法
146,傣族果雕,技法 包括,切片重叠造型法
146,傣族果 雕,艺人性别比例,女性居多
146,傣族果雕,主料 类型,一种水果
146,傣族果雕,辅料包括,绿叶
146,傣族果雕,辅料包括,鲜花
146,傣族果 雕,辅料包括,糯米 花串
146,傣族果雕,所刻 图案主题,花
146,傣族果雕,所刻图案主题,叶
146,傣族 果雕,所刻图案主题,佛
146,傣族果雕,所 刻图案主题,鸟
146,傣族果雕,刻纹类型,平行 斜线
146,傣族果雕,刻纹 类型,弧形锯齿纹
146,傣族果 雕,刻纹类型,圆环纹
146,傣族果雕,刻 纹类型,凹凸曲线
146,傣族果雕,代表作,《南瓜花》
146,傣族 果雕,代表作,《萝卜 花》
146,傣族果雕,代表作,《孔雀》
146,傣族果雕,寄托 情感,对佛的虔诚
146,傣族果 雕,寄托情感,对 美好生活的向往
146,傣族果雕,反映 内容,审美情趣
146,傣族果雕,显示特质,聪明智慧
146,傣族果 雕,显示特质,非凡 的艺术才能
146,傣族果雕,显示特质,丰富的想象力
146,傣族果雕,入选项目,云南省第四批省级 非物质文化遗产代表性项目名录
146,傣族果雕,项目代表性传承人,喊乖
147,开远洞 经音乐,传入时间,清代 康熙年间
147,开远洞经音乐,俗称,长联乐谱
147,主乐章,组成结构,九板 十三腔
147,九 板,定义,九个 锣鼓打头
147,十三腔,包含曲牌,《香赞》
147,十三腔,包含曲 牌,《慨古今》
147,十三腔,包含 曲牌,《大腔》
147,十三腔,包含曲牌,《甘州歌 》
147,十三腔,包含曲牌,《懒 画眉》
147,十三腔,包含曲牌,《玉兰曲》
147,十三腔,包含 曲牌,《挂经索》
147,十三腔,包含曲牌,《铛 子腔》
147,十三腔,包含曲牌,《赞圣号》
147,演奏者分工,角色,主祭生
147,演奏者分工,角色,司乐生
147,主祭 生,职责,洞经 主持
147,司 乐生,职责,洞 经音乐乐师
147,乐队规模,人数,十人左右
147,乐师座位安排,左排乐器,鼓、锣 、镲、钹、碰铃、 磬
147,乐 师座位安排,右排乐器,木鱼、二胡、 三弦、琵琶、箫、竹 笛、板胡
147,演奏场合,主要活动,当地大小庙会
147,重要演出日期,包括,正月初五
147,重要演出日期,包括,正月初十
147,重要演出日期,包括,十月初十至十五
147,大会特征,服饰要求,长袍 马褂
147,大会特征,环境氛围,庙堂灯烛交辉
147,大会特征,环境氛围,仪式隆重
147,大会特征,环境氛围,气氛肃穆
147,大会特征,环境氛围,香烟缭绕
147,演奏风格,特点,温文尔 雅的风度
147,演奏效果,描述,众乐齐鸣悠扬动听
147,常规演出 安排,其他月份日期,初一、十五
147,荣誉认定,入选名录,云南省第四批省级非物质文化遗产 代表性项目名录扩展项目名录
147,项目代表性传承人,姓名,何正昆
148,云州唢 呐乐,属于,民族传统 器乐中的吹管器 乐
148,云 州唢呐乐,流传于,云南省临沧市云县 各个地区
148,云 州唢呐乐,分布在,彝族土俚人聚居 地
148,云州 唢呐乐,分布在,香堂人聚居地
148,云州唢呐乐,分布在,俐侎人 聚 居地
148,云州 唢呐乐,分布在,布朗族聚居地
148,云州唢 呐乐,分布在,拉 祜族聚居地
148,云州唢呐乐,分布在,山区汉族聚居 地
148,云州 鼓吹,存续时间,数百 年
148,《 云县志》,记载,婚礼仪从为旌旗鼓 乐
148,云 州鼓吹,主要特征,乐队主次分明吹打结合
148,云州鼓吹,主要吹管乐器,唢呐
148,云州唢呐乐,以 ...为主奏,小号唢 呐
148,云 州唢呐乐,辅以,大筒
148,云州唢呐乐,辅以,长号
148,云州唢 呐乐,形成合奏形式,每逢节日庆典、婚丧 嫁娶时吹奏
148,云州唢呐乐,根据不同内容、不同场合的需要 分成,礼乐
148,云州唢呐乐,根据不同内容、不同场合的需要 分成,祭乐
148,云州唢呐乐,根据不同内容、不同场合的需要 分成,歌舞乐
148,各民族,保留 着的鼓吹班,每个班 少则人、人多则几十人 上百人
148,哨街彝族土俚人鼓吹 班,在澜沧江啤酒 狂欢节上,有人同时合 奏过
148,云州唢呐乐,有 曲调类型包括,庆贺 调
148,云 州唢呐乐,有曲 调类型包括,喜事调
148,云州 唢呐乐,有曲调 类型包括,打歌调
148,云州唢 呐乐,有曲调类型 包括,白事调
148,云县文化馆,收集整理多首曲调 时间范围,年至年
148,云县文化部门,补充整理了首曲调 时间范围,年
148,马思聪,以...为音乐元素创作了中国 第一组交响音乐《山林之 歌》,云县大寨 彝族鼓吹乐打歌调
148,云州唢 呐乐文化习俗,对增进 作用对象,民族情感
148,云州唢呐 乐文化习俗,对深化作用 对象,各民族的认同感
148,云州 唢呐乐,入选项目名录,云南省第四批省级非物质 文化遗产代表性项目名录
148,云州唢呐乐,项目代表性传承人是,布 正昌
149,普洱市,是,普洱茶的原产地和 集散地
149,普洱祭茶祖 仪式,源于,普洱 市哈尼、彝、傣、 佤、拉祜、布朗等世 居民族发现、利用、驯化 、种植和经营茶的活动
149,普洱祭茶祖 仪式,表现了,茶 乡人民视茶为神、敬 茶为祖的原始崇拜
149,普洱祭茶祖 仪式,有不同称谓,祭茶树王、祭茶祖 、祭茶神、茶祖会 等
149,普洱 祭茶祖仪式,以... 为单位,村寨或部族
149,普洱祭茶 祖仪式,一般择时举行,春分前吉日或 春节期间或与祭竜同时
149,普洱祭茶祖 仪式,由...主持,寨老、乡村领导、摩巴 、摩匹、白母、香 通、竜头等
149,普洱祭茶祖仪式,程序大体包括,祭 师拈香念咒语清扫场地 请众神敬香、敬三 牲群众有序敬香、献供 品祭师唱祈祷歌全场歌舞 野餐聚会
149,普洱市委市政府,举办,第七届中国普洱茶节
149,普洱市委市政府,决定 将...进行集中、组合、整理 举办大型的普洱祭茶祖 仪式,流行于各地的各 民族民间祭茶祖仪式
149,大型的普洱 祭茶祖仪式,成为,每届茶节的活动内容之一
149,大型的 普洱祭茶祖仪式,固定程序为,开坛请 茶祖祭师诵祭词各族 各界敬茶祖万民娱茶 祖
149,普 洱市的各族人民,伴 ...而生随...而发展,茶
149,普 洱市的各族人民,在 民间每年举行,不同形式的祭祀 茶祖活动
149,普洱市的各族人民举行 祭祀茶祖活动,以表达,与大自然共生共荣的 质朴情感和对美好生活的祈愿
149,祭祀茶 祖,这一传统习俗得以代 代相传,因普洱市 的各族人民伴茶而生随茶 的兴盛而发展
149,普洱祭茶祖仪式,历史悠久独具特色表现了,朴素的生态发展观
149,普洱祭茶 祖习俗,入选,云南省 第三批省级非物质文化遗产代表性项目 名录
149,普 洱祭茶祖习俗,项目 代表性传承人是,张学才 、苏国文
150,金平县 老集寨乡,居住着,阿鲁人
150,阿卑,译成汉语,姑娘
150,阿卑节,主要内容,民间祭祀
150,阿卑节,别 称,姑娘节
150,每年农历三月二十七日属 牛日,活动主体,阿鲁男人
150,阿鲁男人,聚集祭祀,寨神树
150,阿鲁男人,祈求,神灵保佑、吉祥平安
150,姑娘媳妇们,放下劳作,身着盛装唱歌 跳舞吹木叶
150,家中男人,为她们缝,新衣服
150,家中男人,为她们 绣,花腰带
150,家中男人,备 办,米酒
150,家中男人,杀 鸡宰牛,无
150,家中男人,沿续特殊礼仪习俗,晚上 为女人洗脚
150,阿鲁人,进行,荡秋千
150,阿鲁人,进行,打磨秋
150,阿鲁人,进行,背确斗
150,阿鲁人,进行,射弩
150,阿鲁人,开展,游茶山
150,阿鲁人,开展,对歌
150,阿鲁人,开展,跳舞
150,姑娘小伙们,围着篝火跳起,阿鲁舞
150,阿卑节,是,传统民俗活动
150,阿卑节,与传统 祭祀,融为一体
150,阿卑节,蕴含 着,彝族支系阿 鲁人的精神
150,阿卑节,蕴含着,信仰
150,阿卑节,蕴含着,生产生活
150,阿卑节,蕴含 着,衣食住行
150,阿卑节,具有,广泛的群众参与性
150,阿卑 节,是,具有民族 凝聚力的重要活动
150,阿卑节,是,维系民族精神的重要纽带
150,阿卑节,入选,云南省第三批省级 非物质文化遗产代表性项目名录
150,阿卑节,项目代表性传承人,普 路发
151,屏边苗 族,最具 特色的舞蹈,芦 笙舞
151,芦笙舞,表演场合,娱乐和祭祀 活动场所
151,芦笙舞,地位,占有相当重要的地位
151,人们,切磋 交流舞蹈技艺的时间,农闲 之季
151,芦笙舞,风格特点,洒脱外露、古朴豪 放
151,屏边苗族芦笙舞,表演者性别,男子
151,表演形式,包括动作,一边吹奏 芦笙曲一边缓缓起舞
151,芦笙 舞分类,类型一,娱乐性舞蹈
151,芦笙舞分类,类型二,祭祀性舞蹈
151,娱乐 性舞蹈,具体名称,玩耍舞
151,娱乐性舞蹈,具体 名称,三步舞
151,娱乐性舞蹈,具体名称,舂粑 粑
151,祭祀性舞蹈,使用场景,举行丧事仪式时
151,祭祀 性舞蹈,包含套路,引子开门舞
151,祭祀性舞蹈,包含套路,早饭舞
151,祭祀 性舞蹈,包含套路,午饭舞
151,祭祀性舞蹈,包含 套路,指路舞
151,祭祀性 舞蹈,包含套路,带 路舞
151,祭祀性舞蹈,包含 套路,出殡舞
151,舞者 动作特征,表现方式,随着节奏稳沉慢步起舞
151,舞者动作特征,表现方式,时而转圈
151,舞者动作 特征,表现方式,时而 半跪旋转
151,舞者动作特征,表现方式,时而双腿略 曲作揖叩拜
151,芦笙舞 风格,特点,刚柔 相济
151,芦笙舞风格,特点,舞姿独特
151,芦笙 舞风格,特点,粗 犷豪放
151,芦笙舞表演形式,包括形式,一人独舞
151,芦笙舞表演形式,包括形式,双人对舞
151,芦笙 舞表演形式,包括形式,多人群舞
151,玩耍舞,技巧 动作类型,翻
151,玩耍舞,技巧动作类型,转
151,玩耍 舞,技巧动作类型,滚
151,玩耍舞,技巧动作类型,跳
151,玩耍舞,技巧 动作类型,攻
151,玩耍舞,技巧动作类型,打
151,玩耍 舞,技巧动作类型,让
151,玩耍舞,主要动作,高桩转步
151,玩耍舞,主要动作,矮桩转 步
151,玩耍舞,主要动作,苍蝇搓脚
151,玩耍舞,主要动作,滚牛皮
151,玩耍舞,主要动作,拿酒 喝
151,屏边苗族,文化 习俗,不同节日跳不同风格的 芦笙舞
151,芦笙舞功能,作用,增加节日气氛
151,年 屏边苗族芦笙舞,入选名录,云南省第四批 省级非物质文化遗产代表性项目名录扩展 项目名录
151,项目代表性传承人,姓名,邹家全
152,巍山肉 饵丝,是,特色小吃
152,巍山肉饵丝,属于,早餐
152,肉,意为,烂糊软和的肉
152,南 诏国开国元君细奴 逻,与彝族同胞一起 以打猎为生,传说
152,围猎 时碰到大火烧山,导致 森林里的野猪被烧死,事件
152,众人将烧黄的野猪煮着 吃,结果味道格外香美,做法起源
152,烧制后再烹煮 的做法,流传下来,传统 工艺
152,当地特有的饵丝,搭配食用,形成今日色香味俱全 的肉饵丝
152,制作肉饵丝第一步,选用巍山本地新鲜猪肉 部位包括后腿/前腿/ 五花肉,选材要求
152,肉,在栗炭火上烧至 微焦,处理步骤
152,用淘 米水浸泡反复搓擦至猪肉 皮微黄,清洁处理方法,去污增香
152,放入土锅 注入冷水并加入火腿/筒子 骨/鸡肉等食材同煮,炖煮配料组合) 13. (添加草果 /生姜等调料炖至猪肉软 糯汤汁香浓,调味关键
152,饵丝由巍山黄谷米 蒸熟舂制后切丝而成,原料加工工艺) 15. (饵丝色泽洁白 口感细软甜润不脆不 粘,物理特性描述
152,将饵 丝入锅烫至熟而不烂 时加上炖好的肉汤汁,烹饪关键环节) 17 . (撒上葱花淋上麻 油等佐料盖上肉帽子,成品装饰工序
152,依个人口味添加 辣椒/蒜油/泡菜等,个性化调味方式) 19. (巍山肉 饵丝黄白分明红黄相 映汤白而稠,外观 特征
152,肉肥而不腻瘦肉细嫩 回甜饵丝白而细腻,口感品质评价) 21. (具有温中补 气健脾健胃的良好功效,食疗价值
152,巍山肉饵丝烹 制技艺,入选,云南省 第四批省级非物质文化遗产代表性项目 名录
153,天宝斋,创办者,李海顺
153,李海顺,儿子,李宏民
153,李宏民,儿子,李玉霖
153,天宝斋制墨 技艺,继承者,李宏 民
153,天宝斋制墨技艺,继承者,李玉霖
153,天宝斋 制墨技艺,主要原料,松烟
153,天宝斋制墨技艺,主要原料,油烟
153,天宝 斋制墨技艺,主要原料,胶
153,天宝斋制墨工艺,包括工序,煮胶
153,天 宝斋制墨工艺,包括工序,筛烟
153,天宝斋制 墨工艺,包括工序,和 剂
153,天宝斋制墨工艺,包括工序,蒸剂
153,天宝 斋制墨工艺,包括工序,研磨
153,天宝斋制墨工艺,包括工序,秤剂
153,天 宝斋制墨工艺,包括工序,杵捣
153,天宝斋制 墨工艺,包括工序,丸 杆
153,天宝斋制墨工艺,包括工序,样制
153,天宝 斋制墨工艺,包括工序,修整
153,天宝斋制墨 工艺,包括工序,阴干
153,天宝斋制墨工艺,包括 工序,著色敷彩
153,煮 胶,采用材料,动物 明胶
153,蒸剂,添加材料,松烟
153,蒸剂,添加材料,麝香
153,蒸剂,添加材料,冰片
153,蒸剂,添加材料,金箔
153,蒸剂,添加材料,珍珠粉
153,秤剂,操作方式,等分成数块
153,秤剂,包裹材料,油布
153,秤剂,放置位置,工作台下的火炉旁
153,杵捣,使用工具,铁锤
153,丸杆,操作方式,揉搓墨团成墨 条
153,墨条,成型方式,放入墨模内制压
153,产品,类型,墨条
153,产品,类型,墨槌
153,产品,类型,墨汁
153,品牌,名称,松滋侯
153,品牌,名称,松鹤 春
153,品牌,名称,兰 烟
153,云墨,材料组成,松烟
153,云墨,材料 组成,珍珠
153,云墨,材料组成,玉屑
153,云墨,材料组成,龙脑
153,云墨,特点,丰 肌腻理
153,云墨,特点,光泽如漆
153,天宝斋,企业性质,老字号百年 制墨企业
153,天宝斋,所在地,云南昆明
153,天宝斋 制墨技艺,入选项目,云南省第三批省级非物质文化遗产 代表性项目名录
153,项目代表性传承人,姓名,李玉霖
154,新平彝 族傣族自治县土 锅寨,采用 工具,方形木陶 拍
154,新 平彝族傣族自治县土锅寨,采用工具,鹅卵 石
154,新平 彝族傣族自治县土锅寨,采用工具,竹刮片
154,新平彝 族傣族自治县土锅寨,采用工具,木刀
154,新平彝族傣 族自治县土锅寨,采用工具,小钢刀
154,新平彝族傣族自治县 土锅寨,采用工具,钢锯片
154,新平彝族傣族自治县土 锅寨,采用工具,石板
154,新平 彝族傣族自治县土锅寨,采用工具,木板
154,新平彝族傣 族自治县土锅寨,采用工具,碎布块
154,新平彝族傣 族自治县土锅寨,采用工具,小簸箕
154,新平彝族傣 族自治县土锅寨,原料,当地三种泥土按比例混合
154,新平彝 族傣族自治县土锅寨,工序,取土
154,新平彝族傣 族自治县土锅寨,工序,晒土
154,新平彝族傣族自治县土 锅寨,工序,舂 土
154,新 平彝族傣族自治县土锅寨,工序,筛土
154,新平彝 族傣族自治县土锅寨,工序,加沙和泥
154,新平彝 族傣族自治县土锅寨,工序,制坯
154,新平彝族傣 族自治县土锅寨,工序,晾晒
154,新平彝族傣族自治县土 锅寨,工序,烧 制
154,新 平彝族傣族自治县土锅寨,产品种类,土锅
154,新平 彝族傣族自治县土锅寨,产品种类,水缸
154,新平彝 族傣族自治县土锅寨,产品种类,药罐
154,新平彝族 傣族自治县土锅寨,产品 种类,茶壶
154,新平彝族傣 族自治县土锅寨,产品种类,水杯
154,新平彝族傣族自治县 土锅寨,产品种类,背壶
154,新平彝族傣族自治县土 锅寨,产品种类,土碗
154,新平彝族傣族自治县土锅 寨,产品种类,土 甑子
154,新平彝族傣族自治县土锅 寨,产品种类,花 瓶
154,新 平彝族傣族自治县土锅寨,产品种类,花盆
154,新平 彝族傣族自治县土锅寨,产品种类,工艺品
154,新平彝族 傣族自治县土锅寨,高 产销量产品,土锅
154,新平彝 族傣族自治县土锅寨,传承方式,不传给女儿只 传给儿媳妇
154,新平彝族傣族自治县土 锅寨,从业者,妇女
154,新平 彝族傣族自治县土锅寨,产业规模,家家户 户都会做土陶制品
154,新平彝族 傣族自治县土锅寨,市场 范围,当地市场
154,新平彝族傣 族自治县土锅寨,出口地区,东南亚国家
154,新平彝族傣族自治县 土锅寨,收藏用途,民间工艺品收藏
154,新平彝族傣族自治县 土锅寨,年销售量,一万件以上
154,新平傣族传统制 陶技艺,入选名录,云南省第一批省级非物质文化遗产保护名录
154,新平 傣族传统制陶技艺,代表性传承人,刀拉爱
154,新平 傣族传统制陶技艺,代表性传承人,白绍美
155,曼旦村 傣族传统文化生态保护 区,位于,西双版纳傣 族自治州勐腊县勐腊镇 曼旦村委会曼朗村
155,曼旦村,依山坡而建,国家级自然保护区
155,曼旦村,有集体林地,亩森林保护状况优良
155,曼旦村,种植 方式,原生态种植
155,南朗河,源头,曼旦村
155,曼旦村,传统民居建筑类型,傣 族干栏式民居
155,曼旦村,保留文化形态,章哈
155,曼旦村,保留文化形态,象脚 鼓舞
155,曼旦 村,保留文化形态,武术
155,曼 旦村,保留文化形态,高升
155,曼旦村,保留文化 形态,贝叶经刻写
155,曼旦 村,保留文化形态,雕刻
155,曼 旦村,保留文化形态,传统织锦技艺
155,曼旦村,保留文化形态,传统服装缝 制
155,曼 旦村,保留文化形态,象脚鼓制作
155,曼旦村,保留文化形态,竹编
155,曼旦村,保留文化形态,民间 建筑
155,曼 旦村,保留文化形态,傣医
155,曼旦村,保留文化 形态,传统礼仪
155,曼旦村,保留文化形态,传统傣菜
155,曼旦 村,保留文化形态,节庆习俗
155,曼旦村,入选名录,云南省第三批省级非物质 文化遗产代表性项目名录
155,曼旦村傣族传统文化 生态保护区,项目代表性传承人,波罕丙
155,曼旦村傣族 传统文化生态保护区,项目代表性传承 人,岩涛
156,朴瓦彝 族服饰,所属地区,云南省 红河州
156,朴瓦彝族服饰,组成部分,头饰
156,朴瓦彝族 服饰,组成部分,衣服
156,朴瓦彝族 服饰,组成部分,围腰
156,朴瓦彝 族服饰,组成部分,裤子
156,朴瓦彝 族服饰,组成部分,鞋子
156,朴瓦彝 族服饰,使用场合,节日
156,朴瓦 彝族服饰,使用场合,喜庆场合
156,头冠,颜色特征,红似火
156,头冠,形状特征,扇形
156,头饰,主要材料,红色毛线
156,头饰,主要材料,银泡
156,头饰,结构划分,帽子/帽箍
156,头饰,结构划分,头冠
156,帽子前部,装饰工艺,镶满银 泡
156,帽子 后部,装饰工艺,挂满银泡
156,帽子后部银泡装饰,比喻形象,盛开的 马缨花
156,整套服装,视觉风格,雄壮
156,整套服装,视觉风格,丰满
156,整套服装,视觉风格,热烈
156,整套 服装,视觉风格,华 贵
156,朴 瓦彝族服饰,用料成分,麻布
156,朴瓦彝族服饰,用料成分,银泡
156,朴瓦彝 族服饰,用料成分,丝线
156,朴瓦彝族服饰,用料 成分,花边毛线
156,朴瓦彝 族服饰,用料成分,棕
156,朴 瓦彝族服饰,用料成分,苞谷杆
156,朴瓦彝族服饰,用料成分,头发
156,制作工序,包括步骤,纺线
156,制作工序,包括 步骤,织布
156,制作工序,包括步骤,染色
156,制作工序,包括步骤,晾干
156,制作 工序,包括步骤,裁剪
156,制作工序,包括步骤,绣图
156,制作工序,包括 步骤,订花边
156,朴瓦彝族 服饰,风格特点,浓郁 的民族特色
156,朴瓦彝族服饰,气质 属性,庄重
156,朴瓦彝族服饰,气质属性,高贵
156,朴瓦彝族 服饰,文化定位,彝 族中的贵族风格
156,朴瓦彝族服饰,价值类型,历史价值
156,朴瓦彝 族服饰,价值类型,文化价值
156,朴瓦彝族服饰,入选 名录,云南省级非物质文化遗产 代表性项目名录扩展项目名录
156,朴瓦彝族 服饰,项目代表性传承人,何秀英
157,鹤庆,加工制作,银铜器具
157,鹤庆,加工制作,饰 物
157,鹤庆 银器制作技艺,形成特色,民族审美与精湛技艺结合
157,鹤庆银 器,主料,纯 银
157,鹤庆 银器,工艺结合,镂雕
157,鹤 庆银器,工艺结合,纯银抽丝编盘工艺
157,制作工艺,包括工序,选材
157,制作工艺,包括工序,熔炼
157,制作工艺,包括工序,敲片捶揲
157,制作工艺,包括工序,制模
157,制作工艺,包括工序,充模
157,制作工艺,包括工序,錾 刻
157,制作 工艺,包括工序,拉丝
157,制作工艺,包括工序,金银错
157,制作工艺,包括工序,熔化
157,制作工艺,包括工序,组合焊接
157,制作工艺,包括工序,清洗
157,制作工艺,包括工序,打磨
157,制作工艺,包括工序,抛光
157,工具,包含,木树墩
157,工具,包含,化银用的锅
157,工具,包含,火炉
157,工具,包含,风 箱鼓风机
157,工具,包含,大小不同的 錾子
157,工具,包含,小锤
157,工具,包含,吹灯
157,工具,包含,锉刀
157,工具,包含,松香
157,工具,包含,梅子 醋
157,工具,包含,洗洁剂
157,工具,包含,铜丝刷
157,制品特点,具有属性,光泽度好
157,制品特点,具有属性,抗氧化不易 变色
157,制品 类型,包括,茶具
157,制品类型,包括,酒具
157,制品类型,包括,炊具
157,制品类型,包括,刀具
157,制品类型,包括,首饰
157,制品类型,包括,宗教用品
157,民族生活用品涉及民族,包括,藏族
157,民族生活用品涉及民族,包括,白族
157,民族生活用品涉及民族,包括,苗族
157,民族生活用品涉及民族,包括,彝族
157,代表性作品,包括,九龙壶
157,代表性作品,包括,银包木碗
157,代表性作品,包括,青稞酒壶
157,代表性作品,包括,佛盒
157,代表性作品,包括,百家锁
157,代表性作品,包括,寺庙建筑装饰物
157,鹤庆银 器制作技艺,入选名录,云南省级非物质文化遗产代表性项目 名录扩展项目名录
157,项目代表性传承人,包括,寸发标
157,项目代表性传承人,包括,母炳林
157,项目代表性传承人,包括,董中豪
157,项目代表性传承 人,包括,洪钰昌
158,彝族阿 哲人,进行,祭龙 仪式
158,祭龙,阿哲语 名称,咪汁边
158,咪汁边,含义,祭祀生命之源神
158,陶瓦村,位于,巡检司镇 高甸村委会
158,陶瓦村祭龙仪式,分为,祭公龙和祭 母龙
158,祭 龙活动,历时,三天
158,祭龙时间,从,每年农历正月 的最后一天
158,祭 龙时间,到,二月 初二结束
158,正月 最后一天上午,主持,毕摩
158,毕摩,负责,打 鸡卦确定参与人员分工
158,农历二月初一,举行,祭公龙仪式
158,全村男子,拎着,黑猪 去龙山
158,祭公龙仪式,包括,准备祭品
158,祭公龙仪式,包括,跳祭祀舞
158,祭公龙仪式,包括,狩猎和燧石取 火
158,祭 公龙仪式,包括,建 火门
158,祭公龙仪式,包括,建龙宫
158,祭公龙仪式,包括,杀猪献祭龙树
158,祭公龙 仪式,包括,祭猎神
158,祭公 龙仪式,包括,芦苇绕 龙身
158,祭公龙仪式,包括,长龙宴
158,祭公龙仪式,包括,撒种接种
158,祭公龙仪式,包括,取火种回村
158,祭公龙 仪式,包括,小羊串 门
158,祭 公龙日,女性需回避,仪式
158,祭公龙仪式,内涵 为祈求,全村人畜平安 、五谷丰登
158,农历二月初二,举行,祭母龙仪式
158,二月初二晚上,是,公龙和 母龙相会的日子
158,祭母龙仪式,要迎接,母龙进 村
158,祭 母龙仪式,包含含义,保佑人畜平安、一切顺利
158,祭母 龙,当地人称,女子 祭龙
158,女子祭龙,独具特色,蕴含远古母系氏族文化特征
158,祭龙 仪式,由,毕摩 主持
158,毕 摩传承方式,包括,师 传
158,毕 摩传承方式,包括,家 传
158,彝 族阿哲祭龙习俗,展示,原始神灵崇拜场面
158,彝族阿 哲祭龙习俗,再现,人类繁衍发展历史痕迹
158,彝族阿哲 祭龙习俗,折射出,对祖先、自然、人类生殖 图腾的崇拜
158,彝族阿哲祭龙 习俗,体现,历史演变
158,彝族 阿哲祭龙习俗,体现,民俗起源
158,彝族阿哲祭龙 习俗,体现,哲学思想
158,彝族 阿哲祭龙习俗,具有,文学研究价值
158,彝族阿哲祭 龙习俗,具有,民俗 学研究价值
158,彝族阿哲祭龙习俗,具有,人类学研究价值
158,彝族 祭龙,入选,云南省 第四批省级非物质文化遗产代表性项目 名录
158,项目 代表性传承人,包括,普 国安
158,项目 代表性传承人,包括,石 炳林
159,蒙自洞 经音乐,依附场所,各地 庙宇
159,蒙自洞经 音乐,受文化影响,清代汉族移民带来的汉族文化
159,蒙自洞 经音乐,起源时间,晚清至中华民国初年
159,蒙自洞 经音乐,核心理念,严肃威仪礼节乐和
159,蒙自洞 经音乐,乐队编制特点,双编制成双成对
159,蒙自 洞经音乐,曲调分类,经曲、牌子曲牌
159,蒙 自洞经音乐,结构形式,联缀体结构
159,蒙自洞 经音乐,代表性曲目,《 玉皇经阐微》
159,蒙自洞 经音乐,代表性曲目,《 关帝觉世经》
159,蒙自 洞经音乐,代表性曲目,《文昌大洞仙经阐微 》
159,蒙自洞经音乐,代表性曲目,《观音圣经》
159,蒙 自洞经音乐,遵循传统,儒家礼乐传统
159,蒙自 洞经音乐,传承方式,工尺谱传承
159,蒙自洞 经音乐,传承方式,师傅带徒口传心授
159,蒙 自洞经音乐,辅助工具,郎当谱
159,蒙自洞 经音乐,入选名录,云南省第三批省级非物质文化遗产代表性 项目名录扩展项目名录
159,蒙自洞 经音乐,项目代表性传承人,张应祥
159,蒙自洞 经音乐,项目代表性传承人,车永安
159,蒙自洞 经音乐,项目代表性传承人,纪枚
159,蒙自洞经 音乐,研究价值领域,当地汉族发展史
159,蒙自洞经 音乐,研究价值领域,文化史
159,蒙自洞经音乐,研究价值领域,道德价值观
159,蒙自洞经音乐,研究 价值领域,艺术思维方式
160,宜良大 香会,始于,元代
160,宜 良县志,记载,二月北古城土主山演戏 祈谷
160,庙 会日期,演变为,正月初八
160,活动内容,包括,关帝 戏
160,活动内容,包括,踩高跷
160,活动内容,包括,耍龙灯
160,活动内容,包括,颠毛驴
160,活动内容,包括,旱船
160,活动内容,包括,铁滚
160,活动内容,增加,烧大香
160,庙会名称,得名于,正月初八大 香会
160,大香会特色,是,特异大香的制作与 燃供
160,制作地点,包括,古城
160,制作地点,包括,南北村
160,制作地点,包括,安家桥地区
160,大香尺寸,高,米
160,大香径口,米许) 18. ( 艺人训练技艺,"包括, 高 跷"
160,艺人 训练技艺,包括,铁滚
160,艺人训练 技艺,包括,班打
160,抬大香 时间,从,正月初 四
160,指定 地点,入夜由道士在,土主寺念经
160,办香饭 时间,自,初七
160,办香 饭时长,三天) 2 5. (迎香、行香 大典日期,初八
160,迎香队伍 组成,包括,道士
160,迎香队伍组成,包括,手持松枝、 信香的善男信女
160,抬至地点,老戏台) 2 9. (六炷大香分 立位置,老戏台两侧
160,民间技艺 队表演后,进行,会戏滇剧演出
160,大香送至地点,土主寺门前竖立 ) 32. (焚烧时间,十六日凌晨奏章后
160,大香庙 会历时,十余天) 34. (最初目的,"祈求, 五谷丰登"
160,最初目的,祈求,六畜兴旺
160,最初目的,祈求,风调雨顺
160,最初目的,祈求,国泰民 安
160,现代 性质,演绎为,地区 性民间民俗活动
160,入选项目,云南省第三 批省级非物质文化遗产代表性项目名录 ) 40. (项目代表性 传承人,"包括, 张庭 楷"
160,项目 代表性传承人,包括,张 国忠
161,牛灯,起源时间,明朝
161,牛灯,带入者,朱元璋
161,牛灯,传入 地点,云南
161,牛灯,文化源头,舜耕田传说
161,牛灯舞,表演 时段,正月初一至十五
161,牛灯舞,目的,颂扬舜的 孝顺感恩
161,牛 灯舞,目的,祈求 瘟疫平息
161,牛 灯舞,目的,人 畜平安
161,牛 灯舞,特征融合,汉族花灯
161,牛灯舞,特征融合,彝族对歌
161,牛灯舞,特征融合,彝族跳 脚
161,牛 灯舞,特征融合,民俗祭祀
161,牛灯舞,活动场合,栽收两季
161,牛灯舞,活动场合,民族传统节日
161,牛灯舞,活动场合,婚礼
161,牛灯舞,活动场合,乔迁
161,牛灯 舞,使用乐器,大小 鼓
161,牛 灯舞,使用乐器,大小锣
161,牛灯舞,使用乐器,镲
161,牛灯舞,使用乐器,大小钹
161,牛灯舞,使用乐器,三弦
161,牛灯舞,使用 乐器,二胡
161,牛灯舞,角色元素,关公舞刀
161,牛灯 舞,角色元素,童子 牵牛
161,牛灯舞,角色元素,老汉犁田
161,牛灯舞,角色元素,妇女插秧
161,牛灯舞,灯具种类,狮子灯
161,牛灯 舞,灯具种类,公 鸡灯
161,牛灯舞,灯具种类,龙灯
161,牛灯舞,灯具种类,跑马灯
161,牛灯舞,灯具种类,青蛙灯
161,牛灯舞,灯具种类,鲤鱼灯
161,牛灯舞,灯具种类,八角灯
161,牛灯 舞,灯具种类,虾 灯
161,牛 灯舞,音乐调门,绣香带
161,牛灯舞,音乐 调门,凤阳花鼓
161,牛灯 舞,入选名录,云南省 第四批省级非物质文化遗产代表性项目 名录
161,牛 灯舞,代表性传承人,尹绍金
162,慎德堂,创始人,朱子训
162,慎德堂,创始时间,清光绪年间
162,慎德堂,地点,巍山
162,慎德堂,宗旨,慎其术 也无往不利德以行之 厥疾必疗
162,慎德堂,继承,中华传统医药学
162,慎德 堂,抢救挖掘,彝 族医药学成果
162,慎德堂,抢救挖掘,白族医药学 成果
162,慎德堂,抢救挖掘,回族医药学成果
162,慎德堂,形成,独具一格 的医药体系
162,慎德堂,积累总结,脉象鉴别经验
162,慎德堂,积累总结,脉理分析经验
162,慎德堂,积累总结,临床治疗 经验
162,慎德堂,积累总结,药剂处方经验
162,慎德堂,积累总结,汤药 煎制经验
162,慎德堂,配制生产,肿瘤消肿汤
162,慎 德堂,配制生产,麝香消肿膏
162,慎德堂,配制生产,痤疮汤
162,慎 德堂,配制生产,珍珠痤疮膏
162,慎德堂,配制生产,风湿骨痛汤
162,慎德堂,配制生产,速效风湿宁
162,慎德堂 传统诊疗法,入选项目,云南省第四批省级非物质文化遗产 代表性项目名录
162,慎德堂,代表性传承人,朱兆康
163,阿姆妮 惹,含义,妈妈的女儿
163,阿姆 妮惹,演唱场合,姑娘出嫁前夕客人前来女方 家祝贺时
163,阿姆妮惹,演唱者,长辈们
163,阿姆妮惹,结构 划分,三个部分
163,第一部分,内容主题,女儿诞生之日到成长经历
163,第一部分,描绘形象,自幼勤劳能干 、心灵手巧、可爱无比的 彝族少女
163,第二部分,内容主题,妈妈的女儿远嫁他乡思念家人 与家乡
163,第二 部分,内容主题,追 忆童年的幸福生活
163,第三部分,内容主题,被父兄强迫远嫁之后 不能与家人团聚的婚姻灾难
163,第三部分,内容主题,哭诉包办 婚姻带来的痛苦
163,古歌前半部分,类型,叙事歌
163,古歌前半部分,描述内容,女儿成长 的过程
163,古 歌前半部分,旋律特点,优美动听音调抒情 曲调婉转、平稳
163,古歌前半 部分,节奏拍号,拍
163,古 歌前半部分,衬词 开头,依字
163,古歌前半部分,调式结构,角 调式
163,后半部分,类型,哭嫁歌
163,后半部分,主题旋律 节奏,散拍
163,后半部分,后续音乐速度,较为缓慢
163,后半部分,演唱风格特点,带有 哭腔
163,后半部分,调式结构 交替出现,宫调式和 商调式
163,阿姆妮惹,流传 地区,宁蒗彝族
163,阿姆妮 惹,文化地位,家喻户晓 的叙事古歌
163,阿姆妮惹,研究价值,对于研究彝族 的婚姻制度和民间文学都具有一定的参考 价值
163,阿 姆妮惹,入选项目,云南省第四批省级非物质文化遗产 代表性项目名录
164,毛太华,带到,云南省永胜县
164,永 胜县三川火腿,源于,中原
164,永胜县三川火腿,是,中原与边地 饮食文化的结晶
164,永胜县三川镇人,腌制,三川火腿
164,永胜县三 川镇,具有,独特的 地理环境
164,永 胜县三川镇,具有,独特的气候特点
164,永胜县三川镇 独特的地理环境和气候特点,造就,三川火腿的特殊腌制技艺
164,腌制三川 火腿,使用,水泥缸
164,腌制三川 火腿,使用,木缸
164,腌制三 川火腿,使用,瓮 缸
164,腌制 三川火腿,使用,囤箩
164,腌制三川火腿,使用,绳子
164,腌制三川火腿,使用,木炭灰
164,腌制三川火腿,使用,高度粮食酒
164,腌制三川火腿,使用,食用盐
164,生猪腿,进行,屠宰
164,鲜腿,摆放 于,干净的竹器上
164,鲜腿,冷却,一天左右
164,鲜腿上,淋上,白酒
164,鲜腿上,撒 上,食盐
164,上好酒和盐的 鲜腿,堆入,腌制缸池
164,第一次腌制,持续,三天
164,第二次 上盐,腌制,十天
164,腌制过程中,翻动,上下
164,出缸时间,为,二十五天至 三十天
164,腌制结束后,去掉,猪 腿表层食盐
164,猪腿,贴好,白棉纸
164,贴好白棉纸的 猪腿,上架,晾 挂
164,晾 挂时间,为,三个月 左右
164,晾 好的猪腿,放入,缸箩内
164,缸箩内,进行,堆捂
164,堆捂时,加入,灶灰
164,灶灰,完全覆盖,火腿
164,堆捂时间,为,三个月
164,成品 火腿,色泽,鲜红油 润
164,成品 火腿,香味,醇厚
164,成品火腿,脂肪含量,低
164,成品火腿,盐度,适中
164,成品火腿,营养,丰富
164,成品火腿,贮存时间,三四年
164,三川火腿,具有 优点,低盐
164,三川火腿,具有优点,低亚硝酸盐
164,三川 火腿,具有优点,低 过氧化值
164,三川火腿,是,滇西火腿中的名产
164,三川火腿,被称为,我国唯一的软 性火腿
164,三川火腿制作技艺,入选,云南省级非物质文化遗产代表性 项目名录扩展项目名录
164,龙玉菊,是,项目代表性传承人
165,会泽洞 经音乐,起源地,中原
165,会 泽洞经音乐,传入 地点,会泽
165,会泽洞经音乐,最初用途,唱诵经 文的音乐谱
165,会泽洞经音乐,兼容 文化,儒释道音律
165,会泽洞 经音乐,特点,雅
165,会泽洞 经音乐,特点,幽
165,会泽洞 经音乐,特点,清
165,会泽洞 经音乐,演奏乐器,小胡
165,会 泽洞经音乐,演奏乐器,中胡
165,会泽洞经音乐,演奏乐器,二胡
165,会泽洞 经音乐,演奏乐器,竹笛
165,会泽洞经音乐,演奏 乐器,大阮
165,会泽洞经音乐,演奏乐器,月琴
165,会泽 洞经音乐,演奏乐器,扬琴
165,会泽洞经音乐,演奏乐器,琵琶
165,会泽洞经音乐,演奏乐器,古筝
165,会泽 洞经音乐,演奏乐器,唢呐
165,会泽洞经音乐,演奏乐器,大鼓
165,会泽洞经 音乐,演奏乐器,云 锣
165,会 泽洞经音乐,演奏乐器,大镲
165,会泽洞经音乐,演奏乐器,小锣
165,会泽洞 经音乐,保存曲目,经腔开经赞
165,会泽洞经音乐,保存曲目,老卦 腔
165,会 泽洞经音乐,保存曲目,新卦腔
165,会泽洞经音乐,保存曲目,赞腔
165,会泽 洞经音乐,保存曲目,大乘赞
165,会泽洞经音乐,保存曲目,将军令
165,会泽洞 经音乐,保存曲目,小鹧鸪
165,会泽洞经音乐,保存曲目,倒拖船
165,会泽洞 经音乐,保存曲目,锁道龛
165,堂琅古乐团,成立 时间,年月
165,堂琅古乐团,发掘整理对象,古乐 曲目
165,堂 琅古乐团,演出曲目,三通鼓
165,堂琅古乐团,演出曲目,将军令
165,堂琅古乐团,演出曲目,小鹧 鸪
165,堂 琅古乐团,演出曲目,开经赞
165,堂琅古乐团,演出曲目,倒拖船
165,堂琅古 乐团,演出曲目,锁 道龛
165,堂琅古乐团,演出曲目,新卦腔
165,堂琅古乐团,演出曲目,赞腔
165,堂琅古 乐团,演出曲目,老 卦腔
165,堂琅古乐团,演出曲目,大乘赞
165,堂琅古乐团,发展状况,有固定活动 场所
165,堂 琅古乐团,发展状况,有一定活动经费
165,堂琅古乐团,发展状况,设施基本齐备
165,堂琅 古乐团,发展状况,演奏水平稳定
165,堂琅古乐团,影响力 范围,滇东北地区
165,会泽洞经音乐,入选名录,云南省第一批 省级非物质文化遗产保护名录
165,会泽洞经 音乐,代表性传承人,田永光
166,广南洞 经音乐,传入时间,清 乾隆年间
166,广南洞经 音乐,融合对象,广 南壮族音乐
166,广南洞经音乐,组成部分,管弦乐 文乐
166,广南洞经音乐,组成部分,打击乐武乐
166,广南 洞经音乐,演奏形式分类,吹
166,广南洞经音乐,演奏形式分类,拉
166,广南 洞经音乐,演奏形式分类,弹
166,广南洞经音乐,演奏形式分类,打
166,广南 洞经音乐,使用乐器,马骨胡
166,广南洞经 音乐,使用乐器,牛 角号
166,广南洞经音乐,使用乐器,铜鼓
166,广 南洞经音乐,使用乐器,羊角编钟
166,广南 洞经音乐,艺术特点,融吹拉弹打唱念 为一体
166,广南洞经音乐,曲牌类型,诗词类
166,广 南洞经音乐,曲牌 类型,宫廷类
166,广南洞 经音乐,曲牌类型,小调类
166,广南洞经 音乐,曲牌类型,宗教科仪类
166,广南洞经 音乐,代表曲目,《将军 令》
166,广南洞经音乐,代表曲目,《南清宫 》
166,广南洞经音乐,代表曲目,《清河颂》
166,广南洞经音乐,代表 曲目,《开经科仪》
166,广南莲城境内,洞 经音乐组织,吉祥社
166,广 南莲城境内,洞经 音乐组织,宏仁社
166,广 南莲城境内,洞经 音乐组织,普光社
166,县 文化馆,成立团队,广南壮乡礼乐队
166,广南 壮乡礼乐队,创新举措,将铜鼓引入洞经 音乐演奏
166,广南县洞经音乐,入选项目,云南省第三 批省级非物质文化遗产代表性项目名录 扩展项目名录
166,广南洞经音乐,项目代表性传承人,李 子兰
167,彝族花 棍狮子舞,融入元素,当地彝族的许多舞蹈 元素
167,彝 族花棍狮子舞,表演 场合,民俗佳节
167,彝族花棍狮子舞,功能意义,驱邪 、辟邪
167,彝族花棍狮子舞,表演者性别,女性
167,彝族花棍狮子 舞,人数范围,少 则二三十人多则上百人
167,彝族花棍狮子 舞,使用道具,金 竹制成的花棍
167,彝族花棍狮子舞,伴奏乐器,二胡
167,彝族花棍 狮子舞,伴奏乐器,铃铛
167,彝 族花棍狮子舞,伴奏 乐器,打击乐器
167,彝族花棍狮子 舞,队形特点,围绕跳舞场横排列队且自 始至终不变
167,彝族花棍狮子舞,套路拍数,一个 套路至少有拍多则多拍
167,彝族花 棍狮子舞,动作特征,双肩前后摆动
167,彝族花棍狮子 舞,动作特征,左右 扭腰送胯
167,彝族花棍狮子舞,发声方式,花棍 围绕身体的主要关节碰击发出响声
167,彝族 花棍狮子舞,引动 效果,上身的扭摆 及小腿的变化和双脚的跳动
167,彝族花 棍狮子舞,舞姿特点,轻盈
167,彝族花棍狮子舞,舞姿特点,变化多 端
167,彝 族花棍狮子舞,舞 姿特点,刚柔相济
167,彝族 花棍狮子舞,节奏特点,欢快
167,彝族花棍狮子舞,美感体验,激情四射 而又豁达愉悦
167,彝族花棍狮子舞,配合表演,狮子舞
167,狮子舞,扮演者数量,两名 男子
167,狮子 舞,角色分工,各 扮大、小狮子
167,狮子舞,特殊 角色,引狮郎
167,狮子舞,高难动作,前空翻 过狮子
167,狮子舞,高难动作,后空翻上高桌
167,狮子舞,高难动作,云里 翻下梅花桩
167,彝族花棍狮子舞,历史关联,火把 节
167,彝 族花棍狮子舞,历史 关联,祭祀
167,彝族花棍狮子舞,历史关联,婚庆
167,彝族 花棍狮子舞,历史关联,乔迁
167,彝族花棍狮子舞,结合元素,传统服饰
167,彝族 花棍狮子舞,体现内容,独特的艺术审美观
167,彝族花棍 狮子舞,体现内容,高超的民间技艺水平
167,彝族花棍 狮子舞,艺术特性,较强的表现力
167,彝族花棍狮子舞,艺术特性,感染力
167,彝族花 棍狮子舞,风格特点,浓郁的乡土气息
167,彝族花棍狮子 舞,传承方式,家族 传承
167,彝 族花棍狮子舞,传承 方式,社会传承
167,彝族花棍狮子 舞,保存完好地区,白鹤乡
167,彝族花棍狮子舞,面临问题,外来文化的冲击
167,彝族 花棍狮子舞,面临问题,年轻人外出打工
167,彝族花棍狮子 舞,传承人现状,掌握舞蹈全套动作的传承人越来越少
167,彝族 花棍狮子舞,传承人 年龄特征,年龄多在岁以上
167,彝族 花棍狮子舞,保护状态,入选云南省第四批省级非 物质文化遗产代表性项目名录
167,彝族花棍狮子 舞,项目代表性传承人,普长光
168,哈尼族 莫蹉蹉,起源,哈 尼族古代图腾崇拜
168,哈尼族莫蹉蹉,使用道具,三叉
168,哈尼族 莫蹉蹉,使用道具,铜钱棒
168,哈尼族莫蹉 蹉,使用道具,铝 心球
168,哈尼族莫蹉蹉,使用道具,桌子
168,哈尼族 莫蹉蹉,使用道具,砍刀
168,哈尼族莫蹉蹉,使用道具,镰刀
168,哈 尼族莫蹉蹉,使用 道具,棕榈叶
168,哈尼族莫 蹉蹉,模拟对象,白鹇鸟
168,哈尼族莫蹉 蹉,伴奏音乐特点,傣族舒缓柔美
168,哈尼族 莫蹉蹉,舞蹈动作风格,古朴细腻
168,哈尼族莫 蹉蹉,表达内容,对美好生活的向往
168,哈尼族莫 蹉蹉,伴奏乐器,铓
168,哈尼族莫蹉蹉,伴奏乐器,鼓
168,哈尼 族莫蹉蹉,伴奏乐器,锣
168,哈尼族莫蹉 蹉,伴奏乐器,钹
168,哈尼族莫蹉蹉,主持者身份,德高望 重的老人
168,哈尼族莫蹉蹉,表演场合,逝者 出殡前
168,哈尼族莫蹉 蹉,男性舞者动作套路,抛甩铝心球的 流球引路
168,哈尼族莫 蹉蹉,男性舞者动作 套路,嘴咬桌子的雄 鹇叼食
168,哈尼族莫蹉 蹉,男性舞者动作套路,手持三叉的蹲刺 蓝天
168,哈尼族莫蹉蹉,男性舞者动作套路,跳刺蓝天
168,哈尼族莫蹉 蹉,男性舞者动作套路,手持铜钱棒的蹲 搓钱棒
168,哈尼族莫蹉 蹉,男性舞者动作套路,跳搓钱棒
168,哈尼 族莫蹉蹉,男性舞 者动作套路,手持镰刀 的镰撸荒草
168,哈尼族 莫蹉蹉,男性舞者 动作套路,镰砍荒草
168,哈尼族莫蹉蹉,男性舞者动作套路,老 熊洗脸
168,哈尼族莫蹉蹉,男性舞者动作套路,老熊穿裤
168,哈尼族 莫蹉蹉,男性舞者 动作套路,猴子抱瓜
168,哈 尼族莫蹉蹉,男性 舞者动作套路,猴子搂 腰
168,哈尼族莫蹉蹉,男性舞者动作套路,公鸡斗架
168,哈尼族莫 蹉蹉,男性舞者动作 套路,老鹰叼小鸡
168,哈尼族莫蹉蹉,男性舞者动作套路,老 鹰拍翅膀
168,哈尼族莫蹉 蹉,女性舞者手持物品,棕扇
168,哈尼族莫 蹉蹉,女性舞者舞蹈 套路,群鹇觅食
168,哈 尼族莫蹉蹉,女性 舞者舞蹈套路,双鹇 赛翅
168,哈尼族莫蹉蹉,女性舞者舞蹈套路,雄鹇授艺
168,哈尼族 莫蹉蹉,女性舞者 舞蹈套路,众鹇点醉
168,哈尼族莫蹉蹉,女性舞者舞蹈套路,群 鹇亮翅
168,哈尼族莫蹉 蹉,现今用途,喜庆 民俗活动
168,哈尼族莫蹉蹉,入选名录,云南省第四 批省级非物质文化遗产代表性项目名录
168,哈尼族莫蹉蹉,项目代表性传承人,白拉 咀
169,六月六民俗 活动,起源 时间,西汉初 年
169,六月六民俗活动,记载 文献,清康熙《广通 县志》
169,六月六民俗活动,别称,六月六晒红绿
169,彝族老人,祭祀对象,田边
169,毕摩,主持仪式,杀鸡祭祀山 神树
169,青年 男女,活动内容,采摘 杨梅
169,青年 男女,活动内容,对 歌唱曲
169,青年 男女,活动内容,嬉戏 娱乐
169,青年男女,活动内容,对歌 跳舞通宵达旦
169,青年男女,活动目的,寻找意中人
169,六月六民俗活动,融入元素,毕摩 祭祀祈福
169,六月六民俗活动,融入元素,赛装比美
169,六月六民俗活动,融入元素,爬油 杆
169,六月 六民俗活动,文化价值,宣传彝族民族地域文化
169,六月六民俗 活动,文化价值,展示 传承传统歌舞
169,六月六民俗活动,文化 价值,展示传承祭祀文化
169,六月六民俗 活动,文化价值,展示 传承体育文化
169,六月六民俗活动,文化 价值,展示传承婚恋文化
169,六月六 民俗活动,文化价值,展示传承服饰文化
169,六月六民俗活动,功能作用,增强民族凝聚力
169,六月六民俗 活动,入选名录,云南省 第四批省级非物质文化遗产代表性项目 名录
170,阿苏者 跳歌调,起源时期,三国时期
170,阿苏者跳歌调,形式特点,形式多样
170,阿苏者跳 歌调,内容范围,广泛
170,阿苏 者跳歌调,民族特色,古朴
170,阿苏者跳歌调,反映对象,南华地区各族 人民的生产生活状况
170,阿苏者跳歌调,反映对象,思想感情
170,阿苏者跳 歌调,反映对象,道德情操
170,阿 苏者跳歌调,反映 对象,心理素质
170,阿苏者跳歌调,展示内容,艺术创造才能
170,阿苏 者跳歌调,功能特性,寓教于乐
170,阿苏者跳 歌调,功能特性,启心明智
170,阿苏者跳歌调,唱词结构,七言 两句
170,阿 苏者跳歌调,段落 划分,两句为一小段
170,阿苏者 跳歌调,尾缀词,阿苏者
170,阿苏者跳歌 调,调式分类,农耕调
170,阿苏者跳歌调,调式分类,情调
170,阿苏者 跳歌调,调式分类,喜调
170,阿苏者跳歌调,调式分类,欢乐 调
170,阿 苏者跳歌调,演唱 方式,男方开头
170,阿苏者跳歌 调,演唱方式,女方 对答
170,阿苏者跳歌调,唱词特点,包罗万象
170,阿苏者 跳歌调,唱词特点,言简意赅
170,阿苏者跳 歌调,唱词风格,雅韵含蓄
170,阿苏者跳歌调,唱词风格,巧妙 贴切
170,阿苏者跳歌调,表现形式,诗歌
170,阿苏者跳歌调,表现主题,宇宙万物
170,阿苏 者跳歌调,表现主题,世间百态
170,阿苏者跳歌 调,科学性,具有
170,阿苏 者跳歌调,哲理性,具有
170,阿苏者跳歌调,艺人数量变化,越来越少
170,阿苏者 跳歌调,保护状态,亟待传承保护
170,阿苏者跳歌调,入选名录,云南省第三 批非物质文化遗产代表性项目名录
170,阿苏者 跳歌调,项目代表性传承 人,杨凤
171,《神蜘蛛 》,讲述 内容,明朝万历 年间缅甸洞吾王朝勾结 云南陇川境内经商的江西 商人企图夺取陇川土司政权 将云南部分领土从中国分裂出去
171,《神蜘蛛 》,涉及人物,邓 子龙
171,《 神蜘蛛》,涉及人物,罕虔
171,《神蜘蛛》,涉及人物,景宗真
171,《神蜘蛛》,发生地点,滇西大理
171,《神蜘蛛》,发生地点,昆明
171,《神蜘蛛》,发生地点,姚关 大关
171,《 神蜘蛛》,发生地点,湾甸
171,《神蜘蛛》,发生地点,耿马三尖山
171,《神蜘蛛 》,涉及事件,大 破象阵
171,《神蜘蛛》,涉及 事件,斩杀湾甸土司 景宗真
171,《神蜘蛛》,涉及 事件,直捣敌巢耿 马三尖山三战三捷
171,《神 蜘蛛》,涉及事件,收复三宣六慰
171,《神蜘蛛》,入选项目,云南省第三批 省级非物质文化遗产代表性项目名录
171,《神蜘蛛 》,代表性传承人,万德美
171,万德美,所属家族,湾甸乡万德美 一家
171,湾 甸乡万德美一家,身份,《神蜘蛛》的主要传承 世家
171,《 神蜘蛛》,传承方式,家族传承
171,昌宁湾甸傣族,习俗,生了孩子请人 抄一部《神蜘蛛》傣文 经卷供奉
171,《神蜘蛛》傣文经 卷,作用,镇宅 、消灾
171,《神蜘蛛》傣文经 卷,作用,保佑孩子 无病无灾
171,《神蜘蛛》孤本,包含元素,九头 九尾象图
172,彝族器 乐,流传 地区,石林 、弥勒一带
172,彝族器乐,所属民族,撒尼 人
172,彝族 器乐,所属民族,阿细人
172,彝族器乐,传统曲目,《喜鹊串门》
172,彝族器乐,传统曲目,《放羊 坡》
172,彝 族器乐,传统曲目,《过街调》
172,彝族器乐,传统曲目,《平地调》
172,彝族器 乐,传统曲目,《大战 鼓》
172,彝 族器乐,主要演奏乐器,竹笛
172,彝族器乐,主要演奏乐器,唢呐
172,彝族器 乐,伴奏乐器,小 鼓
172,彝 族器乐,伴奏乐器,小锣
172,彝族器乐,伴奏 乐器,小三弦
172,彝族器乐,演奏人员规模,少则 十几人
172,彝族器乐,演奏人员 规模,多则几十人
172,彝族器 乐,演奏人员规模,上百人
172,彝族器乐,别称,彝族小交响乐
172,彝族器乐,使用场合,红白 喜事
172,彝族器乐,乐曲选择 规则,喜调不在丧事 中出现
172,彝族器乐,乐曲选择 规则,悲调不能在婚 事上出现
172,彝族器乐,乐曲 演奏规定,某个乐曲在什么 时段演奏有严格规定
172,文艺工作者,行为,把彝族器乐搬 上舞台
172,文艺工作者,行为,在 各种节庆活动演奏彝族器 乐
172,彝 族器乐,演变发展基础,西南一带洞经音乐
172,彝族器 乐,借鉴学习地区,昆明
172,彝 族器乐,借鉴学习地区,楚雄
172,彝族器乐,借鉴学习地区,大理
172,彝族器乐,借鉴学习地区,丽江
172,彝族 器乐,借鉴学习地区,保山
172,彝族器乐,借鉴 学习地区,红河
172,彝族器乐,借鉴学习地区,曲 靖
172,彝 族器乐,曲牌风格 特点,独具特色
172,彝族器乐,入选项目,云南省第三批 省级非物质文化遗产代表性项目名录
172,彝族器 乐,项目代表性传承人,昂宝德
173,傈僳族 服饰,维 西傈僳族服饰 2. 维西 傈僳族服饰,瓦 器器 3. 瓦器 器男子服饰 - 黑色头帕 4. 瓦器器男子 服饰 - 麻布黑白条纹大 襟短袄 5. 瓦 器器男子服饰 - 七色 麻布彩腰带 6. 瓦器器女子服饰 - 青 布或黑布帕子 7 . 瓦器器女子服饰 - 涡楞两串 8. 阿尺木刮男子服饰 - 壳扒腊哄毡帽 9. 阿尺木刮男子 服饰 - 洒捕涡缅装饰 10. 阿尺木 刮男子服饰 - 黑白条纹长 衫 11. 阿尺 木刮女子服饰 - 呙亨 呙亨 12. 呙 亨呙亨 - 矣玛花纹 图案 13. 傈僳 族服饰 - 手工制作 1 4. 傈僳族服饰 - 自植、自纺、自 染的麻、棉布或羊毛 15. 傈僳族 服饰 - 云南省级非物质文化遗产 代表性项目名录扩展项目名录 1 6. 李桂兰 - 维 西傈僳族服饰项目代表性传承 人之一 17. 蜂 云波 - 维西傈僳 族服饰项目代表性传承人之一 18. 余信芝 - 维西傈僳族服饰项目 代表性传承人之一 19. 余秀芝 - 维西 傈僳族服饰项目代表性传承人 之一
174,玎三赛,别称,玎散赛
174,玎 三赛,别称,玎傣卯
174,玎三赛,别称,牛腿琴
174,玎三赛,别 称,马腿琴
174,玎三赛,别称,瓢琴
174,玎三赛,组成部分,共鸣箱
174,玎三赛,组成部分,琴杆
174,玎三赛,组成部分,音品
174,玎三赛,组成部分,弦轴
174,玎三赛,组成部分,弦线
174,玎三赛,组成部分,琴码
174,玎三赛,组成部分,弹片
174,玎三赛,制作材料,柚木树
174,玎三赛,制作 材料,杧果树
174,玎三赛,制作材料,椿树
174,玎三赛,面板材质,薄竹片
174,玎三 赛,面板材质,笋 叶
174,玎 三赛,面板材质,薄木板
174,玎三赛,弹奏工具,牛角弹片
174,玎三赛,琴头雕刻造型,孔雀
174,玎三赛,琴头雕刻造型,凤凰
174,玎 三赛,琴头雕刻造型,大象
174,玎三赛,演奏姿势,坐姿
174,玎三赛,演奏姿势,立姿
174,玎三赛,技法,弹拨
174,玎三赛,技法,勾
174,玎三赛,技法,挑
174,玎三赛,技法,轮奏
174,玎三赛,用途,独奏
174,玎三赛,用途,合奏
174,玎三赛,伴奏类型,民族舞
174,玎三赛,伴奏类型,独唱
174,玎三赛,伴奏 类型,合唱
174,玎三赛,伴奏 类型,情歌
174,玎三赛,伴奏类型,山歌弹唱
174,玎三 赛,入选项目,云南省 第三批省级非物质文化遗产代表性项目 名录
174,玎 三赛,代表性传承人,约恩散吞
174,玎三赛,代表性传承人,麦喊岩 也
175,富源县 墨红镇彝 族姑娘,婚前 缝制,数套 花衣裳
175,花衣裳,包括,头帕 /围裙/衣裤/鞋子
175,每套服装,经刺绣装饰,图案 复杂做工考究独具特色
175,富源县墨红镇 彝族刺绣,使用工具,剪刀/针/顶针/ 绷子
175,富 源县墨红镇彝族刺绣,常用丝线颜色,红/黄/绿/紫/ 黑
175,富源 县墨红镇彝族刺绣,红色居多,黑色使用较少
175,布料选择,以...为主,白/ 红/绿/黑
175,针法,包括,缠针/乱针/长短针
175,技法,包括,滚绣/锁花绣 /挑花绣/插绣/ 垫绣/引绣/平绣 /拼花绣
175,插绣和平绣,常配合使用,其他技法
175,插绣,事先在牛皮纸上绘制好图案,然后用剪纸技法把图案镂 空并粘贴于布料上再绣 制
175,平 绣,绣制之前要在布料 上画上,米字格 /井字格/田字格
175,挑花 绣,对绣工技艺要求 较高,直接根据布匹的 纹路进行创作没有预先设计好的 构图
175,服饰 中不同的部位,依据标准决定 刺绣所使用的绣法,耐用和 美观
175,衣 领/袖口/衣角/ 鞋舌等部位,讲究耐用 多用,滚秀和锁 花绣等绣法加固使之耐磨
175,胸襟 /裤筒/围腰/鞋 面等部位,多用,挑花秀和插绣等 绣法使之更加精美
175,刺绣图案,常见 于,包头/衣服/ 围腰/鞋子等部件处
175,包头,常绣,千层牡丹 花/桂花/太阳花等图案
175,包头 边缘,镶有,喜 鹊
175,包 头图案,表示,头 为首任何人不能碰
175,包头边缘喜鹊,表示,天天有喜 /喜事临门
175,衣服上最常见图案,是,狗牙图案 /拉拉花/钩担花等
175,衣服图案,象征,有山有 水/有牛有马/有 麦穗
175,衣服图案,表示,彝 家人对美好生活的憧憬
175,花围腰,以...居多,龙/凤 图案
175,花 围腰图案,表示,养儿像龙养女像凤
175,鞋子又叫 花草鞋,绣有,鱼/桃子等
175,鞋子图案,表示,年年有余/心心相 印
175,少女 装和新娘装,常用,豌豆花/铜钱图案和 几何图案
175,男装/儿童装以及中老年装,多用,星点 和几何图案
175,富源彝族刺绣,入选,云南省第四批省级非 物质文化遗产代表性项目名录扩展项目名录
175,项目代表性 传承人,是,李良 花
176,呈贡菱 角编制技艺,历史考证情况,无法考证确切时间
176,呈 贡菱角编制技艺,文化 遗存来源,中原文化
176,呈贡 菱角编制技艺,文化遗 存来源,楚文化
176,呈贡菱 角编制技艺,原材料,大麦秆
176,制作工艺步骤,处理 方式,掐去麦秆两头 留下中间饱满部分
176,制作工艺步骤,软化方法,放入水中泡软
176,制作 工艺步骤,剖开工具,指甲
176,制作工艺步骤,形态转变,成为片状
176,制作工艺步骤,基础造型,等边三角形
176,染色材料颜色,使用颜色,红
176,染色材料颜色,使用 颜色,黄
176,染色材料颜色,使用颜色,绿
176,染色工序,操作方式,煮染
176,后期处理,干燥方式,太阳下晒干
176,组装工艺,连接材料,线穿编缝合
176,造型元素,唯一基础形状,三角形
176,成品类型,具体造型,小船
176,成品类型,具体 造型,狮子莲花灯
176,成品类型,具体造型,果盘 莲花灯
176,成品类型,具体造型,麒麟送子
176,成品类型,具体造型,金鱼
176,成品 类型,具体造型,绣 球
176,流行区域,地理位置,昆明地区
176,使用习俗,时间节点,端午节期间
176,功能用途,传统 信仰作用,扫秽驱邪 毒
176,现状问题,原料稀缺性,大麦秆属稀缺品
176,现状问题,传承困境,费力耗时利润微薄
176,现状问题,传承断层原因,极少 有年轻人愿意学习
176,保护状态,入选名录批次,云南省第三批 省级非物质文化遗产代表性项目名录
176,项目 代表性传承人,姓名,李 留美
177,保山香 童戏,始自,蜀 汉末年
177,保山香童戏,发展于,南诏 至元代
177,保山香童戏,盛 于,明清
177,保山香童戏,衰于,中华人民共和国成立 后
177,跳神 之人,自称,香童
177,保山隆 阳区香童戏,形成 时间,明末清初
177,保山隆阳 区香童戏,受... 影响,中原及江南傩戏 傩文化
177,保 山隆阳区香童戏,是,科仪祭祀与 戏剧表演相结合的民间表演形式
177,保山香童 戏,代表剧目,《赵 公元帅》
177,保山香童戏,代表剧目,《金枪五爷 》
177,保 山香童戏,代表剧目,《黑风五爷》
177,保山香 童戏,代表剧目,《 水西蛮子》
177,保山香童戏,代表剧目,《王林 太子》
177,保山香童戏,代表 剧目,《迷心小姐》
177,保山香 童戏,代表剧目,《 茶房酒店》
177,香童戏演出剧目中 的音乐声腔,分,神腔和戏腔
177,神腔,包括,太子腔
177,神腔,包括,平 腔
177,神 腔,包括,雌雄腔
177,神腔,包括,黑神腔
177,神腔,包括,瘟神腔
177,神腔,包括,猎神腔
177,神腔,包括,将军腔
177,神腔,由...而定,演出角色
177,戏腔,融合了,滇戏中的丝弦
177,戏腔,融合了,滇戏中的 胡琴
177,科仪祭祀时,使用,神腔
177,表演剧目时,使用,戏腔
177,香童戏,表演形式 有,多角戏
177,香童戏,表演形式有,独角 戏
177,香 童戏,表演形式有,哑剧
177,香童戏,是... 结合体,巫文化、傩 文化、戏剧文化、边地文化 等多种文化
177,香童戏,对研究... 具有重要参考价值,哀牢 文化与边地文化
177,香童戏,入选,云南省第四批省级非 物质文化遗产代表性项目名录
177,香童戏,项目代表性传承人,杨妮 军
177,香 童戏,项目代表性传承人,杨国礼
177,香童戏,项目代表性传承人,杨玉 华
177,香 童戏演员表演,使用乐器,彝族长号
178,朱苦拉 村,现存,百年以上树 龄的咖啡树
178,百年以上树龄 的咖啡树,属,云南小粒咖啡最古老的波邦 蒂皮卡品种
178,朱苦拉村村民,习惯,喝咖啡
178,朱苦拉咖啡,栽种 海拔,米以下
178,朱苦拉咖啡,种植环境,无霜地区
178,朱苦拉咖啡,种植土壤,沙土
178,村民,采摘,红色的咖啡果
178,村民,用牙齿 脱皮清洗,咖啡果
178,村民,置于 阴凉处干燥,咖啡豆
178,村民,放入杵臼中用木棒撞击 脱壳,干燥的咖啡豆
178,村民,加用筛子或簸箕 去壳清洗,咖啡豆
178,村民,晾干,去壳清洗后的咖啡 豆
178,村民,用鸡油或猪油 将咖啡豆焙炒,大 铁锅里
178,村民,使用柴火加热,焙炒咖啡豆
178,村民,先用大火 炒然后逐渐改用小火炒至黑 黄色起锅冷却晾干,咖啡 豆
178,村民,用石磨磨成咖啡 粉,冷却晾干后的咖啡豆
178,村民,装入围有塑料布的纸箱 中储存,咖啡粉
178,煮咖啡时,先放,糖
178,煮咖啡时,再放,咖啡
178,糖、咖啡,比例一般是,
178,村民,包上几 勺咖啡粉备用,一块粗 白色纱布
178,村民,盛上冷水放到火 塘里的三角架上煮沸,小 茶壶里
178,村民,把包了咖啡 粉的纱布包丢进去,小茶壶里
178,村民,用一把勺子 不停搅拌约分钟左右取出纱布包,小茶壶里
178,平川朱苦拉 咖啡制作技艺,入选,云南省第四批省级非物质文化遗产代表性 项目名录
178,平川朱苦拉咖啡制作技艺,代表性传承人是,杞 凤华
179,云泉豆瓣 酱,是,楚雄地区 传统食品
179,云泉豆瓣酱,既是酱又是菜,地方特色
179,宋元时期,建有,云泉 寺
179,云泉 寺内,有,云 泉井水
179,时人,用,云 泉井水腌制腐乳制作豆 酱
179,云泉 之名,由此而来,云 泉井水
179,云泉豆瓣酱,主要原料,蚕豆和小麦
179,原料,经过,人工分拣
179,分拣后的原料,进行,炒制
179,炒制后的原料,进行,粉碎
179,豆瓣颗粒,放入,缸 内
179,豆瓣 颗粒,取用,泉水 浸泡
179,浸泡 后,进行,滤水
179,加工好的 小麦粉及滤过水的豆瓣,均匀混合,进行发酵
179,发酵过程,需要,每天翻搅
179,翻搅目的,促使产生,有益菌
179,发酵成熟的 豆瓣酱,根据需求添加,各类香料
179,云泉豆瓣酱,发酵周期 长,特点之一
179,云泉豆瓣酱,用盐比例低,特点 之二
179,云泉豆瓣酱,不添加,防腐剂
179,云泉豆瓣酱,因 气候特性形成,细嫩化 渣
179,云 泉豆瓣酱,因水源特性 形成,酱香味醇厚
179,云泉豆瓣 酱,因原料特性形成,脂香味浓郁
179,云泉豆瓣酱,因生产工艺特性形成,营养丰富
179,云泉豆瓣 酱,受到喜爱,群众 广泛
179,近 千年来,传承于,楚雄地区
179,民国初年,民间作坊 数量达,百家
179,楚雄云泉酱 园有限责任公司,始创于,[具体年份未提供]
179,楚雄云泉 酱园有限责任公司,原为,云南楚雄市酱菜厂
179,楚雄 云泉酱园有限责任公司,有,较大生产规模
179,楚雄云泉酱 园有限责任公司,享有声誉,国内国际市场
179,云泉,商标注册于,[ 具体年份未提供]
179,云泉商标,沿用至今,持续使用
179,[具体年份未 提供],云泉豆瓣酱制作 技艺入选,云南省第四批省级 非物质文化遗产代表性项目名录
179,左宗炽,是,项目代表性传承人
180,猪膘肉,属于,纳西族摩 梭人
180,猪膘肉,别 称,琵琶肉
180,制作猪膘肉,时间,隆冬时节
180,制作猪膘肉,需择取,吉日
180,每次杀猪 数量,约,十余头
180,处理步骤,包括,刮干净猪毛
180,开膛方式,从肚皮居中,自 猪嘴至猪尾直划一条 口
180,操作内容,刮取,瘦肉
180,操作内容,取出,内脏
180,操作内容,取出,骨头
180,操作内容,取出,脊 肉
180,保留 部位,猪头,完整 保留
180,涂抹 材料,包括,盐巴
180,涂抹材料,包括,花椒
180,涂抹材料,包括,生姜
180,涂抹 材料,包括,大蒜
180,辅助材料,有时辅以,酥油
180,辅助材料,有时辅以,蜂蜜
180,缝制工具,用,麻线
180,缝制要求,按,整头猪 的原型完整缝制
180,晾晒方式,放在太阳下,晾晒几天
180,干燥方式,阴干,使猪肉 的水分晾干
180,存放位置,神柜或 灶台上,堆码叠放
180,象征意义,猪膘肉,象征 财富
180,判断 标准,哪家的神柜上放 满了猪膘肉,那这个家庭 在当地一定很富有
180,放置时间范围,短 的,一两年
180,放置时间范围,长的,甚至可至年以上
180,烹饪方式,包括,蒸
180,烹饪方式,包括,煮
180,烹饪 方式,包括,炖
180,烹饪方式,包括,炒
180,使用场合,婚丧节 庆,必备佳肴
180,使用场合,待客,必备佳肴
180,使用场合,祭祀,必备佳肴
180,转山节 敬献物品,格姆女神 山,猪膘肉是必不可少的上 品
180,成人 礼仪式,摩梭儿童年 满岁,站在猪膘肉 上举行
180,储存情况,摩梭人家家 户户,储存猪膘肉
180,入选项目,年纳西族猪膘 肉制作技艺,云南省第四批 省级非物质文化遗产代表性项目名录
180,代表性传承人,哥洼扎西,传承纳西族猪膘肉制作 技艺
181,汉族彩扎,传入地区,云南昆明地区
181,汉族 彩扎,代表区域,官渡区
181,官渡区彩扎,特色题材,龙
181,官渡区彩扎,特色题材,水八仙
181,彩扎制作 工艺,包括步骤,选材
181,彩扎制作 工艺,包括步骤,破篾
181,彩扎制作 工艺,包括步骤,编扎
181,彩扎制作 工艺,包括步骤,造型
181,彩扎制作工艺,包括步骤,糊裱
181,彩扎制作 工艺,包括步骤,装饰
181,选材要求,使用材料,年以上的老 竹
181,剖 竹处理,制成规格,厘米的篾条
181,预处理工序,操作方法,刮去竹子的内膜
181,预处理工序,后续处理,用水浸泡
181,预处理工序,干燥方式,置于太阳 下曝晒数日
181,编扎技巧,辅助手段,用火烘烤需要 弯折之处
181,骨架固定,使用工具,铁丝
181,糊裱材料,可选类型,棉纸或布料
181,装饰手法,实施 方式,手工彩绘
181,传统作品类型,包含项目,彩龙
181,传统作品类型,包含项目,麒麟
181,传统作品类型,包含项目,蚌壳
181,传统作品 类型,包含项目,毛 驴
181,传统 作品类型,包含项目,旱船
181,传统作品类型,包含项目,小独龙
181,传统作品类型,包含 项目,板凳龙
181,传统作品类型,包含项目,狮子
181,传统作品类型,包含项目,神像
181,传统作品类型,包含项目,盔头面具
181,传统作品 类型,包含项目,风筝
181,传统作品 类型,包含项目,灯 彩
181,传统 作品类型,包含项目,绢人
181,应用领域,用作道具,演出 道具
181,应用领域,适用节日,春节
181,应用领域,适用节日,元旦节
181,应用领域,适用 节日,端午节
181,功能用途,用于活动,游艺道具及观赏品
181,民俗关联,涉及场景,民间习俗 中的娱乐
181,民俗关联,涉及场景,庆赏
181,民俗关联,涉及场景,祭祀
181,传承 现状,面临问题,城市化 变迁
181,传承 现状,面临问题,传统 民俗文化活动空间日益衰微
181,传承现状,生产方式变化,被机械模式 化生产所替代
181,传承困境,从业者状况,掌握彩扎技艺的师傅 们年事较高
181,传承困境,核心问题,传承后继乏人
181,保护措施,入选名录,云南省第三批 省级非物质文化遗产代表性项目名录
181,项目传承人,代表性人物,余国 忠
182,撒弦乐,属于,彝族四弦 乐
182,撒弦乐,弹奏乐器,月琴
182,撒弦乐,特点,清脆悦耳
182,撒 弦乐,特点,优雅 奔放
182,撒弦乐,特点,节奏动感强烈
182,撒弦乐,轻弹效果,丝丝细雨
182,撒 弦乐,急拨效果,万马奔腾
182,撒弦乐,应用场合,民俗活动
182,撒弦乐,功能,呼朋引 伴
182,撒弦乐,功能,烘托氛围
182,撒弦乐,入选名录,《玉溪市 民间音乐》
182,撒弦乐,入选名录,《江川县民间 音乐荟萃》
182,撒弦乐,非遗级别,云南省第三批 省级非物质文化遗产代表性项目名录
182,撒 弦乐,代表性传承人,安正雄
182,月琴,别称,彝族四弦
182,月琴,使用形式,独奏
182,月琴,使用形式,伴奏
182,月琴师,民间称呼,月琴老板
182,彭 长谷,身份,月 琴师
182,跳乐活动,伴 乐,撒弦乐
183,寻甸地区,气候特点,温和
183,寻甸地区,植被状况,水 草丰茂
183,寻甸地区,适宜产业,养牛
183,农历二三月份,当地民族,回族开始饲养菜牛
183,菜牛喂养方式,使用饲料,干净的嫩 草、豆秸、玉米秸糠 与煮熟的玉米、蚕豆、 米糠、麦麸等混合成 饲料
183,寒露 节令前后,菜牛状态,膘肥体壮
183,寒露节令前后,气温变化,降低
183,寒露节令 前后,最佳时期,腌制 牛干巴
183,宰牛仪式,主持者,阿訇
183,宰牛要求,处理方式,让牛血充分流尽 使牛肉清爽
183,屠宰后工序,包括环节,剥皮、去除内脏
183,切割依据,参考标准,牛的生理结构
183,分割结果,数量及特征,二十 个干巴且左右成对
183,前截部位 名称及特点,包含部分,"呛口骨梆梆胸子 头道肋二道肋五对 ；特点描述, 膘多肉 薄"
183,后 截部位名称及特点,包含 部分,"镰刀礅子饭 盆外白火扇五对； 特点描述, 膘少肉厚"
183,切割好的 干巴处理方式,悬挂地点,阴凉通风的地方
183,腌制关键环节,操作 步骤,加盐揉搓
183,揉搓效果 影响,成品质量关系,揉得越好干巴越酥嫩 爽口
183,揉好后的牛肉存放容器,所用器皿,专门的陶坛
183,陶坛封口 方式,密封材料,麻 袋
183,陶 坛环境状态,封闭程度,半封闭环境
183,腌制时长,时间节点,至天后取出
183,最后工序,包括步骤,整形和晾晒
183,成品贮存地点,存放位置,室内通风处
183,寻甸牛 干巴特点,品质表现,肉壮、形佳、色 鲜、味美
183,喜爱群体,主要人群,云南各民族尤其是回族 同胞
183,入选 信息,项目名称,寻 甸牛干巴制作技艺
183,入选批次,具体批次,云南省第四批省级 非物质文化遗产代表性项目名录
183,项目代表性传承人,人物姓名,廖明 元
184,永香斋 酱园,号称,芥酱 名家
184,永香斋酱园,驰名中外的产品,精制玫瑰大头菜
184,徐用之 祖辈与姑表,创立,永香斋
184,永香斋,经历历史变迁,分家 /更名/建厂
184,永香斋,恢复为,昆明永 香斋酱菜厂
184,昆明永香斋 酱菜厂,与拓东 酱菜厂合并,昆明酿造 总厂
184,昆明酿造总厂,现 称,昆明拓东调味食品 有限公司
184,昆明拓东调味食品有限公司,品牌产品,永香斋玫瑰 大头菜
184,永香斋玫瑰大头 菜,制作流程包括,削皮破块
184,永香斋玫瑰 大头菜,制作流程包括,腌盐翻池
184,永香 斋玫瑰大头菜,制作 流程包括,出池滤水
184,永香斋玫瑰大头菜,制作流程包括,酱制 发酵
184,永香斋玫瑰大头菜,制作流程包括,晒 芥收贮
184,永香斋玫瑰大 头菜,主料,上等鲜芥菜头
184,上等 鲜芥菜头,处理步骤,削皮破块
184,上等 鲜芥菜头,处理步骤,上盐后三次入池 腌制
184,腌制后的芥块,转入,泡酱池内进行酱 制发酵
184,醅子酱,混合 材料,特殊处理的红糖/ 饴糖/老玫瑰糖/老 白酱
184,混合后的酱汁,用于,入池酱制芥 块
184,酱腌工艺,操作方式,装一层芥块淋一层 酱汁
184,酱腌过程,加压 材料,篾笆/木板/ 石头
184,酱腌时间,时长,八十天
184,出池后的芥块,晾晒方式,两天 半翻面再晒半天
184,晾晒 完成的芥块,后续处理,收起/入缸/压实/ 密封
184,成品前贮存发酵时间,时长,八个月
184,玫瑰大头 菜成品,皮色特征,黑亮
184,玫瑰大头菜成品,内心颜色,褐红
184,玫瑰大头菜成品,口感 特点,脆嫩滋润回甜 清香
184,玫瑰大头菜成品,优点,易贮藏和携带
184,玫瑰 大头菜,食用方式,切片生吃
184,玫瑰大头菜,食用方式,切丝 炒剁肉
184,玫瑰大头菜,食用方式,切丁与 剁碎的青辣椒、剁肉 烹制成炒三剁
184,炒三剁,属性,深受昆明人 喜爱的家常小菜
184,永香斋玫瑰 大头菜制作技艺,入选 名录,云南省第四批省级非 物质文化遗产代表性项目名录
185,姚氏中医 妇科疗法,创立者,姚 方奇
185,姚氏中医妇科疗法,创立时间,清朝乾隆年间
185,姚氏中医 妇科疗法,传承代数,八代
185,姚氏中医妇科疗法,影响 地区,昆明地区
185,姚氏中医妇科疗法,理论基础,阴阳气血
185,姚氏中医妇科疗法,辩证线索,气化 原理
185,姚氏 中医妇科疗法,治疗特点,因人、因时、因 地
185,姚氏 中医妇科疗法,适应症,妇科不孕症
185,姚氏中医妇科疗法,适应症,多囊卵巢综合征
185,姚氏 中医妇科疗法,适应症,习惯性流产
185,姚氏中医妇科疗法,适应症,先兆流产
185,姚氏中医 妇科疗法,特色疗法,保产达生汤剂
185,姚氏中医妇科 疗法,特色疗法,保 产达生大蜜丸
185,姚氏中医妇科 疗法,特色药物,姚 氏新加补血汤
185,姚氏中医妇科疗法,特色药物,四物 通经汤
185,姚氏中医妇科疗法,特色药物,七炭止血散
185,姚氏 中医妇科疗法,特色药物,外用珍珠散
185,姚氏中医妇科疗法,非遗项目级别,云南省第四 批省级非物质文化遗产代表性项目
185,姚克敏,身份,代表性传承人
185,姚克 敏,所属流派,姚 氏中医妇科疗法
185,姚克敏,传承 辈分,第六代传人
186,祥云大 营陶器制作 技艺,历史变迁,数个世纪
186,传统 作坊,蕴藏,生产生活 印记
186,烧制龙窑,蕴藏,生产生活印记
186,大营村土陶 制作工艺,是产物,生活环境
186,大营村土陶制作工艺,是产物,精神信仰
186,大营 村土陶制作工艺,呈现,劳动人民智慧
186,祥云大营 陶器制作,保留特征,传统手工技艺
186,祥云大营陶 器制作,使用原材料,高黏土
186,祥云大营陶器 制作,使用工具,慢 轮车
186,祥云大营陶器 制作,调配釉色材料,传统材料
186,制品造型,特点,沉稳
186,釉色,特点,庄重
186,制品分类,包括,生活用品
186,制品分类,包括,祭祀用品
186,制品分类,包括,艺术品
186,制作工序,包括,取泥
186,制作工序,包括,晒泥和筛泥
186,制作工序,包括,发泥
186,制作工序,包括,打泥和玩泥
186,制作工序,包括,制胚
186,制作工序,包括,上釉
186,制作工序,包括,烧制
186,制作工序,包括,出窑
186,制作过程,有礼节与禁忌,山梁忌讳
186,技艺传承,脉络清晰) 2 6. (工艺流程、土陶制品 、龙窑群,"提供资料 , 研究传统制陶技艺"
186,祥 云大营陶器制作技艺,具有价值,历史价值
186,祥 云大营陶器制作技艺,具有价值,文化价值
186,祥 云大营陶器制作技艺,具有价值,学术价值
186,祥 云大营陶器制作技艺,具有价值,艺术价值
186,祥 云大营陶器制作技艺,入选名录,云南省级非 物质文化遗产代表性项目名录扩展项目名录
186,项目代表性传承人,包括,罗晃照
186,项目代表性传承人,包括,罗志福
187,过桥米 线,属于,云南著名风味 小吃
187,过桥米线,源于,滇南一带
187,过桥米线,所属菜系,滇菜系
187,建新园 过桥米线,是品牌 之一,云南众多过桥米 线品牌
187,建 新园过桥米线,主要流传地区,云南省昆明市 等地区
187,建 新园,原名,三 合春
187,建 新园,始建于,今福 顺居原址
187,吕开能、李光亮,接手经营,建新园
187,建新园,正式更名为,建新 园
187,建 新园,寓意,建设 新家园
187,建新园,与德鑫 园合并于,公私合 营时
187,建新园、德鑫园,同属于,昆明市饮食 公司门店
187,昆明饮食服务有限公司,前身为,建新园改制后
187,建新园,继承,老店的经营 传统和惠民理念
187,建新园,承 袭,德鑫园老店 的基本做法
187,建新园选料,选用,优质籼米和粳米 按比例混合
187,建新园所用猪肉、筒 骨,选自,玉 溪、宜良一带家庭饲养的 新鲜土猪
187,建新园所用鸡肉,选自,昭通、文 山、武定一带的乡村土 鸡
187,猪 骨料,处理方法,漂 洗后放入冷水锅内加温进行 焯水处理以除去异味
187,煮沸时,捞 去,血污、浮沫
187,猪筒 骨,处理方式,用 刀背敲断
187,汤锅食材,包括,脊骨、杂骨、火腿 、鸡
187,汤水熬制过程,先用 大火煮沸打去浮沫再用中 火熬制小时汤呈乳白色 时用细丝网漏过滤去 杂质即可出原汁汤) 24. (过桥米线的 配料,"包括, 生猪肉里 脊片、凉白肉片、 火腿片、凉鸡块、玉兰 片、韭菜段、豆芽菜、 鹌鹑蛋、豆腐皮"
187,食用时,提前备好,荤菜和 生菜盘
187,米线加热方式,用 漏勺放在沸水锅内加热分钟取出 后整齐地理在碗内) 27. (过桥大碗,"加热至, 烫手 时用小毛巾取出放到托盘内"
187,趁热 放入调料,包括,味精、 虾粉、胡椒粉
187,浇入,滚烫 的老油注入汤水) 3 0. (米线和汤水,一起上桌烫制
187,烫制过程中 先烫,生肉里脊 肉用鹌鹑蛋上浆后 放入汤中烫熟后放熟 片和蔬菜最后放入米线即 食) 32. (建 新园过桥米线,"特点, 口感独特、色香味 俱佳"
187,建新园过桥米线,吸引,众多中外食客
187,建新 园过桥米线,获得 荣誉,中国美食节金鼎 奖
187,建 新园过桥米线,获得称号,中华老字号百年名 小吃
187,建 新园过桥米线,成为,云南饮食行业中的一块 金字招牌
187,建新园过桥米线 烹制技艺,入选,云南省第四批省级非物质文化遗产代表性 项目名录扩展项目名录
187,张美楷,是,项目代表性传承人
188,漾濞彝 族大刀舞,所属地区,云南大理白族自治州漾 濞县
188,漾濞彝族大刀舞,历史渊源,彝族民间 兵器舞
188,漾 濞彝族大刀舞,表演场合,红白喜事 或节庆活动
188,漾濞彝族大刀舞,象征意义,驱邪 气、除歪风
188,大刀,别名,春秋刀
188,大刀,长度,五尺
188,大 刀,重量,八斤
188,大刀,特点,刀口锋利
188,大刀舞,主要道具,大刀
188,大刀舞,套路数量现存,种 套路现仅存种
188,大刀舞,具体套路之一,面花起 头
188,大 刀舞,具体套路之二,头顶背花
188,大刀舞,具体套路之三,雪花盖 顶
188,大 刀舞,具体套路之四,背里钩心
188,大刀舞,具体套路之五,肩 绕头花
188,大刀舞,具体套路 之六,细脚抠底
188,大刀 舞,具体套路之七,左十字
188,大刀舞,具体套路 之八,右十字
188,大刀舞,具体套路之九,大 开门
188,大 刀舞,具体套路之十,小开门
188,大刀舞,具体 套路之十一,坐盘矮 桩
188,大 刀舞,具体套路之十二,三步颠
188,大刀舞,具体 套路之十三,左钩
188,大刀舞,具体套路之十四,右钩
188,大刀舞,具体套路之 十五,大刀敬礼
188,大刀舞,具体套路之十六,祭腰刀
188,大刀舞,伴随表演 形式,打歌
188,大刀舞,在打歌中的作用,烘 托渲染气氛
188,大刀舞,表演方式,舞刀者在场中央众人 相聚围成一圈
188,大刀舞,伴奏 乐器,笛子、芦笙 及对歌声
188,大刀舞,功能之一,健身
188,大刀舞,功能之 二,怡情欢乐
188,大刀舞,风格特点,有力热情奔 放富有感染力
188,大刀舞,受众 评价,深受群众喜爱传播广泛
188,大刀 舞,发展现状,集歌舞 乐、竞技于一体的综合性舞蹈艺术
188,传统大刀 舞,表演者性别,男性
188,现代 发展,新增表演者性别,女性
188,大刀舞形式演变,从 传统单刀舞到群刀舞 ) 39. (男装服饰 特点,简洁大方通常为白 对襟衣黑色绣花边马 褂黑色或深蓝色长裤及 黑布鞋
188,女装服饰特点,艳丽多 姿头饰和上衣在醒目处 都手工刺绣精美图案并用银饰品 作点缀腰系绣花围腰 搭配白色、蓝色或绿色长裤 脚穿绣花鞋) 4 1. (大刀舞传承方式 之一,家传
188,大刀舞传承方式 之二,师徒传承) 43. (大刀舞文化 地位,漾濞彝族生活中 的一项重要文化内容
188,组织基础,鸡街乡 各彝族村寨几乎都有自己的打 歌队伍和耍刀骨干) 45. (荣誉认定,入选云南省第三批省级非物质文化遗产 代表性项目名录扩展项目名录
189,嘎蒙卡 兜舞,类型,苗族 传统舞蹈
189,嘎蒙卡兜舞,包含元素,歌
189,嘎蒙卡兜舞,包含元素,舞
189,嘎蒙卡兜 舞,包含元素,芦 笙吹奏
189,嘎蒙卡兜舞,流传 地区,永平县龙街 镇安吉村
189,安吉村,称号,苗 族歌舞之乡
189,安吉苗族舞蹈,风格分类,大鼓芦笙舞
189,安吉苗族舞蹈,风格分类,芦笙 舞
189,大鼓 芦笙舞,表演场合,祭奠死者
189,芦笙舞,象征 意义,喜庆吉祥
189,嘎蒙卡兜舞,所属范畴,芦笙 舞
189,嘎 蒙卡兜舞,表演时机,各类节日庆典
189,嘎蒙卡兜舞,别称,蚩尤 之舞
189,嘎蒙卡兜舞,音乐 特点,旋律古朴优美
189,嘎蒙卡兜 舞,音乐特点,动感 明快
189,嘎蒙卡兜舞,舞蹈 节奏变化,时而舒缓时而急 迫
189,嘎 蒙卡兜舞,基本动作,转身
189,嘎蒙卡兜舞,精髓动作,邀约
189,嘎蒙卡兜舞,精髓动作,苍蝇搓 脚
189,嘎 蒙卡兜舞,精髓动作,滚松球
189,嘎蒙卡兜舞,精髓动作,结疙瘩
189,嘎蒙 卡兜舞,精髓动作,解疙瘩
189,嘎蒙卡兜舞,精髓动作,腌鸡锦鸡 摆尾
189,嘎蒙卡兜舞,领 舞者角色,芦笙吹 奏者
189,嘎蒙卡兜舞,基础 动作组合,两组交叉
189,嘎蒙卡兜 舞,基础动作组合,转身
189,嘎 蒙卡兜舞,服饰材质,生麻纺织
189,嘎蒙卡兜舞,服饰重量,全套重 达公斤
189,嘎蒙卡兜舞,服饰 特点,色彩斑斓
189,嘎蒙卡兜舞,文化属性,地域性
189,嘎蒙 卡兜舞,文化属性,民俗性
189,嘎蒙卡兜舞,文化属性,艺术观赏性
189,嘎蒙卡 兜舞,体现精神,团结互助
189,嘎蒙卡兜舞,体现 精神,积极向上
189,嘎蒙卡兜舞,入选名录,云南省第三批 省级非物质文化遗产代表性项目名录
190,《召赞 与卯蚩彩 娥翠》,主要人物,召赞
190,《召 赞与卯蚩彩娥翠》,主要人物,卯蚩 彩娥翠
190,召赞,职业,苗 家芦笙手
190,召赞,学习技艺,长管芦笙演奏
190,召赞,相识 地点,随舅习艺处
190,召赞,相爱对象,卯蚩彩 娥翠
190,召 赞,赢得认可方式,精湛的芦笙吹奏技艺
190,召赞,参加活动,自格老吹 笙祭祀会
190,三只老虎,觊觎对象,卯蚩彩娥翠
190,三只老虎,掳走地点,乌 蒙群山
190,召赞,誓言目标,找回爱妻
190,召赞,追查 线索,卯蚩彩娥翠 的歌声
190,召赞,追踪至地点,阿支迷里大山
190,三只老虎,转移地点,阿支雨 山
190,召 赞,继续追踪至地点,阿支雨山
190,三只老虎,再次挟持地点,阿麻 嘎
190,召 赞,最终发现地点,阿麻嘎
190,召赞,对抗对象,三只恶虎
190,召赞,结果,杀死三只恶虎
190,卯蚩彩 娥翠,状态变化,死而复生
190,召赞和卯蚩彩 娥翠,结局,回到 家乡
190,《 召赞与卯蚩彩娥翠 》,讲述语言,苗 语
190,《 召赞与卯蚩彩娥翠 》,最早汉语译本收录于,《中国西部苗语口碑文化 集成》
190,《中国西部苗语口碑文化集成 》,编辑者,英 人张继乔、张绍乔
190,《召 赞与卯蚩彩娥翠》,重新整理成文机构,彝良县文化馆
190,《召赞与 卯蚩彩娥翠》,入选项目,云南省第四批省级 非物质文化遗产代表性项目名录
190,《召赞与 卯蚩彩娥翠》,项目代表性传承人,马兴 才
191,阿哩,属于,彝族民间文学
191,阿哩 《创世歌》,推断起源年代,部落王国时代
191,阿哩《 创世歌》,追溯至,渔猎时代
191,阿哩,传承方式,口耳相传
191,阿哩,涉及内容,天地起源
191,阿哩,涉及内容,万物生成
191,阿哩,涉及内容,人类繁衍
191,阿 哩,涉及内容,洪水 泛滥
191,阿哩,涉及内容,祖先业绩
191,阿哩,涉及内容,英雄人物
191,阿哩,涉及内容,爱情故事
191,阿哩,组成类别,《创世史诗 》
191,阿 哩,组成类别,《英雄 史诗》
191,阿哩,组成类别,《 叙事长诗》
191,阿哩,体裁特点,五言体叙事长诗
191,阿哩,修辞手法运用,比喻
191,阿哩,修辞手法运用,夸张
191,阿哩,修辞手法运用,排 比
191,阿 哩,修辞手法运用,对仗
191,阿哩,入选项目,云南省第三批省级非物质文化遗产代表性 项目名录
191,阿哩,代表性传承人,邱忠贵
192,德培好,流传地区,红河州 石屏县哨冲镇 、龙武镇等地
192,德培好,所属民族,彝族花腰 彝支系
192,德培好,音译含义,大型集中的祭竜活动
192,祭竜,同音异写,祭 龙
192,德培 好,纪念对象,先 祖阿竜
192,阿竜,事迹,为 救百姓而牺牲
192,德培好,举行时间,每年立春后的第一个属 马日
192,德 培好,举行地点,龙树神林
192,祭祀阿竜,分类,小祭和大祭
192,咪嘎好,定义,每年举行一次的 祭竜活动
192,德培好,定义,每个属马年举行的祭竜 活动
192,德 培好祭祀活动,持续时间,三天
192,第一天,活动内容,迎 竜祭奠
192,第二天,活动内容,歌舞狂欢
192,第三天,活动内容,祈福 送竜
192,迎竜祭奠,举行地点,专门的祭祀场
192,迎竜祭奠,仪式类型,公祭
192,公祭,设置祭坛数量,个 主祭坛个辅祭坛
192,主祭坛,构造方式,用张 方桌层层叠起高达十余米
192,座分 祭坛,摆设供品,谷、米、鸡等
192,公祭时,参与人员服饰,身穿 法服的毕摩
192,毕摩,行为 动作,进入个祭坛念 诵彝文经书
192,毕摩念诵经 书,祈求内容,人 畜平安、祛病消灾
192,公祭时,同时举行仪式,竜蛋 穿石仪式
192,第二天中午,活动内容,跳民族舞蹈舞龙舞狮
192,晚上,活动内容,跳《祭 龙调》统称竜哦
192,跳祭龙调,参与人群,男女老 少皆可参加
192,跳祭龙调,形式 特点,大家拍掌转身围 圈起跳领唱者唱一句 众人助唱一句
192,第三天,上午活动,舞龙、跳杂舞的人员 在毕摩的带领下挨家挨户 跳拜
192,晚上,活动内容,举行 送竜仪式
192,德培好,体现文化,彝族古老的多神崇拜 文化
192,德 培好,承载信息,彝族许多重要历史文化信息和原始 记忆
192,德 培好,文化地位,彝族传统文化传承的重要载体
192,德培好,研究价值领域,人类学、 民俗学、民族学等
192,德培好大型 祭礼主持人,传承方式,世袭以家族、家庭传承 方式代代相传
192,年彝族德培好 习俗,入选项目,云南省 第四批省级非物质文化遗产代表性项目 名录
192,项目 代表性传承人,姓名,普江
193,彝族高山 腔,所属 民族,彝族
193,彝 族高山腔,流传地区,红河哈尼族彝 族自治州蒙自东南部山区
193,彝族高山腔,支系归属,朴拉支 系
193,彝族 高山腔,支系归属,姆基支系
193,彝族高山腔,早期演唱语言,彝语
193,彝族高山腔,现在演唱形式,汉语诗歌 体唱词
193,姆基支系雅哩嗼,曲调特点,高亢 明亮婉转悠长
193,姆基支系雅哩 嗼,结构组成,曲 头、曲调主体、曲尾
193,姆基支 系雅哩嗼,调式 类型,羽调式民歌
193,姆基 支系雅哩嗼,上下 句结构,一段式
193,姆基支系 雅哩嗼,歌词句式,七字句
193,朴拉支系高山 腔,结构类型,一段 式或两段式
193,朴拉支系高山 腔,调式类型,羽调式民歌
193,朴拉支系高山 腔,歌词句式,七字句
193,朴拉支系高山腔,情感风格,内敛清 丽苍凉缠绵
193,彝族高山腔,演唱形式,独唱
193,彝族高山腔,演唱形式,对唱
193,彝族 高山腔,主要特征,帮腔
193,彝族高山腔唱词,句式类型,四字句
193,彝族 高山腔唱词,句式 类型,五字句
193,彝族高山腔 唱词,句式类型,七字句
193,彝族高山腔唱词,修辞手法,比喻
193,彝族高山 腔唱词,修辞手法,夸张
193,彝族高山腔唱词,修辞手法,借代
193,彝族高山腔 唱词,修辞手法,双关
193,能演唱彝语的民间歌手,年龄特征,年过七 旬
193,能 熟练演唱高山腔者,年龄 特征,年过六旬
193,彝族高山 腔,传承现状,后 继乏人
193,彝族高山腔,入选 名录,云南省第四批省级非 物质文化遗产代表性项目名录
194,安宁小调,属于,民间小调
194,安宁小调,曲调 特点,朴素
194,安宁小调,旋律特点,优美
194,安宁小调,节奏特点,欢快
194,安宁小调,配词特点,灵活
194,安宁 小调,别称,滇中小夜曲
194,安宁小调,产生群体,彝、汉劳动 人民
194,安宁小调,受文化影响,汉族文化
194,安宁小调,受文化影响,江南小调
194,安宁小调,结合元素,当地民歌曲调
194,安宁小调,结合元素,当地唱 法
194,安宁小调,演唱形式,独唱
194,安宁小调,演唱形式,对唱
194,安宁 小调,演唱形式,合唱
194,安宁小调,结构特征,四句一段
194,安宁小调,衬腔用语,我的 情郎哎尼歌来
194,安宁小 调,内容主题,男女 爱慕情意
194,安宁小调,内容主题,倾诉苦难生活
194,安宁 小调,内容主题,希望五谷丰登
194,安宁小调,内容主题,富贵平安
194,安宁小调,内容主题,人丁兴旺
194,安宁小调,句式类型,明喻
194,安宁小调,句式类型,暗喻
194,安宁小调,句式类型,对比
194,安宁 小调,句式类型,排比
194,安宁小调,句式类型,形容
194,安宁小 调,句式类型,夸张
194,安宁小调,句式 类型,对偶
194,安宁小调,语言风格,简单明了
194,安宁小调,语言风格,通俗易懂
194,安宁小调,易 接唱性,典型民间小 调形式
194,安宁小调,恢复 时间,二十世纪七十年代末至八十年代 初
194,安宁小调,传承人,周存英
194,安宁小调,入选项目,云南省第四 批省级非物质文化遗产代表性项目名录
195,彝族刺绣,起源时间,尚无文字可 考
195,服饰,特征,民族 最显著的特征
195,彝族衣服/背带/围 腰,绣有,各种 花纹和图腾物
195,砚山彝族刺绣,使用工具,针/剪刀 /顶针/绷子/绣 架
195,砚山 彝族刺绣,选用材料,线/布/纸
195,绣制前步骤,包括,在纸上描绘图案并 粘贴到布料上
195,绣娘们,凭借,丰富的经验和想象力
195,一幅完整的刺绣作品,特点,图案丰富/构图精美/ 色彩选用大胆
195,砚山彝族刺绣基色,多用,红/绿 /黑
195,砚山彝族刺绣,色 系对比,强烈
195,砚山彝族刺绣,保留下来的绣法,平绣/纸花绣/打 籽绣/数纱绣/包 花绣
195,砚山彝族刺绣,集,观赏性和实用性于一体
195,绣品用途,用于,服饰装饰
195,主要装饰部位,包括,衣服/背带/ 围腰/头饰
195,所选图案花样种类,分为,花/鸟 /鱼/动物/山水/符号 线条
195,围 腰头的花样,包括,牡丹 /火焰花/石榴花/水 仙花/菊花/狗牙花 /喇叭花/梅花/荷花
195,围腰头 花纹特点,对称工整/ 图案醒目耀眼/缝制工艺精湛 ) 18. (孩童用品 装饰对象,"包括, 鱼尾 帽/兔头帽/狗头 帽/鞋子/背包/肚兜 /小香包/挂包/ 钱包/手套/披肩"
195,独立观赏绣品 示例,包括,六月牡丹/ 喜鹊眉头/蝴蝶芬芳/水 仙争艳
195,砚山彝族刺绣,入选,云南省第四批省级非 物质文化遗产代表性项目名录扩展项目名录
195,项目代表性 传承人,是,王 陆芬
195,项目代表性传承人,是,王进秀
196,彝族阿 噻调,起源地,云南省 楚雄彝族自治州双柏 县的大麦地镇、安 龙堡乡
196,彝族阿噻调,得 名原因,曲调开头和 结尾处用衬词“阿噻 ”“哎约噻”
196,彝族阿噻调,演唱内容,天文地理
196,彝族阿噻 调,演唱内容,日月 星宿
196,彝 族阿噻调,演唱内容,山川河流
196,彝族阿噻调,演唱内容,花鸟鱼虫
196,彝族阿 噻调,演唱内容,四时农事
196,彝族阿噻调,演唱内容,历史
196,彝族阿噻调,演唱内容,叙事
196,彝族阿噻 调,演唱内容,传说
196,彝族 阿噻调,演唱内容,故事
196,彝族阿噻调,演唱 内容,求教
196,彝族阿噻调,演唱内容,盘问
196,彝族 阿噻调,演唱内容,抒情
196,彝族阿噻调,唱 词特点,可长可短
196,彝族 阿噻调,唱词形式,五言一句
196,彝族阿噻调,唱词要求,讲 求押韵
196,彝族阿噻调,语言使用,彝语
196,彝族阿噻 调,演唱风格,哼 腔较多
196,彝族阿噻调,曲 调特点,规整
196,彝族阿噻 调,旋律特点,优美 抒情
196,彝 族阿噻调,音乐风格,自由委婉动听
196,彝族阿噻 调,音区特点,宽广
196,彝 族阿噻调,音程 特点,跳动较大
196,彝族阿噻调,音域范围,一般在 度以上
196,彝族阿噻调,调 式类型,羽调式
196,彝族阿 噻调,调式类型,商调式
196,彝族阿噻调,音阶组成,六声音 阶
196,彝 族阿噻调,叙事性 演唱形式一,主唱者领 唱调头、调子，众人 合声称帮腔
196,彝族阿噻调,叙事性演唱形式二,众人合唱调头进入调子后 由主唱者领唱众人合声
196,彝族 阿噻调,情歌演唱 形式,男女对唱
196,彝族阿噻 调,情歌特殊形式,男女双方互为合声
196,彝族阿 噻调,调头特点,旋律流畅
196,彝族阿噻调,调头特点,乐句较长
196,彝族 阿噻调,调头形式,常以散板形式出现
196,彝族 阿噻调,调头内容,多为客套话
196,彝族阿噻 调,调子性质,正腔即演唱正文
196,彝族阿噻调,演唱者群体,当地 彝族毕摩
196,彝族阿噻调,演唱者群体,民间歌手
196,彝族 阿噻调,代表作品,《査姆》
196,彝族阿噻调,入选项目,云南省第四批 省级非物质文化遗产代表性项目名录
196,彝族阿 噻调,项目代表性传承人,方会香
196,彝族人民,活动方式一,一边做手工 刺绣一边唱阿噻调
196,彝族人民,活动方式二,在彝 族土掌房上打跳中 进行
197,曲靖蒸 饵丝,是,曲靖 人民不可或缺的早餐之一
197,曲靖蒸饵 丝,是,云南人民 喜爱的特色美食
197,杨慎,赞不绝口,蒸饵丝
197,杨慎,连吃,三碗
197,曲靖蒸饵丝,主要 食材,筒子饵块
197,筒子饵块,由...制成,优质 粳米
197,优质 粳米,产地,曲 靖沿江、珠街及麒麟 区等地
197,筒 子饵块,制作过程,蒸熟置于碓窝中舂 制
197,筒子 饵块,处理方式,用凉水浸泡一夜后切成细 丝
197,曲 靖蒸饵丝,配料包括,肉酱
197,曲靖蒸饵丝,配料包括,卤水
197,曲靖蒸 饵丝,配料包括,酸菜
197,曲靖蒸饵丝,配料 包括,韭菜
197,曲靖蒸饵丝,配料包括,油辣椒
197,曲靖蒸 饵丝,配料包括,花椒
197,曲 靖蒸饵丝,配料包括,菜籽油
197,曲靖蒸饵丝,配料包括,红皮 大蒜
197,蒸 笼材质要求,不含金属的 全竹) 19. ( 蒸制方法,采用猛火 将饵丝蒸透
197,最佳口感标准,软硬适中有嚼头) 21. (食用方式,加上各种配料拌匀
197,搭配饮品,撒有 葱花的筒子骨汤) 23. (曲靖蒸饵 丝烹制技艺,"入选, 云南省第四批省级非物质文化遗产 代表性项目名录"
198,双江县 拉祜族葫芦 笙舞,伴奏 乐器,五管芦 笙
198,双江县拉祜族葫芦 笙舞,辅助乐器,箫
198,双江县拉祜族葫芦笙 舞,辅助乐器,牛 腿琴
198,双江县拉祜族葫芦 笙舞,辅助乐器,小三弦
198,双江县拉祜族葫芦 笙舞,音乐节奏,四分之二拍
198,双江县拉祜 族葫芦笙舞,舞步特征,踏
198,双江县拉祜族 葫芦笙舞,舞步特征,蹉
198,双江县拉祜族葫芦 笙舞,舞步特征,跺
198,双江县拉祜族葫芦笙 舞,舞步特征,抬
198,双江县拉祜族葫芦笙 舞,舞步特征,跳
198,双江县拉祜族葫芦笙 舞,舞步特征,转
198,双江县拉祜族葫芦笙 舞,主要动作特点,下蹲
198,双江县拉祜族 葫芦笙舞,主要动作特点,转身
198,双江县拉祜 族葫芦笙舞,主要动作 特点,下肢动作变化
198,双江 县拉祜族葫芦笙舞,舞蹈形式,群舞
198,双 江县拉祜族葫芦笙舞,领舞角色,打 歌师傅
198,双江县拉祜族 葫芦笙舞,表演时间,晚上
198,双江县拉祜族 葫芦笙舞,内容分类,农业生产劳动类舞蹈
198,双江县 拉祜族葫芦笙舞,内容分类,日常生活性舞蹈
198,双 江县拉祜族葫芦笙舞,内容分类,娱乐性 舞蹈
198,双江县拉祜族葫芦 笙舞,内容分类,飞禽走兽类舞蹈
198,双江 县拉祜族葫芦笙舞,内容分类,人情世故 类舞蹈
198,双江县拉祜族 葫芦笙舞,内容分类,非农业生产劳动类舞蹈
198,《三 脚歌》,别称,芦笙舞的母歌
198,《 大路歌》,关联主题,游牧游猎
198,《找 树歌》,关联主题,游牧游猎
198,《箐鸡 摆尾歌》,关联主题,游牧游猎
198,《挖 地歌》,关联主题,迁徙农业
198,《栽秧歌》,关联主题,迁徙农业
198,《敬你歌》,关联 主题,人情世故
198,双江 县拉祜族葫芦笙舞,起始曲目,《三脚歌 》
198,双江县拉祜族葫芦 笙舞,结束曲目,《 大路歌》
198,双江县拉 祜族葫芦笙舞,入选 名录,云南省第一批省级非物质 文化遗产保护名录
198,双江县拉祜 族葫芦笙舞,代表性传承 人,毕玉明
199,老滔村,名称来源,位于箐尾
199,老 滔村,有习俗,赶鸟
199,赶鸟习俗,起源时间,无法追溯
199,中国古代,重视的动物,鸡
199,鸡,称号,五德之禽
199,人们,过年 时活动,剪鸡
199,人们,过年时 活动,贴画鸡
199,新年首日,定为,鸡日
199,赶鸟式炼油渣,举行时间,每年正月 初一的第一天
199,老滔村赶鸟,组织者,当地群众
199,老滔村赶 鸟,举行时间,大 年三十
199,老滔村赶鸟,举行 时间,正月初一
199,大年三十,祭祀对象,山神
199,大年三十,祭祀对象,树神
199,大年三十,祭祀对象,土主
199,毕摩,在树神前为村民们 举行,祭祀
199,大年初一,活动,家家贴红对联
199,大年初 一,活动,燃放 爆竹
199,大年初一,活动,在香火堂前摆上贡 品
199,大 年初一,活动,煮 汤圆
199,大年初一,活动,吃汤圆
199,村民,扎一个鸟并用 细绳拴在长杆上,走亲串寨道喜问 好驱赶百鸟
199,孩子们,到每家 时大声叫,挖污（ 彝语意为吉祥）
199,孩子们,在贡 桌前行为,磕头
199,孩子们,行为后结果,拿走贡品
199,专人,行为,背着篮子集中贡 品
199,专人,行为,把每家每 户的贡肉背到油渣 山
199,全村 男女老幼,聚集地点,油渣山
199,全村男女老幼,活动,唱调子
199,全村男女老幼,活动,打扑克
199,全村男女老 幼,活动,下棋
199,毕摩,举行仪式,祭树 神仪式
199,祭树神仪式,用品,一块较大的肉放到树上祭鸟
199,油渣,炼出后处理方式,分给各家各户
199,剩余的油,送给对象,本村的 孤寡老人和困难户
199,赶鸟习俗,作用,增强民族的凝聚力
199,赶鸟 习俗,作用,营造家庭的 和睦氛围
199,赶鸟习俗,体现品德,民族团结
199,赶鸟习俗,体现品德,邻里和睦
199,赶鸟习俗,体现品德,社会和谐
199,赶鸟习俗,体现 品德,尊老爱幼
199,赶鸟习俗,体现品德,团结互助
199,赶鸟 习俗,表达价值取向,人们对美好生活长久向往
199,老滔村赶鸟习俗,入选项目,云南省第三 批省级非物质文化遗产代表性项目名录
200,《哈尼 阿培聪坡 坡》,汉语 意,哈尼族 先祖的迁徙
200,《哈尼阿培聪 坡坡》,流传地区,元江县哈尼族村 寨
200,《哈 尼阿培聪坡坡》,形式类型,口述民间 叙事长诗
200,哈尼族,文字情况,没有文字
200,《哈尼阿培聪坡坡 》,演唱者,哈 尼摩批和民间歌手
200,《哈尼阿培 聪坡坡》,使用调 式,哈尼哈吧古老 歌唱调式
200,《哈尼阿培聪坡坡 》,组成部分,歌头
200,《哈尼 阿培聪坡坡》,章节之一,《远古的虎尼 虎那高山》
200,《哈尼阿培聪坡 坡》,章节之一,《 从什虽湖到嘎鲁嘎 则》
200,《哈尼阿培聪坡坡 》,章节之一,《惹 罗普楚》
200,《哈尼阿培聪 坡坡》,章节之一,《好地诺玛阿美》
200,《哈 尼阿培聪坡坡》,章节之一,《色厄作 娘》
200,《哈尼阿培聪坡坡 》,章节之一,《谷 哈密查》
200,《哈尼阿培聪 坡坡》,章节之一,《森林密密的红河南岸 》
200,《 哈尼阿培聪坡坡》,记述内容,哈尼 族诞生、发展到一路迁徙直至今日 所居之地的路线、历程
200,《哈尼 阿培聪坡坡》,记述内容,迁徙途中的地理 地貌
200,《 哈尼阿培聪坡坡》,记述内容,生产生活
200,《哈 尼阿培聪坡坡》,记述内容,社会状况
200,《哈尼 阿培聪坡坡》,记述内容,与其他民族的关系
200,《森林密 密的红河南岸》,讲述内容,哈尼族南 渡红河之后的第一站并与傣 族和谐相处但因地理、气候 等原因不畏艰辛走进高山密林开 垦了举世闻名的哈尼梯 田繁衍生息的故事
200,《哈尼阿培 聪坡坡》,价值领域,文学价值
200,《哈尼阿培聪 坡坡》,价值领域,历史学价值
200,《哈尼阿培聪 坡坡》,价值领域,社会学价值
200,《哈尼阿培聪坡 坡》,价值领域,宗教学价值
200,《哈尼阿培聪坡 坡》,入选项目,云南省第三批省级非物质文化遗产代表性 项目名录
200,《哈尼阿培聪坡坡 》,代表性传承人,马建昌
200,《哈尼阿培聪坡 坡》,代表性传承人,李有亮
201,云南大理漾 濞县龙潭 乡,居住民族,苗族
201,苗族 妇女,创造,苗族 刺绣
201,苗族刺绣,使用材料,彩色丝线
201,苗族刺绣,使用工具,缝衣针
201,苗族 刺绣,载体布料,细 麻布
201,苗族刺绣,风格特点,分块刺绣
201,苗族刺绣,风格特点,色彩对比鲜明
201,苗 族刺绣,包含元素,民族特有符号
201,苗族男女服饰构件,包括,帽子
201,苗族男女 服饰构件,包括,围裙
201,苗族男女服饰构件,包括,飘带
201,苗族男女服饰构件,包括,上衣
201,苗族男女 服饰构件,包括,裙子
201,苗 族男女服饰构件,包括,霞帔
201,苗族男女服饰构件,包括,鞋子
201,男性大襟长 裳,袖口镶绣图案,黑白杂花
201,男性大襟 长裳,袖口镶绣 图案,蓝花
201,男性大襟 长裳,袖口镶绣 图案,黄花
201,女性围裙,底色材质,黑色棉 布
201,女性围裙,底色 材质,蓝色棉布
201,女性围 裙,绣制图案类型,花卉图案
201,老年服饰,装饰 方式,绣花飘带缠 帽
201,纯手工全绣苗族盛 装礼服,代表技艺水平,高超
201,纯手工全绣苗 族盛装礼服,穿着场合,新婚
201,纯手工全绣苗 族盛装礼服,穿着场合,丧仪
201,纯手工全绣 苗族盛装礼服,穿着 场合,祭祀活动
201,离世时 着装规定,必须穿着,盛装
201,离世时着装 规定,入殓要求,着盛装
201,龙潭苗族刺绣 工艺,特点,图案精美
201,龙潭苗族刺绣工艺,特点,针法独特
201,全套手工 男女刺绣服装构成部件,表现形式,不同
201,制作技艺,特性 描述,繁琐
201,漾濞苗族 刺绣,入选项目名录,云南省第四批省级非物质文化遗产代表性 项目名录扩展项目名录
201,李菊香,身份,项目代表性传承 人
201,吴玉清,身份,项目代表性传承人
202,丘北县,拥有,彝族弦子 舞
202,弦子,别称,月琴
202,弦子舞,核心和灵魂,弦子
202,右手奏法,包括,弹、挑、滚、撮、 扫滚
202,左手 技法,包括,按、颤 、滑、吟
202,弦子舞步法,包括,一步弦、两跺脚、 慢三步、抖抖弦、蹲 蹲调、蜜蜂采花调、 老牛擦痒、狗舂碓 、苍蝇搓脚
202,队形,包括,圆形 、直排、横排、内 八字、串花
202,男子,负责,弹奏 弦子
202,女子,动作,双手叉腰 或拍掌
202,固定的动作套路,伴随,固定的曲调
202,曲调特点,以 、拍居多) 12. (曲调特征,短小 精悍、节奏整齐、旋律优美
202,弦子 舞,通常由,一 男一女对跳
202,对跳形式,俗称,搭子
202,搭子数量,不限) 16. (《 一步弦》《两步弦》《三步弦 》舞曲,"可随意弹奏 随意起舞, 民间俗称无 根调"
202,黑彝支系,特点,步伐和套路最多弦子独 舞技巧性高难度大
202,撒尼人弦 子舞,风格,幽默 诙谐热烈欢快
202,仆拉支系弦子 舞,特色,拉手 动作和跺脚动作妙趣横 生
202,跳 弦子舞时,多为,两人一对
202,辅助伴奏乐器,包括,三眼巴乌和木叶
202,僰人支 系弦子舞,队形 多为,圆形和两个直排
202,僰人 支系拍掌动作,多 用,竹笛、二胡 、木叶、人声等烘 托气氛
202,年丘北县弦子舞,入选,云南省第三批省级 非物质文化遗产代表性项目名录扩展项目 名录
202,项目 代表性传承人,包括,杨 树良、张海云
203,尹武刺绣,发祥 时期,古堂 琅时期
203,尹武刺绣,成熟时间,清雍正年间 改土归流后
203,尹武刺绣,分布地区,昭通市 巧家县老店镇尹武 地区
203,尹武刺绣,用途,女性服饰
203,尹武刺绣,包括品类,服饰
203,尹武刺绣,包括品类,鞋帽
203,尹武刺绣,包括品类,围腰
203,尹武刺绣,包括 品类,背带
203,尹武刺绣,包括品类,枕头
203,尹武刺绣,主色调,红
203,尹 武刺绣,主色调,白
203,尹武刺绣,主色调,黑
203,尹武刺绣,主色调,黄
203,尹武刺绣,造型特点,接近美术 画
203,尹武刺绣,图案特征,左右对称
203,尹武刺绣,主要内容,花草
203,尹武刺绣,辅助内容,虫鱼 鸟兽
203,尹武刺绣,文化 符号寓意,消灾纳福
203,尹武刺绣,文化符号寓意,爱情美满
203,尹武刺绣,文化符号寓意,多子 多福
203,尹武刺绣,象征 花卉,梅花
203,尹武刺绣,象征花卉,牡丹
203,尹武 刺绣,象征动物,喜 鹊
203,尹武刺绣,象征动物,凤凰
203,儿童虎头帽,展示图腾崇拜,虎
203,尹武刺绣,融合文化元素,汉族
203,尹武刺绣,融合文化元素,彝族
203,尹 武刺绣,风格特点,细密圆润
203,尹武刺绣,色彩特点,灵秀华美
203,尹武刺绣,承载内涵,民间文化
203,尹武刺绣,反映内容,独特审美观
203,尹 武刺绣,研究价值领域,民间信仰
203,尹武刺绣,研究价值领域,人生礼俗
203,尹武刺绣,研究价值领域,民众心理
203,尹武刺绣,研究价值领域,民族美术
203,尹武刺绣,入选名录,云南省第四批省级非物质文化遗产 代表性项目名录
203,尹武刺绣,代表性传承人,刘买翠
204,阿昌族,掌握,织锦技艺
204,阿昌 族纺织技艺流程,包括,捻线
204,阿昌族纺织技艺流程,包括,纺线
204,阿昌族纺织技艺流程,包括,染线
204,阿昌族纺织技艺流程,包括,打线
204,阿昌族纺织技艺 流程,包括,经线
204,阿昌族纺织 技艺流程,包括,织布
204,阿昌族,传统,种棉花
204,阿昌族,传统,养蚕
204,织工们,捻出,棉线
204,织工们,捻出,丝线
204,棉线 /丝线,经由,纺车
204,纺车,纺成,线团
204,线团,放入,染 缸
204,染 缸,进行,反复浸泡 上色
204,染好的线,绕在,纺线筒
204,需要的线筒,插 在,织机
204,线头,绕 在,经杆
204,控制织机,织出,花样纹饰的 织锦
204,阿昌族织锦,用于,筒裙
204,阿昌族织锦,用于,挂膀
204,阿昌族织 锦,用于,花腰带
204,阿昌 族织锦,用于,绑腿
204,阿昌族织锦,用于,上衣
204,阿昌族织锦,用于,筒帕
204,阿昌族织锦,用于,包头
204,阿昌族 织锦,用于,衣服
204,阿昌 族织锦,用于,裤子
204,常用 花纹样式,分为,动物 类
204,常用 花纹样式,分为,植物 类
204,常用 花纹样式,分为,器 物类
204,动物纹样,包括,狗 牙
204,动物 纹样,包括,鸡嘴
204,动物纹 样,包括,羊角
204,动物纹样,包括,鱼眼
204,动物纹样,包括,毛虫
204,动物纹样,包括,蚯蚓
204,动物纹样,包括,蚂蚱
204,植物类纹样,包括,南瓜耔
204,植物类纹样,包括,丁香花
204,植物类纹样,包括,灯笼花
204,植物类纹样,包括,竹节花
204,器物纹样,包括,长刀
204,器物纹样,包括,托盘
204,器物纹样,包括,竹筒
204,器物纹样,包括,扭棍
204,阿昌族织锦技艺,传承者,女性
204,阿昌族织 锦技艺,特点,工序 繁多
204,阿 昌族织锦技艺,特点,费时
204,阿昌族织锦产品,用途,自给自 足
204,阿 昌族织锦产品,无法 进行,商品售卖
204,很多阿昌族妇女,不愿继续,织锦
204,阿昌 族人口,少) 5 4. (阿昌族织锦 技艺,"状态, 濒临失 传"
204,阿 昌族织锦技艺,需要,加强保护
204,阿昌族织锦技艺,入选,云南省第三批 省级非物质文化遗产代表性项目名录
204,项目代表性传承 人,是,梁润 仙
205,傣族狮子 舞,类型,阳狮舞
205,傣 族狮子舞,类型,阴狮舞
205,阳狮舞,目的,喜庆祈福
205,阴狮舞,目的,丧葬祭祀
205,阴狮舞,目的,驱鬼辟邪
205,阴狮舞,目的,寄托哀思
205,傣族狮子舞,表现形式,单狮
205,傣族狮子舞,表现形式,双狮
205,傣族狮子舞,表现形式,群狮
205,傣族狮子舞,伴奏乐器,牛皮鼓
205,傣族狮子舞,伴奏乐器,铓
205,傣族狮子 舞,伴奏乐器,锣
205,傣族 狮子舞,角色配置,两人扮狮子
205,傣族狮子舞,角色 配置,一人扮驯狮者
205,驯狮 者,道具,绣球
205,驯狮 者,道具,驯狮 棒
205,驯 狮者,道具,大 刀
205,领 狮王武色,表演内容,大小红拳
205,领狮王武色,表演内容,棍棒 拳
205,领 狮王武色,表演内容,勾镰拳
205,领狮王武色,表演内容,阴枪 拳
205,领 狮王武色,表演内容,三叉拳
205,领狮王武色,技艺特征,双手持 钢刀在八仙桌上自由翻滚 腾跃
205,傣族狮子舞,文化特征,浓郁的傣族舞蹈韵 律特征
205,傣族狮子舞,文化特征,傣拳的武术套路
205,傣族狮子 舞,入选项目,云南省 第四批省级非物质文化遗产代表性项目 名录
205,傣 族狮子舞,项目代表性传承 人,封有兴
205,傣族狮子舞,传承现状,传承队伍 不断减少
205,傣族狮子舞,传承现状,能传承文化的艺人相对较少
205,傣族 狮子舞,传承现状,承担的角色单一
205,傣族狮子舞,传承 现状,只会扮狮或者只会 引狮
205,傣族狮子舞,传承现状,能表演的剧目不多
205,傣族狮子 舞,传承现状,剧目 难度不大
205,傣族狮子舞,传承现状,动作简单重复
206,镇沅黑 陶,历史 起源地,镇 沅振太的塘房 、小寨一带
206,镇沅黑陶,原料,蚂蚁巢土/当地 优质黑胶泥
206,乾隆二十八年,建立机构,镇沅府陶瓷厂
206,镇沅府陶瓷 厂,创建人,夏 白老、年宗义
206,道光年间,销售范围,上海、北京、 印度、缅甸
206,镇沅黑陶制作流程,包括 步骤,选料配辅料→ 浸入浆池搅拌→过滤→ 沉淀→脱水→练泥备用
206,拉坯工序,执行者,工艺师
206,雕刻工序,执行者,雕刻师
206,抛光工序,使用 材料,砂纸、丝绒
206,镇沅 黑陶制品类型,包含,花瓶、烟灰缸、 樽、盂
206,镇沅黑陶功能特性,可吸附气体,一氧化 碳、甲烷
206,镇沅黑陶外观特征,黑如漆、明如镜 、硬如瓷、击如磬 ) 13. (镇沅 黑陶工艺特点,集雕 、镂、剔多种工艺于一身
206,镇沅黑 陶价值属性,融艺术性 、观赏性、实用性为一体) 15. (镇沅黑陶 制作技艺,"入选名录, 云南省级非物质文化遗产代表性项目名录 扩展项目名录"
206,镇沅黑陶项目代表性传承 人,姓名,徐世 菊
207,米线节,又名,三春节
207,米线节,又名,孟、 仲、季春
207,米线节,又名,豆糠节
207,米线节,节期 至,三月下旬打糠之 季
207,米线 节,包含活动,灯 节期间放灯
207,米线节,包含活动,唱灯
207,米线节,源于,对土主的崇拜
207,米线节,源于,对祖师的崇拜
207,米线节,源于,对龙神 的崇拜
207,各村屯,形式,轮流迎神祭神
207,目的,祈求,神灵护佑来年风调 雨顺
207,目的,祈求,国泰 民安
207,节日期间主食,是,米线
207,节日特色,有,大规模 米线盛宴
207,出巡时间,从,每年正月初一开始
207,出巡主体,包括,十堂土主
207,出巡主体,包括,六堂出巡
207,出巡主体,包括,十堂祖师
207,出巡 方式,按,固定的时间 、路线、所辖范围
207,覆盖区域,为,城乡村屯
207,组织形式,是,彩仗花灯迎 神赛会
207,判定标准,神到哪 村就是哪村的节日) 23. (仪式类型,"包括 , 迎神"
207,仪式类型,包括,栖安神
207,仪式类型,包括,祭 神
207,集体 活动,举行,祭龙 活动
207,节日 依据,以...为节日,祭龙日
207,荤节特征,对应,迎土主、祭龙 过的节
207,素节特征,对应,迎祖师过的节
207,饮食禁忌,不 刑牲,素节期间
207,特殊现象,出现,一村先后过几次 节
207,特殊 现象,出现,一天之中 数村乃至数十村同时过节
207,外在形式,表现为,迎神祭 神
207,文艺 功能,实现,娱神 、娱人
207,饮食文化,以...为主 食,名目多样的米线
207,社交活动,包括,迎宾宴客
207,文化展示,包括,各种民间文艺表演
207,所属地区,属于,玉溪市 红塔区
207,文化属性,是,传统民间风俗活动
207,历史地位,具有,广泛的群众性
207,历史地位,具有,持久性
207,历史地位,具有,民间传承性
207,文化定位,是,地方标志性文化活动
207,荣誉认定,入选,云南省第三批省级非物质文化遗产 代表性项目名录
208,直苴村,所属民族,彝族罗 倮支系
208,直苴村,位于,楚雄彝 族自治州永仁县中和镇
208,保护区,拥有,原始森林区域
208,万 马河源头,所在辖区,直苴村
208,万马河,流经地区,中和乡
208,万 马河,流经地区,万马乡
208,万马河,注入河流,金沙江
208,保护区,传统建筑类型,木垛 房
208,保护区,传统建筑类型,木楞房
208,保护区,传统建筑类型,土坯房
208,学校,建筑材料,砖瓦 房
208,保护区民居,主要 材质,土墙房
208,直苴 村,流传节日,杀 猪节
208,直苴村,流传 节日,春节
208,直苴村,流传节日,端午节
208,直苴 村,流传节日,火 把节
208,直苴村,流传 节日,七月半鬼节
208,直 苴村,流传节日,新米节
208,直苴村,婚恋习俗中心,姑娘房
208,直苴村葬礼习俗,特点,古朴隆重
208,直苴村葬礼 习俗,特点,纷繁复杂
208,直苴村,婴儿取名习俗 名称,艾乃咪
208,直苴 村,举办活动,赛 装节
208,赛装节,举办 时间,每年农历正月十五
208,直 苴村,传唱史诗,《梅葛》
208,直苴村,使用乐器,五眼笛
208,直苴村,使用乐器,哔噜
208,直苴村,使用乐器,月琴
208,直苴 村,使用乐器,响 篾
208,直苴村,传统舞蹈,打跳
208,直苴村,传统舞蹈,左脚舞
208,直苴村,传统手工艺,刺绣
208,直苴村,传统手工艺,剪纸
208,直苴 村,传统手工艺,篾编
208,直苴村,传统 手工艺,木制
208,直苴 村,传统手工艺,石雕
208,直苴村,传统 手工艺,铁制
208,直苴 村,传统手工艺,羊皮褂制作
208,直苴村,民族民间体育活动,耙 田
208,直苴村,民族民间 体育活动,捆驮子
208,直 苴村,民族民间体育活动,射弩
208,直苴村,民族民间体育活动,踩 高跷
208,直苴村,民族 民间体育活动,顶肩
208,直 苴村,民族民间体育活动,拔藤拔河
208,妇女服饰,特征,缝制刺绣 的花衣服
208,男子服饰,特征,羊皮褂
208,直苴村,称号,赛装之源
208,直苴村,称号,梅葛故里
208,直苴村,称号,彝剧之乡
208,直 苴村,称号,彝 绣圣地
208,直苴村彝族传统文化 生态保护区,入选名录,云南省第四批省级非物质文化遗产代表性 项目名录
208,李兆芬,身份,项目代表性传承人
209,拈达,含义,永远幸福安宁、长 治久安
209,拈达,所属 民族,普米族
209,拈达,性质,古老的封禅式
209,拈达,祭祀 对象,本教祖师
209,拈达,目的,寄托对山川大地的 敬畏和礼赞
209,拈达,关注内容,自然生态
209,拈达,祈祷目标,命运亨通
209,拈达,实现方式,向神灵祈祷
209,拈达,祈求内容,禳灾、平安、富裕、幸福 美好人生
209,拈达,体现精神,人与人、人与自然生灵共生共 荣
209,拈 达,体现理念,包容 万物、敬畏生命、保护生态
209,拈达,彰显理念,和谐发展
209,拈达节,举行时间,每年春天
209,拈达 节,持续时间,三天
209,拈达节,道具地点,神山上 设立祭坛
209,拈达节,神柱 高度,四五米高
209,神柱顶部,结构,圆盘
209,圆盘上,绘制内容,祖师的木板 画像
209,神 柱十三节,绘制内容,吉祥图案
209,神柱四周,绘制内容,天兵天将画像
209,每一节,代表物,吉祥动物木板 画
209,祭祀 仪式过程,时长,三天
209,全村人,活动内容,到山上 转拈达神柱
209,每家户,活动 内容,在神山上种三 棵树
209,当天 起,禁令,禁止上 山砍柴、伐木
209,当天起,措施,实行封山育林
209,拈达 则封山仪式,创造背景,普米族先民迁徙 过程
209,拈 达则封山仪式,应对 挑战,特殊自然气候条件
209,拈达则 封山仪式,文化属性,独树一帜的普米 族文化
209,普米族传统祭祀仪式拈达,文化地位,传统文化精华
209,普米 族传统祭祀仪式拈达,融合文化,福文化、生态 文化
209,普 米族传统祭祀仪式拈达,体现精神,和谐精神
209,宁蒗县 牛窝子村神山,建筑设施,拈达神坛 、神柱
209,宁蒗县牛窝子村,活动内容,每年举办 拈达节
209,普米族拈达则封 山仪式,入选项目,云南省第四批省级非物质文化遗产代表性 项目名录
209,普米族拈达则封山 仪式,项目代表性传承人,偏初里
210,德昂族,别称,茶的子孙
210,德 昂族,别称,古老的茶农
210,德昂族,创世 史诗,《达古达楞格 莱标》
210,《达古达楞格莱标 》,记载内容,德 昂族是茶叶变的
210,茶,地位,德昂族的根
210,德昂族,活动,种茶
210,德昂族,活动,饮茶
210,德昂族,活动,送茶
210,茶,用途,社会交往
210,茶,用途,防病治病
210,德昂族酸 茶制作技艺,原料,当地大叶种茶
210,德昂族酸茶 制作技艺,工具,簸 箕
210,德 昂族酸茶制作技艺,工具,竹笋叶
210,德昂族酸 茶制作技艺,工具,竹筒
210,德昂族酸茶制作技艺,工具,竹筐
210,德昂族酸 茶制作技艺,工具,揉茶机
210,茶叶采摘后,处理方式,用竹制簸箕摊 开晾晒
210,晾晒要求,条件,避免阳光直射
210,晾晒目的,确保,茶叶完整
210,晾晒目的,确保,新鲜
210,晾 晒目的,确保,匀净
210,制作流程,步骤,清洗茶叶
210,制作流程,步骤,蒸茶杀青
210,蒸好的 茶,处理方式,放置 于簸箕晾至室温
210,后续操作,内容,揉茶
210,揉茶方式,包括,手工
210,揉茶方式,包括,揉茶机
210,揉捻要求,力度,适中
210,揉捻要求,时长,适中
210,揉 捻目的,避免,茶叶 破碎
210,揉 好的茶叶,处理方式,塞入竹筒或竹筐土 坑发酵
210,发酵方式,包括,竹筒 地窖发酵
210,竹筒地窖发酵操作,用竹筐压紧) 34. (竹筒地窖 发酵操作,用洗净的竹 笋叶封口
210,竹筒地窖发酵操作,用竹篾扎紧) 36. (土坑发酵方式,"操作, 将竹筒 埋入土坑口朝下"
210,土坑发酵 方式,操作,用石板 压住竹筒底部
210,土坑发酵方式,操作,盖上泥土
210,地窖发酵方式,操作,把密封好的 竹筐茶放入地窖堆放
210,地窖发酵 要求,条件,其间不能 打开确保密封
210,发酵好的酸茶,加工 为成品方式,日光干燥
210,德昂族 酸茶,分类,湿 茶
210,德 昂族酸茶,分类,干茶
210,湿茶,保存期限,在适宜条件下可保存年
210,干茶,保存特点,可长期保存
210,湿茶,食用方式,加入番茄 、食盐、花生、香油、辣椒 等佐料
210,湿茶,特点,清香
210,湿 茶,特点,微涩
210,湿茶,特点,回甘
210,湿茶,特点,健脾开胃
210,湿茶,属性,德昂族的传统 美食
210,干 茶,用途,冲饮
210,干茶饮 用效果,汤色透亮 ) 54. (干茶饮 用效果,嗅之微酸
210,干茶饮 用效果,轻柔爽口) 56. (干茶饮用 效果,既有熟茶的柔和 又具绿茶的清新
210,干茶饮用效果,回味甘甜) 58 . (干茶饮用效果,解暑生津
210,德昂族酸茶相关 制品,包括,条茶
210,德昂族 酸茶相关制品,包括,圆茶
210,德昂族酸茶相关制品,包括,片茶
210,德昂族酸茶 相关制品,包括,砖茶
210,德昂 族酸茶相关制品,包括,团茶
210,德昂族酸茶制作技艺,入选项目,云南省第四 批省级非物质文化遗产代表性项目名录
210,德昂 族酸茶制作技艺,项目 代表性传承人,杨腊三
211,石羊,古称,白井
211,石 羊,得名原因,公羊舔土蒙氏掘 地取卤得石似羊
211,石羊,凿井采盐起始时间,西汉
211,石羊,地位,云南井盐的盛产地
211,石羊,鼎盛时期,明末 清初
211,石羊,别称,千年盐都
211,庆丰井,开凿时间,西汉
211,庆丰井,现状,沿用至今仍保存 完好
211,庆丰井,构成部分,井道
211,庆丰井,构成部分,淡水井
211,庆丰 井,构成部分,卤 水井
211,制盐前,举行 仪式,祭祀仪式
211,卤水汲取 方式,包括,辘轳提 汲
211,卤水汲取方式,包括,竹筒抽汲
211,卤水汲取 方式,包括,人工背运
211,煎盐灶类型,包括,蹄形灶
211,煎盐灶类型,包括,鸡窝灶
211,制盐 步骤一,操作内容,把卤水倒入灶上的铸铁筒 子锅中用柴煮沸使水分挥发
211,制盐步骤二,操作内容,将后排锅内的浓 盐水舀入前排锅内逐渐蒸发 水分依次向前反复操作制出盐 沙
211,制盐步骤三,操作 内容,趁热在含有少量 水分时把盐沙舀入木 模中锤紧后倒出做成 盐团
211,制盐步骤四,操作内容,再用火烘烤使其 干燥坚硬便于贮存运输
211,盐团形状,特征,圆柱体头 平体圆
211,盐团重量,约重,千克
211,盐的特点,颜色,白
211,盐的特点,质地,沙粗
211,盐的特点,味道,无苦味
211,盐用途,适宜,调味
211,盐用途,适宜,制作 咸菜
211,盐用途,适宜,腌肉
211,盐水/盐汁用途,用于,做泡菜
211,盐水/盐汁用途,用于,豆瓣酱
211,盐水/盐汁 用途,用于,面酱
211,盐水/盐汁用途,用于,腌制火腿
211,传统筒子锅 制盐技艺,缺点,耗薪多
211,传统筒子锅制 盐技艺,缺点,污染 大
211,传统筒子锅制盐技艺,缺点,耗能高
211,传统筒子锅制盐技艺,状态,濒于失传
211,传统筒子锅制盐技艺,需求,亟待保护
211,石羊 筒子锅煎盐技艺,入选项目,云南省第四批省级 非物质文化遗产代表性项目名录
211,石羊 筒子锅煎盐技艺,代表性传承人,赵仲武
212,祥云县 刘厂镇王 家庄村,碱 地开发起始时间,清雍正年间
212,祥云县刘厂镇王 家庄村,碱地开发成熟 时间,清末世纪年代
212,祥云县刘厂 镇王家庄村,碱地 开发鼎盛时期,达到鼎盛
212,土碱制作技艺,基础设施,碱地
212,土碱制作技艺,基础设施,蓄水塘
212,土碱制作技艺,基础设施,碱水台 子
212,土碱 制作技艺,基础设施,硝 房
212,土碱 制作技艺,基础设施,熬 硝房
212,土 碱制作技艺,工具,撑杆
212,土碱制作技艺,工具,水桶
212,土碱制作技艺,工具,锄头
212,土碱制作技艺,工具,粪箕
212,土碱制作技艺,工具,长把瓢
212,土碱制作 技艺,工具,草席
212,土碱 制作技艺,工具,硝 盆
212,土 碱制作技艺,工具,硝箍盆
212,土碱制作技艺,工具,硝箍
212,土碱制作技艺,工具,脱瓢
212,土碱制作技艺,工序,铺撒泡灌
212,铺撒 泡灌,操作步骤,将沙均匀铺撒到硝地 墒子上
212,铺撒泡灌,沙 厚要求,约厘米
212,铺撒泡灌,水源,温泉
212,铺撒泡灌,水量控制,适中浸 湿即可
212,铺撒泡灌,等待时间,隔一天半左右
212,铺撒泡灌,现象判断标准,硝 地水蒸发干
212,铺撒泡灌,重复次数,五次水
212,铺撒泡灌,收获时机,墒面上 出现雪白色时
212,收获硝灰,操作 方式,将雪白的硝 灰铲刮起来
212,收获硝灰,运输 工具,刮硝挑入硝 灰房
212,收获硝灰,后续准备,将生沙撒入硝地 准备下一轮生产
212,过滤提纯,所属 环节,两次蒸发环节中间的 粗加工
212,过滤提纯,原料填入 物,硝灰
212,过滤提纯,处理方式,踩实填满掺 添温泉水让其过滤到台子 洞
212,过滤 提纯,循环次数,二至三次
212,过滤提纯,结果产物,暗红色的浓缩水即酽 水
212,熬 制,原料来源,碱 水经台子过滤提纯后
212,熬制,颜色特征,黄里 透红的晶亮色
212,熬制,地点,熬硝房锅内
212,熬制,火候要求,猛火 熬煮一昼夜
212,熬制,作用过程,进行第二次蒸发
212,成形,前期准备,平整出床铺大小的硝 灰
212,成形,压实工具,木块
212,成形,防粘措施,铺上 浸水的秧草席
212,成形,辅助器具,硝箍盆和硝箍
212,成形,蘸水脱制目的,避免粘连
212,成形,环境要求,不 可见阳光
212,成形,最佳成形时间,清晨
212,成形,气温条件,低、 凉爽
212,晾 晒入库,开始时间,中午十二点前后
212,晾晒入库,晾 晒容器,晒硝粪箕
212,晾晒 入库,环境要求,宜 通风凉爽不宜暴晒
212,晾晒入库,干燥 判断标准,土碱发白 可在阳光下晒至干透
212,制硝牙,产品性质,土碱精品
212,制硝 牙,外形特征,形 似大块冰糖
212,制硝牙,颜色特征,色黄白晶莹呈半 透明状
212,制硝牙,制作季节限制,可结冰的严冬
212,制硝 牙,前期处理,将 浓酽水沉淀、去杂质
212,制硝牙,盛放容器,瓦 盆
212,制 硝牙,取出方法,在瓦盆底放入热水稍加 温便可完整取出
212,制硝牙,后期 处理,晾干后收藏
212,土碱产品,销售地区,下关
212,土碱产品,销售地区,大理
212,土碱产品,销售地区,洱源
212,土碱 产品,销售地区,鹤 庆
212,土 碱产品,销售地区,姚安
212,土碱产品,销售地区,大姚
212,土碱产品,销售地区,楚雄
212,土碱产品,销售 地区,昆明
212,土碱产品,用途 领域,日常生活
212,土碱产品,用途 领域,工业生产
212,土碱制作技艺,入选名录,云南省第四批省级 非物质文化遗产代表性项目名录
212,土碱制作技艺,项目代表性传承人,朱永明
213,火草纺织 技艺,属于,中国纺织史
213,火 草纺织技艺,原料,野生植物的叶子
213,火草纺织技艺,混纺类型,以野生植物 为原料
213,《 南诏通纪》,记载 内容,草叶三四寸蹋 地而生。叶背有绵取 其端而抽之成丝织 以为布宽寸许。以为可以为 燧取火故曰火草。
213,火草纺织技艺,承担者,家庭妇女
213,火草纺织 技艺,用途,解决穿衣 问题
213,过去当地 彝族,备置物品,一套火草麻布衣作为 孝服
213,现在 当地彝族,加工成,衣裤绣上图案花纹作为 节日盛装
213,火草纺织技艺,包括工序,种麻
213,火草纺织技艺,包括工序,割麻
213,火草纺织技艺,包括 工序,晒麻
213,火草纺织技艺,包括工序,剥麻皮
213,火草纺织 技艺,包括工序,晒麻 皮
213,火 草纺织技艺,包括工序,浸泡麻皮
213,火草纺织技艺,包括工序,分麻皮
213,火草纺织技艺,包括工序,切麻线
213,火草纺织 技艺,包括工序,采火 草叶
213,火草纺织技艺,包括工序,撕白丝
213,火草纺织技艺,包括 工序,搓丝线
213,火草纺织技艺,包括工序,绕丝团
213,火草 纺织技艺,包括工序,纺 线
213,火 草纺织技艺,包括工序,煮麻线
213,火草纺织技艺,包括工序,洗麻线
213,火草纺织技艺,包括工序,晒麻线
213,火草纺织 技艺,包括工序,上羊 油
213,火 草纺织技艺,包括工序,绕线
213,火草纺织技艺,包括工序,上机纺织
213,火草麻布,特点,绵软洁白结实耐磨 冬暖夏凉
213,火草麻布,评价,麻布中的上品
213,火草 纺织技艺,制作原料,葛麻
213,火草纺织技艺,制作原料,火草
213,葛麻和火草,来源,大自然
213,葛麻和火草,特性,柔韧性
213,葛麻和 火草,特性,保暖 性
213,火 草纺织技艺,性质,保存较为完整的家庭手工艺
213,火草纺织技艺,地位,西南少数民族在 纺织技术上一项重要的创造和发明
213,火草纺织 技艺,地位,南华 县彝族心灵与智慧的结晶
213,火草 纺织技艺,入选项目,云南省第三批省级非物质文化遗产代表性 项目名录扩展项目名录
213,火草纺织技艺,项目代表性传承人,罗 应琴
214,纳西族 医药,吸纳 融合,藏族医学 知识
214,纳西族医药,吸纳 融合,白族医学知识
214,纳西族医药,吸纳融合,汉族医学 知识
214,纳西 族医药,建立在,卢 色阴阳
214,纳 西族医药,建立在,精威五行学说
214,纳西族医药,建立在,巴格图哲学观
214,纳西族医药,采用,看诊法
214,纳西族 医药,采用,三段 切诊法
214,纳西族医药,治疗范围 涵盖,内科
214,纳西族医药,治疗 范围涵盖,外科
214,纳西族医药,治疗范围涵盖,妇科
214,纳西族 医药,治疗范围涵盖,小儿科
214,纳西族医药,特别擅长 治疗,风湿病
214,纳西族医药,特别擅长治疗,骨折
214,纳西族 医药,特别擅长治疗,跌打损伤
214,纳西族医药,特别 擅长治疗,小儿积食
214,纳西族 医药,剂型包括,药丸
214,纳西族医药,剂型 包括,汤剂
214,纳西族医药,剂型包括,散剂
214,纳西 族医药,剂型包括,搽剂
214,纳西族医药,剂 型包括,酒剂
214,纳西族医药,剂型包括,洗 剂
214,和 介山,著作,《玉 龙本草》
214,《玉龙本草》,载有,本地产 中草药种
214,《玉龙本草》,阐述,纳西用药之单 方
214,《 玉龙本草》,记录,采挖时间地点
214,《玉龙本 草》,记录,加工 炮制
214,《玉龙本草》,记录,药用部位
214,《玉龙本草 》,记录,功效
214,《玉龙 本草》,记录,主治
214,纳 西族医药,代表性传承人,和忠
214,纳西族医药诊疗法,入选,云南省第三批 省级非物质文化遗产代表性项目名录
215,彝族火 草纺织,流传地区,云南省 昆明市石林县一带
215,彝族 火草纺织,流传地区,石林西南部的圭山
215,彝族火草 纺织,流传地区,长 湖等撒尼人聚集区
215,彝族火草 布,所属民族,彝 族撒尼人
215,火草叶,生长时间,每年七八月间
215,火草叶,生长环境,山坡沟箐
215,火草叶背面,具有物质,乳白色 纤维
215,火草 叶背面纤维,特性,具有一定韧性
215,火 草叶背面纤维,用途,制作火草褂子的原料
215,撒尼妇女 们,采集行为,到 山上采集火草叶片
215,采回的火草 叶片,处理时限,三天 之内捻成线绕成团
215,纺织时间,季节,冬季农闲时
215,一件火 草褂子,所需原料量,至公斤的火草叶片
215,火草 布制作工艺,包括工序,采火草
215,火草布制作工艺,包括 工序,洗火草叶
215,火草布 制作工艺,包括工序,撕 火草绒
215,火草布制作工艺,包括 工序,捻火草线
215,火草布 制作工艺,包括工序,纺 火草线
215,火草布制作工艺,包括 工序,上线架拧线
215,火草布 制作工艺,包括工序,圈 火草线
215,火草布制作工艺,包括 工序,提火草线
215,火草布 制作工艺,包括工序,织 火草布
215,火草布制作工艺,包括 工序,量体裁布缝衣
215,火草 布,特点,不生 虫
215,火 草布,特点,抗 腐蚀
215,火 草布制成服装,特点,冬暖夏凉
215,火草布制成服装,特点,养身养颜
215,火草 布制成服装,特点,防雨耐磨
215,生态问题,影响因素,生态日益恶化
215,生态问题,影响因素,外来物种紫茎泽兰 的滋生蔓延
215,火草叶,现状,在石林境内越来越少
215,火草布制作 技艺,传承状态,传承 乏人处于濒危状态
215,火草纺织技艺,入选名录,云南省第四 批省级非物质文化遗产代表性项目名录 扩展项目名录
215,火草纺织技艺,项目 代表性传承人,杨竹兰
216,云南大理漾 濞县鸡街 乡,拥有,彝族刺绣
216,彝族刺绣,图案纹样包括,动物
216,彝族刺绣,图案纹样包括,树木
216,彝族 刺绣,图案纹样包括,花
216,彝 族刺绣,图案纹样包括,鸟
216,彝族刺绣,图案纹样 包括,抽象几何纹样
216,彝族刺绣,装饰元素,银饰点缀
216,彝族刺绣,应用领域,服饰
216,彝族刺绣,应用领域,鞋子
216,彝族刺绣,应用领域,鞋垫
216,彝族刺绣,应用领域,背包
216,彝族刺绣,应用领域,钱包
216,彝族刺绣,应用领域,被套
216,彝族刺绣,应用领域,枕头
216,彝 族刺绣,应用领域,帐 帘
216,彝 族刺绣,应用领域,荷 包
216,彝 族刺绣,成就了,彝族服饰的华丽
216,彝族刺绣,凸显出,技艺高超
216,新娘服装,特别突出,彝族刺绣
216,彝族 少女,学习内容,多种 刺绣针法
216,彝族少女,后续学习,拼接图案
216,彝族少女,后续 学习,色彩搭配
216,十一、二岁时的 彝族少女,能力,独自设计绣样
216,出嫁时,必须 穿着,亲手设计和缝制的新娘 嫁衣
216,彝族刺绣,传承方式,女性传承
216,年漾濞彝族刺绣,入选,云南省第四批省级 非物质文化遗产代表性项目名录扩展项目 名录
216,吉 珍琳,身份,项目 代表性传承人
216,胡花妹,身份,项目代表性传承人
217,彝族火 把节,别称,过大 年
217,彝族火把节,流传地区,云南省玉溪市 新平县
217,彝族火把节,活动 时间,每年农历六月二十三至 二十五日
217,彝 族火把节,起源传说,黑体拉巴抗击恶魔
217,彝族火 把节,起源传说,妮璋阿芝发动群众扎火 把
217,彝族 火把节,祭祀动物,公牛
217,彝 族火把节,祭祀动物,鸡
217,彝族火把节,祭 献对象,喝咱神堂
217,彝族火 把节,祭献对象,祖宗
217,彝族火把节,艺术 形式分类,群众性音乐歌舞
217,彝族 火把节,艺术形式分类,固定乐种/舞种
217,彝族 火把节,文化意义,加强民族自我认同
217,彝族火把节,文化意义,促进社会 和谐进步
217,彝族火把节,文化 意义,传承传统优秀传统文化
217,彝族火 把节,面临问题,传统观念及习俗淡化
217,彝族火把节,面临问题,节庆 活动城镇化
217,彝族火把节,面临 问题,民俗活动商业化
217,彝族火把 节,入选名录,云南省 第四批省级非物质文化遗产代表性项目 名录扩展项目名录
217,彝族火把节,代表性传承人,鲁文 林
217,彝 族火把节,核心元素,火崇拜
218,河口瑶族自治县,所属民族,瑶族
218,蓝靛瑶,支系 类型,河口县瑶族
218,红头 瑶,支系类型,河口县瑶族
218,度戒仪式,核心内容,开天、地 、人、佛、畜、鬼 六道
218,度戒仪式,授予戒 律,十戒、十问
218,度 戒仪式,教育目的,道德与行为规范
218,度戒仪式,体现文化,祖先崇拜
218,度戒仪式,体现文化,自然崇拜
218,度 戒仪式,体现文化,孝道文化
218,度戒仪式,功能属性,人生礼仪
218,度戒 仪式,程序分级,日 午灯筵
218,度戒仪式,程序分级,贡筵红楼
218,度戒仪式,程序分级,金楼明真
218,度戒仪式,主要程序,投坛 投师
218,度戒仪式,主要 程序,开经
218,度戒仪式,主要程序,设坛
218,度戒仪式,主要程序,喃师
218,度戒仪式,主要程序,动鼓安帅
218,度戒仪式,主要程序,功曹奏庙
218,度戒仪式,主要程序,招龙 运水
218,度戒仪式,主要 程序,祝贺楼台
218,度戒 仪式,主要程序,请 圣证明
218,度戒仪式,主要 程序,启师授戒
218,度 戒仪式,主要程序,存黍存谷魂
218,度戒仪式,主要程序,安坛
218,度戒仪式,主要程序,场筵奉送
218,度戒仪式,持续时间,两天一夜
218,高 级别仪式,持续时间,七天 七夜
218,高级别仪式,现状,失传
218,度戒仪式,文化载体,套组合舞蹈
218,度戒仪式,文化载体,音乐节奏
218,度戒仪式,文化载体,曲调
218,度戒 仪式,入选项目,云南省 第四批省级非物质文化遗产代表性项目 名录
218,河口瑶族度戒,代表性传承人,李文山
219,彝族三 弦制作技艺,遍及地区,南华县十个乡镇
219,制作 材料,包括,刺桐
219,制作材料,包括,楸木
219,制作材料,包括,红木
219,制作材料,包括,黄杨
219,制作材料,包括,紫柚木
219,弦筒备料规格,类型,米大三弦
219,弦 筒备料规格,类型,米中三弦
219,弦筒备料 规格,类型,米小三 弦
219,弦筒加工工艺,步骤,锯成四角形
219,弦筒 加工工艺,步骤,剜空
219,弦筒加工工艺,步骤,用砂布打磨成形
219,弦筒装饰 工艺,操作,题款
219,弦筒装饰工艺,操作,雕花
219,弦皮材质,选用,上等大羯羊 皮
219,弦皮处理要求,晒 干时间,五天以上
219,蒙弦 皮前处理,操作,泡软干皮
219,蒙弦皮前 处理,操作,去掉毛 和皮肉杂质
219,弦滚材质,使用,牛角
219,弦杆 原料,包括,刺桐
219,弦 杆原料,包括,楸木
219,弦杆原料,包括,红 木
219,弦杆原料,包括,黄杨
219,弦杆原料,包括,紫柚木
219,弦杆尺寸分类,类型,大中小三种
219,弦钮材质,使用,龙竹
219,弦钮材质,使用,金梅花树
219,弦山材质,使用,龙竹
219,弦 山材质,使用,金 梅花树
219,弦码形状,形 似,虎头
219,弦码工艺 要求,需进行,精细 雕刻
219,弦码位置,放置于,羊皮中央
219,弦码功能,用于调节,三弦 共鸣之声
219,传统弦线材料,包括,浸蜡麻线
219,传统弦 线材料,包括,羊肠 线
219,传统弦线材料,包括,马尾毛
219,传统弦线材料,包括,尼龙线
219,现代弦 线材料,采用,钓鱼 线
219,弦线连接方式,系 于,菱形弦杆末端 与三个弦轴之间
219,油漆工艺基础,素弦上涂覆,清漆
219,彩色油漆类型,包括,桐油漆
219,彩色油漆类型,包括,生漆
219,护弦制作 材料,使用,有色图 钉
219,弦带制作者群体,由,彝族少女手工刺绣
219,弦带长度特征,长约,米
219,弦带图案主题,多为,花鸟虫鱼
219,弦 带装饰元素,配有,彩色绣球
219,代表曲目举例,《 江边小调》) 49. (代表曲目举例,《西南小调》
219,代表曲目 举例,《高山小调》) 51. (代表 曲目举例,《山鸽子》
219,代表 曲目举例,《阿苏遮》 ) 53. ( 文化功能定位,"作为主要伴奏 乐器用于, 彝族舞曲"
219,应用场景关联习俗,包括婚俗活动 ) 55. ( 应用场景关联习俗,包括丧葬仪式
219,应用场景关联习俗,包括歌舞表演) 57. (应用场景 关联习俗,包括祭祀活动
219,应用场景关联 习俗,包括农耕生产) 59. (社会价值体现,促进民族团结
219,文化传承意义,传承彝族传统文化) 61. (非遗认定级别,入选云南省第四批省级非 物质文化遗产代表性项目名录
219,项目代表性传承 人,周建荣) 63. (项目代表性 传承人,起开才
220,报恩寺,始建于,明崇祯年间
220,报恩寺,位于,富源县太华山
220,慧光法师,建起,报恩 寺
220,报恩寺,取义,报答救命恩德广结佛 缘弘扬佛法造福百姓
220,当地百姓,将...定为,农历三月二十 日
220,农历三月二十日,是,龙王爷的圣诞日
220,营上镇 庙会,成为,云南 东部范围最广并影响贵州西部 的庙会活动
220,营上镇庙会,包括,香客烧香
220,营 上镇庙会,包括,祈福诵经
220,营上镇庙会,包括,拜佛许愿
220,营上镇庙会,包括,全羊汤锅
220,营上镇 庙会,包括,凉粉 卷粉
220,营上镇庙会,包括,酸菜猪脚
220,营 上镇庙会,包括,糯米粑粑
220,营上镇庙会,包括,竹编草编
220,营上镇庙会,包括,剪纸刺绣
220,营上镇庙会,包括,山歌赛
220,营 上镇庙会,包括,竹竿舞
220,营上镇庙会,包括,广场舞
220,营上 镇庙会,包括,民间 乐器演奏
220,营上镇庙会,包括,气功
220,营上镇 庙会,包括,魔术表演
220,营上镇庙会,包括,耍龙舞狮
220,营上镇 庙会,包括,旱船 表演
220,翟三德,是传承 人,营上镇庙会
220,苏金昆,是传承人,营上镇庙会
220,尤 宝国,是传承人,营上镇庙会
220,王竹 美,是传承人,营上镇庙会
220,田菊芬,是传承人,营 上镇庙会
220,营上镇庙 会,入选,云南省第四 批省级非物质文化遗产代表性项目名录
221,纳西族 传统婚俗,演变阶段,恋爱和婚姻都自由
221,纳西族 传统婚俗,演变阶段,恋爱自由而婚姻不自主
221,纳西族传统 婚俗,演变阶段,法制条件下的恋爱自由婚姻自主
221,纳西族传统 婚俗,形成时间,清雍正元年后
221,纳西族传统婚俗,步骤,说亲
221,纳西族传统婚 俗,步骤,订婚
221,纳西族传统 婚俗,步骤,结婚
221,说亲,核心内容,媒约
221,定亲,核心内容,聘礼
221,结婚,核心 内容,彩礼
221,纳西族传统婚俗,组成部分,宴席
221,纳西族 传统婚俗,组成部分,回门
221,纳西族传统婚俗,文化属性,纳西文化和 外来文化融合的产物
221,纳西族传统婚俗,地方特色,不失地方 特色与民族特色
221,纳西族传统婚俗,了解途径,了解纳 西文化的一扇重要窗口
221,纳西族传统婚 俗,地域文化特点,显著的地域文化特点
221,纳西族传统婚 俗,多民族特点,纳西、藏、白、汉 及丽江其他民族参与互动
221,纳西族传统 婚俗,民族文化多样性,具有民族文化多样性
221,纳西族传统婚俗,宗教文化多元性,具有 宗教文化多元性
221,纳西族传统婚俗,民族团结和谐,突出特征
221,纳西 族传统婚俗,人文关怀,尊老爱幼
221,纳西族传统 婚俗,人文关怀,邻里和睦
221,纳西族传统婚俗,人文关怀,人生美满
221,纳西族传统 婚俗,人文关怀,万物和谐
221,纳西族传统婚俗,研究价值(人类学/民俗学),在人类学、民俗学研究中具有 重要价值
221,纳西族传统婚俗,反映内容,自然环境
221,纳西族传统婚 俗,反映内容,社会 制度
221,纳 西族传统婚俗,反映 内容,经济制度
221,纳西族传统婚 俗,反映内容,生产 条件
221,纳 西族传统婚俗,反映 内容,发展轨迹
221,纳西族传统婚 俗,研究价值(历史学 /政治学/经济学/地理学 ),在历史学、政治学 、经济学、地理学研究中具有重要 价值
221,当前 文化交流,影响结果,纳 西族婚礼形式日趋多样化和复杂 化
221,当前 文化交流,影响结果,许多 重要程序和经典内容逐渐简化
221,纳西族 传统婚俗,入选项目,云南省第四批省级非物质文化遗产 代表性项目名录
222,孟连傣 族手工造纸技艺,生产形式,一家一户
222,孟连傣族 手工造纸技艺,传承方式,传女不传男
222,孟连傣族手工 造纸技艺,采用纸模材料,自制土布和竹片 合成
222,孟连 傣族手工造纸技艺,造纸 原料,桑科植物构树 皮
222,孟连 傣族手工造纸技艺,保留 流程,中国古代造纸的工艺流程
222,孟连傣族 手工造纸技艺,工艺流程步骤,采构皮
222,孟连傣族手工造纸技艺,工艺流程步骤,去杂质
222,孟连傣 族手工造纸技艺,工艺流程步骤,浸泡
222,孟连傣族手工造纸技艺,工艺流程步骤,蒸煮
222,孟连傣 族手工造纸技艺,工艺流程步骤,漂洗
222,孟连傣族手工造纸 技艺,工艺流程步骤,打 浆
222,孟 连傣族手工造纸技艺,工艺流程步骤,浇纸
222,孟连傣族 手工造纸技艺,工艺流程步骤,晒纸
222,孟连傣族手工造纸技艺,工艺流程步骤,揭纸
222,孟连 傣族手工造纸技艺,使用 工具,煮锅
222,孟连傣族手工 造纸技艺,使用工具,抄纸器
222,孟连傣族手工造纸技艺,使用工具,水槽
222,孟连傣 族手工造纸技艺,使用工具,木槌
222,孟连傣族手工造纸 技艺,使用工具,戥 子
222,孟 连傣族手工造纸技艺,使用工具,木块或石头
222,孟连 傣族手工造纸技艺,使用 工具,砑光工具
222,孟连傣族 手工造纸技艺,主要原料俗称,革皮树
222,孟连傣族手工 造纸技艺,主要原料傣语 称,埋沙
222,波艾章,创新方法,在构皮中 加适量榕树皮以一定比例一起 浸泡、蒸煮
222,孟连傣族传统造纸,特点,不添加化学 制剂
222,孟 连傣族传统造纸,纸张 特性,纤维韧性好
222,孟连傣族 传统造纸,纸张特性,脉络清晰
222,孟连傣族传统造纸技艺生产的 纸,用途,抄写 经文
222,孟连傣族传统造纸技艺生产的 纸,用途,制作佛教 用品
222,孟 连傣族传统造纸技艺生产的纸,用途,绘画首选纸
222,孟连 傣族传统造纸技艺生产的纸,用途,银行捆扎现金 人民币
222,孟 连傣族传统造纸技艺生产的纸,用途,普洱茶包装
222,孟连傣 族所在地域,地理特征,与东南亚国家山水相连
222,孟连傣族 所在地域,文化联系,一脉相传的文化联系
222,孟连傣族所在 地域,作用,对我国 边疆民族地区的文化传播起到了重要作用
222,孟连傣 族手工造纸技艺,价值,科学价值
222,孟连傣族手工造纸技艺,价值,经济实用价值
222,孟连 傣族手工造纸技艺,入选 名录,云南省第一批省级非物质 文化遗产保护名录
222,孟连傣族手工造纸技艺,代表性传承人,波 玉种
222,孟连傣族手工造纸技艺,代表性传承人,波艾 胆
222,孟 连傣族手工造纸技艺,代表性传承人,波艾章
223,迪庆唐 卡,所属 流派,噶玛 嘎孜派
223,噶玛嘎 孜派,艺术特点,鲜明的民族特点
223,噶玛嘎孜派,艺术特点,浓郁的宗教 色彩
223,噶玛嘎孜派,艺术 特点,独特的艺术风格
223,噶玛嘎 孜派,综合反映,宗教情怀
223,噶玛嘎孜派,综合反映,禅修实证
223,噶玛 嘎孜派,综合反映,高超技艺
223,迪庆唐卡,形制,竖长条 幅
223,迪庆唐卡,画心 材质,白布
223,迪庆唐 卡制作工序,包括,绷 框
223,迪庆唐卡制作工序,包括,涂胶
223,迪庆唐 卡制作工序,包括,打磨
223,迪庆唐卡制作工序,包括,勾线
223,迪庆唐卡 制作工序,包括,着色
223,迪庆唐卡,遵循规范,经书上的仪轨
223,迪 庆唐卡,遵循规范,上师的要求
223,迪庆唐卡 颜料来源,使用材料,矿物颜料
223,迪庆唐卡颜料来源,使用材料,金
223,迪 庆唐卡颜料来源,使用 材料,银
223,迪庆唐卡 颜料来源,使用材料,珍珠
223,迪庆唐卡颜料来源,使用材料,珊瑚
223,迪庆 唐卡颜料来源,使用材料,玛瑙
223,迪庆唐卡 颜料来源,使用材料,绿松石
223,迪庆唐卡颜料 来源,使用材料,孔雀 石
223,迪庆唐卡颜料来源,使用材料,朱砂
223,迪 庆唐卡颜料来源,使用 材料,藏红花
223,迪庆唐 卡颜料来源,使用材料,大黄
223,迪庆唐卡颜料 来源,使用材料,蓝 靛
223,迪庆唐卡颜料来源,使用材料,动物的骨 或角
223,迪庆唐卡,构图特征,严谨
223,迪庆唐 卡,手法特征,精细
223,迪庆唐卡,绘制周期,数月或几年
223,迪庆 唐卡,用色特点,对比强烈
223,迪庆唐卡,用色特点,色彩富 丽
223,迪庆唐卡,画面 效果追求,金碧辉煌
223,迪 庆唐卡内容题材,包括,佛
223,迪庆唐卡内容题材,包括,菩萨
223,迪庆唐 卡内容题材,包括,金刚
223,迪庆唐卡内容题材,包括,护法
223,迪庆唐卡 内容题材,包括,天王
223,迪 庆唐卡内容题材,包括,度母
223,迪庆唐卡内容 题材,包括,藏族历史
223,迪 庆唐卡内容题材,包括,藏族文化
223,迪庆唐卡内容 题材,包括,地理
223,迪庆 唐卡内容题材,包括,科技
223,迪庆唐卡内容题材,包括,医学
223,迪庆唐卡 内容题材,包括,历法
223,迪庆唐卡,功能属性,以画言史
223,迪庆 唐卡,功能属性,叙事
223,迪庆唐卡,功能 属性,载道
223,迪庆唐 卡,功能属性,弘 法
223,迪庆唐卡发展历程阶段,包括,探索
223,迪庆唐卡 发展历程阶段,包括,共融
223,迪庆唐卡发展历程阶段,包括,成形
223,迪庆唐卡发展历程 阶段,包括,发展
223,迪庆 唐卡,艺术风格特征,独特
223,迪庆唐卡,表现手法特征,独特
223,迪庆 唐卡,传统工艺特征,独特
223,迪庆唐卡,民族特色特征,鲜明
223,迪庆 唐卡,反映对象,迪庆藏族文化的艺术成就
223,迪庆 唐卡,文化地位,藏文化独树一帜的绘画 艺术形式
223,迪庆唐卡,文化地位,藏传佛教文化的 瑰宝
223,迪庆唐卡,文化地位,藏族文化的精髓
223,迪 庆唐卡,价值属性,艺术价值
223,迪庆唐卡,价值属性,收藏价值
223,迪 庆唐卡,入选项目,云南省第四批省级非物质文化遗产 代表性项目名录
223,迪庆唐卡项目 代表性传承人,是,鲁茸吉称
224,髹漆工艺,历史地点,云南
224,漆器,使用场景,佛寺 活动
224,漆器,使用场景,傣族 日常生活
224,傣族 漆器,制作步骤,备料
224,傣 族漆器,制作步骤,编制
224,傣 族漆器,制作步骤,装饰
224,备 料,包括工序,选竹
224,备料,包括工序,破篾
224,备料,包括工序,选料
224,备料,包括工序,编制箩身
224,备料,包括工序,制作提柄
224,备料,包括工序,制作支脚
224,备料,包括工序,组装
224,备料,包括工序,铺 地
224,备 料,包括工序,上漆
224,备料,包括工序,彩绘
224,撒毫,含义,饭箩
224,撒毫,原料,龙竹
224,撒毫,原料,金漆
224,撒毫,原料,黑漆
224,撒毫,原料,红漆
224,撒毫,原料,铁丝
224,撒毫,原料,钢化乳 胶
224,宽 竹篾,用途,编制 箩底
224,宽竹篾,用途,编制箩盖
224,窄竹篾,用途,编箩身
224,编制,结构特征,正方形底部逐渐上收成圆形
224,编制,固定方式,内外各加 篾环用铁丝固定
224,箩盖,形状,帽儿形穹顶
224,装饰,材料组合,草木灰与牛皮 胶
224,装饰,处理方式,均匀涂 在撒毫内外侧
224,装饰,后续工艺,晾晒天干后用 土漆上黑色底色
224,装饰,最终 效果,绘制各色图案
224,傣族漆 器,产品类型,篱
224,傣族 漆器,产品类型,墙
224,傣 族漆器,产品类型,门
224,傣族漆器,产品类型,毯笆
224,傣族漆器,产品类型,竹筏
224,傣族漆器,产品类型,床
224,傣族漆 器,产品类型,桌
224,傣族 漆器,产品类型,柜
224,傣 族漆器,产品类型,席
224,傣族漆器,产品类型,饭盒
224,傣族漆器,产品类型,帽
224,傣族漆器,产品类型,扁担
224,傣族漆 器,产品类型,篓
224,傣族 漆器,产品类型,提箩
224,傣族漆器,产品类型,甑子
224,傣族漆器,产品类型,供桌
224,傣族漆器,产品类型,鼓凳
224,傣族 漆器制作技艺,入选名录,云南省第四批省级非物质 文化遗产代表性项目名录
224,傣族漆器制作技艺,代表性传承人,陶 志明
224,傣族漆器制作技艺,代表性传承人,俸正和
224,傣族 漆器制作技艺,代表性传承 人,俸文平
225,纳西族 口弦调,纳西语名称,阔库或锅 果
225,纳西族口弦调,记载文献,《鲁般鲁 饶》
225,纳西族口弦,材质,竹制
225,纳西族口 弦,类型,单片
225,纳 西族口弦,类型,三片
225,当阔库,含义,拉奏之口弦
225,慨阔 库,含义,弹奏之 口弦
225,纳西族口弦调,演奏方法,抻动
225,纳西 族口弦调,演奏方法,手指拨动
225,纳西族 口弦,音乐特点,泛音旋律构成二声部或 三声部的多声音乐
225,纳西 族口弦调,曲调 手法,拟声
225,纳西族 口弦调,曲调手法,状形
225,纳西族口 弦调,曲调手法,叙事
225,纳西族口弦调,曲调手法,传 情
225,纳西族口弦调,曲调手法,达意
225,古老口弦曲调数量,数目,七十二调
225,民间流传 曲调,包括,蜜蜂过 江
225,民间流传曲调,包括,狗追马鹿
225,民间流传曲 调,包括,铜盆滴 漏
225,民间流传曲调,包括,母女夜话
225,民间流传曲调,包括,鹤舞凤唳
225,民间流传曲调,包括,彩蝶恋花
225,民间流传曲调,包括,鱼水相会
225,民间流传曲调,包括,牧人数羊
225,纳西族口弦 调,记录内容,生产 生活习俗
225,纳西族口弦调,记录内容,婚姻爱情
225,纳西族口弦调,入选项目,云南省第四批省级 非物质文化遗产代表性项目名录
225,纳西 族口弦调,代表性传承 人,和冬月
226,勒巴舞,所属民族,纳西族
226,勒 巴舞,性质,传统祭祀性舞蹈
226,勒巴舞,举行单位,自然村
226,勒巴舞,每年次数,一至二次
226,勒巴舞,举行 时间,新春佳节
226,勒巴舞,目的,祈祷五谷丰登
226,勒巴舞,目的,风调雨顺
226,勒巴舞,目的,人畜平安
226,勒巴舞,组成部分,五个部分十二 节舞蹈
226,勒巴舞,基本动作来源,模仿动物的形体、动作 、神态
226,勒巴舞,基本动作包括,甩手帕
226,勒巴舞,基本动作包括,转三方
226,勒巴舞,基本动作包括,点 地蹬步
226,勒巴舞,基本动作 包括,点辗转
226,勒巴舞,基本动作包括,蹉步
226,勒巴舞,基本动作包括,鸽子 喝水
226,勒 巴舞,男子服饰,白色麻布长衫
226,勒巴舞,男子服饰,外罩短褂
226,勒巴 舞,男子服饰,腰 系羊毛线裙
226,勒巴舞,男子 服饰,戴红色头帕或 羊毛帽子
226,勒巴舞,男子道具,左手持牦牛尾巴
226,勒巴舞,男子道具,右手持板 鼓
226,勒 巴舞,女子服饰,白、蓝、灰衬衫
226,勒巴舞,女子服饰,外罩红色 短褂
226,勒巴舞,女子服饰,黑色或白色百褶长裙
226,勒巴 舞,女子服饰,身后 挂红色带子
226,勒巴舞,女子 服饰,头戴红色头帕佩 银耳环
226,勒巴舞,女子道具,左手持长棒鼓
226,勒巴舞,女子道具,右手持鼓 槌
226,勒 巴舞,特点,风格 庄重大方
226,勒巴舞,特点,热情豪放
226,勒巴舞,特点,气势磅礴
226,勒巴舞,特点,宗教祭祀的严肃性
226,勒巴舞,特点,民间歌舞的娱乐 性
226,勒 巴舞,起源,藏 传佛教
226,勒巴舞,研究价值,藏传佛教对纳西族 的影响
226,勒 巴舞,研究价值,藏族文化和纳西族文化相互 融合
226,勒 巴舞,入选名录,云南省第三批省级非物质文化遗产代表性 项目名录
227,昆明洞经,传入来源,大理
227,官渡《 文明会大洞经坛碑 记》,记载内容,昆明洞经相传由大理传入最早的 文字
227,昆明洞 经,表达方式,唱 、念、诵、讲、读 、说
227,昆明 洞经,传达载体,科仪
227,洞 经科仪,包含项目,礼请
227,洞经科仪,包含项目,谈经
227,洞经科仪,包含 项目,庆诞
227,洞经科仪,包含项目,送圣
227,洞经科仪,伴奏形式,器乐
227,洞经会,举办活动,文昌会
227,洞经 会,举办活动,上 九会
227,洞经会,举办活动,孔子会
227,洞经会,举办活动,关圣会
227,昆明洞经会所 谈经文,常见类型,洞经
227,昆明洞经会所谈经 文,常见类型,皇 经
227,昆明 洞经会所谈经文,常见类型,雷经
227,中华民国年间,存在组织,桂香学
227,中华民国年间,存在组织,保庶 学
227,中华民国 年间,存在组织,崇 仁学
227,中华民国年间,存在组织,崇文学
227,中华民国年间,存在组织,宏文学
227,中华民国年间,存在组织,同仁学
227,中华民国年间,存在组织,文明会
227,昆明洞经音乐,组成部分,经腔
227,昆明洞经音乐,组成部分,曲牌
227,昆明洞经音乐,组成部分,打击乐
227,经腔,词 体形式,四言
227,经腔,词体形式,五言
227,经腔,词体形式,七言
227,经腔,词体形式,长短 句
227,经 腔,词体形式,骈文
227,伴奏形式,分类,大 乐
227,伴奏 形式,分类,细乐
227,伴奏形式,分类,雅乐
227,曲牌,用途,各种仪式伴奏
227,曲牌,用途,礼仪项目穿插伴奏
227,大乐曲 牌,主奏乐器,唢呐
227,细乐曲牌,主奏乐器,笛子
227,乐器,分类,文乐
227,乐器,分类,武乐
227,文乐,指代类型,管 弦乐器
227,武乐,指代类型,打击乐器
227,曲牌,包含元素,唐宋词牌
227,曲牌,包含 元素,道家音乐
227,曲牌,包含 元素,宫廷音乐
227,曲牌,包含 元素,江南丝竹
227,曲牌,包含元素,民间小调
227,唐宋词 牌,示例,浪淘 沙
227,唐 宋词牌,示例,汉东山
227,道家音乐,示例,上清宫
227,道家音乐,示例,天公颂
227,宫廷音乐,示例,南清宫
227,宫廷音乐,示例,普天乐
227,江南丝竹,示例,忆江南
227,江南丝竹,示例,叠落泉
227,民间小调,示例,忆江陵
227,民间小调,示例,瑞雪飞
227,昆明洞经音乐,收集成果,经牌 、曲牌、打击乐等曲 调首文字记录余万字
227,昆明洞经 音乐,入选名录,云南省 第一批省级非物质文化遗产保护名录
228,四腔,属于,滇南彝族四 大声腔之一
228,四腔,是,彝汉文化交融 的产物
228,四腔,使用语言,汉语
228,四腔,保留风格,彝族风格
228,四腔,包括部分,拘腔
228,四腔,包括部分,舍腔
228,四腔,包括部分,曲子
228,四腔,包括部分,白话
228,拘腔,功能,前 奏
228,舍腔,别称,帮腔
228,舍腔,形式,独唱之后的齐唱
228,曲子,地位,核心
228,曲子,句式结构,七字 一句
228,曲子,包括腔体,头腔
228,曲子,包括腔体,二腔
228,曲子,包括腔体,三腔
228,曲子,包括腔 体,四腔
228,头腔,演唱字数,四个字
228,二腔,演唱字数,三个字
228,三 腔,演唱字数,四个字
228,四腔,演唱字数,三个字
228,转板,完成条件,唱完一遍
228,白话,句 式特点,五字句
228,白话,类型,烟锅白话
228,白话,类型,讲玩 白话
228,白话,类型,打 酒白话
228,白话,类型,敬酒白话
228,白话,类型,还盅白话
228,四腔,演唱形式,男女声领唱
228,四腔,演唱形式,合唱
228,四腔,演唱形式,齐唱
228,四腔,演唱 形式,对唱
228,四腔,演唱形式,说唱
228,倒 四腔,性质,花 哨唱法
228,一夹三,性质,花哨唱法
228,二 夹四,性质,花 哨唱法
228,双腔四六句,性质,花哨唱 法
228,花哨唱法,特点,几种声腔交替演唱
228,民间 说法,内容,山药沙 莜拌海菜四腔摆着卖 五三腔在外
228,代表性曲目,《 十会小曲》) 41. (代表性曲目,《十挂小曲》
228,代表性曲目,《十绣小曲》) 43. (代表性 曲目,《十爱小曲》
228,代表性曲目,《十想小曲 》) 45. (滇南四大腔,"呈现 场合, 彝族吃火草 烟"
228,滇南四大腔,关联 习俗,彝族民间社交娱乐 活动
228,四腔,入选项目,云南省第三批省级非物质文化遗产 代表性项目名录扩展项目名录
229,普洱市 墨江县,特产,哈 尼族紫米封缸 酒
229,墨江县,气候特征,北回归线穿越
229,墨江县,农作物优势,独特日照 条件
229,墨江紫米,所属类别,云南六大名米之一
229,墨江 紫米,种植区域,联珠、龙坝两地
229,墨江紫 米,水稻类型,籼 型水稻类
229,墨江紫米,功效,滋阴补肾
229,墨江紫米,功效,健脾暖肝
229,墨 江紫米,功效,明目活血
229,墨江紫米,功效,补血益气
229,墨江 紫米,功效,收 宫滋阴
229,墨江紫米,别称,紫珍珠
229,墨江 紫米,别称,胭脂米
229,墨江紫米,别称,补血米
229,墨 江紫米,别称,长寿米
229,墨江紫米,历史地位,朝廷贡米
229,紫米封缸酒,主要 原料,墨江紫米
229,紫 米封缸酒,糖化 发酵剂,小曲
229,紫米 封缸酒,糖化发酵 剂,酶制剂
229,紫米封 缸酒,糖化发酵剂,酵母
229,紫米封缸酒,工艺特点,长时间封 缸发酵
229,紫米封缸酒,可选添加物,保健植物
229,紫米封缸酒,酿造 工序,清洗
229,紫米封缸 酒,酿造工序,泡 米
229,紫米封缸酒,酿造工序,蒸煮
229,紫米 封缸酒,酿造工序,加酒药糖化
229,紫米 封缸酒,酿造工序,封缸发酵
229,紫米封缸 酒,酿造工序,压榨
229,紫米封缸酒,酿造 工序,煎酒
229,紫米封 缸酒,酿造工序,封缸贮存
229,紫米封缸酒,酿造工序,加蜂蜜
229,紫米封缸酒,酿造 工序,过滤
229,紫米封缸 酒,酿造工序,灭菌
229,紫米封缸酒,酿造 工序,罐装封口
229,紫米 封缸酒,最短酿造时长,一年
229,紫米封缸酒,酒类归属,黄 酒类
229,紫米封缸酒,酒精度,度
229,紫米 封缸酒,外观特征,酒色棕红透明
229,紫米 封缸酒,口感特点,醇香浓郁
229,紫米封缸 酒,口感特点,回味 绵长
229,紫米封缸酒,营养成分,原花青素
229,紫米封缸酒,营养成分,强心苷
229,紫米封 缸酒,营养成分,蛋白质
229,紫米封缸酒,营养成分,脂肪
229,紫米封缸酒,营养成分,赖氨酸
229,紫 米封缸酒,营养成分,色氨酸
229,紫米封缸酒,营养成分,核黄素
229,紫米封缸酒,营养成分,硫氨素
229,紫米封 缸酒,营养成分,叶酸
229,紫米封缸酒,营养成分,多种维生素
229,紫米封缸 酒,微量元素,铁
229,紫 米封缸酒,微量元素,锌
229,紫米封缸酒,微量元素,钙
229,紫米封 缸酒,微量元素,磷
229,紫米封缸酒制作技艺,入选名录,云南省第四批 省级非物质文化遗产代表性项目名录扩展 项目名录
229,李忠富,身份,项目代表性传承人
230,彝族四 弦舞,起源,战国至 汉代时期滇文化青铜器 编钟羽舞图踏歌 跳歌
230,彝 族四弦舞,源于,当地割麻、剥麻、 洗麻的劳动场景
230,舞者,随节奏,四弦
230,舞者,围圈,手拉手肩并肩膝微 弯曲前后摆动向逆时针方向 舞动
230,舞 者,双足动作,摆步挪动
230,舞者,双手动作,在胸前拍掌
230,舞者身子,随脚步,上下左右自然摇摆
230,彝族四弦舞,特点,节奏明快 动律优美
230,彝族四弦舞,人数 要求,可多可少
230,四弦响起,人们行为,踏脚 击掌欢歌起舞
230,彝族四弦 舞,传承状态,传承 至今
230,彝 族四弦舞的舞曲词 调唱词,风格特点,精练大胆比喻生动有趣
230,彝族四 弦舞的舞曲词调唱 词,具有风格,魏 晋时期格律诗歌的风格
230,彝族四弦 舞的诗歌内容,包括,男女之间相互赞美、谈情说 爱为主线的内容
230,彝族四弦舞的诗歌 内容,包括,教授伦理道德 、做官做人以及讲述生产生活 方面的内容
230,彝族先辈们,行为,把收集来的口头流传的史 诗歌谣整理编纂成有押韵 的格律诗歌
230,格律诗歌,用途 之一,成了毕摩祭祀吟 诵的《经书》
230,格律诗歌,流传形式之一,以彝 文手抄本形式流传后世供 民间群众诵唱
230,源于咸丰年间彝文手 抄本的首格律诗歌,内容,男女互诉衷 肠、为人处世哲理、伦理 道德以及生产生活等方面内容
230,彝族四弦 舞,作用一,是 彝族青年男女相识相恋的重要 媒介
230,彝 族四弦舞,作用二,是彝族人民表达欢 庆、喜悦、丰收的重要载体
230,彝族姑娘 和小伙们,活动方式,月亮初上树梢情人相 约黄昏后弹起四弦跳 起舞直至月影西斜朝 霞满天
230,舞蹈者,行为,随着 悠扬动听的弦音脚步 挪动紧跟前者腰部摇摆舞姿优 柔身动心想回味着歌词内容 激发情感豪情奔放尽情享受 和展示舞蹈和弦乐的美与 乐跳到更深夜静方才尽兴
230,舞蹈,规模情况一,有时齐 声唱有时齐声吆喝舞蹈者 多到成百上千人
230,舞蹈,规模 情况二,少到十几个声 势壮观
230,外来文化的冲击,影响结果,年轻人对本民族文化兴趣减弱
230,古老舞步和 词调,消失原因,随老艺人的逝世而消失
230,现在掌握一部分 古老技艺的人,年龄特征,多在岁以上
230,彝族四弦舞,面临状况,有失传 的危险亟待保护
230,彝族四弦舞,入选项目,云南省第四批省级 非物质文化遗产代表性项目名录
230,彝族四弦 舞项目,代表性传承人,李学亮
231,昆明微雕,技法特点,微细、 微小雕刻
231,昆明微雕,组成部分,微雕
231,昆明微雕,组成部分,微刻
231,微雕,创作材料,石质
231,微 雕,创作材料,牙
231,微雕,创作材料,骨
231,微雕,题材 主题,吉祥
231,微雕,题材主题,护符
231,微雕,题材主题,避邪
231,微刻,内容类型,经文
231,微刻,内容类型,诗词
231,微 刻,内容类型,花 鸟
231,微 刻,内容类型,人物
231,清代,流行时期,印章题刻 边框
231,中华民国 时期,流行时期,印章 题刻边框
231,世纪年代,流行载体,钢笔杆
231,世纪年代,流行载体,手表
231,世纪年代,流行载体,眼镜架
231,年代,新兴形式,经 书微刻
231,年代,新兴形式,立体茶壶雕刻
231,年代,新兴形式,人物雕刻
231,昆明微雕,使用材料 扩展,大米
231,昆明微雕,使用 材料扩展,头发
231,昆明微雕,技术水平评价,极高
231,昆明微雕,艺术境界评价,艺术奇葩
231,昆明微雕,文化价值,见证中华民族 文化传统
231,昆明微雕,研究价值,历史研究
231,昆明微雕,收藏价值,独特价值
231,昆明微雕,现状 描述,濒危状态
231,昆明微雕,保护需求,传承保护
231,昆明微雕,入选名录,云南省第四 批省级非物质文化遗产代表性项目名录
231,昆明微 雕,项目代表性传承人,冉隆全
232,石屏豆腐 制作技艺,最大特色,不用 石膏卤水点制而是 直接采用石屏县特有的地下 酸水点制凝固而成
232,石屏豆腐,质地,细腻
232,石屏豆腐,味道,鲜嫩可口
232,石屏豆腐,营养,丰富
232,石 屏豆腐原料,来源地,省内外各地
232,石屏豆腐原料,处理 方式,精心筛选后粗碾 成豆瓣再以簸箕或风 车清理碎豆壳
232,石屏豆腐制作过程,包括步骤,浸泡后用石 磨磨成浆
232,生豆浆,处理方式,装入过滤的口袋内用煮沸 的开水冲入进行烫浆
232,滤出的豆浆,熬煮工具,铁锅
232,滤出的 豆浆,熬煮方式,以温火熬煮至熟
232,点豆腐,关键程序,将煮熟的 豆浆出锅装入大木桶内待 温度降至以石屏城内特有的井 水兑入使其与豆浆溶合 逐渐凝固成水豆腐
232,水豆腐,后续 处理,包好加压去泔 水
232,传统 石屏豆腐,形状,条块状
232,包豆腐时,使用工具,木框模具套在沙 布包袱之外
232,包豆腐时,目的,使其大小尺寸合于一个规格 按每条包成一片
232,每片滤去 泔水的豆腐,放置地点,竹床
232,每片滤去泔水的豆腐,叠放方式,叠 片为一扎再用杠杆重压 排挤出水分
232,压好的豆腐片块,处理方式,取出每片抹 上少许盐巴以便滤水分层
232,成品类型,包括,豆腐干、桶 漂豆腐、漂花豆腐、鲜 条豆腐、小块豆腐、干条 豆腐、干豆腐片、水豆腐 等
232,烧烤 石屏豆腐,声誉,最负盛名深受云南各地百姓 喜爱
232,年 石屏豆腐制作技艺,入选 项目,云南省第四批省级非 物质文化遗产代表性项目名录
232,石屏豆腐制作技艺,代表性传承人,吴 勇
233,甲马,用途,祭祀财神
233,甲马,用途,祭祀月神
233,甲马,用途,祭祀灶神
233,甲马,用途,祭祀寿星
233,昭通甲马,运用于,丧葬祭祀
233,昭通甲马,运用于,驱邪 法事
233,昭 通甲马,运用于,还愿仪式
233,甲马图案,分类,图画甲马
233,甲马图案,分类,文字甲马
233,图画甲马,包括,《香花供养》
233,图画甲马,包括,《诸天驾》
233,图画甲马,包括,《解秽图》
233,文字甲马,包括,《华严经》
233,文字甲 马,包括,《十王疏 》
233,文字 甲马,包括,《瘟火 牌》
233,文字甲马,包括,《土 符》
233,文字甲马,包括,《功 曹牒》
233,制作甲马,包括步骤,雕版制作
233,制作甲马,包括步骤,印刷
233,雕版原料,选用材质,梨木
233,雕版制作,处理 方式,抛光平整
233,雕版制作,涂覆材料,菜油
233,雕版制作,涂抹材料,糨糊
233,雕版 制作,贴附材料,画稿
233,雕版制作,贴附材料,文字稿
233,雕版制作,使用 工具,斜口刻刀
233,雕版制作,使用工具,宽口 刻刀
233,雕版制作,使用工具,圆口刻刀
233,雕版制作,雕刻方式,阳刻
233,印刷前准备,刷涂材料,油烟墨
233,印刷前 准备,刷涂材料,各色颜料
233,印刷过程,使用纸张,白纸
233,昭通甲马,入选 项目,云南省第四批省级非 物质文化遗产代表性项目名录扩展项目名录
233,昭通 甲马,代表性传承人,郎学志
233,昭通甲马,代表性传承人,罗廷良
234,古敢水 族乡大寨 村,举办节 庆活动,春节
234,古敢水 族乡大寨村,举办 节庆活动,水族三月 三对歌节
234,古敢水族乡大寨 村,举办节庆活动,二月二祭白龙节
234,古敢水族 乡大寨村,举办寿 庆活动,老人寿庆
234,古敢水族 乡大寨村,表演形式,舞灯祝贺
234,古敢水族乡大 寨村,表演形式,白喜绕堂红喜事上 房踩瓦
234,古敢水族乡大寨村 舞狮传统,相传目的,纪念唐僧西天取经归来
234,舞狮表演 流程,包括动作,绕场 数周在地上跳跃翻舞
234,舞狮表演流程,包括动作,雄狮攀上 十二张方桌重叠而成的高台
234,舞狮 表演流程,包括动作,在 高台子上盘旋戏舞
234,部分舞班 耍狮过程,加入元素,故事情节表演
234,故事情节取材来源,《西游记》 ) 13. (演员装扮 角色,"扮演人物, 唐僧"
234,演员装扮 角色,扮演人物,孙悟空
234,演员装扮 角色,扮演人物,猪 八戒
234,演员装扮角色,扮演人物,沙和尚
234,演员装扮角色,扮演人物,白骨精
234,演员装扮角色,扮演人物,红孩儿
234,演员装扮角色,扮演人物,牛魔王
234,表演结局,结果,孙大圣率领 群猴降伏妖魔大获全 胜舞狮祝贺
234,娱乐表演寓意,主题,正义战胜邪恶
234,狮子在中国文化象征意义,代表含义,瑞兽
234,狮子在 中国文化象征意义,象征内容,吉祥如意
234,舞狮活动民众意愿,寄托愿望,消灾除害
234,舞狮 活动民众意愿,寄托愿望,求吉纳福
234,古敢水族狮子 灯,传承内容,古老的 水族民俗
234,古敢水族狮子灯,与其它舞狮区别点,内容和形式的不同之处
234,古敢水族 狮子灯,具有价值,历史价值
234,古敢水族狮子灯,具有价值,文化价值
234,古敢水族 狮子灯,具有价值,艺术价值
234,古敢水族狮子灯,具有价值,社会价值
234,古敢水族 狮子灯,入选名录,云南省第四批省级非物质文化遗产代表性 项目名录
234,古敢水族狮子灯项目,代表性传承人,郎如 伟
235,汪情银 器制作及民族 饰品加工工艺,前身,补锅手艺
235,汪情银 器,材料,纯银
235,汪情银 器,主要工艺,镂 雕和纯银抽丝编盘 工艺
235,汪情 银器,加工依据,器物的形态、规格
235,汪情银器工艺流程,包括步骤,用钢铁模具将 纯银熔化注入模具
235,汪情银器工艺流程,包括步骤,回火雕花 、抽丝备用
235,汪情银器工艺流程,包括 步骤,运用煮、捶、 钻、吹、镀、嵌、 接等工艺技术将备好的部件 组合成成品
235,景泰蓝工艺流程,包括步骤,将纯银抽丝、压 片制作成形态各异的饰物
235,景泰蓝 工艺流程,包括步骤,用景 泰蓝根据所需色调制胎着 色上火烘烤
235,纯银鎏金工艺流程,包括 步骤,把剪好的银丝 或压好的银片反复清洗
235,纯银鎏 金工艺流程,包括步骤,将 黄金制成粉末
235,纯银鎏金工艺流程,包括 步骤,将需鎏金的 花草部分挑上金粉然后吹 火烘烤
235,汪情银器,特点,品种繁多
235,汪情银器,特点,造型逼真
235,汪情银器,特点,晶莹剔透
235,汪情银器,特点,实用性强
235,汪情银 器,造型、图饰纹 样来源,生活
235,汪情银器,艺术色彩,较为浓厚的 民间艺术色彩
235,汪情银器制作技艺,入选名录,云南省级非 物质文化遗产代表性项目名录扩展项目名录
235,汪情 银器制作技艺,项目代表性 传承人,汪开荣
235,汪情银 器制作技艺,项目代表性传承 人,陈荣
236,俐侎彝 族 服饰制作工艺,是,历史文化 产物
236,俐侎彝族服饰 制作工艺,特征,崇尚 黑色
236,俐侎彝 族 服饰制作工艺,特征,纯 天然
236,俐侎彝族服饰 制作工艺,特征,顺应 天性
236,俐 侎彝族服饰制作工艺,特征,古朴典雅
236,俐侎彝 族 服饰制作工艺,包括工序,纺 线
236,俐侎彝族服饰 制作工艺,包括工序,织 布
236,俐侎彝 族 服饰制作工艺,包括工序,靛 染
236,俐侎彝族服饰 制作工艺,包括工序,剪 裁
236,俐 侎彝族服饰制作工艺,包括工序,刺绣
236,俐侎彝 族 服饰制作工艺,包括工序,缝 纫
236,俐侎彝族 服饰制作工艺,凝聚,勤劳和智慧
236,俐侎彝族服饰 制作工艺,体现,民族 风格
236,俐 侎彝族服饰制作工艺,体现,地域特色
236,俐侎男子 服饰,颜色,靛黑色
236,俐侎男子 服饰,包含单品,黑色布包 头
236,俐侎男子服饰,包含单品,圆领 右襟或对襟衣裳
236,俐侎男子 服饰,包含单品,摆裆裤
236,俐侎男子服饰,包含单品,黑色布带
236,俐侎女子 服饰,主色调,黑色
236,俐侎女子 服饰,分类,普通装
236,俐侎女子 服饰,分类,盛装
236,俐侎女子 服饰,分类,新娘装
236,俐侎女子 服饰,头饰 结构,黑色布 带缠绕成包头
236,俐侎女子 服饰,头饰 结构,层叠 包巾
236,俐侎女子 服饰,头饰固定方式,带须尾宽带包扎
236,俐侎女子 服饰,上衣款式,无领对 襟长衣
236,俐侎女子 服饰,纽扣 材质,银泡
236,俐侎女子服饰,装饰部位,襟边
236,俐侎女子 服饰,装饰部位,袖口
236,俐 侎女子服饰,装饰图案,红/黄/ 蓝/黑布片拼接几何花纹
236,俐侎女子 服饰,下装 组合,筒裤 +边脚花纹套裙
236,俐 侎女子服饰,配 饰单品,小腿套布筒
236,俐侎女子 服饰,配饰 单品,围腰
236,俐侎女子服饰,鞋履款式,绣花 船头靴
236,俐侎女子饰品,耳饰类型,银制 大耳环
236,俐侎女子饰品,腕饰类型,宽银 镯
236,俐 侎女子饰品,腕 饰类型,窄银镯
236,俐侎女子 饰品,指环 材质,银/ 铜打制戒指
236,俐侎女子 饰品,脖颈 装饰数量,三十 个小银泡
236,俐侎女子 饰品,胸襟 装饰数量,八个 大银泡
236,俐侎女子 饰品,胸前挂 饰组件,银 针筒
236,俐侎女子 饰品,胸前挂饰组件,银铃
236,俐侎彝族服饰 制作工艺,入选项目,云南省级非物质文化遗产代表性项目名录 扩展项目名录
236,俐侎彝族服饰 制作工艺,代表性传承人,李东妹
236,俐侎彝族服饰 制作工艺,代表性传承人,李从妹
237,以下 是 从问题 描述中提取 的知识图谱三元组 ： 1. 李 仲春,随邓 子龙将军平叛,腾冲 2. 腾冲 县卫生工作者协会 - 组建医药 供应社 - 药王宫 3. 腾冲县制药厂 - 扩建自 - 医药供应 社 4. 云南腾药 制药股份有限公司 - 发展自 - 腾冲县制药厂 5. 腾冲中成药制作技艺 - 涉及炮制方法 - 净制 、蒸、煮、炒、煅 、飞、炙 6. 安宫牛黄丸 - 特色 工艺 - 包金衣 7 . 六灵丸 - 特色 工艺 - 手工泛丸 8 . 腾冲中成药制作技艺 - 入选时间 - 年（具体 年份未提及） 9. 腾冲中成药制作技艺 - 入选 项目名录 - 云南省第四批省级 非物质文化遗产代表性项目名录 注意 ：由于问题描述中没有提供具体的 年份信息，我在“腾冲中成药 制作技艺 - 入选时间”这个 三元组中留空了年份。同时 ，“ 年 ”在中文里 通常表示某一年，但 在这里 可能是一个占位 符，所以没有具体 列出年份。如果“年 ”指的是某个具体年份，请 提供更多上下文以便准确提取三元组。
238,芒景村 布朗族传统文化生态保护 区,位于,普洱市澜沧 拉祜族自治县惠民镇芒景 村
238,芒景 村布朗族传统文化生态保护区,辖属,个村民小组
238,芒景村,户数,共户人
238,芒景村,民族构成,布朗族 占总人口的
238,芒景村,保存内容,传统习俗
238,芒景村,保存内容,伦理道德
238,芒景村,保存内容,生活习惯
238,芒 景村,保存内容,节庆活动
238,芒景村,保存内容,文艺体育
238,芒景村,保存内容,宗教信仰
238,村寨,拥有文物,县级文物布朗族传统建筑群
238,村寨,拥有文物,芒洪 八角塔
238,村寨,拥有自然景观,翁基榕树群
238,村寨,拥有自然景观,翁洼帕 达大石岩溶洞
238,村寨,拥有自然景观,千年古茶 林
238,民 居建筑,类型,干 栏式木构瓦顶建筑
238,民居建筑,称号,布朗族生态 文化的露天博物馆
238,传统天文历法,状态,保留完整
238,民间医药,状态,保留完整
238,传统习俗,包括,当 堂
238,传统 习俗,包括,苏木松
238,传统习俗,包括,嘎冷
238,传统习俗,包括,丁巴
238,传统习俗,包括,祭山神
238,传统节日,包括,山 康茶祖节
238,传统节日,包括,泼水节
238,传统节日,包括,关门 节
238,传统 节日,包括,开门节
238,民间文学代表 作品,包括,《哎冷传说 》
238,民间 文学代表作品,包括,《千年 万亩古茶林传说》
238,民间文学代表作品,包括,《芒洪八角塔 传说》
238,民间文学代表作品,包括,《 帕达大石岩传说》
238,民间文学代表 作品,包括,《金伞传说 》
238,传统 音乐,包括,上新房调
238,传统音乐,包括,结婚调
238,传统音乐,包括,情歌
238,传统音乐,包括,祝福调
238,乐器,包括,象脚鼓
238,乐器,包括,片镲
238,乐器,包括,二胡
238,乐器,包括,比哨
238,传统舞蹈,包括,象脚鼓舞
238,传统舞蹈,包括,刀舞
238,传统体育项目,包括,大刀
238,传统体育项目,包括,梭镖
238,传统体育项目,包括,舞 棍
238,传统 体育项目,包括,射弩
238,传统工艺,包括,纺织
238,传统工艺,包括,竹编
238,传统工艺,包括,榨 糖
238,传统 工艺,包括,制茶
238,传统工艺,包括,土制火药
238,布朗族,属性,云南的独有民族
238,芒景 村,荣誉,全国最 休闲旅游村
238,芒景村,发展规划,打造国家级景区
238,芒景村,发展规划,申报世界自然遗产
238,芒景村布朗 族传统文化生态保护区,作用,促进当地旅游业的发展
238,芒景村布朗族 传统文化生态保护区,入选项目,云南省第三批省级非物质文化遗产 代表性项目名录
239,巧家小 碗红糖,别称,碗 碗糖
239,巧家小碗红糖,颜色,红黄色半透明
239,巧家小 碗红糖,特点,香气 浓郁
239,巧家 小碗红糖,特点,口感纯正
239,巧 家小碗红糖,得名 原因,成品为小碗形状
239,巧家小 碗红糖,生产开始时间,清朝乾隆年间
239,巧家小碗红糖,受欢迎地区,青、藏、 川、滇等地区
239,巧家小碗红糖,制作方法,传统土榨 法
239,巧家 小碗红糖,开榨时间,每年农历冬月尾
239,巧家小 碗红糖,收榨时间,次年清明前后
239,糖房工匠角色,包括,榨匠、糖匠、 大火头
239,辅助工种,包括,刀 刀匠、牛毛尖、草 疙瘩、渣渣匠、叶子客 、包包匠
239,制作工序,包括,压榨 、加热、蒸发、澄清
239,榨匠职责,指挥压榨工作) 15 . (渣渣匠职责,理甘蔗渣并往糖锅里送 蔗汁
239,大火头职责,烧火掌握 火候) 17. ( 糖匠职责,向糖锅中 加入石灰和蓖麻油脚子 或清油脚子
239,糖匠操作目的,促使糖浆澄清和散泡 增加糖的硬度) 19 . (熬制间设备,牛尾灶
239,牛尾灶锅口数量,五口锅) 21 . (第一、二口锅用途,生水锅煮制刚 榨出的甘蔗汁边煮边捞出 渣屑
239,第三、四口锅用途,中锅逐一熬糖) 2 3. (第五、六口锅 用途,出糖锅
239,出糖后处理,把糖膏舀进糖 钵用糖棒不停搅拌俗称杀 糖) 25. (杀 糖终点判断标准,糖浆 无泡变沙
239,成型工具,小碗 状的糖模子) 2 7. (成品种类,小 碗糖、大碗糖、砖 糖、狮子糖
239,巧家小碗红糖制作 技艺,入选项目,云南省 第四批省级非物质文化遗产代表性项目 名录
240,昭通酱,起源时间,清雍正年间
240,昭 通酱,产地,昭通地区
240,昭通酱,原料,上等黄豆
240,昭通酱,原料,昭通炎山花椒
240,昭通酱,原料,本地辣椒
240,昭通酱,原料,自贡井盐
240,昭通酱,原料,大龙洞山泉水
240,昭通酱,制作工艺,纯手工制作
240,昭通酱,工序,制作豆面
240,昭通 酱,工序,制作酱 面
240,昭 通酱,工序,下 酱
240,制作 豆面,步骤,精选 上等黄豆
240,制作豆面,步骤,文火焙炒至酥脆
240,制作豆 面,步骤,磨成 细面过筛备用
240,制作酱面,操作,在豆面中加入 泉水搅拌均匀至可捏成坨
240,民间制作酱 面,口诀,紧 三把松三把不紧不 松又三把
240,发酵过程,容器,垫有稻草的竹筐
240,发酵过程,覆盖物,稻草
240,发酵过程,调整方式,定时将面坨 作上下左右调整
240,发酵结果,特征,坨面出现黄白色霉衣
240,后续处理,动作,将酱面 取出掰成小块晒干再磨 成细粉
240,下酱,混合材料,山花椒、辣椒、食盐等 调料与酱面、泉水
240,下酱,盛装容器,瓦缸
240,下酱,遮盖物,尖顶的 竹篾盖
240,下酱,放置方式,露天放置
240,下酱,搅拌频率,每三天搅拌一次
240,下酱,制作 周期,天左右
240,昭通酱,外观 特征,色红如玛瑙
240,昭通 酱,口味特点,麻辣 咸香
240,昭通酱,气味特点,酱香浓郁
240,昭通酱,适用 性,荤素皆宜
240,昭通酱,应用领域,多家食品企业 的重要原料
240,昭通酱,特色保留,浓郁的地方特色风味
240,昭通酱,衍生产品,肉酱
240,昭通酱,衍生产品,油酱
240,昭通酱,衍生产品,花椒酱
240,昭通 酱,衍生产品,香 椿酱
240,昭通酱,衍生产品,火腿酱
240,昭通酱,衍生产品,天麻酱
240,昭通酱,保存特性,久贮不变味
240,昭通 酱,便携性,携带 方便
240,昭 通酱,食用评价,美味可口
240,昭通酱制作技艺,入选 名录,云南省第三批省级非 物质文化遗产代表性项目名录
240,昭通酱制作技艺,代表性传承人,黄 智敏
241,永仁彝 族女子,必备技能,刺绣
241,永仁彝绣,使用材料,棉麻
241,永仁彝 绣,使用材料,丝 绣线
241,永仁彝绣,使用 材料,棉线
241,永仁彝绣,使用材料,开司 米线
241,永仁彝绣,绣 法,平绣
241,永仁彝绣,绣法,十字绣
241,永 仁彝绣,绣法,扣花绣
241,永仁彝绣,绣法,插绣
241,永 仁彝绣,绣法,镂空绣
241,永仁彝绣,绣法,扣边 绣
241,公鸡帽,刺绣图案,山茶花
241,公鸡帽,刺绣图案,云雾花
241,公鸡帽,刺绣图案,麂子花
241,公鸡帽,刺绣图案,火焰花
241,衣服,刺绣图案,铜钱 花
241,衣服,刺绣图案,鸡冠花
241,裤子,刺绣图案,房顶瓦面
241,裤子,刺绣图案,瓜影
241,裤子,刺绣图案,山茶 花
241,裤子,刺绣图案,小人影
241,围腰,刺绣图案,树勾花
241,围腰,刺绣图案,山茶花
241,腰带,刺绣图案,铜 钱花
241,腰带,刺绣图案,鸡冠花
241,挎包,刺绣图案,四叶花
241,挎 包,刺绣图案,狗 脚印花
241,鞋子,刺绣图案,吊勾花
241,鞋子,刺绣 图案,南瓜花
241,永仁彝 绣,常见图案,马 缨花
241,永仁彝绣,常见图案,山茶花
241,传统 永仁彝绣,底色,黑色
241,传统永仁彝绣,绣线颜色,大 红
241,传统永仁彝绣,绣线颜色,粉红
241,现代 永仁彝绣,特点,大胆艳丽
241,现代永仁彝绣,底色特征,五彩 缤纷
241,现代永仁彝绣,形式特点,多种多样
241,永仁彝 绣,构图特征,虚实 并存
241,永仁彝绣,形象 风格,夸张
241,永仁彝绣,色彩特点,对比强烈
241,赛装节,展示内容,最美服饰
241,定情信物,包括物品,挎包
241,挎包,定情图案,马 缨似火
241,挎包,定 情图案,山茶争艳
241,挎包,定情图案,喜鹊闹梅
241,挎包,定情图案,蝴蝶采 花
241,永仁县,成立组织,刺绣协会
241,永仁县,成立组织,刺绣专业合作社
241,永 仁彝族刺绣,入选项目,云南省级非物质文化遗产代表性 项目名录扩展项目名录
241,殷绍庄,身份,项目代表性传承 人
242,景东彝 族打歌,类别,动物 模拟舞
242,景东彝族打歌,类别,生产生活舞
242,景东彝 族打歌,类别,祝福寄托舞
242,老鸹歌,属于,动物模拟舞
242,猴子扯磨,属于,动物模拟舞
242,孔雀摆尾,属于,动物模拟舞
242,苍蝇搓脚,属于,动物模拟舞
242,三跺脚,属于,生产生活舞
242,翻身歌,属于,生产 生活舞
242,大倒躜,属于,生产生活舞
242,顺躜歌,属于,生产生活舞
242,合脚歌,属于,生产生活舞
242,新房歌,属于,生产生活舞
242,闪闪歌,属于,祝福寄托舞
242,景东彝族打 歌,曲调特点,旋律优美
242,景东彝族打歌,曲调特点,节奏规整 严谨
242,景 东彝族打歌,乐 段结构,上下句或四 句乐段结构
242,景东彝族打歌,音阶特性,五 声音阶
242,景东彝族打歌,伴奏乐器,葫芦笙
242,景东彝族 打歌,伴奏乐器,大小三弦
242,景东彝族打歌,伴奏乐器,笛子
242,景东彝 族打歌,伴奏乐器,树叶
242,景东彝族打歌,伴奏乐器,口琴
242,无量山一带,跳舞时间,传统节日 、吉日
242,哀牢山一带,跳舞 时间,不拘时辰
242,芦笙伴奏的歌 调,特性,一调 多舞的通用性
242,笛子伴奏的歌调,特性,音乐不同则 舞步不同
242,景东彝族打歌,动律部位,腰、腿
242,景东 彝族打歌,常见脚 部动作,跺步、甩 步、踢腿、收脚
242,景东彝 族打歌,膝盖状态,自然弯曲有弹性
242,景东彝族打 歌,上身动作,前俯、后仰、收腹 、挺腰、翻身
242,景东彝族打 歌,手部动作,拉手、挽臂、搭肩 、扣手、拍手或自然 甩动
242,景东彝族打歌,舞蹈队形,一个大圆圈
242,景东彝 族打歌,舞蹈队形,围成两个圆
242,景东彝族 打歌,舞蹈队形,两排
242,景东彝族打歌,入选名录,云南省第一批省级 非物质文化遗产保护名录
242,景东彝族打 歌,代表性传承人,曹爱民
243,孟连傣 族土陶制作 技艺,流传地区,孟连县娜 允镇
243,孟连傣族土陶 制作技艺,使用工具,木拍
243,孟连傣族土陶制作 技艺,使用工具,花 陶拍
243,孟连傣族土陶制作 技艺,使用工具,卵 石
243,孟连傣族土陶制作技艺,使用工具,轮盘
243,孟 连傣族土陶制作技艺,原料,当地黏土
243,孟连 傣族土陶制作技艺,工序步骤,取土
243,孟连傣 族土陶制作技艺,工序 步骤,晒土
243,孟连傣族 土陶制作技艺,工序步骤,筛土
243,孟连傣族 土陶制作技艺,工序步骤,加沙和泥
243,孟连 傣族土陶制作技艺,工序步骤,制坯
243,孟连 傣族土陶制作技艺,工序步骤,晾晒
243,孟连 傣族土陶制作技艺,工序步骤,烧制
243,孟连 傣族土陶制品,包括类型,生活用具
243,孟连傣族 土陶制品,包括类型,建筑材料
243,孟连傣族土陶制品,包括类型,赕佛用具
243,厨具类制品,具体示例,土锅
243,厨具类制品,具体示例,水壶
243,厨具类制品,具体示例,陶罐
243,厨具类制品,具体示例,陶瓶
243,厨具类制品,具体示例,陶盘
243,家居类制品,具体示例,花瓶
243,家居 类制品,具体示例,花盆
243,赕佛用品类制品,具体示例,灯盏
243,赕 佛用品类制品,具体示例,高足盘
243,孟连傣 族土陶制作技艺,传承 方式,家庭内部传承
243,孟连 傣族土陶制作技艺,传承规则,传女不传 男
243,成坯方法,技术特点,无转轮制坯
243,成 坯方法,技术特点,脚趾拨动慢轮
243,成坯方法,技术特点,手拨 动转轮
243,器物表面处理,使用工具,有纹的 木拍
243,器物表面处理,工艺效果,印纹
243,印纹 特征,历史关联,南方 出土的新石器时期印纹陶 器
243,烧制方法,采用方式,堆烧法
243,傣族慢 轮制陶,社会价值,满足日常生活需要
243,傣族慢轮 制陶,文化价值,丰富的社会文化价值
243,傣族慢轮 制陶,研究价值,历史研究价值
243,傣族慢轮制 陶,反映内容,传统 生活方式
243,傣族慢轮制陶,反映内容,生活方式变迁
243,孟 连傣族传统制陶技艺,入选名录,云南省第一批省级 非物质文化遗产保护名录
244,云县鸡肉 米线,所属地区,云南省 临沧市云县
244,云县鸡肉 米线,传统流传社区,爱华镇城区爱华
244,云县鸡肉米 线,传统流传社区,新云州
244,云县鸡肉米线,传统 流传社区,草皮街
244,云县鸡肉米 线,传统流传社区,毛家村
244,云县鸡肉米线,选用 原料,传统木榨米线 （酸浆米线）
244,云县鸡肉米线,制作工艺步骤,选 米
244,云县 鸡肉米线,制作工艺步骤,净米
244,云县鸡肉米线,制作工艺步骤,洗泡
244,云县鸡肉 米线,制作工艺步骤,发酵
244,云县鸡肉米线,制作 工艺步骤,磨浆
244,云县鸡肉米 线,制作工艺步骤,潮化
244,云县鸡肉米线,制作 工艺步骤,合成
244,云县鸡肉米线,制作工艺步骤,初 蒸
244,云 县鸡肉米线,制作工艺 步骤,压榨
244,云县鸡肉米线,制作工艺步骤,煮熟
244,云县鸡肉 米线,制作工艺步骤,冷却
244,云县鸡肉米线,制作 工艺步骤,漂洗
244,云县鸡肉米 线,鸡肉品种,黑 肉土鸡
244,云县鸡肉米线,土鸡重量要求,公斤以上
244,云县 鸡肉米线,饲养周期,一周
244,云县鸡肉米线,宰 杀食用原则,当天宰杀 必须当天食用
244,云县鸡肉米线,老汤熬制关键,一 鲜二慢三原味
244,云县鸡肉米 线,老汤配料,草果
244,云县鸡肉米线,老 汤配料,盐巴
244,云县鸡肉米 线,老汤配料,姜片
244,云 县鸡肉米线,捞出供 选购部位,鸡头
244,云县鸡肉米 线,捞出供选购部位,鸡翅
244,云县鸡肉米线,捞出 供选购部位,鸡腿
244,云县鸡肉 米线,捞出供选购部位,鸡肝
244,云县鸡肉米线,剩余鸡肉用途,做成肉 丁配其他调料制成鸡肉戴帽
244,云县 鸡肉米线,传统吃法 名称,滑米线
244,云县鸡肉米 线,现代流行吃法,戴帽米线
244,云县鸡肉米线,常见佐料,酱油
244,云县 鸡肉米线,常见佐料,辣椒油
244,云县鸡肉米线,常见佐料,蒜泥
244,云县 鸡肉米线,常见佐料,麻油
244,云县鸡肉米线,常见佐料,芫荽
244,云县 鸡肉米线,常见佐料,小米辣
244,云县鸡肉米线,常见佐料,水腌 菜
244,云 县鸡肉米线,常见佐 料,腊腌菜
244,云县鸡肉米 线烹制技艺,入选名录,云南省第四批省级非物质 文化遗产代表性项目名录扩展项目名录
244,云县鸡肉 米线烹制技艺,项目 代表性传承人,尹庆美
245,天峰山 歌会,起源,天峰 山老君圣诞会
245,天峰山 歌会,纪念对象,祝融
245,天 峰山歌会,所属民族,彝族
245,天峰山歌会,举办地点,祥云县普 棚镇天峰山
245,天峰山歌会,举办时间,每年农历二月 十五
245,天峰 山歌会,活动内容,彝族歌调对唱
245,天峰山歌 会,活动内容,弹 弦打歌
245,天峰山歌会,活动 内容,诵经拜唱
245,天峰山歌 会,活动内容,洞 经音乐会
245,天峰山歌会,传统 习俗,农历二月十四起鼓 开堂立歌会大旗
245,天峰山 歌会,仪式,祭 歌会大旗仪式
245,祭歌会大旗 仪式,祭祀对象,天
245,祭歌 会大旗仪式,祭祀对象,地
245,祭歌会大旗仪式,祭祀对象,祖宗
245,天峰山歌 会,活动内容,对 山歌
245,天峰山歌会,活动 内容,芦笙舞表演
245,天峰山 歌会,活动内容,传统体育比赛
245,天峰山歌会,活动内容,打歌
245,天峰山歌 会,活动内容,朝 山拜
245,天峰山歌会,活动 内容,歌会大典
245,天峰山 歌会,活动内容,祭祖
245,天峰山歌会,活动 内容,竖会杆
245,天峰山歌 会,文化内涵,彝 族物质生活和精神生活长期积淀 的智慧结晶
245,天峰山歌会,相关 传说,彝族历史事件
245,天峰山 歌会,入选名录,云南省第四批省级非物质文化遗产代表性 项目名录
245,天峰山歌会,项目 代表性传承人,罗荣
246,阿乐攀 乐,讲述 内容,古代彝 族青年阿乐搭天 梯驱逐天狗拯救太阳和 月亮的故事
246,阿 乐,担心,天狗 再去偷吃太阳和月亮而令人 间陷入黑暗
246,阿乐,尝试方法,将羽毛捆扎在身上变成一只 鸟
246,阿乐,尝试方法,用一根 很长的绳索系上篮兜自己 坐在兜中由乡亲们帮忙 拉绳索想攀上月亮
246,阿乐,救了,一只凤凰
246,凤凰,告诉,登 月的办法
246,阿 乐,搭建,九百九十 九级天梯
246,阿乐,登上,月亮
246,阿乐,赶走,天狗
246,阿乐,捍卫,人间的光明
246,一些版本,提到,阿乐被凤凰 带到月宫后从月宫中撒 下桫椤树种子把天狗 攻击月亮、进攻太阳的消息提前告诉了 乡亲们让大家做好驱赶天 狗的准备
246,故事,讴歌,彝 族先民不畏艰难险阻精 诚团结勇于探索自然和改造自然 的斗争精神
246,传说故事,衍生体育活动,由人扮演阿乐其余人 分成两列面对面站立队员伸手握住 对面同伴的手腕搭成梯子阿 乐在队员手臂搭成的梯子上 匍匐前进
246,体育活动,规则,当阿乐通过后队员相继移动 到前面阿乐未到达的地方继续 搭梯直到将阿乐送到终点 摘到月亮两组比赛速度快者为 胜
246,彝 族火把节,举行活动,这项体育竞技活动
246,《阿乐攀 月》,入选,云南省 第四批省级非物质文化遗产代表性项目 名录
246,项目 代表性传承人,是,罗朝明
247,龙陵县 龙山镇阿 昌族,自称,小阿昌
247,龙陵县 龙山镇阿昌族婚庆 习俗,分为,求婚和 婚礼
247,求婚,包括,唱情歌、要 烟吃、互递信物
247,举办婚礼时间,男方持续,三天
247,举办婚礼时间,女方持续,两天
247,婚礼内容,包括,娶亲、长筷戏新郎、 送亲、入洞房、认 亲、坐满月、拜年
247,娶亲环节,特点,拦门、 泼水关卡
247,长筷戏新郎,使用工具,几米长的竹子当筷子
247,长筷戏 新郎,目的,给亲友 宾客一一夹菜
247,入洞房仪式,步骤,绕火塘三圈
247,入洞 房象征意义,夫妻相处像 糯米饭团一样胶黏,共同吃糯米饭团
247,认亲环节,行为,新媳妇敬奉长辈 甜茶互赠礼物
247,坐满月习俗,动作,由娘家接送返回 时给每家亲戚都送一只鸡
247,拜年 习俗,行为,到各 亲戚家中行跪拜礼、赠 礼品
247,拜 年回礼,内容,每家亲戚给新郎新娘送一只鸡
247,阿昌 族传统婚俗,入选,云南省第四批省级非物质文化遗产 代表性项目名录
248,东山,又称,吴烈山
248,东 山庙,始建于,明正德年间
248,东山庙,史称,吴烈庙
248,东山 庙,性质,山神 祠
248,清朝初期,迁入民族,白族
248,白族,带来文化,本主文化
248,东山庙,改称原因,本主 文化影响
248,清朝雍正年间,建造地点,东山山顶
248,东山山顶,建有建筑,玉皇 庙
248,东山山顶,建有 建筑,南天门
248,半山 腰,建有建筑,法喜寺
248,法喜寺,宗教类型,汉传佛教
248,东 山庙会,日期,农历三月十三日
248,东山庙会,会期时长,三天
248,东山庙会,包括活动,登山赶会
248,东山庙会,包括活动,祭祀拜神
248,东山庙会,包括活动,社交求偶
248,东山庙会,包括活动,春游聚会
248,东山庙会,包括表演形式,民歌对唱
248,东山 庙会,包括表演形式,古乐演奏
248,东山庙会,包括表演形式,滇戏演出
248,东山庙会,融合元素,宗教礼仪
248,东山庙会,融合元素,民族歌舞
248,东山庙会,融合元素,民间音乐
248,东山庙会,融合元素,说唱 艺术
248,东山庙会,载体 功能,传统音乐传承
248,东山 庙会,载体功能,舞蹈展示
248,东山庙会,载体功能,说唱艺术传播
248,东山庙会,承载内容,政治发展变迁史
248,东山 庙会,承载内容,经济发展变迁史
248,东山庙会,承载内容,社会发展变迁史
248,东山庙会,承载内容,文化发展变迁史
248,纳西 族,宗教信仰,东巴 教
248,白族,宗教信仰,本主教
248,汉族,宗教信仰,道教
248,汉族,宗教信仰,佛教
248,东山庙会,体现特征,民族文化多样性
248,东山庙会,体现特征,宗教文化 多元性
248,东山庙会,象征意义,民族团结和谐
248,东山 庙会,入选项目,云南省第四批省级非物质文化遗产代表性 项目名录
249,妥甸酱油,始创 时间,明洪武 年
249,妥甸酱油,生产周期,一年半左右
249,妥甸酱油,水源地,妥甸登高山小龙箐
249,妥甸酱油,技艺流程,备料 、制曲、制醪发酵、 压榨浓缩
249,妥 甸酱油,主要类别,老抽、生抽和白酱油
249,妥甸酱油,特点,色泽鲜艳、香味 浓郁、咸甜适中、稠能 挂碗
249,妥 甸酱油,入选项目,云南省第四批省级非物质文化遗产代表性 项目名录
249,王 氏家族,传承地位,最为正宗
249,王 文俊,身份,第三代 传人
249,王文俊,角色,此 项目的代表性传承人
249,妥甸酱油,成分,葡萄糖
249,妥甸酱油,成分,各种氨基酸
249,妥甸酱油,特性,久存不变质
249,妥甸酱油,特性,不生霉
249,妥甸酱油,用途,佐餐调味的 上等佳品
249,发酵环节,关键因素,日晒夜露
249,发酵环节,进行季节,冬、春旱 季
249,发酵 环节,持续时间,需个月 方能成熟
249,压榨方法,类型,传统 木榨法
249,浓缩工序,方式,入锅加热浓缩浓度达标即可出锅
250,麻洋纸 制作技艺,主要流传地,云南省普洱市镇沅县 和平镇麻洋村
250,麻洋纸 制作技艺,民族依托,拉祜族苦聪人
250,麻洋纸 制作技艺,原料来源,哀牢山野生桦竹
250,麻洋纸 制作技艺,使用工具,柴刀
250,麻洋纸制作技艺,使用工具,蒸锅
250,麻洋纸 制作技艺,使用工具,切皮刀
250,麻洋纸制作技艺,使用工具,切皮桶
250,麻 洋纸制作技艺,使用工具,料缸
250,麻洋纸制作技艺,使用工具,脚槌
250,麻洋纸制作技艺,使用 工具,清洗池
250,麻洋纸 制作技艺,使用工具,浸泡池
250,麻洋纸制作技艺,使用工具,人工粉浆 机
250,麻洋纸制作技艺,使用工具,纸缸
250,麻洋 纸制作技艺,使用工具,帘子
250,麻洋纸制作技艺,使用工具,人工压 纸机
250,麻洋纸制作技艺,使用工具,烘烤炉
250,麻 洋纸制作技艺,使用工具,土窖
250,麻洋纸制作 技艺,流程步骤,采 料
250,麻洋纸制作技艺,流程步骤,晒洗
250,麻洋 纸制作技艺,流程步骤,蒸煮、清洗
250,麻洋纸 制作技艺,流程步骤,粉浆
250,麻洋纸制作技艺,流程步骤,抄纸
250,麻 洋纸制作技艺,流程步骤,起纸
250,麻洋纸制作 技艺,流程步骤,烤 干、压平
250,麻洋纸制作 技艺,流程步骤,拣 纸
250,麻洋纸制作技艺,流程步骤,扎捆
250,麻洋 纸,用途,糊斗 笠
250,麻洋纸,用途,裱扇子
250,麻洋纸,用途,祭祀用品
250,麻洋 纸,用途,包装纸
250,麻洋纸制作技艺,面临 问题,工艺周期长
250,麻洋 纸制作技艺,面临问题,原料不足
250,麻洋纸制作技艺,面临问题,生产产量 低
250,麻洋纸制作技艺,面临问题,无人继承
250,拉祜 族传统手工造纸技艺,入选 名录,云南省第四批省级非 物质文化遗产代表性项目名录扩展项目名录
250,拉祜族传统手工造纸技艺,代表性传承人,罗志 兴
251,傣族三 弦调,流传地区,云南省 新平县漠沙镇
251,傣族 三弦调,流传地区,云南省新平县戛洒镇
251,傣族三 弦调,流传地区,云南省新平县水塘镇
251,傣族三弦调,流传地区,元江 县曼莱镇
251,傣族三弦调,流传地区,元江县甘 庄镇
251,傣 族三弦调,流传地区,元江县大水平乡
251,傣族三 弦调,使用乐器,三弦
251,傣 族三弦调,内容特点,内容丰富
251,傣族三弦调,形式 特点,形式多样
251,傣族三弦调,旋律特点,旋律优美
251,傣族三 弦调,言词特点,言词质朴
251,傣族三弦调,感情表达,感情细腻
251,傣族三 弦调,节奏特点,节奏感比较强
251,傣族三弦调,结构特征,一拍一个语音
251,傣族 三弦调,曲调技法,使用引腔和拖腔
251,傣族 三弦调,歌词句式,五言句
251,傣族三弦调,歌词句式,七 言句
251,傣族三弦调,歌词 句式,六言句
251,傣族三 弦调,歌词句式,九言句
251,傣族三弦调,歌词句式,三言 短句
251,傣族三弦调,歌词 句式,四言短句
251,傣族 三弦调,创作手法,比兴手法
251,傣族三弦调,代表作,《罕悲哈》
251,傣族 三弦调,代表作,《 罕少罕冒》
251,傣族三弦调,代表作,《罕生骚 》
251,傣 族三弦调,代表作,《罗傣卜少仰着仰 》
251,傣 族三弦调,文化价值,认识花腰傣社会历史
251,傣族 三弦调,文化价值,研究民风民俗
251,傣族三弦调,遗产地位,云南省第四 批省级非物质文化遗产代表性项目名录
251,三弦 琴,演奏姿势,立 姿演奏
251,情歌对唱,伴奏形式,三弦调伴奏
251,对歌活动,表现形式,知识图谱三元组 提取
252,五三腔,属于,滇南四大腔
252,五 三腔,得名原因,由五个腔口演唱三 句唱词
252,五三腔,演唱形式,领唱与帮腔、对 唱与帮腔
252,五三腔,组成部分,拘腔
252,五三腔,组成部分,四六句
252,五三腔,组成部分,曲子
252,五三 腔,组成部分,落腔
252,五三腔,组成部分,白话
252,曲子,分类,大曲
252,曲子,分类,小 曲
252,曲子,分类,对口杂曲
252,大曲,常见曲目,十大格子
252,大曲,常见曲目,十进 花园
252,大 曲,常见曲目,十 绣小曲
252,大曲,常见曲目,十会小曲
252,小曲,常见 曲目,相逢曲
252,小曲,常见 曲目,遇团曲
252,小曲,常见曲目,试探曲
252,小曲,常见曲目,牵挂曲
252,小曲,常见曲目,勾引曲
252,小曲,常见曲目,离别曲
252,小曲,常见曲目,闲聊曲
252,小曲,常见曲目,串联曲
252,五三腔,演唱技法,真假嗓 结合
252,五 三腔,演唱技法,大声
252,五 三腔,演唱技法,轻声
252,五 三腔,演唱技法,哼鸣
252,五三腔,使用语言,汉语
252,五三腔,含少量语言,彝语
252,五三腔,伴奏 乐器,弦子
252,弦子,别 称,四弦
252,五三腔,伴奏乐器,月琴
252,五三腔,伴奏乐器,树叶
252,五三腔,特点,结构复杂
252,五三腔,特点,篇幅宏大
252,五三腔,特点,曲调音域 宽广
252,五 三腔,特点,旋律 跌宕起伏
252,五三腔,特点,高亢明亮
252,五三腔,特点,铿锵有力
252,五三腔,特点,绵绵细语
252,五三腔,特点,细腻柔和
252,五三腔,唱词内容,男女恋情
252,五三 腔,唱词内容,社交礼仪
252,五三腔,呈现场合,彝族吃火草烟
252,五三腔,呈现场合,彝族 民间社交
252,五三腔,呈现场合,娱乐活动习俗
252,五三腔,用途,交际
252,五三腔,用途,娱乐
252,五三腔,传承困难原因,生产生活方式转变
252,五三腔,传承困难原因,脱离原有传承 载体
252,五 三腔,传承困难原因,结构庞大
252,五三腔,传承困难 原因,声腔连接需要群体 完成
252,五 三腔,入选项目,云南省第三批省级非物质文化遗产代表性 项目名录扩展项目名录
252,五三腔,项目代表性传承人,普秀 凤
252,华 溪甫甸何包田左和 姚桂珍右,演唱,五三腔拘腔
253,老达保 村民小组,位于,普洱 市澜沧拉祜族自治县 酒井乡勐根村
253,村民,民族,拉祜族
253,村民,支系,拉祜纳
253,保护区,植被类型,亚热带常绿阔叶林
253,村民,传统习俗,自觉保护森林植被
253,保护区,民居建筑形式,木 结构干栏式
253,保护区,聚落格局 特征,保持传统风貌
253,民间信仰体系,包括,基督教/寨神/山 神/树神/地神/ 水神
253,主要 节日,包含,春节/ 葫芦节/新米节/中秋节
253,春节活动 特色,核心环节,抢 新水接新水
253,国家级非遗项目,《 牡帕密帕》,"类别 , 拉祜族芦笙舞"
253,省级非遗 项目,《根古》,"类型, 拉祜族史诗"
253,非遗技艺,拉祜族服饰,"关联 区域, 该保护区"
253,非遗技艺,拉祜族竹编技艺,"关联区域, 该保护区"
253,称号认定,老达保村拉祜族 传统文化生态保护区,"入选名录, 云南省第四批省级非物质文化遗产 代表性项目名录"
253,传承基地建设,国家级非遗 项目《牡帕密帕》,"设立地点, 保护区内"
253,传承基地建设,拉祜族芦笙舞,"设立地点, 保护区内"
253,非遗内容 主题,《牡帕密帕》,"叙述内容, 创世 造物/人类繁衍/工具制造 /发展生产/分配制度"
253,舞蹈动作特征,芦笙舞,"步法 构成, 跳/跺/扫 /绕/蹉"
253,服饰文化价值,传统 服饰图案,"表现内容, 创世神话/民族迁徙/鬼神 喻示/礼仪教化"
253,管理机制,保护 区,"管理机构, 管理委员会"
253,代表性传承 人,李扎戈,"所属 项目, 老达保村拉 祜族传统文化生态保护区"
253,代表性传承人,李 扎倮,"所属项目, 老达保村拉祜族传统文化 生态保护区"
253,代表性传承人,李扎莫,"所属项目, 老达保 村拉祜族传统文化生态保护区"
253,代表性传承人,李石开,"所属项目 , 老达保村拉祜 族传统文化生态保护区"
254,勐永傣 族传统制陶 技艺,历史悠久,曾是上贡土司 的地方特产
254,勐永傣族传统制 陶技艺,主要原料,黄褐色黏土和细沙
254,勐永 傣族传统制陶技艺,混合材料,黄色胶泥土和 细沙
254,勐永傣族传统制陶 技艺,制坯方法,盘条堆筑法
254,盘条堆筑 法,操作步骤,将 陶泥揉搓成条放在木板 上制坯
254,勐永傣族传统制 陶技艺,成型工具,鹅卵石和竹片
254,勐永傣 族传统制陶技艺,烧 制燃料,稻草或秸秆
254,勐永 傣族传统制陶技艺,烧制时间,一个多小时
254,勐永 傣族传统制陶技艺,产品类型,土锅、陶 缸
254,土锅,功能特性,煮沸而不溢
254,土锅,功能特性,保温时间长
254,土锅,功能特性,保留食品 的纯正原味
254,陶缸,功能特性,防潮防虫
254,陶 缸,功能特性,盛 水可长久保鲜清凉
254,勐永傣 族传统制陶技艺,传承 方式,传女不传男
254,勐永傣族传统制陶技艺,传承模式,母传 女、婆传媳
254,勐永傣 族传统制陶技艺,入选 名录,云南省级非物质文化遗产 代表性项目名录扩展项目名录
254,勐永 傣族传统制陶技艺,代表性传承人,张如华
255,建水彝 族花灯,起源时间,清光绪十九年
255,建水彝族 花灯,举办首个灯会 地点,白云村
255,建水彝族花灯,经历传承代数,五代
255,建水 彝族花灯,融入元素,彝族音乐
255,建水彝族花灯,融入元素,彝族 舞蹈
255,建水 彝族花灯,融入元素,彝族语言
255,建水彝族花灯,融入元素,彝族 服饰
255,建水 彝族花灯,剧本特色,有自己的特色
255,建水彝族花灯,音乐特色,有自己的特色
255,建水彝 族花灯,念白特色,有自己的特色
255,彝族四大腔,白话部分常用句式,五 言句式
255,彝族四大腔,使用 语气词,彝语语气词
255,建水 彝族花灯唱词,出现内容,彝族四大腔 白话部分常用五言句式
255,建水彝 族花灯唱词,出现 内容,彝语语气词
255,建水彝 族花灯舞蹈部分,融 进特点,彝族民间舞 的动作特点
255,建水彝族花灯伴奏,增加乐器,四弦
255,建水彝 族花灯,形成支派,云南花灯独特支派
255,建水 花灯传统剧目,包括剧目,《打花鼓》
255,建水花灯传统 剧目,包括剧目,《打渔 》
255,建 水花灯传统剧目,包括剧目,《打草竿》
255,建水花灯 传统剧目,包括剧目,《补 缸》
255,建水花灯传统剧目,包括 剧目,《玉钓瓶》
255,建水花 灯传统剧目,包括剧目,《 霸王下山》
255,建水花灯传统剧目,包括剧目,《张三杀羊 》
255,建 水花灯传统剧目,包括剧目,《劝赌》
255,建水花灯传统 剧目,包括剧目,《乡城 吵闹》
255,建水花灯传统剧目,包括 剧目,《老贾休妻》
255,建水 花灯传统剧目,包括剧目,《韩湘子渡妻》
255,建水花 灯,提供资料对象,省有关文化单位
255,建水花灯,提供资料对象,州有关文化 单位
255,建 水花灯,提供资料对象,县有关文化单位
255,建水花灯,参加活动,省级文艺 汇演
255,建水花灯,入选名录,云南省第一批省级非物质文化遗产 保护名录
255,建水花灯,代表性传承 人,白家顺
255,建水花灯 当地流传情况,举行仪式,请灯神仪式
255,建水花灯当地 流传情况,仪式时间,每年农历正月十五
255,建水花灯当地流传 情况,日常活动,每天 早晚上香
255,建水花灯当地流传情况,大唱花灯时间,正月十五、十六全村开始
255,建水花 灯当地流传情况,送灯 神时间,正月十七唱完 即送
256,嵩明地区,传统活动,花灯
256,嵩明 花灯,表演形式,团场
256,嵩明花灯,表演形式,坐场
256,团场,特点,十余名成对男女角色歌舞表演
256,坐场,内容,小戏/小 歌舞/小演唱
256,坐场,主要内容,小戏表演
256,嵩明花灯小戏,类型,讲口戏
256,讲口戏,特征,只有说白无唱 腔
256,团场,改编作品,《红灯 舞》
256,《红灯舞》,改编 单位,总政歌舞团
256,嵩明花 灯曲调,代表曲目,《嵩明采茶》
256,嵩明花灯 曲调,代表曲目,《 王氏挑水》
256,嵩明花灯曲 调,代表曲目,《双 叠调》
256,嵩明花灯曲调,代表曲目,《老鹰亮 翅》
256,嵩明花灯,入选项目,云南省第一批省级非物质文化遗产 保护名录
256,嵩明花灯,代表性传承 人,戚俊才
257,高跷舞 狮,又名,高脚狮子
257,高跷舞狮,传入时间,明初
257,高跷舞 狮,发源地,中原地区
257,高跷舞狮,著名 地点,云南省玉溪市通 海县石景村
257,石景村的高 跷舞狮,特点,高、奇、险
257,表演前准备动作,包括,坐于屋檐 或墙头上
257,双脚固定方式,使用,布带紧缚在两根 高厘米左右的跷上
257,延长腿部工具,采用,木杆
257,表演人数配置,由,六人协调 配合
257,角色分工,两人共耍 一狮) 11 . (单狮操作结构,"包括 , 一人耍狮头一人耍 狮尾"
257,特殊角色设置,存在,装扮驯引狮者
257,引导 道具,使用,绣球
257,性别造型区分,分别为,雄雌两狮
257,主要表演内容,围绕,双狮争抢 绣球
257,互动情节设计,包含,老和尚高举拂尘打下 驯服狮子
257,趣味动作元素,加入,摇摆拂尘逗引 狮子作乐
257,场面烘托方式,插入,身穿不同服饰的高 跷队员
257,队形变化特征,呈现,时而整齐有序时而疏 乱自由
257,结束仪式动作,执行,老和尚双手合掌作 揖致谢
257,当地民俗现象,包括,人们喜欢看高跷舞 狮
257,日常文化活动,涉及,闲暇时谈论和夸赞技艺
257,儿童模仿行为,使用,树杈木棍学踩高跷
257,传承困境原因,因,掌握技艺的艺人大量外出打工
257,队伍 维持困难点,缺乏,稳定的经费保障
257,保护级别认定,入选,云南省第三批省级非 物质文化遗产代表性项目名录
257,项目代表性传承 人,是,刘福德
258,华宁县,主要分布 乡镇,宁州 街道
258,华宁县,主要分布 乡镇,盘溪
258,华宁县,主要 分布乡镇,华溪
258,华宁县,主要分布乡镇,通红甸
258,华宁县,主要分布乡镇,青龙
258,《通红甸乡 志》,记载内容,华宁县的苗族是明 、清时期从云南其他地方渐渐辗转 流入的
258,《 华宁县民族志》,记载内容,华宁县的 苗族是明、清时期从 云南其他地方渐渐辗转流入的
258,苗族服饰,别称,花衣
258,苗族妇女服饰,组成部分,头饰套头
258,苗族 妇女服饰,组成部分,上衣
258,苗族 妇女服饰,组成部分,围 腰
258,苗 族妇女服饰,组成部分,飘带
258,苗族妇女服饰,组成部分,裙子
258,苗族妇女服饰,组成部分,绑腿
258,苗族妇女服饰,组成部分,绣花鞋
258,苗族妇女服饰,组成部分,配饰
258,苗族妇女服饰,组成部分,银饰
258,苗族妇女 服饰,组成部分,缨须
258,男子服饰,特征,头戴包头
258,男子服饰,特征,身穿紧袖 、钉满银扣的对襟 短装
258,男子服饰,特征,着 素色褶腰大裤脚长 裤
258,制作 苗族服饰,工序,种麻
258,制作苗族服饰,工序,收
258,制作苗族服饰,工序,割
258,制作苗族服饰,工序,晒
258,制作苗族服饰,工序,洗
258,制作苗族服饰,工序,撕
258,制作苗族服饰,工序,染
258,制作苗族服饰,工序,织
258,制作苗族服饰,工序,裁剪
258,制作苗族服饰,工序,刺绣
258,制作苗族服饰,工序,缝制成衣
258,制作苗族服饰,主要工序,下料
258,制作苗族服饰,主要工序,裁衣 布料
258,制作 苗族服饰,主要工序,设计图案
258,制作苗族服饰,主要 工序,刺绣
258,制作苗族服饰,主要工序,锁边、缝合
258,苗族 妇女,技能特点,心灵 手巧不需画图只需按照布 的纹路就可以绣出整齐边框 和自己喜爱的图案
258,刺绣,类型,平 绣
258,刺绣,类型,锁绣
258,刺绣,类型,辫绣
258,刺绣,类型,贴布绣
258,刺绣,类型,挑花
258,刺绣工序,着重选用绣法,平绣
258,刺绣工序,着重选用 绣法,辫绣
258,内衬,采用材料,牢实的卡 几布
258,苗族服饰,工艺技法,织
258,苗族服饰,工艺技法,绣
258,苗族服饰,工艺技法,挑
258,苗族服饰,工艺技法,染
258,苗族服饰,特点,保持着中国民间的织、绣、 挑、染的传统工艺技法
258,苗族服饰,特点,往往在运用一种 主要的工艺手法的同时穿插使用其他的工艺 手法或者挑中带绣或者染 中带绣或者织绣结合
258,苗族服饰,特点,花团锦 簇流光溢彩显示出鲜明的民族 艺术特色
258,苗族服饰,特点,夺目的色彩
258,苗族服饰,特点,繁复的装饰
258,苗族服饰,特点,耐人寻味的文化内涵
258,苗族 服饰图案,功能,传承 本民族文化的历史重任
258,苗族服饰图案,功能,具有文字的表达功能
258,苗族 服饰图案,美誉,无 字史书
258,苗族服饰图案,美誉,穿在身上的史书
258,苗族妇女服饰花纹,内容,红花
258,苗族妇女服饰 花纹,内容,绿叶
258,苗族妇女 服饰花纹,内容,蝴蝶
258,苗族 妇女服饰花纹,内容,山川
258,苗 族妇女服饰花纹,反映情感,对大自然的热爱
258,苗族服饰,价值体现,倾注了 妇女们炽热的感情和丰富的想象
258,精美的刺绣 、生动艳丽的图案,意义,苗族人民智慧的结晶
258,精美的刺绣 、生动艳丽的图案,意义,民族审美心理的体现
258,精美的刺绣、 生动艳丽的图案,意义,具有民族文化价值
258,苗族民众,穿着 现状,很少穿自己的民族服饰
258,苗族 服饰,发展趋势,逐渐消融 的趋势
258,华 宁苗族服饰,入选名录,云南省第四批省级非物质 文化遗产代表性项目名录扩展项目名录
258,华宁苗 族服饰,项目代表性传承人,罗永英
259,无量山 火腿,产地,南涧县
259,无 量山火腿,民族,彝族
259,制作时间,开始于,十月中旬
259,制作 时间,结束于,腊 月中旬
259,选材 要求,包括,腿心丰满
259,选材要求,包括,皮质新鲜
259,选材要求,包括,瘦肉鲜红
259,选材要求,包括,肥肉洁白
259,部位 选择,使用,后腿
259,晾晒 条件,置于,阴凉通风 处
259,修 整目标,使腿端面 呈,圆形
259,整体形状,形似,琵琶
259,处理步骤,除去,囊皮
259,处理步骤,除去,膝关节 处的油膜
259,处理步骤,除去,肌肉上的浮油
259,腌制方法,采用,干擦法
259,用盐量比例,为鲜腿重量的,%
259,搓揉起点,从,猪脚爪
259,重点敷 盐部位,包括,腰椎骨
259,重点敷 盐部位,包括,耻骨
259,重点敷 盐部位,包括,膝关节
259,重点敷盐 部位,包括,髋关节
259,重点敷盐 部位,包括,血管
259,重点敷盐部位,包括,大腿上部肉厚 处
259,每 只腿搓揉时长,约,分钟
259,堆叠容器,使用,竹篮
259,接水器具,放置,大盆或大锅
259,影响因素,腌制 时间受,鲜腿重量影响
259,影响因素,腌制时间受,室温影响
259,一般腌制 天数,为,天
259,悬挂方式,挂在,屋横梁或木 架
259,干燥 目标,保持,适当距离
259,压制工具,使用,石磨
259,压制工具,使用,石头
259,压制工具,使用,木头
259,压制工具,使用,千斤顶
259,压制设备,搭配,肉 榨子
259,压制次数,一般要,二至三次
259,阴干时长,通常需要,个月
259,自然现象,长出,绿色和绿灰色松花霉
259,别称,称为,铜霉
259,贮藏容器,使用,纸箱或木箱
259,最佳存放 期限,以,一两年内 为好
259,主要食用方式,是,煮食
259,其他食用方式,包括,煎 炒
259,其他 食用方式,包括,蒸炖
259,烹饪前 处理,需洗净,松 花霉
259,文化地位,是,传统 宴席必不可少美食
259,文化地位,作为,祭祀祖先重要祭品
259,非遗项目,入选,云南省第四批省级非 物质文化遗产代表性项目名录扩展项目名录
259,代表性传承 人,是,李德恭
260,兴隆高竿 舞狮,类别,民间传统 游艺类项目
260,兴隆高 竿舞狮,起源地,中原
260,兴隆高竿舞狮,所属流派,南方醒狮类
260,兴隆 高竿舞狮,角色分工,一人扮演狮头
260,兴隆高竿 舞狮,角色分工,一人扮演狮身
260,狮头造型,设计参考,戏曲脸谱
260,兴隆高 竿舞狮,融合元素,武术身型
260,兴隆高竿舞狮,融合元素,武术步 法
260,兴隆高竿舞狮,表演 特点,形神意结合
260,兴隆 高竿舞狮,特性,技术性
260,兴隆高竿舞狮,特性,健身性
260,兴隆高 竿舞狮,特性,艺术观赏性
260,兴隆高竿舞狮,分类,地面舞狮
260,兴隆高竿舞狮,分类,高台桌子舞狮
260,兴隆 高竿舞狮,分类,高竿舞狮
260,地面舞狮,动作示例,踩大 四门
260,地面舞狮,动作 示例,小四门
260,地面舞 狮,动作示例,狮子 滚桌
260,地面舞狮,动作 示例,耗子过梁
260,高 台桌子舞狮,结构组成,高桌子层层叠加
260,高竿 舞狮,受欢迎程度,最受欢迎表演形式
260,高竿舞狮,表演者角色,饰演 孙猴子
260,高竿舞狮,表演者角色,饰演狮子
260,高 竿舞狮,动作示例,洗须
260,高竿舞狮,动作示例,舔身
260,高 竿舞狮,动作示例,抖毛
260,高竿舞狮,动作示例,踩桩换 位
260,高竿舞狮,动作 示例,高空倒立
260,高竿 舞狮,动作示例,一柱擎天
260,高竿舞狮,动作示例,倒挂 金钟
260,高竿舞狮,动作示例,空中悬狮
260,高 竿舞狮,动作示例,白马献蹄
260,高竿舞狮,动作示例,鹞鹰 展翅
260,兴隆高竿狮舞民间 艺术团,成立时间,年在当地政府积极引导和支持下
260,兴隆 高竿狮舞民间艺术团,活动类型,公益性表演
260,兴隆 高竿狮舞,入选名录,云南省第四批省级非物质 文化遗产代表性项目名录
260,兴隆高竿狮 舞,代表性传承人,杨华
261,象脚鼓,是,傣族同胞最 喜爱的传统乐器之一
261,象脚鼓,用于,傣历新年
261,象脚鼓,用于,关门节
261,象脚鼓,用于,开门节
261,象脚鼓,属于,打击乐器
261,象脚鼓,具有功能,怡情悦性
261,象脚鼓,具有功能,以鼓会友
261,象脚鼓,具有功能,强健身心
261,象脚鼓,具有功能,祈庆 丰年
261,象脚鼓制作,遵循,相关习俗
261,象脚鼓制作,具有 特色,浓郁的傣族特色
261,象脚 鼓制作,使用工具,刀
261,象 脚鼓制作,使用工具,斧
261,象脚鼓制作,使用工具,凿子
261,鼓身,选用材料,甑子木
261,象脚鼓制作,使用材料,牛皮
261,象脚鼓制作,使用材料,牛筋
261,象脚 鼓制作,使用材料,油漆
261,象 脚鼓制作,使用材料,织锦背带
261,象脚鼓制作,使用材料,藤篾圈
261,象脚 鼓制作,使用材料,糯米饭
261,象脚鼓制作,包括流程,选树
261,象脚鼓制作,包括流程,备料
261,象脚鼓制作,包括 流程,雕琢
261,象脚鼓制作,包括流程,蒙鼓面
261,象脚鼓 制作,包括流程,雕刻
261,象脚鼓 制作,包括流程,彩绘
261,象脚 鼓制作,包括流程,调 音
261,象 脚鼓制作,包括流程,系背带
261,象脚鼓,分类,大
261,象脚鼓,分类,中
261,象 脚鼓,分类,小
261,大/ 中/小象脚鼓,制作工艺,大致相同
261,大/中/ 小象脚鼓,差异,尺寸
261,象脚鼓制成后,用 糯米饭捏成圆饼贴在 鼓面中心,用于调节音色 和音高
261,象脚鼓制作,体现,傣族人与自然和谐相处的 生态观
261,象脚鼓制作,是,古代社会分工的遗迹
261,象脚鼓制作,体现,傣族狩猎 文化
261,象 脚鼓制作技艺,传承方式,口传心授
261,象脚鼓制作 技艺,蕴含,傣族 先民的生存智慧
261,象脚鼓制作技艺,蕴含,傣族先民 的审美情趣
261,年象脚鼓制作技艺,入选,云南省级非物质文化遗产 代表性项目名录扩展项目名录
261,岩腊,身份,项目代表性传承人
262,藏香,记载于,天木佛经
262,天木香,属于,五种殊胜供香之一
262,迪 庆藏香,历史时长,三百多年
262,迪庆藏香,主料,柏树树干
262,迪庆 藏香,原料包含,藏红花
262,迪庆藏香,原料 包含,麝香
262,迪庆藏香,原料包含,白檀 香
262,迪庆藏香,原料包含,红檀香
262,迪庆藏香,原料包含,紫檀 香
262,迪庆藏香,原料 包含,沉香
262,迪庆藏 香,原料包含,豆 蔻
262,迪庆藏香,原料 包含,穿山甲
262,迪庆 藏香,原料包含,甘崧
262,迪庆藏香,原料包含,冰片
262,迪庆 藏香,原料包含,没药
262,迪庆藏香,原料包含,丁香
262,原料处理,遵循标准,制药标准
262,传统 制作工艺,包括工序,采摘
262,传统制作工艺,包括工序,选配
262,传统制作工艺,包括工序,研磨
262,传统制作工艺,包括 工序,调和
262,传统制作工艺,包括工序,开孔牛角 挤制成形
262,传统制作工艺,包括 工序,晾制
262,传统制作工艺,包括工序,包装
262,制作藏 香,需进行,拣 选原料
262,香师,使用炮 制方法,水法
262,香师,使用炮制方法,火法
262,炮制处理,目的,去其杂质便于使用
262,炮 制处理,目的,导 顺治逆理其药性
262,炮制 处理,目的,消除可能 具有的毒副作用
262,迪庆藏香,产品类型,线香
262,迪庆藏香,产品类型,塔香
262,迪庆藏香,产品类型,瓣香
262,迪庆藏香,产品类型,盘香
262,迪庆藏香,属性,藏族传统手 工艺品
262,迪庆藏香,属性,藏传佛教重要文化载体
262,迪庆藏香,功效,清心健脾
262,迪庆藏香,功效,杀菌消毒
262,迪 庆藏香,功效,美容养生
262,迪庆藏香,功效,祛痛提神
262,迪 庆藏香,特点,多民族文化交流结晶
262,迪庆藏香,地位,藏族群众生活 日常用品
262,迪庆藏香制作技艺,入选名录,云南省第四 批省级非物质文化遗产代表性项目名录
262,迪庆藏香制作技艺,代表性传承人,江参
263,三眼土 洞箫,类别,吹奏 乐器
263,三眼土洞箫,流传地区,云南省文山壮 族自治州文山市追栗街镇 大兴寨彝族诺科人仆 拉支系聚居村寨
263,三眼土洞 箫,别称,底 劳和
263,三 眼土洞箫,同类乐器,埙
263,三眼土洞箫,制作 材料,灰白土、棕 红土、黄土
263,三眼土洞箫,形状描述,腰粗、 底平、嘴尖的鸭梨 状
263,三眼 土洞箫,结构特征,顶端开一吹孔；腔 体中部各开三个音孔
263,三眼土洞 箫,音色特点,低沉 浑厚
263,三 眼土洞箫,可吹 奏音符数量,四个
263,三眼土洞 箫,音调影响因素,腔体大小
263,三眼土洞箫,演奏技法,口对吹孔 双手握住腔体左手拇指按后 音孔右手二指按右音 孔左手二指按左音孔
263,三眼 土洞箫,气息要求,均匀饱满
263,三眼土洞箫,曲调类型,祭祀曲调 、即兴曲调
263,三眼土洞箫,节奏特点,时紧 时松忽快忽慢
263,三眼土洞 箫,装饰手法,以上 、下方二、三度做装饰 润色
263,三眼土洞箫,传统 传承限制,传男不传 女
263,三 眼土洞箫,历史用途,春耕前铲草烧 灰、修田埂时吹奏 祝福五谷丰登
263,三眼土洞箫,现代作用,祭祀、 抒发情感、振奋精神
263,三眼土洞箫,非遗级别,云南省第四 批省级非物质文化遗产代表性项目
263,三眼土 洞箫,代表性传承人,李汉明
264,白倮彝 族服饰,具有,厚重的历史 积淀
264,白倮彝族服饰,是,彝族不同 支系的识别符号
264,白倮彝族服饰,表达,白倮彝 族的宇宙观和传统信仰
264,白倮 彝族服饰,承载意义包括,族源
264,白倮彝族服饰,承载意义包括,迁徙
264,白 倮彝族服饰,承载意义 包括,情感
264,白倮彝族服饰,承载意义包括,认知
264,白 倮彝族服饰,承载意义 包括,神话传说
264,白倮彝族 服饰,承载意义包括,族群意识
264,白倮彝族服饰制作,包括步骤,种棉
264,白 倮彝族服饰制作,包括步骤,纺线
264,白倮彝族 服饰制作,包括步骤,织 布
264,白倮彝族服饰制作,包括步骤,蜡染
264,白倮 彝族服饰制作,包括步骤,刺绣
264,白倮彝族服饰制作,包括步骤,缝制
264,蜡 染工艺,分工序,点蜡
264,蜡染工艺,分 工序,染布
264,蜡染工艺,分工序,泡布
264,蜡染工艺,分工序,脱蜡
264,制作工具,包括,脱棉机
264,制作工具,包括,纺线机
264,制作工具,包括,织布机
264,制作工具,包括,土碗
264,制作工具,包括,蜡笔
264,制作工具,包括,针
264,制作工具,包括,过滤网
264,制作工具,包括,甑子
264,制作工具,包括,锅
264,制作工具,包括,火盆
264,制作工具,包括,泡布塘
264,服饰纹样,以...为主,蜡 染图案
264,布料的裁剪、缝制,体现,节约资源的传统 美德
264,整套服饰,缝制特点,一块布料缝制而成
264,整套服饰,保持特性,没有拼 角
264,整套服饰,保持特性,纹样的完整性
264,整套服饰,保持特性,整体性
264,整套服饰,保持特性,连续性
264,服饰 上的图案和纹饰,是 载体,族群记忆
264,服饰上的图案 和纹饰,与...相关,历史传说
264,服饰上的图案和 纹饰,与...相关,生产生活
264,服饰上的图案和纹 饰,承载着,民族 的历史记忆
264,服饰上的图案和纹饰,传承着,先民 创造的文化
264,白倮彝族服饰,被称为,穿在身上的史书
264,白倮彝族服饰,是,优秀传统文化的遗存
264,白 倮彝族服饰,具有特色,浓郁的地方特色
264,白倮彝 族服饰,具有特色,民族特色
264,白倮彝族服饰,对研究价值,白倮 彝族文化
264,白倮彝族服饰,入选项目名录,云南省 级非物质文化遗产代表性项目名录扩展 项目名录
264,项目代表性传承人,是,张安春
265,马腿琴,别称,玎喊
265,马腿 琴,别称,哩叮
265,马 腿琴,所属民族,傣族
265,马 腿琴,类型,弹 弦乐器
265,马 腿琴,形状特征,形似大象
265,马腿琴,形状特征,琴体细长
265,马腿琴,形状 特征,小巧
265,马腿琴,制作材料,马墩树
265,马腿琴,制作 环节,选材
265,马腿琴,制作环节,制作琴身
265,马腿琴,制作环节,制作共鸣 箱
265,马 腿琴,制作环节,制作弦码
265,马腿琴,制作环节,上弦线
265,马腿琴,制作环节,系拨片
265,马腿琴,制作环节,装饰外观
265,马腿 琴,共鸣箱材质,竹片
265,马腿琴,出音孔 排列方式,三角形
265,马腿琴,弦码材料,铅
265,马腿琴,弦材质,丝线
265,马腿琴,拨片材料,牛 角
265,马 腿琴,演奏姿势,斜置于胸前
265,马腿琴,持琴 手,左手
265,马腿琴,按 弦手,左手
265,马腿琴,右手技巧,执拨弹奏
265,马腿琴,演奏技巧,单挑
265,马腿 琴,演奏技巧,滚 奏
265,马 腿琴,演奏技巧,滑音
265,马腿琴,演奏技巧,双音
265,马腿琴,常用演奏 弦,中弦
265,马腿琴,常用演奏弦,外弦
265,马腿琴,内弦用途,和 弦
265,马 腿琴,音色特点,柔美细腻
265,马腿琴,音量特点,较小
265,马腿琴,文化功能,求爱
265,马腿琴,文化 功能,倾吐情爱
265,马腿琴,传统乐曲,《恋爱调 》
265,马 腿琴,传统乐曲,《 反悔调》
265,马腿琴,传统 乐曲,《挖苦调》
265,马腿琴,传统乐曲,《花花调 》
265,马 腿琴,保护现状,亟待加强保护
265,马腿琴制作技艺,入选名录,云南省第三批省级 非物质文化遗产代表性项目名录
266,杨林肥 酒,含义,补酒
266,杨林 肥酒,基酒,小曲白酒
266,杨林肥酒,配料,党参
266,杨林肥酒,配料,拐枣
266,杨林肥酒,配料,肉桂
266,杨林肥酒,配料,陈皮
266,杨林肥酒,添加 物,豌豆尖
266,杨林肥酒,添加物,小茴香
266,杨林肥酒,添加物,青竹 叶
266,杨 林肥酒,生产工艺,熬制蒸馏提取天然绿色素
266,杨林肥 酒,储存容器,土 陶缸
266,杨林肥酒,功效,调补
266,杨林肥酒,功效,营养
266,杨林肥酒,功效,健康
266,云南杨林肥酒有限公司,生产产品,杨林肥 酒系列
266,云南杨林肥酒有限公司,生产产品,杨林清酒 系列
266,云南 杨林肥酒有限公司,生产 产品,喜良缘酒系列
266,云南杨 林肥酒有限公司,生产产品,保健酒系列
266,杨林肥酒,荣誉,中华老字号
266,杨林肥酒 制作技艺,入选项目,云南省第三批省级非物质文化遗产代表性 项目名录
267,芦差冲 村,位于,文山壮 族苗族自治州马关县 马白镇马尾冲村委会 芦差冲自然村
267,芦差冲村,三面环绕,高山
267,芦差冲村寨 子底下,是,纵横 的稻田和耕地
267,芦差冲村,聚 居民族,壮族土支 系
267,芦差 冲村,有原始崇拜,火神
267,芦差冲村,有原始 崇拜,水神
267,芦差冲村,有原始崇拜,树神
267,芦差冲村,有原始崇拜,雷 神
267,芦差 冲村,有原始崇拜,花神
267,芦差冲村,有 原始崇拜,山石
267,芦差冲村,民族节日与宗教节日合 二为一,二月祭龙 节
267,芦 差冲村,民族节日与 宗教节日合二为一,三月三祭雷神
267,芦差冲村,六月节别称,六 一花饭节
267,芦差冲村,六月节俗称,过小年
267,芦差 冲村,保存有民间文学 故事,《开天辟地》
267,芦差 冲村,保存有民间文学 故事,《蓝靛的传说》
267,芦差 冲村,有传统民歌,古歌
267,芦差冲村,有传统民歌,酒歌
267,芦差 冲村,有传统民歌,情歌
267,芦差冲村,有传统民歌,山歌
267,芦差 冲村,有传统民歌,四季歌
267,芦差冲村,有传统民歌,谢礼 歌
267,芦 差冲村,有传统民 歌,开路歌
267,芦差冲村,有传统民歌,送别歌
267,芦差冲村,乐器 包括,二胡
267,芦差冲村,乐器包括,笛子
267,芦差冲 村,乐器包括,大小 唢呐
267,芦差冲村,乐器包括,三弦
267,芦差冲村,乐器包括,板胡
267,芦差冲村,乐器包括,大鼓
267,芦差 冲村,乐器包括,木鱼
267,芦差冲村,传统舞蹈 有,《弄娅歪》
267,芦差冲 村,传统舞蹈有,《 纸马舞》
267,芦差冲村,传统舞蹈有,《手巾舞 》
267,芦 差冲村,传统舞蹈有,《霸王鞭》
267,芦差冲村,保留传统技艺,纺织
267,芦差冲 村,保留传统技艺,刺绣
267,芦 差冲村,保留传统技艺,编织
267,芦差冲村,保留 传统技艺,染织
267,芦差冲村,保留传统技艺,雕刻
267,芦差 冲村,保留传统技艺,银饰品加工
267,芦差冲村,承袭至今的古老技艺,蓝靛染布
267,芦差冲村,至今还保留,古老的土布 织布机
267,芦差冲村,至今 还保留,轧棉机
267,芦差冲 村,至今还保留,纺线机
267,芦差冲村,至今 还保留,绕线机
267,芦差冲 村,种植,蓝靛
267,芦差 冲村传统服饰,集中体现,壮族土支系的服饰 审美观念
267,芦差冲村民族传统文化生态保护区,是,马关县 壮族土支系中最古老、 最具民族特色的少数民族村寨之一
267,芦差冲 村民族传统文化生态保护区,是,一座丰富的民族传统文化宝库
267,政府,采取保护措施,资金支持
267,政府,采取保护措施,深度挖掘 整理
267,政府,采取保护措施,人才培养 保护
267,政府,采取保护措施,展演 活动
267,芦 差冲村民族传统文化生态保护区,入选,云南省第三批省级 非物质文化遗产代表性项目名录
267,芦差冲村 民族传统文化生态保护区,项目代表性 传承人,田国珍
267,芦差冲 村民族传统文化生态保护区,项目 代表性传承人,田达明
268,大理洞经 音乐,起源 时期,南诏 大理国时期
268,大理洞经音乐,兴盛时期,明清两代
268,大理洞经 音乐,融入元素,儒 释道三教祭祀音乐
268,大理洞经音乐,完善成型场所,道家道 场
268,大理,身份,云南洞经音乐 的发源地
268,大理最早的洞经,名称,《三洞仙经》
268,大理洞经音乐 演奏,组成部分,声乐 和器乐
268,声乐部分,演唱形式,领唱和伴唱
268,声乐部分,伴奏乐队类型,丝竹乐
268,声乐 部分,伴奏乐队类型,吹打乐
268,器乐部分,分类,大乐曲牌
268,器乐部分,分类,细乐曲牌
268,器乐部分,分类,锣鼓曲牌
268,大理洞经 音乐,保存形态,古代 音乐的原生形态
268,大理洞经音乐,风格特点,道教音乐的飘逸
268,大理洞 经音乐,风格特点,宫廷音乐的典雅
268,大理洞经音乐,风格特点,江南丝竹的 柔美
268,大理洞经音乐,风格特点,儒教音乐的浑厚
268,大理洞 经音乐,风格特点,民间音乐的风韵
268,大理洞经音乐,主题风格,古朴典雅
268,大理洞经 音乐,主题风格,柔 美清正
268,大理洞经音乐,主题 风格,飘逸悠扬
268,大理洞经音乐,主题风格,超凡脱 俗
268,大理 洞经音乐,主题风格,教化育人
268,大理洞经音乐,主题 风格,礼乐兴邦
268,大理洞经 音乐,地位,中国古代音乐 的集大成者
268,大理洞经音乐,价值,研究中国古代音乐文化 的历史价值
268,大理城乡,活跃组织,洞经古乐社团
268,大理市,洞 经音乐社团数量,多支
268,洞经 音乐社团组织,载体,村社的民间宗教活动
268,洞经音乐社团 组织例子,三元会) 32. (洞经音乐社团 组织例子,宏仁会
268,洞经音乐 社团组织例子,下关洞 经古乐会) 34 . (洞经音乐社团组织例子,大理南雅音乐社
268,大理市洞 经音乐,入选项目,云南省第三批省级非物质文化遗产代表性 项目名录扩展项目名录
268,大理市洞经音乐,项目代表性传承人,杨贵
269,闹兜阳,所属民族,苗族
269,闹兜 阳,流传地区,马关县
269,闹兜阳,举行时间,农历五月初五
269,闹兜阳,纪念 对象,兜阳
269,闹兜阳,活动 目的,选出像兜阳一样的 好人
269,闹兜 阳,仪程数量,七个
269,闹兜 阳,仪程之一,定招魂门
269,闹兜阳,仪程 之二,招兜阳魂
269,闹兜阳,仪程之三,迎兜阳客
269,闹兜阳,仪 程之四,问兜阳
269,闹兜 阳,仪程之五,送兜阳魂
269,闹兜阳,仪程之六,跳兜 阳
269,闹 兜阳,仪程之七,选兜阳
269,闹兜阳,文化内涵,崇贤向善
269,闹兜 阳,活动内容,对 歌
269,闹 兜阳,活动内容,跳芦笙舞
269,闹兜阳,活动 内容,打竹筒电话
269,闹兜阳,活动内容,丢鸡 毛键
269,闹兜阳,活动内容,打陀螺
269,闹兜阳,活动 内容,射箭
269,闹兜阳,活动内容,摆长桌宴
269,闹兜 阳,社会价值,引导 人们不忘英雄
269,闹兜阳,艺术特点,观赏性强
269,闹兜阳,艺术 特点,参与性强
269,闹兜阳,入选名录,云南省第四批省级 非物质文化遗产代表性项目名录
269,闹兜阳,代表性传承人,熊明清
269,闹兜 阳,面临问题,濒 危状况
269,熊明清,身份,项目 代表性传承人
270,鲁甸牛 干巴,选用品种,当地 优质良种壮黄牛
270,喂养时间,农历正二月间,关起来喂养
270,催膘方式,嫩草,用于催膘
270,保健 方法,中草药,打痨 除疾健脾胃增强食欲
270,增加饲料类型,蚕豆面等精细饲料,逐渐增加
270,民间俗谚,厩干食饱牛长膘) 7. (最佳腌制 时期,寒露时节
270,主刀者 身份,回族阿訇,杀牛放血剥皮开 膛去内脏
270,处理步骤,剔成 块即对净肉,割 下的肉铺在通风处凉透
270,腌制比例材料,盐,撒在肉上反复搓揉至 肉质发软盐充分浸透
270,存放 容器,陶制的瓮缸,码好压实
270,封口材料,硬纸或麻布,盖 紧扎好
270,腌渍时长,腌天,出缸晾晒
270,晾晒天数,三天,收回室内空挂
270,成品特征,肉面干硬呈板栗色,食用最佳
270,部位名称,饭盒里裆,上品 肉质细嫩容易切片煎煮均可
270,部位名称,肋条,油多筋多炖吃鲜美
270,营养成分,富含蛋白质,味道醇 厚易保存
270,菜品示例,油 淋干巴,五香干 巴厚干巴干巴煨红豆 干巴炒藕干巴夹乳 饼糖醋干巴酸菜煮 干巴干巴豆焖饭
270,文化 场合,婚丧嫁娶等各种 重要场合,不可或缺的菜品
270,非遗项目,鲁甸牛干巴制作 技艺,入选云南省第四批省级 非物质文化遗产代表性项目名录
271,彝族鱼 鳞片吹奏,所属民族,彝族尼苏支系
271,彝族鱼鳞片吹奏,流传地区,云南省红河哈 尼族彝族自治州蒙自市北部 坝区长桥海
271,彝族鱼鳞片 吹奏,流传地区,大屯海湖
271,彝族鱼鳞片吹 奏,流传地区,蒙 自坝
271,彝族鱼鳞片吹奏,流传地区,大屯坝
271,彝 族鱼鳞片吹奏,流传 地区,草坝
271,彝族鱼鳞片 吹奏,起源时期,清代中叶
271,彝族鱼鳞片吹奏,历史时长,上百年
271,彝 族鱼鳞片吹奏,传承 方式,五代传承谱系
271,彝 族鱼鳞片吹奏,音色 特点,清脆
271,彝族鱼鳞片 吹奏,音色特点,明亮
271,彝族鱼鳞片吹奏,音色特点,悦耳
271,彝 族鱼鳞片吹奏,类 比效果,吹奏树叶
271,彝 族鱼鳞片吹奏,选 材鱼类,鲤鱼
271,彝族鱼 鳞片吹奏,选材重量 标准,六斤以上
271,彝族 鱼鳞片吹奏,取材部位,两肋部位
271,彝族鱼 鳞片吹奏,鳞片直径规格,至厘米为佳
271,彝族 鱼鳞片吹奏,材质要求,稍有硬韧度
271,彝族 鱼鳞片吹奏,预处理方式,修剪卷曲的边
271,彝 族鱼鳞片吹奏,硬度 调整方法,布稍作打磨
271,彝族鱼鳞片吹奏,硬度调整方法,小刀刮 至适合为止
271,彝族鱼鳞片吹 奏,演奏技法,收 拢风门调节气流强弱
271,彝族 鱼鳞片吹奏,演奏技法,控制气息长短节制节奏
271,彝 族鱼鳞片吹奏,装饰 手法,缓吹
271,彝族鱼 鳞片吹奏,装饰手法,急吹
271,彝族鱼鳞片吹 奏,装饰手法,吐 音
271,彝族鱼鳞片吹奏,装饰手法,滑音
271,彝 族鱼鳞片吹奏,特殊 发声技巧,喉、舌联合 颤动获得柔音效果
271,彝族鱼 鳞片吹奏,常规音区 范围,约度之间
271,彝族 鱼鳞片吹奏,特技 扩展音区,度
271,彝族 鱼鳞片吹奏,文化反映 内容,生活环境
271,彝族鱼鳞片 吹奏,文化反映内容,生产生活状况
271,彝族鱼鳞片 吹奏,入选名录,云南省第四批省级非物质文化遗产代表性 项目名录
272,昭通市 巧家、彝 良、永善和 昭阳区等县区的 高寒山区,生活着,汉族、彝族等民族
272,当地乡民,以...为原料,当地羊毛
272,当地 乡民,手工擀制,披毡
272,披毡,形成,独特的 毡制服饰
272,披毡,披在身上,遮风避雨保暖御寒
272,披毡,铺在地上作为卧具,保暖防潮
272,昭 通披毡,是...的重要 纺织品,当地乡民赖以 生存
272,昭通 披毡,制作工序比较独特 ) 9. (擀毡,"需要, 两人或两人以上 同时操作"
272,擀毡的场地,要求,宽敞、平坦、洁净
272,擀毡,以...季节擀制比较适宜,温湿的夏秋两季
272,昭通 披毡,基本的质量要求是,筋骨好站得直褶 子细收的拢
272,擀毡的原料选择,较为考究,要选用 本地或附近所产土羊的 羊毛
272,羊毛,以...为最好,六月毛
272,制作昭通披毡使用的主要工具,包括,杆秤、竹 帘、弹弓、木槌、 麻绳、小扫帚、皮 板指等
272,擀制,全手工操作 工序为如下几步,选毛 分等、将分等后的羊毛 洗涤、脱脂、用弦弓 弹松、卷帘、将弹 松的羊毛均匀地铺在特 制的竹帘上、卷成帘 筒、用热水浸发、蹬 踩竹帘筒边蹬边泼 水浇淋、去除羊毛中的杂质 使之粘贴、提褶、嵌线
272,蹬踩 、提褶、嵌线等工序,需要,毡工有 娴熟的技艺
272,娴熟的技艺,能使,所加工的披毡厚度均匀 结构致密褶子达到褶的 较高要求尺寸适中舒卷自如
272,昭通披 毡,作为区域性的独特服饰,历史悠久
272,昭通披毡,曾 作为,向朝廷贡赋的 贡品
272,昭通披毡,多为,旅游纪念购买或收藏购买
272,昭通披 毡,市场需求量很小) 23. (昭通披毡,制作工期长
272,昭通披毡的 制作手法,逐渐式微甚至 到了濒临消亡的地步) 25 . (年昭通毛毡制作 技艺,"入选, 云南省第四 批省级非物质文化遗产代表性项目名录 扩展项目名录"
272,项目代表性传承人,是,王开友
273,陆良草 编,主要 用芯材料,牛尾巴草
273,陆良草编,主要用芯材料,秧 草
273,陆良 草编,线材,棕叶芯
273,牛尾巴草,采集最佳季节,秋季
273,牛尾巴草,高度范围,八十厘米至一米高
273,牛尾巴草,处理步骤,晾晒
273,牛尾巴草,处理步骤,摔打
273,牛尾巴草,处理步骤,脱籽
273,牛尾巴草,处理步骤,除叶
273,牛尾巴草,保留部分,主杆
273,秧草,生长环境,湿地周边
273,秧草,生长环境,秧田埂 边
273,秧 草,采集特点,不分 季节
273,秧 草,保存方式,晒 干待用
273,棕叶芯,学名,蒲葵
273,蒲葵,割芯条件,树龄二十年以上
273,棕叶,采集标准,新长六七十 厘米左右
273,棕叶,加工工序,煮
273,棕 叶,加工工序,晾 晒
273,棕 叶,加工工序,浸泡
273,陆良 草编产品,包括类型,小蒲箩
273,陆良草编产品,包括 类型,提篮
273,陆良草编产品,包括类型,装饰摆件
273,陆良 草编产品,包括类型,收纳盒
273,陆良草编产品,包括类型,宠物窝
273,陆良草编产品,包括类型,各类包装盒
273,陆良草 编产品,服务模式,按需求定制
273,陆良草编形状,传统形式,鼓灯形
273,陆良草 编形状,现代形式,圆柱形
273,陆良草编形状,现代 形式,椭圆形
273,陆良草编形状,现代形式,方形
273,陆良草编 形状,现代形式,葫芦 形
273,陆 良草编形状,现代形式,不规则形状
273,陆良草编,知名产品,小蒲箩
273,陆良草 编,原材料特点,健康
273,陆良 草编,原材料特点,环保
273,陆 良草编,工艺特点,精细度高
273,陆良草编,功能 特性,保温
273,陆良草编,功能特性,经摔
273,陆良草编,功能特性,耐用
273,陆良草 编,审美风格,朴素
273,陆良 草编,审美风格,简拙
273,陆良草编传承现状,从业者特征,老年人
273,陆良草编传承 现状,面临问题,人员 逐年递减
273,陆良草编,入选名录,云南省第四批省级非物质 文化遗产代表性项目名录
273,陆良草编,项目代表性传承人,王敖 英
274,易门浦 贝陶器,起源时间,明末清初
274,易门浦贝 陶器,制作特点,就地取材
274,易门浦贝陶器,制作特点,就地制作
274,易门浦贝 陶器,地方特性,浓郁
274,易门 浦贝陶器,注重,实用性和欣赏性的统一
274,易门浦贝陶 器,制作流程,原料 精选
274,易门 浦贝陶器,制作流程,坯料配制
274,易门浦贝陶器,制作流程,拉坯 成型
274,易门 浦贝陶器,制作流程,干燥
274,易门浦贝陶器,制作流程,施釉
274,易门浦 贝陶器,制作流程,装窑
274,易门浦贝陶器,制作流程,烧成
274,易门浦 贝陶器,制作流程,出窑
274,易门浦贝陶器,制作流程,成品检验
274,制陶用 黏土,储量地点,浦贝境内
274,石英砂,储量地点,浦贝境内
274,釉料,储量地点,浦贝境内
274,易门浦贝陶 器,开采便利性,方便
274,易 门浦贝陶器,运输 便利性,方便
274,易门浦贝陶 器,应用领域,社会生活多个 领域
274,易 门浦贝陶器,特点,耐酸碱
274,易门浦贝陶器,特点,陶质细腻
274,易门 浦贝陶器,特点,腌制咸菜色鲜味纯
274,易门 浦贝陶器,特点,盛酒不走味
274,易门浦贝陶 器,艺术价值,高
274,易门 浦贝陶器制作技艺,入选名录,云南省级非物质 文化遗产代表性项目名录扩展项目名录
274,易门浦 贝陶器制作技艺,项目 代表性传承人,杨建云
275,开远羊 街彝族花 灯,传入时间,清咸丰年间
275,开 远羊街彝族花灯,基础艺术形式,汉族花 灯艺术
275,开远羊街彝族花 灯,主要旋律来源,彝家山歌小调
275,开远羊 街彝族花灯,演唱 语言,汉语
275,开远羊街彝 族花灯,音乐组成部分,声腔
275,开远羊街彝族 花灯,音乐组成部分,曲牌
275,开远羊街彝族花 灯,艺术类型分类,戏曲型灯调
275,开远羊街彝 族花灯,艺术类型分类,演唱型灯调
275,开远羊 街彝族花灯,艺术 类型分类,歌舞型灯调
275,戏曲型灯调,功能特点,表现剧中不同人物性格和 感情变化
275,演唱型灯调,表演形式,独唱
275,演唱型 灯调,表演形式,对唱
275,演唱型灯调,表演形式,齐唱
275,歌舞型 灯调,节奏特点,明朗跳跃
275,歌舞型灯调,舞蹈性,强
275,歌舞型灯 调,基调,欢乐
275,歌舞 型灯调,传统剧目示例,《打鸟》
275,歌舞型灯 调,传统剧目示例,《 憨二娃接姐》
275,歌舞型 灯调,传统剧目示例,《张三宰羊》
275,歌舞型 灯调,传统剧目示例,《李海朝山》
275,歌舞型 灯调,传统剧目示例,《打花鼓》
275,开远羊 街彝族花灯,表演 程式,歌舞表演于先
275,开 远羊街彝族花灯,表演程式,戏曲演出压 台
275,开远羊街彝族花 灯,伴奏乐器,笛
275,开远羊街彝族花灯,伴奏乐器,箫
275,开 远羊街彝族花灯,伴奏乐器,二胡
275,开 远羊街彝族花灯,伴奏乐器,三弦
275,开 远羊街彝族花灯,伴奏乐器,四弦
275,女演员,俗称,花姑娘
275,女演员,唱腔类型,嫩 腔
275,女演员,角色归属,旦角
275,男演员,俗称,小老丑
275,男演员,唱腔类型,老腔
275,男 演员,角色归属,丑 角
275,开远羊街彝族花 灯,服饰类型,传统 服装
275,开远羊街彝族花 灯,道具示例,手 巾
275,开远羊街彝族花 灯,道具示例,扇 子
275,开远羊街彝族花 灯,道具示例,霸王 鞭
275,开远羊街彝族花 灯,文化特点,彝 汉文化交融
275,开远羊街彝 族花灯,传承代数,七代
275,开远羊街 彝族花灯,入选项目,云南省第四批省级非物质 文化遗产代表性项目名录扩展项目名录
275,开 远羊街彝族花灯,代表性传承人,李应康
275,开远羊街彝族花灯,代表性传承人,张 玲娟
276,普洱市 墨江县,民族,哈 尼族
276,哈尼族,支 系数量,九个
276,哈尼族支系,包括,碧约
276,哈尼族支系,包括,豪尼
276,哈尼族支系,包括,白宏
276,哈尼族支系,包括,卡多
276,哈尼族支系,包括,阿木
276,哈尼族支系,包括,腊米
276,哈尼族支系,包括,西摩落
276,哈尼族 支系,包括,切第
276,哈尼 族支系,包括,卡 别
276,墨 江哈尼族村寨,拥有,村寨神林
276,村寨神 林,举行仪式,祭 寨神林仪式
276,寨神林,属性,庄严而神圣不可侵犯
276,寨神林,受保护者,全 寨人
276,哈尼族,传统节日,埔玛兔/祭竜节
276,祭竜 活动,时间范围,农历 二三月间
276,部分支系祭竜日,定为,二月份第一个属 龙的日子
276,部分支系祭竜日,定为,二月份属猪的日子
276,埔玛 建立,主持者,村 寨的摩批
276,埔玛兔活动,主持者,竜头/莫 巴
276,祭 寨神林地点,位于,寨神树下
276,祭寨神林目的,包括,保护村寨范围居住 的人畜
276,祭寨神林目的,包括,使人们衣食有保障
276,祭寨神林目的,包括,村寨安宁
276,祭寨神 林目的,包括,家庭和睦
276,祭寨 神林目的,包括,身体健康
276,祭寨 神林目的,包括,人 丁兴旺
276,哈尼民间说法,内容,人间兴旺看埔玛姑娘俏 丽看水井
276,建村立寨要求,包括,精心选择培育寨神 林
276,建 村立寨要求,包括,把圈定的寨子埔玛 清扫干净
276,建村立寨要求,包括,定时杀牲祭祀寨神
276,寨神职责,包括,护卫纯洁的土地
276,寨神职责,包括,不让妖魔鬼怪 入寨
276,寨神职责,包括,阻止 凶猛野兽涉足
276,祭寨神林项目内容,包括,祭竜活动
276,祭寨神林 项目内容,包括,竜树 的选择
276,祭 寨神林项目内容,包括,竜头的产生
276,祭寨神林,具有价值,历史价值
276,祭寨神林,具有价值,文化价值
276,寨神 林保护,体现信仰,万物有灵的自然崇拜
276,寨神林保护,研究价值学科,哲学
276,寨神林 保护,研究价值学科,民族学
276,寨神林保护,研究价值 学科,民俗学
276,寨神林保护,研究价值学科,生态学
276,寨神 林保护,研究价值学科,环境学
276,祭寨神林现状,状态,濒危状态
276,濒危表现,包括,有威望的竜头 退化
276,濒 危表现,包括,掌竜 人萎缩
276,濒危表现,包括,祭 词咒语退化
276,墨江哈尼族祭 寨神林,入选名录,云南省第四批省级非物质文化遗产 代表性项目名录扩展项目名录
276,项目代表性传承人,包括,白开文
276,项目代表性传承 人,包括,鲍荣贵
277,哈尼族,有节日,矻扎扎 节
277,矻扎扎节,别 称,惹矻扎
277,矻扎扎节,别称,依矻扎
277,矻扎扎 节,含义,夏天节
277,矻扎扎 节,含义,六月节
277,哈尼族,三大节日之一,矻 扎扎节
277,矻扎扎节,节期 时长,三天
277,矻扎扎节,节日 头天日期,农历六月的第一个 属猪日
277,人们,在节日头天活动,架设磨秋
277,人们,在 节日头天活动,架设 秋千
277,人们,在节日头天活动,翻新祭祀房
277,咪谷,带领 祭司摩批,迎请天神
277,村民各 户,到梯田祭祀对象,田神
277,村民各户,到 梯田祭祀对象,水神
277,咪谷,第二天带领全村人到祭祀 场活动,杀牛祭祀
277,村民,分到牛肉后行为,各自 回家祭祖
277,咪谷,第三天带领全村 人参加活动,谢神的 盛典
277,节日 期间,家家户户状态,宾朋满座
277,参加节日人员构成,包括民族,本民族
277,参加节日人员 构成,包括民族,彝族
277,参加节日 人员构成,包括民族,傣 族
277,未婚 男女青年,把矻扎扎 节当作,恋爱佳期
277,未婚男女青年,恋爱佳期活动,相邀荡秋千
277,未婚男女青年,恋爱佳期活动,打磨秋
277,未婚男女 青年,恋爱佳期活动,对歌跳舞
277,哈尼族矻扎扎 节,性质,祈祷梯 田农业丰收的民族节日
277,哈尼族矻扎 扎节,特点,内涵 深厚
277,哈 尼族矻扎扎节,特点,节日隆重
277,哈尼族矻扎 扎节,特点,内容丰富
277,哈尼 族矻扎扎节,特点,传承严谨
277,哈尼族矻扎扎 节,地位,哈尼 族农耕文化重要的代表习俗之一
277,哈尼族 矻扎扎节,体现观念,人与自然和谐相处的朴素自然 观
277,哈 尼族矻扎扎节,作用,具有很高的民族认同感
277,哈尼 族矻扎扎节,作用,对增强民族凝聚力有积极 的现实意义
277,哈尼族矻扎扎节,作用,对构建和谐社会有 积极的现实意义
277,传承人,面临问题原因,梯田稻作产出低
277,传承人,面临问题表现,放弃 矻扎扎传承活动
277,年矻扎扎节,入选项目名录,云南省 第三批省级非物质文化遗产代表性项目 名录
277,年 矻扎扎节,项目代表性 传承人,李正林
278,牟定铜 器制作技艺,历史起源时期,明清时期
278,牟定铜 器制作技艺,传承谱系 代数,六代
278,牟定铜 器制作技艺,产品类型,炊锅
278,牟定铜器制作技艺,产品类型,盆
278,牟定 铜器制作技艺,产品类型,碗
278,牟定铜器制作技艺,产品类型,茶壶
278,牟 定铜器制作技艺,产品 类型,酒具
278,牟定铜器 制作技艺,产品类型,勺
278,牟定铜器制作技艺,产品类型,筷
278,牟定铜 器制作技艺,生产形式,传统家庭作坊
278,牟定铜器 制作技艺,地理分布范围,滇西南大部分地区
278,牟定铜 器制作技艺,地理分布范围,缅甸
278,牟定铜器制作 技艺,文化特点,中原 汉文化
278,牟定铜器制作技艺,入选名录名称,云南省 级非物质文化遗产代表性项目名录扩展 项目名录
278,牟定铜器制作技艺,代表性传承人,王子 兴
278,化铜工序,操作内容,将铜原料放入装有松 炭的熔化炉中熔化成铜 水后倒入料槽使之凝固成 铜块
278,成形工序,操作内容,把铜块打成铜 片套上模子敲成所需 形制
278,连接工序,操作内容,将各部件相互连接形成 成品
278,抛光工序,操作内容,在成品上涂盐水用细 砂纸打磨
279,罗平传统 手工造纸技艺,历史时长,三百多年
279,纸匠们,使用 工具,传统工具
279,纸匠们,遵循 流程,东汉蔡伦发明的 完整流程
279,罗 平传统手工造纸技艺,功能,文化载体
279,罗平传统手工造纸技艺,作用,本地区文明的传播和 延续
279,当地群众,称呼,抄纸
279,抄纸,原料,构树皮等
279,抄纸,成品,白棉纸
279,白棉纸,用途,茶叶包装
279,白棉纸,用途,卷伞
279,白棉纸,用途,风筝
279,白棉纸,用途,银行专用捆钞条
279,白棉纸,用途,烟花爆竹 引线
279,白棉纸,用途,扫坟祭祀
279,白棉纸,用途,契约家谱
279,白棉纸,用途,佛道经书
279,罗平传统手工 造纸技艺,制作工艺复杂度,七十二道工序一口气之说
279,罗平传统 手工造纸技艺,包括工序,泡料
279,罗平传统手工造纸技艺,包括 工序,煮料
279,罗平传统手工造纸 技艺,包括工序,洗料
279,罗平 传统手工造纸技艺,包括工序,加入纸药
279,罗平传统手工造纸技艺,包括工序,抄纸
279,罗平传统 手工造纸技艺,包括工序,焙纸
279,罗平传统手工造纸技艺,包括 工序,撕纸
279,制成的纸张,特性,纤维长
279,制成的纸张,特性,极高的韧性
279,制成的纸张,特性,极好的吸水吸湿性
279,制成的纸张,特性,透气性
279,制成的纸张,特性,无毒环保
279,制成的纸张,特性,防腐防蛀
279,制成的纸张,特性,保存时间长
279,罗平传统手工造纸技艺,价值类型,历史文化价值
279,罗平传统手工 造纸技艺,价值类型,工艺价值
279,罗平传统手工造纸技艺,价值类型,经济价值
279,罗平传统手工 造纸技艺,入选名录,云南省级非物质文化遗产代表性项目名录 扩展项目名录
279,罗平传统手工造纸技艺,项目代表性传承人,幸 金改
280,获那訇,音译 含义,“种神 田”
280,获那訇,所属民族,壮族
280,获那 訇,地点,广南 县九龙山
280,获那訇,主要 目的之一,祈求人畜平安 、五谷丰登
280,获那訇,主要目的之二,教育 村民保护九龙山的草木水土 不破坏生态
280,获那訇,主要 目的之三,男女老少 要遵规守道、与人为 善、以和为贵、同心 协力、互帮互助
280,获那訇,主要目的之四,教育年青一代树立良好村风 、民风、家风
280,获那訇,入选名录,云南省第四 批省级非物质文化遗产代表性项目名录
280,开 仓出种,时间,农历二月第一个属鼠日
280,开仓 出种,关联仪式,祭秧苗神仪式
280,祭秧苗 神仪式,主持人称,获森乍
280,祭天地神仪式,时间,农历三月第一个属 鼠日
280,祭天地神仪式,别名,卜訇乜訇
280,祭耕织女神仪式,时间,农历三月第一个属虎日
280,祭耕织女神仪式,别 名,囊匾
280,农忙祭 祖先仪式,时间,农历 三月第一个属龙日
280,农忙祭 祖先仪式,别名,布洛陀
280,水稻栽种结束仪式,时间,农历五月第一个属 马日
280,水稻栽种结束仪式,别名,晋吉们
280,祈 丰收仪式,时间,农历 六月第一个属鼠日
280,祈丰收仪式,别名,平乱 之神訇町
280,种神田家族,管理内容,对当值 田主的选举和资格审核
280,部落 群体,权利义务,参与 的权利和义务
280,村寨三老,职责,负责管理和监督耕种 神田守则
280,第一类仪式主持人,传承代数,第四 代
280,第二类田主,传承 任数,第二十八任
280,壮 族,属性,云南最 古老的稻作民族之一
280,获那訇 神田祭祀,历史追溯时期,母系氏族时期
280,获那 訇神田祭祀,反映理念,生态伦理观
280,获那訇 神田祭祀,反映理念,社区和谐
280,获那訇神田 祭祀,意义,民族农耕 文化遗产的传承保护
280,获那訇神 田祭祀,意义,传统 物种多样性保护
280,获那訇神田 祭祀,意义,民族团结
281,云龙白 族聚居区,气候特点,高寒冷凉
281,云龙白族 服饰,材质特性,布 质厚实
281,云 龙白族服饰,功能需求,御寒保暖
281,云龙白族服饰,领口处理方式,纽 扣封严
281,云龙白族服饰,袖 口处理方式,纽扣封 严
281,云龙 白族服饰,色彩风格,大块面、浓颜色
281,云龙白族服饰,底布类型,土 布
281,云龙 白族刺绣用线,传统 材料,蚕丝
281,云龙白族刺绣用 线,后期改良材料,细毛线
281,云龙白族刺绣,主色调搭配,红、黄 、蓝、绿、黑、白
281,云龙 白族包头材质,选用 类型,又长又厚的毛巾
281,云龙 白族常用图案,植物类,牡丹、佛手、石榴 、菊、桃、梅、竹
281,云龙 白族常用图案,动物类,狮、虎、龙、 凤、金鱼、公鸡、 松鼠、蝴蝶
281,云龙白族常用图案,图形类,几何图形
281,绣花鞋 鞋底结构,工艺特征,千层底
281,绣花鞋鞋底制作 工艺,材料组合方式,旧布装裱新布覆盖
281,绣花鞋 装饰元素,特殊配件,雪白的缨穗
281,绣花鞋鞋面 颜色分布,主要色系,黑、红
281,绣花鞋鞋面图案 主题,纹样内容,花鸟虫鱼
281,云龙白族围腰 分类,工艺等级,精 制围腰和普通围腰
281,云龙白 族围腰绣线材质,基础材料,五色丝线
281,云龙 白族围腰刺绣题材,花卉种类,牡丹、芍药 、山茶、仙桃
281,云龙白族 刺绣起稿方法,设计工具,直绘图样或剪纸作 底
281,云 龙白族刺绣技法,硬件 绣法,直接置于手上绣
281,云龙 白族刺绣技法,软件绣 法辅助器具,花绷作 圈架
281,云龙白族刺绣艺术特点,色彩表现,鲜艳
281,云龙白族 刺绣艺术特点,针法特征,致密
281,云龙白族刺绣艺术 特点,构图手法,虚实 相间
281,云龙白族刺绣艺术特点,造型效果,立体感强
281,云龙 白族刺绣应用领域,服饰类别,头饰、鞋帽、 裹背、围腰、围裙
281,云龙 白族刺绣应用领域,日常用品,绣花包、针线 包、枕套、帐帘
281,云龙县 白族刺绣,文化遗产级别,云南省第三批省级非物质文化遗产 代表性项目名录扩展项目
281,云龙县白族 刺绣,代表性传承人,张素娟
281,云龙县白族刺绣,代表性传承人,字勤 飞
282,彝良县 苗族芦笙 舞,最早记载 于,明代倪辂 《南诏野史》
282,彝良 县苗族芦笙舞,又称,阿作芦笙舞
282,阿 作,含义,聚成 一帮、做一路
282,彝良县苗族 芦笙舞,所属民族支 系,苗族大花苗 支系
282,彝良县苗族芦笙 舞,主要器乐,芦笙
282,彝良县苗族芦笙 舞,包括套路,跨杆 踩堂敬酒
282,彝良县苗族 芦笙舞,舞蹈形式,单人舞
282,彝良县苗族 芦笙舞,舞蹈形式,群舞
282,彝良县苗族芦 笙舞,主导元素,芦笙曲
282,彝良县苗族 芦笙舞,伴随演唱内容,古歌
282,彝良县苗 族芦笙舞,主曲 数量,九首
282,每首主 曲,结构分段,三 段
282,每段,结构分节,三节
282,彝良县苗 族芦笙舞,著名段落 主题,壮烈争战
282,彝 良县苗族芦笙舞,特色舞种,芦笙 迁徙舞
282,芦笙迁徙舞,特点,规模庞大
282,芦笙迁徙 舞,特点,曲调 复杂
282,芦笙迁徙舞,特点,动作难度大
282,芦笙迁徙 舞,表现内容,苗 族艰难迁徙历程
282,彝良县苗 族芦笙舞,功能属性,交流感情
282,彝良县苗 族芦笙舞,功能属性,沟通心灵
282,彝良县苗 族芦笙舞,艺术类型,综合性舞蹈艺术
282,彝良县 苗族芦笙舞,动作 示例,垫步
282,彝良县 苗族芦笙舞,动作 示例,弹腿
282,彝良县 苗族芦笙舞,动作 示例,蹬跳
282,彝良县 苗族芦笙舞,高 难度技艺,滚山珠
282,彝 良县苗族芦笙舞,高难度技艺,跳竿
282,彝良县苗族芦笙舞,高难度技艺,侧 翻
282,彝良县苗族芦笙 舞,高难度技艺,滚翻
282,彝良县苗族芦 笙舞,高难度技艺,上梯倒立三转
282,彝 良县苗族芦笙舞,高难度技艺,旋转蹬
282,彝良县苗族芦笙舞,高难度技艺,双 人俯驮
282,彝良县苗族 芦笙舞,高难度技艺,仰驮
282,彝良县苗 族芦笙舞,表演场合,节日庆典
282,彝良县苗 族芦笙舞,表演场合,祭祀
282,彝良县苗族 芦笙舞,表演场合,丧葬
282,彝良县苗族 芦笙舞,表演场合,婚俗
282,各地苗族芦笙 手汇集时,使用道具,竹制六管大芦笙
282,表演者,穿着服饰,苗族大花衣
282,彝良县 苗族芦笙舞,传承 方式,家传
282,彝良县 苗族芦笙舞,传承 方式,师传
282,彝良县 苗族芦笙舞,入选 项目,云南省第三批省级非 物质文化遗产代表性项目名录扩展项目名录
282,彝良县苗族芦笙舞,代表性传承人,杨 永松
282,彝良县苗族芦 笙舞,代表性传承人,杨礼双
283,上巳节,起源时间,古时三月 第一个巳日
283,汉代,定为节日,上巳节
283,魏晋 以后,改为日期,农历 三月三日
283,后代,沿袭至今,农历三月三日
283,西山森林公园,源于,元朝大德十年
283,西山森林公园,包含文化遗迹,道 、佛教文化
283,西山森林公园,具有植被 特征,苍翠的森林植被
283,西山 森林公园,具有景观特色,秀丽景色
283,昆明人,参与场所,西山森林公园
283,农历三月三日,聚集人群,昆明各族群众
283,昆明 各族群众,活动内容,祈福求平安
283,昆明各族群众,参与活动,自娱自乐 的活动
283,民间群众,表演形式,自唱自演
283,活动,包括 类型,民族歌舞
283,活动,包括 类型,山歌
283,活动,包括 类型,舞龙灯
283,活动,包括类型,踩高跷
283,活动,包括类型,唱花灯
283,活动,包括类型,唱滇 戏
283,活动,包括类型,对 调子交朋友
283,活动,包括类型,春季野外踏青
283,参与民族,列举,汉
283,参与民族,列举,回
283,参与民族,列举,彝
283,参与民族,列举,苗
283,参与民族,列举,白
283,参与民族,列举,蒙
283,多民族民间 文化,交融特点,相互 交融
283,三月三耍西山,影响力 范围,昆明附近州、市
283,三月三耍西山,参与人数,余万人
283,三月三耍西山,入选项目,云南省第三 批省级非物质文化遗产代表性项目名录
284,维西洞 经音乐,出现时间,清代 中期
284,维西洞经音乐,九大调,《八卦》
284,维西洞经 音乐,九大调,《 全八卦》
284,维西洞经音乐,九 大调,《元始》
284,维西洞经 音乐,九大调,《 吉祥音》
284,维西洞经音乐,九 大调,《普光》
284,维西洞经 音乐,九大调,《 奏章》
284,维西洞经音乐,九 大调,《十供样》
284,维西洞 经音乐,九大调,《小节记》
284,维西洞经音乐,九大调,《祝 加曹》
284,维西洞经音乐,十小调,《小桃红 》
284,维 西洞经音乐,十小 调,《小杜梅》
284,维西洞 经音乐,十小调,《水龙吟》
284,维西洞经音乐,十小调,《清 河颂》
284,维西洞经音乐,十小调,《朝天子》
284,维西 洞经音乐,十小调,《小白梅》
284,维西洞经音乐,十小调,《大 摆队》
284,维西洞经音乐,十小调,《高山流水》
284,维西 洞经音乐,十小调,《步步娇》
284,维西洞经音乐,十小调,《狗 骢碓》
284,维西洞经音乐,演奏分类,文乐
284,维西洞经 音乐,演奏分类,武 乐
284,文 乐,乐器类型,管 弦乐
284,文乐,使用乐器,竹笛
284,文乐,使用乐器,小二胡
284,文乐,使用乐器,中胡
284,文乐,使用乐器,大胡
284,文乐,使用乐器,菜胡
284,文乐,使用乐器,三弦
284,文乐,使用乐器,琵琶
284,文乐,使用乐器,扬琴
284,文乐,使用乐器,古筝
284,文乐,使用乐器,板胡
284,武乐,乐器类型,打击乐
284,武乐,使用乐器,大鼓
284,武乐,使用乐器,小鼓
284,武乐,使用乐器,镲
284,武 乐,使用乐器,板 鼓
284,武 乐,使用乐器,碰 铃
284,武 乐,使用乐器,木 鱼
284,武 乐,使用乐器,磬
284,武乐,使用乐器,锣
284,武乐,使用乐器,铜锣
284,维西洞 经音乐,传承方式,口传心授
284,维西洞经音乐,乐谱形式,工尺 谱
284,维 西洞经音乐,特色曲目,《紫微八卦舞曲》
284,维西 洞经音乐,入选名录,云南省第四批省级非物质文化遗产 代表性项目名录扩展项目名录
284,维西洞经 音乐,代表性传承人,杨镇远
284,维西洞经音乐,代表性传承人,杨淑珍
285,霸王鞭,属于,白族民间舞蹈
285,霸王鞭,功能,娱神 娱人
285,霸王 鞭,表演场合,安 龙谢土
285,霸王鞭,表演场合,节庆
285,霸王 鞭,表演场合,喜 事
285,霸王鞭,象征意义,稻作 文化产物
285,霸王 鞭,象征意义,艺术 显现
285,霸王鞭 上的四个长方形孔,象征,四季
285,孔 中镶嵌的铜钱数目,表示,十二个月
285,孔中镶嵌的铜 钱数目,表示,二十四 节令
285,霸王鞭舞,表演时间,春节
285,霸王鞭舞,表演时间,火把节
285,霸王鞭舞,表演 时间,三月节
285,霸王鞭舞,表演时间,本主庙会
285,绕三 灵活动,规模最盛大,每年农历四月
285,大理白族霸王鞭,性别属性,女性舞蹈
285,舞者,手持道具,右手持鞭
285,舞者,左手动作,拍或 拨鞭头与鞭尾
285,身体动作,随鞭舞动,绕身 碰击肩、胸、肘、 膝、背等身体各关节部位
285,碰击 声效,特点,清脆 悦耳、有节奏
285,上身动作,包括,扭、摆
285,双脚动作,包括,跳跃
285,霸王鞭,舞蹈套路数量,上百个
285,特色套路,包括,周 城八下
285,特色套路,包括,金 河十一下
285,特色套路,包括,庆 洞二十六下
285,霸王鞭,配合表演形式,与男性的八角鼓相互 配合
285,霸王 鞭,配合表演形式,与女性的双飞燕相互配合
285,组合动作,包括,心合心背靠背 脚勾脚
285,队形图案,包括,一条街过天桥
285,队形图案,包括,五梅花满天星
285,伴奏乐器,包括,龙头三弦
285,伴奏乐器,包括,树叶
285,伴奏乐器,包括,短笛
285,伴奏乐器,包括,月琴
285,伴奏乐器,包括,长号
285,伴奏乐器,包括,唢呐
285,伴奏乐器,包括,锣鼓
285,伴舞 方式,包括,抒情民歌 小调伴舞
285,霸王鞭风格特点,包括,古朴幽默
285,霸王鞭风格特点,包括,典雅刚健
285,霸王鞭风格特点,包括,欢快明朗
285,霸王鞭风格特点,包括,清新活泼
285,霸王鞭反映的精神特质,包括,勤劳勇敢
285,霸王鞭反映的精神 特质,包括,纯朴善良
285,霸王鞭 反映的精神特质,包括,团结 进取
285,年 白族霸王鞭,入选名录,云南省第四批省级非物质 文化遗产代表性项目名录扩展项目名录
285,项目代表性传承 人,是,杨锦 开
286,傣族大 鼓,属于,民间传统乐器
286,傣 族大鼓,使用场合,原始宗教
286,傣族大鼓,使用 场合,傣历新年
286,傣族大鼓,使用场合,关门节
286,傣族大鼓,使用场合,开门节
286,傣族大 鼓,使用场合,桑 衎节
286,傣 族大鼓,原材料,椿木
286,傣 族大鼓,原材料,甑子木
286,制作过程,包括步骤,选 材伐木
286,制作过程,包括步骤,凿空成型
286,制作过程,包括步骤,念咒加持
286,制作过程,包括步骤,放入谷物茶叶碎银
286,制作过程,包括步骤,绷牛皮蒙鼓面
286,制作过程,包括步骤,入寺安置
286,傣族大 鼓,文化内涵,敬畏 天地
286,傣 族大鼓,文化内涵,人与自然和谐相处
286,傣族大鼓,文化内涵,生态观
286,傣族大鼓,文化内涵,生命观
286,傣族 大鼓,文化内涵,审美观
286,傣族大鼓,关联宗教,佛教
286,波应光,身份,项目代表性传承人
286,傣族大鼓制作 技艺,入选名录,云南省 第三批省级非物质文化遗产代表性项目 名录
287,新平县 磨皮花鼓舞,根据,古代 战争情景
287,领舞者,耍,箐鸡尾
287,磨皮花鼓舞,模仿和再现,磨盘山 彝族祖先为保卫家乡英勇杀 敌的战争情景
287,花鼓舞,分为,男女 两队
287,男队,称为,兵器队
287,女队,称为,花鼓队
287,花鼓舞,表演 形式,亦文亦武同 场表演穿插流转融为一体
287,花鼓舞,共有多种 套路,出征、跋山涉 水、设阵埋伏、包围敌 寇、勇猛拼杀、驱敌 出境、凯旋归来、颠跑步、 蹬四脚、吸跳步、 蹬脚跪等
287,花鼓舞,主要在场合 表演,彝族吃花酒 、火把节、中秋节、春节 、祭龙、办丧事及 出殡日等
287,花鼓舞,需人数 以上方能表演,人以上
287,男队,手持,扎有红绿 布条的大刀、双刀、 二节棍、枪、长矛 、三尖叉戟、勾镰 等格斗兵器
287,花鼓队,腰系,红绸
287,花鼓队,身 背,花鼓
287,花鼓队,右手执,鼓棒
287,花鼓队,左手执,白毛巾
287,一名男子,左手持,一根捆扎 白鹇、雉鸡尾木棍
287,一名男子,右手执,白毛巾
287,一名男子,口吹,牛角 号指挥领舞
287,舞蹈伴奏者,使用 乐器,大鼓、腰鼓 、锣、铓、大钹、 小镲等
287,舞蹈伴奏者,站成 队形,横排
287,舞蹈伴奏者,位置,一般固定不变
287,整个舞蹈,用指挥交换场面,事先 规定的牛角号声音的长短、 次数的多少
287,磨皮花鼓舞,层次 分明,分前奏表演、 战争场景和欢庆胜利的场面
287,磨皮 花鼓舞,融合形式,领舞、独舞、双人 舞、集体舞融为一体
287,表演者,需 到位,手、眼、身 、步
287,表演者,动作幅度大部位,脚、腰、头等
287,磨皮 花鼓舞,特点,舞 姿优美节奏铿锵刚劲豪 迈有很强的艺术表现力和感染力
287,新平 县花鼓舞,入选,云南省第三批省级非物质文化遗产代表性 项目名录扩展项目名录
287,项目代表性传承人,是,易学昌、 易成英
288,巧家朱 氏唢呐锣 鼓,属于,传统器乐中的吹 打乐
288,朱氏唢呐锣鼓,传承方式,家族口传身 授父传子承
288,朱氏唢呐锣鼓 队,成员构成,朱 姓家庭成员
288,唢 呐,角色,领奏 乐器
288,朱氏 唢呐锣鼓,融合元素,当地唢呐优点
288,朱氏唢呐锣 鼓,形成特点,有 地方特色的民间音乐
288,朱氏唢呐,曲 牌数量,丰富
288,朱氏唢呐锣鼓,打击乐曲牌数量,丰富
288,朱氏 唢呐,长度,比 平常一般所见的唢呐要长 一些
288,朱 氏唢呐,哨口材料,麦杆
288,朱氏唢呐,空管高度,降调
288,朱氏唢 呐,音色特点,浑 厚而低沉
288,朱氏唢呐演奏,配置乐器,海笛
288,上手唢呐,音高类型,高音
288,下手唢呐,音高类型,低音
288,朱氏 唢呐锣鼓,保留元素,中原音乐的遗韵
288,朱氏唢 呐锣鼓,融入元素,当地民间音乐
288,朱氏唢呐锣鼓,演奏形式,独奏
288,朱氏 唢呐锣鼓,演奏形式,合奏
288,合奏中唢呐旋律 与锣鼓节奏,关系,相互交融互为补充达到和谐 统一
288,巧 家朱氏唢呐锣鼓,入选项目,云南省第五批 省级非物质文化遗产代表性项目名录
288,巧家朱 氏唢呐锣鼓,项目 代表性传承人,朱永盛
288,巧家 朱氏唢呐锣鼓,项目代表性传承人,朱远 玉
289,景颇族 吹管乐,属于,传统 器乐中的吹奏器 乐
289,景 颇族传统乐器,是,景颇族人民文化生活中不可缺少的 用品
289,景颇 族传统乐器,制作材料来源,身边取材
289,景颇族传统乐器,分类包括,吹管乐器
289,景颇族传统 乐器,分类包括,弹 拨乐器
289,景 颇族传统乐器,分类包括,打击乐器
289,勒荣,属于,吹管乐器
289,洞巴,属于,吹 管乐器
289,吐 良,属于,吹管 乐器
289,克 挖,属于,吹管 乐器
289,比 笋,属于,吹管 乐器
289,锐 作,属于,吹管 乐器
289,颇 哈桑比,属于,吹管乐器
289,巴扎,属于,吹管乐器
289,三弦,属于,弹拨乐器
289,掌共/口弦琴,属于,弹拨乐器
289,大铓镲,属于,打击乐器
289,中铓镲,属于,打击乐器
289,小铓镲,属于,打击乐器
289,木鼓,属于,打击乐器
289,象脚鼓,属于,打击乐器
289,景颇族吹 管乐,使用场景,目瑙纵歌
289,景颇族吹管乐,使用场景,婚丧 嫁娶
289,景颇族吹管乐,使用场景,进新房
289,景颇族民间 乐器,植根于,本民族丰厚的历史文化传统
289,景颇族民间乐器,是研究了解对象,景颇族文化
289,景颇族吹管乐,具有特点,独特性
289,景颇 族吹管乐,具有特点,艺术性
289,景颇族吹管乐,具有特点,地域代表性
289,景颇 族吹管乐,作为源泉 用于,音乐创作
289,景颇族吹管 乐,展现,景颇 人民杰出的文化艺术创造力
289,景颇族吹管乐,流传范围,景颇 族聚居区
289,景颇族吹管乐,受喜爱群体,当地 各族群众
289,景颇族吹管乐,作用,增进民族团结
289,景颇族吹管 乐,作用,促进旅游业 发展
289,景 颇族吹管乐,作用,促进社会经济发展
289,景颇族吹管 乐,入选名录,云南省 第四批省级非物质文化遗产代表性项目 名录
290,傈僳族 期奔,流传地区,云南省 怒江傈僳族自治州福 贡县除匹河怒族 乡及其他傈僳族村寨
290,傈僳 族期奔,使用场合,逢年过节
290,傈僳族期 奔,使用场合,婚 嫁喜庆
290,傈僳族期奔,使用场合,新房落成
290,傈僳族 期奔,使用场合,丰收猎获
290,傈僳族期奔,分类,大期奔
290,傈僳 族期奔,分类,小期奔
290,小期奔,音色 特点,清晰明朗欢乐动人
290,小期 奔,用途,弹奏抒情 的曲子
290,大期奔,音色 特点,音域宽广、洪 亮、深韵
290,大期奔,用途,演奏欢乐的曲子
290,傈僳族期奔,定 弦调种类数量,六种
290,傈僳族期奔,主要 曲调内容,打猎
290,傈僳 族期奔,主要曲调 内容,栽种
290,傈僳族期 奔,主要曲调内容,盖房
290,傈僳族期奔,主要曲调内容,收获
290,傈僳族期奔,主要曲调内容,模仿动物 声音
290,傈僳族期奔,演奏形式,两个或三个声 部同时进行
290,傈僳族期奔,表演方式,边弹奏 边唱
290,傈僳族期奔,别称,期奔弹 跳
290,期奔弹跳,歌曲 示例,《刮来甲俄》
290,期奔弹跳,歌曲示例,《尼肯减来》
290,期 奔弹跳,歌曲示例,《念门尼俄》
290,期奔 弹跳,歌曲示例,《 咱别犁俄》
290,傈僳族 传统歌舞,传承方式,通过期奔的弹跳进行表演 和传承
290,傈僳族期奔,入选项目,云南省第四批 省级非物质文化遗产代表性项目名录
290,傈 僳族期奔,代表性传承 人,阿称恒
290,傈僳 族期奔,代表性传承人,波益四
290,傈僳族 期奔,代表性传承人,邓有妹
290,傈僳族期 奔,代表性传承人,批四恒
290,傈僳族期奔,代表性传承人,车 四恒
291,赶花街,别称,花街节
291,赶 花街,壮语称作,阖聋娃
291,赶花街,壮 语称作,阖廊
291,赶花街,汉语意为,人很多、很 热闹的街
291,赶花街,又称,阖愣那开秧门街
291,者报花街,日期,每年农历三月 的第一个属鼠日
291,者兔花街,日期,每年农历三月的第二个属 龙日
291,那 伦花街,日期,农历三月的第二个属虎日或 属猴日
291,里洋花街,日期,每年农历二月的第一个属牛或 属羊日
291,甲板花街第一街,日期,每年农历三月的第一个 属鼠日或属马日
291,甲板花 街第一街,别称,栽秧节
291,甲板花街第一街,别称,小花街
291,甲板 花街第一街,别称,准备街
291,甲板花街第二街,日期,每年农历三月 的第二个属鼠日或属马 日
291,赶 花街节,参与人群,各村各寨的男女老 少
291,人们,携带物品,花糯米 饭
291,人们,携带物品,红鸡蛋
291,人们,携带物品,鸡腿
291,人们,携带物品,鸭子
291,人们,携带物品,腊肉
291,人们,携带物品,银饰
291,人们,携带物品,花线
291,人们,携带物品,布 鞋
291,人们,携带物品,毛巾
291,活动内容,包括,集会活动
291,活动内容,包括,群体分享食物
291,活动内容,包括,对唱山歌
291,活动内容,包括,喝酒猜拳
291,活动内容,包括,相互 敬酒
291,活动持续时间,有时进行,两三天
291,老人们,活动内容,与故交叙旧谈心
291,青年男女们,活动内容,尽情地 对唱山歌
291,青年男女们,后续 行为,成双结对地 到田边地角坝上树下 幽会
291,青年男女们,后续行为,互送礼物
291,青年男女们,后续 行为,结下情缘
291,赶花街,作用,集体农事 活动用来传递农耕信息
291,各部落首领,利用场合,这种集会活动相互 结盟互相依存
291,聚会活动,融入内容,会友
291,聚会活动,融入内容,对歌
291,聚会活动,融入内容,择偶
291,花街节,形成 特点,集信息交流、走 亲会友、谈情说爱 、商品交易于一体
291,花街节,文化 元素,壮族稻作文化
291,花街 节,文化元素,饮食 文化
291,花 街节,文化元素,服饰文化
291,花街节,文化元素,婚俗文化
291,花街节,文化 元素,民歌文化
291,花街节,文化元素,传统礼仪
291,花街节,文化元素,传统技艺
291,广南 县,举办活动,广 南壮族花街节系列文化 活动
291,广 南壮族花街节系列文化 活动,作用,丰富了 花街节的文化内含
291,广南壮族 花街节系列文化活动,作用,扩大宣传面
291,广南壮族 花街节系列文化活动,作用,提升其知名度和影响力
291,广南 壮族花街节系列文化活动,作用,增强民族自信心 和自豪感
291,广南壮族花街节 系列文化活动,作用,促进花街节的传承和发展
291,年赶花 街,入选项目,云南省 第四批省级非物质文化遗产代表性项目 名录
291,年 赶花街,项目代表性传承 人,陆寿龙
292,建水小 调,起源 时间,明代初期
292,建水小调,文化融合,彝汉文化
292,建水 小调,吸收元素,彝族四大腔
292,建水小调,吸收元素,烟盒舞 曲
292,建水小调,唱词 形式,五字句
292,建水小 调,唱词形式,七字句
292,建水小调,内容主题,男女青年的情 爱
292,建水小调,内容主题,对美好生活的祈愿
292,建水 小调,内容主题,劝诫除戒恶习
292,建水 小调,结构特点,十二月
292,建水小调,结构 特点,十朵
292,建水小 调,结构特点,十 合
292,建水小调,结构 特点,五更
292,建水小 调,音乐结构,严谨
292,建水小调,音调 特点,质朴流畅
292,建水小 调,音调特点,含蓄细腻
292,建水小调,乐句构成,上下句
292,建 水小调,终止式特点,半终止于调式主 音或五级音
292,建水小 调,终止式特点,结束于调式主音
292,建水 小调,创作方式,根据 词曲格律自由填词
292,建 水小调,代表曲目,《小妹花》
292,建水小调,代表曲目,《寡妇放 羊》
292,建水小调,代表曲目,《栽秧歌》
292,建水小调,代表曲目,《蒋二娘》
292,建水 小调,代表曲目,《 十大姐采花》
292,建水小 调,非遗名录,云南省 第三批省级非物质文化遗产代表性项目 名录
292,建水小调,代表性 传承人,普小芬
292,建 水小调,代表性传承人,白绍芬
293,都玛简 收,汉语 意,我妹子简 收
293,都玛简收,讲述 内容,哈尼女子简收 的悲剧神话
293,都玛简收,萌发 时期,哈尼族由游 牧社会到农耕社会的转型期之后
293,都玛简 收,流传空间,广阔
293,都玛简 收,主要情节和主人公形象 特征,趋于一致
293,绿春县,民族 居住情况,哈尼族集中 居住的地区之一
293,绿春县流传的《都玛 简收》,结构特点,恢宏
293,绿春县流传的《都玛 简收》,情节特点,跌宕起伏
293,绿春县流传的《都 玛简收》,思想特点,深邃
293,《序歌》,所属 类别,哈尼族传统诗歌
293,《歌 尾》,所属类别,哈尼族传统诗歌
293,《序歌》和 《歌尾》,功能,演唱中必备的两段唱 词
293,第二章 至第五章,描写内容,简收出生到回归天界人生 历程
293,第二章 至第五章,反映内容,哈尼族从出生到婚嫁 的全部人生礼仪以及多彩的生产生活习俗
293,第六到 第九章,描绘场景,遮 天大树的诞生、倒伏、 祭祀
293,第六 到第九章,反映内容,哈尼族的原始宗教文化以及 与自然和谐相处的思想观念
293,第六到第九章,解释内容,哈尼族 十月历和物候历的起源
293,《都玛 简收》,入选项目,云南省第三批省级非物质文化遗产 代表性项目名录
293,《都玛简收》,代表性传承人,陆波 才
294,咪黑们 村,所属 行政区划,楚雄彝族自治州南华 县五街镇
294,咪黑们村彝族 村民,民族支系,罗罗濮
294,保护区,森林覆盖率特征,古木参天
294,村委会驻地,名称,马樱花山
294,马樱花山,地理属性,红河和金沙江两大 水系的分水岭
294,保护区风景名胜,包括景点,仙人脚迹山
294,保护区风景 名胜,包括景点,蝴蝶 山
294,保护区,存有文物,清 光绪十九年立的封山石 碑
294,村民居住 建筑类型,包含,垛 木房
294,村民居住建筑类型,包含,木楞房
294,村民居住建筑类型,包含,瓦房
294,村民居住建筑类型,包含,草房
294,村民居住建筑类型,包含,闪片房
294,建筑特色 保留部位,包括,窗棱
294,建筑特色 保留部位,包括,墙体
294,建筑特色保留 部位,包括,火塘
294,主要信仰体系 核心,以...为核心,祖先崇拜
294,主要信仰体系核心,以... 为核心,土主崇拜
294,信仰融合情况,融入原始宗教,道教
294,信仰融合情况,融入原始宗教,佛教
294,信仰特点,形成模式,巫、 道、佛相结合的多层次的信仰 体系
294,自然 村宗教建筑类型,建有,土主庙
294,自然村宗教建筑类型,建有,山神庙
294,自然村 宗教建筑类型,建有,财神庙
294,家庭祭祀对象,供有,谱颇汉意祖先
294,丧葬习俗 特色,举行仪式,教 路仪式
294,文化团队组成,由...组成,五力么、咪黑 们、大平地等村人
294,文化团队 性质,为,彝族 古乐班
294,文化团队功能,用于活动,祭祀
294,文化团队功能,用于活动,殡仪活动
294,传统婚俗元素,留传习俗,姑娘房 满宗着喝交杯酒抹花 脸
294,节日 列表,包括节日,过年
294,节日列表,包括节日,过小年
294,节日列表,包括节日,清明节
294,节日列表,包括节日,端午节
294,节日列表,包括节日,求雨节
294,节日列表,包括节日,火地节
294,节日列表,包括节日,炒食节
294,节日列表,包括节日,中秋节
294,节日 列表,包括节日,喽底 节祭农神
294,毕摩文化现状,历史悠久且现存人物,罗开 礼
294,民间 故事收录载体,编入书籍,《南华史苑》
294,民间音乐类型,包括,对山歌
294,民间音乐类型,包括,青棚调
294,民间音乐类型,包括,仁意调
294,民间音乐类型,包括,祭祀调
294,民间音乐类型,包括,彝族古乐
294,民间音乐类型,包括,彝族洞经 音乐
294,民间 舞蹈名称,称为,宫 挑宫欣
294,民间舞蹈汉族别称,汉族称,踏歌
294,民间舞蹈汉族别 称,汉族称,跳 歌
294,民间 舞蹈名称,名为,三 弦舞
294,传统技艺名称,保留技艺,火草麻布纺织技艺
294,民族民间体育 活动项目,包括,讨葫芦
294,民族民间 体育活动项目,包括,骑 木马
294,民族 民间体育活动项目,包括,打牛屎炮
294,民族民间体育活动项目,包括,卷草帘
294,民族民间体育活动 项目,包括,皮风子
294,民族民间 体育活动项目,包括,老虎 抱蛋
294,民族民间体育活动项目,包括,抓石子
294,民族民间体育活动项目,包括,跳藤绳
294,民族民间体育活动 项目,包括,打陀螺
294,民族民间 体育活动项目,包括,上 树比赛
294,传统服饰底色主色调,以...为主,黑、白 、蓝
294,传统服饰款式示例,包括,马褂
294,传统服饰款式示例,包括,对襟衣服
294,传统服饰款式示例,包括,围裙
294,传统服饰装饰特征,绣 有图案部位,领口
294,传统服饰装饰 特征,绣有图案部位,袖口
294,传统服饰装饰特征,绣 有图案部位,衣角边
294,传统服饰 刺绣特点,使用色系,浅色系
294,咪黑们村,认定为,彝族文化保护传承 试点村
294,咪黑们村,成为研究 基地,中外学者研究滇中 乡土知识与生物多样性保护项目的重要 基地
294,咪 黑们彝族传统文化生态保护区,入选名录,云南省第四批 省级非物质文化遗产代表性项目名录
294,项目代表性传承 人,是,罗应 琴
295,发嘎村 彝族传统文化生态保护 区,位于,昆明市寻甸回 族彝族自治县六哨乡龙泉 村委会发嘎村
295,发嘎村,是典型的,彝族白彝 聚居区
295,发嘎村,始建于,东汉末三国时期
295,发嘎,彝语含义,石头
295,发嘎 村原意,为,建在石头上的村寨
295,发嘎村,依山而建,山脚下两条河流环山而过
295,发嘎 村,属,高原山地 地形
295,民居建筑,多以,传统土木结构半干栏式 建筑为主
295,民居建筑特点,包括,一楼一底人畜分住
295,发嘎村,保留完整,择向、选材、建 新房、进新房等传统建房 习俗
295,发嘎村,保持,彝族白彝传统建筑风格
295,发嘎村,有传统节 庆,立秋节
295,发嘎 村,有传统节庆,泼水节
295,发嘎村,有传统节庆,赶 新街又叫青年节
295,发嘎村,有传统节庆,春节
295,发嘎村,有民间 传说故事) 17 . (发嘎村,有 传统音乐
295,发嘎村,有 传统舞蹈) 19 . (发嘎村,"有 即兴演唱的山歌类型, 四季歌"
295,发嘎村,有即兴演唱的山歌类型,贺喜歌
295,发嘎村,有竞技项目,磨 担秋
295,发嘎村,有 竞技项目,赛马
295,发嘎 村,有竞技项目,斗牛
295,发嘎村,有竞技 项目,拔河
295,发嘎村,有民间草医) 26. (发嘎 村,"有名贵药材, 打不死"
295,发嘎村,有村民自发组建团体,山 歌队
295,发嘎村,有 村民自发组建团体,舞蹈队
295,发嘎村代表性舞蹈,包括,《跌肩舞》
295,发嘎村 代表性舞蹈,包括,《拖媳妇 》
295,发嘎村代表性舞蹈,包括,《栽秧舞》
295,发嘎 村代表性舞蹈,包括,《谈 恋舞》
295,发嘎村服饰制作 工序,包括,纺线
295,发 嘎村服饰制作工序,包括,织布
295,发嘎村服饰制作 工序,包括,印染
295,发嘎 村服饰制作工序,包括,刺绣
295,妇女服饰用料,主要以,羊毛、麻为主
295,妇女服饰颜色,多以,红色为主
295,妇女服饰图案,以,方块、线条为主
295,青年男女喜爱装饰 品,包括,花腰带
295,青年 男女喜爱装饰品,包括,花包包
295,彝族白彝中老年 妇女习俗,包括,纹面
295,纹面位置,包括,前 额
295,纹面位置,包括,上唇与鼻子之间
295,纹面位置,包括,下颌
295,纹面特征,刺青黑色点状纹 面一般为三点、一点、七点 所刺的点必须是单数) 47. (发 嘎村,"较完整地保留了 , 寻甸彝族白彝 支系的生产生活习俗"
295,发嘎村,较完整地保留了,宗教仪式
295,发嘎村,较 完整地保留了,民族文化特色
295,发 嘎村,入选云南省第三批 省级非物质文化遗产代表性项目名录,年发嘎村彝族传统文化 生态保护区
296,易武茶,原料,大叶种茶 2. 易武 茶 - 所在地 - 六大 茶山 3. 易武 茶 - 历史地位 - 清代 贡茶 4. 易武 七子饼普洱茶 - 制作过程 - 采摘鲜茶叶、杀青 、手工揉捻、日光干燥制成 毛茶 5. 易武 七子饼普洱茶 - 制作过程 - 拣剔茶梗、黄 片，筛选等级 6. 易武七子饼普洱茶 - 拼配蒸压方法 - 尖 子茶装底部衬底，二梭 茶插边缘，尖子茶盖 面 7. 易武七 子饼普洱茶 - 风干后 处理 - 棉纸包好，竹 笋 叶子包扎，竹 筐入库 8. 易武普洱茶 - 用途 - 嫁娶彩礼、 节日礼物 9. 易武 普洱茶 - 在藏区的角色 - 生活必需之物 10. 易武普洱茶 - 销售范围 - 海内外 11. 易武普洱茶传统制作技艺 - 入选时间 - 2018 年 12. 易武 普洱茶传统制作技艺 - 列入名录 - 云南省级非物质文化遗产代表性 项目名录扩展项目名录 这些 三元组直接反映了问题中提供的信息 点，每个三元组都由主题 、关系和客体组成，以数字 顺序排列。
297,建水洞 经音乐,历史起源,明代
297,建水洞经音乐,表现形式,谈奏
297,建水洞 经音乐,内容依据,儒家经典
297,建水洞经音乐,音乐风格,古朴典雅
297,建水洞 经音乐,音乐风格,文静和谐
297,建水洞经音乐,核心理念,礼和乐
297,建 水洞经音乐,组成部分,谈
297,建水洞经音乐,组成部分,诵
297,建水洞经音乐,伴奏乐器类型,管 乐
297,建水洞经音乐,伴奏乐器类型,弦乐
297,建 水洞经音乐,伴奏乐器 类型,打击乐
297,建水洞 经音乐,乐曲种类,牌子曲
297,建水洞经音乐,乐曲种类,经腔
297,建 水洞经音乐,乐曲种类,锣鼓经
297,建水洞 经音乐,主要曲目,《 转颂》
297,建水洞经音乐,主要曲目,《十供 献》
297,建水洞经音乐,主要曲目,《开经赞 》
297,建水洞经音乐,主要曲目,《锁道龛》
297,建水洞经音乐,主要 曲目,《千秋岁》
297,建水 洞经音乐,主要曲目,《清河颂》
297,建水洞 经音乐,艺术特色,一唱三拖
297,建水洞经 音乐,应用场景,祭孔 活动
297,建水洞经音乐,文化功能,表现信仰
297,建水 洞经音乐,文化功能,娱乐
297,建水洞经音乐,礼仪传统,引赞
297,建 水洞经音乐,礼仪传统,陪赞
297,建水洞经 音乐,礼仪传统,纠 仪
297,建水洞经音乐,三大组成部分,经卷
297,建水 洞经音乐,三大组成部分,礼
297,建水洞经音乐,三大组成部分,曲目
297,建水 洞经音乐,入选项目,云南省第四批省级非物质文化遗产 代表性项目名录扩展项目名录
297,建水 洞经音乐,代表性传承人,孙本仁
297,建水洞 经音乐,代表性传承人,孙本义
298,纳西族 铜器制作技艺,起源时间,明初
298,纳西族铜器 制作技艺,聘请者,木氏土司
298,纳西族铜器制作技艺,原料类型,紫铜 原生铜
298,纳 西族铜器制作技艺,原料类型,黄铜
298,纳西族铜器 制作技艺,原料类型,青铜
298,纳西 族铜器制作技艺,原料 类型,白铜
298,纳西族铜器制作 技艺,工序,冶炼铜 矿石
298,纳西 族铜器制作技艺,工序,打制粗胚
298,纳西族铜器 制作技艺,工序,精细 加工
298,纳 西族铜器制作技艺,工序,焊接
298,纳西族铜器制作 技艺,工序,锤击
298,纳西 族铜器制作技艺,工序,錾刻
298,纳西族铜器制作 技艺,工序,镌镂
298,纳西 族铜器制作技艺,工序,抛光
298,纳西族铜器制作技艺,工序,点冷锤
298,纳西 族铜器制作技艺,特点,纯手工制作
298,纳西族铜器 制作技艺,特点,成 色好
298,纳西族铜器制作技艺,特点,分量足
298,纳西族铜 器制作技艺,特点,品种多
298,纳西族铜器制作技艺,特点,质地坚固耐用
298,纳西族 铜器制作技艺,特点,工艺精良
298,纳西族铜器制作技艺,特点,图案精美
298,纳西族 铜器制作技艺,特点,外观锃亮富丽生辉
298,纳西 族铜器制作技艺,研究 价值,历史研究价值
298,纳西族铜 器制作技艺,入选名录,云南省级非物质文化遗产代表性项目 名录扩展项目名录
298,纳西族铜器制作 技艺,代表性传承人,和积宽
298,纳西族铜器制作技艺,代表性传承人,和 善均
299,花腰彝 族服饰,历史地位,石 屏彝族传统文化的重要组成部分
299,花腰彝族服饰,民族 特色,浓郁的民族特色和地域 特色
299,当地称,穿的是历史,戴的是神话
299,花腰彝族服饰,艺术性,独特的艺术 性和观赏性
299,花腰彝族服饰,纹样特点,丰富多彩
299,花腰 彝族服饰,色调特点,层次分明
299,一套完整的花腰彝族 服饰,组成部件,刺绣 绣片
299,每件绣片,隐含 内容,一个故事或传说
299,全套女装 重量,数值范围,千克 以上
299,花腰彝族服饰制作过程,工序,剪纸、刺绣 、缝制
299,针法,主要 技法,挑花技法
299,男装样式,特点,相对单一
299,青年人 喜穿颜色,主调,黑、白、青色
299,青年人服饰,装饰特征,花饰 稍多
299,老年人喜欢颜色,主 调,黑、青两色
299,老年人服饰风格,特点,严肃、庄重
299,妇女服饰,色彩 特点,丰富
299,女婴服饰,银饰特点,较多
299,女 婴服饰花饰色彩,特征,鲜艳
299,常见女婴服饰配色,方案,黑底红花
299,幼女服饰主调,颜色,白色、粉红色
299,幼女服饰 表现主题,女孩特质,童贞
299,花腰未婚女子服饰基调,颜色,大红、 玫瑰红
299,新娘服饰标志元素,特征,花口索塔
299,新娘 服饰全身装饰,描述,绣满鲜花
299,新娘服饰重要标志部位,袖子颜色,大红
299,中年妇女服饰主调,颜色,粉蓝色
299,中年妇女服饰象征 意义,品质,成熟、 端庄
299,老年妇女服饰主调,颜色,深蓝色、黑色
299,花腰彝族服饰纹样,风格评价,绚丽多姿
299,花腰彝族服饰文化底蕴,深度,深厚
299,花腰彝族 服饰纹样,承载信息类型,历史文化信息
299,花腰彝族 服饰,文化遗产属性,极其 珍贵的民族文化遗产
299,某年,入选 项目名录,云南省级非物质 文化遗产代表性项目名录扩展项目名录
299,项目 代表性传承人,姓名,普合妹
300,古城区洞 经音乐,传入时间,明 、清之际
300,古城区洞经音乐,文化属性,儒、 释、道合流的宗教性 科仪音乐
300,古城区洞经音乐,所属 类别,汉文化在少数民族地区 扎根的具体实例
300,古城区洞经音乐,传播 方式,紧随着汉文化的传播 而浸入融合到丽江纳西 族地区
300,古 城区洞经音乐,组成部分,调音曲
300,古城区洞经音乐,组成部分,经腔
300,古城区洞经音乐,组成部分,细乐曲牌
300,古城区洞经 音乐,组成部分,打击乐曲 牌
300,古城区 洞经音乐,代表曲目,《关圣帝君觉世真 经》
300,古城区洞经音乐,代表 曲目,《忠义经》
300,古城区洞 经音乐,代表曲目,《 孝经》
300,古城区洞经乐队,分类,洞经会
300,古城区洞经 乐队,分类,皇经 会
300,古 城区洞经乐队,分类,乐会
300,古城区洞经音乐,使用乐器,苏古独
300,古城区洞 经音乐,使用乐器,波伯
300,古城区洞经音乐,使用 乐器,唐朝形制的曲项 琵琶
300,古 城区洞经音乐,音乐特点,独特的运弓方法
300,古城区洞经 音乐,音乐特点,打击 乐器的频繁使用
300,古城区洞经音乐,融合元素,汉族古典音乐 的旋律、雅韵
300,古城区洞经音乐,融合元素,纳西 民间音乐的风格
300,古城区洞经音乐,融合元素,民间音乐
300,古城区洞经 音乐,融合元素,宫廷 音乐
300,古 城区洞经音乐,融合元素,宗教音乐
300,古城区洞经音乐,影响因素,地理环境
300,古城区洞经 音乐,影响因素,民族特色
300,古城区 洞经音乐,影响因素,社会结构
300,古城区洞经音乐,影响因素,历史传统
300,古城区洞经音乐,影响因素,族群文化
300,古城区洞经 音乐,影响因素,宗教信仰
300,古城区洞 经音乐,艺术风格特点,纳西民族思想感情
300,古城区洞经 音乐,艺术风格特点,审美风格
300,古城区洞经音乐,艺术 风格特点,音乐风韵
300,古城区洞 经音乐,价值体现,文化形态的综合性
300,古城区洞经音乐,入选名录,云南省第三批 省级非物质文化遗产代表性项目名录扩展 项目名录
300,古城区洞经音乐,项目 代表性传承人,杨友和
300,古城区 洞经音乐,项目代表性传承 人,杨曾烈
301,金江号 子,产生 于,与恶劣 自然环境的长期斗争中
301,金江号 子,具有功能,指挥 劳动
301,金江 号子,具有功能,统一步调
301,金江号子,具有功能,鼓舞情绪
301,金江号子,流传 最广地区,绥江县 境内
301,金江 号子,节奏特点,粗犷豪迈
301,金江号子,节奏 特点,高亢雄壮
301,金江号子,分为类别,招架 号子
301,金 江号子,分为类别,五板号子
301,金江号子,分为类别,四平腔
301,金江 号子,分为类别,搬滩号子
301,金江号子,分为类别,抛河号子
301,金江 号子,分为类别,下滩号子
301,金江号子,分为类别,抽桅子号 子
301,金 江号子,引用内容来源,古诗
301,金江号子,引用 内容来源,评书
301,金江号子,引用内容来源,戏曲
301,金江 号子,起头方式,四句诗
301,金江号子,续唱方式,评书或 戏曲唱词
301,金江号子,即 兴发挥者,经验丰富的号工
301,金江 号子,音调变化依据,水流的湍急程度
301,金江号 子,抢滩时音调 特点,高昂激烈
301,金江号子,平缓时音调特点,低沉优雅
301,金江号子,是 历史见证,绥江县社会 变迁
301,金 江号子,是历史见证,金沙江航运史
301,金江号子,被收录于,《云南省 民间文学集成》
301,金江号子,被收录于,《吟唱绥 江》
301,金江号子,入选项目,云南省第三批省级非物质 文化遗产代表性项目名录
301,金江号子,项目代表性传承人,牟玉 成
302,傣族传统 武术,类型,拳术
302,傣族 传统武术,类型,器械
302,傣族 传统武术,类型,对 练
302,拳术 类,包括,四方拳
302,拳术类,包括,花拳
302,拳术类,包括,环绕拳
302,拳术类,包括,肘 拳
302,拳术 类,包括,防卫拳
302,拳术类,包括,圆圈拳
302,拳术类,包括,梅花坑
302,拳术类,包括,二十五路综合拳
302,器械类,包括,枪术
302,器械类,包括,匕首
302,器械类,包括,单刀
302,器械类,包括,双刀
302,器械类,包括,四棱铁
302,器械类,包括,长短 棍术
302,对练类,包括,单 刀对双棍
302,对练类,包括,双刀对棍
302,对练类,包括,四闷拳对练
302,对练类,包括,徒手对双 刀
302,傣 族传统武术,伴奏乐器,象脚鼓
302,傣族传统武术,伴奏乐器,铓
302,傣族传统武术,伴奏乐器,镲
302,傣族传统武术,入选名录,云南省第三 批省级非物质文化遗产代表性项目名录
302,傣族 传统武术,代表性传承人,波温旺
302,圆圈拳,傣语 名称,整咩赖勐
302,绝招拳,傣语名称,整 咩破
303,栽秧会,性质,传统稻作祭祀 与生产劳动相结合的群众 性娱乐活动
303,栽秧会,性质,临时性的妇女插秧互助组织
303,栽秧会,组织形式,自愿组织 起来以换工的形式进行集体栽 插
303,栽秧 会,推选人员,能说会道、风趣幽默、 生产经验丰富的劳动能手
303,秧官,职责,负责劳动协调
303,秧官,职责,技术指导
303,秧 官,职责,在田间 地头临时组织娱乐活动
303,每个临时栽秧组织,标志,秧旗
303,秧旗,旗杆高度,三丈多 高
303,秧 旗,顶端彩扎物,升斗
303,升斗,象征意义,五谷丰登
303,秧旗,飘扬 时间,从开秧门那天 起一直到田头
303,人们,活动方式,随着音乐节奏的快慢、 起伏展开劳动竞赛
303,秧官,工作状态,最为繁忙
303,秧官,工作内容,指挥人们插好秧苗
303,秧官,工作内容,安排曲子
303,秧官,工作内容,组织演奏
303,秧官,工作内容,插科 打诨、嬉戏逗情
303,栽秧结束后,举行仪式,关秧门 仪式
303,关 秧门仪式后,开展活动,田家乐娱乐活动
303,田家乐 娱乐活动,别称,谢水节
303,谢水节,目的,酬谢、祭祀水神、 龙王、田公、地母 等各路神仙
303,整个活动,氛围特点,风趣、诙谐充满着喜庆的 节日气氛
303,栽秧会,属性,农业信仰的宗教祭祀活动
303,栽秧会,作用,调节社会关系
303,新型农用机械,影响,栽秧会 这种以换工方式进行集体插 秧的劳动互助组织逐渐松散
303,新型农用 机械,影响,民俗文化 活动也逐渐简化
303,年栽秧会,入选 项目,云南省第四批省级非 物质文化遗产代表性项目名录
304,宝翰轩 字画装裱 修复技艺,创始人,张宝善
304,宝 翰轩字画装裱修复技艺,所属流派,滇派
304,宝 翰轩字画装裱修复技艺,包含过程,手工装 裱
304,宝翰轩字画装裱修复 技艺,包含过程,镶 覆
304,宝翰轩字画装裱修复 技艺,包含过程,砑 装
304,手工装裱,步骤,排笔蘸水刷透绫绢
304,手工 装裱,步骤,干 毛巾吸干水分使紧绷案面
304,手工 装裱,步骤,刷 浆糊边展边托书画于 绫绢之上
304,手工装裱,步骤,棕刷排实后揭 去晾墙
304,手工装裱,步骤,托镶料纸裱 背纸用稀浆水刷平 刷匀
304,手工装裱,步骤,逐层托展棕刷 刷实晾干
304,手工装裱,步骤,刷颜料与胶混合物 于表面及正面
304,手工装裱,步骤,上墙晾干
304,托 裱,方法分类,湿 托法
304,托裱,方法分类,平托法
304,湿托法,适用对象,不易掉 色的画
304,平托法,适用 对象,易掉色的画
304,镶 覆,操作内容,裁 去多余局条
304,镶覆,操作内容,镶覆圈档 /上下隔水/天地头/ 惊燕/绫小边/通 天小边
304,镶覆,操作 内容,背面刷浆水粘 覆背纸
304,砑装,操作 内容,砑石砑磨覆 背后裱件
304,砑装,操作 内容,装配天地杆轴头 穿绳悬挂
304,宝翰轩字画 装裱修复技艺,特点,颜色搭配协调雅致
304,宝翰 轩字画装裱修复技艺,特点,干净平整
304,宝翰 轩字画装裱修复技艺,特点,柔软结实
304,宝翰 轩字画装裱修复技艺,特点,长时间悬挂保存不起 皱
304,宝翰轩字画装裱 修复技艺,特点,不 生虫
304,宝翰轩字画装 裱修复技艺,特点,不变形
304,宝翰轩字画装 裱修复技艺,面临问题,原材料成本高
304,宝翰轩字 画装裱修复技艺,面临 问题,原材料不易采购
304,宝翰 轩字画装裱修复技艺,面临问题,受省外 机制装裱低成本冲击
304,宝翰轩 字画装裱修复技艺,现状,市场部分萎缩
304,宝翰 轩字画装裱修复技艺,现状,前景不乐观
304,宝 翰轩字画装裱修复技艺,保护需求,亟待加强 保护
304,宝翰轩字画装裱 修复技艺,入选名录,云南省第三批省级非物质文化遗产代表性 项目名录
304,宝翰轩字画装 裱修复技艺,代表性传承人,张惠玲
304,宝翰轩 字画装裱修复技艺,代表性传承人,张志宏
305,羊皮舞,所属民族,彝族
305,羊皮舞,流传地区,普洱市景东县 安定镇
305,羊皮舞,伴奏乐器,三弦
305,羊皮舞,伴奏乐器,芦笙
305,羊皮舞,伴奏乐器,竹笛
305,羊 皮舞,主要动作特征,甩步
305,羊皮舞,主要 动作特征,跺脚
305,羊皮舞,主要动作特征,跳 步
305,羊皮舞,主要动作特征,转身
305,羊皮舞,队形形式,两排
305,羊 皮舞,队形形式,两个独立的圆圈
305,羊皮舞,唱词主题,祝贺新人 相亲相爱
305,羊皮舞,唱 词主题,百年好合
305,羊 皮舞,活动场所,打歌场
305,打歌场,地理位置,安定乡青联村
305,打歌活动,举办时间,每月初四
305,打歌活动,举办时间,十四
305,打歌 活动,举办时间,二十四
305,打歌活动,重要节日,春节
305,打歌活动,重要 节日,元宵节
305,羊皮舞,表演规模,上千人 同时进行
305,羊皮舞,入选 名录,云南省第三批省级非 物质文化遗产代表性项目名录
305,羊皮舞,代表性传承人,吴 治东
306,草人舞,衍生于,壮族传统 稻作文化
306,草人舞,与...紧密联系,四季岁时 节令
306,草 人舞,反映,农业生产 各个重要阶段人们的生活习惯
306,草人舞,反映,耕作经验
306,草人舞,反映,追求幸福的迫切愿望
306,大新村寨,举行,开年节
306,开年节,包括,跳草人舞
306,草人舞,利用,稻草编织成衣服
306,草人舞,利用,类别丰富的头饰
306,草人 舞,装扮,不同形态 的草人
306,不同形态的草人,代表,不同的寓意
306,草人舞,有,龙头
306,草人舞,有,蚂螂头
306,草人舞,有,羊角
306,草人舞,有,牛角
306,草人舞,根据 舞蹈动作不同分饰,老虎
306,草人 舞,根据舞蹈动作不同分饰,打虎壮汉
306,草人舞,根据舞蹈动作不同分饰,撒种妇女
306,草人舞,根据舞蹈动作 不同分饰,犁地农夫
306,草人 舞,根据舞蹈动作不同分饰,新娘子
306,草人舞,使用 伴奏乐器,二胡
306,草人舞,使用伴奏乐器,三弦
306,草人 舞,使用伴奏乐器,鼓
306,草 人舞,使用伴奏乐器,镲
306,草人舞,表演道具为,犁
306,草人舞,表演道具 为,耙
306,草人舞,表演 道具为,锄头
306,草人舞,表演道具为,镰刀
306,草人 舞,化扑唦把男孩 化妆成女孩,是不变的传统 习俗
306,草 人舞,集...为一体,歌
306,草人舞,集...为一体,舞
306,草人舞,集... 为一体,乐
306,草人舞,入选,云南省第三批省级非物质 文化遗产代表性项目名录
306,草人舞,项目 代表性传承人是,罗启桢
306,草人 舞,项目代表性传承人是,白玉能
307,玉溪青 花瓷,始烧制时间,元末明初
307,玉 溪青花瓷,主要原料,当地天然瓷土
307,玉溪青 花瓷,主要原料,粘土
307,玉溪青花瓷,成型工艺,全手工拉坯
307,玉 溪青花瓷,装饰技法,绘画
307,玉溪青花瓷,装饰技法,印花
307,玉溪青 花瓷,装饰技法,划花
307,玉溪青花瓷,装饰技法,贴花
307,玉溪青 花瓷,装饰技法,剔刻
307,玉溪青花瓷,装饰技法,瓷塑
307,玉 溪青花瓷,釉料 来源,天然矿物
307,玉溪青 花瓷,施釉方法,浸釉法
307,玉溪青花 瓷,施釉方法,粘釉
307,玉溪青花瓷,施釉方法,刷釉
307,玉溪青花瓷,典型 器型,青釉玉壶 春瓶
307,玉溪青花瓷,纹饰类别,植物
307,玉 溪青花瓷,纹饰 类别,动物
307,玉溪青花 瓷,纹饰类别,人物
307,玉溪青花瓷,纹饰类别,文字
307,玉溪 青花瓷,纹饰类别,辅助纹饰
307,玉溪青 花瓷,生活用品类型,碗
307,玉溪青花瓷,生活用品类型,盘
307,玉 溪青花瓷,生活用品 类型,盏
307,玉溪青花 瓷,生活用品类型,杯
307,玉溪青花瓷,生活用品类型,盆
307,玉溪 青花瓷,生活用品类型,碟
307,玉溪青花瓷,生活用品类型,罐
307,玉溪青花瓷,生活 用品类型,壶
307,玉溪青 花瓷,生活用品类型,油灯
307,玉溪青花瓷,生活用品类型,香 炉
307,玉溪青花瓷,生活用品类型,小瓶
307,玉 溪青花瓷,工艺品类型,瓶
307,玉溪青花瓷,工艺品类型,净水碗
307,玉溪青花瓷,工艺品 类型,花插
307,玉溪青 花瓷,工艺品类型,笔瓶
307,玉溪青花瓷,工艺品类型,香插
307,玉 溪青花瓷烧制技艺,入选名录,云南省第三批 省级非物质文化遗产代表性项目名录
307,玉 溪青花瓷烧制技艺,面临问题,后继乏 人
307,玉溪青花瓷烧制 技艺,历史状态,曾 中断过
308,阿卡巴拉 舞,含义,欢庆吉祥
308,阿 卡巴拉舞,民族,纳西族
308,阿卡巴拉舞,载体 形式,歌舞
308,阿卡巴拉舞,包含 内涵,历史
308,阿卡巴拉舞,包含 内涵,民俗
308,阿卡巴拉舞,包含 内涵,艺术
308,阿卡巴拉舞,表演 时间,农历二月八
308,阿卡巴拉舞,祭祀对象,白水女神
308,阿卡巴拉 舞,节奏特点,动感 欢快
308,阿 卡巴拉舞,主要动作,走
308,阿卡巴拉舞,主要动作,迈
308,阿卡巴拉舞,主要 动作,跺
308,阿卡巴拉舞,主要动作,跳
308,阿卡巴拉舞,肢体动作细节,双臂前后 甩动
308,阿卡巴拉舞,肢体动作 细节,双膝屈伸
308,阿卡巴拉 舞,肢体动作细节,踢脚
308,阿卡巴拉舞,队形 特征,拉手成圈
308,阿卡巴拉 舞,表演方式,随 歌而舞
308,阿卡巴拉舞,曲 调数量属性,共有种
308,阿卡巴拉 舞,曲调特性,不同寓意
308,阿卡巴拉舞,内容主题,歌颂丁巴什罗
308,阿卡巴拉 舞,内容主题,除 妖杀魔
308,阿卡巴拉舞,内容 主题,带来平安吉祥
308,阿卡巴拉舞,内容功能,劝谕 人生
308,阿 卡巴拉舞,内容功能,伦理道德教导
308,阿卡巴拉舞,内容功能,教导人与自然和谐相处
308,阿卡 巴拉舞,传承方式,师徒传承
308,阿卡巴拉舞,传承方式,家族传承
308,阿卡巴拉舞,传承方式,村寨传承
308,阿卡巴拉 舞,服饰特征,节日 盛装
308,阿卡巴拉舞,参与者构成,纳西男女
308,阿卡巴拉舞,队形排列,围成 圆圈
308,阿 卡巴拉舞,音乐特点,曲调激昂丰富
308,阿卡巴拉舞,音乐特点,节奏明快
308,阿卡 巴拉舞,歌词涉及领域,历史
308,阿卡巴拉舞,歌词涉及 领域,文化
308,阿卡巴拉舞,歌词涉及领域,社会生产生活
308,阿卡 巴拉舞,情感表达,敬畏大自然
308,阿卡巴拉舞,情感表达,崇拜自然
308,阿卡巴拉舞,情感表达,向往美好生活
308,阿卡巴拉舞,文化意义,体现纳 西族民俗
308,阿卡巴拉舞,文化 意义,体现纳西族历史
308,阿卡 巴拉舞,现代功能定位,喜庆节日狂欢性节目
308,阿卡巴拉舞,民间说法,跳之 可忘记一切苦恼
308,阿卡巴拉舞,社会作用,丰富精神生活
308,阿卡巴拉 舞,社会作用,维护 边疆稳定
308,阿卡巴拉舞,社会作用,促进民族团结
308,阿卡巴拉舞,荣誉记录,云南省第三批省级 非物质文化遗产代表性项目名录
308,阿卡巴拉舞,代表性传承人,和尚 芳
308,阿 卡巴拉舞,代表性传承人,和德明
309,景谷县 志,记载,李文相创办 制茶作坊
309,李文相,创办时间,清光绪二十六年
309,李文相,创办地点,景谷 街
309,团茶,别名,月饼形
309,团茶制作 技艺,使用工具,锅 灶
309,团茶 制作技艺,使用工具,衡器
309,团 茶制作技艺,使用工具,甄子
309,团茶制作技艺,使用工具,布袋
309,团茶制作技艺,使用工具,内飞
309,团茶制作技艺,使用工具,石模
309,团茶制作技艺,使用工具,内包 棉纸
309,团茶制作技艺,使用工具,外包装物
309,团茶制作技艺,使用工具,干燥架
309,团茶制作 技艺,主要工序,原料 采选
309,团茶制作技艺,主要工序,杀青揉晒
309,团茶制作技艺,主要工序,蒸压 成型
309,团 茶制作技艺,主要工序,包装入库
309,团茶,原料选用,优质古树大叶茶
309,杀青,关键因素,温度掌握
309,揉捻,关键因素,轻重把握和 着力方向
309,蒸压成型,关键因素,蒸制程度和模压力度
309,景谷 县,特点,茶区 数量多
309,景谷县,特点,分布广
309,景谷县,特点,古茶园密度高
309,景谷县,特点,产量高
309,古茶树,特点,未经矮化
309,古茶树,特点,树龄长
309,古茶树,特点,茶叶芽头 肥壮
309,古茶树,特点,质量好
309,古 茶树,特点,条 索长
309,古茶树,特点,味道纯正
309,景谷县产品,销售网络 覆盖地,全国各省市（除 西藏、新疆外）
309,景谷县产品,销售网络覆盖地,日本
309,景谷 县产品,销售网络覆盖地,韩国
309,景谷县产品,销售 网络覆盖地,英国
309,团茶,意义,普洱茶历史文化中具有重要意义
309,团茶制作 技艺,入选项目,云南省 第四批省级非物质文化遗产代表性项目 名录
309,团 茶制作技艺,代表性传承人,李明
310,宁蒗傈 僳族朱氏 传统医药,保存 和传承方式,口 耳相传
310,宁蒗傈僳族朱氏传统 医药,经验来源,生产 生活实践
310,朱 氏诊疗法,主药来源,宁蒗翠玉库脚 山上新鲜药物
310,朱氏诊疗法,用药特点,多用单方少有 配方
310,朱氏 诊疗法,常见药物,冬虫夏草
310,朱氏诊疗法,常见 药物,茯苓
310,朱氏诊疗法,常见 药物,灵芝
310,朱氏诊疗法,常见 药物,雪茶
310,朱氏诊疗法,常见药物,云黄连
310,朱氏诊疗 法,常见药物,珠 子参
310,朱氏诊疗法,常见药物,天麻
310,朱氏诊疗法,常见药物,虫楼
310,朱氏诊疗法,常见药物,贝母
310,朱氏 诊疗法,常见药物,白芨
310,朱氏诊疗法,常见药物,石斛
310,朱氏诊疗法,常见 药物,辛荑
310,朱氏诊疗法,常见药物,草乌
310,朱氏诊疗 法,治疗基础,心理 引导
310,朱 氏诊疗法,主要治疗手段,内服汤药
310,朱氏诊疗法,治疗病症,骨折
310,朱氏诊疗 法,治疗病症,跌 打损伤
310,朱氏诊疗法,治疗病症,骨质增生
310,朱氏诊疗法,治疗病症,腰椎间盘突出
310,朱氏 诊疗法,辅助设备,中药提速器
310,朱氏诊疗法,辅助 方法,疏通经络秘方
310,朱氏诊疗 法,辅助方法,行 气血
310,朱 氏诊疗法,辅助方法,活血化瘀秘方
310,朱氏诊疗法,辨证施治对象,患病部位
310,朱氏 诊疗法,治疗范围特点,广
310,朱氏诊疗法,优势,疗程短
310,朱氏诊疗法,优势,治愈率高
310,朱氏诊疗法,优势,病人痛苦少
310,朱氏诊疗法,优势,显著疗效
310,朱氏诊疗 法,受推崇群体,傈僳族患者
310,朱氏诊疗法,对民族医药作用,发展多样性 不可替代
310,制约因素,包括,外地药 商频繁涌入收购药材
310,制约因素,包括,传统口传心授传承规则
310,制约因素,导致结果,大多数傈 僳族民间秘方失传
310,年宁蒗 朱氏诊疗法,入选项目,云南省第三批省级非物质 文化遗产代表性项目名录
310,年宁蒗朱氏诊疗 法,项目代表性传承人,朱瑞林
311,吾母村,位于,丽江市玉龙 纳西族自治县宝山乡
311,吾母 村,下辖,自然村
311,吾母村,下辖,村民小组
311,保护区,森林覆盖率达,以上
311,吾母村,建于,北宋之前
311,吾母村,有古迹,殉情岩 洞
311,吾母 村,有古迹,培德桥
311,吾母村,保留着,清代建造的纳西族传统 粮仓
311,吾 母村,保留着,民国时期建造的纳西族传统 粮仓
311,保护区内民居,大多为,土木结构
311,保护区内民居,常见形式包括,四合五天 井
311,保护 区内民居,常见形式包括,三坊一照壁
311,保护区内民 居,常见形式包括,前后院
311,保护区内民居,常见形式 包括,一院两进
311,吾母村,保留着,非物质 文化遗产资源
311,吾母村,每月都有不同的 祭祀活动,祭天
311,吾母村,每月都有不同的祭祀活动,祭水神
311,吾母村,每月都有 不同的祭祀活动,祭山神
311,吾母 村,每月都有不同的祭祀活动,祭战神
311,吾母村,每月 都有不同的祭祀活动,祭谷 神
311,吾 母村,每月都有不同的祭祀 活动,祭牧神
311,吾母村,每月都有不同的祭祀活动,祭祖先
311,吾母村,传统节日包括,春节
311,吾母村,传统节日 包括,三多节
311,吾母村,传统节日包括,清明节
311,吾母村,传统节日包括,端午节
311,吾母 村,传统节日包括,火把节
311,吾母村,传统节日 包括,牧人建丹节
311,吾母 村,传统节日包括,祭祖节
311,吾母村,传统节日 包括,中秋节
311,吾母村,传统 节日包括,吃新米节
311,吾母 村,保留着,传统的 村规民约
311,吾母村,保留 着,纳西族天文历 法
311,吾 母村,保留着,民间医药知识
311,吾母村,保留着,古老的东巴文字
311,吾母村,民间文学包括,《祭天 古歌》
311,吾母村,民间文学 包括,《吾母的由来 》
311,吾 母村,民间文学包括,各种谚语
311,吾母村,传统 音乐包括,喂默达
311,吾母村,传统音乐包括,哦 热热
311,吾母村,传统音乐包括,伟热热
311,吾母村,传统音乐包括,纳谷
311,吾母村,传统音乐包括,谷 气
311,吾 母村,传统音乐包括,啊丽里
311,吾母村,传统 音乐包括,劝牛调
311,吾母村,传统音乐包括,栽 秧调
311,吾母村,传统音乐包括,纳西古乐
311,吾母村,传统舞蹈包括,东巴 舞
311,吾 母村,传统舞蹈包括,葫芦笙锅庄舞
311,吾母村,传统舞蹈包括,笛子 打跳
311,吾母村,传统美术包括,剪纸
311,吾母村,传统美术 包括,纸扎
311,吾母村,传统美术包括,木雕
311,吾母村,传统美术包括,石 雕
311,吾 母村,传统美术包括,东巴画
311,吾母村,传统 技艺包括,东巴造纸
311,吾母村,传统技艺包括,烧 瓦
311,吾 母村,传统技艺包括,竹编
311,吾母村,传统技艺 包括,草编
311,吾母村,传统技艺包括,兽皮加工 制作
311,吾 母村,传统技艺包括,纺织
311,吾母村,传统技艺包括,铸铁
311,吾母村,传统技艺 包括,颜料制作
311,吾母村,传统技艺包括,纳西族 服饰制作
311,吾母村,民间体育活动 包括,秋千
311,吾母村,民间体育活动包括,摔跤
311,吾母村,民间体育活动包括,鲁喷即玩石头
311,吾母村,民间体育活动包括,斗牛
311,吾母村,民间体育活动包括,斗羊
311,纳西族服饰,特点为,古雅淳朴
311,东巴服饰,体现了,原始信仰、观念 、想象
311,吾母村,是,丽江市辖区内东巴祭祀仪式保存 最为完整的村落
311,保护区,成立了,东巴文化传承协会
311,东巴文化传承协会,组织老东巴向会员 传授,各种东巴文化知识
311,东巴 文化传承协会,为当地五 峰完小每周举行两次,东巴文化知识讲座
311,吾母村纳西 族传统文化生态保护区,入选,云南省第四批省级非物质文化遗产 代表性项目名录
311,吾母村纳西族传统文化 生态保护区,项目代表性传承人是,和茂椿
311,吾母村纳西 族传统文化生态保护区,项目代表性 传承人是,和继泉
312,红毡,历史追溯到,东晋
312,红毡,属于,滇东北 乌蒙山区原生态民间工艺品
312,中原汉民族,迁入,云南巧家 县
312,马树 红毡的制作技艺,是,民族文化融合的结晶
312,马树红毡的 制作,具有,鲜明地域 特色
312,马树 红毡,将纯羊毛擀 制成,床毡、桌毡 、毡包等
312,马树红毡,绘制,吉祥、喜庆的民间美术 图案
312,马树 红毡,利于,健康
312,马树红 毡,有,较高的美学 价值
312,毛 毡,主调为,红色或绿色
312,毛毡,原料包括,天然的半细纯羊毛和 优质面粉
312,主要工序,包括,选优质 羊毛、弹羊毛、铺羊毛、 踩帘子、清洗毡子半成品 、搓揉半成品、清洗、搓 边、清洗、晾干等
312,面浆,由,优质面粉与水按 一定比例混合搅拌而成
312,色浆,颜色包括,白、黄、绿、 红等
312,红毡,绘制,吉祥 图案
312,特 制颜料,用于,煮 染
312,纹 样色彩,特点为,对比强烈
312,图案,风格为,朴 拙
312,画面,氛围为,热烈喜庆
312,民间艺人,表达,对生活的理解和 对幸福的祈求
312,马树红毡品质优良,因为,以优质半细羊毛 为原材料
312,传承原则,遵循,传 内不传外传男不传 女
312,传承 原则,使,这门 手工艺显得神秘传播范围极其有限
312,马树 红毡制作技艺,入选,云南省级非物质文化遗产代表性项目 名录扩展项目名录
312,项目代表性传承人,是,洪顺章
313,彝族小 豹子笙,功能,驱 鬼逐疫
313,彝族小 豹子笙,功能,祭祀
313,彝族小豹子笙,所属民族支系,纳苏 支系
313,彝族小豹子笙,彝语名称,移蒙 赖克余
313,移蒙赖克余,汉意,豹子化妆
313,当地 彝族,信奉对象,土主神
313,当地彝族,信奉 对象,山神
313,当地彝族,信仰观念,万物有灵
313,当地 先民,视为灵神,豹
313,豹,特征,速度迅捷异常
313,豹,特征,动作矫健
313,豹,地位,兽中之王
313,彝族 小豹子笙,基本动作,挑棍
313,彝族小豹 子笙,基本动作,戳棍
313,彝族小豹子笙,基本动作,对棍
313,彝族小豹子笙,基本动作,绞棍
313,彝族 小豹子笙,基本动作,打棍
313,彝族小豹 子笙,基本动作,翻棍
313,彝族小豹子笙,基本动作,弹棍
313,彝族小豹子笙,基本动作,摇棍
313,彝族 小豹子笙,基本动作,摆棍
313,彝族小豹 子笙,基本步法动作,跳踏步
313,彝族小 豹子笙,基本步法 动作,颠步
313,彝族小 豹子笙,基本步法 动作,编脚步
313,彝族小 豹子笙,基本步法 动作,吸腿步
313,彝族 小豹子笙,基本步 法动作,摇摆步
313,舞者,性别限制,青年男性
313,参跳人员年龄,范围,十一二岁的儿童
313,舞者,装扮方式,全身赤裸
313,舞 者,身体装饰,画 上各种豹子花纹
313,舞者,面部遮挡物,粽叶
313,舞者,手持道具,棍棒
313,跳舞时,行为规范,不说话
313,跳舞时,行为 规范,不露面
313,伴奏乐器,类型,锣鼓
313,舞蹈流程,初始位置,各守 一个山头
313,舞蹈流程,后续 发展,下山
313,舞蹈场所,地点,土掌房
313,参跳 人数要求,规则,双 数
313,目的,内容,驱 鬼逐疫
313,目的,内容,祈求家家户户平安吉祥
313,目的,内容,人畜 兴旺
313,目的,意义,驱 邪扶正
313,目的,意义,消灾免难
313,彝族小 豹子笙,反映观念,崇豹观
313,彝族小豹 子笙,反映观念,人与自然和谐相处的和谐发展观
313,彝 族小豹子笙,体现 性格,粗犷
313,彝族小 豹子笙,体现性格,豪放
313,彝族小豹子 笙,体现性格,勤劳
313,彝族小豹子笙,承载内容,重大历史文化信息
313,彝 族小豹子笙,承载 内容,原始记忆
313,彝族小 豹子笙,标志意义,人与人、人与自然和谐发展的标志
313,彝族小豹子笙,功能属性,传统文化传承平台
313,彝 族小豹子笙,学术 价值领域,人类学
313,彝族小 豹子笙,学术价值领域,民族学
313,彝族小豹 子笙,学术价值领域,民俗学
313,彝族小豹子 笙,学术价值领域,艺术价值
313,彝族小豹子笙,媒体关注情况,被 央视宣传报道
313,彝族小豹子 笙,媒体关注情况,被多家媒体宣传报道
313,彝族小 豹子笙,面临危机原因,受现代文化冲击
313,彝族 小豹子笙,面临危机 原因,老一代传承人离开 人世
313,彝族小豹子笙,面临危机原因,毕 摩传承人减少
313,彝族小豹 子笙,面临危机原因,年轻一代接受现代教育不愿传承 学习
313,彝族小豹子笙,面临危机原因,受民俗 活动商业化影响
313,彝族小豹子 笙,入选名录,云南省 第四批省级非物质文化遗产代表性项目 名录
313,彝族小豹子笙,项目代表性传承人,方 贵生
314,阿峨新 寨壮族农民 版画,流传 地点,马关县 仁和镇阿峨新寨 村
314,施家,开设时间,清光绪年间
314,施家,开设机构,太和堂
314,太和堂,业务 内容,刻印版画内容 的书籍出售
314,马关县,命名称号,中国民间艺术之乡
314,阿峨版 画,制作工序,选取 木料
314,阿峨版画,制作 工序,制木版
314,阿峨版 画,制作工序,构思 版画内容
314,阿峨版画,制作工序,画图
314,阿峨 版画,制作工序,雕刻
314,阿峨版画,制作 工序,印制或套色印制
314,阿峨版画,制作工序,装框
314,阿峨版画,艺术风格,主题鲜明
314,阿峨版画,艺术风格,古朴新颖
314,阿峨版画,艺术风格,刀法 粗犷又不乏细腻
314,阿峨版 画,技法类型,直接 转写法
314,阿峨版画,技法类型,复写法
314,直接转 写法,操作方式,将 炭笔画稿压印在木版 上
314,复写法,操作方式,用复写纸将画稿 描在木版上
314,阿峨版 画,表现特点,黑白 对比强烈
314,阿峨版画,表现特点,画面朴素、明 快
314,阿峨版画,注重 要素,物象结构和神韵
314,阿峨版画,布局特征,点、线布局疏密 有致
314,阿峨版画,雕刻手法,特殊
314,阿峨版 画,艺术效果,突出
314,阿峨版画,记录内容,壮族人民物质生活
314,阿 峨版画,记录内容,壮族人民文化生活
314,阿峨 版画,创作数量,千余幅
314,阿峨版画,民族特色,突出
314,阿峨版 画,地域特征,明显
314,阿峨版画,收藏机构,云南省博物馆
314,阿峨新寨 村,面临问题,地理位置 偏僻且较为封闭
314,阿峨新寨 村,面临问题,年轻人 民族文化意识不强
314,阿峨新寨村,面临问题,现代化生活方式 与传统文化存在较大冲突
314,阿峨版 画,传承状态,濒 危状态
314,阿峨版画,保护需求,亟须传承保护
314,阿峨壮族版画,入选名录,云南省第四批省级 非物质文化遗产代表性项目名录
314,卢正 林,身份,项目代表性 传承人
315,东莲花村,位于,大理白族自治州巍 山彝族回族自治县永 建镇
315,东莲花村,面积单位,平方千米
315,东 莲花村,民族构成,回族
315,东 莲花村,始建于,明 初
315,保护区 植被树种,包括,云南松
315,保护区植被 树种,包括,华山松
315,保护区植被树种,包括,杂栎木
315,保护区植物,包括,龙竹
315,保护区植物,包括,慈竹
315,保护区,坐落于,红河支流米汤河畔
315,保护区,环境特征,三面环 水
315,保护 区,是,大理州 主要回族聚居区
315,保护区,是,云南省著名的侨乡
315,保护区,历史地位,茶马古 道百年马帮重要集散地
315,民居 形制,包括,三坊 一照壁
315,民居形制,包括,四合五天井
315,民居形制,包括,走马转阁楼
315,民居形 制,包括,一门进两 院
315,代表性 建筑,是,马家 大院
315,马家大院,建成时间,民国三十年
315,清真寺,建筑 特点,宏伟
315,民居布局特征,围寺而建) 23 . (建筑工艺,"具有, 精湛风格"
315,建筑风格,具有,独特性
315,建筑群,具有,历史 研究价值
315,非物质文化遗产,涵盖领域,穿衣习俗
315,非物质文化遗产,涵盖领域,建房习俗
315,非物质文化遗产,涵盖领域,饮食习俗
315,非物质文化遗产,涵盖领域,节日庆典
315,重大节日,包括,古尔邦节
315,重大节日,包括,圣诞节
315,重大节日,包括,尔德节
315,重大节日,包括,盖 德尔夜
315,重大节日,包括,亡人 节
315,传统 音乐,关联元素,宗教
315,传统技艺,包括,食品制作技艺
315,特色食品,包括,片片面
315,特色食品,包括,油香
315,特色食品,包括,树 皮
315,特色 食品,包括,馓子
315,特色食品,包括,乳扇
315,特色食品,包括,牛干巴
315,特色食品,包括,三道茶
315,传统手工艺,包括,手工刺绣
315,传统手工艺,包括,银 器加工技艺
315,传统手工艺,包括,珐琅银饰加工技艺
315,医疗传统,包括,草医草药
315,民间体育活动,代表性项目,赛马
315,宗教信仰,是,伊斯兰教
315,妇女服饰特征,包括,戴头巾穿长袍
315,男子服饰特征,包括,戴白色帽子
315,特殊仪式服饰,应用于,穿衣仪式阿 文毕业典礼
315,申报目标,是,级景区
315,规划机构,为,同 济大学
315,荣誉称号,是,国家级 历史文化名村
315,建设项目,包括,民族文化广场
315,建设项目,包括,游客服务中心
315,建设项目,包括,滇西回族文化展览馆
315,保护措施,包括,抢救性保护
315,保护措施,包括,维修古民居
315,示范工作,包括,村庄风貌整治
315,示范工作,包括,马帮文化展示
315,示范工作,包括,特色旅游开发
315,示范工作,包括,和谐生态建设
315,入选项目,是,云南省第四批省级非物质文化遗产代表性 项目名录
316,纳西族 传统手工造纸技艺,所属民族,纳西族
316,纳西 族传统手工造纸技艺,别 称,东巴纸
316,东巴纸,主要原料,丽江荛 花
316,丽江荛花,植物分类,瑞香科荛花属
316,东巴 纸,制造工艺流程,采集 原料
316,东巴纸,制造工艺流程,晒料
316,东巴纸,制造 工艺流程,浸泡
316,东巴纸,制造工艺流程,蒸煮
316,东巴纸,制造工艺流程,漂洗
316,东巴纸,制造工艺流程,打浆
316,东巴纸,制造工艺流程,抄纸
316,东巴 纸,制造工艺流程,晒 纸
316,东巴纸,制造工艺流程,砑纸
316,东巴纸,融合方法,浇纸法
316,东巴纸,融合方法,抄纸法
316,东巴纸,特性,坚实耐用
316,东巴 纸,特性,吸水性强
316,东巴纸,特性,易书写
316,东巴纸,特性,不会被虫蛀
316,东巴纸,用途,书写重要契约
316,东巴纸,用途,载体东巴经书
316,东巴纸,用途,书写经书
316,东巴纸,用途,东巴书法作品
316,东巴纸,用途,创作东巴绘画
316,东巴纸,宗教用途,制成各种人物形象
316,东巴纸,宗教用途,制成器 物
316,东巴纸,宗教用途,东巴法帽
316,东巴 纸,宗教用途,法 牌
316,纳西族传统手工造纸技艺,文化意义,古老造纸 术的活标本
316,纳西族传统 手工造纸技艺,文化意义,东巴文化的重要载体
316,纳西 族传统手工造纸技艺,入选 名录,云南省级非物质文化遗产 代表性项目名录扩展项目名录
316,纳西 族传统手工造纸技艺,项目 代表性传承人,王福宝
317,小民福 村,位于,普洱市 景东彝族自治县安定镇 民福村委会
317,小民福村,建 于,公元年
317,小民福村村民,民族,彝族
317,小民福村村民,支系,彝族 蒙化支系
317,保护区,地处,无量山脉腹地边缘
317,保护区,属,高寒山区
317,保护区,境内特征,沟箐交错纵横
317,保护区,水资源,丰富
317,全村森林覆盖率,达,以上
317,森林 植被类型,包括,南亚 热带常绿针叶林
317,森林植被类型,包括,阔叶混交林
317,自然生态环境,状态,良好
317,景点,包括,双河温泉
317,景点,包括,二 擦皮瀑布
317,景点,包括,亮洞 森林保护区国家级自然保护区
317,村寨位置,建在,山腰上
317,山顶,是,风水林
317,山下,是,耕地
317,全村建筑结构,属,土木结构
317,建筑特点,土基砌墙,穿斗屋架瓦屋顶
317,传统彝 族民居特点,上桩 高,七尺
317,传统彝族民居 特点,下桩高,八尺
317,建筑群落保存状态,完整,分布集中
317,非遗载体,状态,丰富
317,村寨后山,有,山神
317,村寨后山,有,土主牌位
317,村中保护对象,包括,百年以上的竜树
317,村中 保护对象,包括,柳树
317,村中 保护对象,包括,风水林
317,保护区内 活动,组织村民举行祭拜 活动,逢年过节
317,祭拜活动 类型,包括,祭茶祖
317,祭拜 活动类型,包括,祭祖先
317,村内 设施,建有,打 歌场
317,村内设施,建有,陀螺场
317,传统仪式保存较好,包括,起房建屋
317,传统仪式保存较好,包括,讨亲嫁娶
317,民间文学 传承方式,依靠,口 传心授
317,代表性民间文学,是,《山神送猪》
317,民歌类型,包括,情歌
317,民歌类型,包括,儿歌
317,民歌类型,包括,叙事歌
317,民歌类型,包括,谜语歌
317,民歌类型,包括,节庆歌
317,民歌类型,包括,贺喜歌
317,民歌类型,包括,祭礼歌
317,乐器,包括,彝族 三弦
317,乐器,包括,芦笙
317,乐器,包括,彝族竹笛
317,乐器,包括,大筒
317,乐器,包括,过山 号
317,乐器,包括,唢呐
317,乐器,包括,小钹
317,乐器,包括,小鼓
317,传统舞蹈 典型代表,包括,跳菜
317,传统舞蹈 典型代表,包括,打歌
317,打歌 普及形式,是,老 帮腔
317,传统手工技艺,包括,纺织
317,传统手工 技艺,包括,刺绣
317,传统手工技艺,包括,竹编
317,传统手工技艺,包括,榨香油
317,传统饮食,包括,东包肉
317,传统饮食,包括,羊肉 粉蒸
317,传统饮食,包括,玉米面 果
317,传统 饮食,包括,荞饼
317,保护区内沿用,包括,传统天文历法
317,保护区内 沿用,包括,民间医药
317,管理机构,成立,保护区管理委员会
317,管理委员会职责,负责,保护区民俗 事项的保护传承工作
317,建立设施,包括,传习所
317,小民福村特点,保留了大量彝族传统文化) 7 1. (小民福村特点,生态环境优美
317,小民福村特点,文化底蕴深厚) 73. (小民福村特点,民族歌舞独特
317,小民福村特点,宗教信仰传承和保存状态较好) 75. (小民福村 特点,民族习俗传承和保存 状态较好
317,小民福村资源,地 热资源丰沛) 77 . (小民福村资源,山泉瀑布丰沛
317,小民福村 地位,是人们旅游休闲度假 的胜地) 79. (代表性项目,"包括, 彝 族打歌"
317,代表性项目,包括,羊 皮舞
317,代表性项目,包括,跳菜
317,代表性项目,包括,老帮腔
317,代表性项目,包括,彝族刺绣
317,入选项目,名称,小民福村彝 族传统文化生态保护区
317,入选时间,年,云南省第四批省级非物质文化遗产 代表性项目名录
317,项目代表性传承人,包括,张德康
317,项目代表性传承人,包括,吴国富
317,项目代表性传承人,包括,张志华
318,《 创世纪》,属于,纳西族史诗 2. 《创世纪 》 - 包含章节 - 《 开天辟地》 3. 《创世纪》 - 包含章节 - 《洪水滔天》 4 . 《创世纪》 - 包含 章节 - 《天上烽火》 5 . 《创世纪》 - 包含 章节 - 《迁徙人间》 6 . 《创世纪》 - 中心 内容 - 描述先祖崇忍 利恩与天神、恶神、 洪水作斗争重建人间 7. 《创世纪》 - 歌颂赞美 - 人类不屈不挠的精神 8. 《创世纪》 - 具有价值 - 历史价值 9. 《创世纪》 - 具有价值 - 文学价值 1 0. 《创世纪》 - 入选名录 - 云南省第三批省级 非物质文化遗产代表性项目名录 1 1. 《创世纪》 - 代表性传承人 - 和振伟 12. 《创世纪》 东巴经书 - 用于仪式 - 祭署仪式 13 . 纳西族民歌手 - 演唱方式 - 用谷气 调唱 14. 纳 西族民歌手 - 演唱内容 - 《创世纪》东巴经 15. 《开天辟 地》 - 翻译自 - 散文体民间神话传说 16 . 《洪水的故事》 - 翻译 自 - 散文体民间神话传说 17. 《天女下 凡》 - 翻译自 - 散文体民间神话传说 18 . 《洪水冲天》 - 翻译自 - 用纳西族 传统音乐谷气调吟唱的版本 19. 《崇般颂 》 - 翻译自 - 用 东巴象形文字以诗体 语言记载在东巴经书上且 在祭天仪式中吟诵的版本 20. 《崇般图 》 - 翻译自 - 用 东巴象形文字以诗体 语言记载在东巴经书上且 在祭风、祭署等活动中 吟诵的版本
319,昭通清 拳,包含,邹家拳
319,昭 通清拳,包含,彭家拳
319,邹家拳,创始人,邹若衡
319,彭家拳,创始人,彭勤
319,邹家拳,特点,短小精悍
319,邹家拳,特点,拳路刚猛
319,邹家拳,特点,实战技术为主
319,邹家拳,特点,简单易学
319,邹家拳,特点,效果显著
319,邹家拳,被列为,中国武术名拳之一
319,邹家拳,拳势,刚劲
319,邹家 拳,发力,有声
319,邹家 拳,步伐,稳固
319,邹家拳,落地生根) 1 5. (邹家拳,"招式, 磅礴"
319,邹家拳,招式,刚猛逼人
319,邹家 拳,拳种,虎 尾鞭
319,邹家拳,拳种,双狮解带
319,邹家拳,拳种,六出七三
319,邹家 拳,拳种,四 门反挂
319,邹家拳,拳种,扭丝破四门
319,邹家拳,拳种,南贯 锤
319,邹 家拳,拳种,铁栅五封
319,邹家拳,拳 种,六合连环
319,邹家拳,拳种,七星练步
319,邹家拳,拳种,七星赶 月
319,邹 家拳,拳种,九门铁栅
319,邹家拳,拳 种,十面埋伏
319,邹家拳,器械,单刀
319,邹家拳,器械,短棍
319,邹家拳,器械,板凳
319,邹家拳,器械,朴刀
319,邹家拳,内功,虎灵功
319,邹家拳,内功,通智能 功
319,邹 家拳,内功,金刚劲功
319,邹家拳,内功,拍打功
319,彭家拳,特点,套路短小
319,彭家拳,特点,结构严谨
319,彭家拳,特点,能四面迎敌
319,彭家拳,特点,八方出击
319,彭家 拳,特点,招式 激烈
319,彭 家拳,特点,动作 多变
319,彭 家拳,拳种/套路,十二连环手
319,彭家拳,拳种/套路,十二连环 拳
319,彭 家拳,拳种/套路,八大一掌劲
319,彭家拳,拳种/套路,六字 劲
319,彭 家拳,手法,表
319,彭家 拳,手法,搞
319,彭家拳,手法,盘
319,彭家拳,手法,挂
319,彭家拳,手法,宰
319,彭家拳,手法,剁
319,彭家拳,手法,炮
319,彭家拳,手法,冲
319,彭 家拳,手法,封闭
319,彭家 拳,手法,擒拿
319,彭家 拳,腿法,扫 趟
319,彭 家拳,腿法,弹腿
319,彭家拳,步法,丁八步
319,昭通清拳,融各家之长) 61 . (昭通清拳,"首创目的, 实战"
319,昭通清拳,兼具,观赏性
319,昭通清拳,兼具,表演性
319,昭通清 拳,传承方式,口 传心授
319,昭通清拳,现状,许多绝技妙招濒临 失传
319,昭通清拳,现状,传统套路需要重新整理
319,昭通清拳,现状,拳经义 理需要进一步阐发
319,昭通清拳,现状,亟须加强保护
319,昭通清 拳,入选,云南省第三 批省级非物质文化遗产代表性项目名录
319,昭通 清拳,项目代表性传承人,许明富
319,昭通清拳,项目代表性传承人,彭 志飞
320,屏边县,民族属性,苗族
320,芦笙,所属文化群体,屏边苗族人民
320,芦笙制作材料,包含,木头
320,芦笙制作材料,包含,竹子
320,芦笙制作材料,包含,树皮
320,芦笙制作材料,包含,铜
320,木头 用途,用于制作,芦 笙把
320,竹子 用途,用于制作,芦 笙管
320,树 皮用途,用于箍紧,芦笙把和芦笙管
320,铜用途,用于制作,簧片
320,制作要求,需要知识领域,乐 理知识
320,制作要求,需要知识领域,物理知识
320,制作特点,依赖,长期经验积累
320,苗语名称,对应汉语 名,更
320,制作步骤一,名称,制作芦笙匏把
320,制作步骤二,名称,制作芦笙 管
320,制作 步骤三,名称,制作 簧片
320,芦笙功能场景,应用于,丧事仪式
320,芦笙功能场景,应用于,娱乐活动
320,文化遗产项目,入选 批次,云南省第四批省级非 物质文化遗产代表性项目名录扩展项目名录
320,项目代表性 传承人,姓名,邓 永明
321,龙应村,位于,丽江市玉龙 纳西族自治县九河乡
321,龙应 村,下辖,村民小组
321,龙应村,面积单位,平方千米
321,龙应村,人口构成,白族
321,龙应村,地处,老君山东麓
321,龙应村,坐落于,九河坝 子最南端
321,龙应村,历史地位,从滇西北入滇的 必经之路
321,龙应村,古代功能,连通南诏国与吐蕃的主要 通道
321,龙应 村,森林覆盖率,高
321,龙应 村植被类型,包括,云南 松
321,龙 应村植被类型,包括,冷杉
321,龙应村植被类型,包括,铁杉
321,龙应村古迹,有,石拱桥七座
321,龙应 村古迹,有,木板桥一座
321,龙应村古迹,有,龙王庙一座
321,龙应村 古迹,有,魁 星阁三座
321,龙应村古迹,有,文昌宫两座
321,龙应村 古迹,有,本 主庙三座
321,龙应村古迹,有,祭天坛三 座
321,龙 应村古迹,有,古井十二口
321,龙应村古迹,有,南诏大理 国时期火葬墓遗址两处
321,保护区内 民居建筑风格,为,白族土木结构房屋
321,保护区内保存完好 的民居类型,有,三坊一照民居
321,保护区内保存 完好的民居类型,有,一正一面民居
321,龙应村,是,丽江市内 典型的白族聚居村落
321,保护区非遗资源 特点,为,富集
321,保护区 非遗传承人状态,为,保存完好且众多
321,当地人保留的传统习俗,包括,白族传统婚丧 嫁娶习俗
321,当地人保留的传统习俗,包括,生育习俗
321,当地人保留的传统习俗,包括,建房习俗
321,当地人保留的传统祭典/ 节庆,包括,祭天
321,当地人保留 的传统祭典/节庆,包括,栽秧会
321,当地人保留的传统祭典 /节庆,包括,龙 神祭
321,当地人保留的传统祭典/节庆,包括,阳日
321,保护区的民间传说 故事,包括,《龙应村 的传说》
321,保护区的民间传说故事,包括,《三弦的传说》
321,保护区的民间 传说故事,包括,《唢呐 的传说》
321,传统音乐形式,包括,白族民歌
321,传统音乐形式,包括,三弦弹唱
321,传统舞蹈形式,包括,白族霸王鞭
321,曲艺形式,包括,白族大本曲
321,传统美术 形式,包括,白族刺绣
321,传统美术 形式,包括,民居彩 绘
321,传统 美术形式,包括,白族 木雕
321,传统美术形式,包括,白 族石雕
321,传统美术形式,包括,竹编
321,传统技艺领域,包括,白 族服饰制作
321,传统技艺领域,包括,民族特色食品制作
321,非物质文化遗产内容,包括,白族民间医药
321,当地白族妇女 服饰特点,区别于,大理 白族妇女服饰
321,未婚女子头巾样式特征,称为,小白兔
321,村民依托发展的 产业类型,包括,野生生态 食品深加工
321,村民依托发展的产业类型,包括,白族传统食品制作
321,村民依托发展的产业 类型,包括,白族传统 服饰制作
321,村民依托发展的产业类型,包括,白族传统木结构房屋建筑
321,非物质 文化遗产进校园活动地点,在,龙应小学
321,活动培养的学生能力,包括,弹奏龙头三弦
321,活动培养的学生 能力,包括,唱白族 民歌
321,活动培养的学生能力,包括,跳白族舞蹈
321,龙应村白族传统文化 生态保护区荣誉,入选,云南省第四批省级非物质文化遗产代表性 项目名录
321,项目代表性传承人,包括,王四合
321,项目代表性传承人,包括,李银禄
321,项目代表性传承人,包括,姚会龙
322,永胜县 松坪傈僳 族,自称,拿咔傈僳
322,拿咔傈 僳,属于,花傈 僳支系
322,永胜县松坪傈僳族,主要分布地区,永 胜县松坪傈僳族乡
322,妇女服饰构成 元素,包括,长衫/ 外褂/裙子/腰带/围 腰/包头及配饰
322,男子服饰构成元素,包括,长衫/外 褂
322,服饰主 色调,为,青、 蓝
322,工艺流程第一步,制麻线,采 麻/绩麻/柱麻纺 成的线
322,工艺流程 第二步,制火草线,纺织火草麻布
322,制作步骤,根据式 样和尺寸进行,剪裁
322,制作步骤,手工拼接缝合出,服饰成品
322,使用工具,原始的木制 纺织机) 12. ( 原料组合,野生火草撕 拨搓成线与苎麻皮 制成的线合用
322,纺织产物,火草 麻布) 14. ( 男装类型,"包括, 长装 /短装/新郎装/坎 肩马褂"
322,女装特点,前短后 长) 16. (女装 类型,"包括, 长装/ 短装/裙子/坎肩马 褂/内腰带/外腰围"
322,外腰 围装饰元素,镶嵌,贝壳/珠串
322,头部装饰元素,包括,内裹巾/外头巾
322,头巾 装饰元素,镶嵌,银 /珠
322,饰品种类,包括,头套 带/项链/耳环/手镯
322,特殊习俗,男、女长装反 穿当,孝服
322,当地习俗理念,生、死都是,大喜 事
322,丧 葬习俗,新郎长装到 去世时需穿戴装入,棺材 中
322,定 情信物,腰带是女性 送给男性的,定情之物
322,服饰材质,运用植物,火草 和麻
322,制作方式,采用,纯 手工制作
322,日常着装特点,日常生活、 劳动中着,短装
322,日常着装 颜色倾向,以,深色 为主
322,节日 着装要求,青年男女都要 身着,礼装长装
322,节日服饰特点,花样多色彩鲜艳) 31. (老年人服饰色彩特点,单一以纯火草麻 布色为主
322,与其他傈僳族服饰区别一,黑色、青色的地位很突出 ) 33. (与其他傈 僳族服饰区别二,头 巾造型则是立式方形
322,具有价值,较高的 传承和保护价值) 35 . (重大技艺传承价值,"完整保留了, 火草布纺织 的全套技艺"
322,腰带图案象征意义,方形 代表安宁、稳固、和平意味诚实 可信) 37. (腰带 图案象征意义,圆形代表诚信 、交流、完整暗示着圆满、 团结、和谐
322,妇女服装圆形象征意义,表示温暖舒适) 39. (妇女服装菱形象征意义,代表连绵不断寓意福寿绵 长、子孙万代等吉祥寓意
322,现状问题,衣料火草布来源 稀少、纺织费时耗力技艺 传承处于濒危状态亟待保护) 41. (入选项目,云南省第四批省级非物质文化遗产 代表性项目名录扩展项目名录
322,项目代表性传承人,包括,顾金英
322,项目代表性传承 人,包括,朱桂英
323,昙华乡 彝族传统文化生态保护 区,位于,大姚县中部
323,昙华乡 彝族传统文化生态保护区,距 县城公里数,[未明确数值 ]
323,昙华乡 彝族传统文化生态保护区,辖 村委会数量,[未明确数值]
323,昙华乡彝 族传统文化生态保护区,辖村民 小组数量,[未明确数值]
323,昙华乡彝 族传统文化生态保护区,彝族 人口占比,[未明确比例]
323,昙华乡,地处,高海拔地区
323,昙华乡,生态环境状况,良好
323,部分村落的民居,建筑类型,垛木 房
323,部分村落 的民居,建筑类型,土木结构房
323,部分村落的民居,保留内容,传统风貌
323,昙华,是诞生地,彝剧
323,彝剧,特性包含,文学
323,彝剧,特性包含,音乐
323,彝剧,特性包含,舞蹈
323,彝剧,特性 包含,美术
323,彝剧,取材来源,当地生活
323,彝剧表演时,穿着服饰,彝装
323,彝剧表演时,演唱曲调,彝 调
323,彝 剧表演时,使用语言,彝语
323,彝剧表演时,伴奏 乐器,彝族乐器
323,彝剧,代表剧目,《半夜羊叫》
323,彝剧,代表剧目,《曼嫫 与玛若》
323,彝剧,代表剧目,《咪依噜》
323,昙华乡,是流传地之一,彝 族创世史诗《梅葛》
323,梅葛 调,用途包括,祭祀
323,梅葛 调,用途包括,嫁 娶
323,梅 葛调,用途包括,传达爱意
323,梅葛调,用途包括,自娱自乐
323,当地民间小调 包括,过山调) 30. (当地民间小调 包括,马缨花调
323,当地民间小 调包括,定亲调) 32. (当地民间小 调包括,请客调
323,当地民间小 调包括,迎客调) 34. (当地民间小 调包括,放羊调
323,当地流传的典型 乐器包括,葫芦笙) 36. (当地流传的典型乐器 包括,唢呐
323,当地流传的典型乐器包括,竹笛) 38 . (当地流传的典型乐器包括,大号
323,当地流传的典型乐器包括,木叶) 40. ( 当地流传的典型乐器包括,月 琴
323,当地 流传的典型乐器包括,四弦 胡) 42. (当地 流传的典型乐器包括,响蔑
323,昙华 乡的传统节日包括,祭羊 神) 44. (昙 华乡的传统节日包括,清明节
323,昙华 乡的传统节日包括,火把 节) 46. (昙 华乡的传统节日包括,接 祖节
323,昙华乡的传统节日包括,中秋节) 48. (插 花节,"所属地区, 昙华乡"
323,插花节,性质定位,最具代表性的传统节日
323,插花节,功能作用,展现民族风情
323,插花 节,功能作用,探 研彝族文化
323,插花节,功能 作用,集娱乐与文化交流于一体
323,昙华 彝族刺绣,特点描述,做工精美
323,昙华彝族刺绣,特点描述,色彩艳丽
323,昙华彝族 刺绣制品包括,衣服) 56. (昙华彝族 刺绣制品包括,鞋子
323,昙华彝族 刺绣制品包括,包头) 58. (昙华彝 族刺绣制品包括,飘带
323,昙华 彝族刺绣制品包括,腰带 ) 60. (昙华 彝族刺绣制品包括,挎 包
323,昙 华乡的婚丧嫁娶习俗,保存状况,较为完好
323,青年男女 组建家庭方式,采用形式,爬草楼试婚
323,正式宴请时机,触发条件,第一个孩子 满月时
323,人死后,举行仪式,隆重的丧葬仪式
323,昙华乡境内 有历史文化遗迹包括,昙华 寺) 66. (昙 华乡境内有历史文化遗迹包括,高奣映石刻
323,昙华 乡境内有历史文化遗迹包括,浮雕) 68. (昙 华乡境内有历史文化遗迹包括,向天坟遗址
323,昙华乡境内有 历史文化遗迹包括,大河新 石器遗址) 70. (昙华乡境内的历史文化遗迹,"具有价值, 重要的社会 历史价值"
323,年[具体年份未提及],入选项目,云南省第三批省级 非物质文化遗产代表性项目名录
323,昙华乡彝 族传统文化生态保护区,项目代表性 传承人包括,张德荣
323,昙华 乡彝族传统文化生态保护区,项目代表性传承人包括,李学 品
323,昙 华乡彝族传统文化生态保护区,项目代表性传承人包括,杞学亮
324,建水汽 锅鸡,始创于元代 2. 尼克松访 华,周总理安排的 国宴中亲点了滇味名 肴汽锅鸡 3. 紫陶汽锅 - 为建 水独创，外形如荸荠扁 圆形短直口圈足以狮头 为双辅耳便于端拿并 增加装饰美 4. 制作 建水汽锅鸡 - 选用 当地饲养的肥嫩土鸡清理 干净后切成至厘米的块状 用热水略氽去除腥味后置于 汽锅内酌量加入食盐、葱 、姜、白胡椒等作料 和三七、天麻、枸杞、 燕窝、银耳等滋补药材不加水 置于盛水的蒸锅上用薄 纸蘸水将锅盖接合 处的缝隙封住蒸汽就通过汽 锅中间的汽嘴将鸡逐渐蒸 熟 5. 建水汽 锅鸡 - 约在清中期 后已在云南各地普遍流传特别是清末 民初时期一批建水紫陶 爱好者和书画名家的改进推广使 建水汽锅鸡身价倍增闻名 遐迩 6. 建水 汽锅鸡烹制技艺 - 入选云南省第四批省级非物质文化遗产 代表性项目名录 7. 陈 林 - 作为代表性传承人负责 传承这一技艺。
325,晋宁,接佛习俗,清朝时期
325,昆阳,接佛习俗,清朝时期
325,清 道光《昆阳州志》,记载,二月八日 远近迎佛祝国祈年
325,《晋宁州 志》,记载,二月 州城内外沿旧俗轮期 迎佛驾车绕城自朔日至 十日乃止以为祝国祈年 之意
325,宝峰 接佛习俗,起源于,宝峰铁锁村
325,阮皇帝,化身为,有灵性的树桩
325,村民,雕刻 成佛像供奉,铁锁村 大庙中
325,宝峰坝子,连年 干旱,铁锁村年年 丰收
325,宝峰 的乡绅,联合将佛像 移至,宝泉寺
325,宝泉寺,供全乡人民供奉、 祭拜,佛像
325,每年农历正月初一至 正月十六日,举行,迎佛接佛活动
325,接佛活动,分为,接佛、迎佛 、供佛、送佛四个阶段
325,所接 佛像,为男女佛像各二 尊,村民称呼男佛为 大哥、二哥称呼女佛为大姐 、二姐
325,四尊佛像,平时供奉 在,宝峰宝泉寺 内
325,每年 农历正月初一中午,烧香 祭拜,宝泉寺所在 村子的长者
325,铁锁村和双龙村,把佛像搬上木轿,由秧佬鼓舞、花 驴灯、花棍舞等表演 队伍开道接佛巡游
325,接佛分 两条路线,两尊男佛 走东线,两尊女 佛走西线
325,遵循大村子佛像供奉两天 小村子供奉一天的原则,分别 在,宝峰个村寨 中巡行供奉
325,每到一个村子,都要 举行,相应仪式
325,接佛当天,家家户户都在要大摆 宴席,当晚村中还会 组织唱花灯、对调子 、跳秧佬鼓等民间群众 文艺演出活动
325,农历正月十六日,又 被称为,四佛归殿日
325,男佛 、女佛,在宝泉 寺路口汇合后一起回到,宝泉寺内供奉
325,宝泉寺内,举行为期三天的庙会 活动,来自昆明、玉溪 、峨山、易门、曲 靖等地区的三万多游客参与到这个 民俗活动中赶庙会拜佛求 平安品各种民俗小吃唱戏三天
325,宝峰 正月接佛习俗,声势 浩大仪式隆重持续时间长地域范围 广参与人达三四万之多,"是, 滇池流域地方 宗教、节日、饮食、服饰、 花灯与民间歌舞等文化的集中 体现"
325,宝 峰正月接佛习俗,也是 研究,滇池乃至云南汉族 移民文化及其地方化的一个重要窗口
325,宝峰正月 接佛习俗,入选,云南省第四批省级非物质文化遗产代表性 项目名录
326,云南大理白 族自治州云龙县 团结彝族乡河南 村,下辖,个村民小组
326,云南大理白族自治州云龙县 团结彝族乡河南村,下辖,个自然村
326,保护区,位于,云南省大理白族自治州云龙 县团结彝族乡河南村
326,全村,有,户人
326,彝族人口,占,全村总人口的以上
326,彝族聂苏支系,包括,佬倵人
326,保护区内,森林 覆盖率,为
326,保护区内,有成片,茶树林
326,保护区内,有成 片,核桃林
326,当地政府,启动,天然林保护工程
326,当地生态环境,有 誉称,林在村中 村在林中人在画中
326,民居特色,保留,彝族特色 土木结构
326,厨房、牲畜房,均为,垛木房
326,当地彝族,信仰,本主
326,民俗活动,包括,丧葬
326,民俗活动,包括,婚俗
326,民俗活动,包括,搭青棚
326,民俗活动,包括,火把节
326,民俗活动,包括,立夏会
326,民俗活动,包括,农历七月十四
326,民俗活动,包括,民间土主信仰
326,民间文学,包括,《 天地起源的传说》
326,民间文学,包括,《金蜂天子》
326,民间文学,包括,《字文才与龙打老 友》
326,民间文学,包括,《佬倵机智 人物 的传说》
326,传统音乐,包括,佬倵山歌
326,传统音乐,包括,清筒音唢呐
326,清筒 音唢呐,可吹奏 曲目数量,上千首
326,传统舞蹈,包括,彝族打歌
326,传统舞蹈,包括,跳菜
326,传统技艺,包括,织麻
326,传统技艺,包括,竹编
326,传统技艺,包括,民居建筑
326,传统技艺,包括,酿酒
326,传统技艺,包括,饮食技艺
326,传统美术,包括,纸扎
326,传统美术,包括,木雕
326,传统美术,包括,刺绣
326,纸扎内容,包括,纸制狮
326,纸扎内容,包括,纸制象
326,纸扎内容,包括,纸制鹿
326,纸扎内容,包括,纸制马
326,纸扎内容,包括,纸帛
326,纸扎内容,包括,纸 伞
326,纸 扎内容,包括,纸人
326,纸扎 艺人,需要,拜师 学艺
326,纸扎艺人,获得认证方式,民间资格认证符文和印章
326,民族传统 服饰,保存状态,完好
326,民族传统 服饰,特点,独具特色
326,保护区,建有,广场
326,保护区,建有,村民活动中心
326,村民活动 中心设施,包括,图书室
326,村民活动 中心设施,包括,非遗展示 室
326,河南 村彝族传统文化生态保护区,入选年份,年
326,河南村彝族传统文化 生态保护区,入选名录,云南省第四批省级非物质文化遗产代表性 项目名录
326,项目代表性传承人,包括,字明
326,项目代表性传承人,包括,字应培
326,项目代表性传承人,包括,字石开
326,项目代表性传承人,包括,字雄
326,项目代表性传承人,包括,施四代
326,项目代表性传承人,包括,字明华
326,项目代表性传承人,包括,施正康
326,项目代表性传承 人,包括,字桥翠
326,项目代表性 传承人,包括,字阿 柒
327,纳西族 童谣,是,历代纳 西族人口耳相传的 儿童歌谣
327,纳西族童谣,属于,纳西族 悠久历史文化的重要组成部分
327,纳西族童谣,融合了,纳西 族民间文学和纳西族民间 音乐
327,纳西族童谣,使用 语言,纳西母语
327,纳西族 童谣,呈现方式,语言的自然节奏和韵律
327,纳西族 童谣,反映内容,儿童思想情趣
327,纳西族童谣,传承方式,不断创作、 传播、演变
327,纳西族童谣,演进因素,时代的律动 、社会的变迁
327,纳西族童谣,文化属性,民族文化活态 传承的样本
327,纳西族童谣,题材特点,广泛
327,纳 西族童谣,种类特点,丰富
327,纳西族童谣,语言风格,诙谐
327,纳西族童谣,基本 内容包括,反映游戏娱乐
327,纳西 族童谣,基本内容包括,反映自然现象和社会生活
327,纳西 族童谣,基本内容包括,反映纳西族传统生态观 和民俗
327,纳西族童谣,基本内容包括,反映阶级剥削 给人们带来的苦难
327,纳西族童 谣,基本内容包括,个别 纪事纪年
327,纳西族童 谣,表现形式分类,摇篮 曲
327,纳西族童谣,表现形式分类,叙事谣
327,纳西 族童谣,表现形式分类,游戏歌
327,纳西族童谣,表现形式分类,问答歌
327,纳西族童谣,表现形式 分类,谜语歌
327,纳西 族童谣,表现形式分类,字头歌
327,纳西族童 谣,表现形式分类,放 牧歌
327,纳西族童谣,表现形式分类,手指歌
327,纳 西族童谣,表现形式分类,数数歌
327,纳西族 童谣,表现形式分类,颠倒歌
327,纳西族童谣,表现形式分类,岁时歌
327,纳 西族童谣,表现形式分类,新童谣
327,纳西族 童谣,表现风格注重,智趣的交流
327,纳西族童 谣,表现风格注重,语言的和谐
327,纳西族童谣,表现风格注重,词语 的对仗
327,纳西族童谣,运用手法,灵活安排 句数
327,纳西族童谣,运用手法,运用句式
327,纳西族童谣,运用 手法,韵律
327,纳西族 童谣,运用手法,衬音
327,纳西族童谣,运用手法,重复
327,纳西 族童谣,服务对象,韵味和内容
327,纳西族童 谣,传统土壤变化原因,语言环境、交流方式的改变
327,纳 西族童谣,现代传承 形式结合,母语教学
327,纳西 族童谣,现代传承形式 结合,音乐教育
327,纳西族 童谣,现代传承形式结合,兴趣班学习
327,纳西族 童谣,传承模式,儿童学校教育与传统民间传承共同推进
327,纳西族童谣,入选 项目,第五批国家级非物质 文化遗产代表性项目名录
328,复方薏仁 汤,起源 时间,咸丰年间
328,复方 薏仁汤,传入地点,曲靖师宗地区
328,何桂珍,身份,咸丰皇帝的老师
328,何桂珍,结局,战死沙场
328,何桂珍,遗物内容,宫廷 复方薏仁汤的秘方及 薏仁种子
328,何云严,关系,何桂珍的叔父
328,何云严,行为,将秘方保留后赠 予游医王连民
328,王氏家族,传承内容,复方薏仁汤 配方
328,复方薏 仁汤,原料,师 宗薏仁
328,复方薏仁汤制作过程,包括步骤,除去薏仁的 皮壳及杂质
328,复方薏仁汤制作过程,包括步骤,筛去灰 屑
328,复方 薏仁汤制作过程,包括步骤,取麸皮撒入锅中 用中火加热至冒烟时 加入净薏仁炒至表面呈 黄色微鼓起
328,复方薏仁汤制作过程,包括步骤,筛去麸 皮得麸炒薏仁
328,复方薏仁汤 制作过程,包括步骤,将 莲子、山药、大枣、赤 小豆等方药放入砂锅中 加入适量水浸泡
328,复方薏仁汤制作过程,包括步骤,加入麸炒薏 仁用文火煎制小时左右
328,复方薏 仁汤制作过程,包括步骤,取出汤剂冷却后即可服用
328,复方薏 仁汤,功效,润 泽肌肤
328,复方薏仁汤,功效,祛斑美容
328,复方薏仁汤,功效,提高免疫力
328,复方薏仁汤,功效,健脾
328,复方薏仁汤,功效,清热
328,复方薏仁汤,功效,利水
328,复方薏仁汤,功效,祛风湿
328,复方薏仁汤 制作技艺,入选项目,云南省第四批省级非物质文化遗产代表性 项目名录
328,复方薏仁汤,代表性传承 人,王志光
329,青稞酒 酿制技艺,所属地区,云南省迪庆藏族自治州
329,青稞酒 酿制技艺,传承民族,藏族
329,青 稞酒酿制技艺,历史 追溯时期,唐文成公主 远嫁吐蕃时期
329,青稞酒酿制技艺,传入时间,清代雍正年间
329,青稞酒 酿制技艺,形成规模化生产 时间,宣统年间
329,青稞酒,迪庆藏语名称,阿拉 因酒
329,阿拉 因酒,分类,阿拉
329,阿拉因酒,分类,琼
329,琼,度数类型,低度
329,酿制青稞酒,工艺步骤,选料
329,酿制青 稞酒,工艺步骤,清洗
329,酿 制青稞酒,工艺步骤,浸泡
329,酿制青稞酒,工艺步骤,煮青稞
329,酿制青 稞酒,工艺步骤,晾青稞
329,酿制青稞酒,工艺步骤,拌曲
329,酿制青稞 酒,工艺步骤,发酵
329,酿制 青稞酒,工艺步骤,蒸馏
329,酒曲,地位,酒 的魂
329,优质酒曲原料,包括,酒曲草龙胆草
329,优质酒曲原料,包括,红景天
329,优质酒曲 原料,包括,苦荞叶子
329,优质酒 曲原料,包括,雪莲花
329,优质酒 曲原料,包括,雪茶
329,优质酒 曲原料,包括,青稞 面
329,酿酒 添加剂,包括,酒酿
329,酒酿原料,包括,青稞
329,酒酿原料,包括,小麦
329,酒酿原料,包括,大麦
329,酒酿原料,包括,包谷
329,酒酿原料,包括,荞 麦
329,不同 度数青稞酒生产方式,采用 技术,勾兑
329,迪庆藏族青稞 酒,口感特点,醇 厚
329,迪 庆藏族青稞酒,口感 特点,余味悠长
329,迪庆藏族 青稞酒,饮用场合,逢年过节
329,迪庆藏族青稞 酒,饮用场合,结婚 生子
329,迪 庆藏族青稞酒,饮用 场合,迎送亲友
329,传统酒曲制作 工艺,现状,失传
329,传统酒 曲制作技艺,面临问题,原料采集季节性限制
329,青稞酒制作技艺,入选名录,云南省第三 批省级非物质文化遗产代表性项目名录
329,青稞 酒制作技艺,代表性传承人,王彬文
329,青稞酒制作技艺,代表性传承人,扎 西拉姆
330,搭桥节,拉祜 语含义,添加 添上表达祈吉求 福、添福添禄的意愿
330,南美乡 拉祜族,传统节日,搭桥节
330,搭桥节,历史延续 性,数百年来从未中断
330,搭桥节,功能意义,方便出行
330,搭桥节,功能意义,保佑农作物和 养殖丰收
330,搭 桥节参与者,包括人群,全村男女老幼
330,搭桥节活动内容,包含环节,砍树
330,搭桥节活动内容,包含环节,搭桥
330,搭桥节 活动内容,包含环节,祭祀祈福
330,搭桥节活动内容,包含 环节,祈祷家庭兴旺
330,搭桥节活动 内容,包含环节,四季 平安
330,搭 桥节活动内容,包含环节,幸福美满
330,搭桥节类型划分,四月搭桥节属性,集体性的大型节庆活动
330,搭桥节类型 划分,六月搭桥节属性,家庭性的小型节庆活动
330,搭桥 节举办时间依据,农历月份 与属相要求,四月六月 属龙日
330,搭桥过程步骤,第一步,砍树
330,搭桥过程步骤,第二步,搭桥
330,搭桥过程步骤,第三步,压桥
330,搭桥过程步骤,第四步,洗桥
330,搭桥 过程步骤,第五步,磕头
330,搭桥过程步骤,第六步,拴叫魂线
330,搭桥过程步骤,第七步,献饭
330,搭桥 过程步骤,第八步,欢庆
330,搭桥过程特点,组织形式 特征,集体行动的过程
330,搭桥过程特点,精神体现,团结协作 的精神
330,搭 桥节社会作用,人际关系功能,建立和调节人际关系的黏 合剂
330,搭桥节文化属性,宗教信仰 体现,万物有灵的原始 宗教信仰习俗
330,搭桥节独特性定位,地域级别,云南甚至中国独 一无二
330,搭桥节文化内涵构成,涉及领域,民间习俗
330,搭桥节 文化内涵构成,涉及领域,民族宗教
330,搭桥节文化内涵构成,涉及领域,民族礼俗
330,搭桥 节文化内涵构成,涉及领域,民族服饰
330,搭桥节文化内涵构成,涉及领域,民族饮食
330,搭桥 节文化本质,形成基础,生产实践和日常生活中形成的文化现象
330,搭桥 节文化本质,反映内容,社会观念
330,搭桥节文化本质,反映内容,价值取向
330,搭桥节文化 本质,反映内容,社会 心理
330,搭 桥节文化本质,反映内容,传统意识
330,南美乡拉祜族 搭桥节,荣誉认定,云南省第四批省级非物质文化遗产 代表性项目名录
331,昭通苗 族蜡染,制作工具,蜡锅
331,昭通苗族 蜡染,制作工具,蜡刀
331,昭通苗族蜡染,制作工具,案板
331,昭通 苗族蜡染,制作工具,染缸
331,昭通苗族蜡 染,制作工具,清水 锅
331,昭通苗族蜡染,主要工序,调蜡
331,昭通苗 族蜡染,主要工序,绘图
331,昭通苗族蜡染,主要工序,渍染
331,昭通 苗族蜡染,主要工序,去蜡
331,调蜡,材料,蜂蜡
331,调蜡,材料,白蜡
331,绘画,载体,白布
331,绘画,工具,蜡刀
331,渍染,染料,靛蓝染料
331,去蜡,方法,煮 于开水铁锅
331,昭通苗族 蜡染,图案体系,传统图案
331,传统图案,包含元素,土地
331,传统图案,包含 元素,河流
331,传统图案,包含元素,森林
331,传统图案,包含元素,城堡
331,传统图案,汉族题材,喜鹊 闹梅
331,传统图案,汉族题材,五子登科
331,传统图案,汉族题材,连年 有余
331,传统图案,汉族题材,富贵牡丹
331,传统图案,汉族 题材,孔雀开屏
331,传统图案,彝族图腾元素,虎
331,传统图案,彝族 图腾元素,鹰
331,原创作品,例证,《芦笙舞 》
331,原创作品,例证,《 织布图》
331,昭通苗族 蜡染,传承方式,外婆传给母亲
331,昭通苗族蜡 染,传承方式,母亲 传给女儿
331,昭通苗族蜡染,应用领域,苗族百 褶裙
331,昭通苗族蜡染,应用领域,衣饰
331,昭 通苗族蜡染,应用领域,枕巾
331,昭通苗族 蜡染,应用领域,包 单
331,昭通苗族蜡染,应用领域,挎提包
331,昭 通苗族蜡染,应用领域,婴儿背套
331,昭通苗 族蜡染,应用领域,居家装饰
331,昭通苗族蜡染,非遗级别,云南省第四 批省级非物质文化遗产代表性项目名录 扩展项目
331,昭通苗族蜡染,代表性传承人,陶 玉琼
331,昭通苗族蜡染,代表性传承人,杨 建花
332,苗族芦 笙舞,类型,祭祀性 舞蹈
332,苗族芦笙舞,主要形式,边吹奏芦 笙边跳舞
332,苗族芦笙舞,表演 者性别,男子
332,苗族芦笙舞,常见场合,丧葬场合
332,华宁苗 族芦笙舞,表现形式分类,喜/丧两种
332,喜时芦笙舞,风格特点,潇洒明 快扣人心弦
332,丧时芦笙舞,风格特点,凄惨鸣咽 听者动容
332,丧葬性芦笙舞,曲调特征,委婉动 情、悲伤沉闷
332,丧葬性芦笙舞,包含调子,指路 调
332,丧 葬性芦笙舞,包含 调子,孝调
332,丧葬性芦 笙舞,包含调子,出门调
332,丧葬性芦笙舞,包含调子,送神 调
332,丧 葬活动出殡前,仪式 流程,围绕挂鼓的松 树和家里的鼓正向、反向各 转三圈
332,丧葬活动出殡前,仪式流程,随鼓声 跳芦笙舞
332,娱乐性芦笙舞,参与者性别,男女同跳
332,娱乐性 芦笙舞,曲调风格,欢快热烈
332,娱乐性芦笙舞,包含曲调,跨脚 调
332,娱乐 性芦笙舞,包含曲 调,踏碓调
332,娱乐性芦笙 舞,包含曲调,赶蚂蚁调
332,娱乐性芦笙舞,包含曲调,花山调
332,娱乐性 芦笙舞,动作类型,屈腿旋转
332,娱乐性芦笙舞,动作类型,端腿跳
332,娱乐性 芦笙舞,动作类型,吸腿跳
332,娱乐性芦笙舞,动作类型,悠腿跳
332,娱乐性 芦笙舞,动作类型,跪脚步
332,娱乐性芦笙舞,动作类型,苍蝇搓脚
332,芦笙舞,简单套路,探路 步
332,芦 笙舞,简单套路,上河滩
332,芦笙舞,简单套路,双踏浪
332,芦笙舞,高难度动作,板凳下腰
332,芦笙 舞,高难度动作,滚地笙
332,芦笙舞,高难度 动作,双腿蹬天
332,芦笙舞,高难度动作,望家乡
332,华宁 苗族芦笙舞,风格 特征,曲调丰富
332,华宁苗族 芦笙舞,风格特征,动作古朴
332,华宁苗族芦笙舞,文化属性,当地苗 族浓厚风格
332,丧葬时芦笙舞,传承方式,沿袭传统 固定形式
332,娱乐性芦笙舞,发展 特点,吸收其他民族舞蹈动作
332,娱乐性 芦笙舞,发展特点,曲调变换内容丰富
332,娱乐性芦笙舞,发展特点,形式多样
332,华宁县 苗族芦笙舞,入选 项目,云南省第四批省级非 物质文化遗产代表性项目名录扩展项目名录
332,华宁 县苗族芦笙舞,代表性传承人,康汝贵
332,华宁 县苗族芦笙舞,代表性传承人,陶文兴
333,云南无敌治 骨疗法,主要用于治疗,风湿
333,云南 无敌治骨疗法,主要用于 治疗,腰肌劳损
333,云南无敌治骨 疗法,主要用于治疗,骨 伤科疾病
333,云南无敌制药有限责任公司,被评定 为,中华老字号
333,云南无敌制药有限责任公司,被评为,云南老字号企业
333,王子荣,编纂,《增补云南本草 》
333,《增 补云南本草》,收录 药材种数,种
333,无敌丹胶囊,获得,国家中药保护品种证书
333,无敌止痛搽 剂,获得,国家中药 保护品种证书
333,外用无敌膏,获得,国家中药保护品种证书
333,云南无敌治骨 疗法,使用方式,内 服外用无敌治骨系列药品共同 治疗
333,云南 无敌治骨疗法,入选,云南省第三批省级非物质文化遗产 代表性项目名录
333,王屺,开始传承,无敌治骨疗法技艺
333,王子荣,创编,云南无敌治骨 疗法
333,王子 荣,配制出,王子 荣无敌丹
333,王子荣,配制出,王子荣无敌膏
333,王子荣,配制 出,王子荣无敌药酒
334,哈尼族 腊猪脚,所属节日,十月年
334,哈尼族腊猪脚,主要食材来源,当地 土猪
334,当地 土猪,放养方式,与牛羊混群放养
334,当地土猪,主食构成,青草野菜
334,当地土猪,体质特征,四肢发达
334,当地土猪,肌肉特点,结实饱满
334,当地土猪,瘦肉率,高
334,腊肉,原料来源,当地土猪
334,腊肉,肉质特性,细嫩
334,腊肉,风味特点,清香味美
334,腌制猪脚,使用作料,草 果
334,腌制 猪脚,使用作料,花椒
334,腌制猪脚,使用作料,盐
334,腌制猪脚,使用作 料,八角
334,腌制猪脚,使用 作料,辣椒
334,腌制猪脚,使用作料,姜
334,腌制猪脚,使用作料,酒
334,腌制工艺,操作步骤,涂抹调料覆盖 表面
334,腌制 工艺,操作步骤,捋 动猪腿舒展肌肉
334,腌制容器,类型,大缸
334,密封时间,时长范围,天左右
334,熏制场所,位置,火塘上方吊架
334,熏制燃料,优选类型,柏枝
334,熏制燃料,优选类型,松柴
334,成品标准,熏制时长,半月 至一月
334,成品外观特征,肉皮颜色,焦黄色
334,成品外观特征,肥肉 状态,透明状
334,烹制前处理,浸泡时长,两到三 个小时
334,烹 制方法,预处理步骤,柴火烧透刮洗
334,切割方式,成品形态,小块
334,炖煮方式,火候控制,慢火煨 煮
334,增 味辅料,添加物,红豆
334,增 味辅料,添加物,豆壳
334,蘸水配料,组成成分,薄荷
334,蘸水配料,组成成分,香椿
334,蘸水配料,组成成分,葱花
334,蘸水配料,组成成分,香草
334,蘸水配料,组成 成分,芫荽
334,蘸水配料,组成成分,花椒
334,蘸水配料,组成成分,姜
334,蘸水配料,组成成分,蒜
334,蘸水配料,组成成分,小米辣
334,文化遗产级别,认定批次,云南省第四批省级 非物质文化遗产
334,制作技艺传承人,姓名,杨金福
335,明洪武二十二 年,临 安府治移驻 建水,负责建造 西段城墙的将军
335,负责建造西段城墙 的将军,率领士兵,挖掘浦博泉
335,浦博泉,俗称,西门大板井
335,西门大板井水,用于制作,西门豆腐
335,西门豆腐,选用原料,白皮黄豆
335,白皮黄豆,产地,建水南部山区 狗街子
335,狗街子,特点,光晒充足
335,狗街子的豆子,特性,均匀熟透出浆率 极高
335,泡豆 、生浆稀释等环节,用水要求,西门大板井 水
335,西门 豆腐制作,特点,不 提取豆腐皮留住大豆油脂
335,点豆腐,考验手艺环节,把煮好的 豆浆快速倒入瓦缸中用发酵 过的酸浆水掺入其中慢慢 搅动直至豆腐和水分离
335,酸浆水 用量,决定因素,经验
335,包豆腐,是,西门豆腐制作的 一绝
335,包豆腐过程,包括步骤,将点过的豆腐包成厘米左右 均匀的小豆腐块经压制去除部分 水分再撒盐、翻晒即为 成品
335,建 水西门豆腐,口感特点,细滑鲜嫩腻软松 香
335,建 水西门豆腐,最常见烹饪 方法,烧烤
335,云南各地的烧烤摊上,必备美食,西门豆腐
335,西门豆腐 制作技艺,传承正宗者,曾氏豆腐和邰记豆腐 作坊
335,曾 氏豆腐和邰记豆腐作坊,传承代数,五代以上
335,建水 地区,俗语,过年 不吃肉也要吃豆腐
335,建水人家,习俗,腊月二十四做豆腐 、储存豆腐过年
335,建水西门豆腐制作技艺,入选项目,云南省第四 批省级非物质文化遗产代表性项目名录
335,建水 西门豆腐制作技艺,代表性传承 人,曾红彬
336,彝族关 龙调,演唱场合,婚 娶喜庆之夜
336,彝族关龙调,组成单位,村
336,彝族关龙 调,演唱形式,对 歌调
336,彝 族关龙调,演唱规则,分门外门内两伙 对唱定输赢
336,彝族关龙调,胜利待遇,打开门自由 出入被视为贵客
336,彝族关龙调,失败处理,不能擅自开门需 对方允许或退场
336,彝族关龙调,名称由来,唱调 固定从龙唱起
336,彝族关龙调,音乐特点,唱调比较 单一
336,彝族 关龙调,重点表现,唱词
336,彝族关龙调,开头形式,固定
336,彝族关龙调,主体部分,即兴 演唱
336,彝 族关龙调,唱法 差异,不同村寨不同艺人 有不同唱法
336,彝族关龙调,性别差异,男女唱法 有所不同
336,彝 族关龙调,同一歌手 变化,第一次与第二次唱法 不一样
336,彝 族关龙调,内容范围,历史
336,彝族关龙调,内容范围,天文地理
336,彝族关龙 调,内容范围,生产 生活常识
336,彝族关龙调,内容 范围,亲情
336,彝族关龙调,内容范围,爱情
336,彝族关龙 调,句式结构,七字句
336,彝族关龙调,押韵方式,每两句押 韵
336,彝 族关龙调,段落结构,每八句形成一段完整 意思即四问四答
336,云县彝族 俐侎人,使用 语言,俐侎方言
336,各支 系,通常使用语言,汉语方言
336,彝族关龙调,艺术 风格,轻快
336,彝族关龙调,风格特点,诙谐 通俗
336,彝 族关龙调,文化属性,民间文学形式
336,彝族关龙调,社会作用,增进民族 感情
336,彝 族关龙调,社会作用,促进民族团结
336,彝族关龙调,现状变化,随婚礼习俗 变迁而变化
336,彝族关龙调,荣誉认定,云南省第四批省级 非物质文化遗产代表性项目名录
336,彝族关龙 调,项目代表性传承人,尤张妹
337,上沧酒,产地,大理州宾川 县鸡足山下的上 沧村
337,上沧村,依 建,上沧湖水
337,上沧村,闻名于,酿造好 酒
337,民间传说,描述,南 诏大理国时期专门的酿酒存户
337,所 酿美酒,专供,王室饮用
337,明代,出现,专门以酿酒为业的家庭酿酒作坊
337,家庭 酿酒作坊,几乎家家都 进行,酿酒
337,酿酒材料,包括,野生植物和中草药
337,酒曲,制成使用,野生植物和中草药
337,上沧酒,销售地点,排营街、炼洞街
337,百姓,称之为,上沧 酒
337,上沧酒,主要原料,玉米和大麦
337,上沧 酒,配以,独特的 酒曲
337,工艺流程,包括,泡 粮、蒸煮、晾原料、 投曲、培菌糖化、 配糟、发酵、蒸馏
337,泡粮 池,用于,用清水冲洗 粮食
337,温水浸泡,温度要求,摄氏度以上
337,原料浸泡时间,约小时以上) 1 8. (初蒸时间,分钟
337,煮粮过程中,每隔分钟 人工搅拌一次) 2 0. (蒸粮时间,分钟直到原料有香味为止
337,复蒸 时间,分钟至香味四溢 ) 22. ( 晾床操作,"要求, 边出料边吹风使温度 均衡"
337,投放酒曲温度,考究 因素,夏天与冬天室内温度 不同
337,培菌糖化时间,小时) 25. (培菌糖化温度,摄氏度
337,配糟要求,必须用 当天的鲜糟) 27. (鲜糟处理,倒入晾床内进行人工降温
337,收拢温度,摄氏度时) 29. (装 瓶要求,将原料配糟 混合均匀
337,发酵时间下限,不低于 天) 31. (发酵时间上限,不超过天
337,发酵室内温度保持,摄氏度) 33. (温度 超过摄氏度时,"采取措施, 开窗降温"
337,温度低于摄氏度时,采取措施,加温
337,上 沧酒特点,干冽清爽 入口绵甜) 3 6. (年,"入选项目 , 云南省第四批省级非物质 文化遗产代表性项目名录扩展项目名录"
338,绥江竹 编,具有 特点,实用性与 艺术性于一体
338,绥江竹编,属于,传统手工艺
338,绥江竹编,包括产品,夹背
338,绥江竹编,包括产品,娃娃背篼
338,绥江竹 编,包括产品,提篮
338,绥江竹 编,包括产品,桌椅
338,绥江竹编,包括产品,竹扇
338,绥江竹编,包括产品,凉席
338,绥江竹编,包括产品,竹童车
338,竹编 画,保持风格,书法 艺术和国画的神韵
338,竹编画,体现风格,传统竹编 艺术的风格
338,竹编画,代表作,《 隐形观音》
338,竹编画,代表作,《百寿有鱼》
338,竹编画,代表作,《云南十八怪》
338,绥江 竹编技艺,工艺流程包括,图案设计
338,绥江竹编技艺,工艺流程包括,选材
338,绥江竹编 技艺,工艺流程包括,下 料
338,绥 江竹编技艺,工艺流程包括,晾干
338,绥江竹编技艺,工艺流程包括,卷节
338,绥江竹编 技艺,工艺流程包括,去 结
338,绥 江竹编技艺,工艺流程包括,刮青
338,绥江竹编技艺,工艺流程包括,开片
338,绥江竹 编技艺,工艺流程包括,分篾分丝
338,绥江竹编技艺,工艺流程包括,三防
338,绥江竹 编技艺,工艺流程包括,染色
338,绥 江竹编技艺,工艺流程包括,编织
338,绥江竹编技艺,工艺流程包括,后期处理
338,分篾,是关键环,绥江竹 编技艺
338,编制手法,包括,挑
338,编制手法,包括,压
338,编制手法,包括,破
338,编制 手法,包括,提
338,绥江竹编 技艺,传承方式,师徒 之间言传身教
338,绥江竹编技艺,传承方式,社会传承
338,绥江 竹编技艺,群众基础,广泛
338,各乡镇,有代表性传承人,区域内公认
338,袁朝秀,身份,项目代表性传承人
338,绥江竹编,入选名录,云南省第四批 省级非物质文化遗产代表性项目名录
339,羊皮鼓舞,彝语 名称,冉木 比
339,羊皮鼓舞,流传地区,云南省文山州丘北 县姑租村
339,羊皮鼓舞,性质,祭祀性舞蹈
339,羊皮鼓舞,主要伴奏 乐器,羊皮鼓
339,羊皮鼓舞,动作模仿对象,猴子
339,羊皮鼓舞,表演者性别限制,男性
339,羊皮鼓舞,最少表演人数,六、 七人
339,羊 皮鼓舞,最多表演人数,十几、几十人
339,羊皮鼓舞,领 舞者手持道具,牛角 号
339,羊 皮鼓舞,第二人职责,敲羊皮鼓
339,羊皮鼓舞,第三人职责,打大锣
339,羊皮鼓舞,装扮材料,树叶、 棕叶
339,羊皮鼓舞,装扮形象,猴子模样
339,羊皮鼓舞,舞蹈围绕 对象,棺
339,羊皮鼓舞,动作 组成部分,路钱
339,羊皮鼓舞,动作组成部分,吃炒豆
339,羊皮鼓舞,动作组成部分,烤火
339,羊皮 鼓舞,动作组成部分,做 粑粑
339,羊皮鼓舞,动作组成部分,喜鹊走路
339,羊皮鼓舞,文化 意义,反映当地彝族对 自然界的认知和理解
339,羊皮鼓舞,保留 地点,丘北县的彝 族村寨中仅姑租村
339,羊皮 鼓舞,演变趋势,由 丧葬礼俗舞蹈向集体性娱乐 舞蹈转变
339,羊皮鼓舞,演变趋势,走向了舞台表演
339,羊皮鼓舞,入选项目,云南省第四批省级 非物质文化遗产代表性项目名录扩展项目 名录
339,羊 皮鼓舞,项目代表性传承人,施金林
340,阿数瑟,起源时期,三国诸葛亮赴 滇西南镇康县征 南蛮时期
340,阿数瑟,文化交融类型,中原传统文化、 边疆少数民族文化和边境多元文化相互 交融
340,阿数瑟,活动场合,婚丧嫁娶
340,阿数瑟,活动场合,农闲
340,阿数 瑟,活动场合,节 庆
340,阿数瑟,分类,结婚喜宴阿数瑟
340,阿数瑟,分类,新房庆典阿 数瑟
340,阿数瑟,分类,节日庆典阿数瑟
340,阿数瑟,伴奏乐器,三弦
340,阿数瑟,伴奏乐器,芦笙
340,阿数瑟,伴奏乐器,笛子
340,阿数 瑟,舞蹈套路,大 直歌
340,阿数瑟,舞蹈 套路,窜山小狗
340,阿数 瑟,舞蹈套路,丰收 歌
340,阿数瑟,舞蹈套路,倒折歌
340,阿数瑟,音乐曲调,软 调
340,阿数瑟,音乐曲 调,硬调
340,阿数瑟,音乐曲调,三 和弦
340,阿数瑟,突出 特点,即兴创作
340,阿数 瑟,创作内容,天文 地理
340,阿数瑟,创作内容,时令节气
340,阿数瑟,创作内容,男女情 爱
340,阿数瑟,创作内容,时事政治
340,阿数瑟,表演形式,众人随着 三弦的旋律围成圆圈边 唱边跳
340,阿数瑟,结束方式,一起合唱阿数 瑟呢瞧着罗细瑟呢 甩着
340,阿数瑟,艺术 特性,诙谐幽默
340,阿数 瑟,舞蹈特性,生动 有趣
340,阿数瑟,价值,艺术观赏性
340,阿数瑟,价值,历史文化价值
340,阿数 瑟,美誉,飘荡 在茶马古道上的天籁 之音
340,阿数瑟,作用,对外文化交流及促进民族团结的 纽带作用
340,阿数瑟,研究 意义,对研究边地文化 具有十分重要的意义
340,阿数瑟,入选项目,云南省第三批省级 非物质文化遗产代表性项目名录
340,阿数 瑟,代表性传承人,罗文军
341,彝族阿 卡舞,表现形式,跳、 唱、吹、弹
341,彝 族阿卡舞,特点,舞步峰回路转豁达豪 放轻松自如
341,彝族阿卡舞,特点,焕发出一种土 色土香的歌舞魅力
341,彝族阿 卡舞,类型,男女 混合的集体舞蹈
341,领舞者,角色,总领
341,领舞者,动作要求,突出高难度 的舞步
341,舞蹈动作,包括,顿 足、跨跳、闪身、 扭转
341,舞蹈节奏形成方式,通过吹 奏葫芦笙引领所有舞者) 9. (其他人动作 特征,双手搭肩闪转 灵活敏捷
341,伴奏乐器组合,葫芦 笙、三弦、竹箫) 11. (舞蹈 形态比喻,似一长龙 腾跃于天地之间
341,调式属性,五声徵调式) 13. (旋律 结构特征,围绕音以音 起头和结尾
341,舞蹈段落划分,直歌、半翻歌、 全翻歌、跳菜舞、 三跺脚、蒙化调) 15. (伴奏 乐器,三弦、葫芦笙 、笛子
341,音乐特点,旋律 优美节奏明快) 17. (演唱风格,彝族调式演唱独具特色和 韵味
341,内容特质,内容深刻形象 具有浓厚的乡土气息) 19. (文化意义,体现彝族人民感恩自然、 回馈自然以及万物有灵的朴素 唯物观
341,入选项目,云南省 第四批省级非物质文化遗产代表性项目 名录) 21. (项目代表性传承人,阿 发昌
342,德宏州,主要分布,盈江县
342,盈 江县,最多傈僳 族聚居地,苏典 傈僳族乡
342,傈僳族,习惯种植,禾麻
342,禾麻,傈僳语 名称,集
342,禾麻,用途,加工成麻衣/麻被/ 麻口袋
342,《 诗经·七月》,记载作物,禾麻菽麦
342,傈僳族女装,组成部件数量,十多种
342,傈僳族 女装,包括,头帕
342,傈僳族女装,包括,上衣
342,傈僳族女装,包括,机奔
342,傈僳族女装,包括,几黑玛
342,傈僳族女装,包括,几黑咋咋
342,傈僳 族女装,包括,期珠
342,傈僳 族女装,包括,腊戛
342,傈僳 族女装,包括,咪期
342,傈僳 族女装,包括,勒娥
342,傈僳 族女装,包括,缅姐
342,傈僳 族女装,包括,腰铃
342,傈僳 族女装,包括,飘带
342,傈僳 族女装,包括,耳坠
342,傈僳 族女装,绣法类型,平绣
342,傈僳族女装,绣 法类型,辫绣
342,傈僳族女装,绣法类型,绉 绣
342,傈 僳族女装,绣法类型,绒绣
342,傈僳族女装,使用颜色,白
342,傈僳族女装,使用颜色,红
342,傈僳族女装,使用颜色,黄
342,傈僳族 女装,使用颜色,蓝
342,傈僳 族女装,使用颜色,绿
342,傈 僳族女装,使用颜色,紫
342,傈僳族女装,使用颜色,黑
342,傈僳族男装,特征,简洁明快
342,傈僳族男装,款式,青黑短衣
342,傈僳 族男装,细节设计,对襟细扣密集
342,傈僳族男装,纽扣材质,小银 币/镍币
342,傈僳族男装,下装类型,大裆裤
342,傈僳 族男装,裤长,长及膝
342,傈僳族男装,装饰 元素,红白线绣边
342,傈僳 族男装,披褂材质,黑/蓝布块拼贴
342,傈僳 族男装,腰带类型,宽腰带
342,傈僳族男装,腰带类型,五彩腰带
342,傈僳族男装,外搭服饰,前短后 长的白褂
342,已婚男子,常加服饰,黑色短褂
342,傈僳族服饰,艺术特点,色泽鲜艳
342,傈僳族 服饰,艺术特点,古朴 大方
342,傈 僳族服饰,艺术特点,绮丽多彩
342,傈僳族服饰,色彩运用,红/绿/ 白/黑/黄色差对比
342,傈僳族 服饰,设计手法,间 色运用
342,傈僳族服饰,文化价值,中华民族服饰文化重要组成部分
342,傈僳族 服饰,反映内容,边疆 民族生活历史
342,傈僳族服饰,反映 内容,社会发展进程
342,傈僳族服饰,体现特征,经济文化交流融合
342,傈僳 族服饰,象征意义,活化石
342,盈江傈僳族服饰,入选项目,云南省第四批省级 非物质文化遗产代表性项目名录扩展项目 名录
342,盈 江傈僳族服饰,代表性 传承人,麻有兰
342,盈江傈 僳族服饰,代表性传承人,余兴梅
342,盈江傈僳族 服饰,代表性传承人,曹光彩
343,雨露白 族正月灯会,别称,土主诞辰庆典 传统灯会
343,清光绪《镇南州志 略》,记载内容,土主会每年正月初八南 界雨露村建土主会 杂陈百戏商货云集士 女往观
343,雨露白族正月灯会,形成灯班,罗文 、果乐、力戈、雨 露四个灯班
343,主要剧目,包括,《封 猴挂印》《圆场》《打 花鼓》《竹林君子》《瞎子闹 店》《丁浪浪讨亲》《 皮匠点灯》
343,演唱语言,使用,白语
343,伴奏乐器,包括,锣鼓 、二胡、三弦等
343,现在灯会活动 时间,为,每年农历 正月初一至初八
343,正月初一至初七晚,活动内容,四个灯 班在各自祠堂唱灯
343,初八,开展,整天灯会活动
343,每家妇女,行为,围着村子用松针 铺出一条路并在自家门前放鞭炮
343,寓意,是,迎接灯班
343,参加活动者,行为,抬着灯 会所需道具围着村子绕一圈
343,预示,含义,风调雨顺
343,最后,各灯班活动地点,到 指定地点进行唱灯活动
343,灯会上,进行民俗活动,舞狮子、 耍大刀、演唱白族传统 古装灯戏、物资交流等
343,雨露灯 班,保留习俗,跪 迎高亲和接姑奶奶
343,雨露灯 头和主持人,时间动作,上一年的腊月十四日到 楚雄东华接姑奶奶
343,逢双年,雨露灯班队员行程,去接十八日回雨 露东华
343,单年,行程安排,正月初七来雨露十一 日回东华
343,传承方式,包括,家族传承、师徒相传
343,主要传承方式,为,家族传承
343,传习条件,凡家中有儿子者,都要 接受此项技艺
343,本村本组之中,行为,凡有技艺高超 的唱灯能手都会把技艺 相互传给后辈
343,集体活动中,行为,相互学习切磋提高正月灯会 的唱灯技艺
343,面临危机,原因,外出打工青年人数的不断增加加之 很多年轻人不愿学习传承等因素影响
343,面临危机表现,为,表演减少甚至 失传危机
343,入选项目,为,云南省第四批省级非物质文化遗产代表性 项目名录
343,省级传承人,是,杨正策
344,金竹舞,原称,穰克穰
344,金 竹舞,别名,金竹克
344,金竹舞,属于,彝族民间风俗舞蹈
344,金竹舞,展示内容,古人的生产劳作场景
344,金竹舞,展示内容,特定历史 事件
344,金竹 舞,表达情感,悼 念祖先
344,金 竹舞,表达情感,敬仰神灵
344,金竹舞,表达情感,告慰英烈
344,金竹舞,表达 情感,庆祝丰收
344,金竹舞,演变方向,大众集体舞蹈
344,金竹舞,表演形式,全民性的 娱乐活动
344,金竹舞,相关节日,竹笋节
344,金竹舞参与者,包括 人群,男女老幼
344,金竹舞参与者,手持道具,白毛巾
344,金竹 舞队形结构,男人位置,最里层
344,金竹舞队形 结构,小孩位置,中层
344,金竹 舞队形结构,女人位置,最外边
344,金竹舞行进方向,方向描述,逆时针
344,金竹 舞伴奏乐器,包括,葫芦 笙
344,金 竹舞伴奏乐器,包括,牛皮鼓
344,金竹舞伴奏乐器,包括,平面锣
344,接祖舞蹈,特殊伴奏 乐器,牛角
344,金竹舞舞蹈动作 特点,风格描述,原始 古朴
344,金 竹舞舞蹈动作特点,风格 描述,简练大方
344,金竹舞舞蹈 动作特点,风格描述,自然叙事
344,金竹舞舞蹈动作特点,风格描述,写实性强
344,金竹舞音乐 特点,节奏类型,行进 速度乐曲
344,金竹舞音乐特点,结构 特征,乐句短小精炼
344,金竹 舞音乐特点,情感表达,真挚热情奔放
344,金竹舞,传承民族支系,彝族 叟人
344,金竹舞,文化内涵包含,岁时历法
344,金竹舞,文化内涵包含,民族源流
344,金竹 舞,文化内涵包含,音乐文学
344,金竹舞,文化内涵包含,服饰美学
344,金竹舞,入选 项目,云南省第三批省级非 物质文化遗产代表性项目名录
344,金竹舞,代表性传承人,季明忠
345,富宁瑶 族,信奉,道教
345,富宁瑶 族,尊奉祖先,盘瓠
345,蓝靛瑶男子,举行度 戒仪式年龄范围,十至 岁之间
345,大 板瑶,举行度戒仪式 时间,婚后
345,度戒仪式,主持者,道公和师公
345,度戒仪式持续时间,三至七天不等) 7. (蓝靛瑶支系 度戒程序,"包括, 吃 斋修炼"
345,蓝 靛瑶支系度戒程序,包括,开坛请诸神 入香位
345,蓝靛瑶支系度戒程序,包括,占卜选神帅
345,蓝靛 瑶支系度戒程序,包括,师公轮流带领活动
345,蓝靛瑶 支系度戒程序,包括,道公轮流带领活动
345,蓝靛瑶支 系度戒程序,包括,云台降生仪式
345,蓝靛瑶支系 度戒程序,包括,十 问十答仪式
345,大板瑶度戒程序,包括,净身修炼
345,大板瑶 度戒程序,包括,开 坛请神
345,大板瑶度戒程序,包括,过斋门
345,大板瑶度 戒程序,包括,挂七星 灯
345,大 板瑶度戒程序,包括,传法授印
345,大板瑶度戒 程序,包括,订立阴阳合同
345,两广 传入的道教经书,整理 成系统者,富宁瑶 族智者
345,整理后的经书名称,瑶 书) 22. (洞 波乡,"保留有, 清光绪八年的手抄经书古籍"
345,洞波 乡,度戒习俗保留情况,较为完整
345,大板瑶支系、 蓝靛瑶支系,按 记录进行,瑶书所记 的度戒流程
345,度戒仪式,授予 道德行为戒律,十戒 、十问
345,度戒仪式细化教义内容,敬天法祖) 2 7. (度戒仪式细化教义 内容,善恶报应
345,度戒仪式细化 教义内容,忠孝节义 ) 29. (度戒 仪式细化教义内容,仁爱 诚信
345,度 戒仪式细化教义内容,济 世渡人) 31. (大板瑶支系,"纳入度戒内容, 夫妻永 世相守、不离不弃"
345,瑶族度 戒宗旨,目的,让 受戒人经历考验、接受训 戒条文
345,瑶族度戒宗旨,通过仪式象征意义,死亡和 复活以示成年
345,经过度戒的男子,表示意义,已成年拥有瑶 族社会成年男子的责任与权利
345,经过度戒 的男子,作为窗口了解,瑶族社会伦理道德、宗教 观念
345,富 宁瑶族度戒,入选 项目名录,云南省第四批省级 非物质文化遗产代表性项目名录
345,富宁瑶族 度戒项目,代表性传承人,熊建文
346,华宁县,种植竹子,悠久的历史
346,华宁 县,竹子种类,多
346,华宁 县,种植面积,广
346,华宁县,品质,好
346,华宁县,获得 称号,斗笠之乡
346,《黎县志》,记载时间,清咸丰 四年
346,周志 、豆诚、张俊、张 庆,学习地点,建 水县曲溪西邑村
346,周志、豆 诚、张俊、张庆,创造物,粗筐帽 笠
346,华宁 竹编,品种,斗 笠
346,华 宁竹编,品种,簸箕
346,华宁竹编,品种,竹篮
346,华宁竹编,品种,竹兜
346,华宁竹编,品种,谷箩
346,华宁竹编,品种,背箩
346,华宁竹编,品种,背篮
346,华宁竹 编,品种,竹筛
346,华宁 竹编,品种,筲 箕
346,华 宁竹编,品种,鱼箩
346,华宁竹编,品种,果篮
346,华宁竹编,品种,提箩
346,华宁竹编,品种,米筛
346,华宁竹编,品种,箩筐
346,华宁竹编,品种,土箕
346,华宁竹 编,品种,针线 盒
346,华 宁竹编,品种,花篮
346,华宁竹编,品种,鸟笼
346,华宁竹编,品种,竹毯
346,华宁竹编,制作过程,劈篾
346,华宁竹编,制作过程,刮篾
346,华宁 竹编,制作过程,划篾
346,华宁竹编,制作过程,磨光
346,华宁竹编,制作过程,编结
346,篾皮,用途,编制较为精细的竹 器
346,篾 皮,例子,饭盒
346,篾皮,例子,竹毯
346,二篾,用途,编制各种器物的 骨架
346,竹 心,用途,一般不用
346,破篾 和拉篾,主要完成者,男子
346,编织工作,主要完成者,女子
346,华宁竹编,特点,结构紧密
346,华宁竹编,特点,结实耐用
346,华宁竹编,特点,美观精细
346,华宁竹编,特点,雅致大方
346,华宁 竹编,优点,透气 环保
346,华 宁竹编,融合文化,中原文化
346,华宁竹编,融合 文化,云南多元民族文化
346,华宁竹编,作用,加强民族团结
346,华宁竹 编,作用,构建和谐社会
346,社会需求 减少,影响,竹子种植面积 减少
346,耗时 长、成本高,制约因素,竹编制品产量和销量
346,竹编制 品产量和销量下降,结果,从事竹编的技术人才越来越少
346,传承发展,面临困难,从事竹 编的技术人才越来越少
346,华宁竹编,入选项目,云南省第四批省级 非物质文化遗产代表性项目名录
346,张文华,身份,项目代表性传承人
347,大过口 乡彝族传统文化 生态保护区,位于,楚雄彝族自治州 楚雄市大过口乡
347,大 过口乡,辖有,个村民委员会
347,大过口乡,辖有,个自然村
347,大 过口乡,主要民族,彝族
347,大过口乡,其他民族,汉族
347,境内最高峰,名称,白竹山
347,白竹 山,海拔,米
347,最低处,名称,马龙河
347,马 龙河,海拔,米
347,大过口乡,植物种类,云南松
347,大过口乡,植物种类,华山松
347,大过口乡,植物种类,杉松
347,大过口乡,植物种类,东瓜 木
347,大过口乡,植物 种类,栗木
347,大过口 乡,植物种类,杜鹃
347,大过口乡,植物种类,山茶
347,大过口乡,经济林木,泡核桃
347,大过口乡,经济林木,茶树
347,大过口乡,经济林木,梨树
347,大过口乡,留存建筑,大方广寺
347,大方广寺,建造时期,明代
347,大 过口乡,留存建筑,高僧学蕴和尚灵塔
347,大过口乡,留存文物,碑刻
347,当地信仰,类型,土主崇拜
347,当地信仰,类型,毕摩祭祀
347,民族节日,包括,马缨 花节
347,民族节日,包括,杨梅节
347,民族节日,包括,祭龙节
347,民族节日,包括,秋街
347,民族节日,包括,火把节
347,大过口 乡,保留习俗,起 房盖屋
347,大过口乡,保留习俗,讨亲嫁 娶
347,大过口乡,保留 习俗,丧葬
347,大过口 乡,保留习俗,起居
347,传统舞蹈,包括,大三弦 舞
347,传统舞蹈,包括,葫芦 笙舞
347,传统舞蹈,包括,羊皮鼓舞
347,传统舞蹈,包括,左脚舞
347,传统音乐形式,包括,酒歌
347,民族曲艺,包括,阿苏嗻
347,民族 曲艺,包括,说唱 青棚调
347,传统乐器,包括,大三弦
347,传统乐器,包括,笛噜
347,传统乐器,包括,小闷笛
347,传统乐器,包括,响篾口弦
347,传统乐器,包括,月琴
347,传统乐器,包括,大号
347,传统乐器,包括,筒子
347,传统乐器,包括,羊皮鼓
347,传统 乐器,包括,小二胡
347,传统乐器,包括,师刀
347,传统乐器,包括,羊角 号
347,传统乐器,包括,牛 角号
347,大过口乡彝族,传承方式,歌舞
347,大 过口乡彝族,传承 方式,演唱形式
347,传承内容,包括,历史传统
347,传承内容,包括,风土人情
347,传承内容,包括,生产生活习俗
347,传承 内容,包括,宗教信仰
347,传承内容,包括,民族礼仪
347,传承内容,包括,伦理道德
347,传承内容,包括,行为规范
347,大过 口乡,地位,楚 雄市民族民间传统文化保存最完好 的彝族聚居乡镇
347,大过 口乡彝族传统文化生态保护区,拥有,民族民间传统文化传承 骨干队伍
347,传承骨干队伍,组成 人员,彝族歌舞乐表演 传承人
347,传统文化活动,举行时机,节庆
347,传统文化活动,举行时机,集会
347,传统文化活动,性质,群众性
347,大过 口乡,成立时间,年
347,大过口乡中心 完小,开展活动,民族歌舞传承活动
347,大过口乡 彝族传统文化生态保护区,入选 项目,云南省第三批省级非 物质文化遗产代表性项目名录
347,项目代表性传承 人,姓名,李发富
348,元阳那里 傣族土陶 制作技艺,流传 地点,云南省红河 州元阳县南沙镇桃 园村委会那里自然村
348,元阳那里傣 族土陶制作技艺,工艺 类型,傣族传统泥条 盘筑慢轮制陶
348,元阳那里 傣族土陶制作技艺,烧制方法,柴草堆 烧法
348,元阳那里傣族土陶 制作技艺,温度类别,低温陶器
348,元阳那里傣族土 陶制作技艺,传承习俗,传女不传男
348,元阳那里 傣族土陶制作技艺,家庭传承方式,母女、婆 媳
348,元阳那里傣族土陶制作 技艺,使用工具,木板
348,元 阳那里傣族土陶制作技艺,使用工具,木锤
348,元 阳那里傣族土陶制作技艺,使用工具,竹片
348,元阳那里傣族土陶制作 技艺,使用工具,卵 石
348,元阳那里傣族土陶 制作技艺,黏土来源,本村特有的黑褐色杂土
348,元阳那里傣族土陶制作 技艺,当地称呼黏土,土陶土
348,元阳那里傣 族土陶制作技艺,工艺流程 步骤,采土
348,元阳那里 傣族土陶制作技艺,工艺流程步骤,碎土
348,元阳 那里傣族土陶制作技艺,工艺流程步骤,和泥
348,元 阳那里傣族土陶制作技艺,工艺流程步骤,拉坯 成型
348,元阳那里傣族土陶 制作技艺,工艺流程步骤,印花
348,元阳那里傣族土陶 制作技艺,工艺流程步骤,风干
348,元阳那里傣族土 陶制作技艺,工艺流程步骤,烧制
348,元阳那里傣族 土陶制作技艺,造型特点,罐形变体较多
348,元 阳那里傣族土陶制作技艺,造型特征,小圈 足
348,元阳那里傣族土陶 制作技艺,形制分类,高低
348,元阳那里傣族土 陶制作技艺,形制分类,敞口
348,元阳那里傣 族土陶制作技艺,形 制分类,大口
348,元阳 那里傣族土陶制作技艺,形制分类,小口
348,元阳那里傣族土陶制作 技艺,结构特点,两侧 有系耳带流
348,元阳那里 傣族土陶制作技艺,典型器型,敞口低 腹小圈足罐
348,元阳那里 傣族土陶制作技艺,纹饰题材,花卉
348,元阳 那里傣族土陶制作技艺,纹饰题材,枝叶
348,元 阳那里傣族土陶制作技艺,纹饰题材,蔓 藤
348,元阳那里傣族土陶 制作技艺,艺术风格,古老独特的民族风格
348,元阳那里傣 族土陶制作技艺,表面 处理方式,不上釉
348,元阳 那里傣族土陶制作技艺,颜色特征,土红色
348,元 阳那里傣族土陶制作技艺,品种,锅
348,元阳 那里傣族土陶制作技艺,品种,碗
348,元阳那里 傣族土陶制作技艺,品种,水杯
348,元阳那里 傣族土陶制作技艺,品种,水壶
348,元阳那里 傣族土陶制作技艺,品种,盘
348,元阳那里傣 族土陶制作技艺,品种,罐
348,元阳那里傣族 土陶制作技艺,入选名录,云南省第四批省级非物质 文化遗产代表性项目名录扩展项目名录
348,元 阳那里傣族土陶制作技艺,项目代表性传承人,李 秀芬
349,阿勒古 歌,类型,口头流传的 祭祀火神阿勒的 叙事长诗
349,阿勒古歌,曲 调特点,优美婉转有力
349,阿勒古 歌,歌词特点,错 落有致内容丰富富含哲理
349,阿勒古歌,演唱形式,男女对唱
349,阿勒古 歌,演唱时间,每年 夏历六月二十五至二十七日火 把节之夜
349,阿勒古歌,组成部分,接阿勒
349,阿勒古歌,组成部分,跳阿勒
349,阿勒古歌,组成部分,送阿勒
349,阿勒古歌,包含内容,寻找阿勒
349,阿勒 古歌,包含内容,恭请阿勒
349,阿勒古歌,包含内容,开荒
349,阿勒古歌,包含内容,建庄
349,阿勒 古歌,包含内容,访庄
349,阿勒古歌,包含内容,赎马
349,阿勒古歌,包含内容,庄王
349,阿勒古歌,包含内容,求门
349,阿勒 古歌,包含内容,对歌
349,阿勒古歌,包含内容,祭送
349,阿勒古歌,语言特色,古纳西语
349,阿勒 古歌,学术价值,较高
349,阿 勒古歌,入选名录,云南省第三批省级非物质文化遗产 代表性项目名录
349,阿勒古歌,代表性 传承人,木逢春
349,阿勒古 歌,代表性传承人,木仙
349,仓巴表演,关联作品,阿勒古歌
349,维西县纳西 族,文化产物,阿 勒古歌
350,佤族农耕 习俗,发 源于,莫玛 点播文化
350,佤族农耕习俗,发展壮大于,定耕
350,定耕,是,佤族农耕文化的主线
350,整个农耕过程,贯穿着,传统祭祀
350,佤族各类 文化,派生自,定耕这条主线
350,莫玛点播,具有 特色,最有特色的
350,叫谷魂,具有 神秘感,最有神秘感的
350,拉木桥,具有凝聚力,最有凝聚力 的
350,新米 节,特点,最快乐的
350,佤族 农耕习俗,包括,春播
350,佤族 农耕习俗,包括,夏管
350,佤族 农耕习俗,包括,秋收
350,佤族 农耕习俗,包括,冬藏
350,点播 、除草、薅秧、打 谷到入仓,蕴含着,佤族先民的智慧和 图腾崇拜
350,点播、除草、薅 秧、打谷到入仓,反映了,佤族社会的生产力 和社会发展水平
350,点播、除草、薅 秧、打谷到入仓,是一部,佤族民族史 、社会史、文化史
350,农耕器具,现状,损失严重
350,农耕器具,很多 已,消失
350,生产方式,发生改变,农耕习俗也随着发生改变
350,传统农耕习俗的祭祀 活动,渐渐淡化,
350,佤族农耕习俗,入选,云南省第四批 省级非物质文化遗产代表性项目名录
351,宁蒗,地处,滇西北横断山脉 中段
351,宁蒗彝族擀毡,生产历史,悠久
351,宁蒗彝族 擀毡,流传区域,县内彝族聚居区
351,宁蒗彝族 擀毡,原料,羊毛
351,宁蒗彝 族擀毡,制作方式,全手工
351,宁蒗彝族披毡,种类,伙波
351,宁蒗彝族披毡,种类,瓦拉
351,宁蒗彝族 披毡,种类,袈 什
351,制作工序,包括,洗羊
351,制作工序,包括,剪羊毛
351,制作工序,包括,弹羊毛
351,制作工序,包括,喷水
351,制作工序,包括,卷羊毛
351,制作工序,包括,擀羊毛
351,制作工序,包括,定型
351,制作 工序,包括,擀制
351,制作工序,包括,晾干
351,宁蒗彝族,放养动物,绵羊
351,绵羊羊毛,特点,粗短
351,剪毛频率,每年次数,三次
351,洗羊和剪羊毛 间隔,不超过,三天
351,禁忌日子,包括,属虎
351,禁忌日子,包括,属猴
351,禁忌日子,包括,属 羊
351,剪 羊毛工具,使用,特定 羊毛制作的绳子
351,剪羊毛工具,使用,两片锋利的刀子拴在一起 的剪刀
351,剪羊毛顺序,从,脖颈到尾巴
351,肚子上的羊毛,用途,一般不用
351,剪好的羊毛处理,铺在,竹席上
351,剪好的羊毛 处理,用,竹弓 弹松
351,弹松后的羊毛,铺在,专用的竹帘上
351,喷水温度 选择,热天用,冷水
351,喷 水温度选择,冷天用,热水
351,裹羊毛工具,使用,竹帘
351,成形方法,包括,双手 滚动
351,滚动 地点转移,移到,竹 席上
351,加固方法,使用,细 竹竿反复搓揉
351,传承方式,为,师徒传承
351,主要产品,包括,垫毡
351,主要产品,包括,披毡
351,主要产品,包括,背毡
351,披毡形状,特征,略呈梯形
351,披毡形状,特征,上窄下 宽
351,伙 波用途,用于,野外 放牧时防寒防雨
351,瓦拉用途,用于,防寒
351,瓦拉特殊 场合,在节假日有重要活动 时穿) 47. ( 袈什用途,"作为, 婚嫁时的礼服"
351,袈什用途,作为,过世不管哪个阶段的人 人的必备服装
351,垫毡形状,一般为,长方形
351,垫毡用途,做,垫子使用
351,背毡用途,一般为,正背小孩用
351,擀毡制品特点,结实) 53. ( 擀毡制品特点,防潮
351,擀毡制品 特点,防湿) 5 5. (擀毡制品特点,经久耐用
351,现状趋势,随着生活水平 提高人们已较少使用毡制品) 57. (现状趋势,从事这一行业的手工艺人越来越少
351,宁蒗 毛毡制作技艺,入选项目,云南省第四批省级非物质 文化遗产代表性项目名录扩展项目名录
351,项目代表性传承 人,包括,杨军
351,项目代表性传承 人,包括,折拉毛
352,苗族服饰,主要流传 地区,云南省昭 通市
352,苗族服饰,代表 地区,鲁甸县水磨 镇
352,苗族 服饰,构成部分,上衣
352,苗族服饰,构成部分,披肩
352,苗族服饰,构成部分,裤裙
352,苗族服饰,构成部分,腰带
352,苗族服饰,构成部分,绑腿
352,《后汉书》,记载内容,苗族 好五色衣裳
352,东汉应劭《风俗通义 》,记载内容,盘 瓠子孙织绩木皮染以 草实好五色衣服裁制 皆有尾形
352,五色,包括颜色,红
352,五 色,包括颜色,白
352,五色,包括颜色,黑
352,五色,包括颜色,黄
352,五色,包括颜色,绿
352,妇女 裙子所绣红色三条线,象征意义,黄河
352,妇女裙子所绣红色 三条线,象征意义,长江
352,妇女 裙子所绣红色三条线,象征意义,家园
352,男子盛装,象征意义,蚩尤战袍
352,披肩 、大袖所绣方形图案,象征意义,城池田园
352,苗族服饰 质地,材料类型,麻 布
352,麻 布制作工艺,包括步骤,种麻
352,麻布制作工艺,包括步骤,剥麻
352,麻布制作工艺,包括步骤,煮麻
352,麻布制作工艺,包括 步骤,绩麻
352,麻布制作工艺,包括步骤,织布
352,服饰制作工艺,包括步骤,刺绣
352,服饰制作工艺,包括 步骤,编织
352,服饰制作工艺,包括步骤,裁剪
352,花苗支系服饰,穿戴习俗场合,婚嫁
352,花苗支 系服饰,穿戴习俗场合,丧葬
352,花苗支系服饰,穿戴习俗场合,盛大节庆
352,花苗 支系服饰,穿戴习俗场合,接见远方贵客
352,少年和青年男女 着装特点,色彩风格,艳丽活泼
352,中老年长辈着装特点,主色调,白色
352,中老年长辈着 装特点,主色调,浅淡色
352,苗族服饰,具有价值,审美和鉴赏价值
352,苗族服饰,具有功能,民俗礼仪作用
352,苗族 服饰,具有功能,社会 教化作用
352,苗族服饰,具有功能,秩序维护作用
352,苗族传统服装穿戴场合,特定节日,花山 节
352,昭 通苗族服饰,入选名录,云南省第四批省级非物质 文化遗产代表性项目名录扩展项目名录
352,昭通苗 族服饰项目,代表性传承人,刘忠英
353,永仁县 彝族器乐,衍生于,彝族赛装节
353,永仁 县彝族器乐,包含 乐器,二胡
353,永仁县彝族器 乐,包含乐器,四 弦胡
353,永 仁县彝族器乐,包含乐器,京胡
353,永仁县彝族 器乐,包含乐器,笛子
353,永 仁县彝族器乐,包含乐器,月琴
353,永仁县彝族 器乐,包含乐器,芦笙
353,永 仁县彝族器乐,包含乐器,哔噜
353,永仁县彝族 器乐,包含乐器,响篾
353,永仁县彝族器乐,包含乐器,树叶
353,永仁县彝 族器乐,包含乐器,唢呐
353,永仁县彝族器乐,包含乐器,大号
353,永仁 县彝族器乐,包含 乐器,独片响篾
353,永仁县 彝族器乐,包含乐器,大鼓
353,永仁县彝族器 乐,包含乐器,小 鼓
353,永 仁县彝族器乐,包含乐器,大片镲
353,永仁县彝 族器乐,包含乐器,小片镲
353,永仁县彝族器 乐,包含乐器,木 鱼
353,宜 就镇阿朵所村,成立组织,彝族器乐 演奏乐队
353,彝族器乐演奏乐队,队员年龄最大,[未明确数值 ]
353,彝族 器乐演奏乐队,队员年龄 最小,[未明确数值]
353,彝族器乐 演奏乐队队员,能演奏数量,种以上乐器
353,彝族器乐演奏 乐队,活跃于,永 仁县各彝族村寨红 白喜事
353,彝族器乐演奏乐队,活跃于,文艺汇演 现场
353,彝 族器乐演奏乐队,受邀 演出地区,攀枝花
353,彝族器 乐演奏乐队,受邀演出地区,仁和
353,彝族器乐演奏乐队,受邀演出地区,会 理
353,彝 族器乐演奏乐队,受邀 演出地区,华坪
353,彝族器乐 演奏乐队,提升,永 仁县民族传统文化知名度
353,彝族器乐演奏 乐队,提升,永仁 县民族传统文化影响力
353,彝族器乐演奏乐队,促进传承弘扬,彝 族民间传统器乐演奏技艺
353,当地文化部门,牵头行动,挖掘保护 彝族器乐等民间音乐
353,当地文化部门,搜集到,不同时期 各类民族民间歌曲多首
353,当地文化部门,搜集到,舞蹈音乐余 首
353,当地 文化部门,搜集到,器乐曲余首
353,当地文化部门,搜集 到,彝剧剧本曲谱 篇
353,当地 文化部门,搜集到,各类场景演奏余场次
353,当地文化部门,搜集到,演出光盘多 套
353,永 仁县彝族器乐,入选项目,云南省第三批省级 非物质文化遗产代表性项目名录
353,祝勇,身份是,项目代表性传承人
353,李徐 发,身份是,项目 代表性传承人
354,玉龙纳 西族自治县,流传,驯鹰 习俗
354,驯鹰习俗,属于,纳西族古老狩猎文化遗 存
354,纳西 族,传承,驯鹰 技艺
354,纳西 人,采用,猎犬 搜寻人观望指挥鹰捕获的狩猎 方法
354,纳西 人,创造,独特的驯 鹰体系
354,独特的 驯鹰体系,传承方式,言传身教
354,纳西族,曾是,游牧狩猎民族
354,猎狗,是,纳西族生计不可缺少的组成部分
354,猎鹰,是,纳西族生计 不可缺少的组成部分
354,纳西族,建立,捕鹰、驯鹰、鹰猎 的技艺系统
354,纳西族,形成,对鹰的崇拜、神化
354,纳西 族,建立,颂扬 鹰的品格、赞美鹰的体 态、传承鹰的精神的文化体系
354,驯鹰,使,纳西族先 民扩大了生产范围
354,驯鹰,使,纳西族先民改善 了生存条件
354,驯鹰,使,纳西族先民提升了生活品质
354,驯鹰 内容,包括,捕鹰
354,驯鹰内容,包括,驯化
354,驯鹰内容,包括,鹰猎
354,驯鹰内容,包括,放归自然
354,纳西族驯鹰,特点,驯化时间短
354,纳西 族驯鹰,周期,一年一驯一年一放
354,猎人、猎犬 、猎鹰,结合进行,狩猎活动
354,猎人、猎犬、猎鹰,分工合作,贯穿整个过程
354,每年三月,遵照古俗,把 鹰放归自然
354,纳西族,体现,人与自然和谐共存
354,纳西族,遵循,自然资源永续思想
354,纳西族 驯鹰,核心价值,遵循自然生态的平衡与和谐
354,纳西族 驯鹰,作用,唤起 纳西人民拼博、奋斗、 团结协作精神
354,今天的纳西人养鹰、 驯鹰,目的,娱乐 健身
354,今天的 纳西人养鹰、驯鹰,目的,亲近自然
354,今天的纳西 人养鹰、驯鹰,是,承载纳西族人民 文化回忆、文化传承的方式
354,纳西族驯 鹰习俗,入选,云南省 第四批省级非物质文化遗产代表性项目 名录
354,李 实,是,项目代表性 传承人
354,和跃根,是,项目代表性传承人
354,李鸿藻,是,项目代表性传承人
354,和四堂,是,项目代表性传承人
354,刘万 瑜,是,项目代表性 传承人
354,和如红,是,项目代表性传承人
354,李舰文,是,项目代表性传承人
354,和振鹏,是,项目代表性传承人
355,彝族服饰,是,彝族传统文化的重要 组成部分
355,彝族服饰,作为,彝族民族特征的 外在标识
355,文山州富宁县彝 族倮支系,自称,孟巴
355,文山州富宁县 彝族倮支系,他 称,倮倮
355,文山州富 宁县彝族倮支系,被认定为,彝族
355,文山 州富宁县彝族倮支 系,主要分布于,文 山州富宁县
355,文山州富 宁县彝族倮支系,少量分布,广西
355,文山州 富宁县彝族倮支系,少量分布,越南
355,文山 州富宁县彝族倮支 系,主要居住于,富宁县城西南部山区
355,文山州 富宁县彝族倮支系,少数居住,坝区
355,富宁县彝族服饰,流传于,木央镇
355,富 宁县彝族服饰,流传 于,田蓬镇
355,富宁 县彝族服饰,流传于,里达镇
355,富宁县 彝族服饰,流传于,新华镇
355,富宁县彝族 服饰,流传于,板 仑乡
355,富宁县彝族服饰,属,滇东南系列 文西式类型
355,富宁县彝 族服饰,分为亚类,白彝服饰
355,富宁县彝 族服饰,分为亚类,高裤脚白彝服饰
355,富 宁县彝族服饰,分为 亚类,百花彝服饰
355,富 宁县彝族服饰,分为 亚类,黑彝服饰
355,富 宁县彝族服饰,分为 亚类,花彝服饰
355,白 彝服饰,是,富 宁县彝族服饰典型和代表
355,富宁县彝族服饰,传承历史悠久) 24 . (富宁县彝族服饰,保存完整
355,富宁县彝 族服饰,具有,传承 和保护价值
355,高脚裤白彝 服饰传说,记录着,古代战争印记
355,蜡染荞花,铭记着,荞子的救命 之恩
355,龙纹、龙花、 龙鳞纹,反映了,彝族婚姻传说
355,蜡染铜鼓 纹,是,穿在 身上的铜鼓文化
355,富宁县彝 族服饰图案和传说,具有,历史研究价值
355,富宁县 彝族服饰图案和传说,具有,民族考古参考价值
355,富 宁县彝族服饰制作,集,纺织
355,富宁县彝 族服饰制作,集,印染
355,富宁县彝族服饰制作,集,刺绣
355,富宁 县彝族服饰制作,集,拼贴
355,富宁县彝 族服饰蜡染技艺,具有,科学价值
355,富宁县彝 族服饰,材质地道) 38. (富宁 县彝族服饰,款式别 具一格
355,富宁县彝族 服饰,色彩搭配得体) 40. (富 宁县彝族服饰,图案 装饰精美
355,富宁县彝族服饰,做工精细) 42. (富宁县彝 族服饰,"堪称, 民族 服饰工艺典范"
355,富宁县彝族 服饰,具有,审美价值
355,富宁县彝族服饰,具有,欣赏价值
355,富宁县 彝族服饰,在民族节日 时必须着装) 46. (富宁县彝 族服饰,在婚丧嫁 娶时必须着装
355,富宁县 彝族服饰,在祭祀活动 时必须着装) 48. (富宁县彝 族服饰,有标识社会角色 的作用
355,富宁县彝族服饰,体现,民族认同的社会价值
355,富宁县彝族服饰,靠婆传媳方式传承) 51. (富宁 县彝族服饰,靠媳 传女方式传承
355,富宁县彝 族服饰,传承链条单一) 53. (富 宁县彝族服饰,传统 服饰大量流失
355,富宁县彝族 服饰,亟需保护) 55. (富宁 县彝族服饰,"入选, 云南省第四批省级非物质文化遗产 代表性项目名录扩展项目名录"
355,柏玉 仙,是,项目代表性 传承人
355,陆成英,是,项目代表性传承人
356,拉伯乡 普米族传统文化 生态保护区,位于,金沙江中上游 区域 2. 拉伯 乡普米族传统文化生态保护区 - 下辖 - 古鲁甸、 格瓦、滴洛、庄子、 达日甸、韩八、黑 尔甸、格落、巴纳 瓦、措皮甸、阿扎 甸、拉日下里、松 坪、岩瓦个普米族 自然村 3. 拉伯 乡普米族传统文化生态保护区 - 居住民族 - 汉、彝 、普米、傈僳、苗 、纳西、壮、藏、 白等多种民族 4. 拉 伯乡普米族传统文化生态保护区 - 民居建筑风格 - 普米族传统风格的木楞房 5. 拉伯乡普 米族传统文化生态保护区 - 非 物质文化遗产种类 - 齐全 6 . 拉伯乡普米族 传统文化生态保护区 - 祭祀活动 - 吾昔节祭祖祭山 神、七月十五祭祖、正月 十五转山祭山神、春天 祭龙潭、敬新火、 祭祖神等 7. 拉伯乡普米族传统文化生态保护 区 - 民间文学篇目 - 《洪水朝天》《人狗换 寿》《太阳、月亮、星星》《 直呆木喃》《帕米查 列》 8. 拉伯 乡普米族传统文化生态保护区 - 传统音乐代表作品 - 《跳 起欢乐的锅庄》《求知 歌》《催眠曲》《放猪调 》 9. 拉伯乡 普米族传统文化生态保护区 - 传统舞蹈分类 - 自娱自 乐舞蹈、交际性舞蹈、祭祀 舞《醒英蹉》、丧 葬舞《寨细蹉》、 礼仪舞《仆瓦蹉》 10. 拉伯乡普 米族传统文化生态保护区 - 传统 美术形式 - 木版画 11. 拉伯乡普 米族传统文化生态保护区 - 服饰 特点 - 男女均有一套民族服装 ，男子上衣款式与女子相同，颜色 较为 单一，喜用 金、银、铜 、玛瑙、象牙、 贝党以及红、黄、 绿松石等作为装饰 1 2. 拉伯乡普米 族传统文化生态保护区 - 成年仪式 - 成丁礼 13 . 拉伯乡普米族 传统文化生态保护区 - 生态保护意识 - 古朴而纯真 14. 拉伯乡普米族传统文化 生态保护区 - 政府保护措施 - 加大对保护区的保护力度 1 5. 拉伯乡普米 族传统文化生态保护区 - 入选时间 - 20XX年入选云南省 第三批省级非物质文化遗产代表性项目 名录。
357,沙式武术,创始人,沙国政
357,沙式武术,融合基础,形意拳
357,沙式武术,融合基础,八卦掌
357,沙式 武术,融合基础,通 背掌
357,沙式武术,融合基础,太极拳
357,沙式武术,主要内容,沙式形意拳
357,沙式 武术,主要内容,沙式 八卦掌
357,沙式武术,主要内容,沙式通背掌
357,沙式武术,主要内容,沙式太极
357,沙式形意拳系列,包含,五行拳
357,沙式形 意拳系列,包含,十二形拳
357,沙式八卦掌系列,包含,八卦掌八大 形
357,沙式八卦掌系列,包含,八卦老八掌
357,沙 式八卦掌系列,包含,八卦连环掌
357,沙式八卦掌 系列,包含,八卦八字 功
357,沙式八卦掌系列,包含,八卦掌对练
357,沙 式八卦掌系列,包含,八卦子午鸳鸯钺
357,沙式 八卦掌系列,包含,子午鸳鸯钺对剑
357,沙式 八卦掌系列,包含,八卦连环剑
357,沙式八卦掌系列,包含,八卦刀
357,沙 式八卦掌系列,包含,八卦连环枪
357,沙式八卦掌 系列,包含,八卦连环 棍
357,沙式通背掌系列,分为,预备八法
357,沙 式通背掌系列,分为,通背七十二基本掌 法
357,沙式通背掌系列,分为,通臂掌葡萄 满架套路
357,沙式通背掌 系列,分为,六合通 背
357,沙式通背掌系列,分为,通背廿四 连环手
357,沙式通背掌系列,分为,白猿通 背
357,沙式通背掌系列,分为,通背掌对 练
357,沙式太极系列,包含,沙式综合太极拳系列
357,沙 式太极系列,包含,沙式太极剑系列
357,沙式太极 系列,包含,沙式 太极拳对练
357,沙式太极系列,包含,沙式太极剑 对练
357,沙式武术,特点,体用结合
357,沙式武术,特点,结构严谨
357,沙 式武术,功能,武术 技击
357,沙式武术,功能,养生健身
357,沙式武术,功能,表演观赏
357,沙式 武术,融入思想,中国传统 哲学思想
357,沙式武术,注重 领域,武理研究
357,沙式 武术,注重领域,武 法总结
357,沙式武术,注重 领域,武法实践
357,沙式 武术,入选名录,云南省 第三批省级非物质文化遗产代表性项目 名录
357,沙式武术,代表性传承 人,欧道生
357,沙式 武术,代表性传承人,卯劲松
357,沙式武术,代表性传承人,沙俊杰
357,沙 式武术,代表性传承人,李斌
358,澜沧县 哈尼族,源于,古代 氐羌
358,唐宋时期,称呼,和蛮
358,明清时期,称呼,和尼
358,清朝,迁入地点,澜 沧县
358,中华民国 时期,称呼,阿卡
358,自称,名称,雅尼
358,中华人民共和国成立后,认定民族,哈尼族
358,所属支系,名称,僾尼支 系
358,主要分布 乡镇,包括,勐朗镇
358,主要分布 乡镇,包括,酒井
358,主要分布乡镇,包括,惠民
358,主要分布乡镇,包括,发展河
358,主要分布乡镇,包括,谦六
358,主要分布乡镇,包括,南岭
358,主要分布乡镇,包括,东 回
358,主要 分布乡镇,包括,糯扎 渡
358,主要 分布乡镇,包括,糯福
358,主要分布 乡镇,包括,竹塘
358,雍正《景 东府志》卷三,记载内容,女衣服以带 缠腰下着麻布密褶 裙织麻布
358,《顺宁府志》,记载内容,男女皆 穿青蓝布衣、裤
358,澜沧县 哈尼族服饰,构成部分,头饰
358,澜沧县哈尼族 服饰,构成部分,上衣
358,澜沧 县哈尼族服饰,构成 部分,胸兜
358,澜沧县哈尼 族服饰,构成部分,筒裙
358,澜沧县哈尼族服饰,构成部分,飘带
358,澜沧县 哈尼族服饰,构成部分,绑腿
358,女性服饰分类,包括,幼童
358,女性服饰分类,包括,少女
358,女性 服饰分类,包括,青年妇女
358,女性服饰 分类,包括,已婚妇女
358,女性服饰分类,包括,老年妇女
358,亚型分类,包括,尖头支
358,亚型分类,包括,平头支
358,亚型分类,包括,利车支
358,亚型分类,包括,改新支
358,亚型分类,包括,吉坐支
358,澜沧县哈 尼族服饰,传承起始时期,唐宋
358,传统服饰文化,特点,保存完整
358,材质演变,记录内容,民族迁徙历史
358,服饰图案,记载 内容,对自然的认识和生活 写照
358,服饰所蕴含的文化信息,具有 价值,历史研究价值
358,制作技艺,包括,纺织
358,制作技艺,包括,印染
358,制作技艺,包括,刺绣
358,制作技艺,包括,拼贴
358,制作技艺,包括,装饰
358,刺绣技法,特点,高超
358,蓝靛印染 技艺,具有价值,科学 价值
358,服饰 制作流程,包括,手工纺织 棉布
358,服饰制作流程,包括,印染
358,服饰制作 流程,包括,裁剪缝制
358,材质工艺,保持方式,传统方式
358,蓝靛 土布刺绣图案,包括,山纹
358,蓝靛土布刺绣图案,包括,回形文
358,装饰材料,包括,铝泡
358,装饰材料,包括,料 珠
358,装饰 材料,包括,银币
358,服饰特点,评价,做工精细
358,配以挎包 后的效果,评价,华 贵精致
358,民族服饰工艺典范,具有价值,审美价值
358,民族服饰工艺典范,具有价值,欣赏价值
358,男女服饰保持传统 款式,作用,保持民族 特征
358,男女 服饰保持传统款式,体现价值,民族认同的社会价值
358,民族服饰开发,作用,助推经济发展
358,制作技艺特点,评价,繁复
358,传统服饰与技艺 传承形势,评价,严峻
358,澜沧 哈尼族服饰,入选项目,云南省第四批省级非物质 文化遗产代表性项目名录扩展项目名录
358,项目代表性传承 人,姓名,李阿九
359,点苍派 武术,起源,大理民族民间 传统武术
359,点苍派武术,吸收,昆仑派
359,点苍派武术,吸收,武当派
359,点苍派武术,吸收,少林派
359,点苍派武术,吸收,峨眉派
359,点苍派武术,包括,点苍太极门
359,点苍派武术,包括,点苍八卦门
359,点苍派 武术,包括,点苍通 臂门
359,点 苍派武术,包括,五 青门
359,点苍派武术,代表性武器,铎鞘
359,点苍派武术,代表性武器,浪剑
359,点苍派武术,代表性武器,郁刀
359,点苍 派武术,传世秘笈,《五毒掌》
359,点苍派武术,传世秘笈,《太极掌 》
359,点 苍派武术,传世秘笈,《八卦掌》
359,点苍派武术,传世秘笈,《浪剑 》
359,点 苍派武术,传世秘笈,《郁刀》
359,点苍派武术,文化融合代表,中原武术 文化与大理民族武术
359,点苍派武术,具有,完整系统功法
359,点苍派 武术,具有,系列器械
359,点苍 派武术,具有,系统 理论
359,点 苍派武术,传承方式,寺院
359,点苍派武术,传承方式,民间武术世家
359,点苍派武术,入选,云南省第三批省级 非物质文化遗产代表性项目名录
359,点苍派武术,项目代表性传承人,白侍儒
360,壮族,视铜鼓 为,通达 神灵的器具
360,壮族铜 鼓舞,表现形式分为,自 娱性和祭祀性
360,自娱性舞蹈,时间范围,农历正月初 一跳至正月十六收鼓
360,自娱性 舞蹈,目的,庆祝丰收 、祝愿来年兴旺吉祥
360,祭祀性舞蹈,场合,死者出殡 时敲跳
360,祭祀性舞蹈,目的,祈求神灵保佑告慰亡灵 安息
360,壮族铜鼓舞,表演 方式,一人敲击铜鼓另一 人手持木鼓配合起舞
360,壮族 铜鼓舞,动作包括,举、跪、抱、蹲、 转、跨、退、蹉步 踮脚、活跃步、三抄 水
360,壮族铜鼓舞,效果特征,木鼓与铜鼓的 默契配合使铜鼓产生共鸣和 特殊的滑音效果
360,壮族铜鼓舞,特点,鼓与舞 融为一体富有感染力
360,壮族铜鼓舞,参与者变化,以前只 限男性起舞现在女性也能参与 其中作为辅助在一旁附和吟唱
360,泸西壮族铜鼓舞,体现内容,自然崇拜、祖先 崇拜
360,泸西壮族铜鼓舞,作用,维系民族感情的 纽带
360,泸西壮族铜鼓舞,意义,壮族人民精神 生活的体现
360,泸西壮族铜鼓舞,研究价值,对于研究 壮族历史发展有重要价值
360,壮 族铜鼓舞,入选项目,云南省第四批省级非物质文化遗产 代表性项目名录扩展项目名录
360,壮族 铜鼓舞,项目代表性传承人,陶元明、王树 兴
361,丁巴什 罗,亦 称,东巴 什罗
361,丁巴什罗,身份,纳西族东巴 教的教主
361,丁巴什罗,使命,为人类降妖除魔
361,历代的祭司东 巴,主持仪式时提到,丁巴什罗的传奇故事
361,《丁巴 什罗传》,类型,伏魔神话
361,《丁巴什罗传》,内容涵盖,开天 辟地
361,《 丁巴什罗传》,内容涵盖,丁巴什罗 的九代祖父
361,《丁巴什罗传》,内容涵盖,七代 祖母
361,《丁 巴什罗传》,内容 涵盖,什罗出生
361,丁巴什罗,特征,瞅鬼的 眼
361,丁 巴什罗,特征,吃鬼的嘴
361,丁巴什罗,特征,杀鬼的手
361,丁巴什罗,特征,镇鬼的 脚
361,丁 巴什罗,目的,伏鬼降妖
361,丁巴什罗,与喇嘛斗法,被赐予 本领
361,丁 巴什罗,解救人类方式,与吃人的女魔成 亲
361,丁 巴什罗,最终行动,杀死女魔
361,《丁巴什罗传 》,异名版本,《 什罗祖师传略》
361,《丁巴 什罗传》,异名 版本,《杀三百六十个鬼 卒和女魔固松玛》
361,《丁 巴什罗传》,异 名版本,《什罗的出处 和来历》
361,《丁巴什罗传》,异名版本,《什 罗飒》
361,丁巴什罗,关系 争议对象,西藏苯教教主 丹巴喜饶
361,《丁巴什罗传 》,作用,提供文化 研究依据
361,民间,保存仪式,超 度什罗
361,吟诵《丁巴什罗 传》,属于,祭祀 礼仪重要环节
361,吟诵《丁巴什罗 传》,与...密切相关,纳西族的日常生活
361,年纳西族 神话《丁巴什罗传》,入选,云南省第四批 省级非物质文化遗产代表性项目名录
361,项目代表性传承 人,是,和承德
362,香格里拉 五月赛马节,开始时间,农历五月初五
362,香格里拉 五月赛马节,举办地点,香格里拉县城东郊 五凤山脚下
362,香格里拉五月赛马节,持续时间,三天
362,香格里拉五月赛 马节,参与民族,藏族
362,香 格里拉五月赛马节,参与民族,彝族
362,香格里拉五月赛 马节,参与民族,傈僳族
362,香格里拉五月赛马节,参与民族,纳西族
362,香格里拉 五月赛马节,比赛项目,速度赛
362,香格里拉五月赛马节,比赛项目,步伐走 马
362,香 格里拉五月赛马节,比赛项目,拾哈达拾 银元
362,香格里拉五月赛马节,比赛项目,捡旗子
362,香格里 拉五月赛马节,比赛 项目,跑马骑射
362,香格里拉 五月赛马节,比赛项目,马术技巧
362,香格里拉五月赛 马节,特色活动,牦牛赛跑
362,香格里拉五月赛马 节,特色活动,牛 拉杠
362,香格里拉五月赛马节,文化活动,文艺会演
362,香格里 拉五月赛马节,文化 活动,民歌大赛
362,香格里拉五月 赛马节,文化活动,民族服饰展演
362,香格里拉五月赛马 节,经贸活动,物资 交流会
362,香格里拉五月赛马节,文化意义,展示民族文化
362,香格里拉 五月赛马节,文化意义,人与自然和谐相处
362,香格里拉五月赛 马节,社会作用,推进区域合作与交流
362,香格里拉五月赛 马节,社会作用,促进经济社会发展
362,香格里拉五月赛马节,非遗地位,云南省第三批 省级非物质文化遗产代表性项目名录
363,团山民间 传统武术,起源,彝族 远古祖先
363,团山民间传统 武术,积累于,生产 劳动
363,团山民间传统武术,积累 于,捕猎防身
363,团山 民间传统武术,积累于,抵御外敌入侵
363,团山民间传统 武术,包含技能,劈
363,团 山民间传统武术,包含技能,砍
363,团山民间传统武术,包含技能,刺
363,团山民间 传统武术,包含技能,防
363,团山民间传统武术,传承 方式,代代相传
363,团山 民间传统武术,传承方式,师带徒
363,团山民间传统 武术,训练内容,初级 个人单练习
363,团山民间传统武术,训练内容,二级对 套子
363,团山民间传统武术,训练内容,三级活步 对剑
363,团山民间传统武术,训练内容,四级二人对 练散剑
363,团山民间传统武术,使用武器,刀
363,团 山民间传统武术,使用武器,枪
363,团山民间传统武术,使用武器,棍
363,团 山民间传统武术,使用武器,三尖叉
363,团山民间 传统武术,使用武器,钩镰
363,团山民间传统武术,使用武器,双节棍
363,团山民间传统武术,使用 武器,流星锤
363,团山民间 传统武术,使用武器,花棒
363,团山民间传统武术,特点,套路短小
363,团 山民间传统武术,特点,简捷
363,团山民间传统武术,特点,动作朴实
363,团 山民间传统武术,特点,精悍
363,团山民间传统武术,特点,节奏明快
363,团山民间传统武术,具有 属性,竞技性
363,团山民间 传统武术,具有属性,实用性
363,团山民间传统武术,具有属性,观赏性
363,团山 民间传统武术,具有属性,娱乐性
363,团山民间传统武术,属于类别,传统健身 体育运动项目
363,团山民间传统武术,入选名录,云南省第三批 省级非物质文化遗产代表性项目名录
363,团 山民间传统武术,代表性传承 人,王树荣
364,剑川县,民族,白族
364,白族打 歌,历史时期,清代
364,周之 烈,作品,《打歌 行》
364,《 打歌行》,创作时间,道光二十三年
364,打歌,定义,又跳又唱
364,白族打歌,举行时间,节庆日
364,本主节,祭祀对象,雪山太子
364,打歌,参与者装扮,身穿盛装
364,打歌,持续时间,通宵达旦
364,打歌,队伍形式,男女分开各 在一边
364,打歌,常用队形一,手扣手连成圆圈 逆时针方向绕圈而跳
364,打歌,常用队形二,双手搭扶前舞者之肩 连成长串呈纵队而舞
364,打歌,动律部位,腿和 脚
364,打 歌,身形特征,前 倾后仰
364,打歌,着地方式,全足掌着地
364,打歌,节奏特点,一步一顿踏 地而歌
364,打歌,伴奏器乐,树叶
364,打歌,演唱顺序,先唱十二月调然后可自由 对唱
364,打歌歌词,句式结构,七字句
364,打歌歌词,使用语言,白语
364,打歌,演唱形式一,女领唱 女齐唱呀撒塞
364,打歌,演唱形式二,男领唱 男齐唱哈子耶
364,打歌,艺术特点,融诗、歌 、舞为一炉
364,打歌,文化 价值,研究白族历史、 语言、民俗等的宝贵资料
364,剑川白 族东山打歌,传承 方式,集体传承
364,剑川白族东 山打歌,具体传承途径 一,家传
364,剑川白族东 山打歌,具体传承途径 二,拜师学艺
364,剑川白 族东山打歌,具体 传承途径三,开展民俗活动
364,剑川 白族打歌,入选名录,云南省第三批省级非物质 文化遗产代表性项目名录扩展项目名录
364,剑川白 族东山打歌,项目 代表性传承人,颜炳英
365,宜良花 街节,古称,花 市
365,李京,著作,《 云南志略》
365,万士旺,封号,武德将军
365,万士旺,安置地点,城西瓦窑村
365,瓦窑村,改名为,万家凹村
365,万氏,创建,万家花园
365,卖花滩,位置,西门河侧畔
365,文公渠,建筑,清远桥
365,清远桥,别称,花桥
365,宜良花 街节,举行时间,农历五月初五
365,花街节活动,包括,游花/赏花/ 买花/种花/插花 /赛花/品花/食 花
365,花 街节工艺品,包含,面塑人物/糖人糖马 /针织刺绣/竹编草编 /白陶器具/钩花扎 染/木雕根雕
365,花街美食,包含,宜良烧鸭 /猪脚米线/都督烧 麦/凉卷粉/豌豆粉 /甜咸各馅包子/芽 豆/粽子
365,花卉食材,包含,金雀花/槐花/老 白花白杜鹃/棠梨花/ 白刺花/石榴花
365,花街节演出,包含,花灯歌舞 /传统滇剧
365,宜良花街节,入选,云南省第四批省级 非物质文化遗产代表性项目名录
365,宜良花街 节,功能一,彰显 人民和谐热爱自然保护自然的社会氛围
365,宜良 花街节,功能二,融民俗手工技艺传统饮食戏剧 诗歌歌舞音乐等民族文化艺术为一体
365,宜良花 街节,功能三,增强民族凝聚力促进民族团结的重要纽带
365,宜良花 街节,功能四,推动全县经济发展
366,彝族簸 箕弦,起源,围猎 劳动
366,彝族簸箕弦,性质,自娱性舞蹈
366,彝族簸箕 弦,参与人群,男女 老少
366,彝 族簸箕弦,队形 特征,圆形的大簸箕
366,彝族簸箕 弦,伴奏乐器,四 弦
366,彝族 簸箕弦,伴奏乐器,小三弦
366,彝族簸箕弦,伴奏 乐器,小京胡
366,彝族簸箕弦,伴奏乐器,树叶
366,彝族簸箕 弦,舞蹈套路数量,十二
366,彝 族簸箕弦,具体套路 之一,簸箕弦簸箕 弦旗访
366,彝族簸箕弦,具体套路之一,簸箕弦 逆访
366,彝族簸箕弦,具体 套路之一,阿腊里莫 旗访
366,彝族簸箕弦,具体 套路之一,阿腊里莫 逆访
366,彝族簸箕弦,具体 套路之一,买兜弦真 凡弦
366,彝族簸箕弦,具体 套路之一,穿弦啄板 弦
366,彝 族簸箕弦,舞蹈形式,围成大圆圈中间燃 起篝火
366,彝族簸箕弦,动作特点,走跳步为主
366,彝族 簸箕弦,动作元素,拍手跳步
366,彝族簸箕弦,动作元素,弯腿
366,彝族 簸箕弦,动作元素,身斜
366,彝族簸箕弦,动作元素,搓步抖
366,彝族簸 箕弦,动作元素,拍手叫喊
366,彝族簸箕弦,情节表现,过河
366,彝族簸箕 弦,情节表现,爬山
366,彝族 簸箕弦,伴奏曲目,簸箕弦
366,彝族簸箕弦,伴奏曲目,乐作作
366,彝族 簸箕弦,伴奏曲目,送亲调
366,彝族簸箕弦,伴奏曲目,敬酒歌
366,彝族 簸箕弦,伴奏曲目,一杯酒
366,彝族簸箕弦,伴奏曲目,送郎调
366,彝族簸 箕弦,伴奏曲目,金银调
366,彝族簸箕弦,服装 类型,生活装
366,尼苏米小线,含义,女人的衣服
366,女性服饰,主色调,红色
366,女性服饰,搭配色彩,蓝、绿、 黑色
366,女性 服饰,所属地区,贾 沙地区
366,彝族簸箕弦,文化 内涵,农耕文化
366,彝族簸箕弦,民族特色,彝族 民族精神象征
366,彝族簸箕弦,入选项目,云南省第四批省级 非物质文化遗产代表性项目名录
366,彝族簸箕 弦,代表性传承人,张自文
367,傣族传统 手工造纸,是,傣族 先民的劳动产物
367,傣 族传统手工造纸,反映,傣族社会生产生活
367,傣族传统 手工造纸,在...中占有 极其重要的地位,傣族社会生活
367,勐 海县曼召村傣族村民,称,嘎拉沙
367,嘎 拉沙,又称,手工 纸
367,嘎拉沙,又称,棉纸
367,嘎拉沙,又称,缅纸
367,嘎拉沙,又称,构皮纸
367,傣族传统手工 造纸,包括工序,刮树 皮
367,傣族传统手工造纸,包括 工序,浸泡
367,傣族传统手工 造纸,包括工序,煮
367,傣 族传统手工造纸,包括工序,清洗
367,傣族传统手工造纸,包括工序,捣纸浆
367,傣 族传统手工造纸,包括工序,漂浆
367,傣族传统手工造纸,包括工序,抄纸
367,傣 族传统手工造纸,包括工序,晾晒
367,傣族传统手工造纸,包括工序,打磨抛光
367,傣 族传统手工造纸,包括工序,揭纸
367,傣族传统手工造纸,使用器具,刀
367,傣 族传统手工造纸,使用器具,泡池
367,傣族传统手工 造纸,使用器具,煮 锅
367,傣族传统手工造纸,使用器具,溶浆池
367,傣 族传统手工造纸,使用器具,纸模
367,傣族传统手工 造纸,使用器具,平 口容器
367,傣族传统手工造纸所 造的纸,具有特点,韧性好
367,傣族传统手工造纸 所造的纸,具有特点,防虫
367,傣族传统手工 造纸所造的纸,具有 特点,防腐
367,傣族传统手工 造纸最初用于,佛事活动 ) 29. ( 傣族传统手工造纸用于,抄写经书
367,傣族传统手工 造纸用于,剪纸) 31. (傣族传统 手工造纸用于,做纸伞
367,傣族传统手工造纸用于,做纸篾帽) 33. (现在曼召的 手工纸大量用于,茶叶包装
367,现在曼召的手工纸大量用于,纸工艺品制作) 35. (现在曼召 的手工纸大量用于,绘画
367,曼召村,成立,傣族传统手工造纸专业合作社
367,傣族 传统手工造纸专业合作社,实现,原料和成品的统购统 销
367,傣族传统手工造纸专业合作社,避免缺点,小作坊投入 少、产量低
367,曼召村家 家户户,从事,造纸
367,曼召村家家户户 造纸,保护和弘扬,珍贵的民族文化
367,傣族传统手工造纸独特的 工艺,蕴藏着,深厚的 文化内涵
367,傣族传统手工造纸技艺,入选,云南省级非 物质文化遗产代表性项目名录扩展项目名录
367,傣族传统手工造纸技艺,项目代表性传承人是,岩坎
367,傣族传统手工造纸技艺,项目代表性传承人是,玉温 丙
368,同尼尼 舞,起源 民族,哈尼 族
368,同尼尼舞,原始功能,祭祀性舞蹈
368,同 尼尼舞,传统场合,祭祀和丧葬活动
368,同尼尼 舞,现代应用场合,节日庆典
368,同尼尼舞,现代 应用场合,讨亲嫁女
368,同 尼尼舞,现代应用场合,起房盖屋
368,同尼尼 舞,目的,祈求五 谷丰登
368,同尼尼舞,目的,子孙满堂
368,同尼尼 舞,目的,六畜 兴旺
368,同尼尼舞,主要 伴奏乐器,铓锣
368,同尼 尼舞,主要伴奏乐器,鼓
368,鼓,社会地位,神圣地位
368,鼓,制作者,祭师
368,鼓,保管者,祭师
368,鼓,使用 仪式,先对鼓举行祭 礼
368,同尼尼舞,舞蹈 形式,单人舞
368,同尼 尼舞,舞蹈形式,双人舞
368,同尼尼舞,舞蹈形式,群舞
368,双 人舞,表演者性别,男性
368,双人舞,动作 特点,边击鼓边跳
368,群舞,队列结构,男在里、女在外围成 两个圆圈
368,群舞,朝向,面向大鼓
368,同尼尼舞,动作特征,屈膝 一脚前伸弹动
368,同尼尼 舞,动作特征,双手 来回上下交替
368,同尼尼舞,下手势态,手心 朝外从胸前斜下至腰 侧
368,同尼尼舞,上 手势态,掌心向上环至 胸前
368,同尼尼舞,身体 动态,随节奏变化扭动
368,男性动作风格,柔中见 刚) 29. (男性动作风格,虚中 带韧
368,男性动作风格,粗 犷豪迈) 3 1. (女性动作风格,虚而不飘
368,女性动作风格,实而不僵) 3 3. (女性动作风格,婉转协调
368,同尼尼舞,地域差异原因,各村 寨地域和支系的不同
368,同尼 尼舞,文化承载内容,生产生活
368,同尼尼舞,文化承载内容,民风 民俗
368,同尼尼舞,文化 承载内容,衣食住行
368,同 尼尼舞,蕴含要素,民族信仰
368,同尼尼舞,蕴含要素,价值取向
368,同 尼尼舞,传播地区,云南省哈尼族地区
368,同尼 尼舞,传播地区,越南
368,同尼尼舞,传播 地区,老挝
368,同尼尼舞,传播地区,泰国
368,同 尼尼舞,影响范围,哈尼阿卡聚居区
368,同尼尼舞,研究价值 领域,社会历史
368,同尼尼 舞,研究价值领域,民族心理
368,同尼尼舞,研究价值领域,文化艺术
368,同尼 尼舞,入选名录,云南省第三批省级非物质文化遗产代表性 项目名录
368,同尼尼舞,代表性传承人,陈义兴
369,苗族芦 笙乐,类别,簧管 器乐
369,苗族芦笙 乐,历史时期,明 、清时
369,苗族芦笙乐,起源地,贵州省威宁
369,苗 族芦笙乐,传入云南 路径,随苗族迁徙
369,苗族 芦笙乐,主要流传地区,云南省曲靖市马龙 区
369,苗族芦笙乐,使用 乐器,芦笙
369,苗族芦笙 乐,舞蹈方向,逆 时针方向绕大圆圈
369,苗族芦 笙乐,技巧动作,蹲跳
369,苗族芦笙乐,技巧动作,蹉跳
369,苗族 芦笙乐,技巧动作,翻滚
369,苗族芦笙乐,技巧动作,倒立
369,苗 族芦笙乐,技巧动作,倒挂金钩双脚倒 挂在木杆上表演
369,苗族芦 笙乐,代表性乐曲,探路曲
369,苗族芦笙乐,代表性乐曲,鸡鸣 曲
369,苗族芦笙乐,代表性乐曲,獐子曲
369,苗 族芦笙乐,代表性乐曲,敬酒曲
369,苗族芦 笙乐,代表性乐曲,出嫁曲
369,苗族芦笙乐,代表性乐曲,送客 曲
369,苗族芦笙乐,代表性乐曲,丰收曲
369,苗族 芦笙乐,代表性乐曲,迎客曲
369,苗族芦笙 乐,代表性乐曲,娶 亲曲
369,苗族芦笙乐,代表性乐曲,犁地曲
369,苗族芦笙乐,代表性 乐曲,礼装曲
369,苗族 芦笙乐,传承难点,高难度和较为惊险的舞蹈 动作
369,苗族芦笙乐,传承难点,持之以恒的演练
369,苗 族芦笙乐,传承难点,音乐悟性
369,村民文化活动 室,建立地点,马 龙区深沟村委会
369,村民文化活动 室,功能定位,苗 族芦笙演奏传承基地
369,苗族 芦笙乐,入选项目,云南省第四批省级非物质文化遗产 代表性项目名录
369,韩尚云,身份,项目代表性传承人
370,曼掌村,属于,西双版纳 傣族自治州景洪市勐 养镇曼景坎村委会
370,曼掌村,建于,明朝年间
370,曼掌村村民,民族,傣族
370,曼掌村村民,支系,傣族 傣泐支系
370,曼掌村,是,云南省美丽乡村建设示范村
370,曼掌村,被确定为,云南省文化厅 现为云南省文化和旅游厅的文化农庄
370,村落,坐落在,勐养河西南岸
370,村落地势,特征,西高东低
370,村落,三面环山,一面朝向 坝区
370,南养河,流向,由东南流向西北
370,南养河,贯穿,村寨
370,森林覆盖率,以... 为主,南亚热带的绿 阔叶树种
370,生态环境,保持情况,较好
370,村民,崇尚,自然
370,村民,自发 行为,爱山、护山 、祭山
370,山上,有,神 树、竜林
370,神树、竜林,作用,护佑层林 叠翠郁郁葱葱
370,村寨,位于,竹林深处
370,民居建筑与聚 落整体格局,保存状况,完好
370,佛寺建筑,现状,被拆
370,佛寺建筑地基,还在,基本保持了傣族传统村落 的所有特征
370,傣族干栏式传统民居,现存数量,余栋
370,傣族 干栏式传统民居,是,西双版纳傣 族民居建筑的典型代表之一
370,寨中,有,民俗竞技场
370,寨中,有,民俗娱乐场
370,寨中,有,歌舞表演场
370,村民,信奉,原始宗教
370,村民,崇拜对象,祖先与自然如天神、地神 、山神、水神、日 神、月神、风神、 雷神、谷神、寨神 、勐神等
370,传统节日,包括,春节
370,传统 节日,包括,过赕每 三年进行一次
370,传统节日,包括,泼 水节
370,传统节日,包括,关门节
370,传统节日,包括,开门节
370,村民,沿用,传统傣历
370,民歌形式,包括,古歌谣
370,民歌形式,包括,说亲歌
370,民歌形式,包括,嫁别歌
370,民歌形式,包括,招魂词
370,民歌形式,包括,贺新房
370,民歌形式,包括,祭祀歌
370,民歌形式,包括,儿歌
370,民歌形式,包括,情 歌
370,民 歌形式,包括,赞高 升
370,乐器 类型,包括,管乐
370,乐器类型,包括,弦乐
370,乐器类型,包括,打击乐
370,舞蹈类型,包括,嘎 光舞也叫团结舞
370,舞蹈类型,包括,象脚鼓舞
370,舞蹈类型,包括,刀舞
370,嘎光舞舞蹈动作,数量,至套
370,保护区内,保留着,口传叙事长诗《 召树屯》
370,保护区内,保留着,傣族章哈
370,保护区内,保留着,傣族传统武术
370,保护区内,保留着,傣族 剪纸
370,保护 区内,保留着多项傣族 传统手工技艺,如民居 建筑技艺
370,保护区内,保留着多项傣 族传统手工技艺,如传统 服饰制作
370,保护区内,保留着多项傣 族传统手工技艺,如贝 叶经制作
370,保护区内,保留着多项 傣族传统手工技艺,如 织锦
370,保护区内,保留着多项傣 族传统手工技艺,如慢 轮制陶
370,保护区内,保留着多项 傣族传统手工技艺,如 传统手工造纸
370,保护区内,保留着多项 傣族传统手工技艺,如 竹编
370,保护区内,保留着多项傣 族传统手工技艺,如大 鼓制作
370,保护区内,保留着多项傣 族传统手工技艺,如象 脚鼓制作
370,保护区内,保留着多项 傣族传统手工技艺,如 葫芦丝制作
370,保护区内,保留着多项 傣族传统手工技艺,如 高升制作
370,保护区内,保留着多项 傣族传统手工技艺,如 纸伞制作
370,保护区内,保留着多项 傣族传统手工技艺,如 银器制作
370,保护区内,保留着多项 傣族传统手工技艺,如 传统制糖
370,保护区内,保留着多项 傣族传统手工技艺,如 制茶
370,保护区内,保留着多项傣 族传统手工技艺,如酿酒
370,保护区内,保留着多项傣族传统 手工技艺,如傣味菜品
370,保护区 自然生态环境,特点,得 天独厚
370,保护区自然生态环境,作用,为傣族文化的维系传承 和创新发展提供了广阔的空间和载体
370,曼掌村 傣族传统文化生态保护区,入选,云南省第四批省级非物质 文化遗产代表性项目名录
370,项目代表性传承人,包括,玉吨
370,项目代表性传承人,包括,岩叫龙
370,项目代表性传承人,包括,岩芷龙
370,项目代表性传承人,包括,玉应罕
371,傈僳族 葫芦笙打跳 曲,属于,傈僳族传统吹 奏器乐
371,傈僳族葫芦笙打跳 曲,是,丽江傈 僳族民间大众自娱舞打 跳的领舞乐曲
371,葫芦笙,傈僳 语称,马女或阿 普比
371,葫芦 笙,传说是,民间 智多星托拉哥然的 灵性遗物
371,傈僳族葫芦笙乐曲,流传于,云南省丽江市 为主玉龙县、永胜县 、华坪县、宁蒗县 和古城区及滇西北范围的 傈僳族聚居地
371,傈僳族葫芦笙 乐曲,音色独特,音质 古朴
371,傈僳 族葫芦笙乐曲,听觉穿透 力极强,能体现管 簧乐器悠长、厚重的特点
371,傈僳族葫芦 笙乐曲,音域不广,多为七管九音常见 为五管七音
371,傈僳族葫芦笙乐曲,适合于,傈僳族 民间传统打跳曲的领舞 演奏
371,傈 僳族葫芦笙乐曲,在 民间有,七十二调说
371,傈僳 族葫芦笙乐曲,可以分为,曲牌曲和散曲杂 调两大类
371,现存曲牌曲,代表曲目 包括,《刮来破》《刮 嘞密》《啦个啦色伏 虎调》《模刮伴奏咏叹 调》《念杂四威迟雀 恋花》《念杂衣嗟多 雀饮水或乌鸦喝水》《七步 蛮调》《撒荞调》《相见 乐》《迎宾曲》《祝婚 曲》《赶街调》《意背 大蛮调》等十来个 曲调
371,其余都是一些以舞步命名的杂 调和临时联奏、串奏用以 领舞的散曲、散句,属于,散曲杂 调
371,傈 僳族葫芦笙乐曲,按照 定调方式可以分为,以唱 名为基调的意背曲类和 唱名为基调的意贼曲类
371,傈僳 族葫芦笙打跳曲,在文化娱乐生活中起着关键性的作用,受到傈僳族同胞的 普遍喜爱
371,如今葫芦笙打跳时,多数习惯反复使用,易学 易跳的简易舞曲曲种
371,如今葫芦 笙打跳时,曲目比较 单纯,乐句乐段结构 较为复杂、技法要求高的曲目未能 全面掌握
371,如今葫芦笙打跳时,有些古老曲牌和曲目面临失 传) 19. (傈 僳族葫芦笙打跳,"入选, 云南省第四批省级非 物质文化遗产代表性项目名录"
371,傈僳族葫芦笙 打跳,项目代表性传承人是,阿石才
372,泥塑,传入地区,白族聚集区
372,泥塑传入时间,唐代南诏国时期) 3. (制作原料,洱海东面山地红、白 、黑三色土
372,制作步骤,筛土去除杂质) 5. (制作步骤,用 棉花和纸巾配以水按比例 和成稀泥
372,制作步骤,根据物件 要求塑形并添加稀泥) 7. (使用工具,雕刀等数十种工具
372,辅助 工艺,彩绘) 9. (作品分类第一类,砖瓦窑烧制的泥 塑作品
372,第一类用途,白 族民居建筑饰件) 11. (第一类 包括,勾头瓦
372,第一类 包括,飞檐瓦) 13. (第一类 包括,屋檐马鞍
372,第一 类包括,屋顶瓦猫) 15. (作品 分类第二类,大型宗教人物 塑像
372,第二类用途,佛 寺、道观及本主庙 ) 17. ( 第二类包括,玉皇大帝
372,第二类包括,大黑天神 ) 19. ( 作品分类第三类,小型工艺品 及玩具
372,第三类包括,烟 锅吹哨) 2 1. (第三类包括,点水雀吹哨
372,第三类包括,二龙戏珠) 23. (演变赋予 元素,白族风俗习惯
372,演变 赋予元素,白族审美情趣 ) 25. ( 面临问题,不宜长久保存
372,面临 问题,经济效益不大) 27. (现状,掌握技艺的年轻人越来越少
372,认定状态,濒危技艺) 2 9. (入选项目,云南省 第三批省级非物质文化遗产代表性项目 名录
373,哈尼族,信仰,鼓声是人类与 上天交流的语言
373,地鼓舞,起源,哈尼族传统祭祀活动
373,洛恩乡,所属流域,本那 河流域
373,架车 乡,所属流域,本 那河流域
373,哈 尼族人,表演时间1,农历六月
373,哈尼族人,表演时间2,农历十月
373,第一次表演,对应节日,矻扎扎
373,第一次表演,属相日,属羊日
373,第一次表演,寓意,告知上天春耕结束祈求风 调雨顺
373,第二次表演,对应节日,测拉火施
373,第二次表演,属 相日,属牛日
373,第二次表演,寓意,告知上天勤劳的 哈尼人又平安地度过了一年 祈求来年平平安安
373,地鼓舞,舞者性别,男性
373,地鼓舞,服装颜色,黑色
373,地鼓舞,舞蹈 动作1,颠跳步
373,地鼓舞,舞蹈动作2,屈膝 吸腿跳
373,地鼓舞,上身姿态,前俯
373,地鼓舞,手持物品,鼓棒
373,地鼓舞,动作特征,抬腿顿跳步
373,地鼓舞,原地舞蹈动作,左右 手分别在胯下击鼓
373,地鼓舞,转圈方式,颠步 转圈
373,第一跳,主题,人与自然 和谐相处无灾无难
373,第二跳,主题,五谷丰登
373,第三跳,主题,家畜兴旺生活 富足
373,地鼓舞,主要特点,抬腿胯下击鼓
373,地鼓舞,伴奏乐器1,竹笛
373,地鼓舞,伴奏乐器2,三弦
373,地鼓舞,伴奏乐器3,四 弦
373,地 鼓舞,伴奏乐器4,树叶
373,地 鼓舞,风格特点1,粗犷豪迈
373,地鼓舞,风格特点 2,古朴热烈
373,地鼓舞,风格 特点3,动律鲜明
373,地鼓舞,风格特点4,韵味淳 厚
373,地 鼓舞,风格特点5,极富感染力
373,地鼓舞,文化属性,哈尼族集体智慧的 结晶
373,地 鼓舞,历史价值,较高
373,地鼓舞,艺术价值,较高
373,地鼓舞,研究意义,对研究哈 尼族历史和舞蹈艺术发展脉络 有着重要意义
373,地鼓舞,入选名录,云南省第三批省级非物质文化遗产 代表性项目名录
373,地鼓舞,项目代表性传承 人,陈保克
374,景谷象 脚鼓舞,所属民族,傣 族
374,景谷象脚鼓舞,历史特点,最古老 /最普及/最具特色
374,景谷象 脚鼓舞,表演场合,重大节日或集会
374,景谷象脚鼓舞,队形形式,围 成圆圈
374,景谷象脚鼓舞,参与人数,一人独舞/ 两人对舞/多人共舞
374,景谷 象脚鼓舞,动作类型,吸腿跳步
374,景谷象脚 鼓舞,高难度动作,对花/擦背换位/ 跑跳/跨越/旋转
374,景谷象 脚鼓舞,伴奏乐器,象脚鼓/大鼓/铓 锣/镲
374,景谷象脚鼓舞,舞蹈亮点,鼓舞为主、 对鼓和唱傣族调为 辅
374,景谷象脚鼓舞,节奏风格,稀锣慢鼓 时典雅抒情洒脱飘逸/密锣 急鼓时粗犷有力神采 飞扬
374,景谷象脚鼓舞,关联舞蹈,白象舞
374,白 象舞,表现形式,借助 白象道具模仿大象动作
374,景谷 象脚鼓舞与白象舞,整体关系,密不可分的统一整体
374,景谷象脚鼓舞,内容 分类,娱乐性/召集性
374,娱乐性舞蹈,具体形式,马蹄三步/跳四门/ 叉花舞/转身蹲打/ 团鼓
374,召集性舞蹈,具体 形式,拜四方
374,景谷傣 族村寨男子,技能掌握,几乎人人都会跳象脚 鼓舞
374,民间象脚鼓舞队,组成规模,每个村近百名 青年
374,象脚鼓舞表演,活动 场景,佛寺/广场/ 田间地头
374,象脚鼓舞,入选名录,云南省第三批省级 非物质文化遗产代表性项目名录扩展项目 名录
374,景谷象脚鼓舞,代表性传承人,周晋国
375,彝族吹 奏弹拨乐,属于,彝族器乐
375,彝族吹奏 弹拨乐,主要流传于,石屏县彝族仆 拉支系聚居的山寨
375,彝族吹奏 弹拨乐,使用乐器,节波
375,彝族吹奏弹拨乐,使用乐器,高爬
375,彝族吹奏 弹拨乐,使用乐器,笛子
375,彝族吹奏弹拨乐,使用乐器,小三弦
375,彝族吹奏 弹拨乐,使用乐器,四弦
375,彝族仆拉支系,有,自己的语言
375,彝族仆拉支系,无,文字
375,节波,材料,竹制单管吹 奏乐器
375,高爬,材料,高粱 叶制作的吹管乐器
375,彝族吹奏弹 拨乐,曲目数量,多
375,彝 族吹奏弹拨乐,内容丰富,曲调约有三四十 调
375,彝 族吹奏弹拨乐,曲调内容,谈情说 爱
375,彝 族吹奏弹拨乐,曲调内容,反映生产生活
375,彝族 吹奏弹拨乐,曲 调内容,表现自然界的花草 虫鸟
375,彝族吹奏弹拨乐,曲调内容,日月星辰
375,彝族 吹奏弹拨乐,演奏 技法,打音
375,彝族吹奏弹 拨乐,演奏技法,波音
375,彝 族吹奏弹拨乐,演奏技法,顫音
375,彝族吹奏 弹拨乐,演奏技法,滑音
375,彝族吹奏弹拨乐,演奏技法,弹弦
375,彝族 吹奏弹拨乐,演奏 技法,挑弦
375,彝族吹奏弹 拨乐,演奏技法,扫弦
375,彝族吹奏弹拨乐,演奏形式,多种多样统一和谐
375,彝族 吹奏弹拨乐,演奏 者多为,中青年女性
375,彝族吹 奏弹拨乐,演奏者 性别比例,女性多于男性
375,女性,一般演奏,节波、 高爬吹奏乐器
375,男性,一般演奏,笛子以及小三弦、 四弦等弹拨乐器
375,彝族吹奏 弹拨乐,入选,云南省第四批省级非物质文化遗产代表性 项目名录
375,彝族吹奏弹拨乐,项目代表性传承人,龙 岸妹
376,管氏针灸 疗法,开创 者,管家岱
376,管 氏针灸疗法,传承代 数,五代
376,管氏针灸疗法,基础 理论,传统中医理论
376,管氏肾病四联 疗法,组成方法,隔 药饼灸
376,管氏肾病四联疗法,组成方法,穴位注射
376,管氏肾病四联 疗法,组成方法,耳 针疗法
376,管 氏肾病四联疗法,组成 方法,中药汤剂
376,管氏肾病四联 疗法,应用领域,肾脏疾病
376,国家中医药管理局,确立流派,管氏 特种针法学术流派
376,管氏针灸疗法,入选项目,云南省第四批 省级非物质文化遗产代表性项目名录
376,管氏针灸 疗法,代表性传承人,管遵信
377,从尚旺 节,所属 民族,白族 勒墨人
377,从尚旺节,别称,三月节
377,从尚旺节,别称,生产节
377,从尚旺 节,别称,桃花 节
377,从尚 旺节,目的,祈祷 天神风调雨顺
377,从尚旺节,目的,五谷丰登
377,从尚旺节,节期时长,一天
377,从尚旺 节,时间选定方式,每年三月的第一个属猪日
377,从尚旺节,活动内容,杀鸡
377,从尚旺 节,活动内容,杀 猪
377,从 尚旺节,活动内容,舂籼米做粑粑
377,从尚旺 节,活动内容,民族 民间传统歌舞表演
377,从尚旺节,活动内容,民族体育竞技活动
377,从尚 旺节,涉及领域,生产
377,从 尚旺节,涉及领域,饮食
377,从尚旺节,涉及领域,服饰
377,从尚旺节,涉及 领域,艺术
377,从尚旺节,涉及领域,宗教
377,从尚旺节,传承形式,世代相传
377,从尚旺 节,规矩与祭词传承 者,祭师
377,从尚旺节,延续至今的活动,民族民间 歌舞展演
377,从尚旺节,延续至今 的活动,传统射弩
377,从尚旺节,延续至今的活动,荡 秋千
377,从尚旺节,入选名录,云南省第四批省级非物质 文化遗产代表性项目名录
378,金殿,位于,昆明市东北鸣凤 山
378,金殿,始建于,明万历三十年
378,金殿,古时用途,道观
378,农历正 月初九,传说是,玉皇大帝万寿
378,每年农历正月初 九,举行,盛大的 祭祀活动
378,盛大的祭祀活动,演变 为,传统庙会
378,清康熙十年 的金殿碑刻,记载,金殿庙会
378,罗养儒 的《云南掌故》,记载,金殿庙会
378,金殿 碑刻记载,游客数量,数万计
378,金殿碑刻记载 的活动内容,包括,白天唱 戏酬神
378,金殿碑刻记载 的活动内容,包括,晚上对 调子唱山歌
378,每年正月初 八至初十,参与人群,昆明市民与近郊村民
378,昆明市民与近郊村民,行为,携家带口涌 向金殿赶庙会
378,人们,活动内容,踏青
378,人们,活动内容,赏花
378,人们,活动内容,跳 花灯
378,人们,活动内容,唱山歌
378,人们,活动 内容,舞龙灯
378,人们,活动内容,对调子
378,人们,活动内容,演奏 洞经音乐
378,人们,活动内容,品尝各种名特风味食品
378,人们,活动内容,购买 各种土特产品和手工艺品
378,人们,活动内容,亲友聚会 叙说亲情
378,金殿庙会,地位,云南省规模最大的庙 会
378,金殿庙会,影响力 范围,昆明地区
378,金殿庙 会,特点,历史悠久
378,金 殿庙会,传承情况,在民间广泛传承
378,金殿庙 会,受欢迎程度,深受 市民喜爱
378,金殿庙会,入选项目,云南省第三批省级 非物质文化遗产代表性项目名录
379,甲马,用途,民间祭祀财神
379,甲马,用途,月神
379,甲马,用途,灶神
379,甲马,用途,寿星
379,大理地区甲马,传入时间,汉晋时期
379,大理地区甲马,来源地,中原内地
379,大理地区甲马,结合对象,大理本地白 族宗教
379,大理 地区甲马,使用场景,各类教仪法事
379,大理甲马,内容特点,具有鲜明的地域和 民族特色
379,大理甲马,常见内容,本主形象
379,大理甲马,常见 内容,洱河灵帝段 赤诚
379,大理甲马,常见内容,猎神杜朝选
379,大理甲马,常见内容,清官本 主郑回
379,大理甲马,常见内容,将军洞之神李宓
379,大理甲马,常见内容,白马将军
379,大理甲 马,常见内容,太阳 神
379,大理 甲马,常见内容,水草大王
379,大理甲马,常见内容,芭蕉大王
379,甲马,功能 认知,人神沟通的载体 和中介
379,甲马,实现愿望方式,焚烧
379,甲马,实现愿望方式,张贴
379,甲马,实现愿望方式,供奉
379,大理甲马制作工艺,包含 技术,木雕
379,大理甲马制作工艺,包含技术,印刷术
379,大理甲 马制作工艺,包含技术,造纸术
379,大理甲马制作流程,步骤,反笔书写图案或 文字于木板
379,大理甲马制作流程,步骤,精工细刻完成 雕版制作
379,大理甲马制作流程,步骤,自制颜料均匀涂刷雕 版
379,大理 甲马制作流程,步骤,当地土纸平铺其上
379,大理甲 马制作流程,步骤,刷子反复刷至颜料浸润土 纸
379,大理 甲马制作流程,步骤,揭下待干透成甲 马
379,大理 甲马制作工艺,关键部分,木板雕刻
379,大理甲马艺人要求,能力,灵巧的构思
379,大理甲 马艺人要求,能力,精心的设计
379,大理甲马艺人要求,能力,精湛的刀法
379,大理甲马雕刻 技法,类型,阴刻
379,大理甲 马雕刻技法,类型,阳刻
379,大理甲马雕刻技法,特点,粗细相间的线条造型
379,大理甲马 雕刻技法,效果,勾 勒出质朴的韵味
379,大理甲马,入选项目,云南省第四批省级 非物质文化遗产代表性项目名录扩展项目 名录
379,大理 甲马,代表性传承人,张瑞龙
379,大理甲马,代表性 传承人,张庆绅
380,宝峰,位于,昆明市晋宁区 中南部
380,宝峰,距区政府 所在地昆阳,公里
380,宝峰调子会,由...发展而来,宝峰的接佛庙会
380,宝峰调子 会,流传时间,数百 年
380,宝峰 调子会,是,云南省较有影响力的山歌调子 盛会
380,宝峰 调子会,举办时间,每年正月十五、十六两天
380,参与人员,包括,来自昆明、玉溪、 大理、曲靖等地的歌手和 群众
380,活动内容,包括,唱山歌、 对调子、唱花灯
380,活动内容,包括,交易各种民俗小吃、民间 工艺品
380,宝 峰山歌小调,有多种 固定的曲调,宝峰调 、昆阳调、昆明小调 、松毛调、招亲调 、点荞调、大理调、 八街调、四季腔、长 腔对口、猜调等
380,演唱形式,多采取,对唱的形式
380,演唱形式,偶尔也,独唱
380,演唱方式,多为,清唱
380,演唱方式,间或也有,民间乐器伴奏
380,歌词创作 方式,一般按曲调,即兴发挥
380,歌者能力,都能,出口成章
380,宝峰调子会上,组织有,山歌 调子大赛
380,山歌调子大赛,为各地歌手提供,展示自我 的平台
380,参赛 者,在继承传统文化的基础上,摒弃传统山歌、小调 演唱中的糟粕
380,参赛者,更加注重,歌唱幸福美好生活
380,参赛者,崇尚,健康文明的生活方式
380,当地,已连续举办 多届,宝峰调子 会
380,参赛 歌手来源,包括,贵州、 四川及云南省各地州
380,参赛歌手数量,达,千余名
380,参与群众数量,达,数十万人
380,宝峰调子会,已成为,宝峰的传统 节日
380,宝 峰调子会,特点,内容丰富
380,宝峰调子会,特点,群众参与性强
380,宝峰调子会,特点,山歌调 子特点鲜明
380,宝峰调子会,特点,文化内容丰富
380,山歌调子比赛,培养了,一批云南 山歌小调民间艺人
380,山歌调子 比赛,为云南山歌小 调的传承、发展、传播、 展示提供,平台
380,宝峰调子会,入选,云南省第三批 省级非物质文化遗产代表性项目名录
380,项目代表性传承 人,是,许绍 光
381,彝良彝 族酒歌,演唱步骤,龙拱朴
381,彝良彝族酒 歌,演唱步骤,阿 迈克
381,彝良 彝族酒歌,演唱步骤,绿歪
381,龙拱朴,含义,开城门
381,龙拱朴,场合,接亲客和过礼时
381,接亲当天,活动,娘家歌手到接 亲客住处对唱问答
381,对唱问答,内容,接亲客从哪里 来
381,对唱 问答,内容,带些什么 礼
381,对唱 问答,内容,翻了几 座山
381,对唱问答,内容,过了几条河
381,接亲客,后续活动,到娘家堂屋前对 唱
381,阿 迈克,地点,娘家堂 屋
381,阿 迈克,组织者,娘家 歌手和婆家歌手
381,阿迈克,队 形,马蹄形
381,阿迈克,形式,边舞边唱
381,阿迈克,内容,新娘的身世
381,阿迈克,内容,出阁前的离愁 别绪
381,阿迈克,内容,教育 新娘到婆家后如何为人处 世
381,绿 歪,含义,认亲
381,绿歪,地点,婆家堂 屋内
381,回 亲那天,活动,送 亲的人辞别婆家起身走到 半路又假意折返婆 家再次敬酒
381,酒礼歌舞,结束 标志,送亲的人一饮 而尽起身离去
381,彝良彝族酒歌,语言,彝语
381,彝良彝 族酒歌,唱词特点,五字一句
381,彝良彝族酒 歌,音韵特点,铿锵
381,彝良彝族酒歌,内容包括,天文地理
381,彝良彝族酒 歌,内容包括,历史传说
381,彝良 彝族酒歌,内容包括,劳动生产
381,彝良彝族酒歌,内容包括,婚恋爱情
381,部分歌词,表现情绪,新娘与亲 人间难舍难分的情绪
381,彝良彝族 酒歌,特点,即 兴发挥
381,彝良彝族酒歌,曲调特点,优美动听
381,演唱酒 歌时,伴随形式,伴有舞蹈
381,舞蹈形式,包括,围成 圆圈
381,舞蹈 形式,包括,相对成排
381,舞蹈特点,舞姿风格,古朴 、欢快
381,年彝良彝族酒歌,入选项目,云南省级非 物质文化遗产代表性项目名录扩展项目名录
382,彝族戈 仆支系,主要分布于,曲靖市罗平县 罗雄镇
382,清康熙时期《罗平州 志》第二卷,记载内容,彝族服饰
382,彝族戈仆支系 男子服饰特征,包括,两 截衣缠大头跣足佩 刀
382,彝族 戈仆支系妇女服饰组成部分,包括,帽子、披肩、 上衣、裙子、围腰、腰带 、飘带、绑腿、鞋子
382,完整新娘装 组成部分,包括,帽子、披 肩、上衣、裙子、围裙 、腰带、飘带、绑腿 、鞋子
382,制作 阶段,包括,原材料种植、 纺织成布、刺绣成衣
382,完成所有工序所需 时间,至少需要,二 至三年
382,彝 族姑娘学习内容,包括,织布和刺绣
382,新娘装用途,用于,结婚时穿戴及婚后重大节日 穿戴
382,新娘 装最终用途,用作,寿衣或陪葬
382,服饰质地,为,手工布
382,服装款式特点,具有,特色满身刺绣装饰华丽 制作精细
382,服装图案属性,富含,文化信息寓意吉祥
382,保存技艺,包括,麻布纺织技艺和刺绣技艺
382,技艺传承方式,由,母亲口传 心授
382,技艺局限因素,受到,原料麻线限制成本高耗时长
382,面临冲击 来源,包括,现代社会发展和多元 文化、先进技术
382,入选项目名称,是,云南省第四批省级非物质文化遗产 代表性项目名录扩展项目名录
382,项目代表性传承人,是,韩福秀
383,丽江窨酒,酿制 技艺,传统古 法酿酒技艺与中原蒸馏 酿制技艺融合
383,明代以前纳西 族使用的酒,名称,村醪/土酿
383,明代以后,传入技术,中原蒸馏酿酒技艺
383,当地人,勾兑对象,蒸馏 酒和村醪
383,勾兑后产物,形成,窨酒
383,窨酒制作 技艺,包含过程,精选 原料
383,窨酒制作技艺,包含过程,拌曲
383,窨酒制作技艺,包含过程,糖化
383,窨酒 制作技艺,包含过程,去箱入罐
383,窨酒制作技艺,包含过程,窨制
383,窨酒制作技艺,包含过程,抽提
383,窨酒制作技艺,包含过程,勾调
383,主要原料,包括,大麦 /小麦/高粱
383,原料处理步骤,包括,脱皮/去糠 /初洗/浸泡
383,处理后的原料,进行操作,蒸煮 摊晾
383,蒸煮摊晾后原料,加入,酒曲
383,糖 化时间,持续,半年 以上
383,传统藤管,用于,抽提长时间窨制的酒
383,抽 提结果,形成,醪 糟酒
383,醪糟酒,密封 埋藏于,地下二三十年
383,取出后操作,包括,加水 勾兑
383,勾兑后用量,可供食用人数,三至五人
383,窨酒特点,酒色,艳如琥珀灿若朝阳
383,窨 酒口感,特征,不 腻不燥
383,窨酒味道,描述,甜得清秀甘 得醇雅
383,窨酒品质,评价,色香味俱佳
383,窨 酒成分,含有,果 糖/葡萄糖/氨基酸/维生素
383,窨 酒性质,对人体益处,良好酒品
383,窨酒在当地,认可度,高
383,窨酒受众 面,范围,广
383,窨 酒生产特点,周期,较长
383,窨酒生产成本,情况,较高
383,窨酒生产方式,限制,无法实现批量生产
383,窨酒现状 需求,需要,加强保护
383,丽江窨酒制作技艺,入选 项目,云南省第三批省级非 物质文化遗产代表性项目名录
383,项目代表性传承 人,包括,赵又新
383,项目代表性传承人,包括,张琪
384,开新街,属于,玉溪市峨 山县彝族传统节日
384,开新街,活动范围集中地,富良棚乡
384,开新街,活动范围 集中地,塔甸镇
384,开新街,活动范围集中地,大 龙潭乡
384,开新街,最具代表性地区,富良棚乡
384,开新街起源传说,涉及事件,怠慢龙 神导致干旱缺水
384,祭龙活动目的,祈求 对象,龙神怜悯
384,祭龙活动目的,期盼内容,雨水充足降临
384,祭龙活动 目的,期望结果,来 年获得丰收
384,开新街当日清早流程,包括动作,点三炷 香
384,开 新街当日清早流程,包括 动作,活捉敬献的 鸡
384,开 新街当日清早流程,包括 物品准备,红糖
384,开新街当日清 早流程,行为主体,舞龙师傅率领舞龙队员
384,开新街 当日清早流程,身份认定,东道主
384,请龙仪式后动作,进行事项,祭拜 龙神
384,祭拜龙神时动作,重复操作,再次点香
384,祭拜龙 神时动作,执行行为,杀鸡献神
384,安置位置,放置 物体,将龙放在神坛 上
384,众人 行为,进行动作,磕 头祭拜
384,耍龙者动作,转移 对象,将龙请出神 坛
384,交接 对象,接收者身份,德高望重的老人
384,老人动作,传递 物品,将龙交给舞龙 队员
384,表演 开始标志,正式动作,开始表演耍龙
384,午饭之后活动,主体 行为,富良棚耍龙 队耍着龙到乡镇牌坊前 迎接
384,迎接 对象,包括群体,周边村子 及远方村寨前来参加舞龙 、花鼓等的表演队
384,寓意内容,象征意义,主人到村 口接客迎接新年的第一批客人 来访
384,后续 活动,进行形式,游 街表演
384,百姓参与行为,主要活动,赶集采买
384,天色暗下后活动,主体行为,舞龙 队开始拜家
384,家庭出资人,身份 关系,出嫁的女儿
384,出资目的,用途说明,请舞龙队 到家里拜家
384,拜家寓意,功能 作用,驱鬼辟邪、 带来新年新气象
384,拜家结束后动作,处理方式,献龙神
384,献龙神 后动作,保管要求,将舞龙安放并保管好
384,开新 街夜晚活动,参与人群,彝族青年男女
384,夜晚活动地点,具体位置,街市背后的山头
384,夜晚活动 内容,主要形式,对 歌对唱情歌
384,对歌目的,表达情感,思念之情
384,传承方式,主要途径,家族传承与师徒 传承相结合
384,开新街作用,文化功能,施行礼孝教育
384,开新街作用,社会影响,促进社会 和谐
384,开 新街作用,经济意义,推动和促进民族地区的经济及 社会发展
384,荣誉 入选,项目名称,云南省 第四批省级非物质文化遗产代表性项目 名录
385,金平县 勐拉,居住民族,白 傣
385,金水河,居住民族,白傣
385,者米,居住民族,白傣
385,老勐,居住民族,白傣
385,白 傣民歌,使用场合,节日庆典
385,白傣民歌,使用场合,祭拜神灵
385,白傣民歌,使用场合,玩场恋爱
385,白傣民歌,使用场合,婚姻嫁 娶
385,白傣 民歌,使用场合,丧葬祭祀
385,白傣民歌,使用 场合,喝酒划拳
385,白傣民歌,使用场合,婴儿催眠
385,白傣 民歌,使用场合,孩童嬉戏
385,白傣民歌,使用场合,娱乐舞蹈
385,磨哈,类型,舞蹈歌
385,哈抱哨,类型,情歌
385,哈鲁奔,类型,教嫁歌
385,哈京涝,类型,酒歌
385,庄刻莱,类型,儿歌
385,哭丧调,使用 场景,人死
385,刻走,使用 场景,举行葬礼
385,白傣民歌,歌词语言,傣语
385,白傣民 歌,演唱内容,天地 万物
385,白 傣民歌,演唱内容,人类繁衍
385,白傣民歌,演唱 内容,神话传说
385,白傣民歌,演唱内容,民族迁徙
385,白傣民 歌,演唱内容,歌舞 起源
385,白 傣民歌,演唱内容,爱情故事
385,白傣民歌,演唱内容,农耕节令
385,白傣民歌,音乐特色,音阶
385,白傣民 歌,音乐特色,调 式
385,白 傣民歌,音乐特色,旋律
385,白傣民歌,音乐特色,节奏
385,白傣民歌,音乐 特色,节拍
385,白傣民歌,音乐特色,结构
385,白傣民歌,音乐特色,演唱形式
385,白傣 民歌,音乐特色,演唱方法
385,白傣民歌,音乐特色,多声构成
385,白傣民歌,音乐特色,复调色彩
385,白傣 民歌,音乐特色,乐器伴奏
385,白傣民歌,曲调 特点,缠绵委婉
385,白傣民歌,曲调特点,旋律悠 扬舒缓
385,白傣族民歌,入选 项目,云南省第三批省级非 物质文化遗产代表性项目名录
385,罗素英,身份,代表性传承人
386,陆良县,桑蚕 业起始时间,清末民国初年
386,陆良县,成立机构,劝业所
386,陆良县,成立机构,实业团
386,陆良县,成立机构,桑学堂 /乙种农业学堂
386,桑学堂/乙种农业 学堂,别称,乙 种农业学堂
386,县城城墙外沿四周,栽 植作物,桑树
386,桑蚕丝织造 技艺,组成部分一,种 桑
386,桑蚕 丝织造技艺,组成部分二,养蚕
386,桑蚕丝织造技艺,组成部分三,蚕丝加工
386,桑蚕 丝织造技艺,组成部分四,蚕丝织造
386,种桑,包括 工序,挖定沟
386,种桑,包括 工序,施底肥
386,种桑,包括 工序,桑苗选择
386,种桑,包括 工序,定值管理
386,种桑,包括 工序,桑叶采摘
386,养蚕,包括 工序,补催青育苗
386,养蚕,包括工序,收蚁
386,养蚕,包括 工序,小蚕饲养
386,养蚕,包括 工序,大蚕饲养
386,养蚕,包括 工序,上簇结茧
386,养蚕,包括工序,适时采茧
386,蚕丝加工,包括工序,蚕茧烘烤
386,蚕丝 加工,包括工序,剥选 茧
386,蚕 丝加工,包括工序,煮 茧
386,蚕 丝加工,包括工序,缫 丝
386,蚕 丝加工,包括工序,复 摇
386,蚕 丝加工,包括工序,整理
386,蚕丝 加工,包括工序,检验
386,蚕丝织 造,选用原料要求,优质蚕茧
386,优质蚕茧,特征一,茧形大
386,优质蚕茧,特征二,茧色白
386,优质蚕茧,特征三,茧丝 长
386,单 茧丝长,长度约达,米左右
386,蚕丝,特性,柔韧性好
386,蚕丝,织造 表现,不起毛
386,蚕丝,织 造表现,不易断头
386,蚕丝处理 过程,包括步骤,蒸煮
386,蚕丝 处理过程,包括步骤,脱 脂
386,蚕 丝处理过程,包括步骤,绷绵
386,蚕丝处理过程,包括步骤,晾绵
386,绵絮,状态描述,薄如纸
386,制作蚕丝被芯工艺,包括步骤,均匀地层层 铺叠
386,制作蚕丝被芯工艺,包括 步骤,揉捻
386,制作蚕丝被芯 工艺,包括步骤,打结
386,蚕丝 被芯质量要求,厚薄 均匀) 46. (蚕 丝制品类型,蚕丝被
386,蚕丝 制品类型,丝绵马甲 ) 48. (蚕丝 制品类型,丝绵衣
386,桑蚕丝 制品特性一,蓬松轻柔) 50. (桑蚕丝 制品特性二,贴身保暖
386,桑蚕丝 制品特性三,透气保健) 52. (桑蚕丝 制品声誉评价,优良
386,桑蚕丝制品 销售范围,国内外) 5 4. (用户对桑蚕丝 制品态度,青睐
386,陆良县年产蚕 茧量级,上万担 ) 56. (全县从事 蚕桑生产人口数量级,超过万
386,全县蚕桑产业收入规模,亿元) 58. (陆 良县荣誉称号,中国优质茧 丝生产基地
386,桑蚕丝生产技艺传承方式一,社会传承) 60 . (桑蚕丝生产技艺传承 方式二,家庭传承
386,桑蚕丝生产 技艺文化价值属性,农耕文明 鲜活样本) 62. ( 桑蚕丝生产技艺历史价值属性,具有一定历史文化价值
386,桑蚕丝生产技艺 经济价值属性,具有一定经济价值 ) 64. (桑蚕 丝织造技艺入选名录批次,云南省第四批省级非物质文化遗产 代表性项目名录
387,瑶族医学 诊疗法,属于,经验医学
387,瑶医理论,认为,盈满溢病相反亏 虚损病
387,人体,是,统一的整体
387,瑶医要求,包括,人体自身各腑脏之间的盈亏平衡
387,瑶 医要求,包括,人体与 周围环境的相互平衡
387,瑶医治病目的,通过,药物及非药物 的方法
387,瑶医诊断方法,包括,望、闻、问、触
387,瑶医 诊断方法,重于,问
387,瑶药治病,涉及,所有治疗方面
387,瑶药治疗方法,包括,内治法
387,瑶药治疗方法,包括,药膳疗法
387,瑶 药治疗方法,包括,外治 法
387,外治法,包括,药物外敷
387,外治法,包括,药浴疗法
387,外治法,包括,烧炙法
387,外 治法,包括,推拿法
387,药浴疗法,特点,最常见/最古老/应用最 广泛
387,瑶医药物分类,分为,虎、牛、钻、 风四类
387,金平瑶族传统 瑶药,品种达,种
387,瑶医采药原则,不采根) 2 1. (需用根的药,"采用, 老根、 留新根"
387,采药部位,随变化,季节、气候
387,临床 用药,根据,不同疾病
387,临床 用药,结合,患者性别
387,临床用药,结合,年龄
387,临床用药,结合,体质
387,临床用药方式,为,多种药物配合使用
387,金平瑶药,特征,个性特征突出
387,金平瑶药,特征,地域特色浓厚
387,金平瑶药,作用,丰富中国少数民族 医药文化宝库
387,金平瑶药 内涵,对,当地少数民族 文化的认同维护民族团结构建和谐社会起到重要作用
387,瑶药知识传承方式,包括,口传心记
387,瑶药知识 传承方式,包括,指物 传承
387,瑶药知识传承方式,包括,亲教秘传
387,瑶药 传承主要方式,是,家传
387,传统瑶药面临危机,因为,外来医疗技术渗透
387,瑶 药文化受影响,来自,西医
387,瑶药文化受影响,来自,中医
387,瑶药文化受影响,来自,其他民族医药
387,传统 瑶药现状,面临,后继无人、传承困难
387,瑶族 医学诊疗法,入选,云南省第三批省级非物质文化遗产代表性 项目名录
387,项目代表性传承人,是,李成旺
388,阿普笃 慕,娶 妻数量,三 妻
388,阿普笃慕,生育 儿子数量,六子
388,居住地,名称,洛尼白
388,洛尼白特征,植被类型,马缨花树
388,房前大树,粗细程度,三人合 抱
388,房前 大树,开花状态,从未 开过花
388,分家条件,触发事件,大树开花
388,关键日期,具体时间,农历二月初八日
388,发现者身份,人物 关系,孙男孙女
388,祭祀对象,神明名称,马缨花神
388,分家 仪式,牺牲品,一条 牛
388,后裔 习俗,团聚周期,每年 农历二月初八
388,表演角色配置,人数 规模,十八人
388,文化载体,入选 名录,云南省第三批省级非 物质文化遗产代表性项目名录
388,传承人代表,姓名一,鲁翠英
388,传承人代表,姓名二,朱成功
388,语言形式,使用语种,古 彝语
388,史诗名称,《开奔勒笃 六祖古歌》,"类别 属性, 创世史诗"
389,剥隘七 醋制醋技艺,起源地,广州地区
389,剥隘七 醋,主要原料,当地 优质糯米
389,剥隘七醋,主要 原料,剥隘小河的 河水
389,剥隘七醋制作过程,浸泡时长,天
389,糯米饭处理,蒸制时间,分钟
389,发酵环节,使用容器,容量四 五百斤的陶缸
389,入缸发酵,持续时间,天
389,成品酸度控制 值,pH范围,
389,混合后的醋液,煮沸灭菌温度,
389,煮好的 醋,过滤沉淀时长,天
389,成品调配添加剂,包含材料,红糖
389,成品调配添加剂,包含材料,食盐
389,成品调配添加剂,包含材料,草果
389,成品调配添加剂,包含材料,八角
389,剥隘七醋制作技艺,入选名录,云南省第三 批省级非物质文化遗产代表性项目名录
389,项目代表性传承人,姓名,罗永常
389,项目代表性传承人,姓名,代云至
389,剥隘七醋面临困境,原因,外来液态酿制造技艺 冲击
389,剥隘七醋面临困境,原因,生产原料受到污染
390,华宁陶 器,古 称,宁州 陶
390,《重建慈云寺功德碑 》,记载,明代洪武 年间有来自江西景德镇的车姓窑 工在该地定居并从事窑业 生产
390,车姓 窑工,来自,江西 景德镇
390,车姓 窑工,从事,窑 业生产
390,华 宁陶,运用于,社会
390,华宁 陶,运用于,生活
390,华宁陶 器制作工艺,包括流程,取土炼泥
390,华宁陶器制作工艺,包括流程,拉坯成型
390,华宁陶器 制作工艺,包括流程,配 釉施釉
390,华宁陶器制作工艺,包括流程,入窑装烧
390,华宁 陶器制作工艺,包括流程,出窑挑选
390,华宁陶产品类型,包括,生活陶器
390,华宁陶产品 类型,包括,工艺陶器
390,华宁 陶产品类型,包括,宗教 陶器
390,华宁陶产品类型,包括,建筑陶器
390,华宁陶精华,在于,神秘的釉配方
390,神秘的釉配方,作用,在陶瓷的表面形成 一层稳定的保护层
390,神秘的釉配方,增强,器物的硬度
390,神秘的釉配方,使器物,不易散热
390,神秘的釉配方,使器物,便于 清洗保洁
390,不同原料的釉,烧制 出,五光十色的器 物
390,华 宁陶,追求,平衡
390,华宁 陶,追求,对称
390,华宁陶,追求,和谐
390,华宁陶,追求,连贯
390,华宁陶,合乎,中庸之道
390,华宁陶,表现,我国传统的文化心理
390,华宁陶,表现,民族精神
390,华宁陶 器制作技艺,入选,云南省级非物质文化遗产代表性项目名录 扩展项目名录
390,李自轩,是,项目代表性传承人
391,施甸民生 堂,始 创人,张 国泰
391,张国泰,学习对象,刘金标
391,张 国泰,研制成果,治疗跌打损伤的中草药
391,张志高,身份,第五代弟子
391,张 志高,著作,《中医 跌打骨伤秘方》
391,张志 高,著作,《武术功法 练习》
391,张志高,命名医药 秘方,铁骨散
391,铁骨 散,功效,消肿
391,铁骨 散,功效,化瘀
391,铁骨散,功效,止痛
391,铁骨散,功效,接骨
391,张维贤,身份,第六代弟子
391,张维 贤,运用技术,祖 传铁骨散结合现代医疗器具
391,张维贤,医治疾病,骨折
391,张维贤,医治 疾病,骨髓炎
391,张维贤,医治疾病,骨创伤
391,张维贤,医治疾病,类风湿
391,张维贤,医治疾病,骨质增生
391,施 甸民生堂传统骨伤疗法,入选项目,云南省第四批 省级非物质文化遗产代表性项目名录
391,施 甸民生堂传统骨伤疗法,代表性传承人,张维 贤
392,瓦器器 舞,类型,大众舞蹈
392,瓦器 器舞,参与人群,男女老少
392,瓦器器舞,场合,节日庆典
392,瓦器器舞,场合,讨亲嫁女
392,瓦器器舞,场合,起房盖屋
392,瓦器器 舞,队形,圆形
392,瓦器器 舞,队形,手 拉手排成一行
392,瓦器器舞,队形,面对面排成数 行
392,瓦器 器舞,动作特点,跺
392,瓦 器器舞,动作特点,踢
392,瓦器器舞,动作特点,踏
392,瓦器器舞,伴奏 乐器,笛子
392,瓦器器舞,伴奏乐器,四弦琵琶
392,瓦器 器舞,伴奏乐器,葫芦笙
392,瓦器器舞,伴奏乐器,口弦
392,瓦器器舞,脚步变换表现,个节拍
392,瓦器 器舞,舞蹈发展规律,由少变多
392,瓦器器舞,舞蹈发展规律,从简单 到复杂
392,瓦器器舞,曲调 风格,热烈奔放
392,瓦器器舞,节奏特点,鲜明强烈
392,瓦器 器舞,舞步风格,粗犷豪放
392,瓦器器舞,身体表现,全身起伏扭动
392,瓦器 器舞,互动环节,互牵双手
392,瓦器器舞,互动 环节,互撞臀部
392,瓦器器舞,精神体现,团结
392,瓦器器 舞,精神体现,勤劳
392,瓦器 器舞,精神体现,乐观向上
392,瓦器器舞,文化属性,民族特性
392,瓦器器舞,文化属性,地方特色
392,瓦器器舞,艺术价值,艺术性
392,瓦器 器舞,艺术价值,观赏性
392,瓦器器舞,反映内容,傈僳族发展历程
392,瓦器器舞,入选项目,云南省第三 批省级非物质文化遗产代表性项目名录
392,瓦器 器舞,代表性传承人,余春海
392,瓦器器舞,代表性传承人,余永华
392,瓦器 器舞,代表性传承人,李琥
393,曲靖滇 剧,形成 时期,清代中期
393,曲 靖滇剧,基础方言,曲靖方言
393,曲靖滇剧,融合元素,本地声腔
393,曲靖滇剧,融合元素,民族曲 调
393,曲靖 滇剧,融合元素,国内主要剧种特长
393,曲靖滇剧,声腔类型,板腔体
393,曲靖滇 剧,唱词基本句式,七言
393,曲靖滇剧,唱 词基本句式,十言
393,曲靖滇 剧,押韵规律,尾字平仄
393,曲靖滇剧,押韵规律,偶句押 脚韵
393,曲靖滇剧,常用韵 数量,十三辙
393,曲靖滇剧,韵母顺序,抓麻
393,曲靖 滇剧,韵母顺序,果河
393,曲靖滇剧,韵 母顺序,提携
393,曲靖滇剧,韵母顺序,糊涂
393,曲靖 滇剧,韵母顺序,开怀
393,曲靖滇剧,韵 母顺序,灰堆
393,曲靖滇剧,韵母顺序,嚎 啕
393,曲 靖滇剧,韵母顺序,喉头
393,曲靖滇剧,韵母顺序,叠雪
393,曲靖滇 剧,韵母顺序,天仙
393,曲靖滇剧,韵母 顺序,青城
393,曲靖滇剧,韵母顺序,螳螂
393,曲靖 滇剧,韵母顺序,空同
393,曲靖滇剧,特殊 韵称,儿韵
393,儿韵,别称,窄韵
393,儿韵,别称,半韵
393,曲靖滇剧,常演剧目,《爨 碑残梦》
393,曲靖滇剧,常演剧目,《四下河南 》
393,曲 靖滇剧,常演剧目,《劈山救母》
393,曲靖滇 剧,常演剧目,《 铡美案》
393,曲靖滇剧,常演剧目,《金沙江畔 》
393,曲 靖滇剧,常演剧目,《十五贯》
393,曲靖历史戏班,科联班) 3 5. (曲靖历史戏班,泰昌班
393,曲靖历史戏班,义和班) 3 7. (曲靖滇剧,"代表性艺术人才, 罗远 书"
393,曲 靖滇剧,代表性艺术人才,敬学琼
393,曲靖滇剧,代表性艺术人才,石勇
393,曲靖 滇剧,代表性艺术人才,杨美凤
393,麒麟区滇剧,入选项目,云南省第三批省级 非物质文化遗产代表性项目名录扩展项目 名录
394,保山,拥有传统文化,洞经音乐
394,洞经 音乐,主要流传地区,隆阳区
394,洞经音乐,主要流传 地区,施甸县
394,洞经音乐,主要流传地区,腾冲市
394,洞经音乐,主要流传地区,昌 宁县
394,保 山洞经音乐,组成元素,宗教音乐
394,保山洞经音乐,组成元素,宫廷音乐
394,保山洞经音乐,组成 元素,民间音乐
394,保山洞经音乐,表演形式,唱
394,保山洞经音乐,表演形式,诵
394,保山洞经音乐,表演形式,念
394,保山洞经 音乐,表演形式,奏
394,保山洞 经音乐,特点,古朴
394,保山洞 经音乐,特点,典雅
394,保山洞 经音乐,特点,精 深
394,洞 经音乐曲牌,分类,经曲经谱
394,洞经音乐曲牌,分类,乐曲乐谱
394,经曲,示例,《锁南枝 》
394,经 曲,示例,《鹧鸪 飞》
394,经曲,示例,《云 鹤词》
394,乐曲,示例,《水 龙吟》
394,乐曲,示例,《山坡 羊》
394,打击乐曲牌,示例,《 顺水鱼》
394,打击乐曲牌,示例,《长套》
394,打击乐曲牌,示例,《朝礼钹》
394,保山洞经 乐队,席位划分,左 岸
394,保 山洞经乐队,席位划分,右岸
394,保山洞经乐队,使用 乐器,大木鱼
394,保山洞经乐队,使用乐器,大鼓
394,保山洞 经乐队,使用乐器,大钹
394,保山洞经乐队,使用乐器,葫芦琴
394,保山洞经乐队,使用乐器,胡琴
394,大木鱼,角色,指挥
394,谈经活动,性质,公益性
394,谈经活动,性质,服务性
394,谈经活动,性质,娱乐性
394,谈经活动,性质,群众性
394,谈经活动,作用,稳定社会
394,谈经活动,作用,净化人心
394,谈经活动,作用,娱乐大众
394,谈经活动,作用,传播文明
394,保山洞经音乐,入选名录,云南省第四批省级 非物质文化遗产代表性项目名录扩展项目 名录
394,保 山洞经音乐,代表性传承人,钏启翔
394,保山洞经音乐,代表性传承人,王文 荣
395,禄丰醋,出现时间,明代中叶
395,禄 丰醋,成为朝廷供 品时间,明晚期
395,禄丰醋,主料,禄丰东河 大米糯米中的矮珍珠
395,禄丰醋,辅料,黄土高原的高粱
395,禄丰醋,现搭配辅料,缅甸高粱 和麦麸
395,禄丰醋,生产流程,选料、浸泡、蒸煮 、发酵加入酵母、淋醅、 装罐陈酿灭菌、化验、 装瓶、成品入库
395,禄丰醋制作方法,包括步骤,把糯米蒸熟 后加入糖化菌酒药进行 发酵变为成熟的酒醪之后加入成熟的 醋酸菌一起制醅待醋酸发酵 达到高潮形成成熟的醋醅即陈 酿醋醅最后取陈酿结束 的醋醅置于淋醋池中 加水进行三次淋醋处理将头 醋汁澄清后加热煮沸即可得到 成品香醋
395,禄丰醋,含有成分,种氨基酸、有机酸、维生素 、矿物质和糖分等物质
395,禄丰醋,特点,味香色浓 、酸中带甜、回味绵 长
395,禄 丰醋,最具代表性品牌,双梅牌
395,双梅牌禄丰醋,产品优势,连续年 质冠海外
395,禄丰醋,面临问题,配方独特传统工艺要求严格 且传统制作方法时间长成本较高在 市场经济竞争中处劣势亟待保护
395,禄丰醋制作 技艺,入选名录,云南省 第三批省级非物质文化遗产代表性项目 名录
395,禄 丰醋制作技艺,项目代表性 传承人,杨爱萍
396,丽江古城纳 西族民居 营造技艺,基础 形式,纳西族 井干式建筑特色
396,丽江古城纳 西族民居营造技艺,吸纳技艺,中原抬梁式
396,丽江 古城纳西族民居营造技艺,吸纳技艺,中原穿 斗式
396,丽江古城纳西族民居 营造技艺,融合对象,其他少数民族建筑所长
396,丽江古城纳西族 民居营造技艺,历史时长,近百年
396,大木作,组成部分,梁
396,大木作,组成部分,柱
396,大木作,组成部分,挂枋
396,大木作,组成部分,桁条
396,大木 作,组成部分,穿枋
396,大木作,组成部分,地脚
396,大木作,组成部分,楼楞
396,大木作,包括内容,平面布局
396,大木 作,包括内容,结构形式
396,大木作,包括内容,构架尺度
396,大木作,包括 内容,榫卯构造
396,大木 作,包括内容,施工程序
396,大木作,包括内容,用工用料
396,小木作构件,类型包括,门
396,小木作 构件,类型包括,窗
396,小木作构件,类型包括,榫卯隔板
396,小木 作构件,类型包括,栏杆
396,小木作构件,类型 包括,外檐装饰
396,小木 作构件,类型包括,地板
396,小木作构件,类型 包括,天花板
396,小木作构件,类型包括,楼梯
396,小 木作构件,类型包括,龛橱
396,石作,应用 部位,房屋的基础
396,石作,具体构造,出土勒脚
396,石作,具体构造,柱础
396,石作,具体构造,台阶
396,石作,具体 构造,盖檐石
396,瓦作 、泥水作,主要用于,建筑后墙
396,瓦作、泥 水作,主要用于,山 墙
396,瓦作、泥水作,主要用于,屋面处理
396,瓦作 、泥水作,主要用于,院落照壁
396,瓦作、 泥水作,主要用于,铺地
396,黑白字画,应用 位置,房屋两个山墙
396,黑白 字画,应用位置,一层走廊墙体
396,黑白字画,应用位置,院内的照壁
396,黑白字画,图案内容,松竹梅兰
396,黑白字画,图案内容,牡丹富贵
396,黑白字画,图案内容,松鹤延年
396,丽江古城纳 西族民居,特点,营造技艺特色鲜明
396,丽江古城纳 西族民居,特点,构筑因地制宜
396,丽江古城纳西族 民居,特点,造型 朴实生动
396,丽江古城纳西族民 居,特点,装修精美 雅致
396,丽江古城纳西族民 居,特点,建筑变化 丰富
396,丽江古城纳西族民居,特点,功能布局与 自然环境高度协调统一
396,丽江古城纳西 族民居,特点,具有浓郁的地方特色
396,传统营造技艺,现状,逐渐衰落
396,丽江传统 民居建筑,保护需求,亟待加强整体性保护
396,丽江纳 西族民居营造技艺,入选项目,云南省第三批省级 非物质文化遗产代表性项目名录
396,丽江纳 西族民居营造技艺,代表性传承人,木庚锡
397,师宗县 窦氏家族,从事行业,铁器锻造
397,铁器锻造技艺,分为,锻打
397,铁器锻造技艺,分为,铸造
397,锻打,包括步骤,将铁料置于火炉中 烧红
397,锻 打,包括步骤,放在砧 子上由师傅与徒弟抡铁 锤锻打
397,锻打,目的,降低 铁器中碳的含量
397,锻打,目的,使铁器的硬度增加
397,锻打,关键 步骤,淬火
397,淬火,操作方法,将烧红的铁块放入冷水 中急速冷却
397,淬火,结果,使 铁器成型
397,铸造,包括流程,金属 熔炼
397,铸造,包括流程,模型制造
397,铸造,包括流程,浇注凝固
397,铸造,包括 流程,脱模清理
397,铸造工艺,类型包括,重力铸造
397,铸造工艺,类型包括,压力铸造
397,铸造工艺,类型包括,砂型铸造
397,竹基的 小型铸造厂,采用方法,砂型铸造
397,砂型铸造,制作 过程,用泥沙制作好模型 之后再浇注铁水生产出所需 铁器
397,形状不规则的火炉,制作 方法,砂型铸造
397,部分产品,也使用,压力或重力铸造
397,不同规模的 铸造厂,拥有设备,大小不一的熔炉
397,熔炉,用途,熔炼铁原料
397,工人,使用 工具运送铁水,特殊的小 盆
397,工人,操作过程,用特殊的 小盆运送铁水浇入模型 后不到一分钟即可做出成型铁器
397,铁器 锻造相关制品,包括,勾 担
397,铁 器锻造相关制品,包括,扣子
397,铁器锻造相关制品,包括,链子
397,铁器锻造相关制品,包括,马嚼扣
397,铁器锻造相关制品,包括,锅
397,铁器锻造相关制品,包括,盆
397,铁器锻造相关制品,包括,犁头
397,铁器锻造相关 制品,包括,炉条
397,铁器锻造 相关制品,包括,铁炉
397,竹基 镇,从事人数,余人
397,竹基 镇铁器制品,销售地区,文山
397,竹基镇铁器制品,销售地区,红河
397,竹基 镇铁器制品,销售地区,周边十余个州县
397,竹基镇铁 器制品,出口国家,越南
397,竹 基镇铁器制品,出口 国家,缅甸
397,竹基镇铁器制品,年销售收入,近万元
397,铁器 锻造,地位,竹基 镇的重要产业之一
397,铁器锻造,意义,推动社会进步
397,铁器锻造,意义,促进经济发展
397,年铁器锻造技艺,入选名录,云南省第四 批省级非物质文化遗产代表性项目名录
397,项目代表性 传承人,是,许 会生
398,坡头村,苗族 人口占比,以上
398,屏边苗族,迁入时间,清代中晚期
398,保护 区,地理位置,云南省红 河哈尼族彝族自治州屏边 苗族自治县白河镇坡头村民 委员会
398,保护区,自然环境特征,自然生态环境良好
398,村民,传统习俗,自觉保护森林植被
398,辖区内,地理 景观,那么果河峡谷
398,辖区内,地理景观,花坝子水库
398,植被 类型,主要组成,亚 热带常绿阔叶树种
398,植被类型,包括植物种类,竹类
398,植被 类型,包括植物种类,藤 类
398,植被类型,包括植物种类,蕨类
398,植被类型,包括植物 种类,中草药
398,保护区,文化保存内容,苗族传统文化 资源
398,苗族土木结构传统民居,保存状况,良好
398,聚 落格局,风貌特征,总体保持传统风貌
398,苗族信仰体系,主要类型,原始宗教
398,传统节日,具体名称,春节
398,传统节日,具体名称,端午节
398,传统节日,具体名称,尝新米节
398,传统节日,具体名称,祭祖 节
398,传统节日,具体名称,砍火星节
398,婚姻模式,类型一,走婚式婚姻
398,婚姻模式,类型二,私奔式婚姻
398,婚姻模式,类型三,入赘式婚姻
398,丧葬习俗,保存状态,完好
398,神话传说,作品名称,《洪水滔天》
398,神话传说,作品名称,《万物形成 传说》
398,神话传说,作品名称,《芦笙的传说》
398,国家级 非遗项目,名称,苗 族花山节
398,州级非遗项目,名称,苗族芦 笙舞
398,州级非遗项目,名称,苗族器乐制作 工艺
398,非物质文化遗产,项目名称,苗族服饰制作
398,非物质 文化遗产,项目名称,刺绣
398,非物质文化遗产,项目名称,响蔑演奏
398,非物质文化遗产,项目名称,芦笙演奏
398,非物质文化遗产,项目名称,牛皮鼓打击乐
398,非物质文化遗产,项目名称,拳击
398,非 物质文化遗产,项目名称,棍术
398,非物质文化遗产,项目 名称,民间医药
398,非物质文化遗产,项目名称,爬花 杆
398,非物质文化遗产,项目名称,打鸡毛毽
398,非物质 文化遗产,项目名称,打 陀螺
398,非物质文化遗产,项目 名称,打磨秋
398,非物质文化遗产,项目名称,赛马
398,非物质文化遗产,项目名称,竹筒电话
398,传统服饰工艺链,环节一,种麻
398,传统服饰工艺链,环节二,织麻
398,传统服饰工艺链,环节三,纺麻
398,传统服饰工艺链,环节四,滚麻
398,传统服饰工艺链,环节五,织布
398,传统服饰工艺链,环节六,蜡染
398,传统服饰工艺链,环节七,刺绣
398,点 蜡印染图案,文化意义,记录苗族艰辛迁徙历程
398,点 蜡印染图案,价值属性,艺术欣赏价值
398,点蜡印染图案,价值属性,民族历史 研究价值
398,民间医药疗法,治疗 方式,内服外敷
398,民间 医药疗法,治疗方式,拔火罐
398,民间医药疗法,治疗方式,熏洗
398,民间医药 疗法,治疗方式,按摩
398,民间医药疗法,治疗方式,包扎
398,民间医药传承方式,途径,口传身教
398,白 河镇政府,成立机构,坡头青苗传统文化保护区 管理委员会
398,屏边县文化馆,设立地点,坡头村委会 下寨村
398,屏边县文化馆,建设项目,苗族花 山节民歌传承点
398,培训活动 内容,包括课程,民歌 培训班
398,培训活动内容,包括课程,舞蹈培训班
398,培训活动内容,包括 课程,苗族器乐培训班
398,民众态度,对苗族传统文化 认同感,高
398,民众行为特征,参与非遗保护传承态度,自觉积极
398,入选名录年度事件,荣誉名称,云南省第四批 省级非物质文化遗产代表性项目名录
398,代表 传承人,姓名一,黄荣兴
398,代表传承人,姓名二,杨树英
398,代表 传承人,姓名三,陶芬
398,代表传承人,姓名 四,李朝明
398,代表传承人,姓名五,杨光 芬
399,下者偏 村,位于,文山壮 族苗族自治州广南县 者兔乡者莫村民委员会
399,下者偏 村,村民姓氏,陆 、农、王、刘
399,下者偏村,民族,壮族沙支 系
399,下者 偏村,建村时间,清代
399,下 者偏村,地理位置特征,山舌缓坡地段四周高山 环抱梯田层层
399,下者偏村,森林覆盖率,高
399,下者偏村,传统习俗,爱山、祭 山、护山
399,下者偏村,风水 树林特征,古木参天
399,清水江,发源地,砚山县 境
399,清水 江,流向,由北 向南流经此地
399,下者偏村,民居建筑样式,木结构 干栏式
399,最古老的民居,历史 年限,近年历史
399,干栏式建筑,体现居住习惯,积木 而栖位居其上
399,下者偏村,人生礼俗保留方面,出生、周岁、结婚、寿辰 、丧葬
399,下者偏村,传统 节日,祭龙、祭风 、花糯米节
399,下者偏村,神话传说故事,《龙神人 赶街》《吊脚楼的来历 》《龙女的眼泪》
399,下者偏村,民间音乐形式,山歌 小调
399,下者偏村,传统舞蹈,弄娅歪、铜鼓舞 、手巾舞
399,弄娅歪,表演 场合,重要节日、祭祀、 丧葬等场合
399,下者偏村,传统美术,剪纸、刺绣、 纸马、面具制作
399,下者偏村,传统技艺,纺织、编织 、染布、扎染
399,下者偏村,传统饮食文化,丰富
399,下者 偏村,传统体育项目,陀螺、高跷
399,下者偏村,医疗方式,中医及 巫医
399,下者偏村,传统服饰 特点,美观大方、典雅高贵
399,广南 县千年壮寨乡村旅游农民专业合作社,主题,保护干栏民 居
399,广 南县千年壮寨乡村旅游农民专业合作社,工作内容,登记建 档、修缮保护与合理开发
399,广南县 千年壮寨乡村旅游农民专业合作社,目标,挖掘和发扬当地的民族 传统文化
399,广 南县千年壮寨乡村旅游农民专业合作社,整合资源类型,农村 资源
399,广 南县千年壮寨乡村旅游农民专业合作社,开发项目类型,乡村旅游 、休闲观光农业等项目
399,广南县千年 壮寨乡村旅游农民专业合作社,作用,增加农民收入调动当地群众 保护和传承文化遗产的积极性
399,下者偏村壮 族传统文化生态保护区,入选名录,云南省第四批省级非物质 文化遗产代表性项目名录
399,下者偏村,民间艺人,陆仕东、 陆的金、陆仕春、 陆华泽、陆仕才
400,潦浒土 陶烧制技艺,主要流传地区,曲靖市麒麟 区越州镇潦浒社区
400,潦 浒土陶烧制技艺,所属类别,曲靖市制 陶业的源头
400,潦浒土陶,原料,本地黏土
400,潦浒 土陶,塑形手段,手工拉胚
400,潦浒土陶,产品类型,生活用陶
400,潦 浒土陶,具体产品,缸
400,潦浒土陶,具体 产品,盆
400,潦浒土陶,具体产品,坛
400,潦浒土 陶,具体产品,罐
400,潦浒土陶,具体产品,碗
400,潦浒土陶,具体产品,钵
400,潦浒 土陶,具体产品,碟
400,潦浒土陶,特色 制品,瓦猫
400,瓦猫,用途,民间用于驱邪 避秽
400,潦浒土陶,造型特点,粗犷大方
400,潦 浒土陶,工艺特点,细腻
400,潦浒土陶,审美融合,乡土陶艺与 现代审美
400,制作工具,包括,和泥机
400,制作工具,包括,桶
400,制作工具,包括,轮盘
400,制作工具,包括,火钳
400,制作工具,包括,吹火桶
400,制作工具,包括,捣棍
400,制作工具,包括,钢丝
400,制作工具,包括,砂纸
400,烧制工序,第一 道,和泥
400,和泥步骤,操作方式,从野外 挖取粘土放置于圆形密闭 坑塘中注入清水浸泡数日 牵引水牛环绕踩踏
400,和泥 步骤,目的,让粘 土与水充分勾兑融合
400,后续 处理,搬至室内存放并对 陶泥用手、脚进行细加工 直至全部粘合) 3 0. (制坯步骤,"操作方式, 将等量泥 柱放在转盘上双手固定通过 旋转塑造器物外形"
400,半干阶段,状态描述,陶坯 柔软潮湿需晾晒到半干 程度
400,上釉步骤,操作方式,把釉料装在容器 内将陶器上半部分浸 没在釉盆里轻转让釉 均匀粘附外壁
400,晾晒步骤,目的,彻底除去陶 坯中的水分防止烧制时因 湿热不均炸裂
400,装窑步骤,操作要求,将彻底 晒干的陶坯均匀有序、小心 稳定地放置进窑内用陶 泥和砖块密闭窑门
400,烧 窑步骤,关键要素,温度
400,烧窑步骤,关键要素,窑内气氛
400,烧窑步骤,关键要素,火焰的 平衡流向
400,出窑步骤,时间 周期,一天一夜
400,出窑步骤,操作内容,将烧 制好的成品逐一从窑内取出
400,潦浒土陶制品,应用领域,生活
400,潦浒土陶制品,应用领域,观赏
400,潦浒 土陶制品,应用领域,园林
400,市场反响,评价,深受当地群众喜爱和各界好评
400,销售 范围,包括,省内各地
400,销售 范围,包括,周边省份
400,销售 范围,包括,越南
400,销售范围,包括,缅甸
400,非遗地位,入选项目,云南省第四批 省级非物质文化遗产代表性项目名录扩展 项目名录
400,项目代表性传承人,姓名,崔长宝
401,彝族大 帮腔,流传地区,云南省 普洱市景东彝 族自治县安定镇
401,彝族大帮腔,历史时长,五、 六百年
401,彝族大帮腔,表演形式,边跳边唱
401,彝 族大帮腔,演唱方式,独唱
401,彝族大帮腔,演唱方式,对唱
401,彝 族大帮腔,演唱方式,村与村对唱
401,彝族 大帮腔,演唱方式,男女对唱
401,彝族大帮腔,演唱方式,一人领 唱多人合唱
401,中老年人用彝语演唱 的彝族大帮腔,别称,老帮腔
401,彝 族大帮腔,舞蹈动作,直歌
401,彝族大帮 腔,舞蹈动作,翻 歌
401,对唱时最常见的舞步,具体描述,向前走三步又向 后退二步
401,彝族大帮腔,舞步融合形式,两 跺脚三跺脚与直歌 翻歌融合
401,彝族大帮腔,舞步变化形式,两 跺两翻
401,彝族大帮腔,舞步变化形式,两 跺三翻
401,彝族大帮腔,舞步变化形式,直 歌半翻
401,彝族大帮腔,唱词特点,即 兴创作
401,彝族大帮腔,歌词内容主题,生产劳动
401,彝族大帮腔,歌词 内容主题,生活
401,彝族大 帮腔,歌词内容主题,爱情
401,彝族大帮腔,歌词内容主题,歌颂山水
401,彝族大帮腔,歌词 内容主题,鞭挞讽刺丑 恶现象
401,彝族大帮腔,歌词内容主题,颂扬 美好正义
401,彝族大帮腔,歌词内容主题,轻松幽默 诙谐
401,彝族大帮腔,入选项目,云南省第四批 省级非物质文化遗产代表性项目名录
402,朱氏正 骨疗法,特色治疗方式,不开刀、不打石膏、 不用金属物穿刺牵引
402,朱氏正 骨,核心,家传 正骨手法和祖制秘方
402,朱 氏正骨,遵循,传统中医正骨疗法
402,朱氏正骨,辅助使用,接骨 药酒
402,朱氏正骨,内 服药物,祖制接筋 续骨丸
402,朱氏正骨,内服药物,活血化瘀散
402,朱氏 正骨,辅以,增进人体精气神的系列保健 酒
402,朱氏正骨,采用手法,拔伸、对正、 复位、按摩
402,朱氏正骨,治疗对象,不需要夹板的中小型 骨伤创面
402,朱氏正骨,发明工具,中小型骨 伤正骨复位治疗器
402,中小型骨 伤正骨复位治疗器,作用,缩短四肢骨折、脱 臼等骨伤的恢复过程
402,朱 氏正骨,所用草药 来源,祖传秘方及 杨林地区特有山药材
402,朱 氏正骨,草药制作 工艺,祖法秘制、 研磨配以医用润滑剂搅拌融合 成膏状
402,朱氏正骨,外敷方式,依照骨 伤部位外敷配合正骨治疗
402,朱氏正骨疗法,传承 现状,传承人出现青黄 不接的现象
402,朱氏正骨疗法,入选项目,云南省第三 批省级非物质文化遗产代表性项目名录
403,哈尼族 民歌阿茨,别称,阿哧
403,哈尼族民歌 阿茨,别称,阿期茨
403,哈尼族民歌阿茨,别称,哧
403,哈尼族民歌 阿茨,流传地区,绿春县
403,哈尼族民歌阿茨,主题,爱情
403,哈尼族民歌阿 茨,特点,多声 部合唱
403,哈 尼族民歌阿茨,演唱场合限制,不能在长辈 面前哼唱
403,哈尼族民歌阿茨,风格来源,生活实践
403,哈尼族民 歌阿茨,歌词特点,自由灵活
403,哈尼族民歌阿茨,歌节结构,对 偶
403,哈 尼族民歌阿茨,歌节结构,押韵
403,哈尼族 民歌阿茨,歌节 结构,韵律
403,哈尼族民歌 阿茨,章节特点,复沓自由又有规律
403,哈尼族民歌 阿茨,歌唱方式,主唱
403,哈 尼族民歌阿茨,歌唱方式,伴唱
403,哈尼族民 歌阿茨,伴奏乐器,三弦
403,哈尼族民歌阿茨,伴奏乐器,小二 胡
403,哈 尼族民歌阿茨,伴奏乐器,巴乌
403,哈尼族民 歌阿茨,伴奏乐器,树叶
403,哈尼族民歌阿茨,代表曲目,《吾处阿 茨》
403,哈尼族民歌阿茨,代表曲目,栽秧山 歌
403,哈 尼族民歌阿茨,代表曲目,《情歌》
403,哈尼族 民歌阿茨,入选项目,云南省第四批省级非物质 文化遗产代表性项目名录
404,开远市 碑格乡,民族构成,彝族朴拉支系
404,云南省人民政府,命名,非物质遗产 文化保护区
404,朴拉人服饰,包括,男女装
404,朴 拉人服饰,包括,刺绣 针
404,朴拉 人服饰,包括,红毛 线团
404,朴 拉人服饰,包括,布 匹
404,朴拉 人服饰,包括,帽子
404,朴拉人服饰,包括,头饰
404,彝族朴拉支 系妇女服饰,由...构成,包头
404,彝族朴拉支系 妇女服饰,由...构成,外褂
404,彝族朴拉支系妇女 服饰,由...构成,衬衣
404,彝 族朴拉支系妇女服饰,由...构成,围腰
404,妇女包 头,类型,银泡 高筒帽
404,银泡高筒帽,装饰特征,两侧缀绒球 串
404,部分 妇女头戴,类型,发 辫毛线大包头
404,男子头带,类型,瓜皮帽
404,男子穿着,类型,黑布右衽 衣
404,黑 布右衽衣,设计特点,左襟有硕大内 袋
404,男子 外套,类型,麻布 褂
404,男子 外套,替代选项,羊 皮褂
404,男子着装搭配,类型,裤子
404,男子着装搭配,类型,挑花围腰
404,碑格乡彝族 朴拉支系服饰,造型 手法,基础布纹
404,碑格乡彝 族朴拉支系服饰,造型手法,单线为纹 样轮廓
404,服饰发展史五种形制,包含,编制型
404,服饰发展史五种形 制,包含,织制 型
404,服饰 发展史五种形制,包含,缝制型
404,服饰发展史五种形 制,包含,拼合 型
404,服饰 发展史五种形制,包含,裁剪型
404,用色特点,选用 颜色,红
404,用色特点,选用 颜色,黄
404,用色特点,选用 颜色,绿
404,用色特点,选用 颜色,黑
404,用色特点,选用 颜色,蓝
404,用色特点,选用 颜色,白
404,构图原则,不强调,突出主题
404,构图原则,注重,适应服装整体感
404,形式分类,分为,盛装
404,形式分类,分为,便装
404,盛装用途,用于,节日礼宾
404,盛装用途,用于,婚嫁
404,盛装特征,包括,戴银泡帽
404,盛装特征,包括,多彩华丽
404,便装特征,包括,不戴银泡帽
404,便装特征,包括,毛巾包头
404,便装功能,便于,劳作
404,传统服饰,保存 状态,完整
404,服装款式和制作工艺,具有价值,传承和保护 价值
404,妇女 服饰基调色,采用,大红色
404,妇女服饰特色,在尚黑 彝族服饰中,独树 一帜
404,制作技艺,包括,挑花 刺绣
404,制作 技艺,包括,拼接
404,制作技艺,包括,织绣
404,制作技艺,具有价值,技艺传承价值
404,整套服饰,色调 特点,热烈
404,整套服饰,注重部位,头部装饰
404,头部装饰手法,特点,夸张
404,服饰审美价值,具有,较高审美价值
404,服饰欣赏价值,具有,较高欣赏价值
404,彝族朴拉支 系服饰,作为支撑要素,民族传统文化生态保护区
404,传统服饰现状,面临冲击,机制服饰流行
404,开远彝 族服饰,入选项目,云南省第四批省级非物质文化遗产代表性 项目名录扩展项目名录
404,项目代表性传承人,是,王妮作
405,墨江哈 尼族服饰,流传于,墨江哈尼族自治县境内 的九个哈尼族支 系
405,墨江哈尼族服饰,体现,哈尼族迁徙烙印
405,墨 江哈尼族服饰,反映,农耕劳作的记忆
405,墨江哈尼 族服饰,关联,自然
405,墨 江哈尼族服饰,关联,图腾崇拜
405,墨江哈尼 族服饰,关联,社会 身价
405,墨江哈尼族服饰,原料来源,梯田农耕生产
405,墨 江哈尼族服饰,主 色调,黑色
405,墨江哈尼族 服饰,辅色,靛 青色
405,墨江哈尼族服饰,辅色,灰色
405,墨江 哈尼族服饰,辅色,蓝色
405,墨江哈尼族 服饰,辅色,白色
405,男装,包括,黑色或靛 青色的对襟衣
405,男装,包括,大直筒裤
405,男装,包头颜色,青蓝 或黑色
405,哈尼族妇女服饰,分类,儿童服饰
405,哈尼 族妇女服饰,分类,青年服饰
405,哈尼族妇女服饰,分类,成年服饰
405,哈尼 族妇女服饰,分类,老年服饰
405,儿童服饰,特征,戴小帽且帽上有银 饰和锯齿纹
405,儿童服饰,特征,衣服上有太阳、 月亮等纹样
405,青年服饰,特征,短衣短裤系绑 腿
405,青年服饰,特征,饰物纹样丰富多彩颜色鲜艳
405,青年 服饰,特征,头饰 、胸饰、臂饰意蕴 深厚
405,成年服饰,特征,比青年服饰纹样简单颜色素 雅
405,老年服饰,特征,长衣长裤纹样简单大方
405,制作材料,包括,棉花
405,制作 材料,包括,扎花
405,制作 材料,包括,纺线
405,制作 材料,包括,织布
405,制作 材料,包括,染布
405,制作 材料,包括,饰物
405,制作 工序,包括,剪裁
405,制作 工序,包括,贴布
405,制作 工序,包括,滚边
405,制作 工序,包括,缝制
405,制作 工序,包括,镶嵌
405,制作工序,包括,刺绣
405,制作工序,包括,挑花
405,制作工序,包括,成衣
405,饰物,以...为主,银饰
405,饰物,辅助材料,犬齿
405,饰物,辅助材料,兽骨
405,饰物,辅助材料,毛线
405,哈尼 族,无文字,依靠 服饰记录迁徙史
405,哈尼族服饰 文化精华,体现于,衣服的刺绣、纹样
405,墨江 哈尼族服饰,入选,云南省级非物质文化遗产代表性项目 名录扩展项目名录
405,项目代表性传承人,是,蔡凤英
406,李桐,拜师,犹七
406,李 桐,学会,接 骨之道
406,李桐,被赞为,神医降世华佗 无奈
406,李鸿泰,传承自,李桐
406,李昭,传承自,李桐
406,李辉,传承自,李桐
406,李国,传承自,李桐
406,李儒,传承自,李桐
406,李荣云,传承自,李桐
406,李荣强,传承自,李桐
406,李玉娇,传承自,李桐
406,李 桐传统骨伤疗法,包括方法,内服
406,李桐传统骨 伤疗法,包括方法,外 敷
406,李桐传统骨伤疗法,包括方法,洗浴
406,李桐传统 骨伤疗法,包括方法,放血
406,李桐传统骨伤疗法,包括方法,推拿按摩
406,李 桐传统骨伤疗法,包括方法,烧火
406,李桐传统骨 伤疗法,包括方法,割 治
406,李桐传统骨伤疗法,包括方法,拔火罐
406,李 桐传统骨伤疗法,包括方法,熏蒸
406,祖传药物,分为类型,单方
406,祖 传药物,分为类型,复方
406,祖传药物,分为类型,粉粒
406,祖传药物,分为类型,药丸
406,祖 传药物,分为类型,水剂
406,祖传药物,分为 类型,酒剂
406,骨伤敷 剂,用于治疗,跌 打损伤
406,骨伤敷剂,用于治疗,关节疼痛
406,骨伤 敷剂,用于治疗,骨折
406,药丸,用于治疗,跌打损伤
406,药丸,用于治疗,关节疼痛
406,药丸,用于治疗,骨折
406,自制 口服麻醉片,减轻痛苦,患者
406,局部麻醉汁,减轻 痛苦,患者
406,点闻麻醉剂,减轻痛苦,患者
406,李 桐传统骨伤疗法,入选 名录,云南省第四批省级非 物质文化遗产代表性项目名录
406,李昭,担任角色,代表性传承人
407,花街节,壮语 称作,翰圩 芳
407,翰圩芳,意思,赶欢乐街
407,翰圩芳,意思,黑白街
407,黑白街,又称,纥 聋那开秧门街
407,黑白街,又称,歌街歌会
407,花街节,起源时间,无从考证
407,花街节,举办时间,每年农历二、 三月份
407,广 南各村各寨,参与 人员,男女老少
407,参与者,携带物品,花糯米
407,参与者,携带物品,花蛋
407,参与者,携带物品,各色美食
407,参与者,着装特点,节日盛装
407,服饰,装饰元素,五颜六色的壮族刺绣
407,服饰,装饰元素,各种闪亮的 银饰品
407,集会现场,呈现景象,五彩斑斓
407,集会现场,呈现景象,人潮涌动
407,活动内容,包括,会 友
407,活动 内容,包括,对歌
407,活动内容,包括,择偶
407,活动性质,属于,农耕信息交流
407,活动性质,属于,走亲会友
407,活动性质,属于,谈情说爱
407,活动性质,属于,商品交易
407,广南县,举办活动,壮族赶 花街系列文化活动
407,壮族赶花街 系列文化活动,作用,丰富了赶花街的文化内涵
407,壮族赶 花街系列文化活动,作用,增强了民族自信心和自豪感
407,多家媒体,宣传报道对象,花 街节
407,花街节,入选名录,云南省第四批省级非物质文化遗产 代表性项目名录
407,花街节,项目代表性 传承人,陆寿龙
408,金兰村,传统习俗 活动,刀杆 节
408,刀杆节,举行地点,天子寺
408,刀杆节,内容,上刀杆
408,刀杆节,内容,下火海
408,刀杆节,内容,荡秋千表演
408,刀杆节,内容,歌舞
408,刀杆节,内容,唱山歌
408,刀杆节,内容,小调
408,刀 杆节,内容,打 跳
408,刀 杆节,内容,文娱 表演
408,刀 杆节,每年次数,四次
408,春节期间 正月初三、初四的刀杆 节,别称,太平 盛会刀杆节
408,八月十五的刀杆节,别称,科升 科中刀杆节
408,十月十五刀杆节,日期,十月十五
408,冬月十五 刀杆节,日期,冬月十五
408,八月十五刀杆节,持续时间,三天
408,八月十四日,仪式,敬堂封刀仪式
408,敬堂封 刀仪式,主持者,主持人掌堂师傅
408,敬堂封刀仪式,参与者,众东巴
408,刀梯,所用刀具数量,三十六把
408,八月十五 日,活动,爬刀 梯祭天
408,八月十五日,活动,祭诸神
408,寺院中央,竖立 物,两根米多高的杆
408,杆脚下,安放物,两口 犁铧
408,杆脚下,放置物,三十六个碗
408,杆脚下,插放物,三十六面小彩旗
408,杆脚下,点燃物,三十六炷香
408,上午十 时,事件,鞭炮齐 鸣
408,上午 十时,事件,锣 鼓喧天
408,表演,伴奏乐器,笛子
408,东巴们,头戴服饰,东巴帽
408,东巴们,身穿 服饰,红马褂
408,东巴们,腰系物品,红带 子
408,东 巴们,表演舞蹈,东巴舞
408,东巴们,进入场所,正殿
408,东巴们,行为,烧香拜佛
408,东巴们,行为,诵经念咒
408,东巴 们,行为,喝白酒
408,第一个东 巴,手持武器,长 剑
408,第一个 东巴,表演武术,东巴剑术
408,第一个东巴,动作,双手把着刀口赤 足踏在锋刃上一档一 档地依次而上登上杆顶
408,第一个东巴,顶端表演动作,倒 立
408,第一个 东巴,顶端表演动作,横空
408,第一个东巴,顶端表演 动作,飞旋
408,第一个东巴,动作,从刀杆下到 杆脚赤足踩过已烧 红炽烫的两口犁铧
408,犁铧上,撒放物,一把 香面
408,撒香面后现象,浓 烟乍起) 48. (撒香面后现象,火焰升腾
408,舞剑、上刀杆、 过犁铧全套表演,名称,上刀山、下火 海
408,之后 活动,民族打跳) 51. (之后活动,表演
408,第三天 八月十六日,仪式,回堂仪式
408,回堂仪式,主持者,主持人掌堂师傅
408,回堂仪式,参与者,众东巴
408,回堂仪式,地点,本村天子 寺
408,回 堂仪式,目的,恭 送菩萨
408,金兰村民俗刀杆节,含义一,纪念三十六家 祖先举行的祭祖仪式
408,金兰村民俗刀 杆节,含义二,祈求日月天神、龙王、山 神保佑风调雨顺、五 谷丰登、吉祥平安、消 灾免难村寨民族团结和谐友好
408,金兰 村民俗刀杆节,含义 三,祭祀明末清初 本族祖先杨姓读书人金 兰村人心目中的圣人状元称之为 科升科中刀杆节盛会
408,金兰 村民俗刀杆节,含义 四,纪念南诏天子段 思平朝拜天子保佑平安
408,金兰村 民俗刀杆节,含义五,纪念明朝戍边的兵部 尚书王骥
408,金兰刀杆节,发展为,融民间祭祀、 体育竞技、文化娱乐与经贸活动 为一体的大型民俗节庆活动
408,金兰刀杆 节,功能,强化区域 族群、家族认同
408,金兰刀杆节,功能,促进民族团结
408,金兰刀杆 节,功能,促进地方 经济文化发展
408,永胜刀杆节,入选项目,云南省第四批省级 非物质文化遗产代表性项目名录扩展项目 名录
408,永 胜刀杆节,项目代表性 传承人,杨贵明
409,富宁壮 族,有 传统,酿制 妈妈酒
409,妈妈酒,传承方式,母传女
409,制作妈妈酒,最重要 环节,制作中草药酒曲
409,制作妈妈酒的 酒曲,需要药材数量,三十六种中草药材
409,采摘中草药材时间,农历六月初六,山中草药 材长势最好药效最佳
409,采回的药材,处理方式,晾晒 碾碎成粉末待用
409,准备材料,糯米 粉,足够量
409,煮汁材料,黄 皮果叶、柚子叶等十多 味新鲜中草药,放凉后 使用
409,混合比例 成分,糯米粉与碾好的 草药粉,按比例加入
409,混合介质,酒,喷洒用于混合 拌匀
409,混合 好的粉剂形状,揉捏 成一个个小孩拳头大小的药团) 12. (发酵床材料,棉絮、土布或 稻草铺
409,覆盖物,棉被,用于覆盖发酵床
409,发酵第一、二日操作,留出缝隙透入空气 ) 15. (第三天现象,药团上出现白色绒毛
409,自然阴 干后处理,拿到阳光下 晒干) 17. ( 晒干后的成品,"酒曲 , 颜色越白质量越好"
409,中草药酒曲 特点,使酒香持久绵 长) 19. (中草药 酒曲功效,舒筋活血
409,中草药酒 曲功效,涵养滋补) 21. (中草药酒曲功效,健脾养胃
409,中草药酒曲功效,治疗风湿哮喘) 23 . (入选项目,"年中草药 酒曲制作技艺, 云南省第四 批省级非物质文化遗产代表性项目名录"
409,代表性传承 人,玉秀英,中草药酒曲制作技艺
410,《红昭和 饶觉席那 》,讲述内容,苗族青年恋人 追求爱情战胜邪恶势力获得自由 美满生活
410,《 红昭和饶觉席那》,思想内容,强烈的阶级斗争
410,《红昭和 饶觉席那》,体现 精神意志,苗族人民反抗 封建统治阶级压迫
410,《红昭和饶觉席那 》,包含方面,苗 族生活风俗
410,《红昭和饶觉席那》,研究价值,研究苗 族文化不可或缺的经典作品
410,王弘道,整理 改编,《红昭和饶觉席 那》
410,《 红昭和饶觉席那》,发表刊物,《边疆文艺》
410,陶绍虎 、杨世武等苗族学者,完成工作,《红昭和 饶觉席那》的汉文 翻译和古歌曲谱的完善
410,杨新秀,演唱作品,《红昭和饶 觉席那》
410,杨新秀,演出 地点,昆明剧院
410,《红昭和饶觉 席那》,同台演出 团体,小水井苗族 农民合唱团
410,《红昭和饶觉席那 》,入选项目,云南省 第四批省级非物质文化遗产代表性项目 名录
410,《 红昭和饶觉席那》,项目代表性传承人,王 汉哲
411,佤族织 锦,基本 色调,黑色和 红色
411,佤族织锦,辅助 色,黄、绿、白 、蓝、粉红、粉紫 、棕色
411,佤 族织锦,花纹类型,直线
411,佤 族织锦,花纹类型,平行线
411,佤族织锦,花纹类型,方形
411,佤族织锦,花纹类型,三角形
411,佤族织锦,花纹类型,菱形
411,佤族织锦,主要 工具,竹木制腰机
411,竹木制 腰机,部件数量,十七个
411,佤族织锦技艺,主要 工序,捻线搓线
411,佤族织 锦技艺,主要工序,绕线
411,佤族织锦技艺,主要 工序,排线
411,佤族织锦技艺,主要工序,挑花
411,佤族 织锦技艺,主要工序,织布
411,佤族织锦技艺,传承方式,家庭传承
411,佤族织锦 技艺,入选项目,中国 第五批国家级非物质文化遗产代表性项目 名录
411,佤 族织锦技艺,项目代表性 传承人,娜汉
412,滇南石 狮雕刻技艺,传入地区,云南地区
412,玉溪市通 海县,代表性技艺,石狮雕刻技艺
412,工匠,依据因素,摆放场所/地点
412,工匠,制作材料,窑泥/石膏
412,工匠,选用石料,青 石/砂石/汉白玉
412,工匠,使用工具,锤/錾/ 刀/切割机/砂轮机 /角磨机/磨光机 /铁杆
412,滇南石狮,特点,造型独特
412,滇南石狮,特点,形神兼 备
412,滇南石狮,头部特征,头大
412,滇南石狮,身体比例,腿细
412,滇南石狮,面部特征,脑凸鼻凹耳如 卷叶
412,滇南石狮,尾部特征,尾毛卷曲
412,滇南石狮,体毛 形态,似火焰形
412,狮头,装饰元素,鬃毛 飘忽纹理清晰
412,狮身,姿势设计,半蹲式
412,狮 身,肢体特征,四肢 发达
412,整体形象,风格特点,挺拔圆润
412,整体形象,动态表现,活泼灵动
412,滇南 石狮雕刻技艺,追求目标,细腻与精致
412,社会发展趋势,影响结果,工艺复杂导致 改雕北方石狮
412,滇南石 狮,现状问题,受到 冲击
412,独立设计与制作艺人,数量 变化,越来越少
412,滇南石狮 雕刻技艺,保护状态,亟需加强保护
412,滇南石狮 雕刻技艺,入选名录,云南省第三批省级非物质文化遗产代表性 项目名录
412,项目代表性传承人,姓名,鲁永红
412,项目代表性 传承人,姓名,解 智达
413,平川狮 灯,起源 时间,嘉庆年间
413,平 川狮灯,流传地区,云南省大理市宾川县 平川镇及周边乡镇
413,平川狮灯,演出时间,每年正月初一 至十五以及重大节庆日
413,平川狮灯,组成部分,道具狮子
413,平川狮灯,组成部分,马鹿
413,平川狮灯,组成部分,白鹤
413,平川狮灯,组成部分,麒麟
413,平川狮灯,伴奏乐器,唢呐
413,平川狮灯,伴奏乐器,鼓
413,平川狮 灯,伴奏乐器,钹
413,平川 狮灯,伴奏乐器,锣
413,平 川狮灯,伴奏乐器,镲
413,平川狮灯,伴奏乐器,大铃
413,平川狮灯,入选名录,云南省第四批省级 非物质文化遗产代表性项目名录
413,平川狮灯,项目代表性传承人,李 文芳
413,平川狮灯,功能属性,满足百姓大众期盼美好生活的心理 需求
413,平 川狮灯,功能属性,满足精神文化生活需要
413,平川狮灯,特点,具有观赏和 娱乐性
413,平川狮灯,作用,增加节庆的喜庆氛围
413,平川狮 灯,制作工艺现状,复杂且没固定标准
413,平川狮灯,传承方式,仅凭上 辈艺人的亲身传授
413,平川狮灯,面临问题,老艺人逐渐 减少
413,平 川狮灯,面临问题,年青人参与较少
413,平川狮灯,面临问题,面临断 代
414,祭天古 歌,所属 民族,傈僳 族
414,祭天古歌,使用 语言,傈僳语
414,祭天古歌,流传地区,维西县 叶枝镇
414,祭天古歌,举行时间,每年夏历冬月傈 僳族正月
414,祭天古歌,持续时间,三天三夜
414,祭天古歌,主持 角色,祭天师
414,祭天古歌,记录者,哇忍波
414,祭天古 歌,整理译注者,罗常培
414,祭天古歌,整理 译注者,张征东
414,祭天 古歌,整理译注者,木玉璋
414,祭天古歌,整理译注者,浩 杰辉
414,祭天古歌,整理译 注者,丰庆忠
414,祭天古 歌,保存部数,十七部
414,祭天古歌,内容主题,神话传说
414,祭天古歌,内容主题,历史故事
414,祭天古歌,内容主题,自然现象
414,祭天 古歌,内容主题,节令气候
414,祭天古歌,内容 主题,生产生活
414,祭天古歌,内容主题,传统医药
414,祭天古 歌,内容主题,求 神祈福
414,祭天古歌,文化属性,记录和反映傈僳族 历史文化的重要资料
414,祭天古歌,传承 状态,广泛传承
414,祭天古歌,谱系特征,清晰
414,祭天古 歌,面临困难,吟 唱禁忌较多
414,祭天古歌,面临 困难,语言限制
414,祭天古歌,面临困难,习俗限制
414,祭天古 歌,入选名录,云南省 第四批省级非物质文化遗产代表性项目 名录
414,祭 天古歌,代表性传承人,余志新
414,祭天古歌,代表性传承人,余辉
414,祭天 古歌,代表性传承人,大力
415,昌宁彝 族唢呐乐,属于,民间传统音乐
415,昌宁彝族唢 呐乐,流传地区,保山昌宁珠街彝族
415,昌宁彝 族唢呐乐,起源,南诏国宫廷
415,昌宁彝族唢呐 乐,传承方式,父子 相传
415,昌宁 彝族唢呐乐,传承 方式,师徒相传
415,昌宁彝族唢呐 乐,使用场合,祭祀
415,昌宁彝 族唢呐乐,使用场合,婚丧娶嫁
415,昌宁彝族唢 呐乐,使用场合,建房竖柱
415,昌宁彝族唢呐乐,使用场合,老人过 寿
415,昌 宁彝族唢呐乐,使用场合,庆祝丰收
415,昌宁彝族 唢呐,类型,吹 管乐器
415,昌宁彝族唢呐,管身材质,木制
415,昌宁彝 族唢呐,形状,圆椎形
415,昌宁彝族唢呐,上端部件,带哨 子的铜管
415,昌宁彝族唢呐,下端部件,铜制的 喇叭口
415,昌宁彝族唢呐,别称,碗口
415,昌宁彝族 唢呐,别称,喇叭
415,昌 宁彝族唢呐,音色 特点,明亮
415,昌宁彝族唢呐,音量特点,大
415,昌宁彝 族唢呐,发音特点,高亢
415,昌宁彝族唢呐,发音特点,嘹亮
415,昌宁彝 族唢呐乐,应用领域,吹歌会
415,昌宁彝族唢呐 乐,应用领域,秧歌 会
415,昌 宁彝族唢呐乐,应用领域,鼓乐班
415,昌宁彝族 唢呐乐,应用领域,地方曲艺
415,昌宁彝族唢呐乐,应用领域,戏曲伴奏
415,昌宁彝 族唢呐曲调,分类,祭祀调
415,昌宁彝族唢呐 曲调,分类,喜庆 调
415,昌 宁彝族唢呐曲调,分类,忧伤调
415,祭祀调,代表性曲目,《敬香调》
415,祭祀调,代表性曲目,《敬酒 调》
415,祭祀调,代表性曲目,《 敬茶调》
415,喜庆调,代表性曲目,《开堂调》
415,喜庆调,代表性曲目,《压棚调》
415,喜庆调,代表性曲目,《迎客 调》
415,喜庆调,代表性曲目,《 过山调》
415,喜庆调,代表性曲目,《拜堂调》
415,忧伤调,代表性曲目,《开咽喉调》
415,忧伤调,代表性曲目,《隔娘 调》
415,忧伤调,代表性曲目,《 下葬调》
415,忧伤调,代表性曲目,《隔魂调》
415,昌宁彝族 唢呐乐,入选项目,云南省第四批省级非物质文化遗产 代表性项目名录扩展项目名录
415,昌宁彝族 唢呐乐,项目代表性传承 人,张正祥
416,大关县,苗族 花山节,岛庭捞
416,岛庭捞,含义,欢跃地 看山变为城
416,花山节,举行时间,每年农历五月初 五
416,花山节,参与范围,全县九个乡镇及周边地区
416,花 山节,辐射地区,贵州威宁
416,花山节,辐射 地区,四川高县
416,花山节,辐射地区,珙县
416,苗 族,迁居时间,清代光绪末年
416,苗族,迁 出地,贵州石门坎
416,苗族,迁出地,四川珙县
416,苗族,迁入地,昭通大 关县天星镇凉风坳 一带
416,大关县,创办学校,凉风小学
416,凉风小学,创办目的,庆祝花 山节
416,花山节,最初 活动,祭祀活动
416,花山节,仪式环节,立花 杆
416,花山节,祭祀对象,祖先
416,花山节,祭祀对象,神灵
416,花山节,后续活动,跳芦 笙舞
416,花山节,后续 活动,对歌
416,花山节,后续活动,踢球比赛
416,花山节,新增活动,篮球
416,花山节,新增 活动,足球
416,花山节,新增活动,田径
416,花山 节,新增活动,爬山
416,花山节,新增活动,射弩
416,花山节,新增活动,赛马
416,花山 节,新增活动,绩 麻
416,花山节,新增活动,穿针
416,花山节,新增活动,服饰展示
416,花 山节,新增活动,文艺演出
416,花山节,新增 活动,篝火晚会
416,花山 节,新增活动,物资 交流
416,芦笙舞,特色,古朴而独具特色
416,芦笙舞,保留内容,十大芦 笙套曲
416,十大芦笙套曲,包括,《嘎绕》
416,十大 芦笙套曲,包括,《 更多吉》
416,十大芦笙套曲,包括,《更踏》
416,十大 芦笙套曲,包括,《 更逃》
416,十大芦笙套曲,包括,《更猎法》
416,十大芦笙套曲,包括,《更走》
416,十大芦笙套 曲,包括,《更咋得 》
416,十大芦笙套曲,包括,《更改嘎》
416,十大芦笙 套曲,包括,《更尝 斗》
416,十大芦笙套曲,包括,《更朝吉》
416,大 关苗族花山节,代表性项目,大鼓
416,大关 苗族花山节,代表性 项目,射弩
416,大关苗 族花山节,入选名录,云南省第一批省级非物质文化遗产 代表性项目名录
416,大关苗族花 山节,代表性传承人,杨兴明
416,大关苗族 花山节,代表性传承人,韩义友
416,大关苗 族花山节,代表性传承 人,张明清
417,车灯,表演形式,说、唱、 舞于一体
417,车灯,内容来源,传统和古典文学著作中 的故事
417,车灯,涵盖领域,文学
417,车灯,涵盖领域,历史
417,车灯,涵盖领域,民俗
417,车灯,涵盖领域,人伦理义
417,车灯,涵盖领域,忠孝节义
417,艺人,能力,根据不同 场合即兴填词创作
417,唱词格律,类型,七字句
417,唱词格 律,类型,五字 句
417,传统 形式,人数,三人
417,传统形式,角色分配,一人男扮 女装饰演幺姑
417,传统形式,角色分配,二人为逗灯手
417,表演结构,领唱者,一人
417,表演结构,帮腔者,包括乐队在内的 其他人
417,水 富车灯,灯调数量,三个
417,水富车灯,灯 调名称,正调
417,水富车灯,灯调名称,下 河调
417,水富车灯,灯调 名称,南路调
417,伴奏乐器,主要 类型,锣
417,伴奏乐器,主要类型,鼓
417,伴奏乐器,主要类型,钹
417,伴奏乐器,主要类型,小马锣
417,伴奏乐器,主要类型,二胡
417,伴奏乐器,主要类型,笛子
417,伴奏特点,以...为主,锣鼓
417,道具,主要类型,手帕
417,道具,主要类型,扇子
417,道具,主要类型,花 枪
417,车 灯内容,承载文化内涵,民俗
417,车灯内容,承载文化内涵,历史
417,车灯内容,承载文化 内涵,生态
417,车灯内容,承载 文化内涵,人文
417,车灯形式特点,风格,风趣幽默
417,车灯形式特点,特点,贴切民众
417,车灯 形式特点,特点,浓烈 的乡土气息
417,车灯形式特点,特点,亲民性
417,车灯行业,掌门人要求,德才兼 备
417,传承 方式,类型,固定的师徒 间口口相传
417,兴盛时期著名艺人,名单,邓月安
417,兴盛时期著名艺人,名单,周开金
417,兴盛时期 著名艺人,名单,曹 仁金
417,兴盛时期著名艺人,名单,周茂纯
417,兴盛时期著名艺人,名单,冯奎
417,车灯现状,面临问题,老一辈艺人逐渐老 去
417,车 灯现状,面临问题,城镇化进程日益加快
417,车灯现状,面临 问题,外来艺术和娱乐形式 涌入
417,车 灯现状,面临问题,年轻一代不愿学习
417,车灯现状,状态,濒临失传的边缘
417,车灯,入选名录,云南省第四批省级 非物质文化遗产代表性项目名录
417,项目代表性传承人,姓名,冯奎
418,白族阿 吒力民俗音乐,属于,传统仪式乐舞
418,白族 阿吒力民俗音乐,融合,音乐与舞蹈
418,白族阿吒 力民俗音乐,传入时期,南诏时期
418,白族阿吒力 民俗音乐,传入地点,云南大理白族地区
418,白族阿吒 力民俗音乐,结合对象,白族土著文化
418,白族阿吒 力民俗音乐,关联宗教,阿吒力教
418,阿吒力教,所属宗派,佛教 密宗
418,阿吒力教,兴盛 时期,南诏中晚期
418,阿吒 力教,延续朝代,元、明、清
418,白族阿 吒力民俗音乐,演唱形式,近两百首腔调
418,白 族阿吒力民俗音乐,伴奏乐器,龙头三弦
418,白 族阿吒力民俗音乐,伴奏乐器,哑胡
418,白族 阿吒力民俗音乐,伴奏 乐器,唢呐
418,白族阿 吒力民俗音乐,伴奏乐器,芦管
418,白族阿吒 力民俗音乐,吸收元素,白族民间音乐
418,白族阿 吒力民俗音乐,吸收元素,白族舞蹈
418,白语,声调数量,六到 八个
418,汉字白读,定义,用白语声调读汉字
418,白族阿吒力民俗音乐,演唱方式,汉字白读
418,白族阿吒力民俗音乐,独特风格,创造性改动音乐
418,剑川阿吒力,专属 曲调,超度亡灵时的 白文经荐亡白词
418,施 食时唱词,格式,三七七五式山花体
418,施食时唱词,语言,白语
418,施食时唱 词,演唱调式,祭祀调
418,白族阿吒力民俗 音乐,入选项目,云南省 第四批省级非物质文化遗产代表性项目 名录
418,白族阿吒力民俗音乐,代表性传承人,杨 云轩
418,白族阿吒力民俗 音乐,代表性传承人,张宗义
418,白族阿吒力 民俗音乐,代表性传承人,罗金科
418,白族阿吒 力民俗音乐,代表性传承人,车玉江
419,七甸,历史地位,马帮商贾 云集之地
419,七甸,特色产品,卤腐
419,卤腐,类别,红方
419,卤 腐制作工艺,包括步骤,大豆筛选
419,卤 腐制作工艺,包括步骤,浸泡
419,卤腐 制作工艺,包括步骤,磨 浆
419,卤腐 制作工艺,包括步骤,过滤
419,卤腐制作 工艺,包括步骤,煮浆
419,卤腐制作 工艺,包括步骤,制浆
419,卤腐 制作工艺,包括步骤,成型
419,卤腐 制作工艺,包括步骤,压榨
419,卤腐 制作工艺,包括步骤,切 块
419,卤 腐制作工艺,包括步骤,前发酵
419,卤腐制作工艺,包括步骤,晾晒
419,卤腐制作工艺,包括步骤,腌胚
419,卤腐制作工艺,包括 步骤,后发酵
419,卤腐制作工艺,包括步骤,包装醇化
419,七甸气候 特点,类型,凉爽干燥
419,七甸 水质特点,属性,偏 碱性
419,七 甸水质用途,作为水源地,多家矿泉水厂
419,卤腐特点,外观特征,外红里黄
419,卤腐 特点,口感特征,味 香不咸
419,卤腐特点,质地特征,质地爽滑
419,卤腐营养成分,包含物质,多肽
419,卤腐营养成分,包含物质,氨基酸
419,卤腐营养成分,包含物质,低聚肽 类
419,卤 腐保健功能,具有功效,抗衰老
419,卤腐保健功能,具有功效,降血脂
419,卤腐保健功能,具有功效,调节胰岛素
419,七甸卤腐 制作技艺,入选名录,云南省第四批省级非物质文化遗产代表性 项目名录
419,七甸卤腐制作技艺,代表性传承人,郭少伟
419,《呈 贡县志》记载内容,涉及时期,明朝洪武年间
419,《呈贡 县志》记载内容,描述 对象,七甸的卤腐 制作兴盛情况
420,纳西族 打跳,纳西语名称,毕哩搓姿蹉 咚劳丽蹉
420,纳西族打跳,汉语含义,边歌边 舞
420,纳西 族打跳,最早记载文献,《云南志略》
420,纳西族打跳,历史记录载体,明朝 木公诗
420,纳西族打跳,文化 典籍来源,东巴经
420,纳西族打 跳,活动场所,四方 街
420,纳西 族打跳,活动场所,三朵阁
420,纳西族打跳,活动场所,玉峰寺
420,纳西族打 跳,基本步伐类型,交叉行进
420,纳西族打跳,基本 步伐类型,跺跳
420,纳西族打 跳,基本步伐类型,对脚跳
420,纳西族打跳,具体舞步名称,两跺脚 七步
420,纳西族打跳,具体 舞步名称,单打脚六 步
420,纳 西族打跳,具体舞步 名称,抬脚跳七步
420,纳西 族打跳,具体舞步名称,两跳两跺脚
420,纳西族 打跳,运动方式特征,连臂一体小我连接大 我圆形移动
420,纳西族打跳,动作模仿对象,动物
420,纳西族打 跳,动作模仿对象,生产劳动
420,纳西族打跳,功能 目的,健身
420,纳西族打跳,功能目的,娱乐
420,纳西族打 跳,功能目的,交际
420,纳西 族打跳,起源背景,古老丧葬舞蹈
420,纳西族打跳,演变过程,宗教民俗 化
420,纳 西族打跳,文化属性,原始身体运动的文化遗存
420,纳西 族打跳,定位描述,最为古老的民间舞蹈
420,纳西族打跳,现代发展形态,寓 艺术教育、健身娱乐、礼仪教育 及社会交际为一体的体育娱乐和艺术 活动
420,纳 西族打跳,艺术审美 特征,和合稳重
420,纳西族打 跳,文化地位,纳 西族传统文化的重要组成部分
420,纳西族打跳,濒危原因,时代 变迁
420,纳 西族打跳,濒危 原因,外来文化冲击
420,纳西族打 跳,濒危原因,农村青年进城务工
420,纳西族打跳,濒危现状,老一辈纳 西艺人逐渐离世
420,纳西族打跳,保护级别,云南省第四 批省级非物质文化遗产代表性项目名录
420,纳西 族打跳,项目代表性传承 人,和向军
421,石屏县 彝族刺绣,依附于,花腰彝族服饰
421,石 屏县彝族刺绣,属于,传统美术形式
421,石屏县彝 族刺绣,包含图案类型,植物图案
421,石屏县彝族刺绣,包含图案类型,动物 图案
421,石屏县彝族刺绣,包含图案类型,自然现象图案
421,石 屏县彝族刺绣,包含 图案类型,几何图案
421,石屏县 彝族刺绣,包含图案类型,文字图案
421,植物图案,包括,马樱花
421,植物图案,包括,山茶花
421,植物图案,包括,牡丹花
421,植物图案,包括,石榴花
421,植物图案,包括,火草花
421,植物图案,包括,杨梅花
421,植物图案,包括,荷花
421,植物图案,包括,浮萍花
421,动物图案,包括,孔雀
421,动物图案,包括,鸳鸯
421,动物图案,包括,蝴蝶
421,动物图案,包括,喜 鹊
421,动物图案,包括,凤凰
421,动物图案,包括,虎
421,动物 图案,包括,螺蛳
421,自然 现象图案,取材于,山川
421,自然现象图案,取材于,河流
421,自然现象图案,取材于,太阳
421,自然现象图案,取材于,月亮
421,自然 现象图案,取材于,彩虹
421,几何图案,包括,八角 花
421,几何图案,包括,菊花
421,几何图案,包括,窗花
421,几何图案,包括,弯字
421,几何图案,包括,蚂蚁路
421,文字图案,使用内容,福寿禧
421,文字图案,寓意,幸福平安
421,文字图案,寓意,长命百岁
421,文字 图案,寓意,富贵吉祥
421,刺绣工艺,底样制作方法,剪纸艺人剪出
421,刺绣工艺,固定方式,用面 浆粘贴于布上
421,刺绣工艺,使用材料,各色丝 线
421,刺绣工艺,技法特点,手工一针一线绣制
421,刺绣 配色,主色调,红 黑色
421,刺绣配色,辅助色,黄蓝绿白各色
421,刺绣 图案特征,对称方式,中心对称
421,刺绣图案特征,对称 方式,轴对称
421,石屏彝 族刺绣,入选项目,云南省第三批省级非物质文化遗产代表性 项目名录扩展项目名录
421,石屏彝 族刺绣,代表性传承人,普丽仙
421,石屏彝族 刺绣,代表性传承人,罗秀珍
421,石屏彝族刺绣,代表性传承人,龙 秀珍
421,石屏彝族刺绣,代表性传承人,普发 珍
422,西双版 纳,是,普洱茶主要生产 地
422,西双版纳,是,普洱茶传承地
422,西双版纳,是,大叶种茶主要 基地之一
422,阮 福《普洱茶记》,记载,所谓普洱茶者非普洱 界内所产盖产于府 属之思茅厅界也
422,思茅厅界,有茶山六处,倚邦
422,思茅厅界,有茶 山六处,架布
422,思茅厅界,有茶山六处,习崆
422,思茅厅界,有茶 山六处,蛮砖
422,思茅厅界,有茶山六处,革登
422,思茅厅界,有 茶山六处,易武
422,六大茶 山,均在,西 双版纳境内
422,传统制作技艺,以 ...最具代表性,七子饼 茶
422,西 双版纳普洱茶,主要制作 工艺包括,采摘
422,西双版纳普洱茶,主要制作工艺包括,揉捻
422,西双版纳普洱茶,主要 制作工艺包括,晒干
422,西双版 纳普洱茶,主要制作工艺包括,筛拣
422,西双版纳普洱茶,主要制作工艺包括,拼 配
422,西 双版纳普洱茶,主要制作 工艺包括,蒸软
422,西双版纳 普洱茶,主要制作工艺包括,做型
422,西双版纳普洱茶,主要制作工艺包括,压制
422,西双版 纳普洱茶,主要制作工艺包括,晾干
422,西双版纳普洱茶,主要制作工艺包括,包装
422,茶菁原料 的拼配,犹如,烹饪的配菜、拼盘
422,茶菁原料 的拼配,是保证,茶叶品质和某一特定滋味、 茶气的核心
422,茶叶,分为,春 、夏、秋三季茶
422,同一地区,由于时令、季节变化,茶菁的内含物质和 外观、等级都有较大差别
422,不同地区,产的茶菁差别更明显) 28. (加工出一定 品质和滋味的茶叶,"必不可少 生产环节是, 茶菁的 拼配、重新组合"
422,拼配,分为,同一茶区不同节令 茶的拼配
422,拼配,分为,同一节令不同地区茶的 拼配
422,拼配,分为,不同 等级茶的拼配
422,拼配,没有 固定模式,其比例主要取决于 滋味、品质和客户的要求
422,一般按,盖面茶、茶、二梭 茶合饼加工) 34 . (具体制作方式,"先 进行, 主料的拼配"
422,主料 的拼配,即按比例 将,不同节令和等级 的茶菁拼配混合
422,待加工蒸压 环节,首先把少量芽茶 放在,蒸筒底部
422,待加工蒸压 环节,其次放入,拼 配好的茶菁
422,待加工蒸压环节,再放入,二梭茶
422,待加工 蒸压环节,蒸软用 索片分三方倾斜插入筒内 壁在空隙处放入,芽 茶
422,待 加工蒸压环节,再放入,盖面茶
422,待加工蒸压环节,进行,复蒸
422,达到设定的温度 和时间后,将茶倒入,三角布袋揉制
422,达到设定的温度和 时间后,再用石磨手工 压制成形) 44. ( 冷却后,解袋晾晒
422,传统手工 压制的西双版纳七子 饼普洱茶,条索清晰白 毫显露美观大方松紧适度透气 性好便于后发酵久存更佳方便 取用) 46. ( 传统手工压制的西双版纳 七子饼普洱茶,产品深受 茶商欢迎供不应求
422,年西双版纳普洱茶 传统制作工艺,入选,云南省级非物质文化遗产代表性项目名录 扩展项目名录
422,项目代表性传承人,包括,张毅
422,项目代表性传承人,包括,庄建丽
422,项目代表性传承人,包括,毛云生
422,项目代表性传承人,包括,桂云芝
423,呈贡区,主要剪纸 形式,纹样 剪纸
423,呈贡区,主要剪纸 形式,装饰剪纸
423,呈贡区,主要 剪纸形式,民俗剪纸
423,纹样剪纸,用途,服饰刺绣底样
423,纹样剪纸,包括,鞋花
423,纹样剪纸,包括,围腰花
423,纹样剪纸,包括,帐檐花
423,纹样剪纸,包括,帽 花
423,纹样 剪纸,包括,枕头花
423,纹样剪纸,包括,包头花
423,纹样剪纸,包括,被面花
423,纹样剪纸,包括,儿童背被花
423,装饰剪纸,用途,节庆窗 花
423,装饰 剪纸,包括,十二生肖
423,装饰剪纸,包括,狮子滚绣球
423,装饰剪纸,包括,凤穿牡丹
423,装饰剪纸,包括,鸳鸯戏水
423,装饰剪纸,包括,鲤鱼跳龙门
423,民俗剪纸,用途,祭祀
423,民俗剪纸,包括,摇钱 树
423,民俗 剪纸,包括,金童玉 女
423,民俗 剪纸,包括,金山银山
423,民俗剪纸,包括,波绕船
423,民俗剪纸,包括,寿钱
423,民俗剪纸,包括,望乡台
423,民俗剪纸,包括,奈何桥
423,民俗剪纸,包括,度魂 车
423,民俗 剪纸,包括,引魂幡
423,民俗剪纸,包括,十王
423,呈贡剪纸,创作手法,去粗取 精删繁就简
423,呈贡剪纸,创作手法,造型夸张
423,呈贡剪纸,制作方法,剪刀剪
423,呈贡剪纸,制作方法,刀剪
423,剪刀剪,步骤,剪完后粘贴 几张不超过张的剪纸
423,剪刀剪,步骤,用锋利剪刀对图案进行 加工
423,刀 剪,步骤,把纸张 折成数叠放在松软底 垫上
423,刀剪,步骤,用 小刀慢慢刻划
423,刀剪,优势,一次可以加工多个剪纸图案
423,呈贡 剪纸,主题内容,民俗
423,呈贡 剪纸,主题内容,信仰
423,呈贡 剪纸,主题内容,哲学
423,呈贡 剪纸,传承人群体,乡间妇女
423,呈贡剪纸,入选项目,云南省第三批省级非物质 文化遗产代表性项目名录扩展项目名录
423,呈贡剪纸,项目代表性传承人,袁狱兰
424,竹编,傣语名称,散美
424,花腰傣,擅长技艺,传统竹编制作技艺
424,花腰 傣聚居村寨周边,环境特征,溪水淙淙 翠竹环绕
424,花腰傣人,利用资源,竹子
424,傣族竹编 工序,包括步骤,起底 、编织、锁口
424,编织过程,主要方法,经纬编织法
424,部分竹 编制品,穿插技法,疏编、插、穿、削 、锁、钉、扎、套
424,竹 编制品,主要类型,秧箩、背箩、斗笠
424,竹 编制品,次要类型,鱼笼、鳝笼、竹蔑 桌凳、果篮
424,竹编制品,祭祀用具类型,达 辽
424,傣族竹编,反映 内容,花腰傣的特色文化 、习俗风情
424,傣族竹编,作为陪嫁品属性,花腰傣女子出嫁时娘家 陪嫁中必不可少的物品
424,鸡枞斗 笠,所属民族标志,花腰傣区别于其他傣族的最 显著标志
424,鸡枞斗笠,服饰组成部分,花腰傣服饰 的重要组成部分
424,竹编制品,地位 关联,与傣族古老神秘的 礼俗相依存
424,竹编制品,研究价值领域,婚 俗、葬礼、信仰等历史文化
424,傣 族竹编,入选项目,云南省第四批省级非物质文化遗产 代表性项目名录
424,李正清,身份角色,项目代表性传承人
425,彝族羊 皮褂,历史渊源,唐代 《蛮书》记载云南 先人男女皆披羊皮
425,彝族羊 皮褂,制作流程步骤,剥皮
425,彝族羊皮褂,制作 流程步骤,晒干
425,彝族羊皮褂,制作流程步骤,泡 水
425,彝族 羊皮褂,制作流程步骤,用脚蹬平
425,彝族羊皮褂,制作流程步骤,抹 鸡油边晒边揉
425,彝族羊皮褂,制作流程步骤,用 湿沙子捂冬季两夜其他季节 一夜
425,彝族 羊皮褂,制作流程步骤,用脚蹬蹬长蹬 宽
425,彝族 羊皮褂,制作流程步骤,铲平白土垡磨 白
425,彝 族羊皮褂,制作流程 步骤,裁剪
425,彝族羊皮褂,制作流程步骤,缝制
425,彝族 羊皮褂,分类,绵羊皮
425,彝族羊皮褂,分类,山羊皮
425,绵羊皮羊皮褂,特点,毛向内
425,绵羊皮羊 皮褂,特点,下部 有绣花
425,绵羊皮羊皮褂,功能,保暖
425,山羊皮褂,选 材标准,毛长
425,山羊皮褂,选材标准,色黑
425,彝族 羊皮褂,结构要求,用两张上好羊皮剪 裁、缝制而成
425,彝族羊皮褂,结构要求,保留四只 脚和一条羊尾的皮完好
425,彝族 羊皮褂,功能,御寒
425,彝族羊皮褂,功能,装饰
425,彝族羊皮褂,功能,劳保
425,彝族羊皮褂,功能,行李
425,彝族羊皮 褂,功能,社交
425,彝族羊 皮褂,文化意义,影响服饰文化演变和发展
425,彝族羊皮褂,婚俗用途,永 仁彝族姑娘出嫁必备嫁 妆
425,彝 族羊皮褂制作技艺,现状,熟练掌握的匠人日渐 减少
425,彝 族羊皮褂制作技艺,面临困境原因,外来服饰文化 冲击
425,彝 族羊皮褂制作技艺,面临困境原因,食用带皮 羊肉的人增加导致天然羊皮来源 减少
425,彝 族羊皮褂制作技艺,荣誉,入选云南省第四批省级 非物质文化遗产代表性项目名录
426,傣族传统 木雕,分类,圆雕
426,傣 族传统木雕,分类,浮雕
426,傣族传统木雕,分类,透雕
426,圆雕,代表作品,泼水龙
426,泼水龙,用途,芒市傣族泼水节 浴佛仪式道具
426,泼水龙,功能特性,龙口能喷水浴 佛
426,奘房,必备物品,泼水 龙
426,圆雕,题材包括,佛像
426,圆雕,题材包括,神像
426,圆雕,题材包括,神兽
426,浮雕,规格尺寸,厘米厘米厚厘米
426,浮雕,雕刻 内容,佛经故事
426,浮雕,艺术 地位,芒市傣族传统 木雕最高水准
426,浮雕,用途属性,赕佛供品
426,浮雕,悬挂位置,奘房佛像两侧
426,透雕,代表性作品,佛龛
426,傣族传统木 雕,风格特点,独特
426,傣族 传统木雕,吸收元素,东南亚木雕艺术特色
426,傣族传统木 雕,注重特性,实用性
426,傣族 传统木雕,注重特性,装饰性
426,傣族传统木雕,造型特征,庄严古朴
426,傣族传统木 雕,文化内涵,历史文化
426,傣族 传统木雕,文化内涵,佛教文化
426,傣族传统木雕,艺术价值,较强艺术感染力
426,傣族 传统木雕,所属领域,傣族传统文化组成部分
426,傣族传统木雕,展现技能,较高雕刻 技能
426,傣 族传统木雕,面临问题,部分遭到破坏
426,破坏表现,具体 案例,奘房建筑木质雕刻 大量流失
426,破坏表现,具体案例,传统木雕泼水龙改用铁皮 等非传统材料制作
426,传承现状,存在问题,艺人老年化严重
426,传承现状,评价描述,不容乐观
426,傣族木雕,入选名录,云南省第四 批省级非物质文化遗产代表性项目名录
426,项目代表性 传承人,姓名,腾 四
427,永德县 彝族俐侎人,有,葫芦笙舞
427,葫芦笙舞,历史始于,元 朝泰定年间
427,葫芦笙舞,分为,小歌
427,葫芦笙舞,分为,大歌
427,小 歌,参与者,男女老 幼
427,小歌,音乐节奏,缓慢
427,小歌,舞蹈动作,轻快优美
427,小歌,表演形式,一人唱调众人 配合踏舞
427,大歌,参与者,男性 青壮年
427,大歌,动作特点,刚健有力
427,大歌,音乐风格,热情豪放
427,大歌,表演 形式,一人领唱众人齐 声回应
427,葫芦笙舞,围圈方向,逆时针
427,葫芦笙舞,特殊跳法,独舞
427,葫芦笙舞,特殊跳法,顺 时针
427,大歌,主要动作,跺、腾、踢、提、 迈、踮、转身跳跃
427,小歌,主要动作,左右脚踏步、 迈、抬、擦地、转身 、摆手
427,葫芦笙,类型,大葫芦笙
427,葫芦笙,类型,小葫芦笙
427,传统规则,规定,有大芦笙不吹奏小芦 笙不得出声音
427,演奏顺序,前导 者,吹大葫芦笙者
427,演奏顺序,跟随者,吹小 葫芦笙者
427,舞蹈队列,组成,众人跟在小葫芦笙后面踏 歌而舞
427,祭祀性舞蹈,包括,起头歌
427,祭祀性舞蹈,包括,接歌
427,祭祀性舞蹈,包括,小 直歌
427,祭祀性舞蹈,包括,踮 歌
427,祭祀 性舞蹈,包括,蹩脚 歌
427,祭祀 性舞蹈,包括,绕棺 歌
427,祭祀 性舞蹈,包括,抵孝 歌
427,自 娱性舞蹈,包括,大 直歌
427,自娱性舞蹈,包括,跺三脚
427,自娱性舞蹈,包括,扫地歌
427,自娱性舞蹈,包括,箐鸡摆尾
427,自娱性舞蹈,包括,阿弩西和
427,自娱性 舞蹈,包括,二退四
427,自娱 性舞蹈,包括,斑鸠 吃水
427,自娱性舞蹈,包括,靠篱笆
427,自娱性舞蹈,包括,对脚歌
427,自娱性舞蹈,包括,滑歌
427,自娱性舞蹈,包括,赶牛歌
427,自娱性舞蹈,包括,喜鹊歌
427,自娱性舞蹈,包括,吵脚歌
427,自娱性 舞蹈,包括,里翻外 里
427,自 娱性舞蹈,包括,阴 事扫地歌
427,忧事歌,包括,绕棺歌
427,忧事歌,包括,抵孝歌
427,忧事歌,包括,阴事扫地歌
427,喜事歌,对应 其他舞蹈套路) 50. (葫芦笙舞传承,"范围 , 上至六七十岁的老人下 至几岁小孩"
427,葫芦笙舞,入选 项目,云南省第三批省级非 物质文化遗产代表性项目名录扩展项目名录
427,项目代表性 传承人,是,曹 福昌
427,项目代表性传承人,是,张金保
428,甸北白 族田埂调,属于,白族民歌
428,甸北白族 田埂调,形式,对口山歌
428,甸北白族田埂调,使用语言,汉语
428,甸北白族田 埂调,起源,汉 调
428,汉调 融入时间,元、明代) 6. (汉调融入原因,屯田制度实施
428,流传地区,云南省 大理白族自治州鹤庆县辛屯 镇) 8. (流传地区,云南省大理白族自治州鹤庆 县草海镇
428,历史时长,近千年) 10. (伴奏乐器,小三弦
428,伴奏乐器,笛子) 12. (伴奏乐器,柳叶
428,表达主题,悲欢离 合) 14. (表达 主题,爱恨情愁
428,演唱结构引 子,阿小妹哥) 16. (内容分类,《 相思调》
428,内容分类,《相交调》 ) 18. (内容分类,《采花调》
428,内容分类,《 叙苦情》) 20 . (歌词创作方式,即 兴随编随唱
428,词句结构,七言二句) 22 . (词句结构,九 言二句
428,修辞手法,拟人) 24. (修辞手法,比喻
428,修辞手法,夸张) 2 6. (文化属性,全民 性歌谣
428,功能用途,情绪表达媒介 ) 28. (所属领域,白族传统文化
428,保护措施,大理 民歌赛) 30. (传承活动形式,集会开展
428,非遗级别,云南省第四批省级非物质 文化遗产代表性项目名录) 32 . (代表性传承人,洪 子盛
429,文山苗 族花山节,举办时间,春节过后的正月初二 、初三至初八
429,文山苗族花 山节,收杆仪式日期,第四天
429,文山苗族花山节,代表性地区,马关 县
429,文山 苗族花山节,别 称,踩花山
429,文山苗族花 山节,别称,踩山
429,文 山苗族花山节,苗语名称,够道厚 道
429,文山 苗族花山节,历史 渊源,纪念苗族祖先征战 、迁徙的艰难历程
429,嘉靖图志,记载 内容,男女未婚者每岁 三、四月聚集于场圃间 中立一杆环绕跳跃歌唱
429,花杆,材质,杉树
429,花杆,高度,十余米
429,花杆,装饰特征,树尖顶部系各色彩带
429,花杆,象征意义,代表苗 族各个支系的团结和繁荣昌 盛
429,文 山苗族花山节,环节,立杆
429,文山苗族花 山节,环节,祭 杆
429,文 山苗族花山节,环节,闹杆
429,文山苗族花 山节,环节,收 杆
429,祭 杆,主持者,嚆 榜盟主
429,祭杆仪式,起始动作,用苗语宣布祭杆 仪式开始击鼓鸣号
429,嚆榜,手持物品,象征平安顺达 的桑树枝
429,祭杆队伍构成,包含 角色,四名芦笙手
429,祭杆 队伍构成,包含角色,九名手持盾牌的武士
429,祭杆队伍构成,包含角色,八名 双手捧着红白蓝布条的 少女
429,后续 队伍,组成单元,芦 笙队
429,后续队伍,组成单元,刀棍武术队
429,后续队伍,组成单元,盾牌队
429,行进节奏依据,乐器,牛皮鼓
429,祭祀对象,包括,祖先
429,祭祀 对象,包括,英雄
429,祭祀对象,包括,神灵
429,嚆榜,行为动作,杀鸡祭奠
429,嚆榜,行为 动作,向各方来宾敬酒
429,祭杆 队伍,活动内容,绕 杆唱诵古歌
429,闹杆活动,包含项目,吹芦笙
429,闹杆活动,包含项目,弹响 篾
429,闹 杆活动,包含项目,跳芦笙舞
429,闹杆活动,包含 项目,跳盾牌舞
429,闹杆活动,包含项目,耍大刀 棍棒
429,闹杆活动,包含项目,翻板凳
429,闹杆活动,包含项目,爬花杆
429,闹杆活动,包含项目,斗牛
429,闹杆活动,包含项目,射弩
429,闹杆活动,包含项目,打陀螺
429,闹杆 活动,包含项目,情 歌对唱
429,爬花杆比赛,获胜 标准,最先摘下杆顶的礼物
429,爬花 杆比赛胜出者,荣誉 称谓,花山节的英雄
429,收杆仪式 后行为,具体动作,将悬挂的布条剪下拴 在孩子们手上
429,布条用途,功能作用,保佑他们健康成长
429,文山苗族花 山节,入选名录,云南省第一批省级非物质文化遗产代表性项目 名录
429,文 山苗族花山节,项目代表性传承人,杨文 云
430,诺邓火腿,产地,诺邓村
430,诺邓 火腿,所属地区,大理州云龙县
430,诺邓火腿,制作 原料,本地山猪后腿
430,诺邓火腿,选料时间,农历 冬月、腊月
430,诺邓火腿,腌制 材料,古盐井卤盐
430,诺邓火腿,关键工艺特点,使用 古盐井中的卤盐进行腌制
430,诺邓火腿,制作工序,选料
430,诺邓火腿,制作工序,修割 定形
430,诺 邓火腿,制作工序,晾干除水
430,诺邓火腿,制作工序,排血
430,诺邓火腿,制作 工序,洒酒除菌
430,诺邓火腿,制作工序,拍压 上盐
430,诺邓火腿,制作工序,腌制
430,诺邓火腿,制作工序,上盐泥
430,诺邓火腿,制作 工序,发酵
430,诺邓火腿,制作 工序,风干
430,诺邓火腿,涂抹材料,灶灰与诺 邓盐卤水下沉淀的泥浆混合 的稀泥
430,诺邓火腿,吊挂 环境要求,阴凉、通风处
430,诺邓 火腿,食用特征,表面 长有绿色霉菌(挂绿衣
430,诺邓 火腿,最佳存放年限,三至五年
430,诺邓火腿,营养成分,钾
430,诺邓火腿,营养成分,镁
430,诺 邓火腿,文化属性,云龙盐井文化载体
430,诺邓火腿,文化属性,白族文化 载体
430,诺 邓火腿制作技艺,入选名录,云南省第四批省级非物质 文化遗产代表性项目名录扩展项目名录
430,诺邓火腿 制作技艺,代表性传承人,杨伍松
431,西盟佤 族木鼓舞,类型,集体 性祭祀舞蹈
431,西盟佤 族木鼓舞,流传地区,佤族村寨
431,西盟佤族 木鼓舞,使用乐器,木鼓
431,木鼓,佤语名称,克罗
431,安木拐,身份,佤族女首领
431,安木 拐,创造物,木 鼓
431,每个木鼓,敲击人数,二至四人
431,基本动作,包括,双脚立与肩宽半蹲 半俯
431,基本动作,包括,送 胯转身
431,基本动作,包括,抬起右脚成三道弯伸缩三次
431,基本动作,包括,抬起左 脚挥舞木棒自转一周
431,木鼓房,数量配置,一公一母或一母 一子
431,稍大的木鼓,称为,母木鼓
431,稍小 的木鼓,称为,公木鼓
431,传承方式,为,口传身授
431,西盟 佤族木鼓舞,入选项目,云南省第三批省级非物质 文化遗产代表性项目名录扩展项目名录
431,岩 聪,身份,项目代表性 传承人
431,娜焕,身份,项目代表性传承人
431,岩相太,身份,项目代表性传承 人
431,表演形式,包括,双 人表演木鼓舞
431,表演形式,包括,单人表演木鼓舞
432,平川唢 呐调,起源时间,明 末
432,平川唢呐调,兴盛时期,清代
432,平川唢呐调,组成部分,喜调
432,平川唢呐调,组成部分,丧调
432,平川唢呐 调,组成部分,社会表演 伴奏曲
432,喜 调,别称,婚礼 曲
432,喜调,包括,序曲
432,喜调,包括,迎亲调
432,喜调,包括,小 过街
432,喜调,包括,安歇 调
432,喜 调,包括,催席调
432,喜调,包括,辣子调
432,喜调,包括,红干巴调
432,喜调,包括,上酒调
432,喜调,包括,慢逍遥
432,喜调,包括,催客调
432,喜调,包括,离 娘调
432,喜调,包括,拜堂 调
432,喜 调,包括,晚三排
432,丧调,别称,丧葬 曲
432,丧 调,包括,序曲
432,丧调,包括,举丧调
432,丧调,包括,送葬调
432,社火表演伴奏曲,包括,出灯调
432,社火表演 伴奏曲,包括,耍龙 调
432,社 火表演伴奏曲,包括,耍狮调
432,平川唢呐调,艺术表现形式,音律
432,平川唢呐 调,特点,无词
432,平川 唢呐调,特点,不演唱
432,平川唢呐调,应用场景,过年过节
432,平川唢呐调,应用场景,竣工庆典
432,平川唢 呐调,应用场景,红 白喜事
432,平川唢呐调,入选项目,云南省第三批省级 非物质文化遗产代表性项目名录
432,平川唢呐 调,代表性传承人,杨益林
432,平川唢呐调,代表性传承人,杨松林
433,下村麸 醋制作技艺,流传地区,云南省保山市隆阳 区下村地区
433,下村麸醋 制作技艺,起源地,四川麸醋
433,下村麸醋制作技艺,传入时间,清朝道 光年间
433,下村麸醋制作技艺,带入家族,聂氏家族
433,下 村麸醋,主要原料,麦麸
433,下村麸醋,主要原料,大米
433,下村麸醋,主要原料,泉水
433,下村 麸醋,糖化发酵剂,中草药药曲
433,醋曲,主要原料,精制麦面
433,醋曲,主要原料,高度白酒
433,醋曲,主要原料,百样草
433,百样草,包括药材,茯苓
433,百样 草,包括药材,甘草
433,百 样草,包括药材,金银 花
433,百样草,包括药材,蒲公英
433,百样草,包括药材,豆蔻
433,百样草,包括药材,山楂
433,百样草,包括药材,砂仁
433,百 样草,包括药材,乌 梅
433,百样草,包括药材,白芷
433,百样草,包括 药材,香薷
433,百样草,包括药材,八角
433,百样 草,包括药材,茴香
433,百样草,包括药材,杜仲
433,百样草,包括药材,薄荷
433,百样草,包括 药材,紫苏
433,百样草,包括药材,藿香
433,百 样草,包括药材,川 芎
433,制作醋曲步骤,处理 方式,部分药材磨成粉 状
433,制作醋曲步骤,处理 方式,另一部分用铡刀 铡成厘米长
433,曲料组成,成分,麦面
433,曲料 组成,成分,白酒
433,曲 料组成,成分,水
433,曲坯成型工具,名称,木范
433,曲坯发酵时间,时长,天左右
433,曲坯干燥 条件,环境要求,干燥 通风处
433,曲坯晾干时长,时长,一个月
433,第一次发酵液原料,名称,上好大米 煮成的稀饭
433,第一次发酵容器,类型,瓮坛
433,第一次发酵 时长,时长,天左右
433,第二次 发酵添加物,名称,麦麸
433,第二次发酵静置时长,时长,天左右
433,发酵管理操作,方法,反复将底部 的醋醅翻到上面
433,糊米 作用,功能,提色 增香
433,浸泡出醋液次数,数量,三次
433,浸泡所用液体,成分,糊米水
433,浸泡所用液体,成分,清泉水
433,熬煮生醋配料,名称,五香作料
433,熬煮生醋具体香料,名称,草果
433,熬煮生 醋具体香料,名称,八角
433,熬煮生醋具体香料,名称,茴香
433,醋液 沸腾时长,时长,分钟
433,过滤工具,名称,滤 兜
433,冷却容器,名称,缸
433,下村麸醋特点,口感描述,酸味醇厚
433,下村麸醋特点,口感 描述,回味甘甜
433,下村 麸醋特点,香气特征,清香柔和
433,下村麸醋用途,应用场景,居家烹饪常用 调味佳品
433,下村麸醋配套 食品关联,名称,保 山名特食品豆粉
433,下村 麸醋功能属性,类别,保健饮品
433,下村麸醋历史 作用,事件关联,抗日战争 期间预防疾疫
433,下村麸醋 销售范围,国内地区,南京
433,下村麸醋销售范围,国内地区,上海
433,下村 麸醋出口地区,区域,东南亚
433,现存老字号名称,名称,胜香斋醋庄
433,胜 香斋醋庄历史时长,时长,逾百年
433,下村麸 醋入选项目,名录名称,云南省第四批省级非物质文化遗产 代表性项目名录扩展项目名录
433,下村 麸醋项目代表性传承人,姓名,聂承龙
434,纳西族,使用,象形文字
434,东巴经,最初始于,隋唐时期
434,纳西族象形 文字,被认为,人类 古文字的活化石
434,联合国教科文 组织,列为,世界记忆 遗产名录
434,纳西族象形文字书写,没有严格规则,笔画 笔顺
434,纳西族象形文字,具有性质,绘画和文字 双重性
434,书写方向,一般从左 向右横写,纳西族 象形文字
434,语音相同或相近的文字,可以借用,纳西族 象形文字
434,纳西族象形文字,具有特性,形象直观
434,纳西族象形文字,具有功能,记物和记 事
434,传统工具包括,东巴 纸、蒿笔、竹笔、 铜笔、松明烟、续 断矿物颜料,用于书写纳 西族象形文字
434,纳西族 象形文字硬笔书写艺术,形成独特风貌,别具 一格
434,特征包含,书写独特 性、原始艺术性、形象生动 性、丰富积淀性和活态传承 性,纳西族象形 文字硬笔书写艺术
434,纳西族 象形文字硬笔书写艺术,具有价值,文字书写形式 起源发展活态研究
434,纳西族 象形文字硬笔书写艺术,具有价值,古文字形象 书写布局审美研究
434,纳西族象 形文字硬笔书写艺术,具有价值,原始艺术形态研究
434,纳西族象形文字硬笔 书写艺术,具有价值,古文字学研究
434,纳西族象 形文字硬笔书写艺术,具有价值,古文字书写绘画 应用
434,纳西族象形文字硬 笔书写艺术,具有价值,传统东巴经典传抄传承
434,传统书写布局,经历实践形成 规律,千百年
434,基本规律,适应于,记录语言和 观赏文字符号形态
434,老东巴逐个 离世,导致危机,纳西族母语萎缩和消亡
434,纳 西族东巴文书写艺术,入选,云南省第四批省级 非物质文化遗产代表性项目名录
434,项目代表性 传承人,包括,和秀 东、和正文
434,《黑白战争》,属于,东巴经 书
435,署明村 纳西族传统文化 生态保护区,位于,丽江市玉龙 县塔城乡署明村
435,署明村纳 西族传统文化生态保护区,面积 单位,平方公里
435,署明村纳西族传统文化 生态保护区,包含片区数量,个
435,署 明村纳西族传统文化生态保护区,民族构成,纳西 族
435,署明 村纳西族传统文化生态保护区,历史地位,纳西族 最早的居住地之一
435,署明村,保留内容,完整的纳西族传统习俗
435,东巴祭祀 活动,涉及领域,生 老病死、婚丧嫁娶、 起房造屋、搬迁出行、 伐木开道
435,东巴文化,载体形式,文字、舞蹈、绘画、 口头文学、祭祀、经文典籍
435,东巴文化,属性定位,纳西 族的文化核心
435,署明村主要祭祀活动,包括,祭天、祭署 、祭风、祭丁巴什 罗、祭素神、梭多 仪式、祭是日神和三 朵神、送火神
435,村民生活仪式,遵循范围,生育、取名 、成年、婚嫁、丧葬 、盖房、乔迁
435,重大节日,包括,三多节、火把 节、春节、端午节、中秋节
435,民间文学代表 作品,包括,《游悲》《 黑白战争》《鲁搬鲁饶》《 鱼水相会》《创世纪》《 蜂花相会》《喂默达 》
435,传统 乐器,包括,直笛、 芦笙、口弦、大鼓 、手鼓、摆铃、铃 子、铜锣、海螺、 牛角号
435,代表性舞蹈,包括,东 巴舞、《哦热热》《 喂默达》《热美蹉》《 啊哩哩》《羊修噜》
435,传统曲 艺形式,包括,男女谈 情说爱的时授
435,传统技艺代表,包括,东巴画、彩扎 、面偶、木雕、东 巴造纸、传统的毛纺织、酿酒 、竹编、木工、刺绣、 皮革制作
435,体育竞技项目,包括,荡 秋千、咬石头比赛掰手 劲、抓半子、下棋 、老虎抢蛋
435,服饰特色,反映历史,从游牧到农耕的 变迁历史
435,女子服装特色,标志性物品,七星羊皮披肩
435,七星象征意义,来源传说,纳西族 开天九兄弟辟地七姐妹 的传说
435,署明村,文化遗产特点,非物质文化遗产相对集中
435,东巴文化实物 载体,保存状态,完好
435,署明 村纳西族传统文化生态保护区,入选名录,云南省第三批 省级非物质文化遗产代表性项目名录
435,项目代表性传承 人,包括,和世先 、和桂华、和秀东
436,羊皮鼓舞,起源时期,南诏时期
436,羊皮鼓舞,流传 地区,楚雄彝族聚 居地区
436,羊皮鼓舞,活动时间,每年农历腊月、正月 或二月
436,紫溪镇板凳山,举行日期,农历二月初八 日
436,紫溪镇板凳山,保存 完整性评价,最为完整
436,民间,组织单位,以户或村 为单位
436,活动地点,场所类型,本村土主庙
436,领舞者,带领对象,若干徒弟
436,表演者 装备,穿着服饰,法 衣
436,表演者工具,手持物品,羊皮鼓
436,表演形式,动作组合,边击、 边舞、边唱
436,程序特点,属性描述,严谨
436,程序特点,属性描述,节奏分明
436,舞步类型,包括动作,崴 脚
436,舞步类型,包括动作,勾膝
436,舞步类型,包括动作,闪身
436,舞步类型,包括动作,转胯
436,舞步类型,包括 动作,窜花
436,舞步类型,包括动作,跺步跳
436,舞蹈 套路变化依据,根据因素,祭祀程序
436,吟唱内容,名称,五兵歌
436,五兵歌,句式结构,七 言句
436,五兵歌,文体 性质,史诗性质
436,五兵歌 内容涵盖领域,包括主题,民族历史
436,五兵歌内容涵盖领域,包括主题,民俗礼仪
436,五 兵歌内容涵盖领域,包括主题,农耕祭祀
436,五兵歌内容 涵盖领域,包括主题,社会 伦理
436,五兵歌内容涵盖领域,包括主题,道德规范
436,五兵 歌功能作用,具有效果,教化世人
436,传承困境原因,环境变化因素,空间环境改变
436,传承困境表现,具体问题,土主庙年久失修
436,传承困境表现,具体问题,后继乏人
436,保护措施进展,修复项目,紫溪 镇板凳山土主庙重新修复
436,文化遗产认定情况,入选批次,云南省第四批省级非物质文化遗产 代表性项目名录扩展项目名录
436,项目代表性 传承人,姓名,罗 廷富
436,项目代表性传承人,姓名,何应贵
437,双河村 彝族传统文化生态保护 区,位于,丽江市永胜县 六德傈僳族彝族 乡双河村
437,双河村,面积单位,平方千米
437,双河村,主要聚居民族,他 留人
437,双河村,俗称,他留山
437,他留山,历史遗迹,他留古城
437,他留 古城,性质,发祥 地
437,双河村,自然生态环境特征,森林覆盖率达以上
437,传统民居,包括类型,汉族合院 或庭院
437,传统民居,特殊场所,姑娘棚
437,兰氏祖屋,历史年限,多年历史
437,双河村,保留文化形态,宗教信仰
437,双河村,保留文化形态,社会伦理
437,双 河村,保留文化形态,民族文艺
437,营盘村墓群,包含遗址,古城遗址
437,营盘村墓群,包含 遗址,他留坟林
437,营 盘村墓群,包含遗址,大德寺
437,营盘村 墓群,保护级别,全国重点文物保护单位
437,双河村,宗教场所,俄告 他留祭祖堂
437,双河村,宗教场所,栖云 洞
437,宗教信仰,类型,原始 的自然崇拜
437,宗教信仰,类型,祖先崇拜
437,自然崇拜,细分类型,天地崇拜
437,自然崇拜,细分类型,生殖崇拜
437,自然崇拜,细分类型,精灵崇拜
437,自然崇拜,细分类型,自然神崇拜
437,自然崇拜,细分 类型,动物崇拜
437,传统节日,包括,杷杷节
437,杷杷 节,来源,祖先崇拜
437,传统节日,包括,春节
437,传统 节日,包括,宗支节
437,婚恋习俗,特色活动,过七关
437,婚恋习俗,特色活动,串青春棚
437,民间文学作品,包括,《创世 神话》
437,民间文学作品,包括,《 上坟由来》
437,民间文学作品,包括,《战争传说》
437,民间文学作品,包括,《造天地日月》
437,民间文学作品,包括,《洪水冲 天》
437,民歌,分类,情歌
437,民歌,分类,谜语歌
437,民歌,分类,赶马调
437,民 歌,分类,童谣
437,民歌,分类,祝 酒歌
437,民歌,分类,祭祀歌
437,乐器,包括,唢呐
437,乐器,包括,笛 子
437,乐器,包括,箫
437,乐器,包括,口弦
437,乐器,包括,葫芦笙
437,乐器,包括,小三弦
437,乐器,包括,长号
437,乐器,包括,鼓
437,乐器,包括,锣
437,乐器,包括,铙钹
437,乐器,包括,铃
437,舞蹈,类型,丧葬舞
437,舞蹈,类型,节庆舞
437,舞蹈,类型,情绪舞
437,舞蹈,主要形式,打跳方式
437,传统手工技艺,包括,火 草纺织
437,传统手工技艺,包括,乐器制作
437,传统手工技艺,包括,草编
437,传统手工技艺,包括,篾编
437,传统手工技艺,包括,皮革制作
437,传统手工 技艺,包括,擀羊毛毡
437,传统手工技艺,包括,挑 花刺绣
437,传统手工技艺,包括,手工酿酒
437,传统游艺,包括,打秋干
437,传统游艺,包括,老兜抱蛋
437,传统游艺,包括,射 智
437,传统游艺,包括,射箭
437,传统游艺,包括,摔跤
437,传统游艺,包括,打陀螺
437,传统游艺,包括,婴狮子
437,村民着装 材质,使用,火草 麻布
437,民族服装,功能分类,劳动装
437,民族服装,功能分类,礼装
437,服饰差异 群体,包括,青年与老年
437,服饰差异群体,包括,少女 与成年女子
437,成年礼年龄,设定为,十五岁
437,女孩子成年礼 仪式,包括,换装仪式
437,双河村彝族传统文化生态保护区,入选名录,云南省第三 批省级非物质文化遗产代表性项目名录
437,项目代表性传承人,包括,兰绍龙
437,项目代表性传承人,包括,兰贵祥
437,项目代表性 传承人,包括,兰金 秀
438,威信苗 族服饰,崇尚颜色,青 、蓝、绿、白色
438,蜡染裙,性质,主要服饰
438,蜡染裙,性质,文化载体
438,男子服饰,特征,式样较为简单
438,男子服饰,特征,各支系差别不大
438,男子 头饰,组成,青色 帕子
438,帕子长度,范围,六尺至一丈二尺
438,男子 上衣,类型,青、 蓝色长衫或对襟短袄
438,男子 上衣扣具,使用,布纽
438,男子腰部装饰,系 带,绿丝带
438,男子下 装,款式,宽裆 大脚裤
438,男子鞋履类型,包括,元宝鞋、皮钉 鞋、布鞋、草鞋
438,冬季 装扮,附加物,青 、白色绑腿
438,青年绑腿纹 样,特征,人字 型纹路
438,妇女服饰,分类,便装和盛装
438,便 装特点,特征,花 饰较少简洁素净
438,盛装特点,特征,满身花 锦
438,盛装花纹部位,包括,衣领、襟口、衣袖 、下摆、围腰、裙 身、裙边
438,特色服饰元素,包括,蜡染百褶裙 、绑腿、鞋履
438,花纹线条,关联,原始象形 文字遗存
438,威信苗族服饰,工艺特点,制作精细 工艺复杂
438,威信苗族服饰,入选项目,云南省级非 物质文化遗产代表性项目名录扩展项目名录
438,项目代表性传承人,是,熊启兰
439,塔朗小组,位于,玉溪市元 江哈尼族彝族 傣族自治县那诺乡那诺 社区
439,村民,民族归属,哈 尼族糯比支系
439,那诺哈 尼梯田,级别,云南省省级重点文物保护单位
439,那诺哈 尼梯田,特色景观,云雾梯田景观
439,植被类型,包括,亚热带树种/竹类 /蕨类/藤类
439,传统民居 结构,类型,土木结构
439,传统 民居保存状况,评价,良好
439,聚落格局,保持状态,传统风貌
439,公共设施,包括,磨秋场/磨秋桩 /文化活动中心
439,传统习俗,包括,择向/选材/ 盖新房/贺新房
439,婚礼习俗,保留状态,完整
439,丧葬 习俗,保留状态,完整
439,宗教信仰对象,包括,寨神 /龙树
439,村规民约体系,构成,传统村规 民约与现今社会村规民 约并行
439,传统节日关联活动,对应,农耕稻作
439,哈尼 十月年,性质,庆祝 丰收
439,黄饭节,象征意义,预示春耕开始
439,苦扎 扎节,祈福内容,来年风调雨顺、五 谷丰登
439,其他节日,包括,昂玛突/开秧门 /出穗节
439,传统音乐类型,包括,创世歌/叙事 歌/叫魂歌/祈祝 歌/训导歌/山歌 /劳动歌/情歌/儿 歌/小调/摇篮曲/ 酒礼歌/接亲调/ 送亲调/哭嫁歌
439,乐器 类别,包括,打击乐/ 民间器乐
439,国家级非遗项目,名称,棕扇舞
439,流传区域,关联地点,塔朗 村
439,传统舞蹈种类,包括,牛皮大鼓舞/铓鼓舞/毛巾 舞
439,手工艺技艺,包括,织布/哈尼族服饰制作 /竹编/酿酒/传统饮食 制作
439,民族体育项目,包括,女子丢包/打陀螺/ 男子荡秋千/磨秋/ 转秋/摔跤/拔河/ 斗牛
439,传承机构,包括,棕 扇舞传习所/哈尼 族民歌传承点
439,示范村名称,命名,塔朗民俗 文化生态示范村
439,政策支持措施,包括,投入前期资金/表彰 奖励非遗传承人/组织非遗进 校园活动
439,课间操内容,采用形式,棕扇舞
439,表演 队组成人员,身份,当地村民
439,入选名录名称,全 称,云南省第四批省级非 物质文化遗产代表性项目名录
439,民间艺人代表,包括,段克朗/ 杨皮者/段培者/ 段复兴/段来那
440,卡甲,是,民间民主生活会
440,卡甲,是,民间道德评议会
440,卡甲,别称,卡夏叫 卡甲也
440,卡甲,具有特色,民族特色
440,卡 甲,流行地区,德 钦地区
440,卡 甲,性质,古老的民间 习俗
440,卡甲,使用语言风格,幽默 诙谐的语言
440,卡甲,活动内容,互相挑刺、揭短、调侃
440,卡甲,目的,规范民众的道德和 公德
440,卡甲,目的,弘扬 真善美
440,卡甲,过程与内容 主题,赞文明事
440,卡甲,过程与内容主题,评缺 德事
440,卡甲,过程与内容主题,议不平事
440,卡甲,过程 与内容主题,断纠纷事
440,卡甲,形式特点,不同于民主生活会
440,卡甲,效果,揭短亮 丑
440,卡 甲,效果,群众监督
440,卡甲,效果,规范言行
440,卡甲,效果,倡导公平正义
440,卡甲,注重元素,幽默
440,卡甲,注重元素,诙谐
440,卡甲,注重元素,含蓄
440,卡甲,忌讳,语言尖酸刻薄
440,卡甲,忌讳,恶意中伤
440,卡甲,组织方式,非刻意组织
440,卡甲,发起场合,节庆
440,卡甲,发起场合,喜庆
440,卡甲,发起条件,众人聚会中 因某个话题或事由
440,卡甲,作用,舆论监督
440,卡甲,作用,规范人们行为
440,卡甲,作用,化解矛盾纠纷
440,卡甲参与者,引用内容,传统谚语
440,卡甲参与者,引用内容,格言
440,卡甲 参与者,引用内容,警 句
440,卡 甲参与者,运用智慧类型,道德伦理智慧
440,卡甲参与者,运用 智慧类型,生态伦理智慧
440,卡甲参与者,运用知识类型,丰富的 社会知识
440,卡甲,功能,道德 教化功能
440,卡甲,功能,增强 民族认同感
440,卡甲,功能,增强凝聚力
440,卡甲习俗,入选项目,云南省第四批省级非物质文化遗产 代表性项目名录
441,鹤庆传统 手工造纸技艺,历史追溯时期,唐宋时期
441,《护国司 南抄》,使用纸张类型,鹤庆白棉纸
441,鹤庆手工纸,分类,白棉纸
441,鹤庆手工 纸,分类,竹麻 纸
441,白棉 纸,原料,构树 皮
441,白棉 纸,特点,白如 棉
441,白棉 纸,特点,薄如 蝉翼
441,白 棉纸,特点,韧 似锦绫
441,白棉纸,特点,质软防蛀
441,白棉纸,特点,吸水性强
441,白棉纸,用途,书写契约
441,白棉纸,用途,抄写经卷
441,竹麻纸,别称,土纸
441,竹麻纸,原料,竹麻
441,竹麻纸,细分类型,粗纸
441,竹麻 纸,细分类型,细 纸
441,细 纸,特点,薄而 透明
441,细 纸,特点,吸墨 性能好
441,细 纸,特点,柔软不易 老化
441,细 纸,用途,拓印 木刻年画
441,细纸,用途,甲马描绘
441,细纸,用途,刺绣花样
441,粗纸,用途,习字
441,粗纸,用途,烧 纸
441,制作 白棉纸,步骤,贮藏原料
441,制作白棉纸,步骤,清水河床浸泡八至十天
441,制作白 棉纸,步骤,晾 晒至半干
441,制作白棉纸,步骤,拌入石灰粉
441,制作白棉 纸,步骤,蒸窑 持续蒸制三天
441,制作白棉纸,步骤,重置于河水中浸泡 去掉石灰
441,制作白棉纸,步骤,隔天翻整一次反复十 次
441,制作 白棉纸,步骤,搓揉去掉外层黑皮
441,制作白棉 纸,步骤,浸泡两三 天后捞出去掉水分
441,制作白棉纸,步骤,加水拌入草木灰
441,制作白 棉纸,步骤,入 窑蒸两三天
441,制作白棉纸,步骤,二次蒸煮后浸泡 两天漂净草木灰
441,制作白棉纸,步骤,拧干后置于 石碓中舂成茸纸筋
441,制作白 棉纸,步骤,放入 泡浆池稀释兑浆加滑 水
441,制作 白棉纸,步骤,用特制的帘子放在抄纸 架上荡入纸浆池抄出 均匀的一层植物纤维
441,制作白棉纸,步骤,反扣在压榨 架上沥水一天
441,制作白棉纸,步骤,用五尺杠子 将纸摞中的水分压榨出来
441,制作白棉 纸,步骤,将纸 摞分张均匀地裱在烘烤 房的平整立壁上
441,制作白棉纸,步骤,房内生火 烘干一到两天即干透
441,制作白棉纸,步骤,烘好的纸张 按一定规格数量打包成捆以便 运输
441,兑 浆滑水,定义,将秘方黏液兑入稀释 后的纸浆中的过程
441,兑浆滑水,作用,纸张间的隔离作用
441,兑浆 滑水,作用,保持 纸浆厚薄均匀
441,鹤庆传统手工造纸 技艺,入选名录,云南省 级非物质文化遗产代表性项目名录扩展 项目名录
441,鹤庆传统手工造纸技艺,项目代表性传承人,尹旺 松
442,明洪武年间,事件,明军入滇 过五尺道戍边 倘塘
442,明军入滇过五尺道 戍边倘塘,带来技艺,中原做豆腐的技艺
442,中原做豆腐的 技艺,改变历史,土著 居民食用豆渣弃其浆的历史
442,制作技艺,沿袭至今,余年
442,倘塘黄豆腐,色泽,金黄
442,倘塘黄豆腐,大小,盈掌
442,倘塘黄豆腐,质地,鲜嫩滋润
442,倘塘黄 豆腐,丝直肉实,质脆味香
442,制作过程,包括工序,拣豆
442,制作过程,包括工序,泡豆磨浆
442,制作过程,包括工序,烫浆滤渣
442,制作过程,包括工序,酸浆点制
442,制作过程,包括 工序,包块成形
442,制作过程,包括 工序,火煮染色
442,制作过程,包括 工序,上串吊挂
442,制作时,选用水源,当地特有的黄 石渣山泉
442,酸浆点制,关键步骤,全凭匠人 经验
442,火 煮染色,特色工序,倘塘黄豆腐最具特色的制作工序
442,上串 吊挂,特色工序,倘塘黄豆腐最具特色的制作工序
442,人们,目的,为了让白色的豆腐在 喜庆的节日中增添吉祥的色彩
442,人们,做法,把做好的白豆腐 用小块纱布包裹起来浸放在植物 熬煮的姜黄汤中煮 制
442,浸 放煮制,结果,形成金黄色豆腐块
442,出锅后的豆腐,处理 方式,用细麻线拴 挂待豆腐晾晒脱水取下再 添盐复煮
442,历经三煮三挂,效果,除去多余的水分香味 沉淀下来
442,倘塘豆腐拴着卖,景象,金黄色的豆腐在屋 檐下成串挂着
442,买者选中其中一挂,主人做法,用剪刀 剪下成串出售
442,黄豆腐,特性,久储不坏紧实 而有弹性
442,黄豆腐,特性,可以从 三米高空摔下而保持不 破
442,黄 豆腐,食用方法,生 食
442,黄 豆腐,食用方法,煎 炒
442,黄 豆腐,食用方法,烧烤
442,黄豆腐 与宣威火腿同炒,特点,香气浓郁、美味可口
442,年倘 塘黄豆腐制作技艺,入选 项目,云南省第四批省级非 物质文化遗产代表性项目名录
442,代表性传承人,姓名,陈会群
443,曲靖洞 经音乐,主要内容,民俗祭祀
443,曲靖洞经音乐,历史时期,元、明
443,曲 靖洞经音乐,鼎盛时期,清朝
443,曲靖洞经音乐,旋律形态,戏曲板腔 体
443,曲靖洞经音乐,特点,腔多字少
443,曲靖洞 经音乐,融合形式,打击乐锣鼓经曲套用
443,曲 靖洞经音乐,曲式 结构,二段体
443,曲靖洞 经音乐,曲式结构,三段体
443,曲靖洞经音乐,曲式结构,四 段体
443,曲靖洞经音乐,艺术类型,综合音乐艺术
443,曲靖洞经音乐,包含 元素,吹
443,曲靖洞经 音乐,包含元素,拉
443,曲靖洞经音乐,包含 元素,弹
443,曲靖洞经 音乐,包含元素,打
443,曲靖洞经音乐,包含 元素,唱
443,曲靖洞经 音乐,包含元素,念
443,曲靖洞经音乐,经 调唱词主题,歌颂五 神
443,曲靖洞经音乐,经调唱词主题,玉 皇大帝驱鬼
443,曲靖洞经 音乐,经调唱词主题,驱魔
443,曲靖洞经 音乐,经调唱词主题,度魂
443,曲靖洞经 音乐,依据文献,《文昌 大洞仙经》
443,曲靖洞 经音乐,出版作品,《 爨乡古乐》
443,曲靖洞 经音乐,出版作品,《 曲靖古韵》
443,曲靖洞 经音乐,代表曲目,《 关圣帝君觉世真经 》
443,曲靖洞经音乐,代表曲目,《观音经》
443,曲 靖洞经音乐,代表曲目,《谈经赞灯科仪 》
443,曲靖洞经音乐,代表曲目,《谈经神咒 》
443,曲靖城区,洞经 会组织,宝善堂
443,曲 靖城区,洞经会组织,新宝善堂
443,曲靖 城区,洞经会组织,辅元堂
443,乡村,洞 经会分布特点,乡乡 都有洞经组织
443,曲靖市洞 经音乐,入选名录,云南省第三批非物质文化遗产代表性项目 名录扩展项目名录
443,曲靖洞经 音乐,代表性传承人,李 世纬
443,曲靖洞经音乐,代表性传承人,张甯 博
444,开远甜 藠头,诞生时间,约于年
444,开远甜藠头,诞生地点,开远老菜 市街口
444,开远甜藠头,研制者,王宝福
444,开远 甜藠头,研制者,孙如兰
444,开远甜藠头,特点,色泽金黄透亮
444,开 远甜藠头,特点,味甜微辣 清香
444,开远 甜藠头,特点,质地软嫩脆糯
444,开远甜藠头,原料产地,开远市碑 格乡大黑山
444,开远甜 藠头,主要配料,竹园红糖
444,开远甜藠头,主要配料,西山牛角辣
444,开远甜藠头,主要配料,白酒
444,开远甜 藠头,主要配料,食盐
444,开远甜藠头,制作工艺,乳酸发酵
444,开远 甜藠头,制作 工艺,土坛保鲜
444,开远甜藠头,成品特征,颗粒整齐
444,开远 甜藠头,成品特征,金黄发亮
444,开远 甜藠头,成品 特征,香气浓郁
444,开远甜藠头,成品特征,鲜嫩脆糯
444,开远甜藠头,成品特征,酸甜 爽口
444,开远甜藠头,功效,消食除腻
444,开远 甜藠头,功效,开胃健脾
444,开远甜藠头,历史沿革,国家公私 合营改造纳入开远 酱菜园
444,开远甜藠头,注册商标,泸江牌
444,开远 甜藠头,荣誉,云南省第四批省级非 物质文化遗产代表性项目名录
445,彝族鼓舞,产生于,民间的祭祀 活动
445,彝族鼓舞,时间,每年的七月十五
445,彝族鼓舞,地点,龙马山顶的跳鼓坡
445,彝族鼓舞,目的,祈求山神 保佑人畜平安五谷丰登
445,彝族鼓舞,形式,双人舞 和集体舞
445,双人舞,方式,两人同敲一大鼓边敲边 舞
445,集体舞,装备,每人身背 一牛皮鼓
445,集体舞,特点,只 舞不歌时而尖吼
445,彝族鼓舞,动作包括,踢、滚、 卧、转、拐、蹬、 跺足、腾跃
445,彝族鼓舞,别称,乱脚舞
445,彝族鼓舞,节奏类型,四二 拍
445,彝 族鼓舞,伴奏乐器,大鼓和小鼓
445,彝族鼓舞,节奏 声音,咚达、咚达 声
445,彝 族鼓舞,源于,悠久 的故事传说
445,彝族鼓舞,涉及内容,天地万物、神话传说、民族 迁徙、歌舞起源、农耕节令
445,彝族 鼓舞,保持和延续方式,古朴生动的舞蹈语汇风格 独异的山歌小调
445,彝族鼓舞,植根于,石 屏彝族传统文化
445,彝族鼓舞,具有 特征,鲜明的民族地域特征和 广泛的群众基础及民间传承性
445,彝族鼓舞,作用,维系和凝聚 民族精神增强民族团结、民族自信
445,彝族鼓舞,面临问题,传承群体 单一化加上青年外出打工能舞 者甚少只在中老年男子中 流传
445,彝 族鼓舞,入选名录,云南省第四批省级非物质文化遗产代表性 项目名录
445,彝族鼓舞,项目代表性传承 人,李改发
446,纳西族,主要活动 区域,云南丽江 玉龙纳西族自治县
446,纳西族,主要活动区域,古 城区
446,纳西 族,分布区域,川 、藏纳西族散居区域
446,祭天仪式,主持者,主祭 许孙
446,主 祭许孙,身份,礼仪规范导师
446,主祭许孙,身份,道德行为导师
446,主祭许孙,身份,博学多才导师
446,主祭许孙,任期制度,终身制
446,祭天仪式,主持者,司祭 者东巴
446,祭天,类型,春祭
446,祭天,类型,秋 祭
446,春 祭,别称,大 祭
446,春 祭,时间,春节期间
446,春祭,具体时段,正月初一至 十五
446,春 祭,持续时间,四五天 或七八天不等
446,春祭,性质,春节活动的主要内容
446,秋祭,时间,七月中旬
446,秋祭,别称,七月祭天
446,秋祭,别称,小祭
446,纳西族群体,拥有物,固定祭天场
446,固定祭 天场,位置特征,离村不远的野外空地
446,固定祭天场,位置特征,田野
446,固定祭天 场,位置特征,山林 边
446,祭 天场,设施,祭 坛
446,祭 坛,数量分类,两 台
446,祭 坛,数量分类,三 台
446,祭 坛,最佳数量,五 台
446,祭 坛选址原则,遵守规则,郊祭天神的古规
446,纳西族 祭天仪式,内涵依据,三棵树的象征意义
446,三棵树象征对象,美人类女始祖衬红褒 白之父) 31. ( 三棵树象征对象,达人类 女始祖衬红褒白之母
446,三棵树 象征对象,许人类女始祖 衬红褒白之舅父) 33. (纳西族 祭天内涵,"包括内容, 祭祀天地自然"
446,纳西族祭天内涵,包括内容,人类祖先
446,纳西族祭 天习俗,文化属性,古老的传统习俗
446,纳西族祭天习俗,文化地位,纳西族 古文化之正宗
446,纳西族祭天习俗,历史特征,最古老 、最原始的部分
446,纳西族祭天习俗,关联性,与纳 西民族的形成、发展根脉相连
446,纳西 族祭天文化,特点,系统
446,纳西族祭天文化,特点,完整
446,纳西族祭天文化,特点,丰富
446,纳西族祭 天文化,特点,深沉 的文化积淀
446,纳西族祭天文化,渊源关系,古华夏祭天 文化
446,纳 西族祭天习俗,入选 项目,云南省第四批省级非 物质文化遗产代表性项目名录
446,纳西族祭天 习俗,项目代表性传承人,杨学红
447,白族服饰,是,白族文化的重要 组成部分
447,白族服饰,是,白族的标志之一
447,白族服饰,形成,集素雅与奇美 于一身的艺术风格
447,白族服饰,凝聚,白族人民的勤劳智慧
447,白族服饰,凝聚,独特的文化传统
447,白族服饰,凝聚,审美意识
447,白族服饰,根据生活地域 环境不同分为,坝区白 族服饰
447,白 族服饰,根据生活地域环境不同 分为,山区白族服饰
447,坝区白族 服饰,主要流传于,大理市郊
447,坝区白族服饰,主要流传于,洱源县
447,坝区 白族服饰,主要流传于,鹤庆县坝区一带
447,山区白 族服饰,主要流传于,云龙县
447,山区白族服饰,主要流传于,剑川县
447,山区白 族服饰,主要流传于,洱源县山区一带
447,大理市郊白 族服饰,以...为主,白、蓝两色
447,大理市郊白 族服饰,用...挑花纹 样装饰包头,蝴蝶纹
447,大理市 郊白族服饰,用... 挑花纹样装饰包头,菊花纹
447,大理市郊白族服饰,用...挑花纹样装饰包头,梅花纹
447,大理市郊白族服饰,上着,白色窄 长内衬衫
447,大理市郊白族服饰,外套,红、蓝色领 褂
447,大理 市郊白族服饰,围,深色下摆绣花围 腰
447,大理 市郊白族服饰,下 着,浅色直筒裤
447,大理市 郊白族服饰,脚穿,绣花船形鞋
447,周城、 喜洲一带白族,以 ...作装饰,扎染飘 带
447,周 城、喜洲一带白族,以...作装饰,头 巾
447,周 城、喜洲一带白族,以...作装饰,挂 包
447,洱 源、鹤庆一带白族服饰,色彩以...为主,冷色调
447,洱源、鹤庆一带白族 服饰,领褂部分配以,红色点缀
447,洱源、鹤庆一带 白族服饰,领褂部分 配以,蓝色点缀
447,洱源、鹤 庆一带白族服饰,袖 口和裤脚处用,花边滚边装饰
447,洱源、鹤庆 一带白族服饰,袖口 和裤脚处用,布 条滚边装饰
447,洱源、鹤庆一带 白族服饰,胸前挂,刺绣挑花的方巾
447,洱源、 鹤庆一带白族服饰,配以,精美的银制须 链装饰
447,鹤庆、甸南的白族 新娘装,较,庄重 华贵
447,鹤庆、甸南的白族 新娘装,服饰以...为主 色调,黑色
447,鹤庆、甸南的 白族新娘装,包括,盘式帽
447,鹤庆、甸南的白 族新娘装,包括,上衣 六层绣花袖
447,鹤庆、甸南 的白族新娘装,包括,坎肩宽裤
447,鹤庆、甸南 的白族新娘装,包括,围腰
447,鹤庆、甸南的白 族新娘装,包括,方 巾
447,鹤 庆、甸南的白族新娘 装,包括,扎脚带
447,鹤庆 、甸南的白族新娘装,包括,布袜
447,鹤庆、甸 南的白族新娘装,包括,如意船形绣花鞋
447,鹤庆 、甸南的白族新娘装,配以,精致的帽 花
447,鹤 庆、甸南的白族新娘 装,配以,手镯
447,鹤庆 、甸南的白族新娘装,配以,戒指
447,鹤庆、 甸南的白族新娘装,配以,侧胸骨 链
447,山区 白族,以...为主要代表,云龙县
447,山区白族,以...为主要代表,剑川 县
447,山区 白族,以...为主要代表,洱源县山区
447,山区白族服饰,色彩以...为主色调,红、蓝、绿
447,山区白族服饰,色彩对比,鲜明
447,山区白族 服饰,布料,厚实
447,山区白族 服饰,领褂和围裙 以...为底,黑、 蓝等色
447,山区白族服饰,领 褂和围裙点缀,密 致的白色花纹
447,山区白族服饰,在结构上以...为主,大块面的纯色
447,山区白族服饰,具有特点,大方
447,山区白族服饰,具有特点,古朴
447,山区白族服饰,具有特点,庄重
447,山区白族 服饰,袖口、头巾 等局部设计显其,生动 活泼
447,山区 白族服饰,头饰、 腰带、飘带上的刺绣和挑 花,色彩艳丽夺目
447,山区白族服饰,头饰、腰带、飘 带上的刺绣和挑花,搭配丰富
447,山区白族服饰,图案具有,浓郁的原始意蕴和 内涵
447,大多数 日常穿着白族服装的人,为,中老年人
447,年青人,穿着较少,白族服装
447,刺绣和挑 花工艺,掌握的人,凤毛麟角
447,刺绣和挑花工艺,越来越多地被代替,机 绣
447,愿意 学习手工的年轻人,越来越少) 69. (白族服饰,"入选, 云南省第四批省级 非物质文化遗产代表性项目名录"
447,杨文焕,是,项目代表性传承人
448,纳西族 民歌,名称,含哦 哦
448,含哦哦,起源传说,远古时纳西人的祖先 散居四方每逢相聚之时围着火 塘即兴彻夜欢唱
448,含哦哦,流传地区,丽江市玉 龙纳西族自治县境内太安乡 一带的偏远山区
448,含,含义,金子
448,哦哦,含义,相聚、凝聚
448,含哦哦,歌词手法,比喻
448,含哦哦,曲调结构,三句体
448,含哦哦,第一句演唱形式,一人领唱
448,含哦哦,第二、三 句演唱形式,众人合唱
448,含哦哦,骨干音,宫和 角
448,含 哦哦,落音结束音,宫音
448,含哦哦,节奏 特点,自由多变
448,含哦哦,入选项目,云南省第四批省级 非物质文化遗产代表性项目名录
449,禄劝县 彝族刺绣,描绘内容,图腾
449,禄劝县彝族刺绣,描绘内容,动植物
449,传统刺绣图案,包括,牡丹
449,传统刺绣图案,包括,腊梅
449,传统 刺绣图案,包括,南瓜花
449,传统刺绣图案,包括,麦瓜花
449,传统刺绣图案,包括,草兰花
449,传统刺绣图案,包括,虎
449,传统 刺绣图案,包括,鹰
449,传统刺绣图案,包括,龙
449,传统刺绣图案,包括,喜鹊
449,传统刺绣图案,包括,鱼
449,传统刺绣图案,包括,蝴蝶
449,传统刺绣 图案,包括,猫
449,传统刺绣图案,包括,鼠
449,图案称谓,凤穿 牡丹) 17. (图案 称谓,二龙抢宝
449,图案称谓,耗子摘葡萄) 1 9. (图案称谓,蝴蝶 恋花
449,图案称谓,猫蹲菊) 21. (图案称谓,喜鹊闹梅
449,图案称谓,鹦鹉 啄石榴) 23. ( 图案称谓,龙凤呈祥
449,图案称谓,鹿望金钟) 25. (图案称谓,小兔连枝
449,图案称谓,小鸟梅花 ) 27. (图案称谓,犀牛望月
449,男子短褂图案,代表,龙
449,男子短褂图案,代表,虎
449,男子短褂图案,代表,鹰
449,妇女衣襟图案,绵羊角,"象征, 生活顺畅、安康"
449,衣服下摆图案,旗盘,"象征, 城郭和田地"
449,背带图案,石榴,"象征, 多子多 福"
449,绣 法类型,包括,十字绣
449,绣法 类型,包括,挑花绣
449,绣法 类型,包括,扣花绣
449,绣法 类型,包括,穿花绣
449,绣法 类型,包括,挂花绣
449,绣法 类型,包括,搂花绣
449,绣法 类型,包括,拼花绣
449,绣法 类型,包括,游花绣
449,绣法 类型,包括,压针绣
449,绣法 类型,包括,平针绣
449,绣法 类型,包括,游针绣
449,绣法 类型,包括,纱针绣
449,绣法 类型,包括,隔针绣
449,绣法 类型,包括,勒针绣
449,绣法 类型,包括,松毛绣
449,绣法 类型,包括,打结绣
449,绣法 类型,包括,跳三针
449,绣法 类型,包括,挑针绣
449,最难绣 法,青花绣) 53. (刺绣工艺特点,"绘图工具, 铅笔"
449,刺绣工艺特点,不用辅助工具,尺子
449,刺绣应用 范围,包括,服装装饰
449,刺绣应用范围,包括,挎包
449,刺绣应用范围,包括,枕头套
449,刺绣应用范围,包括,被套
449,刺绣应用范围,包括,背布
449,刺绣应用范围,包括,腰带
449,刺绣 应用范围,包括,鞋
449,现代扩展应用,包括,沙发套
449,现代扩展应用,包括,电视机套
449,现代扩展应用,包括,帐帘
449,现代扩展应用,包括,窗帘
449,现代扩展应用,包括,门 帘
449,现代 扩展应用,包括,装饰绣 片
449,禄 劝彝族刺绣,入选项目,云南省第三批省级非物质 文化遗产代表性项目名录扩展项目名录
449,项目代表性传承 人,陈国稳) 70. (项目代表性传承人,游定美
450,拖姑村 回族传统文化生态保护 区,位于,昭通市鲁甸 县桃源回族乡拖 姑行政村
450,拖姑村回族传统文化生态保护区,距县城距离,千米
450,拖姑村 回族传统文化生态保护区,面积,平方千米
450,拖姑村,全村户数,户
450,拖姑村,人口民族统计,回族
450,拖姑村,属于,滇东北的回族聚居 区
450,拖姑 村,拥有,清真 寺
450,拖姑 清真寺,殿阁亭 楼数量,余间
450,拖姑清真寺,占地面积,约平方米
450,拖姑清 真寺,建筑结构类型,木结构建筑
450,拖姑清真寺,历经年限,多年
450,拖姑清真 寺,名列,云南十大 古寺之一
450,拖姑清真寺,文物保护级别,省级重点文物 保护单位
450,拖姑村现存民居,分为,土木结构、砖混 结构两类
450,拖姑村现存民居多为,土木结构) 16. (拖姑村回族,"履行五大功修, 念、 礼、斋、课、朝"
450,拖姑村 传统礼仪,包括,起经 名
450,拖 姑村传统礼仪,包括,行割礼
450,行割礼对象,男孩 岁间举行) 20. (拖姑村传统礼仪,"包括 , 净身分大净小净"
450,拖姑 村传统礼仪,包括,各种 家事祝贺
450,拖姑村传统节庆,包括,古尔邦节
450,拖姑村 传统节庆,包括,开 斋节
450,拖姑村传统节庆,包括,圣纪节
450,拖姑村婚礼习俗 过程,包括,说亲
450,拖姑村 婚礼习俗过程,包括,订婚
450,拖姑 村婚礼习俗过程,包括,通信
450,拖 姑村婚礼习俗过程,包括,娶讨
450,拖姑村婚礼习俗过程,包括,念证婚词
450,拖姑村 丧葬方式,土葬) 31. (拖姑村 丧葬习俗,完整丧葬 习俗
450,拖 姑村民间文学,包括,《 哈元生的故事》
450,拖姑村民间文学,包括,《蔡文炳的故事 》
450,拖 姑村民间文学,包括,《 马连升的故事》
450,拖姑村民间文学,包括,《拿龙传说》
450,拖姑 村民间文学,包括,《吃 油香的来历》
450,拖姑村传统手 工艺,包括,挑花
450,拖姑村 传统手工艺,包括,刺绣
450,拖姑 村传统食品,包括,九 大碗
450,拖姑村传统食品,包括,牛干巴
450,拖姑村传统食品,包括,香油馓子
450,拖姑村传统 食品,包括,罐罐茶
450,拖姑 村传统食品,包括,丝 窝糖
450,拖姑村传统食品,包括,荞米线
450,拖姑村传统体育赛事,包括,摔跤
450,拖姑村传统体育 赛事,包括,扳手腕
450,拖姑村 传统体育赛事,包括,倒 肱腰
450,拖姑村传统体育赛事,包括,赛跑
450,拖姑村传统体育赛事,包括,翻抛团
450,拖姑村 传统体育赛事,包括,修 天
450,拖 姑村传统体育赛事,包括,扭扁担
450,拖姑村民族服饰代表,盖头) 53 . (拖姑村民族服饰代表,布疙瘩衣服
450,拖姑村民族服饰 代表,毛布底鞋子) 55. (拖姑村 生态环境特点,依山傍水
450,拖姑 村森林覆盖率,高) 57. (拖姑村附近 地点,桃园
450,拖姑村附近地点,长山林场) 5 9. (拖姑村附近地点,桃园水库
450,拖姑村村落格局 与民居建筑,基本保持 传统风貌) 61. ( 拖姑村回族传统文化生态保护区,"入选年份, 年"
450,拖姑村 回族传统文化生态保护区,入选 项目名录,云南省第三批省级 非物质文化遗产代表性项目名录
451,力格高,属于,云龙山地白 族文化活动
451,力格高,表现内容模仿,动物形态
451,力格高,表现内容模仿,生产生活
451,力格高,具有,山地白族 打歌风韵
451,力格高,队形 以...为主,逆时针 方向的圈舞
451,力格高,主要舞蹈 套路包括,羊羔吃奶
451,力格高,主要舞蹈套路包括,老鹰展翅
451,力格高,主要舞蹈 套路包括,猴子遮眼
451,力格高,名称即带有提示性跳法 包括,一二三步
451,力格高,名称即带有提示性跳法包括,擦进退跳
451,力格高,名称即带有提示性跳法包括,相互转
451,力格高,名称 即带有提示性跳法包括,单双麻花
451,力格高,模仿动物动作时发出,呼叫 声
451,力 格高,主要动作特征包括,微含胸
451,力格高,主要动作特征包括,双膝 稍屈
451,力格高,主要动作特征 包括,上身前倾
451,力格高,转身以...为主动力,腰
451,力 格高,足的颤动特点,富有弹性
451,力格高,磋 踏特点,有力
451,力格高,节奏特点,强烈欢快
451,力格高,双手动作特点,自然摆动
451,力格 高,动作幅度变化情况,自然增大
451,力格高,前屈 特点,较深
451,力格高,跺地特点,有力
451,力格高,情绪表达,激昂
451,力格高,体现民族性格,坚韧不 拔
451,力 格高,体现情怀,对生活充满自信
451,力格高,体现 情怀,欢快活泼
451,力格高,历史上无乐器伴奏方式,踏 地为节
451,力格高,历史上统一 动作方式,男女舞者的呼喊 声
451,力 格高,近年加入伴奏乐器,鼓
451,力格高,手部 动作特点,模拟性动作
451,力格高,脚步变化特点,多
451,力格 高,双脚踏跺特点,十分有力
451,力格高,风格特征,粗犷
451,力格高,风格 特征,质朴
451,力格高,被称为,东方踢踏舞
451,力格高,呈现并保持,原始古朴 的历史风貌
451,力格高,具有价值,珍贵的历史文化价值
451,力格高,具有 价值,艺术价值
451,力格高,入选项目,云南省第四批省级 非物质文化遗产代表性项目名录
451,力格高,项目代表性传承人,莽 秀枝
452,朵翀,含义,“ 聚合在一起歌舞”
452,朵翀,用途,“ 建庙庆典时举行的民俗宗教活动 ”
452,朵翀,类型,“无 伴奏的大型集体歌舞表演”
452,朵翀,缘起于,“修建桑 耶寺及传承佛法”
452,朵翀,传播至,“金沙江中 游地区”
452,朵翀,保留地点,“丽江市玉龙县塔 城乡境内”
452,朵翀,发源 地,“西藏自治区山南地区 ”
452,桑耶寺,建造者,“赞普赤松德赞”
452,桑 耶寺,地位,“西藏 第一座具有佛、法、僧 三宝的正规寺院”
452,朵翀 民俗,形式,“歌舞剧 ”
452,朵翀民俗,结构特征,“分为幕共首歌舞、 话剧”
452,朵翀民俗,表演 时长,“长达小时”
452,朵翀 民俗,主要特征,“保存 历史悠久”
452,朵翀民俗,主要 特征,“表演时间长”
452,朵翀 民俗,主要特征,“篇幅 宏大”
452,朵翀民俗,主要 特征,“结构严谨”
452,朵翀 民俗,主要特征,“内容丰富 ”
452,朵翀民俗,主要特征,“形式多样”
452,朵翀民俗,文化属性,“综合性”
452,朵 翀民俗,文化属性,“ 完整性”
452,朵翀民俗,文化 属性,“广泛的群众性”
452,朵 翀民俗,文化属性,“ 民间传承性”
452,朵翀民俗,体现的文化交融,“纳西 族、藏族传统文化交融共生”
452,朵 翀民俗,反映的精神特质,“遵循天理”
452,朵翀民俗,反映的精神特质,“崇尚 自然”
452,朵翀民俗,反映 的精神特质,“包容和谐”
452,朵 翀民俗,价值追求,“ 对美好幸福生活的执着追求”
452,朵 翀民俗,历史文化价值,“ 很高”
452,朵翀民俗,艺术 审美价值,“很高”
452,纳西 族朵翀,入选项目,“云南省第四批省级非物质文化遗产 代表性项目名录”
453,立秋节,象征意义,丰收
453,立秋节,象征意义,吉祥
453,彝族先 人,饲养对象,牛
453,彝族先 人,认为带来五谷丰 登者,牛
453,彝族先人,崇拜对象,牛神
453,当地各村寨彝 族,约定日期,每年 农历立秋这一天
453,当地各村寨彝族,举行活动,斗牛活动
453,斗牛活动,目的,感谢牛神
453,彝族男女老幼,换上服饰类型,节日 盛装
453,女装组成部分,包括,包头
453,女装组成部分,包括,麻布长袖 花衣
453,女装组成部分,包括,羊毛短 袖黑衣
453,女装组成部分,包括,麻布 筒裙
453,女装组成部分,包括,羊毛毡 围腰
453,女装组成部分,包括,绣花 衣
453,女装 组成部分,包括,扎红腰带
453,男装组成部分,包括,包头
453,男装组成部分,包括,麻布长袖衣
453,男装组成部分,包括,羊毛衣
453,男装组成部分,包括,羊毛褂
453,男装组成部分,包括,马 甲
453,男装 组成部分,包括,长裤
453,男装组成部分,包括,系红色腰带
453,男女老幼,齐聚地点,秋场
453,各村寨,赶着参加比赛的动物,最壮实的公牛
453,出牛的各 村寨领头人和牛主,相互行为,敬酒
453,公牛获胜,代表含义,该村该户 会种庄稼会过生活
453,人们,围绕 场所,篝火
453,人们,进行活动,载歌载舞
453,姑娘小伙,吹奏乐器,树叶
453,姑娘小伙,演唱内容,绵绵情歌
453,立秋节,同时是,农产品交易会
453,秋场,作为场所,物品交流 场所
453,人们,带到秋场交易的物品,粮食
453,人们,带到秋场交易的物品,日用品
453,人们,带到秋场交易 的物品,服饰
453,人们,带到秋场 交易的物品,生产工具
453,六哨彝族 立秋节,传承方式,家庭传承
453,六哨彝族立秋节,传承方式,群体自发 性传承
453,六哨彝族立秋节,传承方式,长辈口耳 相传
453,六 哨彝族立秋节,对传承有积极作用的文化元素,彝族服饰文化
453,六哨彝族立秋 节,对传承有积极作用的文化 元素,歌舞乐
453,六哨彝族立 秋节,对传承有积极作用 的文化元素,口头传统
453,六哨彝族 立秋节,重要作用,促进农产品的交流交易
453,六哨彝族立秋 节,重要作用,促进经济社会发展
453,世纪年代 以来,导致传统民俗活动内容 逐渐消失的原因,彝族青年 男女大批外出打工
453,彝族立秋节,入选项目名录,云南省第四 批省级非物质文化遗产代表性项目名录
454,男子手巾 舞,所属 民族,壮族
454,男子 手巾舞,流传地区,广南县
454,男子手巾舞,起源活动,丧葬祭祀活动
454,男子手巾 舞,参与者性别限制,男性
454,男子手 巾舞,历史背景,悠久的历史
454,男子 手巾舞,邀请者身份,死者女儿
454,男子手巾舞,表演 起始距离,家中有米左右
454,男子手巾 舞,伴奏乐器,牛皮 鼓
454,男子手 巾舞,伴奏乐器,牛角号
454,男子手巾舞,伴奏 乐器,铓锣
454,男子手巾舞,舞者服装颜色,白 、蓝色长袍
454,男子手巾舞,舞者头饰,白色头 帕
454,男子 手巾舞,舞者腰带 颜色,纯白色或五彩腰带
454,男子手 巾舞,步伐特点,前脚尖点地两腿膝盖 同时弯曲
454,男子手巾舞,步伐移动 方式,左右脚交替前移
454,男子手 巾舞,韵律特征,重拍向下
454,男子手巾舞,演变性质,自娱性的男性 群众舞蹈
454,男子手巾舞,现代表演 时间,农闲、节庆 期间
454,男子 手巾舞,祭祀环节动作 套数,传统舞蹈动作
454,男子手巾 舞,单一舞台表演增加套 数,增加到套
454,男子手巾舞,套路特点,清晰
454,男子手巾舞,步伐特性,稳健
454,男子手巾 舞,动作特性,庄重 统一
454,男子 手巾舞,文化内涵,兴礼仪、重孝道的传统 民族习性
454,男子手巾舞,社会功能,弘扬美德、教化育民
454,男子手 巾舞,舞蹈类型特殊性,纯男性舞蹈之一
454,男子手巾舞,文化价值,体现壮 族人民的集体智慧
454,男子手巾舞,文化地位,广南壮族 传统文化的重要组成部分之一
454,男子手巾舞,研究价值,对研究壮族 传统文化和社会发展保护文化多样性有着极其 重要的价值
454,男子手巾舞,入选名录,云南省第三批省级非物质 文化遗产代表性项目名录
454,男子手巾舞,项目代表性传承人,陆国安
455,阿銮,属于,傣族叙事长诗
455,阿銮,形成背景,南传上座部佛教 传入之后
455,阿銮,内容数量,五百五十部
455,阿銮,现存 目录数量,一百多部
455,傣族民间 定义一,阿銮即佛陀 ) 6. (佛陀 成佛前托生转世次数,五百五十代
455,傣族民间定义 二,阿銮即英雄) 8. (傣族 民间定义三,阿銮是 机智与勇敢的象征
455,《维先达腊 》,来源类型,佛 经故事
455,《阿銮达莫》,来源类型,佛经 故事
455,《阿銮京乱》,来源类型,佛经故事
455,《阿銮国罕》,来源类型,佛经故事
455,《 金羚羊阿銮》,来源类型,本土故事
455,《白 螺蛳阿銮》,来源 类型,本土故事
455,《花水 牛阿銮》,来源类型,本土故事
455,《金皇冠阿 銮》,主题类型,王子与公主爱情故事
455,《阿銮弓 关》,主题类型,王子与公主爱情故事
455,《阿銮散 达》,主题类型,王子与公主爱情故事
455,阿銮,别称,傣族英雄史诗
455,阿銮,传播地区,傣族地区
455,阿銮,功能 作用,道德教化
455,德宏傣 族聚居区佛塔,关联对象,阿銮故事
455,德 宏傣族聚居区佛塔,性质,阿銮故事 遗址
455,阿銮长诗数量,现状描述,锐减
455,高水平艺人 数量,现状描述,日益 减少
455,阿銮,入选项目,云南省第四批省级非物质文化遗产 代表性项目名录
456,猫耳斗 铜烟锅制作 技艺,始于,清代
456,猫耳斗铜烟锅,得名原因,斗 部状如猫耳
456,猫耳斗铜烟锅,组成部分,红木烟 杆
456,猫耳 斗铜烟锅,组成部分,铜饰品
456,猫耳斗铜烟锅,主要原材料,清香木
456,清香木,别 称,乌木
456,乌木,特性,木质坚硬
456,乌木,特性,色泽 乌黑
456,乌 木,特性,去皮刨 光后可见环状天然纹理
456,乌木,俗称,牛肋巴花
456,乌木,特性,质地沉重厚实
456,乌木,加工步骤,阴干
456,乌木,加工步骤,挖斗
456,乌木,加工步骤,镂空
456,乌木,加工步骤,刨光
456,乌木,加工步骤,雕饰
456,乌木,加工步骤,上油
456,铜部件,材料,铜锌合金
456,铜锌 合金,别称,白 铜
456,铜 片,加工方式,切成 坯条
456,铜片,加工工艺,锻 打
456,铜 片,加工工艺,焊接
456,焊药,成分,铜粉
456,焊药,成分,硼砂粉
456,焊药,使用方式,撒在铜件 接口处
456,焊接,方法,高温熔 接
456,铜 部件,加工工艺,高温熔 铸定型
456,铜部件,加工工艺,镂 槽
456,镂 槽后,装饰材料,红铜嵌丝
456,红铜嵌丝,处理方式,高温熔铸磨 平
456,铜 部件,装饰工艺,錾 花装饰
456,烟杆前端和斗部,包覆材料,铜皮饰品
456,猫耳 斗铜烟锅,配件,铜制烟嘴
456,铜制烟嘴,功能,连接烟杆
456,猫耳斗 铜烟锅制品,尺寸范围,大至一米多长 重达四五斤
456,猫耳斗铜烟锅 制品,尺寸范围,小 至四五寸长小手指粗细
456,其他制品,包括,铜锅
456,其他制品,包括,铜壶
456,其他制品,包括,铜 调羹
456,其他制品,包括,铜灯
456,其他制品,包括,铜锁
456,其他制品,包括,铜墨盒
456,猫耳斗铜烟 锅制作技艺,工艺特点,传统手工技艺
456,图案设计,依据,制作者的经验和感觉
456,工艺特点,描述,工艺复杂
456,工艺特点,描述,制作精细
456,造型特点,描述,造型别致
456,铜部件配料,特点,考究
456,金属配比和火候掌握,要求,适当
456,雕花特点,描述,细腻
456,纹饰特点,描述,丰富
456,特色风格,描述,鲜明
456,色彩 特点,描述,古朴红 白分明
456,视觉效果,描述,强烈的视觉 冲击
456,艺术 感染力,评价,很强
456,长期使用的 猫耳斗铜烟锅,变化原因,反复把玩手 心的酸性汗液与铜发生化学反应
456,长期使用的 猫耳斗铜烟锅,外观效果,更显古朴韵味
456,猫耳 斗铜烟锅,兼具属性,实用性
456,猫耳斗铜烟锅,兼具属性,艺术性
456,猫耳斗 铜烟锅,兼具属性,收藏价值
456,猫耳斗铜烟锅制作 技艺,入选名录,云南省 第四批省级非物质文化遗产代表性项目 名录
456,项目 代表性传承人,包括,李广 周
456,项目 代表性传承人,包括,李存 勋
457,明代丽江木 氏土司,雕版印制《 甘珠尔》,小中甸池卡寺
457,明代丽江木氏 土司,送至大昭 寺,《甘珠尔》
457,云南藏区雕 版印经之先河,开创者,明代丽江木氏 土司
457,香 格里拉印经院,恢复 重建,年
457,藏族雕版印经技艺,主要工具,槽口挑 刀
457,藏族雕 版印经技艺,主要工具,平口刀
457,藏族雕版印经技艺,主要工具,反凿
457,藏族雕版 印经技艺,主要工具,平凿
457,藏族雕版印经技艺,主要工具,大凿
457,藏族雕版印 经技艺,主要工具,指甲凿
457,木刻印版,选择材质,西南桦
457,木刻印版,加工成寸板时间,秋季
457,木刻 印版,处理方式,用微火烤半干时用 湿牛粪堆沤数月
457,木刻印 版,后续工序,水煮
457,木刻 印版,后续工序,烘干
457,木 刻印版,后续工序,刨平
457,木刻印版,后续 工序,贴样
457,木刻印版,后续工序,刻版
457,木刻印 版,后续工序,校 对
457,木 刻印版,后续工序,修补
457,木刻印版,后续工序,防蛀
457,木刻印版,保存特性,可保存数百年 不变形、无虫蛀
457,贴样的纸张,最佳选择,上等薄 藏纸
457,贴样的纸张,要求,贴正贴稳字迹图案清晰
457,雕刻文字,顺序原则,先大 后小
457,雕刻文字,顺序原则,先深后浅
457,雕刻文字,顺序原则,先粗后细
457,雕刻文字,先用工具,铲凿出大的 空隙
457,雕刻 文字,再用工具,挑 刀挖深处雕刻字眼空心和四 元音等细节
457,雕刻文字,前用水 浇板外表稍干时雕刻细小 部分> 31. <雕刻 文字,"最后工序, 修补 完成"
457,迪 庆藏族雕版,分类,使用型
457,迪庆藏族雕版,分类,文化传播型
457,迪庆藏族雕 版,分类,艺术审美 型
457,常见 经幡,包括类型,利 册亦称玛尼
457,常见经幡,包括 类型,甸主
457,常见经幡,包括 类型,义卓
457,经幡的组合形式,根据因素,地点
457,经幡的组合形式,根据因素,场景
457,经幡的组合形式,根据因素,信仰仪轨
457,经幡的组合 形式,根据因素,祈祷功能
457,经幡 的组合形式,分为,悬挂 式
457,经 幡的组合形式,分为,插挂式
457,经幡的组合形式,分为,立柱式
457,经幡的组合形式,分为,经幡塔
457,迪庆藏族雕 版制品,包括,《甘珠 尔》部
457,迪庆藏族雕版制品,包括,《丹珠尔》香 格里拉版部
457,迪庆藏族雕版制品,包括,其他八大教派 文献著作原始印经木刻板
457,迪庆 藏族雕版制品,包括,艺术画板
457,迪庆藏族雕版制品,包括,经幡
457,迪庆藏族雕版 制品,包括,玛尼
457,迪庆藏族 雕版制品,包括,义 卓
457,迪 庆藏族雕版制品,包括,甸主
457,迪庆藏族雕版印经 技艺,所属领域,中国 藏文化
457,迪庆藏族雕版印经技艺,所属领域,雕版 印刷史
457,迪庆藏族雕版印经技艺,作用,在佛教进入 藏文化的过程中发挥了重要的媒介作用
457,迪庆藏族 雕版印经技艺,地位,藏传佛教的重要载体之一
457,藏族雕 版印经技艺,入选项目,云南省第四批省级非物质 文化遗产代表性项目名录
457,项目代表性传承人,姓名,拉茸开主
458,纳西族,民间称呼,署神孰 龙龙王
458,祭署仪式,纳西语名称,署古
458,署,性质,掌管 一切自然事物的超自然精灵
458,祭署仪式,举行时间,每年农历 二月的第一个龙日或蛇日
458,祭署 仪式,持续时间,三天
458,第一天,活动内容,准备工作
458,准备工作,包括,祭祀用品的准备
458,准备工作,包括,祭木的安放
458,准备工作,包括,署寨的设置
458,第二天,活动内容,除秽仪式
458,第三天,活动内容,正式 的祭署仪式
458,祭署仪式,使用物品,数十部东 巴经书
458,祭署仪式,使用物品,各类东巴法 器
458,东巴祭司,身份特征,全面掌握纳西族知识和 技能的人
458,东巴祭司,传承 领域,文学
458,东巴祭司,传承领域,舞蹈
458,东巴 祭司,传承领域,绘画
458,东巴祭司,传承领域,工艺
458,祭署仪式,关联 文化,东巴文化
458,祭署 仪式,文化意义,高度 集中了纳西族原始宗教智慧
458,祭署仪式,表现形式,纳西族传统文化
458,祭署仪式,形成背景,与自然环境相互 发展
458,祭署仪式,特点,广泛的群众性
458,祭署仪式,特点,民间传承性
458,祭 署仪式,传达愿望,祈福
458,民众,遵守准则,爱护生命
458,民众,遵守准则,爱护自然
458,民众,遵守准则,爱护环境
458,纳西族生活方式 变化,影响对象,祭 署仪式生存空间环境
458,东巴人数,现状描述,屈指 可数
458,传承状态,评价,濒危
458,纳西族祭署 习俗,入选项目,云南省 第三批省级非物质文化遗产代表性项目 名录
458,项目代表性传承人,姓名,和世先
458,项目代表性传承 人,姓名,杨文 吉
459,嵩明县 洞经音乐,起源时期,元末明初
459,傅友德、 沐英,带入云南,嵩明县洞经音乐
459,嵩明县洞经 音乐,艺术形式特点,歌、乐、礼、诵融为一体
459,民间组织团体,包括,崇文学
459,民间组织团体,包括,明轮学
459,民间组织团体,包括,同文学
459,民间组织团体,包括,启 文学
459,民间组织 团体,包括,忠善学
459,民间组织团体,包括,忠义学
459,民间组织团体,包括,普惠学
459,民间组织团体,包括,凤仪学
459,民间组织团体,包括,正文学
459,民间组织团体,包括,体仁学
459,谈演经典,《 玉清无极总真文昌大洞 仙经》) 15. (谈演经典,《真武 玄帝报恩经》
459,谈演经典,《宝藏仙经》) 1 7. (嵩明洞经音乐,"分类, 曲牌"
459,嵩明洞 经音乐,分类,经 曲
459,曲 牌,细分类型,大 乐曲牌
459,曲牌,细分类型,细乐曲牌
459,经曲,细分类型,大乐经曲
459,经曲,细分 类型,细乐经曲
459,乐队设置,包含元素,吹
459,乐队设置,包含元素,拉
459,乐队设置,包含 元素,弹
459,乐队设置,包含元素,打
459,演奏形式,根据场所不同分为,经坛演奏
459,演奏形式,根据场所 不同分为,院坝演奏
459,演奏形式,根据场所不同分为,踩街 演奏
459,演奏 形式,文场特点,曲调典雅、古朴旋律悠扬 婉转优美动听
459,演奏形式,武 场特点,锣鼓激越 豪放、庄重威武气氛热烈 、欢腾叠荡、宏大壮 阔
459,嵩 明洞经音乐,节奏特点,字少腔多
459,嵩明洞经 音乐,常用拍号,拍和拍
459,唱奏特点,板眼 分明、规整平稳) 3 5. (唱词结构,"形式包括, 四言"
459,唱词结构,形式包括,五言
459,唱词结构,形式包括,七言
459,唱词 结构,形式包括,长短 句
459,多 段唱词处理方式,反复 演唱只做个别音符上的变动而不 改变旋律的主体节奏) 40 . (音阶构成,多数 由五声、六声构成
459,音阶构成,少部分使用七声音阶 ) 42. (音域 范围,基本保持在十二度以内
459,调试常见 调式,羽) 4 4. (调试常见调式,徵
459,调试常见调式,宫) 46. (风格评价,具有古乐之风又有江南丝 竹之韵
459,美誉称号,滇东雅 乐) 48. (入选 项目,云南省第四批省级非 物质文化遗产代表性项目名录扩展项目名录
460,洞经音乐,传入时间,明代
460,洞经音乐,传入路径,中原 经四川到昭通
460,洞经音乐,清代 中期活动场合,庙会及 求雨、祭祀等活动
460,中华民国时期,现存团体,敦义学、述孝 学、伦理学
460,世纪年代以后,停止原因,庙会活动停止
460,昭通洞经音乐,活动程序和仪式,整 冠、提领、拂尘、 跪、叩首、入座、 演奏
460,昭通 洞经音乐,每次演唱时长,两个小时
460,左排第一位,称谓,首座
460,右 排第一位,称谓,副 座
460,首 座职责,领唱确定唱 腔和控制节奏快慢) 11. (首座使用法 器,板鼓、提板 、木鱼、大鼓、小 云锣
460,五人依次使用乐器,大钹 、大镲、苏钹、小 镲、小锣) 13 . (副座职责,单独 朗诵经文者
460,副座使用乐器,二胡、三弦、笛子 、唢呐) 15. (首座和副座旁边立 牌内容,纠仪
460,昭通洞经 音乐代表作品,《甘洲歌 》) 17. (昭 通洞经音乐代表作品,《 北斗挂城边》
460,昭通洞经音乐 代表作品,《洞仙歌》 ) 19. (昭通 洞经音乐代表作品,《江 中月》
460,昭通洞经音乐代表作品,《双凤吟》) 21. (昭通洞经 音乐代表作品,《仙客韵 》
460,昭 通洞经音乐代表作品,《 一江风》) 23 . (昭通洞经音乐代表 作品,《南锦宫》
460,昭通洞 经音乐代表作品,《古桃 红》) 25. ( 昭通洞经音乐代表作品,《慈航令》
460,昭通洞经音乐 代表作品,《水长流》 ) 27. (诵唱 部分特点,比较多的祭仪 成分
460,器 乐演奏部分特点,较高的音乐 价值) 29. (昭 通洞经音乐,"入选名录 , 云南省级非物质文化遗产代表性 项目名录扩展项目名录"
461,豆豉制作 技艺,传入 时间,明代汉人 入滇时
461,易门豆豉,成为朝廷贡品,清朝 康熙年间
461,易 门豆豉制作,主要原料,当地特产小黄豆
461,小黄豆采收标准,豆皮颜色,青 中带黄七八成熟
461,豆豉制作流程,包括 步骤,收豆、剥豆 、清洗、蒸煮、发酵、 加辅料、搅拌装罐
461,剥豆时限要求,完成时间,三天内
461,蒸煮后处理 方式,操作方法,摊 开晾凉
461,发酵容器材质,使用工具,透气的竹箩
461,分层填充结构,组成 成分,一层豆秸或松 针一层豆子
461,封口材料,采用物品,轻纱
461,堆捂材料,使用 物品,豆秸或松针
461,发酵时长 控制,持续时间,三天两 夜
461,关键 工艺参数,需控制因素,温度
461,低温影响结果,导致问题,发酵不充分
461,高温导致后果,产品质量 异常,泛酸
461,冷却目标状态,达到条件,常温
461,基础调味添加物,加入物质,食盐
461,混合操作目的,制成产品形态,豆豉 果
461,可选 添加剂材,包含种类,高粱酒、辣椒、草果、 八角
461,成品 分类类别,产品形式,水豆豉或干豆豉
461,正宗产地标识,所属村落,浦贝 村
461,优质 水源关联,灌溉用水来源,石莲寺泉水
461,原料特征描述,黄豆品质特点,颗粒饱满、 鲜香嫩绿
461,非遗入选信息,名录 批次,云南省第四批省级非 物质文化遗产代表性项目名录
461,技艺传承代表,代表性传承人,魏建堂
462,大堵杂 村,始建于,明末清 初
462,大堵杂村,历史 年限,余年
462,当地人,认为,猴子 曾救过祖先
462,当地人,纪念对象,祖先和猴子
462,当地人,制作材料,藤 条
462,当地人,制作物品,面具
462,当地人,装扮成,猴子
462,彝语,称猴子为,阿奴
462,演变后汉语,称猴子为,阿奴得
462,当地人,尊称 猴子为,绑神猴
462,绑神猴 活动参与者,是,彝 族青少年男子
462,绑神猴活动参与者,头戴,面具
462,绑神猴活动参与者,身绑,藤条
462,绑神猴 活动目的,包括,祭祀祈福
462,开展前 准备,处理原有面具方式,找出洗净晾干
462,修补材料,包括,通草、山药、毛发
462,绘制备用工具,使用,色料
462,面具不足时做法,找木料重新制作) 19. (面具制作者,"是, 村里威望极高的 长者"
462,制作限制条件,除徒弟外 不允许其他人观看) 21. (保管责任人,本人保管
462,送入时间,年三十晚上快凌晨时) 23. (藏放地点 轮换规律,一年在东方一年 在西方
462,取回人员年龄范围,至 岁的男性村民) 25. (取回地点标记物,绑山花子
462,出场信号,三声 火药枪大鞭炮鸣响) 27. (模仿动作特征,学猴子奔跑模样又跳又叫
462,迎接方式,村民列队在村口 鸣枪、放鞭炮) 2 9. (主要表演场地,村里较广的场子上
462,祭拜仪式 主持者,村里有名望 的长者) 31. ( 祈求内容,安居乐业、 风调雨顺、五谷丰 登、人丁满门、六 畜兴旺
462,分组方式,每三人一组) 33. (后续行程,挨家入户拜年
462,仪式结束标志,青壮年及长辈手持刺 刀割断藤条) 3 5. (文化属性,宗教 情感和深厚的文化内涵
462,非遗级别,云南省 第四批省级非物质文化遗产代表性项目 名录) 37. (项目 代表性传承人,张荣华
463,南华沙 街调,属于,汉族民 歌
463,南华沙街调,起源地,沙桥坝子
463,沙桥,历史时期,唐宋至 元朝
463,沙 桥,称号,八郡 通衢
463,沙 桥,称号,滇中 旱码头
463,南 华沙街调,演唱场合,春耕栽种期间
463,南华沙街调,发展形式,节庆
463,南华沙 街调,发展形式,迎新
463,南华 沙街调,发展形式,嫁娶
463,南华沙街调,历史时长,数百年
463,南华沙街 调,腔式,四 平腔
463,南华沙街调,男 唱方式,一人独唱
463,南华沙 街调,女应方式,一主唱者领唱首句 全体齐和
463,南华沙街调,曲调特点,委婉流畅
463,南华沙 街调,高音处理,起调高声转调放腔
463,南华沙 街调,演唱技巧,轮腔长词一气呵成
463,南华 沙街调,音域特征,宽
463,南华沙街调,旋律特征,跳跃大
463,南华沙街 调,用词风格,地方方言为主
463,南华沙街调,歌词特点,富有乡土气息
463,南华沙 街调,创作方式,即兴发挥
463,南华沙街调,结构形式,七言四句
463,南华 沙街调,首句特点,拖腔哎说
463,南华沙街 调,表现形式,独唱
463,南华 沙街调,表现形式,领唱
463,南华沙街调,表现形式,对唱
463,南华沙街调,代表曲目,《薅秧调 》
463,南 华沙街调,代表曲目,《小郎得病把把 斋》
463,南华沙街调,代表 曲目,《妹绣荷包坠 郎腰》
463,南华沙街调,代表曲目,《送郎送到沙 桥街》
463,南华沙街调,文化特征,汉族文化与各 民族间的文化融合
463,南华沙街调,创新特点,具有与时俱进的新 歌词
463,南 华沙街调,传承难度,对嗓音要求较高
463,南华沙街 调,技艺难点,较 难把握
463,南华沙街调,现存 传承者群体,少数五十岁以上 的妇女和老人
463,南华沙街调,入选项目,云南省第四批 省级非物质文化遗产代表性项目名录
464,水竹纸 伞,原材料,优质水竹
464,水 竹纸伞,原材料,上好棉纸
464,水竹纸伞,特点,透明度好
464,水竹纸伞,特点,工艺精致
464,水竹纸伞,特点,轻巧美观
464,水竹纸伞,特点,质朴典雅
464,水竹纸伞,用途,晴雨天均可使用
464,水竹纸 伞,特性,不易破裂
464,水竹纸 伞,特性,不易褪色
464,水竹 纸伞,特性,不易 变形
464,伞 架,材料,优质水 竹
464,伞 骨,材料,优质水 竹
464,水 竹纸伞制作,原料,白棉纸
464,水竹纸伞制作,原料,桐油
464,水竹纸伞 制作,原料,色料
464,水竹 纸伞制作,原料,丝线
464,水竹纸伞制作,原料,面熬成的糨糊
464,水竹纸 伞制作,工具,凿 子
464,水 竹纸伞制作,工具,削刀
464,水竹纸伞制作,工具,竹钻
464,水竹纸伞制作,工具,木花印章
464,水竹 纸伞制作,流程,选材
464,水竹纸伞制作,流程,锯竹
464,水竹纸伞制作,流程,刨青
464,水竹纸伞 制作,流程,劈条
464,水竹 纸伞制作,流程,削骨
464,水竹纸伞制作,流程,锯槽
464,水竹纸伞制作,流程,钻孔
464,水竹纸伞制作,流程,锯伞托
464,水竹 纸伞制作,流程,锯伞帽
464,水竹纸伞制作,流程,蒸煮
464,水竹纸伞制作,流程,晒干
464,水竹纸 伞制作,流程,装 柄
464,水 竹纸伞制作,流程,装键
464,水竹纸伞制作,流程,绕伞圈
464,水竹纸伞 制作,流程,裱伞
464,水竹 纸伞制作,流程,糊伞边
464,水竹纸伞制作,流程,印花
464,水竹纸伞制作,流程,收卷
464,水竹纸伞 制作,流程,穿饰 线
464,水 竹纸伞制作,流程,上桐油
464,水竹纸伞制作,流程,套伞把
464,水竹纸 伞制作,流程,结 顶
464,水 竹纸伞,规格,直径厘米等几种
464,水竹纸伞,伞面面料,优质白棉 纸
464,水 竹纸伞,装饰方式,传统手工木印图案
464,水竹纸伞,图案主题,传统花 鸟
464,水 竹纸伞,图案主题,山水
464,水竹纸伞,图案主题,人物
464,水竹纸伞,文化 特色,浓郁的民族特色
464,水竹纸伞,文化特色,地域特色
464,水竹 纸伞,壮族村寨 用途,日常用品
464,水竹纸伞,壮族婚俗用途,嫁娶礼仪物品
464,水竹纸伞,出嫁象征意义,遮羞
464,水竹 纸伞,出嫁象征意义,遮阳
464,水竹纸伞,出 嫁象征意义,遮雨
464,水竹纸 伞,出嫁象征意义,辟邪
464,水竹纸伞制作技艺,入选名录,云南省第四批 省级非物质文化遗产代表性项目名录扩展 项目名录
464,水竹纸伞制作技艺,代表性传承人,张荣华
465,临翔区 碗窑村,制陶技艺,代代相传历史悠久
465,博尚大 芋地墓地出土的器物,推断,碗窑村制 陶历史始于明代
465,临翔碗窑村,使用,龙窑木柴烧 制
465,临翔 碗窑陶器制作技艺,包括,慢轮手工制作
465,临翔碗窑陶 器制作技艺,保留着,傣族泥条盘筑
465,临翔碗窑 陶器制作技艺,保留着,露天无窑的烧制 技艺
465,临翔 碗窑陶器,多为,红砂陶或黑砂陶
465,制陶流程,包括,取土晾晒
465,制陶流程,包括,浸泡搅拌
465,制陶流程,包括,制作陶坯
465,制陶流程,包括,晾晒上釉
465,制陶流程,包括,入仓装窑
465,制陶 流程,包括,点火烧制
465,制陶 流程,包括,冷却出窑
465,制陶 工具,有,陶车
465,制陶 工具,有,搅车 棍
465,制 陶工具,有,花 锤
465,制 陶工具,有,平板
465,制陶 工具,有,刮子
465,制陶 工具,有,泥浆盆
465,制陶 工具,有,火色 钩
465,产品,有,缸
465,产品,有,盆
465,产品,有,坛
465,产品,有,罐
465,产品,有,碗
465,产品,有,钵
465,产品,有,碟
465,产品,有,杯
465,产品,有,壶
465,产品,有,烟灰缸
465,产品,有,香炉
465,产品,有,酒 坛
465,临 翔碗窑陶器,具有,独特的艺术性和观赏性
465,临翔碗 窑陶器,具有,较强的实用性
465,临翔碗窑陶器,具有,原始制陶史上各个 历史时期的特征
465,临翔碗窑陶器,保留着,从静塑 手制向轮制过渡的早期 形态
465,临 翔碗窑陶器,保留 着,从无窑堆烧 向有窑烧制过渡的初级 形式
465,临 翔碗窑陶器,对 研究,土陶制作技艺的 传承和发展具有十分重要的意义
465,临翔碗窑陶 器制作技艺,入选,云南省级非物质文化遗产代表性项目名录 扩展项目名录
465,项目代表性传承人,是,邓安康
465,项目代表性传承人,是,杨丕追
466,迪庆州,有特色 生活用具,木 碗
466,尼西上桥头 村,制作,木碗
466,木 碗制作技艺,传入时间,元、明、清之际
466,木碗 制作技艺,传入者,陕西工匠
466,木碗制作技艺,发展 成,藏式传统风格技艺
466,香 格里拉藏族木碗,原材料,核桃木
466,香格里拉藏族木 碗,原材料,杜鹃木
466,香 格里拉藏族木碗,原材料,桦木
466,木碗制作工序,包括,精选原材料
466,木碗制作 工序,包括,旋刨机 修模型
466,木碗制作工序,包括,敷牛皮胶修补
466,木碗 制作工序,包括,太阳下 晒干
466,木碗制作工序,包括,磨砂纸打磨光滑
466,木 碗制作工序,包括,刷 第一层土漆
466,木碗制作工序,包括,毛毡包裹存 地下室滤水阴干
466,木碗制作 工序,包括,二次太阳下 晒干
466,木碗制作工序,包括,生漆描绘图案
466,木碗 制作工序,包括,添加金 箔增亮度
466,木碗制作工序,包括,加刷一层土漆 贴合金箔
466,木碗制作工序,包括,再次晒干
466,传统木 碗品种,包括,糌粑 盒
466,传统木碗品种,包括,酥油盒
466,传统木碗品种,包括,茶盒
466,传统木 碗品种,包括,果盘
466,传统木碗品种,包括,酒杯
466,新开发产品,包括,香座
466,新开发产品,包括,酒具
466,新开发产品,包括,围棋盒
466,新开发产品,包括,藏式折叠桌
466,新 开发产品,包括,珠宝盒
466,新开发产品,包括,佐 料盒
466,新开发产品,包括,木镯
466,新开发产品,包括,木戒指
466,木碗制作技艺,传承人群,中老年人
466,木碗制作技艺,入选项目,云南省第三批省级非物质 文化遗产代表性项目名录
466,木碗制作技艺,代表性传承人,鲁 茸卓玛
467,建水县,拥有,彝族烟盒 舞
467,彝族烟盒舞,属于,舞蹈艺术
467,彝族烟盒舞,产生于,彝族青年 男女吃火草烟社交场合
467,彝族烟盒 舞,结合了,彝 族四大腔演唱
467,彝族青年男女,视 ...为择偶对象,舞蹈 能手和唱曲子佳者
467,建水彝族 烟盒舞,包含动作类型,纯舞蹈类
467,建水彝族烟盒 舞,包含动作类型,表演类
467,建 水彝族烟盒舞,包含动作类型,技艺类
467,建水彝族 烟盒舞,包含动作类型,歌舞类
467,纯舞蹈类,包括节目,三步弦
467,纯舞蹈类,包括节目,二步弦
467,纯舞蹈类,包括 节目,赛火都
467,纯舞蹈类,包括节目,三脚黑尼 嫫
467,表演 类,模仿对象,动植物 形态及生产劳动
467,表演类,包括节目,猴子掰苞谷
467,表演类,包括节目,公鸡打架
467,表演类,包括节目,鸭子拐拐
467,表演类,包括节目,哑巴拿鱼甩松 毛结
467,技艺类,包括节目,长 虫扭腰
467,技艺类,包括节目,癞蛤蟆扳跤
467,技艺类,包括节目,小牛犁地
467,技艺类,包括节目,倒挂金钩
467,歌舞类,形式特点,载歌载舞
467,歌舞类,女性风格,舒展灵活
467,歌舞类,男性风格,刚健 有力
467,歌舞 类,代表曲子,老人家 大理弦
467,建水古城楼下,活动地点,每天清晨和傍晚跳烟 盒舞
467,孔庙文化广场,活动地点,每天清晨和傍晚跳烟 盒舞
467,建水彝族烟盒舞,入选,云南省第四批省级 非物质文化遗产代表性项目名录扩展项目 名录
467,龙 开芬,身份,项目 代表性传承人
468,圆通山,位于,昆明市中心偏北 的螺峰山上
468,元大 德五年,建,圆 通寺
468,云南行中书省左丞 阿昔思,建,圆通寺
468,圆通寺,位置,螺峰山南麓
468,明代,题词,螺峰叠 嶂
468,日本僧人,题词,螺峰叠嶂
468,螺峰叠嶂,成为,昆明八景之一
468,明 辛联芳,创作,《 螺峰山春》
468,《螺峰山 春》,描述,春 日花事
468,螺峰山,改建为,市民公园
468,昆明市,建,圆通动物园
468,圆通动物园,改名,昆明动物园
468,圆通山樱花大道,南北宽约,米
468,圆 通山樱花大道,东西长 余,米
468,圆通山樱花 大道,占地面积达,平方米
468,圆通山樱花大道,与 垂丝海棠花道相依) 17. (垂 丝海棠花道,"形成, 拱形天棚"
468,初春时节,开放,樱花与海棠
468,樱花与海棠竞相开放,形成,圆通樱潮景观
468,圆通樱潮,属于,昆明十六景之一
468,圆通赏 樱活动,影响很大,昆明地区
468,每年三月,举办地点,圆通山
468,圆通山,特点,人山人 海花海如潮
468,圆通赏 樱,伴随,各种文艺 活动
468,市民们,陶冶情操,赏花过程
468,市民们,增强信念,建设好家乡
468,圆通樱潮,属,传统民俗类非物质文化遗产
468,圆 通樱潮,传承类型,群体性传承项目
468,圆通樱 潮,入选,云南省第四 批省级非物质文化遗产代表性项目名录
469,陆良地区,正月十六 闹元宵,明代 以来中原汉族习俗与当地 民俗文化融合演变的产物
469,陆良县,过元宵节日期,农历正月 十六
469,清乾隆 《陆凉州志》,记载内容,元宵各里张 灯以庆丰稔每家门首 竖松竿悬灯老幼相 携遨游为祛疾之习
469,正月十六闹 元宵,活动内容,祈 吉和娱乐
469,祈吉习俗,包括,逛 南大桥、丢小石子、 走百病、偷青、吃 糖、吃凉粉、祭柳 神、烧香、送灯神 等传统活动
469,陆良人,正月十六活动 地点,大觉寺、石 佛寺
469,陆 良人,正月十六活动目的,求一年平安
469,人们,在南大桥 行为,把除夕准备的小石头 从南大桥丢到水中口念 祈愿吉语祈祷上天降福 驱灾求身体健康、全家欢乐团圆
469,吃糖,寓意,抵挡、抵御不好 的东西
469,偷 青,别称,捞 青
469,正月 十六夜,人们行为,象征性地到别家菜地 摘片菜叶互相祈求平安
469,陆良人,正月十六活动地点,旧城
469,陆良人,正月十六活动 内容,祭神柳烧香 燃纸、磕头礼拜祈求清 吉平安、丰衣足食
469,陆良元宵 节,独特风俗,不吃 汤圆而吃凉粉
469,当地,自发 组织活动,舞龙舞狮 看灯看表演等娱乐活动
469,各乡镇民间,自发组织队伍,龙灯 队
469,龙 灯队,活动范围,耍遍四城大街
469,龙灯队,表演项目,舞狮子、舞 龙、骑倒毛驴、踩 高跷、旱马、蚌壳 配合表演
469,陆良县城以及各乡镇,正月 十六活动,举行送灯神 活动
469,民间,称灯棚,花 灯演唱的业余组织
469,灯棚,巡回 演唱时间,每年正月初一便 巡回演唱到正月十六结束
469,送灯神,含义,烧灯
469,灯头,率领全队演员行为,到 除夕前接灯神的地方焚香 叩头将灯神牌位老 郎太子及灯笼烧掉
469,送灯神,象征意义,已将灯 神送回南天门来年 再演出的时候又再接回周 而复始
469,送灯神,表明意义,春节正式结束人们就要投入 春耕生产了
469,正月十六闹元宵,传承方式,群体传承
469,正月十六闹元宵,特点,是中原传统 节日在边疆地方化的典型代表
469,正月十六闹 元宵,保留内容,与 其他地区元宵节相同的传统文化
469,正月十六闹元宵,形成内容,个性特点鲜明的 地域文化
469,正月十六闹元宵,地位,成为当地群众较为喜爱的传统节日 之一
469,正月 十六闹元宵,属性,是一项民间根基深厚、承载民俗文化 内涵丰富、历史文化价值高的传统民俗 节日
469,正月 十六闹元宵,入选项目,云南省第四批省级非物质文化遗产 代表性项目名录
470,罗平菜 籽油古法 压榨技艺,所属 类别,传统手工技艺
470,罗平 地区,提供条件,独特的 气候、土壤
470,罗平地区,主要种植作物,油菜
470,古法榨油器具,包含 部件,柱子
470,古法榨油器具,包含部件,磙子
470,古法榨油器具,包含部件,碾槽
470,古法榨 油器具,包含部件,连杆
470,古 法榨油器具,包含部件,石磨
470,古法榨油器具,包含部件,灶台
470,古法榨油 器具,包含部件,铁 锅
470,古 法榨油器具,包含部件,蒸子
470,古法榨油器具,包含部件,枯圈
470,古法榨 油器具,包含部件,保温箱
470,古法榨油器具,包含 部件,木榨
470,古法榨油器具,包含部件,楔子
470,古法 榨油器具,包含部件,抵板
470,古法榨油器具,包含部件,撞锤
470,古法榨油 器具,包含部件,吊 绳
470,古 法榨油器具,包含部件,接板
470,古法榨油器具,包含部件,夹子
470,工艺流程,包括 工序,石磨碾压
470,工艺流程,包括工序,木蒸笼热蒸
470,工艺流程,包括 工序,谷草篾箍包 饼
470,工艺流程,包括工序,木榨取 油
470,油菜 籽处理步骤,操作顺序,清洗
470,油菜籽处理步骤,操作顺序,晾干
470,油菜籽处理步骤,操作 顺序,放入铁锅翻炒至 八成熟
470,油菜籽处理步骤,操作顺序,倒入石磨碾成籽 粉
470,籽 粉加工步骤,操作内容,放入木蒸笼热蒸
470,籽粉加工 步骤,操作时长,分钟
470,籽粉 加工步骤,质量标准,待籽粉回甜
470,制饼材料准备,使用物品,底部垫有 谷草的枯圈
470,制饼工艺要求,冷却后操作,回笼 用谷草踩实压紧
470,单次生产 量控制,每次制作籽饼 数量,个左右
470,设备适配性特征,放置位置,上下凹槽 中
470,固定 装置应用,使用工具,抵板
470,加压系统组成,配合零件,楔子
470,加压系统组成,配合零件,加楔子
470,动力传输方式,执行动作,通过撞锤反复 冲楔
470,技术演进特点,发展过程改进 方向,科技创新的独特工艺
470,文化遗产属性,入选名录名称,云南省第三批 省级非物质文化遗产代表性项目名录
470,传承体系代表 人物,项目代表性传承人,罗丽江
470,经济价值定位,所属产业 类型,私营经济发展的大项目
470,现状评估报告,面临问题,传统工艺 繁复成本高
470,现状评估报告,面临 问题,需要耗费大量的体力
470,传承困境分析,代际断层现象,年轻一代很少有人愿意学
470,保护需求等级,迫切程度描述,亟待加强 保护
470,文化 特征总结,地方特色属性,鲜明的地方特色
470,文化特征总结,民族 接受度表现,各民族共 赏的特征
470,艺术价值维度,具备特性,适用性
470,艺术价值维度,具备特性,观赏性
471,曲靖陆 良滇剧,演变基础,民族民间音乐和民歌
471,曲靖 陆良滇剧,使用语言,本地方言
471,俞小九,身份,昆明民乐戏院滇剧 名演员
471,张 桂林,身份,昆明民 乐戏院滇剧名演员
471,俞小九,活动地点,陆良
471,张桂林,活动地点,陆良
471,汪润泉,身份,昆明滇剧名票
471,汪润泉,职务,厘金总 办
471,汪润 泉,创立组织,扶 风社
471,信义剧社,性质,业余滇剧团
471,陆良滇剧音乐,主要声腔,丝 弦
471,陆 良滇剧音乐,主要声 腔,胡琴
471,陆良滇剧音乐,主要声腔,襄阳
471,陆良 滇剧音乐,兼有腔 调,昆曲七句半
471,陆良 滇剧音乐,兼有腔 调,大筒筒
471,陆良滇剧,入选项目,云南省第四 批省级非物质文化遗产代表性项目名录 扩展项目名录
471,陈祖道,身份,项目代表性传承人
471,滕国祥,身份,项目代表性传承人
471,罗炳升,身份,演员
471,张天成,身份,演员
471,罗澄秋,身份,演员
471,周小峰,身份,演员
471,滕国祥,身份,演员
471,陈祖道,身份,演员
471,王 连珍,身份,演员
471,张敏,身份,演员
471,潘吉光,身份,演员
471,吴世新,身份,演员
471,陆良滇剧团,排演剧目,《野营 前夜》
471,陆良滇剧团,排演剧目,《盘江红旗 》
471,陆 良滇剧团,排演 剧目,《三凤求凰》
471,陆良 滇剧团,排演剧目,《御河桥》
471,陆良滇剧 团,排演剧目,《 三姐下凡》
471,陆良滇剧团,排演剧目,《姐 弟情》
471,陆良滇剧团,排演剧目,《滇族女 奴》
471,陆良滇剧团,排 演剧目,《护火记》
471,陆良 滇剧团,排演剧目,《黑访白》
471,陆良滇剧 团,排演剧目,《 重台别》
472,岔河村 板凳山彝族 传统文化生态保护区,所属行政区划,楚雄彝族自治州楚雄市 紫溪镇岔河村委会和平掌 村委会
472,岔河 村板凳山彝族传统文化生态保护区,民族构成,彝族 罗罗支系
472,岔河村板凳山彝族 传统文化生态保护区,自称称谓,罗罗濮
472,岔河村板凳山彝族 传统文化生态保护区,核心区域,板凳山
472,岔河村板凳山彝族传统文化 生态保护区,主要河流,白依河
472,岔河村板凳山彝族传统文化 生态保护区,特色民居类型,彝族土掌房
472,岔河村板凳 山彝族传统文化生态保护区,特色民居类型,垛木 土掌房
472,岔河村板凳山彝族传统文化 生态保护区,特色民居类型,木草房
472,岔河村板凳山彝 族传统文化生态保护区,特色民 居类型,瓦房
472,岔河村板凳 山彝族传统文化生态保护区,院落功能分区,正房
472,岔河 村板凳山彝族传统文化生态保护区,院落功能分区,厢房
472,岔河村板凳山彝族传统文化 生态保护区,院落功能分区,面房
472,岔河村板凳山彝 族传统文化生态保护区,院落 功能分区,矮房
472,岔河村板凳 山彝族传统文化生态保护区,文化场所,彝族土主 庙
472,岔 河村板凳山彝族传统文化生态保护 区,文化场所,葫芦 笙纪念塔
472,岔河村板凳山彝族 传统文化生态保护区,文化场所,彝门
472,岔河村板凳山彝族 传统文化生态保护区,文化场所,彝族毕摩祖师殿
472,岔河 村板凳山彝族传统文化生态保护区,文化场所,彝族 六祖殿
472,岔河村板凳山彝族 传统文化生态保护区,传统节日,彝族马缨花节
472,岔河村 板凳山彝族传统文化生态保护区,传统节日,彝族火 把节
472,岔河村板凳山彝族传统文化 生态保护区,传统节日,杨梅节
472,岔河村板凳山彝族 传统文化生态保护区,图腾崇拜 对象,老虎
472,岔河村板凳山彝 族传统文化生态保护区,图腾 崇拜对象,龙
472,岔河村板凳山 彝族传统文化生态保护区,图 腾崇拜对象,火
472,岔河村板凳 山彝族传统文化生态保护区,图腾崇拜对象,葫芦
472,岔河村 板凳山彝族传统文化生态保护区,图腾崇拜对象,马 樱花树
472,岔河村板凳山彝族传统文化 生态保护区,图腾崇拜对象,山茶花树
472,岔河村板凳 山彝族传统文化生态保护区,民间文学作品,《包头王 传奇》
472,岔河村板凳山彝族传统文化 生态保护区,民间文学作品,《丁克兰姆的传说》
472,岔河 村板凳山彝族传统文化生态保护区,民间文学作品,《民族 的起源说》
472,岔河村板凳山彝族 传统文化生态保护区,民间文学作品,《北斗星传说》
472,岔河村板凳 山彝族传统文化生态保护区,民间文学作品,《彝族的 迁徙传说》
472,岔河村板凳山彝族 传统文化生态保护区,传统音乐形式,阿苏嗻说唱
472,岔河村 板凳山彝族传统文化生态保护区,传统音乐形式,酒歌
472,岔河 村板凳山彝族传统文化生态保护区,传统音乐形式,祭祀 说唱
472,岔河村板凳山彝族传统文化 生态保护区,传统音乐形式,山歌
472,岔河村板凳山彝族 传统文化生态保护区,传统乐器,笛子
472,岔河村板凳山彝族 传统文化生态保护区,传统乐器,小闷笛
472,岔河村板凳山彝 族传统文化生态保护区,传统乐器,葫芦笙
472,岔河村板凳山彝 族传统文化生态保护区,传统乐器,唢呐
472,岔河村板凳山彝 族传统文化生态保护区,传统乐器,大号
472,岔河村板凳山彝 族传统文化生态保护区,传统乐器,筒子
472,岔河村板凳山彝 族传统文化生态保护区,传统乐器,羊角号
472,岔河村板凳山 彝族传统文化生态保护区,传统 乐器,牛角号
472,岔河村板凳 山彝族传统文化生态保护区,民间舞蹈种类,大三弦舞
472,岔河 村板凳山彝族传统文化生态保护区,民间舞蹈种类,葫芦 笙舞
472,岔河村板凳山彝族传统文化 生态保护区,民间舞蹈种类,毕摩祭祀舞
472,岔河村板凳山 彝族传统文化生态保护区,民间 舞蹈种类,香通祭祀舞
472,岔河 村板凳山彝族传统文化生态保护区,民间舞蹈种类,左 脚舞
472,岔河村板凳山彝族传统文化 生态保护区,民间舞蹈种类,羊皮鼓舞
472,岔河村板凳山彝 族传统文化生态保护区,传统手工 技艺,纺织
472,岔河村板凳山彝 族传统文化生态保护区,传统手工 技艺,编织
472,岔河村板凳山彝 族传统文化生态保护区,传统手工 技艺,刺绣
472,岔河村板凳山彝 族传统文化生态保护区,传统手工 技艺,铸造
472,岔河村板凳山彝 族传统文化生态保护区,民族体育 项目,陀螺
472,岔河村板凳山 彝族传统文化生态保护区,民族 体育项目,摔跤
472,岔河村板凳山 彝族传统文化生态保护区,民族 体育项目,磨担秋
472,岔河村 板凳山彝族传统文化生态保护区,民族体育项目,射弩
472,岔河 村板凳山彝族传统文化生态保护区,民族体育项目,打 靶
472,岔 河村板凳山彝族传统文化生态保护 区,民族体育项目,斗鸡
472,岔河村板凳山彝族传统文化 生态保护区,民族体育项目,扭扁担
472,岔河村板凳山彝 族传统文化生态保护区,传统棋 类游戏,月亮棋
472,岔河村板凳山 彝族传统文化生态保护区,传统 棋类游戏,老母猪棋
472,岔河村 板凳山彝族传统文化生态保护区,传统棋类游戏,抓子
472,岔河 村板凳山彝族传统文化生态保护区,传统棋类游戏,六 子冲
472,岔河村板凳山彝族传统文化 生态保护区,文化传承组织,民族文艺队
472,岔河村板凳山彝 族传统文化生态保护区,文化传承 组织,彝村文艺队
472,岔河村 板凳山彝族传统文化生态保护区,文化传承组织,大号 队
472,岔 河村板凳山彝族传统文化生态保护 区,文化传承组织,民族小学彝族文化传承队
472,岔河村 板凳山彝族传统文化生态保护区,非遗级别,云南省第四批 省级非物质文化遗产代表性项目名录
472,岔河村 板凳山彝族传统文化生态保护区,代表性传承人,何应 贵
472,岔 河村板凳山彝族传统文化生态保护 区,代表性传承人,罗金华
473,民歌谷 气调,属于,纳西 族古老民间唱法
473,民 歌谷气调,作为演唱 母本,东巴经典籍
473,民 歌谷气调,作为演唱 母本,民间叙事长诗
473,民 歌谷气调,节奏特点,悠长舒展
473,民歌谷气 调,速度特征,徐 缓自由
473,民歌谷气调,演唱方式包括,独唱
473,民歌 谷气调,演唱方式包括,对唱
473,民歌谷气调,音域范围,五 度之间
473,民歌谷气调,曲调变化依据,语言声 调
473,民歌谷气调,风格特点,委婉含蓄
473,民歌 谷气调,风格特点,凄婉哀怨
473,民歌谷 气调,润腔方式,下回式大幅度波音
473,民歌 谷气调,衬词示例,嗯
473,民歌谷气调,衬词示例,喂
473,民歌谷气调,衬 词示例,嘚
473,民歌谷 气调,衬词示例,哎
473,民歌谷气调,内容题材,东巴经典 籍
473,民歌谷气调,内容题材,民间故事
473,民歌 谷气调,内容题材,叙事长诗
473,民歌谷气 调,即兴创作依据,所唱对象和环境
473,民歌 谷气调,唱词结构,每句五言
473,民歌 谷气调,段落形式,四句一段
473,民歌谷气 调,押韵方式,谐音押韵
473,民歌谷气调,代表作品,《游悲 》
473,《游悲》,唱 法数量,几十余种
473,《 游悲》,唱词长度,两千余行
473,《游悲 》,演唱时长极限,三天三夜
473,民歌谷气调,展现能力,超强吟 唱技巧
473,民歌谷气调,展现能力,惊人记忆能力
473,民歌谷气调,文化 属性,民族风格
473,民歌谷 气调,文化属性,地方色彩
473,民歌谷气调,反映内容,纳西族 风俗习惯
473,民歌谷气调,反映内容,纳西族 人文风情
473,民歌谷气调,具有价值,历史文化价值
473,民 歌谷气调,具有价值,语言研究价值
473,民歌谷 气调,具有价值,民俗文化研究价值
473,民歌谷气 调,入选项目,云南省 第三批省级非物质文化遗产代表性项目 名录
473,民歌谷气调,代表性传承人,李秀香
473,民 歌谷气调,代表性传承 人,和学先
474,怒族,主要居住地,云南怒江 两岸的丙中洛至 普拉底地区
474,贡山独龙族怒族自治县 的怒族,自称,阿龙
474,贡 山的阿龙,包括氏族,生恰
474,贡山的阿龙,包括氏族,占苏
474,贡山的阿龙,包括 氏族,困欠
474,贡山的阿龙,包括氏族,伊苏
474,贡山的阿龙,包括氏族,气敢
474,贡山的阿 龙,包括氏族,滚拉
474,贡山的 阿龙,包括氏族,勒 包
474,贡 山的阿龙,包括氏族,本东
474,贡山的阿龙,包括 氏族,贡马
474,贡山的阿龙,包括氏族,南木大 东
474,怒 族先民,文字情况,没有文字
474,怒语,语系归属,汉藏语系藏缅 语族
474,怒族,杂居民族语言 掌握,傈僳语
474,怒族,杂居民族语言掌握,独 龙语
474,怒族,杂居民族语言 掌握,汉语
474,怒族,杂居 民族语言掌握,藏语
474,怒族,杂居民族语言掌握,勒墨语
474,怒族,杂居民族 语言掌握,纳西语
474,贡山独 龙族和怒族使用的语言,关系,基本一致但存在 差异
474,贡 山怒语与独龙语,通话情况,完全可以通话
474,贡山怒 语与独龙语词汇比较,语音词义全同比例,约占
474,贡山怒语与独龙语 词汇比较,词义相同语音 接近比例,约占
474,贡山怒语与 独龙语词汇比较,不同 词比例,约有
474,贡山怒语与 独龙语,语法特点,基本相同
474,贡山怒语,复 辅音数量,个
474,贡山怒语,辅音特征,分 清浊吐气很不发达
474,贡山怒语,元音特征,分 长短
474,贡 山怒语,辅音韵 尾数量,多至个
474,贡山怒 语,元音韵尾部数量,少至个
474,贡山怒语,声调数量,有高 、低两个声调
474,贡山怒语,语序结构,主语 宾语动词
474,贡山怒语动词,形态变化,表示人称、 数、陈述、命令、使动
474,贡山 怒语,疑问表示方法,多用疑问代词与不同的 名词配合
474,贡山怒语,量词 特点,有各种不同的量词如 个指人个指物
474,贡山怒语 与福贡怒语、独龙 语,通话情况,部分 能通话
474,贡山怒语与福贡怒 语、独龙语,语法 情况,基本一致
474,福贡怒语与 独龙语,语法现象,大体一致
474,福贡怒语与独龙 语,词汇差别,较大
474,福贡 怒语与独龙语,沟通情况,不能沟通
474,怒族语言传承 方式,方式,父母传 子女
474,怒 族语言传承情况,评价,传承情况良好
474,怒族语言在怒江 两岸传承情况,评价,好
474,怒 族语言流传地,范围,较广
474,当地怒族群众,语言 能力,能很流利地 讲怒族语言
475,独龙族,分布地区,怒江傈 僳族自治州贡山独龙 族怒族自治县
475,独龙族,历史自称,俅
475,独龙族,历史自称,俅扒
475,独龙 族,历史自称,洛
475,独 龙族,历史自称,曲洛
475,独龙族,定名 时间,新中国建立后
475,独龙语,语系归属,汉 藏语系藏缅语族
475,独龙 语,方言数量,两种
475,独 龙语第一种方言,名称,独龙江的独龙方言
475,独龙语第二种方言,名称,怒江丙中洛的 怒族独龙语怒江方言
475,独龙族,传统记录方式,刻木结绳
475,日旺 文,创制者,缅甸日旺人白吉斗蒂 其枯和外国传教士莫尔斯
475,日 旺文,语音基础,日旺氏族的口语
475,日旺文,文字类型,拉丁文拼音 文字
475,独龙文字,创制 单位,云南省少数民族语文指导工作 委员会
475,独龙文字,协助人员,龙乘云先生
475,独龙 文字,参与人员,木 里门约翰
475,独龙文字,基础方言,独龙江方言
475,独龙语拼音方案,通过 会议,省民语委第二次 全委扩大会议
475,独龙语拼音 方案,试行地点,昆明
475,独龙语拼音方案,声 母总数,个
475,独龙语 拼音方案,单辅音声 母数量,个
475,独龙语 拼音方案,复辅音声 母数量,个
475,独龙语 拼音方案,腭化辅音 声母数量,个
475,独龙 语拼音方案,圆唇化 辅音声母数量,个
475,独龙语拼音方案,辅 音尾数量,个
475,独龙 语拼音方案,韵母总数,个
475,独龙语拼音方案,单元音数量,个
475,独龙语拼音方案,复合 元音数量,个
475,独龙 语拼音方案,带辅音 韵尾的韵母数量,个
475,独龙语拼音方案,推广时期,世纪年代初期
475,独 龙语拼音方案,主要通行 区域,独龙江两岸
475,独 龙语拼音方案,次要使用 区域,丙中洛小查 腊
475,独龙文推行限制因素,原因,严重缺少经费
475,贡 山,行政级别,贫困 县
476,傣绷文,使用民族,傣德人
476,傣 德人,居住地,耿马傣族佤族自治县孟 定镇
476,孟 定镇,包含族群,傣楞人
476,孟定镇,包含族群,傣德人
476,勐简乡,包含族群,傣德人
476,勐简乡傣德人,语言习俗一致性,孟 定傣德人
476,孟定坝傣德人,起源迁徙地,勐皎
476,孟定坝 傣德人,自称称谓,傣德
476,外界习惯称呼,水傣,孟定坝傣德人
476,公元年前后,事件,瘟疫爆发
476,公元年前后,事件,其他灾害频发
476,傣德 人信仰体系,南传上 座部佛教) 13. (傣德人朝圣目的地,缅甸仰光
476,坦玛大佛爷,派遣来源,仰光缅 寺
476,第一 座摆朵教派缅寺,建造地点,南京章
476,坦玛大 佛爷,带来物品,经书
476,经书文字载体,傣绷 文) 18. (傣 绷文流行区域,孟定 一带
476,傣 绷文相似文字,缅文 ) 20. (傣绷 文使用地区,缅甸北掸 邦
476,傣 绷文声母数量,有个 ) 22. (傣绷 文韵母特征,多个
476,傣绷文 书写特点,笔划呈圆形 ) 24. (当地政府举措,挖掘研究傣绷文
476,教育措施形式,举办夜校) 2 6. (教育措施形式,扫盲班
476,教学模式,傣语汉语相结合 双语教学) 28. ( 传统习惯内容,男子进缅 寺当和尚学傣绷文
476,掌握傣绷 文群体,傣德人) 30. (掌握傣绷 文群体,傣楞人
476,掌握傣绷 文群体特征,男女老少 都懂一点) 32. (孟定坝傣族人口基数,近万
477,昭蒡俭,恋人,高帕施
477,多漫 多龙,企图强娶,高帕施
477,昭蒡俭和高帕 施,逃出,多漫 多龙家
477,仙人亚盎,派出,天兵神将
477,天兵神将,帮助 铲除,多漫多龙
477,昭蒡俭和 高帕施,返回家园,与亲人团聚
477,《昭蒡俭和高帕 施》,具有,反 封建统治色彩
477,多漫多龙,是化身,封建统治阶级
477,昭蒡俭和高帕 施,体现,苗族 人民反抗精神
477,陆兴凤,译成 汉语,《昭蒡俭和高 帕施》
477,《昭蒡俭和高帕 施》,发表于,《民间 文学》
477,人民文学出版社,出版,《 昭蒡俭和高帕施》
477,《昭 蒡俭和高帕施》,语言特色,民族与地方 特色
477,苗 族群众,口口相传,《昭蒡俭和高帕施 》
477,能用 苗语完整演唱的歌手,越来越少,现在
478,《司岗 里》,类型,口述 文学作品
478,《司岗里》,流传中心,临沧市沧 源佤族自治县
478,《司岗里》,涉及 主题,天的起源
478,《司岗里》,涉及主题,地的产生
478,《司岗里 》,涉及主题,人的 投生
478,《 司岗里》,涉及主题,万物生长
478,《司岗里》,涉及主题,动植物变化
478,《司岗里》,表现形式,神话故事
478,《司岗里 》,表现形式,创世 史诗
478,《 司岗里》,表现形式,咏唱的民歌
478,《司岗里 》,传承方式,口头 传承
478,《 司岗里》,发展形式,吟唱歌咏
478,《司岗里》,出版内容,民间故事
478,《司 岗里》,出版内容,创世史诗
478,《司岗里》,出版内容,民歌
478,《司岗 里》,文化载体,佤族历史
478,《司岗里》,文化载体,道德
478,《司岗里》,文化载体,宗教
478,《司岗 里》,文化载体,哲学
478,《 司岗里》,文化载体,风俗
478,《司岗里》,融合领域,历史文化
478,《司岗里》,融合领域,宗教
478,《司岗 里》,融合领域,艺术
478,《 司岗里》,属性,集体智慧结晶
478,《司岗里》,地位,佤族民间口 述文学代表作之一
479,《查姆 》,流传 地区,双柏 县哀牢山彝族 地区及大麦地乡底 土村一带
479,《查姆》,传承方式,口头流传
479,《查姆》,书面 传承载体,老彝文
479,懂老彝文 者,身份,毕摩 /民间知识分子
479,彝语“查姆”,含义,万物起源
479,《查姆》,主题 内容,吟唱天地日月人类 风雨种子树木等起源
479,《查姆》,文学体裁,神话叙事诗
479,《查姆》,组成部分,《吾查》
479,《吾查 》,主要内容,开天 辟地洪水泛滥人类起源万物源头
479,《查 姆》,组成部分,《买 查》
479,《买查》,内容涵盖,天文地理占卜历算文学 诗歌
479,《 查姆》,语言形式,五言句式
479,《查姆》,韵律特征,押韵
479,《查 姆卷》,出版单位,云南人民出版社
479,《查姆卷》,主编机构,楚雄彝族自治州 文联
479,《查姆》,原始演唱 场合,丧葬祭祀
479,《查姆》,现代应用场景,逢年 过节婚丧祭祀盖房起 屋播种收割
479,《查姆》,配 乐形式,阿噻调
479,《查姆 》,伴奏乐器,大 四弦
479,《查姆》,表演特点,载歌载舞
479,《查姆》,整理内容,天地的起源
479,《查 姆》,整理内容,独眼睛时代
479,《查姆》,整理 内容,直眼睛时代
479,《查姆》,整理内容,横眼睛 时代
479,《 查姆》,整理内容,民族的起源
479,《查姆》,整理 内容,生死的起源
479,《查姆》,整理内容,纸火的起源
479,《查 姆》,整理内容,病种的起源
479,《查姆》,整理 内容,种子的起源
479,《查姆》,整理内容,纸书的起源
479,《查 姆》,整理内容,洪水泛滥的事情
479,《查姆》,整理 内容,安魂的事情
479,《查姆》,整理内容,家训 的事情
479,《 查姆》,整理内容,死人安埋的事情
480,《阿鲁 举热》,流传地区,元谋县小凉山 彝族诺苏地区
480,《阿鲁 举热》,类型,英雄史诗
480,阿鲁举热,身份,鹰和人交感而生 的后代
480,阿鲁举热,事迹,战胜部落头人日姆
480,阿 鲁举热,事迹,射落六个太阳和五个月亮
480,阿鲁 举热,事迹,制服 毒蛇猛兽
480,阿鲁举热,结局,悲剧
480,《阿鲁举热 》,反映社会阶段,原始母系社会向奴隶社会过渡 时期
480,《阿鲁举热》,继承元素,原始神话的浪漫主义 因素
480,《阿鲁举热》,文学地位,彝族文学 中最具代表性的作品之一
480,《阿鲁 举热》,研究价值,对研究彝族历史文化有重要 价值
480,《阿鲁举热》,艺术价值,具有文学艺术 价值
480,元谋县小凉山彝 族诺苏人,仪式场合,老人葬礼
480,元谋县小 凉山彝族诺苏人,表演者角色,毕摩
480,毕摩,行为动作,手持大刀边喝酒边跳舞
480,《 阿鲁举热》,传承 方式,家传
480,《阿鲁 举热》,传承方式,拜师
480,《阿鲁举热 》,传承方式,自学
480,《阿鲁举热》,演唱风格特点,各地风格迥 异变化较大
481,《根古 》,主要 流传地区,思 茅市澜沧拉祜 族自治县
481,《 根古》,主要流传地区,其他拉祜族聚居 地区
481,《根 古》,类型,叙事 性史诗
481,《 根古》,主题,拉祜族先民繁衍迁徙
481,迁徙,象征 意义,祖先和历史
481,《根古》,起始时间,秦汉时期
481,拉祜族先 民,原居地,青藏高原
481,拉祜族先民,出发 地,密尼都库
481,拉祜族先 民,出发地,诸 海厄波
481,拉祜族先民,终点,勐缅密缅今 临沧一带
481,拉祜族先民,最终定居地,澜沧地区
481,《根 古》,内容包含,迁徙原因
481,《根古》,内容包含,迁徙地名
481,《根古》,内容包含,环境
481,《根古》,内容包含,地形
481,《根古》,内容包含,地貌
481,《根古 》,内容包含,居住 情况
481,《 根古》,内容包含,重大事件
481,《根古》,内容 包含,重要历史人物
481,《根古》,传承方式,传唱
481,《根 古》,整理者,李 扎约
481,《拉祜族民间诗歌集成》,收录作品,《根古 》
481,云南省 民族出版社,出版作品,《 根古》
481,《根古》,版本 形式,拉祜文、汉 文对照
481,《根古》,影响力,拉祜族重要文学作品
481,《根古》,研究价值,历史
481,《根古 》,研究价值,文化
481,《根 古》,研究价值,经济
481,《 根古》,现状,濒临失传
482,《朗娥 与桑洛》,流传地区,玉溪市新平 彝族傣族自治县嘎洒镇
482,《朗娥 与桑洛》,流传地区,玉溪市新平彝 族傣族自治县水塘镇
482,《朗娥与桑洛 》,文学体裁,悲剧 叙事诗
482,《 朗娥与桑洛》,涉及内容,社会结构
482,《朗娥与桑 洛》,涉及内容,政治制度
482,《 朗娥与桑洛》,涉及内容,阶级关系
482,《朗娥与桑 洛》,涉及内容,伦理道德
482,《 朗娥与桑洛》,涉及内容,婚姻恋爱
482,《朗娥与桑 洛》,传播方式,口传
482,《朗娥与桑洛》,整理者身份,当地文学 爱好者
482,《 朗娥与桑洛》,主要人物,朗娥
482,《朗娥与 桑洛》,主要人物,桑洛
482,《朗娥与桑洛》,主题思想,反对封建 礼教
482,《朗娥与桑洛》,主题思想,反对家长制
482,《朗 娥与桑洛》,主题 思想,追求坚贞不渝 爱情
482,《 朗娥与桑洛》,主题思想,向往自由婚恋
482,《朗 娥与桑洛》,主题 思想,向往幸福生活
482,《朗娥与 桑洛》,结局方式,双双殉情
482,《朗娥与桑洛 》,艺术特色,内容 含蓄深沉
482,《朗娥与桑洛》,艺术特色,哀婉动人
482,《朗 娥与桑洛》,艺术 特色,情节曲折离奇
482,《朗娥与 桑洛》,艺术特色,脉络清楚
482,《朗娥与桑洛》,表现手法,比拟
482,《朗娥 与桑洛》,表现手法,比喻
482,《朗娥与桑洛》,创作素材来源,日常生活 劳作
482,《 朗娥与桑洛》,语言特点,流畅
482,《朗娥与桑 洛》,语言特点,层次分明
482,《朗娥与桑洛》,语言特点,诗句优美
482,《朗娥 与桑洛》,演唱形式,摩哈民歌能手 共同吟唱
482,《朗娥与桑洛》,伴奏乐器,四弦 胡
482,《 朗娥与桑洛》,伴奏乐器,树叶
482,《朗娥与桑 洛》,演唱时长,三天三夜
483,《阳温 暾小引》,又名,《 吹烟调》
483,《阳温暾 小引》,成于,清道光年间
483,《阳温暾小引 》,流传于,腾 冲县和顺镇一带
483,和顺,古 名,阳温暾
483,和顺,地处,腾冲通往缅甸的交通 要冲
483,和 顺,是,有名的侨 乡
483,旅居 国外的和顺人,企盼,落叶归根
483,旅居国外的和顺人,对故土有,十分深厚的感情
483,《阳温暾小引》,是,后人实录当年滇 西边地男人在家乡成长、出国 谋生的种种经历
483,《阳温暾小引 》,用,村言 俚语、半文半白等 写成的歌谣
483,《阳温暾小引》,是,当时滇西 人到东南亚谋生的出国必读 指南
483,《 阳温暾小引》,是,一部用于告诫乡人的 劝世歌谣
483,《阳温暾小引 》,开头是,《西 江月》一阕
483,《阳温暾小 引》,末尾有,古体诗一首
483,《阳温暾小引 》,中间有,五 更鼓散曲
483,《阳温暾小引 》,行正文共句为,三、三、四字 一句竖行编排
483,《阳温暾小引 》,内容庞杂从,中华历史到二十四孝
483,《阳温暾 小引》,内容庞杂 从,母亲养育儿女的操 劳到儿子长大后为什么要走出家门到 外国谋生
483,《阳温暾小引》,内容庞杂从,出国路上碰到的各种危险灾难到腾 冲人葬身异国他乡的 孤坟荒冢
483,《阳温暾小引 》,内容庞杂从,到缅甸之后如何找一个门头 落脚
483,《阳温暾小引》,内容庞杂从,如何 学做生意
483,《阳温暾小引》,内容庞杂从,如何 发财
483,《 阳温暾小引》,内容庞杂从,发财后 何时回家结婚生子
483,《阳温暾小引 》,内容庞杂从,几个兄弟如何分工出门到回家 探亲
483,《阳温暾小引》,内容庞杂从,如何 给乡里人带礼物等一 应俱全
483,《小引》,描写 了,当时缅甸的一些人情世 态
483,《 小引》,用较大篇幅 描述出门人要特别注意的,九戒
483,九戒,包括,戒赌
483,九戒,包括,戒嫖
483,九戒,包括,戒吹鸦片
483,九戒,包括,戒懒
483,《小引》,把 每一戒的,诱人之处和 惨痛后果都写得淋漓尽致
483,《小引》,还写了,腾冲 在家的女人应该如何做人
483,《阳温暾小引 》,勾画出,一幅 清朝末年云南怒江以西 清明上河图似的风俗画卷
483,《阳 温暾小引》,对 研究,地方商贸史
483,《阳温暾 小引》,对研究,侨史
483,《阳温暾小引》,对研究,民风 民俗
483,《 阳温暾小引》,目前在和顺民间还散落着一些,绵纸毛笔繁体 手抄本
483,绵纸毛笔繁体手 抄本,破损较严重) 40. (绵纸毛 笔繁体手抄本,民间已无人能完整说唱
484,白沙细 乐,又名,崩时细 哩
484,白沙细乐,又名,别时细梨
484,白沙细乐,又名,别时谢礼
484,白沙细 乐,流传于,丽江 市古城区
484,白沙细乐,流传于,玉龙纳西族自治县
484,纳西族先 民,民俗好,饮酒 歌舞
484,白沙 细乐,是,纳 西族最具代表性的作品之一
484,白沙细乐,结合了,元明遗 音与纳西民间音乐
484,白沙细乐,包含,器乐
484,白沙细乐,包含,声乐
484,白沙细 乐,包含,舞蹈
484,白沙细 乐,历史渊源说法一,元氏遗音靡靡切 切酸楚动人相传世祖临 别所赠故名别时谢 礼
484,白 沙细乐,历史渊源说法 二,创自于纳西 族民间凭吊战争亡灵之乐
484,和锡 典,传承谱谍显示,年前丽江已盛行此乐
484,白沙细 乐,表现感情,生 离死别、怀恋缱绻
484,白沙 细乐现存调,包括,笃
484,白 沙细乐现存调,包括,一封书
484,白沙细乐现存调,包括,三思及
484,白沙细乐 现存调,包括,美丽的白云
484,白沙 细乐现存调,包括,公主哭
484,白沙细乐现存调,包括,跺蹉
484,白沙细乐现存调,包括,南曲
484,白沙细乐 现存调,包括,北曲
484,赤足 舞,对应舞蹈名,跺蹉
484,云雀舞,对应舞蹈名,劳马蹉
484,弓矢舞,对应舞蹈名,抗蹉
484,白鹤舞,对应舞蹈名,夸 蹉
484,跺 蹉、劳马蹉、抗蹉 、夸蹉,均为,纳西语
484,白沙细乐演奏乐器,包括,横笛
484,白沙细乐演奏 乐器,包括,直笛
484,白沙细 乐演奏乐器,包括,芦 管
484,白 沙细乐演奏乐器,包括,苏古笃
484,白沙细乐演奏乐器,包括,小曲项琵琶
484,白沙 细乐演奏乐器,包括,古筝
484,白沙细乐演奏乐器,包括,二簧
484,白沙细乐演奏乐器,包括,胡琴
484,苏古笃、 芦管,与元朝宴 乐之器相似,火不 思、波伯
484,白沙细乐,受到关注及高度重视,各级文化 学术部门及中外音乐专家学者
484,丽江各级政府及相关部门,为弘扬,白沙 细乐
485,普米族,主要乐器,四弦
485,四弦,本民族名称,比柏
485,四 弦,用途,集体歌舞 搓蹉伴奏
485,四弦,流传地区,兰坪白族普米族自治县河西 乡
485,四弦,流传地区,通甸 镇
485,四弦,流传地区,金顶 镇
485,四弦,流传地区,啦井 镇
485,四弦,流传地区,石登 乡
485,四弦,流传地区,营盘 镇
485,四 弦,历史考证状态,无从考证
485,四弦,制作工艺传承方式,师传
485,四弦,制作工艺 传承方式,家传
485,四弦,制作工艺传承方式,个人自学 模仿
485,四 弦,传统尺寸单位,公分
485,四 弦,传统材料,核桃 木
485,四 弦,传统材料,桦 木
485,四 弦,琴箱形状,圆形
485,四 弦,琴箱形状,六角形
485,四弦,共鸣箱材料,羊皮
485,四弦,共鸣箱 材料,羊肚
485,四弦,原始 琴弦材料,小羊肠
485,四弦,现代琴弦材料,金属琴弦
485,四弦,音色特点,柔和
485,四弦,定弦特点,多样
485,四弦,和音特点,丰富
485,四弦,节奏特点,富于变化
485,四弦,配套舞蹈,搓蹉
485,四弦,节奏型数量,种舞步对应种节奏型
485,四弦,艺术形式特征,歌舞 乐三位一体
485,四弦,代表曲目,《 四弦母调》
485,四弦,代表 曲目,《鸡吃水》
485,四弦舞 曲,普及情况,较好
485,搓蹉 舞,普及情况,较好
485,四弦,使用场景,喜庆场合
485,四弦,使用场景,健身活动
485,四弦,演奏自由度,不受 限制
485,四 弦音乐风格,现状,传统风格变异倾向
485,四弦演奏者,现状,出现断层
485,四弦优秀乐 手,现状,已不多 见
486,布朗族,主要聚居 地,西双 版纳傣族自治州勐海 县
486,布朗 族,主要聚居地,思茅市澜沧拉祜 族自治县
486,布朗族,散居地,云 县
486,布朗族,散居地,永 德县
486,布朗 族,散居地,双江县
486,布朗族,散居地,施甸县
486,布朗族,散居地,墨江县
486,勐海县布朗山乡 /西定乡/勐满镇 /打洛镇,民歌 名称,布朗调
486,布朗调,基本曲 调,索
486,布朗调,基本曲 调,甚
486,布朗调,基本曲 调,拽
486,布朗调,基本曲 调,宰
486,布朗调,基本曲 调,团曼
486,索,布朗语 别称,恩宋调
486,索调,伴奏乐器,四弦琴
486,索调,别名,布朗弹 唱
486,索 调,主题内容,爱情
486,索克 里克罗,功能属性,谈情说爱的唱调
486,布朗人,婚俗特点,歌为媒
486,布朗弹 唱,表演形式,男女 对唱
486,布朗弹唱,歌词主题,男女相恋和爱慕之情
486,布朗弹唱,演唱场合,劳作之余
486,布朗弹 唱,演唱场合,喜庆 佳节
486,男子,演奏方式,边弹奏 四弦琴边唱
486,女子,演唱方式,唱相应的歌词
486,现代布朗弹唱,新增主题,社会进步
486,现代布朗弹 唱,新增主题,美好生活 向往
486,现代 布朗弹唱,新增主题,新人新事
486,布朗族青少年,学习 内容,多种曲调
486,布朗族男子,启蒙年龄,十多岁时
486,布朗族男子,学习项目,弹琴 和唱情歌
486,布朗族女子,教学 者,母亲和姐姐
486,勐海县各 布朗族村寨,文化代表,优秀民间歌手
486,布朗弹唱,艺术特征,旋律优美动听
486,布朗弹 唱,艺术特征,歌词 直抒胸臆朴实明快
486,布朗弹唱,群众基础,广泛
486,布朗弹唱,文化底蕴,深厚
486,布朗弹唱,艺术评价,较高的艺术性
486,当地流行 说法,内容,听歌 要听布朗歌
486,外来文化影响,现象 表现,用布朗语唱汉族 流行歌曲
486,年轻人,行为变化,不再 学习布朗四弦琴的弹奏
486,布朗族女子 婚后习俗,限制内容,公共场合演唱
486,传统习俗,影响对象,女歌手的传承和培养
487,昆明调,流行地区,昆明市区
487,昆明调,流行地区,呈贡
487,昆明调,流行地区,晋宁
487,昆明调,流行地区,滇池周围汉族 地区
487,昆明调,流行地区,昆明附近 部分少数民族
487,昆明 调,别称,调 子
487,昆明调,别称,民歌
487,昆明调,演唱场合,山野田间
487,昆明调,活动形式,赛歌
487,赛歌,组织方式,甲乙双方各有 若干歌师傅指点策划
487,赛歌,特点,即兴编词互相问答
487,赛歌,持续时间,相持数 日不分上下
487,昆明调,歌词内容,男女情爱
487,昆明调,歌词内容,家乡风光
487,昆明调,歌词内容,历史
487,昆明调,歌词内容,地理
487,昆明调,歌词内容,生产
487,昆明 调,歌词内容,生活
487,昆明调,代表曲目,耍山 调
487,昆明 调,代表曲目,猜 调
487,昆明 调,代表曲目,大 河涨水沙浪沙
487,昆明调,代表曲目,拈鱼
487,昆明调,代表曲目,赶马调
487,昆明调,代表曲目,送郎调
487,昆明调,代表曲目,放马 山歌
487,昆明调,代表曲目,东门腔
487,昆明调,代表曲目,西门腔
487,昆明调,代表曲目,草海腔
487,拈鱼,流行区域,昆明西山区
487,拈鱼,乐曲 调式,民族调式中的 宫调式
487,拈鱼,节拍,四二拍
487,拈鱼,风格特点,典型民族调式风格
487,拈鱼,演唱特点,大量应用虚 词
487,拈 鱼,演唱效果,加强 节奏感和韵律感
487,拈鱼,演唱方式,唱念结合
487,昆明调,演唱特征,呼唤式引 腔
487,昆明 调,曲体结构特点,垛句
487,垛句,民间称谓,垛叶子
487,垛句,音调特点,近乎说唱
487,垛句,表现形式,似快速绕口令
487,猜调,归属类别,昆明调典型 曲调
487,猜调,艺术特色,种事物相互猜答
487,猜调,想象力 评价,令人拍案叫绝
487,昆明调,传承方式,父传 子
487,昆明 调,传承方式,母 传女
487,昆明调,传承方式,老歌手传新歌手
487,昆明调,现存 流行地区,昆明西山等地区
488,怒族,传统民间文艺,哦得得
488,哦 得得,类型,民间歌曲
488,哦 得得,包含小调,哦得得一
488,哦得得,包含 小调,哦得得二
488,哦得得,包含小调,哦 得得三
488,哦得得,反映内容,生活
488,哦 得得,反映内容,狩猎
488,哦得 得,反映内容,男女 情爱
488,哦 得得,伴奏乐器,四弦琵琶达比亚
488,哦得得,伴奏乐器,口弦
488,《独独罗 叶吉罗秀秀罗峡吉 罗》,所属类别,情歌
488,《独独罗叶吉罗秀 秀罗峡吉罗》,表达情感,相互爱慕的真挚 情感
488,《 独独罗叶吉罗秀秀 罗峡吉罗》,表达 愿望,对美好明天、美好生活 的向往
488,哦得得,传承方式,口头传承
488,哦得得,现状,艺人越来越少
488,哦得得,现状,曲谱减少
488,哦得得,现状,唱词减少
488,哦得得,现状,有的已在民间失传
488,哦得 得,保护需求,亟待 加以保护
489,独龙族,聚居 地,怒江 傈僳族自治州贡山独 龙族怒族自治县及相邻地带
489,独 龙族民歌,泛称,门租
489,独龙族民歌,包括类型,叙事歌
489,独龙 族民歌,包括类型,情歌
489,独龙族民歌,包括 类型,习俗歌
489,独龙族民 歌,包括类型,劳动歌
489,独 龙族民歌,包括类型,山歌
489,独龙族民歌,包括类型,舞蹈歌
489,独龙族 民歌,包括类型,儿 歌
489,独龙族民歌,包括 类型,祭祀歌
489,叙事歌,典型代表,创世纪古 歌切拉布
489,创世纪古歌 切拉布,内容主题,人类起源和大地万物的生存过程
489,创世纪古歌切拉布,词体形式,六言 体为主中间穿插七、八、 九言
489,创世纪古歌切拉 布,曲调特点,近似朗诵的音调
489,创世纪古 歌切拉布,演唱手法,对唱
489,叙事歌,子类,诉苦调
489,诉 苦调,内容特点,反映旧社会独龙人的悲惨遭遇
489,诉苦调,演唱视角,第一人称
489,情歌,名称示例,司共瑾你可 听见
489,情歌,功能用途,表达爱意
489,习俗歌,代表曲目,祝婚调
489,祝 婚调,使用场合,婚礼
489,祝婚调,表演形式,长辈们以歌舞形式向 新婚夫妇表示祝贺
489,劳动歌,代表曲目,阿玛哇门 租
489,阿玛哇门租,使用场景,集体劳动时唱 如打包谷、打麦子、 拉木头等场合
489,阿玛哇门 租,功能作用,助力 和协调统一动作
489,独龙族民 歌,音乐特点,短 小抒情
489,独龙族民歌,音乐特点,节奏明快
489,独龙族民歌,音乐 特点,旋律流畅
489,独龙族 民歌,音乐特点,民族风格突出
490,阿昌族,人口分布,梁河县
490,阿昌族民歌,体裁类型,山歌
490,阿昌 族民歌,体裁类型,叙事歌
490,阿昌族民歌,体裁类型,礼俗歌
490,阿 昌族民歌,体裁类型,祭祀歌
490,阿昌族民歌,体裁类型,舞蹈歌
490,山 歌,别称,扎 尼斯脑克山歌调
490,扎尼斯脑 克山歌调,用途,男女青年情歌对唱
490,叙事歌,代表作品,《遮帕 麻和遮咪麻》
490,毛舌 勐舌,含义,造 天造地
490,麻兰调,用途,缅怀逝去的老人
490,礼俗 歌,包含曲调,把套昆邀请调
490,礼俗歌,包含曲调,把 松昆候承调
490,祭祀歌,分类,泼直腔
490,祭祀 歌,分类,撇扎 调
490,泼直腔,演唱者,祭司泼袍
490,撇扎调,演唱者,巫师
490,舞蹈 歌,关联歌舞,蹬 窝罗
490,窝罗调,演唱 形式,领、和
490,阿昌 族民歌,用嗓分类,则勒扎小嗓唱
490,阿昌族民歌,用 嗓分类,则勒吗大 嗓唱
490,把套昆,音 程特点,小三度音程
490,窝罗调,音程特点,小三度音程
490,梁河 县政府,设立节日,阿 露窝罗节
490,阿露窝罗 节,时间,农历正 月初四
490,阿露窝罗节,演唱类型,蹬窝罗 舞蹈歌
490,阿露窝罗节,演唱类型,阿昌山 歌
490,阿露窝罗节,演唱类型,情歌
490,祭祀歌,现状,面临衰退和 消亡
490,祭祀歌,传承问题,年轻人无承继者
491,东巴舞,主要流传 地区,丽江市 古城区
491,东巴舞,主要 流传地区,玉龙纳西 族自治县
491,《东 巴舞谱》,使用文字 系统,纳西象形文字
491,《东巴 舞谱》,记录内容,东巴舞蹈动作
491,大神舞,代表作品,《萨依威登舞》
491,大神舞,代表作品,《恒底窝 盘舞》
491,战神舞,代表作品,《 优麻舞》
491,战神舞,代表作品,《郎究敬究舞》
491,禽兽舞,代表作品,《金色神蛙舞 》
491,禽兽 舞,代表作品,《大 鹏神鸟舞》
491,法器舞,代表作品,《灯舞》
491,法器舞,代表作品,《花舞 》
491,法 器舞,代表作品,《 降魔杵舞》
491,组舞,艺术 特征,贯穿神话故事情节
491,东巴舞表演,配合乐器类型,打击 乐
491,东 巴舞表演者数量范围,最少人数,一两名
491,东巴舞表演 者数量范围,最多人数,三四十名
491,东巴舞起源,来源形式,古老祭祀舞蹈
491,东巴舞 表现手法,包含方式,直接模拟
491,东巴舞表现手法,包含 方式,间接表现
491,东巴舞反映对象,自然事物,自然界客观 事物
491,东 巴舞反映对象,社会关系,人与人之间的关系
491,有故事情节的舞段连缀 表演,艺术定位,舞 剧雏形
491,东巴舞艺术传统,继承 特征,拙朴的原始艺术 传统
491,东 巴舞发展状态,脱离特性,原始乐舞的粗朴 随意性
491,东巴舞风格特点,具备 特质,淳厚
491,东巴舞风格特点,具备特质,雍容
491,东巴 舞风格特点,具备特质,典雅
491,东巴舞文化交融痕迹,涉及文化,藏族苯教文化
491,东巴 舞,形成结果,独特的 艺术风格
492,纸马舞,流传地区,文山壮 族苗族自治州文山县
492,纸马舞,民族归属,壮族
492,纸马舞,用途,丧葬祭祀 活动
492,纸马 舞,功能,超度 亡灵
492,纸马 舞,功能,安祖
492,纸马舞,功能,驱鬼
492,纸马舞,组成元素,跳纸马 舞
492,纸马 舞,组成元素,舞 狮子
492,纸马 舞,组成元素,赶 小鬼
492,纸马材料,制作工艺,竹片扎成马状糊 上白纸并进行彩绘
492,舞者,装备方式,身套纸马 双手握住纸马两端骨架起舞
492,舞狮子 表演者,装扮特征,身披狮衣戴狮头做 狮子状起舞
492,笑和尚,道具,手持拂尘
492,小鬼,装扮特征,头戴鬼面具
492,武士,武器类型,各种兵器
492,伴奏乐器,包括,马铃铛
492,伴奏乐器,包括,锣
492,伴奏乐器,包括,鼓
492,伴奏乐器,包括,镲
492,舞蹈动作特点,表现内容,模仿马的奔跑
492,舞蹈动作特点,表现内容,模仿马的跳跃
492,舞蹈动作 特点,表现内容,模仿 马的踢蹄
492,舞蹈动作特点,表现 内容,模仿马的斗嘴
492,舞蹈动作 特点,表现内容,模仿 马的相咬
492,舞蹈动作特点,表现 内容,模仿马的嘶鸣
492,笑脸和尚,互动对象,狮子
492,小鬼行为 特征,动作方式,来回 跑动骚扰众舞者
492,武士行为目标,追杀对象,小鬼
492,结束条件,包括场景,小鬼被赶 跑
492,结束 条件,包括场景,狮子累 趴下
492,结束条件,包括场景,纸 马被套住
492,参与者变化,过去限制 人群,上了年纪的妇女和 男子
492,现代 演变形式,舞蹈类型,群体性、娱乐性的集体女子群 舞
492,现代 应用场景,包括场合,婚丧 嫁娶
492,现代应用场景,包括场合,喜庆 节日
492,现代 应用场景,包括场合,迎接宾客
492,现代应用场景,包括场合,自娱自 乐
492,规模 发展变化,从几人发展到几百 人) 39. (道具 演变,纸马变为彩色布 马
492,审美 提升方向,更讲究装饰性和 美感) 41. (喜爱 群体,壮族妇女
492,文化意义,体现内容,祖先崇拜
492,反映对象,传统习俗,丧葬祭祀习俗
492,艺术价值,研究领域,壮族历史
492,艺术价值,研究领域,壮族文化
492,艺术价值,研究领域,壮族艺术 发展
492,性质 转变,从丧葬祭祀性 演变为群体娱乐性) 4 8. (面临问题,传承 危机
492,保护 需求,需要有效保护) 50. (组织现状,文山县开化镇壮族村 寨建立纸马舞队
493,昭通四 筒鼓舞,别称,跳 鼓
493,昭通四筒鼓舞,别称,跳丧鼓
493,昭通四筒 鼓舞,流传地区,云南省 昭通市昭阳区汉族居住 的农村
493,昭 通四筒鼓舞,表演者 性别,男性
493,昭通四筒鼓舞,舞蹈类型,丧葬舞蹈
493,昭通四筒 鼓舞,得名原因,舞者四人身挎筒鼓击 之、舞之
493,昭通四筒鼓舞,历史依据,《周礼》记载 以路鼓鼓鬼享郑玄 注为四面鼓也享宗庙 时用之
493,昭通四筒鼓舞,发展 过程,东周灭亡鼓人 散居民间后随汉民进入 昭通
493,昭 通四筒鼓舞,文献记录,民国《昭通志稿 》四筒鼓乡人丧礼 用之似为跳舞
493,昭通四筒鼓舞,舞队名称,一 拨堂
493,昭通四筒鼓舞,伴奏 乐器,小扁鼓
493,昭通四筒 鼓舞,伴奏乐器,锣
493,昭通 四筒鼓舞,伴奏乐器,镲
493,昭通四筒鼓舞,伴奏 道具,红绸
493,昭通四筒鼓舞,流行区域,土城
493,昭通 四筒鼓舞,流行区域,乐居
493,昭通四筒鼓舞,流行区域,洒渔个坝 区
493,昭 通四筒鼓舞,流行区域,苏甲山区个乡镇
493,昭通四 筒鼓舞,套路名称,脚勾脚
493,昭通四筒鼓舞,套路名称,脚踩脚
493,昭通四 筒鼓舞,套路名称,小牛擦背
493,昭通四筒鼓舞,套路名称,公羊打架
493,昭通 四筒鼓舞,套路名称,猴子捞月亮
493,昭通四筒鼓舞,套路名称,喜鹊登 枝
493,昭 通四筒鼓舞,套路名称,蛇蜕皮
493,昭通四筒鼓舞,表现形式,单人舞
493,昭通 四筒鼓舞,表现形式,双人舞
493,昭通四筒鼓舞,表现形式,三人舞
493,昭通四筒鼓舞,表现形式,集体舞
493,昭通四 筒鼓舞,连接方式,攒鼓
493,昭通四筒鼓舞,艺术 特点,艺术性
493,昭通四筒鼓舞,艺术特点,观赏性
493,昭通 四筒鼓舞,民族归属,云南汉族
493,昭通四筒鼓舞,现存状况,鼓队多拨 能舞者上至七八十岁老者 下及七八岁孩童
493,昭通四筒鼓舞,文化属性,汉文化 特色
493,昭 通四筒鼓舞,面临问题,土葬习俗发生变革丧 事请跳四筒鼓者渐 少
493,昭 通四筒鼓舞,面临问题,农村青年进城打工少有 学习者
493,昭通四筒鼓舞,保护 建议,应采取措施予以保护
494,白象舞,所属地区,临沧市 耿马傣族佤族自治县
494,马鹿 舞,所属地区,思 茅市孟连傣族拉祜 族佤族自治县
494,白象舞,用途,喜庆祈福场合
494,马鹿舞,用途,喜庆祈福场合
494,白象舞,使用时机,泼水节
494,马鹿舞,使用时机,泼水节
494,白象舞道具造型,分类,白牙白象
494,白象舞 道具造型,分类,红 牙白象
494,马鹿舞,傣语原名,戛朵戛
494,戛朵戛,含义,玩、耍
494,恩朵,模仿对象,形似马鹿 的长体、长角的神秘野兽
494,白象 舞,道具材料,竹 木扎制衬架
494,白象舞,道具装饰,糊纸布并 饰以须穗绒毛、亮珠
494,白象 舞,道具装饰,适当 加以彩绘
494,白象舞,表演方式,二人将上身钻入 其内一前一后挎架 着道具操纵进行表演
494,马鹿舞,表演数量配合,两只马鹿 配合在一起表演
494,马鹿舞,脚上 基本动作,走步
494,马鹿舞,脚上基本动作,点 步
494,马 鹿舞,脚上基本动作,跳步
494,马鹿舞,脚 上基本动作,碎步跑
494,马鹿 舞,脚上基本动作,起伏步
494,白象舞,舞蹈动作,原地后踢步
494,白象舞,舞蹈动作,踏步 转身
494,白 象舞,舞蹈动作,前进或后退踏步
494,白象舞,舞蹈动作,双吸腿跳
494,白象 舞,舞蹈动作,双脚 跳步转圈
494,白象舞,舞蹈 动作,前腾跃步
494,白象舞,舞蹈动作,抖身 踏步
494,白象舞和马鹿舞,伴奏乐器,象脚鼓
494,白象 舞和马鹿舞,伴奏 乐器,铓
494,白象舞和马鹿 舞,伴奏乐器,钹
494,白象 舞和马鹿舞,表演 者性别,男子
494,白象舞,传承现状,仅杨永富 能制作道具
494,白象舞,传承现状,能完整进行表演者也大多 为老年人
494,白象舞,传承问题,年轻一辈中缺乏掌握白 象舞表演技巧和道具制作的人
494,马鹿 舞,流行地区,孟 连傣族村寨
494,马鹿舞,流行地区,勐马镇
494,马鹿舞,流行地区,娜允 镇
494,勐 阿马鹿舞,特点,腿脚动作富于跳跃更具 武术性
494,勐梭的马鹿舞,特点,动作舒缓灵活表演性 较强
495,甩发舞,佤语 名称,稿西 尾嘿
495,甩发舞,流传地区,临沧市 沧源佤族自治县勐董镇永 和社区永茸寨
495,甩发舞,流传地区,班老乡纳 勐村
495,甩发舞,所属民族 支系,佤族布绕 支系
495,甩发舞,首创者,叶带
495,叶带,爱人,岩奇
495,岩奇,发明 工具,竹木梳
495,甩发舞,表演形式,自歌 自舞无乐器伴奏
495,甩发舞,服饰主色调,黑、 红色
495,甩发舞,配饰 包括,银头箍
495,甩发 舞,配饰包括,各色珠链
495,甩发舞,配饰包括,大圈 耳环
495,甩发舞,配 饰包括,银手镯
495,甩发 舞,舞蹈人数范围,二三人至数十人
495,甩发舞,队形形式,携手 成排
495,甩发舞,队 形形式,成圆圈
495,甩发 舞,主要动作特征,上步
495,甩发舞,主要 动作特征,退步
495,甩发 舞,主要动作特征,左右移步
495,甩发舞,主要动作特征,上身前后 俯仰
495,甩发舞,主要 动作特征,左右躬曲
495,甩 发舞,核心元素,甩动长发
495,甩发舞,展现内容,喜爱蓄留长发
495,甩发舞,展现内容,竹楼阳台洗发场景
495,甩 发舞,展现内容,甩发场景
495,甩发舞,展现内容,梳发场景
495,甩 发舞,反映习惯,爱干净
495,甩发舞,反映 习惯,爱美
495,甩发舞,象征品格,美丽善良
495,甩 发舞,象征品格,勤劳豪放
495,甩发舞,甩发要求比喻,火焰升 腾
495,甩发舞,甩发 要求比喻,瀑布飞溅
495,甩 发舞,舞蹈节奏特点,强烈
495,甩发舞,动作 风格,优美潇洒
495,甩发舞,体现性格,热情奔 放
495,甩发舞,体现性格,粗犷纯朴
495,甩发 舞,组合表演形式,与木鼓舞编创
495,甩发舞,组合表演形式,与 象脚鼓舞编创
495,甩发舞,组合表演形式,与 铓锣舞编创
495,甩发舞,传承方式,口传 身授
495,甩发舞,主要 传承人,肖叶弄
495,肖 叶弄,所属地点,永茸寨
495,永和村委会,拥有组织,农村文艺演出队
495,全县个农村文艺演出队,主要表演节目,甩发舞
496,刀舞,景颇族,民间舞蹈 2. 刀舞 - 景颇语 - 闪 欠戈 3. 刀舞 - 表演形式 - 单刀 、双刀 4. 刀 舞 - 伴奏乐器 - 双面 鼓、象脚鼓、铓、 锣、竹笛 5. 刀舞 - 套路 - 三步 、五步、七步、九 步、十三步 6. 刀舞 - 传承方式 - 拜师学艺 7. 刀舞 - 内容 - 格斗 、生产、生活及欢乐情绪 8. 刀舞 - 音乐 元素 - 现代音乐元素 9 . 刀舞 - 表演地点 - 台湾、香港、上海、 北京等地 10. 刀 舞 - 特色 - 别具 一格的民族特色
497,陆良县 大三弦舞,流传地区,曲靖市陆良县 小百户镇打鼓村
497,陆良县 大三弦舞,民族,彝族撒尼人
497,陆良县大三弦舞,舞蹈性质,集体舞
497,陆良县 大三弦舞,表演场合,节庆时和劳动之余
497,陆良县大三 弦舞,人数限制,不限
497,陆良 县大三弦舞,队形 变化,圆圈和方队为主
497,陆良县 大三弦舞,速度特点,有快有慢
497,陆良县大三弦舞,脚部动作特点,蹬脚有韧劲收脚有 弹力
497,陆 良县大三弦舞,舞步 变化依据,音乐快慢和 哨音长短
497,陆良县大三弦舞,主要套路,弹跳步 、跑跳步、转自跳 、十字档、弹脚转身跳 、摆臂转圈
497,陆良县大三弦 舞,舞蹈特点,沉 、稳、颤、顿、朴实 、矫健、豪放
497,陆良县大三 弦舞,传承方式,父母的口传身授和村中 众多的歌舞活动
497,石林县大三弦舞,历史渊源,无文字记载
497,石林 县大三弦舞,形成原因,彝族撒尼人、 阿细人相互交流的产物
497,石林县大三 弦舞,地理关联,石林彝族自治县与弥勒县 山水相连
497,石林县大三弦舞,舞蹈性质,自娱自乐 性集体舞蹈
497,石林县大三弦舞,节奏特点,明快粗 犷豪放铿锵有力
497,石林县大三 弦舞,男子乐器,身背大三弦
497,石林县大三弦舞,女子动作,徒手 舞蹈或拍掌起舞
497,石林县大三 弦舞,排列形式,男女面对面可列成排可围 成圈
497,石林县大三弦舞,流行区域,圭山乡、 维则乡、亩竹箐乡 、北大村乡
497,石林县大三弦舞,群众基础,具有广泛的 群众基础
497,石林县大三弦舞,艺术性观赏性,有一定的艺术 性和观赏性
497,石林县大三弦舞,民族风格地方特点,突出的 民族风格和地方特点影响较大
498,德宏傣 族景颇族自治州,流行地区,盈江县
498,德宏傣族 景颇族自治州,流行地区,瑞丽市
498,象脚鼓舞,性质,祭祀性兼欢庆性舞蹈
498,象脚鼓舞,表现特点,勤劳善良
498,象脚鼓舞,表现特点,对美好生活 的追求
498,象脚 鼓舞,表现特点,热情 坚毅
498,象 脚鼓舞,表演者性别,男性
498,象 脚鼓舞,伴奏乐器,钹
498,瑞丽 的长象脚鼓,傣语 名称,乃光绕鼓
498,乃光绕 鼓,长度,米
498,乃光绕 鼓,伴奏乐器,排 铓
498,乃 光绕鼓,伴奏乐器,镲
498,舞者,动作方式,左肩挎鼓
498,舞者,击鼓 手法,指
498,舞者,击鼓 手法,掌
498,舞者,击鼓 手法,拳
498,舞者,击鼓 手法,肘
498,舞者,击鼓 手法,脚跟
498,舞者,击 鼓手法,膝
498,象脚鼓舞,群众基础地区,盈江县
498,象脚 鼓舞,群众基础地区,瑞丽市
498,象脚鼓舞,作用,向外宣传傣族民族民间文化
498,象脚 鼓舞,作用,弘扬本地 优秀传统文化
498,象脚鼓舞,活动场合,逢年过节
498,象脚鼓舞,活动场合,泼水节
499,哈尼族 棕扇舞,所属地区,玉溪市元江哈 尼族彝族傣族自治县
499,哈尼 族棕扇舞,流行区域,元江羊街乡那 诺街哈尼族聚居地
499,哈 尼族棕扇舞,起源 关联,古老的狩猎采集生活
499,哈尼 族棕扇舞,起源关联,祭祀活动
499,哈尼族棕扇 舞,模仿内容,禽兽 飞跃奔跑
499,哈尼族棕扇舞,模仿内容,猎人凯旋归来 的心情
499,哈尼族棕扇舞,表现场景,手拿棕扇 驱鬼祭神
499,哈尼族棕扇 舞,最初用途,祭祀 活动
499,哈尼族棕扇舞,动作特征,男性模拟动物或 鸟类
499,哈尼族棕扇舞,动作特征,女性手持棕 扇模拟白鹇鸟动作
499,哈尼 族棕扇舞,表达情感,对死者的尊敬和怀念
499,哈尼族棕扇舞,现代用途,自娱活动
499,哈 尼族棕扇舞,伴奏 乐器,铓
499,哈尼族棕 扇舞,伴奏乐器,鼓
499,哈尼族棕扇舞,伴奏乐器,钹
499,哈尼 族棕扇舞,伴奏乐器,唢呐
499,哈尼族棕 扇舞,道具组成,内装谷子、包谷、 荞子、银链、铜币 的一对竹筒
499,哈尼族棕 扇舞,道具组成,若干松枝
499,哈尼族棕扇 舞,摆放位置,竹 篾席上
499,哈尼族棕扇 舞,专用道具使用者,女子
499,哈尼族棕扇舞,技巧特点,脚步颤动起伏
499,哈尼族棕扇舞,技巧特点,开跨
499,哈尼 族棕扇舞,技巧特点,大小手臂的甩转
499,哈 尼族棕扇舞,相似 艺术形式,岩画舞图
499,哈尼族棕扇舞,动作名称,老熊洗脸
499,哈 尼族棕扇舞,动作 名称,猴子作揖
499,哈尼 族棕扇舞,动作名称,猴子抱瓜
499,哈尼族 棕扇舞,动作名称,老鹰叼小鸡
499,哈尼 族棕扇舞,动作名称,老熊穿裤
499,哈尼 族棕扇舞,动作名称,猴子搂腰
499,哈尼族 棕扇舞,动作名称,公鸡斗架
499,哈尼族 棕扇舞,动作名称,猴子掰包谷
499,哈尼族 棕扇舞,动作名称,老鹰拍翅膀
499,哈尼族 棕扇舞,动作名称,老熊走路
499,哈尼族棕 扇舞,传承方式,师传
499,哈尼族棕扇舞,获奖经历,国内获奖
499,哈尼族棕扇舞,演出经历,瑞典
499,哈尼族 棕扇舞,演出经历,意大利
500,峨山彝 族花鼓舞,彝语称,者波必
500,峨山彝族 花鼓舞,流传地区,玉溪市峨山彝族自治县
500,峨山彝族 花鼓舞,分布镇乡,双江镇
500,峨山彝族花鼓舞,分布镇乡,小街 镇
500,峨山 彝族花鼓舞,分布镇 乡,甸中镇
500,峨山彝族花 鼓舞,分布镇乡,化念镇
500,峨山彝族花鼓舞,分布镇乡,塔甸镇
500,峨山彝 族花鼓舞,分布镇乡,大龙潭乡
500,峨山彝族花 鼓舞,分布镇乡,富良棚乡
500,峨山彝族花鼓舞,分布镇乡,岔 河乡
500,峨山彝族花鼓舞,传入时间,清末年
500,峨山彝族 花鼓舞,普及时期,民国时期
500,峨山彝族花鼓舞,原用途,丧葬
500,峨山彝族 花鼓舞,原用途,祭祀
500,峨 山彝族花鼓舞,现在用途,婚丧
500,峨山彝族花鼓舞,现在用途,奠基
500,峨山彝族 花鼓舞,现在用途,新房 落成
500,峨 山彝族花鼓舞,现在用途,接神送祖
500,峨山彝族 花鼓舞,现在主要形式,仪仗
500,峨山彝族花鼓舞,现在 主要形式,广场表演
500,峨山彝族 花鼓舞,舞蹈方式,人合跳
500,峨山彝族花鼓舞,领舞者执物,箐鸡尾
500,峨山彝族花鼓舞,舞者装备,左腰 系花鼓
500,峨山彝族花鼓舞,舞者装备,右手执 槌
500,峨 山彝族花鼓舞,基本 步伐,颠跳
500,峨山彝族花 鼓舞,步伐变化,蹬
500,峨山 彝族花鼓舞,步伐变化,拐
500,峨山彝族花鼓舞,步伐变化,转
500,峨山彝族 花鼓舞,步伐变化,垫
500,峨 山彝族花鼓舞,步伐 变化,跺
500,峨山彝族花鼓舞,步伐变化,腾跳
500,峨山 彝族花鼓舞,节奏分类,快
500,峨山彝族花鼓舞,节奏分类,慢
500,峨山彝族 花鼓舞,慢板名称,板鼓
500,峨山彝族花鼓舞,快板名称,紧鼓
500,峨山 彝族花鼓舞,慢鼓 套路,台阶舞
500,峨山彝族花 鼓舞,慢鼓套路,点脚步
500,峨山彝族花鼓舞,慢鼓套路,小兔舞
500,峨山 彝族花鼓舞,慢鼓 套路,进三退三
500,峨山彝 族花鼓舞,文化结合体,彝汉歌舞文化
500,峨山彝族 花鼓舞,原唱曲调,汉语花灯调
500,峨山彝族 花鼓舞,现在演唱语言,彝语
500,峨山彝族花鼓舞,现在 演唱语言,半彝半汉 的跳乐调
500,峨山彝族花鼓舞,融入动作,韧脚
500,峨山 彝族花鼓舞,融入动作,跺脚
500,峨山彝族花鼓舞,融入动作,颠脚步
500,峨山 彝族花鼓舞,融入动作,引步
500,峨山彝族花鼓舞,套路名称,四合 心
500,峨 山彝族花鼓舞,套路 名称,蛇蜕皮
500,峨山彝族 花鼓舞,表演特点,连贯或穿插组合
500,峨山彝族花鼓舞,艺术风格,似彝 似汉
500,峨山彝族花鼓舞,传承方式,村寨相互传承
500,峨山 彝族花鼓舞,传承方式,本村传承
500,峨山彝族花 鼓舞,传承方式,家庭 传承
500,峨 山彝族花鼓舞,传承 方式,少数自学
500,峨山彝族花 鼓舞,群众基础,良好
500,峨山 彝族花鼓舞,演出频率,终年不断
500,峨山彝族花 鼓舞,组织单位,各 社、乡、村
500,峨山彝族花 鼓舞,重要节庆活动,彝族火把节
500,峨山彝族 花鼓舞,获奖经历,国家、省、市演出并获奖
500,峨山 彝族花鼓舞,地位,县舞
501,达比亚舞,所属民族,怒族
501,达比亚 舞,流传地区,怒江傈僳族自治州福贡等 县
501,达比亚,类型,传统弹拨 乐器
501,达比亚,外形类似,琵琶
501,达比亚,外形类似,三弦
501,达比亚舞,命名来源,达比亚乐器
501,达比亚舞,特征,边弹边舞
501,达比亚舞,套路数量,近百个
501,第一、二 、三次找土地舞,反映 内容,怒族祖先不断迁徙
501,手舞,反映内容,母系 社会结婚时新娘和舅舅跳
501,生育舞,反映内容,男人生孩子
501,古战争,反映内容,保卫家园
501,双人达 比亚舞,表现人物,乍付赛和乍付玛
501,双人达 比亚舞,情感主题,爱情感动天神
501,找情人舞,反映内容,爱情
501,情人相约逃婚舞,反映内容,爱情
501,找野菜舞,反映内容,生产生活
501,割小米舞,反映内容,生产生活
501,狩猎舞,反映内容,生产生活
501,母鸡下 蛋舞,反映内容,生产生活
501,哦得得舞,特色,歌唱
501,达比亚舞,表现形式,舞蹈动作和琴声结合
501,达比亚舞,反映方面,历史文化生活
501,达比亚舞,技术难度,既要弹 弦又要跳舞
501,达比亚舞,现状,逐渐消失的趋势
501,会跳的老人,不再 参与原因,信仰原因
502,刮克,别称,打转舞
502,刮克,意译,欢乐跳
502,刮克,流传地区,怒江大峡谷福贡 县
502,刮克,流传地区,泸水县
502,刮克,类型,其本刮克
502,刮克,类型,无伴奏踢踏刮 克
502,其本刮克,伴奏乐器,其奔
502,无伴奏踢踏刮 克,节奏方式,跺 、擦舞步踏地
502,刮克,包含套路,一步跺
502,刮克,包含套路,扭摆 跳
502,刮克,包含套路,撒荞舞
502,刮克,包含套路,赶熊舞
502,刮 克,包含套路,围 猎舞
502,刮克,包含套路,刀舞
502,刮克,包含套路,盔甲舞
502,刮克,包含套路,砍火山 舞
502,刮克,包含套路,种谷舞
502,刮克,包含套路,栽秧舞
502,刮 克,包含套路,破 板子舞
502,刮克,包含 套路,背水舞
502,刮克,包含套路,吸烟舞
502,刮克,包含套路,摇篮舞
502,刮克,包含套路,野鸡找食舞
502,刮 克,包含套路,豹 子甩尾舞
502,刮克,包含套路,麦叶长舞
502,刮克,包含套路,射箭舞
502,米依刮走,含义,跳劳动生产舞
502,米依刮走,表现内容,刀耕火种的劳动 生活全过程
502,猴子豁拳舞,傈僳族语名称,箭 米要吾
502,猴子豁拳舞,表现情景,猴子偷包 谷
502,破板子舞,傈 僳语名称,塞角扒 果皮哦
502,破板子舞,含义,有力气的人破 板子
502,刮克,起源传说,播种季节赶跑耗子 精
502,刮克,表演地点,广场
502,刮克,表演地点,屋内火塘边
502,刮克,舞蹈形式,一人或 数人站中间众人围圈而 舞
502,无伴奏刮克,节奏 方式,踏地为节
502,刮 克,欢呼词,哇 溜玛
502,刮克,欢呼词,霞溜玛
502,哇溜玛 /霞溜玛,含义,跳得多和谐、多欢畅
503,搓蹉,含义,“ 跳这种舞”
503,搓蹉,伴奏乐器,四弦琴
503,搓蹉,别 称,羊皮舞
503,搓蹉,别称,四弦舞
503,搓 蹉,别称,普 米锅庄
503,搓蹉,流传地区,怒江傈僳族自治州兰 坪白族普米族自治县
503,搓蹉,具体流传村寨,通 甸
503,搓蹉,具体流传村寨,河西
503,搓蹉,具体流传 村寨,啦井
503,搓蹉,具体流传村寨,金顶
503,搓蹉,具体流传 村寨,石登
503,搓蹉,使用场景,喜庆节日
503,搓蹉,使用场景,平日欢聚
503,搓蹉,起源 传说,战争中燃篝火智 退敌人
503,搓蹉,传统套 式,团聚舞
503,搓蹉,传统套式,碗筷 舞
503,搓蹉,传统套式,相近舞
503,搓蹉,传统套式,鞋底相 碰舞
503,搓蹉,传统套 式,臂部相撞舞
503,搓蹉,传统套式,结尾舞
503,搓蹉,队 形类型,单圈
503,搓蹉,队形类型,双 圈对跳
503,搓蹉,队 形类型,开门
503,搓蹉,队形类型,二龙 吐水
503,搓蹉,队形 类型,满天星
503,搓蹉,表演形式,拉手围 圈面对篝火边舞边唱
503,搓蹉,伴奏方式,一人弹四弦琴
503,搓蹉,伴奏工具,筷子
503,搓蹉,伴奏工具,竹板
503,搓蹉,伴奏工具,木碗
503,搓蹉,伴奏工具,拍羊皮
503,搓蹉,变换依据,领舞者的 曲调
503,搓蹉,风格特点,热烈奔放
503,搓蹉,风格特点,独特
503,搓蹉,传承方式,师传
503,搓蹉,传承方式,家传
503,搓蹉,参与年龄 起点,三四岁
503,搓蹉,艺术特征,歌、舞 、乐三位一体
503,搓蹉,功能 用途,自娱
503,搓蹉,功能用途,喜庆
503,搓蹉,功能用途,健身
503,搓 蹉,人数灵活性,不受 限制
503,搓蹉,情感表达,民族团结
503,搓蹉,情感表达,欢乐
503,搓蹉,现代 发展,文艺工作者整理改编
503,搓 蹉,演出范围,国内外
503,搓蹉,获奖级别,省级
503,搓蹉,获奖级别,国家级
504,基诺族,跳大 鼓舞,厄扯 锅
504,司土锅司土,意为,大鼓锅即跳 之意
504,大鼓舞,流传于,西双 版纳傣族自治州景洪市基 诺山基诺族乡大部分村 寨
504,基诺 族跳大鼓舞,传说一,感谢基诺族创世 祖先阿嫫腰白用大鼓 拯救了基诺人
504,基诺族跳大鼓舞,传说二,制止鼓 神色巴出来祸害人间
504,跳大鼓舞,最为隆重时间,过特懋 克节时
504,舞前,杀祭品,一头乳猪一只鸡
504,寨老们,供于鼓前,乳猪 和鸡
504,位 长老,磕头拜祭,大鼓
504,一人,念诵祭词,祈祷大鼓给人们带来 吉祥平安
504,祭毕,由一人,双手执鼓槌边击边舞
504,另有,击铓,一人
504,另有,击 镲,一人
504,旁边,伴唱伴 舞者,若干
504,唱,《乌悠 壳》歌,歌词多讲述 基诺人的历史、道德法规等内容
504,基诺 族的大鼓,是,一种民间乐器
504,基诺族的大鼓,也是,一种神物
504,每逢特懋克 节,人们要拜祭,大鼓
504,大鼓,象征,权利
504,过去,拥有保管权,寨 中的长老卓巴和卓色
504,一个村最多,有,两个鼓
504,两个鼓,分为,公鼓和母 鼓
504,公 鼓和母鼓,只能挂在,卓巴家的神柱上
504,鼓的 选材、制作、敲击、放置 等,都有,一整套严格的 仪式和规程
504,跳大鼓舞时,一人 击,大鼓
504,一人,双手握 鼓槌边击边跳,大鼓
504,另有,击铓锣,一人
504,另有,击镲,一人
504,舞蹈动作,包括,乌悠壳拜神灵
504,舞蹈动作,包括,厄扯锅欢乐 档
504,舞蹈 动作,包括,特美阿 米过年调
504,基诺族大鼓舞,具有,历史文化内涵
504,基诺族大鼓舞,具有,艺术性和观赏 性
504,基 诺族大鼓舞,群众基础 较好,多数基诺族人都会 跳
504,目前 能系统掌握大鼓舞仪式全过程及 全部舞蹈动作者,年事 已高,传承面临困难
504,制作大鼓 的木材资源,受到限制,能制作和拥有大鼓的 基诺族村寨逐步减少
505,打歌,别称,跳山歌
505,打歌,别称,跳 歌
505,打歌,别称,跳笙
505,打歌,流传地区,思茅市 景东彝族自治县
505,打歌,类型,自娱性民间舞蹈
505,打歌,记载文献,清代嘉庆《景东直隶 厅志》
505,打歌,活动时间,春节
505,打歌,活动时间,小年
505,打歌,活动时间,农历正月十五
505,打歌,活动时间,火把 节
505,打 歌,活动时间,婚 嫁
505,打 歌,活动时间,聚会
505,打歌,社交功能,青年男女 交往时机
505,打歌,参与民族扩展,汉族
505,打歌,社会作用,民族团结纽带
505,跳山歌队形,常见 形式,圆形
505,跳山歌队形,特殊形式,两排偶 数相对
505,跳山歌习俗规定,限制 条件,一家人不能同舞圈
505,跳山 歌习俗规定,限制条件,不同辈份亲属不能对调 子
505,跳 山歌内容分类,第一类,模拟动物神态舞
505,鸡勘歌,所属类别,模拟动物神态 舞
505,老 鸹歌,所属类别,模拟动物神态舞
505,猴子扯磨,所属 类别,模拟动物神态舞
505,孔雀摇尾,所属类别,模拟动物 神态舞
505,马撕踢,所属类别,模拟动物神态舞
505,羊撕打,所属类别,模拟动物神态舞
505,苍蝇搓 脚,所属类别,模拟 动物神态舞
505,跳山歌内容分类,第二类,表现生产生活情绪 舞
505,三 跺脚,所属类别,表现生产生活情绪舞
505,三翻,所属 类别,表现生产生活情绪舞
505,合脚,所属类别,表现生产 生活情绪舞
505,梭啰啰啰,所属 类别,表现生产生活情绪舞
505,新房歌,所属类别,表现生产 生活情绪舞
505,跳山歌内容分类,第三类,婚丧祭祀专用 舞
505,闪闪 歌,所属类别,婚 丧祭祀专用舞
505,三面六,所属 类别,婚丧祭祀专用舞
505,景东 打歌音乐特点,曲调 特征,优美
505,景东打歌音乐特点,旋律特征,流畅
505,景东打 歌音乐特点,节奏特征,规整严谨
505,打歌伴奏乐器,包括,葫芦笙
505,打歌伴奏乐器,包括,大小三弦
505,打歌伴奏乐器,包括,笛子
505,打歌伴奏乐器,包括,树叶
505,打歌伴奏乐器,包括,口琴
505,跳山歌群众基础,普及程度,几乎人人都会 跳
505,跳 山歌文化属性,定位,传统民间群众文化活动形式
505,无量山 地区传统,活动方式,按传统节日吉日跳
505,哀牢山地区 传统,活动方式,不 拘时间地点想跳就跳
505,传统节日时 规模,特点,最为盛大
506,从葫芦笙 舞,所属 民族,拉祜 族
506,从葫芦笙舞,主要流传地区,临沧 市双江拉祜族佤族 布朗族傣族自治县的忙糯乡 、勐勐镇、大文乡 、勐库镇等拉祜村 寨和思茅市澜沧拉 祜族自治县木戛乡等拉祜 族聚居区
506,从葫芦笙舞,伴奏乐器,葫芦笙
506,清道 光《云南通志》,记载内容,倮黑聚时 亲戚令饮吹笙为乐
506,道光 《威远厅志》之二,记载内容,倮黑 鲠直男女杂聚携手成圈 吹笙跳舞
506,拉祜族葫芦笙舞,活动形式一,民族 节日中仪式程序规范要求按规定跳 完所有套路
506,拉祜族葫芦笙舞,活动形式一的时间,每年农历八月十五神林及扩 塔春节时在家庭内举行
506,拉祜 族葫芦笙舞,活动形式 一的起点,起歌
506,拉祜族 葫芦笙舞,活动形式一 的结束,大路歌
506,拉 祜族葫芦笙舞,活动 形式二,婚丧、娱乐 时跳的葫芦笙舞不跳 传统礼仪性的套路随意性较强
506,澜 沧县拉祜族葫芦笙舞,拉祜语称,戛克
506,澜沧县拉祜族 葫芦笙舞,现有舞蹈动作 组合数量,近百套
506,澜沧 县拉祜族葫芦笙舞,分类一,祭祀礼仪舞
506,澜沧县拉祜族葫芦笙 舞,分类二,生产 劳动舞
506,澜沧县拉祜族 葫芦笙舞,分类三,反映生活的舞
506,澜沧县拉 祜族葫芦笙舞,分类 四,模拟动物生活习性的 舞
506,澜沧县拉祜族葫芦 笙舞,分类五,情绪舞
506,澜沧县拉祜族 葫芦笙舞,荣誉,获文化部、国家民委组织的 全国少数民族文艺会演二等奖
506,双江 县拉祜族葫芦笙舞,别称,打歌
506,双 江县拉祜族葫芦笙舞,形式特点,较多地 保留了传统古朴的艺术风格
506,双江县 拉祜族葫芦笙舞,参与方式,男子吹葫芦笙 逆时针方向转圈边吹 边跳妇女随男子围圈舞蹈 男女老少不限人数多少不限最多 可达数百人
506,双江县拉祜 族葫芦笙舞,带领者,领舞者歌头
506,双 江县拉祜族葫芦笙舞,套路分类,农业生产劳动 、日常生活、娱乐、飞禽走 兽、人情世故、非农业生产 劳动等六类
506,双江县拉 祜族葫芦笙舞,动作 特点,上下肢比较协调下肢 动作较多多以跺、踢、 踏步、转身、跳跃、下 蹲转身为主要动作特点
506,双江县 拉祜族葫芦笙舞,风格特点,时而优雅时而热烈 风格独特舞姿古朴诙谐风趣 生活气息浓郁
506,双江县拉祜 族葫芦笙舞,代表曲目,《三脚歌》、《青蛙歌 》、《箐鸡摆尾歌》、《大 路歌》
506,双江县拉祜 族葫芦笙舞,伴奏乐器 辅助,有时辅以箫、 牛腿琴和小三弦
506,双江 县拉祜族葫芦笙舞,音乐节奏,多用四 分之二拍
506,双江县拉祜 族葫芦笙舞,传承方式,口传身教
506,双江 县拉祜族葫芦笙舞,师承关系,歌头 和骨干人员均为师传
507,窝罗舞,流行地区,德宏傣 族景颇族自治州梁河 县
507,窝罗舞,动作风格,大同小异
507,窝罗舞,主要模拟对象,飞禽 走兽
507,窝罗舞,包含步伐,麻雀步
507,窝罗舞,包含步伐,猛虎下山步
507,跳 麻雀步,象征意义,希望得到好运
507,跳麻雀步时唱,巴松昆) 8 . (跳猛虎下山步,"象征意义, 扶正压 邪大吉大利"
507,跳猛虎下山 步时唱,窝罗歌 ) 10. ( 窝罗舞起源,"来源, 生产劳动"
507,古老窝罗舞组成部分,包括,自由步
507,古老窝 罗舞组成部分,包括,麻雀 步
507,古老窝罗舞组成部分,包括,猛虎下山步
507,舞蹈场面 造型,描述为,太阳 打伞、月亮戴帽
507,舞蹈队 型,初始形态,大 圆圈
507,舞蹈队型演变,调整 为,双龙行路
507,舞蹈 队型进一步调整,变为,金龙转身
507,现代整理后的窝 罗舞部分,包括,窝 罗
507,现代整理后的窝罗舞部分,包括,阿露
507,现代整理 后的窝罗舞部分,包括,团结
507,现代整理后的窝罗舞 部分,包括,射箭
507,现代 整理后的窝罗舞部分,包括,耕织
507,现代整理后的窝 罗舞部分,包括,丰收
507,龙陵县蹬窝罗举办时间,每年农历正月初八) 25. (龙 陵县参与村寨,"包括, 蛮旦"
507,龙陵县参与村 寨,包括,下寨
507,龙 陵县参与村寨,包括,大田坡
507,龙陵县参与 村寨,包括,打黑
507,龙陵县聚集地点,蛮 旦寨脚的舞场) 30. (蹬窝 罗含义,“蹬”阿昌 语意为跺;“窝罗” 意为欢乐可译为跳欢乐
507,龙 陵蹬窝罗特点,动作 无固定传授人) 32. (龙陵蹬窝 罗特点,唱词口授 心记
507,阿昌大祭别称,窝罗节) 34. (窝罗节 纪念对象,天神遮帕麻
507,窝罗节纪念对象,地 母遮咪麻) 36. (神坛供奉物品,"包括, 遮帕麻和 遮咪麻的神像"
507,神坛供奉 物品,包括,象征人类出生 的葫芦
507,神坛供奉物品,包括,射落假太阳的神弓
507,仪式流程,暮陶巫师赞 颂天神丰功伟绩) 40. (起舞 时机,请天神享用供品 时
507,领舞者身份,烘干 ) 42. ( 《则勒扎》组成部分,"包括 , 把套昆小嗓唱 的传承调"
507,《则勒扎》 组成部分,包括,把松昆 大嗓唱的美丽的袖子
507,《则 勒扎》组成部分,包括,蹬窝罗
507,失传部分,包括,把套昆小嗓唱 的传承调
507,失传部分,包括,把松昆大嗓唱 的美丽的袖子
507,围圈方向,逆时针) 4 8. (装扮动物角色,"包括 , 狮子"
507,装扮动物角色,包括,老虎
507,装扮动物角色,包括,水牛
507,装扮动物角色,包括,猴子
507,装扮动物角色,包括,鹭鸶
507,狮/虎 象征意义,剽悍、勇猛 ) 54. ( 水牛象征意义,诚实、 任劳任怨
507,猴子象征意义,聪明、机灵、敏捷) 56. (蹬 窝罗动作顺序,先迈 狮虎步
507,蹬窝罗动作顺序,先蹉后跳) 58. (蹬窝 罗动作顺序,再蹬扭 身转腰
507,动作特点描述,潇洒奔放) 6 0. (动作特点描述,古朴率真
507,动作特点描述,刚劲有力) 6 2. (民族节日认定,梁河县将窝罗节定为 民族节日
508,玉溪市 新平彝族 傣族自治县,流传 地点,扬武镇 鲁奎山和磨盘山 一带
508,彝族 烟盒舞,彝语名称,楂奇比团团转
508,彝族烟盒 舞,彝语别称,尼盖比跳姑娘
508,彝族烟盒舞,俗称,跳乐
508,跳乐,性质,传统自娱自乐 性舞蹈
508,传说 起源,发现方式,弹 高梁杆发出声响
508,早期形式,演变道具,从弹高梁杆改为 弹烟盒
508,扬武镇彝族烟盒舞,已整理出套数,套
508,舞蹈 结构,分类,起调 、行弦调、收弦调 、过门调
508,舞蹈人数,限制,不限
508,弹奏乐器者,性别,男子
508,演奏 规模调整,依据,根据规模 增加男子
508,常见舞步特征,包括,双腿 下蹲、骤起提步
508,常见舞步特征,包括,双手下垂、小 臂摆动
508,舞蹈套路,包含,鲊 摆地奇开头要跳
508,舞蹈套路,包含,嫫笑斋尼该 山神树冒烟
508,舞蹈编排原则,程序,由简到繁、 先易后难
508,队形特点,主要 形式,圆圈
508,动作配合,方式,一起抬脚一起下蹲边 转边跳
508,伴奏乐器,使用,月琴
508,伴奏乐器,使用,三 弦
508,伴奏 乐器,使用,牛角
508,伴奏乐器,使用,二胡
508,烟盒舞 产生关联,基础,劳动
508,文化特征,体现,浓郁的生产生活 气息
508,动作 保留元素,来源,原始 生产劳作痕迹
508,反映内容,包括,彝 族人民的生活劳动
508,反映内容,包括,风土人情
508,艺术风格,具有,鲜明的民族风格
508,艺术风格,具有,地方特色
508,盛行范围,覆盖,全 镇的自然村
508,社会功能,包括,对外 沟通
508,社会 功能,包括,当地人娱乐
508,社会功能,包括,健身
508,社会作用,包括,增强民族团结
508,社会作用,包括,振奋民族 精神
508,参与 活动,类型,省内外 活动和表演
509,云南傣族 地区,视 孔雀为象征,吉祥如意、美丽善良
509,孔雀舞,盛行于,傣族村 寨
509,孔雀舞,属于,表演性和自 娱性舞蹈种类
509,思茅市孟连傣族 拉祜族佤族自治县,流行 孔雀舞,勐马镇、 娜允镇的多个傣族村 寨
509,每个村 寨,会跳孔雀舞的人数 比例,半数以上
509,每个乡镇,有孔雀 舞表演队人数,数十人
509,孔雀舞的 程式内容,主题表现,傣家人善良的民族性格
509,单人孔雀舞,模拟动作包括,飞跑下山 、漫步森林、饮泉戏水 、拖翅、晒翅、抖 翅、展翅、开屏、 飞翔
509,双人 孔雀舞,表现形式,一 雌一雄身缚孔雀架子相互 依偎、追逐嬉戏
509,女性集体孔雀舞,表演人数范围,人至 几十人
509,女性集体孔雀舞,模仿对象,孔雀千姿百态的 优美动作
509,女性集体孔雀舞,具有,一定的步法规律和较固定的 鼓点伴奏
509,孟连孔雀舞,保留 传统形式,架子孔雀舞
509,舞者,身穿服装特征,花纹色调 与孔雀相近且外套莲花形坎 肩头戴塔形尖帽
509,孔雀架子,制作材料结构,用三角形竹 架作身其上插竹条 并用绸或布扎制后边三 片两边各四片代表孔雀尾巴 和翅膀
509,孔雀架子,拴系位置,舞者手臂和手腕上
509,大型表演中,架子孔雀舞共舞对象,大象舞、马鹿舞 、鱼舞等
509,其他场合,架子孔雀 舞表演形式,单独表演
509,孟连孔雀 舞,体现内涵来源,佛经故事《孔雀王》
509,孟连孔雀 舞,体现内涵内容,孔雀王用水为人们治病给大地 带来吉祥如意
509,孔雀舞,不受限制因素,时间、地点和舞者 人数
509,节日 和丰收、欢庆场合,孔雀舞盛行情况,尤为盛行
510,腾冲县,是,东南亚珠宝玉石的 集散地和加工地
510,来凤山明朝蔺山墓,出土,玉带钩
510,《徐 霞客游记》,描述,腾冲翡翠和玉石加工业
510,腾 冲玉雕,具有,历史悠久
510,地方志,记载,腾 冲年前从事翡翠加工的作坊数量
510,清 光绪《腾越乡土志》,记载,清末腾冲玉石 加工的盛况
510,腾冲玉雕,制作类型包括,戒面
510,腾 冲玉雕,制作类型包括,鸡心
510,腾冲玉雕,制作类型包括,胆坠
510,腾冲玉雕,制作类型 包括,生肖
510,腾冲玉雕,制作类型包括,手镯
510,腾冲玉雕,制作类型 包括,佛像
510,腾冲玉雕,制作类型包括,图 章
510,腾冲玉雕,制作 类型包括,龙凤牌
510,腾 冲玉雕,制作类型包括,八仙
510,腾冲玉雕,制作类型包括,暗 八仙
510,腾冲玉雕,制作类型包括,扳指
510,腾 冲玉雕,制作类型包括,玉簪
510,腾冲玉雕,制作类型包括,耳 片
510,腾冲玉雕,制作 类型包括,花鸟鱼虫 与走兽挂件
510,腾冲玉 雕,制作类型包括,手玩件
510,腾冲玉雕,制作类型包括,摆件
510,传统工艺流程,包括工序,冲 砂
510,传统工艺流程,包括工序,解玉分为拉丝解玉和解 盘解玉两个工序
510,传统工艺流程,包括工序,磨玉
510,传统工艺流程,包括工序,打眼
510,传统 工艺流程,包括工序,梭棱
510,传统工艺流程,包括工序,雕刻
510,传统工艺流程,包括工序,抛光
510,翡翠加工,讲究过程,碾磨
510,明宋应星著《 天工开物》,记载,玉雕工艺
510,凡玉初 剖时冶铁为圆盘以 盆水盛沙足踏圆盘 使转添沙剖玉逐忽 划断,印证,腾 冲的翡翠雕刻保留传统工具和 工艺过程
510,世纪年代,改进和 更新了,腾冲玉雕 工艺
510,电动化机械,用于,腾冲玉雕工艺改进
510,人工 合成的金刚石粉末工具,用于,腾冲玉雕工艺 改进
510,腾冲玉雕工艺改进,提高了,产量
510,腾冲玉 雕工艺改进,提高了,制作速度
510,腾冲玉雕,形成,艺术风格和独特技艺
510,腾冲玉雕,体现价值,历史价值
510,腾冲玉雕,体现价值,艺术价值
510,腾冲玉雕,体现价值,工艺价值
510,腾冲玉雕,属于,腾越文化 重要组成部分
510,腾冲玉雕,成为,腾冲县的支柱 产业之一
511,石屏彝 族剪纸,流传地区,红 河哈尼族彝族自治州 石屏县龙武镇
511,石屏龙武 彝族,别称,花腰彝
511,龙武地区彝族,衡量 标准,是否会挑花绣朵
511,剪纸,作用,服饰刺绣的底样
511,女孩,学习年龄起点,八九岁
511,女孩,独立 操作年龄,十四五岁
511,彝族剪纸,造型特点,厚实
511,彝族剪纸,构图 特点,饱满
511,彝族剪纸,常用图案,虎牙花
511,彝族剪纸,常用图案,葫芦花
511,彝族剪纸,常用图案,火焰花
511,彝族剪纸,常用图案,牡丹花
511,彝族 剪纸,常用图案,鸟
511,彝族 剪纸,常用图案,鱼
511,彝族 剪纸,常用图案,蝴蝶
511,彝族 剪纸,常用图案,孔雀
511,火焰图案,文化意义,对火 的崇拜
511,虎牙花,文化意义,虎崇拜的象征
511,葫芦花,文化意义,祖先信仰记录
511,牡丹花,文化 意义,对幸福生活的祈望
511,彝族 剪纸,具有价值,历史文化 价值
511,彝 族剪纸,具有价值,艺术审美价值
511,彝族剪纸,地位特点,独特的地位
511,彝族剪纸,传承 情况,拥有一大批技艺高超 的艺人
511,彝族剪纸,传承情况,素质较高的传承人队伍
511,彝族花腰 彝女子服饰,对外宣传结果,有一定知名度
511,作为底样的剪纸,关注度变化,为世人关注
512,大理市,流行,白族民居彩 绘
512,白族建筑彩绘,产生于,建造王宫、 寺庙的过程
512,《 南诏图传》中的修廊 曲庑图,表明,南诏、大理国时期开始广泛 采用彩绘
512,白族建筑彩绘,发展 至成熟阶段,世纪年代
512,大理市喜洲 镇严家大院,是 代表作之一,白族民居 彩绘
512,大理 市董家大院,是 代表作之一,白族民居 彩绘
512,现代 白族彩绘,沿袭,传统工艺
512,白族建筑,结构类型,土木结构
512,白族建筑,外观特征,青砖、白墙、 灰瓦
512,白族建筑彩绘,主 色调,黑、白、灰色
512,白族 建筑彩绘,突出体现,白色主体色调
512,彩绘部位,包括,大门
512,彩绘部位,包括,照 壁
512,彩 绘部位,包括,山墙
512,彩绘 部位,包括,腰线
512,彩绘部位,包括,龙马角
512,图案类型,包括,香草纹
512,香草纹具体 形式,包括,草龙
512,香草纹 具体形式,包括,草凤
512,香草 纹具体形式,包括,缠 卷草纹
512,图案类型,包括,如意 云纹
512,图案类型,包括,回纹 /万字
512,吉祥图案,包括,渔 樵耕读
512,吉祥图案,包括,棋 琴书画
512,吉祥图案,包括,火龙 吐水
512,吉祥图案,包括,牡丹卷 草相缠
512,吉祥图案,包括,流 云飞鹤
512,吉祥图案,包括,四 喜登梅
512,吉祥图案,包括,一路 鹭连升
512,吉祥图案,包括,洪 福齐天
512,吉祥图案,包括,锦 上添花
512,吉祥图案,包括,四季 平安
512,吉祥 图案,包括,金玉满 堂
512,民 居彩绘技法,采用,雕画结合
512,木雕装饰位置,包括,大门
512,木雕装饰位置,包括,屋檐部
512,照壁制作方式,使用材料,泥做斗拱 与部分浮雕
512,彩绘工艺特色,讲究 工序,打底工序
512,木结构建筑打 底材料,使用,猪 血、桐油和石灰调和而成的 猪血灰
512,泥砖墙打底材料,使用,纯质熟石膏 与白棉纸拌和制成的纸 筋灰
512,彩绘颜料类型,以... 为主,矿物质颜料
512,白族建筑彩绘 应用范围,包括,宗祠
512,白族 建筑彩绘应用范围,包括,庙宇
512,白族建筑彩绘应用范围,包括,大型古建筑群体
512,白族 建筑彩绘应用范围,包括,白族民居建筑
512,民居彩绘 功能,具有含义,祛 邪避灾
512,民居彩绘功能,具有含义,祈祥求福
513,关索戏,所属剧 种,云南傩 戏剧种
513,关索戏,所属 范畴,军傩
513,关索戏,流传 地点,玉溪市澄江 县阳宗镇小屯村
513,小屯村,原名,先锋营
513,诸葛亮,任命将领,关索
513,关索,职务,先锋
513,关索,屯兵地点,小 屯村
513,关 索戏,传入方式,随军传入澄江
513,关索戏,演出 频率,每三年一次
513,关索戏,演出时间,农历正月初一 至十二
513,关索戏,演出范围,本村及阳宗坝子
513,关索 戏,祭祀场所,灵 峰寺
513,关索戏,祭祀对象,药王
513,关索戏,傩祭 仪式,踩村
513,关索戏,傩祭仪式,踩街
513,关索戏,傩祭仪式,踩 家
513,关 索戏,傩祭仪式,点将
513,关索戏,傩祭 仪式,辞神
513,关索戏,题材类型,三国故事
513,关索戏,主要角色,刘备
513,关索戏,主要角色,孔明
513,关索戏,主要角色,关羽
513,关索戏,主要角色,张飞
513,关索戏,主要角色,关索
513,关索 戏,主要角色,鲍 三娘
513,关索戏,使用道具,木制面具
513,关索戏,代表 剧目,《古城会》
513,关索戏,代表剧目,《战长沙》
513,关索 戏,代表剧目,《长 坂坡》
513,关索戏,代表剧目,《过五关斩六将 》
513,关 索戏,代表剧目,《 三请孔明》
513,关索戏,代表 剧目,《三战吕布》
513,关索戏,代表剧目,《收周 仓》
513,关索戏,代表剧目,《夜战马超》
513,关索戏,代表剧目,《花关索 战三娘》
513,关索戏,开场 形式,马童和小军出场
513,关索 戏,伴奏乐器,锣 鼓
513,关 索戏,演唱语言,阳宗本地方言
513,关索戏,音乐 唱腔,五字板
513,关索戏,音乐唱腔,七 字板
513,关索戏,音乐唱腔,十字板
513,关索戏,音乐 唱腔,大刀腔
513,关索戏,音乐唱腔,哭 板
513,关 索戏,音乐唱腔,长板
513,关索戏,音乐唱 腔,短板
513,关索戏,音乐 唱腔,流水板
513,关索戏,表演特点,转板换 调用锣鼓指挥
513,关索戏,表演场地,广场
513,关索戏,表演场地,院坝
513,关索戏,文化特征,地域文化特点
513,关索 戏,风格特点,古朴 之风
513,关 索戏,传承变化,演出习俗简化
513,关索戏,传承变化,程序改变
513,关索戏,保留 仪式,祭药王
513,关索戏,保留仪式,踩村
513,关索戏,保留仪式,踩街
513,关索 戏,保留仪式,踩 家
513,关 索戏,保留仪式,点将
513,关索戏,保留仪式,辞神
513,关索戏,传承方式 变化,不再局限于父子之间
514,昭通端 公戏,流传地区,镇 雄
514,昭通端公戏,流传地区,彝良
514,昭通端公戏,流传地区,大关
514,昭通端 公戏,流传地区,盐津
514,昭 通端公戏,流传地区,巧家
514,昭通端公戏,流传地区,永善
514,昭通端公戏,流传地区,威信
514,昭通端 公戏,流传地区,绥江
514,昭 通端公戏,流传地区,昭阳
514,昭通端公戏,演出场合,庆菩萨
514,昭通端 公戏,演出场合,庆坛
514,昭通端公戏,演出 场合,打傩
514,昭通端公戏,演出场合,阳戏
514,昭通 端公戏,演出场合,斋醮
514,昭通端公戏,命名来源,端公表演
514,昭通端 公戏,传入时间,明清时期
514,昭通端公戏,起源 地,江西
514,昭通端公戏,起源地,四川
514,昭通端公 戏,分类,正戏
514,昭通 端公戏,分类,耍戏
514,正戏,相关仪式内容,戴面具古脸子扮诸 种神
514,正戏,代表剧目,《 大战红山》
514,正戏,代表剧目,《桃山救母》
514,正戏,代表剧目,《扎五营 》
514,耍 戏,别称,春 戏
514,耍 戏,别称,花 戏
514,耍 戏,类型,小喜剧
514,耍戏,代表剧目,《请功 曹》
514,耍戏,代表剧目,《 四耳打草鞋》
514,耍戏,代表剧目,《春兰送酒 》
514,耍 戏,行当,生
514,耍戏,行当,旦
514,耍戏,行当,净
514,耍戏,行当,丑
514,旦角,演唱 方式,假嗓
514,其他角色,演唱 方式,本嗓
514,昭通端公戏,演唱形式,独唱
514,昭通 端公戏,演唱形式,帮唱
514,昭通端公戏,伴奏乐器,锣鼓
514,昭通端公 戏,表演特点,场 下帮白
514,民间戏班,演出目的,祝寿
514,民间戏班,演出 目的,还愿
514,民间戏班,演出目的,婚嫁
514,民间戏班,演出目的,小孩满周岁 或剃头
514,民间戏班,演出目的,建房
514,民间戏班,演出 目的,祭祖
514,昭通端公戏,功能,娱人
514,昭通端 公戏,功能,教化 作用
514,昭 通端公戏,文化内涵,驱邪纳福
514,昭通端公 戏,文化内涵,祈求 平安
514,昭 通端公戏,保留形式,古代傩祭仪式的若干 古朴形式
514,昭通端公戏,功能,既娱神又娱人
514,昭通 端公戏,研究价值,中国戏剧艺术的初始形态
514,昭通端 公戏,被禁止原因,特定的祭祀仪式功能
514,世纪年代后,状态变化,基本消匿
514,世纪年代后,状态变化,逐渐恢复 演出
514,恢复 后的演出,现状问题,服装残缺不全
514,恢复后的演出,现状问题,面具残缺不全
514,昭通端公戏,发展趋势,逐年消亡之势
515,弥渡花 灯,起源 时间,清末民 初
515,弥渡花灯,普及 时期,新中国成立初期
515,弥渡花灯,总体分类,太平花灯
515,弥渡花灯,总体分类,元宵花 灯
515,弥渡 花灯,共同特征,自娱性
515,弥渡花灯,共同特征,娱他性
515,弥渡花灯,共同特征,祈神求福 性
515,弥渡 花灯,表现形式,团 场灯
515,弥 渡花灯,表现形式,门户灯
515,弥渡花灯,表现形式,过街灯
515,弥渡县,灯 班规模特点,不受限制
515,弥渡县 灯班,人数范围,少则数十人
515,弥渡县灯班,人数范围,多则上 千人
515,各 村灯班,特点,有各自的看家本领
515,弥渡花灯表演,参与人群,不分男女 老幼
515,弥渡花灯表演,化妆 风格,浓妆艳抹
515,弥渡花 灯表演,手持物品,各种道具
515,弥渡花灯,演出特点,无布景
515,弥渡花灯,演出特点,不分场次
515,弥渡 花灯演员,表演状态,表演自如
515,弥渡花灯演员,表演方式,边走边唱 边转
515,弥渡花灯表演,程式 特点,没有固定程式
515,弥渡花灯 表演,风格特点,比较 随意
515,弥 渡花灯,内容组成,排灯开道
515,弥渡花灯,内容组成,龙狮表演
515,弥渡 花灯,内容组成,凤引麒麟
515,弥渡花灯,内容 组成,旱船
515,弥渡花灯,内容组成,白鹤
515,弥渡花 灯,内容组成,蚌 壳
515,弥 渡花灯,内容组成,钱鞭
515,弥渡花灯,内容 组成,高跷
515,弥渡花灯,内容组成,云高台 大唱
515,弥渡花灯,内容组成,小唱
515,弥渡花灯名曲,包括曲目,《十大姐》
515,弥渡 花灯名曲,包括曲目,《绣荷包》
515,弥渡花灯名 曲,包括曲目,《弥渡 山歌》
515,弥渡花灯曲调,包括曲调,《双采花 》
515,弥 渡花灯曲调,包括曲 调,《梳妆调》
515,弥渡花 灯曲调,包括曲调,《一压三》
515,《十大姐》等 名曲,知名度,蜚 声海内外
515,《双采花》等曲调,传播范围,省内外 传唱引用
515,弥渡,荣誉称号,中国民间艺术花灯之乡
515,中国民间艺术花 灯之乡称号,授予机构,文化部
516,嵩明,是,云南花灯主要流传 地之一
516,嵩明的传统花灯活动,特点,十分兴盛
516,史料记载,显示,超过个村寨曾有 花灯活动
516,嵩明花灯,表演时间,元宵灯会期间
516,嵩明花灯,表演时间,各种民间庙 会中
516,嵩 明花灯,灯期时长,长达一二个月
516,嵩明花灯的表演 形式,分为,团场 和坐场
516,团场,性质,花 灯演出的开场节目
516,团场,参与人数,十余名成对的男女 角色
516,团 场,表演风格,气氛 热烈火红
516,坐场,内容,各类小戏、小歌舞和小演唱
516,坐场,以...为主,小 戏表演
516,嵩明花灯小戏,特点,剧目非常丰富
516,讲口戏,特点,只有说白而无唱 腔
516,讲 口戏,在其他花灯流 布区,较少见
516,嵩明花灯 的团场,被改编为,《红灯舞》
516,总政歌舞团,改编作品,《红灯 舞》
516,《红灯舞》,演出 场合,世界青年联欢节
516,《嵩 明采茶》,类型,常用花灯曲调
516,《王氏挑 水》,类型,常用 花灯曲调
516,《双叠调》,类型,常用花灯曲 调
516,《 老鹰亮翅》,类型,常用花灯曲调
516,世纪年代后,事件,长期中断活动
516,长期中断 活动,导致结果,嵩 明传统花灯曾一度衰落
516,年代后,事件,有所恢复
516,民间老艺人,状态,陆续去世
516,民间老艺人去世,导致结果,一些剧目 、曲调和表演形式已逐渐失 传
516,民间 老艺人去世,导致结果,花灯活动规模也远不如 前
517,元谋花 灯,形成 时间,明洪武 年间
517,元谋花灯,发展 成熟时间,明末清初
517,元谋花 灯,基础形式,民间 歌舞
517,元谋 花灯,吸收元素,外来剧种
517,元谋花灯,吸收元素,剧目
517,元谋花灯,吸收元素,音乐
517,元谋花灯,吸收元素,表演形式
517,元谋花灯,融合 内容,地方山歌
517,元谋花灯,融合内容,小调
517,元谋花 灯,融合内容,民间 舞蹈
517,元 谋县,成立团体,元谋县花灯团
517,元谋县花 灯团,上演类型,改编的传统花灯
517,元谋县花灯团,上演类型,移植的 现代花灯
517,元谋传统花灯,分类,文戏
517,元谋传统花灯,分类,武戏
517,元谋传统 花灯,分类,庙 会戏
517,庙会戏,细分类型,袍带戏
517,庙会戏,细分 类型,三小戏
517,袍带戏,特点,场面大
517,袍带戏,特点,人物多
517,袍带戏,行当构成,生、 旦、净、末、丑
517,三小戏,突出特点,小
517,三小戏,角色组成,小生 、小旦、小丑
517,三小戏,演出风格,谐趣小戏
517,元谋 传统花灯剧目,来源,外来剧种移植
517,元谋传统花灯 剧目,来源,地方艺人 创作
517,元 谋地方花灯,形成方式,融合地方民歌
517,元谋地方花 灯,形成方式,融合 小调
517,元谋地方花灯,形成 方式,融合地方曲艺
517,元谋花 灯,现有曲谱数量,首
517,文艺工作者,整理成果,《 元谋花灯音乐》
517,文艺工作者,整理成果,《元谋花灯 曲谱》
517,文艺工作者,整理成果,《元谋花灯资料》
517,元谋县,拥有团体,专业花 灯剧团
517,元谋县,拥有团体,传统花灯社团
517,元谋县,拥有团体,业余演出队
517,元谋 县,传统花灯艺人数量,人
517,元谋县,业余花 灯演员数量,人
517,传统花灯艺人,活动时间,农闲 时
517,传统 花灯艺人,主要行为,走村串寨
517,传统花灯艺人,主要行为,相互交流演出
517,传统花 灯艺人,贡献方向,继承和发展元谋传统花灯
518,姚安花 灯,起源 时间,明代
518,姚安 花灯,流传地区,楚雄彝族自治州姚安县
518,姚安花灯,主要内容,拉花
518,姚安花灯,主要内容,牛歌
518,拉花,基本队形,圆圈
518,拉花,别 称,簸箕灯
518,拉花,别 称,团场子戏
518,拉花,中心角色,打岔佬
518,拉花,动作示例,小鱼抢水
518,拉花,动作示例,扭麻花
518,拉花,动作示例,大穿 花
518,拉 花,动作示例,老 牛擦背
518,拉花,动作示例,喜鹊登枝
518,拉花,动作 示例,苍蝇搓腿
518,拉花,步法类型,崴步
518,拉花,步法类型,颠步
518,拉花,步法类型,提 步
518,拉 花,步法类型,四方步
518,拉花,身段动作,老鹰晒翅
518,拉花,身 段动作,海底捞月
518,拉花,身段动作,双人照 面
518,拉 花,身段动作,狮子摇铃
518,拉花,身段动作,独立枝头
518,牛歌,统称,坝子腔
518,坝子腔,演唱场合,春耕栽种期间
518,坝子 腔,分支类型,上 坝子唱腔
518,上坝子唱腔,音乐特点,融入山区彝 族情歌小调
518,上坝子唱腔,声音特征,轻柔
518,上坝子 唱腔,音律特征,低沉优雅
518,坝子腔,分支类型,下坝子唱腔
518,下坝子 唱腔,声音特征,高亢洪亮
518,下坝子唱腔,节奏特征,轻快
518,坝子腔,表演形式,男女二人 对唱
518,坝子腔,歌词结构,主词和副词组成
518,坝子腔,主词句数,两句
518,坝 子腔,副词句数,六句、十句不等
518,姚安 花灯,化妆角色,鞑子
518,姚安花灯,化妆角色,拉花姑娘
518,初学者,担任角色,鞑子
518,初学者,担任角色,拉花姑娘
518,艺人,担任场景,折子戏演出
518,伴奏乐器,包括,锣
518,伴奏乐器,包括,鼓
518,伴奏乐器,包括,钹
518,伴奏乐器,包括,小锣
518,伴奏乐器,包括,笛子
518,伴奏乐器,包括,二胡
518,伴奏乐器,包括,月琴
518,伴奏乐器,包括,三弦
518,姚安县花灯剧团,成立目的,弘扬传承姚安 花灯
518,农民戏剧创作组,演变为,农民戏剧协会
518,农民戏剧协会,活动内容,创作演出
518,农民戏剧协会,活动内容,辅导业余演出 队
518,姚 安县坝区乡镇村居委会,可召集规模,人的花灯 歌舞表演队
518,姚安花灯歌舞,分布范围,城乡
518,姚安花灯歌舞,参与群体,男女老 幼
518,姚 安花灯,所属类别,云南花灯重要组成部分
519,建水花 灯,属于,云南花灯
519,云南 花灯,形成基础,明清小曲
519,云南花灯,结合元素,云南民间音乐
519,云南花灯,结合 元素,歌舞
519,云南花灯,结合元素,方言音调
519,云南花灯,民族 特色,多支派
519,彝族花灯,代表地区,红河哈 尼族彝族自治州建水县岔 科乡白云村
519,彝族花灯,代表 地区,普雄乡塔瓦
519,彝族花 灯,代表地区,南 庄羊街
519,白云村,成立首个灯 会时间,清光绪十九年
519,白云村 灯会,传承代数,五代
519,建水县彝族花灯,融入元素,彝族音乐
519,建水 县彝族花灯,融入 元素,彝族舞蹈
519,建水县彝 族花灯,融入元素,彝族语言
519,建水县彝族花 灯,融入元素,彝 族服饰
519,彝族四大腔,句式 特点,五言句式
519,彝族四大 腔,语言特征,彝 语语气词
519,建水花灯舞蹈部分,动作来源,彝族民间 舞
519,建 水花灯伴奏,特色乐器,四弦
519,传统剧目,《打花 鼓》) 21. ( 传统剧目,《打渔》
519,传统剧目,《打草竿》) 2 3. (传统剧目,《补 缸》
519,传统剧目,《玉钓瓶》 ) 25. (传统剧目,《霸王下山》
519,传统剧目,《张 三杀羊》) 27 . (传统剧目,《劝赌 》
519,传统 剧目,《乡城吵闹》) 29. (传统剧目,《老贾休妻》
519,传统剧目,《 韩湘子渡妻》) 31. (建水花灯,"提供资料对象, 省 文化单位"
519,建水花灯,提供资料 对象,州文化单位
519,建水花灯,提供资料对象,县 文化单位
519,建水花灯,参与活动,省级文艺汇演
519,白云村彝族 花灯班,成员构成,演员
519,白云村彝族花灯班,成员构成,演奏员
519,请灯神 仪式,举行时间,每年 农历正月十五
519,唱花灯活动,持续时间,正月十五至十六
519,送灯神仪式,举行时间,正月十七
520,宜良县,成立协 兴滇剧社,吸收民间艺人
520,宜良县,合并于曲靖地区滇剧 团,组建曲靖地区滇 剧团一队
520,宜良县,成立宜 良县滇剧团,以 滇剧一队为基础
520,宜良县滇剧团,早期骨干包括,彭 国珍、竹八音、小 八音、戚少斌、殷 质泰
520,宜 良县滇剧团,解散,
520,宜良 县,恢复滇剧团,以文艺宣传队为基础
520,宜良县滇剧 团,演出连台本戏,《狸猫换太子》《七 侠五义》《三姐下凡 》《杨家将》《樊梨花》
520,宜良县 滇剧团,创作历史剧,《天波潮》《穿袈 裟的军人》
520,宜良县滇剧团,创作民间故事剧,《兔 仙救龙记》
520,宜良县滇剧 团,创作现代剧,《 野菊花》《绿林新传奇》
520,凤庆 县,最早传入滇剧时间,清光绪三十二年
520,刘金玉的 天庆班,到凤庆 演出,受当地群众喜爱
520,凤庆县,成立第一个业余滇剧社,尚友社
520,尚友社,所演剧本来源,《滇剧 大观》《新滇剧》《滇 剧曲谱》
520,尚友社,移植 剧目类型,川剧
520,尚友社,募捐义演剧目,《 木兰从军》《苏武牧羊 》《岳飞传》
520,顺宁滇剧团,改名为,凤庆滇 剧团
520,赵兴仁,创出唱 腔形式,反丝弦、 反二黄、五音联蝉
520,凤庆 滇剧团,原创代表剧目,《夜梅》《双冤案 》《生日蛋糕》《借嫁妆》《 阳雀叫醒梦中人》《涌 金烈火》《心愿》《对象》《金 秋宴》《蜂王选婿》
520,凤庆 县滇剧团,解散后 现状,业余爱好者组织围鼓 演唱板凳戏
521,彝剧,主要流传地区,楚雄彝 族自治州境内的彝族聚 居地区和云南省内部分彝 族自治县
521,彝族最早的戏剧演出活动,始于地点,原楚雄州 大姚县直苴乡现属 永仁县
521,杨森,身份,大姚县昙华乡麻 杆房俱乐部民办教师
521,杨森,采用元素,端公跳神 的某些动作与神态
521,杨森,使用 唱腔,《梅葛调》《 过山调》《放羊调》
521,杨 森,编演剧目,《 谁是医生》《牧羊在林中 》《狼来了》《半夜羊叫》
521,大 姚县昙华乡业余彝剧 团,演出剧目,《半夜 羊叫》
521,《半夜羊叫》,获得评价,受到赞扬与 肯定并正式定名为彝剧
521,大姚 县昙华乡,地位,彝剧的发源地
521,彝 剧音乐,组成来源,彝族流行的山歌小调、 舞曲和器乐曲
521,彝剧唱 腔,类型,山歌 体
521,彝剧主要曲调,包括,《梅葛调》《过山 调》《放羊调》《大松 平调》《曼嫫若调》
521,彝剧乐曲,包括,《芦 笙曲》《唢呐曲》《月 琴曲》
521,彝剧主要伴奏乐器,俗称,三大件
521,三大 件,包含乐器,笛 子、三弦或月琴、 芦笙
521,彝剧表演,吸收 来源,毕摩彝族祭司 祭祀和唱《梅葛》的动作 、声调、表情
521,彝剧表演,提取自,打跳 中的某些身段、步伐
521,彝剧 表现形式,特点,歌、 舞、乐、剧结合
521,彝剧,创作演出剧目数量,近百个
521,彝剧代表剧目,包括,《半夜羊叫》《曼嫫 与玛若》《歌场两家亲 》《查德恩达》《银锁 》《掌火人》
522,白剧,主要流传地区,大理白族自治州
522,白 剧,主要流传地区,丽江市部分白族聚居 地区
522,白剧,原名,吹吹腔 剧
522,白剧,与...有渊源关系,明代的弋阳腔
522,白剧音乐,包括,唱腔音乐
522,白剧音乐,包括,伴奏曲谱
522,唱腔音乐,由... 组成,吹吹腔
522,唱腔音乐,由...组成,大本曲
522,唱腔音乐,吸收改编了,部分 民间乐曲
522,伴奏音乐,包括,传统吹 吹腔的唢呐曲牌
522,伴奏音乐,包括,打击乐
522,伴奏音乐,包括,大本曲的三弦曲 牌
522,伴奏 音乐,吸收了,部分 民间吹打乐
522,伴奏音乐,吸收了,歌舞乐
522,有的唱腔,按 行当分为,小生腔
522,有的唱 腔,按行当分为,小旦腔
522,有的唱腔,按 行当分为,摇旦腔
522,有的唱 腔,按行当分为,须生腔
522,有的唱腔,按 人物身份和动作分为,英雄 腔
522,有的 唱腔,按人物身份和 动作分为,哭腔
522,有的唱腔,按人物身份和动作分为,苦腔
522,有的唱腔,按节 拍、唱法分为,平板
522,有的唱 腔,按节拍、唱 法分为,高腔
522,有的唱腔,按节拍、唱法分为,一字腔
522,有的唱腔,按 节拍、唱法分为,流水板
522,白剧,还有...等唱调,《风绞雪》
522,白剧,还有 ...等唱调,《课课 子》
522,白剧,还有...等白族 民歌曲调,《麻雀调》
522,白剧,还有...等白族民歌曲 调,《泥鳅调》
522,白剧,还有...等白族民歌曲调,《朝山调》
522,唱词,多采用格式,白族山 花体格式
522,唱词,人称,七句半
522,演唱语言,用,白语或汉语
522,道白,用,汉语白音
522,角色,按... 行当扮演,生
522,角色,按 ...行当扮演,旦
522,角色,按...行当扮演,净
522,角色,按...行当扮演,丑
522,表演,特点,严谨
522,表演,特点,节奏鲜明
522,表演,特点,舞蹈性很强
522,表演,特点,有一些 表现力强的武功
522,白剧,只用... 的独特脸谱,红、黑 、白、蓝、紫色
522,伴奏乐队,保留传统乐器,唢呐
522,伴奏乐队,保留传统乐器,三弦
522,伴奏乐队,现已发展为,以 民族乐器为主的中西混合乐队
522,白剧剧目,目前收集到大约数量,多个
522,白剧剧目,传统剧目数量,多个
522,白剧剧目,新中国成立后 新创、整理、改编的剧目 数量,余个
522,白剧剧目内容,包括,袍带戏
522,白剧剧目内容,包括,生活剧
522,白剧剧目内容,包括,民间传说故事剧
522,白剧 剧目内容,包括,新编 历史剧
522,白剧剧目内容,包括,现代戏类
522,大理白族自治州白剧团,成立时间,年
522,《红色三弦 》等剧目,被选调,晋京演出
522,《红色三弦》 等剧目,在国内外,巡回演出
522,《红色三弦》等剧目,曾荣获,文华奖
522,《红色 三弦》等剧目,曾 荣获,曹禺剧目奖
522,团体和个人,获国家级奖励数量,近百 项
522,白 剧,博采众长吸收 了,京剧
522,白剧,博采 众长吸收了,滇剧
522,白剧,博采众长吸收了,花灯
522,白剧,博采 众长吸收了,川剧
522,白剧,吸收了,本民族 的舞蹈语汇
522,白剧,吸收了,其他民族的舞蹈语汇
522,白剧,具有特点,鲜明的时代 特点
522,白 剧,具有特点,民族 特点
522,白 剧,培养和造就了,一批有一定知名度和影响力的白剧艺术家
522,白剧 艺术,吸引着不少专家学者进行 研究,是
523,壮族渔 鼓庄巴,流传地区,文山壮族苗族自治州 西畴县
523,汉族移居,时间,明清以来
523,汉族移居,带来 艺术形式,渔鼓演唱
523,壮族,使用曲调,壮 族民间曲调
523,传说事件,涉及 人物,汉族士兵
523,传说事件,救助者,大鱼
523,制作材料,形状,鱼形
523,制作工具,材质,木头
523,侬志高,身份,壮族布侬 人
523,侬志高,贡献,演唱并流传普及渔鼓
523,世 传布摩祭司,所属地区,西畴县鸡街乡
523,传统渔鼓,伴奏用途,丧事祭祀吟诵
523,下坝 村渔鼓说唱,主要内容,哭丧
523,伴奏乐器,包括,笛子
523,伴奏乐器,包括,二胡
523,伴奏乐器,包括,京胡
523,伴奏乐器,包括,钹
523,伴奏乐器,包括,锣
523,表演形式,类型,坐唱
523,表演形式,类型,站唱
523,演员表演方式,持器具,渔鼓
523,演员 表演方式,持器具,简板
523,演唱语言,种类,壮语
523,演唱语言,种类,汉语
523,壮族渔鼓特点,旋律特征,起伏不大
523,壮族渔鼓特点,吐 字要求,清楚
523,壮族渔 鼓功能,侧重,叙事
523,伙辅德,所属机构,西畴县文化馆
523,现代曲目 《劈山引水带头人》,创作者,伙辅德 与壮族文艺工作者
523,现代曲目《 五唱民主选举》,创作者,壮族文艺工作者
523,现代曲目 《五兄弟葬父》,创作者,壮族文艺工作者
523,渔 鼓发展现状,问题,专业 剧团演出不景气
523,渔鼓发展现状,问题,演唱更少人 问津
523,传统困境,表现,传统曲目逐渐失传
523,技艺传承 危机,具体表现,掌握 鱼皮绷鼓技法的艺人渐 少
523,艺人现状,特点,多数年岁已高
524,彝族梅 葛,流传 地区,楚雄 彝族自治州大姚、姚 安、永仁等县
524,彝族梅葛,含义,口头说唱 的古老故事
524,彝族梅葛,类型,长篇说唱史诗
524,彝族梅葛,保存方式,口耳相传 、沿袭演唱
524,彝族梅葛,内容 主题,开天辟地、 万物起源
524,彝 族梅葛,内容主题,生产劳动
524,彝族梅葛,内容主题,婚丧嫁娶
524,彝族梅葛,内容主题,风情习俗
524,彝族梅葛,地位,彝族人民的 根谱
524,彝族梅葛,誉称,彝族历史生活的百科全书
524,茅盾,评价作品,《梅葛》
524,《梅 葛》,特点,万千 行的长诗
524,《梅葛》,流传 方式,口头流传
524,《梅葛》,题材,人类历史及对 大自然斗争
524,梅葛曲本,组成部分,创世
524,梅葛曲本,组成部分,造物
524,梅葛曲本,组成部分,婚配
524,梅葛曲本,组成部分,丧葬
524,梅葛曲调,分类,正调
524,梅葛曲 调,分类,慢调
524,梅葛 曲调,细分类型,赤梅葛
524,梅葛曲调,细分 类型,辅梅葛
524,梅葛曲调,细分类型,赤梅 拉梅
524,梅葛曲调,细分类型,娃娃梅葛
524,赤梅葛,属性,古腔调
524,辅梅葛,属性,古腔调
524,赤梅葛,情感色彩,悲调 /哀调
524,赤梅葛,使用场合,丧葬、祭祀
524,辅梅葛,情感色彩,喜调
524,辅梅葛,使用场合,婚嫁 、节庆、起房盖屋 、生产放牧
524,赤梅拉梅,基础,古腔调
524,赤梅拉梅,别名,杂调
524,过山 调,流行地区,大 姚县昙华乡
524,玛嫫诺调,流行地区,大姚县 昙华乡
524,马樱花调,流行地区,大姚县昙华乡
524,请客 调,使用场景,婚礼
524,讨亲 调,使用场景,婚礼
524,青棚 调,使用场景,婚礼
524,进门调,使用场景,婚礼
524,迎客调,使用场景,婚礼
524,送客调,使用场景,婚礼
524,梅葛演唱 形式,包括,单人
524,梅葛演唱 形式,包括,双人
524,梅葛演唱 形式,包括,集体
524,单人演唱,方式,坐唱
524,单人演唱,方式,站唱
524,多人演出,方式,走唱与舞蹈结合
524,伴奏乐器,包括,葫芦笙
524,伴奏乐器,包括,口弦
524,伴奏乐器,包括,笛子
524,伴奏乐器,包括,月琴
524,演唱语言,包括,彝语
524,演唱语言,包括,汉语
524,唱词句式,常见 形式,七字句
524,唱词句式,常见形式,五字 句
524,唱 词特点,以...居多,五字句
524,过去歌手身份,主要是,毕摩
524,毕摩角色,兼具 身份,彝族祭师
524,毕摩角色,兼具身份,民间口头 文学保存者
524,毕摩角色,兼具身份,民间口头文学加工者
524,毕摩角色,兼具身份,民间口头 文学传播者
524,毕摩角色,定位,彝族的知识分子
524,青年歌手创作曲目,例举,《民兵队长阿利 若》
524,青年歌手创作曲目,例举,《昙华山上不老松》
524,青年歌手 创作曲目,例举,《彝 家山寨新事多》
524,青年歌手创作曲目,例举,《红军长征过 楚雄》
524,青年歌手创作曲目,例举,《美上加美》
524,新创曲目 参与活动,云南省民族民间音乐 舞蹈汇演) 69. (新创曲目参与活动,全国少数民族业余文艺汇演
525,腾冲县,流传艺术 形式,皮影 戏
525,皮影戏,俗称,皮人戏
525,皮影戏,俗称,皮戏
525,皮影 戏,俗称,灯影子
525,皮 影戏,传入时间,明洪武年间
525,皮影戏,历史 时长,六百多年
525,皮影戏,创新流派,西腔
525,皮 影戏,创新流派,东腔
525,皮影戏剧目,取材 来源,传奇
525,皮影戏剧目,取材来源,演义
525,皮影戏剧目,取材来源,民间故事
525,皮影戏剧目,常见类型,三国戏
525,皮影戏剧目,常见类型,列国戏
525,皮影戏,演出范围,腾冲 城乡
525,皮影戏,演出范围,滇西许多县市
525,皮 影戏,代表剧目,《 抗战胜利》
525,皮影戏,代表剧目,《三十六团进腾 冲》
525,腾冲皮影戏,风格特点,保持中原皮 影风格
525,腾冲皮影戏,风格特点,明显边地 特色
525,靠子,组成部分,头
525,靠子,组成部分,手
525,靠子,组成部分,脚
525,靠子,组成部分,身
525,靠子,功能用途,表演道具
525,靠子,功能 用途,艺术精品
525,靠子,组合方式,一个身靠 和无数个头靠组合
525,靠子 配套元素,包括内容,帅 帐
525,靠子配套元素,包括内容,桌椅
525,靠子配套元素,包括内容,殿堂
525,靠子配套 元素,包括内容,朝房
525,靠子配套元素,包括内容,车马
525,靠子配套元素,包括内容,轿船
525,靠子 配套元素,包括内容,兵器
525,靠子配套元素,包括内容,坐骑
525,靠子配套元素,包括 内容,寺观
525,靠子配套 元素,包括内容,动物
525,靠 子配套元素,包括内容,花草
525,靠子雕刻工艺,色彩 技法,浓淡不一的色彩染 涂
525,靠子雕刻工艺,色彩 技法,各种干湿色彩重叠
525,靠子雕刻工艺,色彩技法,点晕勾
525,靠子制作 材料,主材,黄 牛皮
525,靠子制作工序,包括步骤,硝皮
525,靠子制作工序,包括步骤,铲皮
525,靠 子制作工序,包括步骤,打磨
525,靠子制作工序,包括步骤,雕刻
525,靠子制作工序,包括步骤,连接
525,靠子制作 工序,包括步骤,上色
525,硝皮材料组成,使用成分,芒硝
525,硝皮材料组成,使用成分,鸡粪
525,硝皮材料组成,使用成分,石灰
525,定色定型材料,选用介质,牛皮胶
525,定 色定型材料,选用介质,洋药/透明水彩
525,制作 工具类型,包含工具,剪刀
525,制作工具类型,包含工具,足刀
525,制作工具类型,包含工具,电工刀
525,制作 工具类型,包含工具,锥子
525,腊板原料组成,包含成分,山茶花瓣灰
525,腊板原料组成,包含成分,蜂腊屎
525,腊板原料 组成,包含成分,苦 竹灰
525,腊板原料组成,包含成分,坝子油香油
525,腾冲皮影戏别称,被称为,云南大皮影
525,腾冲皮影靠子特点,尺寸比例,其他地方两三倍 大
525,腾冲皮影戏现状,现存传承地,固东 镇刘家寨皮影班
525,代表 艺人身份,所属团体,刘永周
525,传承面临问题,核心挑战,后继乏人
526,镇南月 琴,流传 于,楚雄 彝族自治州南华县龙 川镇
526,镇南月琴,得名 原因,南华旧名镇 南县
526,镇 南月琴,当地俗称,弦子
526,镇南月琴,制作历史,悠久
526,镇南月琴,清代声誉,誉满三迤
526,光绪《镇南州 志》,记载内容,州人杨氏世袭其业 所造者皆有美音市之 者甚重
526,旧时作坊,集中地点,城内
526,抱 月斋,店主,郭 纯熙
526,镇 南月琴,工艺特点,精巧
526,镇南月琴,造型特点,美观
526,镇南月琴,取材,楸木板
526,镇南月琴,取材,水冬瓜木
526,镇南月琴,取材,香笋竹
526,镇南 月琴,取材,弦 线
526,镇 南月琴,组成部分,琴杆
526,镇南月琴,组成部分,琴簪
526,镇南月琴,组成部分,琴鼓
526,镇南月琴,组成部分,琴品
526,镇南月琴,组成部分,钓鱼台
526,镇南月琴,组成部分,琴胆
526,琴杆顶部,雕刻图案,老龙 含珠
526,琴鼓两侧,置有,琴簪弦纽四个
526,琴鼓,雕镌图案,双龙抢 宝
526,琴 鼓内,专置,系有铜钱一枚之钢丝称 胆弦丝
526,弦丝,系于位置,琴簪及琴鼓正 中下部之钓鱼台上
526,镇南月琴制作,共有工序数,道
526,制琴 工序,包括步骤,制琴 框
526,制 琴工序,包括步骤,制 琴板
526,琴板,刻花纹内容,链子图
526,琴板,刻花纹 内容,火把
526,琴板,刻 花纹内容,龙
526,制琴工序,包括 步骤,制琴杆
526,制琴工序,包括步骤,制调弦杆 俗称弦耳朵
526,制琴工序,包括步骤,制龙头
526,制琴工序,包括步骤,制弦台
526,弦台数量差异影响功能,个不等个弦台的 月琴只能演奏彝族歌曲) 37. (弦台数量 差异影响功能,个弦台 的月琴可以演奏流行歌曲
526,制琴工序,包括步骤,制弦码
526,制琴 工序,包括步骤,装弦 线
526,制 琴工序,包括步骤,上 漆
526,琴 板中间装饰物,安装物品,一块小镜子
526,镇南月琴,音色特点,清脆悦耳
526,镇南 月琴,节奏特点,鲜明
526,镇 南月琴,地位,民族乐团队中必不可少的乐器之一
526,镇南月 琴,受喜爱群体,专业文艺工作者
526,镇南月琴,受 喜爱群体,业余文艺工作者
526,镇南月 琴,受喜爱群体,民间艺人
526,镇南月琴,属性类别,工艺精良的雕刻工艺美术品
526,镇南 月琴,价值体现,较高的鉴赏价值
526,镇南月琴,价值 体现,收藏价值
526,镇南月琴销售 范围,包括地区,云南各地
526,镇南 月琴销售范围,包括国家,美国
526,镇南月琴销售范围,包括 国家,泰国
526,镇南月琴销售范围,包括国家,缅甸
526,能制作镇南 月琴者,人物名单,郭庆云
526,郭庆云所属社区,西云社区) 57 . (能制作镇南月琴 者,"人物名单, 李树 明"
527,斑铜工艺,流传地区,会泽县 、昆明市及东川
527,斑铜 工艺,所属类别,民间 传统金属加工工艺
527,斑铜,得名原因,天然铜矿中含有各种金属经 冶炼熔铸后形成橘红色的斑 纹
527,斑铜,分类,生斑、 熟斑
527,生 斑,原料来源,高 品位天然铜矿石
527,生斑,特点,晶斑锃亮璀璨富丽典雅 重量轻色彩自然光斑立体感和 光泽度较好
527,熟斑,原料来源,工业熟铜
527,斑铜制作工艺,工序数量,二三十道
527,斑铜制作工艺,耗时,两三个月
527,斑铜主要品种,包括,香炉、蜡台、 火锅、鼎、盒、瓶以及 各种工艺品
527,会泽斑铜制作技艺,流传地点,曲靖市会 泽县
527,会泽斑铜,获奖情况,巴拿马国际博览会银 奖
527,会 泽斑铜,外销国家,日本、美国、澳大利亚和 东南亚国家
527,会泽斑铜选料要求,含铜量,精选会 泽、东川一带出产的天然 铜
527,会 泽斑铜制作步骤,使用 燃料,粟炭温火
527,会泽斑 铜代表性作品,名称,双龙抱耳瓶
527,会泽斑铜,指定用途,云南省第二届传统 民族体育运动会奖杯
527,会泽斑铜技艺传承 方式,特点,传男 不传女无文字记载全凭 口传心授
527,世纪五六十年代以来,生斑工艺面临问题,难以为继
527,张克康家,传承 代数,第代传人
527,张克 康,荣誉称号,云南省 民族民间美术师
527,昆明斑铜制作技艺,起源地,会泽、 东川等地
527,民国年间,出现产品类型,人工合成的斑铜制品 即熟斑
527,昆明宝鸿号王吉兴,擅长领域,制作斑 铜
527,栗 长青造化庐,代表作品 风格特点,多杂以紫 铜、黄铜、白铜风格 独特
527,昆明 斑铜工艺工序,包括,选料、除杂质、出毛 料、初劈、出壳子 、升起来、勒口、成形 、打磨、烧斑、闹斑 、煮斑、露斑、护 漆等
527,新中国成立后,管理举措,云南省手工业管理局集中一批斑铜 艺人进行规模生产
527,昆明市工艺美术厂,设立部门,斑铜车间
527,斑铜车间,改制为,昆明市 斑铜厂
527,昆明斑铜产品类型,包括,实用性的生活用品和观赏工艺品
527,昆明斑 铜产品特点,造型典雅原料 独特稀罕而华贵享誉国内外 ) 32. (昆明斑 铜代表性作品,"包括, 牛 虎案、孔雀瓶、惊鹿 、大象、孔雀明王、大 犀牛、薰炉等"
527,昆明斑铜代表性 作品,获奖情况,多次 获得轻工部和省、市 优质产品称号并作为国家收藏珍 品和向外国元首馈赠的 国家级礼品
528,乌铜走 银制作技艺,所属类别,传统民间金属制作工艺
528,乌铜走 银制作技艺,现存地点,红河哈尼族彝族自治州 石屏县异龙镇冒合 岳家湾村
528,乌铜走银制作技艺,现存地点,坝心镇
528,乌铜走 银制作技艺,现存地点,昆明市晋宁县晋城镇
528,走银,定义,在铜胚上 镂刻出精美的纹饰图样 然后在阴刻的纹饰内镀 银或金再将铜胚表面 处理成黑色使其在庄重深沉的黑 底上衬托出银金光闪闪的 灿烂饰纹
528,石屏乌铜走银,始创者,岳氏兄弟
528,石屏乌 铜走银,始创时间,清雍正年间
528,石屏乌铜走银,历史评价,著名学者 袁嘉谷的《异龙湖 歌》有器精称乌铜 的句子称颂的就是乌铜走银 工艺品
528,石屏 乌铜走银,民国年间 年均产销量,约件
528,石屏 乌铜走银,主要工具,风箱
528,石屏乌铜走银,主要工具,熔炉
528,石屏 乌铜走银,主要工具,铁锤大
528,石屏乌铜走 银,主要工具,铁 锤小
528,石屏乌铜走银,主要工具,钳子
528,石屏乌铜 走银,主要工具,大小不一的錾子
528,石屏乌铜走 银,制作过程步骤,用铜做成铜坯呈淡红色
528,石屏 乌铜走银,制作过程 步骤,坯上以手工绘 刻花纹
528,石屏乌铜走银,制作过程步骤,将一定比例的 紫铜、黄金熔化成溶液
528,石屏乌 铜走银,制作过程步骤,用专用的工具瓦它拉 窑泥烧制的器具手工反复打 制直至像薄纸一般
528,石屏乌铜 走银,制作过程步骤,用各种大小不一的錾子 錾刻已经画好的图案花纹
528,石屏乌 铜走银,制作过程步骤,走银水或金水 打制成型
528,石屏乌铜走银,制作过程步骤,使用祖 传秘方使之变得乌黑发 亮光泽秀丽
528,石屏乌铜走银,主要产品类型,器皿
528,石屏乌 铜走银,主要产品类型,墨盒
528,石屏乌铜走银,主要产品类型,玩 物
528,石 屏乌铜走银,图案 题材,麒麟吐书
528,石屏乌铜 走银,图案题材,八仙过海
528,石屏乌铜走银,图案题材,花鸟 虫鱼
528,石屏乌铜走银,图案题材,飞禽走兽
528,石屏 乌铜走银,图案题材,梅兰竹菊
528,石屏乌铜 走银,图案题材,龙凤鹿鹤
528,石屏乌铜走银,销售范围,香港地区
528,石屏 乌铜走银,销售范围,国外
528,石屏乌铜走银,传人,岳中明
528,石屏 乌铜走银,传人,苏继承
528,晋宁乌铜走银 技艺,流传地点,昆明 市晋宁县晋城镇天城门 村
528,晋 宁乌铜走银技艺,起源传承自,石屏岳 家
528,晋 宁乌铜走银技艺,历史时长,八九十年的历史
528,晋宁乌 铜走银技艺,器物 种类,手炉
528,晋宁乌铜走 银技艺,器物种类,文房四宝
528,晋宁乌铜走 银技艺,器物种类,酒具
528,晋宁乌铜走银技艺,器物种类,花 瓶
528,晋 宁乌铜走银技艺,器物种类,香炉
528,晋宁乌 铜走银技艺,器物 种类,如意
528,晋宁乌铜走银 技艺,器物种类,首饰
528,晋 宁乌铜走银技艺,器物种类,烟具
528,晋宁乌 铜走银技艺,器物 种类,首饰盒
528,晋宁乌铜走 银技艺,器物种类,长命锁
528,晋宁乌铜走银 技艺,风格特点,独特 雅致的风格和极高品位
528,晋宁乌铜 走银技艺,喜爱群体,大富人家
528,晋宁乌铜走银 技艺,喜爱群体,文人 墨客
528,晋宁乌铜走银技艺,恢复时间,改革开放后
528,晋宁乌 铜走银技艺,作品数量,几千件
528,晋宁乌铜走银 技艺,销售地点,晋 宁县境内
528,晋宁乌铜走银技艺,销售地点,昆明的 古玩市场
528,晋宁乌铜走银技艺,生产特点,传统手工 生产
528,晋 宁乌铜走银技艺,技艺特点,复杂
528,晋宁乌铜走 银技艺,作品特点,古朴雅致
528,晋宁乌铜走银技艺,作品特点,精致美观
528,晋宁 乌铜走银技艺,作品 特点,品位极高
528,晋宁乌铜走 银技艺,作品特点,价格昂贵
528,晋宁乌铜走银技艺,价值属性,审美价值
528,晋宁乌 铜走银技艺,价值属性,收藏价值
528,晋宁乌铜走银 技艺,传承方式,世代 独传
528,晋宁乌铜走银技艺,工艺保密性,工艺配方 秘不外传
528,晋宁乌铜走银 技艺,掌握人群,袁 家
529,拉祜族,制作工艺,葫芦笙
529,思茅 市澜沧拉祜族自治县木 嘎乡南六村南嘎河 寨,擅长,葫芦笙 制作技艺
529,拉 祜族日常生活,使用乐器,葫芦笙
529,拉祜族生产劳动,使用 乐器,葫芦笙
529,拉祜族逢年过 节,使用乐器,葫芦 笙
529,拉祜 族红白喜事,使用 乐器,葫芦笙
529,南嘎河拉祜族,主要工具,刻刀
529,南嘎河 拉祜族,原料包括,坚竹
529,南嘎河拉祜族,原料包括,泡竹
529,南嘎河拉 祜族,原料包括,空心竹
529,南嘎河拉祜族,原料包括,葫芦
529,南嘎河拉祜 族,原料包括,酸 蜂蜡
529,南嘎河拉祜族,原料包括,铅
529,葫芦笙制作工艺,关键工序,调音
529,葫芦笙,尺寸范围,鸡蛋大小至 米以上
529,葫芦笙,象征意义,拉祜族吉祥物
529,葫芦笙,文化 价值,历史见证
529,葫芦笙,社会 作用,维系民族团结
529,葫芦笙,社会 作用,增强民族向心力 和凝聚力
529,南戛河村成年男子,技能传承方式,家庭为单位传 男不传女
529,南戛河葫芦笙,特点,簧片制作精细
529,南戛 河葫芦笙,特点,声音响亮
529,南戛河葫芦笙,特点,音调准确
529,南戛河葫芦笙,市场优势,价格便宜
529,南戛河 村,经济来源,制作 和销售葫芦笙
529,南戛河村村民,学习对象,葫芦笙制作
530,傣族手工 造纸工艺,主要工序,采 构皮
530,傣族手工造纸工艺,主要工序,去杂质
530,傣族手工造纸 工艺,主要工序,浸泡
530,傣族手工 造纸工艺,主要工序,蒸煮
530,傣 族手工造纸工艺,主要工序,漂洗
530,傣族手工造纸工艺,主要工序,打浆
530,傣族手工造纸工艺,主要工序,浇纸
530,傣族手工 造纸工艺,主要工序,晒纸
530,傣 族手工造纸工艺,主要工序,揭纸
530,傣族手工造纸工艺,使用工具,抄纸器
530,傣族 手工造纸工艺,使用工具,水槽
530,傣族手工造纸工艺,使用 工具,木槌
530,傣族手工造纸工艺,使用工具,戥子
530,傣族 手工造纸工艺,使用工具,表面平整的石头或木块
530,傣族 手工造纸工艺,使用工具,煮锅
530,傣族手工造纸工艺,使用工具,砑光工具
530,傣族手工 造纸工艺,传承方式,传女不传男
530,傣族手工造纸工艺,主要原料,构树 皮
530,构 树皮,傣语名称,埋沙
530,芒景寨生产的纸,用途,书写佛经
530,波玉种,职业,造纸艺人
530,波艾胆,职业,造纸艺人
530,波艾章,职业,造纸艺人
530,波艾章创新 工艺,添加材料,榕 树皮
530,傣族土纸,特点,不添加任何化学制剂
530,傣族土纸,特点,纸纤维韧性 好
530,傣 族土纸,特点,纤维脉络清楚
530,傣族土纸,用途,抄写经文
530,傣族土纸,用途,制作佛教用品
530,傣族 土纸,用途,绘画 首选纸
530,傣族土纸,用途,银行捆扎人民币
530,傣族土纸,新用途,包装普洱茶
530,用傣族 土纸包装的普洱茶,特性,可长期保存
530,用傣族土纸 包装的普洱茶,特性,保持原有品质
531,傣族传统 制陶技艺,流传地区,云南省傣族聚居地区
531,傣族土陶制品,使用 场景,日常生产
531,傣族土陶 制品,使用场景,居家 生活
531,傣族土陶制品,使用 场景,佛事活动
531,制陶工具,包括,木陶拍
531,制陶 工具,包括,卵石
531,制陶 工具,包括,竹片
531,制陶 工具,包括,木板
531,制陶工具,包括,木槌
531,制陶 工具,包括,小簸箕
531,原料,类型,粘土
531,工序,步骤,取土
531,工序,步骤,晒土
531,工序,步骤,筛土
531,工序,步骤,加沙 和泥
531,工序,步骤,制坯晾晒
531,工序,步骤,烧制
531,品种,类型,锅
531,品种,类型,罐
531,品种,类型,甑
531,品种,类型,壶
531,著名品种,名称,土 锅
531,红河县傣族传统制 陶技艺,流传地点,红河哈尼族彝族自治州红 河县迤萨镇坝蒿村
531,红河县制陶工具,包括,木陶拍
531,红河县 制陶工具,包括,花纹 板来摩
531,红河县制陶 工具,包括,圆石恒
531,红河县制陶工具,包括,木板达摩
531,红河县 制陶工具,包括,木 槌火恒
531,红河县制陶 工具,包括,锅底板 扁
531,红河县原料,类型,灰色粘土
531,红河县 工序,步骤,碎土
531,红河县工序,步骤,和泥
531,红河县制作品种,类型,土锅
531,红 河县制作品种,类型,水缸
531,红河县制作品种,类型,药罐
531,红 河县制作品种,类型,土盆
531,红河县制作品种,类型,茶壶
531,新 平县傣族传统制陶技艺,流传地点,玉溪 市新平彝族傣族自治县戛 洒镇戛洒村土锅寨
531,新平县制陶工具,包括,方形木陶拍无花纹
531,新平县制陶工具,包括,方形木陶拍有花纹
531,新平县制陶工具,包括,鹅卵石
531,新平县 制陶工具,包括,竹 刮片
531,新平县制陶工具,包括,木刀
531,新平 县制陶工具,包括,小钢刀
531,新平县制陶 工具,包括,钢锯片
531,新平县制陶工具,包括,石板
531,新平县制陶 工具,包括,木板
531,新平 县制陶工具,包括,碎布块
531,新平县制陶 工具,包括,小簸箕
531,新平县原料,组成,三种泥土按比例混合
531,新平 县工序,步骤,舂 土
531,新平县制作品种,类型,水杯
531,新平县 制作品种,类型,背 壶
531,新平县制作品种,类型,土碗
531,新平县 制作品种,类型,土 甑子
531,新平县制作品种,类型,花瓶
531,新平 县制作品种,类型,花盆
531,新平县制作品种,类型,工艺品
531,孟连县 傣族传统制陶技艺,流传地点,思茅市孟 连傣族拉祜族佤族自治县 娜允镇芒展村芒养 寨
531,孟连县制陶工具,包括,花陶拍
531,孟连 县制陶工具,包括,轮盘
531,孟连县制作品种,类型,水壶
531,孟连 县制作品种,类型,陶瓶
531,孟连县制作品种,类型,陶盘
531,孟连 县制作品种,类型,灯盏
531,孟连县制作品种,类型,高足盘
531,潞 西市傣族传统制陶技艺,流传地点,德宏 傣族景颇族自治州潞西市 轩岗乡芒棒村芒巷 寨
531,潞西市制陶工具,包括,转盘埋板
531,潞 西市制陶工具,包括,木陶拍扁波
531,潞西 市制陶工具,包括,鹅卵石麻幸
531,潞西市 制陶工具,包括,牛皮
531,潞西市制陶工具,包括,竹席
531,潞西市原料,类型,黑胶泥
532,哈尼族 长街宴,哈尼语名称,知交把
532,哈尼族 长街宴,哈尼语 名称,多交夺
532,哈尼族长街 宴,哈尼语名称,资乌夺
532,哈尼族长街宴,流传区域,红河哈 尼族彝族自治州红河南岸的 哈尼族聚居区域
532,哈尼族长街 宴,类型,祭寨 神长街宴
532,哈尼族长街宴,类型,六月年长街 宴
532,哈尼 族长街宴,类型,十月年长街宴
532,祭寨神长街 宴,目的,祭祀神灵
532,祭寨神 长街宴,目的,求神护佑稻谷丰收
532,祭寨神 长街宴,目的,感激神灵赐福人间
532,哈尼族长街 宴,活动内容,摆 街心酒宴
532,哈尼族长街宴,活动内容,吟唱 史诗
532,哈 尼族长街宴,活动 内容,体育竞技
532,哈尼族长街 宴,活动内容,歌舞 狂欢
532,大型 村落的长街宴,特点,长达数百桌
532,大型村落的长街宴,特点,礼仪齐备
532,大型村落的长 街宴,特点,程序 严谨
532,街 心宴的酒席,划分,主席
532,街心宴的酒席,划分,副席
532,街心宴的 酒席,划分,大众 席
532,长 街宴期间,吟唱内容,创世史诗
532,长街宴期间,吟唱内容,迁徙史诗
532,长街 宴期间,吟唱内容,叙事长诗
532,哈尼族长街宴,体现思想,追求人与自然 和谐关系
532,哈尼族长街宴,体现思想,构建良好人际关系
532,祭寨神 昂玛突活动中的长街宴,意义,一年农耕活动的序 曲
532,祭 寨神昂玛突活动中的长街 宴,意义,祈祷农耕 生产活动顺利进行的仪式
532,哈尼族长街 宴过节时间,开始日期,每年农历十二月初属龙 日
532,第一天 活动,内容,杀猪 祭祀寨神
532,第一天活动,祈求内容,保护村寨百姓安康
532,第一天活动,祈求内容,六畜兴旺
532,第一天活动,祈求内容,来年梯 田农耕丰收
532,其后两天活动,内容,摆长街宴
532,其后两天活动,参与方式,村寨里每家 每户抬出一桌丰盛的食品 上寨与下寨互相结对 子轮流摆酒席共同接待外来 的亲朋好友
532,六月年扎扎长街宴,流行地区,元阳县胜 村乡爱村、大鱼塘 一带
532,六月 年扎扎长街宴,开始日期,农历六月二十四日
532,六月年 扎扎长街宴,祭祀 对象,天神
532,六月年扎扎长街 宴,邀请目的,到 人间视察民情与人同乐
532,六月年扎 扎长街宴摆宴地点,位置,龙头负责组织祭祀 活动者家门口
532,六月年扎扎长街宴 摆宴方式,形式,一家一桌沿街连接
532,节日期间活动,内容,撵磨秋
532,节日期间活动,内容,荡秋千
532,节日期间 活动,目的,尽情欢乐
532,节日期间 活动,祈求内容,天神 保佑庄稼顺利成熟
532,十月年活动中的长街宴,性质,庆祝丰收、 共享幸福的活动
532,十月年活动时间,对应 日期,每年农历十月第一个属 龙日相当于岁尾属蛇日 为新年
532,十月年活动内容,行为,杀猪、踩粑粑
532,十月年活动 内容,祭祀对象,寨 神和祖宗
532,十月年活动内容,祈祷 内容,来年五谷丰 登
532,十月 年活动内容,祈祷内容,六畜兴旺
532,十月年长街宴摆 宴时间,开始日期,十月年的第天
532,十月年长街宴摆 宴时长,持续时间,连续 天
532,十月 年长街宴摆宴方式,参与方,上寨、 下寨、中寨自由结对 共同待客
532,人们活动状态,行为,边喝美酒边唱酒 歌纵情舞蹈庆贺粮食丰收
532,人们活动 状态,氛围,气氛热烈
532,哈尼 族长街宴,展示内容,文化
532,哈尼族长街宴,展示内容,服装服饰
532,哈尼族 长街宴,展示内容,音乐舞蹈
532,哈尼族长街宴,展示内容,磨秋表演
532,哈尼 族长街宴,功能,给人独特的审美体验
532,哈尼族长街 宴,贯穿理念,传统 思想理念
532,哈尼族长街宴,贯穿准则,价值准则
532,哈尼族长 街宴,社会作用,至今仍然发挥着积极的社会功能
532,哈尼族长 街宴,社会作用,对强化民族凝聚力有推动作用
532,哈尼族 长街宴,意义,已成为红河流域各民族友好往来、 团结互助的形式之一
532,哈尼族长街宴,意义,也是当地旅游 观光的主要内容
532,哈尼族长街宴,发展趋势,随着时代推移和 旅游开发传统文化内涵出现迅速弱化的趋势
533,哈尼族 梯田农耕礼 俗,流传地区,云南省红河哈 尼族彝族自治州红河、 元阳、绿春、金平 、建水县
533,哈尼族梯田农耕礼 俗,包括类别,建村 立寨礼俗
533,哈尼族梯田农耕礼 俗,包括类别,开垦 耕种礼俗
533,哈尼族梯田农耕礼俗,包括类别,节庆祭 典礼俗
533,哈 尼族梯田农耕礼俗,包括类别,人生礼俗
533,哈尼族梯 田农耕礼俗,包括类别,服饰饮食礼俗
533,建村立寨礼俗,规定内容,民居 和村落建立必须适应梯田稻 作
533,建村 立寨礼俗,村址 选择标准,森林茂密、 水源充足的平缓山地
533,建村立寨礼俗,民居建造原则,有利于稻谷的干燥和安全贮藏
533,开垦 梯田、四季耕种、水源分配 礼俗,表现形式,《浩 伙腊伙》
533,《浩伙腊伙》,含义,四季生产歌
533,节庆 祭奠礼俗,分类依据,参加人数多少
533,节庆祭奠礼 俗,家庭型代表节日,祭寨神
533,节庆祭奠礼俗,村落型代表节日,开秧门
533,节庆祭奠礼俗,全民型代表节日,矻 扎扎
533,节庆祭奠礼俗,全民型代表节日,尝新 节
533,节 庆祭奠礼俗,全民 型代表节日,十月年
533,祭寨神,象征意义,春耕 季节开始
533,矻扎扎,象征意义,从春播进入夏锄
533,矻扎扎,活动内容,请天上 主管农事的神灵巡视秧苗
533,十月年,象征意义,从秋 收进入冬闲
533,十月年,活动目的,庆祝丰收感谢上苍
533,人生礼俗,包含仪式,诞辰 礼
533,人生 礼俗,包含仪式,婚礼
533,人生 礼俗,包含仪式,葬礼
533,人生 礼俗,宗旨,宣 示哈尼人是梯田稻作 的合格生产者
533,婴儿诞辰天命名仪式,核心内容,模拟梯田 耕作劳动
533,男婴与女婴命名方式,特点,各不相同
533,婚礼习俗,特殊 环节,进入梯田象征性 完成耕作全套程序
533,老人葬礼安葬位置,常见地点,梯田上方 或左右方
533,老人葬礼象征意义,先 人永远守望梯田、庇护后人 ) 32. (服饰基本 礼俗,"色彩偏好, 崇黑"
533,服饰纹样主题,元素包括,日月、山川、树木、 梯田图案
533,服饰款式设计,适配功能,适宜梯田劳作
533,饮食礼俗影响因素,来源,梯田稻 作
533,饮食 礼俗体现方面,涉及内容,饮食结构
533,饮食礼俗体现方面,涉及内容,烹饪方式
533,饮食礼俗 体现方面,涉及内容,进食场所
533,饮食礼俗体现方面,涉及 内容,工具
533,饮食礼俗体现方面,涉及内容,礼节
533,梯田农耕礼 俗,社会基础特征,广泛
533,梯 田农耕礼俗,体系构成,完整的知识、技术、信仰 和价值体系
533,梯田农耕礼俗,现实作用,现实社会功能
533,梯田农耕 礼俗,在村寨中 的影响力特点,影响力大覆盖面广
533,世纪年代 以来梯田农耕礼俗变化原因,受冲击因素,外来 文化
533,世纪 年代以来梯田农耕礼俗现状,结果表现,很多古老的 礼俗已不复存在
534,剑川县,属于,大理白族自治州北部
534,剑 川县,民族构成,白族聚居县
534,石宝山歌会,举办地点,石宝 山
534,石宝 山,隶属行政区,剑川县沙溪镇
534,石宝山歌会,历史时长,上千年
534,唐《蛮 书》卷八,记载内容,少年子弟暮夜游行闾 巷吹壶卢葫芦笙或吹 树叶
534,石宝 山歌会,对唱格式,白曲山花体
534,白曲山花 体,第一二三句字数,七个字
534,白曲山花体,第四句字数,五个字
534,白曲山 花体,最早追溯时期,唐代
534,石宝山歌会,举办 时间,每年农历七月二十七日至 八月初一
534,石宝山歌会,主要内容,万人弹弦对歌
534,石宝山 歌会,主要内容,演唱 白曲
534,石宝山歌会,主要内容,民间艺人演奏阿吒力 佛教音乐
534,石宝山歌会,主要内容,表演乐舞
534,石宝山歌会,表演艺术,龙头三 弦
534,石 宝山歌会,表演艺术,三弦曲
534,石宝山歌会,表演艺术,霸王鞭 舞
534,石 宝山歌会,表演艺术,白族调
534,石宝山歌会,表演艺术,大白 曲本子曲
534,对唱调子,俗称,白族调
534,对唱调子,俗称,白曲
534,对唱调 子,性质,白族 民间歌谣
534,白族民间歌谣,包括 类型,劳动歌
534,白族民间歌谣,包括类型,时政歌
534,白族 民间歌谣,包括类型,仪式歌
534,白族民间歌谣,包括类型,情歌
534,白族民间歌谣,包括类型,生活歌
534,白族民间歌 谣,包括类型,反意 歌
534,白 族民间歌谣,包括类型,一字歌
534,白族民间歌谣,包括 类型,叙事长歌本子 曲
534,本 子曲,特点,简单 故事情节
534,本 子曲,主题侧重,抒情
534,传统 作品,《鸿雁带书》 ) 35. (传统作品,《出门调》
534,传统作品,《月 里桂花》) 37. (剑川白族调,"所属类别, 山歌类"
534,剑川白 族调,特点,曲 调优美动听
534,剑川白族调,特点,委婉流畅
534,男性演唱风格,特点,热烈奔放
534,女性演唱风格,特点,缠绵柔和
534,弹弦对 调,功能用途,谈 情说爱方式
534,石宝山歌会,功能用途,择偶机会
534,对歌 活动,要求能力,即 兴创作
534,对歌活动,形式特点,一问一答不能停顿
534,参与地区,剑川) 47. (参与地区,洱源
534,参与地区,丽江) 49. ( 参与地区,大理
534,参与地区,兰 坪) 51. (石 宝山歌会,"包含舞蹈 , 石龙霸王鞭舞"
534,石宝山 歌会,包含活动,白族阿吒力佛教法事 活动
534,石 宝山歌会,包含活动,朝拜中央本主
534,石宝山 歌会,包含活动,阿央白石刻女阴民俗 活动
534,剑 川县人大,审议通过事项,确定为中国云南剑川石 宝山歌会节
534,石宝山歌会,融合元素,弹弦 唱曲
534,石宝山歌会,融合 元素,求神拜佛
534,石宝山 歌会,融合元素,本主崇拜
534,石宝山歌会,融合元素,以歌觅偶
534,石宝 山歌会,文化地位,白族歌谣产生的摇篮
534,石宝山 歌会,文化地位,发展传播的基地
534,石宝山歌会,研究价值,提供珍贵资料
534,石宝 山歌会,影响范围,省内外
534,石宝山歌会,影响范围,国内外
535,大理三月街,举办时间,农历三月十五 至二十一
535,大理三月街,主办 单位,大理白族自治州人大常委会
535,大理三月街,性质,民族节
535,大理三月街,别名,祭观音街
535,大理三月街,别名,观音市
535,大理三月街,起源,观音祭祀风俗
535,大理三月街,起始年代,唐永徽 年间
535,大理三月 街,活动内容,物资 交流
535,大理三月 街,活动内容,民族 体育
535,大理 三月街,活动内容,文艺表演
535,大理三月街,交易物品,大宗药材
535,大理三月街,交易物品,土特产
535,大理三月街,交易 物品,大牲畜
535,大理三月街,交易物品,农具
535,大理三月街,交易物品,百货
535,大理三月街,交易物品,生活用品
535,大理三月街,交易物品,茶
535,大理三月街,交易物品,糖果品
535,大理三月 街,交易物品,食品
535,大理三月 街,交易物品,工艺品
535,大理三月 街,交易物品,珠宝 玉器
535,大理三月街,体育项目,赛马
535,大理三月街,体育项目,摔跤
535,大理三月街,体育项目,射箭
535,大理三月街,体育 项目,射击
535,大理三月街,体育 项目,武术
535,大理三月街,体育 项目,棋类
535,大理三月街,体育项目,球类比赛
535,大理三月街,文艺形式,八角鼓
535,大理三月 街,文艺形式,霸王 鞭
535,大理 三月街,文艺形式,舞龙
535,大理三月街,文艺形式,舞狮
535,大理三月街,文艺形式,舞蚌鹤
535,大理三月街,文艺形式,跑花船
535,大理三月街,文艺活动,对歌
535,大理三月 街,文艺活动,赛 歌
535,大理 三月街,参与民族,白族
535,大理三月街,参与民族,汉族
535,大理三月街,参与民族,彝族
535,大理三月街,参与民族,藏族
535,大理三月街,影响范围,国内
535,大理三月街,影响范围,东南亚
535,大理三月街,功能,经济展示与交流
535,大理三月街,功能,文化展示与交流
535,大理三月街,特色装饰,张灯 结彩
535,大理三月街,特色装饰,花山
536,哈尼族,传统祭祀 活动,九祭 献
536,九祭献,哈尼 语名称,归基托
536,九祭献,流传地区,玉溪市 元江哈尼族彝族傣 族自治县因远镇
536,因远镇,包含自然 村,浦贵
536,因远镇,包含 自然村,浦海
536,因远镇,包含自然村,施通
536,浦贵/浦 海/施通,创建者 身份,同胞兄弟
536,九祭献典礼,历史主办方式,轮流主办
536,九祭献,中断时间,世纪年代
536,九祭献,恢复时间,年代初
536,九祭献,小祭周期,每 三年
536,九 祭献,小祭时长,天
536,九祭献,中祭周期,每六年
536,九祭献,中 祭时长,天
536,九祭献,大祭周期,九年
536,九祭献,大祭时长,天
536,九祭献,起始日期,农历二月 的第一个辰龙日
536,祭祀程序和礼仪,类别数量,大类别
536,祭祀程序和礼仪,套动作名称,咕 哧哧涡
536,咕哧哧涡,含义,围着寨子走一圈举行 祭祀前的祭献仪式
536,祭祀程序和礼仪,套动作名称,阿奴才 咋
536,阿 奴才咋,含义,农耕 稻作在山林中祭献神灵 和祖宗
536,祭祀程序和礼仪,套动作 名称,阿波门祖
536,阿波门 祖,含义,爷爷莫 害羞主要表现哈尼族祖先在 迁徙途中碰到的艰难险阻
536,祭祀程序和 礼仪,套动作名称,果多撒咋
536,果多撒咋,含义,出工做活反映 夫妻同劳动恩爱过日子的吃苦耐劳 精神
536,祭祀 程序和礼仪,套动作名称,阿尼托咋
536,阿尼托咋,含义,生儿育 女表现传宗接代、生 儿育女的过程
536,祭祀程序和礼仪,套动作名称,阿腊搓
536,阿腊 搓,含义,屋外 跳乐展示哈尼人的歌舞和 择偶过程
536,祭祀程序和礼仪,套 动作名称,哈咪那哈 咋
536,哈 咪那哈咋,含义,找媳妇表现自由恋爱
536,祭祀程序和礼仪,套动作名称,阿 认皮
536,阿认皮,含义,讨鲜花表现已婚未育的夫妇 要向品德好、儿女齐全的 夫妇乞讨鲜花象征他们未来的儿女 就像鲜花一样美丽可爱、聪明伶 俐
536,祭祀 程序和礼仪,套动作名称,咋则把涡啦
536,咋则把 涡啦,含义,桌子 收回来这是九祭献的收 场仪式按照祭祀活动的开始方式进行
536,九祭 献活动,重要元素,歌舞
536,九 祭献活动,重要元素,乐器
536,九祭献活动,重要器具,木祖
536,九祭献活动,重要器具,竹马
536,九祭献活动,重要器具,农具
536,九祭 献活动,重要器具,竹碗
536,九祭献活动,重要器具,竹杯
536,九祭献,文化 基础,古老的傩祭、傩 舞
536,九 祭献,融入元素,吟唱
536,九祭献,融入元素,讲古
536,九祭献,融入舞蹈,棕扇舞
536,九祭献,传播内容,哈尼人的迁徙 历程
536,九 祭献,传播内容,生产生活
536,九祭献,传播内容,农耕稻作
536,九祭献,传播 内容,谈情说爱
536,九祭献,传播内容,生儿 育女
536,九祭献,蕴含情感,对生命崇拜的虔诚情感
536,九祭献,文化价值定位,哈 尼人历史发展的史诗
536,九祭献,研究方向,民族学研究价值
537,新平傣 族人生礼俗,流传于,玉溪市新平 彝族傣族自治县水塘、嘎 洒、腰街、漠沙等 乡镇的傣族村落
537,新平傣族人生礼 俗,包括,求子礼 俗
537,新平 傣族人生礼俗,包括,孕期礼俗
537,新平傣族人生礼俗,包括,出生礼俗
537,新平傣族 人生礼俗,包括,取名 礼俗
537,新 平傣族人生礼俗,包括,满月礼俗
537,新平傣族人生 礼俗,包括,周岁礼 俗
537,新平 傣族人生礼俗,包括,少年礼俗
537,新平傣族人生礼俗,包括,成人礼俗
537,新平傣 族人生礼俗,包括,文身礼俗
537,新平傣族人生礼 俗,包括,染齿礼 俗
537,新 平傣族人生礼俗,包括,花街比美礼俗
537,新平 傣族人生礼俗,包括,婚礼礼俗
537,新平傣族人生礼 俗,包括,葬礼礼俗
537,新平 傣族花腰傣,认为,生子是由神灵恩赐的
537,女子婚后 二三年未怀孕,要杀 鸡献祭,寨神
537,女子婚后二 三年未怀孕,献鸡蛋向,大树求子
537,女子婚后二三年未 怀孕,到江边宰鸭 向,水神匹南求 子
537,女子 有孕,会得到,全家 人的精心关照
537,女子有孕,注重,胎教
537,新生儿出生时,要杀,认母鸡
537,新生儿出生时,办,祝米客以示庆贺
537,婴儿生 下三四天后,要取,乳名
537,小孩到上学年龄,还要 取,学名
537,婴儿满月时,有,满月礼
537,家里的男人,要到河里或田里捉鱼 虾来开荤,表示孩子 长大后上山能打猎下河能 捕鱼
537,周岁 时,行,周岁礼
537,周岁时,择吉日杀鸡祭 祖,让婴儿抓周
537,周岁时,请本寨的刺绣能手 来家里,占卜
537,到七八岁时,举行,少年礼
537,到七八岁时,改穿,少年服饰
537,十七八岁时,举行,成人礼
537,盘头,是花腰傣姑娘最重要的礼俗 之一) 34. (盘 头后,"穿, 亮丽 华贵的成人服装"
537,此后就可以参加,花街比美) 36 . (花街节又称赶花 街,是新平花腰 傣人隆重的民族节日
537,花街节又称赶 花街,也是花腰傣 姑娘比美赛美、小伙子选 美择美、青年男女互致 爱情的盛会) 38. (文身和染齿,是傣族传统礼俗之一
537,新平文 身较普遍,多在手臂 和手腕上文刺图案) 40. (婚葬礼俗,有整套程序
537,婚葬礼俗,独具 特色) 42. (新 平傣族人生礼俗,在傣雅、傣洒和傣 卡个支系中普遍流行
537,新平傣 族人生礼俗,历史悠久) 44. (新平傣 族人生礼俗,地域特色 鲜明
537,新 平傣族人生礼俗,传承民族文化、民族精神和传统美德) 46. (新平傣 族人生礼俗,高度浓缩 和涵盖了花腰傣文化的精华和 人文价值
537,新平傣族人生礼俗,对研究新平傣族发展 史具有历史文化价值) 48 . (随着社会发展,花腰 傣人生礼俗的活动人群日愈 减少
537,系统 掌握人生礼俗的文化传承人,出现后继乏人的局面) 50. (傣族年轻人,对人生礼俗的价值认同 感日渐淡漠
538,思茅市 澜沧拉祜 族自治县,民族,拉祜族
538,葫芦节,别称,阿朋阿龙 尼
538,葫芦节,举办时间,每年农历 十月十五
538,葫芦 节,活动内容,歌舞 狂欢
538,男子,演奏乐器,葫芦笙
538,男女,共 跳舞蹈,嘎克舞
538,女子,敲打 乐器,象脚鼓
538,女子,跳舞蹈,摆舞
538,男女青年,进行活动,民歌对唱
538,节日期间,举行 比赛,荡秋千
538,节日期间,举行比赛,背水
538,节日期间,举行比赛,打陀螺
538,节日期间,举行比赛,射弩比赛
538,老人们,活动地点,火塘 边
538,老 人们,活动内容,饮酒
538,老人们,颂唱作品,《牡 帕密帕》
538,歌舞场地中央,放置 物品,一对葫芦
538,拉祜族,祖先象征物,葫芦
538,拉祜族,起源传说,《牡帕密 帕》
538,拉祜族,起源传说,《说典噜典》
538,天神厄莎,培育方式,用葫芦
538,拉祜族,自认身份,葫芦 的后代
538,拉祜族,视为吉祥物,葫芦
538,澜沧县政府、县人大常委会,决定事项,法定葫芦节 为全县拉祜族节日
538,澜沧县政府、 县人大常委会,依据来源,拉祜族史研讨会
538,人们,节日活动,供葫芦
538,人们,节日活动,跳葫芦笙舞
538,人们,节日活动,跳摆舞
538,人们,节日活动,唱葫芦史诗
538,人们,节日活动,玩葫芦游戏
538,对葫芦的信仰,体现关系,山区拉祜 族与大自然的密切关系
538,对葫芦的信仰,体现内容,生存奋斗 历程
538,澜 沧县政府,组织活动类型,文体活动
538,澜沧县政府,组织活动 类型,科技及商业物资交流 活动
538,传统 民族节日,结合对象,发展经济
539,花山节,别称,踩花山
539,花 山节,别称,踩山红
539,花山节,举办地点,红河哈尼族彝 族自治州屏边苗族自治县
539,花山节,举办 时间,农历正月初二至初 五
539,花山 节,当地称呼,奥 道
539,花山 节,历史背景,蚩 尤战败迁徙
539,花山节,传说一,立树桩系彩带相 认亲人
539,花 山节,传说二,反对统治阶级集会
539,花山节,主办人 身份,无子嗣祈求子 嗣者
539,主办人,称谓,尤 厚道
539,尤厚道,职责,择定吉日
539,尤厚道,职责,抱公鸡立五彩花 杆
539,花 杆,材质,大龙 树
539,花 杆,高度,两三丈
539,活动内容,包括,吹芦笙
539,活动内容,包括,爬花杆
539,活动内容,包括,耍武术
539,活动内容,包括,打陀螺
539,活动内容,包括,踢 鸡毛毽
539,活动内容,包括,蹬 脚架
539,活动内容,包括,斗牛
539,活动内容,包括,斗鸡
539,活动内容,包括,斗画眉鸟
539,活动内容,包括,赛马
539,活动内容,包括,跳 芦笙舞
539,活动内容,包括,对 唱山歌
539,爬花杆形式,包括,顺爬
539,爬花杆形式,包括,倒爬
539,爬花杆形式,包括,顺倒旋环爬
539,爬花杆形式,包括,口吹芦笙 爬
539,主要 功能,传承媒介,苗 族文化
539,主要功能,展示平台,苗族服饰
539,主要功能,展示平台,歌舞艺术
539,结束仪式,包括,祭 献花杆
539,结束仪式,包括,倒 花杆仪式
539,布条用途,保佑,孩子健康
539,花杆用途,制作材料,床
539,花杆象征意义,寓意,容易生子
539,社会影响,促进,民族团结
539,社会影响,丰富,群众 文化生活
540,浇花节,德昂 语名称,散 根
540,浇花节,举行时间,每年农历清明节后 第七天
540,浇花节,流传地区,德宏傣族景颇 族自治州潞西市
540,浇花节,流传地区,盈江县
540,浇花 节,流传地区,瑞 丽市
540,浇花节,流传地区,陇川县
540,浇花节,流传地区,梁河县
540,浇 花节,保存最完整地区,潞西市三台山 德昂族乡
540,浇花节,渊源关联,南传上座 部佛教传入德昂族地区
540,浇 花节,活动程序,浇佛
540,浇花节,活动 程序,供品品尝比赛
540,浇 花节,活动程序,祭拜天地
540,浇花节,活动程序,念经祈求风 调雨顺
540,浇花节,活动程序,打水给老人 洗手
540,浇花节,活动程序,对歌和传烟
540,浇 花节,活动程序,浇水
540,浇花节,活动程序,歌舞表演
540,浇花节,活动程序,送花篮
540,人们,行为目的,对 祖先、恩人的怀念和敬重
540,人们,行为目的,为年 过六旬的长寿老人洗尘 拜寿
540,青年男女,行为方式,相互泼水
540,青年男女,特殊对象,当年新婚的 夫妇
540,给老人浇水,使用工具,插上鲜花的盛着清 泉水的小竹水筒
540,给老人浇水,规则要求,让水 顺着花束滴到老人伸出的手 心上不能泼到身上
540,男女青年 之间相互泼水,使用工具,竹筒
540,男女青年之间相互 泼水,规则要求,轻轻地从肩膀往下泼不能泼在 头上
540,未婚男女青年,行为规范,在给新婚夫妇泼水 时相互间都不准出现不礼貌 的粗野行为
540,送花篮,表达方式,德昂族 小伙子向姑娘表达爱慕之情
540,浇花 节前,准备工作,用 竹篾编制漂亮的小花篮
540,最精致的 花篮,赠送对象,自己爱慕的姑娘
540,姑娘,心意 体现,背着谁送的花篮
540,浇花舞,伴奏乐器,鼓、铓、镲三种打击 乐器
540,女子,舞蹈动作,身背花篮
540,男子,舞蹈 动作,手持竹筒做浇 花状
540,浇花节,文化 意义,集音乐、舞蹈、 美术于一炉
540,浇花节,社会风尚体现,尊老 爱幼、相互尊敬、相互谦 让、和睦相处
540,浇花节,功能作用,男女之间表达 爱情的社交活动
540,浇花节,作用效果,强化德昂 族的审美观念、艺术情趣及民族 性格
540,浇花节,现状问题,许多传统内容正日渐消失
541,翁丁佤 族传统文化保护区,位于,临沧市沧源佤 族自治县勐角乡翁丁大 寨
541,佤族,自称,佤/阿 佤/布饶
541,佤族汉语意,为,山地民族
541,翁丁大寨,森林 覆盖率达,以上
541,翁丁村,共有 户人,其中大寨户 人
541,翁丁 村人均耕地面积,为,亩
541,翁 丁村人均收入,为,元年
541,翁 丁佤族,保持,传统民族服饰
541,佤族尚黑,多以,黑色为主色调
541,妇女服饰,包括,斜襟圆领长袖短 上衣/圆领中袖套头 衫/长裙或短裙
541,妇女服饰,腰系,黑色或红色 布带
541,妇女服饰,小腿裹,黑布
541,妇女饰品,包括,银项 圈/银手镯/银胸牌
541,男子服饰,穿,黑色圆领 布扣开衫
541,男子服饰,穿,肥短黑色大摆裆布 裤
541,男子 服饰,腰系,黑色 或红色布带
541,男子配饰,肩 挎,长刀和筒帕
541,男子配 饰,烟锅倒插在,背后衣领上
541,男女皆包,黑色包头) 20 . (年轻姑娘喜欢,披 长发
541,青年 男子多留,长发) 22. (翁丁老人基本 还穿,传统服饰
541,年青人服饰 变化稍大,仅在细节 上稍有变化于,大部分人还 自织布料
541,翁丁佤族,有 习俗,染齿和文身
541,翁丁 佤族主要居住,干栏 式结构的茅草竹木房) 26. (建房习俗,"包括, 看户主年龄 是否合适盖房"
541,建房习俗,根据户 主排行选择,建房时间
541,建房 习俗,下石脚和进 新房要选,日子
541,建房习俗,讲究,开门的方向
541,建房习俗,选材严格) 31 . (建房习俗,"进 新房要举行, 仪式"
541,翁丁佤族 生产方式,包括,夺铲点 播旱谷/水牛耕田
541,翁丁 佤族生产方式,用杵臼,舂米
541,翁丁佤族生产方式,用腰机,织布
541,翁丁 佤族生产方式,用杂粮,酿酒
541,传统家庭手工技艺,包括,印染/织布/纺织/竹 编/藤编
541,翁丁佤族信仰,信奉,万物有灵
541,木鼓,是,镇寨之宝
541,木鼓,可与天神对话的神器,为
541,寨桩,居于,打歌场中央
541,祭祀和节日庆典活动的场所,包括,木鼓房/ 沙拉房/神林祭祀房/ 鬼林
541,主要祭祀活动,包括,农历 六月的开门节/公历月 的围线护寨
541,传统节日,包括,春节/护寨节/新 米节
541,春节最隆重,一般要唱歌 跳舞、杀猪宰鸡欢庆,天
541,主要民间文学,包括,《 司岗里传说》/《达 赛玛传说》
541,民歌形式,可分为,情歌/儿歌/ 劳动歌/节庆歌/祭祀 歌
541,歌 谣类型,包括,创世 歌/宗教歌词/世俗歌
541,音乐旋律特点,与语调密切相关且舞蹈性 与歌唱性紧密结合一个乐段多次 重复并擅用滑音、装饰 音、颤音极富民族特色 ) 49. (主要乐器,"包括, 葫芦笙/佤 笛/比得利/木鼓 /象脚鼓/铓/镲"
541,全民性 的传统舞蹈,包括,葫芦笙 舞/摇摆舞/长步舞
541,葫芦笙 舞种类,包括,种包 谷舞/蒿子舞/孤儿 舞等套动作跳时顺着逆 时针方向彻夜唱跳
541,拉木鼓 、剽牛活动中的舞蹈,包括,拉木鼓舞/剽牛 舞/跳木鼓房舞
541,传统体育比赛 项目,包括,射弩/ 摔跤/高跷踢架/打 陀螺/磨秋/打水 枪
541,游乐 活动,包括,跳土坎 /过独木桥
542,糯黑村,位于,昆明石林风景 名胜区东部
542,九乡 石林阿庐古洞旅游专线 公路,穿村而过,糯黑村
542,糯黑村,所属 行政区,昆明市石林 彝族自治县圭山镇
542,糯黑村,民族,彝族撒尼 人
542,糯黑村,分为,大糯黑自然村
542,糯黑村,分为,小糯黑自然 村
542,糯黑村,原名,藤子哨
542,糯黑,彝语 含义,猿猴水塘
542,糯黑村,保存建筑,清末环 村石墙
542,糯黑村,保存建筑,木栅
542,糯黑 村周围山头,筑有,石城墙
542,糯黑村周围 山头,筑有,城堡
542,糯黑村,以... 闻名,明代藤子哨
542,糯 黑村,以...闻名,清代石古城
542,石林县,纳入规划,阿诗玛 文化旅游经济带
542,糯黑村,开发目标,民俗文化旅游村
542,电影 《阿诗玛》,展示 内容,撒尼姑娘服饰
542,花 包头,功能,辨别 女子身份
542,花包头,组成 材料,红/绿/蓝 /紫/黄/青/白 丝绸条
542,花包头,装饰 特征,边沿镶银泡泡
542,婚后妇女服饰,改用材质,桃红或大红布与 青布
542,撒尼刺绣工艺,应用载体,服装
542,撒尼刺绣 工艺,应用载体,腰带
542,撒尼刺绣工艺,应用载体,飘带
542,撒尼刺绣工艺,应用载体,伞套
542,撒尼刺绣工艺,应用载体,鞋面
542,撒尼刺绣工艺,应用载体,桌布
542,撒尼刺绣工艺,应用载体,挎包
542,撒尼刺绣技法,包括,挑花
542,撒尼 刺绣技法,包括,贴花
542,撒尼刺绣技法,包括,穿花
542,撒尼刺绣技法,包括,锁花
542,撒尼刺绣技法,包括,盘花
542,撒尼 刺绣技法,包括,滚花
542,撒尼刺绣技法,包括,补花
542,撒尼刺绣技法,包括,刺花
542,撒尼人信仰,包括,祖先崇拜
542,撒尼 人信仰,包括,自然崇拜
542,祭祀活动,主持者,毕摩
542,祭祀活动,主持者,筮玛
542,毕摩,性别特征,男性
542,筮玛,性别特征,女性
542,筮玛 职业,职能,沟通人 与神关系
542,筮玛职业,职能,沟通人与鬼关系
542,撒尼文,文字类型,独体字
542,撒尼文,文字类型,合体字
542,合体字,构成方式,独体字组合
542,合体字,构成方式,主体结构 加符号
542,撒尼文分类,包括,象形
542,撒尼文分类,包括,会意
542,撒尼 文分类,包括,假借
542,撒尼民间文学代表作,《圭 山彩虹》) 5 3. (撒尼民间文学代表作,《逃到甜蜜的地方》
542,撒 尼民间文学代表作,《放羊 人诗郎苦》) 55. (撒尼民间 文学代表作,《竹叶长青 》
542,撒尼民间文学代表作,《 尼米诗》) 57. (撒尼民间文学 代表作,《阿诗玛》
542,撒 尼民间音乐形式,叙事调 ) 59. ( 撒尼民间音乐形式,喜 调
542,撒尼民间音乐形式,悲调) 61 . (撒尼民间音乐形式,骂调
542,撒尼民间音乐形式,情歌) 63. (撒尼民间音乐 形式,牧羊调
542,撒尼 民间音乐形式,犁田调 ) 65. ( 撒尼民间音乐形式,绣 花调
542,撒尼民间音乐形式,织麻调) 67. (撒尼民间音乐 形式,月琴调
542,撒尼 民间音乐形式,口弦调 ) 69. ( 撒尼民间音乐形式,三 弦调
542,撒尼民间音乐形式,婚礼调) 7 1. (撒尼民间音乐形式,毕摩调
542,撒尼民间 音乐形式,哄睡调) 73. (撒 尼音乐作品,《撒尼人民 心向红太阳》
542,撒尼音乐 作品,《歌唱新圭山》 ) 75. ( 撒尼音乐作品,《远方的 客人请您留下来》
542,撒尼乐器,口弦) 7 7. (撒尼乐器,竹笛
542,撒尼乐器,大三 弦) 79. (撒尼舞蹈,大鼓舞
542,撒尼舞蹈,霸王鞭舞 ) 81. ( 撒尼舞蹈,钗舞
542,撒 尼舞蹈,狮舞) 83. (撒尼 舞蹈,大三弦舞
542,撒尼 传统活动,摔跤) 85. (撒尼传统 活动,斗牛
542,撒尼传统活动,磨秋) 87. (撒尼传统活动,丢花包
542,撒尼传统 活动,撵山) 89. (撒尼传统 活动,打弹弓
542,撒尼 传统活动,老虎抱蛋) 91. (撒 尼传统活动,女孩玩苦 楝
542,撒尼传统节日,春节 ) 93. ( 撒尼传统节日,清明节
542,撒 尼传统节日,中秋节) 95. (撒尼 传统节日,端午节
542,撒尼传统 节日,火把节) 97. (撒尼 传统节日,密枝节
542,撒 尼传统节日,祭山神 ) 99. ( 糯黑两个村社团,"包括, 大/小三弦队"
542,糯 黑两个村社团,包括,鼓号队
542,糯黑两个村 社团,包括,狮舞队
542,糯黑两个村社团,包括,霸王鞭舞队
542,糯 黑两个村社团,包括,叉舞队
543,玉湖行政 村,所属 地区,丽江市 玉龙纳西族自治县白 沙乡
543,玉湖行政村,包括 自然村,上村
543,玉湖行政 村,包括自然村,下 村
543,玉湖行政村,包括自然村,文华村
543,玉湖行政村,民族构成,纳西 族
543,玉湖行政村,地理位置特征,玉龙雪山脚下缓坡 地带
543,玉湖行政村,植被覆盖率,达以上
543,玉湖行政村,传统宗教,东巴教
543,东 巴教,传承方式,父子传承
543,东巴教,传承 方式,师徒相传
543,玉湖行政 村,特色建筑群,民居建筑群
543,民居建筑群,主要建材,冷杉
543,民居建筑群,主要建材,铁杉
543,民居建筑群,主要建材,松树
543,民居建筑群,屋顶形式,方形挂瓦
543,民居建筑 群,屋顶形式,条 形挂瓦
543,民居建筑群,墙体基石材料,冰川 石
543,房屋结构,类型一,蛮楼
543,房屋结构,类型 二,七厦楼
543,房屋装饰 元素,象征意义,年 年有余
543,妇女服饰,组成部分,围腰
543,妇女服饰,组成部分,七星披肩
543,妇女服饰,组成部分,领褂
543,妇女服饰,组成部分,长衫
543,妇女 服饰,组成部分,裤子或 裙子
543,民族服饰标志,羊皮 披) 27. (男子服装,"传统样式, 黑色圆领对襟上衣"
543,男子 服装,传统样式,宽 脚裤
543,老人头饰,黑 布包头) 3 0. (青年头饰,白或花布包头
543,男子配 饰,羊皮兜肚) 32. (羊 皮兜肚,"装饰特征, 花纹图案"
543,现存民间文学,《 龙女树》) 34. (现存民间文学,《黑白之战》
543,现存民间文学,《通天路》) 36. (现存民间文学,《仙迹崖》
543,现存民间 文学,《棺材的来源》) 38. (民歌 类型,《蜂花相会》
543,民歌类型,《鱼水相 会》) 40 . (儿歌类型,《放 风歌》
543,儿歌类型,《 月亮歌》) 4 2. (儿歌类型,《 牧童歌》
543,特色音乐,《 白沙细乐》) 44. (《白沙 细乐》别名,崩 石细里
543,《白沙细乐 》属性,大型古典乐曲) 46. (舞蹈 类型,谷期蹉
543,舞蹈类型,哦热热) 48. (舞蹈类型,阿哩哩
543,舞蹈类型,喂默达) 5 0. (传统体育项目,打跳
543,传统体育项目,荡 秋千) 52 . (传统体育项目,足球
543,引进体育项目,地掷球 ) 54. ( 引进体育项目,门球
543,引进 体育项目,篮球) 56. (老年活动,老年健身舞
543,组织名称,民族打跳队) 58. (组织名称,老年组织
543,表演团体,玉湖 细乐队) 60 . (表演团体,玉湖 老年文化传承队
543,传统节日,春节) 62. (传统节日,中秋节
543,传统节日,火把节) 64. (纳西族 节日,当美空普
543,纳 西族节日,三朵节 ) 66. ( 丹美空普活动内容,祭祀祖先
543,丹美空普现代功能,交流农具) 68. (三朵节 起源,庆祝民族英雄三朵
543,名胜古迹,府邸 ) 70. ( 名胜古迹,养鹿 场
543,名胜古迹,人工 湖) 72. (名胜古迹,洛克 故居
543,名胜古迹,仙迹崖) 7 4. (名胜古迹,黑白古战场
544,下笔冲 村,位于,曲靖市 富源县古敢水 族乡境内
544,下笔冲村,地处,河谷低处
544,笔冲河,从 寨前流过,下笔 冲村
544,下 笔冲村,始建于,明代
544,笔冲 寨,即《徐霞客 游记》所记,碧峒 寨
544,下笔 冲村,海拔米山上森林 植被覆盖率达,以上
544,下笔冲村,全村户数,户人
544,下笔冲 村,人均耕地面积,亩
544,下笔 冲村,人均收入,元年
544,村 中民居,为,传统的木结构石墙建筑
544,传统节庆活动,包括,吹唢呐
544,传统节庆 活动,包括,跳金钱棒
544,传统节 庆活动,包括,舞狮子
544,民族体育 活动,包括,打陀螺
544,民族体育 活动,包括,踢毽子
544,水族,信奉自然信仰祭祀,土神
544,水族,信奉自然信仰祭祀,水神
544,水族,信奉自然 信仰祭祀,岩神
544,水族,信奉自然信仰祭祀,灶神
544,水族,过去曾有古老文字水语 称为,泐虽
544,泐虽,汉语 译为,水文或水 书
544,水 文或水书,用途,用于推测祸福、择吉 除凶的卜书
544,水族妇女服饰,历史上为,短衣长 裙
544,水 族妇女服饰,民国后已 逐步改,长裙为裤
544,早年自 种自织自染土布,现已普遍改用,机制布料
544,下笔 冲妇女上身内穿,白色紧身衣) 27 . (下笔冲妇女外穿,青色或黑色紧身短 衣窄袖窄腰
544,下笔冲妇女上衣,普遍是右开襟) 29. (下笔冲 妇女上衣襟沿,镶花 边
544,下 笔冲妇女下着裤子,喜系绣花围腰) 31. (下笔冲妇女 常戴,镯
544,下笔冲妇女常 戴,环) 33 . (遇结婚或喜庆节日还 佩戴,银项圈
544,遇结婚或喜庆 节日还佩戴,篦子) 35. (遇结婚或 喜庆节日还佩戴,玉簪
544,女子发 髻,成螺旋形) 37. (未婚女子头发先 梳成一束再打成盘外包 头帕,头帕是水 族男女共同看重的衣饰
544,头帕,一般要自纺、自织 、自制) 39. ( 水族信仰,万物有灵
544,水族 尤以崇拜,土神) 41. (水族尤 以崇拜,水神
544,水族尤以 崇拜,岩神) 4 3. (一般祭祀通常在节 令中进行,全村集体祭祀 的有农历二月二祭白龙
544,一般祭祀 通常在节令中进行,全村集体祭祀的有三月三祭 龙节) 45. ( 一般祭祀通常在节令中进行,全村集体祭祀的有六月 六祭土地
544,一般祭祀通常在节令中 进行,全村集体祭祀的有 六月二十二打老牛) 4 7. (祭祀品,为 牛、猪、鸡种
544,所信仰鬼神名目 繁多除凶神恶鬼之类外 还有驱挡凶神恶鬼类的 鬼神这类鬼神经过世代演变部分物 化成相对固定、能吞邪 镇恶的吞口类似傩面具,现存民间文学蕴藏量较 丰富) 49. (现存 民间文学蕴藏量较丰富,包括 歌谣、谚语传说故事主要 靠口头流传
544,歌谣题材广泛内容丰富主题鲜明 按其内容可分为祭祀歌、劳动 歌、生活歌、风俗歌、 情歌等各类别中还可分 出若干细目如情歌就可 分出种风俗歌可分为祝酒 歌、哭嫁歌、挂红 歌、贺新房调、踩门 调、上梁调、招亲 调、丧葬调等,歌谣曲调变化不多旋律较 简单歌词常因时因事因 物因人而变化句式以 七言句居多还有三言句 、四言句和五言句 有时也混合使用句数多少不一 押韵是以押脚韵为主转 韵、变韵较快) 5 1. (下笔冲水族 的音乐旋律与语调密切相关朗诵性与 歌唱性紧密结合音乐柔和抒情,还有一种说唱形式的曲艺称为都 敖主要用于老人去世接气、入 殓句式是五言句念 唱结合
544,主要乐器有月琴、唢呐 、皮鼓、锣、钹等,民间舞蹈有狮子灯和 金钱棒舞) 53. (狮子灯既是舞蹈又似傩 戏是一种混合性的表演每年春节或 祭龙节时村民走村串 寨耍狮子灯在舞狮过程中 还加入《西游记》故事表演深受 群众喜爱,金钱棒舞自 娱性强随时可跳人数不限
545,从腊者 村,位于,曲靖市 罗平县鲁布革 布依族苗族乡
545,从腊者村,民族构成,布依 族
545,从腊 者村,始建时期,清代
545,从 腊者村,地理特征,亚热带河谷地区
545,从腊者村,周边环境,四周高山环绕
545,从腊者村,植被覆盖率,达以上
545,布依族 女性,学习技能,织 布、绣花
545,布依族家庭,拥有 物品,自制的织布机
545,土布、 床单,使用染料来源,植物
545,染色 后的布料颜色,为,藏青色
545,寨中保存建筑类型,包括,老人房、吊脚楼式 民居
545,老人房,建筑风格,布依族传统干栏式建筑
545,老人房,功能用途,全村最重要的 祭祀活动场所
545,祭老人房活动时间,在每年农历二月的第一个属兔日 举行) 15. (布 依族信仰对象,"信奉, 自然神"
545,日常祭祀内容,包括,祭山、祭水
545,祭祀主持人身份,由么公担任) 18 . (老年妇女传统服饰元素,头缠蓝黑包布
545,老年妇女上衣 款式,身着青色无领对 襟短衣) 20. (老年妇女衣袖特征,身 大袖宽沿衣领缝处 镶一道花边
545,老年妇女衣角装饰,镶绣各式彩色滚边) 22. (老年妇女内外 衣袖口处,绣织花纹 图案鲜艳美观
545,老年妇女下装选择,深青、蓝色的宽脚裤或 百褶裙) 24. (百褶裙制作材料,白底蓝色的蜡染花布
545,成年妇女头 饰变化,用白毛巾代替 包头) 26. ( 成年妇女上衣改良款式,改 穿有领或矮领大襟 衣
545,成年 妇女左衽前下方装饰,镶嵌两三道带色的花边) 28. (成年妇女领 前装饰物,银泡纽 扣作装饰
545,成年妇女保留传统部位,袖口仍保留传统风格) 30. (成年妇女下装 选择,只穿长裤
545,未婚女子服饰 特点,基本与中年妇女相似 ) 32. (未婚女子 衣服花口特点,图案更多 更鲜艳
545,女子普遍技能,会织布 绣花) 34. ( 布依族节日类型,分为 纪念性、季节性和祭祀性几 类
545,主要 节日举例,包括春节、三月三 、五月节、六月二十四等) 36. (最隆重节日,春节和三月三
545,三月三祭祀对象,祭水、祭树神 、祭山神) 38 . (三月三祈求内容,五谷丰登、平安吉祥、 安康幸福
545,布依族文字状况,无 文字) 40. (民间 文学传承方式,口头传承
545,民歌形式 分类,情歌、敬酒 歌、出嫁歌、赶米 酒歌、迎亲歌等) 42. (民歌歌词 来源,大多是前人所传
546,新寨村 、贺姐村,位于腊撒 村委会 2. 腊 撒村委会,位于德宏 傣族景颇族自治州陇川县 户撒坝子 3. 户撒河 - 穿流于 户撒坝子间 4. 曼旦水库 - 位于村子 附近 5. 户撒阿 昌刀 - 为著名产品 6. 阿昌族妇女服装 - 黑色手工纺织棉布缝 制 7. 阿昌族 男子服饰 - 黑色立领对 襟衫及长管大筒裤 8. 信仰宗教 - 包括 南传上座部佛教、道教 和自然信仰 9. 生产 活动与节日庆典 - 依据农历 和傣历进行 10. 民间文学 - 包含史诗、 民间故事等多种形式 11. 创世史诗 - 《遮帕 麻和遮咪麻》 1 2. 体育健身娱乐活动 - 保持传统形式，设有练武 场
547,大等喊 村,位于,德宏傣 族景颇族自治州瑞丽 市姐相乡贺赛行政 村
547,大等 喊村,是,全市 最大的傣族村寨
547,大等喊村,傣族人口占比,以上
547,大等喊村,建立年代,明末 清初
547,大 等喊村,具有,典型的亚热带自然风光
547,大等喊村,农业资源,十分丰富
547,大等喊村,民族风情,浓郁
547,大等喊村,称号,歌舞之乡
547,大等喊村,民居类型,竹篾 墙干栏式
547,大等喊佛寺,级别,省级文物保护单位
547,大等 喊村,旅游业发展情况,国家首批农业旅游示范点
547,傣族男装,样式,无领对 襟式宽松大裤脚缠包 头
547,傣 族男装颜色,依年龄分别为,黑色、茶色、灰色 、淡黄色
547,傣族包头基本色,为,白色
547,傣族女装,样式,无领姊妹装式的 对襟衣穿筒裙挽发 髻于后
547,傣家土法织布,历史追溯至,明清
547,傣锦,特点,花纹美观大方色泽 鲜艳质地精良经久耐用
547,大等喊木 雕工艺,手法,透 雕、浮雕、线雕和圆 雕相结合
547,大等喊木雕题材,包括,花卉、藤蔓及狮 、龙、大象、麒麟、人 首蛇身、人首鸟身 等飞禽走兽
547,村民,信奉宗教,南传上座部佛教
547,进洼 关门节至出洼开门节期间,活动次数,次斋 戒活动
547,村民小组,负责组织,赕佛并负责节庆赶摆 、修桥补路、修沟 打坝、打扫卫生、婚丧 嫁娶等民事活动
547,主要佛事活动,包括,烧白柴、弥 勒佛节、进洼、出 洼、泼水节、赶朵 、做摆等
547,自然信仰祭祀对象,包括,寨神、寨心、 树神、水神等
547,大等喊村,美誉,农村自然公园
547,主要景点,包括,大等喊奘 寺
547,主要 景点,包括,农业科技示范 园
547,农业 科技示范园,定为,全国农业旅游示范点
547,主要景点,包括,大金水塘
547,主要景点,包括,孔雀竹林
547,主要景点,包括,菩提古 榕
547,菩提 古榕,传说,释 迦弟子曾在树下打坐参禅 被尊为寨中神树
547,主要景点,包括,泼水广场上的民族 歌舞厅
547,主要景点,包括,泼水 亭
547,主要 景点,包括,水龙
547,民间文学形式,包括,叙事史诗如《 朗嘎西贺》、《娥姘与 桑洛》
547,民间文学形式,包括,风俗歌情歌
547,民间文学形式,包括,神话传说
547,民间文学形式,包括,民间故事
547,民间文学形式,包括,寓言 故事
547,民间 文学形式,包括,谚语
547,村民每 户存书数量,两本 以上) 43. (经 书内容主体,神话传说
547,诗歌特点,有韵脚) 45 . (诗歌类型比例较大者,情诗
547,民歌特点,音高 流畅即兴发挥) 47 . (民歌类型,诵 调与歌调两种
547,民歌主要包括,山歌和情歌) 4 9. (民歌子类,吟诵调
547,民歌子类,哭嫁调) 51. (民歌子类,舞蹈 歌曲
547,民 歌子类,幼儿歌曲) 53. (民歌子 类,小调
547,主要乐器,包括,叮散赛三弦琴
547,主要乐器,包括,葫芦丝
547,主要乐器,包括,象脚鼓
547,主要乐器,包括,镲
547,主要 乐器,包括,排铓
547,傣族风俗 歌舞演出队人数,余人组成 ) 60. (演出时间,每天下午
547,表演对象,游客) 62. (传统节日,"包括, 泼水节"
547,传统节日,包括,关门节
547,传统节日,包括,开门节
547,传统民族体育项目,包括,拳术
547,传统民族体育项目,包括,棍术
547,传统民族体育项目,包括,刀术
547,传统民族体育项目,包括,爬杆
547,传统民族体育项目,包括,跳谷堆
547,传统民族体育项目,包括,顶棍
547,传统民族体育项目,包括,丢包
547,传统民族体育项目,包括,打陀螺
547,传统民族体育项目,包括,跳绳
547,传统民族体育项目,包括,荡秋千
548,三台山 乡,位于,德宏傣 族景颇族自治州潞西 市西南侧
548,三台山乡,是,全国唯一的德昂族乡
548,德昂族,属于,云南人口较少 民族之一
548,德 昂族传统民居,形式 为,竹楼干栏
548,德昂族传统 民居顶头形状,形 似,诸葛亮的帽子
548,传说,诸葛亮平定 南中时赠帽给,一位德昂族姑娘
548,人们建盖竹楼原因,为表示对,诸葛亮 的怀念
548,室内 设置,分设两个,火塘
548,火 塘使用方式,由男女两 性分享) 10. ( 楼房楼梯数量,设有两部
548,前门楼梯 用途,搭有晒台用于 晒衣服或谷物/亲友来访出入 ) 12. (后门 楼梯通往,菜地或碓 房
548,小伙子 串姑娘路线,一般走,后门
548,火塘象征意义,被视为 家族的象征和家庭人畜兴旺的保护 神) 15. (火 塘方位意义,被视为家族成员 不同地位的象征
548,德昂族种茶历史,悠久) 17. ( 《达古达楞格莱标 》古歌集,"反映, 德昂族与茶的渊源 关系"
548,茶 在德昂人生活中的地位,日常生活、社交礼仪、化解矛盾、 治疗疾病等方面均有独特地位) 19. (三台山德 昂族擅长工艺,用竹 编制各种用具
548,妇女手工制品包括,织 土布、织筒裙、筒 帕、裹腿、包头等 ) 21. (德昂 女子服饰特点,对襟、 紧袖衣摆齐腰以藏 青色、黑色居多
548,德昂女子服饰装饰重点,衣领与下摆的 装饰较为考究) 23. (反披衣领长度约,厘米
548,衣领边缝装饰,有 各色小绒球) 2 5. (下摆部位装饰,有花边或刺绣
548,衣襟装饰物,两排压花银片 和银泡从肩部一直装饰 到衣服下摆) 27 . (喜庆节日活动服装特点,多穿戴装饰较多的服装
548,平时所穿服装 特点,较简单没有太多装饰 品) 29. (德 昂语称筒裙为,格朗
548,筒裙材质,棉线手工 织品) 31. ( 筒裙长度特征,上裹 胸部下遮踝骨
548,筒裙颜色多为,红黑两色横条相 压) 33. (德 昂族支系服装差别体现处,筒裙上
548,德昂族各支 系筒裙共同特点,彩色 横条纹) 35. ( 腰箍材质,藤、竹 篾或草编织
548,腰箍佩戴位置,戴在腰间) 37. (腰箍意义,青年人爱情 的信物
548,小伙子制作腰箍目的,为了 获得姑娘的爱) 39. (姑娘佩戴腰箍数量质量象征 意义,越多越精致越能 说明这个姑娘勤劳智慧心灵美好
548,德昂族 妇女佩戴腰箍历史,十分 悠久) 41. (腰 箍相关记载来源,史籍 中有皆以藤篾缠腰箍 的记载
548,德昂族男子服饰特点,较简朴青布对襟开衫 下穿宽筒短裤黑布包 头) 43. (新郎 特殊待遇,办完喜事 时会得到岳父送的白布包 头
548,白 布包头寓意,希望女婿 对老人、对妻子的心要像 白包头一样洁白无瑕) 45. (三台山 乡各村寨中心神树名称,红漫
548,红漫神树性质,村子的保护神) 47 . (红白喜事习俗,凡遇都要集中到寨心 来祭神树
548,传统节日包括,泼 水节也称为浇花节、 赕佛节、烧白柴节 、点油灯、入雨安居 节) 49. (源于 自然信仰的活动包括,驱鬼 仪式、祭亡灵、祭房神 、祭寨神等
548,德昂族文字情况,无文字) 51 . (新中国成立前借用文字,傣文
548,新中国成立后多用文字,汉 文) 53. (亦有 沿用的文字,傣文
548,佛教典籍书写文字 多为,傣文) 5 5. (民族民间文学内容特点,广泛形式多样
548,民族民间文学体裁包括,史诗《达古达楞格 莱标》和叙事长诗、 风情习俗长诗、民歌等 ) 57. (民歌 歌调形式约数量,种
548,迎亲 调别称,婚礼词) 59. (隔山调 别称,对歌调串 词
548,采 茶调别称,做摆 歌) 61. (主要 乐器包括,象脚鼓、 坐鼓、抬鼓、水鼓 、铓、镲、布赖、 比总、结腊、马腿 琴、口弦等
548,舞蹈种类包括,抬鼓舞、长鼓舞、坐鼓舞 、水鼓舞、花篮舞、 竹杆舞亦称骑马舞等 ) 63. (舞蹈主要 表演场合,各种节庆时 跳
548,三 台山德昂族民间体育多为,武术) 65. (古代练武场遗址数量余 处其中最大者,允腊 武场
548,民间竞技包括,打篾弹 弓、打陀螺、掷龙 骰棋等) 67. (被列为云南省少数民族传统体育正式比赛 项目的年份及项目,年打 篾弹弓
549,同乐村,属于,迪庆藏族自治州 维西傈僳族自治县叶 枝镇
549,同乐村,民族,傈僳族
549,同乐村,地处,澜沧江东岸
549,同乐村,海拔位置,山区
549,同乐村,位于,三江并流核心腹地
549,后山,属于,白茫雪山自然保护区
549,后山,拥有,原始森林
549,后山,拥有,杜鹃花海
549,后山,拥有,滇金丝猴生态环境
549,叶枝一带,是,傈僳族先民 长期活动中心区
549,同乐村,是,傈僳族聚居古老 村寨
549,民居,类型,井 干式木楞房
549,井干式木楞 房,建筑特点,依 山而建层层叠叠
549,春秋收种季节,居住方式,下到 河谷住庄房
549,采集/打猎,居住 方式,住火房
549,同乐村,经济模式,农耕与采集 并重
549,同乐村,特产制作,饲养野鸡制漆油
549,同乐村,特产制作,核桃油
549,同乐 村,手工艺,善 织麻布
549,同乐村,手工艺,麦编
549,同乐村,手 工艺,刺绣
549,汪忍波,身份,傈僳族音节文字 创始人
549,汪 忍波,授徒地点,同乐村
549,汪忍波,授 徒数量,百人
549,村尾,拥有,叶枝王氏土司 避暑山庄
549,同乐村傈僳族,信仰对象,神灵
549,同乐村傈僳 族,信仰对象,鬼 怪
549,神灵 种类,包括,天神
549,神灵种类,包括,山神
549,神灵种类,包括,火神
549,神灵种类,包括,龙神
549,神灵种类,包括,家神
549,种天神,统辖,四神
549,四神,管理内容,山林及动植物
549,四神,管理内容,水
549,四神,管理内容,火
549,四神,管理 内容,各家各户命运
549,鬼怪分类,包括,人死后的灵魂
549,鬼怪分类,包括,万物的精灵
549,万物的精灵 例子,包括,路鬼
549,万物的精灵 例子,包括,水鬼
549,万物的精灵 例子,包括,树鬼
549,万物的精灵 例子,包括,干瘦鬼
549,万物的 精灵例子,包括,吃鬼
549,巫师类型,包括,东巴
549,巫师类型,包括,尼扒
549,巫师职责,包括,主持祀神
549,巫师职责,包括,禳 鬼
549,巫师 职责,包括,占卜
549,成年礼仪,触发条件,年满岁
549,成年礼仪,协助者,舅父/ 舅母或同族成年人
549,成年礼仪内容,包括,帮穿裤子或裙子
549,成年礼仪 意义,视为,新生命的 开始
549,同 乐傈僳族,特长,能歌善舞
549,阿尺木刮歌舞,发源地,同 乐
549,阿 尺木刮歌舞表演特点,无乐器伴奏) 57. (阿尺木刮歌舞队形,分男女两队
549,阿尺木刮歌舞 领唱者设置,各队 一名) 59. (阿 尺木刮歌舞合唱形式,其余合唱
549,阿尺木刮歌舞跳法,包括,舞圆环
549,阿尺木刮 歌舞跳法,包括,进退 舞步
549,阿 尺木刮歌舞跳法,包括,跳山羊
549,阿尺木刮歌舞唱 词范围,从天上唱到 地下) 64. (阿 尺木刮歌舞唱词范围,从大自然唱到人类社会
549,阿尺木刮 歌舞作用,对傈僳族 文化传承起极重要作用) 6 6. (瓦器器舞,"所属场合, 大小喜事"
549,瓦器 器舞,所属场合,各种节庆活动
549,民歌类型,包括,祭天古歌
549,祭天古歌内容,包括,神话传说
549,祭天古歌 内容,包括,先民在 恶劣自然环境中艰苦奋斗
549,祭天古歌内容,包括,祈神赐福
549,祭天古 歌句式特点,多为五 音节) 73. ( 祭天古歌吟唱特点,音调平缓
549,木刮特点,即踏歌起舞的歌曲) 75. (木刮歌词内容,抒怀叙事
549,木刮歌词内容,唱天地万物) 77 . (木刮歌词内容,历史典故
549,木刮歌词内容,神话传说 ) 79. (木刮 歌词内容,道德规范
549,木刮演唱时长 特点,可连续唱几天) 81. (丧歌演唱 场合,祭奠亡灵时
549,丧歌演唱 者,巫师或长者) 83. (传统服饰制作 方式,全部手工制作
549,男子上衣款式,大襟白短褂) 85. (男子外罩服装,前襟开口的黑白条纹 长衫
549,男子系带选择,羊毛带 或麻布彩带) 8 7. (男子下装款式,蓝布大裆裤
549,男子左挎物品,麻布包腊裱和 刀) 89. (男子 右背物品,弩弓箭包
549,男子头部 装饰,帕子或毡帽 ) 91. (女子头部 装饰物,三角帽呙享 包黑布头帕
549,女子头部饰品元素,小贝壳) 93. (女子头部饰品元素,银 圆片
549,女子头部饰品元素,小铃 铛) 95. (女子 头部饰品元素,草编
549,女子上装 款式,细白麻布大 襟长衫) 97. (女子外罩服装款式,紫红或黑色坎肩
549,女子下装款式,百褶裙和刺绣围 腰) 99. (男女 共同穿着特征,打绑腿 穿草鞋
549,传世故事与神话传说篇 目,《洪荒与人神》 ) 101. (传世 故事与神话传说篇目,《 阿弓玛的故事》
549,传世故事与神话 传说篇目,《月亮上的木瓜 树》) 103. (传世故事与神话传说篇目,《寻水故事》
549,同乐村 傈僳族,保存特色,独特的天文历法
549,同乐村傈 僳族天文历法,价值 评价,有一定学术研究价值
549,民族体育活动 项目,射弩) 1 07. (民族体育活动项目,斗牛
550,奔子栏 村,位于,迪庆藏 族自治州德钦县南部金沙 江西岸的奔子栏镇
550,奔子栏 村,海拔,米
550,奔子栏村,全村户数,户
550,奔子栏 村,人口数,人
550,奔子栏 村,人均耕地面积,亩
550,奔子 栏村,人均年收入,元/年
550,奔子栏,历史时期,唐宋时期
550,奔子栏,地位,西南入吐蕃古道
550,奔子栏,地位,由滇入藏 茶马古道的咽喉之地
550,清康熙五 十八年,事件,清军 入藏
550,汉人,迁入原因,军、工、匠人、找 矿
550,汉人,行为,与藏族通 婚繁衍子孙
550,奔子栏,藏语 名称,公仔拉
550,公仔拉,含义,美丽的沙坝
550,公仔拉,音译,奔子 栏
550,奔 子栏村,地形特征,山地河谷
550,奔子栏村,地形 特征,高寒山区
550,奔子栏村,土壤特点,肥沃
550,奔子栏 村,粮食产量,高
550,奔子 栏村,自然生态环境保护状况,良好
550,奔子栏村,特色植物,古树名木
550,村庄,布局 特点,依山傍水
550,金沙江,流向,由北向南贯穿 全境
550,附近,神山,日 尼巴乌
550,附近,神山,布雍学布水边寺
550,村子和周围,建筑,白塔
550,村子和周围,建筑,白塔转 经殿
550,传统宗教文化,色彩,浓郁
550,村 寨聚落格局,保持状态,传统风貌
550,民居建筑,保存 状况,完好
550,碉楼式木结构建筑,占比,以上
550,奔子栏佛 塔殿壁画,绘制时期,清代
550,奔子栏佛塔殿壁画,级别,第六批云南省级 文物保护单位
550,奔子栏佛塔殿壁画,组数,共组
550,奔子 栏佛塔殿壁画,总面积,多平方米
550,奔子栏佛塔殿 壁画,技艺特点,精湛
550,奔子 栏佛塔殿壁画,保存 状况,完好
550,奔子栏,地理位置 优势,地处滇藏要道
550,国道 线,经过地点,穿 村而过
550,奔子栏,交通状况,极为便利
550,奔子栏,自然村 数量,个
550,每个自然村,组织 形式,社团组织
550,古瓦,职责,负责操办佛事、 祭祀、朝拜山神等活动
550,人人,信仰,藏传佛教
550,佛教、苯教,影响范围,渗入社会生活 的方方面面
550,习俗,完整性,完整
550,建房习俗,包括环节,择地、 选材、建房、进房 、斋戒诵经等过程
550,建房习俗,配套内容,一整套祭祀 礼仪
550,每年 新年,主持者,仓 巴
550,祭祀 者,组织活动,村 社进行各种祭祀山神、地 神、社神和朝拜神 山等活动
550,婚丧和节庆习俗,遵循方式,严格遵循传统方式
550,丧葬 方式,包括类型,土葬 、水葬、火葬、塔 葬、天葬等多种形式
550,该村,命名 机构及时间,年迪庆 藏族自治州政府命名的传统艺术特色之乡
550,传统民间 歌舞,种类特点,种类 多流传广泛
550,民歌类型,包括内容,山歌、劳动歌、风俗 歌、儿歌、情歌、 猜调等
550,音乐特点,旋律风格,欢快流畅、节奏鲜明曲调 大都高亢嘹亮
550,舞蹈类型,包括内容,锅庄舞、弦子 舞、情舞和宗教舞蹈等
550,表演形式 特点,多为演唱与舞蹈相结合 ) 59. (奔子 栏锅庄舞,"盛行程度 , 非常盛行"
550,奔子栏锅庄舞,动作特点,幅度较大 舞者下身坠地上身飘逸 动作变化多样稳健豪放刚柔 兼备表演自如潇洒包容了藏 区锅庄的各种特色有极高知名度
550,情舞,性质定位,男女青年 谈情说爱相聚时的歌舞
550,情舞表演 形式,男女随音乐唱腔 排成两排面对面起舞双手 舞动长袖节奏欢快刚劲 有力) 63. (传统 体育娱乐活动,"包括项目, 牛拉力格吾、掷石饼 落叫、斗牛、摔跤、爬山 、抱大石比赛踢毽子 、双人模拟斗羊斗牛、 老鹰抓小鸡、模拟钻 山洞、翻煎饼等"
550,重大节日,包括 内容,春节、阴历七月 十五转神山节、阴历 八月燃灯节、藏历十月 二十五日格鲁派祖师宗喀 巴圆寂的祭日等
550,春节藏语 名称,洛色) 6 6. (春节含义,意为 新年
550,春节 节期,每年农历正月初一 至正月二十五) 68. (春节活动目的,朝拜 神山祈求平安吉祥人丁兴旺 五谷丰登进行苯教祭祀 活动感恩佛祖、山神赐 给人间吉祥幸福、平安快乐
550,节庆特色 代表,春节最有特色体现出浓郁 的民族性和地域性) 70 . (奔子栏藏族妇女服饰,"色彩风格, 鲜艳协调 典雅端庄"
550,奔子栏藏族妇女服饰穿着 习惯,一般穿藏族传统服装 佩戴镶有珊瑚、玛瑙、 绿松石、海贝化石等 的金银饰物) 72 . (男子穿着习惯,亦 穿传统服装服装上不镶动物 毛皮不佩腰刀充分体现了 奔子栏人保护生态、关爱 自然的美德
550,民间文学地位,在藏族传统文化 中占有重要地位) 74 . (奔子栏现存民间文学 形式,神话故事、歌谣 、谚语等多为口头流传
550,民间藏医药 普及情况,普及) 7 6. (藏式壁画技艺特点,高超
550,酿制藏族青稞酒 技艺状况,完整) 7 8. (木器制作工艺包括 物品,木碗、糌粑 盒、酥油盒、木杯 、木碟、木盘、藏 式折叠桌等
550,木器制作工艺特点,精美远近闻名) 80 . (传统手工业特色项目,手工纺织较有特色包括搓 羊毛线织氆氇、牦牛 毛毯、羊绒毯和藏 式腰带
551,者太村,位于,文山壮族 苗族自治州广南县西北部
551,者太 村,地处,滇桂 黔交界地区
551,者太村,境内有景点,革夺仙人洞
551,者太村,境内有景点,清水江峡谷
551,者太村,由...组成,壮 族自然村
551,壮族自然村,数量为,个
551,者太村,人均耕地面积,亩
551,者太村,人均纯收入,元年
551,村子,朝向,坐西南 朝东南
551,村子,背山面坝,森林植被覆盖率达以上
551,民居建筑,木结构壮式干栏建筑 占比,以上
551,老人亭/亭棚,功能,为老人传道 、授业、解惑之亭
551,老人亭 /亭棚,属性,男性专属之亭女性禁入
551,老人亭/ 亭棚,后衍变为,句町王庙
551,句町王庙,别称,土主庙
551,句町 王庙,别称,神农庙
551,句町王庙,别称,侬智高庙
551,寨神亭,特点,一寨一亭 世代相传
551,建房过程,包括步骤,选址
551,建 房过程,包括步骤,择 日
551,建 房过程,包括步骤,开 山伐木
551,建房过程,包括步骤,立柱
551,建房过程,包括步骤,上梁
551,建房过程,包括步骤,进房
551,每个过程所用祭品,包含,酒
551,每个过程所用祭品,包含,鸡
551,每个过程所用祭品,包含,糯粑
551,纺织、染色、 刺绣工艺,保持风格,传统风格
551,壮锦,使用材料,红、黑、黄、蓝等 色纱线
551,壮锦,织成图案,方格图案的土布
551,壮锦,常用作,被里
551,壮锦,常用作,女性头 帕
551,壮 锦,常用作,包袱
551,壮锦,常用作,围帕
551,壮锦,地位,中国的四大名 锦之一
551,壮锦图案,包含元素,花
551,壮锦图案,包含元素,鸟
551,壮锦图案,包含元素,虫
551,壮锦图案,包含元素,鱼
551,壮锦图案,包含元素,蛙
551,壮锦图案,包含元素,鹿
551,壮锦图案,包含元素,鹤
551,壮锦图案,包含元素,兔
551,壮锦图案,包含元素,云
551,壮锦图案,包含元素,水纹
551,工艺类型,包括,织 锦
551,工艺 类型,包括,刺戳锦
551,工艺类型,包括,绣锦
551,工艺类型,包括,扣锦
551,工艺类型,包括,剪制锦
551,壮族男性服装,特征,头包自织自染 的棉布包帕
551,壮族男性服装,特征,穿对襟布 纽装
551,壮族男性服装,特征,穿大裆裤
551,壮族男性服装,特征,穿布鞋
551,壮族女性 传统裙装,头帕样式,用自制花方格织 锦在前额包扎成两支斜上的 角状帕式有遮阳
551,壮族女性传统 裙装,衣服款式,多为收腰、翘脚边、 右衽斜襟式上衣
551,壮族女性传统 裙装,配饰,戴银项圈配银、玉 牌等胸饰
551,壮族女性传统裙装,裙子材质与制作方式,用土布缝制百褶 裙
551,壮 族女性传统裙装,腰部 装饰与固定方式,用两头 有袋的宽边腰带从后 往前系紧使之在衣服下摆 露出
551,壮 族女性传统裙装,穿着 特点,裤裙同时穿着衣 短而裙长
551,壮族女性传统裙装,讲究配套,帕、 衣、裙、鞋配套
551,壮族女性发型 与头饰,将长发束 在头顶作锥髻状插上银 簪) 63. (壮 族女性劳动时头部装饰,包绣花匾形头帕
551,壮族女性 平时或喜庆场合头部装饰,包织锦角帕) 6 5. (壮族信仰对象,"包括, 自然神灵龙山有 山神"
551,壮族信仰对象,包括,树神
551,壮族信仰对象,包括,寨神
551,壮族信仰对象,包括,祖先
551,每家 供奉设施,供有神龛 ) 70. (年度祭祀 活动,每年三月祭龙山
551,祭祀地点 与对象关联,到亭棚 祭祀侬智高) 72 . (者太村壮族特色 表演形式,拢雅歪
551,拢雅歪 含义解析,“耍、跳、 舞”之意) 74. (拢雅歪中“雅” 含义,“女神”
551,拢雅歪中“ 歪”含义,“水牛” ) 76. (拢雅 歪别称或解释,水 牛母神之舞
551,拢雅歪道具包括,披袍扮水牛神 傩面具) 78. ( 拢雅歪道具包括,古代 兵器长棍
551,拢雅歪道具包括,古代兵器长矛) 80 . (拢雅歪道具包括,古代兵器大刀
551,拢雅歪道具包括,古代兵器钢叉) 82. (拢雅歪道具 包括,古代兵器戢
551,拢雅歪道具 包括,古代兵器勾镰) 84. (拢雅歪 道具包括,古代兵器三节 棍
551,拢 雅歪伴奏乐器包括,牛皮 鼓) 86. (拢 雅歪伴奏乐器包括,大 钹
551,拢 雅歪伴奏乐器包括,水 牛角) 88. ( 拢雅歪舞蹈类型包括,地面舞
551,拢雅歪舞蹈类型包括,爬高台舞) 90 . (拢雅歪特点描述,套路丰富特点鲜明既有舞蹈艺术 风格又有杂技技巧惊险刺激深受 壮家人喜爱
551,拢雅歪传承方式,以传习方式传承代代相传 ) 92. (拢雅 歪传承主体包括,传习 人
552,独龙江 乡,位于,怒江傈 僳族自治州贡山独龙 族怒族自治县西部
552,独龙江乡,总面积,平方公里
552,独龙江乡,海拔,米
552,独龙江乡,辖,个行政村
552,独龙江乡,辖,个村民小组
552,独龙江乡居民,分布在,独龙江两岸 的台地上
552,独龙江乡,户人,
552,独龙 族人,占全乡总人口比例,
552,独龙 江乡人均耕地面积,为,亩
552,独龙江乡人均收入,为,元年
552,独龙江乡周边 环境,特征,山青 水秀环境优美
552,村寨位置,建 在,独龙江两岸依 山傍水处
552,四周山上森林覆盖率,达,以上
552,民居类型,包括,木楞房和篾笆房
552,中、 上游地区如迪政当、献 九当、龙元,多为,木楞房
552,下游地区,全 为,竹篾房
552,村落风貌,保持,传统风貌
552,小寨传统草木结构 式建筑占比,占,以上
552,独 龙江乡地理位置,地处,横断山脉的峡谷地带
552,周围地形,都是,高山
552,地理环境特点,形成,封闭式的地理环境
552,交通方式,依靠,竹溜索、 木桥、吊桥、石拱 桥等
552,手工业特色,以,纺织最为常见
552,纺织工序除砍麻、剥 麻、晒麻外,由,妇女承担
552,主要织品,是,独龙毯
552,织毯材料,大多是,彩色晴伦毛线
552,独龙 毯用途,用于,制作 服饰、缝制被盖、做 装饰品等
552,独龙族妇女服饰上游一带 穿着,上身穿大襟长 袖短褂或花衬衣下身穿 长裤穿胶鞋或布鞋 披一块独龙毯) 2 9. (独龙族妇女服饰 下游一带穿着,上身穿大 襟长袖短褂或花衬衣 下着筒裙穿胶鞋或 凉鞋披一块独龙毯
552,男子穿着,上身着针织成衣下身着 长裤外披一块独龙毯 ) 31. (独龙 族男女喜好,均喜欢五 颜六色的饰品
552,女子饰品风俗,有 穿耳挂环的风俗喜用 铜钱、银币、兽骨 、兽齿、料珠等做成 串珠挂在脖子上或戴在耳朵 上) 33. (女子 手镯类型,戴佳蔓即 银环
552,男子手镯类型,戴木镯 ) 35. (古老习俗,文面是独龙族 妇女的古老习俗
552,文面图案差异,独龙江沿岸各地区有明显差别 ) 37. (文面 材料和方法,基本相同
552,新中国成立后文面 习俗现状,已渐少此 俗但目前尚可见一些老年妇女 有文面) 39. (使用语言,独龙族 语言
552,文字 情况,无文字) 4 1. (记事和传递信息 方式,以刻木、结 绳等方式
552,社会组织结构层次,可分为氏族、 家族公社和家庭) 43 . (基督教传入时间,世纪 年代
552,有 教堂的大村落,如迪政 当、巴坡、马库等 村) 45. (教徒 活动,定期到教堂做礼拜
552,咱白 节时间,每年月包谷 成熟时) 47. ( 圣诞节时间,月过圣诞节
552,信仰观念,信仰万物有灵认为鬼魂与人 同生同亡) 49 . (鬼的分类,天上 的鬼南木和地上的鬼 卜郎
552,地鬼特性,危害人畜 ) 51. (天鬼 特性,既害人又益 人具有双重性
552,自然信仰活动,有 祭天鬼、巫师砍鬼、 卜辣鱼、阿细斯洛 、阿细闹等) 5 3. (巫师种类,南 木萨和乌两种
552,民间文学传承方式,主要以口传方式进行传承) 55. (民间文学形式,有民间歌谣、神话 、史诗、传说、故事等
552,收集到的 神话传说,《人类起源》、《大 蚂蚁把天地分开》、《洪水泛滥》、《 创世纪》等) 57 . (突出文化元素,民间 医药和传统历法较突出至今 还在为独龙族群众所采用
552,民歌 统称,门租) 5 9. (唱歌、唱调子 称作,门租哇哇是 唱的意思
552,常见民歌类型,情歌 、叙事歌、习俗歌、山 歌小调、劳动歌、祭祀 歌、儿歌及哄娃调 等) 61. (传统 舞蹈,剽牛舞、卡 雀舞、克里舞、木伐 舞、伯普艾舞、肯 以舞和普鲁舞等
552,舞蹈现存情况,多已失传少数还 保留在老年人中) 63 . (跳舞时唱的歌称,郎木门租郎木是跳舞 门租意为歌
552,唱歌形式,有对 唱、合唱、一领众和 等形式) 65. (重大 节日,卡雀哇节
552,卡雀哇 节节期,每年月日) 67. (年节最 隆重活动之一,剽牛
553,丙中洛 乡,位于,怒江傈 僳族自治州贡山独龙 族怒族自治县县城北面高黎 贡山脚下
553,丙中洛乡,辖,个村委会
553,丙中洛乡,辖,个自然村
553,丙中洛乡,辖,个村民小组
553,丙中洛乡,包括,秋那桶
553,丙中洛乡,包括,甲生
553,丙中洛乡,包括,丙中洛
553,丙中洛乡,农户 户数,户
553,丙中洛乡,人口,人
553,丙中洛乡,怒族人占比,全乡总人口 年
553,村 寨四周山上,森林覆盖率,达以上
553,丙中洛乡,生产方式,传统山地农耕
553,丙中洛乡,人均耕地面积,亩
553,丙中洛 乡,人均年纯收入,元年
553,丙中洛境内景点,有,怒江第一湾
553,丙中洛境内 景点,有,贡丹 神山
553,丙中洛境内景点,有,嘎娃嘎普雪山
553,丙中洛 境内景点,有,石 门关
553,丙中洛境内景点,有,普化寺
553,丙中洛境内景点,有,田园景观
553,传统民居 形式,包括,木楞房
553,传统民 居形式,包括,土墙 房
553,传统 民居形式,包括,干 栏式建筑
553,传统民居房屋,占,以上
553,传统民居房屋,均有,独特的石板屋顶
553,传统民居房屋,均有,石板盖
553,择地、选 材、建房、进房等 过程,保存着,完整的 祭祀礼仪
553,丙中洛,历史悠久,文化底蕴深厚
553,丙中洛,特色,自然信仰、佛教、天主教、基督教 等几教共存并和睦相处
553,普化寺,是全乡佛教的中心寺,始建于年
553,普化寺,重建 于,年
553,信奉佛教的人家,都有,烧香台
553,烧香台,用于,家庭祭祀活动
553,很多怒族 大村,都有,教堂
553,重丁 天主教堂,年代最久,始建于年
553,重丁天主教堂,重建 于,年
553,宗教节日,包括,圣诞节
553,宗教 节日,包括,感恩节
553,宗教节日,包括,复活节
553,自然信仰中岩神,最主要崇拜神,吉米达
553,吉米达,集职能 于一身,山神、猎神 、谷神、生育神、婚 配神、保护神等诸神
553,自然信仰,有祭祀活动,拜 仙洞
553,自然信仰,有祭祀活动,接圣水
553,怒族妇女服饰,特点,朴素大方美观简洁
553,怒族妇女 上装,着,各 色长袖内衣
553,怒族妇女上装,外穿,无袖坎 肩
553,怒 族妇女腰部装饰,扎,鲜艳长布围腰
553,怒族妇女下 装,着,白色或 黑色裤
553,怒族妇女,喜爱佩戴,银首饰
553,怒族妇女,喜爱佩戴,银手镯
553,怒族妇女,喜爱 佩戴,耳环
553,怒族,保留 传统技艺,纺织技艺
553,怒族纺织技艺,主要织,怒族 毯拥朵
553,怒族毯拥朵,用于缝制,毯子
553,怒族毯 拥朵,用于缝制,筒裙
553,怒族毯拥朵,用于缝制,床单
553,怒族毯拥 朵,用于缝制,上衣
553,怒 族毯拥朵,用于缝 制,围腰
553,怒族毯拥朵,用于缝制,挂 包
553,几乎 每家,都有,织机
553,成年女子,都会织,怒族 毯拥朵
553,怒族,舞蹈形式,锅庄舞
553,怒族,音乐形态 保存完整,民歌
553,怒族民歌,包括,叙事歌《创 世纪》
553,怒族民歌,包括,山歌
553,怒族民歌,包括,劳动歌
553,怒族民歌,包括,儿歌
553,怒族民歌,包括,哄娃娃调即催眠曲
553,怒族民歌,包括,悼念歌
553,怒族民 歌,包括,祭祀歌
553,山歌,较丰富,内容、题材 广泛
553,山 歌,用于表达,青年 男女间爱慕之情的情歌
553,山歌,常用于抒发,个人内心的 多种情感
553,怒族舞蹈,包括,斗 鸡舞
553,怒族舞蹈,包括,孔雀 舞
553,怒 族舞蹈,包括,乌鸦喝水 舞
553,怒 族舞蹈,包括,蝴蝶舞
553,怒族 舞蹈,包括,赶乌鸦
553,怒族舞蹈,包括,舂墙舞
553,怒族舞蹈,包括,丰收舞
553,怒族舞蹈,包括,搓小米舞
553,逢年过节 、红白喜事、盖房 等场合,都要进行,唱歌、跳舞
553,伴奏乐器,包括,皮 鼓
553,伴奏 乐器,包括,竹笛
553,伴奏乐器,包括,弦子
553,传统体育活动,包括,射弩
553,传统体育活动,包括,爬竹竿
553,传统体育活动,包括,劈柴
553,传统体育活动,包括,搓麻
553,传统体育活动,包括,爬 绳
553,传统 体育活动,包括,斗角
553,传统体育 活动,包括,跳竹
553,传统体育活动,包括,荡秋千
553,传统体育活动,包括,摔跤
553,怒族传统节日,包括,春节
553,怒族传统节日,包括,仙女节
553,春节习俗,包括,提前酿酒
553,春节习俗,包括,砍柴
553,春节习俗,包括,舂粑粑
553,春节习俗,包括,杀猪
553,春节习俗,包括,打扫庭院
553,除夕之夜,要祭祀,火塘中的铁 三脚架
553,新年第一天凌晨鸡叫头 遍,人们争相去打,祖先水
553,大年初一至初三,不串门吃饭禁喝汤 ) 105. (春节期间 各村寨的年轻人,"举行比赛 项目包括, 射弩"
553,春节期间各村 寨的年轻人,举行比赛项目包括,摔跤
553,春节期间各村寨的年轻人,举行比赛项目包括,荡 秋千
553,老年人春节活动,相聚一堂 饮酒、唱古歌) 1 09. (仙女节别称,"包括, 山母节"
553,仙女节 别称,包括,鲜花节
553,仙女 节日期,每年农历三月十五 日过节) 112 . (仙女节活动,包括到 山洞举行祭祀活动接仙女的乳汁 亦即钟乳石滴水圣水喝
554,箐花村,位于,怒江傈僳 族自治州兰坪白族普 米族自治县西北面
554,箐花村,由 ...组成,个自然村
554,箐花村,地处,三江并流 自然保护区腹地的高寒山区
554,箐花村,附近有,罗古箐
554,箐花村,附近有,大羊场
554,箐花村,森林覆盖率达,以上
554,箐花村,民居建筑中占主导 形式,井干式木楞 房
554,箐花 村,保持了,普 米族传统的建筑形式
554,箐花村,村 寨格局保持,传统风貌
554,箐花村,历史悠久,传统农牧业
554,箐花 村,保存情况良好,服装服饰
554,箐花村,保存情况良好,饮食
554,箐花村,保存情况 良好,民间歌舞
554,箐花村,保存情况良好,麻毛纺织 工艺
554,箐 花村,传统村规民 约与新的村规民约相结合,对村寨日常生产、 生活共同起着管理约束作用
554,箐花普米 族妇女服饰,特点,庄重艳丽美观大方
554,箐花普米族妇女 服饰,包括,麻布大 襟衣
554,箐花普米族妇女服饰,包括,毛线长裙
554,箐花普 米族妇女服饰,包括,背披羊皮
554,箐花普米族妇女 服饰,包括,胸前佩戴银 链
554,箐 花普米族妇女服饰,喜用,宽大的红、 绿、蓝、黄等各色彩 带束腰
554,箐花普米族妇女服饰,手戴,镯圈 和戒指
554,箐花普米族妇女服饰,耳戴,银环或 玉坠
554,箐花普米族妇女服饰,用...作头饰和项链,五光十色的串珠
554,箐花 普米族妇女服饰,包,大头帕
554,箐花普米族 妇女服饰,喜用...编 入发辫中盘于头顶,牦牛尾及丝线
554,箐花普 米族妇女服饰,以... 为美,发辫粗大
554,男子一般 穿着,对襟麻布衣 ) 29. (男子一般 穿着,宽大长裤
554,男子一般穿着,披羊皮领褂左衽 像藏族穿戴) 31. (富有人家的男子穿着,氆氇和毛质大衣
554,富有人家的男子 穿着,膝下用布或 毛毡裹腿) 33 . (富有人家的男子穿着,有的穿自制的半筒猪 皮、牛皮鞋
554,特色工艺,包括,皮制品
554,特色工艺,包括,毛制品
554,皮制品 主要指,羊皮披风 ) 37. (羊皮 披风多用于,探亲 访友、婚丧年节时 穿用
554,羊皮披风有功用,装饰、御寒和作为姑娘嫁 妆等功用) 39. (毛制品经过各道加工工序 后即形成,毛料
554,毛料根据 不同需要分别制作,氆氇 ) 41. (毛料 根据不同需要分别制作,毡
554,毛料 根据不同需要分别制作,帽 ) 43. (毛料 根据不同需要分别制作,鞋
554,普米 族信奉,自然神灵) 45. (祭祀活动较频繁 主要有,祭天地
554,祭祀活动较频繁主要有,祭龙潭) 4 7. (祭祀活动较频繁主要有,祭山神
554,祭祀活动较频繁主要有,祭铁三脚) 49. (祭祀活动较频繁 主要有,祭祖先
554,祭祀活动较频繁主要有,祭中柱) 5 1. (主要传统节日,吾时节
554,吾时节要举行,打枪 、射弩比赛) 53 . (每逢节日、婚庆和 重大祭祀活动本村人及周边 亲友聚集在一起,唱古歌
554,每逢节日 、婚庆和重大祭祀活动本 村人及周边亲友聚集在一起,跳舞蹈搓蹉) 5 5. (普米族民歌 多为前人传下的传统曲目,即兴创作较少
554,普米族民歌 在形式上比较自由,不受 格律限制) 57. (普米族民歌内容丰富形式多样 婚俗类主要有,求亲 歌
554,普 米族民歌内容丰富形式多样婚俗 类主要有,迎客调) 59. (普米族 民歌内容丰富形式多样婚俗类主要有,接亲歌
554,普米族民歌 内容丰富形式多样婚俗类主要有,拦门歌) 61. (普米族民歌内容丰富形式多样 婚俗类主要有,果碟 调
554,普 米族民歌内容丰富形式多样婚俗 类主要有,聚谈调) 63. (普米族 民歌内容丰富形式多样婚俗类主要有,顶梁柱调
554,情歌主要有,铁打链环扣一生) 65. (情歌主要有,除非秤砣水面漂
554,祭祀类民 歌主要有,祭三脚调 ) 67. (祭祀类 民歌主要有,拜龙调
554,祭祀类 民歌主要有,祭中柱 ) 69. (丧礼 中主要演唱,指路歌
554,传统古 歌类主要有,吉典) 71. (传统古歌 类主要有,马鹿调
554,传统古歌 类主要有,黎明调) 73. (传统古歌类 主要有,巴扎贤赞
554,曲调多 用,五声音阶) 75. (旋律与语调密切相关,朗诵性与歌唱性紧密结合
554,旋律特点,质朴清新优美流畅) 77. (部分民歌音 域较宽可达到或接近两个 八度) 78. ( 节奏特点,平稳匀称长短 交错明快活跃
554,歌词一般为奇数音节 不等,三、五、七 、九个音节不等) 80. (四弦是普 米族民间乐器也是四弦舞 的主要伴奏乐器) 81. (四弦曲目较多除舞步的 调外还有部分古老的曲目如,四弦母调
554,四弦曲目较多除 舞步的调外还有部分古老的曲目 如,雀上树) 83. (四弦弹奏不受 性别和年龄限制,在普 米族地区传承和保护情况良好
554,搓蹉 舞流传广泛群众基础好是节 庆场合的主要民间舞,用 羊皮、木碗、木筷 、夹板为伴奏) 8 5. (搓蹉舞领舞 者右手拍击,羊皮
555,大槟榔 园村傣族 花腰傣传统文化保护 区,位于,玉溪市新平彝族 傣族自治县嘎洒镇南蚌村委会 行政村大槟榔园村
555,大槟榔园 村,人均耕地面积,亩
555,大槟 榔园村,人均收入,元/年
555,大槟榔园村寨,依山傍水,森林 覆盖率达以上
555,大槟榔园村寨布局及 土掌房民居,保持,传统风貌
555,土木结构的土掌房傣家 土楼,占全村总数,
555,大槟榔 园,编制竹具,很普遍
555,大 槟榔园,榨红糖历史,悠久
555,大槟榔园,保留着,土法榨糖的传统方法
555,大槟 榔园,传统生产生活习俗 节庆文艺体育活动祭祀信仰等 文化形式,内容丰富
555,大槟榔园村 寨附近,有,多 处自然景观
555,大槟榔园,交通便利,现已开发成花腰傣 民族文化生态旅游村
555,傣族花腰傣人,信奉,山神、 树神、天神、水神
555,全村,有,棵树
555,全村,每年有多次,祭祀活动
555,各种祭祀活动,根据,月、日、时来举行
555,每次所 祈求的内容,不同,
555,每逢春节、花 街节、祭村心开秧 门、祭竜树等节庆 活动时,由,竜 头(傣语叫涡色
555,竜头,负责主持,每年举行次 活动
555,全村 老小,集聚吃团圆宴,祈祷风调雨顺、 六畜兴旺、五谷丰登
555,全村老 小,一起,修桥 补路、修沟挡坝、 打扫卫生等
555,傣族妇女,自己纺 线、织土布、花布 和花腰带) 23. (花腰带,"种类繁多, 色彩绚丽条纹清晰层次分明"
555,花腰傣,因此得名,花腰带
555,花腰傣 服饰,艳丽特色鲜明) 26. (妇女传统服饰,"包括, 大衣、背心、腰带 、筒裙、高冠、脚 套等"
555,妇女身上,佩戴,银 饰、秧箩、背箩等
555,男子上 穿,黑色无领布扣 对襟衫) 29. (男子下穿,黑色长 管大筒裤
555,特色工艺品,主要有,花布、围巾、手帕 、挎包、秧箩、筒 裙、花腰带等
555,大槟榔园花 腰傣男女,至今仍保持,文身风俗
555,文身部位,多 纹,手、脚、手臂
555,妇女,有传统的染齿习俗) 34. (少女染齿,"一般在, 岁之间进行"
555,民歌小 调,形式多样丰富多彩,从 形式上可分为情歌、谜语 歌、喜事歌、祭祀歌 、山歌等
555,民歌小调,均为,口头传唱
555,主要乐器,有,竹子做的直箫筚 修、筚、鼓、镲、 铓、唢呐等
555,民间舞蹈种类,较多,鼓舞、芦笙舞
555,动作,有多个套路,
555,在传统的花街节 期间,整个大槟榔园 男男女女就会欢快地跳起,傣家舞
555,民间体育、健身、 娱乐活动项目,主要是,游泳、打陀螺
555,大槟榔园传统 节日,有,春节、 花街节、六月节、祭 村心、祭村门等
555,其中花街 节,最为盛大和有特色 ) 44. (花街 节,"是一年一度, 卜少少女赛美比美、 卜冒小伙子选美的节日"
556,岳 宋行政 村下辖永 老寨，位于 思茅市西盟 佤族自治县岳宋乡政府 所在地，是一个具有悠久历史和 深厚文化底蕴的佤族自然村。以下是 从 问题中提取的知识 图谱三元组： 1. 岳宋行政 村,下辖,永 老寨 2. 永老 寨 - 位于 - 思茅 市西盟佤族自治县岳宋乡 政府所在地 3. 永老 寨 - 海拔 - 米（ 具体数值未提供） 4. 永老寨 - 人均耕地 面积 - 亩（具体数值未 提供） 5. 永老 寨 - 人均纯收入 - 元年（具体数值未提供） 6. 永老寨 - 佤族传统民居标志 - 大榕树 7. 永 老寨 - 被列入项目 - 佤族民俗旅游文化村建设项目 8. 永老寨 - 服饰特色 - 美观大方、艳丽 简洁 9. 永老寨 - 妇女服饰特点 - 披 肩或无领短衣、无 袖紧身短褂、下穿 长至膝盖的前开口短裙 10. 永老寨 - 男子服饰特点 - 黑、 红、绿、黄种颜色的包 头、长袖无领或无 袖黑布短褂、对襟 衣、齐膝黑布裤 11. 永老寨 - 有自制简易织机 - 多数中老年妇女会织图案古朴 的土布 12. 永老寨 - 文身和 染齿习俗 - 过去存在 13. 永老寨 - 信仰 - 万物有灵 14. 永老寨 - 祭祀活动频率 - 过去频繁 15. 永老寨 - 民间文学内容 - 神话 故事如《司岗里的传说》、《 野猪与小鸟的故事》等 1 6. 永老寨 - 民歌种类 - 叙事歌、 山歌、劳动歌、情歌 、舞蹈歌、风俗祭祀歌、 儿歌等 17. 永老寨 - 演唱形式 - 独唱、领唱、对 唱和合唱 18. 永老寨 - 音乐特点 - 节奏鲜明、旋律与语调密切相关 、调式交替、滑音、 装饰音和颤音 19 . 永老寨 - 主要 乐器 - 木鼓克罗、 吹奏乐器得、独弦胡 琴整瓦等 20. 永老寨 - 民间舞蹈 题材 - 广泛、风格各异、 共个套路 21. 永老寨 - 具代表性舞蹈 - 《木鼓舞》、《甩发舞 》、《舂新米舞》、《贺新房 》等 22. 永 老寨 - 木雕内容 - 人像、牛头及各种 动物和方格花纹 23 . 永老寨 - 木 雕工具 - 斧、大刀 、长刀和小刀 24 . 永老寨 - 绘画 位置 - 窝朗房大房子 的四面板壁上 25. 永老寨 - 绘画内容 - 各种大小不同的人像、 牛、马、鹿及各类野生动物 26. 永老寨 - 民间传统体育用途 - 强身健体、节庆活动 比赛和表演 27. 永老寨 - 民间传统体育 项目 - 抱头摔跤、搂 颈摔跤、搂腰摔跤、梭 镖、跳木鼓、射弩 、爬竹竿、头战、 举臀翻天、马踢脚 、前后踢脚等 28 . 永老寨 - 游乐 活动 - 打陀螺、斗 鸡等 29. 永 老寨 - 传统节日 - 新米节优格拉阿龙、 拉木鼓克鲁克罗、新 火节优俄土老、盖 大房子窝朗房等
557,南段村,位于,思茅市澜 沧拉祜族自治县糯福 乡的最南端
557,南段村,西南 和南面接壤国家,缅甸
557,南段村,是,军事战略要地
557,南段行政 村,下辖,个自然 村
557,南段 行政村,下辖,个 茶厂
557,南 段村,现有人口户数,户人
557,南段村,人均耕地 面积,亩
557,南段村,人均收入,元年
557,南段村,主要姓氏包括,李、罗、白、王 等姓
557,南段村,以多姓 为主导,李姓
557,南段村,佛爷、卡些由姓担任,李姓
557,南段大寨,分,老寨和新寨
557,南段大寨,沿用传统社会组织制度管理,卡些社会组织制度
557,卡些,身份 是,寨子头人
557,卡些,处理事务范围,本寨 和寨外的重大问题
557,卡些,同时担任角色,宗教活动的组织者
557,佛爷,主要职责,管理佛堂香 火
557,佛 爷,代表寨民信奉对象,佛祖厄萨
557,佛爷,用教规约束,寨民 的言行
557,佛爷,主持仪式,卡些、着八、章利 等任职人的选举产生仪式
557,着八,职责是,专门管理本寨 寨务的人员
557,着八,别称,管理寨心者
557,着八,传承 文化类型,拉祜族自然 信仰的重要传承人
557,章利,属于制度 成员,卡些制度中的重要 成员
557,章 利,负责管理,本 村的农具
557,章利,安排生产 活动,本村铁匠生产 、打制和修理农业生产工具
557,老寨和新 寨,各有自己的职务人员,卡些、佛爷、着 八、章利
557,南段老寨的公共 佛房,地位描述,澜沧县境内规模最大设施最 完善的佛房
557,南段老寨的公共佛 房,活动状态,活动 正常
557,南 段老寨的公共佛房,每年举行活动时间,春节
557,南段 老寨的公共佛房,每年举行活动内容,隆重的 佛事活动
557,南段拉祜族各村 寨的中心地,有设施,平地广场
557,平地广场,容纳 人数范围,数百人至千人
557,平地 广场,中央栽立物,寨神柱
557,磕节和帕萨节,管理者,本村着 八
557,南 段老寨、新寨,着八、佛爷必须住房屋 类型,落地式木竹结构的 草房
557,其余民居,设计来源,政府安居工程统一设计的改良型 木结构干栏式传统民居
557,建房 习俗,保留传统环节包括,择地、选址、进新房 习俗
557,拉 祜族妇女服饰,大体分类,传统型和改良型两种
557,花边 装饰,使用图案类型,拉祜族传统图案
557,筒裙下部,组成元素包括,银泡和 花边
557,筒裙下部,组成图形形状,三角几何图形
557,南段拉祜西 妇女服饰,延续样式类型,传统式样
557,成年、老年和青年女子 服饰区分方式,颜色和花 边装饰) 45. ( 男子服饰过去穿着特点,穿 黑色圆领小开襟短衫
557,中老年 男子过去穿着特点,穿裤 管宽大的斜拼裆长裤 ) 47. (男子头部 装扮过去特点,头包黑 布包头
557,现在男子平时穿着特点（除 节日喜庆日外）,穿 汉装) 49. ( 南段大寨传统节日主要包括,春节、火把节、新 米节、月亮哈尼节、 葫芦节阿朋阿龙尼等
557,澜沧 拉祜族自治县人民代表大会常务委员决定日期,年月) 51 . (决定内容,每年农历 十月十五至十七日为拉祜 族阿朋阿龙尼葫芦节
557,决定目的 之一,弘扬民族精神) 53. (决定目的之二,加强民族团结
557,拉祜族民间文学类型 包括,创世神话传说、 迁徙史诗、习俗史诗、婚姻习俗 诗、祭祀诗等) 5 5. (已整理出版的拉祜 族民间文学作品包括,《肖代 噜代》、《牡帕密帕》、《 根古》、《兄妹分居》、《扩 根哈根》、《追蜂记》、《 哈空》等
557,南段拉祜族的 民间音乐特点,未形成专 一统一的曲调名称) 5 7. (南段拉祜族 的民间音乐区别方式依靠,歌词变化和演唱者的神情、速度
557,南段 拉祜族的主要乐器包括,哩嘎嘟、葫芦笙、南 段神鼓、象脚鼓等 ) 59. (葫芦笙 曲调特点,丰富多彩
557,葫芦笙演奏形式 包括,独奏、合奏 ) 61. (葫芦笙 广泛运用领域,民间舞蹈中
557,南段 拉祜族的主要舞蹈种类包括,葫芦笙舞、摆舞) 63. (主要舞蹈性质 描述,全民性的集体舞蹈
558,勐罕橄榄 坝傣族传统文化 保护区,组成,曼听
558,勐罕橄榄坝 傣族传统文化保护区,组成,曼春满
558,勐罕橄榄坝傣族 传统文化保护区,组成,曼降
558,勐 罕橄榄坝傣族传统文化保护区,组成,曼乍
558,勐罕橄榄坝 傣族传统文化保护区,组成,曼嘎
558,勐罕橄榄坝傣族传统文化 保护区,管辖属地,西双版纳傣族自治州景 洪市勐罕镇曼听行政 村
558,勐罕 橄榄坝傣族传统文化保护区,分布形态,扇形
558,勐罕橄榄坝 傣族传统文化保护区,视觉 比喻,开屏的孔雀
558,勐罕橄榄坝 傣族传统文化保护区,地理位置,勐罕镇的中心
558,勐罕橄榄坝 傣族传统文化保护区,坐落于,澜沧江边
558,勐罕橄榄坝 傣族传统文化保护区,居民 民族,傣族
558,勐罕橄榄坝傣 族传统文化保护区,包含建筑 类型,傣族干栏式 民居
558,勐罕橄榄坝傣族传统文化保护 区,包含元素,竜 林
558,勐 罕橄榄坝傣族传统文化保护区,包含元素,神树
558,勐罕 橄榄坝傣族传统文化保护区,包含元素,寨心
558,勐罕橄榄 坝傣族传统文化保护区,包含元素,公主井
558,勐罕橄榄坝 傣族传统文化保护区,包含 元素,孔雀坟寨心
558,勐罕橄榄 坝傣族传统文化保护区,包含元素,古老的佛寺
558,勐罕橄榄 坝傣族传统文化保护区,包含元素,佛塔
558,勐罕橄榄坝 傣族传统文化保护区,文化 地位,西双版纳傣 族村寨中唯一保持传统村落 文化和庭院风光的典范
558,勐罕橄榄坝 傣族传统文化保护区,附近 植被,古铁刀林
558,古铁刀 林,别称,黑 心树
558,古铁刀林,用途,炭薪柴树种
558,勐罕橄榄坝傣 族传统文化保护区,现存建筑 比例,傣族传统干栏 式竹楼建筑及傣式框架 结构木瓦屋面木楼占以上
558,勐罕 橄榄坝傣族传统文化保护区,文化特色,贝叶文化底蕴 深厚
558,勐 罕橄榄坝傣族传统文化保护区,宗教信仰,南传上 座部佛教
558,勐罕橄榄坝傣族传统文化 保护区,自然信仰对象,世间万物
558,勐罕橄榄坝傣族传统文化 保护区,文化载体,村寨
558,勐罕橄榄坝傣族传统文化保护 区,文化传承人,村民
558,勐 罕橄榄坝傣族传统文化保护区,包含知识领域,农耕
558,勐罕 橄榄坝傣族传统文化保护区,包含知识领域,天文历 法
558,勐 罕橄榄坝傣族传统文化保护区,建筑技艺内容,建 房习俗
558,勐罕橄榄坝傣族传统文化保护 区,宗教相关文化,宗教信仰及宗教礼俗
558,勐罕橄榄坝傣 族传统文化保护区,口头文学 形式,章哈
558,勐罕橄榄坝傣 族传统文化保护区,艺术表现形式,民间歌舞
558,勐罕橄榄坝傣族 传统文化保护区,艺术表现形式,民间美术
558,勐罕橄榄坝傣族传统文化 保护区,工艺类别,传统工艺
558,勐罕橄榄坝傣族传统文化保护 区,知名度范围,国内外
558,勐罕 橄榄坝傣族传统文化保护区,运作方式,公司农户
558,勐罕橄榄 坝傣族传统文化保护区,实践成果,丰富的实践经验
558,勐罕橄榄坝 傣族传统文化保护区,实践 成果,良好的社会效益
558,勐罕橄榄坝傣 族传统文化保护区,面临问题,人口增多
558,勐罕橄榄坝傣族 传统文化保护区,面临问题,森林减少
558,勐罕橄榄坝傣族传统文化 保护区,面临挑战,现代化进程对传统工艺、传统习俗 等造成严重的冲击
559,周城,位于,大理白族自治州大理市 喜州镇北端
559,周城,是,古代城邑之一
559,周城,是,大理坝子的一个重要 农村集镇
559,周城全村户人,为,云南省规模最大的自然村
559,周城,地处,白族地区的腹心
559,周城,代表,白族村寨 的典型代表
559,周 城,积淀着,深厚的 白族文化
559,婚嫁,属于,白 族的人生礼仪
559,拜寿,属于,白 族的人生礼仪
559,古戏台唱戏,属于,白族的文化表现
559,绕三灵,属于,白族的传统 节日活动
559,蝴蝶会对歌,属于,白族的传统节日活动
559,本主节,属于,白族的宗教祭祀 节日
559,三月 街,属于,白族 的传统节日
559,文昌会,属于,白 族的宗教节日
559,玄帝会,属于,白族的宗教节日
559,火把节,属于,白族的传统 节日
559,观音 会,属于,白族 的宗教节日
559,栽秧会,属于,白族的传统活动
559,周城,有,大量典型的白族民居 建筑
559,周 城,有,古建筑 传统手工艺扎染
559,扎染,闻名 于,中外
559,周城服饰与饮食,充满,浓郁的白族 特色
559,周 城,具有典型性于,云南省白族聚居地
559,周城,第二、第三产业发展迅速,改革开放以来
559,周城,形成,一批 从事扎染、建筑施工、餐饮 、旅游产品销售的专业户和企业
559,周城全村 年经济总收入,达,亿元
559,周 城居民年人均收入,超过,元
559,周城,保留民族传统 节日和民间习俗包括,春节
559,周城,保留民族传统节日和民间 习俗包括,本主节
559,周城,保留民族传统节日和民间习俗 包括,清明节
559,周城,保留民族 传统节日和民间习俗包括,三月街
559,周城,保留民族传统节日 和民间习俗包括,蝴蝶会
559,周城,保留民族传统节日和民间 习俗包括,绕三灵
559,周城,保留民族传统节日和民间习俗 包括,栽秧会
559,周城,保留民族传统节日和民间习俗包括,端午节
559,周城,保留民族传统 节日和民间习俗包括,火 把节
559,周城,保留民族传统节日 和民间习俗包括,中元 节
559,周 城,保留民族传统节日和 民间习俗包括,中秋节
559,周城,保留民族传统节日和民间习俗包括,冬至节
559,周城宗教节日包括,三月三的文昌会) 42. (周城宗教节日 包括,玄帝会
559,周城宗教节日 包括,三月十五的财神会 ) 44. (周城 宗教节日包括,四月初八 的接太子
559,周城宗教节日包括,六月二十四的祭关公) 46. (周城宗教节日 包括,八月十五的接观音
559,周城 宗教节日包括,八月二十七的 祭孔子) 48. ( 周城宗教节日包括,九月 九的九皇会
559,周城,保留 系统完整的人生仪式包括,出生
559,周城,保留系统完整的人生仪式包括,婚嫁
559,周城,保留系统 完整的人生仪式包括,拜寿
559,周城,保留系统完整的人生仪式包括,丧葬仪式
559,周城,保留 系统完整的人生仪式包括,建 房仪式
559,周城文艺活动包括,古 戏台唱戏) 55 . (周城文艺活动包括,绕三灵
559,周城文艺活动包括,蝴蝶会对歌) 57 . (周城体育活动包括,陀螺
559,周城体育活动包括,拔河) 59. ( 周城体育活动包括,耍 猴
559,周 城体育活动包括,篮球) 61. (周城体育 活动包括,下棋
560,萂村,属于,大理白族自治州宾川 县大营镇
560,萂村,历史悠久,文化丰富
560,萂村,家家藏书,户 户种花
560,萂村,出过 名人,杨干贞
560,萂村,是故里,南诏 贵族大义宁国主杨干 贞
560,萂村,风光秀丽,文物古迹众多
560,自然 村古建筑装饰,多 绘画雕塑,寺庙绘龙、 凤、狮、虎
560,民居,一般绘,南瓜龙花
560,萂村民居,现存多处,古老的四 合院
560,古老四合院,结构特点,前厅后院修廓 曲庑备极精巧
560,现在民居,主要为,土木结构
560,现在民居,砖木结构及钢混结构,较少
560,村民衣着装饰,是典型,古老白族服装
560,女性衣前短后 长,有区分,老 、中、青和已婚、未婚 之分
560,萂村 妇女,心灵手 巧,刺绣用于 衣服鞋帽及其他生活用品
560,刺绣 图案,特点,鲜艳工艺 精美
560,逢 年过节,萂村 几乎是,传统刺绣 艺术的盛大展览会
560,民间 文化,浓郁厚重,代代相传
560,一年一度,最具代表性仪式,接天子、接本主
560,文化活动,包括,绕三灵、 霸王鞭、大本曲、白 族对歌、洞经古乐 、耍龙舞狮、古装表演 、栽秧会
560,萂村民居建筑,别具特色,由 张、赵、杨三大姓的 民居群组成
560,各姓氏布局,特点,相对集中布局井然
560,庭院,特点,巍峨
560,山泉,沿,石巷穿流
560,萂村,最能体现,宾川 地区白族建筑风格和建筑艺术 的典型
560,萂村 有,本主 庙、太子庙、 老太庙、文昌宫 等) 27. ( 寺庙香火,"情况, 一年四季香火不断"
560,最隆重佛事活动,要数,农历正月十五 接天子回坛
560,每年正月十一,各 村轮流接,观音菩萨和 本主赵善政供奉
560,农历正月十五,各村要,舞狮
560,家家 户户,准备,丰盛 的美味佳肴摆在门口迎接天子 回家
560,接 天子活动,由,本 村当年结婚的男子负责组织
560,圣母寿诞,日期,农历二月二十三
560,本主 节,日期,农历七 月初九
560,朝斗节,日期,农历三月初一至初二、六月初一 至初六、九月初一至初 十一
560,超 度节、中元节,日期,农历七月十四
560,每年农历五月二十 龙王生日,村民们都要到,龙王庙中举行祭祀 活动
560,祭祀 目的,祈求,风调 雨顺、五谷丰登
560,民间文学,在萂村白族 传统文化中地位,重要
560,民间文学内容,主要以歌颂,白族的 名人、英雄为主
560,传说故事,家喻户晓,赵善政、杨干贞
560,也有作品,歌颂自由婚姻、讽刺贪 官污吏) 43. (神话传说,"包括, 《杨 干贞传奇》、《木王庙泉水 奇闻》、《莲花池的传说》、《 黑龙潭故事》、《奶尖山 的传说》、《凤凰山传奇》、《金 牛的来历》、《仙人的脚印》、《 本主伞》、《阴阳树》、《龙 马树》、《龙马坡》、《萂村 圣母 庙历史神话传说 》等"
560,民歌民 谣内容,主要以歌颂,白族民族英雄和反映白 族人民生产生活、赞美白族 人民勤劳、善良的优良传统为主要内容
560,萂村 的大 本曲,遵循歌词句式,三七一五
560,大本曲 旋律与语调,特点,紧密结合有时连说带唱并配 以表演动作使音乐具有诙谐 、幽默的风格特点
560,伴奏乐器,主要以,小三弦为主
560,伴奏乐器还配有,二胡、月琴、打击乐器 以及唢呐、竹笛等) 49. (萂村 洞 经音乐,"历史悠久, 音乐古朴 典雅优美动听节奏舒缓 富有感染力有浓郁的白 族特色"
560,洞经音乐演奏活动,以 春节为主) 51. ( 此外演奏时间,还有村民办喜 事、寿诞及农历每月的 初一、十五等
560,洞经音乐曲目,包括,《南清宫》、《将军令 》、《大开门》、《小开门》、《一 杯酒》、《流亡曲》等
560,民间传统体育,用途,强身健体 及节庆活动的比赛和表演
560,传统体育项目,包括,秋千、赛 马等
560,游乐活动,包括,对歌 、女子丢包、打陀螺 等
561,水槽寨瑶 族传统文化保护区,位于,红河哈尼族彝 族自治州河口瑶族自治县瑶山乡
561,水槽 寨瑶族传统文化保护区,包括,上水槽寨
561,水槽寨瑶族 传统文化保护区,包括,下 水槽寨
561,下水槽寨,瑶语 称,吊坪
561,瑶山乡水槽 寨,建于,瑶 族迁至时期
561,村边,有,溪流
561,村民,使用,竹槽引水
561,主要产业,包括,农耕
561,辅助产业,包括,采集
561,辅助产业,包括,狩猎
561,民居类型,以...为主,土墙红板瓦顶 土木结构
561,部分民居,采用,土墙茅草顶
561,传统 建房习俗,包括,建 房选材
561,传统建房习俗,包括,选址
561,传统建房习俗,包括,选吉日
561,传统 建房习俗,包括,平 地基
561,传统建房习俗,包括,上梁
561,传统建房习俗,包括,贺新房
561,瑶族妇女 服饰,特征,清秀 整洁美观朴素
561,服饰衣料来源,为,自纺自织 的粗布
561,染色工艺,使用,蓝靛浸染成色
561,服饰主色调,是,蓝色
561,族群别称,称为,蓝靛瑶
561,瑶族妇女技能,擅长,挑花刺绣
561,刺绣部位,包括,衣领
561,刺绣部位,包括,胸襟
561,刺绣部位,包括,袖口
561,刺绣部位,包括,肩垫
561,刺绣部位,包括,裤口
561,刺绣部位,包括,围裙
561,男子服饰,身着,无 领斜襟长袖衣
561,男子外 罩服装,为,无 领短褂
561,男子下装,穿着,宽腰大裆裤
561,年长者头饰,用,黑布条包头
561,年 长者头饰替代物,戴,老式瓜皮帽
561,瑶族姑娘成人标志,顶 板换衣装) 37. (管理模式,"实行 , 寨老制"
561,寨老职责,包括,管理村寨事务
561,寨老职责,包括,负责 祭祀活动
561,传统制度作用对象,村规民约影响,现代 生活
561,成人礼仪式,需要接受,度戒仪式
561,教育内容,包括,文化
561,教育内容,包括,礼仪
561,教育内容,包括,传统道德规范
561,传统节日,正月初一大年春节) 46. (传统节日,正月十五家神节
561,传统节日,三月三节) 48. (传统节日,五月初五端午节
561,传统节日,七月十五目莲节) 50. (传统节日,八月十五新米节
561,传统 节日,十月十六盘王节 ) 52. ( 三月三习俗,"染制, 花米饭"
561,染料来源,使用,野生植物
561,颜色象征意义,红色代表,红龙
561,颜色 象征意义,黄色代表,黄龙
561,颜色象征意义,蓝色 代表,青龙
561,宗教目的,用于,祖坟安龙
561,祈求 目标,家道平安) 59. (信奉神灵,"包括, 盘瓠"
561,信奉神灵,包括,盘王
561,信奉神灵,包括,伏羲
561,信奉神灵,包括,神农
561,自然神信仰 对象,雷王) 64. (自然神信仰 对象,谷魂
561,自然神信仰 对象,五雷保护神) 66. (家 宅神祇,灶王
561,地方 保护神,民官) 68. (地域守护 神,本境
561,土地神信仰,社皇) 70. (城市守护神,城隍
561,女性神灵信仰对象,女娘) 7 2. (女性神灵信仰对象,罗五娘
561,至高女神信仰 对象,帝母) 74. (牲畜守护神,牛官
561,祖先崇拜对象,家先) 7 6. (森林精灵信仰对象,花林
561,神秘力量象征对象,南曹) 7 8. (沙罗神信仰对象,沙罗
561,黄推神信仰 对象,黄推) 80. (程历神 信仰对象,程历
561,六神 祖师信仰对象,六神 祖师) 82 . (道教三清尊神之一,太清
561,道教三清尊 神之一,玉清) 84. (道教三 清尊神之一,上清
561,三元 信仰对象,三元) 86. (明皇神信仰 对象,明皇
561,祖爷神信仰 对象,祖爷) 88. (公王神信仰 对象,公王
561,四师神信仰 对象,四师) 90. (张天师信仰 对象,张天师
561,度戒传承 方式,师傅传授念经咒 ) 92. (法 事训练内容,包括法事程序 训练
561,宗教活动类型,包括度戒) 94. (宗教活动 类型,包括打斋
561,宗教活动类型,包括扫寨) 96 . (宗教活动类型,包括祭 龙
561,宗教活动类型,包括祭祖) 98. (宗教活动 类型,包括拜祭
561,文字记录系统,汉字记瑶音) 100. (文献应用范围,包括传记经
561,文献应用范围,包括宗教祭祀祭文) 102. (创作形式,包括歌谣
561,实用功能,包括写信 ) 104. ( 历史载体,包括记叙生活事务
561,现存文献数量级,数十种 瑶文书) 106 . (典籍年代特征,多为 清光绪年间经书
561,文化传承方式,包括口头相传传说神话故事) 108. (叙事 形式,包括老人唱读叙事长 诗
562,哈尼族 奕车人,居住地,车普村一带
562,车普村哈 尼族奕车人文化保护区,所属行政区划,红河哈尼族彝族自治州红 河县大羊街乡
562,车普村哈尼 族奕车人文化保护区,具体位置,车普村
562,奕车人民 居,建筑形式,等 腰三角形瓦顶
562,奕车人民居结构类型,包括,土木结构
562,奕车人民居结构类型,包括,砖木结构
562,奕车人女性 服饰特点,上衣样式,无领圆口成龟形
562,奕车人女性 服饰特点,内中外件套 数,共层
562,奕车人女性下装 特征,穿着方式,紧 臀超短裤
562,奕车人女性头饰元素,包含物品,洁白三角 帽
562,奕 车人女性头饰元素,搭配物品,小斗笠
562,奕车人 服饰装饰品材质,主要使用,银制
562,奕车人自制土布 主色调,包括颜色,纯 蓝
562,奕 车人自制土布主色调,包括颜色,靛青
562,奕车人自制 土布主色调,包括颜色,黑色
562,奕车人信仰体系核心理念,信奉内容,万物有灵
562,奕车 人信仰体系核心理念,信奉 内容,多神崇拜
562,奕车人重要 神灵对象,包括,寨神
562,奕车 人重要神灵对象,包括,树神
562,奕车人重要神灵对象,包括,祖宗神
562,扎勒特别称,又称,十月年
562,扎勒特性质 定位,属于节日类型,辞旧迎新盛大节日
562,仰阿那别称,包括称呼,姑娘街
562,仰阿那 别称,包括称呼,青年 街
562,仰 阿那别称,包括称呼,歌舞街
562,仰阿那时间节点,举办 时间,农历三月农闲期间
562,苦扎 扎节日属性,定位为,以欢乐为主的盛大节日
562,苦扎扎举办 时间,每年农历五月举行) 29. (昂玛突 节日主题,"核心内容, 祭祖神"
562,奕车人民间乐器种类,包括,栽秧号
562,奕车人民间 乐器种类,包括,小三弦
562,奕车 人民间乐器种类,包括,直箫
562,奕车人民间乐器种类,包括,草杆
562,奕车人民间乐器种类,包括,铓锣
562,奕车人民间 乐器种类,包括,大牛皮 鼓
562,奕 车人声乐形式类别,包括,哈巴传统唱本
562,奕车人 声乐形式类别,包括,阿茨山歌
562,奕车人声乐形式 类别,包括,情歌
562,奕车人 声乐形式类别,包括,罗
562,奕 车人声乐形式类别,包括,厄娄
562,奕车人声乐形式 类别,包括,茨然
562,奕车人 声乐形式类别,包括,多虾霞
562,奕车人声乐形式类别,包括,咪沙
562,咪沙应用场景,用于场合,守灵和 送丧时的叙事调
562,孙咪比艺术形式 定位,属于类别,哭 嫁歌
562,河迷抽艺术形式定位,属于类别,特定音乐表现
562,奕车人 舞蹈分类体系,包括类型,祭祀性舞蹈
562,奕车人舞蹈分类体系,包括类型,二人对跳舞
562,奕车人 舞蹈分类体系,包括类型,儿童模仿鸭子动作舞类
562,奕车人口头 文学代表作品,包括,《普 嘎纳嘎》
562,奕车人口头文学代表 作品,包括,《十二月生产调 》
562,奕 车人口头文学代表作品,包括,《母的米的》
562,奕车人口头 文学代表作品,包括,《阿 资资斗》
562,奕车人口头文学代表 作品,包括,《阿扎夺 拉》
562,奕车人口头文学代表作品,包括,《觉玛普德》
562,奕车 人口头文学代表作品,包括,《母什米嘎》
563,红河哈 尼族彝族自治州 弥勒县巡检司 镇高甸行政村,农户户数,
563,红河哈尼族 彝族自治州弥勒县巡检司镇 高甸行政村,人口数量,
563,红河 哈尼族彝族自治州弥勒县 巡检司镇高甸行政村,人均耕地面积,
563,红河哈尼族彝 族自治州弥勒县巡检司镇高 甸行政村,人均收入,
563,红河哈 尼族彝族自治州弥勒县巡检 司镇高甸行政村,民族,彝族阿哲支 系
563,传统民 居类型,包括,土木结构
563,传统民居 类型,包括,砖木结构
563,传统民居 类型,包括,土掌房 结构
563,传统民 居类型,包括,石木 结构
563,生产 生活方式,保持,男耕 女播的传统劳作形式
563,传统建房习俗,包括,择向
563,传统建房习俗,包括,选材
563,传统建房习俗,包括,建新房
563,传统建房习俗,包括,进新房
563,彝族阿哲人 传统服饰特点,具有,二方连续和四方连续图案
563,女子服饰组成部分,包括,三角帽
563,女子服饰组成部分,包括,大上衣
563,女子服饰组成部分,包括,中上衣
563,女子服饰组成部分,包括,小上衣
563,女子服饰组成部分,包括,围腰
563,女子服饰组成部分,包括,女 裤
563,女子 服饰组成部分,包括,鹰勾 高帮绣花鞋
563,女子服饰装饰元素,镶有,各种小巧玲珑 的银饰
563,男子服饰特征,为,深蓝带紫色的长袖上衣
563,男子服饰 特征,为,坎肩 褂子纽扣为自己制作的布纽 扣
563,男子 服饰特征,为,大 扭裆裤
563,传统舞蹈名称,为,阿哲跳乐
563,阿哲跳乐分类,包括,大跳
563,阿哲跳乐 分类,包括,小跳
563,小跳特点,为,圈跳男女 人数不限神情庄重动作朴雅舒 放
563,小 跳女性动作特征,为,垂首若思含羞含 情双手按拍节扶而不拍 自然分合于腹部
563,小跳男性动作特征,为,抱琴而 舞悠然自得
563,大跳特点,为,群情激越粗犷 欢快热烈
563,大跳呼喊声,为,爱佐爱莎
563,大跳女性动作变化,由,分扶手变为 甩拍击掌
563,大跳跳跃方式,为,大蹬曳似跑 跳步
563,大跳注重元素,为,队形的变化和穿插
563,民间文学故事名称,包括,《为猴吊丧 》
563,民间 文学故事名称,包括,《两 棵神药》
563,民间文学故事名称,包括,《给子和稍反》
563,民间文学 故事名称,包括,《爱佐 与爱莎》
563,民间文学故事名称,包括,《白鸡姑娘》
563,民间文学故事名称,包括,《黄果姑娘》
563,民间文学 故事名称,包括,《大力士 》
563,珍贵 彝族文献名称,为,《白马经书》
563,《白马经书》 持有者,为,老 毕摩普国安
563,《白马经书》内容 涵盖领域,包括,历史
563,《白马经 书》内容涵盖领域,包括,地理
563,《白马经书》内容涵盖领域,包括,宗教
563,《白马经书》 内容涵盖领域,包括,天文
563,《白马 经书》内容涵盖领域,包括,哲学
563,《白马经书》内容涵盖 领域,包括,伦理
563,《白马经书 》内容涵盖领域,包括,医药
563,《 白马经书》内容涵盖领域,包括,文学
563,《白马经书》用途,用于,阿哲丧 葬习俗
563,民歌形式分类,包括,情歌
563,民歌形式分类,包括,山歌
563,民歌形式分类,包括,儿歌
563,民歌形式分类,包括,酒歌
563,主要曲调名称,包括,阿哲跳乐调
563,主要曲调名称,包括,阿勒哩调
563,主要曲调 名称,包括,讲谜调
563,主要曲 调名称,包括,阿基 基调
563,主要 曲调名称,包括,放 牧调
563,主要曲调名称,包括,民俗音乐曲调
563,阿勒哩调和讲谜 调属性,为,情 歌
563,阿 基基调用途,用于,婚丧和叙述日常生活
563,乐器名称,包括,二胡
563,乐器名称,包括,三 弦
563,乐器 名称,包括,四弦
563,乐器名称,包括,响篾
563,乐器名称,包括,竹笛
563,乐器名称,包括,木 叶
563,乐器 名称,包括,唢呐
563,剪纸类型,包括,刺绣剪纸
563,剪纸类型,包括,祭祀剪纸
563,刺绣剪纸图案元素,包括,桃花
563,刺绣剪纸图案元素,包括,李 花
563,刺绣 剪纸图案元素,包括,山 茶花
563,刺绣剪纸图案元素,包括,牵牛花
563,刺绣剪纸图案元素,包括,几何图形
563,刺绣剪纸变形图案特点,具有,二方连续和对称 的特点
563,祭祀 剪纸制作者性别,为,男人
563,祭祀剪纸图案元素,包括,钱纸
563,祭祀剪纸图案元素,包括,鬼魂图
563,民间传统体育活动名称,包括,荡秋千
563,民间传统体育活动名称,包括,打陀螺
563,民间传统体育活动 名称,包括,赶小猪
563,民间传统体育 活动名称,包括,踢毽 子鸡毛毽和树叶毽
563,民间传统体育 活动名称,包括,老鹰 抓小鸡
563,祭祀活动频率描述,几乎 每月都有) 92. ( 主要祭祀活动时间及内容,"包括 , 农历正月初一祭祖庙 抢新水"
563,主要祭祀活动时间及内容,包括,农历二月祭龙活动
563,传统节日 名称,包括,春节
563,传统节日名称,包括,农历二月初二祭公 龙
563,传统 节日名称,包括,农历二月 初三祭母龙
563,传统节日名称,包括,农历六月二十四日火把节
563,特殊艺术 节名称及日期,为,阿哲人的爱佐与爱 莎歌舞艺术节(六月二十四
564,干塘子 村,民族,彝族撒 尼人
564,撒尼妇女,学习刺绣年龄,十一、 二岁
564,撒尼妇女,掌握基础 图案年龄,十三、四岁
564,撒 尼妇女,成为刺绣能手 年龄,十五、六岁
564,刺绣,衡量标准,姑娘是否能干
564,刺绣,衡量标准,家庭是否 和美
564,刺绣,关联领域,审美
564,刺绣,关联领域,理想
564,刺绣,关联领域,民俗事项
564,干塘子村刺绣,针 法技巧,挑花
564,干塘 子村刺绣,针法技巧,贴花
564,干塘子村 刺绣,针法技巧,锁花
564,干塘子村刺绣,针法技巧,穿花
564,干塘子村刺绣,针 法技巧,盘花
564,干塘 子村刺绣,针法技巧,滚花
564,干塘子村 刺绣,针法技巧,补花
564,干塘子村刺绣,针法技巧,刺花
564,干塘子村刺绣,针 法技巧,纳花
564,干塘 子村刺绣,针法技巧,纤花
564,干塘子村 刺绣,针法技巧,平绣
564,干塘子村刺绣,针法技巧,链子 扣
564,干塘子村刺绣,针法技巧,镂空
564,刺绣 图案来源,题材,花 鸟虫鱼
564,刺绣图案来源,题材,飞禽走兽
564,刺绣 图案来源,题材,山川 地貌
564,刺绣图案来源,题材,风物特产
564,干塘子村 刺绣,传承方式,口 传心授
564,干塘子村刺绣,传承方式,具体刺绣 活动
564,石林阿着底民族刺绣 产品开发技术协会,会员数量,近多人
564,普氏三姐妹,创办机构,民族民间传统 刺绣品厂
564,生产模式,形式,协会+厂家+农户
564,干 塘子村刺绣品,销售 地区,广东
564,干塘子村 刺绣品,销售地区,深圳
564,干塘子村刺绣品,销售地区,港、澳 、台地区
564,干塘子村刺绣 品,销售地区,泰国
564,干塘子村刺绣品,销售地区,越南
564,干塘子 村刺绣品,销售地区,日本
564,干塘子村刺绣品,销售地区,韩国
564,干 塘子村刺绣品,销售 地区,法国
564,干塘子村 刺绣品,销售地区,加拿大
564,干塘子村刺绣品,销售地区,美国
565,昆明市晋 宁县双河 彝族乡,民族构成,彝族人
565,秧老 鼓,别称,花 鼓
565,秧老 鼓,起源地,外地
565,秧老鼓舞,参与民族,汉族
565,秧老鼓舞,参与民族,彝族
565,秧老鼓舞,性质,自娱性
565,秧老鼓舞,性质,表演性
565,秧老鼓舞,场合,民间年节喜庆时
565,秧老鼓舞,场合,送葬时
565,秧老 鼓舞,伴奏乐器类型,打击乐
565,舞蹈动作,左手动作,扶鼓边或执毛巾
565,舞蹈动作,右手动作,持槌上下敲 鼓
565,舞蹈 动作,脚步动作,吸 腿跳步
565,舞蹈步伐,包括,对 花
565,舞蹈 步伐,包括,擦背换 位
565,秧 老鼓舞,风格特点,雄壮刚健
565,秧老鼓舞,情绪 表达,振奋进取
565,双河乡秧老 鼓,类别,紧鼓
565,双河 乡秧老鼓,类别,板鼓
565,紧鼓,节奏特点,深沉
565,紧鼓,动作特点,粗犷
565,紧鼓,强调部位,脚的动作
565,紧鼓,动作方式,双脚交替
565,紧鼓,表现情绪,欢乐
565,板 鼓,风格特点,刚 柔相济
565,板鼓,动作方式,屈伸
565,板鼓,动作方式,蹲跳
565,板鼓,动作方式,大翻身
565,板鼓,表现情绪,沉稳
565,双河乡,搜集到紧 鼓跳法数量,多套
565,双河 乡,搜集到板鼓跳 法数量,多套
565,双河乡秧 老鼓舞,传承方式,代代相传
565,双河乡秧老鼓舞,普及程度,十分普及
565,双河乡,自然村数量,个
565,自然村 鼓队规模,最大数量,三四支
565,自然村鼓队规模,最小数量,一二支
565,双河乡,总鼓队数量,支
565,双河 乡秧老鼓参与者,总 人数,人
565,秧老鼓传播中心,地点,双河
565,秧老鼓传播 范围,覆盖区域,滇 中地区
565,田坝村,户数,户
565,田坝村,人口数,人
565,田坝村,能跳各种 套路和主持仪式的师傅人数,人
565,田坝村,文艺骨干人数,人
565,节庆时田坝村参加 跳鼓人数,人数,人
565,节 庆时田坝村参加者年龄范围,最小年龄,岁
565,节庆时 田坝村参加者年龄范围,最大年龄,岁
565,双河乡秧老 鼓队,获奖赛事,北京山花杯居庸关中华 鼓舞大赛
565,双河乡秧老鼓队,获奖时间,年
565,双河乡秧 老鼓队,奖项,金奖
565,双河乡秧老鼓队,获奖赛事,昆明市第七届 农民运动会
565,双河乡秧老鼓队,获奖项目,传统体育项目 比赛第一名
565,双河乡秧老鼓队,获奖赛事,全国民间鼓舞 大赛
565,双 河乡秧老鼓队,承办城市,昆明市
565,双河乡秧 老鼓队,奖项,第一名
565,双 河乡秧老鼓队,荣誉称号,云南的威风秧 老鼓
565,双河乡秧老鼓队,荣誉称号,金牌秧老鼓
566,彝族左 脚舞,流传地区,楚 雄彝族自治州牟定县
566,彝族 左脚舞,别称,跳脚
566,彝族左脚舞,别 称,跳左脚
566,左脚调,音乐类别,情歌类
566,左脚调,音乐类别,颂歌类
566,左脚调,音乐类别,叙事歌 类
566,左脚 调,音乐类别,讽刺 类
566,左脚 调,音乐类别,诙 谐幽默类
566,左脚调,音乐类别,劝世类
566,左脚调,音乐 类别,教育类
566,左脚调,音乐类别,酒歌
566,彝族左脚 舞,基本步法,直脚
566,彝族左脚舞,基本 步法,甩脚
566,彝族左脚 舞,基本步法,垫脚
566,彝族左脚舞,基本 步法,跺脚
566,彝族左脚 舞,基本步法,踏脚
566,彝族左脚舞,基本 步法,踢脚
566,彝族左脚 舞,基本步法,赶脚
566,彝族左脚舞,基本 步法,合脚
566,彝族左脚 舞,特殊动作,串 花
566,彝 族左脚舞,特殊动作,翻身
566,彝族左脚舞,使用乐器,龙头四弦
566,彝族左 脚舞,使用乐器,小二胡
566,彝族左脚舞,使用乐器,芦笙
566,彝族左脚 舞,使用乐器,彝 琴
566,彝 族左脚舞,使用乐器,口弦
566,彝族左脚舞,表演场合,生产生活
566,彝族左 脚舞,表演场合,节庆喜事
566,彝族左脚舞,表演场合,婚宴礼仪
566,彝族 左脚舞,表演地点,村头
566,彝族左脚舞,表演地点,庭院
566,彝族左脚舞,表演地点,山间
566,彝族 左脚舞,表演地点,草坪
566,彝族左脚舞,主要 活动场合,三月会
566,彝族左脚 舞,主要活动场合,二月八
566,彝族左脚舞,唱 腔特点,高八度演唱
566,彝族 左脚舞,唱腔特点,清脆悦耳
566,彝族左脚舞,唱腔特点,高 亢热烈
566,牟定县,拥有,业余左脚舞歌舞队近支
566,牟定 县,拥有,骨干人员 余人
566,牟 定县,拥有,歌舞 乐代表性艺人多人
566,彝族村寨,拥有,自己的左脚舞队
566,彝族 左脚舞,成为,全民性舞蹈种类
567,楚雄彝 族自治州双柏县,主要民族,彝族
567,老虎笙,流传 地区,法脿镇
567,老虎笙,流传地区,大庄镇
567,老虎笙,流传地区,雨龙乡
567,老虎笙,舞蹈类型,祭祀性仿 生舞蹈
567,老虎 笙,文化地位,中国 彝族虎文化的活化石
567,彝族,自称,倮倮
567,彝族,祖先象征,虎
567,小麦 地冲村,民间故事元素,仙人变石虎守卫村庄
567,村民,目的,感谢石虎和 祭祀祖先
567,村民,创作依据,虎 的习性和爱好
567,村民,模仿对象,老虎动作
567,老虎笙,形成过程,继承发展成祭祀活动
567,老虎笙,风格特点,古朴传统民族风格 显著
567,老虎 笙,自娱性,非常强
567,法脿镇小麦地冲 村,著名表演,跳 老虎笙
567,虎节,时间范围,农历正月初八至十五
567,虎节,主要内容,接虎
567,虎节,主要内容,跳虎
567,虎节,主要内容,祭虎
567,虎节,主要内容,送虎
567,跳虎者装扮方式,使用 材料,黑色毡子捆扎 成虎皮样子
567,跳虎者装扮细节,身体装饰,用颜料画 虎花纹
567,伴奏乐器,包括,锣
567,伴奏乐器,包括,鼓
567,舞蹈队形中心,角色,道人
567,舞蹈形式,结构 特征,围圈起舞
567,外围参与者行为,活动内容,围绕跳 老虎舞
567,表演队伍组成元素,角色数量,只虎
567,表演队伍组成元素,角色数量,只猫
567,表演队伍组成元素,角色数量,个山 神
567,表演 队伍组成元素,角色数量,个道人
567,表演队伍组成元素,角色数量,个击鼓者
567,表演队伍 组成元素,角色数量,个敲锣者
567,行进方式,方向特征,逆时针方向
567,正月十五习俗,活动内容,到摆好 香火冥纸人家跳
567,正月十五习俗,目的意义,消灾免 难
567,舞蹈 动作类型,包括内容,老虎 亲嘴
567,舞蹈动作类型,包括内容,老虎搭桥
567,舞蹈动作类型,包括内容,老虎擦屁股
567,舞蹈动作类型,包括内容,送肥
567,舞蹈动作类型,包括内容,犁田
567,舞蹈动作类型,包括内容,耙地
567,舞蹈动作类型,包括内容,撒秧
567,舞蹈动作类型,包括内容,栽种
567,舞蹈动作类型,包括内容,拔秧
567,舞蹈动作类型,包括内容,收割
567,艺术特征,生活气息属性,浓烈
567,表演场面特点,气势特征,宏大
567,节奏特点,音乐属性,明快
567,视觉效果,震撼力属性,强
567,参与 程度,群众覆盖面,广
567,文化特质,地方特色属性,鲜明
567,传承方式,学习途径,村民自学 传承
567,发展现状,文化品牌地位,已成为 彝族文化品牌之一
567,影响力范围,国内外 影响程度,较大
567,出访经历,国家列表,日本
567,出访经历,国家列表,法国
567,国内巡演地点,包括地区,上海
567,国内巡演地点,包括地区,江西
567,国内巡演地点,包括地区,山东
567,国内巡演地点,包括地区,河南
568,大东乡,位于,丽江市区东北部金沙 江河谷地区
568,大东乡政府所在地,是,大东村委会
568,大东乡,辖,建新村民 委员会
568,大东 乡,辖,大东 村民委员会
568,大 东乡,辖,白 水村民委员会
568,大东乡,有,纳西族
568,大东乡,分布有,汉族
568,大 东乡,分布有,彝族
568,大 东乡,分布有,藏族
568,大 东乡,是,重要的 人类活动区域
568,大东乡,出土,新石器
568,东巴经书,记载,古战场
568,古战场,位于,大东乡
568,大东乡,是,传统纳西族农业 地区
568,大 东乡,保护和普及状况 最好,纳西族民间传统 歌舞艺术
568,大东乡,有,谷期
568,大东乡,有,时本
568,大东乡,有,劳喂
568,大东乡,有,纳西小调
568,大东乡,有,儿歌
568,大东乡,有,热美蹉
568,大东乡,有,喂麦达
568,大东乡,有,啊哩哩
568,大东乡,有,丽江古乐
568,大东 乡,有,口弦
568,大东 乡,有,芦笙
568,大东 乡,有,笛子
568,热美 蹉,保存得最为完好,大东乡
568,热美蹉,系,纳西语的汉字记 音
568,热 美蹉,是,纳 西族的集体歌舞
568,热美蹉,参加者少则,十余人
568,热美蹉,参加者多达,几百人
568,热美 蹉,表演形式,男女 老少手拉手围着火堆 按顺时针方向边唱边 跳
568,热 美蹉,领诵者,一位出口成章的男子
568,男众,唱诵词后三字并以 两次窝热热结尾) 3 6. (女声,在 男声部唱第二句词中间 模仿羊的叫声作为穿插
568,重要丧葬场合,有,上百人的大型 热美蹉场景
568,热美蹉,保留 着,纳西族传统的民间 艺术特征
568,热美蹉,对...产生 明显影响,纳西族的 民歌和音乐
568,大东乡,有 广泛的群众基础,热美蹉
568,大东 乡,具有纳西族民间 歌舞才能的人数众多) 42 . (大东乡,"有 代表人物, 和振强"
568,大东乡,有代表人物,张 富国
568,和振强等,发起建立,大东热美蹉艺术 团
568,张 富国等,发起建立,暑考村古乐队
568,大东热美 蹉艺术团,定期组织,民间歌舞表演
568,暑考村古乐队,定期组织,民间歌舞表演
568,《丽江 市古城区文化发展十一五规划 》,对...作出规划,纳西族民间歌舞艺术在大 东乡的重点集中保护和发展
568,相关法律法规和政策,指导,《丽江市古城区 文化发展十一五规划》
568,各种渠道,筹集资金,促进热美蹉 的传承与发展
568,相关民间组织,培育,年轻民间艺人
569,德宏傣 族景颇族自治州 梁河县,居住民族,汉、 傣、阿昌、景颇 、德昂、傈僳
569,葫芦丝,傣 语名称,毕朗道
569,毕朗道,直译,葫芦箫
569,葫芦丝,属类,吹管舌簧 乐器
569,葫芦丝,传承民族,傣族 、德昂族、阿昌族
569,芒东、 勐养,流传地区,傣族聚居地区
569,章毕村,傣 语含义,擅长制作和吹 奏葫芦丝的村子
569,德昂族,传说 故事,《昆撒乐和欧 比木》
569,傣族,传说故事,《 桑亮与少玉》
569,葫芦丝,组成部分,气斗葫芦、根 箫管紫竹或黄竹和 簧片
569,主管中间的管,特征,开按音孔前六后 一
569,短 副管和长副管,特征,不开音孔
569,葫芦丝制作,包括工序,加工葫芦、选 竹、打竹、选葫芦、 制作和安装簧片、校音 、在葫芦上装饰图案
569,葫芦丝,外形构造特点,简单、古朴
569,葫芦丝,音色特点,圆润、 缠绵、柔美
569,葫芦丝,艺术风格,浓郁的民族艺术风格
569,葫芦丝,功能,男女恋爱传情和 审美娱乐
569,梁河葫芦丝,优秀曲目,《竹林深处》、《节日德昂 山》、《勐养江畔》、《竹 楼情歌》
569,古调《幸荜班 陶》,演奏技巧要求,特殊的循环换气技巧一气 呵成
569,葫芦丝的制作与吹奏,发展阶段,自然传承、衰落 、改良升华
569,葫芦丝,现状,最具地方特色的民族民间传统乐器
569,葫芦丝产业,包含内容,原材料生产 、产品加工、技艺培训、活动 展演
569,梁 河县,演奏人群分布,各汉族、阿昌族、 德昂族乡镇
569,演奏者年龄范围,四五岁到七八十岁) 2 5. (南甸丝竹乐队,"类型, 演奏队伍"
569,老沙坝 葫芦丝表演队,类型,演奏队伍
569,全县,掌握吹奏技艺 人员数量,多人
569,梁河县,具有较高演奏水平的骨干,一大批
570,孔雀舞,流传地区,德宏州的瑞 丽、潞西及西 双版纳、孟定、 景谷、沧源等傣族 聚居区
570,瑞丽市的孔雀舞,代表性地位,最有代表性
570,傣 族人民,象征意义,孔雀是吉祥的象征和幸福的圣鸟
570,傣 族,舞蹈名称,嘎 洛勇
570,傣族,最喜欢的民间舞蹈,孔雀舞
570,傣族,生活 必需品,歌舞
570,节日期间,活动 内容,敲响大铓锣、 敲起象脚鼓、跳起 孔雀舞
570,瑞丽傣族孔雀舞,主要形式,单人舞
570,瑞 丽傣族孔雀舞,次要 形式,双人孔雀舞
570,瑞 丽傣族孔雀舞,舞 者性别倾向,男性居多
570,瑞 丽傣族孔雀舞,舞蹈 风格,轻盈灵秀
570,瑞丽 傣族孔雀舞,动作特点,鲜明
570,瑞丽傣族孔雀 舞,情感表达,细腻
570,瑞丽傣族孔雀舞,舞姿特征,优美多平和 之气
570,架子孔雀舞,动作类型,跳跃、翻、跪和 下腰、虎跳等动作技巧
570,毛相,身份,著名 孔雀舞舞蹈家
570,毛相,获奖情况,国际、国家级大奖
570,瑞丽,群众基础,厚实
570,每个村寨,拥有组织,演出队
570,每个村寨,拥有角色,自己的孔雀舞 代表艺人
570,孔雀舞,文化属性,傣族人民的智慧结晶
570,孔雀 舞,审美功能,有 较高审美功能的民间舞蹈
570,孔雀舞,表演场合,重要民族节 庆中单独表演
570,孔雀舞,融合形式,集体舞嘎光 中大众同舞
570,孔雀舞,社会意义,维系民族团结
570,孔雀舞,文化认同感,傣 族最有文化认同感的舞蹈
571,目瑙纵 歌,流传 地区,德宏 傣族景颇族自治州的 景颇族聚居区
571,目瑙 纵歌,起源,宗教 活动
571,舞场中心,立起的 木柱名称,目瑙示 栋
571,目瑙示栋,用途,祭祀太阳神和指示舞蹈线路
571,苏 目瑙,主题内容,招财庆丰收
571,巴当目瑙,主题内容,庆祝胜利
571,定栓 目瑙,主题内容,庆贺新居落成
571,结如目瑙,主题内容,出征誓 师
571,目瑙纵歌,表现内容,战争
571,目瑙纵歌,表现内容,生产
571,目瑙 纵歌,表现内容,生活
571,目瑙纵歌,表现 内容,迁徙
571,目瑙纵歌,表现内容,历史
571,目 瑙纵歌,表现内容,文化
571,目瑙纵歌,表现内容,宗教信仰
571,目瑙纵 歌,法定为民族节日的 机构,德宏州人大常委会
571,目 瑙纵歌,节期,每年农历正月十五至十八
571,陇 川县,特点,景 颇族人口最多
571,陇川县,特点,目瑙纵歌 传承最为完整规范
571,陇川县,特点,最具代表性的地区
571,目 瑙纵歌,包含元素,音乐舞蹈
571,目瑙纵歌,包含元素,绘画雕刻
571,目 瑙纵歌,包含元素,服饰
571,目瑙纵歌,包含元素,建筑工艺
571,目瑙 纵歌,包含元素,宗教礼俗
572,锅庄,类型,藏族自娱性无 伴奏集体舞蹈
572,香格里拉 县,别称,果 卓
572,果卓,含义,圆圈 舞、欢乐舞
572,锅庄,表演 场合,重大节日
572,锅庄,表演场合,婚嫁喜庆
572,锅庄,表演场合,重要聚会
572,锅 庄,表演场合,迎 宾送客
572,锅庄,表演场合,丰收季节
572,香格里拉锅庄,分类,旧锅庄
572,香格里拉锅庄,分类,新锅庄
572,旧锅庄,名称,擦尼多
572,擦尼多,内容特点,原始宗教内容
572,擦尼多,性质,祭祀性质
572,擦尼 多,受众群体,宗教 界人士
572,擦尼多,受众群体,老年人
572,新锅庄,名称,擦司
572,擦司,特点,吸纳新内容、 新形式
572,擦司,特点,舞姿灵活
572,擦司,特点,具有时代气息
572,香格里 拉锅庄舞步,大类,走舞
572,香格里拉锅 庄舞步,大类,转舞
572,香格里拉锅庄舞步,大类,模拟动物 舞
572,走舞,特点,动作简单
572,走舞,参与方式,可吸收大量人员一起跳
572,转舞,常见类型,两步半舞
572,转舞,常见 类型,六步舞
572,转舞,常见类型,八步 舞
572,转舞,常见类型,六步加拍
572,转舞,常见类型,八步加 拍
572,模拟动物舞,模仿对象,猴子
572,模拟动物舞,模仿对象,兔子
572,模拟动物舞,模仿对象,孔雀
572,锅 庄舞,表演形式,男女对歌对舞
572,锅庄舞,节奏变化,先跳 慢板随后逐渐加快至快板 结束
572,锅庄舞,曲调 数量,多达上百种
572,锅庄 舞,歌词数量,多达 上千首
572,锅庄舞歌词,创作规律,严谨巧妙的比喻 规律
572,锅庄舞服饰,性质,藏民节日盛装
572,锅 庄舞服饰,特点,不同地域各有特点
572,香格里拉县 锅庄舞,传承特征,全民传承
572,香格里拉县锅 庄舞,群众基础,十分广泛
572,乡村,组织形式,专门的锅庄舞队
572,建塘 镇,著名艺人,杨 庆科
572,建塘镇,著名 艺人,马仲春
572,小中 甸,著名艺人,给 玛
572,五境乡,著名艺人,阿几
572,香格里拉县 锅庄舞,媒体宣传,中央电视台专题介绍
572,香格里拉县 锅庄舞,媒体宣传,云南省电视台专题介绍
573,叶枝镇,民族构成,傈僳族
573,阿 尺木刮,所属民族,傈僳族
573,阿尺木刮,含义,山羊的歌舞
573,阿尺木刮,起源方式,模仿山羊叫
573,阿尺木 刮,起源方式,模仿 山羊跳
573,阿 尺木刮,伴奏特点,无乐器伴奏
573,阿尺木刮,曲 调特点,可缓可急
573,阿尺木 刮,音符特征,跳动 较为频繁且幅度大
573,阿尺木刮,演唱技巧,多颤音
573,阿尺木 刮,基调模仿对象,山羊叫声
573,阿尺木刮,唱词 内容,天文地理
573,阿尺木刮,唱词内容,栽种收割
573,阿尺 木刮,唱词内容,悲欢离合
573,阿尺木刮,舞蹈动作依据,歌声节奏 踏步
573,阿尺木刮,参与者规模 下限,人以上
573,阿尺木刮,最大参与人数,上百人
573,阿尺 木刮,现存跳法种类 数量,种
573,阿尺木刮,具体跳法1,舞圆 环
573,阿 尺木刮,具体跳法 2,进退舞步
573,阿尺木刮,具体跳法3,三步 跺脚
573,阿尺木刮,具体跳 法4,跳山羊
573,阿尺木刮,具体跳法5,对脚板
573,阿尺木刮,具体 跳法6,龙盘旋
573,阿尺木 刮,具体跳法7,舞旋风
573,阿尺木刮,具体 跳法8,磨盘旋转
573,阿尺 木刮,具体跳法9,迎宾客
573,阿尺木刮,具体跳法10,寻求 爱侣
573,阿尺木刮,队形 变化形式1,大圆圈
573,阿尺木 刮,队形变化形式2,半圆弧
573,阿尺木刮,队形变化形式3,直纵队
573,阿尺木刮,队形 变化形式4,穿插式
573,阿尺木 刮,主要脚步类型1,跳摆
573,阿尺木刮,主要 脚步类型2,搓蹂
573,阿尺木 刮,表演服饰类型,生活装
573,阿尺木刮,服饰制作 方式,自己缝制刺绣
573,叶枝镇,表演队伍数量,支
573,叶枝 镇阿尺木刮表演队,总人数,多人
573,叶枝镇阿 尺木刮表演者,平均 年龄,岁左右
573,叶枝镇阿尺木 刮表演者,最大年龄,岁
573,叶枝镇阿尺木刮表演 者,最小年龄,岁
573,同乐 村,参与跳阿尺木 刮人数,多人
573,同乐村,全家参与跳舞的家庭数量,很多 家
573,过去 村里表演队,传统演出场合 1,春节
573,过去村里表演队,传统演出场合2,火把 节
573,过去 村里表演队,传统演出场合 3,婚嫁
573,过去村里表演队,传统演出场合4,祭祀
573,现在村里 表演队,新增演出场合,喜庆的事
573,阿尺木刮,现代 用途,迎宾接客礼仪 歌舞
574,文山壮 族苗族自治州富 宁县,位于,云南东南部 2 . 富宁壮剧 - 源远流长 - 是 全国仅有的两个壮剧剧种繁衍 地之一 3. 富宁 壮剧 - 最早出现于 - 富宁剥隘的者宁 地区 4. 富宁壮 剧 - 源于 - 壮族 民歌 5. 富宁 壮剧 - 有四大声腔 - 哎咿呀、哎依 哝、乖嗨列、依嗬 海 6. 富宁壮 剧 - 伴奏乐器有 - 马骨胡、板胡、葫芦 胡、无膜竹笛等 7. 剧本 - 用汉字 记录壮语 - 多为五言 体叙事诗 8. 剧目 内容取材于 - 本民族的历史 传说故事、汉族的演义小说 、汉族唱本弹词和当地的 民间故事 9. 富宁 县第一个戏班 - 建立时间 - 1950年 10. 富宁县首次 壮剧汇演 - 演员人数 - 百余人（195 1年） 11. 全县的壮戏班子 - 发展到 多个 - 1952年 12. 富宁县 壮剧团 - 成立时间 - 1953年 1 3. 富宁县壮剧 团 - 后改为 - 文 山州壮剧团 14 . 文山州壮剧团 - 参加云南省民族戏观摩大会 - 自编剧目《螺蛳 姑娘》被选入《中国少数民族 戏剧选》（1954年 ） 15. 文革中 壮剧受到冲击处于停滞状态后 逐步得以恢复 16. 富宁县多次举办农民文艺汇 演 - 新增和恢复的戏 班达多个 - 长年活动的 戏班和一大批壮剧艺人支撑 着壮剧的发展使壮剧成为 当地最具代表性最有影响力的剧种。
575,文山壮 族苗族自治州广 南县,是,省级历史文化名城
575,广南县,居住着,汉、壮、苗、瑶 、彝、回等民族
575,铜鼓舞,主要流传于,壮族 、彝族
575,壮族铜鼓舞,主要流传于,者免乡 、底圩乡、者太乡 、珠琳镇、旧莫乡 、那洒镇
575,彝族铜鼓舞,主要流传于,八宝 镇、黑支朵乡
575,铜鼓,作为古代器物,在 云南分布很广
575,晋宁石寨山 与江川李家山出土的 大量青铜器中,铜鼓 占有,重要的地位
575,广南县的 铜鼓,历史追溯到,战国及秦汉时期
575,广南县,出土过,竞渡鼓 石寨山型、沙果鼓 万家坝型、沙国鼓万家 坝型
575,一些壮族和彝族 村寨,收藏着约面 传世铜鼓数量,居文 山州第二位
575,《广南县铜 鼓舞之乡调查报告》,记录 了,铜鼓的名称、类型 、数量、所在乡镇及现在还在使用 的民族
575,铜鼓舞,以用铜 鼓伴奏而得名,壮语称 拢尼、拢尼冬、拢 咛咚、拢英法等
575,铜 鼓舞,为集体圆圈舞,舞者踏鼓点节奏逆 时针起舞
575,壮族,在春节、三月三花街节 、六月六节时,举 寨击鼓歌舞
575,壮族,平时在婚丧嫁娶、生孩子 时也跳,铜鼓舞
575,铜 鼓舞,融合吸纳了,生产劳动动作如撒秧、拔 秧、栽秧、纺纱、 浣纱、织布等
575,那洒 镇贵马村的铜鼓舞,把一年四季的生产生活用动作形象 地表现出来,共有套动作
575,彝 族铜鼓舞,多为原始狩猎 采集、撒荞烤火等,生产、生活动作
575,演奏铜鼓 时,多为两人配合敲击,将铜鼓横悬地面用 竹条敲击鼓腰鼓槌敲击 鼓中心按一定节奏让鼓发出 不同声响
575,有的地方,加上了 宽边锣铓锣、牛角 号、牛皮鼓伴奏乐队有七八 人,伴奏
575,铜鼓舞,在广南县有着,丰厚的 历史积淀与群众基础
575,有的村寨,保留着,祭鼓 仪式
575,铜鼓舞,可谓是,活着的古代铜鼓文化
575,其演出 活动经久不衰,多次 参加,省、州、县 的各种演出活动
576,文山壮 族苗族自治州文 山县开化镇,辖,个社区
576,文山 壮族苗族自治州文山县开化 镇,辖,个村委会
576,文山壮 族苗族自治州文山县开化镇,辖,个村民小组
576,文山壮 族苗族自治州文山县开化镇,人口户数,户 人
576,壮族,占总人口比例,
576,壮族纸马舞,起源用途,丧葬 祭祀舞蹈
576,壮 族纸马舞,伴随表演 元素,鬼脸
576,壮族纸马舞,伴随表演元素,狮子
576,壮族纸马 舞,伴随表演元素,大刀
576,壮族纸马舞,伴随 表演元素,小刀
576,壮族纸马 舞,伴随表演元素,手巾
576,壮族纸马舞,伴随 表演元素,拂尘
576,传统纸马舞,舞者人数,人
576,现代纸 马舞,发展为,群众性娱乐舞蹈
576,现代纸马舞,最少舞者数量,人
576,现代纸马 舞,最多舞者数量,上百人
576,纸马舞适用场合,包括,婚丧嫁娶
576,纸马舞适用 场合,包括,喜庆节日
576,纸马舞 适用场合,包括,迎宾 接客
576,开化镇壮族村寨,拥有,纸马舞队
576,全镇 纸马舞队数量,余 支) 22. (全 镇纸马舞队员总数,多人
576,跳 纸马舞时,使用道具,纸马架子
576,跳纸马舞时,伴奏乐器,马铃
576,跳纸 马舞时,伴奏乐器,锣
576,跳纸马舞时,伴奏 乐器,鼓
576,跳纸马舞时,伴奏乐器,镲
576,纸马舞模拟 对象,马的形态和动作 ) 29. (纸马 舞舞蹈套路,"包括, 征战"
576,纸马 舞舞蹈套路,包括,嬉戏
576,纸马 舞舞蹈套路,包括,行走
576,纸马 舞舞蹈套路,包括,打架
576,纸马 舞舞蹈套路,包括,踢 脚
576,纸 马舞舞蹈套路,包括,刨地
576,纸马舞舞蹈套路,包括,奔跑
576,纸马舞舞蹈套路,包括,跳跃
576,纸马舞舞蹈套路,包括,嘶鸣
576,纸马舞特点,节奏 性强) 39. (纸 马舞特点,热烈粗犷
576,纸马 舞特点,变化多样) 41. (纸马舞特点,古朴生动
576,纸马舞表现内容,马的灵性与动感) 43. (纸马舞 表现内容,人与马亲密 和谐的关系
576,纸马制作工艺,集,民间扎
576,纸马制作工艺,集,裱
576,纸马制作工艺,集,画
576,旧时纸马材料,用稻草扎) 48. (改进后纸马材料,用竹子编扎
576,改进后纸马材料,用纸裱糊) 5 0. (改进后纸马装饰,用绘画做装饰
576,现在纸马骨架 材料,用竹子编铁丝扎 ) 52. (现在纸 马装裱材料,用花 绒布和黑绒布
576,现在纸马装饰 部位,马身) 5 4. (现在纸马装饰部位,马尾
576,现在纸马装饰部位,马耳朵) 56. (现在纸马装饰物,彩球珠链
576,现在纸马装饰物,花辫) 58. (现在纸马装饰物,镜子
576,现在 纸马装饰物,铃铛 ) 60. (开化 镇纸马舞表演者性别,妇女
576,开化镇纸马舞服饰风格,壮族妇女传统生活装 ) 62. (开化 镇纸马舞传承方式,世代相传
576,开化镇纸马舞代表性人物,高绍英) 6 4. (开化镇纸马 舞代表性人物,何永琼
576,何永 琼现状,因年事已 高不再表演) 66. (开化镇壮族纸马 舞,"参加活动级别, 州级文艺表演"
576,开化镇壮族纸 马舞,参加活动级别,县级文艺表演
576,开化镇壮族纸 马舞,参加活动级别,乡镇级文艺表演
576,开化镇壮族 纸马舞,媒体关注情况,多家媒体屡次进行宣传报道
576,开化 镇壮族纸马舞,收录文献,《云南民族民间舞蹈 集成》
577,峨山彝 族自治县,流传,花鼓舞
577,花鼓舞,彝语称,者波必
577,花鼓舞,起源时间,清末
577,花鼓舞,最初用途,丧葬 祭祀性歌舞
577,花鼓舞,演变方向,以舞为主、歌为辅
577,花鼓舞,适用场合,逢年过节
577,花鼓舞,适用场合,拜年贺 喜
577,花鼓舞,适用场合,联欢
577,花鼓舞,适用场合,开新街
577,花鼓舞,适用场合,庆典
577,花鼓舞,适用场合,丧事
577,花鼓舞,核心表现形式,脚的动作和 步法变化
577,花鼓舞,吸收元素,彝族跳乐动作
577,花鼓舞,曲调来源,汉族花灯 调
577,花 鼓舞,分类,急鼓
577,花鼓舞,分类,板鼓
577,急鼓,特点,刚劲有力、 热情奔放催人奋进
577,板鼓,特点,缓沉柔软、柔 中有刚
577,峨山彝族花鼓舞,文化属性,社会生活综合表现
577,峨山彝 族花鼓舞,文化属性,社会心理反映
577,峨山彝族花鼓舞,文化属性,思想文化 载体
577,峨 山彝族花鼓舞,表达 内容,对生产生活的理解与 热爱
577,峨 山彝族花鼓舞,功能 作用,增强民族自信心
577,峨山彝族 花鼓舞,功能作用,增强自豪感
577,峨山彝族花鼓舞,功能作用,凝聚民族精神
577,峨山 彝族花鼓舞,群众基础 特征,全民性舞蹈
577,全县,拥有 数量,花鼓队
577,花鼓队,人员构成主体,中青年
577,《龙 鼓舞》,获奖奖项,中国第三届艺术节开幕式大型文艺表演 一等奖
577,百人 花鼓队,参与活动,首都国庆周年大型文艺联欢 晚会
577,百人 花鼓队,获得荣誉,五好表演单位和组织奖
577,《彝 山花鼓》,获奖奖项,第二届昆明国际民族民间鼓舞 大赛铜奖
577,花鼓舞表演队伍现状,存在问题,少年儿童参与较少
577,花鼓舞传承现状,面临问题,人才青 黄不接
577,花鼓舞队,组织性质,自发性民间组织
577,花鼓舞队,发展困难,长期稳定开展 活动困难
578,者湾,属于,玉溪市通海 县四街镇
578,者湾村,特点,山清水秀人 杰地灵
578,者湾村,传统,崇尚书画
578,者 湾村,传统,喜好 收藏
578,者湾 村,传统,耕读 并重
578,布 文星,身份,清 嘉庆三年戊午科武解元
578,布文星,擅长,书法
578,布文星,专长风格,行书
578,布文星,专长风格,草书
578,李家 政,擅长,书法
578,李家政,字体特点,端庄 严谨
578,李 铎,特长,书法功底 造诣深
578,李铎,楷书特点,苍劲挺拔
578,李铎,草 书特点,龙飞凤舞
578,李绍 周,称号,神童
578,李绍 周,擅长,书写匾 联
578,清 光绪年间,誉称,碧山墨庄
578,高泰,身份,文人墨客
578,杨鸿发,身份,文人墨客
578,布增华,身份,文人墨客
578,高占伟,身份,文人墨客
578,年者湾,举办活动,古今书画 展
578,《 者湾翰墨集》,出版单位,村委会
578,碧山墨庄书画 协会,成立人数,人
578,碧山 墨庄书画协会,活动形式,自我研习
578,碧山墨庄书画 协会,定期活动周期,两个月集中一天
578,碧山墨庄书画协会,年度活动次数,每年举办 次作品展
578,碧山墨庄书画协会,合作对象,者湾小学
578,碧山 墨庄书画协会与者湾小学,开展活动,书法美术 作品比赛
578,六一儿童节,颁奖机构,协会
578,杨炳舜,作品收录 于,《中国国际文学艺术博览》
578,李双 华,获奖奖项,中国 书画艺术家世纪奖
578,杨炳舜/李双 华/黄成彦/杨正 福,作品收藏方,当地文化部门
578,者湾村群众,爱好 比例近三分之一,书法绘画
578,者湾村 家庭,装饰物,字 画
578,者 湾村家庭,春联书写 方式,本村人自己书写
578,电脑普及,影响结果,减少用 笔写字人群
578,学习书法美术人数,变化 趋势,逐渐减少
578,者湾村,制定措施,保护规划
578,保护规划实施主体,包括村委会和老年协会) 41. (培养书画爱好者方式,包括展览/笔会/讲座 等形式
579,曼暖典,所属行政 区划,西 双版纳傣族自治州景 洪市嘎洒镇曼迈 村民委员会
579,曼 暖典,民族,傣 族
579,织锦,性质,村民日常生活中不可缺少的 手工艺活动
579,织锦,历史时长,四五百年
579,曼 暖典村,每户情况,几乎每家都有织机
579,曼暖典村,成年女子技能,会 织傣锦
579,傣锦,底色,白色或浅色
579,傣锦图案主题,包括,动物、植物、建筑、人物
579,动物类图案,举例,孔雀、骏 马、龙、凤、象、 麒麟
579,动物 图案象征意义,代表,吉祥、力量和丰收
579,建筑类图案,举例,宝塔、寺院、 竹楼
579,建筑图案寓意,寄寓,对美好生活的追求
579,傣族织锦特点,具有,精细美观色彩鲜明 栩栩如生
579,曼暖典傣锦线条 特征,呈现,宽窄 错落
579,曼暖典傣锦形态风格,表现为,夸张简练
579,曼暖典 傣锦图案规范,体现为,质朴粗犷
579,曼暖典傣锦 装饰特色,具备,富有 装饰特色
579,曼暖典傣锦民族色彩,展现,浓郁
579,曼暖典傣锦 艺术价值,具有,较高的 艺术审美价值
579,曼暖典傣锦代表性,属于,西双版纳 傣族织锦中有一定的代表性
579,曼暖典 傣锦受众喜好,深受,群众喜爱
579,产品销售渠道,包括,西 双版纳各村寨
579,产品用途之一,作为,旅游纪念品
579,出口地区,包括,缅甸、泰国、美国 、日本、香港等国家和地区
579,织锦产业定位,是,曼暖典 村傣族传统的家庭手工业
579,发展机遇来源,来自,西双版纳 旅游业的发展
579,曼暖典傣锦年销售收入,达,元
579,收入占比,占,该村副业收入的五分 之一
579,生产 组织形式,以,家庭 为单位编织和销售
579,技艺传承方式,通过,代代相传
579,知名艺人,有,玉儿甩
579,玉儿甩事迹,被邀请到其他地方传授技艺) 33. (荣誉颁发机构,"由, 版纳总 佛寺、佛教协会联合颁发"
579,媒体报道媒体,包括,《云南画报》、 西双版纳州电视台等多家 媒体
580,乐作舞,发端 地,红河 哈尼族彝族自治州红 河县
580,乐作舞,民族归属,哈尼族
580,乐作舞,民族归属,彝族
580,乐作舞,创作依据,晒荞子
580,乐作舞,别 称,踩荞舞
580,哈尼族乐作 舞,音乐特征,与 彝族基本相似
580,哈尼族乐作舞,步法特征,与彝 族基本相似
580,乐作舞,参与人数规则,必须以偶数男女搭配
580,乐作舞,队形形式,围 成圆圈
580,乐作舞,伴奏乐器,笛子
580,乐作舞,伴奏乐器,巴乌
580,乐作舞,伴奏 乐器,二胡
580,乐作舞,伴奏乐器,三弦
580,乐作舞,伴奏乐器,四弦
580,乐作舞,伴奏乐器,草杆
580,乐作 舞,伴奏乐器,树叶
580,乐作 舞,节奏控制方式,手掌拍打
580,乐作舞,包含套路,舍哧
580,乐作舞,包含套路,踩荞
580,乐作舞,包含 套路,撵调
580,乐作舞,包含套路,三步弦
580,乐作舞,包含套路,斗脚
580,乐作舞,包含套路,经线
580,乐作 舞,包含套路,找 对象
580,乐 作舞,包含套路,擦背
580,乐作舞,包含套路,游调
580,乐作舞,包含套路,摸螺蛳
580,乐作舞,包含套路,翻身
580,乐作舞,包含套路,作瑟
580,踩荞步法,动作特征,逆时 针或顺时针的进三步 退一步
580,踩荞步法,风格特点,轻盈舒展
580,踩荞步法,姿态特征,舞姿飘逸
580,撵调步 法,动作特征,前行 或后退一步时有一个小垫步
580,撵调 步法,节奏特点,轻快敏捷
580,撵调步法,音乐 特征,节奏明快
580,阿扎河乡,活动周期,每年月 都有一次苦扎扎长街舞
580,苦扎 扎长街舞,内容组成,乐作舞
580,苦扎扎长街 舞,内容组成,农耕 舞
580,苦 扎扎长街舞,目的 寓意,预祝来年人 畜兴旺五谷丰登
581,昭通市 永善县马 楠乡,有,苗族户人
581,苗族 芦笙舞,起源,祭祀活动
581,再现 古代战争和迁徙的芦笙舞,属于,保存的芦 笙舞
581,模仿 动物的芦笙舞,属于,保存的芦笙舞
581,反映古代狩猎活动的 芦笙舞,属于,保存的芦笙舞
581,祭祀怀念祖先的芦笙 舞,属于,保存的 芦笙舞
581,节庆喜事时节欢乐的即 兴舞,属于,保存 的芦笙舞
581,特技表演芦笙舞,属于,保存的芦笙 舞
581,苗族 芦笙舞,产生于,农耕劳动和生产生活
581,表现祖先刀耕 火种场景和狩猎生活的生产劳动 舞,属于,芦笙 舞的内容
581,生活情景舞,属于,芦笙舞的内容
581,模拟动物舞,属于,芦笙舞的内容
581,表现丰收和获取 猎物后狂欢喜悦心情的情绪舞,属于,芦笙舞的内容
581,祭祀礼仪 舞,属于,芦笙 舞的内容
581,男子,吹奏,芦 笙
581,女子,伴舞,芦笙 舞
581,跳 技巧性芦笙舞时,特点,自奏自舞手脚 并用
581,马 楠乡,保持有,人的芦笙舞队
581,马楠乡人的芦 笙舞队,获奖,新疆举办的第二届全国少数民族运动会优秀奖
581,马楠 乡人的芦笙舞队,获奖,昆明举办的第三届中国艺术 节开幕式演出综合一等奖
581,苗族芦笙舞 传承方式,包括,父传 子、母传女代代相传
581,苗族 芦笙舞传承方式,包括,师徒相传
581,马楠乡政府,纳入 议事日程,苗族芦笙 舞
581,马 楠乡政府,成立,专门的工作班子
581,马楠乡政府,派出,专业人员不定期培训骨干
581,马楠乡政府,拨出专项经费支持,普及芦笙舞
582,摆舞,所属民族,拉祜族
582,摆舞,流行地区,思 茅市澜沧拉祜族自治县
582,摆舞,舞蹈类型,集体舞蹈
582,摆舞,主要 参与者性别,女性
582,摆舞,伴奏乐器,象脚鼓
582,摆舞,伴奏乐器,铓
582,摆舞,伴奏乐器,镲
582,摆舞,表演形式,步法 型
582,摆舞,表演形式,摆手 舞
582,步 法型,强调动作,脚的动作和踏、踢、跺 、摆、划、小跳等 步法
582,摆手舞,强调动作,手臂和肩的上下摆动
582,摆手舞,模仿内容,各种生产 生活动作
582,摆舞,传承方式,父辈言传身教
582,摆舞,传承方式,年青人耳 濡目染
582,摆舞,应用场景,节日喜庆
582,摆舞,应用场景,婚 丧嫁娶
582,摆舞,应用场景,娱乐休闲
582,摆舞,应用场景,锻炼 健身
582,摆 舞,应用场景,交流情感
582,摆舞,演出经历,省、 市、县组织的大型文艺演出
582,当地政府,保护措施,培养一批摆舞 文艺骨干
582,当地政府,保护措施,记录 整理舞蹈动作及音乐
583,木鼓舞,流传地区,思茅市西 盟佤族自治县
583,木鼓舞,相关 民俗活动,拉木鼓
583,佤族,视木鼓为,通天 神器
583,佤族,视木鼓为,山寨的保护神
583,木鼓,用途,部落 出征决战
583,木 鼓,用途,召集成员
583,木鼓,用途,举行祭祀活动
583,佤族,形成舞蹈,与木鼓有关
583,木鼓舞类型,包括,拉木鼓舞
583,木鼓舞类型,包括,跳木鼓舞
583,木鼓舞类型,包括,祭木鼓舞
583,击鼓者,性别,男性
583,男女老少,动作状态,围着木鼓 载歌载舞
583,舞蹈动作特点,具有,粗犷有力
583,舞蹈动作特点,具有,热情奔放
583,舞蹈动作特点,具有,质朴而富有韧性
583,云南少数民族 舞乐,独有打击乐器,木鼓
583,木鼓舞,现状,成为西盟佤族传统舞蹈
583,重大节日 活动,活动内容,合 着鼓点跳起木鼓舞
583,西盟县,可抽调人数,上百 人组成演出队伍
583,西盟县木鼓舞,参加活动,国家组织的比赛 、表演和大型活动
583,西盟县木鼓舞,参加活动,省组织 的比赛、表演和大型活动
583,西盟县木 鼓舞,参加活动,市 组织的比赛、表演和大型活动
583,西盟县 木鼓舞,参加活动,县组织的比赛、表演和大型活动
583,县民族 歌舞团编排的《木鼓舞》,演出地点,美国
583,县民族歌舞 团编排的《木鼓舞》,演出地点,法国
583,县民族歌舞团 编排的《木鼓舞》,演出地点,日本
583,县民族歌舞团编排 的《木鼓舞》,演出 地点,西班牙
583,县民族歌舞团编排的 《木鼓舞》,演出地点,新加坡
583,县民族歌舞团编排的《 木鼓舞》,演出地点,台湾
583,木鼓舞,反映内容,佤族的原始信仰
583,木鼓舞,再现 内容,佤族的历史风俗文化
583,木鼓舞,折射出,佤族 的心理
583,木 鼓舞,折射出,佤 族的性格
583,木鼓舞,折射出,佤族的审美意识
583,木鼓舞,贯穿过程,民族演变、发展的全过程
583,木鼓舞,作用,丰富了群众的文化 生活
583,木 鼓舞,作用,民族团结的艺术 纽带
583,木 鼓舞,作用,各民族 和睦相处的艺术纽带
583,木鼓舞传承方式,父教子) 41. (木鼓舞传承方式,母 传女
583,西盟县政府,制定规划,保护规划
583,西盟县政府,培养对象,骨干队伍
583,西盟县政府,培训 对象,骨干队伍
583,西盟县政府,调动积极性对象,民间艺人
584,保山市 施甸县木 老元乡,是聚居地之一,布朗族
584,布朗族山歌,唱 腔特点,圆润委婉明亮清晰 有特殊的颤音和滑音
584,女声,特殊表现,颤音和滑 音最为明显
584,布朗族山歌,演唱形式,独唱
584,布朗族山歌,演唱 形式,对唱
584,布朗族山歌,演唱形式,群唱
584,普遍流行的山歌类别,包括,古本山歌
584,普遍流行的山 歌类别,包括,盘花名
584,普遍流行的山 歌类别,包括,姊妹山 歌
584,普遍 流行的山歌类别,包括,跑马山歌又称花花山歌
584,普遍流行的 山歌类别,包括,盘 菜名
584,普遍 流行的山歌类别,包括,盘药名
584,普遍流行的山歌类别,包括,盘山名
584,普遍流行的山歌类别,包括,甲子山歌
584,普遍流行的 山歌类别,包括,盘 天河
584,普遍 流行的山歌类别,包括,造大船
584,古本、盘花名、盘 天河、造大船和甲子 山歌,内容和数量特点,固定不变
584,盘药名、盘菜名 、盘山名和姊妹山歌,内容特点,基本固定 但数量上略有增减
584,跑马山歌,内容特点,全部由歌手 即兴创作
584,跑马山歌,数量 特点,非常多
584,平时唱的山歌曲调,数量,几十种
584,最有特点的 山歌之一,是,哭嫁歌
584,哭嫁歌,包括曲调,隔娘调
584,哭嫁歌,包括 曲调,隔女调
584,哭嫁歌,包括曲调,哭哥 嫂
584,哭 嫁歌,包括曲调,哭姐妹
584,哭嫁歌,包括曲调,骂媒人
584,哭嫁歌,包括曲 调,哭出门
584,哭嫁歌,唱词风格,凄婉动人 极富感染力
584,哭嫁歌,与其他 山歌对比,唱词和 风格截然不同
584,布朗族歌手,能力特点,即兴歌词的编创能力 惊人
584,有的 歌手,表演能力,能 唱几天几夜而歌不竭、 词不穷、音不沙、 喉不哑
584,施甸县每个布朗族村 寨,拥有组织,自己的 山歌队
584,施甸县,人才情况,民间歌手比比皆是
584,施甸县民间歌手,获奖情况,多次在 省、市、县的各种比赛中获奖
584,施甸 县,有称号人物,云南省命名的民族民间音乐艺人
584,传承情况,评价,好
584,传承队伍构成,包括,一批骨干和小艺人
584,木老元乡,举措,重视布朗族山 歌资源
584,木老元乡,举办活动,自年起举办了两届山 歌会
584,两届山歌会,效果 影响,活跃了村民的文化生活 影响较好
585,木刮,类型,古歌
585,木刮,演唱场合,大规模群众集会 或重大活动
585,木刮,内容主题,家谱和史诗
585,摆时,类型,叙事歌多声部民歌
585,摆时,内容主题,爱情与叙事歌曲
585,摆时,结构特点,单声领 唱与多声合唱两部分
585,摆时,唱 法特点,真声结合喉 头颤音
585,摆时,曲调结尾特征,每句均以呀拉 依结尾
585,哟 叶,类型,情歌
585,哟叶,含义,意为哼出来的 歌
585,哟 叶,演唱形式一,男女青年相聚和恋爱时对唱
585,哟叶,演唱形式二,重要 场合老年人的对唱
585,哟叶,内容 主题,悲欢离合的生活 故事
585,尼 茨木刮,类型,祭歌
585,尼茨木刮,演唱场合,祭祀祖先时唱
585,葬歌,用途,为追悼死者而 唱
585,葬 歌,风格特点,委婉 悲切
585,葬歌,演唱时长特征,可连续唱几天几夜
585,颂歌,创作时期,新中国成立后
585,颂歌,创作者身份,民间歌手自行 创作
585,其 奔,别称,傈 僳琵琶
585,其奔,乐器类别,弹拨乐器
585,其奔,琴弦数量 分类,分三弦和四 弦
585,其 奔,演奏方式,独 奏、弹唱、弹跳均可
585,笛哩 图,乐器类型,竹 管单簧吹奏乐器
585,笛哩图,音色特点,音量大音色 圆润明亮
585,笛哩图,演奏要求,讲究气息运用和各种特殊演奏 技巧
585,笛 哩图,主要演奏者性别,一般为女子
585,新建村文体大会,举办状态,已连续举办届
585,新建村 民族民间艺术团,成立组织 者,当地政府
585,新建村民族民间艺术团,成员构成,年轻人虚 心向老艺人们学习
585,新建村民族民间 艺术团,活动成果,曾为国内外游客展演多场歌舞
586,剑川县,盛名 产业,石雕
586,剑 川石匠,参与修建,北京故宫
586,剑川石匠,参与 修建,圆明园
586,剑川石匠,参与修建,首都人民大会 堂
586,剑川 石匠,参与修建,民族文化宫
586,石 宝山石窟,文物保护级别,全国重点文物保护单位
586,石宝山石窟,反映特色,剑川 石雕艺术特色
586,梅园村,称号,石雕之乡
586,梅园村,经济支柱 产业,石雕
586,民用建筑石雕产品,包括,基础石脚
586,民用建筑石 雕产品,包括,柱脚 石
586,民用 建筑石雕产品,包括,阶沿石
586,民用建筑石雕产品,包括,踏步石
586,民用建筑石雕产品,包括,门墩
586,寺庙和风景区建筑 石雕产品,包括,石 雕构件
586,寺庙和风景区建筑石雕产品,包括,装饰件
586,寺庙和风景区建筑石 雕产品,包括,佛像
586,寺庙和风景区 建筑石雕产品,包括,牌坊
586,寺庙 和风景区建筑石雕产品,包括,墓龛
586,寺庙和风景区建筑石雕 产品,包括,狮子
586,剑川石雕 工艺,采用手法,圆 雕
586,剑 川石雕工艺,采用手法,浮雕
586,剑川石雕工艺,采用手法,线雕
586,剑川石雕 工艺,采用手法,深 雕
586,剑 川石雕工艺,采用手法,透镂雕
586,梅园石雕,传承方式,家传
586,梅园石 雕,传承方式,师 传
586,梅 园石雕,传承方式,自学
586,世界双绝剑川千狮山 工程主体,设计制作者,段德坤
586,世界双绝剑川千 狮山工程主体,参与人员,梅园村石雕艺人
587,大本曲,流传地区,大理白族 地区
587,大本曲,使用语言,白语汉字
587,大本曲,表演 形式,说唱曲艺
587,大本曲,取材来源,汉族历史事件
587,大本曲,取材来源,白族 历史事件
587,大 本曲,反映内容,人民生存状况
587,大本曲,反映内容,思想情感
587,大本曲,应用场景,逢年过节
587,大本曲,应用场景,婚丧嫁娶
587,大本曲,应用场景,农闲空暇
587,大本曲,音乐体系,三腔 九板十八调
587,大本曲,唱 词规范,三七一五白 族山花体诗歌
587,大本曲,唱词音韵,四大韵
587,大本 曲,组成部分,唱词
587,大本 曲,组成部分,说白
587,大本 曲,基本结构,三七 七五七七七五
587,大本曲,基本结构,七七七 五七七七五
587,大本曲,伴奏乐器,三弦
587,大本曲,表演道具,纸扇
587,大本曲,表演道具,手绢
587,大本 曲,吸收元素,汉族 戏曲身段
587,大本曲,艺术特点,语言服从内容风格
587,大本曲,艺术特点,音乐服从语言
587,大本 曲,艺术特点,伴奏 服从唱腔
587,大本曲,依字 行腔基础,语言声调
587,大理市,收集项目,传统曲目
587,大理市,收集项目,现代曲目
587,大理市,保留文物,清光绪 年间手抄本
587,大理市,代表作品,《白天的故事》
587,大理市,代表 作品,《磨房记》
587,大理市,代表作品,《柳荫记 》
587,大理 市,代表作品,《王 氏女对金刚经》
587,大理市,出版成果,汉语翻译唱词 专著
587,大理 市,制作发行,音 像制品
587,大理古城,流派划分,南腔
587,大理古城,流派划分,北腔
587,大理古城,流派划分,海东腔
587,杨汉,所属流派,南腔
587,黑明星,所属流派,北腔
587,李名璋,所属流派,海东腔
588,大理白族自治州 云龙县,拥有,吹 吹腔
588,吹吹腔,代表 人物数量,上百位
588,吹吹腔艺术精英,闻名范围,省内外
588,云龙县,主要流行区域,多个 地区
588,专业剧 团与业余剧团,参与 活动,全省文艺汇演
588,当地历史戏台,保存完好数量,若干 座
588,吹吹 腔表演场合,包括,年 节/迎神赛会/婚 丧嫁娶/起房竖柱
588,春节吹吹 腔表演时长,持续,三天三夜
588,吹吹腔行当分类,包含,生旦净丑
588,表演程式要素,讲究,手眼身 法步
588,吹吹腔别称,又称,唢呐戏
588,唱词结构格式,采用,三七一五
588,演唱特点,遵循,一吹二唱 三敲打
588,唱腔体系,包含,九板十三腔
588,语言使用,采用,白语
588,特色曲调,包含,杂戏一字腔
588,音乐构成,融合,白族山歌小调
588,主要乐器,为,唢呐
588,伴奏乐器组,包括,二胡/三 弦/笛子
588,击乐类型,分为,文场/武场
588,传统题材类型,涉及,历史典故
588,现代剧目主题,反映,文明生活向往 /自然赞美/好人好事
588,传统剧目示例,如,《崔文瑞砍 柴》《火烧磨房》《竹林拾 子》《三出首》
588,现代剧目示例,包括,《人勤花茂》《 喜兆三元》《鸡鸣茶香 》《见面礼》《金叶连心 》《劝夫记》
589,巍山彝 族打歌,流行于,腊罗、迷撒和 格尼个彝族支系
589,巍山彝 族打歌,融汇元素,歌、舞、乐、 美术服饰、民间文学唱词
589,巍山彝族 打歌,分布区域,该县各彝族乡村
589,巍山彝族打 歌,别名,踏 歌
589,《蒙 化志稿》,记载内容,踏歌
589,清乾隆年间《松下打歌 图》,再现场景,古老的巍山彝族打歌场面
589,打歌调 式,包括类型,四句 式、六句式、八句 式、十句式、十二句 式和少量奇数式
589,打歌歌词形式,包括类型,五言、六 言、七言和长短句
589,打歌表现手法,使用技巧,比兴 手法
589,打 歌伴奏乐器,主要使用,芦笙和笛子
589,部分地区打歌,附加乐器,三弦和 月琴
589,马鞍山地区打歌风格,特点描述,热烈粗犷 奔放以舞为主
589,马鞍山地区打 歌动作特色,包括动作,十六步平摆、三翻三 转、勾脚
589,五印地区打歌风格,特点描述,抒情优美 歌舞俱佳
589,东山打歌,对 唱内容,传统长诗《 阿库遮》
589,青华乡南山弦子 歌,演唱语言,汉语
589,巍宝 山和庙街乡打歌,融合风格,马鞍山 和五印的特点
589,打歌时舞蹈道具,使用物品,春秋刀、 棍棒
589,巍山彝族打歌服饰,特点描述,色彩丰富款式 别致刺绣精美
589,巍山彝族打歌,参演经历,全国少数民族 文艺汇演
589,巍山彝族打歌,荣誉记录,多次获奖
589,巍山彝 族打歌,保护法规依据,《巍山彝族回族自治县 历史文化名城保护管理条例》
589,巍山彝族 打歌,文化旅游定位,民族文化旅游支柱品牌
590,楚雄市 大过口乡,类别,州级彝族文化保护 区
590,楚雄市大过口乡,总人口构成,彝族 人口占总人口比例高
590,楚雄市大 过口乡,森林覆盖率,达较高水平
590,楚雄市大过 口乡,特色文化元素,毕摩文化
590,楚雄市大过 口乡,特色文化元素,土主文化
590,楚雄市大过 口乡,特色文化元素,图腾崇拜
590,楚雄市大过 口乡,特色文化元素,禁忌习俗
590,楚雄市大过口 乡,传统民歌类型,啊苏调
590,楚雄市大过 口乡,传统民歌类型,青棚调
590,楚雄市 大过口乡,传统民 歌类型,山歌
590,楚雄 市大过口乡,传统 民歌类型,酒歌
590,楚 雄市大过口乡,传统舞蹈形式,大三弦舞
590,楚雄市大过口乡,传统舞蹈形式,小三弦 舞
590,楚雄市大过口乡,传统舞蹈形式,葫芦 笙舞
590,楚雄市大过口 乡,传统舞蹈形式,左脚舞
590,楚雄市大过 口乡,传统舞蹈形式,香通祭祀舞
590,楚雄市 大过口乡,传统舞蹈 形式,毕摩祭祀舞
590,楚 雄市大过口乡,传统乐器种类,笛子
590,楚 雄市大过口乡,传统乐器种类,小闷笛
590,楚雄市大过口乡,传统乐器种类,葫芦笙
590,楚雄市大过口乡,传统乐器种类,唢呐
590,楚雄市大过口乡,传统乐器种类,大号
590,楚雄市大过口乡,传统乐器种类,筒子
590,楚雄市大过口乡,传统乐器种类,羊角 号
590,楚雄市大过口乡,传统乐器种类,牛 角号
590,楚雄市大过口 乡,传统乐器种类,小二胡
590,楚雄市大过 口乡,传统乐器种类,月琴
590,楚雄市大过 口乡,传统乐器种类,大三弦
590,楚雄市大过 口乡,传统乐器种类,小三弦
590,楚雄市大过 口乡,传统乐器种类,响篾
590,楚雄市大过 口乡,传统乐器种类,羊皮鼓
590,楚雄市大 过口乡,传统乐器种类,牛皮鼓
590,楚雄市大 过口乡,传统乐器种类,镘
590,楚雄市大过 口乡,传统乐器种类,锣
590,楚雄市大过口 乡,传统乐器种类,法铃
590,楚雄市大过口 乡,传统乐器种类,师刀
590,楚雄市大过口 乡,文化活动形式,响笢演奏
590,楚雄市大过 口乡,文化活动形式,小闷笛演奏
590,楚雄市 大过口乡,文化活动 形式,小三弦弹唱
590,楚 雄市大过口乡,文化活动形式,啊苏调 演唱
590,楚雄市大过口乡,传统节日习俗,点燃 熊熊的篝火
590,楚雄市大 过口乡,传统节日习俗,欢腾的歌舞晚会
590,楚 雄市大过口乡,手工艺品代表,彝族刺绣 品
590,楚雄市大过口乡,人文特征描述,会 说话就会唱歌
590,楚雄市大过 口乡,人文特征描述,会走路就会跳舞
590,楚雄市 大过口乡,整体形象 比喻,歌的海洋
590,楚雄 市大过口乡,整体 形象比喻,舞的海洋
590,楚 雄市大过口乡,整体形象比喻,彝族的 天堂
591,城寨村,隶属,麻栗坡县 董干镇新寨村民 委员会
591,城寨村,地处,麻栗坡、富宁、 广南三县交界处
591,城寨村,位于,麻栗坡 县东北部
591,城寨村,民族构成,彝族白倮人
591,城寨 村,民族传统文化保护状态,比较完整
591,城寨村,具有 价值学科,人类学
591,城寨村,具有价值学科,民族学
591,城 寨村,具有价值学科,民俗学
591,白倮支系民居 建筑,风格类型,多 柱形杆栏式建筑
591,城寨 传统木结构建筑,占比特征,全部为传统木楼
591,城 寨传统木结构建筑,区别于,傣家竹楼
591,城寨 传统木结构建筑,区别于,其他民族楼房
591,城寨村,自然生态特征,古木 参天
591,城寨村,自然 生态特征,森林覆盖面广
591,城 寨村,自然生态评价,自然生态良好
591,白倮人,宗教信仰,多神崇拜
591,白 倮人,宗教信仰,万物 有灵
591,城寨村,传统 节日,荞菜节
591,城寨 村,传统节日,春节
591,城寨村,传统节日,清明节
591,城寨村,传统 节日,六郎节
591,城寨 村,传统节日,尝 新节
591,荞菜节,时间 规定,每年农历四月的第一个龙 日
591,白倮人,重视程度,视荞菜节同过大 年
591,荞菜节,活动内容,祭祀祖先
591,荞菜节,活动内容,娱神娱 人
591,白倮人服饰,特点 描述,民族风格浓郁
591,白倮 人服饰,工艺特征,图案丰富
591,白倮人服饰,工艺特征,工艺精湛
591,白倮 人纺织工艺体系,包括环节,种棉
591,白倮人纺织工艺 体系,包括环节,纺线
591,白倮人纺织工艺体系,包括 环节,织布
591,白倮人 纺织工艺体系,包括环节,蜡染
591,白倮人纺织工艺体系,包括环节,刺绣
591,白倮 人纺织工艺体系,包括环节,缝纫
591,白倮人歌舞,舞蹈种类,铜鼓舞
591,白 倮人歌舞,舞蹈种类,荞菜舞
591,白倮人歌舞,舞蹈种类,竹竿 舞
591,白倮人歌舞,舞蹈 种类,月亮舞
591,白倮人 歌舞,舞蹈种类,二 胡舞
591,白倮人歌舞,舞蹈种类,建房舞
591,白 倮人歌舞,舞蹈种类,结婚舞
591,白倮人歌舞,舞蹈种类,纺织舞
591,白 倮人歌舞,舞蹈种类,团结舞
591,白倮人歌舞,舞蹈种类,锁呐舞
591,白倮人民歌,类型包括,历史歌
591,白倮人民歌,类型包括,建房 歌
591,白倮人民歌,类型 包括,月亮歌
591,白倮人民 歌,类型包括,荞 菜歌
591,白倮人民歌,类型包括,生产歌
591,白倮 人民歌,类型包括,生活歌
591,白倮人民歌,类型包括,犁牛歌
592,"( 大南直 寨, 位于 , 双江县城 南部) 2. ( 大南直寨, 东 经坐标, 未明确数值) 3. (大南直寨 , 北纬坐标, 未 明确数值) 4. (大 南直寨, 海拔高度, 未明确数值米) 5 . (大南直寨东侧 , 相连地区, 大文 乡) 6. (大南 直寨南部边界, 分界 线, 小黑江) 7 . (小黑江对面, 隔 江相望水体, 澜沧 江) 8. (大南 直寨北部依托地形, 靠 山名称, 仙人山) 9. (小黑江流向, 从西南向东北流入, 澜 沧江) 10. ( 大南直寨主要植被类型, 以...为主, 南亚 热带阔叶树种) 11 . (该地区气候带属性, 属, 低纬度亚热带山地 ) 12. (大南 直寨民族构成, 布朗族 人口占比, 总人口的百分比未 明确) 13. (大 南直寨总户数, 共有, 未明确数量户) 14. (布朗族人均 耕地面积, 为, 未 明确亩数亩) 15 . (布朗族人均收入水平, 据年统计为, 未明确 金额元) 16. ( 通往邦丙乡政府的公路长度, 全长, 未明确千米数 千米) 17. (布朗 族先民起源认定, 是 古代, 濮人) 1 8. (汉晋时期濮人 分布区域, 包括, 云南省境内 澜沧江两岸及其以西广大 地区) 19. (唐代 族群分化情况, 濮子蛮 分布在, 永昌今保山 、银生今景东一带) 20. (明清文献记载 称呼演变, 将他们写作, 蒲蛮) 21. (蒲人分布范围记载, 今 顺宁、永昌、景东 七府有此种) 22 . (双江布朗族定居时间 下限推断, 最晚也是, 唐代) 23. ( 大南直布朗族祖先传说来源 地, 来自, 孟卯 即勐卯今德宏州瑞 丽) 24. (迁徙 标志事件描述, 抱着一只公 鸡到达邦丙时公鸡便 叫了起来于是他们就在这里居住下来) 25. (分家迁 居原因观察发现, 见南 直这个地方四面有水中间的梁 子上长满了棕树) 26. (地名含义解析","""南"", 意思为, 水) 27. (地名 含义解析","""直"", 意思 为, 棕树) 2 8. (后续地名命名结果, 后称, 大南直 ) 29. (大南 直布朗族文化特点领域一, 生活方式突出) 30. (大南直布朗族文化特点 领域二, 文化习俗突出) 31. (大南直 布朗族文化特点领域三, 传统纺织工艺特点突出) 3 2. (大南直布朗族 文化资源评价, 较为丰富) 33. (传统文化传承领域 一, 社会公德) 34. (传统文化传承领域二 , 节庆活动) 3 5. (传统文化传承领域三, 文艺体育) 36. (传统文化传承领域四, 宗教 祭祀) 37. (保留 的传统节庆活动类型, 包括, 蜂桶鼓舞、帕节舞 ) 38. (保留的 民歌音乐形态特征, 具有 , 完整的传统性) 3 9. (传统体育运动项目举例一 , 打陀螺) 4 0. (传统体育运动项目举例二 , 打秋千) 4 1. (娱乐休闲活动举例一 , 上山打猎) 4 2. (娱乐休闲活动举例二 , 找老鼠) 43 . (娱乐休闲活动举例三, 女性丢包) 44 . (祭祀仪式完整性体现方面之一 , 建房中的择地过程 有一整套祭祀礼仪) 45 . (祭祀仪式完整性体现方面之 二, 选材过程有一整套 祭祀礼仪) 46. ( 祭祀仪式完整性体现方面之三, 建房过程有一整套祭祀礼仪 ) 47. (祭祀仪式 完整性体现方面之四, 进 新房过程有一整套祭祀礼仪) 48. (原始信仰仪式举例 一, 祭祀) 49 . (原始信仰仪式举例二, 祭小鬼田) 5 0. (原始信仰仪式举例三 , 祭棉花神)"
593,勐来崖 画谷佤族 传统文化保护区,所属行政区划,云南省临沧市沧源佤 族自治县勐来乡
593,勐来崖画谷佤族 传统文化保护区,地理位置,澜沧江流域滇西南中缅 边境
593,勐来 崖画谷佤族传统文化保护区,荣誉称号,天然公园
593,勐来崖画 谷佤族传统文化保护区,荣誉称号,崖画之乡
593,勐来崖画谷 佤族传统文化保护区,荣誉称号,蜂桶鼓舞之乡
593,勐来崖画谷 佤族传统文化保护区,包含 景观,古崖画群
593,古崖画群,历史评价,被中外 史学家誉为哀牢地新 大陆、滇西南人文史诗
593,勐来崖画谷 佤族传统文化保护区,包含 景观,千米国画长廊
593,勐来崖 画谷佤族传统文化保护区,包含景观,班列瀑布
593,班列 瀑布,特征描述,落差 米、宽米
593,勐来崖画谷佤 族传统文化保护区,包含植被,董棕林
593,董棕林,规模与年限,多亩生 长期为多年
593,勐来崖画谷佤族 传统文化保护区,包含地质构造,溶洞
593,溶洞,尺寸参数,洞长米、宽米 、高米
593,溶洞,内部特征,钟乳石千奇百怪
593,溶洞,特殊景观,自然天 成的石观音
593,石观音,宗教影响,附近信仰佛教的各族人民每年 敬拜
593,勐来崖画谷佤族传统文化 保护区,保存内容,民俗风情
593,勐来崖画谷佤族传统文化 保护区,保存内容,饮食起居
593,勐来崖画谷佤族传统文化 保护区,保存内容,节庆活动
593,勐来崖画谷佤族 传统文化保护区,保存内容,宗教信仰
593,勐来崖画谷佤族传统文化 保护区,保存内容,民族服饰
593,勐来崖画谷佤族传统文化 保护区,保存内容,歌舞
593,勐 来崖画谷佤族传统文化保护 区,保存内容,原始 的耕作方式
593,勐来崖画谷佤族 传统文化保护区,保存内容,丧葬习俗
593,勐来崖画谷佤 族传统文化保护区,文化地位,最具代表性的中国佤族文化 荟萃之地
593,勐来崖画谷佤族 传统文化保护区,功能定位,佤文化艺术旅游观光景点
593,勐来崖画 谷佤族传统文化保护区,功能定位,以佤文化为 素材的电视电影理想拍摄基地
593,勐来崖 画谷佤族传统文化保护区,研究价值,佤族原始 宗教文化
593,勐来崖画谷佤族传统文化 保护区,研究价值,佤族社会经济状况
593,勐来崖画谷佤 族传统文化保护区,研究价值,佤族歌舞艺术
593,勐来崖画 谷佤族传统文化保护区,研究价值,佤族生产生活 习俗
593,勐 来崖画谷佤族传统文化保护 区,研究价值,佤 民族心理特征
593,临沧市人民政府,实施行动,制定保护规划
593,沧源佤族自治县人民政府,实施行动,制定保护 规划
593,临 沧市人民政府和沧源佤族自治县人民政府,保护对象,勐来 崖画谷传统文化保护区
593,临沧市人民政府和 沧源佤族自治县人民政府,保护 定位,佤族天然的人文 博物馆
593,勐 来崖画谷传统文化,现存 问题,一些传统文化有所变化乃至 消失
593,勐 来崖画谷传统文化,风险 状态,濒临消亡的危险
594,凤羽镇,位于,洱源县城西南部
594,凤 羽镇,国土面积单位,平方公里
594,凤羽镇,共辖村民 委员会数量,个
594,凤羽镇,共 辖自然村数量,个
594,凤羽镇,共辖村民小组数量,个
594,凤羽 镇,境内民族包括,白族
594,凤 羽镇,境内民族包括,汉族
594,凤 羽镇,境内民族包括,回族
594,凤羽镇,境内民族包括,傣族
594,凤羽镇,境内 民族包括,彝族
594,凤羽镇,总人口,人
594,凤羽镇,白族人口占比,是大理 州白族比例最多的乡镇之一
594,凤羽镇,气候类型,亚热带 高原山地立体气候
594,凤羽镇,气候 特点,温和
594,凤羽镇,年 平均气温,
594,凤羽镇,平均海拔,米
594,凤羽镇,地理坐标 经度,
594,凤羽镇,地理坐标 纬度,
594,凤羽镇,主要生产方式,农业
594,凤羽镇,主要生产方式,畜牧业
594,凤羽镇,交通状况,便利
594,凤羽镇,矿藏资源 包括,铅
594,凤羽镇,矿 藏资源包括,锌
594,凤羽镇,矿藏资源包括,铜
594,凤羽 镇,矿藏资源包括,铁
594,凤羽镇,矿藏资源 包括,硅藻土
594,凤羽镇,自然景观包括,鸟吊 山
594,凤 羽镇,自然景观包括,白石江瀑布
594,凤羽镇,自然景观包括,清源洞
594,凤羽 镇,宗教信仰场所包括,三教宫
594,凤羽镇,宗教信仰场所 包括,鹤林寺
594,凤羽镇,宗教信仰场所包括,帝释 山寺观群
594,凤羽镇,宗教信仰 场所包括,灵鹫寺
594,凤羽镇,宗教信仰场所包括,积 庆寺
594,凤羽镇,宗教信仰场所包括,玉皇阁
594,凤羽镇,宗教信仰场所包括,武庙
594,凤羽镇,宗教信仰场所包括,魁 阁
594,凤 羽镇,镇灾驱邪 的塔包括,镇风塔
594,凤羽 镇,镇灾驱邪的 塔包括,镇水塔
594,凤羽镇,镇灾驱邪的塔 包括,镇蝗塔
594,凤羽镇,镇灾驱邪的塔包括,文笔塔
594,凤羽镇,镇 灾驱邪的塔包括,渚安塔
594,凤羽镇,镇灾 驱邪的塔包括,留 佛双塔
594,凤羽镇,民俗包括,婚丧习俗
594,凤羽镇,民俗包括,建房习俗
594,凤羽镇,民俗包括,本主 崇拜
594,凤 羽镇,建筑风格包括,三坊一照壁
594,凤羽镇,建筑风格包括,四合 五天井
594,凤羽镇,建筑特色包括,三叠水的大门
594,凤羽镇,中和大照壁尺寸长,米
594,凤羽镇,中和 大照壁尺寸厚,米高 米
594,凤 羽镇,服饰包括,婴儿裹被
594,凤羽镇,服饰包括,凤凰帽
594,凤羽镇,服饰 包括,凤尾鞋
594,凤羽镇,服饰包括,男女传统服饰
594,凤羽 镇,饮食包括,凉 粉
594,凤 羽镇,饮食包括,凉虾
594,凤羽镇,饮食包括,凤羽小白糖
594,凤羽镇,名茶包括,凤羽源 胜玉翠茶
594,凤羽镇,工艺品 包括,凤羽砚台
594,凤羽镇,民间文学包括,《白 王庄》
594,凤羽镇,民间文学 包括,《十分水》
594,凤羽镇,民间文学包括,《洗子 塘》
594,凤羽镇,民间文学包括,《御花园》
594,凤羽镇,民间文学包括,《献龙珠 》
594,凤 羽镇,民间文学包括,《白族凤凰鸡》
594,凤羽镇,民间文学包括,《白鹤 还巢》
594,凤羽镇,民间文学 包括,《墨相文明》
594,凤羽镇,曲艺形式包括,三弦伴奏的白族调
594,凤羽镇,农耕文化代表作品包括,《田家乐》
594,凤羽镇,农耕文化代表作品包括,《闹 春王正月》
594,凤羽镇,曲 艺戏剧包括,板凳戏
594,凤羽镇,曲艺戏剧包括,吹吹腔
594,凤羽镇,曲艺 戏剧包括,霸王鞭
594,凤羽镇,别称包括,文墨 之乡
594,凤 羽镇,别称包括,耕读之乡
594,凤羽镇,别 称包括,白族之乡
594,凤羽镇,别称包括,砚 台之乡
595,马洒村,隶属,马白镇
595,马洒村,位于,马白镇北部
595,马洒村,距镇政府所在地,马 关县城
595,马洒村,占地面积,亩
595,马洒村,共有农户,户人
595,马洒村,壮族户人占,属 典型的壮族聚居村
595,马洒村,始建于,明末清 初
595,马洒村,森林覆盖率达,以上
595,马洒村,村 前有,千余亩稻田
595,马 洒村,是,典型的 民族文化生态村
595,民居建筑,风格独特,杆栏式、 半杆栏式建筑
595,杆栏式 、半杆栏式建筑,占,以上
595,马洒壮族,具有特质,勤劳善良 、聪慧民风淳朴
595,马洒 壮族,保留着,许多原始遗风
595,老人亭,又称,神农殿
595,老人亭,建于,清道光 十一年年
595,老人亭,是,马洒壮族寨老制 的文化遗存
595,老人亭,也是 现今文山州境内的壮族 村寨中保存最为完好的,老人亭
595,亭内,有,神位牌、遐稽 碑、进士牌、功德碑等
595,侬人古乐,特点,仙音妙曼优雅动听
595,侬人古乐,共有,个正调
595,侬人古乐,有,个外调
595,侬人古乐,乐器有多种,乐队余人
595,逢节庆,都要演奏,侬人古 乐
595,马洒壮族,能 歌善舞,《手巾舞 》、《纸马舞》等
595,马洒 壮族,有口头文学流传,民间故事、民歌谣 、谚语等
595,口头文学,包括,《谷子的来历》、《铜鼓 降妖》、《祭龙》、《纸马 舞的来历》、《侬智高》 等
595,马洒壮族,有 传统美术工艺,服饰、刺绣 、编织、染织、雕刻、 银饰等
595,典籍、碑碣、 家谱方面,有代表性的,《 王氏图表家谱》、《历叙 建设安平及叙历任诸官 政绩源委》史本、《 文昌大洞仙经》、《观音大 洞仙经》、《金钢经》 等
595,宗教信仰文化,包括,山 神崇拜、火神崇拜、水 神崇拜、树神崇拜、雷 神崇拜等
595,饮食文化,以 代表,花米饭和壮味 凉鸡
595,民间草医草药,包括,三七、背蛇生 、大血藤等
595,传统节庆 活动,包括,二月祭龙 节、三月三、六月节、 尝新节等
596,龙陵县 蛮旦阿昌 族保护区,位于,龙陵县 西北角龙山镇芒麦 村内
596,蛮 旦寨子,坐落在,龙川江河谷地带
596,蛮旦寨子,周围环境,绿树成荫 四面高山环绕
596,蛮旦寨子,气候特点,温和
596,蛮旦寨子,物产 状况,丰富
596,蛮旦寨子,水 草特征,水肥草美
596,蛮旦阿 昌族,自称,小 阿昌
596,蛮 旦阿昌族,拥有,独特的农耕文化
596,蛮旦阿昌族,拥有,独特的杆栏式建筑 民居
596,蛮旦阿昌族,拥有,独特的服饰文化
596,蛮旦阿昌族,拥有,独特的饮食文化
596,阿昌 族,信奉,原始宗教
596,阿昌 族,崇拜对象,天神 遮帕麻
596,阿昌族,崇拜对象,地母遮米麻
596,阿昌族,信仰观念,相信鬼神 的存在
596,阿 昌族,有传经布 道者,暮陶
596,阿昌族,拥有,丰富的口头文学
596,阿昌人,爱好,唱山歌 和情歌
596,阿昌族,具有独特 性,丧葬习俗
596,阿昌族,具有独特性,祭祀习俗
596,阿昌 族,具有独特性,婚俗
596,阿昌族,拥有,自己的传统医药
597,芒岛傣 族传统文化保护区,具有,生态的自然环境
597,芒岛傣族传统文化 保护区,拥有,茂 密的森林资源
597,芒岛傣族传统文化保护区,出产,丰富的农产品
597,芒岛傣族 传统文化保护区,展现,多样的饮食文化
597,芒岛傣族传统文化保护区,保留,原始古朴的宗教 习俗
597,芒岛 傣族传统文化保护区,呈现,多彩的民间文化
597,芒岛傣族传统文化 保护区,特色包括,独特的民居
597,芒岛傣族传统文化保护区,特色包括,服饰
597,芒岛傣族传统文化 保护区,具备,便利 的交通
597,芒岛傣族传统文化保护区,是,保留傣族原有 风格的村寨
597,芒岛傣族传统文化保护区,传承,淳朴传统文化 风貌
597,景 谷,自唐宋以来是,傣族重要分布地
597,傣族,主要居住在,境内的坝 区和河谷地带
597,傣族村寨,特点为,依山旁水
597,傣族 村寨,环境特征,山清水秀
597,景谷傣族,流行 语言,傣那方言
597,景谷傣族,使用文字,傣泐 、傣那文字
597,景谷傣族,信仰,小乘佛教
597,缅寺,功能是,保护传承傣族 文化的中心
597,全县,有,缅寺 座
597,傣 族的传统节日,包括,采 花节
597,傣族的传统节日,包括,泼水节
597,傣族的传统节日,包括,关门节
597,傣族的传统节日,包括,开门节
597,传统节日中,举行活动,堆沙
597,传统节日中,举行 活动,滴水
597,传统节日中,举行 活动,赕佛
597,传统节日中,举行活动,赕白象
597,传统节日中,举行活动,赕白 牛
597,传统 节日中,举行活动,拜佛
597,采花节后,进行活动,朝佛活动
597,朝佛活动,历时,半月有余
597,节日期间,开展 活动,跳白象舞
597,节日期间,开展活动,象脚鼓舞
597,节日期间,开展活动,孔雀舞
597,节日期间,开展活动,民间曲 艺黄喱
597,节日期间,开展活动,黄呤
597,节日期间,开展体育竞技,打秋千
597,节日期间,开展 体育竞技,打陀螺
597,节日期间,开展活动,民居武术
597,景谷 傣族,特性为,勤劳智慧
597,景谷傣族,特性为,热情好客
597,景谷傣族,与...长期和睦相处,汉族
597,景 谷傣族,与...长期 和睦相处,少数民族
597,景谷傣族,创造,具有地域特点的 傣族文化
597,芒岛傣族文化保护区,代表性领域包括,社会 公德
597,芒岛傣族文化保护区,代表性领域包括,生产生活
597,芒岛 傣族文化保护区,代表性 领域包括,民居建筑
597,芒岛傣 族文化保护区,代表性领域 包括,文化活动
597,芒岛傣族文化 保护区,代表性领域包括,宗教信仰
597,芒岛傣族文化保护区,代表性领域包括,民风 民俗
597,芒 岛傣族文化保护区,代表性领域包括,节日庆典
597,旱傣族 的传统文化,得到传承并发扬 光大,在芒岛傣 族文化保护区
597,党的民族、宗教政策,贯彻落实,近年来
597,各级政府,重视对象,民族传统文化
597,芒岛傣族文化保护 区,纳入规划,政府 新农村建设
597,民族传统文化保护和传承,加大投入,由各级政府
597,芒岛傣族 传统文化保护区,作为重要地位,全县经济规划中的旅游业、 文化产业
598,诺邓村,位于,滇西北地区
598,诺邓 村,是,唐代 南诏时期遗留的村邑
598,诺邓村,依山而建,像 一座小山城
598,诺邓村,构成,独特的自然与人文景观
598,诺邓村,体现,山地白族的居住 理念
598,民居 建筑格局,保持,千 年以来的传统风貌
598,住宅和道路街巷,具有 特点,层层叠叠台梯 相连、楼院重接
598,民居建筑,体现特点,形式多样风格典雅
598,民居,以...为主,土木结构
598,诺邓村,具有,较为鲜明的白 族自然村落的传统风貌
598,诺邓村,有,古盐井
598,诺邓村,有,明代五井盐 课提举司衙门遗址
598,古盐井及 明代五井盐课提举司 衙门遗址,是,研究 云南古代盐业经济文化的活教材
598,诺邓 村,有,玉皇 阁道教建筑群
598,诺邓村,有,滇西第一木牌坊
598,古庙宇 建筑,保存状况,完好
598,诺邓 村,有,古树 苍天
598,诺邓村,有,风景优美
598,诺邓村,有,诺邓火腿
598,诺邓村,有,豆饼酱菜
598,诺邓火腿、豆 饼酱菜,属于,白族特色产品
598,诺邓白族传统文化区,建立目的,为发展 当地旅游业提供难得的便利条件
598,诺邓村,在...有较大影响,全省
598,诺 邓村,在...有较大 影响,全国
598,诺邓村,在 ...有较大影响,全世界
598,各种媒体,行为,多次深入诺邓 拍摄各种专题片
598,中外著名学者,行为,经常莅临诺邓考察
598,各地游客,状态,每逢节假日络绎 不绝
598,诺 邓村,具有历史,上千年
598,古老传统民居,状态,许多房屋年久失修已成 危房
598,部份居民,计划,拆 旧新建现代砖混民居
598,保存完好的 诺邓千年白族村,可能结果,失去本身面目
599,桥头布 依族传统文化保护 区,地处,河口县桥头乡 老董上寨、老董 下寨、荒田坡等自然 村寨
599,桥 头布依族传统文化保护区,包含自然村寨数量,七个
599,桥头 布依族传统文化保护区,接壤国家,越南
599,桥头布依族传统文化 保护区,保留内容,传统民居
599,桥头布依族传统文化保护区,保留内容,祭祀活动
599,桥头布 依族传统文化保护区,保留 内容,婚礼习俗
599,桥头布依族传统文化 保护区,保留内容,服饰文化
599,桥 头布依族传统文化保护区,保留内容,摩文化
599,桥头布依 族传统文化保护区,保留内容,风俗礼仪
599,桥头布依族传统文化 保护区,保留内容,传统节日
599,桥头布依族传统文化保护区,保留内容,传统音乐
599,桥头 布依族传统文化保护区,保留内容,舞蹈
599,桥头布依族 传统文化保护区,保留内容,民间文学
599,传统干栏式吊脚楼,体现理念,布依 族的居住理念
599,民风民俗,承载 信息,布依族重大的 历史文化信息和原始记忆
599,摩公开红歃、 祭祀活动,包含仪式,过刀关
599,摩公开红歃、祭祀活动,包含仪式,过火 坑
599,过 刀关、过火坑,蕴含文化,布依族自然 崇拜的远古文化底蕴
599,服饰,特点,多种绣花图案精美、色彩明 快
599,绣 花图案,关联元素,传说和故事
599,民间故事、传说、歌谣 、民间音乐、舞蹈,涉及 领域,历史
599,民间故事、传说、歌 谣、民间音乐、舞蹈,涉及领域,自然
599,民间故事、传说、 歌谣、民间音乐、舞蹈,涉及领域,社交
599,民间故事、传说 、歌谣、民间音乐、舞蹈,涉及领域,时政
599,民间故事 、传说、歌谣、民间音乐 、舞蹈,涉及领域,生产
599,民间 故事、传说、歌谣、民间 音乐、舞蹈,涉及领域,生活
599,外来文化冲击,影响对象,布依族的传统文化
599,传统干栏式 吊脚楼,面临替代建筑,砖瓦房
599,传统服饰、传统歌舞 、民风民俗及优秀民族传统文化,面临影响,外来时尚 文化的冲击和影响
599,积极申报桥头布依 族传统文化保护区,意义,开展保护和传承布依族 传统文化工作
600,水城傈 僳族村,位于,腾 冲县滇滩镇联 族村
600,水城傈僳族村,距县城距离,X公里
600,水城傈僳族 村,距村委会距离,Y 公里
600,水城 傈僳族村,东接,滇滩街子
600,水城傈僳族 村,南临,大 岭子村民小组
600,水城傈僳族村,西接,猴桥镇
600,水城傈 僳族村,北与接壤,缅甸
600,水城傈僳族村,国境线长度,Z公里
600,水城傈僳 族村,村民小组数量,N个
600,水城傈僳族村,户数,M户
600,水城傈僳族 村,人口,P人
600,水城傈 僳族村村民,民族,傈僳族
600,水城傈僳族村,坐落方向,座 西向东
600,水城傈僳族村,村落分布地形,缓坡地带
600,水城 傈僳族村前,土地 类型,平整的稻田
600,水城傈僳 族村后,植被覆盖类型,村有林
600,水城傈僳族 村森林覆盖率,达到比例,以上
600,水城傈僳族祖先,迁出地,片马、 古浪、岗房一带
600,水城傈僳 族祖先,迁入时间,清朝初年
600,水城傈僳族祖先,落籍地点,滇 滩水城
600,水城傈僳族祖先,落籍具体年份,清 康熙四年
600,水城傈僳族,保存 文化遗物,刻木记 事
600,刻 木记事,证明内容,水城傈僳族是腾 冲最早定居的傈僳族
600,水城傈 僳族,传统手工艺,织机和纺织工艺
600,水城傈僳 族妇女,掌握技术,刺绣技术
600,水城村,资源类型,竹类资源丰富
600,水城村,普遍手工艺,竹编
600,水城傈 僳族民居,与当地 汉族民居关系,大同小 异
600,水 城傈僳族传统建筑,已消失类型,木叉茅 草房
600,水城傈僳族妇女服饰,特点,造型和图案、 色彩搭配和选料独特
600,水城傈僳 族妇女服饰,外观特征,美观大方色彩斑斓
600,水城傈僳族 妇女服饰,与其他地区差异,很大差别
600,傈僳族传统文化,重要 组成部分,民间文学
600,水城傈僳族 舞蹈类型,包括,跳嘎 和三弦舞
600,水城傈僳族民间 绘画,所属创作队伍,腾冲农民画创作队伍
600,水城傈僳 族民间绘画作品,特点,题材丰富多样
600,水城傈僳族民间 绘画作品,风格特征,充满浓厚的生活气息、鲜明的时代特征 和民族特色
600,水城傈僳族民间绘画 作品,价值,具有较高的艺术 欣赏价值和收藏价值
600,水城傈僳族 民间节日,最盛大隆重的是,刀杆节
600,刀杆节精彩表演 项目,包括,上刀山 、下火海
600,水城村,历史 特点,历史悠久
600,水城村,自然环境 状况,自然生态环境良好
600,水城村,人地关系状态,人与自然 和谐相处
600,水城村,文化特点,文化底蕴深厚
600,水城村,区位 优势,明显
600,水城村,民族 风情特征,浓郁
600,水城村传统文化,涵盖方面,社会公德 生活起居节庆活动文艺体育宗教信仰 等
600,水 城村传统文化,地方民族特色 体现,极具地方民族特色
600,水城村 在傈僳族聚居区代表性,范围涉及,全县乃至 全市傈僳族聚居区
601,湾子苗 寨,民族 构成,纯苗 族
601,湾子苗寨,所属 行政区划,威信县 水田乡水田村民委员会湾 子村民小组
601,湾子苗寨,国土面积 单位,平方公里
601,湾子苗寨,海拔 范围,米至米
601,湾子苗寨,东经坐标,东经
601,湾子苗 寨,北纬坐标,北纬
601,湾 子苗寨,年平均温度,年平均温度
601,湾子苗寨,年降水量,年降水量
601,湾子苗 寨,森林覆盖率,达
601,湾子 苗寨,民族支系,白苗勐能
601,湾子苗寨语言 属性,属,汉藏 语系苗瑶语族苗语 支系
601,湾子苗寨居民交流方式,使用,本民族语言
601,湾子苗 寨文字情况,无,文字
601,湾 子苗寨建立时间,建 于,清代早期
601,湾子苗寨居民 姓氏,全为,陶 姓
601,湾 子苗寨祖籍来源,源于,湖广
601,湾子苗寨迁徙 历史,明朝时流落,本地
601,湾子苗寨主要产业,以,农耕为主
601,湾子苗寨传统 手工艺,包括,纺织
601,湾子苗 寨传统手工艺,包括,蜡染
601,湾子苗寨传统手工艺,包括,挑花
601,湾子苗寨传统 手工艺,包括,刺绣
601,湾子苗 寨自然环境特征,依山傍 水) 24. (湾 子苗寨植被类型,多为 原生林
601,湾子苗寨建筑风格,保持原始风貌) 26. (湾子苗寨特色建筑,有两栋老祖屋
601,老祖屋 建筑特点,采用人字形咬 合砌筑法古墙防洪设施 ) 28. (老祖 屋研究价值,对研究民 居建筑、村落有参考价值
601,湾子苗 寨传统文化特点,历史悠久) 30. (湾子苗寨 生活习俗保存状态,丰富且 完整
601,湾 子苗寨节庆活动保存状态,丰富且完整) 3 2. (湾子苗寨服饰 文化保存状态,丰富且完整
601,湾子 苗寨芦笙歌舞乐保存状态,丰富且完整) 3 4. (湾子苗寨民间 体育保存状态,丰富且完整
601,湾子 苗寨文化地位,作为威 信白苗典型聚居地) 36. (湾子苗 寨文化作用,有利于传统文化的 传承和保护
601,湾子苗寨文化影响力,对周边的苗族社会文化 有极大的辐射力) 38 . (湾子苗寨地理位置优势,地处县城至水田公路 边
601,湾 子苗寨交通条件评价,很好) 40. (湾 子苗寨境内资源,人文 景观众多
601,湾子苗寨境内特色,民族风情浓郁) 42. (湾子苗寨开发潜力,便于进行综合保护和开发
